sequence,architecture,VAE,DFF,selec_R6,control,row_number,reads,min_probability,max_probability,average_probability,LSTMAttentionModel_prob_1_model_650_rnd_650.h5,LSTMAttentionModel_prob_1_model_63_rnd_63.h5,LSTMAttentionModel_prob_1_model_349_rnd_349.h5,LSTMAttentionModel_prob_1_model_28_rnd_28.h5,LSTMAttentionModel_prob_1_model_564_rnd_564.h5,ConvLSTMModel_prob_1_model_84_rnd_84.h5,ConvLSTMModel_prob_1_model_39_rnd_39.h5,ConvLSTMModel_prob_1_model_28_rnd_28.h5,ConvLSTMModel_prob_1_model_89_rnd_89.h5,ConvLSTMModel_prob_1_model_676_rnd_676.h5,LSTMModel_prob_1_model_55_rnd_55.h5,LSTMModel_prob_1_model_45_rnd_45.h5,LSTMModel_prob_1_model_13_rnd_13.h5,LSTMModel_prob_1_model_73_rnd_73.h5,LSTMModel_prob_1_model_52_rnd_52.h5,DenseModel_prob_1_model_918_rnd_918.h5,DenseModel_prob_1_model_591_rnd_591.h5,DenseModel_prob_1_model_821_rnd_821.h5,DenseModel_prob_1_model_663_rnd_663.h5,DenseModel_prob_1_model_1856_rnd_1856.h5,ConvModel_prob_1_model_227_rnd_227.h5,ConvModel_prob_1_model_733_rnd_733.h5,ConvModel_prob_1_model_1629_rnd_1629.h5,ConvModel_prob_1_model_748_rnd_748.h5,ConvModel_prob_1_model_619_rnd_619.h5
AGGAAAGAACAGACCACG,dense,1.0,0.0,0.0,0.0,-1.0,-1.0,0.54077685,0.9980736,0.86455655,0.7322792,0.8787968,0.7959836,0.73030305,0.7975205,0.7456465,0.86745405,0.9008268,0.8611215,0.91020966,0.9980736,0.95502824,0.9728468,0.9628338,0.9404037,0.725406,0.8770997,0.54077685,0.92200243,0.875007,0.9027959,0.96465796,0.8722954,0.89872515,0.98581994
CGGACACGGCAACCTCCC,dense,1.0,0.0,0.0,0.0,-1.0,-1.0,0.2957302,0.94331706,0.65584165,0.4642179,0.61663204,0.6039503,0.45947242,0.54549026,0.6446392,0.6906543,0.768861,0.6941491,0.6704229,0.94331706,0.83318937,0.7916416,0.75171846,0.7926855,0.6377171,0.53195983,0.2957302,0.42990866,0.6796232,0.77691877,0.8269619,0.55624586,0.55212533,0.83780974
AGGAAACAGCAGCACACG,dense,1.0,0.0,0.0,0.0,-1.0,-1.0,0.4817358,0.9932807,0.81924003,0.68836653,0.84551835,0.76677,0.691326,0.7548832,0.7057722,0.80726206,0.82863075,0.75284344,0.8144421,0.9932807,0.90307504,0.9374612,0.9108052,0.8887163,0.6338025,0.86998546,0.4817358,0.86527246,0.91353804,0.89534956,0.96824586,0.8547369,0.76899266,0.94018996
CGGACACGGCAATCTCCC,dense,1.0,0.0,0.0,0.0,-1.0,-1.0,0.21590725,0.8909869,0.5708673,0.43499854,0.52159184,0.5508011,0.42538267,0.48951262,0.5778315,0.6375931,0.6967016,0.5918744,0.59237355,0.8909869,0.7800447,0.6339082,0.62561893,0.740913,0.54844815,0.4695243,0.21590725,0.4001505,0.6650604,0.688081,0.57671213,0.3628819,0.4802531,0.6745306
GAGGGACAGCAGATAGAG,dense,1.0,0.0,0.0,0.0,-1.0,-1.0,0.5386722,0.98188525,0.73776513,0.5915451,0.597,0.62420243,0.5403043,0.6075621,0.63819075,0.7866305,0.59740025,0.7667219,0.7370917,0.98188525,0.8256327,0.89068955,0.8685144,0.85518175,0.7518262,0.5386722,0.693901,0.75974137,0.8393845,0.8269884,0.79966164,0.7235019,0.79646164,0.8054343
GGAGGCGCACCGACAGCG,dense,1.0,0.0,0.0,0.0,-1.0,-1.0,0.38124865,0.9454877,0.66006297,0.43606326,0.4836781,0.44848523,0.38124865,0.4857026,0.60840684,0.6613727,0.46484032,0.5798338,0.63397694,0.9430764,0.6616948,0.8347013,0.7880518,0.7770904,0.40374723,0.711998,0.70237184,0.6804272,0.82194525,0.7877454,0.7817782,0.80791724,0.6699323,0.9454877
TTAAGCGTAACAGCAGTG,dense,1.0,0.0,0.0,0.0,-1.0,-1.0,0.31681597,0.79672873,0.5661929,0.45762062,0.41513237,0.47357908,0.45570147,0.4093683,0.6113924,0.6266296,0.5873031,0.47417083,0.6781231,0.79672873,0.6192518,0.68476534,0.74741185,0.7502459,0.31681597,0.40535337,0.65702105,0.52967113,0.7260395,0.6308606,0.63566273,0.73185396,0.38717186,0.34694654
GTAGGCGCGCCGATAGAG,dense,1.0,0.0,0.0,0.0,-1.0,-1.0,0.12059711,0.7980141,0.38341302,0.31711715,0.20684391,0.16760534,0.25041002,0.2934592,0.44685808,0.38411617,0.12059711,0.39329043,0.325373,0.27540374,0.28229573,0.19269869,0.3228484,0.24402432,0.35438916,0.39475062,0.40545025,0.5238139,0.705241,0.66199994,0.47634166,0.72084266,0.3215409,0.7980141
CGGACCGCGCCAGCTCTT,dense,1.0,0.0,0.0,0.0,-1.0,-1.0,0.2240369,0.5562559,0.37489212,0.30767593,0.33416775,0.32770586,0.2759584,0.37898728,0.49150142,0.37971485,0.31172162,0.30573064,0.37001052,0.44944236,0.42266563,0.36548635,0.36597145,0.40098268,0.45082572,0.4816229,0.2240369,0.28406855,0.3016346,0.37203294,0.5562559,0.35551405,0.40925837,0.44933027
TGCACCGCAACAGCAGTT,dense,1.0,0.0,0.0,0.0,-1.0,-1.0,0.45131722,0.91754806,0.6867983,0.45131722,0.600076,0.6044479,0.45459718,0.51019126,0.6956388,0.6713159,0.7627717,0.7217577,0.7378397,0.91754806,0.77430695,0.8627398,0.91091657,0.8334247,0.6457025,0.67001384,0.70864695,0.49481922,0.73307216,0.5419088,0.85241425,0.54352164,0.83314425,0.63782364
GCGGGAGAGCCGATAGAG,dense,1.0,0.0,0.0,0.0,-1.0,-1.0,0.29483867,0.9108843,0.6608379,0.43730795,0.34076416,0.29483867,0.3449656,0.42168373,0.5387178,0.64946914,0.32547784,0.7821589,0.63086957,0.88618016,0.7665776,0.63670224,0.76153153,0.69742024,0.7137245,0.590866,0.7183914,0.837886,0.8001387,0.85811746,0.8274251,0.8530479,0.9108843,0.8957999
AGGACCGCGCCAACTCCT,dense,1.0,0.0,0.0,0.0,-1.0,-1.0,0.29362103,0.89643276,0.56083864,0.44664338,0.57917637,0.5783067,0.44148347,0.5267345,0.57749224,0.539111,0.5334886,0.5474766,0.5613146,0.86512756,0.50461555,0.7424871,0.5405591,0.6043232,0.41117,0.54031813,0.29362103,0.4530626,0.3709688,0.62486327,0.75512403,0.5398694,0.5471969,0.89643276
AGGAAACACCAGCCTACG,dense,1.0,0.0,0.0,0.0,-1.0,-1.0,0.46920076,0.9865752,0.78960806,0.637752,0.8133516,0.7419617,0.64466244,0.70016336,0.700838,0.7632031,0.8667927,0.7053126,0.7444449,0.9865752,0.8511152,0.93541247,0.8792781,0.8684062,0.6415953,0.7453593,0.46920076,0.8306663,0.8664409,0.86966306,0.9586345,0.83862764,0.7179714,0.9627745
GAGGGACAGCAGCTGGAG,dense,1.0,0.0,0.0,0.0,-1.0,-1.0,0.32308844,0.8982908,0.55698854,0.468264,0.4192285,0.3773835,0.3967249,0.46090776,0.48305556,0.55518186,0.34064612,0.3781655,0.47954422,0.8982908,0.6951728,0.68152577,0.5875748,0.63637453,0.64717656,0.46514267,0.60331506,0.64320445,0.7295396,0.799036,0.5740507,0.6636386,0.32308844,0.61848223
TGCAACGCAACAACAGTG,dense,1.0,0.0,0.0,0.0,-1.0,-1.0,0.58721936,0.9848734,0.81474984,0.58721936,0.77599066,0.7222877,0.5947777,0.6448692,0.75102293,0.8144137,0.9079654,0.8459857,0.8666918,0.9848734,0.8978249,0.94574255,0.9639634,0.9221009,0.611508,0.71728563,0.7349039,0.79792243,0.8722789,0.768877,0.9555394,0.8056202,0.92624336,0.952837
CGGACACGGCAGTCTCCC,dense,1.0,0.0,0.0,0.0,-1.0,-1.0,0.22114663,0.6797655,0.45049512,0.36301446,0.38231313,0.39208698,0.33799788,0.40360475,0.49798408,0.4948445,0.4879903,0.35104772,0.42874634,0.60892767,0.5989004,0.26267335,0.3138791,0.43641555,0.54806846,0.38863596,0.22114663,0.5393375,0.6797655,0.6372638,0.46515533,0.39299133,0.36851653,0.6610721
AGGGGACAGCAGACCAAG,dense,1.0,0.0,0.0,0.0,-1.0,-1.0,0.49616498,0.988971,0.7863871,0.6128927,0.6989732,0.6921589,0.5767682,0.6627714,0.6748949,0.8136237,0.6696663,0.8213203,0.80434716,0.988971,0.896072,0.9322253,0.8868347,0.8759865,0.83954453,0.729856,0.49616498,0.87557966,0.9027281,0.84112495,0.86327314,0.8641819,0.7144089,0.9253093
TGAAGCGCAACGACAGTG,dense,1.0,0.0,0.0,0.0,-1.0,-1.0,0.52556163,0.9709236,0.7420678,0.53766125,0.62341774,0.6388053,0.5294177,0.5657999,0.6593391,0.7277033,0.7096168,0.7678843,0.75737476,0.9709236,0.80788034,0.90330774,0.9088584,0.8546792,0.52556163,0.6966419,0.6739385,0.842317,0.80032086,0.73860323,0.8783517,0.81114477,0.7041358,0.9180121
GCGGGCGAGCCGATAGAG,dense,1.0,0.0,0.0,0.0,-1.0,-1.0,0.19322337,0.90652287,0.59245676,0.34863853,0.25548035,0.19322337,0.2597368,0.3438253,0.48801664,0.54117954,0.24860497,0.6846922,0.5669045,0.659996,0.61768246,0.40863022,0.65354466,0.51061445,0.6313153,0.7190003,0.7068503,0.81522596,0.74866545,0.88404083,0.8484786,0.8810539,0.90652287,0.8894958
AGGAAACGGCAGCCTACA,dense,1.0,0.0,0.0,0.0,-1.0,-1.0,0.21623325,0.96582305,0.69864416,0.6004914,0.7066037,0.68712205,0.59346235,0.64827037,0.6003397,0.6512415,0.6375686,0.5859638,0.61411303,0.96582305,0.77873254,0.8061274,0.650695,0.6930009,0.6654869,0.68533605,0.21623325,0.7760512,0.7933925,0.90409416,0.90673864,0.8141502,0.5652922,0.9197746
AGGACCGGGCAACCTCCC,dense,1.0,0.0,0.0,0.0,-1.0,-1.0,0.3065522,0.9079721,0.58506846,0.46008986,0.54947215,0.56052595,0.44550553,0.5239819,0.5978729,0.60944456,0.59817,0.68526655,0.58137935,0.9079721,0.62269175,0.6076421,0.5203485,0.5601531,0.3835634,0.648447,0.3065522,0.44698986,0.46741208,0.7836343,0.8021677,0.55705464,0.55046445,0.8499096
TGCAACGCAACAGCAGTG,dense,1.0,0.0,0.0,0.0,-1.0,-1.0,0.45558378,0.9670738,0.7553175,0.53057396,0.6913616,0.6659941,0.538135,0.5798256,0.7098258,0.74182326,0.8472647,0.7615636,0.8035838,0.9670738,0.85019,0.90860695,0.93459135,0.8858573,0.45558378,0.71225095,0.77508724,0.6877862,0.83618337,0.69163865,0.9403487,0.71895003,0.86175126,0.7870861
CGGAACGCACCAACCGTT,dense,1.0,0.0,0.0,0.0,-1.0,-1.0,0.5112418,0.9700038,0.76029605,0.52545965,0.7085878,0.67096466,0.52326,0.60177445,0.6902338,0.7521722,0.864616,0.7341094,0.79928064,0.9700038,0.85609055,0.92907614,0.915678,0.8852415,0.6005782,0.75530124,0.5112418,0.7795246,0.5884402,0.801281,0.9457467,0.82265174,0.83020747,0.9458766
AGGAACGCACCAACCGCG,dense,1.0,0.0,0.0,0.0,-1.0,-1.0,0.38282064,0.98306745,0.7728969,0.6096225,0.78680384,0.7246625,0.61352634,0.68198645,0.6984048,0.7511032,0.8525963,0.72552466,0.79542714,0.98306745,0.80994177,0.93634236,0.8970277,0.86779976,0.38282064,0.7678982,0.54842824,0.7722865,0.73001087,0.84942114,0.95275265,0.83228284,0.7778172,0.97486806
AGGAAACAGCAGCATACG,dense,1.0,0.0,0.0,0.0,-1.0,-1.0,0.4953835,0.99218315,0.8200093,0.67743504,0.8182728,0.7525367,0.67456037,0.73534125,0.6917397,0.79100806,0.78000396,0.7665741,0.7940541,0.99218315,0.8934091,0.92965275,0.9101692,0.87992394,0.67513305,0.83436024,0.4953835,0.8719092,0.93876153,0.9296002,0.9758952,0.89701843,0.84128106,0.9540256
AGGAAACAGCAGCCTACG,dense,1.0,0.0,0.0,0.0,-1.0,-1.0,0.3837433,0.98744607,0.7845679,0.6429291,0.7843189,0.7287078,0.64471376,0.69895536,0.6683444,0.7389038,0.74579465,0.69322854,0.7345554,0.98744607,0.87995476,0.9124753,0.84693855,0.85186183,0.6586529,0.76417994,0.3837433,0.89825475,0.905766,0.918973,0.96473897,0.85556835,0.7587099,0.94648045
CGGATCCGGCAATCTCCT,dense,1.0,0.0,0.0,0.0,-1.0,-1.0,0.2703035,0.841486,0.51651365,0.31547856,0.2703035,0.3086462,0.28992826,0.3492483,0.48084056,0.48332083,0.32796857,0.3905132,0.4848973,0.5986558,0.67358625,0.3597688,0.4527994,0.62386507,0.65744483,0.6005443,0.3766075,0.55318886,0.74587697,0.841486,0.78409666,0.58295846,0.6314447,0.72937214
GGAAGCGCAACGACAGTG,dense,1.0,0.0,0.0,0.0,-1.0,-1.0,0.54156214,0.9852402,0.7533556,0.580071,0.67955786,0.6756956,0.5580364,0.62995285,0.67033905,0.74090266,0.7551001,0.78017145,0.7773885,0.9852402,0.82753223,0.9182673,0.9241492,0.87945217,0.54156214,0.67530185,0.58616734,0.7214593,0.8259275,0.73678136,0.8784419,0.81249624,0.76782924,0.90606815
GAGGGACAGCAGATAAAG,dense,1.0,0.0,0.0,0.0,-1.0,-1.0,0.5331127,0.9895794,0.7506792,0.63897645,0.67271006,0.69936746,0.5933678,0.66423494,0.6411849,0.7979082,0.6439073,0.7873373,0.7598689,0.9895794,0.87099713,0.9195686,0.90656996,0.8840797,0.8323036,0.5331127,0.6447755,0.74691015,0.6792231,0.83580625,0.8315122,0.6862135,0.76100457,0.74645823
GCGGGACAGCCGATAGAG,dense,1.0,0.0,0.0,0.0,-1.0,-1.0,0.3720607,0.9189161,0.710701,0.43701252,0.41918147,0.4067049,0.3720607,0.45406446,0.6064369,0.7049253,0.5719016,0.76469433,0.66067713,0.91523844,0.7834925,0.76397336,0.78715247,0.798077,0.812849,0.6032502,0.7733146,0.7754695,0.89632714,0.8587311,0.9042169,0.8780774,0.9189161,0.90078115
AGGACCGGGCCACCTCCC,dense,1.0,0.0,0.0,0.0,-1.0,-1.0,0.27010435,0.8439967,0.48486492,0.39155927,0.46588403,0.46257696,0.37355098,0.463027,0.56319916,0.540412,0.4618064,0.47675765,0.4614794,0.77019715,0.44709623,0.42563662,0.29426765,0.3824232,0.33367512,0.54900056,0.27010435,0.37898794,0.30593958,0.7549954,0.7250876,0.57614344,0.40381718,0.8439967
GAGGGACAGCAGCGCGAG,dense,1.0,0.0,0.0,0.0,-1.0,-1.0,0.25182465,0.94138813,0.5853919,0.496664,0.5108744,0.465576,0.43263102,0.5228158,0.56993353,0.61192894,0.38620982,0.5737979,0.5279441,0.94138813,0.73601013,0.772925,0.6247623,0.6731789,0.72717613,0.4689002,0.6098766,0.40634367,0.78048265,0.6660785,0.4917365,0.77085555,0.25182465,0.61488307
TGGACCGCGCCAGCCGTT,dense,1.0,0.0,0.0,0.0,-1.0,-1.0,0.17168885,0.63453096,0.38153073,0.27751234,0.25599578,0.22744903,0.24239445,0.3226779,0.5365056,0.36469215,0.2693491,0.39598262,0.376055,0.35182905,0.42649317,0.3374606,0.34268072,0.39617968,0.33794856,0.63453096,0.38999942,0.49084204,0.17168885,0.42386034,0.5906432,0.50662166,0.33034092,0.5385342
AGGAAACGGCAGCCTCCA,dense,1.0,0.0,0.0,0.0,-1.0,-1.0,0.2141437,0.9531516,0.65160835,0.56639755,0.6705303,0.6547593,0.5615118,0.6156976,0.58358544,0.573405,0.5795903,0.5228069,0.54552984,0.9531516,0.74176705,0.7531526,0.52003247,0.64605796,0.5464149,0.6359004,0.2141437,0.7066795,0.8004694,0.8425891,0.8831486,0.7728964,0.4823953,0.91759473
AGGAAACACCAGACCACG,dense,1.0,0.0,0.0,0.0,-1.0,-1.0,0.4324171,0.99294925,0.8198384,0.682542,0.8679579,0.78024346,0.6952671,0.7535456,0.7411039,0.8355144,0.90354854,0.8078388,0.8463241,0.99294925,0.88779783,0.9560346,0.9272758,0.8998888,0.6625693,0.81876767,0.4324171,0.8535298,0.83841527,0.80718666,0.94686985,0.8040921,0.77794236,0.9763396
CGGATCGGGTCAGCTCTT,dense,1.0,0.0,0.0,0.0,-1.0,-1.0,0.04852135,0.60661525,0.28410247,0.228147,0.10373783,0.089361735,0.17999554,0.21787852,0.32258365,0.28385958,0.14935035,0.16682139,0.2940517,0.066963,0.21277624,0.04852135,0.13727231,0.101796225,0.5310605,0.44730255,0.28205124,0.40192378,0.35360873,0.5720351,0.60661525,0.52358365,0.4197304,0.36153358
AGGAACGAACAAACCCCG,dense,1.0,0.0,0.0,0.0,-1.0,-1.0,0.548672,0.9971257,0.8393581,0.7001838,0.8758594,0.78967255,0.70788074,0.7703476,0.75006974,0.84264445,0.90072125,0.83285,0.8903619,0.9971257,0.9455497,0.9733532,0.96566254,0.9400592,0.548672,0.8469666,0.59157515,0.80619687,0.75256675,0.8562804,0.97585684,0.8447078,0.9027586,0.97602546
CGGGCACGGCAGTGTGCA,dense,1.0,0.0,0.0,0.0,-1.0,-1.0,0.09337347,0.75338817,0.32014957,0.27358595,0.17896153,0.12508284,0.2094692,0.26540944,0.35160685,0.34008157,0.14258917,0.21847619,0.3303937,0.14562716,0.42115158,0.09337347,0.25375617,0.14641415,0.664035,0.41194382,0.33454168,0.35019758,0.75338817,0.6427884,0.12876604,0.5227258,0.27108476,0.4282885
GGGAACGCAACGACAGCG,dense,1.0,0.0,0.0,0.0,-1.0,-1.0,0.54369134,0.99177235,0.8089367,0.5949345,0.7145847,0.6934939,0.57326895,0.65218556,0.7301115,0.77754414,0.8747448,0.82530546,0.8440224,0.99177235,0.9092582,0.945132,0.94175243,0.91963714,0.54369134,0.7751156,0.6771884,0.755819,0.84699655,0.86860144,0.964668,0.8724683,0.95315,0.9779704
AGGACCCGGCAACCTCCC,dense,1.0,0.0,0.0,0.0,-1.0,-1.0,0.30276084,0.89765775,0.60733706,0.46217272,0.6111681,0.5974534,0.46082532,0.54510903,0.6146216,0.6202131,0.6333225,0.66475725,0.59215844,0.89765775,0.6414126,0.70907956,0.5611173,0.6278174,0.3666404,0.66546696,0.30276084,0.4030128,0.6526129,0.7822505,0.8505537,0.53325206,0.5883783,0.799614
CGGATCCGGTAACCTCCT,dense,1.0,0.0,0.0,0.0,-1.0,-1.0,0.23098654,0.910243,0.51789606,0.31211627,0.25231144,0.2909714,0.28666493,0.33705965,0.5219519,0.5166752,0.40138483,0.4086751,0.5060901,0.51849955,0.56407595,0.23098654,0.36675608,0.5936747,0.6322736,0.642689,0.43759423,0.5626822,0.7579129,0.8371655,0.910243,0.69029176,0.6716572,0.6969972
GCAGGACAGCCGATAGAG,dense,1.0,0.0,0.0,0.0,-1.0,-1.0,0.48383567,0.9365922,0.70288765,0.51661956,0.58739394,0.6091618,0.49338406,0.56140774,0.60796565,0.70167977,0.54800475,0.7106898,0.6246066,0.9365922,0.7013124,0.7828295,0.75544596,0.76096934,0.76932806,0.48383567,0.7074283,0.7268942,0.88348603,0.79725903,0.819479,0.8438703,0.781705,0.86084294
CGGATACGGCAATCTCCC,dense,1.0,0.0,0.0,0.0,-1.0,-1.0,0.25868568,0.8478828,0.5798334,0.39847907,0.3770272,0.43533215,0.37767473,0.40601772,0.55233085,0.60241514,0.4976966,0.51091343,0.56716764,0.8478828,0.797294,0.54517996,0.57510597,0.7413623,0.64010507,0.5353934,0.25868568,0.60731554,0.75302774,0.7791516,0.6794198,0.590172,0.5982042,0.8224783
GCAGGCGCGCCGATAGAG,dense,1.0,0.0,0.0,0.0,-1.0,-1.0,0.16805139,0.83389693,0.46169987,0.3509661,0.32299423,0.2723067,0.29219338,0.38010988,0.43671405,0.38473657,0.16805139,0.43362603,0.37676203,0.36899242,0.2918232,0.23202477,0.36430073,0.25862932,0.48375672,0.5968443,0.5569414,0.66366756,0.73569816,0.74713326,0.62412924,0.797565,0.56863165,0.83389693
AGGAAACAGCAGACCACG,dense,1.0,0.0,0.0,0.0,-1.0,-1.0,0.36609122,0.9935679,0.8226231,0.6917795,0.8483447,0.7688526,0.6953075,0.7580527,0.7148385,0.82578677,0.8414981,0.80199665,0.8443395,0.9935679,0.9092653,0.9413444,0.9152873,0.89410913,0.6816298,0.83178186,0.36609122,0.9089137,0.8878478,0.87856483,0.9556204,0.8266422,0.8177447,0.96637046
AGGATCTGGCAACCTCCT,dense,1.0,0.0,0.0,0.0,-1.0,-1.0,0.22328179,0.88852423,0.5158976,0.37813538,0.31948444,0.37288314,0.35555276,0.3692129,0.4309079,0.41909268,0.22328179,0.30808783,0.47439,0.6886519,0.56295395,0.41965708,0.35262033,0.54070604,0.5030013,0.65937686,0.39012128,0.5603383,0.6306655,0.88852423,0.8801695,0.736122,0.58487606,0.8486244
GCGGGACAGCAGATAGAG,dense,1.0,0.0,0.0,0.0,-1.0,-1.0,0.44611272,0.96977454,0.7728096,0.50973934,0.5025317,0.52341163,0.44611272,0.52787745,0.6348504,0.7861795,0.63514996,0.8003001,0.7638625,0.96977454,0.87678736,0.8573685,0.90111876,0.87552756,0.8449202,0.7194321,0.7893046,0.8721095,0.93860126,0.88770807,0.9236872,0.8783008,0.94796324,0.9076232
AGGGGACAGCAGCGTAAG,dense,1.0,0.0,0.0,0.0,-1.0,-1.0,0.43682024,0.95557505,0.7038379,0.5209791,0.50620025,0.50597495,0.4579528,0.5320478,0.5883509,0.6740402,0.43682024,0.71823376,0.6425861,0.95557505,0.7968791,0.828162,0.737548,0.73526466,0.85669285,0.66227615,0.5847838,0.7750475,0.91018885,0.8633195,0.88768303,0.9091293,0.62750834,0.8827024
CGGACACGGCGGTGTCCC,dense,1.0,0.0,0.0,0.0,-1.0,-1.0,0.048714146,0.5654335,0.24694544,0.2703662,0.20775355,0.15049945,0.22626162,0.28110188,0.30846336,0.2931357,0.20915002,0.20161642,0.25388208,0.070725486,0.2558929,0.053811528,0.10603865,0.048714146,0.5080385,0.23901714,0.20724866,0.3123402,0.5654335,0.3555809,0.16186899,0.3251374,0.19149458,0.37006322
GTAGGGGCGCCGATAGAG,dense,1.0,0.0,0.0,0.0,-1.0,-1.0,0.10745655,0.70238185,0.34041992,0.31073102,0.15611187,0.10745655,0.22234152,0.25769845,0.4535253,0.41752443,0.14448231,0.4246654,0.33687764,0.2243412,0.2587006,0.13372327,0.30560875,0.14706913,0.3582124,0.26456237,0.31751254,0.4675075,0.70238185,0.5395984,0.3727219,0.63981104,0.26029277,0.68704003
AGGAAAGACCAGACCACG,dense,1.0,0.0,0.0,0.0,-1.0,-1.0,0.4124414,0.9950045,0.8132235,0.69477963,0.84784955,0.7688459,0.6974011,0.7601878,0.71888435,0.8388104,0.8663232,0.8452353,0.85154575,0.9950045,0.8950443,0.956367,0.92365,0.9021487,0.64485157,0.8508897,0.4124414,0.8884176,0.7198871,0.82043433,0.9039262,0.785678,0.7664615,0.97552264
GGGGGACAGCAGACAGAG,dense,1.0,0.0,0.0,0.0,-1.0,-1.0,0.44820505,0.98912257,0.7926228,0.5374168,0.53132325,0.51307946,0.44820505,0.55572176,0.69755983,0.8163627,0.7281618,0.83390456,0.8258577,0.98912257,0.9269645,0.9330937,0.9263317,0.91386193,0.843426,0.6934771,0.7284566,0.8344291,0.93945986,0.8824467,0.921247,0.9075099,0.92504984,0.9631028
AGGAACCAGCAAACTCCG,dense,1.0,0.0,0.0,0.0,-1.0,-1.0,0.4929327,0.9893797,0.7954544,0.64495575,0.81596124,0.7469452,0.65016496,0.7101882,0.6975758,0.77184045,0.8330295,0.7337674,0.8030096,0.9893797,0.8894093,0.93644327,0.9227472,0.8954216,0.5101143,0.80781454,0.4929327,0.7384426,0.8617954,0.8801099,0.9683745,0.77876043,0.8654077,0.9417668
AGGAACGAACCAACCACG,dense,1.0,0.0,0.0,0.0,-1.0,-1.0,0.57512313,0.99565154,0.83248323,0.68358755,0.8639721,0.7797779,0.6932676,0.75440794,0.7351319,0.843426,0.90728587,0.8204652,0.89156914,0.99565154,0.9261424,0.9679372,0.95565647,0.9267204,0.62344265,0.84777516,0.57512313,0.80072993,0.6197504,0.90923387,0.9706842,0.86307675,0.8835159,0.97374874
CGGATTCGGTGATCTCCT,dense,1.0,0.0,0.0,0.0,-1.0,-1.0,0.023493694,0.6613871,0.25848716,0.19429135,0.06986427,0.06436561,0.15819411,0.18859087,0.19940455,0.21132754,0.043863457,0.092237435,0.23887065,0.042160545,0.20678931,0.023493694,0.080937535,0.079763174,0.51902086,0.2524852,0.33023348,0.44964474,0.6613871,0.58328277,0.58446497,0.44844654,0.50024146,0.23881756
TGCACCGCAACAGCCGTT,dense,1.0,0.0,0.0,0.0,-1.0,-1.0,0.40433624,0.8801007,0.6159781,0.40803397,0.5496139,0.555729,0.40614715,0.47345147,0.6764919,0.622547,0.7133315,0.68789494,0.6776516,0.8801007,0.74668425,0.8203245,0.8506165,0.78568906,0.58323663,0.6377042,0.63191944,0.45184654,0.40722233,0.40433624,0.7365031,0.49532926,0.611263,0.5857847
AGGAACGAACAGACCACG,dense,1.0,0.0,0.0,0.0,-1.0,-1.0,0.569956,0.9956405,0.85259527,0.69159955,0.84721,0.76987684,0.69415367,0.75817883,0.73214334,0.85759646,0.89364165,0.82486767,0.8921726,0.9956405,0.9286059,0.95996016,0.9510576,0.91840607,0.67459506,0.91912085,0.569956,0.9066836,0.84269726,0.9194359,0.97360593,0.89036113,0.919489,0.98382866
GTAGGCGTGACGATAGAG,dense,1.0,0.0,0.0,0.0,-1.0,-1.0,0.12930337,0.71541893,0.38155362,0.35606688,0.16683975,0.15257649,0.27483684,0.2703677,0.3963935,0.4840388,0.14305525,0.4786919,0.47503874,0.2687157,0.29714304,0.12930337,0.34897152,0.28526163,0.35481918,0.28753436,0.52519774,0.5030162,0.632876,0.71541893,0.39401078,0.6820053,0.3161032,0.6005583
CGGACACGGCAGCATCCA,dense,1.0,0.0,0.0,0.0,-1.0,-1.0,0.28991157,0.8981726,0.6200798,0.45757356,0.56656075,0.57312924,0.44601578,0.52507526,0.58118457,0.6162753,0.5369043,0.5356312,0.5510063,0.8981726,0.7483688,0.63329417,0.6623346,0.6632522,0.67591864,0.49626905,0.28991157,0.4995666,0.79720956,0.77175456,0.8311145,0.7328183,0.5535512,0.8591024
AGGACACGGCAACCTCCC,dense,1.0,0.0,0.0,0.0,-1.0,-1.0,0.21418002,0.95784354,0.6469185,0.5420629,0.6870589,0.6598111,0.53987557,0.6060605,0.6508145,0.6902457,0.74876773,0.7032867,0.6611019,0.95784354,0.76330554,0.8161635,0.6804927,0.73874325,0.47360498,0.5517392,0.21418002,0.42241955,0.6618519,0.76923496,0.79497147,0.53088325,0.46910492,0.8393365
CGGACACGGCAGCATACA,dense,1.0,0.0,0.0,0.0,-1.0,-1.0,0.31062448,0.92525625,0.6698292,0.49507818,0.6082293,0.61369956,0.48360333,0.5595105,0.59584785,0.6935685,0.5935454,0.5992432,0.61881024,0.92525625,0.7854758,0.71283114,0.77241695,0.7124911,0.7434969,0.60750943,0.31062448,0.52438825,0.77727,0.85949546,0.86751884,0.7939019,0.62796605,0.86394864
AGGACCGCGCCAACCCCT,dense,1.0,0.0,0.0,0.0,-1.0,-1.0,0.28749788,0.8912758,0.56480706,0.4723681,0.6416733,0.610191,0.46675944,0.5661683,0.59945226,0.56031936,0.53327,0.6082164,0.57950103,0.8912758,0.5449851,0.7758727,0.5435373,0.63301486,0.3717846,0.55497056,0.30326235,0.56117195,0.28749788,0.49332842,0.7158434,0.502544,0.434757,0.8684112
AGGACACGGCAGCCTCCA,dense,1.0,0.0,0.0,0.0,-1.0,-1.0,0.15254727,0.87650436,0.54637897,0.48251048,0.58879995,0.5873753,0.4767539,0.54405975,0.55584145,0.5257554,0.44311285,0.44077381,0.45077452,0.87650436,0.6106299,0.58807814,0.3945419,0.49084595,0.5203989,0.48929277,0.15254727,0.49810064,0.7004791,0.7359231,0.71663785,0.600503,0.34974363,0.83949095
CGGACACGGCAGCCTCCC,dense,1.0,0.0,0.0,0.0,-1.0,-1.0,0.30234212,0.8429631,0.5482995,0.39130735,0.48680755,0.4857221,0.37738594,0.4650984,0.5542855,0.53025055,0.47986442,0.42945945,0.46226758,0.8293802,0.69984126,0.4905255,0.44613656,0.5739655,0.6394853,0.43545035,0.30234212,0.5178861,0.73519194,0.74933654,0.7637729,0.5954702,0.423291,0.8429631
GCGGGACAGCAGTGTGAG,dense,1.0,0.0,0.0,0.0,-1.0,-1.0,0.18893139,0.91342497,0.54114074,0.3586286,0.23792413,0.18893139,0.2742231,0.31821582,0.4536331,0.5098788,0.28122368,0.4380899,0.50049835,0.6120109,0.6869192,0.37404388,0.57246983,0.53268754,0.8168521,0.59437746,0.61434364,0.68217504,0.91342497,0.7683914,0.6250987,0.864763,0.719409,0.5903041
TGAAACGCAACAGCAGTG,dense,1.0,0.0,0.0,0.0,-1.0,-1.0,0.34061396,0.9807896,0.7351754,0.60503566,0.75755966,0.7145914,0.6143289,0.6462271,0.7097042,0.74714696,0.84174156,0.6709593,0.7895419,0.9807896,0.85014665,0.9259511,0.9326762,0.88641614,0.34061396,0.6885798,0.61605746,0.7431689,0.78771615,0.6725773,0.90311646,0.71078295,0.58769697,0.65626043
AGGAACGAACAAACCACG,dense,1.0,0.0,0.0,0.0,-1.0,-1.0,0.5943416,0.9977984,0.86284465,0.7162416,0.88905036,0.8041912,0.7250484,0.78982073,0.7592797,0.8679297,0.9142608,0.8479306,0.90704757,0.9977984,0.95195216,0.977789,0.9745685,0.9459353,0.65294135,0.903877,0.5943416,0.896549,0.7871349,0.9204298,0.9809641,0.8623009,0.92590547,0.9778286
CGGACACGGCAATCTCCT,dense,1.0,0.0,0.0,0.0,-1.0,-1.0,0.2980298,0.8803817,0.57325554,0.42842898,0.49859145,0.5401037,0.41535443,0.47490126,0.5778315,0.6375931,0.6967016,0.5918744,0.59237355,0.8803817,0.7790033,0.65157795,0.623802,0.74797654,0.6331766,0.4439816,0.2980298,0.3717406,0.6425159,0.6998929,0.6072441,0.35829836,0.49776387,0.64224887
GAGGGACAGCAGATGGAG,dense,1.0,0.0,0.0,0.0,-1.0,-1.0,0.43432903,0.9491724,0.6477997,0.5309851,0.49046758,0.4768568,0.46256736,0.5265061,0.546526,0.70338184,0.43432903,0.6477258,0.6384338,0.9491724,0.7440877,0.79496753,0.7634933,0.7381466,0.69577265,0.5795644,0.5769628,0.75525373,0.73190886,0.80439824,0.6027079,0.6808474,0.54300326,0.7769258
GAGGGACAGCAGCTAGAG,dense,1.0,0.0,0.0,0.0,-1.0,-1.0,0.4348273,0.9669817,0.6689744,0.530586,0.5258816,0.5397997,0.47621912,0.5439868,0.5807042,0.6905021,0.5240942,0.58555275,0.60723746,0.9669817,0.7864076,0.83832604,0.747984,0.80252004,0.7168875,0.4348273,0.7238247,0.68051565,0.82976353,0.82176805,0.78107274,0.70936227,0.62121797,0.65833473
AGGACCGGGCCACCTCCT,dense,1.0,0.0,0.0,0.0,-1.0,-1.0,0.28821197,0.82438487,0.4867784,0.3854827,0.44248447,0.4469845,0.36268783,0.44826216,0.56319916,0.540412,0.4618064,0.47675765,0.4614794,0.7424466,0.44383186,0.44636607,0.29260775,0.3840678,0.40074882,0.54051846,0.34897518,0.36623,0.28821197,0.76701874,0.7484489,0.5754547,0.41059196,0.82438487
TGCAACGCAACAGCCGTT,dense,1.0,0.0,0.0,0.0,-1.0,-1.0,0.4847518,0.9458377,0.6952435,0.4847518,0.6364239,0.6283101,0.48833835,0.53288,0.6897119,0.70171267,0.814148,0.7318985,0.7598747,0.9458377,0.8267384,0.8848364,0.8920076,0.85085255,0.5229917,0.68907374,0.64712805,0.63539875,0.5075865,0.57760704,0.87825394,0.67792106,0.68326575,0.69353956
GGGAACGCACCAACCGCG,dense,1.0,0.0,0.0,0.0,-1.0,-1.0,0.4276979,0.9867165,0.7728621,0.5494398,0.7034412,0.6712022,0.5402946,0.6215154,0.70135975,0.74860466,0.8644156,0.7352434,0.8074437,0.9867165,0.88365865,0.9467384,0.92117596,0.9132721,0.4276979,0.7631271,0.6619302,0.7082423,0.6583887,0.8602477,0.9587678,0.8547684,0.85826916,0.9755913
AGGATCTGGTAACCTCCT,dense,1.0,0.0,0.0,0.0,-1.0,-1.0,0.13483597,0.8591676,0.425051,0.3436543,0.20245826,0.25415123,0.31335208,0.30172217,0.37919402,0.37514117,0.20459901,0.21507314,0.41402116,0.32330126,0.32288027,0.13483597,0.17967823,0.38329557,0.5021594,0.5989273,0.39059013,0.57742935,0.6433099,0.8367119,0.8591676,0.6653911,0.5458449,0.6593829
AGGATCTGGTCACCTCCT,dense,1.0,0.0,0.0,0.0,-1.0,-1.0,0.0841817,0.8415866,0.35396,0.28048453,0.15778746,0.18046111,0.2546108,0.27806678,0.3129936,0.2867522,0.13181081,0.11546642,0.29081795,0.16227208,0.21347141,0.0841817,0.09530369,0.2174294,0.4663837,0.49581903,0.3838571,0.5038675,0.44493955,0.8415866,0.8261202,0.69245833,0.46446684,0.66759175
CGGACCGCGCCACCTCTC,dense,1.0,0.0,0.0,0.0,-1.0,-1.0,0.21860507,0.7344865,0.49234068,0.33849186,0.41322374,0.4210807,0.31045386,0.42473516,0.5611781,0.4854842,0.47178116,0.42536393,0.44096157,0.7289946,0.56698376,0.5553682,0.46602792,0.5877433,0.47034457,0.5619404,0.21860507,0.49092263,0.45696947,0.50983846,0.7058068,0.46724677,0.49448723,0.7344865
TGAAACGCAACGACAGTG,dense,1.0,0.0,0.0,0.0,-1.0,-1.0,0.51919585,0.98093927,0.776199,0.60315424,0.75201946,0.7122542,0.6129358,0.6438916,0.71662396,0.7688703,0.8566059,0.7680018,0.7949803,0.98093927,0.84578764,0.9214856,0.928164,0.8773943,0.51919585,0.709545,0.5853957,0.840481,0.8004525,0.7467054,0.92784065,0.81438315,0.7401452,0.9377198
CGGGGACGGCAGTGTGCA,dense,1.0,0.0,0.0,0.0,-1.0,-1.0,0.08339415,0.8427115,0.36564586,0.27282813,0.13525584,0.08339415,0.19014558,0.23275132,0.34638703,0.38260502,0.17637996,0.2949307,0.37404525,0.1464243,0.45788673,0.08436036,0.26221105,0.13755055,0.70652306,0.48975337,0.45682347,0.43330306,0.8427115,0.7451631,0.25578013,0.6984668,0.3865474,0.5489193
GGAGGCGCGACGATAGAG,dense,1.0,0.0,0.0,0.0,-1.0,-1.0,0.2881979,0.8466037,0.58329296,0.43097752,0.33479932,0.2881979,0.3394491,0.41812775,0.517716,0.6551953,0.33661756,0.7292691,0.60989994,0.81636393,0.5620701,0.5038676,0.6740769,0.5398404,0.44878381,0.5934792,0.64575726,0.7392929,0.7945374,0.7292189,0.7341615,0.723575,0.5704447,0.8466037
CGGACACGGCAGTGTCCC,dense,1.0,0.0,0.0,0.0,-1.0,-1.0,0.16872357,0.7319958,0.40262368,0.34824163,0.3297829,0.3075697,0.31141156,0.36439013,0.43119934,0.43368876,0.33364403,0.3039567,0.39679557,0.3778082,0.47539553,0.16872357,0.26489207,0.246214,0.6156006,0.37558016,0.26356524,0.4885587,0.7319958,0.59610444,0.46010178,0.46906716,0.35812965,0.6131746
AGGACCGGGCAAACTCCT,dense,1.0,0.0,0.0,0.0,-1.0,-1.0,0.3803317,0.94122064,0.6245877,0.51355886,0.59475756,0.6152186,0.4952166,0.56621015,0.59361786,0.6489438,0.61049104,0.65481436,0.63385594,0.94122064,0.67396057,0.7422407,0.7062215,0.662136,0.444025,0.61170685,0.3803317,0.4888936,0.405536,0.7513462,0.7862105,0.5571564,0.6386123,0.898411
GGCAACGCAACGACAGTG,dense,1.0,0.0,0.0,0.0,-1.0,-1.0,0.56919277,0.9831892,0.7922341,0.5739648,0.7268573,0.69297767,0.56919277,0.6397414,0.72518355,0.7749126,0.8783902,0.8248052,0.8162708,0.9831892,0.8636172,0.9185359,0.9388081,0.89699924,0.65433156,0.711326,0.65870076,0.6817615,0.86417294,0.7381871,0.9496272,0.82854146,0.93933296,0.9564205
GAGGGACAGCAGAGCAAG,dense,1.0,0.0,0.0,0.0,-1.0,-1.0,0.3488801,0.98409677,0.6773784,0.6073965,0.66205347,0.66452897,0.5594363,0.64621574,0.612842,0.7590994,0.5219541,0.7189725,0.71805984,0.98409677,0.83608294,0.8987812,0.8594945,0.83782715,0.86364686,0.5916007,0.52171826,0.4523456,0.65942425,0.6847017,0.5311129,0.7450538,0.3488801,0.64913434
GGGGGCGAGCCGACAGCG,dense,1.0,0.0,0.0,0.0,-1.0,-1.0,0.15578935,0.9380554,0.616296,0.34421104,0.25072953,0.15578935,0.23959419,0.34086868,0.54990387,0.57664317,0.31355372,0.7008947,0.6305005,0.8476819,0.73198426,0.61651963,0.7022352,0.6338515,0.4998874,0.72621137,0.6883878,0.7649259,0.7738538,0.8749542,0.7755019,0.87141913,0.8592415,0.9380554
TTAAGCGTAACAGTAGTG,dense,1.0,0.0,0.0,0.0,-1.0,-1.0,0.24714512,0.7219842,0.5218997,0.4282425,0.3087962,0.37946102,0.42044201,0.3501165,0.56765294,0.6180322,0.5856863,0.44221467,0.65385693,0.6388451,0.5303121,0.5116742,0.67550194,0.6741604,0.24714512,0.3253968,0.7063142,0.57205003,0.66114306,0.63754237,0.7219842,0.6112361,0.45760176,0.32208243
AGGGGACAGCAGAGCAAG,dense,1.0,0.0,0.0,0.0,-1.0,-1.0,0.5258934,0.98292327,0.7563885,0.6031617,0.65717596,0.65843064,0.5532321,0.64304245,0.6258953,0.77132034,0.54119027,0.79908025,0.7619496,0.98292327,0.8553729,0.90605885,0.8637936,0.8365108,0.86652315,0.73393583,0.5258934,0.80715495,0.9009742,0.7990703,0.7910977,0.8596387,0.6744937,0.89179385
TGCACCGCACCAGCCGTT,dense,1.0,0.0,0.0,0.0,-1.0,-1.0,0.3430174,0.7406428,0.5472605,0.35381916,0.46724293,0.47701615,0.3430174,0.43031126,0.6309863,0.5369077,0.5788931,0.49075872,0.533874,0.71413404,0.5806402,0.7120196,0.68014205,0.6709702,0.40993604,0.6755503,0.6113635,0.4596654,0.3912648,0.42747572,0.7406428,0.5131489,0.55142194,0.7003119
GGGGGAGAGCCGACAGCG,dense,1.0,0.0,0.0,0.0,-1.0,-1.0,0.24498446,0.9556723,0.673372,0.43409526,0.33540162,0.24498446,0.3202834,0.41915727,0.6007489,0.675451,0.3987819,0.79125845,0.69465834,0.9556723,0.84852535,0.8027763,0.8000963,0.79455674,0.5712953,0.62364143,0.7009308,0.7790685,0.8208835,0.8480873,0.73579997,0.84019905,0.85617495,0.9417701
GGAGGCGCGCCGATAGAG,dense,1.0,0.0,0.0,0.0,-1.0,-1.0,0.1703277,0.9044224,0.48247108,0.35348418,0.25795397,0.19349945,0.26907256,0.3486997,0.4423254,0.4344516,0.1703277,0.47173047,0.41021875,0.4932236,0.34702414,0.3047042,0.41582733,0.32854444,0.42427078,0.62370664,0.6229929,0.70912224,0.7658739,0.76910293,0.7123356,0.7481387,0.540723,0.9044224
GGCAACGCAACAACAGTG,dense,1.0,0.0,0.0,0.0,-1.0,-1.0,0.62803584,0.9920516,0.8171949,0.62837636,0.80302745,0.7425192,0.62803584,0.69996464,0.75602597,0.82121015,0.9142618,0.8417659,0.87302834,0.9920516,0.90895075,0.9565979,0.9684408,0.9331137,0.6346338,0.6874076,0.67381227,0.657729,0.88880914,0.7659459,0.9558104,0.8067543,0.94490033,0.94669855
GAGGGACAGCAGCTCGAG,dense,1.0,0.0,0.0,0.0,-1.0,-1.0,0.3433701,0.9465046,0.6078303,0.48371097,0.4699289,0.46008053,0.4266252,0.49436906,0.5483215,0.61238897,0.44730514,0.5300194,0.5222059,0.9465046,0.7608263,0.76619244,0.6012141,0.74144435,0.69845724,0.45330355,0.6537965,0.69519764,0.77556866,0.7845937,0.62457407,0.7373798,0.3433701,0.6183785
AGGAAAGAGCAGACCACG,dense,1.0,0.0,0.0,0.0,-1.0,-1.0,0.38429764,0.99521744,0.81128526,0.70377564,0.8234187,0.75776577,0.68926454,0.76270086,0.6787158,0.80836743,0.7413892,0.82786965,0.8407726,0.99521744,0.9147174,0.94088846,0.9111188,0.89196664,0.65115577,0.84336793,0.38429764,0.92492485,0.8049191,0.88220733,0.9182134,0.80986935,0.81001693,0.9652093
GGGGGCGAACCGACAGCG,dense,1.0,0.0,0.0,0.0,-1.0,-1.0,0.3347046,0.9790204,0.74808294,0.43121198,0.40639544,0.34150884,0.3347046,0.44583938,0.6490292,0.73294634,0.71834236,0.7832455,0.8002946,0.9790204,0.8871131,0.9100263,0.90673506,0.8884007,0.64000696,0.8167812,0.7970468,0.7910253,0.8388825,0.8913733,0.90579057,0.90687054,0.9274294,0.9720538
TTAGGCGTGACGGTAGGG,dense,1.0,0.0,0.0,0.0,-1.0,-1.0,0.015236605,0.521844,0.19538516,0.21722965,0.07624527,0.049391203,0.1620412,0.16846244,0.26309252,0.29395387,0.08147678,0.13302462,0.30599895,0.015236605,0.099898204,0.025216838,0.08554447,0.035802215,0.18250169,0.18848337,0.521844,0.49674803,0.36331698,0.46751696,0.18155041,0.30446848,0.08283193,0.08275159
CGGACCGCGTCAGCTCTT,dense,1.0,0.0,0.0,0.0,-1.0,-1.0,0.12590723,0.5391024,0.29255652,0.27120152,0.223353,0.22202781,0.23724118,0.31630117,0.40608492,0.31814924,0.2922219,0.24446543,0.30155328,0.15926401,0.23208906,0.12590723,0.19574669,0.23475726,0.4199713,0.4147695,0.23283559,0.3180584,0.3381095,0.30047414,0.5391024,0.28828764,0.4458563,0.2360849
AGGACACGGCAGCCTCCC,dense,1.0,0.0,0.0,0.0,-1.0,-1.0,0.2051582,0.8651902,0.5401896,0.4672466,0.5717125,0.5704652,0.46215245,0.53129655,0.55584145,0.5257554,0.44311285,0.44077381,0.45077452,0.8651902,0.5816571,0.5612942,0.35490334,0.46924645,0.4744475,0.46263638,0.2051582,0.53480786,0.7447555,0.74254674,0.72611403,0.57425904,0.3449915,0.8436018
GCAGGGGCGCCGATAGAG,dense,1.0,0.0,0.0,0.0,-1.0,-1.0,0.16078858,0.7685092,0.4164377,0.34514505,0.2529721,0.18145637,0.25887612,0.34106523,0.44361985,0.41975406,0.19760789,0.4612364,0.3881609,0.30749652,0.26378998,0.16287377,0.34636006,0.16078858,0.47754383,0.4390945,0.46786568,0.5931716,0.7685092,0.6449371,0.5289232,0.72714925,0.49448362,0.7380617
GGAGGCGCGCCGACAGAG,dense,1.0,0.0,0.0,0.0,-1.0,-1.0,0.21186237,0.91893095,0.51973456,0.37834096,0.34662375,0.26697257,0.2999044,0.4082741,0.5027308,0.48940688,0.21186237,0.4797377,0.47070307,0.69145864,0.43447736,0.47337547,0.49946603,0.43443674,0.45063666,0.60360634,0.54187006,0.66403896,0.7788394,0.7443533,0.6417116,0.820977,0.44062823,0.91893095
GCAGGGGAGCCGATAGAG,dense,1.0,0.0,0.0,0.0,-1.0,-1.0,0.26581383,0.78721654,0.54261565,0.4307135,0.33583736,0.27907053,0.33924872,0.41592357,0.50766313,0.576229,0.26581383,0.6510294,0.5334693,0.7061775,0.5059785,0.36712748,0.5940445,0.35779488,0.57421255,0.41839918,0.56456286,0.7213387,0.7850558,0.760862,0.6291287,0.78721654,0.7063816,0.7521113
AGGAACGAACCGACAGCG,dense,1.0,0.0,0.0,0.0,-1.0,-1.0,0.59621525,0.99095833,0.82579494,0.65336657,0.7993935,0.7391381,0.6532146,0.7187799,0.7176891,0.79190034,0.8744969,0.795495,0.8430451,0.99095833,0.8612769,0.94367856,0.9248218,0.88677794,0.6026264,0.8206698,0.59621525,0.85651934,0.86497307,0.9149399,0.96899945,0.905094,0.93349475,0.9873094
AGGGGACAGCAGACCACG,dense,1.0,0.0,0.0,0.0,-1.0,-1.0,0.5535802,0.9870199,0.7750061,0.5868435,0.67276573,0.6671703,0.5535802,0.63777,0.6725915,0.8176354,0.6600684,0.80147785,0.8006745,0.9870199,0.8865508,0.9244047,0.85741377,0.8645902,0.71253186,0.81210417,0.59159553,0.8378965,0.8882121,0.84651506,0.83230764,0.80808836,0.7492245,0.9061212
GGGGGCGAGCCGACAGAG,dense,1.0,0.0,0.0,0.0,-1.0,-1.0,0.18217565,0.9548716,0.64932233,0.3710094,0.27543345,0.18217565,0.2599684,0.36708945,0.5629964,0.62080914,0.35639033,0.7528051,0.6661092,0.87250483,0.7559743,0.6693699,0.764372,0.67616636,0.6320826,0.7145538,0.67660147,0.81124425,0.7925981,0.88103735,0.8387849,0.9078245,0.87028575,0.9548716
GAGGGACAGCAGATCAAG,dense,1.0,0.0,0.0,0.0,-1.0,-1.0,0.48582414,0.9840624,0.71210724,0.59349936,0.62434375,0.65719396,0.5507173,0.61940986,0.609175,0.7745158,0.59107965,0.7654765,0.7284762,0.9840624,0.85502905,0.8950692,0.8474807,0.8568643,0.8276563,0.59400946,0.5971587,0.74786216,0.6529106,0.8022606,0.71942854,0.7135258,0.48582414,0.709651
GTAGGCGCGACGATAGGG,dense,1.0,0.0,0.0,0.0,-1.0,-1.0,0.18211639,0.58915585,0.3948626,0.35184416,0.22364976,0.18211639,0.27488315,0.30702323,0.49862978,0.5704743,0.22207986,0.5881619,0.47292757,0.46237972,0.42232475,0.28010333,0.48601884,0.344775,0.24341881,0.32766455,0.49132276,0.51965654,0.58915585,0.5088787,0.31450835,0.4508726,0.27867174,0.46002355
AGGAGACAGCAGCACACG,dense,1.0,0.0,0.0,0.0,-1.0,-1.0,0.5109902,0.99006885,0.78930527,0.64880306,0.7718773,0.7267579,0.6364714,0.70772773,0.6661156,0.8096851,0.6410219,0.76516694,0.7720203,0.99006885,0.88162047,0.9259961,0.8823938,0.86883366,0.60207814,0.81052595,0.5109902,0.82477707,0.91442597,0.8880792,0.9508908,0.8522128,0.7696851,0.914408
AGGAACGCACCAACCCCG,dense,1.0,0.0,0.0,0.0,-1.0,-1.0,0.37885314,0.98501784,0.7561928,0.61383194,0.80199456,0.7330628,0.61598325,0.686222,0.7006951,0.76129234,0.85018474,0.7321694,0.80462193,0.98501784,0.8262437,0.9355583,0.88805985,0.87003636,0.37885314,0.7141071,0.48983157,0.6700629,0.6333237,0.76927054,0.9537742,0.78281945,0.7412043,0.966599
AGGAACGAGCAAACCCCG,dense,1.0,0.0,0.0,0.0,-1.0,-1.0,0.41762808,0.99315673,0.7857066,0.6694808,0.8184932,0.75075436,0.66956407,0.73479295,0.6902349,0.7770156,0.7806751,0.79180944,0.8110521,0.99315673,0.90474916,0.9428598,0.91912895,0.9011804,0.47181448,0.83347696,0.41762808,0.79944587,0.6756229,0.82586,0.9492771,0.7635282,0.8086547,0.9424088
TTAGGCGTAACGGTAGTG,dense,1.0,0.0,0.0,0.0,-1.0,-1.0,0.10357979,0.7438243,0.3406699,0.28488666,0.110604346,0.107012644,0.2316137,0.2151387,0.4539918,0.465656,0.3137507,0.28001425,0.46083957,0.10903502,0.26326448,0.10357979,0.29720783,0.21289808,0.32615423,0.36653173,0.7438243,0.5958947,0.5057942,0.5089699,0.4981405,0.5837194,0.28260154,0.19562326
AGGAGACAGCAGCATACG,dense,1.0,0.0,0.0,0.0,-1.0,-1.0,0.5310942,0.9878377,0.78704345,0.6323137,0.7297072,0.71060807,0.61504155,0.67581224,0.64527494,0.79220814,0.54440165,0.77907956,0.7458055,0.9878377,0.86614925,0.9158166,0.8812522,0.86092114,0.6561034,0.7831048,0.5310942,0.8221331,0.9384866,0.92303777,0.96222025,0.9003029,0.84287477,0.9345015
CGGACCGCGCCAGCCCTT,dense,1.0,0.0,0.0,0.0,-1.0,-1.0,0.18583363,0.5639075,0.39024955,0.33080834,0.4095444,0.3928661,0.3046691,0.41871163,0.5419517,0.42342383,0.31650627,0.3711955,0.4167562,0.5639075,0.46523044,0.4499508,0.36601663,0.4629241,0.399909,0.5222045,0.2773141,0.33168593,0.18583363,0.26994187,0.51206756,0.32038864,0.31587106,0.38656077
AGGACCCGGCAACCTCCT,dense,1.0,0.0,0.0,0.0,-1.0,-1.0,0.39502475,0.8885007,0.61064,0.45567644,0.5919274,0.58918655,0.45258564,0.53227127,0.6146216,0.6202131,0.6333225,0.66475725,0.59215844,0.8885007,0.639745,0.7254102,0.55654544,0.6352741,0.40684304,0.6560845,0.41015944,0.39502475,0.64468133,0.7899555,0.86602795,0.52935106,0.60195917,0.77371705
AGGAACGCACCAACCGTG,dense,1.0,0.0,0.0,0.0,-1.0,-1.0,0.41549397,0.9805203,0.75892067,0.5987922,0.76902807,0.71488816,0.6034886,0.6663502,0.6962847,0.75178784,0.8576977,0.7418161,0.7909543,0.9805203,0.8014734,0.9367081,0.9028262,0.86528665,0.4377168,0.75499564,0.41549397,0.74212486,0.6821834,0.78609145,0.9461281,0.8186544,0.7547045,0.9570194
GGGAACGCACCGACAGCG,dense,1.0,0.0,0.0,0.0,-1.0,-1.0,0.50584036,0.98457277,0.7755663,0.5223616,0.6458707,0.6347468,0.50584036,0.5886285,0.6892649,0.7269596,0.8332648,0.732574,0.76744,0.9788344,0.8231889,0.91610706,0.8924177,0.8786569,0.5182682,0.8135255,0.6535781,0.752576,0.85981315,0.89001673,0.96324635,0.88543785,0.9319652,0.98457277
CGGGGACAGCAGCGTGCA,dense,1.0,0.0,0.0,0.0,-1.0,-1.0,0.2763574,0.935076,0.61712676,0.3817717,0.3342985,0.2763574,0.3050815,0.38432592,0.5483307,0.5630303,0.339321,0.56252086,0.55758816,0.8431755,0.8178372,0.6165443,0.6798132,0.65620095,0.7759752,0.5948435,0.64147234,0.63531375,0.935076,0.8365538,0.76017964,0.8748464,0.66612476,0.8415857
GCGGGACAGCAGCGTGAG,dense,1.0,0.0,0.0,0.0,-1.0,-1.0,0.2753666,0.93337405,0.63654405,0.3891691,0.3353186,0.2753666,0.3101439,0.3866153,0.5569261,0.57090074,0.3702273,0.5931652,0.54883116,0.8469915,0.7845469,0.62085307,0.7054931,0.68126315,0.81420684,0.6031266,0.7031496,0.6652974,0.93337405,0.83881134,0.85732836,0.92635155,0.7561964,0.8399481
TGCAACGCAACAGCAGTT,dense,1.0,0.0,0.0,0.0,-1.0,-1.0,0.52706766,0.9638196,0.75519806,0.52706766,0.68354577,0.66440874,0.53457034,0.5738965,0.7098258,0.74182326,0.8472647,0.7615636,0.8035838,0.9638196,0.8466812,0.90798223,0.9331403,0.8825037,0.597947,0.7293218,0.7075082,0.6928173,0.8085742,0.7031605,0.92993635,0.71922314,0.87021744,0.739567
TGCAACGCAACAACCGTG,dense,1.0,0.0,0.0,0.0,-1.0,-1.0,0.54603404,0.9782882,0.7732378,0.54603404,0.7407066,0.6941743,0.5530037,0.603598,0.7282458,0.78333765,0.89326644,0.83163124,0.83840376,0.9782882,0.8875648,0.9330181,0.94830024,0.91014904,0.59225935,0.7016116,0.64416444,0.73605216,0.6691841,0.6671959,0.92844546,0.78068,0.8012826,0.9403488
AGGACCGGGCCAACTCCT,dense,1.0,0.0,0.0,0.0,-1.0,-1.0,0.27689546,0.8920995,0.5397537,0.4422629,0.5146701,0.53378904,0.42059267,0.5013555,0.56792104,0.59089845,0.5643048,0.5682835,0.5800763,0.8479558,0.4966699,0.58932745,0.46673056,0.4891164,0.4287111,0.50846994,0.32808104,0.38119015,0.27689546,0.7321873,0.7073422,0.57192945,0.49298355,0.8920995
CGGATCGCGTCAGCTCTT,dense,1.0,0.0,0.0,0.0,-1.0,-1.0,0.09103682,0.6615418,0.29657343,0.23615986,0.13405542,0.13437001,0.1996552,0.25702602,0.33443698,0.2561659,0.13142078,0.15647751,0.27414542,0.104376,0.23387411,0.09103682,0.16895604,0.20936215,0.48009798,0.46947753,0.22193694,0.45741525,0.42648032,0.45174605,0.6615418,0.48868024,0.4669998,0.36844176
GGGGGAGAGCCGACAGAG,dense,1.0,0.0,0.0,0.0,-1.0,-1.0,0.28222832,0.9634717,0.70041525,0.46351483,0.3655754,0.28222832,0.3467115,0.44932035,0.61195695,0.7080357,0.44435915,0.8220053,0.72619164,0.9634717,0.8626708,0.83579177,0.84400433,0.8175257,0.7362475,0.55207604,0.63472444,0.82358843,0.84007806,0.8520557,0.8099995,0.8864461,0.87552154,0.9562823
AGGAGAGAGCCGACAGCG,dense,1.0,0.0,0.0,0.0,-1.0,-1.0,0.3429898,0.979552,0.7225987,0.5948909,0.6583191,0.65230215,0.5624667,0.6385727,0.6088087,0.70236474,0.3429898,0.8007306,0.68875253,0.979552,0.76498294,0.8833819,0.76547205,0.7655803,0.49339086,0.57131255,0.45035723,0.86913794,0.8774408,0.8737165,0.8739546,0.838529,0.8438629,0.9640961
AGGACCGGGCCACCTCTT,dense,1.0,0.0,0.0,0.0,-1.0,-1.0,0.21584868,0.7146179,0.45411372,0.37333584,0.39833477,0.4095876,0.34376204,0.42162398,0.55224246,0.5295642,0.46395954,0.4540279,0.44807953,0.6843083,0.42078137,0.43302295,0.30384773,0.3552968,0.47188544,0.54517674,0.21584868,0.3488821,0.32008448,0.63454646,0.6343289,0.5012538,0.37444314,0.7146179
GGAGGCGCAACGACAGTG,dense,1.0,0.0,0.0,0.0,-1.0,-1.0,0.43512672,0.9780572,0.7091761,0.49796498,0.52390194,0.5273495,0.43512672,0.5293133,0.65513396,0.7308338,0.63099027,0.7626373,0.7546657,0.9780572,0.82098,0.90097374,0.90759164,0.86257523,0.5400194,0.67077154,0.69533676,0.7244683,0.77591807,0.6888446,0.7823699,0.7835675,0.7039234,0.8460899
AGGGGAGAGCCGACAGCG,dense,1.0,0.0,0.0,0.0,-1.0,-1.0,0.3319005,0.9556531,0.67463064,0.5137387,0.49656385,0.44720146,0.43716004,0.53147405,0.5971251,0.67738754,0.3319005,0.7789301,0.6761062,0.9556531,0.7465833,0.823915,0.7011894,0.6852127,0.50015664,0.63002855,0.58131564,0.83394545,0.8592009,0.8410863,0.68212235,0.8177476,0.78961843,0.9304035
CGGGGACGGCAGCGTGCA,dense,1.0,0.0,0.0,0.0,-1.0,-1.0,0.123490185,0.87199813,0.45841676,0.29938892,0.19803138,0.123490185,0.21610694,0.2863569,0.4472056,0.44119403,0.23670009,0.43875593,0.41793367,0.37394837,0.59505415,0.18418184,0.3781856,0.23491704,0.7156459,0.5187043,0.55596584,0.41833928,0.87199813,0.8280751,0.57088995,0.8427102,0.44862184,0.8180178
GTAGGGGTGCCGATAGAG,dense,1.0,0.0,0.0,0.0,-1.0,-1.0,0.052050624,0.68290406,0.27754456,0.27788058,0.09637033,0.065100655,0.19072959,0.20312019,0.3259421,0.30155948,0.09023413,0.25034276,0.29622626,0.06686907,0.14074068,0.052050624,0.15766108,0.0790985,0.33504423,0.21289936,0.33047876,0.4025751,0.68290406,0.64802176,0.27645838,0.6309283,0.24108712,0.58428997
CGGAGACGGCAGCATACA,dense,1.0,0.0,0.0,0.0,-1.0,-1.0,0.41298798,0.9446305,0.69426763,0.4990056,0.54084605,0.56528443,0.4592884,0.5384076,0.56120795,0.7227084,0.4502918,0.6861427,0.6307906,0.9446305,0.81780285,0.7294451,0.7786365,0.73718965,0.791874,0.6353875,0.41298798,0.6290356,0.8506542,0.91880655,0.91992676,0.883138,0.7495012,0.9037004
CGGACACGGCAGCGTCCA,dense,1.0,0.0,0.0,0.0,-1.0,-1.0,0.26624578,0.8449776,0.5153874,0.39147756,0.45198348,0.4360527,0.36268485,0.44504887,0.52639,0.4898783,0.4328337,0.45040792,0.4431092,0.698076,0.6297328,0.36063382,0.42712548,0.40100765,0.68919396,0.43717498,0.26624578,0.3916456,0.74098206,0.7039302,0.7548083,0.69715875,0.41212556,0.8449776
CGGATCTGGTGACCTCTT,dense,1.0,0.0,0.0,0.0,-1.0,-1.0,0.033901338,0.6149433,0.2561081,0.20524065,0.08433032,0.081117794,0.16899814,0.20567709,0.19587903,0.22395873,0.06583707,0.07962738,0.26839086,0.062360197,0.23708287,0.033901338,0.10478495,0.10345658,0.50505304,0.35401672,0.316208,0.38847598,0.4428185,0.6149433,0.53873044,0.45580956,0.423205,0.24280027
GGGAGCGCAACGACAGCG,dense,1.0,0.0,0.0,0.0,-1.0,-1.0,0.45633334,0.98617506,0.77219945,0.51222205,0.57412374,0.57146406,0.45633334,0.55764794,0.66990936,0.73290217,0.6851736,0.8244109,0.7987426,0.98617506,0.8833664,0.9260469,0.92648405,0.8968089,0.52720535,0.79030126,0.7195303,0.8045884,0.87383926,0.8616099,0.9436341,0.8688556,0.9429064,0.9707041
AAGGGACAGCAGAGCAAG,dense,1.0,0.0,0.0,0.0,-1.0,-1.0,0.29782817,0.9795379,0.6820227,0.6665782,0.7678177,0.7292803,0.6390928,0.71787786,0.61304766,0.7580465,0.53863835,0.7087106,0.71173,0.9795379,0.7178685,0.88784075,0.7810286,0.71364105,0.8274261,0.5954254,0.4092865,0.59577304,0.72433853,0.6790978,0.5519936,0.75154114,0.29782817,0.6871211
TTAGGCGCAACGATAGTG,dense,1.0,0.0,0.0,0.0,-1.0,-1.0,0.28576732,0.7982717,0.5843884,0.3849245,0.28576732,0.32810676,0.34888223,0.33549985,0.5859272,0.629308,0.42714983,0.661595,0.6449756,0.7982717,0.6696627,0.6584414,0.7823568,0.69865245,0.47825304,0.51732045,0.72139305,0.7227969,0.6558959,0.62973267,0.698781,0.68508893,0.5642505,0.696674
GGGAACGCACCAACCGTG,dense,1.0,0.0,0.0,0.0,-1.0,-1.0,0.4808924,0.98487085,0.7596978,0.53656876,0.67723924,0.6589597,0.52443385,0.6000406,0.69913274,0.74929154,0.868451,0.7522293,0.80320317,0.98487085,0.8812077,0.94556487,0.9267602,0.913669,0.4808924,0.754927,0.568124,0.6321142,0.6300965,0.8011195,0.95254,0.84317344,0.8444646,0.96336967
GCAGGGCAGCCGATAGAG,dense,1.0,0.0,0.0,0.0,-1.0,-1.0,0.26405254,0.87727123,0.5818535,0.43257418,0.4131312,0.3889592,0.36925298,0.45142886,0.51566434,0.5742926,0.26405254,0.57309234,0.5161531,0.7784785,0.53721523,0.52604043,0.6275378,0.5192633,0.6967708,0.45273748,0.61207557,0.66028357,0.87727123,0.7601601,0.78187263,0.80051124,0.7093801,0.70814
AGGAACGCACCGACAGCG,dense,1.0,0.0,0.0,0.0,-1.0,-1.0,0.4566907,0.9843178,0.76924586,0.5915322,0.7459669,0.70072573,0.5961441,0.6631099,0.6873724,0.7293947,0.80355203,0.7220938,0.7537772,0.9716039,0.7066225,0.90572375,0.84543496,0.80090463,0.4566907,0.7705602,0.5173511,0.7992479,0.87065667,0.8811253,0.9610886,0.8700341,0.89611447,0.9843178
AAGGGACAGCAGCGCAAG,dense,1.0,0.0,0.0,0.0,-1.0,-1.0,0.16916926,0.9642179,0.62281,0.61526763,0.71983325,0.69613594,0.5949125,0.67078424,0.57467705,0.66918665,0.4644025,0.5890939,0.5836043,0.9642179,0.6672866,0.84019744,0.60630983,0.61231816,0.7599509,0.55529886,0.42394978,0.5023327,0.7147184,0.67539126,0.5876531,0.7354574,0.16916926,0.57809967
TTAGGCGTAACGATAGGG,dense,1.0,0.0,0.0,0.0,-1.0,-1.0,0.18559706,0.72938555,0.49571002,0.35438102,0.18559706,0.20373134,0.30708572,0.27186418,0.5387693,0.6014602,0.4154934,0.5530235,0.6067738,0.4347063,0.4679464,0.3386084,0.5710058,0.56423235,0.42929438,0.3453526,0.72938555,0.6935363,0.60899866,0.71462303,0.5508222,0.63737476,0.5928495,0.6758352
TTAGGCGTAACGGTAGGG,dense,1.0,0.0,0.0,0.0,-1.0,-1.0,0.09779695,0.7462781,0.32443768,0.28730848,0.11851949,0.10453879,0.23066394,0.21752541,0.4495934,0.4685819,0.30527693,0.26867136,0.45860156,0.09779695,0.25854996,0.09991845,0.28514642,0.20700015,0.29477063,0.25855133,0.7462781,0.5770972,0.4576362,0.5259859,0.41620347,0.467845,0.30251664,0.20636421
CGGACCGCGCCAGCCGTT,dense,1.0,0.0,0.0,0.0,-1.0,-1.0,0.22873592,0.6042123,0.40067303,0.31219813,0.37349486,0.33888775,0.28434792,0.39171004,0.53295773,0.40469927,0.31968117,0.3820016,0.3981721,0.4209111,0.4309264,0.3973215,0.3762937,0.3873302,0.404323,0.6042123,0.32982183,0.43481743,0.22873592,0.41219163,0.5624663,0.47059,0.3576901,0.461044
CGGAGACGGCAGTGTGCA,dense,1.0,0.0,0.0,0.0,-1.0,-1.0,0.146341,0.8483271,0.4308265,0.34976855,0.24019958,0.1868257,0.27659076,0.31637645,0.35973245,0.41580585,0.17714705,0.32420367,0.3836068,0.29223406,0.4998428,0.146341,0.3171914,0.206956,0.7126041,0.47719014,0.3138798,0.6170035,0.8483271,0.79503065,0.5502829,0.72855395,0.4975701,0.7373978
CGGATCCGGCAACCTCCT,dense,1.0,0.0,0.0,0.0,-1.0,-1.0,0.32670632,0.92163473,0.6077419,0.34818944,0.373979,0.41302913,0.32670632,0.40171966,0.5698261,0.5573747,0.43444714,0.5233154,0.56912804,0.8229929,0.75511307,0.60530514,0.59713787,0.705203,0.65525955,0.6926013,0.46467873,0.515153,0.7346986,0.89000624,0.92163473,0.75011146,0.70209426,0.86384386
AGGGGACAGCAGCACACG,dense,1.0,0.0,0.0,0.0,-1.0,-1.0,0.5457966,0.9861639,0.7622632,0.5799974,0.6667718,0.6611416,0.5457966,0.6319975,0.658849,0.79602265,0.63013506,0.73911405,0.7593236,0.9861639,0.87703323,0.9192618,0.8446982,0.85672104,0.6395932,0.8376131,0.6579623,0.7780731,0.8970853,0.8580325,0.87889427,0.8312598,0.6949685,0.8300692
GGAAGCGCAACGACAGCG,dense,1.0,0.0,0.0,0.0,-1.0,-1.0,0.43129742,0.9874348,0.7623856,0.592553,0.7100438,0.68859845,0.5737922,0.65167713,0.673839,0.73852265,0.7422574,0.7712166,0.7822773,0.9874348,0.8363365,0.9198817,0.9213668,0.88062274,0.43129742,0.6380077,0.6758631,0.74079955,0.8731293,0.80143446,0.8768475,0.819204,0.7860028,0.94663835
AGGATCTGGTGACCTCCT,dense,1.0,0.0,0.0,0.0,-1.0,-1.0,0.040860478,0.74698704,0.279614,0.26972404,0.1232159,0.12374041,0.2333852,0.24066077,0.2083459,0.22607435,0.058631185,0.08914758,0.27106988,0.07661391,0.16861372,0.040860478,0.0672332,0.0815861,0.4273521,0.3741621,0.3486405,0.45393932,0.48425654,0.74698704,0.59991604,0.5184111,0.37161052,0.3861732
AGGGGACAGCAGCGCAAG,dense,1.0,0.0,0.0,0.0,-1.0,-1.0,0.46318686,0.9694827,0.6996252,0.5425066,0.5896763,0.5821716,0.48964772,0.5832719,0.5865963,0.6835219,0.46318686,0.7095722,0.64918375,0.9694827,0.82573885,0.8615704,0.7395916,0.7753279,0.81154734,0.6848628,0.5267072,0.7234526,0.88693047,0.8042508,0.8115804,0.84894466,0.5073928,0.8339137
GGGAGCGAACCGACAGCG,dense,1.0,0.0,0.0,0.0,-1.0,-1.0,0.4679672,0.98786455,0.78612083,0.5200061,0.5811124,0.5805921,0.4679672,0.56295514,0.65768915,0.75145376,0.73130435,0.80143404,0.812295,0.98786455,0.89869857,0.9338817,0.92351013,0.907519,0.5943611,0.82221425,0.7263158,0.782755,0.8917953,0.9136504,0.9524728,0.92104137,0.94678766,0.9833435
AGGACCTGGCAACCTCCT,dense,1.0,0.0,0.0,0.0,-1.0,-1.0,0.36577716,0.8287048,0.52821195,0.4166984,0.46490914,0.5087986,0.40725192,0.45356914,0.515001,0.479707,0.37440714,0.4695058,0.50672126,0.79292065,0.5484591,0.51241094,0.40046585,0.55347115,0.39629734,0.59254515,0.36577716,0.39843008,0.56908983,0.807356,0.8287048,0.539655,0.5582426,0.7449016
GGAGGCGCACCGACAGAG,dense,1.0,0.0,0.0,0.0,-1.0,-1.0,0.40891296,0.9588313,0.6917517,0.4638404,0.5158658,0.49410206,0.40891296,0.5142534,0.61981773,0.69621754,0.50855094,0.65706724,0.6666267,0.952374,0.68726,0.8578708,0.8316714,0.7981632,0.5454528,0.67102104,0.683364,0.72354025,0.83249,0.80306023,0.8355002,0.8597216,0.7082175,0.9588313
AGGAAAGAGCAGACAACG,dense,1.0,0.0,0.0,0.0,-1.0,-1.0,0.44153664,0.9967025,0.83632845,0.72764266,0.8498468,0.7780123,0.7122505,0.78801423,0.70776117,0.82530224,0.7953813,0.8641549,0.86689657,0.9967025,0.9263791,0.9532208,0.93987554,0.9096508,0.67113215,0.80978113,0.44153664,0.92724013,0.83936137,0.9168667,0.94783694,0.8223437,0.91803175,0.9729916
GGGAACGCAACAACAGTG,dense,1.0,0.0,0.0,0.0,-1.0,-1.0,0.6049339,0.99564314,0.8282446,0.6428371,0.7751238,0.7333422,0.6245221,0.6986549,0.7576978,0.8220209,0.91410357,0.8490216,0.89048827,0.99564314,0.9376929,0.9716774,0.9715039,0.9479767,0.6049339,0.7576487,0.66614825,0.72271067,0.85540605,0.83681285,0.96965414,0.8488443,0.9564514,0.95519996
AGGAACGAACCGACCACG,dense,1.0,0.0,0.0,0.0,-1.0,-1.0,0.5426548,0.9912013,0.8163796,0.6512769,0.808669,0.74322015,0.6560333,0.7187801,0.70078975,0.8091253,0.87376165,0.79729295,0.84545135,0.9912013,0.8774974,0.94108194,0.9108801,0.8816935,0.6328723,0.8743155,0.5426548,0.83436996,0.7152771,0.9047968,0.96340185,0.88620114,0.8683829,0.98046345
AGGACCGCACCAACCCCT,dense,1.0,0.0,0.0,0.0,-1.0,-1.0,0.3609478,0.9623432,0.6910942,0.54497546,0.7438929,0.6854997,0.5356554,0.6242548,0.679648,0.71463263,0.787366,0.7326723,0.7487089,0.9623432,0.74353004,0.9009661,0.84629875,0.814565,0.42285493,0.6139206,0.44713885,0.65950096,0.3609478,0.61188436,0.8743988,0.60178417,0.6883775,0.93153566
AGGGGACAGCAGCGTGAG,dense,1.0,0.0,0.0,0.0,-1.0,-1.0,0.3535702,0.9563144,0.65816206,0.4683733,0.4195305,0.372087,0.39268273,0.4624039,0.56741834,0.59629107,0.3535702,0.6536501,0.57362115,0.89449424,0.7278621,0.73024714,0.63105637,0.6017438,0.76124835,0.61996204,0.67965555,0.80492115,0.9563144,0.8472579,0.8522214,0.90880525,0.670883,0.9077506
GGGAGCGCACCGACAGCG,dense,1.0,0.0,0.0,0.0,-1.0,-1.0,0.38240343,0.97959566,0.71954507,0.4380041,0.48741335,0.45501196,0.38240343,0.48658863,0.62075377,0.66952914,0.54667693,0.72987914,0.68890315,0.95926124,0.76671076,0.87590283,0.8529632,0.8370459,0.48089734,0.81854236,0.6787763,0.7323737,0.88069874,0.8770446,0.9417078,0.8814162,0.92052734,0.97959566
GGGGGACAGCAGCGCAAG,dense,1.0,0.0,0.0,0.0,-1.0,-1.0,0.36757255,0.9718231,0.6952475,0.46555674,0.42909664,0.36757255,0.36820817,0.47415185,0.58929205,0.68203473,0.5374749,0.7287838,0.66794634,0.9718231,0.89461577,0.8540556,0.82543445,0.8563275,0.8569356,0.6479905,0.6632905,0.61979854,0.84938306,0.8123474,0.85633963,0.8685553,0.63501513,0.8591593
GGAGGCGCAACGACAGAG,dense,1.0,0.0,0.0,0.0,-1.0,-1.0,0.4849394,0.98483235,0.74941665,0.5392963,0.6020032,0.6042486,0.4849394,0.5866495,0.6705616,0.7551065,0.6510653,0.791533,0.7832877,0.98483235,0.840324,0.9157504,0.9226187,0.8759113,0.57864475,0.6407132,0.73576796,0.76458055,0.8308578,0.77547514,0.8428241,0.84954554,0.76831585,0.9405611
AGGAGACAGCAGAACACG,dense,1.0,0.0,0.0,0.0,-1.0,-1.0,0.49729112,0.9939989,0.82966316,0.6891329,0.8122394,0.7540552,0.67339134,0.7498752,0.6985696,0.84824,0.7497258,0.8602028,0.84657323,0.9939989,0.90122765,0.9449111,0.9313899,0.8945139,0.67991847,0.85690325,0.49729112,0.8630095,0.91967547,0.89490974,0.9532521,0.86799526,0.898797,0.96178126
CGGACACGGCAGTGTCCA,dense,1.0,0.0,0.0,0.0,-1.0,-1.0,0.18056986,0.6952556,0.40685597,0.36243892,0.34605145,0.3295415,0.32355195,0.3760849,0.43119934,0.43368876,0.33364403,0.3039567,0.39679557,0.39991826,0.5055921,0.18056986,0.2968431,0.26088777,0.6729257,0.4004488,0.18842812,0.45549223,0.6952556,0.5883611,0.44650427,0.49083534,0.34651873,0.60586566
CGGACCGCACCAACCGTT,dense,1.0,0.0,0.0,0.0,-1.0,-1.0,0.4366465,0.93095136,0.6993615,0.45137113,0.6375865,0.6109708,0.44233933,0.5432144,0.6687616,0.7045958,0.80657685,0.7341337,0.7410129,0.93095136,0.78485787,0.89323276,0.889484,0.8427456,0.61959964,0.69594324,0.48440242,0.6435953,0.4366465,0.66886806,0.86969346,0.6984792,0.7743367,0.9106392
AGGAAACGGCAACCTCCG,dense,1.0,0.0,0.0,0.0,-1.0,-1.0,0.3757832,0.9829485,0.7370432,0.6131592,0.7447874,0.70578605,0.6121603,0.6670279,0.6758308,0.71977806,0.82817256,0.75631833,0.73259133,0.9829485,0.84697527,0.8902153,0.77533054,0.8317622,0.43688974,0.6894356,0.3757832,0.6511327,0.8182566,0.87014073,0.94270056,0.7332706,0.5921242,0.93350524
CGGATCGGGTCACCTCTT,dense,1.0,0.0,0.0,0.0,-1.0,-1.0,0.08629419,0.77695394,0.37406135,0.2416061,0.12827106,0.12720396,0.19906034,0.251865,0.4048031,0.3791258,0.26066643,0.2580217,0.3602223,0.17748566,0.3486854,0.08629419,0.18847924,0.2504208,0.6125743,0.52413875,0.27187964,0.52131236,0.43112314,0.7260172,0.77695394,0.6601501,0.52288187,0.64229214
TGCACCGCGCCAGCCGTT,dense,1.0,0.0,0.0,0.0,-1.0,-1.0,0.26128036,0.5761357,0.35400867,0.28973705,0.31790626,0.30878985,0.26128036,0.36262593,0.5261475,0.32578823,0.26629287,0.32461405,0.3399973,0.27617282,0.34774426,0.2768071,0.3167784,0.31842685,0.37483448,0.5761357,0.42177138,0.36026,0.2830684,0.30398476,0.48485583,0.4171494,0.27720085,0.4918471
AGGAAACGGCAGCCTACG,dense,1.0,0.0,0.0,0.0,-1.0,-1.0,0.33480197,0.9622081,0.698998,0.58222675,0.6832679,0.67002416,0.5746596,0.62890637,0.6003397,0.6512415,0.6375686,0.5859638,0.61411303,0.9622081,0.7576661,0.8038245,0.6114506,0.68700516,0.60298723,0.66641635,0.33480197,0.8333084,0.8393833,0.9118813,0.93356633,0.8160215,0.54779416,0.93832517
AGGAACGACCAAACCACG,dense,1.0,0.0,0.0,0.0,-1.0,-1.0,0.47433475,0.99431145,0.8131062,0.67945945,0.8619805,0.77866733,0.68956476,0.7520723,0.7369921,0.84028524,0.8860783,0.8312891,0.8487623,0.99431145,0.90229154,0.9646731,0.9499642,0.9152807,0.55599815,0.87587494,0.47433475,0.8576532,0.5788042,0.8548854,0.95137066,0.7644945,0.8197447,0.9628224
TTAGGCGTAACGATAGTG,dense,1.0,0.0,0.0,0.0,-1.0,-1.0,0.17312127,0.7324965,0.5111641,0.35013062,0.17312127,0.20594761,0.30718315,0.26814985,0.54384387,0.59926564,0.42575794,0.5687901,0.60868037,0.46597284,0.47466597,0.34227842,0.58387715,0.5725848,0.4876135,0.41688251,0.7324965,0.71138304,0.6509468,0.6952005,0.63063484,0.7319732,0.57458323,0.65713745
AGGACCTGGCAACCTCCC,dense,1.0,0.0,0.0,0.0,-1.0,-1.0,0.3564523,0.8143065,0.5278589,0.4236373,0.4888458,0.5223725,0.41754988,0.46837696,0.515001,0.479707,0.37440714,0.4695058,0.50672126,0.8143065,0.55117136,0.4907902,0.4045789,0.54747117,0.3564523,0.5997543,0.3631725,0.362646,0.57436985,0.79955477,0.81022346,0.5371861,0.54640484,0.7722655
TGCATCGCGTCAGCCGTT,dense,1.0,0.0,0.0,0.0,-1.0,-1.0,0.064847305,0.5962851,0.28838378,0.21875255,0.12631626,0.1255795,0.18757994,0.24786305,0.37439778,0.21356247,0.11403025,0.18213584,0.26402467,0.064847305,0.18307029,0.067899175,0.13949469,0.16082615,0.40574738,0.5601407,0.44226658,0.5538927,0.35903865,0.37727332,0.5962851,0.5316324,0.31092858,0.40200883
CGGACCCGGCAACCTCCC,dense,1.0,0.0,0.0,0.0,-1.0,-1.0,0.38258684,0.87240887,0.61953664,0.39628983,0.529697,0.523776,0.38258684,0.4868578,0.61115927,0.6236608,0.6633051,0.6558696,0.60241145,0.86989033,0.7338639,0.66679066,0.65157807,0.70096767,0.52807647,0.6466885,0.40287453,0.43091494,0.6963413,0.78953356,0.87240887,0.5590984,0.6656113,0.7981634
AGGACCGGGCAACCTCCT,dense,1.0,0.0,0.0,0.0,-1.0,-1.0,0.3943744,0.89791477,0.5882965,0.45408344,0.5270974,0.5489339,0.43452772,0.5099114,0.5978729,0.60944456,0.59817,0.68526655,0.58137935,0.89791477,0.62043667,0.6264748,0.5151694,0.56425816,0.41949588,0.638569,0.3943744,0.45721906,0.46218055,0.7908561,0.8205365,0.56036747,0.5625068,0.830365
TTAGGCGCGACGATAGGG,dense,1.0,0.0,0.0,0.0,-1.0,-1.0,0.15560491,0.66043985,0.3774561,0.3127392,0.17748725,0.15560491,0.252973,0.26289096,0.46912313,0.5463927,0.19539909,0.53737605,0.48942468,0.2659957,0.37924954,0.19548959,0.39854503,0.26391602,0.3107401,0.31496778,0.4946776,0.66043985,0.568523,0.5537578,0.37362188,0.4828371,0.26292092,0.5113097
GGGGGACAGCAGCGTGAG,dense,1.0,0.0,0.0,0.0,-1.0,-1.0,0.19255565,0.95117766,0.660044,0.3901079,0.26691896,0.19255565,0.28272855,0.3549059,0.57103634,0.594174,0.42320034,0.6784491,0.5937274,0.900365,0.83600044,0.7073495,0.7467999,0.75769556,0.82389563,0.5890751,0.7467409,0.7412161,0.95117766,0.85506296,0.88703287,0.919582,0.76897377,0.9223303
TGGATCGCGTCAGCTCTT,dense,1.0,0.0,0.0,0.0,-1.0,-1.0,0.070550464,0.68923855,0.2896249,0.20859693,0.08723315,0.08542579,0.1697194,0.20955114,0.33403075,0.22460277,0.10488318,0.16149394,0.25669804,0.08454854,0.22635837,0.070550464,0.15029168,0.21354957,0.42473397,0.48529992,0.31147859,0.544519,0.3490667,0.45928186,0.68923855,0.51028794,0.4378147,0.44136778
GAGGGACAGCAGCGCAAG,dense,1.0,0.0,0.0,0.0,-1.0,-1.0,0.2039442,0.97217786,0.6179462,0.5469981,0.59516335,0.589882,0.49669266,0.5868396,0.5743234,0.6686345,0.4467525,0.60052323,0.5929531,0.97217786,0.8018382,0.8497879,0.7316455,0.77963394,0.8099976,0.51528835,0.53996944,0.3847084,0.6515773,0.68315864,0.566022,0.7292174,0.2039442,0.5309273
AGGAAACGGCAGCCTCCG,dense,1.0,0.0,0.0,0.0,-1.0,-1.0,0.34071591,0.94793624,0.6503038,0.5455816,0.6449541,0.6357826,0.54115784,0.5952505,0.58358544,0.573405,0.5795903,0.5228069,0.54552984,0.94793624,0.71918553,0.7481903,0.47658882,0.63622785,0.47283593,0.6309177,0.34071591,0.7375293,0.83240753,0.8532307,0.91744673,0.7725839,0.46705648,0.93709666
AGGAACGCACCGACCGCG,dense,1.0,0.0,0.0,0.0,-1.0,-1.0,0.38900524,0.9809058,0.7282619,0.5485651,0.7072831,0.66577965,0.5547096,0.6233841,0.65581566,0.69178593,0.7678567,0.6807936,0.7001985,0.95695585,0.67122364,0.88057923,0.73567396,0.74702775,0.38900524,0.811835,0.4601089,0.8162754,0.76464206,0.8421911,0.94056165,0.8563462,0.7570435,0.9809058
AGGGGACAGCAGACAACG,dense,1.0,0.0,0.0,0.0,-1.0,-1.0,0.5929347,0.99128914,0.80808884,0.6312181,0.71692616,0.70912105,0.5929347,0.6794115,0.70119196,0.8351492,0.727692,0.8411937,0.83493435,0.99128914,0.90109175,0.9414725,0.9127798,0.8882057,0.7429545,0.76000994,0.62352514,0.84146917,0.90998346,0.88639027,0.8947276,0.82810146,0.884693,0.9257526
CGGATTTGGTAATCTCCT,dense,1.0,0.0,0.0,0.0,-1.0,-1.0,0.038481046,0.774166,0.33181658,0.22133437,0.06907843,0.0794309,0.18709144,0.1938412,0.28144556,0.27442902,0.083409816,0.14982753,0.36715692,0.087007806,0.28996685,0.038481046,0.13144834,0.25800166,0.5767606,0.309718,0.3264042,0.56344926,0.7465774,0.73396856,0.774166,0.5570907,0.5771778,0.41815117
GAGGGACAGCAGTTTGAG,dense,1.0,0.0,0.0,0.0,-1.0,-1.0,0.2620504,0.7977126,0.50333726,0.429967,0.2791715,0.2732567,0.3551044,0.36948487,0.5056345,0.5896699,0.2620504,0.4443013,0.506849,0.7597983,0.6121143,0.46114957,0.4584709,0.5540519,0.6917298,0.41905916,0.6002507,0.7280271,0.7977126,0.7215251,0.42445612,0.5952025,0.38204715,0.36234608
GGGGGCGAGCCGATAGAG,dense,1.0,0.0,0.0,0.0,-1.0,-1.0,0.12783577,0.9470676,0.61738646,0.3469014,0.19605064,0.12783577,0.23319864,0.31154317,0.5045647,0.5671552,0.29901323,0.74928164,0.609391,0.74819934,0.6846034,0.49869546,0.69926316,0.5796537,0.6505064,0.7208319,0.73354405,0.8726614,0.79997706,0.89562106,0.8783248,0.8685145,0.91226226,0.9470676
AGGAACGCACAAACCCCG,dense,1.0,0.0,0.0,0.0,-1.0,-1.0,0.40943748,0.9925322,0.7996264,0.6586761,0.8422599,0.76252425,0.6647666,0.7290054,0.72983676,0.8022132,0.8651829,0.77663064,0.83300215,0.9925322,0.8939064,0.9559958,0.9414044,0.9083753,0.40943748,0.7984872,0.52233374,0.755494,0.7756725,0.805902,0.9686688,0.7819749,0.84485173,0.9715256
TGAAACGCAACAACAGTG,dense,1.0,0.0,0.0,0.0,-1.0,-1.0,0.48777732,0.9912424,0.8053278,0.6506446,0.82513064,0.7551711,0.6567072,0.70258653,0.7520005,0.81597173,0.9011396,0.7955421,0.8586673,0.9912424,0.89987886,0.95603514,0.96434695,0.9251438,0.48777732,0.69004476,0.666725,0.83803266,0.83932084,0.7654236,0.9359101,0.79248023,0.7437828,0.9234894
CGGAGACGGCAGCGTACA,dense,1.0,0.0,0.0,0.0,-1.0,-1.0,0.3504187,0.8918373,0.59809303,0.43275914,0.41931203,0.39196765,0.3738805,0.4505633,0.5051789,0.6070559,0.3504187,0.6093693,0.52464443,0.7945959,0.7144319,0.4508746,0.5729244,0.48227116,0.7986563,0.5958012,0.3806237,0.55633736,0.7904259,0.8860546,0.8822575,0.8643456,0.62573737,0.8918373
TTAGGCGTGACGATAGGG,dense,1.0,0.0,0.0,0.0,-1.0,-1.0,0.06811749,0.6671121,0.30186072,0.2774924,0.107493594,0.0935402,0.21886073,0.2114691,0.34458604,0.41969562,0.11413928,0.3361374,0.44530416,0.07932329,0.21468458,0.06811749,0.21302213,0.15337905,0.30071816,0.22400384,0.5024481,0.63387895,0.52738637,0.6671121,0.27719223,0.46965423,0.23929408,0.40758577
CGGATCTGGTAACCTCCT,dense,1.0,0.0,0.0,0.0,-1.0,-1.0,0.11204844,0.8845695,0.43511763,0.27646318,0.15533283,0.18476877,0.24584968,0.27537382,0.37560132,0.37883425,0.22824843,0.20794511,0.42495382,0.29322734,0.45448062,0.11204844,0.2493661,0.47848725,0.6135855,0.56484896,0.4311863,0.52843463,0.68262637,0.8494437,0.8845695,0.68972725,0.62943554,0.6631019
GTGGGGCAGCCGATAGAG,dense,1.0,0.0,0.0,0.0,-1.0,-1.0,0.11327947,0.8506592,0.53555745,0.3123673,0.15805241,0.11327947,0.21911266,0.25727347,0.49412614,0.5536559,0.19716166,0.5988281,0.5268849,0.60217196,0.6328571,0.40245622,0.6250561,0.52186745,0.6512693,0.37884095,0.53142583,0.6930578,0.8506592,0.76112163,0.8491214,0.8259573,0.82765454,0.8046769
CGGGGACAGCAGCGTGAA,dense,1.0,0.0,0.0,0.0,-1.0,-1.0,0.31822163,0.9585975,0.6509884,0.41089943,0.36478347,0.31822163,0.3315295,0.41202632,0.5646268,0.5994346,0.38759062,0.64447266,0.58305395,0.87001944,0.83088005,0.6751883,0.7463973,0.69165546,0.84703356,0.55863744,0.5812271,0.6952737,0.9585975,0.8443164,0.84125656,0.9171878,0.7162294,0.88416994
TTAAGCGTAACGACAGTG,dense,1.0,0.0,0.0,0.0,-1.0,-1.0,0.4050299,0.843915,0.623709,0.4545302,0.4050299,0.46564713,0.45225403,0.40557095,0.62149274,0.66834044,0.6417211,0.62328154,0.6881376,0.7899227,0.59559023,0.64823776,0.72740823,0.7187644,0.52745724,0.47205803,0.5905761,0.68959236,0.73482186,0.7277174,0.73144513,0.843915,0.5657238,0.80348957
CGGGCACGGCAGTGTCCA,dense,1.0,0.0,0.0,0.0,-1.0,-1.0,0.11044543,0.66649634,0.32543132,0.28745466,0.2057888,0.158219,0.22881396,0.29041442,0.3789447,0.381082,0.17712988,0.27013296,0.353083,0.23306696,0.46994534,0.11044543,0.24742734,0.19688979,0.6662632,0.43027928,0.27142814,0.29213753,0.66649634,0.5544572,0.1575094,0.46297395,0.26210615,0.38329303
CGGACCGGGTCACCTCTT,dense,1.0,0.0,0.0,0.0,-1.0,-1.0,0.11481759,0.6755257,0.3723801,0.27650887,0.21312349,0.21119878,0.23623991,0.31120726,0.4717049,0.46295327,0.4798355,0.37378475,0.3863537,0.26309538,0.34059015,0.11481759,0.2160964,0.28386605,0.5767437,0.44692847,0.27029502,0.37501004,0.3213211,0.57948494,0.6755257,0.45318136,0.49560574,0.47403142
TTAGGCGCAACGACAGTG,dense,1.0,0.0,0.0,0.0,-1.0,-1.0,0.3835027,0.900699,0.624978,0.41310433,0.38735107,0.42643288,0.3835027,0.39483744,0.63880086,0.6768512,0.49560738,0.66795385,0.6981122,0.900699,0.7395277,0.798864,0.83777285,0.7758171,0.5159828,0.56090885,0.66618097,0.7143676,0.6917732,0.6153234,0.63088167,0.77910435,0.47392964,0.74076325
GCAGGAGAGCCGATAGAG,dense,1.0,0.0,0.0,0.0,-1.0,-1.0,0.30643505,0.9259126,0.6529661,0.5181978,0.51143086,0.5186532,0.46660557,0.5354811,0.54622066,0.6468452,0.30643505,0.7388547,0.5926431,0.9259126,0.6852752,0.68328536,0.7274287,0.6689803,0.644876,0.46903852,0.66468513,0.78685695,0.7968829,0.793914,0.67446864,0.81071615,0.76171887,0.84874684
CGGATCCGGCAACCTCCC,dense,1.0,0.0,0.0,0.0,-1.0,-1.0,0.33666837,0.91301537,0.6086934,0.35599408,0.39943555,0.42945918,0.33666837,0.41382632,0.5698261,0.5573747,0.43444714,0.5233154,0.56912804,0.8379795,0.7565138,0.58562326,0.59986275,0.6982645,0.5953567,0.70114136,0.42440793,0.5595009,0.7444547,0.8896719,0.91301537,0.75088096,0.6911305,0.8800573
CGGACACGGCAGTGTGCA,dense,1.0,0.0,0.0,0.0,-1.0,-1.0,0.15536417,0.7736984,0.3941153,0.34720623,0.3100953,0.26950863,0.2991106,0.34718034,0.40499383,0.39391756,0.27577117,0.245477,0.37317875,0.2729602,0.45691645,0.15536417,0.3039018,0.1978241,0.6556532,0.41058722,0.2159393,0.5254873,0.7736984,0.6713162,0.38678083,0.54966646,0.35793045,0.6524178
CGGATTTGGTGACCTCCT,dense,1.0,0.0,0.0,0.0,-1.0,-1.0,0.022424515,0.7529761,0.27707776,0.18695213,0.065258406,0.057229787,0.1531096,0.17888759,0.19875187,0.20895739,0.0454061,0.09936612,0.30237913,0.051412374,0.22786933,0.022424515,0.08101496,0.0791606,0.48035342,0.22847925,0.37873715,0.40588686,0.59469575,0.6974516,0.7529761,0.58890307,0.47365487,0.367625
GTAGGGCAGCCGATAGAG,dense,1.0,0.0,0.0,0.0,-1.0,-1.0,0.19933686,0.8346079,0.50265074,0.39749646,0.27820987,0.25367266,0.32225457,0.35554108,0.5273075,0.5727195,0.19933686,0.53741884,0.4621342,0.6896847,0.5383745,0.4694613,0.577872,0.50339276,0.5688526,0.2803227,0.4421668,0.57007664,0.8346079,0.682353,0.6519353,0.7266854,0.47094154,0.6534511
CCGGGACAGCAGTGTGCG,dense,1.0,0.0,0.0,0.0,-1.0,-1.0,0.22607826,0.89831746,0.49683467,0.32718208,0.27464798,0.22607826,0.27426606,0.323051,0.45802313,0.4647351,0.29544994,0.34533626,0.44092676,0.41790402,0.63279593,0.27236173,0.45377588,0.38690367,0.73374534,0.6522503,0.6417151,0.67416024,0.89831746,0.801014,0.52284396,0.79043525,0.6106631,0.50228524
AGGGGACAGCAGACAAAG,dense,1.0,0.0,0.0,0.0,-1.0,-1.0,0.56319636,0.9925212,0.8167456,0.656506,0.7408215,0.72363424,0.6136935,0.7030362,0.6975267,0.82710385,0.7148438,0.840043,0.8303027,0.9925212,0.90841585,0.94723177,0.9277259,0.89761126,0.86487246,0.7002133,0.56319636,0.879678,0.9010446,0.8831455,0.9152863,0.87774,0.8722846,0.94016206
AGGAACGAACCGACCGCG,dense,1.0,0.0,0.0,0.0,-1.0,-1.0,0.5472898,0.9863761,0.7976553,0.6200972,0.7670701,0.7170594,0.6223993,0.6845314,0.6904344,0.76288307,0.8542843,0.76904255,0.8086438,0.9863761,0.8387597,0.9293901,0.8801544,0.8565878,0.5472898,0.84926945,0.55212414,0.855707,0.7703293,0.8890973,0.95531404,0.89877564,0.8511738,0.98458594
CGGATCCGGTAATCTCCT,dense,1.0,0.0,0.0,0.0,-1.0,-1.0,0.11812116,0.76775026,0.42451587,0.28470588,0.17119431,0.20555219,0.25379354,0.29011604,0.4305111,0.4379604,0.29678845,0.28605473,0.4215608,0.25161657,0.43990278,0.11812116,0.24812505,0.47524247,0.63835716,0.55536145,0.3504679,0.5863836,0.7606336,0.76775026,0.7530128,0.50919783,0.5969733,0.48351297
TGGAACGCACCAACCGTG,dense,1.0,0.0,0.0,0.0,-1.0,-1.0,0.4930515,0.97136354,0.7499209,0.49323955,0.6286362,0.62935394,0.4930515,0.53682274,0.70358545,0.7449933,0.8488675,0.7480108,0.787743,0.97136354,0.8677977,0.9351323,0.9134574,0.900285,0.5025815,0.7769115,0.5789395,0.75116944,0.57891834,0.8016924,0.9533665,0.8383412,0.79627216,0.9674904
AGGACCGCGCAAACCCCT,dense,1.0,0.0,0.0,0.0,-1.0,-1.0,0.322647,0.95313287,0.6412447,0.5373807,0.7045023,0.66701734,0.5342183,0.6174939,0.62545764,0.62085605,0.58489805,0.6893289,0.63299155,0.95313287,0.70542336,0.85081524,0.76873946,0.7518872,0.37311113,0.6916459,0.322647,0.67358327,0.4409237,0.5384116,0.79871607,0.49132586,0.5828219,0.87378895
GGGGGACAGCAGCGCGAG,dense,1.0,0.0,0.0,0.0,-1.0,-1.0,0.25444666,0.9369272,0.6663644,0.4133654,0.34345788,0.25444666,0.31119147,0.40816435,0.58552027,0.6246202,0.4734958,0.7104507,0.6083469,0.9369272,0.86105317,0.77212745,0.7474781,0.7967023,0.7816099,0.6147797,0.73744947,0.66174984,0.91752577,0.80010974,0.82163966,0.89151615,0.6898652,0.8955138
AGGGGAGAGCAGACAGAG,dense,1.0,0.0,0.0,0.0,-1.0,-1.0,0.43982098,0.9882178,0.77306104,0.6125955,0.6131925,0.60661095,0.54008,0.63208663,0.63468915,0.7884479,0.43982098,0.8435009,0.7980947,0.9882178,0.8753463,0.9149782,0.8911664,0.8491118,0.7314113,0.71201545,0.597837,0.931438,0.92138565,0.8791117,0.8126806,0.8756354,0.8832968,0.95377797
AGGAAAGAACCGACAGCG,dense,1.0,0.0,0.0,0.0,-1.0,-1.0,0.57848185,0.996228,0.84073174,0.7041599,0.8431519,0.7680429,0.69819605,0.76569027,0.73105186,0.80626017,0.8838748,0.8388072,0.8697323,0.996228,0.9123789,0.9621891,0.9427203,0.9184917,0.6267696,0.7486586,0.57848185,0.87636566,0.8964769,0.8965351,0.9608783,0.88842666,0.9160583,0.98866606
TGGAACGCAACAACCGTG,dense,1.0,0.0,0.0,0.0,-1.0,-1.0,0.56029254,0.98838216,0.78697866,0.5617822,0.70221096,0.6841222,0.56029254,0.59934056,0.742981,0.79414386,0.8885693,0.8415604,0.8557054,0.98838216,0.9235821,0.9573301,0.95343304,0.9302618,0.61164415,0.76015806,0.623634,0.794113,0.56241244,0.76849437,0.9536378,0.8305049,0.8352724,0.9508969
GAGGGGCAGCAGCTAGAG,dense,1.0,0.0,0.0,0.0,-1.0,-1.0,0.24636018,0.8630533,0.5438868,0.4437602,0.34775007,0.2946385,0.34915847,0.42628938,0.4713035,0.55645347,0.24636018,0.4372386,0.49060923,0.8630533,0.639827,0.6011019,0.61696553,0.5534754,0.60988533,0.4034227,0.66157395,0.6205326,0.846728,0.78640413,0.7304176,0.64209855,0.5206818,0.43744037
GGGAACGAACCGACAGCG,dense,1.0,0.0,0.0,0.0,-1.0,-1.0,0.5813343,0.9928029,0.8267722,0.60165226,0.7185653,0.6971256,0.5813343,0.65606064,0.7188083,0.78837675,0.8832132,0.80107063,0.85253817,0.9928029,0.91985345,0.9508251,0.9387385,0.9263085,0.64040726,0.8460219,0.7116217,0.8294635,0.8596734,0.9228025,0.97085637,0.9172544,0.95632166,0.98760843
CGGACCGCACCAGCCGTT,dense,1.0,0.0,0.0,0.0,-1.0,-1.0,0.34369722,0.82512236,0.59121823,0.3852041,0.5253948,0.51706004,0.37533483,0.47406498,0.6293317,0.6060102,0.6387018,0.55571157,0.60095215,0.82512236,0.66397446,0.7967553,0.7355404,0.7208387,0.4525488,0.7014061,0.51900864,0.51140016,0.34369722,0.5322562,0.7908854,0.5728083,0.63602304,0.67042565
CGGGGACAGCAGCGTGAG,dense,1.0,0.0,0.0,0.0,-1.0,-1.0,0.27180472,0.9654889,0.655916,0.38837293,0.33300257,0.27180472,0.30834767,0.38470498,0.5646268,0.5994346,0.38759062,0.64447266,0.58305395,0.84332186,0.81342643,0.654909,0.7138317,0.68421096,0.85045594,0.5720972,0.76202065,0.79180354,0.9654889,0.8492302,0.8785217,0.91616344,0.7292652,0.9077421
AGGAACGAACAGACAACG,dense,1.0,0.0,0.0,0.0,-1.0,-1.0,0.6137217,0.9969861,0.8708072,0.715207,0.86952794,0.7892458,0.7168353,0.78372496,0.7574616,0.8688673,0.91032356,0.8579594,0.9091689,0.9969861,0.93650806,0.96808505,0.9663471,0.93024325,0.72356665,0.9074792,0.6137217,0.8998958,0.8844685,0.9381461,0.98003894,0.89763767,0.96161443,0.98711884
AGGAGACAGCAGCATACA,dense,1.0,0.0,0.0,0.0,-1.0,-1.0,0.35315496,0.988927,0.7809166,0.6462009,0.75052,0.72104156,0.63129276,0.69334435,0.64527494,0.79220814,0.54440165,0.77907956,0.7458055,0.988927,0.878809,0.9159214,0.892773,0.8576718,0.72339785,0.73960143,0.35315496,0.77858144,0.922726,0.9170826,0.94992024,0.9004398,0.8377745,0.9169651
GTAGGCGCGACGATAGAG,dense,1.0,0.0,0.0,0.0,-1.0,-1.0,0.2509391,0.69734204,0.47897312,0.39115018,0.27308092,0.25167564,0.3167674,0.35258898,0.52196515,0.6079469,0.2509391,0.66974634,0.5204791,0.624247,0.48254606,0.35284305,0.57302624,0.4329622,0.39096233,0.39308026,0.4916869,0.55328655,0.67002505,0.6139515,0.5028095,0.69343096,0.34578827,0.69734204
AGGAAACGGCAGCATACA,dense,1.0,0.0,0.0,0.0,-1.0,-1.0,0.2769359,0.979158,0.7484039,0.6444595,0.75230914,0.72042954,0.6324592,0.6924274,0.62790203,0.72525764,0.6874021,0.6851074,0.69263995,0.979158,0.79995257,0.8535275,0.7949597,0.74567884,0.6992925,0.7402369,0.2769359,0.7499405,0.8549001,0.9179794,0.93969107,0.8762464,0.6902598,0.9309432
GGAAACGCAACGACAGTG,dense,1.0,0.0,0.0,0.0,-1.0,-1.0,0.504032,0.99065304,0.781616,0.64423716,0.78426373,0.73322177,0.6388083,0.7022627,0.72332186,0.77604043,0.87391186,0.7732575,0.8106981,0.99065304,0.86188585,0.9354159,0.9388682,0.9005015,0.53080165,0.6765393,0.504032,0.7026088,0.8276071,0.7416861,0.92800087,0.81388694,0.8002333,0.9276537
GCAGGCGAGCCGATAGAG,dense,1.0,0.0,0.0,0.0,-1.0,-1.0,0.22913979,0.84537065,0.5853135,0.4316869,0.41376904,0.3905582,0.37101477,0.45186216,0.4985156,0.53783375,0.22913979,0.6258392,0.521474,0.75095546,0.5205304,0.46293882,0.6073815,0.48378864,0.5849999,0.602557,0.6522823,0.750959,0.75003725,0.83554745,0.71189785,0.8444261,0.75747,0.84537065
GAGGGACAGCAGCGTGAG,dense,1.0,0.0,0.0,0.0,-1.0,-1.0,0.33447003,0.9062317,0.5872966,0.47324768,0.4255157,0.3828528,0.39968586,0.46663982,0.5550093,0.5809176,0.337575,0.53486776,0.5130292,0.9062317,0.6955506,0.7057669,0.6209294,0.60719115,0.77098256,0.42301753,0.6398312,0.5131298,0.8795867,0.7532831,0.63571537,0.83921075,0.33447003,0.688179
AGGGGAGAGCAGACAGCG,dense,1.0,0.0,0.0,0.0,-1.0,-1.0,0.39504638,0.98591715,0.74529696,0.5851145,0.58127385,0.56235904,0.51194715,0.6036987,0.62370956,0.7646023,0.39504638,0.8123155,0.77457035,0.98591715,0.8615757,0.9011954,0.86294097,0.8306534,0.5668283,0.7059064,0.66332006,0.90185124,0.9149411,0.8740731,0.7348611,0.822399,0.8559199,0.935401
AGGATCGGGTCACCTCCT,dense,1.0,0.0,0.0,0.0,-1.0,-1.0,0.107481636,0.83179855,0.3905332,0.31559014,0.1973157,0.19747762,0.27145663,0.2969929,0.4223672,0.38631257,0.2342172,0.28350782,0.36336043,0.24220183,0.2570174,0.107481636,0.12728997,0.20095995,0.47525436,0.5428829,0.35419554,0.5124045,0.37652162,0.83179855,0.8179812,0.7086421,0.46830204,0.7717987
CGGGGACGGCAGCGTACA,dense,1.0,0.0,0.0,0.0,-1.0,-1.0,0.19101642,0.85625434,0.52688813,0.3479673,0.2584992,0.19101642,0.26032847,0.34151608,0.4899346,0.5709856,0.34247595,0.5694852,0.51087546,0.60822946,0.68187165,0.29356256,0.49553493,0.36368313,0.81579614,0.6088382,0.518079,0.4102901,0.7789214,0.85625434,0.69117826,0.84825337,0.5227131,0.79591304
TTAAGCGTAACGGTAGTG,dense,1.0,0.0,0.0,0.0,-1.0,-1.0,0.17129144,0.68279785,0.39422357,0.35462034,0.19460292,0.22067766,0.32708645,0.2754385,0.4844751,0.49418616,0.45679626,0.3233879,0.49049723,0.19174094,0.29001474,0.17129144,0.3537612,0.26983082,0.2777781,0.34426838,0.64643526,0.6044547,0.55277365,0.5678522,0.68279785,0.6288416,0.35871717,0.29326272
TGAGGCGCAACGACAGTG,dense,1.0,0.0,0.0,0.0,-1.0,-1.0,0.40958995,0.9568256,0.6962466,0.45602873,0.45716578,0.48317257,0.40958995,0.46147996,0.6420655,0.71203816,0.56652355,0.7398348,0.7343991,0.9568256,0.7980184,0.8697951,0.88447225,0.83667034,0.5522634,0.7002342,0.7710479,0.85264754,0.75614154,0.69572,0.7892397,0.7826629,0.6310804,0.8670484
GCGGGACAGCAGCGCGAG,dense,1.0,0.0,0.0,0.0,-1.0,-1.0,0.3408444,0.90072405,0.6429708,0.41247338,0.41677338,0.34943855,0.3408444,0.44180942,0.57106096,0.6017158,0.4183451,0.63157254,0.5633429,0.90072405,0.81730545,0.69981194,0.70703965,0.73643196,0.7804616,0.60623574,0.6917393,0.5798106,0.87954247,0.778965,0.7798399,0.89990073,0.67402685,0.7950579
GCGGGGCAGCCGATAGAG,dense,1.0,0.0,0.0,0.0,-1.0,-1.0,0.19162773,0.8882022,0.5937399,0.34884974,0.2550574,0.19162773,0.25770295,0.3426016,0.5055751,0.57613015,0.2832842,0.64087796,0.56173724,0.69776505,0.63495135,0.46871656,0.6713007,0.54425925,0.7386447,0.56630677,0.7000649,0.7295316,0.8882022,0.8344494,0.8864555,0.84474087,0.8861823,0.78848284
GCGGGACAGCAGATAAAG,dense,1.0,0.0,0.0,0.0,-1.0,-1.0,0.50897163,0.9829775,0.7909605,0.5602409,0.5883152,0.6336995,0.50897163,0.59263486,0.63818514,0.7967659,0.68056047,0.81538427,0.7856059,0.9829775,0.9055913,0.8981598,0.92683375,0.89590305,0.8938555,0.7200286,0.74889416,0.84895205,0.8502766,0.8914662,0.93302774,0.8587062,0.9428196,0.8761556
CGGACACGGCAGCCTCCA,dense,1.0,0.0,0.0,0.0,-1.0,-1.0,0.23205955,0.8412641,0.551265,0.40519163,0.5044715,0.5054059,0.39022422,0.4778228,0.5542855,0.53025055,0.47986442,0.42945945,0.46226758,0.8412641,0.725813,0.5143039,0.4856004,0.59179133,0.6651948,0.4523767,0.23205955,0.44606552,0.7038623,0.7427485,0.7564527,0.62146324,0.42342186,0.83996314
TTAGGCGTAACGACAGTG,dense,1.0,0.0,0.0,0.0,-1.0,-1.0,0.2470545,0.82315487,0.56001306,0.37696746,0.2470545,0.28542504,0.33870742,0.30967498,0.5990733,0.6491499,0.49692863,0.5766574,0.665432,0.67058146,0.57101333,0.5224791,0.66817814,0.67430854,0.5436135,0.4908485,0.69591624,0.68156993,0.6844556,0.68477386,0.5570633,0.82315487,0.48424825,0.7030516
CGGATCCGGCAATCTCCC,dense,1.0,0.0,0.0,0.0,-1.0,-1.0,0.29405457,0.83965594,0.5176647,0.3232789,0.29405457,0.3279516,0.2998576,0.3625407,0.48084056,0.48332083,0.32796857,0.3905132,0.4848973,0.6326965,0.67621434,0.34138268,0.45546556,0.6175317,0.58732486,0.6176081,0.32424012,0.603996,0.7472528,0.83965594,0.76328975,0.5861245,0.61509734,0.75851256
GGAGGCGCAACGACAGCG,dense,1.0,0.0,0.0,0.0,-1.0,-1.0,0.44958866,0.981598,0.72253686,0.5104944,0.57068163,0.56646734,0.45549837,0.5567962,0.65878755,0.72857535,0.6132887,0.7532509,0.7596875,0.981598,0.8289616,0.90389574,0.9055617,0.8644294,0.44958866,0.64563245,0.763519,0.74820954,0.8163231,0.7587935,0.78862345,0.7887733,0.7278103,0.91817325
AGGATCCGGCAACCTCCT,dense,1.0,0.0,0.0,0.0,-1.0,-1.0,0.3988446,0.9076834,0.6042369,0.41875157,0.460233,0.5045581,0.40661266,0.45140868,0.5709679,0.55306304,0.3988446,0.5337964,0.55816036,0.85735655,0.6591181,0.66767365,0.4981949,0.6308411,0.5181766,0.7273089,0.43367028,0.53992194,0.70538217,0.881996,0.9076834,0.7323078,0.6237304,0.86616474
CGGGGACAGCAGCGTAAA,dense,1.0,0.0,0.0,0.0,-1.0,-1.0,0.3914585,0.941755,0.6910348,0.4614131,0.44884345,0.4447156,0.3914585,0.4787692,0.5848285,0.6774779,0.47311205,0.7101797,0.6528345,0.941755,0.8696174,0.787787,0.82618856,0.78959334,0.89653367,0.60257506,0.46658748,0.6641883,0.915051,0.8594945,0.8764062,0.9146397,0.68809706,0.8537217
AGGAACGCACCAACCGTT,dense,1.0,0.0,0.0,0.0,-1.0,-1.0,0.4173799,0.9786518,0.75784075,0.59681606,0.76518035,0.71380574,0.5989656,0.6616875,0.6962847,0.75178784,0.8576977,0.7418161,0.7909543,0.9786518,0.7989824,0.9362612,0.90102583,0.8601584,0.4973469,0.74159676,0.4173799,0.7835852,0.5916043,0.7968137,0.937179,0.81290555,0.7712862,0.9462459
AGGAAACAGCAGAACACG,dense,1.0,0.0,0.0,0.0,-1.0,-1.0,0.4871034,0.99577063,0.85163987,0.71939665,0.87303144,0.79098934,0.72103053,0.7871258,0.7364449,0.84303236,0.8740477,0.8519286,0.8738929,0.99577063,0.91766953,0.95251095,0.9446766,0.90839314,0.69722617,0.89122444,0.4871034,0.8961252,0.91857696,0.9009425,0.9692508,0.8682015,0.8980632,0.9743411
CGGAGACGGCAGCGTGCA,dense,1.0,0.0,0.0,0.0,-1.0,-1.0,0.24101032,0.9072001,0.52891177,0.38048124,0.3368146,0.27206233,0.3133753,0.38565585,0.4633844,0.47543317,0.24101032,0.4790475,0.42964834,0.5947928,0.6309785,0.30698457,0.45042276,0.3333709,0.70594764,0.50649345,0.40762186,0.60036284,0.8840716,0.86545026,0.82106566,0.8610927,0.5700234,0.9072001
TGCAACGCAACAACCGTT,dense,1.0,0.0,0.0,0.0,-1.0,-1.0,0.5423586,0.9760034,0.7729925,0.5423586,0.7353823,0.692835,0.5477033,0.597656,0.7282458,0.78333765,0.89326644,0.83163124,0.83840376,0.9760034,0.886104,0.9321768,0.9475999,0.9073997,0.7054325,0.68846667,0.61842257,0.7539855,0.6090823,0.6740142,0.91821444,0.77772623,0.81430715,0.92505664
AGGACCGAGCAAACCCCT,dense,1.0,0.0,0.0,0.0,-1.0,-1.0,0.39937845,0.9824996,0.71764654,0.6080441,0.76474196,0.7175353,0.6064666,0.67676395,0.6707805,0.731595,0.6747208,0.79414874,0.7556493,0.9824996,0.8523081,0.91207623,0.8909001,0.8530124,0.39937845,0.75885826,0.41299734,0.7259418,0.41230273,0.6786227,0.85738677,0.5735269,0.7527033,0.8782045
AGGGGACAGCAGAACACG,dense,1.0,0.0,0.0,0.0,-1.0,-1.0,0.5997302,0.99179876,0.81347954,0.6387686,0.7234087,0.7131145,0.5997302,0.685563,0.6916992,0.8388509,0.7403747,0.8481499,0.8399572,0.99179876,0.8981608,0.94227386,0.9170335,0.8862163,0.72377473,0.8763708,0.64878565,0.8466067,0.90328044,0.8634716,0.89227515,0.84550565,0.85568964,0.92613006
GGAGGCGCGACGATAGGG,dense,1.0,0.0,0.0,0.0,-1.0,-1.0,0.21177123,0.7137119,0.4990507,0.38985816,0.2798741,0.21177123,0.29595798,0.3686718,0.4939377,0.61996293,0.3013836,0.6599893,0.564151,0.6973937,0.5013412,0.42067784,0.59294367,0.44748944,0.28948066,0.49082536,0.5797433,0.7063036,0.7137119,0.63899505,0.5627344,0.48742437,0.49426174,0.66738594
GGGGGCGCACCGACAGCG,dense,1.0,0.0,0.0,0.0,-1.0,-1.0,0.22916318,0.9641293,0.6727799,0.34804437,0.3151225,0.22916318,0.26249546,0.37504405,0.613811,0.64418364,0.5364275,0.6918176,0.6757934,0.9154469,0.740247,0.801442,0.8098585,0.7834801,0.51123476,0.80746114,0.7444918,0.73794574,0.8375677,0.8441878,0.8708518,0.8672052,0.8920461,0.9641293
TTAAGCGTAACGGCAGTG,dense,1.0,0.0,0.0,0.0,-1.0,-1.0,0.27494,0.7484478,0.43804812,0.38303694,0.27494,0.30243868,0.3608029,0.3212543,0.53295493,0.5044014,0.45851162,0.3531014,0.5168321,0.35324273,0.38026917,0.29884735,0.4352778,0.37213907,0.33041123,0.43535274,0.61519057,0.5694721,0.62911606,0.56794584,0.59317935,0.7484478,0.2975104,0.3165264
CGGAGACAGCAGCATACA,dense,1.0,0.0,0.0,0.0,-1.0,-1.0,0.4568582,0.98403025,0.78168315,0.58057696,0.68736255,0.68012273,0.5653325,0.6318,0.64086574,0.7935915,0.5796523,0.77131814,0.7536225,0.98403025,0.9150304,0.9046882,0.91225195,0.8779563,0.8137724,0.73568785,0.4568582,0.7558728,0.9278047,0.9172701,0.9554724,0.9097495,0.87544054,0.9159462
AGGACCGCGCCACCTCCT,dense,1.0,0.0,0.0,0.0,-1.0,-1.0,0.30940846,0.83269554,0.51299876,0.39853123,0.5110109,0.51043427,0.3865795,0.4811675,0.57190096,0.49129462,0.43258157,0.4555381,0.44331902,0.7845158,0.45473883,0.6464239,0.35472682,0.5201561,0.37257454,0.5475467,0.30940846,0.41655222,0.4344136,0.66696787,0.789794,0.5461127,0.46598443,0.83269554
GAGGGACAGCAGATCGAG,dense,1.0,0.0,0.0,0.0,-1.0,-1.0,0.4921341,0.9720079,0.69023436,0.5449784,0.5424534,0.5601,0.4921341,0.558861,0.6051197,0.73858035,0.5326886,0.75095004,0.6762704,0.9720079,0.801917,0.8498118,0.7747802,0.8159821,0.75787973,0.56421584,0.6333491,0.76514673,0.7854319,0.78972846,0.6543147,0.7535717,0.5604829,0.7751019
GGGAACGCACCAACAGTG,dense,1.0,0.0,0.0,0.0,-1.0,-1.0,0.5600447,0.9894545,0.8000696,0.5812443,0.7185825,0.6932704,0.5664961,0.64105105,0.7239466,0.7827414,0.8881133,0.7736971,0.83810014,0.9894545,0.89521444,0.9566772,0.949546,0.9252652,0.5600447,0.7847796,0.5974284,0.6894016,0.8530427,0.8568669,0.96849805,0.86037034,0.9384995,0.9694123
CGGATCCGGCGATCTCCT,dense,1.0,0.0,0.0,0.0,-1.0,-1.0,0.1023192,0.7006005,0.34089133,0.25369146,0.16774012,0.16388544,0.21732464,0.28294,0.36490926,0.36171857,0.13824949,0.25653797,0.3069401,0.17576075,0.44945583,0.1023192,0.19193353,0.22741103,0.5682786,0.41320115,0.39125162,0.34292272,0.57644856,0.7006005,0.48641726,0.44412944,0.42287546,0.5153406
AGGAAAGAACAGACAACG,dense,1.0,0.0,0.0,0.0,-1.0,-1.0,0.5979894,0.99865806,0.8810812,0.7507634,0.89411074,0.81355006,0.74733603,0.819331,0.7700045,0.87775254,0.9165858,0.88813317,0.9242899,0.99865806,0.95930785,0.97823226,0.9744106,0.9484051,0.7636101,0.86334294,0.5979894,0.9116309,0.9069944,0.92826855,0.97535115,0.87674606,0.9535591,0.98866826
CGGATTTGGTAACCTCCT,dense,1.0,0.0,0.0,0.0,-1.0,-1.0,0.069767706,0.9195141,0.40393016,0.24492949,0.095846534,0.1147686,0.21103688,0.22404662,0.36875403,0.33780453,0.12608144,0.23529522,0.45008847,0.19564068,0.40965444,0.069767706,0.19758792,0.38504633,0.58397156,0.3862988,0.4188978,0.55911857,0.7583394,0.81019956,0.9195141,0.7236929,0.64323187,0.6286412
AGGAGACAGCAGACCACG,dense,1.0,0.0,0.0,0.0,-1.0,-1.0,0.41080558,0.9906301,0.7959215,0.65369225,0.77591056,0.72921693,0.6417927,0.7120535,0.67823124,0.82878315,0.67104733,0.8140418,0.80992496,0.9906301,0.8897072,0.93079734,0.89043933,0.8766272,0.6677497,0.7776681,0.41080558,0.85330796,0.8974313,0.8731638,0.93291205,0.8306174,0.8108828,0.9506015
TGGACCGCACCAGCCGTT,dense,1.0,0.0,0.0,0.0,-1.0,-1.0,0.26546463,0.811232,0.5767541,0.3467095,0.40069276,0.4217042,0.3269311,0.39946166,0.6412456,0.5793587,0.5822007,0.57252836,0.57832956,0.811232,0.6702028,0.7777647,0.7068806,0.73968905,0.38303095,0.74911135,0.5860118,0.5738765,0.26546463,0.5448112,0.807743,0.604383,0.61361045,0.7358759
AGGAAACACCAGAACACG,dense,1.0,0.0,0.0,0.0,-1.0,-1.0,0.51630163,0.995336,0.8467552,0.70759875,0.8874571,0.80047226,0.72118074,0.78281766,0.7595711,0.8518526,0.9207293,0.8566577,0.8750835,0.995336,0.8984463,0.964263,0.95213896,0.91132003,0.6704184,0.8846476,0.51630163,0.84174436,0.8674088,0.83980155,0.96189827,0.8475872,0.87213963,0.9820077
CGGGGACAGCAGTGTGCA,dense,1.0,0.0,0.0,0.0,-1.0,-1.0,0.18963812,0.9215082,0.5165221,0.35146844,0.23734996,0.18963812,0.26907054,0.31601903,0.4452553,0.50267476,0.25740823,0.4097136,0.5092458,0.6095863,0.7296968,0.3728852,0.54541576,0.5043927,0.75436187,0.5692597,0.5488532,0.6784218,0.9215082,0.7646468,0.4465746,0.75939214,0.62549347,0.5947197
GTAGGCGCAACGATAGTG,dense,1.0,0.0,0.0,0.0,-1.0,-1.0,0.35220003,0.90726924,0.5997755,0.43084344,0.35220003,0.37867033,0.375066,0.3974705,0.6074646,0.65205264,0.4628278,0.70494413,0.631225,0.90726924,0.70719165,0.7510511,0.83498365,0.76886714,0.4522567,0.52017295,0.6926956,0.5817073,0.6645106,0.58961743,0.63842136,0.65788007,0.5860728,0.6489242
AGGAAACGGCAGCATACG,dense,1.0,0.0,0.0,0.0,-1.0,-1.0,0.46031794,0.9770561,0.7523889,0.63004506,0.73178256,0.7099503,0.61661947,0.6748456,0.62790203,0.72525764,0.6874021,0.6851074,0.69263995,0.9770561,0.78083843,0.8533722,0.76597,0.74402255,0.6269223,0.7564801,0.46031794,0.7886776,0.8870661,0.9253094,0.9576238,0.87583137,0.6821466,0.946536
AGGAACGACCAGACCACG,dense,1.0,0.0,0.0,0.0,-1.0,-1.0,0.4590533,0.9881132,0.79754096,0.6457112,0.8053414,0.74137443,0.6502793,0.71520513,0.7059788,0.82600445,0.8540506,0.80301553,0.819951,0.9881132,0.83235365,0.93469507,0.89402217,0.8619796,0.5757054,0.89788306,0.4590533,0.8728647,0.6681018,0.8559856,0.9318586,0.8137885,0.81253296,0.9726725
AGGAACGCACCAACCACG,dense,1.0,0.0,0.0,0.0,-1.0,-1.0,0.48637974,0.98854476,0.7881938,0.63859504,0.825962,0.7517315,0.64430225,0.712343,0.7131919,0.8019932,0.8724024,0.759125,0.8321053,0.98854476,0.8532204,0.9466254,0.92082053,0.8858642,0.48637974,0.79012644,0.49693736,0.76002055,0.6190056,0.86506945,0.9622782,0.81370336,0.79569924,0.96879816
CGGGCACGGCAGTGTCCC,dense,1.0,0.0,0.0,0.0,-1.0,-1.0,0.10329744,0.6996384,0.3226347,0.27490297,0.19625892,0.14827675,0.22001639,0.28356463,0.3789447,0.381082,0.17712988,0.27013296,0.353083,0.21750572,0.43996236,0.10329744,0.2226254,0.18511274,0.60116535,0.3730546,0.37104985,0.335683,0.6996384,0.5616206,0.16547228,0.44182518,0.27405575,0.39040607
AGGAACCACCAAACCACG,dense,1.0,0.0,0.0,0.0,-1.0,-1.0,0.52097255,0.99188614,0.8139758,0.66670924,0.8789287,0.78879607,0.6809897,0.74577874,0.7417737,0.82743794,0.89862734,0.79321367,0.8393746,0.99188614,0.8918054,0.96428007,0.9505892,0.90928906,0.5496673,0.83803934,0.52097255,0.80149126,0.72904426,0.8525785,0.9649693,0.74770355,0.82663995,0.94880694
GCGGGACAGCAGCTCGAG,dense,1.0,0.0,0.0,0.0,-1.0,-1.0,0.33529335,0.910094,0.6638181,0.400113,0.37696692,0.3438294,0.33529335,0.41475573,0.550158,0.5996954,0.48516068,0.5935313,0.5560497,0.910094,0.83296824,0.69314396,0.6887718,0.79063755,0.77104026,0.61931556,0.7496518,0.82350683,0.8965895,0.86781824,0.8596746,0.88543624,0.75477034,0.7964804
AGGGGAGAGCAGACAACG,dense,1.0,0.0,0.0,0.0,-1.0,-1.0,0.5118811,0.99202853,0.7841388,0.63162583,0.66251695,0.6652216,0.56976235,0.66041684,0.6410427,0.80991507,0.5118811,0.85651636,0.8198058,0.99202853,0.90011746,0.93124515,0.9033524,0.87342083,0.7089611,0.8103609,0.59580594,0.89614433,0.85834277,0.89156836,0.80729365,0.80587476,0.87899363,0.92125124
GGAGGCGCAACGATAGTG,dense,1.0,0.0,0.0,0.0,-1.0,-1.0,0.39911833,0.9613132,0.6826174,0.47158825,0.42026138,0.42439094,0.39911833,0.46713337,0.605063,0.69557714,0.56948143,0.76102924,0.7085104,0.9613132,0.7677665,0.8389963,0.88298124,0.8298632,0.4832727,0.6692992,0.8004054,0.7480095,0.7521693,0.69860584,0.8265804,0.6914591,0.7731234,0.8194363
TGGATCGCGCCAGCTCTT,dense,1.0,0.0,0.0,0.0,-1.0,-1.0,0.114730224,0.70638424,0.35933533,0.23570277,0.13382792,0.131872,0.19795288,0.2541908,0.41629735,0.2683685,0.114730224,0.20896137,0.3207292,0.25341842,0.43240172,0.22974849,0.28856066,0.37618524,0.48669273,0.5659211,0.31284013,0.5132196,0.31179044,0.53999126,0.70638424,0.5905176,0.403455,0.6896226
TGCACCGCGCCAGCTGTT,dense,1.0,0.0,0.0,0.0,-1.0,-1.0,0.19937395,0.5315438,0.33508182,0.2649643,0.24845107,0.24507405,0.23511511,0.32551038,0.46139014,0.28076476,0.21795051,0.22450534,0.29327825,0.19937395,0.30221596,0.22377904,0.31740895,0.26119867,0.398507,0.49598756,0.4298973,0.32720932,0.44716626,0.36892518,0.5126552,0.4315517,0.33262274,0.5315438
AGGAACGCACAAACCACG,dense,1.0,0.0,0.0,0.0,-1.0,-1.0,0.5086093,0.9942994,0.8274912,0.67788345,0.861465,0.7785332,0.68731046,0.75134695,0.74007607,0.8351576,0.8845593,0.7987035,0.8572956,0.9942994,0.90864354,0.9636235,0.9567393,0.9177665,0.5086093,0.86863214,0.5218601,0.8500918,0.7934651,0.88711035,0.9749296,0.8148418,0.88122463,0.97310954
CGGATCCGGTGATCTCCT,dense,1.0,0.0,0.0,0.0,-1.0,-1.0,0.038591307,0.64801025,0.26968518,0.22367708,0.10697612,0.10545666,0.18741247,0.23096295,0.24650943,0.25706363,0.07635453,0.12078412,0.25139984,0.06382694,0.23589598,0.038591307,0.10126128,0.11771309,0.5420251,0.35999995,0.35503647,0.40707788,0.5979154,0.64801025,0.44657844,0.35727704,0.42803293,0.23629124
GTAGGGCCGCCGATAGAG,dense,1.0,0.0,0.0,0.0,-1.0,-1.0,0.16685337,0.8119943,0.38372517,0.31838214,0.20678878,0.16685337,0.2505733,0.29325762,0.47576648,0.45123285,0.180027,0.4456781,0.33442873,0.31238526,0.29738584,0.23696305,0.34166282,0.27353778,0.44148996,0.28392106,0.32729647,0.39657873,0.8119943,0.5722505,0.52233386,0.70261776,0.29427704,0.65544623
GGGGGAGAGCAGACAGAG,dense,1.0,0.0,0.0,0.0,-1.0,-1.0,0.39215773,0.98797125,0.76123595,0.53789496,0.44856316,0.39215773,0.41853115,0.5237699,0.63804287,0.78720886,0.512302,0.84949756,0.81025815,0.98797125,0.9253047,0.9072794,0.9213732,0.89968973,0.7861978,0.70462614,0.6829792,0.89320993,0.89691365,0.88357145,0.8527587,0.8895076,0.92113066,0.96016026
GAGGGACAGCAGACCAAG,dense,1.0,0.0,0.0,0.0,-1.0,-1.0,0.3981796,0.98967767,0.71800035,0.6169054,0.7030891,0.69576687,0.5820942,0.6654906,0.66156965,0.8035061,0.6513365,0.7563661,0.7680995,0.98967767,0.884329,0.9271136,0.88201034,0.87664455,0.8269347,0.5915181,0.46591872,0.63479596,0.67986864,0.7373417,0.65864086,0.75159585,0.3981796,0.7412167
CCGGGACGGCAGTGTGCA,dense,1.0,0.0,0.0,0.0,-1.0,-1.0,0.07002703,0.78753847,0.3456681,0.27219173,0.17724748,0.12187506,0.20965895,0.2630666,0.35833415,0.35021523,0.20593245,0.24424097,0.31299326,0.09467016,0.38399702,0.07002703,0.22431684,0.0982422,0.717925,0.5239453,0.34628588,0.39855576,0.78753847,0.7635603,0.23652007,0.73526144,0.364865,0.38023713
TGGAACGCACCAACCGTT,dense,1.0,0.0,0.0,0.0,-1.0,-1.0,0.45892596,0.96869767,0.7498059,0.49240384,0.6201121,0.62802017,0.48857394,0.53188264,0.70358545,0.7449933,0.8488675,0.7480108,0.787743,0.96869767,0.8654192,0.934695,0.91196334,0.8975905,0.5761425,0.7999032,0.59622693,0.77862006,0.45892596,0.80990076,0.9467631,0.83485484,0.811298,0.9599561
CGGACCGCGCCAACTCTT,dense,1.0,0.0,0.0,0.0,-1.0,-1.0,0.21365611,0.81683093,0.53928894,0.36724514,0.45414495,0.480942,0.34718603,0.44551477,0.5651485,0.53508615,0.5744555,0.51518255,0.55858874,0.8051126,0.615668,0.689562,0.64280295,0.67590004,0.5959303,0.5426392,0.21365611,0.40944332,0.33673996,0.5065303,0.69940037,0.48971048,0.5988042,0.81683093
CGGACCGCACCAACCCTT,dense,1.0,0.0,0.0,0.0,-1.0,-1.0,0.34027907,0.93936527,0.67283994,0.46967015,0.66048414,0.62561977,0.44659242,0.55460906,0.6737338,0.7091168,0.8000341,0.7232951,0.75372624,0.93936527,0.7983489,0.8926415,0.8797115,0.84909075,0.6341684,0.62712646,0.36116958,0.5555085,0.34027907,0.51346034,0.83932275,0.5529808,0.73869556,0.882248
TGAAGCGCAACGGCAGTG,dense,1.0,0.0,0.0,0.0,-1.0,-1.0,0.39450046,0.88699,0.6095009,0.46457133,0.49361104,0.5088958,0.43699774,0.47471333,0.5755724,0.57947373,0.53564954,0.54995537,0.61056197,0.88699,0.65248376,0.7434714,0.75848013,0.63591546,0.39450046,0.6882298,0.6600965,0.7523102,0.7227508,0.59347224,0.8115688,0.7137485,0.43197042,0.5615326
CGGGGACAGCAGCGTGCG,dense,1.0,0.0,0.0,0.0,-1.0,-1.0,0.23413071,0.9477204,0.62251127,0.3590435,0.30335698,0.23413071,0.28249246,0.35867697,0.5483307,0.5630303,0.339321,0.56252086,0.55758816,0.8139251,0.799317,0.5978763,0.64451295,0.64710027,0.75719684,0.63800305,0.76689214,0.74609923,0.9477204,0.8443377,0.825696,0.87764865,0.67314535,0.874818
TGGACCGCGCCAGCTCTT,dense,1.0,0.0,0.0,0.0,-1.0,-1.0,0.21782324,0.5848471,0.35582504,0.27067208,0.22239542,0.21782324,0.23489748,0.31323832,0.49056852,0.34084833,0.25989726,0.31624168,0.34848675,0.38005224,0.4181314,0.30837366,0.33210394,0.4100764,0.38467386,0.49479806,0.2997404,0.35047948,0.2489243,0.378202,0.5848471,0.38753337,0.37592113,0.5266997
TGCATCGCGTCAGCTGTT,dense,1.0,0.0,0.0,0.0,-1.0,-1.0,0.046883404,0.62359965,0.28509,0.1990006,0.09588349,0.09678659,0.16849762,0.21768455,0.30877933,0.1842972,0.08910895,0.11711359,0.2228988,0.046883404,0.15172751,0.05587167,0.14105089,0.12634957,0.41061983,0.5171886,0.48262718,0.52199805,0.5289781,0.44950363,0.62359965,0.54626846,0.3813537,0.44317856
GGGGGCGCGCCGACAGAG,dense,1.0,0.0,0.0,0.0,-1.0,-1.0,0.11540755,0.9491547,0.5419911,0.29188323,0.2066535,0.11540755,0.20014742,0.3013331,0.50142646,0.4724298,0.27115464,0.61004406,0.52310807,0.5883543,0.524495,0.4144019,0.5519863,0.42907077,0.5424204,0.7170723,0.5714254,0.74137646,0.7851596,0.80993533,0.77515537,0.8815017,0.77467793,0.9491547
AGGAAACACCAGCCCACG,dense,1.0,0.0,0.0,0.0,-1.0,-1.0,0.4374907,0.988525,0.78600794,0.65088016,0.83937156,0.7559758,0.6595577,0.71914625,0.7058088,0.77741516,0.8708711,0.7121066,0.75560397,0.988525,0.86522293,0.9421509,0.87738246,0.8758226,0.6122853,0.7866164,0.4374907,0.82522404,0.84053046,0.82136804,0.95332056,0.7933183,0.6324391,0.95176315
GGGAACGCAACGACAGTG,dense,1.0,0.0,0.0,0.0,-1.0,-1.0,0.55744386,0.9905751,0.8016499,0.582488,0.68409336,0.68138564,0.55744386,0.6303782,0.7272913,0.77878046,0.8794104,0.83378065,0.8406204,0.9905751,0.90660155,0.94416237,0.9444459,0.91986305,0.63385403,0.77536714,0.58940625,0.7328804,0.84097433,0.81933355,0.9646284,0.86748254,0.95140725,0.9645962
GGGAACGCACCAACAGCG,dense,1.0,0.0,0.0,0.0,-1.0,-1.0,0.49661642,0.99075705,0.808637,0.5930314,0.7425543,0.70439357,0.5822642,0.6607967,0.7262129,0.7816849,0.88324946,0.76301324,0.8403171,0.99075705,0.8971924,0.95797557,0.9458876,0.9247271,0.49661642,0.7920703,0.6765241,0.7284683,0.86571294,0.90171766,0.97066915,0.8694125,0.9406883,0.97998935
AGGATCGGGTCACCTCTT,dense,1.0,0.0,0.0,0.0,-1.0,-1.0,0.10475222,0.72750634,0.35867786,0.3022856,0.16578674,0.17071365,0.25613713,0.2757544,0.40863484,0.37507635,0.23489767,0.26493993,0.34978768,0.19788292,0.23859946,0.10475222,0.13178533,0.18007807,0.48630613,0.51846176,0.23405832,0.531814,0.3911987,0.712917,0.72750634,0.6353039,0.43538982,0.6368801
GGGGGAGAGCCGATAGAG,dense,1.0,0.0,0.0,0.0,-1.0,-1.0,0.20579073,0.95053065,0.6772862,0.43747994,0.2711567,0.20579073,0.31493983,0.3895394,0.5577767,0.66891766,0.38223857,0.82427317,0.6734717,0.92375416,0.8187458,0.7209796,0.79716825,0.76007295,0.7224424,0.5904768,0.7122942,0.8852003,0.8407375,0.87196803,0.8570478,0.83816564,0.9169893,0.95053065
AGGACCGCACCAACCCTT,dense,1.0,0.0,0.0,0.0,-1.0,-1.0,0.3076319,0.9568432,0.6685254,0.5318046,0.7223687,0.6759734,0.523365,0.6104202,0.6811722,0.7086033,0.78560966,0.7301384,0.7433198,0.9568432,0.73258823,0.90188575,0.85333985,0.81398666,0.47357208,0.63004875,0.3076319,0.57849365,0.36307794,0.48215365,0.81450975,0.53824526,0.67182,0.882163
AGGAACGCACCAACCCCT,dense,1.0,0.0,0.0,0.0,-1.0,-1.0,0.4390174,0.98345584,0.7545228,0.61153156,0.79878795,0.7319081,0.6112049,0.6814587,0.7006951,0.76129234,0.85018474,0.7321694,0.80462193,0.98345584,0.8246287,0.93541574,0.8860673,0.86502916,0.4390174,0.69518185,0.48664272,0.73479784,0.5435963,0.76498693,0.94660276,0.7642358,0.752292,0.9572638
GAGGGACAGCAGACAAAG,dense,1.0,0.0,0.0,0.0,-1.0,-1.0,0.5404518,0.9928994,0.75999,0.6597173,0.7445362,0.7255196,0.6180512,0.70535344,0.6856791,0.8171468,0.6969707,0.78474945,0.79792356,0.9928994,0.89797246,0.94328296,0.92405957,0.89767724,0.8387338,0.5620126,0.5404518,0.6579294,0.69503206,0.80804247,0.7788428,0.77393806,0.6707912,0.78243613
GGAAGCGCACCGACAGCG,dense,1.0,0.0,0.0,0.0,-1.0,-1.0,0.39513406,0.9646105,0.71134585,0.5194191,0.64054275,0.62781554,0.50587094,0.5877756,0.6239796,0.67709285,0.62447864,0.6272676,0.66778755,0.9646105,0.6803159,0.8773199,0.8332088,0.81058055,0.39513406,0.6989092,0.62523055,0.6980832,0.874382,0.8195704,0.87440586,0.83244044,0.73383087,0.9635925
CGGACCGCGCCAACCCTT,dense,1.0,0.0,0.0,0.0,-1.0,-1.0,0.25119707,0.8409214,0.54564184,0.39255756,0.5287586,0.5229352,0.37456226,0.4867515,0.59641534,0.5563671,0.55505747,0.58539766,0.58067685,0.8409214,0.64678264,0.740075,0.6481578,0.70072395,0.56195253,0.58850974,0.25915807,0.46746588,0.25119707,0.3899034,0.65745157,0.45129788,0.48480186,0.77316713
AGGAAAGAGCAGACAGCG,dense,1.0,0.0,0.0,0.0,-1.0,-1.0,0.47193512,0.99510753,0.8155575,0.70801395,0.8146429,0.7548486,0.68732655,0.76027936,0.69017804,0.7877443,0.72141266,0.8267732,0.83575606,0.99510753,0.9012742,0.9438851,0.9201079,0.8931588,0.55212,0.74045175,0.47193512,0.93540907,0.8920583,0.9023705,0.9351339,0.8387319,0.90248036,0.97773516
GGGAACGCAACAACCGTG,dense,1.0,0.0,0.0,0.0,-1.0,-1.0,0.5770313,0.9937295,0.79473007,0.60614914,0.740317,0.71052337,0.59076715,0.66076285,0.7377286,0.79704493,0.89948934,0.8367076,0.86610466,0.9937295,0.9316416,0.96424896,0.9590068,0.93984,0.5770313,0.73688364,0.6224021,0.6831537,0.6449964,0.76084346,0.9535729,0.83098054,0.88021064,0.9441162
AGGAAACACCAAACCACG,dense,1.0,0.0,0.0,0.0,-1.0,-1.0,0.4759485,0.9963277,0.8308974,0.704537,0.90156376,0.8131341,0.7184912,0.78467786,0.7648896,0.8488851,0.9209805,0.8347631,0.87044704,0.9963277,0.9291242,0.97510433,0.96309066,0.93181026,0.65368646,0.81708884,0.4759485,0.8155638,0.77441645,0.8161453,0.959783,0.75196934,0.7821529,0.967856
GGGAGCGAGCCGACAGCG,dense,1.0,0.0,0.0,0.0,-1.0,-1.0,0.31845298,0.9662231,0.67468965,0.43679267,0.41205725,0.34666917,0.3544939,0.4557903,0.565815,0.60765314,0.31845298,0.73611027,0.6435682,0.9361126,0.76600504,0.7666911,0.7648816,0.7583789,0.49747783,0.72597086,0.59328437,0.7897025,0.82215357,0.9045017,0.9083766,0.8862515,0.9038259,0.9662231
CGGGGACAGCAGTGTGCG,dense,1.0,0.0,0.0,0.0,-1.0,-1.0,0.15808693,0.92893887,0.52457076,0.3289161,0.2120816,0.15808693,0.24924998,0.29261172,0.4452553,0.50267476,0.25740823,0.4097136,0.5092458,0.55764395,0.70489776,0.3531178,0.505516,0.49317482,0.75200623,0.6028499,0.7010471,0.7643154,0.92893887,0.7777668,0.55052453,0.7641849,0.62916183,0.6638778
AGGGGACAGCAGACAGAG,dense,1.0,0.0,0.0,0.0,-1.0,-1.0,0.566786,0.9879875,0.8041226,0.6115438,0.6792765,0.6808566,0.566786,0.6549158,0.69466066,0.8186375,0.67402637,0.8286225,0.81458336,0.9879875,0.8809392,0.9314137,0.9014998,0.8788285,0.78888834,0.7032299,0.6478557,0.8853343,0.9529201,0.8759568,0.90318745,0.8954049,0.88878113,0.9569283
GCGGGAGAGCAGATAGAG,dense,1.0,0.0,0.0,0.0,-1.0,-1.0,0.38896313,0.96385974,0.73288655,0.51230407,0.42082483,0.40527204,0.41935748,0.49702176,0.56847847,0.7479546,0.38896313,0.8173574,0.74090046,0.96385974,0.8699399,0.78929555,0.89094025,0.83934605,0.7715624,0.6930123,0.7527766,0.9071747,0.87026155,0.888362,0.8641618,0.855444,0.9457113,0.9018848
GTAGGCGTGACGATAGGG,dense,1.0,0.0,0.0,0.0,-1.0,-1.0,0.097872496,0.6265488,0.3100636,0.31748968,0.13519137,0.10780944,0.23736954,0.2379011,0.37172297,0.4439084,0.12622999,0.38441333,0.42799348,0.16051681,0.2473931,0.097872496,0.2748598,0.21507743,0.25772744,0.25950462,0.50955135,0.49913427,0.5365467,0.6265488,0.22778729,0.43902496,0.25443143,0.35558385
GTAGGCGTGCCGATAGAG,dense,1.0,0.0,0.0,0.0,-1.0,-1.0,0.07138831,0.74898785,0.31209728,0.2824655,0.12589517,0.09992072,0.21488494,0.23085576,0.32120475,0.2739402,0.07344868,0.22025879,0.28470486,0.08435004,0.15766038,0.07138831,0.16731235,0.13823576,0.334367,0.32050675,0.4074759,0.46864882,0.6725239,0.74898785,0.37025464,0.7093629,0.30392787,0.71985155
TGCAACGCAACGACAGTG,dense,1.0,0.0,0.0,0.0,-1.0,-1.0,0.52863914,0.96752864,0.78448707,0.52863914,0.6838778,0.6629821,0.5362092,0.5771876,0.71468407,0.7643248,0.86518985,0.8269419,0.8084165,0.96752864,0.84543806,0.90421784,0.92987657,0.8768079,0.6348936,0.73500377,0.68706375,0.8195175,0.84367114,0.74300563,0.9494502,0.8261773,0.91925377,0.9618181
AGGACCGCACCAACCGTT,dense,1.0,0.0,0.0,0.0,-1.0,-1.0,0.4001244,0.94972676,0.6929989,0.522331,0.70340496,0.66497505,0.5217479,0.60126555,0.6758564,0.7035622,0.7920894,0.7414164,0.7325208,0.94972676,0.7092357,0.9035551,0.86276346,0.8050945,0.46000946,0.6815664,0.4001244,0.6641096,0.43167922,0.64465344,0.84899867,0.68280005,0.7116276,0.9098578
TGGACCGCACCAACCGTT,dense,1.0,0.0,0.0,0.0,-1.0,-1.0,0.34739086,0.9330066,0.68905234,0.41025794,0.530585,0.55192065,0.40147838,0.4706056,0.6847937,0.69624394,0.77797276,0.74865913,0.7244827,0.9283178,0.79746467,0.901598,0.87983495,0.8580938,0.57345206,0.7486454,0.5650723,0.66870207,0.34739086,0.67513394,0.8779063,0.71978974,0.7549007,0.9330066
AGGAGACGGCAGCATACA,dense,1.0,0.0,0.0,0.0,-1.0,-1.0,0.2837087,0.96151435,0.69218117,0.5774857,0.6252227,0.64809275,0.5469847,0.61463976,0.5639693,0.7190025,0.41553342,0.6965428,0.6203616,0.96151435,0.7270624,0.7831405,0.71055305,0.66018254,0.689152,0.6707388,0.2837087,0.6558287,0.85094327,0.9144613,0.90585965,0.87050784,0.68958944,0.90344965
CGGACACGGCAGCGTACA,dense,1.0,0.0,0.0,0.0,-1.0,-1.0,0.27897978,0.8486827,0.5725728,0.42901582,0.49732283,0.4999936,0.40151727,0.47998774,0.5424025,0.5749836,0.4919338,0.5134316,0.51208967,0.7748498,0.6764847,0.45297188,0.5610928,0.46700463,0.76567715,0.53102565,0.27897978,0.44387946,0.71833324,0.80726326,0.8031097,0.7605402,0.48174742,0.8486827
CCGGGACGGCAGTTTGCG,dense,1.0,0.0,0.0,0.0,-1.0,-1.0,0.068445735,0.8404136,0.39054167,0.24542783,0.1399956,0.10500852,0.19301838,0.23734695,0.4085086,0.4135069,0.21221863,0.2966366,0.35043398,0.09626818,0.3977366,0.068445735,0.1925145,0.13492824,0.65769154,0.5586593,0.66451937,0.7200343,0.823699,0.8404136,0.43956736,0.64606744,0.4704497,0.45044783
TTAAACGCAACAGCAGTG,dense,1.0,0.0,0.0,0.0,-1.0,-1.0,0.29091325,0.9549217,0.6645162,0.5543905,0.70757616,0.6839492,0.5763169,0.57991695,0.7032032,0.71619874,0.80938214,0.59226274,0.7594592,0.9549217,0.8073918,0.894281,0.91093516,0.84305125,0.29091325,0.51841825,0.49940738,0.5329705,0.7191407,0.56026983,0.8168747,0.69944596,0.4285236,0.4537028
AGGACCGCGCCACCTCTC,dense,1.0,0.0,0.0,0.0,-1.0,-1.0,0.18579775,0.7699653,0.4789437,0.39180103,0.49157742,0.50032777,0.37998277,0.46991748,0.56189394,0.48072058,0.43465972,0.43405318,0.43046877,0.7699653,0.43562445,0.6207025,0.36763042,0.50227773,0.33802408,0.54457927,0.18579775,0.46318108,0.4429729,0.484537,0.6543138,0.44646013,0.41010535,0.7320186
TGGACCGCGCCAGCTGTT,dense,1.0,0.0,0.0,0.0,-1.0,-1.0,0.17433488,0.6191875,0.35864922,0.25506583,0.19421594,0.17433488,0.21744765,0.2849246,0.47423074,0.3138887,0.22018908,0.28342298,0.32507122,0.25335324,0.37575462,0.26589054,0.3424653,0.326758,0.3952261,0.5758273,0.37150228,0.43093595,0.2874721,0.48706904,0.6191875,0.51988816,0.39496088,0.57714856
GTAGGCGCAACGATAGGG,dense,1.0,0.0,0.0,0.0,-1.0,-1.0,0.34880525,0.90018314,0.5873159,0.43307495,0.370871,0.37358466,0.37508494,0.4078061,0.6037789,0.6538297,0.44998834,0.69133383,0.6291019,0.90018314,0.70147574,0.7498149,0.82956296,0.7630839,0.34880525,0.4544413,0.7187771,0.59481174,0.6447468,0.60901797,0.5617515,0.5492946,0.6008343,0.66784346
CGGACCGCGCCACCTCTT,dense,1.0,0.0,0.0,0.0,-1.0,-1.0,0.22468756,0.7398699,0.4925726,0.33021572,0.39182475,0.40771112,0.30129266,0.41371247,0.5611781,0.4854842,0.47178116,0.42536393,0.44096157,0.7093877,0.56421566,0.5759561,0.46329042,0.5953174,0.6071899,0.5294633,0.22468756,0.4007926,0.40633526,0.54187846,0.7398699,0.49665305,0.51383525,0.71591806
AGGACCGGGCAAACCCCT,dense,1.0,0.0,0.0,0.0,-1.0,-1.0,0.31543496,0.952774,0.6293684,0.53546864,0.6621852,0.6472629,0.5233857,0.6061493,0.6171986,0.6674906,0.6106921,0.70438343,0.6501193,0.952774,0.7072557,0.79337275,0.7164146,0.6919306,0.39732236,0.65359956,0.37768978,0.585802,0.31543496,0.64693093,0.7518125,0.5202878,0.5317815,0.8674635
AAGGGACAGCAGACCAAG,dense,1.0,0.0,0.0,0.0,-1.0,-1.0,0.34690627,0.98621446,0.72174644,0.6682759,0.7915083,0.7392816,0.65438074,0.7297375,0.6613509,0.8032402,0.6656293,0.7488068,0.76239,0.98621446,0.79513866,0.9128315,0.8154372,0.8020342,0.7818309,0.61240566,0.36169022,0.7333345,0.7286665,0.7317877,0.67827946,0.75941706,0.34690627,0.7730875
CGCACCGCACCAGCCGTT,dense,1.0,0.0,0.0,0.0,-1.0,-1.0,0.3829958,0.7230805,0.5574719,0.3955395,0.5826147,0.54820955,0.38321,0.49400458,0.62084275,0.54789037,0.6089139,0.4224795,0.54443306,0.7230805,0.5796872,0.7180899,0.7053996,0.65082186,0.49657756,0.65117204,0.5555359,0.3829958,0.5049807,0.40907097,0.7182065,0.4828512,0.57393116,0.6362567
CGGACCGGGCCACCTCTT,dense,1.0,0.0,0.0,0.0,-1.0,-1.0,0.2605769,0.71583384,0.46316892,0.31111354,0.3212497,0.3136141,0.27388504,0.37606534,0.5503935,0.53379464,0.50177026,0.44437617,0.45932022,0.61785215,0.56094235,0.3619146,0.39819068,0.45219368,0.61829495,0.5189699,0.2605769,0.35347834,0.31049085,0.65232366,0.69288516,0.5250978,0.45459732,0.71583384
CGGATCTGGTGACCTCCT,dense,1.0,0.0,0.0,0.0,-1.0,-1.0,0.03571857,0.75958794,0.29250544,0.21548618,0.097742654,0.09352089,0.18045369,0.21946509,0.20618545,0.23137224,0.06684278,0.086677656,0.28039396,0.076577924,0.25596374,0.03571857,0.101142064,0.11741385,0.5253022,0.35012615,0.43475318,0.38263065,0.5324463,0.75958794,0.6658734,0.5425549,0.45780846,0.39659536
CGGATACGGCAATCTCCT,dense,1.0,0.0,0.0,0.0,-1.0,-1.0,0.3306056,0.8270299,0.5791741,0.39111686,0.35174745,0.41514224,0.36654693,0.38979462,0.55233085,0.60241514,0.4976966,0.51091343,0.56716764,0.8270299,0.79624313,0.565144,0.5750396,0.7477547,0.71058834,0.5162195,0.3306056,0.5581478,0.7156785,0.7876044,0.7066671,0.58461916,0.6133051,0.7998337
TTAGGCGCAACGATAGGG,dense,1.0,0.0,0.0,0.0,-1.0,-1.0,0.30428174,0.779733,0.5688071,0.38944575,0.30428174,0.3256913,0.3491652,0.3447763,0.5817315,0.63152534,0.4147589,0.6472948,0.64266926,0.779733,0.6636347,0.6557253,0.7734489,0.6922803,0.40449163,0.411371,0.71749836,0.7276398,0.62200016,0.65094465,0.62527,0.5801039,0.57123905,0.7134585
AGGAACCGGCAAACTCCG,dense,1.0,0.0,0.0,0.0,-1.0,-1.0,0.4462044,0.9745351,0.7303859,0.5925732,0.73148966,0.6985963,0.5932212,0.6531317,0.63851106,0.7083009,0.76270765,0.64318657,0.7127606,0.9745351,0.79882765,0.8754409,0.81863505,0.80648327,0.4462044,0.7046722,0.4529936,0.6368341,0.79673,0.87402904,0.9464764,0.73117375,0.7261011,0.9360327
AGGACCGCGCCACCTCCC,dense,1.0,0.0,0.0,0.0,-1.0,-1.0,0.2625147,0.85262495,0.5117047,0.40561944,0.53186005,0.5197391,0.3953504,0.49363524,0.57190096,0.49129462,0.43258157,0.4555381,0.44331902,0.8016573,0.45758423,0.6251221,0.3583157,0.51364595,0.2801095,0.5830272,0.2625147,0.48082146,0.41501907,0.6553442,0.7673311,0.54201573,0.4566436,0.85262495
CGGACCGCGCCAGCTCTC,dense,1.0,0.0,0.0,0.0,-1.0,-1.0,0.21055488,0.5176311,0.3734698,0.31439883,0.35628074,0.3443379,0.2853565,0.39096558,0.49150142,0.37971485,0.31172162,0.30573064,0.37001052,0.48292395,0.4292228,0.34968054,0.36875123,0.40005243,0.34967077,0.49654064,0.21055488,0.30914983,0.3373981,0.34094274,0.5176311,0.32888788,0.38859466,0.476726
CGGATTCGGTAATCTCCT,dense,1.0,0.0,0.0,0.0,-1.0,-1.0,0.071503386,0.8457995,0.39054993,0.25235406,0.10302862,0.12735297,0.21749061,0.23632921,0.378085,0.36195022,0.16072556,0.22779006,0.40701896,0.15962078,0.38850906,0.071503386,0.19485925,0.38123637,0.60920924,0.39559045,0.33267903,0.6262028,0.80898607,0.7226144,0.8457995,0.6050593,0.6696672,0.48008904
GAGGGACAGCAGAGCGAG,dense,1.0,0.0,0.0,0.0,-1.0,-1.0,0.42218065,0.9701291,0.65548813,0.55869496,0.5825608,0.5660573,0.4988829,0.5876031,0.6081734,0.7185576,0.46097654,0.70087373,0.6655257,0.9701291,0.7778458,0.8547217,0.7923077,0.76934284,0.7964895,0.566762,0.59204674,0.48116583,0.78668886,0.6693401,0.45537987,0.7818181,0.42218065,0.7230807
AGGAAACACCAGCATACG,dense,1.0,0.0,0.0,0.0,-1.0,-1.0,0.5651189,0.99152,0.82209975,0.67046833,0.84336674,0.763988,0.6779621,0.7329223,0.7220643,0.80653006,0.8821014,0.77643466,0.8004968,0.99152,0.86797357,0.9473974,0.92384887,0.8899542,0.650315,0.82097197,0.5651189,0.7978072,0.9002987,0.8861436,0.9718675,0.88511497,0.8092191,0.9686086
GCGGGGCAGCAGATAGAG,dense,1.0,0.0,0.0,0.0,-1.0,-1.0,0.2783138,0.93303055,0.6769252,0.42204502,0.32557178,0.2783138,0.32128584,0.40935847,0.5371098,0.69227296,0.34354734,0.6975191,0.6805955,0.8872494,0.7778234,0.6533242,0.84033215,0.7338372,0.76729614,0.70435417,0.7334581,0.8317445,0.93303055,0.8685798,0.9104616,0.8464874,0.92730767,0.8002251
AGGAACGCACCGACCACG,dense,1.0,0.0,0.0,0.0,-1.0,-1.0,0.44743332,0.9769618,0.7576268,0.59128046,0.75697213,0.70457363,0.5962523,0.6640595,0.67261595,0.75240034,0.81461316,0.7216326,0.75821865,0.9737516,0.74266213,0.9007877,0.81561804,0.7999281,0.47771975,0.8413228,0.44743332,0.8048739,0.6894407,0.8608057,0.95205724,0.8412359,0.78345317,0.9769618
AGGAACCAGCAAACCACG,dense,1.0,0.0,0.0,0.0,-1.0,-1.0,0.4708896,0.9928334,0.8196951,0.67706436,0.86188096,0.7780157,0.6883273,0.75061464,0.7206141,0.81741285,0.8511332,0.7869292,0.83741677,0.9928334,0.912131,0.9529689,0.9445948,0.91008615,0.55655414,0.8685636,0.4708896,0.8564811,0.8264577,0.9017192,0.97088695,0.78039086,0.8506667,0.92774713
AGGAAACACCAGCACACG,dense,1.0,0.0,0.0,0.0,-1.0,-1.0,0.50478953,0.9927256,0.81410044,0.67929584,0.86559826,0.77837515,0.6919441,0.75048244,0.7335047,0.81898695,0.9018622,0.7627163,0.81665164,0.9927256,0.87981874,0.9534459,0.9228207,0.8948922,0.5912526,0.8469879,0.50478953,0.7863058,0.8659164,0.8297902,0.96161205,0.83536464,0.7284536,0.958917
GAGGGACAGCAGTTGGAG,dense,1.0,0.0,0.0,0.0,-1.0,-1.0,0.26275173,0.7118694,0.45872578,0.43758515,0.31142402,0.27195975,0.3566911,0.38906047,0.45741934,0.54469514,0.26275173,0.38947362,0.48133975,0.7118694,0.5754132,0.4399708,0.44428223,0.48717275,0.5697054,0.45352316,0.4704628,0.67792606,0.6054328,0.6908617,0.32761535,0.4739072,0.30374175,0.33386078
AGGAACCGGCAACCTCCG,dense,1.0,0.0,0.0,0.0,-1.0,-1.0,0.3746765,0.9569771,0.7014948,0.5390931,0.679442,0.6559935,0.53965837,0.6011119,0.6406914,0.676927,0.7588596,0.6738169,0.6706172,0.9569771,0.75946593,0.8314053,0.6710311,0.7475881,0.3746765,0.7612168,0.4492405,0.59337753,0.81708515,0.8958893,0.9549005,0.7371051,0.65764904,0.8935517
AGGAACGAGCAAACCACG,dense,1.0,0.0,0.0,0.0,-1.0,-1.0,0.42952168,0.9947897,0.8155122,0.6896749,0.8408577,0.7675696,0.68813384,0.7564965,0.7037519,0.8154084,0.8165097,0.81438804,0.84004813,0.9947897,0.9193027,0.95261115,0.94258386,0.9132406,0.57538426,0.8801125,0.42952168,0.89194775,0.7097043,0.9045742,0.9587154,0.78880817,0.8465732,0.9470935
AGGACACGGCAACCTCCT,dense,1.0,0.0,0.0,0.0,-1.0,-1.0,0.31454805,0.9539309,0.65070266,0.5358802,0.67254144,0.6549064,0.5326473,0.5952735,0.6508145,0.6902457,0.74876773,0.7032867,0.6611019,0.9539309,0.76304483,0.82733536,0.6777901,0.74612904,0.523325,0.54179734,0.31454805,0.41478366,0.6445064,0.77354693,0.81530607,0.52409095,0.4842903,0.8176771
AGGAAAGAACAGACAGCG,dense,1.0,0.0,0.0,0.0,-1.0,-1.0,0.637592,0.99810624,0.86896104,0.7381558,0.8737811,0.7933552,0.72996444,0.8004137,0.7603353,0.855448,0.8979915,0.8596234,0.9089786,0.99810624,0.9489719,0.97413117,0.96700644,0.94202644,0.660089,0.8060525,0.637592,0.9250969,0.9327816,0.9125549,0.97065574,0.8924755,0.9480166,0.99042094
GGAGGCGCAACGATAGGG,dense,1.0,0.0,0.0,0.0,-1.0,-1.0,0.38350984,0.9586933,0.66711825,0.47346607,0.43870765,0.41818154,0.39877573,0.47690222,0.60102123,0.69831926,0.5565318,0.74872476,0.70705247,0.9586933,0.7622121,0.8389269,0.8797553,0.82600105,0.38350984,0.5977354,0.75079376,0.73815584,0.728792,0.7204932,0.78269404,0.58302,0.77826077,0.83122754
GAGGGACAGCAGAGAAAG,dense,1.0,0.0,0.0,0.0,-1.0,-1.0,0.47917047,0.989799,0.7251757,0.65430146,0.7085534,0.71058226,0.60141116,0.69084674,0.646847,0.78431,0.5934667,0.78569716,0.7667262,0.989799,0.8547276,0.9227622,0.9129242,0.8687175,0.87979966,0.5534007,0.58130217,0.47917047,0.6714756,0.733369,0.6435226,0.76478434,0.6466804,0.6842164
CCGGGACAGCAGCGTGCG,dense,1.0,0.0,0.0,0.0,-1.0,-1.0,0.31099224,0.9201931,0.60013044,0.3573455,0.37410071,0.32171702,0.31099224,0.3922836,0.5595515,0.523802,0.384954,0.4983189,0.48912916,0.71775573,0.73947716,0.5017132,0.59628606,0.54403555,0.7430511,0.6638543,0.7377471,0.62493217,0.9201931,0.86301196,0.806558,0.8887168,0.6584355,0.7852992
AGGAAACAGCAAACTCCG,dense,1.0,0.0,0.0,0.0,-1.0,-1.0,0.42428622,0.99531245,0.81724936,0.69278544,0.8563447,0.7749179,0.69739926,0.7544715,0.7303851,0.802209,0.8735403,0.7944003,0.84108347,0.99531245,0.9297055,0.95642155,0.94283897,0.92226833,0.59026253,0.7632128,0.42428622,0.80127126,0.89158607,0.85809445,0.9623505,0.7742471,0.83864963,0.9631913
AGGAGACAGCAGACAACG,dense,1.0,0.0,0.0,0.0,-1.0,-1.0,0.4858576,0.9936094,0.8238528,0.68428564,0.8078127,0.7510599,0.6689364,0.7450628,0.70736766,0.84441024,0.737048,0.8525747,0.8417114,0.9936094,0.9049116,0.9450085,0.9286819,0.89695084,0.7191408,0.7189974,0.4858576,0.8537806,0.91399664,0.9133836,0.95247066,0.8503356,0.9169314,0.96199304
CGGAGACGGCAGTGTACA,dense,1.0,0.0,0.0,0.0,-1.0,-1.0,0.2318178,0.83031785,0.4974766,0.40380138,0.31284943,0.2869255,0.3340004,0.37822652,0.40922484,0.5486622,0.26406607,0.45201802,0.47771013,0.52103287,0.5962647,0.2318178,0.4322086,0.33074358,0.8036757,0.5390357,0.28318712,0.5881741,0.7433004,0.83031785,0.6704268,0.7389926,0.55354476,0.70671004
CGGACCGCGCCAACTCCT,dense,1.0,0.0,0.0,0.0,-1.0,-1.0,0.36025807,0.89335394,0.5716796,0.38137183,0.49543643,0.5023721,0.36352545,0.4698824,0.5751563,0.5436465,0.57062167,0.53637457,0.5718509,0.82908607,0.6326224,0.6990826,0.63707465,0.68366754,0.55495363,0.5430917,0.3788815,0.4329259,0.36025807,0.65528995,0.79058236,0.5556338,0.63524884,0.89335394
CCGGGACGGCAGTGTGCG,dense,1.0,0.0,0.0,0.0,-1.0,-1.0,0.066593,0.83234257,0.36141655,0.25303227,0.15970023,0.103189565,0.19385155,0.24646436,0.35833415,0.35021523,0.20593245,0.24424097,0.31299326,0.07819333,0.35506395,0.066593,0.19889499,0.09451642,0.6965101,0.5671393,0.5544833,0.49220195,0.83234257,0.7874716,0.31878886,0.7406504,0.37081912,0.4537904
GAGGGACAGCAGCTTGAG,dense,1.0,0.0,0.0,0.0,-1.0,-1.0,0.32062724,0.9159313,0.59311277,0.45986938,0.38620806,0.377646,0.39421958,0.43959647,0.5176078,0.5675682,0.32062724,0.4438792,0.5143937,0.9159313,0.7235258,0.697087,0.5981462,0.6925495,0.729855,0.43089032,0.7080048,0.72886294,0.8592326,0.82743394,0.6704105,0.7635279,0.40754747,0.65319854
GGGGGACAGCAGACAAAG,dense,1.0,0.0,0.0,0.0,-1.0,-1.0,0.5087112,0.9931137,0.8081964,0.5853789,0.6179957,0.62755054,0.5087112,0.6184471,0.700449,0.8249052,0.761694,0.8434752,0.8405363,0.9931137,0.9426726,0.94967896,0.9440069,0.92669916,0.89589435,0.67893046,0.65979767,0.8357343,0.87203157,0.88771385,0.9300147,0.89255106,0.9173109,0.9496183
CGGAACGCACCAACCGTG,dense,1.0,0.0,0.0,0.0,-1.0,-1.0,0.49939516,0.9726261,0.75982666,0.5276509,0.7130964,0.67134225,0.5285399,0.60699326,0.6902338,0.7521722,0.864616,0.7341094,0.79928064,0.9726261,0.857148,0.92941326,0.9173448,0.88822687,0.5357421,0.7668384,0.49939516,0.7327768,0.6665474,0.79099786,0.9527449,0.82798684,0.81403136,0.95580953
GCGGGACAGCAGACAGAG,dense,1.0,0.0,0.0,0.0,-1.0,-1.0,0.4824414,0.9821561,0.78740364,0.53548235,0.60177916,0.6063227,0.4824414,0.58507484,0.6804802,0.80786145,0.69125116,0.797795,0.8022473,0.9821561,0.90166813,0.9071588,0.9173459,0.89071935,0.83822566,0.71719277,0.6987916,0.78130424,0.92574745,0.87318355,0.901837,0.9164858,0.92021096,0.922325
TGAAGCGCAACAGCAGTG,dense,1.0,0.0,0.0,0.0,-1.0,-1.0,0.38820997,0.970841,0.6988307,0.54029214,0.6320058,0.64286965,0.53198284,0.56869876,0.6499015,0.694674,0.66048247,0.6627967,0.7498147,0.970841,0.8175141,0.9076531,0.91487044,0.86714125,0.38820997,0.66933453,0.71290845,0.75965244,0.7971542,0.66159713,0.8377372,0.6992757,0.53806114,0.5952984
GGGAACGCAACAACAGCG,dense,1.0,0.0,0.0,0.0,-1.0,-1.0,0.5444284,0.9961669,0.8346061,0.6511218,0.7947568,0.74226844,0.6362294,0.7146778,0.7597457,0.8212831,0.9102687,0.840684,0.892128,0.9961669,0.9391241,0.9727275,0.9698234,0.94747007,0.5444284,0.7588755,0.7316626,0.7497149,0.85262567,0.8814371,0.97162026,0.85598785,0.9581593,0.9721671
AGGGGACAGCAGCATACG,dense,1.0,0.0,0.0,0.0,-1.0,-1.0,0.51478183,0.98249096,0.75920457,0.55870664,0.5945201,0.62162423,0.51478183,0.5905403,0.6368667,0.7772297,0.5338967,0.75279856,0.73250437,0.98249096,0.86083776,0.9037954,0.84237367,0.8464059,0.69347256,0.8141029,0.68173724,0.76886237,0.92563003,0.8997582,0.9111164,0.8850519,0.78103805,0.86997205
CGCACCGCGCCAGCCGTT,dense,1.0,0.0,0.0,0.0,-1.0,-1.0,0.27048507,0.5504324,0.37148952,0.3293702,0.44096664,0.4179876,0.30560818,0.42541248,0.5255205,0.35175884,0.28786984,0.27048507,0.34733525,0.33660886,0.35706508,0.33756608,0.34638134,0.30952895,0.437247,0.5504324,0.40595636,0.29727247,0.3656433,0.2886248,0.455146,0.38532072,0.29561225,0.41651785
AGGAAACAGCAACCTCCG,dense,1.0,0.0,0.0,0.0,-1.0,-1.0,0.4108801,0.99275744,0.8020918,0.66140324,0.82576436,0.75093496,0.6651818,0.7195874,0.7270311,0.7821429,0.87615854,0.81129265,0.8199205,0.99275744,0.91765136,0.94376063,0.9079665,0.9068632,0.5300049,0.7923166,0.4108801,0.76637197,0.8850682,0.87920135,0.9675234,0.7807241,0.79182005,0.93996716
CGGACACGGCAGCGTCCC,dense,1.0,0.0,0.0,0.0,-1.0,-1.0,0.33654058,0.8489572,0.5109333,0.37704915,0.43407845,0.4119416,0.34946427,0.4319889,0.52639,0.4898783,0.4328337,0.45040792,0.4431092,0.67718714,0.6001154,0.33654058,0.38782465,0.38261443,0.6460118,0.4257547,0.34508944,0.45618913,0.76090145,0.7104708,0.7611394,0.67761344,0.4097806,0.8489572
GAGGGACGGCAGTTTGCG,dense,1.0,0.0,0.0,0.0,-1.0,-1.0,0.096123725,0.6905828,0.3063196,0.31775138,0.1414502,0.10405661,0.2337073,0.2512139,0.39227122,0.43157402,0.1521715,0.25150558,0.34252226,0.21545285,0.31185335,0.096123725,0.15355976,0.14545858,0.39108893,0.36800367,0.59002006,0.46301374,0.64586973,0.6905828,0.16812609,0.39873698,0.14716712,0.2547091
GGCAACGCAACGACAGCG,dense,1.0,0.0,0.0,0.0,-1.0,-1.0,0.51651275,0.98529935,0.7977802,0.58572984,0.7489036,0.70395875,0.58354574,0.6594878,0.72927946,0.7735292,0.87311476,0.8159519,0.82009214,0.98529935,0.8686367,0.91993976,0.93553716,0.89715123,0.51651275,0.7304728,0.7325646,0.68665034,0.8682635,0.8107683,0.95110047,0.83150446,0.94226825,0.9742433
GTAGGCGTGACGGTAGAG,dense,1.0,0.0,0.0,0.0,-1.0,-1.0,0.04312111,0.5251031,0.23963697,0.28526306,0.10650826,0.076515935,0.20475225,0.21106341,0.3071708,0.35151124,0.099095285,0.21534874,0.33071536,0.04948487,0.14536425,0.04312111,0.14125107,0.07021518,0.19933496,0.2311821,0.49394214,0.37767002,0.46688482,0.5251031,0.27288127,0.51195693,0.11382024,0.16076726
AGGAAACAGCAAACTACG,dense,1.0,0.0,0.0,0.0,-1.0,-1.0,0.4006592,0.99642783,0.8397018,0.7103325,0.8721325,0.79054475,0.71516633,0.77470577,0.7401519,0.8358658,0.88598716,0.82416123,0.86745363,0.99642783,0.9401318,0.9641278,0.95881027,0.93082386,0.67142546,0.7998818,0.4006592,0.8878473,0.8982971,0.90694255,0.9706044,0.81816673,0.8666194,0.96527475
GGGGGCGCGCCGACAGCG,dense,1.0,0.0,0.0,0.0,-1.0,-1.0,0.10152441,0.93149406,0.5063746,0.26928502,0.19013743,0.10152441,0.18518476,0.28176868,0.48821366,0.42601094,0.23472226,0.5372684,0.4852621,0.534519,0.494264,0.35758275,0.4775284,0.38103956,0.41381016,0.6974703,0.60543025,0.70781875,0.7737075,0.8014335,0.70256275,0.8335784,0.7477479,0.93149406
GGAGGCGAGCCGATAGAG,dense,1.0,0.0,0.0,0.0,-1.0,-1.0,0.23613301,0.9117804,0.60741806,0.4370849,0.3408859,0.2926457,0.34703922,0.4225653,0.5059636,0.5883417,0.23613301,0.66029066,0.561521,0.83699673,0.5983024,0.56329626,0.6609492,0.5770152,0.5588859,0.62812376,0.6940814,0.80471736,0.7777203,0.8531949,0.78665936,0.80605227,0.7352055,0.9117804
CGGATCGCGCCAGCTCTT,dense,1.0,0.0,0.0,0.0,-1.0,-1.0,0.14274773,0.6785505,0.3700447,0.26874068,0.21354969,0.20947267,0.23296607,0.31147894,0.4161816,0.3071355,0.14274773,0.20250247,0.34103188,0.3072527,0.43763274,0.2766048,0.31859642,0.3680331,0.51503503,0.54489523,0.21882868,0.42121038,0.37291074,0.5281598,0.6785505,0.56083745,0.436362,0.62040097
AGGATCGGGTAACCTCCT,dense,1.0,0.0,0.0,0.0,-1.0,-1.0,0.18713938,0.8524327,0.47703895,0.38324434,0.2549254,0.28380755,0.3370218,0.333621,0.49238417,0.49450737,0.33971128,0.4645931,0.4918905,0.50015104,0.38914412,0.18713938,0.25175276,0.37252107,0.49129328,0.64844126,0.37607634,0.6065922,0.5552193,0.8249879,0.8524327,0.68191564,0.54523087,0.7673683
CGGATTTGGTGATCTCCT,dense,1.0,0.0,0.0,0.0,-1.0,-1.0,0.013092639,0.59841424,0.21745348,0.1667889,0.04771199,0.039145302,0.13573098,0.1525976,0.13663803,0.16324046,0.028476471,0.06068266,0.21252622,0.02317198,0.14954919,0.013092639,0.055087738,0.045411497,0.45434347,0.18321706,0.2941725,0.41568312,0.59841424,0.5973655,0.4627865,0.40490857,0.40176803,0.19382638
AGGAACCAGCAAACCCCG,dense,1.0,0.0,0.0,0.0,-1.0,-1.0,0.47720298,0.9906114,0.79401046,0.6576622,0.8429823,0.7619896,0.66590405,0.7281425,0.70915407,0.78176486,0.8254385,0.761914,0.80990803,0.9906114,0.8969608,0.9433723,0.9227248,0.8993893,0.48572963,0.84137523,0.47720298,0.76248443,0.8100508,0.82606393,0.96329314,0.7507218,0.8139759,0.92144555
AGGAAACACCAGACTACG,dense,1.0,0.0,0.0,0.0,-1.0,-1.0,0.45146975,0.99185115,0.823046,0.6739148,0.8464064,0.76625115,0.6821013,0.7362227,0.73559356,0.8317845,0.9063662,0.79702276,0.84408736,0.99185115,0.8768772,0.95031226,0.9283212,0.8954381,0.69672954,0.76704973,0.45146975,0.8545751,0.8702894,0.85331476,0.9529933,0.84073865,0.844428,0.9820112
AGGGGACAGCAGCGTACG,dense,1.0,0.0,0.0,0.0,-1.0,-1.0,0.42856637,0.94634,0.68467087,0.49274832,0.4736723,0.45808336,0.42856637,0.5017571,0.58542955,0.6836531,0.42994064,0.6887746,0.64107376,0.94634,0.77721506,0.7936016,0.6697189,0.7024526,0.74119294,0.7348809,0.6257021,0.7116212,0.8960959,0.86959803,0.86255884,0.8723912,0.6719718,0.8577333
TGCATCGCGCCAGCTGTT,dense,1.0,0.0,0.0,0.0,-1.0,-1.0,0.09824067,0.6857876,0.34574196,0.22879562,0.14984359,0.15023263,0.19674662,0.2658639,0.3925351,0.2193711,0.09824067,0.15589696,0.2800336,0.1250901,0.30485934,0.15899,0.27414313,0.23452422,0.473744,0.57293934,0.5242654,0.4968275,0.5018549,0.52781683,0.6392192,0.62710774,0.35881954,0.6857876
AGGAAACACCAAACTACG,dense,1.0,0.0,0.0,0.0,-1.0,-1.0,0.48700523,0.9959229,0.8367767,0.698152,0.8867324,0.8001941,0.70793825,0.7699633,0.7600461,0.845345,0.9260317,0.82965946,0.8687775,0.9959229,0.9247283,0.9720367,0.9633809,0.92958796,0.67278576,0.7723175,0.48700523,0.8195024,0.8500187,0.8589244,0.9650465,0.79731375,0.8424534,0.9755499
AGGAACGAACCGACAACG,dense,1.0,0.0,0.0,0.0,-1.0,-1.0,0.59481746,0.99397767,0.8424453,0.6798287,0.8368843,0.76343834,0.6828513,0.74790573,0.7298782,0.82350063,0.89518917,0.8365903,0.8700715,0.99397767,0.8955677,0.95306313,0.9413465,0.9025783,0.6897368,0.86728555,0.59481746,0.8242055,0.8135047,0.92827207,0.97353595,0.8944595,0.93773943,0.9849045
AGGACCGGGTCACCTCCT,dense,1.0,0.0,0.0,0.0,-1.0,-1.0,0.14151363,0.73517406,0.39256027,0.35317925,0.31718466,0.32176474,0.31802043,0.3711105,0.48780176,0.4699692,0.43825066,0.40523127,0.38843614,0.36429468,0.24920435,0.14151363,0.1459958,0.22773269,0.37051758,0.46235442,0.31048998,0.3574714,0.29314852,0.7065911,0.73517406,0.5013279,0.44727787,0.62996334
CGGACACGGCGATCTCCT,dense,1.0,0.0,0.0,0.0,-1.0,-1.0,0.21380617,0.59804446,0.38301614,0.35427672,0.34950495,0.36367667,0.32361975,0.3865746,0.47663856,0.5214099,0.4377328,0.43874273,0.39963636,0.5249063,0.59804446,0.23587628,0.298054,0.3979136,0.55848485,0.28150138,0.2401163,0.21380617,0.4690294,0.49083605,0.27054322,0.24596845,0.29027632,0.40823257
AGGGGACAGCAGCACAAG,dense,1.0,0.0,0.0,0.0,-1.0,-1.0,0.56978893,0.98825306,0.7752273,0.6062301,0.69327843,0.6869775,0.56978893,0.6575654,0.6609676,0.7916938,0.63935643,0.7727694,0.7631279,0.98825306,0.88719577,0.92701983,0.8766441,0.8686494,0.77537096,0.7415331,0.5943327,0.8199288,0.91193557,0.85479826,0.9015373,0.8787694,0.6533264,0.85963255
GCGGGACAGCAGTGTGCG,dense,1.0,0.0,0.0,0.0,-1.0,-1.0,0.1605842,0.87059736,0.49755836,0.329721,0.21396154,0.1605842,0.25078568,0.2943197,0.43762225,0.47208366,0.24116263,0.35307863,0.4743324,0.5598731,0.66356474,0.31865844,0.49717262,0.4897705,0.6626355,0.6308611,0.64890563,0.62007123,0.87059736,0.76035714,0.51886636,0.79739445,0.66385204,0.50872517
GGCAGCGCAACGACAGCG,dense,1.0,0.0,0.0,0.0,-1.0,-1.0,0.48565188,0.9773546,0.761128,0.5076425,0.6345311,0.62373435,0.48565188,0.57999796,0.6789457,0.7297159,0.66378057,0.80225617,0.7673899,0.9773546,0.8355162,0.89695084,0.91961735,0.87281686,0.520134,0.7184906,0.7565121,0.722979,0.89268744,0.80167574,0.91843784,0.8256946,0.9293595,0.9663262
CGGGGACAGCAGCGTACA,dense,1.0,0.0,0.0,0.0,-1.0,-1.0,0.36481178,0.92972887,0.6763819,0.4337155,0.41718808,0.39699435,0.36481178,0.44920313,0.58273244,0.687162,0.4672586,0.68031764,0.65041494,0.92972887,0.86299455,0.74668705,0.77632,0.7695093,0.8389039,0.6894886,0.54594356,0.6121555,0.8828564,0.8637008,0.83874834,0.8808813,0.7219299,0.8199001
TTAAACGTAACAGCAGTG,dense,1.0,0.0,0.0,0.0,-1.0,-1.0,0.25607973,0.8942232,0.6212366,0.52128035,0.5849369,0.60871977,0.5459072,0.5060233,0.67434794,0.7013868,0.8014074,0.49344048,0.7296515,0.8942232,0.697507,0.78592145,0.8167635,0.7940449,0.25607973,0.42818028,0.49069905,0.5119177,0.715224,0.6231344,0.7643341,0.74136543,0.43507478,0.40934402
CGGAAACGGCAGCATACA,dense,1.0,0.0,0.0,0.0,-1.0,-1.0,0.38794178,0.97108924,0.7529551,0.57845825,0.68957996,0.6785962,0.5671213,0.6304861,0.62321174,0.7277069,0.71596974,0.67484623,0.70279455,0.97108924,0.8667796,0.8354327,0.8431494,0.8080312,0.7950151,0.6877824,0.38794178,0.7357006,0.86262375,0.9209842,0.9488587,0.8897107,0.75073576,0.9312703
AGGAAAGAGCCGACAGCG,dense,1.0,0.0,0.0,0.0,-1.0,-1.0,0.393273,0.98861665,0.7678515,0.66298544,0.7697584,0.72566915,0.64433324,0.7144969,0.66556776,0.714521,0.6652811,0.794592,0.7607434,0.98861665,0.8234085,0.9145035,0.83768153,0.8281616,0.4696569,0.66243577,0.393273,0.8904355,0.82838994,0.87981063,0.9146334,0.8349636,0.8369684,0.9753997
GGAGGCGCGCCGACAGCG,dense,1.0,0.0,0.0,0.0,-1.0,-1.0,0.18175834,0.89214057,0.48128983,0.35113138,0.31818518,0.23162946,0.27777827,0.38274723,0.48981372,0.4427491,0.18175834,0.39700732,0.43182757,0.6408746,0.4058343,0.41297606,0.42361826,0.392464,0.33215785,0.605751,0.57711256,0.64363265,0.76408416,0.72894,0.5502287,0.7575431,0.4002601,0.89214057
AGGAACGAGCAAACTCCG,dense,1.0,0.0,0.0,0.0,-1.0,-1.0,0.46484745,0.9922266,0.79001534,0.65598005,0.7872037,0.73568946,0.6513589,0.71208346,0.67489475,0.7670939,0.7848895,0.7686448,0.8038765,0.9922266,0.8976881,0.9359455,0.9189571,0.8965146,0.4950123,0.8168359,0.46484745,0.78832895,0.7625859,0.87931854,0.9555918,0.7863582,0.86109984,0.9573596
AGGGGACAGCAGAACAAG,dense,1.0,0.0,0.0,0.0,-1.0,-1.0,0.5527139,0.99298143,0.8219351,0.6628434,0.7470209,0.7269512,0.6192575,0.70834494,0.6942967,0.8349978,0.7459791,0.86330646,0.84294015,0.99298143,0.9057628,0.94776475,0.9313828,0.89541715,0.8382839,0.80252844,0.5527139,0.8743422,0.9164133,0.8607308,0.91252077,0.8919376,0.8388825,0.940778
AGGAAACAGCAGCCTCCG,dense,1.0,0.0,0.0,0.0,-1.0,-1.0,0.38750038,0.9829401,0.74790984,0.615963,0.75696415,0.7089737,0.6179782,0.67057914,0.6545941,0.6751773,0.6985486,0.636768,0.676251,0.9829401,0.85780966,0.89390665,0.76319206,0.82286376,0.5406442,0.7389546,0.38750038,0.826935,0.89479125,0.864167,0.95611274,0.8152934,0.6960493,0.94479
GGAGGCGAGCCGACAGAG,dense,1.0,0.0,0.0,0.0,-1.0,-1.0,0.28976953,0.9238796,0.63805825,0.46255285,0.44089243,0.38486913,0.38091463,0.4845643,0.56196076,0.640704,0.28976953,0.664779,0.6213765,0.9206639,0.68157965,0.7264988,0.7349537,0.6785108,0.5360988,0.6217321,0.58673406,0.7588178,0.7879177,0.8334066,0.7294882,0.8609276,0.63786286,0.9238796
TGGAACGCAACAACAGTG,dense,1.0,0.0,0.0,0.0,-1.0,-1.0,0.60041016,0.9919194,0.82604635,0.6028329,0.7426084,0.7148688,0.60041016,0.6412263,0.7638382,0.8232534,0.90441674,0.8546891,0.88173705,0.9919194,0.9307662,0.9660156,0.96758705,0.93963695,0.6398359,0.7719133,0.6874273,0.8382875,0.8359263,0.83174586,0.96941197,0.8484166,0.9408305,0.9615564
AGGACCGCGCAAACTCCT,dense,1.0,0.0,0.0,0.0,-1.0,-1.0,0.32900357,0.9423022,0.63954854,0.5145604,0.6536303,0.6437373,0.5111859,0.58340913,0.60332674,0.6007588,0.584308,0.63652134,0.61698246,0.9423022,0.6766196,0.8292892,0.7603758,0.73346615,0.39776066,0.6521234,0.32900357,0.5640899,0.56642926,0.6507585,0.8267036,0.5271594,0.6830566,0.90115553
CGGGGACGGCAGCGTAAA,dense,1.0,0.0,0.0,0.0,-1.0,-1.0,0.22205576,0.8937086,0.5444574,0.3744037,0.28324118,0.22205576,0.28115755,0.3661974,0.4912575,0.56028277,0.3499432,0.6034992,0.5119473,0.6596491,0.70370764,0.34996316,0.57679933,0.40287417,0.8802861,0.5018691,0.43393975,0.44371626,0.8264526,0.8539633,0.7496331,0.8937086,0.4584412,0.8324449
GCGGGACAGCAGTTTGAG,dense,1.0,0.0,0.0,0.0,-1.0,-1.0,0.18722817,0.9018266,0.571094,0.3482322,0.20697129,0.18722817,0.27072743,0.29572022,0.50425404,0.57667434,0.2912197,0.5090798,0.54167414,0.6477056,0.7178626,0.37333325,0.55254227,0.6289133,0.7841903,0.6320591,0.71228385,0.8529899,0.9018266,0.8185807,0.7354979,0.8098493,0.7936002,0.58433217
AGGATCGGGCAACCTCCT,dense,1.0,0.0,0.0,0.0,-1.0,-1.0,0.3697889,0.9043125,0.5738306,0.41657072,0.3831354,0.41422212,0.3808502,0.4195156,0.5401786,0.5385,0.3697889,0.5786601,0.55394924,0.8368613,0.63298255,0.53269494,0.46129313,0.53805315,0.5304959,0.7036698,0.4019455,0.6035916,0.5150356,0.8783664,0.87528753,0.74754184,0.58826286,0.9043125
GCGGGACAGCAGCTTGAG,dense,1.0,0.0,0.0,0.0,-1.0,-1.0,0.27062273,0.9312408,0.64422715,0.37712252,0.29921153,0.27062273,0.30482513,0.36173683,0.5164815,0.55604845,0.3519006,0.50764763,0.5493436,0.8635616,0.804154,0.6123039,0.68632203,0.7516709,0.79466885,0.6392074,0.7914079,0.84740895,0.9312408,0.8906102,0.879227,0.8954268,0.8055421,0.8179862
CGGACACGGCAGTGTACA,dense,1.0,0.0,0.0,0.0,-1.0,-1.0,0.2009189,0.7378958,0.46168655,0.39980376,0.38882625,0.3926424,0.35965914,0.41017893,0.44996202,0.5181952,0.3895404,0.35839388,0.46517205,0.49618536,0.55377036,0.23751701,0.4189331,0.31781173,0.7378958,0.5095582,0.2009189,0.44624874,0.654391,0.72138876,0.5218664,0.56731284,0.41159979,0.61439216
AGGAAACGGCAACCTCCA,dense,1.0,0.0,0.0,0.0,-1.0,-1.0,0.23701154,0.9844089,0.7349635,0.62759066,0.76301116,0.71827596,0.6259192,0.68256986,0.6758308,0.71977806,0.82817256,0.75631833,0.73259133,0.9844089,0.85954946,0.8894454,0.8023832,0.83027273,0.49329758,0.7038956,0.23701154,0.6097955,0.8010735,0.8606979,0.9176605,0.73304445,0.6061481,0.9153458
AGGAACGGGCAAACTCCG,dense,1.0,0.0,0.0,0.0,-1.0,-1.0,0.41974536,0.9787298,0.7170295,0.597303,0.6860872,0.6820194,0.5786994,0.6423259,0.61729515,0.71141845,0.7335657,0.656443,0.71510863,0.9787298,0.7933698,0.85861206,0.7971697,0.78134537,0.43329194,0.7074432,0.41974536,0.70554936,0.6363502,0.86932236,0.92801124,0.74726564,0.69394416,0.95532167
CGGACACGGCAGCATCCC,dense,1.0,0.0,0.0,0.0,-1.0,-1.0,0.3631057,0.8906123,0.6170944,0.4424918,0.54978466,0.5560761,0.4309148,0.512092,0.58118457,0.6162753,0.5369043,0.5356312,0.5510063,0.8906123,0.7230722,0.61187786,0.62424093,0.6459569,0.61853707,0.48411047,0.3631057,0.5917032,0.80936646,0.7801513,0.83560485,0.71522284,0.55797607,0.86346126
AGGACCGGGTCACCTCTT,dense,1.0,0.0,0.0,0.0,-1.0,-1.0,0.13685675,0.61964154,0.3585458,0.33994135,0.2744614,0.28384912,0.3003771,0.3457171,0.4748801,0.4586736,0.44152573,0.38321087,0.37571463,0.30638477,0.23166871,0.13685675,0.15118682,0.2050805,0.43422088,0.46947584,0.20516977,0.3581424,0.30695972,0.55236113,0.61964154,0.4267054,0.4117179,0.46972263
CGGACCGGGTCAGCTCTT,dense,1.0,0.0,0.0,0.0,-1.0,-1.0,0.06455405,0.47732925,0.27193886,0.26054,0.17098412,0.1486928,0.21352373,0.27275032,0.38993758,0.3553745,0.31844178,0.25676304,0.31800762,0.100723915,0.21280083,0.06455405,0.15741022,0.12009698,0.4398851,0.38774204,0.26795334,0.26630157,0.2532441,0.40110737,0.47732925,0.31522405,0.39869925,0.2303842
TTAGGCGTGGCGGTAGGG,dense,1.0,0.0,0.0,0.0,-1.0,-1.0,0.0043325303,0.53325737,0.13255972,0.15895735,0.051368754,0.022167342,0.10861505,0.1286208,0.13652395,0.15098354,0.039324485,0.055002164,0.14828183,0.0043325303,0.04320981,0.0082523795,0.033294655,0.0063807946,0.11447458,0.1506333,0.53325737,0.3252599,0.28767988,0.32683527,0.096861616,0.23011151,0.07247786,0.08108599
TGCATCGCGTCAGCTCTT,dense,1.0,0.0,0.0,0.0,-1.0,-1.0,0.065367095,0.5858015,0.26656514,0.21493609,0.10914488,0.12177953,0.1823146,0.24155836,0.32747984,0.20026195,0.10686396,0.13587917,0.24199453,0.07584322,0.17654695,0.065367095,0.13794738,0.16904984,0.41330078,0.45894495,0.33095774,0.41015148,0.43584767,0.34405595,0.5858015,0.41561404,0.36520022,0.3972865
TGCACCGCGCCAGCTCTT,dense,1.0,0.0,0.0,0.0,-1.0,-1.0,0.24254286,0.48388916,0.33007222,0.2836265,0.2803131,0.29601154,0.25281298,0.35423562,0.47801235,0.30440536,0.25723428,0.2545455,0.31611657,0.30325145,0.33688608,0.25497302,0.30648413,0.33128607,0.402678,0.4283577,0.33516607,0.24254286,0.37326917,0.27263474,0.48102543,0.30642238,0.31562582,0.48388916
GTAGGGGTGGCGATAGAG,dense,1.0,0.0,0.0,0.0,-1.0,-1.0,0.02317863,0.5922405,0.22027817,0.26698005,0.078393966,0.042919535,0.16868167,0.17887813,0.2375175,0.2740692,0.07238548,0.24630728,0.2572244,0.03171923,0.11461711,0.02317863,0.116379224,0.02615305,0.22266829,0.13001835,0.39955238,0.24417017,0.5922405,0.46634012,0.16899505,0.50826687,0.20076318,0.4385349
CGGGGACGGCAGTGTGCG,dense,1.0,0.0,0.0,0.0,-1.0,-1.0,0.071165025,0.870964,0.37928596,0.25388706,0.12246206,0.071165025,0.17566498,0.218667,0.34638703,0.38260502,0.17637996,0.2949307,0.37404525,0.121663034,0.42723304,0.078042015,0.23342155,0.13254757,0.70152843,0.5073133,0.6017162,0.56180483,0.870964,0.7667789,0.3434499,0.70417345,0.39451638,0.6208022
TGCATCGCGCCAGCCGTT,dense,1.0,0.0,0.0,0.0,-1.0,-1.0,0.1256586,0.65401673,0.35717776,0.25086725,0.20127784,0.19581507,0.21938969,0.30064628,0.45934278,0.25659516,0.1256586,0.23419759,0.32624927,0.17456768,0.35265708,0.20237018,0.2723172,0.28854555,0.43112752,0.6324624,0.45793042,0.53806806,0.3674024,0.46125615,0.61345285,0.61452526,0.29870462,0.65401673
GGAGGCGCAACGATAGAG,dense,1.0,0.0,0.0,0.0,-1.0,-1.0,0.4483867,0.97495574,0.7287808,0.51353997,0.5026347,0.519963,0.4483867,0.5297644,0.62229794,0.72682536,0.5945221,0.7935154,0.7411763,0.97495574,0.7994475,0.8693227,0.9039194,0.85530365,0.5345025,0.67193973,0.7904786,0.79470867,0.8185569,0.7914022,0.8750079,0.7897299,0.82688916,0.93072945
GCGGGACGGCAGTTTGCG,dense,1.0,0.0,0.0,0.0,-1.0,-1.0,0.073075995,0.8065331,0.38885602,0.24712983,0.109322555,0.074281976,0.17650199,0.21326609,0.38742805,0.4190707,0.16888943,0.3040602,0.3804727,0.1476774,0.4269006,0.073075995,0.21895987,0.18724889,0.58230114,0.5608896,0.6676278,0.68107104,0.8046637,0.8065331,0.43606722,0.664105,0.5262691,0.4575875
TGAAGCGTAACGACAGTG,dense,1.0,0.0,0.0,0.0,-1.0,-1.0,0.47856864,0.91704375,0.7031108,0.5034202,0.4827729,0.53835005,0.4858813,0.47856864,0.6263498,0.70428526,0.705878,0.70500743,0.730387,0.91704375,0.677578,0.77931345,0.8089936,0.80202776,0.581966,0.6380028,0.6819503,0.81852067,0.8012416,0.79423344,0.8541778,0.8444283,0.7135786,0.903816
TTAAGCGCAACAGCAGTG,dense,1.0,0.0,0.0,0.0,-1.0,-1.0,0.35167193,0.93390447,0.6237065,0.4945017,0.5657979,0.5914317,0.49776933,0.49886867,0.64799225,0.65395397,0.5890682,0.5758999,0.7123567,0.93390447,0.76563793,0.8689456,0.88139564,0.81487435,0.35167193,0.5045144,0.63177997,0.5599723,0.73782897,0.5521954,0.7068699,0.6886857,0.3775854,0.38916042
AGGACCGAGCAAACTCCT,dense,1.0,0.0,0.0,0.0,-1.0,-1.0,0.38848585,0.9796132,0.7212432,0.5881162,0.723844,0.69658756,0.58523685,0.6476038,0.6551062,0.7189316,0.6755818,0.77047235,0.74575865,0.9796132,0.83851975,0.90102804,0.8886388,0.8436878,0.4560609,0.7409189,0.38848585,0.6415516,0.5570077,0.7681479,0.87613964,0.60953426,0.8280469,0.9064583
AGGAACGCACCAACCCTT,dense,1.0,0.0,0.0,0.0,-1.0,-1.0,0.3308253,0.98134345,0.73524636,0.6029917,0.78114325,0.72276086,0.60100484,0.6684404,0.7019731,0.7563524,0.8529304,0.730294,0.80134964,0.98134345,0.8155823,0.9351208,0.8922896,0.86393774,0.49128678,0.69974506,0.3308253,0.682043,0.5012692,0.6641874,0.9202604,0.7177035,0.7386657,0.92765725
TTCAACGCAACAGCAGTG,dense,1.0,0.0,0.0,0.0,-1.0,-1.0,0.40528592,0.9271695,0.6904561,0.48085892,0.6307949,0.6280094,0.4967759,0.5149952,0.70445985,0.7044007,0.81714475,0.63053316,0.7817988,0.9271695,0.80678743,0.87318075,0.91381603,0.84516793,0.40528592,0.567113,0.65812767,0.48183724,0.7816957,0.5881537,0.8936955,0.68725014,0.8008818,0.641468
AGGAGAGAGCAGACAGCG,dense,1.0,0.0,0.0,0.0,-1.0,-1.0,0.40960437,0.99175805,0.78211915,0.661966,0.7236552,0.71131784,0.6195595,0.69731265,0.6347534,0.78091025,0.40960437,0.831752,0.78546137,0.99175805,0.87330675,0.9260938,0.8948358,0.8656188,0.586082,0.680308,0.52406186,0.91683555,0.926959,0.8972376,0.90029347,0.8449446,0.90092,0.9674283
GTAGGCGTGGCGATAGAG,dense,1.0,0.0,0.0,0.0,-1.0,-1.0,0.032080773,0.6010924,0.25428578,0.27283302,0.09793436,0.066971585,0.19106609,0.20369002,0.23420052,0.24757212,0.058694463,0.21714109,0.24617453,0.041257612,0.13053384,0.032080773,0.121791,0.04659768,0.24239206,0.22030833,0.51487744,0.31435746,0.5794991,0.58690315,0.23842679,0.6010924,0.2591667,0.5915832
AGGACCGCGCCACCTCTT,dense,1.0,0.0,0.0,0.0,-1.0,-1.0,0.19723335,0.7490561,0.48154873,0.38468367,0.47071078,0.4900986,0.3713428,0.45665523,0.56189394,0.48072058,0.43465972,0.43405318,0.43046877,0.7490561,0.43198574,0.6403828,0.36508656,0.5090086,0.44350344,0.5289616,0.19723335,0.4083504,0.42094025,0.516962,0.6930044,0.47575343,0.43091726,0.71228427
CGGATACGGCGATCTCCT,dense,1.0,0.0,0.0,0.0,-1.0,-1.0,0.1718821,0.6590881,0.38887146,0.3186297,0.22095054,0.22937843,0.27912748,0.31150964,0.44295567,0.47965947,0.24391991,0.35808754,0.37563163,0.36891076,0.60799176,0.1718821,0.25780475,0.37119126,0.6590881,0.33778802,0.3236735,0.3656668,0.55701476,0.60807717,0.37703657,0.44667068,0.3976561,0.6114842
AGGAACGACCAAACCCCG,dense,1.0,0.0,0.0,0.0,-1.0,-1.0,0.46063012,0.9925458,0.78378236,0.6604502,0.84297705,0.76264024,0.66756755,0.7299143,0.7265558,0.81014717,0.86781734,0.8128296,0.8231004,0.9925458,0.8851163,0.9575779,0.9311118,0.90523213,0.46063012,0.8041267,0.47243404,0.78454155,0.5386284,0.7572979,0.93905044,0.731726,0.7710244,0.95951515
AGGACCCGGCAAACTCCT,dense,1.0,0.0,0.0,0.0,-1.0,-1.0,0.40535867,0.9326786,0.64630437,0.5135892,0.6544628,0.64382154,0.5113891,0.5822723,0.6110197,0.6584894,0.6423389,0.63391566,0.643705,0.9326786,0.6894915,0.79967606,0.7381634,0.71292746,0.46384555,0.637905,0.40535867,0.42661417,0.6023475,0.75228655,0.8420511,0.5259288,0.67525834,0.85807306
GCGGGACAGCAGACAAAG,dense,1.0,0.0,0.0,0.0,-1.0,-1.0,0.54302794,0.98871684,0.79986537,0.5837415,0.67590404,0.6791617,0.54302794,0.6416881,0.6824597,0.8169957,0.7304367,0.8120442,0.81896615,0.98871684,0.9212672,0.92939276,0.93689054,0.90657693,0.88806015,0.69698864,0.6338117,0.7766169,0.83642536,0.87661713,0.9119471,0.9009628,0.91333526,0.8946001
AGGGGAGAGCAGACAAAG,dense,1.0,0.0,0.0,0.0,-1.0,-1.0,0.49485904,0.9931799,0.7913958,0.6579362,0.69029754,0.6929655,0.5912226,0.68583196,0.63687825,0.8003586,0.49485904,0.85502416,0.8147369,0.9931799,0.9074249,0.9388889,0.9206691,0.8847419,0.8193345,0.7247051,0.51189095,0.92627996,0.8508447,0.8858256,0.84189147,0.85624975,0.8666462,0.9362112
TGCATCGCGCCAGCTCTT,dense,1.0,0.0,0.0,0.0,-1.0,-1.0,0.11715897,0.64204925,0.33336842,0.24610959,0.17263816,0.18807581,0.21229576,0.29352957,0.41058326,0.23924367,0.11715897,0.17871661,0.30161074,0.20121238,0.34434482,0.18480414,0.26500067,0.30071586,0.47362962,0.5122882,0.37083778,0.4010136,0.40943286,0.42163906,0.60550475,0.50042516,0.3413506,0.64204925
AGGACCGCGCCAACTCTT,dense,1.0,0.0,0.0,0.0,-1.0,-1.0,0.18972157,0.8423664,0.53133184,0.43409014,0.539692,0.55948573,0.42589125,0.5019966,0.5673682,0.53040814,0.537382,0.52636814,0.5484243,0.8423664,0.48167574,0.73844934,0.5490914,0.5943363,0.47530127,0.50202024,0.18972157,0.44260886,0.3687449,0.47617826,0.6484252,0.47497687,0.5141035,0.81419027
GTAGGGACGCCGATAGAG,dense,1.0,0.0,0.0,0.0,-1.0,-1.0,0.12672523,0.74143296,0.41986856,0.40058625,0.28091723,0.2577319,0.32862768,0.3577483,0.53681284,0.58078283,0.33651432,0.55559546,0.48722783,0.6372611,0.44035184,0.441422,0.46875525,0.44592255,0.36468774,0.24393632,0.32877547,0.2981553,0.74143296,0.46903965,0.3603682,0.47976118,0.12672523,0.527575
AGGAGAGAGCAGACAACG,dense,1.0,0.0,0.0,0.0,-1.0,-1.0,0.4745142,0.9948919,0.8079314,0.6941597,0.77667147,0.7395157,0.65784794,0.73740494,0.6525571,0.8223709,0.523388,0.8694606,0.82835734,0.9948919,0.9069692,0.94296825,0.92345876,0.89109915,0.69725627,0.76217335,0.4745142,0.89265156,0.8745438,0.9133298,0.92170167,0.8251208,0.91551375,0.96035665
GAGGGACAGCAGTTCGAG,dense,1.0,0.0,0.0,0.0,-1.0,-1.0,0.3179544,0.83787113,0.51404256,0.45433977,0.35895562,0.34789935,0.38624713,0.42253652,0.5284268,0.60222316,0.3189305,0.5245078,0.5211556,0.83787113,0.66308933,0.5407163,0.45914972,0.622168,0.642913,0.42423347,0.5586744,0.70411605,0.67042506,0.6615394,0.37885016,0.564151,0.3179544,0.33998966
CGGACACGGCGGTCTCCC,dense,1.0,0.0,0.0,0.0,-1.0,-1.0,0.07985521,0.50285625,0.27567923,0.28737858,0.25045133,0.20827119,0.25109935,0.31895545,0.37597507,0.34535787,0.32718652,0.23842993,0.27817866,0.1580017,0.371611,0.07985521,0.12878685,0.10283887,0.43889105,0.2404525,0.16658455,0.3810639,0.50285625,0.39563078,0.16497344,0.26267585,0.20127082,0.41520408
AGGAAACGGCAAACTCCG,dense,1.0,0.0,0.0,0.0,-1.0,-1.0,0.37694776,0.9896158,0.76020765,0.65668184,0.7885068,0.73562247,0.65242684,0.71206844,0.6768076,0.7470274,0.8278294,0.73360115,0.76764286,0.9896158,0.87360674,0.9158513,0.87721705,0.87146664,0.5060143,0.6535934,0.37694776,0.6901844,0.81531596,0.8499228,0.9307962,0.7264871,0.67029697,0.95965916
GCGGGGCAGCAGCTAGAG,dense,1.0,0.0,0.0,0.0,-1.0,-1.0,0.20158735,0.9187746,0.5978044,0.35884434,0.26502106,0.20158735,0.26503974,0.3490764,0.4676897,0.5429213,0.27067724,0.48751545,0.53033817,0.78805643,0.7380009,0.50288403,0.70321983,0.62101054,0.69996315,0.6106818,0.731304,0.78115356,0.9187746,0.865953,0.89875484,0.8398092,0.8565484,0.6502866
CGGGGACAGCAGCGTAAG,dense,1.0,0.0,0.0,0.0,-1.0,-1.0,0.3675923,0.9303985,0.6967533,0.44085142,0.41519946,0.39282322,0.3675923,0.45152068,0.5848285,0.6774779,0.47311205,0.7101797,0.6528345,0.9303985,0.85763747,0.7754234,0.80202544,0.790383,0.9053185,0.6250971,0.6294256,0.75116485,0.92200965,0.8647212,0.9060035,0.9151887,0.6941314,0.8834836
GCGGGACAGCAGCTAGAG,dense,1.0,0.0,0.0,0.0,-1.0,-1.0,0.38031155,0.94360936,0.71288025,0.44653773,0.43103012,0.41982606,0.38031155,0.46135643,0.5789373,0.6797981,0.5626939,0.640607,0.6389943,0.94360936,0.85004663,0.7859843,0.8101324,0.8357409,0.78922063,0.62743473,0.8021097,0.82614106,0.9200637,0.8865146,0.91402,0.8722209,0.8971597,0.8215159
CGGACACGGCAGCCTACA,dense,1.0,0.0,0.0,0.0,-1.0,-1.0,0.23893188,0.8810782,0.606988,0.44110632,0.5481664,0.5553665,0.42822954,0.51043457,0.5705476,0.61261445,0.5397581,0.4916955,0.5319482,0.8810782,0.7654385,0.60783833,0.61833143,0.6468864,0.72260106,0.53537786,0.23893188,0.5678047,0.6865573,0.83670187,0.8024016,0.69359076,0.49753243,0.8437626
GTAGGGGTGGCGGTAGAG,dense,1.0,0.0,0.0,0.0,-1.0,-1.0,0.006505524,0.39410225,0.13395225,0.20606427,0.056664955,0.022150388,0.12182228,0.139088,0.16966578,0.19056143,0.05734994,0.1019485,0.16728821,0.0067527755,0.05315052,0.009479686,0.052227184,0.006505524,0.11346471,0.08971377,0.3516099,0.16112977,0.39410225,0.28023118,0.105075985,0.33303973,0.06840352,0.09131588
TGCACCGCACCAACCGTT,dense,1.0,0.0,0.0,0.0,-1.0,-1.0,0.4016966,0.91754204,0.6638825,0.41388202,0.5884663,0.5817387,0.4016966,0.48906827,0.67460495,0.66910994,0.77740234,0.70021474,0.6882736,0.8777981,0.7219563,0.85216826,0.8623872,0.8171399,0.57811016,0.6824145,0.5639494,0.56396157,0.4581008,0.55030376,0.81607836,0.64314437,0.7075529,0.91754204
AGGAGACAGCAGCGTACG,dense,1.0,0.0,0.0,0.0,-1.0,-1.0,0.44176358,0.96959305,0.728742,0.5730532,0.6391682,0.6502514,0.55192006,0.60981643,0.5947737,0.7099278,0.44176358,0.72569656,0.6568347,0.96959305,0.7919266,0.85641646,0.74032027,0.7478668,0.70602274,0.7138678,0.45878366,0.7429891,0.9164402,0.9006227,0.9489407,0.8855675,0.7600333,0.92595327
TTAAGCGCAACGACAGTG,dense,1.0,0.0,0.0,0.0,-1.0,-1.0,0.49177366,0.93400955,0.6791902,0.49177366,0.55674434,0.5860382,0.49534035,0.49572468,0.65438455,0.6935544,0.64588,0.71145064,0.7203188,0.93400955,0.7511178,0.8572756,0.87158424,0.7938879,0.50113386,0.5596123,0.54884255,0.7326677,0.72914445,0.66878736,0.7821522,0.80921006,0.5563734,0.8327466
TTAAGCGCAACGGCAGTG,dense,1.0,0.0,0.0,0.0,-1.0,-1.0,0.2877103,0.7172634,0.51672816,0.42047334,0.4186258,0.44187233,0.40590322,0.40576077,0.5738615,0.5334805,0.4600438,0.4525039,0.5588613,0.7172634,0.570737,0.61606205,0.6648689,0.5113213,0.32867125,0.5378431,0.5664384,0.5847995,0.6450956,0.48699903,0.6636714,0.7049166,0.2877103,0.36041975
GCGGGACGGCAGTGTGCG,dense,1.0,0.0,0.0,0.0,-1.0,-1.0,0.07001766,0.81556684,0.35770026,0.2549773,0.123557836,0.07266489,0.17716591,0.22014485,0.33706036,0.35449585,0.16175066,0.24889806,0.34192136,0.123439535,0.38246986,0.07001766,0.22705625,0.13275233,0.6348588,0.56895345,0.56726617,0.42590648,0.81556684,0.748456,0.31463835,0.753816,0.4237059,0.4609656
AGGAAACGGCAACCTCCC,dense,1.0,0.0,0.0,0.0,-1.0,-1.0,0.2995992,0.98283386,0.72716594,0.6165437,0.7513321,0.7092347,0.61486536,0.67083436,0.6758308,0.71977806,0.82817256,0.75631833,0.73259133,0.98283386,0.8454161,0.88460904,0.7747717,0.82013524,0.4229449,0.69359744,0.2995992,0.606459,0.7589443,0.8665504,0.9205361,0.71318704,0.5963768,0.9176869
GGGGGAGAGCAGATAGAG,dense,1.0,0.0,0.0,0.0,-1.0,-1.0,0.29738304,0.9763025,0.74036485,0.51372075,0.3448237,0.29738304,0.38507968,0.4640773,0.58551615,0.76000345,0.44593015,0.85072106,0.77144635,0.9763025,0.90231824,0.8440096,0.9058406,0.8734328,0.77609605,0.6922424,0.75747865,0.93520796,0.8901537,0.90056086,0.8895057,0.84395653,0.9487212,0.95459116
AGGAGACGGCAGCATACG,dense,1.0,0.0,0.0,0.0,-1.0,-1.0,0.41553342,0.9568423,0.6961488,0.5573794,0.59574467,0.6180482,0.5243921,0.5920091,0.5639693,0.7190025,0.41553342,0.6965428,0.6203616,0.9568423,0.70306975,0.7767862,0.6736346,0.6550642,0.6270043,0.67454153,0.5026498,0.6998541,0.8912287,0.92080325,0.9333109,0.87200403,0.68977964,0.92416453
CGGAGACAGCAGCGTACA,dense,1.0,0.0,0.0,0.0,-1.0,-1.0,0.41118217,0.96157694,0.72787005,0.5160322,0.58689755,0.6056642,0.48989442,0.55873716,0.5894731,0.7131746,0.4765002,0.7157225,0.6662292,0.96157694,0.87166435,0.83455896,0.825626,0.80765986,0.83064747,0.6741173,0.41118217,0.7202934,0.89798397,0.8939946,0.940361,0.8963184,0.8070475,0.9053958
AGGGGACAGCAGCGTAAA,dense,1.0,0.0,0.0,0.0,-1.0,-1.0,0.41217893,0.9626477,0.69886214,0.54190105,0.54084015,0.55866706,0.4835068,0.5597596,0.5883509,0.6740402,0.43682024,0.71823376,0.6425861,0.9626477,0.8155588,0.83670795,0.7674717,0.7392295,0.85958785,0.64685225,0.41217893,0.6906704,0.9056652,0.8585489,0.84845686,0.9088646,0.62132204,0.8530882
GAGGGACAGCAGATGAAG,dense,1.0,0.0,0.0,0.0,-1.0,-1.0,0.47444227,0.977647,0.67566454,0.58274794,0.578655,0.6033163,0.52810645,0.5956154,0.5716321,0.75097823,0.49787274,0.69934773,0.69621384,0.977647,0.8106046,0.86809504,0.8409349,0.8275389,0.80455303,0.5900069,0.49371043,0.7303079,0.53662235,0.8186616,0.654623,0.64947426,0.47444227,0.70990425
AGGACACGGCAGCCTACA,dense,1.0,0.0,0.0,0.0,-1.0,-1.0,0.15636706,0.9095209,0.6009256,0.51950455,0.6298815,0.6261124,0.5131717,0.57838076,0.5737699,0.6089341,0.5029088,0.50342995,0.5206326,0.9095209,0.65839523,0.6726298,0.5274106,0.54879147,0.61804116,0.57721645,0.15636706,0.5512126,0.6923835,0.83056504,0.7661985,0.6719646,0.42121693,0.8445002
AGGACCGCGCCAACCCTT,dense,1.0,0.0,0.0,0.0,-1.0,-1.0,0.19807327,0.8738096,0.53569824,0.45776445,0.6099482,0.5965913,0.4526422,0.5445395,0.5989332,0.5516296,0.518969,0.5962375,0.5693948,0.8738096,0.5240799,0.776022,0.55468035,0.6255511,0.41641855,0.5570899,0.19807327,0.5072985,0.29363403,0.35811943,0.6022422,0.43902737,0.3995235,0.77023655
GTAGGCGTGACGGTAGGG,dense,1.0,0.0,0.0,0.0,-1.0,-1.0,0.02746613,0.48735934,0.19260746,0.25048986,0.09047991,0.055993583,0.17613684,0.18793313,0.28691393,0.3161249,0.08916404,0.15849891,0.2910645,0.02746613,0.1188914,0.034917455,0.110474505,0.050502006,0.1497415,0.19514766,0.48735934,0.35047376,0.38250166,0.42111245,0.1457167,0.28066662,0.08914227,0.06827364
CGGACCGCACCAGCCCTT,dense,1.0,0.0,0.0,0.0,-1.0,-1.0,0.28893858,0.8570109,0.5678559,0.40295714,0.5568238,0.5408849,0.38891622,0.49506167,0.63650197,0.617696,0.63256323,0.5413646,0.6177958,0.8570109,0.6910483,0.8047564,0.7238669,0.7413537,0.46709687,0.6152697,0.41679466,0.4258254,0.28893858,0.37484655,0.7522232,0.41558096,0.59177303,0.5994456
AGGAACGAGCAAACCCCT,dense,1.0,0.0,0.0,0.0,-1.0,-1.0,0.4463101,0.9924165,0.7831189,0.66722167,0.8154399,0.74951434,0.6669303,0.73060066,0.6902349,0.7770156,0.7806751,0.79180944,0.8110521,0.9924165,0.90314126,0.94242173,0.9180602,0.89713234,0.48307824,0.842657,0.4463101,0.8409827,0.59174985,0.81520045,0.9401103,0.7458023,0.8183515,0.9200658
AGGACCGCACAAACCCCT,dense,1.0,0.0,0.0,0.0,-1.0,-1.0,0.4350887,0.98130393,0.7456561,0.599789,0.79403913,0.72973067,0.59815925,0.6755957,0.7104539,0.7629714,0.81285346,0.77767116,0.78564394,0.98130393,0.8381822,0.93182117,0.9218246,0.8722487,0.4350887,0.7301957,0.47203815,0.7450519,0.57452965,0.64753115,0.9145164,0.5936042,0.8012956,0.93526167
TGCAACGCACCAACCGTT,dense,1.0,0.0,0.0,0.0,-1.0,-1.0,0.478083,0.94848233,0.7322265,0.47924185,0.67186797,0.64341253,0.478083,0.5447178,0.6882033,0.73146486,0.8543785,0.7372779,0.7633129,0.9426189,0.80551624,0.9007169,0.8991572,0.86662215,0.5671111,0.7375646,0.5710603,0.7504402,0.5507884,0.70267236,0.91750544,0.78435355,0.7690935,0.94848233
AGGAGACAGCAGCGTACA,dense,1.0,0.0,0.0,0.0,-1.0,-1.0,0.35344112,0.9724327,0.7280781,0.59345984,0.66660327,0.66997725,0.5722279,0.630901,0.5947737,0.7099278,0.44176358,0.72569656,0.6568347,0.9724327,0.810826,0.86354434,0.7718241,0.74999094,0.7488236,0.6623346,0.35344112,0.73738116,0.8996386,0.89365506,0.9301235,0.8855647,0.7542411,0.905966
GTGGGGCAGCAGATAGAG,dense,1.0,0.0,0.0,0.0,-1.0,-1.0,0.1698742,0.90753907,0.62300813,0.38324794,0.20671931,0.1698742,0.2750209,0.315346,0.5247911,0.67186224,0.24103472,0.66681546,0.64885545,0.83745235,0.7813158,0.59254664,0.8140255,0.7204508,0.7094109,0.5302486,0.5744728,0.794066,0.90753907,0.80544096,0.87883717,0.82967585,0.88101214,0.8151422
GGGAGAGAGCCGACAGCG,dense,1.0,0.0,0.0,0.0,-1.0,-1.0,0.41000685,0.9826482,0.72056717,0.5244336,0.50950944,0.47247183,0.44897637,0.5402678,0.6130048,0.7011576,0.41000685,0.8088438,0.70682764,0.9826482,0.86648524,0.88508725,0.84578604,0.86182714,0.544468,0.57030475,0.55454475,0.81178606,0.8505699,0.8811885,0.8963963,0.8603192,0.89816654,0.9691032
AGGGGACAGCAGCGTACA,dense,1.0,0.0,0.0,0.0,-1.0,-1.0,0.42994064,0.95503247,0.6797695,0.5139209,0.5081865,0.51028264,0.4536646,0.529292,0.58542955,0.6836531,0.42994064,0.6887746,0.64107376,0.95503247,0.7973944,0.80605114,0.70582294,0.70743793,0.74885195,0.7000096,0.50177413,0.61864257,0.884605,0.86174524,0.80604595,0.87015164,0.66678834,0.8196653
GGCAGCGCAACGACAGTG,dense,1.0,0.0,0.0,0.0,-1.0,-1.0,0.4658531,0.973389,0.7527168,0.4951197,0.5954254,0.6028001,0.4658531,0.55409145,0.6741703,0.7327602,0.679541,0.81290805,0.7633027,0.973389,0.8305841,0.89479554,0.9232055,0.8720895,0.6386307,0.72985584,0.67440313,0.6948543,0.87083644,0.7295857,0.9175566,0.8231836,0.9277216,0.94125557
AGGAAACAGCAGACAACG,dense,1.0,0.0,0.0,0.0,-1.0,-1.0,0.4116448,0.9955407,0.8438183,0.7155586,0.87028795,0.78839946,0.7178271,0.78359383,0.7423869,0.8394757,0.86948943,0.84216815,0.86979777,0.9955407,0.9215337,0.9533546,0.94254065,0.91026866,0.71114975,0.7683621,0.4116448,0.90678185,0.9056043,0.9205687,0.9686511,0.84825057,0.91794014,0.9742779
CGGCCACGGCGGTCTCCC,dense,1.0,0.0,0.0,0.0,-1.0,-1.0,0.05354319,0.38345176,0.2106873,0.23702925,0.1919497,0.15112263,0.1937518,0.28964946,0.34759462,0.28296605,0.20239766,0.1834809,0.2395025,0.088268265,0.28052083,0.05354319,0.109778956,0.072659664,0.37861186,0.20059,0.16463964,0.22512676,0.38345176,0.27329236,0.07342702,0.24275105,0.1498098,0.2512668
GCGGGACAGCAGTTTGCG,dense,1.0,0.0,0.0,0.0,-1.0,-1.0,0.16032796,0.86261797,0.52825063,0.32021728,0.18708475,0.16032796,0.24949549,0.2764836,0.48725715,0.5401946,0.24986349,0.41991633,0.5155198,0.6004351,0.69872653,0.31815967,0.4767994,0.5889815,0.61966294,0.6463566,0.74281394,0.80398375,0.86261797,0.81641686,0.6439169,0.72624964,0.7486564,0.50612736
CGGACCGCGTCACCTCTT,dense,1.0,0.0,0.0,0.0,-1.0,-1.0,0.22332658,0.7224569,0.40040982,0.29247844,0.27361238,0.3006547,0.26176333,0.3578774,0.48671147,0.4176698,0.45011267,0.3558674,0.3695929,0.37581384,0.36378738,0.22332658,0.2650147,0.45385996,0.55202943,0.46292338,0.23203868,0.4631169,0.41557467,0.463739,0.7224569,0.42085484,0.54806715,0.4813007
AGGACACGGCAACCTCCG,dense,1.0,0.0,0.0,0.0,-1.0,-1.0,0.29980257,0.9577309,0.6585141,0.5375953,0.6790159,0.6555082,0.53672177,0.60052073,0.6508145,0.6902457,0.74876773,0.7032867,0.6611019,0.9577309,0.7662664,0.82728004,0.68060535,0.7534494,0.444307,0.53498095,0.29980257,0.4534626,0.75875056,0.77829295,0.8482261,0.56335783,0.46488973,0.86786985
CGGACCCGGCAACCTCCT,dense,1.0,0.0,0.0,0.0,-1.0,-1.0,0.3737485,0.8853896,0.61993694,0.38920757,0.5082904,0.51416457,0.3737485,0.47478738,0.61115927,0.6236608,0.6633051,0.6558696,0.60241145,0.85933226,0.73389477,0.6825655,0.64816076,0.70809215,0.588143,0.6204503,0.4823492,0.3906125,0.6808452,0.8014307,0.8853896,0.5532218,0.67537135,0.77195853
GTAGGCGTGGCGGTAGAG,dense,1.0,0.0,0.0,0.0,-1.0,-1.0,0.0093639195,0.47903824,0.16061278,0.2111316,0.07031914,0.034885492,0.13888696,0.15998338,0.16668391,0.17513756,0.046091333,0.08446263,0.15871644,0.0093639195,0.06218808,0.013635501,0.05428133,0.011588053,0.1292358,0.18712428,0.47903824,0.22135796,0.38979876,0.38147834,0.15377097,0.42484784,0.093636364,0.15767579
GTAGGCGTGGCGGTAGGG,dense,1.0,0.0,0.0,0.0,-1.0,-1.0,0.006182264,0.46763983,0.12525125,0.18354338,0.060890242,0.02531853,0.11818451,0.14198525,0.15289326,0.15965937,0.042402707,0.064584,0.13952833,0.006182264,0.050735373,0.011345155,0.043205652,0.008405606,0.10024007,0.14519693,0.46763983,0.19285057,0.30286753,0.28492633,0.07662223,0.21051125,0.07487841,0.06668434
AAGGGACAGCAGACAAAG,dense,1.0,0.0,0.0,0.0,-1.0,-1.0,0.41893792,0.9910005,0.7617348,0.6975699,0.82160544,0.7607345,0.680286,0.7622107,0.6858026,0.81703603,0.70906466,0.77776474,0.7926267,0.9910005,0.8206171,0.9306833,0.88798964,0.84128714,0.80192316,0.56402594,0.41893792,0.71977377,0.753834,0.8024955,0.795224,0.78176576,0.6186408,0.8104703
AGGAACGAACAAACCCCT,dense,1.0,0.0,0.0,0.0,-1.0,-1.0,0.568649,0.9968136,0.8358522,0.6974306,0.87398356,0.78865117,0.70332247,0.7665864,0.75006974,0.84264445,0.90072125,0.83285,0.8903619,0.9968136,0.9452155,0.973082,0.9654387,0.9381629,0.5794287,0.84676427,0.568649,0.83447844,0.67725044,0.84850436,0.97213745,0.8286116,0.9077715,0.9673752
GCGGGAGAGCAGACAGAG,dense,1.0,0.0,0.0,0.0,-1.0,-1.0,0.45310354,0.9816212,0.75381523,0.53730357,0.5263249,0.50787914,0.4542582,0.5586156,0.6203631,0.7778022,0.45310354,0.8161575,0.786144,0.9816212,0.9006333,0.8750529,0.91129833,0.87536097,0.7808759,0.70954233,0.6401079,0.8456966,0.8564155,0.87460184,0.82166034,0.900227,0.917026,0.9173093
GCGGGACAGCAGCGTGCG,dense,1.0,0.0,0.0,0.0,-1.0,-1.0,0.23729971,0.8990363,0.59695834,0.35981378,0.3055668,0.23729971,0.28411603,0.36043224,0.5402633,0.5325129,0.32247075,0.5059704,0.5231637,0.81793576,0.76773775,0.56002825,0.63647574,0.6436838,0.6903224,0.6274914,0.7124415,0.569974,0.8990363,0.8345207,0.8056714,0.8928128,0.7049082,0.7893091
AGGAACGAACAGACAGCG,dense,1.0,0.0,0.0,0.0,-1.0,-1.0,0.62157196,0.99569714,0.8560573,0.69652474,0.839457,0.7667239,0.690359,0.76054645,0.7460583,0.84441835,0.8901828,0.82298523,0.89052474,0.99569714,0.9191789,0.96189773,0.95715624,0.9216465,0.6216704,0.8678574,0.62157196,0.9115709,0.91407174,0.92684716,0.97700876,0.91057694,0.9577674,0.98913354
GGAGGCGCGACGACAGAG,dense,1.0,0.0,0.0,0.0,-1.0,-1.0,0.37284815,0.90981066,0.6184642,0.45619488,0.43479538,0.38057467,0.37284815,0.47991556,0.5738572,0.69792515,0.39830494,0.7289457,0.66667974,0.90981066,0.6484949,0.6751733,0.7470579,0.64282805,0.4780522,0.5651762,0.5547996,0.7178159,0.8024339,0.708015,0.66484135,0.8097201,0.47268227,0.8746613
AGGATTTGGTAACCTCCT,dense,1.0,0.0,0.0,0.0,-1.0,-1.0,0.08341693,0.9029225,0.39421237,0.3065414,0.12325981,0.15194184,0.27361304,0.24611618,0.37174234,0.33430895,0.10989892,0.24306738,0.43952003,0.20832334,0.2838074,0.08341693,0.13949884,0.2960447,0.47708416,0.4270331,0.39382005,0.6156206,0.7482565,0.79433274,0.9029225,0.70175964,0.56253564,0.62084454
CGGGCACGGCGGTGTCCC,dense,1.0,0.0,0.0,0.0,-1.0,-1.0,0.033855308,0.5392075,0.20102745,0.2107286,0.12182821,0.07203315,0.15608276,0.21779926,0.2594647,0.24484722,0.10804388,0.17973767,0.22230761,0.040244646,0.22687006,0.033855308,0.094145365,0.03610124,0.5392075,0.24136396,0.29747632,0.19418913,0.53787696,0.3215414,0.046290755,0.29949716,0.14022419,0.18393005
GGGGGAGAGCAGACAGCG,dense,1.0,0.0,0.0,0.0,-1.0,-1.0,0.34528902,0.9856976,0.7370196,0.50924313,0.41585913,0.34528902,0.39057153,0.49246266,0.6269849,0.76296985,0.46635625,0.82065463,0.7886211,0.9856976,0.91964275,0.890168,0.9038903,0.886901,0.64740217,0.71356046,0.75192636,0.86432004,0.88213444,0.87884784,0.78891015,0.8445637,0.90283513,0.94567585
AGGAACCACCAGACCACG,dense,1.0,0.0,0.0,0.0,-1.0,-1.0,0.47849822,0.98297775,0.7994571,0.63575184,0.8313661,0.7527967,0.6464995,0.7105222,0.71528804,0.8116335,0.8728009,0.7553087,0.8088318,0.98297775,0.828,0.93600285,0.8995489,0.86207086,0.5703453,0.872874,0.47849822,0.8352198,0.79437757,0.8474698,0.95368123,0.80111164,0.8210442,0.96240777
TGAAGCGCAACAACAGTG,dense,1.0,0.0,0.0,0.0,-1.0,-1.0,0.5013856,0.98803896,0.7831411,0.60003877,0.7367001,0.70921224,0.5992583,0.6399887,0.7051382,0.7878793,0.8209497,0.79996735,0.83523,0.98803896,0.88909143,0.94959575,0.9561539,0.9144405,0.5013856,0.68393946,0.72496223,0.8450445,0.83955216,0.7612634,0.89282817,0.7909301,0.7063276,0.9006143
TTAGGGGTGGCGGTAGGG,dense,1.0,0.0,0.0,0.0,-1.0,-1.0,0.0030060178,0.4297709,0.1124351,0.15471457,0.04137636,0.014050893,0.09471847,0.110570855,0.14038646,0.16276577,0.05017506,0.06699051,0.15759341,0.0030060178,0.03581575,0.005680655,0.032036234,0.0035983147,0.10780869,0.08848926,0.4297709,0.26962757,0.2756098,0.23724328,0.06480808,0.16505638,0.05322188,0.045762457
CGGGCACGGCAGTGTTCA,dense,1.0,0.0,0.0,0.0,-1.0,-1.0,0.09892702,0.7357786,0.3160297,0.2721555,0.16285999,0.12844971,0.21037054,0.25997975,0.35786724,0.3663317,0.15662651,0.25717565,0.34170887,0.17602974,0.44280353,0.09972538,0.25925204,0.16178289,0.67340297,0.4461664,0.3401174,0.246109,0.7357786,0.5832017,0.09892702,0.5127991,0.19828182,0.41284037
CGGACACGGCGATCTCCC,dense,1.0,0.0,0.0,0.0,-1.0,-1.0,0.16925728,0.6008687,0.38279003,0.36056012,0.37403834,0.38383743,0.3343582,0.40134665,0.47663856,0.5214099,0.4377328,0.43874273,0.39963636,0.5622295,0.6008687,0.2208155,0.2978953,0.39679754,0.44729263,0.30222923,0.16925728,0.24642229,0.50302094,0.47460786,0.24794221,0.2518227,0.276019,0.44422844
TTAAGCGTAGCAGTAGTG,dense,1.0,0.0,0.0,0.0,-1.0,-1.0,0.13409752,0.70817345,0.33992845,0.35087323,0.18504709,0.20880961,0.31999448,0.27247155,0.41149032,0.4023315,0.1899499,0.19403458,0.4057672,0.16947776,0.28079918,0.13409752,0.32004955,0.24923578,0.14248915,0.25301006,0.70817345,0.3819296,0.57280344,0.5344178,0.6179829,0.54906464,0.35244504,0.29146507
CGGATACGGCAACCTCCC,dense,1.0,0.0,0.0,0.0,-1.0,-1.0,0.33990657,0.92972267,0.66451067,0.42921332,0.4899874,0.52763355,0.4177609,0.46623075,0.6301395,0.66499275,0.6093415,0.6376244,0.64808875,0.92972267,0.8510953,0.7612228,0.708868,0.79629827,0.67791194,0.61635005,0.33990657,0.5894046,0.75229144,0.8471116,0.88312507,0.7525144,0.6712244,0.91470605
TGCAACGCAGCAGCAGTG,dense,1.0,0.0,0.0,0.0,-1.0,-1.0,0.34813273,0.9208246,0.64055747,0.45722225,0.5541696,0.5697937,0.45190397,0.49514708,0.5947206,0.56407887,0.5156715,0.523218,0.6203577,0.8972398,0.7329152,0.74979573,0.81186795,0.71964926,0.34813273,0.6232726,0.7161679,0.570604,0.75459135,0.6010981,0.9208246,0.66619295,0.7942905,0.7610113
AGGACACGGCAACCTCCA,dense,1.0,0.0,0.0,0.0,-1.0,-1.0,0.15609208,0.9612688,0.65287787,0.5556413,0.7007323,0.6722984,0.55435294,0.61887085,0.6508145,0.6902457,0.74876773,0.7032867,0.6611019,0.9612688,0.7851622,0.825656,0.7152071,0.75319535,0.5355669,0.57182026,0.15609208,0.3824834,0.6678025,0.7617667,0.78753996,0.55696166,0.4713154,0.8339961
CGGATCTGGTCACCTCTT,dense,1.0,0.0,0.0,0.0,-1.0,-1.0,0.069071315,0.7825834,0.33893785,0.21868755,0.10414044,0.11865998,0.18664655,0.23837335,0.2981346,0.28519145,0.15020145,0.1038154,0.28799748,0.13257255,0.29728776,0.069071315,0.14592914,0.27026483,0.5889632,0.46276793,0.34275013,0.49578473,0.4657649,0.7483929,0.7825834,0.64381737,0.5156182,0.5200286
CGGACCGCGCCAACCCCT,dense,1.0,0.0,0.0,0.0,-1.0,-1.0,0.24301493,0.86638284,0.5751183,0.40739435,0.56683123,0.5432507,0.3902235,0.5073998,0.5966286,0.56468016,0.56782264,0.59752566,0.59101635,0.85932755,0.6587445,0.7419693,0.6385723,0.70540947,0.49587423,0.55552584,0.40973818,0.5415405,0.24301493,0.5306696,0.7593732,0.51582986,0.5232121,0.86638284
TTAAGCGTAGCAGCAGTG,dense,1.0,0.0,0.0,0.0,-1.0,-1.0,0.18891348,0.67786705,0.3821185,0.37872475,0.2623671,0.28831378,0.3529451,0.31680718,0.459673,0.41107324,0.18891348,0.2175139,0.4320249,0.32088742,0.36876953,0.23707905,0.39946565,0.34568587,0.20596609,0.34160838,0.6622414,0.35310897,0.6774415,0.5306519,0.5252006,0.67786705,0.28657693,0.31205449
TGGATCGGGTCAGCTCTT,dense,1.0,0.0,0.0,0.0,-1.0,-1.0,0.03793095,0.63616616,0.27971682,0.20129046,0.07037603,0.056320094,0.15312846,0.17996883,0.32213834,0.25191927,0.12175395,0.17215802,0.2751746,0.05356561,0.20591716,0.03793095,0.12187137,0.10308212,0.4854646,0.46120718,0.34867406,0.48626074,0.30054066,0.57778865,0.63616616,0.5470967,0.39090818,0.43221742
GAGGGGCAGCAGTTGGAG,dense,1.0,0.0,0.0,0.0,-1.0,-1.0,0.105686195,0.6413005,0.3320855,0.34985337,0.17325401,0.11728668,0.2482139,0.28688258,0.3368516,0.40005302,0.105686195,0.2585665,0.37128133,0.32557958,0.38463908,0.18305434,0.3022982,0.20859571,0.50232345,0.41388282,0.4054254,0.5972577,0.6413005,0.6383225,0.2650513,0.39646363,0.2216597,0.16835533
GAGGGACAGCAGTTTGCG,dense,1.0,0.0,0.0,0.0,-1.0,-1.0,0.22473195,0.7278325,0.45567808,0.40150097,0.25320294,0.2366788,0.32741624,0.34164742,0.48621684,0.55407757,0.22473195,0.3576846,0.4803162,0.7208708,0.5869731,0.40029943,0.38179705,0.511397,0.4782728,0.44581786,0.67567635,0.6722055,0.7278325,0.715031,0.32128492,0.47350815,0.32651383,0.29099786
CCGGGACAGCAGCGTGAG,dense,1.0,0.0,0.0,0.0,-1.0,-1.0,0.33704332,0.9500703,0.6374099,0.3864844,0.4061685,0.3662323,0.33704332,0.4184093,0.5745662,0.56172526,0.43358338,0.5851094,0.5146975,0.75912076,0.757527,0.56229067,0.6688854,0.58476186,0.8443398,0.6103204,0.6980452,0.7147857,0.9500703,0.8674147,0.8599024,0.923325,0.71442544,0.8360126
TGCAACGCAGCAGCAGTT,dense,1.0,0.0,0.0,0.0,-1.0,-1.0,0.4421816,0.9060642,0.63769513,0.45708454,0.5445598,0.5688703,0.45077962,0.49004576,0.5947206,0.56407887,0.5156715,0.523218,0.6203577,0.8888293,0.72989136,0.75422835,0.80951864,0.71202135,0.4421816,0.67442435,0.65337324,0.5342845,0.72230995,0.6149846,0.9060642,0.6602435,0.8062129,0.7044234
TGGAACGCAACAACCGTT,dense,1.0,0.0,0.0,0.0,-1.0,-1.0,0.49984774,0.9871782,0.7881432,0.55954677,0.6948022,0.68277293,0.5570743,0.5939697,0.742981,0.79414386,0.8885693,0.8415604,0.8557054,0.9871782,0.92277217,0.9569553,0.9528304,0.9284457,0.7098927,0.76383805,0.62430966,0.81793904,0.49984774,0.7696082,0.94644,0.82614315,0.8474421,0.9388143
CGGCCACGGCGGTGTCCC,dense,1.0,0.0,0.0,0.0,-1.0,-1.0,0.0347812,0.45606333,0.19073904,0.21669722,0.15903047,0.10702451,0.17292784,0.2524116,0.2826135,0.24227597,0.12693337,0.15327822,0.21728088,0.042726528,0.18358159,0.036951646,0.0919523,0.0347812,0.42213675,0.22072355,0.20738108,0.16850942,0.45606333,0.24167821,0.071552224,0.2992118,0.14292549,0.21782751
AGGATCGGGCCACCTCCT,dense,1.0,0.0,0.0,0.0,-1.0,-1.0,0.25385752,0.90085214,0.4718109,0.34910548,0.30606437,0.30282947,0.31182656,0.36517045,0.50354713,0.46187565,0.25385752,0.34886855,0.4353696,0.60091734,0.46052954,0.3513018,0.25503471,0.35011116,0.51095474,0.61767745,0.36841452,0.505653,0.34646392,0.86949897,0.82325596,0.75573397,0.44035834,0.90085214
GGGGGCCCCCCCCTTGGG,lstm,1.0,0.0,0.0,0.0,-1.0,-1.0,0.10424119,0.7648189,0.409567,0.20155066,0.14797495,0.10424119,0.15175657,0.259593,0.44701567,0.3892939,0.3071085,0.28555033,0.34316388,0.38891518,0.39129782,0.49102524,0.31753543,0.55951136,0.30469885,0.47464508,0.6533293,0.45743015,0.63699657,0.7648189,0.46574992,0.6349565,0.39119127,0.66982484
GGGGGGGAAAAAAATTGG,lstm,1.0,0.0,0.0,0.0,-1.0,-1.0,0.49912548,0.9985959,0.77135926,0.6297315,0.50361466,0.5629239,0.49912548,0.5901843,0.671393,0.80093414,0.78739613,0.86788756,0.88215077,0.9985959,0.9795201,0.98149097,0.9862408,0.9681864,0.54816693,0.57955706,0.68250275,0.7773312,0.84166247,0.72441596,0.8529852,0.81367093,0.90201396,0.8523014
GGGGGGGCCCCCAATTGG,lstm,1.0,0.0,0.0,0.0,-1.0,-1.0,0.09101898,0.8077569,0.43713075,0.25522453,0.15024386,0.09101898,0.17461602,0.25241908,0.5227477,0.5051587,0.40416086,0.5287102,0.50263697,0.69622993,0.5060122,0.63902366,0.6274238,0.55639416,0.27554417,0.36850208,0.39719686,0.38233453,0.46267554,0.51502526,0.2707,0.63086975,0.40564385,0.8077569
GGGGGGGAAAAAAAATTG,lstm,1.0,0.0,0.0,0.0,-1.0,-1.0,0.5733568,0.9991522,0.8025647,0.69001526,0.6328736,0.69277793,0.5733568,0.67309904,0.69972193,0.8265934,0.81773067,0.87872744,0.8978201,0.9991522,0.9833536,0.98751473,0.99066424,0.97394085,0.59344757,0.7054999,0.6658865,0.7326829,0.8714977,0.6927888,0.9056973,0.8087636,0.95258343,0.81792694
GGGGGGCCCCCCCTTTGG,lstm,1.0,0.0,0.0,0.0,-1.0,-1.0,0.06852138,0.65289116,0.33825126,0.18743621,0.10461013,0.06852138,0.13381696,0.22082143,0.38248676,0.36268368,0.25825864,0.29401177,0.32251382,0.39647785,0.3954776,0.40365902,0.29462478,0.47174817,0.26652995,0.24873872,0.48155805,0.29090592,0.65289116,0.5706079,0.29627475,0.56099945,0.22001806,0.57060903
GGGGGGGAAAAAAATTTG,lstm,1.0,0.0,0.0,0.0,-1.0,-1.0,0.4842295,0.998582,0.78086334,0.6296463,0.4842295,0.5693654,0.50131303,0.5836273,0.6832122,0.8192029,0.793435,0.87446636,0.88604397,0.998582,0.97987384,0.9812013,0.98636913,0.9679061,0.63020545,0.6400335,0.6652481,0.7257886,0.85755736,0.754993,0.8726237,0.8671477,0.9146714,0.8548415
GGGGGGGACCCCAATTGG,lstm,1.0,0.0,0.0,0.0,-1.0,-1.0,0.1398455,0.91858345,0.563178,0.3266995,0.19997753,0.1398455,0.22584473,0.29715082,0.59479994,0.67470187,0.6282688,0.75038975,0.6600562,0.91858345,0.7363801,0.82415223,0.8136397,0.76385885,0.4437712,0.46915314,0.4326778,0.4639558,0.49838397,0.6686882,0.36554933,0.70741206,0.6318232,0.8436854
GGGGGGGACCCCCATTTG,lstm,1.0,0.0,0.0,0.0,-1.0,-1.0,0.109398805,0.8722605,0.5219754,0.27884263,0.15527517,0.109398805,0.19503725,0.26080266,0.5818437,0.66951895,0.53613925,0.7075969,0.5868749,0.8722605,0.6983718,0.74496716,0.6761777,0.6940799,0.4056591,0.47502622,0.43022853,0.34627813,0.56336,0.68629485,0.38924634,0.8045109,0.45787224,0.72372174
GGGGGGGACCCCCATTGG,lstm,1.0,0.0,0.0,0.0,-1.0,-1.0,0.105332606,0.8580125,0.5064429,0.27797347,0.16479768,0.105332606,0.19360031,0.26234716,0.56697565,0.6333679,0.52213603,0.6652095,0.5699134,0.8580125,0.6918167,0.74173886,0.66849667,0.6864267,0.32610872,0.40452066,0.47410238,0.38165295,0.53507894,0.6737617,0.347175,0.7384543,0.44863817,0.72343576
GGGGGCCCCCCCCCCGGG,lstm,1.0,0.0,0.0,0.0,-1.0,-1.0,0.18835662,0.7138077,0.45179412,0.24389854,0.25522804,0.18835662,0.1963005,0.33245942,0.5519934,0.46546963,0.4086585,0.40129846,0.38750646,0.6350308,0.4935847,0.7138077,0.38249022,0.66140294,0.34291643,0.47353643,0.6420955,0.349545,0.50078833,0.66326135,0.4059702,0.6591827,0.2792765,0.6607967
GGGGGGGGAAAAAAATTG,lstm,1.0,0.0,0.0,0.0,-1.0,-1.0,0.44994083,0.99737227,0.73378146,0.61116,0.44994083,0.48427823,0.45709684,0.56363046,0.6226819,0.78195345,0.7049058,0.86070764,0.8529455,0.99737227,0.96918184,0.96744597,0.9825419,0.9524447,0.5126202,0.63413936,0.6110307,0.58118683,0.7464536,0.67900485,0.8041463,0.7972493,0.9226613,0.7977549
GGGGGGGAAACCAATTTG,lstm,1.0,0.0,0.0,0.0,-1.0,-1.0,0.32738227,0.9937714,0.7187138,0.4829235,0.32738227,0.32843173,0.35723633,0.42858177,0.68187165,0.7990442,0.813827,0.8621151,0.85985655,0.9937714,0.95187783,0.95468247,0.95868415,0.93036395,0.7321161,0.50007,0.58590215,0.61892694,0.724105,0.7703565,0.7115594,0.8520264,0.87633526,0.8657977
GGGCCCCCCCCCCCCCCC,lstm,1.0,0.0,0.0,0.0,-1.0,-1.0,0.23000076,0.6817149,0.4452845,0.3435224,0.44095406,0.41252735,0.27236038,0.4524904,0.5875551,0.48862016,0.47327673,0.41897106,0.40025282,0.65585166,0.43024236,0.6817149,0.38304055,0.620937,0.2858868,0.45373604,0.43585727,0.41181567,0.23000076,0.36077255,0.47659555,0.49808708,0.24218157,0.6748619
GGGGGGGAACCCAATTTG,lstm,1.0,0.0,0.0,0.0,-1.0,-1.0,0.22304863,0.98130625,0.68740195,0.40529448,0.2519421,0.22304863,0.2872926,0.3545861,0.6356073,0.752548,0.751955,0.7933687,0.7949246,0.98130625,0.8997155,0.91639423,0.9238038,0.88353926,0.7084706,0.6090285,0.51488787,0.6183646,0.712359,0.8145493,0.7175247,0.8642696,0.8527722,0.9174959
GGGGGGGAACCAAATTGG,lstm,1.0,0.0,0.0,0.0,-1.0,-1.0,0.30505767,0.99088836,0.7116297,0.47102317,0.33482194,0.30505767,0.34490612,0.42714816,0.6440104,0.7717404,0.7991179,0.8264039,0.8473067,0.99088836,0.9377931,0.94814974,0.95649505,0.92696154,0.5052004,0.6116952,0.5656692,0.61614823,0.709742,0.7883224,0.8201487,0.83513623,0.884606,0.9222504
GGGGGGGAACCCCATTTG,lstm,1.0,0.0,0.0,0.0,-1.0,-1.0,0.16292803,0.96782357,0.6434385,0.34922525,0.2026333,0.16292803,0.24472153,0.3043554,0.6095123,0.72091764,0.6709448,0.73157644,0.7332818,0.96782357,0.87711835,0.87812996,0.86799705,0.8438661,0.54698986,0.55945975,0.52368695,0.54755205,0.76298445,0.8148457,0.70509535,0.8781559,0.74453723,0.8376237
GGGGGCCCCCCCCTTTGG,lstm,1.0,0.0,0.0,0.0,-1.0,-1.0,0.10896408,0.6822535,0.3906231,0.20425825,0.13685983,0.10896408,0.15227869,0.26087588,0.4415287,0.38086808,0.30505484,0.28318238,0.3456553,0.45975676,0.4100154,0.50781375,0.31584924,0.57035625,0.2955849,0.39220858,0.62591815,0.35526398,0.60502356,0.6822535,0.356418,0.6273057,0.28195357,0.6603298
GGGGGCCCCCCCCCCCGG,lstm,1.0,0.0,0.0,0.0,-1.0,-1.0,0.21524826,0.74351555,0.44280076,0.26487356,0.2870775,0.22872436,0.21524826,0.3587079,0.568533,0.47548446,0.4102626,0.4340004,0.41509253,0.7307043,0.5239016,0.74351555,0.37714815,0.6882847,0.37857878,0.4339037,0.5735267,0.2970032,0.3463256,0.51368076,0.4004659,0.5756888,0.24165227,0.58763254
GGGGCCCCCCCCCCCGGG,lstm,1.0,0.0,0.0,0.0,-1.0,-1.0,0.22255889,0.7170221,0.42900744,0.27009073,0.31444162,0.26294723,0.22255889,0.37115887,0.5623752,0.48127103,0.42801586,0.41993302,0.3704987,0.6085931,0.45422757,0.7170221,0.38173488,0.6589759,0.35786462,0.41661465,0.5595277,0.3369182,0.355547,0.5304382,0.30657586,0.49348208,0.2627549,0.5816194
GGGGGGGCCCCCCATTGG,lstm,1.0,0.0,0.0,0.0,-1.0,-1.0,0.07207061,0.67073566,0.37790942,0.21694598,0.12658249,0.07207061,0.1506439,0.23040628,0.492229,0.45752317,0.30732524,0.40984845,0.41056848,0.55275726,0.4565747,0.5097049,0.45048937,0.458068,0.23232293,0.3027031,0.43633974,0.2986403,0.5364621,0.51527405,0.25447464,0.6589604,0.24008413,0.67073566
GGGGGGCCCCCCCCTTGG,lstm,1.0,0.0,0.0,0.0,-1.0,-1.0,0.094546445,0.66805184,0.37271744,0.20629016,0.14347932,0.094546445,0.15226571,0.25539115,0.45572013,0.40866733,0.2976096,0.34893292,0.3375712,0.550921,0.46515664,0.5660253,0.35743335,0.55586714,0.33238834,0.2586035,0.45507327,0.23207691,0.66805184,0.50937986,0.26634574,0.61772645,0.18178006,0.6006336
GGGGGGGACCCAAATTGG,lstm,1.0,0.0,0.0,0.0,-1.0,-1.0,0.19918734,0.965716,0.6176635,0.3880321,0.25337666,0.19918734,0.27076733,0.3510292,0.6175576,0.72888315,0.72020423,0.8100928,0.7655213,0.965716,0.83585215,0.89137906,0.90730137,0.85761005,0.38127258,0.5083737,0.49943876,0.4296869,0.524541,0.6467362,0.5510063,0.74405086,0.7355459,0.8584251
GGGGGCCCCCCCCCCCCC,lstm,1.0,0.0,0.0,0.0,-1.0,-1.0,0.23483293,0.7796212,0.47812757,0.29072496,0.3244168,0.28213376,0.23483293,0.38894674,0.5700025,0.49059153,0.41972813,0.44064605,0.4186059,0.7796212,0.536611,0.74496657,0.3839896,0.67472696,0.36499098,0.56207293,0.56327015,0.469991,0.35057878,0.57507753,0.46801543,0.66265815,0.25619277,0.6997964
GGGGGGGCCCCCCCTTGG,lstm,1.0,0.0,0.0,0.0,-1.0,-1.0,0.05910481,0.63533944,0.3273854,0.18993469,0.109560035,0.05910481,0.13270079,0.2157572,0.4630584,0.38275224,0.2657941,0.32603282,0.33911526,0.4408899,0.43719614,0.4008071,0.31858775,0.39885485,0.29033518,0.25518012,0.41181874,0.251047,0.5024569,0.4833932,0.16783419,0.55022854,0.15685546,0.63533944
GGGGCCCCCCCCCCCCCC,lstm,1.0,0.0,0.0,0.0,-1.0,-1.0,0.23158287,0.73310935,0.45092133,0.31743962,0.38591987,0.3559087,0.2577413,0.4253358,0.577923,0.5056593,0.4385948,0.45948082,0.40047437,0.7317365,0.49179345,0.73310935,0.38243476,0.66062635,0.33899084,0.5150695,0.49008206,0.40505925,0.23158287,0.4423453,0.36271805,0.49958277,0.23679629,0.6266283
GGGGCCCCCCCCCCTGGG,lstm,1.0,0.0,0.0,0.0,-1.0,-1.0,0.19827735,0.6606422,0.41777682,0.24843542,0.25417548,0.21586627,0.19827735,0.34024194,0.53406537,0.44706523,0.37024906,0.35720804,0.3418152,0.5400783,0.4206374,0.6606422,0.3814795,0.6257191,0.3529404,0.373982,0.5210047,0.31307548,0.554382,0.604824,0.33222425,0.5167076,0.31138107,0.6279442
GGGGGCCCCCCCCCTGGG,lstm,1.0,0.0,0.0,0.0,-1.0,-1.0,0.14542836,0.7174073,0.44052705,0.2225725,0.20088334,0.14542836,0.17406772,0.29794648,0.5225449,0.4308156,0.35183173,0.33976126,0.35833627,0.54253525,0.45866683,0.6457919,0.3808817,0.6276707,0.34444705,0.4608835,0.60815394,0.3684223,0.67293173,0.7174073,0.43452388,0.6792443,0.33368224,0.69374454
GGGGGGCCCCCCCATTGG,lstm,1.0,0.0,0.0,0.0,-1.0,-1.0,0.113963544,0.7207946,0.4214994,0.22918452,0.16618326,0.113963544,0.17322291,0.26866534,0.4858147,0.48685732,0.34831667,0.43731585,0.40444553,0.65638673,0.4849846,0.66054565,0.49186456,0.6094582,0.27266142,0.27920887,0.48001292,0.24351816,0.69866204,0.54700124,0.3771666,0.7207946,0.2665473,0.6347026
GGGGCCCCCCCCCCCCGG,lstm,1.0,0.0,0.0,0.0,-1.0,-1.0,0.22002487,0.738024,0.41696852,0.2926563,0.34742734,0.3062419,0.24032994,0.39682063,0.5776175,0.4911033,0.4296157,0.45280492,0.39698216,0.6801218,0.48061606,0.738024,0.37631473,0.6781114,0.39636028,0.3681995,0.46373442,0.27705047,0.22988227,0.37060666,0.306015,0.40623298,0.22002487,0.5013192
GGGGCCCCCCCCCCGGGG,lstm,1.0,0.0,0.0,0.0,-1.0,-1.0,0.19956438,0.64945835,0.40376812,0.2450075,0.2759611,0.20938359,0.19956438,0.34153345,0.538541,0.46435946,0.41545933,0.41230568,0.36406752,0.4712969,0.39870113,0.64945835,0.37475792,0.6048687,0.35024107,0.3977136,0.4586023,0.2539206,0.33764896,0.5992718,0.3246855,0.5105967,0.2658538,0.6304027
GGGGCCCCCCCCCCCCGC,lstm,1.0,0.0,0.0,0.0,-1.0,-1.0,0.2295244,0.7318475,0.41035825,0.3021552,0.36097288,0.3248121,0.24626173,0.4074291,0.5776175,0.4911033,0.4296157,0.45280492,0.39698216,0.68997073,0.47674266,0.7318475,0.37706414,0.66015685,0.34842622,0.3668771,0.4191862,0.32532546,0.23570193,0.3327948,0.2735655,0.37603378,0.2295244,0.42598456
GGGGGGGAAAAAAAATGG,lstm,1.0,0.0,0.0,0.0,-1.0,-1.0,0.5034547,0.9991697,0.791047,0.6916312,0.65078974,0.68990743,0.57247883,0.6805668,0.6946458,0.8172606,0.8098686,0.8734087,0.8942532,0.9991697,0.98269504,0.98774827,0.9905814,0.9742761,0.5034547,0.6346605,0.6452166,0.7812005,0.86476904,0.6542027,0.8902274,0.73207045,0.9450137,0.8160794
GGGGCCCCCCCCCTTGGG,lstm,1.0,0.0,0.0,0.0,-1.0,-1.0,0.16338634,0.6495363,0.38598064,0.22465724,0.19294836,0.16338634,0.1735543,0.30433846,0.45815545,0.40236312,0.32286257,0.3012932,0.32750064,0.3974507,0.35836753,0.51443404,0.32219398,0.5618475,0.29617855,0.37185568,0.59017473,0.4142601,0.519104,0.6495363,0.3647468,0.4538677,0.36382848,0.6006101
GGGGCCCCCCCCTTTGGG,lstm,1.0,0.0,0.0,0.0,-1.0,-1.0,0.11329143,0.4846547,0.30274913,0.19844708,0.13603805,0.11329143,0.14974716,0.26054844,0.43454927,0.39181963,0.23436134,0.28114936,0.3023297,0.21080042,0.2782515,0.3133466,0.22876981,0.47483522,0.21944737,0.33396423,0.4533501,0.4352382,0.45941028,0.4846547,0.22341032,0.2512161,0.33561164,0.364141
GGGGGGGAAACAAATTGG,lstm,1.0,0.0,0.0,0.0,-1.0,-1.0,0.41937014,0.9968733,0.7424456,0.5530789,0.41937014,0.43433505,0.42293072,0.5083923,0.6887282,0.81564337,0.8420479,0.8801913,0.89546806,0.9968733,0.9681916,0.9707053,0.97606224,0.95321244,0.53769875,0.495762,0.6533994,0.66494447,0.72817856,0.74125713,0.8140489,0.82219434,0.9020263,0.8764002
GGGGGGCCCCCCATTTGG,lstm,1.0,0.0,0.0,0.0,-1.0,-1.0,0.08525733,0.6919616,0.38227013,0.21182744,0.12279353,0.08525733,0.15558952,0.23365723,0.43233505,0.43547013,0.30354837,0.4028435,0.3963357,0.5005058,0.43584573,0.52152455,0.42177457,0.54988205,0.31443983,0.270634,0.46745497,0.35665038,0.5812021,0.5498377,0.30233216,0.50388837,0.30916312,0.6919616
GGGGGGCCCCCCCCCTGG,lstm,1.0,0.0,0.0,0.0,-1.0,-1.0,0.12513015,0.64987123,0.37403747,0.22371855,0.187583,0.12513015,0.1714062,0.287872,0.47515708,0.42615217,0.3489152,0.34219548,0.3531415,0.64987123,0.49858764,0.6399835,0.36425343,0.59694535,0.32548988,0.23368008,0.51093644,0.21550785,0.5177477,0.39103836,0.25895754,0.55189353,0.14917648,0.50559723
GGGGGCCCCCCCCCTTGG,lstm,1.0,0.0,0.0,0.0,-1.0,-1.0,0.15090084,0.6855571,0.4226498,0.22675307,0.18728407,0.15090084,0.17394786,0.29950765,0.5156545,0.4206742,0.34877512,0.33892518,0.3612127,0.60824555,0.4763757,0.6560021,0.3812714,0.6354247,0.32904232,0.4009313,0.58055687,0.2853502,0.6335568,0.6317172,0.32462454,0.6754257,0.23852676,0.6855571
GGGGGGCCCCCCATTGGG,lstm,1.0,0.0,0.0,0.0,-1.0,-1.0,0.08176668,0.7006802,0.40297204,0.21141793,0.13289559,0.08176668,0.15413022,0.23394217,0.43778569,0.45251483,0.30304232,0.40453884,0.3923724,0.44090617,0.41359422,0.50218207,0.42382002,0.52556163,0.3472931,0.33886358,0.5175446,0.47416437,0.61560255,0.65146667,0.38823932,0.5092307,0.42074502,0.7006802
GGGGCCCCCCCCCCCGGC,lstm,1.0,0.0,0.0,0.0,-1.0,-1.0,0.22977795,0.7120851,0.41926754,0.2795458,0.3264669,0.28249836,0.22977795,0.3818926,0.5623752,0.48127103,0.42801586,0.41993302,0.3704987,0.6225468,0.45388338,0.7120851,0.3823793,0.64454,0.3081531,0.40950948,0.4995246,0.35427755,0.3341596,0.48441726,0.27151257,0.4618211,0.2699879,0.51061594
GGGGGGGAACCCAATTGG,lstm,1.0,0.0,0.0,0.0,-1.0,-1.0,0.21712306,0.979999,0.6750934,0.40510833,0.267923,0.21712306,0.28664976,0.3612335,0.6224682,0.72618467,0.74255395,0.7727423,0.7853273,0.979999,0.89767194,0.91628945,0.9237798,0.88351655,0.6023991,0.56039286,0.5268208,0.66503507,0.6888072,0.798275,0.683071,0.814995,0.8354182,0.9135515
GGGGGGGAACAAAATTGG,lstm,1.0,0.0,0.0,0.0,-1.0,-1.0,0.41384,0.9962513,0.76264,0.5469903,0.41384,0.4269025,0.41704303,0.504669,0.68100774,0.8133835,0.80763483,0.8523205,0.8685887,0.9962513,0.9637437,0.9685933,0.9751061,0.95145506,0.55638623,0.71371925,0.654415,0.74013513,0.8395237,0.81976134,0.8739802,0.83825773,0.91701245,0.9252786
GGGGGCCCCCCCCCCCGC,lstm,1.0,0.0,0.0,0.0,-1.0,-1.0,0.22257061,0.7405696,0.43364623,0.2740383,0.30017123,0.24785158,0.22257061,0.3693832,0.568533,0.47548446,0.4102626,0.4340004,0.41509253,0.7405696,0.5202248,0.7381788,0.37838492,0.6724884,0.33558506,0.40147427,0.5019631,0.35894844,0.33841103,0.46500847,0.36116534,0.547219,0.25288576,0.511261
GGGGGCCCCCCCCCCTGG,lstm,1.0,0.0,0.0,0.0,-1.0,-1.0,0.19438337,0.72098905,0.42428926,0.24713509,0.23881409,0.19438337,0.19560419,0.3333529,0.5355075,0.435898,0.40187782,0.3318495,0.37698203,0.6833852,0.50799453,0.72098905,0.38402772,0.6682765,0.32984585,0.41189554,0.5999059,0.29350945,0.46843585,0.52217025,0.31310493,0.61222357,0.19968094,0.60038114
GGGGGGGAAACCAATTGG,lstm,1.0,0.0,0.0,0.0,-1.0,-1.0,0.32066032,0.99358326,0.7092396,0.48314732,0.3455204,0.32066032,0.35630843,0.43528515,0.6711925,0.7785319,0.80749744,0.8546659,0.8545559,0.99358326,0.950643,0.9550032,0.95837307,0.92974395,0.6397003,0.4755476,0.5971261,0.6702692,0.7086079,0.75072366,0.67590785,0.7944909,0.8620618,0.86184555
GGGGGGGAAAACAATTTG,lstm,1.0,0.0,0.0,0.0,-1.0,-1.0,0.4066455,0.99724054,0.75353205,0.5591478,0.4066455,0.45306507,0.4306451,0.5070083,0.69385374,0.8309205,0.81404644,0.8611892,0.8846922,0.99724054,0.97045296,0.972252,0.9766722,0.95295537,0.7094761,0.5654641,0.61092335,0.73122,0.8247613,0.77501005,0.7360975,0.8486297,0.87086356,0.85506994
GGGGGGGAAACAAATTTG,lstm,1.0,0.0,0.0,0.0,-1.0,-1.0,0.40060225,0.99688786,0.753768,0.5529271,0.40060225,0.44309384,0.4247397,0.5019085,0.6993363,0.83260196,0.84672964,0.88600457,0.89867836,0.99688786,0.9685544,0.97046685,0.97630787,0.95311064,0.6470445,0.5433095,0.6401966,0.6234557,0.7781789,0.76016927,0.83328444,0.8714841,0.91504365,0.88008285
GGGGGGGAACCCCATTGG,lstm,1.0,0.0,0.0,0.0,-1.0,-1.0,0.15790048,0.96514845,0.6280021,0.34825787,0.21541022,0.15790048,0.24320897,0.31002674,0.5956496,0.6901189,0.65787387,0.69431597,0.7209932,0.96514845,0.8739934,0.87774134,0.865833,0.8433742,0.44662452,0.4739782,0.5359057,0.599887,0.7288239,0.8033015,0.6671886,0.8342868,0.71713203,0.833077
GGGGGGGCCCCAAATTGG,lstm,1.0,0.0,0.0,0.0,-1.0,-1.0,0.12360282,0.8622502,0.5096376,0.307004,0.1858189,0.12360282,0.20806539,0.28600183,0.54856634,0.5805273,0.5163309,0.667203,0.6437005,0.8622502,0.6490246,0.76962346,0.8081132,0.72240716,0.2398779,0.40679094,0.46171463,0.2999532,0.48715705,0.48522925,0.4408239,0.6829389,0.53231025,0.8259047
GGGCCCCCCCCCCCGGGG,lstm,1.0,0.0,0.0,0.0,-1.0,-1.0,0.22523399,0.6650675,0.4055514,0.27339485,0.3352139,0.28594077,0.22523399,0.37801304,0.5572792,0.45434663,0.45219383,0.37434468,0.36602068,0.44810376,0.35915768,0.6248003,0.37927634,0.5819621,0.29165015,0.39500958,0.3677394,0.22682023,0.35859412,0.52658343,0.4309656,0.51346177,0.2676123,0.6650675
GGGCCCCCCCCCCCCGGC,lstm,1.0,0.0,0.0,0.0,-1.0,-1.0,0.25128487,0.6770141,0.4178801,0.30718678,0.38876837,0.35334015,0.25128487,0.41740608,0.5780892,0.46926045,0.4631404,0.38222823,0.37262827,0.5611204,0.40218997,0.6770141,0.38512278,0.6066193,0.2643924,0.36802822,0.46928063,0.34608036,0.33120516,0.40585616,0.3773615,0.45120662,0.2688558,0.5493365
GGGCCCCCCCCCCCCGGG,lstm,1.0,0.0,0.0,0.0,-1.0,-1.0,0.24558811,0.6828271,0.42443332,0.29879096,0.3766353,0.33692673,0.24558811,0.40770152,0.5780892,0.46926045,0.4631404,0.38222823,0.37262827,0.54806066,0.40401617,0.6828271,0.38458526,0.6234903,0.28603783,0.37867033,0.46949404,0.30845475,0.3569936,0.4493654,0.41745272,0.49110866,0.2616065,0.61768013
GGGGGGGACCAAAATTGG,lstm,1.0,0.0,0.0,0.0,-1.0,-1.0,0.2920094,0.98707527,0.6814472,0.4599113,0.32424125,0.2920094,0.33311763,0.42075053,0.6506036,0.7629888,0.73387283,0.83619416,0.78988856,0.98707527,0.9077427,0.9348936,0.94953346,0.9137816,0.46043658,0.6490838,0.60349727,0.57288045,0.68520296,0.6903904,0.6532636,0.74041986,0.8168442,0.8675575
GGGGGGCCCCCCCTTGGG,lstm,1.0,0.0,0.0,0.0,-1.0,-1.0,0.065500505,0.67766577,0.35478818,0.18528433,0.11270757,0.065500505,0.13322942,0.219523,0.387468,0.3728369,0.258458,0.29773262,0.32010818,0.32981247,0.3758084,0.3847157,0.29555824,0.44776407,0.2895956,0.2939833,0.5201096,0.38324633,0.67766577,0.66702384,0.39103535,0.56343204,0.31586578,0.5812388
GGGGGCCCCCCCATTGGG,lstm,1.0,0.0,0.0,0.0,-1.0,-1.0,0.12902573,0.7704231,0.4529234,0.22467296,0.17470086,0.12902573,0.1761996,0.27409518,0.49674255,0.45430145,0.35454908,0.39280513,0.41741,0.49359334,0.42965317,0.6003722,0.44359353,0.6277568,0.31236887,0.5116299,0.6356886,0.519329,0.5961867,0.74640906,0.45583048,0.5814519,0.5042941,0.7704231
GGGGCCCCCCCCCTGGGG,lstm,1.0,0.0,0.0,0.0,-1.0,-1.0,0.15811206,0.6119841,0.35375187,0.22053283,0.21065502,0.15811206,0.17410731,0.30375573,0.43291843,0.40142125,0.34939215,0.26508826,0.31157425,0.32326788,0.3353119,0.49557465,0.31474698,0.53818923,0.26763275,0.40412194,0.50231105,0.34273365,0.36020583,0.6119841,0.29306704,0.35867178,0.29926133,0.56915927
GGGGGGGCCCCCATTTGG,lstm,1.0,0.0,0.0,0.0,-1.0,-1.0,0.054661337,0.7224409,0.33941135,0.20243448,0.095038265,0.054661337,0.13511586,0.1990841,0.43987995,0.4072088,0.2653067,0.37628144,0.40295723,0.39081168,0.39691773,0.3548008,0.38506222,0.378237,0.2941316,0.31547186,0.43460587,0.42979914,0.37402812,0.5222809,0.19741082,0.43859565,0.2727209,0.7224409
GGGGGGCCCCCAATTTGG,lstm,1.0,0.0,0.0,0.0,-1.0,-1.0,0.110042945,0.71567196,0.4557984,0.25120217,0.1479546,0.110042945,0.18380602,0.25378972,0.45579913,0.5118363,0.40399513,0.5559394,0.5353981,0.7087204,0.57049304,0.6599069,0.63300806,0.69201493,0.26112074,0.2702937,0.5611707,0.30045027,0.6075541,0.5336108,0.48463112,0.56613797,0.4204094,0.71567196
GGGGGGCCCCCCCCCGGG,lstm,1.0,0.0,0.0,0.0,-1.0,-1.0,0.12120258,0.6286172,0.40078256,0.22274645,0.20126377,0.12120258,0.17212757,0.28885108,0.49449173,0.46725824,0.35845295,0.4115894,0.36338294,0.59740984,0.48388863,0.6286172,0.36302853,0.5888301,0.3315981,0.2793644,0.5629929,0.26399252,0.5550833,0.54431057,0.34296328,0.59643155,0.2171866,0.5624992
GGGGGCCCCCCCTTTGGG,lstm,1.0,0.0,0.0,0.0,-1.0,-1.0,0.07228191,0.62874013,0.32624954,0.17951187,0.10405165,0.07228191,0.13157396,0.22051346,0.42200303,0.3793194,0.22149132,0.26578158,0.31680214,0.19783416,0.2958733,0.28132248,0.22531389,0.45541397,0.24798436,0.43277425,0.53399855,0.4424606,0.57878566,0.62874013,0.3066128,0.40463033,0.36249098,0.44867426
GGGGGGCCCCCCAATTGG,lstm,1.0,0.0,0.0,0.0,-1.0,-1.0,0.14337769,0.7855881,0.47909415,0.26438963,0.19888274,0.14337769,0.20123486,0.29101917,0.51599294,0.53420585,0.4532059,0.55737716,0.4949693,0.77779084,0.5353945,0.75802475,0.6624117,0.68804514,0.3282471,0.32601145,0.4573617,0.30990145,0.64006877,0.5367108,0.39265853,0.6898093,0.43467465,0.7855881
GGGCCCCCCCCCCTGGGG,lstm,1.0,0.0,0.0,0.0,-1.0,-1.0,0.19764303,0.60579056,0.36162427,0.24846844,0.26508734,0.22872344,0.19764303,0.34273738,0.46271044,0.39701915,0.38884178,0.23852867,0.31331933,0.32005903,0.30526757,0.496323,0.31896603,0.5195539,0.22772089,0.4049529,0.4250768,0.34190077,0.39145494,0.54003084,0.39675087,0.36246106,0.30121878,0.60579056
GGGCCCCCCCCCCCCGCC,lstm,1.0,0.0,0.0,0.0,-1.0,-1.0,0.2621,0.72627306,0.45391843,0.3224103,0.41097048,0.3826341,0.2621,0.43286052,0.58633095,0.4624397,0.46156487,0.39968768,0.38016695,0.6068659,0.41212103,0.67471296,0.3907992,0.60782135,0.29346645,0.4639616,0.49413115,0.47764602,0.29196528,0.50137025,0.4384555,0.5904689,0.27673537,0.72627306
GGCCCCCCCCCCCCCCCC,lstm,1.0,0.0,0.0,0.0,-1.0,-1.0,0.22025774,0.64691573,0.4270168,0.36674032,0.4889877,0.44089085,0.27933988,0.46773988,0.59137666,0.50059146,0.5108146,0.42545113,0.37972823,0.56242406,0.3711621,0.5862377,0.3696472,0.57040334,0.31598812,0.3940877,0.47902542,0.29328123,0.22025774,0.27725333,0.47097304,0.4306905,0.23541127,0.64691573
GGGGGGGCCCCAATTTGG,lstm,1.0,0.0,0.0,0.0,-1.0,-1.0,0.0712403,0.7431756,0.411217,0.24360299,0.11252022,0.0712403,0.1609785,0.21984798,0.46416512,0.48339856,0.3579404,0.5281135,0.54427934,0.6128544,0.5362928,0.5136551,0.5990167,0.55183834,0.2506848,0.32319722,0.48756504,0.34055454,0.42040133,0.48626065,0.34587863,0.49893555,0.38402778,0.7431756
GGGGGGGCCCAAAATTGG,lstm,1.0,0.0,0.0,0.0,-1.0,-1.0,0.18376528,0.95214975,0.5850806,0.3728767,0.23994282,0.18376528,0.2542706,0.34240195,0.58439326,0.626813,0.5447554,0.70716465,0.67517936,0.95214975,0.7859453,0.8597031,0.9050429,0.8387395,0.32513896,0.55807835,0.53014547,0.39920112,0.6697407,0.54231596,0.5471956,0.6751885,0.6699773,0.83689123
GGGGGGGCCCCCCCTTTG,lstm,1.0,0.0,0.0,0.0,-1.0,-1.0,0.061623875,0.6562261,0.3513427,0.19210497,0.10416998,0.061623875,0.13341416,0.2172366,0.4783325,0.4235256,0.2754472,0.3789125,0.35515094,0.4860604,0.44751522,0.41140568,0.33190262,0.41075823,0.39434344,0.3627156,0.35923904,0.2558996,0.54099673,0.50511956,0.20451422,0.6562261,0.1570744,0.6398785
GGGGGGCCCCCAATTGGG,lstm,1.0,0.0,0.0,0.0,-1.0,-1.0,0.10597889,0.72285837,0.4815798,0.25214115,0.16111052,0.10597889,0.18209101,0.25714168,0.4616077,0.53002304,0.40334612,0.5560369,0.5305549,0.6604017,0.5478842,0.6503828,0.63409024,0.6827166,0.2822548,0.35636303,0.6428804,0.43095124,0.6608282,0.6337691,0.58302397,0.575621,0.5354387,0.72285837
GGGCCCCCCCCCCTTGGG,lstm,1.0,0.0,0.0,0.0,-1.0,-1.0,0.19629498,0.6351227,0.39004052,0.25106952,0.2448694,0.23651409,0.19629498,0.34214783,0.4870128,0.39845487,0.3610559,0.2721654,0.32948786,0.381649,0.32281098,0.50901216,0.32642797,0.54175246,0.2284324,0.34697157,0.532444,0.38295257,0.53094715,0.5874297,0.48053783,0.46216083,0.36329076,0.6351227
AGGATCTAACGTCCTGTG,conv,1.0,0.0,0.0,0.0,-1.0,-1.0,0.22799565,0.93846047,0.5323097,0.33722228,0.22799565,0.27503982,0.321876,0.3070415,0.45439082,0.4546246,0.3747009,0.24050374,0.4845078,0.4415884,0.49849525,0.38345185,0.3507793,0.4976886,0.6197901,0.5519901,0.5904626,0.803909,0.84258705,0.82981557,0.93846047,0.8321225,0.81139666,0.837306
GGGGTATAACGTCCTTTG,conv,1.0,0.0,0.0,0.0,-1.0,-1.0,0.09455185,0.846926,0.55117196,0.27758005,0.09455185,0.10444908,0.2173223,0.215535,0.5107007,0.5490705,0.48457655,0.43674538,0.5881402,0.71118295,0.7848875,0.44743297,0.5509806,0.7919497,0.74983805,0.46370643,0.67389655,0.6226875,0.846926,0.74587363,0.628182,0.8352364,0.6827463,0.7651007
GGGTAAGGACGCACCAGG,conv,1.0,0.0,0.0,0.0,-1.0,-1.0,0.38955244,0.97535545,0.6705151,0.48002592,0.43501696,0.4251472,0.41414112,0.46106672,0.638926,0.7448192,0.7104132,0.71002436,0.7518791,0.97535545,0.89865613,0.8713729,0.8325576,0.86943907,0.72118235,0.38955244,0.48848233,0.73927194,0.39406884,0.820543,0.7322284,0.6362816,0.71731204,0.90511453
GGGGTATGGCGTCCTTTT,conv,1.0,0.0,0.0,0.0,-1.0,-1.0,0.024023736,0.7533635,0.25165007,0.15822439,0.040652502,0.024023736,0.106349535,0.13254708,0.22831193,0.20730561,0.07046368,0.135686,0.20934124,0.054174464,0.3043664,0.029368222,0.10585358,0.089074,0.7533635,0.3430004,0.44615617,0.26058462,0.4944286,0.65687037,0.15559284,0.66169786,0.22165594,0.40215924
GGCGGACAGACCCCACCG,conv,1.0,0.0,0.0,0.0,-1.0,-1.0,0.45242497,0.9816304,0.6987655,0.4722215,0.6004089,0.5906548,0.45242497,0.54900694,0.6962231,0.81826985,0.7438616,0.8104816,0.77768505,0.9816304,0.9052472,0.91797864,0.8610259,0.88974524,0.5854955,0.4621436,0.667779,0.48880577,0.66844344,0.652132,0.8479558,0.59153694,0.728798,0.70918244
GGGGGACAGACTCTAATG,conv,1.0,0.0,0.0,0.0,-1.0,-1.0,0.31153688,0.9732737,0.6978141,0.44202247,0.31153688,0.33631024,0.35547656,0.39868528,0.61217946,0.7855142,0.8226042,0.8040413,0.74460137,0.9732737,0.89755785,0.85809016,0.83966756,0.89591444,0.79856044,0.61868125,0.7420572,0.7528361,0.70899373,0.7652155,0.91211104,0.63851976,0.9023658,0.528537
GGGTAAGGACACACCAGG,conv,1.0,0.0,0.0,0.0,-1.0,-1.0,0.516632,0.99163896,0.78382516,0.55815095,0.59404266,0.629136,0.516632,0.5644565,0.7293158,0.848873,0.8473446,0.8137182,0.85125256,0.99163896,0.94607687,0.95751643,0.9378475,0.93201,0.78693676,0.6684698,0.5781037,0.8545667,0.60698855,0.916911,0.90432525,0.7544077,0.841936,0.9649718
GGCCCCCACCCCCCGCCG,conv,1.0,0.0,0.0,0.0,-1.0,-1.0,0.21565603,0.76790947,0.5030724,0.36223707,0.5224127,0.46421137,0.31066048,0.46866366,0.63682425,0.5508212,0.63807386,0.49774376,0.4520713,0.686021,0.4930441,0.7052539,0.53043455,0.6665208,0.38276955,0.4366494,0.43287435,0.21565603,0.259276,0.5052987,0.7092529,0.46366653,0.418464,0.76790947
GCCATTCGCCCATCGCCT,conv,1.0,0.0,0.0,0.0,-1.0,-1.0,0.13744205,0.61336267,0.33680847,0.27227575,0.24724564,0.28440037,0.2414535,0.34843257,0.43046156,0.28590384,0.13744205,0.18555333,0.3208872,0.23489545,0.30785567,0.20251021,0.23005259,0.41544217,0.46981993,0.27183926,0.28698623,0.17609297,0.4247776,0.50502723,0.59700537,0.5442114,0.38627794,0.61336267
GGGGTACAGACCCCAACG,conv,1.0,0.0,0.0,0.0,-1.0,-1.0,0.43558624,0.98449945,0.73209935,0.4758733,0.5211029,0.5517053,0.43558624,0.4944057,0.70986116,0.8062059,0.7659576,0.8155536,0.8038073,0.98449945,0.9373074,0.9412565,0.8920486,0.91704786,0.6994146,0.5430359,0.56164867,0.7574016,0.60551375,0.85562795,0.82533586,0.799033,0.80160093,0.8016546
GGGTGAGGGCACAACAGT,conv,1.0,0.0,0.0,0.0,-1.0,-1.0,0.2635511,0.9497543,0.65786827,0.43500057,0.30561128,0.2635511,0.3262386,0.38397905,0.58341426,0.74867827,0.50038433,0.7370856,0.75524056,0.9497543,0.84454274,0.7933962,0.84340984,0.8028666,0.7978939,0.6440031,0.55877465,0.7469099,0.49205902,0.89670193,0.73304605,0.6733618,0.7926339,0.83817047
GGGGTACGGCCTCATAGT,conv,1.0,0.0,0.0,0.0,-1.0,-1.0,0.10179574,0.8460229,0.46621287,0.26981983,0.120357856,0.10179574,0.19976538,0.23148699,0.4639359,0.4719612,0.37601537,0.31466323,0.4111891,0.44183192,0.5413929,0.29598325,0.37660563,0.54955846,0.80008703,0.5154927,0.47594514,0.40190664,0.54228485,0.8460229,0.7226877,0.8173043,0.6487846,0.7184439
AGGATCTAAGGTCGTGTG,conv,1.0,0.0,0.0,0.0,-1.0,-1.0,0.106957436,0.9024134,0.41292506,0.31468806,0.14311898,0.13407362,0.27295855,0.2425317,0.3702088,0.33536395,0.17353976,0.19319378,0.36758643,0.12977895,0.3382683,0.106957436,0.2237088,0.13447033,0.48707807,0.47098628,0.53105265,0.6840104,0.79746956,0.662206,0.9024134,0.8338851,0.77704644,0.69653153
GGGGTACGGCCTCCTAGT,conv,1.0,0.0,0.0,0.0,-1.0,-1.0,0.0819757,0.829388,0.41305232,0.23070492,0.10380335,0.0819757,0.1723971,0.21574011,0.43340304,0.38694757,0.32208815,0.23442224,0.33050627,0.33230138,0.53027374,0.20544541,0.24980408,0.46720776,0.829388,0.42555052,0.42739904,0.45652163,0.50364786,0.8247964,0.610415,0.7326668,0.5280289,0.6908722
GGGGTATGACGTCCTTTT,conv,1.0,0.0,0.0,0.0,-1.0,-1.0,0.052005306,0.7875006,0.38398734,0.21166903,0.061388437,0.052005306,0.15461263,0.17106271,0.32505938,0.36281177,0.19352694,0.290997,0.41682228,0.26229796,0.5537941,0.11849484,0.28418398,0.43008113,0.78332925,0.3723376,0.5809404,0.35600352,0.6202468,0.71878487,0.3194692,0.7875006,0.50046563,0.67179847
GGGGTACGGCCTCCTCGT,conv,1.0,0.0,0.0,0.0,-1.0,-1.0,0.07036999,0.75743496,0.36770517,0.2080956,0.09426319,0.07036999,0.15546373,0.20784907,0.41529626,0.34198642,0.28853282,0.21972689,0.2981166,0.28412566,0.48882183,0.1569487,0.18876478,0.40558916,0.75743496,0.41933092,0.35066548,0.42497322,0.50731236,0.70570415,0.473265,0.65308774,0.43877545,0.6381281
AGGATATAACGTCCTTTG,conv,1.0,0.0,0.0,0.0,-1.0,-1.0,0.27756652,0.88103646,0.5951839,0.40996686,0.27756652,0.35585365,0.4065412,0.34048998,0.552039,0.58372194,0.4615171,0.41967008,0.58182454,0.7598319,0.67548937,0.5885291,0.49351418,0.67582345,0.6782001,0.4753329,0.46781698,0.7860286,0.88103646,0.7853203,0.8411351,0.83464086,0.6765209,0.871185
AGGGTCTAACGTCGTTTG,conv,1.0,0.0,0.0,0.0,-1.0,-1.0,0.09724487,0.85444266,0.42848015,0.25120476,0.09724487,0.102701396,0.21025512,0.2146455,0.38647857,0.41794878,0.2959392,0.2689012,0.47686654,0.1813019,0.36941758,0.16917363,0.25053892,0.2824038,0.59528565,0.5566074,0.65566814,0.54113954,0.7661973,0.72346115,0.6996682,0.85444266,0.64885414,0.6956582
GGGGTACAGACCCCACCG,conv,1.0,0.0,0.0,0.0,-1.0,-1.0,0.39972225,0.9798324,0.6929161,0.4407141,0.47651044,0.4967586,0.39972225,0.4602671,0.6992497,0.78554523,0.7152238,0.77256954,0.7820821,0.9798324,0.9275231,0.9291178,0.84677196,0.9061653,0.60999995,0.47937632,0.5689573,0.64698356,0.6033629,0.7496871,0.7912109,0.7318164,0.74049366,0.78296137
AGGAGCGTACCGACATTG,conv,1.0,0.0,0.0,0.0,-1.0,-1.0,0.42525786,0.9539524,0.6354683,0.4588982,0.42806894,0.47762433,0.42525786,0.4562636,0.5693513,0.65779674,0.489165,0.6385752,0.632707,0.8204931,0.45312542,0.70394313,0.5809392,0.63658136,0.51059073,0.69669724,0.4286532,0.612905,0.83880866,0.828721,0.8758674,0.8689588,0.8427643,0.9539524
GGGGTACGGACCCCAACT,conv,1.0,0.0,0.0,0.0,-1.0,-1.0,0.32244366,0.95220965,0.62921435,0.39051965,0.34048888,0.32826155,0.32244366,0.38488942,0.64468384,0.7450249,0.6779252,0.7502668,0.7048751,0.95220965,0.8673897,0.82296085,0.7422734,0.8301069,0.7610536,0.39348295,0.53918946,0.5578643,0.42174968,0.8627515,0.6462515,0.73436624,0.6171694,0.6921612
GGGATACGGCCCCCACCG,conv,1.0,0.0,0.0,0.0,-1.0,-1.0,0.33704686,0.9192977,0.5807571,0.36854312,0.38832214,0.3709964,0.33704686,0.40698886,0.6036113,0.5613191,0.4442438,0.44020078,0.49693635,0.8942605,0.7284498,0.72412175,0.45835638,0.7472747,0.6832134,0.38359565,0.379279,0.54655427,0.595686,0.83477294,0.8597712,0.7344014,0.61168414,0.9192977
GGGGTATGGCGTCCTTTG,conv,1.0,0.0,0.0,0.0,-1.0,-1.0,0.023447126,0.70032567,0.26052773,0.15800588,0.041978206,0.023447126,0.10622107,0.13189474,0.22831193,0.20730561,0.07046368,0.135686,0.20934124,0.053979564,0.30635697,0.027460136,0.10396431,0.09112413,0.70032567,0.36858842,0.46769243,0.29956517,0.56783307,0.65715957,0.1893736,0.6803102,0.20937651,0.47742912
GGGGTACGGCGTCCTAGT,conv,1.0,0.0,0.0,0.0,-1.0,-1.0,0.055639904,0.81722414,0.3402457,0.22014223,0.08331825,0.055639904,0.15301777,0.18754528,0.37700844,0.35537782,0.23394851,0.28204605,0.3102603,0.15322948,0.45300376,0.07915904,0.1791973,0.21551724,0.81722414,0.36266604,0.4126061,0.37837026,0.4671671,0.7001939,0.45384791,0.6269519,0.4885197,0.46018368
GGGGTATAGCGTCCTTTG,conv,1.0,0.0,0.0,0.0,-1.0,-1.0,0.050747316,0.7672767,0.37426963,0.21177307,0.06369443,0.050747316,0.1553059,0.17047286,0.36851144,0.31737033,0.18901286,0.2682332,0.30500206,0.2323611,0.55809367,0.102968566,0.22719888,0.4135415,0.7272036,0.42680246,0.5186195,0.5041199,0.7672767,0.6891567,0.3591919,0.74548423,0.46042326,0.5241756
GGGGTATGGCGTCCTTGT,conv,1.0,0.0,0.0,0.0,-1.0,-1.0,0.023139691,0.6953161,0.23462623,0.15857215,0.042868666,0.023139691,0.10555705,0.13163242,0.21329774,0.18258144,0.06726221,0.10848808,0.19698073,0.045256067,0.2962201,0.028051995,0.09664775,0.08486649,0.6953161,0.27330643,0.41683042,0.3081182,0.47709617,0.5993439,0.1359701,0.57806027,0.23054749,0.36964405
GGGGAACAGACTCAAAGT,conv,1.0,0.0,0.0,0.0,-1.0,-1.0,0.5332523,0.99306387,0.76952016,0.60758907,0.6546312,0.68616503,0.56796676,0.6296174,0.70150965,0.81685114,0.88542646,0.8591574,0.8511622,0.99306387,0.93974316,0.95453376,0.93992615,0.93704736,0.7407582,0.5332523,0.5628758,0.6838983,0.7309993,0.7975033,0.9206741,0.73527277,0.90927625,0.5991045
GCCGGACAGACTCTAATG,conv,1.0,0.0,0.0,0.0,-1.0,-1.0,0.3405095,0.9291804,0.6709004,0.4327124,0.4614444,0.52609134,0.4134951,0.4603337,0.57863516,0.75395614,0.8231789,0.72523856,0.69457054,0.9291804,0.80721396,0.73062,0.7904096,0.83650655,0.8260783,0.6211453,0.7972193,0.5499957,0.6673762,0.6570415,0.88130397,0.58167297,0.88658077,0.3405095
GGGGTACGGCGTCCTCGT,conv,1.0,0.0,0.0,0.0,-1.0,-1.0,0.047392193,0.76456076,0.29824284,0.19728352,0.075809516,0.047392193,0.137197,0.17841634,0.3596467,0.31222236,0.20776418,0.26527703,0.27762476,0.12778513,0.41458216,0.062923886,0.13453352,0.17635632,0.76456076,0.34407207,0.36812449,0.33302757,0.47151864,0.53906304,0.32394814,0.53576034,0.39965835,0.40152252
GGGTAAGGACACAACAGG,conv,1.0,0.0,0.0,0.0,-1.0,-1.0,0.5664944,0.9945093,0.8188428,0.6103297,0.65305525,0.6813022,0.5664944,0.61773354,0.74840486,0.86570233,0.87500286,0.8590077,0.8791508,0.9945093,0.9511164,0.9667919,0.95896304,0.94155014,0.7976988,0.8124083,0.6448483,0.8406594,0.6391876,0.92809254,0.94318146,0.81107914,0.9115665,0.9732338
AGGAAAGGACGTACTTTG,conv,1.0,0.0,0.0,0.0,-1.0,-1.0,0.31275037,0.9462833,0.6513392,0.5591582,0.50226194,0.5608459,0.5344728,0.53364325,0.5656456,0.7154627,0.705722,0.63593507,0.70847887,0.9462833,0.6871973,0.6985061,0.6459313,0.6359354,0.61818695,0.5391008,0.31275037,0.7376445,0.7303131,0.6645537,0.7012573,0.72508305,0.6806508,0.9384605
AGGAACTAAAATCCAGTG,conv,1.0,0.0,0.0,0.0,-1.0,-1.0,0.6312527,0.98872405,0.81960356,0.6458944,0.7762398,0.7347479,0.6472759,0.6762644,0.6936335,0.749301,0.8483372,0.7273383,0.82300735,0.98872405,0.91238666,0.9428579,0.9448815,0.92426777,0.6312527,0.7935794,0.69065434,0.87351114,0.9171104,0.88673013,0.9848407,0.8760823,0.94525886,0.8559117
AAGTAAGGACAGAATACG,conv,1.0,0.0,0.0,0.0,-1.0,-1.0,0.6650826,0.9896208,0.8069679,0.6911378,0.7887529,0.7469287,0.67852134,0.721833,0.6766781,0.8324806,0.75302845,0.79369587,0.80490524,0.9896208,0.79804933,0.9125288,0.9030866,0.79033333,0.6650826,0.78301567,0.75398964,0.8339425,0.7501453,0.9116317,0.9369663,0.87395364,0.82078636,0.96310323
GCCGGACCGAATCTAAAG,conv,1.0,0.0,0.0,0.0,-1.0,-1.0,0.45069057,0.9318101,0.6945967,0.46448967,0.52840394,0.58064705,0.45069057,0.5072439,0.5629615,0.6999329,0.7937858,0.7469638,0.6998158,0.9318101,0.7833248,0.72444487,0.8329345,0.8314724,0.80333114,0.5131758,0.7547012,0.68796635,0.8366289,0.675495,0.9158081,0.701837,0.7975903,0.53946126
GGGATTCGGCCATGTCCT,conv,1.0,0.0,0.0,0.0,-1.0,-1.0,0.07502163,0.8443774,0.37265068,0.2191914,0.08660871,0.07502163,0.1713235,0.20361006,0.32858238,0.27662957,0.07712513,0.18406603,0.3332912,0.15973297,0.37980756,0.0966948,0.20348333,0.28710285,0.57397497,0.38695958,0.4349157,0.38338476,0.7386736,0.77265036,0.8443774,0.7663411,0.6062437,0.7264737
GGCATTCGGTCATGTCCT,conv,1.0,0.0,0.0,0.0,-1.0,-1.0,0.033915713,0.82429695,0.2960033,0.19259089,0.07288406,0.06958884,0.15736346,0.19381252,0.25670254,0.21104099,0.06057633,0.11677281,0.2313719,0.053443756,0.14658606,0.033915713,0.0982415,0.12519771,0.5161243,0.2702597,0.45366204,0.31551486,0.82429695,0.59335226,0.7640821,0.6297159,0.5521015,0.46088496
GGGGTACGGACTCATAGT,conv,1.0,0.0,0.0,0.0,-1.0,-1.0,0.14856748,0.81742126,0.55517375,0.33768943,0.15624739,0.14856748,0.25086263,0.26308057,0.5425958,0.6876764,0.60098755,0.6018774,0.61070603,0.7591979,0.7347742,0.49182904,0.6205157,0.7374783,0.7581412,0.42435107,0.50906116,0.4945619,0.54099584,0.81742126,0.73805135,0.80465317,0.6584646,0.58955497
GGGATTCGGTCATGTCTT,conv,1.0,0.0,0.0,0.0,-1.0,-1.0,0.03451524,0.7717881,0.29650143,0.18400183,0.05241288,0.041720107,0.1385142,0.15758619,0.2357623,0.22844909,0.06869324,0.12936938,0.25569987,0.047959667,0.17741309,0.03451524,0.11326121,0.14057145,0.6390865,0.3299464,0.29986942,0.48409143,0.749127,0.54683584,0.7717881,0.6497454,0.5981187,0.33799735
AAGTAAGGACAGAATATG,conv,1.0,0.0,0.0,0.0,-1.0,-1.0,0.5503891,0.98776907,0.78121436,0.68350154,0.759837,0.73810256,0.66787547,0.7041862,0.6675288,0.8245803,0.7400145,0.79320264,0.7823538,0.98776907,0.7857997,0.9097919,0.90488714,0.7788983,0.70279914,0.75627327,0.5503891,0.8059399,0.6971454,0.8382054,0.9107694,0.83787507,0.77763885,0.92499584
GGGGGACAGAACATCAGG,conv,1.0,0.0,0.0,0.0,-1.0,-1.0,0.48551595,0.9944441,0.7507201,0.5598739,0.555132,0.59049976,0.48551595,0.56952935,0.69946414,0.8576929,0.8292042,0.8624943,0.87847215,0.9944441,0.95891935,0.95774776,0.9481845,0.9412168,0.7925436,0.5116662,0.59476995,0.8538941,0.7599993,0.815614,0.7814409,0.5572034,0.7263683,0.68611205
AGGAGAGAACGTACATTG,conv,1.0,0.0,0.0,0.0,-1.0,-1.0,0.45660743,0.9878484,0.7587945,0.6270029,0.6331569,0.67500544,0.5970212,0.62837785,0.63855857,0.807109,0.7245857,0.7971072,0.81644094,0.9878484,0.8546524,0.9141599,0.891262,0.87417614,0.69557065,0.5924753,0.45660743,0.8025036,0.88531166,0.6836945,0.86950034,0.7140748,0.9018025,0.9018585
AGGGTAGAACGTACTTTG,conv,1.0,0.0,0.0,0.0,-1.0,-1.0,0.25487494,0.9037055,0.62361574,0.43949804,0.25487494,0.3119243,0.38554633,0.35330284,0.5644366,0.7122312,0.60184896,0.5680655,0.7241837,0.9037055,0.7624399,0.7163759,0.70462334,0.75563043,0.79028654,0.54252076,0.5166892,0.8091625,0.7943615,0.6244858,0.4132724,0.73274845,0.73117226,0.87700516
GGGTAAGGGCGCAACAGT,conv,1.0,0.0,0.0,0.0,-1.0,-1.0,0.28082722,0.8853309,0.57585216,0.4459325,0.3208968,0.28082722,0.34851387,0.3981958,0.56686205,0.61617786,0.5561328,0.6589625,0.620118,0.8853309,0.77166015,0.599778,0.6744906,0.604817,0.7481994,0.45900777,0.4196806,0.69242835,0.3230454,0.7946089,0.6191649,0.58355576,0.67315173,0.7347639
GGGGTACGGCGTCATAGT,conv,1.0,0.0,0.0,0.0,-1.0,-1.0,0.07021835,0.7948536,0.38944897,0.2611871,0.09567907,0.07021835,0.17928654,0.20459634,0.40552032,0.43948376,0.27834135,0.37492728,0.388656,0.22292615,0.45980984,0.11557443,0.2810287,0.2810236,0.7948536,0.41312844,0.4602219,0.34501335,0.5059556,0.7274221,0.58726543,0.7358148,0.6119976,0.4962921
AGCATCGGAACAGGTTTT,conv,1.0,0.0,0.0,0.0,-1.0,-1.0,0.23636867,0.74649256,0.5008435,0.4364397,0.39009866,0.4395243,0.41610268,0.40939507,0.4937945,0.5548745,0.36226127,0.5888278,0.61464405,0.72046286,0.53620076,0.5224818,0.6890621,0.37713373,0.3770388,0.3791785,0.3832722,0.23636867,0.58124214,0.57820725,0.5180966,0.74649256,0.49311832,0.6767684
GGGTAAGGGCAGAACAGT,conv,1.0,0.0,0.0,0.0,-1.0,-1.0,0.40041572,0.96433586,0.7242977,0.521868,0.40481326,0.40041572,0.42921954,0.47527605,0.6252758,0.73800796,0.6512227,0.7733275,0.74713594,0.96433586,0.8640889,0.8040217,0.85824364,0.8168545,0.80589586,0.7674964,0.6067327,0.8416984,0.63017625,0.8877657,0.9130522,0.79307246,0.8656153,0.9218293
AGCATCGAAACACCTGTT,conv,1.0,0.0,0.0,0.0,-1.0,-1.0,0.531798,0.96849155,0.759132,0.531798,0.6846208,0.6709844,0.5446717,0.57261896,0.678833,0.7157591,0.7775735,0.7407227,0.7988941,0.96849155,0.8683549,0.9066401,0.9216314,0.8661117,0.7177867,0.60584027,0.6620393,0.70340425,0.7716165,0.7685289,0.91277695,0.8351283,0.85709995,0.89637357
GGGGTACGGCGACGTTTT,conv,1.0,0.0,0.0,0.0,-1.0,-1.0,0.05815136,0.72713494,0.3603445,0.24028113,0.08538073,0.05815136,0.16060424,0.18939342,0.44788995,0.49998742,0.28392884,0.52736133,0.4610217,0.25318822,0.55046064,0.13500868,0.33329204,0.24081571,0.6347031,0.32982948,0.47568586,0.13641664,0.6502613,0.57483363,0.1815468,0.72713494,0.29052958,0.54090583
GGGGTACGGCCATGTCCT,conv,1.0,0.0,0.0,0.0,-1.0,-1.0,0.08273238,0.69031894,0.37741435,0.24905697,0.10622462,0.08273238,0.18074104,0.21555962,0.41097888,0.41242918,0.21513197,0.31170735,0.40564913,0.3404123,0.5441006,0.18686475,0.28437164,0.43852407,0.6747849,0.42163873,0.43768597,0.24612783,0.56661487,0.69031894,0.32435897,0.68019265,0.39116317,0.61798656
GGGGTACGGACTCAAAGT,conv,1.0,0.0,0.0,0.0,-1.0,-1.0,0.25123832,0.89612746,0.61741847,0.4027605,0.25123832,0.25201806,0.31412956,0.34248567,0.57830584,0.71008027,0.723534,0.7115989,0.7129968,0.89612746,0.7993596,0.6962888,0.7627809,0.82508785,0.7377879,0.41398588,0.5783932,0.51883096,0.5481882,0.7876612,0.77930623,0.7188288,0.8054319,0.568257
GGCATTCGGCCCCCGCCT,conv,1.0,0.0,0.0,0.0,-1.0,-1.0,0.10711717,0.8143573,0.36352175,0.23628573,0.17835446,0.1617171,0.1979649,0.29614145,0.44373924,0.27939034,0.10711717,0.1858093,0.29340407,0.28016758,0.38491315,0.15869299,0.18250592,0.3341516,0.5519273,0.3317361,0.38512206,0.23772167,0.43630746,0.7491708,0.81225955,0.6648657,0.38422143,0.8143573
AAGTAAGGGCAGAACAGT,conv,1.0,0.0,0.0,0.0,-1.0,-1.0,0.37249595,0.9554984,0.6501506,0.65411943,0.7123329,0.7085356,0.62794095,0.67276573,0.6171298,0.7261582,0.57944053,0.65818095,0.6706715,0.9554984,0.58567715,0.77248144,0.6551679,0.46438494,0.583728,0.6776338,0.37249595,0.7842262,0.4505156,0.78579646,0.7199117,0.6186029,0.47489464,0.7254741
GGGGTATAGCGTCCTTGG,conv,1.0,0.0,0.0,0.0,-1.0,-1.0,0.048935026,0.74944156,0.3547916,0.21290661,0.06702041,0.048935026,0.15509628,0.16929995,0.34759465,0.278237,0.18039899,0.22137626,0.28913993,0.20061588,0.54852265,0.09799086,0.21173783,0.40091026,0.66523963,0.3408861,0.5259308,0.54195863,0.74944156,0.648045,0.31995583,0.6696308,0.45845768,0.52046144
AAGTAAGGACAGAATAGG,conv,1.0,0.0,0.0,0.0,-1.0,-1.0,0.61409914,0.9879484,0.7852303,0.6886933,0.77276194,0.7412132,0.6724514,0.71362436,0.66725415,0.8128867,0.7300345,0.7728795,0.78446805,0.9879484,0.7831975,0.91433245,0.90261686,0.77916497,0.6675913,0.7447713,0.61409914,0.792472,0.715993,0.8853199,0.9158259,0.82502675,0.805891,0.94023865
ACGGGACCGAAGATAGAG,conv,1.0,0.0,0.0,0.0,-1.0,-1.0,0.5566135,0.9608289,0.75772375,0.5781937,0.65019745,0.6676996,0.5566135,0.6221936,0.62663656,0.7556875,0.77184564,0.8143481,0.7776499,0.9608289,0.77704155,0.83550566,0.855262,0.7831772,0.70223695,0.63068247,0.55856043,0.89434314,0.944661,0.80151284,0.88403547,0.8489253,0.82915956,0.8160944
AGGATCTAAAGTCGTGTG,conv,1.0,0.0,0.0,0.0,-1.0,-1.0,0.24574135,0.9287283,0.54960763,0.3929314,0.24574135,0.2825396,0.3704986,0.31522608,0.457866,0.4246534,0.362968,0.373821,0.5796061,0.5451359,0.5896783,0.4146737,0.5388029,0.50166327,0.65397835,0.48056903,0.5968064,0.7315054,0.8171383,0.7143021,0.9287283,0.85812306,0.82491153,0.73832273
AGGATCTAAAGTCGTGTA,conv,1.0,0.0,0.0,0.0,-1.0,-1.0,0.27116027,0.90354604,0.54663634,0.4158249,0.27116027,0.32570714,0.39657512,0.33837113,0.457866,0.4246534,0.362968,0.373821,0.5796061,0.5940917,0.61737925,0.43725896,0.5822079,0.5129864,0.65148294,0.45241123,0.3760962,0.74327964,0.79506767,0.70222485,0.90354604,0.86747444,0.79652524,0.6873241
GGGGTATGGCGTCCTAGT,conv,1.0,0.0,0.0,0.0,-1.0,-1.0,0.03350096,0.782437,0.27607602,0.19087273,0.056384277,0.03350096,0.12881362,0.15135127,0.25023413,0.22235815,0.093112946,0.15122712,0.23647277,0.0686765,0.34976923,0.03859412,0.12106062,0.12870058,0.782437,0.3204543,0.44635186,0.36050045,0.33034086,0.7422401,0.31502876,0.62308866,0.37617493,0.3841541
ATGAACGTAACGACAATG,conv,1.0,0.0,0.0,0.0,-1.0,-1.0,0.24726836,0.961727,0.73695976,0.6047281,0.70575845,0.7045769,0.6159222,0.62292,0.7078396,0.77971184,0.8379089,0.7607251,0.81088316,0.961727,0.75471926,0.86832345,0.8699677,0.8259922,0.5956967,0.6527041,0.24726836,0.54864705,0.6280491,0.75505227,0.9312392,0.8593609,0.86982393,0.9044476
ATGAGCGTAACGACAATG,conv,1.0,0.0,0.0,0.0,-1.0,-1.0,0.3365715,0.935221,0.69115794,0.54520684,0.5606569,0.6108462,0.5361949,0.53892136,0.63634396,0.7193804,0.57079035,0.7456222,0.7555543,0.935221,0.67606175,0.8219609,0.8112864,0.7787092,0.6293701,0.5931777,0.3365715,0.5884657,0.65009534,0.76009846,0.8929636,0.8600331,0.8549166,0.8705005
GGGGTAGGGCGTCCCAGT,conv,1.0,0.0,0.0,0.0,-1.0,-1.0,0.045688946,0.79518384,0.30477226,0.2308812,0.08430476,0.045688946,0.14910893,0.18454804,0.34528002,0.34538642,0.18651728,0.31234634,0.31251696,0.14978762,0.46505213,0.06084796,0.1579031,0.13601398,0.79518384,0.38401058,0.4089604,0.47045285,0.2030984,0.6281319,0.2887351,0.5381637,0.3532862,0.38309956
AGGGAAGGACGTACTATG,conv,1.0,0.0,0.0,0.0,-1.0,-1.0,0.39870942,0.9474841,0.64099264,0.53743446,0.43598223,0.48040554,0.48157465,0.50367415,0.54689366,0.74898344,0.65464765,0.7021513,0.71271276,0.9474841,0.7276125,0.71505547,0.6875561,0.67921716,0.7833147,0.5713249,0.39870942,0.79295033,0.5768643,0.6558468,0.5191254,0.65614724,0.6717096,0.8374388
GGGGGACAGACTCTAAGG,conv,1.0,0.0,0.0,0.0,-1.0,-1.0,0.3312397,0.97237587,0.6963815,0.4445661,0.3312397,0.33149296,0.35674194,0.40823266,0.61079854,0.7705708,0.8208737,0.7916992,0.750876,0.97237587,0.8937621,0.85852534,0.8354163,0.89712656,0.74565583,0.48044273,0.7513037,0.77721846,0.7485498,0.82355857,0.9202196,0.6000764,0.89804876,0.590164
ATGAACGTAAAGACAATG,conv,1.0,0.0,0.0,0.0,-1.0,-1.0,0.29563773,0.98323107,0.7665053,0.6594167,0.76429385,0.73933583,0.6583826,0.679656,0.6952985,0.79162455,0.79215384,0.71393764,0.8268567,0.98323107,0.860223,0.9100671,0.93798226,0.88998085,0.60728836,0.68475235,0.29563773,0.6781883,0.672511,0.7508775,0.94438434,0.8539851,0.88785666,0.884711
AGGAGCGTACCTACATTG,conv,1.0,0.0,0.0,0.0,-1.0,-1.0,0.37134627,0.93404126,0.6132633,0.43350828,0.37134627,0.44548723,0.40770328,0.4135857,0.53372693,0.65329707,0.5792349,0.44709703,0.5771179,0.7542736,0.37953869,0.6517658,0.50933003,0.6759457,0.6445022,0.66565824,0.4544364,0.6167611,0.8372339,0.81241035,0.8681298,0.79894614,0.8665055,0.93404126
AGGAGCGTAACTACAGTG,conv,1.0,0.0,0.0,0.0,-1.0,-1.0,0.4868282,0.92053103,0.7146385,0.51748806,0.4868282,0.55355734,0.49093446,0.5023524,0.6018211,0.71405286,0.71006924,0.6571949,0.7137119,0.91682893,0.5813459,0.80610347,0.7564569,0.80300754,0.7189921,0.7358525,0.55637515,0.81702393,0.85035074,0.8231747,0.91283107,0.80640584,0.92053103,0.9126701
GGGTAAGGGAACAACAGT,conv,1.0,0.0,0.0,0.0,-1.0,-1.0,0.50410956,0.992961,0.75317854,0.606471,0.56896126,0.6195916,0.53836024,0.58402425,0.7099932,0.84410053,0.83160067,0.84133136,0.868935,0.992961,0.9465126,0.9484703,0.9459628,0.9251605,0.7551008,0.56572366,0.50410956,0.8430852,0.5254691,0.86089975,0.83348435,0.65234506,0.7236266,0.79318416
AGGATCTAACGTCCTTTG,conv,1.0,0.0,0.0,0.0,-1.0,-1.0,0.20563735,0.9030243,0.5307812,0.329694,0.20563735,0.27164638,0.31690142,0.3025253,0.4653841,0.49873775,0.37940636,0.2762233,0.5139737,0.5026438,0.5235523,0.39590484,0.35681587,0.5224585,0.5789176,0.5426456,0.54820424,0.7313331,0.83939296,0.8244604,0.9030243,0.83754057,0.759076,0.8434313
AGGGTCTAACGTCCTTTG,conv,1.0,0.0,0.0,0.0,-1.0,-1.0,0.11723761,0.8148198,0.47437173,0.2653507,0.11723761,0.14080186,0.2296407,0.24339318,0.41857594,0.45849887,0.33396614,0.2550976,0.49770617,0.35901788,0.49934137,0.27557048,0.29648253,0.4785584,0.64774257,0.56382847,0.64459336,0.6719624,0.80001307,0.7974006,0.7044878,0.8148198,0.6564018,0.688803
GGCGGACAGACCCTACCG,conv,1.0,0.0,0.0,0.0,-1.0,-1.0,0.41403747,0.97526056,0.6834595,0.44599566,0.5142627,0.5364651,0.41490078,0.4962025,0.65322345,0.81114495,0.77110255,0.7947008,0.7569429,0.97526056,0.89007115,0.87993777,0.82785434,0.8778991,0.5599312,0.41403747,0.7773589,0.5283623,0.6683732,0.66087663,0.8602169,0.47988597,0.79694974,0.69453126
GGCGGACAGCCCCCACCG,conv,1.0,0.0,0.0,0.0,-1.0,-1.0,0.3789494,0.9559792,0.6496135,0.40328237,0.51959777,0.50023425,0.3789494,0.4877812,0.6456056,0.69414437,0.5501991,0.64784867,0.61047566,0.9559792,0.82190055,0.8645846,0.71081096,0.8386914,0.6348317,0.5289793,0.6361219,0.44509122,0.7050166,0.6985235,0.84024614,0.62911516,0.69426215,0.79806197
AGGTAAGGACACACCATG,conv,1.0,0.0,0.0,0.0,-1.0,-1.0,0.4067883,0.98972476,0.7863699,0.6171543,0.7067246,0.70035917,0.60587686,0.6400724,0.7232424,0.85530376,0.8313427,0.8207528,0.83741975,0.98972476,0.91254544,0.94931054,0.9191885,0.8967859,0.78662896,0.77031076,0.4067883,0.9128555,0.60577,0.8751514,0.86208403,0.7405983,0.74146885,0.9517884
ACGGGACCGCAGATCAAG,conv,1.0,0.0,0.0,0.0,-1.0,-1.0,0.4467476,0.89296806,0.6915819,0.50384253,0.59497905,0.6111447,0.49014014,0.5611295,0.5635166,0.6496576,0.66261566,0.7445415,0.6223853,0.89296806,0.6373149,0.719832,0.6296629,0.6547008,0.7962382,0.6835824,0.4467476,0.8752082,0.88678855,0.8458637,0.84550864,0.86486113,0.65052235,0.85579485
GGGGGACAGAATATAATG,conv,1.0,0.0,0.0,0.0,-1.0,-1.0,0.4583154,0.99300534,0.7737233,0.577118,0.4583154,0.54438394,0.4940574,0.53789693,0.6847196,0.8606119,0.82139444,0.8845454,0.8629012,0.99300534,0.9486349,0.94114965,0.9514356,0.94427145,0.8657983,0.6958484,0.72739416,0.8725982,0.8132337,0.73597884,0.9371674,0.5979137,0.9419094,0.65080017
AGGAACTAAGGTCGTGTG,conv,1.0,0.0,0.0,0.0,-1.0,-1.0,0.255699,0.93704796,0.5205052,0.4318106,0.32664746,0.32939878,0.40088275,0.37295926,0.4773034,0.49715257,0.46724206,0.29683602,0.48969918,0.50903404,0.48619854,0.26549932,0.36154053,0.255699,0.4976348,0.56727326,0.4899492,0.7216714,0.833445,0.70021176,0.93704796,0.8189711,0.8121157,0.6664062
AGGAACTACGATCGAGAA,conv,1.0,0.0,0.0,0.0,-1.0,-1.0,0.5033913,0.9357898,0.7161655,0.57399833,0.6404546,0.6603733,0.5772034,0.5930406,0.61529946,0.69977486,0.7313943,0.74047637,0.6893981,0.90827775,0.59636164,0.7390219,0.67094487,0.6519917,0.59281194,0.7118748,0.5033913,0.762864,0.9007,0.7631865,0.9357898,0.86689925,0.88009965,0.89850944
AAGTAAGGGCAGAACAGG,conv,1.0,0.0,0.0,0.0,-1.0,-1.0,0.3542323,0.9583482,0.6568279,0.6561355,0.7199226,0.71008044,0.6285781,0.67738956,0.6171298,0.7261582,0.57944053,0.65818095,0.6706715,0.9583482,0.58931524,0.7682261,0.6600086,0.47470492,0.55267155,0.72636455,0.3542323,0.7815845,0.49075267,0.79161286,0.75815463,0.6213341,0.44669798,0.8030036
GGGGTATGGCGTCCCAGT,conv,1.0,0.0,0.0,0.0,-1.0,-1.0,0.04321926,0.77044225,0.27038923,0.20733383,0.07056054,0.04321926,0.14297287,0.17037521,0.27179652,0.24489439,0.10745563,0.16658846,0.26322576,0.09939788,0.40426755,0.047867157,0.11858611,0.16381752,0.77044225,0.3189691,0.41746774,0.3647218,0.22249214,0.66874474,0.29356363,0.5570125,0.30427504,0.31968296
GGCATACGGCCCCCACCG,conv,1.0,0.0,0.0,0.0,-1.0,-1.0,0.29470244,0.9009449,0.55151004,0.36952296,0.45560676,0.45339096,0.3542367,0.44041604,0.6124021,0.5281345,0.4150776,0.3868693,0.44618255,0.833835,0.6446924,0.6183514,0.41802207,0.68288046,0.7018097,0.29470244,0.46819037,0.44902882,0.5867435,0.734053,0.79929477,0.6423209,0.55104136,0.9009449
AGCATCGGAACATGTTTT,conv,1.0,0.0,0.0,0.0,-1.0,-1.0,0.2708223,0.72218037,0.50077695,0.41229153,0.33797762,0.4102181,0.40143836,0.3727388,0.4565083,0.5363542,0.28906795,0.58261997,0.58637077,0.70944667,0.56725675,0.49487475,0.65318316,0.4843118,0.5260964,0.36234364,0.2708223,0.33041355,0.6507137,0.6268681,0.4618894,0.7214231,0.55201435,0.72218037
GGGATTCGATCATGTTTT,conv,1.0,0.0,0.0,0.0,-1.0,-1.0,0.06516175,0.82854843,0.39264756,0.22551982,0.06516175,0.06991368,0.18148796,0.18278834,0.32325745,0.30260724,0.08161192,0.29073682,0.40709603,0.14516781,0.34372094,0.11210806,0.3088208,0.4569294,0.5777733,0.34978235,0.448782,0.44206423,0.7986007,0.6771269,0.820937,0.8264759,0.82854843,0.54916996
ATGAGCGTACCGACATTG,conv,1.0,0.0,0.0,0.0,-1.0,-1.0,0.31207517,0.91821265,0.54383993,0.41091588,0.35720313,0.4146583,0.39404577,0.38797516,0.5530323,0.59321743,0.34989926,0.44802302,0.566755,0.61825806,0.37757087,0.5524577,0.4710634,0.5230243,0.42761487,0.5034953,0.31207517,0.45959988,0.75601083,0.7418463,0.83641714,0.87943095,0.7431934,0.91821265
GGGGTACGGCCCCCACCG,conv,1.0,0.0,0.0,0.0,-1.0,-1.0,0.19178312,0.83293307,0.5210735,0.2920634,0.24513718,0.19178312,0.24074534,0.31832337,0.56977624,0.53542304,0.40178815,0.42012492,0.48445377,0.8178153,0.7063373,0.58369094,0.40091595,0.6922727,0.6896085,0.47094268,0.5442791,0.45767576,0.5199963,0.7997703,0.6142785,0.706001,0.49070102,0.83293307
AGGTAAGGACAGACAATG,conv,1.0,0.0,0.0,0.0,-1.0,-1.0,0.56327844,0.99166906,0.81758255,0.65537757,0.701528,0.7119681,0.6244791,0.66534835,0.70899856,0.8459102,0.785976,0.85022664,0.844876,0.99166906,0.9118876,0.94526196,0.9349571,0.8951299,0.77968067,0.7640605,0.56327844,0.9127393,0.75500757,0.89280385,0.9530536,0.85140604,0.92370594,0.9702324
GGGGGACAGACCCTAACG,conv,1.0,0.0,0.0,0.0,-1.0,-1.0,0.41728953,0.98854893,0.7345319,0.4848795,0.4872653,0.50681,0.41728953,0.5026664,0.67877465,0.82226795,0.824008,0.84277344,0.8068115,0.98854893,0.9333866,0.93120885,0.8921234,0.9117285,0.66727626,0.5211828,0.70227146,0.76259965,0.6543605,0.8618797,0.8776199,0.6953043,0.86334217,0.7269201
AGCATCGCAACAGCAGTT,conv,1.0,0.0,0.0,0.0,-1.0,-1.0,0.52259064,0.92361546,0.6901258,0.52259064,0.6692378,0.654825,0.53281087,0.573558,0.65614873,0.6195077,0.5613236,0.6328225,0.71979564,0.92361546,0.7150529,0.8570338,0.87702554,0.7613686,0.60587066,0.68318754,0.5841584,0.58318233,0.78716487,0.6672333,0.8696388,0.6748657,0.8123905,0.7087385
GGGTAAGGGCGTCACAGT,conv,1.0,0.0,0.0,0.0,-1.0,-1.0,0.13246103,0.82879686,0.46357194,0.35501152,0.16871195,0.13246103,0.25695327,0.27349374,0.4709327,0.51703846,0.4421024,0.4399614,0.45991698,0.5071129,0.58284545,0.19917762,0.33665368,0.3319645,0.7351576,0.48918322,0.4944776,0.67558724,0.33935386,0.76190436,0.82879686,0.6340075,0.60481244,0.5516797
GGGGGACCGCACATCAGG,conv,1.0,0.0,0.0,0.0,-1.0,-1.0,0.32562977,0.9532453,0.6623703,0.4019989,0.37183377,0.34250507,0.32562977,0.4163388,0.6369183,0.7443847,0.7544759,0.77386683,0.70642763,0.9532453,0.82650846,0.85739785,0.78706354,0.853137,0.70714146,0.52876174,0.48311332,0.75573653,0.74156386,0.81839705,0.67817605,0.5693932,0.7063927,0.8188509
AAGTAAGGACAGACAATG,conv,1.0,0.0,0.0,0.0,-1.0,-1.0,0.4567743,0.9895992,0.7721133,0.69170743,0.8026056,0.750926,0.6804244,0.72937226,0.6992102,0.8369628,0.77858937,0.78166765,0.8069051,0.9895992,0.81764376,0.92225516,0.90204024,0.80540603,0.68294716,0.6772575,0.4567743,0.8322327,0.5774042,0.8122961,0.87896645,0.7464642,0.74207515,0.9011
ATGAGCGTAACTACAGTG,conv,1.0,0.0,0.0,0.0,-1.0,-1.0,0.4129957,0.8833153,0.6352815,0.46821177,0.4129957,0.48561606,0.4601731,0.42928153,0.58353406,0.6597645,0.5892852,0.46509224,0.65710545,0.7975369,0.5018325,0.6779811,0.66552174,0.73123884,0.64548045,0.5885678,0.45314717,0.69885534,0.7608371,0.7267681,0.8833153,0.82070273,0.86736125,0.85183173
GGGTGACAGAACAACAGT,conv,1.0,0.0,0.0,0.0,-1.0,-1.0,0.5223628,0.99492997,0.79204714,0.6031015,0.64242005,0.6834656,0.55684054,0.6102416,0.735845,0.8773329,0.8291061,0.8714843,0.90437615,0.99492997,0.96252716,0.9725353,0.96584696,0.949133,0.8526938,0.61354834,0.5223628,0.8334661,0.7670092,0.8365399,0.9095126,0.7053563,0.85772806,0.7437758
GGGGGACCGAATCTAAAG,conv,1.0,0.0,0.0,0.0,-1.0,-1.0,0.3784199,0.9728501,0.719972,0.47030136,0.3784199,0.41321003,0.3882965,0.44932753,0.59270984,0.7359567,0.7951569,0.8154535,0.7409959,0.9728501,0.8768751,0.8520616,0.87165564,0.8899844,0.78415686,0.5723888,0.66523904,0.8365448,0.8628495,0.7920525,0.9399066,0.7519353,0.8242009,0.72677207
GGGATTCGGCCATGTCTT,conv,1.0,0.0,0.0,0.0,-1.0,-1.0,0.06516521,0.7735931,0.3387722,0.20908633,0.07565075,0.06516521,0.16104127,0.19064622,0.31531996,0.26957062,0.076076455,0.16885936,0.3193483,0.1322686,0.35473132,0.09276227,0.20926689,0.257652,0.63999236,0.34829915,0.28444538,0.33204567,0.7253324,0.62650996,0.7735931,0.70336384,0.5704535,0.567824
AGGAAAGTACGTACATTG,conv,1.0,0.0,0.0,0.0,-1.0,-1.0,0.37335873,0.9315738,0.6847066,0.58621395,0.5714257,0.62218493,0.5775585,0.56603974,0.6277182,0.73331916,0.80149686,0.60564053,0.73821795,0.9315738,0.59919924,0.7483804,0.6579837,0.7445516,0.6378029,0.5846935,0.37335873,0.7059189,0.8207445,0.6577098,0.8324495,0.6734014,0.8196141,0.90046734
AGGATCTAAAGTCGTGTT,conv,1.0,0.0,0.0,0.0,-1.0,-1.0,0.23545985,0.9132817,0.5474373,0.391557,0.23545985,0.28359568,0.36975473,0.31162164,0.457866,0.4246534,0.362968,0.373821,0.5796061,0.53220135,0.5854821,0.4249676,0.53925633,0.49356586,0.7578496,0.4442245,0.60724723,0.7386181,0.77878535,0.71422756,0.9132817,0.8500872,0.83745956,0.67777425
AGGTAAGGACACAATATG,conv,1.0,0.0,0.0,0.0,-1.0,-1.0,0.5024336,0.99231297,0.8222247,0.6428283,0.6912848,0.7115174,0.6214483,0.6496264,0.72226435,0.8625543,0.84533477,0.8628228,0.85384977,0.99231297,0.91257215,0.9532143,0.94771606,0.90954965,0.81468683,0.81458247,0.5024336,0.91121083,0.74023956,0.922572,0.94019324,0.85595405,0.9037522,0.9710958
AGGAACTAAAGTCCAGTG,conv,1.0,0.0,0.0,0.0,-1.0,-1.0,0.5777828,0.9699873,0.75165266,0.59309477,0.67020124,0.6794672,0.59825677,0.6064698,0.6416653,0.6929024,0.8110012,0.62179136,0.7840798,0.9693674,0.8457237,0.87453294,0.85470474,0.8445151,0.5777828,0.6015533,0.5881001,0.8275943,0.8718967,0.81872237,0.9699873,0.81419253,0.92574745,0.70796967
GGGATTCGGCCCCCTCCT,conv,1.0,0.0,0.0,0.0,-1.0,-1.0,0.111853935,0.8868462,0.4143196,0.22166738,0.12376502,0.111853935,0.18046318,0.2541608,0.4288995,0.31015804,0.120366015,0.20366836,0.3177516,0.39929068,0.50330067,0.19801816,0.20774381,0.43190682,0.6059944,0.33693963,0.35901177,0.5170267,0.57089275,0.8643303,0.8868462,0.8130338,0.53722465,0.85367644
GGGGTACGGCCTTGTCCT,conv,1.0,0.0,0.0,0.0,-1.0,-1.0,0.042542875,0.7541709,0.29576468,0.1817139,0.0638541,0.042542875,0.12877378,0.16852258,0.27974507,0.25743875,0.12529117,0.13882306,0.2723382,0.085666165,0.28089827,0.055281185,0.11532895,0.17345445,0.7541709,0.4938749,0.44568792,0.31388536,0.6101246,0.6541153,0.2959452,0.5973118,0.35073203,0.508597
TGCATCGCAACAGCACTT,conv,1.0,0.0,0.0,0.0,-1.0,-1.0,0.41956607,0.9144051,0.66408765,0.42190403,0.5015772,0.5486887,0.41956607,0.4524229,0.6654534,0.63313204,0.6139797,0.6472984,0.7587562,0.9144051,0.8108042,0.85382944,0.88698316,0.84652454,0.66128296,0.6570396,0.62627816,0.5310577,0.6552878,0.5440502,0.8827554,0.5386925,0.82614404,0.7042785
GGGTAAGGGCGCCACAGT,conv,1.0,0.0,0.0,0.0,-1.0,-1.0,0.20143521,0.78834957,0.49832085,0.3842154,0.2585228,0.20143521,0.2916155,0.3402218,0.5458181,0.562138,0.44518057,0.47133628,0.51725423,0.78392696,0.7320626,0.4463678,0.48107654,0.48075473,0.6794572,0.37786213,0.45554534,0.6415278,0.30143616,0.78834957,0.5960764,0.62085664,0.50175077,0.5532325
AGGAAAGTACGTACAATG,conv,1.0,0.0,0.0,0.0,-1.0,-1.0,0.36196062,0.9621648,0.7303089,0.63551754,0.6713125,0.69723225,0.62196493,0.63768804,0.6574005,0.7706919,0.8311248,0.6929615,0.77859515,0.9621648,0.6746253,0.82202595,0.75737405,0.8027447,0.7422745,0.610945,0.36196062,0.7876625,0.6906231,0.7200216,0.9040207,0.65043074,0.8748616,0.90149885
GGGGGACAGAATCTAATG,conv,1.0,0.0,0.0,0.0,-1.0,-1.0,0.3884301,0.98856,0.7372268,0.5143055,0.3884301,0.4483651,0.4285651,0.47150075,0.6352615,0.8075125,0.80513006,0.85000384,0.8195133,0.98856,0.9392339,0.91472197,0.920474,0.9299016,0.8038062,0.66262233,0.7315352,0.8372632,0.75546813,0.77713,0.94137865,0.65125144,0.9059001,0.50283635
AGCATCGAAAATCGAGTA,conv,1.0,0.0,0.0,0.0,-1.0,-1.0,0.43540466,0.9677691,0.74487567,0.58627033,0.69216526,0.6920927,0.5995059,0.6146846,0.6112873,0.6378827,0.6021509,0.7596255,0.73871356,0.9677691,0.8370785,0.8769668,0.9295757,0.8415579,0.6883514,0.7058908,0.43540466,0.75578207,0.8461813,0.702692,0.92168915,0.8360744,0.8801935,0.8623068
AAGTAGGGACAGAAAATG,conv,1.0,0.0,0.0,0.0,-1.0,-1.0,0.5883258,0.9877017,0.75740695,0.687037,0.74549234,0.736258,0.65489906,0.7074965,0.6628478,0.80768764,0.5888082,0.7575636,0.754305,0.9877017,0.7231441,0.91345686,0.9079394,0.71736753,0.5910329,0.7219255,0.5883258,0.76145965,0.65310323,0.8250357,0.94110066,0.76701105,0.86956793,0.8646059
GGGGTAGGGCGTACCAGG,conv,1.0,0.0,0.0,0.0,-1.0,-1.0,0.05923993,0.7617494,0.35312575,0.27881086,0.102841236,0.05923993,0.17943579,0.20614956,0.41763082,0.46155387,0.25841692,0.37819982,0.43447745,0.2584699,0.49268457,0.094740346,0.26569027,0.21390474,0.7617494,0.40825638,0.31407666,0.5300383,0.30174693,0.5606118,0.2589524,0.47699386,0.44639605,0.6670767
AGGATCGAAACACGTTTT,conv,1.0,0.0,0.0,0.0,-1.0,-1.0,0.5000502,0.9779097,0.7403684,0.53488976,0.552682,0.60986096,0.5291822,0.52574253,0.669058,0.74081624,0.76186484,0.812733,0.8268944,0.9779097,0.8868511,0.9229919,0.9218162,0.87330425,0.6138354,0.5952092,0.5000502,0.5225577,0.7315402,0.8369728,0.90643275,0.89859277,0.83696073,0.92046165
TGCATCGGAACAGGACTT,conv,1.0,0.0,0.0,0.0,-1.0,-1.0,0.36705923,0.850977,0.58509594,0.41477138,0.36705923,0.41734233,0.3885952,0.39102474,0.5683752,0.6345335,0.5305364,0.7050844,0.7362948,0.850977,0.748061,0.6477351,0.84227437,0.70882946,0.5413634,0.45665058,0.5437231,0.40249878,0.6160215,0.46484968,0.6659372,0.5641933,0.76995146,0.65071553
AGGAACTAAAATCGAGAA,conv,1.0,0.0,0.0,0.0,-1.0,-1.0,0.5839414,0.990426,0.8324814,0.68281394,0.8104288,0.7557946,0.68021363,0.7203224,0.68658096,0.7615306,0.8375957,0.80362123,0.8329817,0.990426,0.9028915,0.9379189,0.9520174,0.9143603,0.739609,0.76679647,0.5839414,0.84041417,0.958265,0.8762941,0.9833747,0.9204776,0.9503062,0.92306054
GGCATTCGCCCATCGCCT,conv,1.0,0.0,0.0,0.0,-1.0,-1.0,0.11499114,0.7444439,0.35237256,0.25905135,0.1941181,0.21366549,0.22755675,0.31326687,0.43584633,0.29740906,0.11499114,0.2444458,0.33128887,0.30466884,0.3751944,0.25153145,0.26177293,0.51001406,0.4337231,0.25880048,0.35211176,0.16526154,0.39659145,0.5478751,0.69900656,0.48699468,0.38968286,0.7444439
GGGTTAGGGCGCCACAGT,conv,1.0,0.0,0.0,0.0,-1.0,-1.0,0.07868847,0.7135689,0.37122685,0.26732674,0.11727949,0.07868847,0.18901864,0.2168685,0.4467689,0.41506413,0.17810106,0.3053861,0.43288106,0.38105845,0.59726745,0.1738389,0.3256961,0.2596593,0.7129171,0.31302705,0.4858768,0.57435447,0.20182249,0.7135689,0.34945607,0.5874537,0.42499754,0.5322949
ACGGGACCGAAGATCGAG,conv,1.0,0.0,0.0,0.0,-1.0,-1.0,0.497548,0.93827605,0.7138006,0.5296829,0.60109776,0.62386274,0.50832456,0.5759929,0.5932493,0.70329165,0.7288561,0.80343753,0.72497106,0.93827605,0.7529901,0.7746735,0.75442064,0.72147673,0.7106238,0.65582705,0.497548,0.90457785,0.9181154,0.76844466,0.79425174,0.8638992,0.60612917,0.7909974
AGGTGACCGCAGAACAGG,conv,1.0,0.0,0.0,0.0,-1.0,-1.0,0.45319673,0.94233364,0.7144018,0.51460767,0.56599647,0.598992,0.4876758,0.5432598,0.6144232,0.712766,0.5265364,0.745517,0.71564955,0.94233364,0.71637696,0.8666,0.77765673,0.76743954,0.6609522,0.69806373,0.45319673,0.82395196,0.8947833,0.8242235,0.91001624,0.78139824,0.8109283,0.9067002
AGGAACTACGATCGTGTA,conv,1.0,0.0,0.0,0.0,-1.0,-1.0,0.4060168,0.898943,0.5819013,0.45883632,0.4267466,0.47596592,0.45588255,0.4330115,0.5373134,0.5853351,0.6029624,0.5197583,0.54710764,0.6786802,0.44980392,0.49201334,0.43707073,0.4479013,0.48963404,0.6091237,0.4060168,0.7684423,0.8052099,0.7002863,0.898943,0.84024435,0.7048253,0.77641714
AGCAACTACGATCGTGAA,conv,1.0,0.0,0.0,0.0,-1.0,-1.0,0.4022862,0.90816104,0.6068602,0.487573,0.5806371,0.5984092,0.5086651,0.5114997,0.5410278,0.5844508,0.6006253,0.573384,0.53125066,0.6579898,0.41250023,0.443724,0.45816344,0.4022862,0.5571143,0.5708599,0.49512777,0.6971903,0.8992227,0.67000145,0.90816104,0.85729355,0.73735374,0.8869955
AAGTGAGCGCAGAACAAG,conv,1.0,0.0,0.0,0.0,-1.0,-1.0,0.27134523,0.954245,0.64835715,0.6212799,0.6973806,0.6966583,0.6019755,0.65251994,0.521907,0.63674223,0.27134523,0.64951354,0.6410526,0.954245,0.54589057,0.81679076,0.68733263,0.55454314,0.69790626,0.6371602,0.36090276,0.76201946,0.721864,0.71848327,0.76851493,0.7362652,0.4204369,0.83619976
AGGAAAGGACAGACAATG,conv,1.0,0.0,0.0,0.0,-1.0,-1.0,0.37473038,0.9966196,0.8340669,0.72216564,0.8335287,0.7701691,0.7032521,0.77684134,0.71992564,0.854063,0.8535649,0.8695484,0.8806474,0.9966196,0.92541075,0.9574311,0.9529914,0.9137748,0.7452722,0.7717984,0.37473038,0.8693422,0.7795461,0.8786701,0.9500173,0.8542495,0.919735,0.9783785
GGGGGACAGACCCCAACG,conv,1.0,0.0,0.0,0.0,-1.0,-1.0,0.45543474,0.99149454,0.7474121,0.5110364,0.5851461,0.58298045,0.45543474,0.55669874,0.71757936,0.82852536,0.8085623,0.84879106,0.8222863,0.99149454,0.9423147,0.95267886,0.908168,0.9205548,0.65199107,0.5582009,0.5838081,0.7208262,0.6710939,0.85900444,0.8677196,0.7731535,0.8198712,0.74738306
AGGTAAGGACACACTATG,conv,1.0,0.0,0.0,0.0,-1.0,-1.0,0.44266275,0.9880828,0.78709656,0.5978254,0.63781357,0.672468,0.5829443,0.6012943,0.7081765,0.8503527,0.8349459,0.80254024,0.82981145,0.9880828,0.9019368,0.94188756,0.91842294,0.89119136,0.8201691,0.7167914,0.44266275,0.9164348,0.69419295,0.8995934,0.8746459,0.78543866,0.8040216,0.9637708
GGCATTCGGCCCTCGCCT,conv,1.0,0.0,0.0,0.0,-1.0,-1.0,0.076201476,0.6749921,0.290497,0.21020557,0.12201192,0.111707635,0.17107081,0.2527992,0.37579632,0.23618884,0.076201476,0.14253011,0.24317704,0.14328767,0.27762708,0.08554424,0.12348018,0.23410569,0.5003286,0.2708785,0.29221147,0.21517515,0.44083247,0.65681666,0.61192757,0.4451821,0.34834704,0.6749921
GGCGGACAGACTCTAACG,conv,1.0,0.0,0.0,0.0,-1.0,-1.0,0.4070403,0.9667773,0.7096771,0.45173612,0.43678805,0.49314016,0.4070403,0.46313092,0.5983909,0.7955921,0.8117476,0.79174316,0.72562045,0.9667773,0.8632612,0.8218787,0.81729263,0.8732121,0.74368346,0.5653139,0.8803761,0.63149965,0.7187903,0.77203995,0.9338837,0.5913655,0.89615434,0.69147027
GGGTAAGGGCGCACCAGT,conv,1.0,0.0,0.0,0.0,-1.0,-1.0,0.21018898,0.8027303,0.49663308,0.39166796,0.26536393,0.21018898,0.29864332,0.34594327,0.5439528,0.56537163,0.45435813,0.5189616,0.541877,0.8027303,0.7503796,0.4679554,0.49749434,0.5111393,0.7291662,0.33112514,0.35930142,0.6826431,0.27324766,0.7599429,0.4672105,0.4796035,0.4809364,0.6866219
ATGAACGTACCGACAATG,conv,1.0,0.0,0.0,0.0,-1.0,-1.0,0.26640126,0.941426,0.68204856,0.538965,0.6337233,0.6502573,0.5554604,0.55970395,0.6668516,0.72619694,0.7712198,0.5753157,0.7141779,0.8872954,0.55661887,0.7861165,0.6928914,0.70936805,0.57348794,0.6412704,0.26640126,0.5401962,0.651176,0.7925715,0.9291727,0.86876374,0.8225853,0.941426
GGGGTACGGCGACGTCCT,conv,1.0,0.0,0.0,0.0,-1.0,-1.0,0.08117299,0.7193381,0.4025169,0.26458147,0.12045502,0.08117299,0.18550305,0.22387724,0.46977732,0.49832964,0.32132015,0.5377485,0.47309616,0.38523903,0.60225207,0.1594512,0.3069003,0.31855667,0.66728055,0.38192007,0.55818707,0.16942097,0.58052826,0.6327112,0.34850627,0.7193381,0.39613527,0.66063344
AGGATCTAAGGTCGTGTA,conv,1.0,0.0,0.0,0.0,-1.0,-1.0,0.11687158,0.8657472,0.4084282,0.33662567,0.15945888,0.16110711,0.29560676,0.25838944,0.3702088,0.33536395,0.17353976,0.19319378,0.36758643,0.15208569,0.36360115,0.11687158,0.25476953,0.1401223,0.49791643,0.4682396,0.35939762,0.68442136,0.76657444,0.6542798,0.8657472,0.84452087,0.7523024,0.63877314
ACGGGACCGAAGATCAAG,conv,1.0,0.0,0.0,0.0,-1.0,-1.0,0.40670055,0.9662986,0.7325973,0.57972026,0.6729979,0.67637366,0.56346554,0.62890446,0.59740764,0.7411873,0.76843023,0.8131953,0.76963484,0.9662986,0.8091904,0.83527213,0.8328125,0.7921031,0.81848615,0.5823561,0.40670055,0.892023,0.86795354,0.77452785,0.832907,0.8358347,0.53043,0.7267199
AAGTAGGGACAGAAAACG,conv,1.0,0.0,0.0,0.0,-1.0,-1.0,0.54753625,0.989394,0.78339106,0.6944374,0.7778108,0.74597126,0.6667575,0.7253251,0.6673652,0.81167597,0.6161256,0.7658556,0.7677796,0.989394,0.73492545,0.9147634,0.9064007,0.7340648,0.54753625,0.77420133,0.7540683,0.78850466,0.71539,0.89719856,0.95505077,0.8114461,0.8902541,0.93247265
AGCATCGAAACACGTTTT,conv,1.0,0.0,0.0,0.0,-1.0,-1.0,0.44789615,0.9581922,0.7178451,0.5145547,0.6174373,0.642257,0.52788436,0.5365227,0.6575564,0.71864194,0.7435168,0.78054327,0.7997692,0.9581922,0.8374174,0.8790675,0.90973014,0.8244945,0.57718235,0.52792454,0.49773985,0.44789615,0.76942986,0.7543734,0.86137533,0.8627435,0.79804075,0.90183395
GGGGTACGGCGTCACAGT,conv,1.0,0.0,0.0,0.0,-1.0,-1.0,0.09027614,0.77311265,0.38844585,0.2794283,0.12599497,0.09027614,0.1972088,0.23021117,0.44513017,0.49746922,0.35780808,0.3672334,0.4357813,0.3217523,0.5177465,0.15364812,0.27972096,0.34167126,0.77311265,0.42390725,0.472315,0.3299821,0.36952046,0.62476015,0.5029754,0.6389254,0.5112533,0.42331502
AGGAAAGTACCGACAATG,conv,1.0,0.0,0.0,0.0,-1.0,-1.0,0.35254946,0.9817601,0.78125834,0.6556367,0.76019263,0.72750217,0.64664286,0.68968654,0.6931726,0.77938247,0.85014814,0.79773045,0.802187,0.9817601,0.7642715,0.9083501,0.8622264,0.86231244,0.70329094,0.71982163,0.35254946,0.77339816,0.77508926,0.82928425,0.93234956,0.83054334,0.863136,0.9707926
AGGGTAGGACGTACTATG,conv,1.0,0.0,0.0,0.0,-1.0,-1.0,0.21029319,0.84225774,0.5219074,0.41387194,0.21029319,0.22196156,0.33530682,0.323387,0.49462548,0.67423356,0.44267848,0.53275657,0.6109123,0.67879,0.5762055,0.39197835,0.5128144,0.45926923,0.84225774,0.5157171,0.35604876,0.7285774,0.5274539,0.6094329,0.3912692,0.6785443,0.68020135,0.8390976
AGGATCGGACCACGTTTT,conv,1.0,0.0,0.0,0.0,-1.0,-1.0,0.29616037,0.94524693,0.5634009,0.38341615,0.29616037,0.3397722,0.34813374,0.3524984,0.5312141,0.6027009,0.40944663,0.5779145,0.5887996,0.7526322,0.5578937,0.63835394,0.5866191,0.52275085,0.49619117,0.6397619,0.35311994,0.40769634,0.55096704,0.8452894,0.8226904,0.89213586,0.64361817,0.94524693
GGGGTACGGCCCCCTCCT,conv,1.0,0.0,0.0,0.0,-1.0,-1.0,0.123686,0.81434715,0.4396319,0.24416405,0.15452807,0.123686,0.19166814,0.26748934,0.5145354,0.44145626,0.312377,0.3241222,0.38138035,0.6435733,0.64833367,0.39057449,0.28646716,0.5767835,0.6973668,0.44329962,0.41880277,0.40459812,0.41858807,0.81434715,0.41685647,0.74598867,0.3340669,0.79574436
AGGAACTAACGTCCTGTG,conv,1.0,0.0,0.0,0.0,-1.0,-1.0,0.35947323,0.96159977,0.6473336,0.45510545,0.46417385,0.5091699,0.46211746,0.4432808,0.55520046,0.6077564,0.7166339,0.35947323,0.61070234,0.8200223,0.6246508,0.6596922,0.52439934,0.6462548,0.5825305,0.6143484,0.55826753,0.81397325,0.8620448,0.8518695,0.96159977,0.81680834,0.839619,0.82364535
GGGATACGGCCCCCTCCT,conv,1.0,0.0,0.0,0.0,-1.0,-1.0,0.2494283,0.8990779,0.50629395,0.30987385,0.25813723,0.2494283,0.27290773,0.33976063,0.55456007,0.47423476,0.3499216,0.34110278,0.3943319,0.7842646,0.6725566,0.5471985,0.32994694,0.652684,0.68317175,0.41079816,0.32742012,0.5310042,0.46842304,0.84445393,0.75027746,0.7619538,0.44986057,0.8990779
AGGGAAGGACGCACTATG,conv,1.0,0.0,0.0,0.0,-1.0,-1.0,0.27713597,0.9804386,0.65810484,0.566928,0.5616766,0.5964921,0.52336806,0.58117557,0.5851554,0.7598278,0.6687337,0.75548273,0.75890213,0.9804386,0.8300945,0.87594205,0.801466,0.7842086,0.74335164,0.5138179,0.28573796,0.7813973,0.49508443,0.7182709,0.27713597,0.64808416,0.528132,0.83171815
TTGAACGTAACGACAATG,conv,1.0,0.0,0.0,0.0,-1.0,-1.0,0.43993792,0.94838065,0.73812646,0.5032974,0.5035028,0.5695563,0.51104325,0.47240648,0.7040288,0.7870673,0.8439185,0.79255825,0.82344276,0.94838065,0.83152705,0.8551276,0.889677,0.8789016,0.71967554,0.6321343,0.43993792,0.65449196,0.6420316,0.80120385,0.9390573,0.87620443,0.90598035,0.9280071
GGCGGACAGACCCTAACG,conv,1.0,0.0,0.0,0.0,-1.0,-1.0,0.4522565,0.98138106,0.72500414,0.4822135,0.5573727,0.5850852,0.4522565,0.53149235,0.66271436,0.8281134,0.8095216,0.83213943,0.78239024,0.98138106,0.90476245,0.90268934,0.8819787,0.8918125,0.66431516,0.51258326,0.7962861,0.6339662,0.616416,0.7930214,0.8821693,0.5836128,0.84436053,0.7124479
AGGAAAGAACGTACTTTG,conv,1.0,0.0,0.0,0.0,-1.0,-1.0,0.42412996,0.98548615,0.75744027,0.62645346,0.66464037,0.6889165,0.61594087,0.6305611,0.64551765,0.7714032,0.8453671,0.7111102,0.81577146,0.98548615,0.8496992,0.8922596,0.86096805,0.84730375,0.7164798,0.5957321,0.42412996,0.8381559,0.8482239,0.707887,0.854786,0.74212956,0.81294084,0.94414335
ACGGGACCGCAGAACAAG,conv,1.0,0.0,0.0,0.0,-1.0,-1.0,0.41693735,0.9612805,0.7558245,0.5839096,0.7221021,0.69473475,0.5737417,0.6591987,0.6413407,0.73169416,0.780584,0.79896724,0.7369702,0.9612805,0.72509146,0.8580491,0.8302253,0.774992,0.7706214,0.7018171,0.41693735,0.79103684,0.90792,0.82106566,0.86848545,0.9088617,0.7374695,0.8985165
AAGTAAGGACAGAACAGG,conv,1.0,0.0,0.0,0.0,-1.0,-1.0,0.52575994,0.99035746,0.78099656,0.70183015,0.8154193,0.75710326,0.68960106,0.7438651,0.6937213,0.8320135,0.7792609,0.790071,0.8110446,0.99035746,0.8092966,0.9241755,0.9051056,0.8031539,0.6336668,0.8065245,0.52575994,0.7919049,0.5986955,0.83957714,0.8864356,0.7579243,0.7182915,0.92011255
GGGGTATGGCGTCCCAGG,conv,1.0,0.0,0.0,0.0,-1.0,-1.0,0.042459723,0.7040232,0.27698857,0.20780627,0.0723729,0.042459723,0.14308746,0.17038074,0.27179652,0.24489439,0.10745563,0.16658846,0.26322576,0.102602616,0.4068629,0.045328967,0.117489554,0.16941223,0.7040232,0.31385309,0.41324824,0.38734898,0.2864258,0.6866049,0.34132496,0.56333745,0.277818,0.41896656
GGGATACGGTCCCCTCCT,conv,1.0,0.0,0.0,0.0,-1.0,-1.0,0.16171834,0.7997794,0.42552108,0.2761203,0.1640534,0.16171834,0.23417017,0.2804015,0.47584602,0.4041858,0.3283192,0.27808028,0.32629946,0.4477527,0.46354377,0.19443007,0.18017375,0.5080363,0.6928664,0.35197142,0.27612516,0.6421593,0.44620317,0.7997794,0.73878163,0.70707345,0.48558706,0.7743492
GGGATTCGGTCACGTCCT,conv,1.0,0.0,0.0,0.0,-1.0,-1.0,0.06548457,0.93559027,0.39334098,0.21621831,0.08113951,0.06946449,0.16849877,0.19637296,0.37440488,0.3017579,0.15074311,0.23708194,0.35674313,0.13180037,0.289774,0.06548457,0.15980369,0.25579894,0.53677183,0.41422975,0.5322357,0.5299705,0.7488218,0.7864403,0.93559027,0.84268135,0.7022646,0.74943185
AGGATCGGAACACGTTTT,conv,1.0,0.0,0.0,0.0,-1.0,-1.0,0.3785193,0.9257808,0.6420212,0.45868713,0.3785193,0.44882047,0.42617124,0.42003608,0.5903336,0.67786366,0.5538953,0.7633429,0.72491753,0.9257808,0.7617208,0.7901748,0.8030731,0.7152714,0.5470101,0.5423533,0.39256868,0.4198153,0.5636394,0.82536995,0.8224827,0.88611454,0.69848377,0.91408515
AGGATCTAAAGTCGTTTT,conv,1.0,0.0,0.0,0.0,-1.0,-1.0,0.21187721,0.8664992,0.5400262,0.38369608,0.21187721,0.2807531,0.3658171,0.30125394,0.46911487,0.4709112,0.36678964,0.4181446,0.6075954,0.59400916,0.60851,0.43715474,0.54505324,0.5233244,0.6628317,0.42944315,0.5407849,0.63035405,0.7804857,0.6865712,0.8664992,0.8495835,0.78656524,0.6835306
GGGGTACAGACCCCAAGT,conv,1.0,0.0,0.0,0.0,-1.0,-1.0,0.34740135,0.9808832,0.69299245,0.46575096,0.47881284,0.51620144,0.41668153,0.47182873,0.7096122,0.78744364,0.7496679,0.80137926,0.79824764,0.9808832,0.93290937,0.94013876,0.8906706,0.9161895,0.74868685,0.34740135,0.4126637,0.70208263,0.54018134,0.81397057,0.7510723,0.7358984,0.80315876,0.6132793
GGGGTACGGCCCCCTACT,conv,1.0,0.0,0.0,0.0,-1.0,-1.0,0.14348195,0.87797165,0.4868979,0.2665889,0.17295827,0.14348195,0.21048814,0.27736497,0.5329102,0.52465636,0.36787337,0.37646675,0.44525436,0.70861554,0.691454,0.4792499,0.37482935,0.6320618,0.7836822,0.45083514,0.4468885,0.49585402,0.42045134,0.87797165,0.48750874,0.78995925,0.4103257,0.80471575
GGGGTAGGGCGCACCAGT,conv,1.0,0.0,0.0,0.0,-1.0,-1.0,0.08867707,0.7337895,0.37802115,0.30436373,0.14974159,0.08867707,0.2040951,0.24869916,0.46386397,0.49063247,0.26731458,0.45712683,0.48666507,0.5273821,0.65671635,0.24856983,0.3935298,0.32604933,0.7337895,0.33896497,0.2984202,0.48213896,0.19624537,0.6279977,0.09294164,0.4555785,0.34421057,0.56681466
GGGGTATAGCGTCCTAGG,conv,1.0,0.0,0.0,0.0,-1.0,-1.0,0.07073622,0.7712135,0.41340715,0.2576596,0.08740574,0.07073622,0.18869182,0.19606309,0.3968928,0.34815785,0.24096791,0.30054563,0.34333676,0.3094714,0.6138381,0.15228546,0.2749823,0.51780826,0.73987967,0.37994644,0.4859324,0.604651,0.60804456,0.7712135,0.57861,0.7083353,0.6256243,0.53409725
ATGAGCGTAACGACAGTG,conv,1.0,0.0,0.0,0.0,-1.0,-1.0,0.42161855,0.8952976,0.65731275,0.4961845,0.47228426,0.5245779,0.47915864,0.47433317,0.61517614,0.66274476,0.5030149,0.65683407,0.70479184,0.8610748,0.5832665,0.7388746,0.7279088,0.69946104,0.52804196,0.5593524,0.42161855,0.68162376,0.75594777,0.76235867,0.8927589,0.8859969,0.8501385,0.8952976
GGGGTACGGCGTCGTCCT,conv,1.0,0.0,0.0,0.0,-1.0,-1.0,0.040602732,0.7507869,0.31905076,0.19311465,0.07029088,0.040602732,0.13056992,0.16891049,0.33967784,0.2851835,0.18461575,0.27910084,0.26944688,0.0831496,0.32141325,0.04418995,0.11869981,0.10123187,0.7507869,0.43408608,0.5604279,0.23029445,0.6080734,0.5888483,0.4514198,0.71825683,0.3990135,0.604864
GGCATTCGATCATGTCTT,conv,1.0,0.0,0.0,0.0,-1.0,-1.0,0.081790395,0.8454585,0.3659092,0.2394054,0.095823675,0.12161391,0.20773216,0.2297574,0.34314215,0.2662482,0.081790395,0.23720476,0.353508,0.15311441,0.28535306,0.10383723,0.26630545,0.4127433,0.63501364,0.3439398,0.36525536,0.3012539,0.8454585,0.46039018,0.80491835,0.68634593,0.8246504,0.48292547
GGGGTACGGACCCCTCCT,conv,1.0,0.0,0.0,0.0,-1.0,-1.0,0.17245254,0.87578017,0.517302,0.29934818,0.19785468,0.17245254,0.23841366,0.29160386,0.58518505,0.6464465,0.52116084,0.5966942,0.57097286,0.87578017,0.8050717,0.59126633,0.48685172,0.72875684,0.6962152,0.3212522,0.4382547,0.48885754,0.41271937,0.7799838,0.43560857,0.7163189,0.3363976,0.69908184
GGCATTCGGCCATCTCCT,conv,1.0,0.0,0.0,0.0,-1.0,-1.0,0.106870554,0.768291,0.3745451,0.23626052,0.13155678,0.14762907,0.201739,0.26805544,0.40632737,0.29326305,0.106870554,0.18611374,0.3181883,0.26804066,0.41377768,0.13189527,0.21760547,0.38875067,0.56096804,0.28723583,0.4568922,0.29640335,0.70791787,0.6746469,0.768291,0.62650305,0.55208325,0.7166136
GGGGTACGGCGATGTCTT,conv,1.0,0.0,0.0,0.0,-1.0,-1.0,0.049428195,0.7189206,0.26314655,0.23039792,0.07555821,0.049428195,0.15294978,0.17778185,0.32057226,0.36207676,0.1464403,0.31060877,0.33068013,0.12547204,0.43845168,0.073754355,0.215315,0.17296974,0.7189206,0.3160432,0.28419498,0.12577437,0.56188506,0.34697008,0.09091715,0.42853245,0.29641953,0.22654895
AAGTAAGCGCAGAACAAG,conv,1.0,0.0,0.0,0.0,-1.0,-1.0,0.30890927,0.9745359,0.71307456,0.6719483,0.7995037,0.746268,0.6671829,0.7209353,0.63211536,0.7029201,0.59934837,0.7096883,0.68477255,0.9745359,0.6432989,0.86797583,0.77767146,0.6656228,0.6995428,0.731222,0.30890927,0.82220596,0.70707583,0.72449744,0.8671473,0.761902,0.44412917,0.8964468
AAGTAAGGACAGAACAGT,conv,1.0,0.0,0.0,0.0,-1.0,-1.0,0.50063235,0.989277,0.77520865,0.69953674,0.8113658,0.75572824,0.68751246,0.7393096,0.6937213,0.8320135,0.7792609,0.790071,0.8110446,0.989277,0.80706364,0.9237832,0.90271837,0.7976023,0.6495894,0.76844615,0.50063235,0.79461235,0.56742996,0.8336674,0.86565787,0.7536557,0.74364734,0.88286906
GGGATACGGCCCCCACCT,conv,1.0,0.0,0.0,0.0,-1.0,-1.0,0.33512846,0.8894112,0.5753982,0.36813802,0.37953922,0.37519655,0.33512846,0.40443748,0.6036113,0.5613191,0.4442438,0.44020078,0.49693635,0.8894112,0.7282684,0.7322753,0.45914364,0.7391105,0.7389575,0.38985723,0.38456225,0.52434635,0.5060562,0.8326428,0.82940114,0.70673037,0.62820107,0.8872404
GGGGTACGGCCCCCTAGT,conv,1.0,0.0,0.0,0.0,-1.0,-1.0,0.120503664,0.84394133,0.4508536,0.25668663,0.15553693,0.120503664,0.19964162,0.25836447,0.51988554,0.47997254,0.34351423,0.3464953,0.4089598,0.61244893,0.6666812,0.45480528,0.36686528,0.6063036,0.785164,0.3318596,0.333347,0.49098822,0.4320991,0.84394133,0.40901473,0.736404,0.4085818,0.7032766
GGCGGACAGACCCCAACG,conv,1.0,0.0,0.0,0.0,-1.0,-1.0,0.48709428,0.985939,0.73833,0.5080145,0.6401793,0.62839,0.48709428,0.5826476,0.70712394,0.8344589,0.7917731,0.8409312,0.8006611,0.985939,0.91673124,0.9314557,0.8992144,0.9021146,0.6634528,0.509746,0.7078153,0.5950416,0.6580453,0.78663087,0.8726478,0.68189436,0.7945233,0.73172426
AGGTAAGGGCAGAACAGT,conv,1.0,0.0,0.0,0.0,-1.0,-1.0,0.42362624,0.9623995,0.7224435,0.59346867,0.5711576,0.6019594,0.54439074,0.5848674,0.62255114,0.7378881,0.59081733,0.75825715,0.7298221,0.9623995,0.767656,0.81317085,0.7806246,0.66426224,0.70335865,0.7941704,0.42362624,0.8919354,0.6988127,0.8779812,0.8818642,0.7619773,0.7975204,0.9065476
GGCCGACAGCCCCCACCG,conv,1.0,0.0,0.0,0.0,-1.0,-1.0,0.37322575,0.9309294,0.633937,0.41192013,0.57555,0.5431203,0.39564744,0.51169395,0.66428226,0.66805416,0.5984097,0.6257157,0.5575866,0.9309294,0.767508,0.82478815,0.6986557,0.8114577,0.5821836,0.42955267,0.56625456,0.37322575,0.6781036,0.6585177,0.8552533,0.61209375,0.69934505,0.8085768
GGGGTATGGCGTCACAGT,conv,1.0,0.0,0.0,0.0,-1.0,-1.0,0.054928653,0.72749966,0.30462664,0.24574634,0.0806159,0.054928653,0.1670744,0.18425979,0.31011987,0.32421818,0.14620987,0.2087596,0.3510573,0.14651477,0.40711716,0.06872711,0.18643999,0.21913178,0.72749966,0.36979967,0.47403342,0.30688518,0.2461145,0.66104543,0.35786736,0.6261889,0.3967302,0.34858164
AGGAGAGTACGTACATTG,conv,1.0,0.0,0.0,0.0,-1.0,-1.0,0.3918645,0.8553665,0.61439836,0.51485246,0.3918645,0.46196392,0.4761176,0.4609422,0.5629103,0.724026,0.5374583,0.6050304,0.6596914,0.8289542,0.48679215,0.59078753,0.5482024,0.64754254,0.6423375,0.5509775,0.42459303,0.6650939,0.83509535,0.63765734,0.7616102,0.65261644,0.8374743,0.8553665
AGGTAAGGACAGAATATG,conv,1.0,0.0,0.0,0.0,-1.0,-1.0,0.5745442,0.99045885,0.815893,0.64468926,0.63659954,0.68055546,0.60926723,0.632452,0.67669785,0.8340841,0.7520257,0.85919386,0.8255331,0.99045885,0.89582133,0.93448484,0.9366217,0.88448715,0.79407233,0.83100885,0.5745442,0.90320647,0.8240132,0.9095592,0.9656137,0.8899273,0.93461293,0.977796
AGGAACTAACGTCCTTTG,conv,1.0,0.0,0.0,0.0,-1.0,-1.0,0.40300277,0.9390182,0.64494497,0.44655865,0.43584162,0.49733758,0.45437446,0.4252529,0.56160194,0.6424264,0.7186328,0.40300277,0.63622737,0.8329156,0.64620596,0.6665822,0.52774405,0.6602358,0.53977644,0.60330147,0.58771336,0.74417806,0.86315,0.85023266,0.9390182,0.8248827,0.78851604,0.82791674
GGGGGACCGCAGATCAAG,conv,1.0,0.0,0.0,0.0,-1.0,-1.0,0.33347583,0.94251543,0.70120955,0.43026954,0.36451206,0.33347583,0.34038165,0.42875117,0.5806546,0.7026831,0.65198416,0.80331147,0.6815187,0.94251543,0.8165715,0.7840828,0.78617805,0.82621574,0.8395277,0.6829741,0.61797154,0.80720776,0.8672821,0.83261967,0.8656762,0.84747237,0.77059925,0.9258057
GGGGAACGGCCTCACAGT,conv,1.0,0.0,0.0,0.0,-1.0,-1.0,0.33099318,0.89254516,0.5815953,0.40546435,0.34908336,0.33099318,0.33557498,0.40431494,0.5581223,0.61781967,0.69667566,0.4914956,0.5463813,0.89254516,0.71888196,0.70186883,0.5419083,0.7692127,0.70289683,0.59893805,0.44391865,0.47516346,0.5142247,0.80145663,0.75559044,0.70532376,0.538652,0.6433781
GGGGTACGGACCCCACCG,conv,1.0,0.0,0.0,0.0,-1.0,-1.0,0.27304727,0.94178677,0.59008646,0.35912296,0.31208113,0.27304727,0.2970881,0.3596515,0.63425475,0.7179821,0.6083576,0.68744713,0.6731899,0.94178677,0.8447617,0.75859493,0.63814133,0.81091094,0.5950529,0.35284537,0.54237014,0.50278056,0.5006255,0.76361775,0.63601416,0.6782315,0.51216155,0.7520435
AAGAACGTACAGAAAATG,conv,1.0,0.0,0.0,0.0,-1.0,-1.0,0.4422487,0.9816605,0.780028,0.71158576,0.85927045,0.7839295,0.715143,0.76803744,0.69500583,0.80309176,0.84881294,0.72719306,0.8053564,0.9816605,0.62982494,0.88882214,0.90567714,0.7967143,0.5458003,0.8082283,0.4422487,0.7034918,0.7092534,0.82407045,0.94025046,0.7979106,0.89255875,0.9167627
GGGATTCGGTCCCGTCCT,conv,1.0,0.0,0.0,0.0,-1.0,-1.0,0.044842053,0.875352,0.3430405,0.17739537,0.06815419,0.051813833,0.13779859,0.18228729,0.31582862,0.24326017,0.09599841,0.16658038,0.24334446,0.08464916,0.21629743,0.044842053,0.09378688,0.15469493,0.6034213,0.33223876,0.3602677,0.59290177,0.64971244,0.7987759,0.875352,0.82272923,0.55554026,0.708341
GGGGTATGACGACGTTTT,conv,1.0,0.0,0.0,0.0,-1.0,-1.0,0.07462286,0.8334463,0.44270375,0.27822918,0.08627852,0.07462286,0.19744752,0.19675298,0.42356625,0.5468104,0.29414687,0.58133745,0.62037766,0.5099844,0.70735383,0.2920149,0.5638116,0.58805966,0.61890334,0.30108145,0.5343812,0.13789117,0.57103074,0.6633734,0.23685707,0.8334463,0.48911473,0.7207187
ACGGGACCGAAGATAAAG,conv,1.0,0.0,0.0,0.0,-1.0,-1.0,0.43972343,0.97773325,0.76935554,0.6240926,0.7169734,0.71280026,0.6044116,0.6716864,0.6302958,0.76644814,0.7959795,0.8266242,0.79675543,0.97773325,0.829208,0.87416434,0.8991466,0.8332827,0.80613387,0.58393526,0.43972343,0.8723189,0.8917261,0.8064454,0.89862794,0.82405907,0.7945861,0.75672764
GGGGTACGGACCCCTACT,conv,1.0,0.0,0.0,0.0,-1.0,-1.0,0.20424567,0.9056732,0.5630022,0.33027562,0.22304976,0.20424567,0.26241437,0.30868727,0.602429,0.7137093,0.58007735,0.65416104,0.6376936,0.9056732,0.8344554,0.6766805,0.6035414,0.773732,0.7677546,0.37939385,0.4501229,0.55837053,0.3786932,0.853313,0.50666445,0.7611625,0.40817145,0.70058453
GGGGTACAGACTCTAAGG,conv,1.0,0.0,0.0,0.0,-1.0,-1.0,0.26405382,0.9455219,0.67133665,0.40834364,0.26405382,0.29494137,0.33740166,0.34394845,0.5934523,0.73397595,0.7683371,0.6841134,0.72124,0.9455219,0.88009316,0.81011,0.7954633,0.89188176,0.7245963,0.45730287,0.7059375,0.7922973,0.7187748,0.81326604,0.8970974,0.65212,0.8876224,0.6615224
GGGTAAGGACACAACAGT,conv,1.0,0.0,0.0,0.0,-1.0,-1.0,0.5665699,0.99394304,0.8165604,0.6099437,0.64434326,0.68009,0.5665699,0.61326754,0.74840486,0.86570233,0.87500286,0.8590077,0.8791508,0.99394304,0.950643,0.966513,0.95843023,0.9401411,0.841277,0.7946442,0.60982263,0.8528151,0.6148971,0.92626166,0.93325,0.807421,0.9202257,0.9622422
TTGAGCGTAACGACAATG,conv,1.0,0.0,0.0,0.0,-1.0,-1.0,0.32712126,0.90962124,0.6855264,0.42676312,0.32712126,0.4044107,0.40025267,0.36652473,0.6286347,0.72895426,0.6057409,0.7781316,0.7697968,0.8949001,0.7702524,0.75372255,0.84203386,0.84344786,0.7334263,0.6051566,0.56718653,0.65902096,0.6424983,0.8046252,0.90962124,0.87525696,0.89863497,0.90204567
GCCATTCGGCCATCTCCT,conv,1.0,0.0,0.0,0.0,-1.0,-1.0,0.1042623,0.6927756,0.35434514,0.24943928,0.17015365,0.20580196,0.21497001,0.30564067,0.40125248,0.27966917,0.12896995,0.13907772,0.30626935,0.20320508,0.3439477,0.1042623,0.18830176,0.3007094,0.611546,0.33100647,0.33569464,0.22513744,0.6927756,0.6363672,0.68081325,0.67214566,0.55349874,0.5779736
AGCATCGGAACACGTTTT,conv,1.0,0.0,0.0,0.0,-1.0,-1.0,0.34694654,0.89363176,0.60991263,0.4474134,0.45684668,0.5170783,0.44411382,0.44496694,0.57715315,0.6419119,0.5179149,0.71596503,0.6793899,0.8777388,0.6830074,0.7105496,0.77414256,0.6212311,0.51611215,0.4439272,0.36544713,0.34694654,0.6166393,0.7305283,0.7406628,0.84619546,0.63830084,0.89363176
AGGATCTAACGTCCTTTT,conv,1.0,0.0,0.0,0.0,-1.0,-1.0,0.19646816,0.88226426,0.5286897,0.3277447,0.19646816,0.27000505,0.3143927,0.30175963,0.4653841,0.49873775,0.37940636,0.2762233,0.5139737,0.4948715,0.5196692,0.4039483,0.35874495,0.5160587,0.66017216,0.58445185,0.540083,0.7047075,0.7889399,0.81893694,0.88226426,0.8257485,0.7728977,0.8016525
GGGATACGGCCATGTTTT,conv,1.0,0.0,0.0,0.0,-1.0,-1.0,0.11993294,0.7284256,0.40068585,0.28789726,0.11993294,0.121049985,0.22845548,0.23516104,0.43277398,0.45286083,0.2168066,0.3181012,0.4074386,0.37805077,0.52590483,0.26657617,0.36674112,0.460648,0.62943447,0.34632733,0.2844984,0.25618163,0.7247902,0.6823309,0.4539713,0.7284256,0.39785784,0.69492984
GGGGTAGGACGTACCATG,conv,1.0,0.0,0.0,0.0,-1.0,-1.0,0.13890804,0.8614099,0.5467338,0.36183438,0.16459881,0.13890804,0.2592857,0.2739609,0.5288724,0.6861424,0.50984687,0.6285591,0.6496231,0.80462945,0.7647952,0.4529319,0.64879596,0.69877636,0.8614099,0.5250104,0.48553768,0.6133785,0.3789506,0.5615412,0.4555127,0.6759044,0.7183613,0.82117724
GGGTAACAGACTCACAGT,conv,1.0,0.0,0.0,0.0,-1.0,-1.0,0.49928257,0.98133504,0.7491101,0.5236979,0.53682554,0.60128486,0.49928257,0.5148148,0.7078174,0.8192944,0.87074655,0.7592803,0.79285634,0.98133504,0.92141235,0.9303991,0.8924443,0.9174757,0.77824336,0.506099,0.592943,0.7873212,0.6991827,0.82683986,0.960984,0.77318734,0.8488791,0.68510807
GGGGGACGGCACATCAGT,conv,1.0,0.0,0.0,0.0,-1.0,-1.0,0.2415604,0.92849654,0.61988604,0.39713526,0.2884686,0.2415604,0.29408634,0.37467834,0.5955257,0.7511585,0.6843882,0.75010693,0.7041315,0.92849654,0.8256193,0.7512067,0.73480403,0.8041427,0.7684882,0.5102284,0.53048503,0.63365746,0.56997865,0.8680031,0.5581223,0.5310594,0.67309606,0.7285231
GGGTAACAGAACCACAGT,conv,1.0,0.0,0.0,0.0,-1.0,-1.0,0.5294792,0.994592,0.7928233,0.616978,0.7165473,0.7106866,0.5981389,0.6395436,0.75748044,0.86492515,0.8852904,0.822397,0.8858779,0.994592,0.96205515,0.9714902,0.9566205,0.94827247,0.75409293,0.58452296,0.5294792,0.8401696,0.7761586,0.84454066,0.9480212,0.7547362,0.7789797,0.6789897
ACGTGAGCGCAGAACAAG,conv,1.0,0.0,0.0,0.0,-1.0,-1.0,0.33845878,0.92999005,0.6965046,0.5442414,0.6195368,0.6409002,0.527478,0.58356684,0.51665646,0.5931993,0.33845878,0.68328387,0.6629766,0.92999005,0.6742995,0.77005076,0.7681196,0.6444678,0.7579916,0.71844155,0.4009653,0.8891804,0.8241909,0.84579504,0.9098606,0.8855027,0.7710057,0.91245365
GGGATTCGACCATGTTTT,conv,1.0,0.0,0.0,0.0,-1.0,-1.0,0.09461047,0.8662175,0.47612217,0.2549317,0.09461047,0.109394625,0.2088011,0.21841262,0.4166436,0.4412751,0.17565508,0.39884356,0.5268982,0.4213025,0.5905629,0.34128213,0.51993847,0.633604,0.60962516,0.36520797,0.43554628,0.31205332,0.79042244,0.7503066,0.8422247,0.8662175,0.7822771,0.7970171
GGCCGACAGACCCTACCG,conv,1.0,0.0,0.0,0.0,-1.0,-1.0,0.31863016,0.960129,0.6673742,0.4413317,0.5779699,0.57810104,0.43352294,0.51987255,0.6720231,0.79146445,0.79814756,0.7791962,0.71410215,0.960129,0.85013866,0.845269,0.8194952,0.8563953,0.46404248,0.31863016,0.68119425,0.47423124,0.65191805,0.6168732,0.8686119,0.46465734,0.79036766,0.7166696
AGGAGCGAAACTCCAGTG,conv,1.0,0.0,0.0,0.0,-1.0,-1.0,0.5561203,0.984772,0.78486276,0.5729088,0.6447325,0.6605336,0.5561203,0.6030844,0.6216865,0.706593,0.75811434,0.76896244,0.768929,0.984772,0.85959023,0.92888933,0.89984936,0.8843586,0.71121365,0.8000632,0.65996397,0.87029546,0.8514134,0.8707694,0.95742494,0.8675437,0.9234008,0.890358
GGGTAAGGGAACCACAGT,conv,1.0,0.0,0.0,0.0,-1.0,-1.0,0.47643867,0.9886573,0.7038173,0.5450353,0.49516454,0.5289398,0.47707376,0.5194083,0.6838961,0.8191608,0.79181826,0.76873374,0.82600534,0.9886573,0.9364335,0.92307484,0.91025186,0.9049588,0.658845,0.47643867,0.53574145,0.7789706,0.47851342,0.8552488,0.82744706,0.6807524,0.5492039,0.6356601
AGGATCTAACGTCGTGTG,conv,1.0,0.0,0.0,0.0,-1.0,-1.0,0.1868217,0.93718165,0.48929211,0.32210654,0.1868217,0.20453012,0.29820758,0.2740158,0.42318177,0.41607144,0.3323871,0.2563614,0.46326783,0.23922992,0.37060246,0.24938124,0.3005349,0.30351222,0.60738134,0.54571635,0.60265905,0.74319154,0.8558955,0.7785444,0.93718165,0.87136525,0.80571,0.84444606
AGGATTCGACCATGTTTT,conv,1.0,0.0,0.0,0.0,-1.0,-1.0,0.13875832,0.8437738,0.44928125,0.3117062,0.15618245,0.20433274,0.28603503,0.26993507,0.41214395,0.4412459,0.13875832,0.360895,0.5048925,0.3417154,0.4159343,0.35944778,0.38417143,0.4180985,0.5343879,0.38371995,0.3537527,0.3760786,0.7963986,0.71476275,0.79218733,0.8437738,0.664904,0.766571
GGGGTACGGACCCCACCT,conv,1.0,0.0,0.0,0.0,-1.0,-1.0,0.27678415,0.9389678,0.5818537,0.35875142,0.30409762,0.27678415,0.2960364,0.35694185,0.63425475,0.7179821,0.6083576,0.68744713,0.6731899,0.9389678,0.84273815,0.76623803,0.63511115,0.8050125,0.6888057,0.32659614,0.5288589,0.47574297,0.42116925,0.7627392,0.581522,0.652709,0.53367275,0.6726148
GGCCTACGGCCCCCGCCG,conv,1.0,0.0,0.0,0.0,-1.0,-1.0,0.20388855,0.83491224,0.3894317,0.27216938,0.2831453,0.2514273,0.23511107,0.3544157,0.53483236,0.41547,0.31710047,0.27339166,0.31834304,0.47793853,0.45234653,0.27664176,0.25111368,0.45195934,0.5745518,0.3117082,0.40817755,0.20388855,0.34679052,0.6213151,0.5040649,0.5354176,0.22955956,0.83491224
GGGGTACGGCCTCGTCCT,conv,1.0,0.0,0.0,0.0,-1.0,-1.0,0.06064767,0.8056836,0.37737435,0.20368874,0.08639233,0.06064767,0.14811935,0.1959121,0.3949682,0.3139759,0.25842738,0.23186767,0.28896037,0.19862004,0.39209017,0.101045206,0.16563521,0.27357033,0.72734094,0.541541,0.5450114,0.32169503,0.58398545,0.7584136,0.60950035,0.8056836,0.43606895,0.79119676
GGGTAAGGGCACCACAGT,conv,1.0,0.0,0.0,0.0,-1.0,-1.0,0.39142066,0.9676229,0.6831256,0.46545213,0.40507436,0.39912426,0.39142066,0.44195297,0.65575963,0.7542145,0.7131681,0.6548588,0.7138304,0.9676229,0.8720933,0.84857917,0.7923754,0.84198093,0.7209292,0.64165413,0.54818344,0.78972936,0.5046497,0.9032919,0.84086937,0.7344718,0.67428756,0.8025658
AGGAGCGAAACTACAGTG,conv,1.0,0.0,0.0,0.0,-1.0,-1.0,0.6054592,0.99094135,0.8179242,0.6246747,0.7044603,0.70647687,0.6054592,0.6551114,0.67233324,0.8011797,0.833491,0.82804763,0.8424669,0.99094135,0.8847858,0.9463643,0.9430728,0.9117628,0.78492534,0.8096746,0.65519357,0.8692966,0.8639935,0.83594805,0.9469774,0.8450032,0.94626456,0.9402004
AAGTAGGGACAGAACACG,conv,1.0,0.0,0.0,0.0,-1.0,-1.0,0.5312934,0.9838652,0.75665927,0.6621856,0.73898673,0.7223911,0.63784677,0.6877851,0.6674344,0.82688826,0.63490933,0.7466149,0.7680068,0.9838652,0.70111823,0.88712144,0.84601825,0.6688657,0.5312934,0.8011953,0.6840167,0.82394874,0.6178088,0.86824703,0.93599594,0.8146174,0.7401558,0.91916674
AGGAAATAACGTCCTTTG,conv,1.0,0.0,0.0,0.0,-1.0,-1.0,0.48775214,0.936825,0.6908308,0.5259395,0.5311558,0.58001286,0.5368322,0.50574875,0.6060629,0.6687532,0.7284352,0.57299674,0.677485,0.936825,0.7677006,0.78888756,0.6619261,0.7668922,0.61840975,0.52772343,0.48775214,0.8114727,0.88147724,0.81655455,0.9035776,0.8194855,0.6788547,0.8698074
GGCCTCCGCCCCCCGCCC,conv,1.0,0.0,0.0,0.0,-1.0,-1.0,0.18944834,0.7759081,0.36298457,0.27752003,0.28980365,0.28064632,0.21602403,0.3732201,0.48260528,0.34152958,0.23328975,0.23486196,0.29416978,0.4379958,0.33536208,0.34583208,0.2665711,0.48033634,0.4927944,0.35133383,0.3984634,0.18944834,0.20641002,0.6190906,0.46867183,0.46529177,0.21743385,0.7759081
ACGTGACCGCAGAACAAG,conv,1.0,0.0,0.0,0.0,-1.0,-1.0,0.4147329,0.9372939,0.7410317,0.54364103,0.67910224,0.6664984,0.54696184,0.60002804,0.6051813,0.67764604,0.65074843,0.73980224,0.70400655,0.9317383,0.69093734,0.82578117,0.79109323,0.7250504,0.83072996,0.69590425,0.4147329,0.85926586,0.9083956,0.8652322,0.9372939,0.9107176,0.80363196,0.92167383
AGGTAAGGACACACAATG,conv,1.0,0.0,0.0,0.0,-1.0,-1.0,0.4764644,0.99290985,0.81615186,0.6528303,0.7478721,0.7266627,0.6354841,0.679035,0.7484533,0.8708935,0.86056566,0.852911,0.86931705,0.99290985,0.92387384,0.9592586,0.9464085,0.9155544,0.8080755,0.73172665,0.4764644,0.9223036,0.6349168,0.9109427,0.9209688,0.7717262,0.88398534,0.960657
TGCATCGGAACAGGAGTT,conv,1.0,0.0,0.0,0.0,-1.0,-1.0,0.32455483,0.8483876,0.6041786,0.4044042,0.32455483,0.35575992,0.36661857,0.3648884,0.5540565,0.58940524,0.5023722,0.69744945,0.70162696,0.7621522,0.7161693,0.5927434,0.8483876,0.6362508,0.5849039,0.54891914,0.6573685,0.5585862,0.73367465,0.62315476,0.7134717,0.74381465,0.7937654,0.7299685
GGGATTCGGCCCTCTCCT,conv,1.0,0.0,0.0,0.0,-1.0,-1.0,0.07844959,0.7928076,0.34640944,0.19717674,0.08640113,0.07844959,0.15677649,0.21596421,0.35190654,0.26419163,0.09572516,0.14610939,0.2655058,0.20791122,0.39283097,0.10202167,0.1452722,0.3163807,0.61413366,0.2691762,0.24832238,0.51346487,0.57810295,0.7928076,0.7441175,0.6458238,0.49690497,0.7347599
AGGAACTAAGATCGTGTG,conv,1.0,0.0,0.0,0.0,-1.0,-1.0,0.48372757,0.97252715,0.68885905,0.5147799,0.4852042,0.52853173,0.51127154,0.48372757,0.55497766,0.6296853,0.57574105,0.54698557,0.6605522,0.8923833,0.7058049,0.68690675,0.7004834,0.6802821,0.5493486,0.73118895,0.597016,0.81392443,0.901843,0.82371926,0.97252715,0.89747566,0.89840114,0.8787141
AGCATCGAAACACGTGTT,conv,1.0,0.0,0.0,0.0,-1.0,-1.0,0.52648664,0.9563061,0.73984015,0.52648664,0.6418312,0.6498331,0.53967243,0.5554799,0.655487,0.6914935,0.74195707,0.7537358,0.7839064,0.9563061,0.8312599,0.8846308,0.91197306,0.82027876,0.65807706,0.5489918,0.643535,0.6225714,0.79700166,0.7588917,0.9106129,0.86611885,0.8479204,0.8979507
GGGGTATAGCGTCCTTGT,conv,1.0,0.0,0.0,0.0,-1.0,-1.0,0.050122112,0.7022737,0.34194323,0.21278699,0.06506036,0.050122112,0.15486354,0.17012437,0.34759465,0.278237,0.18039899,0.22137626,0.28913993,0.19924623,0.5445462,0.103885576,0.2136928,0.39237356,0.7022737,0.29584238,0.4781504,0.48701602,0.6847333,0.6333138,0.27391493,0.66185844,0.4923419,0.41568813
GGGGTAGGACGTACTATG,conv,1.0,0.0,0.0,0.0,-1.0,-1.0,0.104668334,0.8775054,0.54606766,0.3409917,0.1205116,0.104668334,0.2369807,0.2405824,0.49702024,0.6736515,0.5142814,0.5708777,0.63053113,0.7136918,0.7218821,0.3688458,0.646695,0.644938,0.8775054,0.50322676,0.5587338,0.65631634,0.55418694,0.6318699,0.4805926,0.7193769,0.7832706,0.86046255
GGGGGACAGAACATCAGT,conv,1.0,0.0,0.0,0.0,-1.0,-1.0,0.46457273,0.99384034,0.7397872,0.56000715,0.5451299,0.59483707,0.4859799,0.5656259,0.69946414,0.8576929,0.8292042,0.8624943,0.87847215,0.99384034,0.95850503,0.9576715,0.9475274,0.94017667,0.821528,0.46457273,0.5685557,0.8212565,0.7080626,0.8063887,0.738809,0.54964966,0.74960244,0.5896274
AGGAGCGTACGTACATTG,conv,1.0,0.0,0.0,0.0,-1.0,-1.0,0.30095753,0.85129446,0.5442184,0.42714927,0.30095753,0.3482719,0.38088998,0.3770745,0.51330835,0.6341021,0.44185108,0.46297136,0.5922235,0.55308837,0.32384154,0.37704796,0.40144753,0.45385996,0.5810935,0.64968836,0.46461833,0.6127556,0.7934957,0.7071274,0.7887353,0.7194043,0.84916407,0.85129446
AGGTAAGGACAGAACAGG,conv,1.0,0.0,0.0,0.0,-1.0,-1.0,0.54862005,0.9923464,0.82199043,0.66684747,0.72403765,0.719742,0.6328496,0.6813321,0.7019452,0.84110016,0.78801197,0.8527455,0.84781927,0.9923464,0.9073474,0.94651634,0.93719035,0.8949788,0.73083276,0.8626581,0.54862005,0.87178713,0.80202585,0.90756786,0.95636845,0.8500847,0.9086575,0.9763515
AGCATCGCAACAGCTGTT,conv,1.0,0.0,0.0,0.0,-1.0,-1.0,0.42995015,0.8531518,0.60489947,0.45466042,0.5497819,0.579872,0.46183002,0.48680934,0.58508927,0.5093801,0.42995015,0.46625054,0.6043959,0.8531518,0.6379417,0.79106647,0.7849556,0.6582079,0.5498486,0.5706415,0.5909565,0.527811,0.67767155,0.57925576,0.7800385,0.65187335,0.6449356,0.6961119
GGGGTACGGCCTTGTCGT,conv,1.0,0.0,0.0,0.0,-1.0,-1.0,0.03553358,0.7197442,0.25170362,0.1732728,0.05912634,0.03553358,0.120452106,0.15630944,0.26814434,0.24875982,0.12298472,0.13844149,0.26491967,0.058473136,0.25410494,0.05089676,0.109872475,0.14545362,0.7197442,0.37277815,0.3015782,0.2613924,0.5616762,0.53319776,0.19267894,0.4778344,0.34470683,0.32025868
AGGAACTAACGTCCATTG,conv,1.0,0.0,0.0,0.0,-1.0,-1.0,0.4896264,0.9569303,0.7039877,0.51484,0.5699282,0.6099515,0.5247824,0.5214664,0.60591286,0.68376195,0.8007859,0.4896264,0.7098933,0.9155895,0.7127441,0.79272133,0.6811944,0.75279677,0.5599737,0.63663423,0.61742973,0.7541477,0.8705063,0.83028316,0.9569303,0.81128365,0.8804,0.7961101
AGGAGCGAACGTACATTG,conv,1.0,0.0,0.0,0.0,-1.0,-1.0,0.51837385,0.96543646,0.7248756,0.5461827,0.5424924,0.6004847,0.51837385,0.5525711,0.5958778,0.7509318,0.6529751,0.7068659,0.7756419,0.96543646,0.751068,0.85338765,0.82749987,0.7972149,0.6506467,0.7357744,0.52303094,0.72836804,0.8547463,0.7392678,0.88237715,0.7695103,0.9025443,0.8986192
AAGTAAGGACAGAAAATG,conv,1.0,0.0,0.0,0.0,-1.0,-1.0,0.58140266,0.9934018,0.8031734,0.7224514,0.8352475,0.7742095,0.7102433,0.76454574,0.6923204,0.82662225,0.7678469,0.8158783,0.8119601,0.9934018,0.83632505,0.9371513,0.9403583,0.8428996,0.6926088,0.77865607,0.58140266,0.80710214,0.6368939,0.8271087,0.92167807,0.78266925,0.8637149,0.9160416
GGGTAAGGGCCCCACAGT,conv,1.0,0.0,0.0,0.0,-1.0,-1.0,0.2866537,0.90713024,0.588638,0.39540043,0.32411072,0.2866537,0.32291102,0.37709886,0.60621125,0.6411714,0.57195055,0.5079663,0.5631523,0.90713024,0.7760083,0.7281314,0.5926211,0.72773504,0.65936625,0.5345754,0.45393422,0.7165462,0.3055352,0.87802714,0.7985736,0.7416825,0.5291842,0.77027166
AGGAAAGAACGTACATTG,conv,1.0,0.0,0.0,0.0,-1.0,-1.0,0.419108,0.99234384,0.79285693,0.6751738,0.76345503,0.7336774,0.6601149,0.70184624,0.6908437,0.8071934,0.8795796,0.7886712,0.8544566,0.99234384,0.8866296,0.93069655,0.9173206,0.892829,0.721034,0.62864655,0.419108,0.8393277,0.8624478,0.7029025,0.9140143,0.7289849,0.89705634,0.93306726
AGGTAAGGACGCACTATG,conv,1.0,0.0,0.0,0.0,-1.0,-1.0,0.3554231,0.9620212,0.66658455,0.526624,0.48880097,0.54466987,0.49774918,0.5090212,0.6082037,0.74521947,0.66009307,0.6683625,0.7161276,0.9620212,0.80079794,0.8306971,0.7552299,0.72972775,0.7706361,0.4827741,0.3554231,0.8347024,0.48642132,0.78503215,0.66286904,0.68109494,0.6667163,0.8955986
GGGATACGACCACGTTTT,conv,1.0,0.0,0.0,0.0,-1.0,-1.0,0.27485165,0.953019,0.66347915,0.39592096,0.30680048,0.36757696,0.35282773,0.35641032,0.6414588,0.7006808,0.70456976,0.7191615,0.70940775,0.93477625,0.838288,0.8565039,0.819046,0.85404843,0.66105825,0.5288616,0.50109035,0.27485165,0.76884204,0.79794466,0.8663955,0.9055216,0.771916,0.953019
AGGGTATAACGTCCTTTT,conv,1.0,0.0,0.0,0.0,-1.0,-1.0,0.14996476,0.80979466,0.5237709,0.33751267,0.14996476,0.20279957,0.29807344,0.26974598,0.5078835,0.5498479,0.41407898,0.39935926,0.56625897,0.6424603,0.65228754,0.47670025,0.417506,0.646569,0.7827815,0.47067663,0.5450528,0.65755856,0.80979466,0.75124854,0.491627,0.8045672,0.582488,0.6674311
AGGAACTAAAGTCCTGTG,conv,1.0,0.0,0.0,0.0,-1.0,-1.0,0.494428,0.9562651,0.69878215,0.52785546,0.55000365,0.5857289,0.5340222,0.51679647,0.5851555,0.62191045,0.7325202,0.494428,0.70822334,0.9386492,0.79734707,0.79157424,0.7516565,0.7753976,0.63265157,0.5493596,0.60020936,0.81215024,0.8437831,0.7977775,0.9562651,0.801654,0.8590062,0.70542914
GGCGTACAGCCCCCACCG,conv,1.0,0.0,0.0,0.0,-1.0,-1.0,0.35304067,0.92164123,0.6224811,0.37364843,0.45784715,0.46426225,0.35304067,0.44013956,0.6389029,0.6199365,0.4786018,0.48783442,0.57326645,0.92164123,0.80646145,0.8293293,0.65299654,0.82776177,0.6846151,0.53684485,0.6066017,0.52248675,0.6189502,0.69511217,0.7935331,0.6670073,0.6745664,0.83663934
AGCATCGAAAATCGTGTA,conv,1.0,0.0,0.0,0.0,-1.0,-1.0,0.43632776,0.9357786,0.6918607,0.520052,0.574644,0.60773194,0.5336903,0.52562314,0.54691476,0.53548557,0.4776909,0.6267709,0.6515841,0.9357786,0.79148036,0.81399345,0.8796748,0.766988,0.7287666,0.61398286,0.43632776,0.7314854,0.8088893,0.7088019,0.9269842,0.87171394,0.8054748,0.8759869
GGGTAACAGACTCAAAGT,conv,1.0,0.0,0.0,0.0,-1.0,-1.0,0.52554363,0.98710144,0.77720743,0.56937146,0.58991367,0.64954805,0.54379344,0.5627453,0.71274513,0.80757767,0.88316905,0.82666576,0.825681,0.98710144,0.93032837,0.9448999,0.9295443,0.92993677,0.7694717,0.52554363,0.6048308,0.81266296,0.7721314,0.8524911,0.9719987,0.7613045,0.9407761,0.7259524
GGGGGACAGCACATCATG,conv,1.0,0.0,0.0,0.0,-1.0,-1.0,0.40308392,0.98537433,0.7329583,0.48036012,0.44615462,0.47453934,0.40308392,0.482716,0.6735299,0.816905,0.7754168,0.82956403,0.7981067,0.98537433,0.92613465,0.9290891,0.901534,0.91085416,0.8202442,0.76340425,0.54228735,0.8322492,0.7008758,0.8322399,0.78091854,0.6394388,0.79047453,0.78846097
GGGTTAGGGCGCAACAGT,conv,1.0,0.0,0.0,0.0,-1.0,-1.0,0.10705709,0.77737415,0.44323647,0.3206453,0.14449166,0.10705709,0.2259587,0.24219279,0.47127244,0.47112057,0.25281557,0.4904534,0.5383623,0.5542541,0.64144975,0.27975032,0.5074766,0.37170738,0.77737415,0.4012128,0.4492749,0.6382713,0.22679877,0.7181939,0.372516,0.5557399,0.60457915,0.7179426
AGGATCTAAGATCGTGTA,conv,1.0,0.0,0.0,0.0,-1.0,-1.0,0.24585038,0.94533926,0.5704512,0.41533175,0.26583597,0.3231574,0.39639923,0.33836266,0.4558501,0.4685398,0.24585038,0.406863,0.54193276,0.6062345,0.6016012,0.43160355,0.5768255,0.536746,0.61396754,0.6309983,0.3919564,0.77975565,0.8720422,0.7936571,0.94533926,0.90834993,0.84847033,0.86560863
AGGATCTACGATCGTGAA,conv,1.0,0.0,0.0,0.0,-1.0,-1.0,0.2639902,0.9181841,0.5196004,0.38191056,0.2639902,0.31103536,0.36480245,0.3290208,0.46238545,0.45660523,0.2915409,0.4549703,0.45527455,0.34259653,0.3733165,0.28158033,0.32775438,0.34882435,0.65145767,0.62033504,0.4566047,0.75922084,0.8284068,0.76546985,0.90471435,0.89990497,0.74010444,0.9181841
AAGAACGTAAAGAAAATG,conv,1.0,0.0,0.0,0.0,-1.0,-1.0,0.4417592,0.9930744,0.7891239,0.7446046,0.8855029,0.8081534,0.74497396,0.8041252,0.691532,0.7919209,0.8313006,0.76861864,0.8290031,0.9930744,0.80372775,0.92448705,0.9552317,0.8727797,0.548323,0.74794424,0.4417592,0.7143475,0.6714021,0.7467619,0.9343756,0.769192,0.87841725,0.82653755
AGGAAAGGACACACAATG,conv,1.0,0.0,0.0,0.0,-1.0,-1.0,0.33740443,0.997015,0.8318939,0.7166874,0.8544912,0.7798882,0.7085166,0.77799904,0.75609404,0.8746312,0.90159154,0.8687872,0.89810014,0.997015,0.93193007,0.968117,0.96007067,0.9274261,0.7922078,0.737751,0.33740443,0.8866257,0.679094,0.90030366,0.9171017,0.775973,0.87805986,0.9714821
GGGGGACAGAACCAAAGT,conv,1.0,0.0,0.0,0.0,-1.0,-1.0,0.48321772,0.99678624,0.7677942,0.62300324,0.68324804,0.6999411,0.56078637,0.6573733,0.73883986,0.8599809,0.8555495,0.8716034,0.9006527,0.99678624,0.96457666,0.9752039,0.96768594,0.9516736,0.70602083,0.48321772,0.50234693,0.6766047,0.7497507,0.8080432,0.85617304,0.69580096,0.87390584,0.53608525
GGGGTATAACGTCCTATG,conv,1.0,0.0,0.0,0.0,-1.0,-1.0,0.13335551,0.8477548,0.6014927,0.32868028,0.13335551,0.15286736,0.26136857,0.24872997,0.5408213,0.6116192,0.5780546,0.5078374,0.63017315,0.82007575,0.82870257,0.58069605,0.6473217,0.8477548,0.81659013,0.5003935,0.6463515,0.69633,0.7625629,0.7659518,0.79537237,0.8194484,0.7903378,0.72592264
GGGTTAGGGCGCACCAGT,conv,1.0,0.0,0.0,0.0,-1.0,-1.0,0.081642054,0.7755359,0.3717797,0.27366737,0.12030999,0.081642054,0.19379812,0.21953091,0.44553375,0.41810444,0.18336602,0.34778354,0.4556852,0.40352988,0.61740386,0.1865719,0.33762848,0.283028,0.7755359,0.2868821,0.38021392,0.63397825,0.20539667,0.6786521,0.24608788,0.44784155,0.40614104,0.66617835
TGCATCGGATCAGGACTT,conv,1.0,0.0,0.0,0.0,-1.0,-1.0,0.13843696,0.7722161,0.38550237,0.3085097,0.18020889,0.20074937,0.27030385,0.277091,0.41950834,0.38580474,0.19674093,0.3857873,0.48256934,0.20254023,0.3046301,0.13843696,0.40276825,0.31549546,0.41539142,0.51590127,0.44778734,0.40486497,0.602932,0.4000958,0.61833686,0.48530778,0.7722161,0.50358033
AGGAACTAAAATCCTGTG,conv,1.0,0.0,0.0,0.0,-1.0,-1.0,0.5890271,0.9802592,0.78562164,0.5890271,0.6826409,0.69384533,0.6002746,0.6019405,0.6414267,0.7017892,0.7917301,0.6211009,0.7627176,0.9799652,0.8873383,0.9168264,0.9122307,0.8988361,0.6703951,0.72550595,0.7032081,0.87389827,0.9059424,0.8746447,0.9802592,0.8733226,0.9007469,0.8509297
AGGAAAGGACGTACTATG,conv,1.0,0.0,0.0,0.0,-1.0,-1.0,0.30616486,0.97125816,0.70808876,0.61235124,0.6104839,0.6509618,0.58764744,0.6098534,0.59117514,0.7619629,0.7741073,0.6953079,0.7452673,0.97125816,0.7481257,0.7979976,0.7498782,0.732182,0.78210485,0.5914805,0.30616486,0.82613224,0.60439193,0.71211684,0.8431204,0.6926149,0.7765889,0.9289463
CCCCTCCGCCCCCCGCCC,conv,1.0,0.0,0.0,0.0,-1.0,-1.0,0.18356225,0.6513846,0.36560988,0.3197879,0.3940708,0.3789677,0.24159423,0.42453876,0.4908707,0.3394543,0.32301164,0.19044176,0.29561567,0.33960572,0.31869313,0.26716664,0.21895462,0.37575495,0.61744696,0.40751314,0.33907393,0.27701703,0.21763936,0.6513846,0.37022278,0.50800115,0.18356225,0.6498584
GGGGTACGGCGTCGTTTT,conv,1.0,0.0,0.0,0.0,-1.0,-1.0,0.028580913,0.74141634,0.2850467,0.17172973,0.05179973,0.028580913,0.111952305,0.1428826,0.31797725,0.2880995,0.16103458,0.26706487,0.26089883,0.051438186,0.27772394,0.038140893,0.12895896,0.07188815,0.74141634,0.40843773,0.46567467,0.20391701,0.65106165,0.5296089,0.25074738,0.7251412,0.29501024,0.4849821
CCCCGCCACCCCCCGCCG,conv,1.0,0.0,0.0,0.0,-1.0,-1.0,0.26003698,0.6813815,0.5000467,0.38219923,0.5582658,0.4840452,0.31395653,0.48135537,0.6050599,0.48780602,0.61704344,0.38480204,0.42378965,0.51962274,0.4584367,0.58700466,0.45835915,0.5584216,0.59180915,0.5403793,0.49879995,0.29663566,0.26003698,0.67820156,0.6563715,0.6062794,0.37110522,0.6813815
GGGGAAGGACGCACCATG,conv,1.0,0.0,0.0,0.0,-1.0,-1.0,0.3335867,0.9867048,0.65721303,0.5151905,0.48650452,0.469709,0.43530375,0.5225787,0.6158826,0.76538604,0.7172438,0.79007286,0.78379005,0.9867048,0.9153786,0.9033521,0.8705218,0.8831379,0.77800053,0.54408085,0.4160119,0.6573593,0.33841714,0.6805187,0.3335867,0.63094527,0.5755076,0.81514233
GGCCTTCGGCCCCCGCCT,conv,1.0,0.0,0.0,0.0,-1.0,-1.0,0.10589951,0.6993574,0.31157687,0.20847784,0.13953032,0.12033752,0.15522446,0.27426,0.40883267,0.2753073,0.10942767,0.16461134,0.2641764,0.21131472,0.3131359,0.10589951,0.16375792,0.2674666,0.48649356,0.30781338,0.35011923,0.1634535,0.37293258,0.66672593,0.68413806,0.57622266,0.300406,0.6993574
GGGGTTCGGCCATGTCCT,conv,1.0,0.0,0.0,0.0,-1.0,-1.0,0.035014015,0.7488299,0.31628254,0.16675082,0.05636591,0.035014015,0.11519884,0.15713125,0.28172055,0.24708967,0.073192984,0.17219818,0.32632026,0.103946224,0.35185632,0.06135815,0.17579766,0.20017874,0.58108,0.35735095,0.4810459,0.2652757,0.66856,0.7187228,0.5695993,0.7488299,0.47581285,0.5166666
TTGAGCGTAACGACAGAG,conv,1.0,0.0,0.0,0.0,-1.0,-1.0,0.3249498,0.9692443,0.6905659,0.4211079,0.3249498,0.37791854,0.3889738,0.36318243,0.6246749,0.7057174,0.56665254,0.7581162,0.75544405,0.84720355,0.73477167,0.7012414,0.8172668,0.8189401,0.7050425,0.5284046,0.70426154,0.7229966,0.79671216,0.85443276,0.9287002,0.92969024,0.9185016,0.9692443
AAGTACGTACAGAAAACG,conv,1.0,0.0,0.0,0.0,-1.0,-1.0,0.5486261,0.96377975,0.7770975,0.65401804,0.77788705,0.7414745,0.65723425,0.6866753,0.68634593,0.7937507,0.788379,0.65847695,0.7587926,0.96377975,0.58674264,0.8646081,0.8467551,0.75045985,0.5486261,0.8559894,0.739599,0.7682033,0.7584339,0.9036449,0.9588496,0.82039267,0.9179879,0.9403329
AGCATCGAAACTCGTGTT,conv,1.0,0.0,0.0,0.0,-1.0,-1.0,0.42640844,0.9079201,0.645049,0.43030298,0.45392665,0.50025636,0.43969777,0.42640844,0.5341992,0.4983326,0.5940322,0.53255856,0.60133666,0.810485,0.6242224,0.70135486,0.712402,0.6175391,0.773419,0.5994309,0.6212228,0.6779354,0.7580991,0.7435975,0.9079201,0.85278773,0.835077,0.8796783
GGCCGACAGCCCCCGCCG,conv,1.0,0.0,0.0,0.0,-1.0,-1.0,0.25285515,0.8788147,0.5565283,0.35807386,0.48959452,0.45102933,0.34095398,0.45665902,0.62675446,0.5848587,0.5037691,0.543693,0.47062397,0.8788147,0.69857585,0.73965365,0.5542152,0.7473933,0.53044283,0.4436685,0.45650837,0.25285515,0.4799748,0.65534157,0.77515465,0.59816384,0.46257135,0.8138636
ATGAGCGTAACGACATTG,conv,1.0,0.0,0.0,0.0,-1.0,-1.0,0.34002623,0.8757445,0.634368,0.48663217,0.44304508,0.51347315,0.47469234,0.45672673,0.6050236,0.6725356,0.5004011,0.6624086,0.7103692,0.8757445,0.6005064,0.73347956,0.726857,0.7103284,0.49205992,0.4783675,0.34002623,0.5263969,0.75499856,0.71271294,0.8367184,0.8724289,0.80525804,0.86800796
GGGTGACGGAACAACAGT,conv,1.0,0.0,0.0,0.0,-1.0,-1.0,0.44320568,0.98645,0.7252911,0.51972014,0.47235444,0.5149881,0.44320568,0.50041825,0.6685892,0.8385441,0.77123046,0.83138365,0.8616727,0.98645,0.9283428,0.9309005,0.93363595,0.90881085,0.83456945,0.496869,0.5514444,0.7531475,0.646232,0.83475065,0.8201331,0.65004104,0.7306899,0.7041521
GGGGGACAGACTCAAAGT,conv,1.0,0.0,0.0,0.0,-1.0,-1.0,0.44573656,0.9876066,0.73328376,0.5236359,0.48516577,0.52547395,0.44573656,0.52205694,0.67457396,0.8119861,0.8413364,0.85058475,0.82896656,0.9876066,0.9235957,0.9340599,0.91955185,0.92079246,0.7280634,0.5315562,0.61186135,0.67232335,0.721427,0.78050834,0.9077474,0.7271117,0.9175789,0.53879243
GGGGTACGGCGTCCTTGT,conv,1.0,0.0,0.0,0.0,-1.0,-1.0,0.038573008,0.72745615,0.28641725,0.18378797,0.06363946,0.038573008,0.12530826,0.16246343,0.33077037,0.28232142,0.1764279,0.20988564,0.26157326,0.09946763,0.38942963,0.056896135,0.14014152,0.14572959,0.72745615,0.33328292,0.41432902,0.31833056,0.5836123,0.55397385,0.22198765,0.5799768,0.3156963,0.44536984
GGCATTCGGTCATGTCTT,conv,1.0,0.0,0.0,0.0,-1.0,-1.0,0.03246131,0.8009905,0.2653682,0.18297124,0.06392662,0.06005609,0.14759894,0.18085603,0.24484242,0.20442657,0.059943315,0.10701656,0.21986932,0.043962594,0.1341423,0.03246131,0.1015361,0.1096513,0.62017787,0.29187605,0.30125788,0.26672778,0.8009905,0.41366047,0.6801681,0.551625,0.5170178,0.297443
GGGGGACAGAACATCATG,conv,1.0,0.0,0.0,0.0,-1.0,-1.0,0.48495185,0.9943817,0.7474976,0.5577972,0.53560966,0.5948171,0.48495185,0.56070465,0.6980025,0.86177003,0.83135444,0.87389004,0.8759318,0.9943817,0.9602296,0.95708567,0.9486273,0.941288,0.8203103,0.6689436,0.5541854,0.8457212,0.6804937,0.7553181,0.7666209,0.58400947,0.70649225,0.62890714
GGGGGACCGAATATAAAG,conv,1.0,0.0,0.0,0.0,-1.0,-1.0,0.44784722,0.983631,0.7615764,0.5330458,0.44784722,0.51824516,0.4538661,0.5144697,0.6495161,0.80650055,0.81299394,0.85958314,0.8072884,0.983631,0.897937,0.90278023,0.92706007,0.9140568,0.84918654,0.652129,0.6351534,0.8743809,0.8687255,0.75937736,0.9348654,0.7137452,0.895633,0.8273917
AGGTAAGGACAGAATAGG,conv,1.0,0.0,0.0,0.0,-1.0,-1.0,0.6094238,0.99066705,0.81680167,0.6492374,0.65464044,0.6860388,0.61134773,0.64309406,0.6758369,0.8225094,0.74185914,0.84497046,0.8271801,0.99066705,0.89481455,0.9360466,0.9354308,0.8856725,0.762706,0.81053925,0.6094238,0.87941927,0.84933984,0.9368977,0.9689627,0.8827852,0.93865275,0.9819727
GGCCTACAGCCCCCGCCG,conv,1.0,0.0,0.0,0.0,-1.0,-1.0,0.31362927,0.85443074,0.52437,0.33594573,0.42732236,0.41608065,0.31362927,0.41833735,0.6125868,0.5276085,0.43347552,0.37173232,0.43392128,0.7907867,0.6766746,0.6677169,0.4878256,0.71499276,0.5802638,0.42355978,0.41706005,0.36112052,0.44703755,0.636137,0.71383905,0.6051002,0.44206432,0.85443074
GGCCTCCGGCCCCCGCCG,conv,1.0,0.0,0.0,0.0,-1.0,-1.0,0.18472442,0.77218354,0.3494925,0.2420728,0.22374463,0.19083934,0.18811853,0.32889095,0.46414137,0.33314803,0.19829163,0.20526822,0.28451234,0.29858455,0.33911029,0.18472442,0.20960456,0.3498242,0.5112654,0.38649374,0.45946518,0.18929635,0.27183744,0.71365637,0.61762065,0.5271811,0.24743567,0.77218354
GCCATCCGCCCCCCGCCC,conv,1.0,0.0,0.0,0.0,-1.0,-1.0,0.20919278,0.79089344,0.4001748,0.32576331,0.41791362,0.4005864,0.2801852,0.4276939,0.50718755,0.3291591,0.26435816,0.20919278,0.2982563,0.4224963,0.34105223,0.37984392,0.25989816,0.45732304,0.56053907,0.3784179,0.30603296,0.29616782,0.25548333,0.68758166,0.53028667,0.60240275,0.27565452,0.79089344
AGGATAGAACGTACTTTG,conv,1.0,0.0,0.0,0.0,-1.0,-1.0,0.41332436,0.9457558,0.6814134,0.5158628,0.41991255,0.501736,0.5050157,0.46155196,0.6008652,0.7266589,0.6459715,0.5866093,0.7350832,0.9457558,0.77901155,0.7980088,0.76653117,0.7808874,0.7247094,0.5491457,0.41332436,0.82179695,0.8281361,0.66450536,0.7543711,0.75558054,0.8101151,0.9441891
AGGATTCGACCACGTTTT,conv,1.0,0.0,0.0,0.0,-1.0,-1.0,0.23354489,0.9144093,0.54978484,0.34457985,0.23354489,0.29427722,0.32066017,0.31509274,0.5404845,0.55274427,0.29368252,0.51196915,0.60646975,0.6141584,0.54198503,0.5970006,0.5275288,0.56209695,0.5056727,0.4629841,0.47491705,0.38962737,0.7872102,0.7999276,0.9144093,0.9074257,0.7325819,0.913589
GGGATTCGGCCCCGTCCT,conv,1.0,0.0,0.0,0.0,-1.0,-1.0,0.08101794,0.88377047,0.38676593,0.20363967,0.10221112,0.08101794,0.16203506,0.2217358,0.39756596,0.28288457,0.10568687,0.21259299,0.30088893,0.21890646,0.39049488,0.12153852,0.1762544,0.27893278,0.5937613,0.36766744,0.37101248,0.46865618,0.65122855,0.8452472,0.88377047,0.85627013,0.51365227,0.8614959
GGGATTCGACCACGTTTT,conv,1.0,0.0,0.0,0.0,-1.0,-1.0,0.13825025,0.9351219,0.5667073,0.2835679,0.13825025,0.15694954,0.23605107,0.25210905,0.5456378,0.5527636,0.3561276,0.5492865,0.62693423,0.6933091,0.7090782,0.57632846,0.6530597,0.73554754,0.5625168,0.4411155,0.5711975,0.30252516,0.8009333,0.82068324,0.9351219,0.9209193,0.821628,0.9260405
ATGAGCGTCGAGAGAGAA,conv,1.0,0.0,0.0,0.0,-1.0,-1.0,0.1139473,0.8725093,0.41313747,0.46038273,0.35971457,0.36231524,0.41009825,0.4213874,0.42054775,0.43125486,0.1139473,0.523127,0.50169563,0.2739588,0.2136296,0.18116932,0.35378823,0.15041725,0.38090485,0.34326532,0.1800391,0.33673874,0.6740522,0.5373795,0.4050773,0.8264017,0.5946353,0.8725093
AGCATCGACGATCGAGAA,conv,1.0,0.0,0.0,0.0,-1.0,-1.0,0.37330452,0.9282231,0.598598,0.48760834,0.5478715,0.57769865,0.4920981,0.5135198,0.5605161,0.5711872,0.37994152,0.7673979,0.56296045,0.7099978,0.4548175,0.47222704,0.5677366,0.3994723,0.57030535,0.6268771,0.37330452,0.62135226,0.7932369,0.587116,0.8041954,0.8088852,0.78640187,0.9282231
AGCATCGCAACACCTGTT,conv,1.0,0.0,0.0,0.0,-1.0,-1.0,0.46125382,0.91300356,0.6838823,0.46125382,0.6040713,0.6139185,0.46583214,0.5117375,0.6458903,0.617508,0.6078634,0.6012291,0.672049,0.91300356,0.74245024,0.84977376,0.83909374,0.7716003,0.66639596,0.5784006,0.5650334,0.662036,0.7462634,0.7134224,0.8827579,0.7554368,0.7382751,0.8717615
GGGGAACAGACTCTAAGG,conv,1.0,0.0,0.0,0.0,-1.0,-1.0,0.45722672,0.98690444,0.7375793,0.53004646,0.5084101,0.57321674,0.48189798,0.52608263,0.6424817,0.7779677,0.8723291,0.799671,0.7840239,0.98690444,0.92136526,0.91647196,0.8824815,0.9215412,0.71536314,0.45722672,0.67365974,0.8108613,0.74146706,0.83461696,0.92979795,0.617073,0.8896019,0.64492285
GGCATTCGGCCCCCGCCG,conv,1.0,0.0,0.0,0.0,-1.0,-1.0,0.10711717,0.86620903,0.36599952,0.23494022,0.18394943,0.1586822,0.19904782,0.2952564,0.44373924,0.27939034,0.10711717,0.1858093,0.29340407,0.2777216,0.38465053,0.15008174,0.18148644,0.33775455,0.48121735,0.25149485,0.39957023,0.3226116,0.46439284,0.7465985,0.83922744,0.6944004,0.37123424,0.86620903
GGGGGACCGAAGATCAAG,conv,1.0,0.0,0.0,0.0,-1.0,-1.0,0.41838267,0.98208433,0.735602,0.5081355,0.4514721,0.45550713,0.41838267,0.5055767,0.61741364,0.77840483,0.75667185,0.85462487,0.80739903,0.98208433,0.90999866,0.8825346,0.90559,0.8908958,0.8467093,0.60501647,0.59048265,0.8290767,0.85135186,0.7579728,0.85465586,0.81556994,0.6639508,0.85057205
GGGGTACGGCGACGTCTT,conv,1.0,0.0,0.0,0.0,-1.0,-1.0,0.07093339,0.70512563,0.3639292,0.25444743,0.10326293,0.07093339,0.17455438,0.20908932,0.45664433,0.48509273,0.32180053,0.5178622,0.45828322,0.32398385,0.57786703,0.1521981,0.31754673,0.28621486,0.70512563,0.36093155,0.39132,0.15211353,0.5953903,0.4633604,0.24749772,0.630849,0.35803103,0.48382965
GGGTAACGGACTCACAGT,conv,1.0,0.0,0.0,0.0,-1.0,-1.0,0.3641958,0.94389176,0.6602003,0.4420814,0.3641958,0.40598565,0.38786903,0.40641493,0.6468642,0.7630033,0.8246512,0.65985256,0.6872379,0.94389176,0.835845,0.78238314,0.721799,0.8398663,0.73500264,0.43682796,0.54871374,0.7007266,0.56566894,0.82667935,0.9318876,0.72578686,0.67905116,0.64272094
TGCATCGGATCAGCACCT,conv,1.0,0.0,0.0,0.0,-1.0,-1.0,0.22478464,0.8633356,0.4848739,0.33133623,0.26116192,0.3038604,0.3076985,0.33221096,0.48134542,0.40043673,0.22478464,0.4058772,0.5231771,0.46446458,0.44834265,0.23364343,0.45333084,0.5391852,0.5055268,0.5295208,0.6292452,0.4533383,0.59443474,0.66880494,0.8633356,0.6035914,0.8300487,0.73314637
GGGTAACGGCCTCACAGT,conv,1.0,0.0,0.0,0.0,-1.0,-1.0,0.2842116,0.9265721,0.586152,0.3690811,0.2842116,0.29191425,0.314161,0.3445531,0.578924,0.5908652,0.6884913,0.37355193,0.49140197,0.8058795,0.6832946,0.6093675,0.47641805,0.7317805,0.74714565,0.569082,0.5284957,0.66266346,0.5490958,0.85317546,0.9265721,0.7471117,0.6745614,0.76200336
TGCATCGGATCAGGACCT,conv,1.0,0.0,0.0,0.0,-1.0,-1.0,0.14559637,0.79141796,0.4197405,0.32088566,0.21409324,0.23297788,0.28608495,0.29854763,0.4261967,0.38488522,0.1974008,0.4145726,0.48821282,0.25466195,0.3276067,0.14559637,0.39496803,0.34764373,0.41011763,0.49692386,0.55482996,0.3732949,0.61716723,0.57004344,0.7195228,0.5558973,0.79141796,0.6699613
GGCATTGGAACATGTCTT,conv,1.0,0.0,0.0,0.0,-1.0,-1.0,0.15223756,0.7829221,0.4780949,0.3293372,0.15223756,0.18419975,0.28028774,0.263705,0.40189782,0.42304564,0.18749548,0.45392928,0.58410436,0.67793953,0.69662887,0.3452842,0.6804479,0.6734163,0.60119826,0.24959773,0.33937383,0.3476899,0.7512001,0.48113123,0.72537446,0.6921152,0.7829221,0.64781505
GGGGTATGACGTCCCATG,conv,1.0,0.0,0.0,0.0,-1.0,-1.0,0.092884816,0.77150303,0.43913254,0.27560145,0.10622071,0.092884816,0.20681708,0.2182643,0.37929234,0.4599462,0.271178,0.38316923,0.48873007,0.5005207,0.67220265,0.22670908,0.35264933,0.61067444,0.77150303,0.42670837,0.5742722,0.43073535,0.397538,0.6854983,0.54752326,0.73803467,0.53005135,0.6315886
GGCATTCGACCATCTCCT,conv,1.0,0.0,0.0,0.0,-1.0,-1.0,0.22265156,0.885562,0.52964944,0.29809117,0.22265156,0.28345138,0.27448443,0.33069232,0.521249,0.46172008,0.28740224,0.4050811,0.52245575,0.6730388,0.66242665,0.46137998,0.50703067,0.7175237,0.60445267,0.31026486,0.551063,0.3395518,0.76829493,0.7221485,0.885562,0.7560452,0.8109646,0.8642101
AAGTAAGGACAGAACACG,conv,1.0,0.0,0.0,0.0,-1.0,-1.0,0.6327835,0.99152815,0.8048599,0.70301425,0.8266998,0.7623845,0.6948445,0.74909,0.6944811,0.8431149,0.8005484,0.80514294,0.82207334,0.99152815,0.821195,0.92302805,0.9044366,0.80965084,0.6327835,0.84004605,0.7118095,0.8439357,0.6350011,0.8731763,0.9138888,0.8299877,0.73890877,0.9507253
GGGGAACAGACTCACAGT,conv,1.0,0.0,0.0,0.0,-1.0,-1.0,0.5248675,0.99001336,0.7402694,0.56277,0.60482776,0.64593303,0.5248675,0.58517647,0.69941807,0.8279664,0.8731851,0.80912024,0.82364917,0.99001336,0.9332012,0.9426881,0.9104856,0.92681307,0.7510025,0.5412493,0.52899146,0.66450953,0.65554947,0.7603851,0.8851351,0.7405268,0.76858485,0.55068517
AGGAAAGGACGTACAATG,conv,1.0,0.0,0.0,0.0,-1.0,-1.0,0.33504492,0.98585445,0.75535274,0.6665439,0.72486454,0.7192965,0.6399593,0.6887867,0.6472246,0.7940724,0.81544375,0.79099774,0.8055682,0.98585445,0.8101211,0.88343716,0.8545954,0.8160786,0.7782873,0.5941339,0.33504492,0.8099,0.60128695,0.738311,0.8962711,0.69030994,0.8732201,0.9242077
AGGGAAGAACGTACTTTG,conv,1.0,0.0,0.0,0.0,-1.0,-1.0,0.50088084,0.98148215,0.71180665,0.56458974,0.50088084,0.5728701,0.5318441,0.53620446,0.6116114,0.76707923,0.7684647,0.72096884,0.7961053,0.98148215,0.8492106,0.88275695,0.8306694,0.8493196,0.7407962,0.59552324,0.529273,0.8501636,0.8259647,0.6537571,0.54197234,0.69853365,0.7240242,0.87109804
CCCATCCGCCCATCGCCT,conv,1.0,0.0,0.0,0.0,-1.0,-1.0,0.19956675,0.6151288,0.3768605,0.32735008,0.42761216,0.42363036,0.289632,0.4266258,0.4853512,0.34898245,0.31450564,0.23712276,0.32942545,0.28462863,0.32535315,0.30476576,0.26439935,0.3992482,0.5880202,0.37128028,0.3428205,0.19956675,0.32882047,0.6151288,0.46063134,0.43862772,0.27893403,0.60905075
GGGTTAGGGCGTCACAGT,conv,1.0,0.0,0.0,0.0,-1.0,-1.0,0.053727426,0.74856955,0.35440406,0.24246001,0.08069161,0.053727426,0.16527618,0.18175723,0.3651716,0.37152418,0.17401591,0.27626607,0.37834787,0.15724343,0.4288488,0.06982419,0.21356404,0.15620473,0.74856955,0.42569724,0.5325945,0.6094094,0.23987281,0.6802768,0.6432653,0.60990334,0.53074557,0.524844
AGGAAAGTACCGACATTG,conv,1.0,0.0,0.0,0.0,-1.0,-1.0,0.32596332,0.97018516,0.74425375,0.612202,0.6806235,0.6901884,0.60809004,0.62984514,0.6665636,0.74376804,0.8310734,0.7484568,0.76693493,0.97018516,0.7033913,0.8848614,0.7972802,0.82181627,0.551854,0.6780194,0.32596332,0.70320994,0.88113767,0.7898727,0.89695007,0.8404624,0.8135543,0.97003907
GGGGTACGGCCTCACAGT,conv,1.0,0.0,0.0,0.0,-1.0,-1.0,0.13323763,0.7695711,0.47334218,0.29005593,0.16343646,0.13323763,0.22013797,0.26431355,0.5025787,0.5298759,0.46568543,0.30787337,0.45723903,0.56060517,0.59260285,0.37446454,0.3763349,0.6072564,0.76248294,0.5504565,0.5109409,0.4041754,0.39817554,0.7695711,0.65124285,0.7398502,0.5485692,0.65238947
GGGATTCGGTCCCCTCCT,conv,1.0,0.0,0.0,0.0,-1.0,-1.0,0.06813794,0.8782721,0.3582811,0.19302183,0.08069909,0.07164672,0.15357567,0.20742522,0.34739912,0.26761636,0.1100528,0.15765378,0.2571306,0.16866481,0.3101375,0.06813794,0.112024315,0.27241102,0.58958024,0.29920205,0.33089715,0.63268155,0.5798677,0.8233651,0.8782721,0.77448183,0.581335,0.6897481
AGGATCTAAAATCGTGTA,conv,1.0,0.0,0.0,0.0,-1.0,-1.0,0.41233966,0.96245694,0.6814314,0.49190724,0.4185796,0.50063884,0.49559596,0.4387428,0.5330424,0.5396466,0.46106333,0.502893,0.6544222,0.9082116,0.7991763,0.8158245,0.84366363,0.81337833,0.7483672,0.5935032,0.41233966,0.8147096,0.874333,0.8162717,0.96245694,0.91049343,0.8448778,0.84164983
AGCATCTAAAATCGTGTA,conv,1.0,0.0,0.0,0.0,-1.0,-1.0,0.42638502,0.94033676,0.6510715,0.47124255,0.4993121,0.54730815,0.49416727,0.4582013,0.5235419,0.49282646,0.42638502,0.4369963,0.6073659,0.83815116,0.7289414,0.72046864,0.8197548,0.7363596,0.677341,0.5242119,0.48155445,0.7576346,0.87514025,0.72170836,0.94033676,0.8772484,0.81221765,0.808372
ATGAAAGGACAGACAATG,conv,1.0,0.0,0.0,0.0,-1.0,-1.0,0.2577012,0.9928174,0.7930287,0.6940939,0.80652463,0.7537741,0.68228793,0.7315554,0.7126867,0.83777213,0.80306727,0.8267277,0.8533642,0.9928174,0.90369457,0.9375225,0.94056976,0.88842016,0.6484545,0.6719343,0.2577012,0.79071146,0.68211436,0.8046682,0.92946297,0.8567908,0.8584905,0.96051073
AGGAAAGGACGGACAATG,conv,1.0,0.0,0.0,0.0,-1.0,-1.0,0.30384007,0.98999923,0.75539327,0.6863544,0.7595441,0.73117214,0.65139455,0.7219645,0.63289326,0.79182726,0.7947844,0.8176112,0.8154609,0.98999923,0.8512836,0.8993993,0.8829122,0.7839301,0.6773374,0.5679164,0.30384007,0.7698205,0.6202324,0.7464058,0.8271787,0.77776545,0.837641,0.9461622
AGGTAAGGACACAACAGG,conv,1.0,0.0,0.0,0.0,-1.0,-1.0,0.48056078,0.9935144,0.8220494,0.663644,0.76564515,0.733173,0.64462775,0.6940516,0.74647516,0.8673069,0.8610387,0.8566068,0.87127477,0.9935144,0.9202216,0.96027344,0.9482402,0.9147695,0.748135,0.8284589,0.48056078,0.8810287,0.70376635,0.92346656,0.9229484,0.7829062,0.8707302,0.9683687
AGGAACGAAAATCCAGAG,conv,1.0,0.0,0.0,0.0,-1.0,-1.0,0.69217175,0.9963827,0.86052686,0.70103884,0.8429767,0.7712436,0.6970119,0.75689757,0.71780306,0.7938585,0.87473977,0.8445257,0.86095154,0.9963827,0.935071,0.96462995,0.9636427,0.93680584,0.71519524,0.8512262,0.69217175,0.9227675,0.93554497,0.9145295,0.9871077,0.91597897,0.9553699,0.9656989
AGGAACTAAGATCGTGAA,conv,1.0,0.0,0.0,0.0,-1.0,-1.0,0.57040215,0.9786347,0.7462916,0.57791036,0.5970868,0.62724704,0.57649094,0.57040215,0.5756729,0.65951556,0.60430866,0.6239722,0.69665927,0.9423125,0.76639986,0.76909596,0.7883797,0.73158807,0.7207715,0.7350556,0.6178435,0.8650751,0.9606403,0.8762575,0.9786347,0.9368365,0.9173877,0.9417464
AGGATATGACCACGTTTT,conv,1.0,0.0,0.0,0.0,-1.0,-1.0,0.31260943,0.931056,0.5695929,0.4243976,0.31260943,0.38759348,0.4111981,0.36205205,0.5172123,0.5837587,0.35908204,0.49345818,0.60531145,0.8012504,0.6319853,0.71238697,0.6127454,0.6810004,0.52351904,0.48661655,0.36414394,0.39874256,0.657095,0.81686985,0.7207142,0.89149153,0.5535334,0.931056
GGGATACGGCCTCGTCCT,conv,1.0,0.0,0.0,0.0,-1.0,-1.0,0.12477633,0.8988985,0.43397933,0.26185584,0.13994679,0.12477633,0.21508445,0.25209656,0.44063532,0.34686774,0.29648843,0.24805333,0.30105102,0.3217174,0.41884202,0.1692529,0.19146894,0.37143856,0.70659727,0.5566821,0.4408829,0.48206288,0.6252901,0.80155176,0.86296976,0.8192339,0.55573964,0.8988985
GGGGTACGGCCTCCTCCT,conv,1.0,0.0,0.0,0.0,-1.0,-1.0,0.08343947,0.7930131,0.40971816,0.21732138,0.103309415,0.08343947,0.16508195,0.2244466,0.42927492,0.35184762,0.29279092,0.21913597,0.30519602,0.37735212,0.51823103,0.16971631,0.19611344,0.44848484,0.7664117,0.5489029,0.50788975,0.4351853,0.49909228,0.7930131,0.6109869,0.7492207,0.44544673,0.7850616
CCCCGACACCCCCCGCCG,conv,1.0,0.0,0.0,0.0,-1.0,-1.0,0.2664675,0.767779,0.5468654,0.41368365,0.627022,0.55272996,0.36479098,0.5037369,0.62847894,0.5953205,0.7628475,0.522669,0.4797506,0.6786895,0.55363595,0.6721379,0.5636257,0.6432093,0.6418818,0.41509375,0.4416105,0.2664675,0.34063646,0.6094616,0.6610326,0.6106096,0.35473353,0.767779
AGGATATGACGACGTTTT,conv,1.0,0.0,0.0,0.0,-1.0,-1.0,0.24776708,0.842365,0.4966958,0.4173428,0.24776708,0.30001476,0.38642868,0.33408302,0.4670871,0.5802923,0.27423552,0.56615984,0.6131417,0.63495255,0.5845706,0.45587802,0.50435424,0.45947877,0.5142189,0.3746499,0.40983254,0.33826151,0.6312998,0.69976276,0.47079885,0.82777613,0.4826412,0.842365
GGGGGACCGCAGAACAGT,conv,1.0,0.0,0.0,0.0,-1.0,-1.0,0.38556856,0.968793,0.70996076,0.4726734,0.4584164,0.43226895,0.38556856,0.49443015,0.65784055,0.7609137,0.741142,0.81787556,0.76126355,0.968793,0.8401164,0.88739246,0.8792568,0.8649948,0.71712804,0.6415879,0.5079671,0.57343906,0.81896895,0.7602474,0.8027392,0.7946116,0.84874916,0.86063445
GGGGGACAGAACATAATG,conv,1.0,0.0,0.0,0.0,-1.0,-1.0,0.53298676,0.9961391,0.778908,0.6034724,0.5906227,0.6558717,0.53298676,0.6092536,0.723654,0.8790385,0.8592167,0.88680446,0.89862686,0.9961391,0.9636212,0.96636784,0.9644168,0.95072275,0.8265864,0.62226015,0.56889373,0.8673668,0.7376739,0.7892182,0.86443824,0.55698746,0.8915597,0.6669002
GGCCTACAGCCCCCACCG,conv,1.0,0.0,0.0,0.0,-1.0,-1.0,0.36272043,0.8751088,0.6053401,0.38331687,0.5182386,0.50376755,0.36272043,0.46632484,0.65259695,0.6186516,0.53374493,0.45076612,0.52150476,0.8751088,0.75041693,0.77574795,0.63792294,0.7882289,0.63494,0.42993078,0.5147475,0.4826926,0.64040345,0.6419267,0.81512827,0.6194661,0.6677533,0.8474558
GGGATACGGCCTTGTCCT,conv,1.0,0.0,0.0,0.0,-1.0,-1.0,0.08793279,0.74894375,0.35077453,0.23440011,0.098085314,0.08831376,0.18871282,0.21526377,0.32467848,0.2869374,0.1419915,0.14870991,0.28280246,0.1457133,0.30573693,0.08793279,0.13379851,0.24210791,0.74894375,0.48135585,0.32613122,0.47640795,0.6564393,0.7134036,0.6336919,0.61940014,0.46253213,0.72587276
GGGTGAGGGAACAACAGT,conv,1.0,0.0,0.0,0.0,-1.0,-1.0,0.3842671,0.98559695,0.68968856,0.5182723,0.38936332,0.3842671,0.40951002,0.46282914,0.61786616,0.8226229,0.6359413,0.8214183,0.8502699,0.98559695,0.92524713,0.8953692,0.9284196,0.8949689,0.77580965,0.48119232,0.5637199,0.80507994,0.5093497,0.8443341,0.7102883,0.6201358,0.69389445,0.69644475
GCGGGACCGAAGATAAAG,conv,1.0,0.0,0.0,0.0,-1.0,-1.0,0.5050806,0.9809874,0.7620281,0.55604094,0.582314,0.6316242,0.5050806,0.58979136,0.63154674,0.79150575,0.76700985,0.8369045,0.8107516,0.9809874,0.8923295,0.8830357,0.9307868,0.88800514,0.8356195,0.5823993,0.5794936,0.8024878,0.8644736,0.78045297,0.8916063,0.81889564,0.86433405,0.7532241
CCCATCCGCCCATCGCCC,conv,1.0,0.0,0.0,0.0,-1.0,-1.0,0.23712276,0.64302456,0.38042918,0.33507553,0.44828904,0.43290022,0.29670838,0.43512276,0.4853512,0.34898245,0.31450564,0.23712276,0.32942545,0.30133584,0.32878983,0.2849343,0.26739398,0.3949545,0.5564724,0.38320827,0.2877604,0.30507678,0.3369784,0.6024376,0.43986255,0.44196773,0.27304888,0.64302456
AGGATAGGACCACGTTTT,conv,1.0,0.0,0.0,0.0,-1.0,-1.0,0.32311448,0.94532365,0.6188381,0.46798053,0.38568962,0.44709325,0.43845424,0.42633575,0.58179075,0.67716146,0.49905437,0.66287804,0.63602906,0.9159758,0.70849913,0.795339,0.7104265,0.6917642,0.55071676,0.57119066,0.32311448,0.4292951,0.627045,0.77061844,0.71527123,0.87585944,0.61804694,0.94532365
AGGTAAGGACGCACCATG,conv,1.0,0.0,0.0,0.0,-1.0,-1.0,0.31279093,0.9704321,0.6707109,0.5493006,0.57615405,0.6107748,0.5278256,0.5591826,0.63461477,0.7552073,0.6563536,0.7153061,0.72974044,0.9704321,0.8274914,0.8720683,0.7596336,0.7617822,0.73393434,0.5463994,0.31279093,0.8225859,0.39605117,0.7421373,0.6394438,0.62784666,0.5748295,0.8658853
GGCCGACACCCCCCGCCG,conv,1.0,0.0,0.0,0.0,-1.0,-1.0,0.20635994,0.88342667,0.57235795,0.38175365,0.54900235,0.50715286,0.3611688,0.48283875,0.660006,0.64726555,0.7167726,0.609833,0.50697684,0.88342667,0.6615687,0.8255966,0.6398597,0.7803059,0.4703951,0.42780104,0.46553162,0.20635994,0.37282583,0.56176394,0.7504482,0.5733429,0.41240394,0.8545491
TGCATCGGAACAGGTCTT,conv,1.0,0.0,0.0,0.0,-1.0,-1.0,0.23683712,0.72751015,0.5102678,0.34465635,0.23683712,0.270913,0.3071576,0.30839118,0.500212,0.5063235,0.43367982,0.58450687,0.62355584,0.66620284,0.6803324,0.4331849,0.72751015,0.556655,0.54617095,0.38224602,0.53910434,0.36162165,0.49719772,0.528713,0.70930964,0.6891361,0.6163413,0.70673573
GGGGTAGGACGCACCAGG,conv,1.0,0.0,0.0,0.0,-1.0,-1.0,0.21054555,0.9263121,0.56640244,0.39301232,0.2710213,0.21054555,0.29490885,0.34800413,0.5686893,0.691904,0.52368,0.66281676,0.7048746,0.9263121,0.85727507,0.7233142,0.7633006,0.78817636,0.73914456,0.34453183,0.39759433,0.6162992,0.30937073,0.70958525,0.23894611,0.6165455,0.61278546,0.84742165
CCCCGCCCCCCTCTGCCC,conv,1.0,0.0,0.0,0.0,-1.0,-1.0,0.1298748,0.59930813,0.36746517,0.30031413,0.34497014,0.36064178,0.227894,0.40490398,0.40643993,0.29943702,0.39823917,0.1298748,0.24435256,0.24086247,0.23426759,0.2227366,0.17634296,0.3434047,0.5161914,0.5900144,0.52036977,0.42043453,0.4260809,0.533234,0.59930813,0.40904567,0.3246083,0.51266116
CCCCGCCCCCCCCCGCCC,conv,1.0,0.0,0.0,0.0,-1.0,-1.0,0.22169821,0.5980981,0.42794597,0.36269525,0.49548116,0.436803,0.27353063,0.4656855,0.5587886,0.40772355,0.47347337,0.30712026,0.34820992,0.4015566,0.3481388,0.45801753,0.3095421,0.46842238,0.5549263,0.49722317,0.44345498,0.34359837,0.33738473,0.57075214,0.45996207,0.55636096,0.22169821,0.5980981
AGGAAAGGACGCACTATG,conv,1.0,0.0,0.0,0.0,-1.0,-1.0,0.21001053,0.9863827,0.71388453,0.6371368,0.70818794,0.70353067,0.61649805,0.66874164,0.62538856,0.7687738,0.7889392,0.7449492,0.78515464,0.9863827,0.8378071,0.89858055,0.84612566,0.803474,0.74175787,0.47967148,0.21001053,0.79140437,0.5286306,0.7658125,0.65180826,0.6767456,0.65562564,0.9259771
AGGAAAGGACCGACAATG,conv,1.0,0.0,0.0,0.0,-1.0,-1.0,0.3166516,0.9929253,0.79642594,0.6831039,0.7921735,0.7424756,0.66571915,0.73533726,0.68583924,0.7994582,0.8346134,0.8490636,0.82592714,0.9929253,0.8641344,0.9367077,0.9141736,0.8722504,0.73098123,0.68808603,0.3166516,0.80381596,0.7205576,0.8403361,0.9289795,0.84963405,0.86100984,0.9766922
CCCCGCCACCCCCCGCCC,conv,1.0,0.0,0.0,0.0,-1.0,-1.0,0.3045162,0.66845113,0.49563172,0.39045122,0.56649715,0.49112818,0.31596172,0.48530665,0.6050599,0.48780602,0.61704344,0.38480204,0.42378965,0.522403,0.45078695,0.57248545,0.45916477,0.5417562,0.56089073,0.5509306,0.40918943,0.3910307,0.3045162,0.66845113,0.6005799,0.57947856,0.3817854,0.6294973
GGGGTACGGCGTCCTTTT,conv,1.0,0.0,0.0,0.0,-1.0,-1.0,0.03998839,0.7761063,0.30746514,0.18343943,0.06051898,0.03998839,0.12556975,0.16366245,0.34994158,0.3245635,0.18474488,0.25497332,0.27538648,0.118404806,0.39910653,0.05992238,0.15276365,0.1528699,0.7761063,0.41666,0.45050067,0.30161038,0.5994892,0.6030473,0.24907267,0.6612968,0.3035134,0.47947535
GGGGTATGGCGACGTTTT,conv,1.0,0.0,0.0,0.0,-1.0,-1.0,0.035070263,0.72677475,0.2836287,0.2092798,0.057765294,0.035070263,0.13559382,0.15258141,0.31730664,0.328094,0.11421385,0.3310955,0.3703301,0.11202795,0.43344632,0.059894305,0.22679274,0.14695333,0.58223903,0.25625896,0.47597963,0.11672248,0.51703817,0.6124763,0.10701237,0.72677475,0.20521405,0.46055618
AGGAACTAAAATCCAGAG,conv,1.0,0.0,0.0,0.0,-1.0,-1.0,0.6631337,0.99159884,0.84421504,0.67244965,0.8161662,0.75511444,0.6734662,0.71358126,0.7073082,0.7698093,0.8575613,0.7744468,0.84327435,0.99159884,0.9197658,0.9496533,0.95257425,0.92809415,0.6631337,0.7963951,0.75379306,0.8860395,0.95308954,0.91989803,0.9885981,0.9193361,0.9565464,0.94368464
GGGGTACAGCCCCCACCG,conv,1.0,0.0,0.0,0.0,-1.0,-1.0,0.32979992,0.95167726,0.6417569,0.37122542,0.38998753,0.37997496,0.32979992,0.403922,0.64703286,0.6429253,0.5203691,0.5431069,0.615787,0.95167726,0.85821897,0.8810792,0.6822575,0.86010724,0.6953552,0.5763065,0.54537576,0.61394376,0.63255394,0.7899543,0.77948314,0.76251256,0.7145221,0.8564406
AGCATCTAAGATCGTGTA,conv,1.0,0.0,0.0,0.0,-1.0,-1.0,0.21826336,0.91151184,0.535519,0.40326074,0.33698204,0.39178896,0.41023177,0.36314756,0.44553986,0.41966206,0.21826336,0.3433703,0.48779303,0.4744372,0.50775415,0.33138448,0.5269343,0.4099908,0.5803424,0.57760197,0.44790867,0.7140678,0.8766642,0.6838299,0.91151184,0.87325746,0.81713456,0.8351153
GGGGAAGGACGCACCAGG,conv,1.0,0.0,0.0,0.0,-1.0,-1.0,0.34862554,0.9865138,0.65484864,0.51817703,0.50529325,0.46585774,0.43683082,0.53223187,0.6172937,0.75697523,0.7163173,0.77158165,0.7884638,0.9865138,0.9132195,0.90293664,0.8660553,0.88497347,0.6924247,0.41104648,0.41378552,0.663756,0.37379095,0.75156784,0.34862554,0.59759027,0.60615027,0.8497581
AGGAACTAACGTCCAGTG,conv,1.0,0.0,0.0,0.0,-1.0,-1.0,0.48397273,0.97161275,0.71499217,0.5271554,0.59597296,0.6212317,0.5342981,0.5400672,0.61670476,0.67965496,0.79952574,0.48397273,0.7036189,0.91214687,0.69780535,0.7976705,0.6797651,0.7468174,0.5684226,0.6565471,0.6125004,0.82342106,0.8781208,0.86254084,0.97161275,0.8290686,0.9080186,0.8281446
GGGGAACGGACTCACAGT,conv,1.0,0.0,0.0,0.0,-1.0,-1.0,0.41103333,0.96920645,0.6488231,0.4804399,0.4356101,0.4512796,0.41103333,0.47583374,0.6264948,0.77374154,0.82836044,0.747615,0.73281026,0.96920645,0.85865915,0.84068036,0.7718922,0.86126375,0.69847757,0.48006675,0.47551653,0.5249277,0.5157933,0.76353014,0.77074003,0.6839706,0.5393634,0.5032716
GGGATTCGATCATGTCTT,conv,1.0,0.0,0.0,0.0,-1.0,-1.0,0.07802522,0.8691398,0.40206456,0.24217798,0.07802522,0.08656987,0.19663885,0.20158608,0.330885,0.29207927,0.09392744,0.28278974,0.4026032,0.18409185,0.36748534,0.123440035,0.29452804,0.5087265,0.6495815,0.39967778,0.3948582,0.5078911,0.7892036,0.5960661,0.8691398,0.76526725,0.8665589,0.52781516
CCCCCCCGCCCCCCGCCC,conv,1.0,0.0,0.0,0.0,-1.0,-1.0,0.18849632,0.5421422,0.37337932,0.3609224,0.49594477,0.43462092,0.27224872,0.46487826,0.5421422,0.3846546,0.4586369,0.30622104,0.33177966,0.37843257,0.3318829,0.34375533,0.2586336,0.39875937,0.5096025,0.37925103,0.3433009,0.20658699,0.2062864,0.4939792,0.3103235,0.4166541,0.18849632,0.51648927
ATGAACTACGATCGAGAA,conv,1.0,0.0,0.0,0.0,-1.0,-1.0,0.3447805,0.90837365,0.62769365,0.5225907,0.57374287,0.60059655,0.54484534,0.5231023,0.6037881,0.6442391,0.6154992,0.5764642,0.6312617,0.7665101,0.5207895,0.5821002,0.564226,0.5371152,0.54493076,0.5481784,0.3447805,0.59442955,0.81812215,0.63321745,0.90837365,0.8750446,0.79644775,0.8219459
TGCATCGGAACAGCACTT,conv,1.0,0.0,0.0,0.0,-1.0,-1.0,0.41081375,0.92039865,0.6448542,0.4245485,0.42682886,0.48976767,0.41081375,0.42281213,0.6173589,0.651473,0.5745881,0.69999915,0.762708,0.92039865,0.8179208,0.77871025,0.86845535,0.8143225,0.6375174,0.5367271,0.5920587,0.5032786,0.5768929,0.59214044,0.8304235,0.6232279,0.8213318,0.7270499
GGGATACGGCCATGTCCT,conv,1.0,0.0,0.0,0.0,-1.0,-1.0,0.17460601,0.8028431,0.45290822,0.32084846,0.18209273,0.17460601,0.26142097,0.2807321,0.45435062,0.4490103,0.24755809,0.33022675,0.41834888,0.52653694,0.57729816,0.30305913,0.33590892,0.55570185,0.6590685,0.44582987,0.38518372,0.34592316,0.6487492,0.7439694,0.66307455,0.7019467,0.50841737,0.8028431
AGGATCTAACGACGTTTT,conv,1.0,0.0,0.0,0.0,-1.0,-1.0,0.31389245,0.85929304,0.606294,0.41298097,0.31389245,0.38755924,0.4014358,0.35745886,0.5626842,0.6538225,0.5145161,0.558774,0.7038078,0.75680757,0.6850353,0.6815997,0.66969246,0.6547383,0.454504,0.4949742,0.5485865,0.52880657,0.75807124,0.7772135,0.83069044,0.85929304,0.758233,0.83217204
GGCCTCCAGCCCCCGCCG,conv,1.0,0.0,0.0,0.0,-1.0,-1.0,0.25509387,0.79616326,0.47109172,0.29796964,0.3454532,0.33205527,0.25509387,0.38911754,0.5592583,0.41277426,0.2819472,0.2812008,0.37171483,0.6246497,0.5446839,0.50291437,0.39195144,0.6087513,0.51251274,0.5142964,0.47948125,0.30141765,0.39636752,0.7244648,0.78747356,0.5963339,0.46924725,0.79616326
TAGAACGTAAAGAAAGCG,conv,1.0,0.0,0.0,0.0,-1.0,-1.0,0.4826584,0.98761255,0.7880655,0.6810508,0.7864745,0.7491461,0.67392415,0.7033703,0.67581636,0.7542344,0.77556765,0.74058306,0.78685695,0.98761255,0.8383279,0.91665775,0.94541013,0.89619964,0.4826584,0.6261317,0.7347363,0.8304404,0.73739034,0.8095292,0.92791873,0.8378592,0.8816945,0.92204726
GGGATACGGTCCCGTCCT,conv,1.0,0.0,0.0,0.0,-1.0,-1.0,0.11803349,0.78734106,0.39408806,0.26057887,0.13330744,0.11803349,0.21304238,0.24608149,0.4439779,0.36585048,0.2934834,0.29591236,0.30887675,0.24921927,0.34615502,0.12070659,0.15060723,0.33876884,0.6772852,0.38266972,0.28922114,0.55908656,0.534402,0.77587885,0.73438317,0.76470226,0.46262914,0.78734106
AGGGTAGAACGTCCTTTG,conv,1.0,0.0,0.0,0.0,-1.0,-1.0,0.2027338,0.8265174,0.57393956,0.3795077,0.2027338,0.233751,0.32679433,0.29977217,0.5005147,0.5939873,0.4677027,0.52310985,0.6039204,0.8265174,0.7297261,0.589162,0.5267127,0.6594607,0.744038,0.59432906,0.56553143,0.78214616,0.80933803,0.69403166,0.50797874,0.7806025,0.6321828,0.77493805
GCCGGACCGAATCTAGAG,conv,1.0,0.0,0.0,0.0,-1.0,-1.0,0.39305875,0.9272715,0.670939,0.41611648,0.44703653,0.49288136,0.39305875,0.45072663,0.56154555,0.6824393,0.76651734,0.71994513,0.6690216,0.87554246,0.72063774,0.62508315,0.7570552,0.79265386,0.71154904,0.5218899,0.77336013,0.70110315,0.9272715,0.6785532,0.9017844,0.7400318,0.8218377,0.62583363
GGGATTCGGCCCCCGCCT,conv,1.0,0.0,0.0,0.0,-1.0,-1.0,0.10960071,0.87175155,0.38895556,0.22354084,0.13913897,0.10960071,0.18280049,0.25567928,0.4343462,0.30278897,0.12232402,0.21486776,0.33482918,0.32767403,0.46935695,0.18903609,0.1984276,0.3860133,0.5627562,0.37546495,0.33925205,0.38613233,0.41553956,0.8420549,0.87175155,0.7495627,0.44429615,0.846654
ATGAACGTCAAGCGAGAA,conv,1.0,0.0,0.0,0.0,-1.0,-1.0,0.20413564,0.8190397,0.57754874,0.5566658,0.61942184,0.6360854,0.56089437,0.56790036,0.5670845,0.551085,0.54160357,0.50979537,0.63449764,0.8190397,0.49239627,0.661416,0.61888814,0.54273677,0.41821292,0.38851327,0.20413564,0.5388511,0.6798947,0.6259966,0.70830595,0.8115421,0.37724257,0.80651516
ACGTGAGCGCAGAACAGT,conv,1.0,0.0,0.0,0.0,-1.0,-1.0,0.2984114,0.87594885,0.64187264,0.5057764,0.55169564,0.59064066,0.48168293,0.5345344,0.51030916,0.57236683,0.2984114,0.6111295,0.63330907,0.87594885,0.6181054,0.7257461,0.6991196,0.5652078,0.6480375,0.6613652,0.4059849,0.8473719,0.7133407,0.80379444,0.8439017,0.7759925,0.80536735,0.7676745
GGGGTAGGACGTCCCATG,conv,1.0,0.0,0.0,0.0,-1.0,-1.0,0.09966986,0.79484546,0.49211466,0.3055774,0.13298216,0.09966986,0.21833736,0.23962522,0.45802447,0.5695862,0.3970881,0.55530196,0.5217086,0.67478776,0.7355918,0.30794442,0.45897058,0.5852204,0.79484546,0.5295945,0.54798985,0.5696034,0.4048705,0.6352137,0.54726034,0.72013503,0.60026306,0.69267774
GGGGGACCGCAGATCAGG,conv,1.0,0.0,0.0,0.0,-1.0,-1.0,0.2518194,0.9017025,0.6500149,0.39322615,0.30658284,0.2518194,0.30017516,0.38165742,0.57559896,0.6844159,0.6094186,0.76753765,0.65207577,0.9017025,0.78231895,0.72820777,0.7240653,0.79949105,0.69861984,0.5921718,0.6001089,0.73492235,0.8286637,0.79957086,0.79388046,0.7065856,0.78002596,0.85752904
GCCGGACCGACTCTAAAG,conv,1.0,0.0,0.0,0.0,-1.0,-1.0,0.37660742,0.8741814,0.63069963,0.39530143,0.44824868,0.49793527,0.37660742,0.44633257,0.53682774,0.6649688,0.8060636,0.65852106,0.57786703,0.8423499,0.6577616,0.57813513,0.6569368,0.74481463,0.8052744,0.45877486,0.76729715,0.53090733,0.7376795,0.66186804,0.8741814,0.6947815,0.77455693,0.5734963
AGGGTATGACGACGTTTT,conv,1.0,0.0,0.0,0.0,-1.0,-1.0,0.13861641,0.8076691,0.41639724,0.34383574,0.13861641,0.14811693,0.27896756,0.25201827,0.4190032,0.5473188,0.2378597,0.5421151,0.5995661,0.45391768,0.5537405,0.31890392,0.42428097,0.38526753,0.54204637,0.34020588,0.45228127,0.20029832,0.56621695,0.64729613,0.17384022,0.8076691,0.35606468,0.68048346
AGGAACTAAGATCGTGAG,conv,1.0,0.0,0.0,0.0,-1.0,-1.0,0.54450953,0.98188215,0.7409944,0.55933017,0.56561655,0.59676874,0.55675703,0.54450953,0.5756729,0.65951556,0.60430866,0.6239722,0.69665927,0.93296,0.74696124,0.7501369,0.75671065,0.72796494,0.69235677,0.74605656,0.7100345,0.8510018,0.95421356,0.8839559,0.98188215,0.9330983,0.9212354,0.95318073
GGGGTACGGCGTTGTCCT,conv,1.0,0.0,0.0,0.0,-1.0,-1.0,0.025328374,0.74761987,0.2367307,0.1723844,0.05250215,0.028302034,0.11379285,0.14385107,0.2206529,0.22040974,0.08290358,0.14647727,0.23444635,0.03467552,0.22097784,0.025328374,0.082316905,0.059432276,0.74761987,0.37564495,0.44763458,0.21252583,0.58700204,0.46055418,0.18000618,0.47048533,0.31503087,0.28330967
GGGGGACAGAACCACAGT,conv,1.0,0.0,0.0,0.0,-1.0,-1.0,0.4925856,0.9953816,0.73987716,0.5781431,0.6351406,0.65147215,0.5154712,0.61229753,0.73411876,0.86878085,0.84224474,0.8401851,0.8851959,0.9953816,0.9614167,0.96871054,0.95331115,0.9430603,0.694424,0.5161884,0.5267595,0.652747,0.6951666,0.7698109,0.7777772,0.70057595,0.6859623,0.4925856
GGGGGACGGCACAACAGT,conv,1.0,0.0,0.0,0.0,-1.0,-1.0,0.37621,0.9762254,0.6917013,0.47483334,0.44804403,0.41230264,0.37621,0.48829618,0.67543054,0.8090172,0.78902906,0.8128194,0.798309,0.9762254,0.8736447,0.8943301,0.88331604,0.8690115,0.76525897,0.6207811,0.5251445,0.486454,0.61404943,0.8479572,0.6352255,0.66096747,0.75737035,0.79850423
AGCATCGAAGATCGTGTA,conv,1.0,0.0,0.0,0.0,-1.0,-1.0,0.25657767,0.8931952,0.5830148,0.44734064,0.41375455,0.456812,0.44249055,0.42319113,0.47190243,0.46143183,0.25657767,0.5368534,0.54353046,0.72253925,0.6006774,0.4466163,0.6453546,0.42902955,0.59103924,0.64104754,0.40043968,0.71887094,0.80857337,0.65923095,0.89134216,0.8677538,0.8057749,0.8931952
ATGAACGTACAGACAATG,conv,1.0,0.0,0.0,0.0,-1.0,-1.0,0.32932442,0.9532775,0.7511029,0.6011741,0.70245826,0.702382,0.6129649,0.6207847,0.7032426,0.8009308,0.8048836,0.64150834,0.8004985,0.9532775,0.7235477,0.86308557,0.8602877,0.8205905,0.6120122,0.7320552,0.32932442,0.697007,0.70484346,0.831312,0.94543856,0.87218976,0.896895,0.94488096
AGGAAAGGACGCACAATG,conv,1.0,0.0,0.0,0.0,-1.0,-1.0,0.24458514,0.9927947,0.75399774,0.6841601,0.79039323,0.74150115,0.6646986,0.73522174,0.6776469,0.80086243,0.8279787,0.81768423,0.83518314,0.9927947,0.87822366,0.9307658,0.9096466,0.8613897,0.73269504,0.5050862,0.24458514,0.8037538,0.48809326,0.78789586,0.75975895,0.67212385,0.78656906,0.9212314
GGGGGACAGCACATCAGG,conv,1.0,0.0,0.0,0.0,-1.0,-1.0,0.4040122,0.98538196,0.7344076,0.48265928,0.46560052,0.46790263,0.4040122,0.49179643,0.6753037,0.8118731,0.77360934,0.8126877,0.80275613,0.98538196,0.9233884,0.9290638,0.9006809,0.9105529,0.78844815,0.6402101,0.5870392,0.82357717,0.76745784,0.8740562,0.79285854,0.61443883,0.8103825,0.82445115
GGGGTACAGACTCAAAGT,conv,1.0,0.0,0.0,0.0,-1.0,-1.0,0.41187367,0.9775873,0.71439874,0.48774922,0.41187367,0.48180252,0.42480165,0.45281747,0.66065025,0.7826453,0.8015845,0.7965955,0.810396,0.9775873,0.9132743,0.91868615,0.904335,0.91693145,0.745268,0.4971391,0.60738355,0.6630615,0.6501639,0.77255946,0.88762355,0.7706763,0.90799314,0.61637264
AGGAACTAAACTCCAGTG,conv,1.0,0.0,0.0,0.0,-1.0,-1.0,0.5921191,0.9773172,0.79363877,0.5921191,0.72136647,0.7009947,0.60298014,0.6207936,0.68640095,0.7316176,0.891501,0.64549226,0.7966014,0.97624606,0.85248935,0.9178492,0.8922444,0.8887218,0.65608084,0.73063517,0.66828984,0.84166557,0.87798107,0.88801765,0.9773172,0.8698212,0.9419389,0.8718012
GGGTGAGGGCAGAACAGT,conv,1.0,0.0,0.0,0.0,-1.0,-1.0,0.19064282,0.8885045,0.6373294,0.42987615,0.24315594,0.19064282,0.3051424,0.35734332,0.5111255,0.67486095,0.32276693,0.7256576,0.70990616,0.8885045,0.79330826,0.60198253,0.7975302,0.64663035,0.7925541,0.69681484,0.6650136,0.76736057,0.60345095,0.87938184,0.83762956,0.77228343,0.848171,0.8721415
GGGGGACAGAATCTAAGG,conv,1.0,0.0,0.0,0.0,-1.0,-1.0,0.4088406,0.98835653,0.7363371,0.51678944,0.4088406,0.44315827,0.42950672,0.48121664,0.6344145,0.79528373,0.80363697,0.84040934,0.8233892,0.98835653,0.93702453,0.9157836,0.92106056,0.9299293,0.7529535,0.535466,0.74688506,0.84780926,0.801152,0.8307763,0.94633985,0.6134661,0.9040648,0.5607177
GGCATTCGGCCATCGCCT,conv,1.0,0.0,0.0,0.0,-1.0,-1.0,0.09616814,0.74383587,0.34541255,0.23925044,0.14921637,0.14571434,0.20478812,0.2700054,0.42021874,0.29137602,0.09616814,0.21232313,0.33271554,0.21334647,0.38103345,0.12361152,0.20882694,0.34755668,0.45260185,0.31409994,0.38663486,0.19356824,0.55365944,0.66080433,0.74383587,0.5303448,0.4609578,0.702655
AGCATCGCAACACCTTTT,conv,1.0,0.0,0.0,0.0,-1.0,-1.0,0.43841174,0.91610366,0.6612153,0.45007372,0.5791669,0.6062776,0.4497864,0.49562645,0.6470733,0.6498503,0.6089388,0.6414292,0.6959258,0.91610366,0.7511899,0.844548,0.834849,0.77487916,0.6045967,0.5314283,0.43841174,0.4795355,0.71901494,0.7066752,0.811885,0.7544263,0.66478384,0.8739071
GGCATACGGCCCCCGCCG,conv,1.0,0.0,0.0,0.0,-1.0,-1.0,0.286766,0.9065924,0.4577263,0.31709853,0.35919666,0.32588288,0.29591337,0.38543326,0.56753904,0.43121454,0.32313558,0.31055823,0.36541703,0.6626905,0.54952693,0.43029052,0.286766,0.55528736,0.6425283,0.30391854,0.36552346,0.33540645,0.40502596,0.7212952,0.6812508,0.61487734,0.30078796,0.9065924
GCGGGACCGCAGATCAAG,conv,1.0,0.0,0.0,0.0,-1.0,-1.0,0.37389603,0.90832615,0.68670875,0.4288587,0.43908304,0.4438033,0.37389603,0.463469,0.56537235,0.6830204,0.601894,0.7598718,0.64331067,0.90832615,0.765439,0.720563,0.7502752,0.78471464,0.82912064,0.6854624,0.5646262,0.7885908,0.8459691,0.8173194,0.83603436,0.8603067,0.75393677,0.8544558
ACGTGACCGCAGAACGAG,conv,1.0,0.0,0.0,0.0,-1.0,-1.0,0.49593008,0.95060325,0.71497095,0.49593008,0.6066685,0.61555225,0.49825096,0.5489462,0.5992499,0.626929,0.5979736,0.7240852,0.6501562,0.871637,0.61206734,0.7666588,0.70520806,0.6434021,0.7341602,0.7417027,0.5179918,0.8652124,0.95060325,0.86415106,0.9304497,0.923052,0.8417859,0.94244915
AGGATCTACGATCGTGTA,conv,1.0,0.0,0.0,0.0,-1.0,-1.0,0.20044899,0.8481323,0.44910225,0.34039995,0.20044899,0.2362249,0.31734344,0.29032436,0.4370369,0.42130038,0.26756683,0.37882304,0.41456062,0.2402976,0.32232964,0.22856508,0.27378795,0.28082564,0.5282079,0.53167605,0.32560015,0.69179493,0.7178058,0.65947855,0.837539,0.8481323,0.639049,0.79843825
TGCATCGGAACAGGTTTT,conv,1.0,0.0,0.0,0.0,-1.0,-1.0,0.18593082,0.7847169,0.4920247,0.3255253,0.18593082,0.21890856,0.28531426,0.27745593,0.49085274,0.5228323,0.38540876,0.5949456,0.62525815,0.5769732,0.65756035,0.39653736,0.7394838,0.4973405,0.44465455,0.40344566,0.540245,0.30001575,0.5225964,0.6133113,0.61883694,0.7847169,0.5526094,0.7398569
GGCATCCGGTCAGGTCCT,conv,1.0,0.0,0.0,0.0,-1.0,-1.0,0.056750722,0.6949405,0.297412,0.23331793,0.13158014,0.11342448,0.19223577,0.24196175,0.34340775,0.26759246,0.1534924,0.15864266,0.26581505,0.06846525,0.1524103,0.056750722,0.13267387,0.11781677,0.43427044,0.39270324,0.43073663,0.22432293,0.66116315,0.5860711,0.6949405,0.55549854,0.41644424,0.40956095
GCCGGACAGACTCTAAAG,conv,1.0,0.0,0.0,0.0,-1.0,-1.0,0.46108875,0.94920033,0.71130866,0.47443116,0.53943235,0.58792526,0.46108875,0.51390886,0.57790995,0.7493933,0.82398796,0.7338155,0.7055478,0.94920033,0.8291426,0.7713669,0.8330124,0.84845674,0.84367526,0.5103466,0.81884575,0.6294329,0.7139219,0.7655983,0.9218883,0.7227479,0.8816556,0.575983
GGCCGACAGACCCCACCG,conv,1.0,0.0,0.0,0.0,-1.0,-1.0,0.3546116,0.970057,0.6845923,0.4709662,0.6491915,0.6148305,0.46360812,0.56631553,0.709042,0.79848754,0.77434206,0.7962678,0.7375768,0.970057,0.8689244,0.88669384,0.85403913,0.87001497,0.50548095,0.3546116,0.5873971,0.47136328,0.6594027,0.61436296,0.8589865,0.5774735,0.7266565,0.7287178
AGGTGAGCGCAGAACAGT,conv,1.0,0.0,0.0,0.0,-1.0,-1.0,0.23101276,0.9250423,0.65895796,0.51215017,0.47574338,0.49948743,0.4550814,0.5060348,0.52175117,0.62738526,0.23101276,0.68994296,0.6752707,0.9250423,0.6878301,0.8007393,0.7456014,0.6645723,0.66910446,0.7247854,0.43610376,0.87185663,0.78293425,0.7877263,0.82185596,0.70729333,0.802587,0.8520553
ATGAGCGTACCGACAATG,conv,1.0,0.0,0.0,0.0,-1.0,-1.0,0.3228293,0.9205639,0.61315006,0.46860516,0.47166133,0.52740514,0.46030787,0.46787617,0.5859777,0.6494013,0.42202884,0.5483489,0.6236317,0.77882934,0.45993486,0.67880446,0.592481,0.62875324,0.5817475,0.60753584,0.3228293,0.52170473,0.66428035,0.78684974,0.89011204,0.86971396,0.7993678,0.9205639
GGGGTACGGCGTCGTCTT,conv,1.0,0.0,0.0,0.0,-1.0,-1.0,0.035215404,0.7807672,0.2817058,0.18424171,0.061916962,0.035215404,0.12222095,0.15766606,0.3268123,0.2766707,0.1833466,0.25951138,0.25731817,0.066583455,0.29928485,0.042132374,0.12315947,0.08784743,0.7807672,0.43312138,0.38392603,0.22380434,0.5672609,0.41797766,0.3352528,0.62998635,0.358595,0.42802575
AAGTAAGCGCAGAACAGT,conv,1.0,0.0,0.0,0.0,-1.0,-1.0,0.30416214,0.9598533,0.6623339,0.648026,0.76073223,0.7258344,0.64308894,0.6868103,0.62816674,0.68795586,0.5575569,0.640978,0.6584752,0.9598533,0.5888058,0.85352206,0.7132123,0.6039908,0.5495537,0.6876479,0.30416214,0.7949233,0.58879334,0.676027,0.7697557,0.5815983,0.51687276,0.73200345
AGGATCTAACCACGTTTT,conv,1.0,0.0,0.0,0.0,-1.0,-1.0,0.3877736,0.92068493,0.6590299,0.41979304,0.3877736,0.46558464,0.41984764,0.3934959,0.6004707,0.6520285,0.6111328,0.48296607,0.6981436,0.8483477,0.71836567,0.8373112,0.7531643,0.77378964,0.5097692,0.6270955,0.5090525,0.553674,0.7874854,0.867917,0.9202012,0.9116114,0.8060438,0.92068493
AAGTAAGCGCAGAACAAT,conv,1.0,0.0,0.0,0.0,-1.0,-1.0,0.33151558,0.97207737,0.7051523,0.66908765,0.7947028,0.7447459,0.6644954,0.7159473,0.63211536,0.7029201,0.59934837,0.7096883,0.68477255,0.97207737,0.639382,0.86598235,0.77425086,0.6545207,0.7355615,0.6979219,0.33151558,0.80380726,0.66374475,0.71827143,0.8358594,0.731838,0.44965383,0.8365969
AGGATCGAACCACGTTTT,conv,1.0,0.0,0.0,0.0,-1.0,-1.0,0.42383295,0.9492237,0.6917997,0.4631887,0.4650305,0.5312418,0.45682368,0.4530385,0.61961406,0.6843761,0.65576166,0.6677335,0.7400597,0.9377109,0.7797654,0.88198185,0.83147323,0.7968714,0.5565355,0.6875179,0.42383295,0.5272913,0.7089416,0.8574592,0.90945596,0.9050411,0.8050253,0.9492237
ATGAAAGTACCGACAATG,conv,1.0,0.0,0.0,0.0,-1.0,-1.0,0.21691518,0.95636487,0.71922094,0.6125356,0.70984787,0.7040954,0.6217315,0.6287212,0.68505687,0.745144,0.7920964,0.6875387,0.75949425,0.95636487,0.7017383,0.8645936,0.80157393,0.81069493,0.58976656,0.5921284,0.21691518,0.646429,0.66135347,0.7297178,0.90639347,0.83831,0.7722118,0.94607204
AGCATCTAAGATCGTGAA,conv,1.0,0.0,0.0,0.0,-1.0,-1.0,0.24024369,0.9483036,0.59733164,0.44730932,0.42120752,0.47268915,0.46054557,0.4202183,0.46971074,0.4596713,0.24024369,0.4173089,0.52965564,0.6069603,0.5639804,0.39090115,0.5971196,0.4836169,0.67878866,0.5894486,0.5329803,0.78116924,0.93148196,0.77691895,0.9483036,0.91378856,0.8664889,0.93278444
GGCGTACAGACCCCACCG,conv,1.0,0.0,0.0,0.0,-1.0,-1.0,0.421748,0.9657926,0.6769558,0.43487734,0.5411564,0.55215937,0.421748,0.48971298,0.69001764,0.7754414,0.6882001,0.7406044,0.75091606,0.9657926,0.8946168,0.89519036,0.83224845,0.88294035,0.59199584,0.4321469,0.66314983,0.53375727,0.58765525,0.6515922,0.8039635,0.6323068,0.70609784,0.7656077
AGCATCGCAAAAGGAGTA,conv,1.0,0.0,0.0,0.0,-1.0,-1.0,0.32567018,0.9599649,0.6590208,0.60150874,0.72541565,0.7039774,0.60627043,0.6463397,0.5944119,0.5807687,0.4996267,0.6995939,0.7350176,0.9599649,0.77964336,0.8770458,0.93641734,0.79107517,0.36531904,0.6146692,0.32567018,0.50300497,0.82596385,0.4778522,0.7228165,0.6042165,0.7096417,0.5892884
GGGGTACGGCCATGTCTT,conv,1.0,0.0,0.0,0.0,-1.0,-1.0,0.07212932,0.70653397,0.3390818,0.23759346,0.09162335,0.07212932,0.16996497,0.20186871,0.39760488,0.39946115,0.21361037,0.29164597,0.3907056,0.2864435,0.5186939,0.17940256,0.29386556,0.4058921,0.70653397,0.39031282,0.27294037,0.20711546,0.6112917,0.52328193,0.23230606,0.59610754,0.34992576,0.43672392
AGGATCTAAAGTCGTTTG,conv,1.0,0.0,0.0,0.0,-1.0,-1.0,0.22229517,0.8903785,0.54290736,0.38544387,0.22229517,0.280792,0.36841497,0.30430225,0.46911487,0.4709112,0.36678964,0.4181446,0.6075954,0.60410666,0.6127225,0.42842266,0.54373235,0.53203136,0.5819687,0.44725695,0.53847593,0.63424665,0.8011648,0.6872019,0.8903785,0.8617278,0.77178425,0.74365884
GGGGTATAGCGTCCTAGT,conv,1.0,0.0,0.0,0.0,-1.0,-1.0,0.072224304,0.7840539,0.40237048,0.25714892,0.085018836,0.072224304,0.18840571,0.19618289,0.3968928,0.34815785,0.24096791,0.30054563,0.34333676,0.30252695,0.6094451,0.15932545,0.27593616,0.5113964,0.7840539,0.33902234,0.4777952,0.5593932,0.5326963,0.7631165,0.5241113,0.7067646,0.6566237,0.42817318
TGCATCCGATCAGCTCCT,conv,1.0,0.0,0.0,0.0,-1.0,-1.0,0.19988419,0.8558948,0.44154224,0.28290763,0.21547744,0.26282555,0.2636373,0.3216896,0.46829703,0.32991815,0.19988419,0.28111953,0.41160038,0.30127954,0.40148732,0.20004953,0.34104016,0.5153825,0.56942064,0.50860405,0.6347247,0.35665098,0.6222098,0.6583282,0.8558948,0.64405394,0.7269177,0.6651567
GGCATTCGCCCCCCGCCT,conv,1.0,0.0,0.0,0.0,-1.0,-1.0,0.12559894,0.84872615,0.37741065,0.2626749,0.22938555,0.23560804,0.22122657,0.33837914,0.45945778,0.28642213,0.12559894,0.21288134,0.29387626,0.38908577,0.37341678,0.32551894,0.23014595,0.48515943,0.5155487,0.2656152,0.40442148,0.20601226,0.34736648,0.6497453,0.7663295,0.6295134,0.33315042,0.84872615
AGGTAAGGACAGAACAGT,conv,1.0,0.0,0.0,0.0,-1.0,-1.0,0.5582739,0.9914014,0.82059866,0.6645007,0.7164173,0.7183529,0.6322448,0.6767386,0.7019452,0.84110016,0.78801197,0.8527455,0.84781927,0.9914014,0.9051879,0.94627035,0.93584377,0.89182353,0.7717861,0.8447236,0.5582739,0.88309354,0.76195264,0.902197,0.94811773,0.85123545,0.9172009,0.96598536
GGGGGACCGCAGATCAGT,conv,1.0,0.0,0.0,0.0,-1.0,-1.0,0.2552023,0.89542097,0.6407553,0.39366707,0.29777238,0.2552023,0.29989704,0.37717545,0.57559896,0.6844159,0.6094186,0.76753765,0.65207577,0.89542097,0.78066605,0.7361125,0.72013545,0.79488003,0.7190181,0.54799086,0.58151174,0.70866495,0.7709517,0.78818864,0.75844955,0.7041624,0.7971277,0.8028407
GGGTAACAGAATCAAAGT,conv,1.0,0.0,0.0,0.0,-1.0,-1.0,0.591384,0.99372685,0.808634,0.6321407,0.6633204,0.7062459,0.6037641,0.62783635,0.72705966,0.8243856,0.8695422,0.8621527,0.8751096,0.99372685,0.95609605,0.96294206,0.959728,0.95017505,0.79296935,0.6571115,0.591384,0.863685,0.8456579,0.8577232,0.9810021,0.7664578,0.9472904,0.6983415
GGGGTACGGCGTCCTCCT,conv,1.0,0.0,0.0,0.0,-1.0,-1.0,0.056153316,0.76822025,0.34062108,0.20605457,0.082598425,0.056153316,0.1464598,0.19130845,0.37341657,0.32111004,0.21131156,0.2645403,0.2846056,0.18356498,0.44628844,0.068210624,0.14105949,0.20768382,0.76822025,0.42217273,0.52462536,0.34971556,0.52496696,0.64547604,0.45359147,0.6432527,0.4055541,0.5935851
ATGTAAGGACAGACAATG,conv,1.0,0.0,0.0,0.0,-1.0,-1.0,0.43041322,0.98260653,0.7710888,0.6127194,0.6429362,0.6732133,0.60329896,0.6030368,0.6988352,0.8226522,0.69433063,0.7681511,0.80959517,0.98260653,0.8848049,0.92129153,0.91502273,0.85825425,0.7417251,0.67837065,0.43041322,0.8595434,0.64960945,0.8261219,0.9337567,0.8546194,0.86696345,0.9453487
GGCCCCCACCCCCCGCCC,conv,1.0,0.0,0.0,0.0,-1.0,-1.0,0.24585947,0.73204535,0.49842498,0.3706687,0.53168917,0.47221175,0.3134376,0.47432497,0.63682425,0.5508212,0.63807386,0.49774376,0.4520713,0.68973964,0.48880678,0.6929767,0.5302968,0.6488923,0.36913505,0.47702077,0.38213956,0.24585947,0.26121104,0.4948628,0.6456678,0.43710637,0.4269975,0.73204535
CCCCGACACACCCTGCCG,conv,1.0,0.0,0.0,0.0,-1.0,-1.0,0.29104045,0.83428806,0.5619589,0.41613212,0.6414807,0.5839819,0.38994387,0.50880575,0.6261754,0.6504182,0.83428806,0.48717657,0.5810111,0.7845051,0.6607255,0.6968619,0.6993232,0.7026334,0.5565266,0.30418766,0.5985239,0.4463132,0.29104045,0.58904403,0.59346235,0.39437962,0.3818961,0.63013655
GGGGTAGGGCGCACCAGG,conv,1.0,0.0,0.0,0.0,-1.0,-1.0,0.08771047,0.6669766,0.38212577,0.30431017,0.15485363,0.08771047,0.20396352,0.2519887,0.46386397,0.49063247,0.26731458,0.45712683,0.48666507,0.5418037,0.6576067,0.23933753,0.39272362,0.334751,0.6653816,0.31811965,0.24062903,0.55508655,0.24913079,0.63383585,0.111462034,0.46345997,0.31441128,0.6669766
GGGATTCGGCCATGTTTT,conv,1.0,0.0,0.0,0.0,-1.0,-1.0,0.052954994,0.79042816,0.3329937,0.19513255,0.06328822,0.052954994,0.14795676,0.1730176,0.30768764,0.2807634,0.068178765,0.17459679,0.32341227,0.10408361,0.3301552,0.08443085,0.2175146,0.2174905,0.58827066,0.29251403,0.35193443,0.27838945,0.7878135,0.7137012,0.6962258,0.79042816,0.49481764,0.5900837
AGGTGACCGCAGAACAGT,conv,1.0,0.0,0.0,0.0,-1.0,-1.0,0.45279902,0.9391292,0.71124214,0.51392895,0.55628216,0.5997491,0.4877599,0.53845537,0.6144232,0.712766,0.5265364,0.745517,0.71564955,0.9391292,0.7124905,0.86960167,0.7744231,0.76041,0.70208764,0.66961616,0.45279902,0.8330225,0.8735989,0.81206477,0.89234453,0.7814477,0.82808065,0.8688717
AGGGTATAACGACGTTTT,conv,1.0,0.0,0.0,0.0,-1.0,-1.0,0.24357146,0.8623014,0.5878199,0.42337275,0.24357146,0.30860826,0.3788939,0.330445,0.60210544,0.70552766,0.5521693,0.6895828,0.7430037,0.8623014,0.79247487,0.74531823,0.7214456,0.7642904,0.6075754,0.39659005,0.5378614,0.37373906,0.75715804,0.6704112,0.3773715,0.8356535,0.56547856,0.71054894
GGCATCGGATCATGTCTT,conv,1.0,0.0,0.0,0.0,-1.0,-1.0,0.11109025,0.7459273,0.36160645,0.26717275,0.12030159,0.13475056,0.22404471,0.2422546,0.33634222,0.29413027,0.12777327,0.28832182,0.33994818,0.19539802,0.2972296,0.11109025,0.3061158,0.3684508,0.5853835,0.4277453,0.26604983,0.34130993,0.665554,0.5399714,0.6108727,0.6192497,0.7459273,0.5847742
GGGATTCGAACATGTCTT,conv,1.0,0.0,0.0,0.0,-1.0,-1.0,0.1519838,0.8856216,0.5620824,0.3367292,0.1519838,0.18927185,0.28293666,0.26515847,0.48909083,0.51284534,0.3151256,0.6037776,0.6695096,0.79626435,0.79347324,0.5698952,0.73388875,0.8090266,0.722091,0.31609738,0.39269274,0.4618847,0.79196745,0.64117086,0.8856216,0.7941709,0.86022246,0.6671627
AGCATCGAAGATCGAGAA,conv,1.0,0.0,0.0,0.0,-1.0,-1.0,0.3923938,0.9538346,0.7100447,0.5644808,0.63008636,0.6497581,0.5671524,0.585094,0.56048226,0.6151177,0.3923938,0.74787164,0.68359685,0.9235296,0.7261519,0.7042974,0.8306066,0.6572887,0.64726317,0.7049388,0.47159815,0.7631317,0.90172374,0.74380964,0.93027633,0.88492763,0.9117083,0.9538346
AGCATCGCAGATCGAGAA,conv,1.0,0.0,0.0,0.0,-1.0,-1.0,0.21446326,0.94192344,0.6015441,0.48566788,0.5446443,0.57457966,0.4881192,0.51201355,0.5157459,0.4776895,0.21446326,0.62055343,0.5130845,0.71544665,0.48963648,0.46095043,0.6325446,0.41862413,0.5241854,0.68793446,0.38417885,0.6841274,0.90070474,0.67472774,0.8993473,0.8183527,0.8593568,0.94192344
AGGAACTAAAATCGTGAG,conv,1.0,0.0,0.0,0.0,-1.0,-1.0,0.6195837,0.98554856,0.8052013,0.6195837,0.701819,0.7059249,0.62231463,0.6322962,0.63644195,0.70384794,0.7752144,0.70531505,0.772103,0.97977704,0.8707339,0.90916073,0.91911125,0.8825784,0.7742609,0.71134883,0.72336566,0.8410293,0.9594012,0.8970079,0.98554856,0.93642986,0.9215739,0.9438446
AGGAAAGAACGTCCTTTG,conv,1.0,0.0,0.0,0.0,-1.0,-1.0,0.4404004,0.9756305,0.7237584,0.57512474,0.6019825,0.63770914,0.57090616,0.57535505,0.59462655,0.69520897,0.7854843,0.67640114,0.7257475,0.9756305,0.8239557,0.85164016,0.74747896,0.7931148,0.6612987,0.6038593,0.4404004,0.830355,0.8601145,0.7664475,0.8954821,0.78375083,0.7270801,0.89480853
GGGGTACGGACCCCTAGT,conv,1.0,0.0,0.0,0.0,-1.0,-1.0,0.17236304,0.8643204,0.5297569,0.31944075,0.20092554,0.17236304,0.24796821,0.28913027,0.59106153,0.67972916,0.5556079,0.6246434,0.6040032,0.8643204,0.8204479,0.6538747,0.597647,0.7634362,0.7544241,0.259729,0.35123304,0.5663272,0.4016458,0.8166004,0.42901742,0.70508826,0.40322986,0.5720273
AGGAGCGAAAGTCCAGTG,conv,1.0,0.0,0.0,0.0,-1.0,-1.0,0.5351571,0.978836,0.73877645,0.56697685,0.58316386,0.61757904,0.5351571,0.5804562,0.5707824,0.64806074,0.57275593,0.7476682,0.7546647,0.978836,0.848971,0.87631184,0.85954905,0.83275354,0.6511131,0.73239315,0.6404028,0.84912914,0.83249694,0.791829,0.9366438,0.810781,0.90690833,0.7440283
AGGGTCTAACGTCCTTTT,conv,1.0,0.0,0.0,0.0,-1.0,-1.0,0.11237361,0.8051642,0.4637466,0.26449767,0.11237361,0.14311115,0.22835529,0.24432805,0.41857594,0.45849887,0.33396614,0.2550976,0.49770617,0.35821983,0.49554607,0.28390008,0.29762614,0.47159436,0.6816356,0.5649352,0.5627568,0.6137961,0.7579947,0.78967017,0.6516458,0.8051642,0.6752304,0.6274372
AGGATATAACGACGTTTT,conv,1.0,0.0,0.0,0.0,-1.0,-1.0,0.4049567,0.9115769,0.65806127,0.49805218,0.4049567,0.4868839,0.4952926,0.4358052,0.6305448,0.71693146,0.5968486,0.7017294,0.7514108,0.9115769,0.80078477,0.81172204,0.7818344,0.7727485,0.55727446,0.42957407,0.4857491,0.55034024,0.78824514,0.7243844,0.7207647,0.85742027,0.68080866,0.8598493
TGCATCGGAACATGTCTT,conv,1.0,0.0,0.0,0.0,-1.0,-1.0,0.19878662,0.7513786,0.512201,0.32376704,0.19878662,0.25754854,0.29425433,0.2944473,0.4613239,0.4866755,0.3521611,0.5800225,0.594734,0.6610123,0.70395726,0.40545893,0.6915783,0.6582771,0.70171803,0.36134204,0.3744886,0.5178842,0.5613084,0.5758134,0.66111755,0.66657215,0.6693983,0.7513786
GGGATTCGGCCATCTCCT,conv,1.0,0.0,0.0,0.0,-1.0,-1.0,0.10296442,0.8444652,0.40607584,0.23272,0.103295915,0.10296442,0.18843117,0.23053041,0.3973235,0.32205167,0.12044149,0.21899559,0.363667,0.31332755,0.50935096,0.15293458,0.23760031,0.45838684,0.58022076,0.34846422,0.39511704,0.44875622,0.68675154,0.79490745,0.8444652,0.7147097,0.6310503,0.75543165
GGGGTACGGCGATGTCCT,conv,1.0,0.0,0.0,0.0,-1.0,-1.0,0.056781948,0.6730451,0.2976893,0.24062204,0.085634634,0.056781948,0.16285147,0.19060327,0.33395025,0.3745646,0.14781056,0.3310546,0.3446636,0.1572786,0.46438417,0.07690204,0.20809548,0.19572847,0.6730451,0.326764,0.45499602,0.14822035,0.5779583,0.5160916,0.13685863,0.5295929,0.33047712,0.37730333
GGGGTACGGACCCATAGT,conv,1.0,0.0,0.0,0.0,-1.0,-1.0,0.22501795,0.91606724,0.58543956,0.3669717,0.2408582,0.22501795,0.28384706,0.3221206,0.6163409,0.7456146,0.61139035,0.71347404,0.6849643,0.91606724,0.8357808,0.7564749,0.7514235,0.8105896,0.7479101,0.29331055,0.40577468,0.5162601,0.44532838,0.8372741,0.560304,0.8017823,0.54119897,0.60591066
GGGGTACGGCCCCATAGT,conv,1.0,0.0,0.0,0.0,-1.0,-1.0,0.15115185,0.860716,0.50840914,0.2977588,0.18507728,0.15115185,0.22898363,0.27963042,0.54963917,0.56807745,0.39658475,0.44604206,0.49445924,0.72294295,0.68949354,0.5761877,0.5246748,0.67399544,0.7674679,0.39997426,0.37866384,0.44148046,0.4525634,0.860716,0.54013455,0.8190603,0.5352952,0.7301739
GGGGGACAGAACCTAAGG,conv,1.0,0.0,0.0,0.0,-1.0,-1.0,0.42018223,0.9939387,0.7434058,0.54599935,0.53933805,0.5724793,0.4725649,0.5553476,0.6917271,0.8337764,0.843037,0.84349847,0.8664061,0.9939387,0.9544913,0.9551161,0.9438784,0.93948627,0.6960825,0.42018223,0.6100859,0.8347705,0.7520754,0.8431987,0.87015426,0.5677142,0.8470031,0.5927942
GGGTAAGGGCGCACCAGG,conv,1.0,0.0,0.0,0.0,-1.0,-1.0,0.20810542,0.8123246,0.49951884,0.3914672,0.27399886,0.20810542,0.29915798,0.35051665,0.5439528,0.56537163,0.45435813,0.5189616,0.541877,0.8123246,0.7517573,0.45577043,0.49970382,0.52061886,0.64977163,0.31582505,0.32313657,0.70067286,0.32479393,0.76246536,0.51862764,0.4864746,0.4475551,0.7707069
GGGGTACGGACCCCAACG,conv,1.0,0.0,0.0,0.0,-1.0,-1.0,0.3233027,0.9547919,0.6389706,0.39129177,0.34970716,0.32460865,0.3233027,0.38903958,0.64468384,0.7450249,0.6779252,0.7502668,0.7048751,0.9547919,0.86913747,0.81743336,0.74678177,0.8353274,0.6909288,0.41780132,0.52438563,0.62370515,0.5042805,0.8655015,0.6945163,0.7578849,0.6021561,0.7689069
TAGAACGTAAAGAAAGTG,conv,1.0,0.0,0.0,0.0,-1.0,-1.0,0.5357611,0.98547596,0.77587926,0.6725464,0.75649804,0.7402249,0.663186,0.6844594,0.67221403,0.7560824,0.78453946,0.7498252,0.7818972,0.98547596,0.83075494,0.9150832,0.94779336,0.8943439,0.5357611,0.6774378,0.64846444,0.77864105,0.7077906,0.74965096,0.9228898,0.83012885,0.8626321,0.8486611
ATGAGCGTAACGACAGAG,conv,1.0,0.0,0.0,0.0,-1.0,-1.0,0.50710976,0.9598635,0.7023784,0.5389531,0.55719084,0.5982823,0.52721316,0.53587085,0.6321633,0.6963619,0.53045154,0.7242241,0.7405616,0.9142197,0.6343267,0.7901915,0.7824639,0.74630463,0.5850512,0.50710976,0.5134534,0.68460125,0.8205395,0.8218268,0.9158108,0.9222346,0.88019043,0.9598635
GGGGGACCGCACATCAAG,conv,1.0,0.0,0.0,0.0,-1.0,-1.0,0.36790857,0.96737236,0.7125309,0.43761364,0.43359968,0.43545115,0.36790857,0.4638888,0.63986075,0.75594956,0.7835465,0.808805,0.73119503,0.96737236,0.851494,0.8830557,0.8349748,0.86447316,0.8414622,0.6300525,0.52332634,0.81646794,0.78586024,0.8454524,0.7816229,0.7556868,0.67369217,0.90046
GCCCCCCGCCCCCCGCCC,conv,1.0,0.0,0.0,0.0,-1.0,-1.0,0.16568759,0.5372527,0.36384204,0.33901653,0.45247447,0.40840277,0.26635435,0.44882238,0.5372527,0.37810016,0.40124685,0.3034221,0.3294937,0.42435542,0.31227246,0.37636855,0.2797206,0.4316879,0.40883303,0.3632924,0.3545528,0.16568759,0.19968525,0.43706927,0.30857223,0.43115398,0.21532871,0.5228845
GGGTAAGGACGCACCATG,conv,1.0,0.0,0.0,0.0,-1.0,-1.0,0.3553513,0.9763184,0.6723078,0.47677392,0.4156569,0.42806897,0.4124329,0.45095664,0.6377157,0.7532684,0.7118136,0.7386126,0.74660015,0.9763184,0.9014064,0.8723879,0.8402391,0.86730707,0.77578485,0.49377128,0.48046097,0.7393324,0.3553513,0.76160574,0.7171453,0.6655732,0.7036857,0.8854272
GCCCTCCGCCCCCCGCCC,conv,1.0,0.0,0.0,0.0,-1.0,-1.0,0.18821763,0.6574091,0.352725,0.29810116,0.3434224,0.34164566,0.23246,0.40164402,0.48475146,0.3316248,0.27043203,0.18821763,0.29307377,0.375999,0.3055077,0.29390067,0.23931375,0.41669872,0.51572,0.3473704,0.33881256,0.23248899,0.2044064,0.60069937,0.3684937,0.5241745,0.21175665,0.6574091
GGGTAACAGAACAACAGT,conv,1.0,0.0,0.0,0.0,-1.0,-1.0,0.5055837,0.9965359,0.8244432,0.6627113,0.7671256,0.7406835,0.639519,0.6904791,0.7769104,0.8838471,0.9064334,0.8719109,0.9123974,0.9965359,0.9676192,0.97833747,0.97237295,0.95658535,0.85335684,0.64574367,0.5055837,0.8729318,0.79300255,0.84316784,0.94873405,0.7248416,0.8755122,0.8247364
GGGGTAGAACGTACTATG,conv,1.0,0.0,0.0,0.0,-1.0,-1.0,0.21567589,0.9567879,0.6767223,0.42507753,0.21567589,0.24252604,0.3344097,0.32738027,0.59314513,0.7602607,0.7328125,0.668768,0.7738328,0.9567879,0.89135104,0.80166,0.85874766,0.8941333,0.90727603,0.5602521,0.61038536,0.8082012,0.7024206,0.6538104,0.69623613,0.7447951,0.8801673,0.87794435
AGGATCGGAACATGTTTT,conv,1.0,0.0,0.0,0.0,-1.0,-1.0,0.26296332,0.8040135,0.5428725,0.4236673,0.2658103,0.3331713,0.38463822,0.35288307,0.46924487,0.58238393,0.32127818,0.64233977,0.63665766,0.8040135,0.6590843,0.5934975,0.6950254,0.59472,0.58735555,0.43631175,0.26296332,0.4476697,0.60126686,0.7403442,0.5695239,0.7869431,0.617573,0.7634454
AGGAACTAAAATCGTGAA,conv,1.0,0.0,0.0,0.0,-1.0,-1.0,0.60705835,0.9840873,0.8038663,0.6363061,0.7262738,0.72017175,0.63539714,0.65143174,0.63644195,0.70384794,0.7752144,0.70531505,0.772103,0.98188466,0.87890035,0.91014856,0.92669743,0.88092226,0.7811841,0.7092023,0.60705835,0.83997816,0.96035194,0.89059645,0.9840873,0.93859833,0.914205,0.9303394
AGGATCGAAAGACGTTTT,conv,1.0,0.0,0.0,0.0,-1.0,-1.0,0.47618163,0.9685425,0.6895648,0.5350523,0.47618163,0.5462607,0.5137423,0.49937385,0.61073947,0.7066213,0.5939615,0.8117046,0.81088275,0.9685425,0.88103116,0.8710515,0.8969943,0.8116695,0.55038685,0.4793318,0.5340237,0.5209563,0.7087936,0.6983395,0.77848595,0.8416641,0.7777989,0.8155325
GGGGTACGGCCTCGTCGT,conv,1.0,0.0,0.0,0.0,-1.0,-1.0,0.050953593,0.72819936,0.33675045,0.1949162,0.079122454,0.050953593,0.13847013,0.18223527,0.38172185,0.3049205,0.25433418,0.23242544,0.2818206,0.13928771,0.3612342,0.09328408,0.15876704,0.23563328,0.70063686,0.4041991,0.38512447,0.31569883,0.5930137,0.65696424,0.47101754,0.72819936,0.42977273,0.6450076
GGGGTAGGACGTCCTATG,conv,1.0,0.0,0.0,0.0,-1.0,-1.0,0.07817351,0.8263371,0.4933352,0.2858372,0.10001304,0.07817351,0.19861984,0.21359211,0.43351376,0.5354821,0.37738982,0.52634275,0.49137822,0.56304425,0.69137627,0.23912469,0.46086785,0.52302855,0.8263371,0.50853574,0.595098,0.6074467,0.61467725,0.70273364,0.57208425,0.7598001,0.6782757,0.75060713
GCCATCCGCCCATCGCCT,conv,1.0,0.0,0.0,0.0,-1.0,-1.0,0.19962397,0.618882,0.3727079,0.3109346,0.36950216,0.38840404,0.28205726,0.40106267,0.48309264,0.3417084,0.26281118,0.23572834,0.3369302,0.3351312,0.34544116,0.33631036,0.2888333,0.47900033,0.5278551,0.36686862,0.2970926,0.19962397,0.30707458,0.5663454,0.45158622,0.45876187,0.32665974,0.618882
AGGATTGGACCACGTTTT,conv,1.0,0.0,0.0,0.0,-1.0,-1.0,0.17935641,0.92741597,0.49976367,0.3435623,0.17935641,0.20964944,0.30221352,0.2798989,0.45210752,0.50246733,0.19247052,0.41808572,0.56712854,0.5646578,0.510324,0.4510348,0.49784368,0.42924336,0.4819223,0.4930407,0.38049495,0.41943768,0.6584045,0.7836301,0.8640071,0.896985,0.6887107,0.92741597
GGCCGCCACCCCCCGCCG,conv,1.0,0.0,0.0,0.0,-1.0,-1.0,0.22927764,0.794105,0.51942545,0.340226,0.4676736,0.42810252,0.29970697,0.44475126,0.6254474,0.5261415,0.5343458,0.46346426,0.4395062,0.7631941,0.538962,0.7328534,0.5324909,0.6971168,0.4422053,0.49766484,0.5137413,0.22927764,0.30188635,0.6319072,0.7440336,0.56603765,0.4307926,0.794105
GCCGGACCGACTCTAGAG,conv,1.0,0.0,0.0,0.0,-1.0,-1.0,0.32374403,0.8799556,0.5995781,0.3502535,0.3671509,0.3914017,0.32374403,0.39525354,0.5357297,0.6443108,0.7796141,0.6217227,0.54137856,0.70228124,0.5678866,0.4502555,0.5415738,0.6719716,0.71025825,0.4608977,0.7736417,0.54918206,0.8799556,0.66561687,0.86715835,0.7296208,0.80714935,0.66144186
GCCATTCGACCATCTCCT,conv,1.0,0.0,0.0,0.0,-1.0,-1.0,0.28284678,0.8362087,0.50353587,0.29989284,0.28284678,0.34629485,0.28789607,0.36793575,0.5110635,0.42242068,0.3323035,0.3140064,0.50453955,0.5191787,0.58377314,0.3503694,0.45368406,0.6299776,0.63934386,0.36108905,0.45841867,0.28372344,0.751928,0.6763468,0.8362087,0.7864425,0.8122776,0.77643675
GGCATCCGCCCCCCGCCT,conv,1.0,0.0,0.0,0.0,-1.0,-1.0,0.21646512,0.85249937,0.41838363,0.30196366,0.33949274,0.33689445,0.2602221,0.39074624,0.514844,0.34254152,0.2274985,0.26301894,0.30892187,0.53936994,0.39916703,0.50422543,0.28702426,0.53968877,0.5941377,0.38964483,0.41999623,0.21646512,0.23027547,0.71153575,0.66116065,0.53830224,0.28995407,0.85249937
ATGAACGTAACTCCAGAG,conv,1.0,0.0,0.0,0.0,-1.0,-1.0,0.459503,0.9617915,0.6896431,0.5199549,0.5929827,0.62163484,0.53910893,0.5256139,0.6388436,0.6410879,0.7971145,0.459503,0.66013134,0.8833573,0.6012331,0.7469888,0.6485595,0.7495949,0.56393313,0.53934556,0.49341318,0.74161345,0.79665697,0.8372364,0.9617915,0.89454067,0.867917,0.9189212
GGGGTATGGCGTCATAGT,conv,1.0,0.0,0.0,0.0,-1.0,-1.0,0.042576894,0.7657433,0.31286564,0.22776859,0.0644911,0.042576894,0.15158378,0.1640934,0.27545354,0.27474174,0.10894875,0.21079944,0.3076397,0.09634761,0.34955314,0.05312911,0.18843529,0.1738698,0.7657433,0.35755697,0.50982976,0.30617395,0.35565394,0.7558023,0.4396262,0.7294621,0.4953063,0.4170559
GGGATACGGCCACGTTTT,conv,1.0,0.0,0.0,0.0,-1.0,-1.0,0.17804013,0.88277256,0.5111325,0.31958365,0.17935571,0.17804013,0.2583364,0.27701753,0.5599292,0.56126094,0.42059422,0.4647636,0.50764704,0.66225904,0.65083903,0.48786443,0.5021069,0.61189324,0.6254128,0.44207552,0.3850917,0.25881967,0.7179287,0.7700314,0.7331026,0.8490102,0.4725751,0.88277256
GGGGGACGGCACATCAGG,conv,1.0,0.0,0.0,0.0,-1.0,-1.0,0.23806423,0.9320179,0.6308244,0.39660898,0.29703447,0.23806423,0.29437542,0.37896514,0.5955257,0.7511585,0.6843882,0.75010693,0.7041315,0.9320179,0.82852596,0.74479085,0.7387447,0.8084304,0.7456056,0.5246125,0.5455984,0.700265,0.6367283,0.874561,0.6086964,0.5382033,0.65259564,0.8008754
AGCATCGCAACAGCTTTT,conv,1.0,0.0,0.0,0.0,-1.0,-1.0,0.35852283,0.86107904,0.5817275,0.4442905,0.523466,0.5686956,0.44868767,0.47047228,0.5884376,0.55621415,0.4326887,0.51176643,0.63095933,0.86107904,0.65257996,0.78532165,0.7828609,0.6710742,0.4693916,0.51497126,0.49471772,0.35852283,0.6448337,0.5683041,0.6656777,0.6494898,0.55928624,0.68939763
GGGGTACAGACCCCAACT,conv,1.0,0.0,0.0,0.0,-1.0,-1.0,0.43380156,0.98294914,0.7203094,0.47512946,0.5114875,0.55365795,0.43380156,0.49022293,0.70986116,0.8062059,0.7659576,0.8155536,0.8038073,0.98294914,0.93709373,0.94107366,0.88829607,0.91499525,0.7575068,0.47375053,0.5565659,0.68927914,0.53742766,0.8541587,0.7894526,0.7776013,0.8100936,0.7318064
ATGAACGTCGAGCGAGAA,conv,1.0,0.0,0.0,0.0,-1.0,-1.0,0.16973233,0.8548543,0.4424646,0.47647524,0.46342844,0.4852289,0.46104282,0.4673952,0.4863985,0.41966102,0.30708453,0.41347557,0.45460823,0.35224244,0.26203376,0.22090864,0.2728832,0.16973233,0.34941423,0.39674225,0.18992372,0.40171903,0.67051077,0.5497402,0.6483323,0.82395405,0.46382427,0.8548543
AAGAACGTACAGACAATG,conv,1.0,0.0,0.0,0.0,-1.0,-1.0,0.36753136,0.9700206,0.74913347,0.6820952,0.83337206,0.76182044,0.6885156,0.7347968,0.7017069,0.81212974,0.85436386,0.6726671,0.7993697,0.9700206,0.5978255,0.8636321,0.8366053,0.748176,0.5393719,0.7472371,0.36753136,0.66884196,0.65305847,0.8203704,0.92027295,0.76516473,0.7912647,0.8981267
GGGGTACAGACTCTAATG,conv,1.0,0.0,0.0,0.0,-1.0,-1.0,0.2464014,0.9499991,0.67347366,0.4036399,0.2464014,0.29920626,0.33598462,0.33463103,0.5952873,0.7513348,0.77007097,0.7067008,0.7146197,0.9499991,0.8835224,0.8120768,0.8024798,0.8908656,0.78608584,0.5845304,0.6668812,0.7658229,0.7147947,0.7543853,0.88666284,0.68771213,0.8887579,0.60438865
GGCATCGGAACATGTCTT,conv,1.0,0.0,0.0,0.0,-1.0,-1.0,0.25412554,0.8238154,0.54235387,0.36720183,0.25412554,0.30254665,0.3223393,0.3285294,0.4906389,0.52980447,0.4034231,0.6168363,0.6076504,0.8238154,0.7400426,0.5253527,0.7534982,0.7420009,0.6727791,0.3753102,0.35459653,0.35428482,0.616903,0.59033793,0.6546039,0.6678041,0.7408546,0.7235672
GGCATCCGGTCATGTCCT,conv,1.0,0.0,0.0,0.0,-1.0,-1.0,0.05569087,0.74729013,0.30838642,0.22168627,0.1127557,0.11337512,0.18668678,0.23727243,0.30841365,0.2574772,0.114715524,0.1515931,0.24432665,0.08123788,0.1710868,0.05569087,0.12291611,0.17780489,0.5668164,0.37369987,0.41573042,0.28698465,0.74729013,0.6458587,0.6479809,0.5386287,0.4758691,0.45376256
TTGAACGTAACGACAGTG,conv,1.0,0.0,0.0,0.0,-1.0,-1.0,0.4084315,0.9423256,0.71285266,0.4579797,0.4140633,0.47959903,0.4569211,0.4084315,0.68584216,0.74755615,0.8221968,0.72642845,0.78986365,0.8999187,0.77486116,0.7943128,0.835189,0.8415115,0.61740386,0.621306,0.5396392,0.71917677,0.69919425,0.8029289,0.9408446,0.89704615,0.9067776,0.9423256
GGGGGACCGAACATCATG,conv,1.0,0.0,0.0,0.0,-1.0,-1.0,0.39716566,0.9838262,0.68069124,0.4736887,0.4398487,0.4706405,0.39716566,0.47864,0.6676046,0.8120377,0.82320946,0.84913844,0.8184998,0.9838262,0.91542804,0.91882205,0.9066899,0.9025025,0.752111,0.5734568,0.42306513,0.7676117,0.6534781,0.6529874,0.6415894,0.54719293,0.52633405,0.6217129
GGCCGCCAGCCCCCGCCG,conv,1.0,0.0,0.0,0.0,-1.0,-1.0,0.2505594,0.77510184,0.49364662,0.31307346,0.40350857,0.35565713,0.2762194,0.41278014,0.58521515,0.4440338,0.29525694,0.39200044,0.39756954,0.7468599,0.5651656,0.5842147,0.44914636,0.6443272,0.4623079,0.5515367,0.5106723,0.2505594,0.41244972,0.7097069,0.77510184,0.59285545,0.47772697,0.7332211
ACCGGACCGAAGCTAGAG,conv,1.0,0.0,0.0,0.0,-1.0,-1.0,0.4426899,0.9341791,0.6697986,0.51027477,0.6472564,0.63778466,0.5152095,0.5769885,0.55619526,0.64010656,0.759082,0.6541854,0.64711416,0.88354504,0.6585676,0.6566633,0.69359577,0.6095707,0.64367867,0.4426899,0.6673114,0.76024836,0.9341791,0.6956989,0.85237575,0.7851803,0.6396485,0.67781717
AGCATCGAAAGTCGTGTT,conv,1.0,0.0,0.0,0.0,-1.0,-1.0,0.37676677,0.8417586,0.5612964,0.42338035,0.37693286,0.41569167,0.41506454,0.389659,0.4732918,0.41721985,0.37676677,0.50435936,0.57952595,0.65601045,0.58491415,0.442371,0.61090004,0.3873171,0.7417346,0.46658,0.6491661,0.6857697,0.7065134,0.5570959,0.8417586,0.79082155,0.7950948,0.74447155
GGGTAAGGGCACACCAGT,conv,1.0,0.0,0.0,0.0,-1.0,-1.0,0.39843732,0.96913725,0.6803722,0.47245118,0.41287884,0.41062865,0.39843732,0.4478502,0.6649322,0.7654918,0.72402036,0.68305695,0.7366046,0.96913725,0.88226634,0.858085,0.8029404,0.8525804,0.801912,0.5699065,0.45694092,0.8372785,0.45796326,0.8877966,0.75646895,0.61854464,0.66284454,0.8782892
GGCGGACAGAATCTAATG,conv,1.0,0.0,0.0,0.0,-1.0,-1.0,0.4602089,0.98185927,0.73119324,0.5106985,0.46670163,0.5534475,0.4602089,0.5051191,0.6168479,0.8126008,0.7821873,0.836112,0.79718465,0.98185927,0.9141256,0.882865,0.9132869,0.9125848,0.8157053,0.65233606,0.84263396,0.75306666,0.74570704,0.66834617,0.94290936,0.5535162,0.893783,0.46599776
CCCGGACAGACTCTAATG,conv,1.0,0.0,0.0,0.0,-1.0,-1.0,0.33417764,0.8834703,0.6697107,0.4259351,0.5261888,0.5643258,0.42614073,0.48231444,0.58222175,0.74749875,0.84446687,0.7250621,0.6826714,0.8726378,0.7774082,0.6571741,0.76181597,0.78182566,0.8064747,0.6430087,0.7712815,0.6429604,0.67724395,0.70065165,0.8834703,0.5632737,0.8625364,0.33417764
GGGATTGGAACATGTCTT,conv,1.0,0.0,0.0,0.0,-1.0,-1.0,0.11611711,0.83087206,0.5131294,0.3383754,0.11611711,0.12892015,0.262964,0.23781097,0.39260456,0.4594959,0.20915906,0.51098585,0.63251686,0.7495307,0.7708264,0.43178594,0.7167756,0.74711066,0.6579926,0.28969762,0.33659014,0.48133135,0.65058744,0.61300707,0.80789816,0.76317996,0.83087206,0.6920984
TAGAGCGTAACGAAAGCG,conv,1.0,0.0,0.0,0.0,-1.0,-1.0,0.46912307,0.9494707,0.7145441,0.5705437,0.59323984,0.631306,0.55675083,0.5647897,0.61692774,0.66930556,0.5658411,0.7776675,0.68986404,0.9494707,0.6384637,0.8282277,0.8457727,0.79796493,0.46912307,0.5928477,0.78486675,0.79544175,0.666458,0.81565034,0.84763175,0.82909036,0.85303587,0.91332126
TGCATCCGATCAGGTCCT,conv,1.0,0.0,0.0,0.0,-1.0,-1.0,0.13455603,0.8276628,0.39880067,0.2654397,0.1765015,0.20123674,0.24386927,0.28628674,0.42326504,0.31390357,0.18229471,0.29059812,0.39686745,0.15390974,0.28466037,0.13455603,0.2905807,0.3242039,0.5337819,0.45706242,0.5679807,0.31363443,0.6710086,0.62520194,0.8276628,0.6780314,0.68266845,0.6448106
AGGAGCGAACGTACAGTG,conv,1.0,0.0,0.0,0.0,-1.0,-1.0,0.52227706,0.96244633,0.7400668,0.55206615,0.5697702,0.60795367,0.52227706,0.56800395,0.60638267,0.74705154,0.6543338,0.7021178,0.77126384,0.96244633,0.7371017,0.85499614,0.8289328,0.7894852,0.682894,0.75416636,0.5921562,0.80847514,0.8515288,0.78241694,0.92205364,0.7956277,0.92081124,0.9173562
GGGGTAGGGCGCCACAGT,conv,1.0,0.0,0.0,0.0,-1.0,-1.0,0.084928244,0.6859873,0.37125653,0.29753464,0.14581998,0.084928244,0.19915281,0.24474545,0.46444124,0.48724967,0.26001617,0.41044042,0.46320772,0.50083035,0.63677686,0.23260851,0.38039297,0.30018035,0.6859873,0.33158797,0.39724416,0.38714388,0.18943289,0.6654457,0.14142576,0.59091955,0.3551002,0.42880002
AAGTAGGTACAGAATACG,conv,1.0,0.0,0.0,0.0,-1.0,-1.0,0.4875083,0.9552205,0.7211146,0.61135495,0.61143357,0.6517402,0.6004885,0.5936446,0.65705466,0.7887863,0.5912757,0.5953666,0.70840865,0.9414953,0.4875083,0.78103137,0.73232305,0.62430555,0.5447766,0.7674981,0.74485517,0.76632774,0.79755396,0.8932899,0.9552205,0.8444604,0.82049406,0.91716903
GGGGTATGGCGTCGTTTT,conv,1.0,0.0,0.0,0.0,-1.0,-1.0,0.017152658,0.72692037,0.23513453,0.14766763,0.03468015,0.017152658,0.094733156,0.11518925,0.20391862,0.1849364,0.06365182,0.14358895,0.19730254,0.02403904,0.20203374,0.019538894,0.08877766,0.040916894,0.6906181,0.33809367,0.509468,0.17878795,0.5097173,0.5745846,0.15714042,0.72692037,0.208683,0.40622225
GGGGGACAGAACAACAGT,conv,1.0,0.0,0.0,0.0,-1.0,-1.0,0.48119864,0.9970765,0.78018534,0.6364765,0.6965079,0.7104766,0.57316774,0.66912264,0.7546479,0.8868428,0.8721163,0.8832038,0.911462,0.9970765,0.96736765,0.97683764,0.97031903,0.95348996,0.79382664,0.5787635,0.48119864,0.7286886,0.73587084,0.768131,0.79248065,0.67515135,0.80787414,0.6835343
GGGGGACGGCAGATCAGT,conv,1.0,0.0,0.0,0.0,-1.0,-1.0,0.17142513,0.8511339,0.5990259,0.38822865,0.22997168,0.17142513,0.2716156,0.34319466,0.530526,0.6843076,0.51309776,0.7405448,0.649199,0.8289965,0.77023643,0.5453217,0.6620435,0.65752727,0.75600123,0.53997415,0.64317596,0.6249173,0.66441935,0.8511339,0.7025667,0.66697407,0.76377124,0.7764787
AGGATCTAAAGACGTTTT,conv,1.0,0.0,0.0,0.0,-1.0,-1.0,0.36700618,0.91975814,0.6564702,0.4884822,0.3950882,0.4801304,0.48261255,0.42961493,0.59166276,0.6715988,0.5460444,0.6914046,0.7830202,0.91975814,0.8398143,0.81254387,0.8474451,0.79070216,0.51979697,0.36700618,0.5582466,0.53887725,0.78885674,0.7073192,0.8111812,0.84685534,0.7804477,0.7232456
AGGAGCGTAACTACATTG,conv,1.0,0.0,0.0,0.0,-1.0,-1.0,0.45724466,0.92424333,0.6950798,0.5091776,0.45724466,0.54324204,0.48657438,0.48563445,0.5901132,0.7209236,0.7102333,0.6632001,0.71889037,0.92424333,0.59858304,0.80438733,0.75501686,0.80439335,0.69634974,0.6722798,0.47875506,0.6908062,0.8457063,0.7808823,0.86753964,0.7811017,0.90030754,0.8914073
AAGTAGGGGCAGAACACG,conv,1.0,0.0,0.0,0.0,-1.0,-1.0,0.24574026,0.8948882,0.60193485,0.5896927,0.6050764,0.62020594,0.5498572,0.60030705,0.58134156,0.71117514,0.38996223,0.5806143,0.6089212,0.8948882,0.42522627,0.54269737,0.5156586,0.24574026,0.44638816,0.7262919,0.54971105,0.7332002,0.49673566,0.8285556,0.8588122,0.703543,0.4428902,0.80087805
ACGTGACCGCAGAACAGG,conv,1.0,0.0,0.0,0.0,-1.0,-1.0,0.40232202,0.91571504,0.6979793,0.5077296,0.62735265,0.63013744,0.5102887,0.5623065,0.6012842,0.66188884,0.6089724,0.676636,0.678743,0.8973755,0.64884704,0.80182874,0.73552096,0.6830619,0.6768315,0.676485,0.40232202,0.7438061,0.86336714,0.83568776,0.91571504,0.8337465,0.81488574,0.85466474
AGGAACTACAATCGAGAA,conv,1.0,0.0,0.0,0.0,-1.0,-1.0,0.45025298,0.97102046,0.78008604,0.63205665,0.7571776,0.72599703,0.6370999,0.66687495,0.67316896,0.76945573,0.85483766,0.79207426,0.8057018,0.97102046,0.78369516,0.90000105,0.8928977,0.84495795,0.6230541,0.7091533,0.45025298,0.80467004,0.8894697,0.8101382,0.9480108,0.8513435,0.8445688,0.86447084
GGGGTAGGGCGCAACAGT,conv,1.0,0.0,0.0,0.0,-1.0,-1.0,0.11972008,0.7149105,0.44715866,0.35414284,0.18089315,0.11972008,0.23810434,0.28927472,0.48924035,0.543852,0.35927182,0.6021894,0.5687491,0.67471236,0.68065786,0.3592085,0.57149357,0.4173336,0.7149105,0.41501778,0.36858204,0.462146,0.22063564,0.6669115,0.15694262,0.55838513,0.5390253,0.627566
GGGGGACAGAATATCATG,conv,1.0,0.0,0.0,0.0,-1.0,-1.0,0.40408972,0.98939437,0.74011123,0.52900887,0.40408972,0.4690014,0.44386107,0.48613244,0.65312606,0.8376156,0.7817139,0.8671457,0.8301119,0.98939437,0.9423649,0.9204237,0.9284121,0.93259144,0.86496145,0.7126504,0.6742682,0.85293543,0.73199546,0.701577,0.88745207,0.6270113,0.8270974,0.60784185
AGGATCTAAAGTCCTTTT,conv,1.0,0.0,0.0,0.0,-1.0,-1.0,0.25754207,0.8692186,0.5833652,0.3980299,0.25754207,0.34611547,0.3880522,0.33301064,0.49966195,0.511225,0.4122407,0.398756,0.6292361,0.7700942,0.7196324,0.58960396,0.60330755,0.6868217,0.6887233,0.46084392,0.5360147,0.68242204,0.76316893,0.7547061,0.8692186,0.81154704,0.79612046,0.67803466
ATGAACGAAAATCGAGAA,conv,1.0,0.0,0.0,0.0,-1.0,-1.0,0.3741041,0.9909242,0.8074693,0.6809542,0.81125706,0.7554202,0.68062186,0.71698004,0.68664515,0.7607541,0.8093362,0.80112326,0.8201706,0.9909242,0.90500236,0.93668884,0.9540345,0.8995834,0.7225243,0.66552657,0.3741041,0.8163081,0.89447904,0.78270483,0.9714254,0.9235884,0.9122913,0.9142865
TGCATCGGATCAGGTCTT,conv,1.0,0.0,0.0,0.0,-1.0,-1.0,0.079111055,0.66433954,0.33033943,0.24886501,0.11258881,0.12048629,0.21206535,0.23084295,0.34785584,0.27608633,0.14252776,0.26467028,0.35571924,0.092866294,0.23317346,0.079111055,0.27124497,0.1905348,0.42718393,0.4331117,0.41861218,0.33283788,0.51379716,0.47179714,0.66433954,0.62725055,0.6208274,0.57009035
AAGAACGTAAAGACAATG,conv,1.0,0.0,0.0,0.0,-1.0,-1.0,0.34714496,0.98928565,0.7600969,0.72048455,0.86545056,0.78779656,0.72267157,0.77479255,0.69977367,0.80264384,0.83879787,0.7290793,0.8251338,0.98928565,0.7828883,0.9074914,0.93061674,0.8468247,0.54689115,0.70307016,0.34714496,0.645729,0.5815912,0.7476179,0.9119531,0.7356487,0.7675311,0.79151565
GGCCGACACACCCTGCCG,conv,1.0,0.0,0.0,0.0,-1.0,-1.0,0.29950953,0.92955303,0.5803439,0.39674246,0.54946476,0.5378093,0.38572943,0.48441544,0.6518816,0.7044108,0.7927374,0.5800639,0.61192036,0.92955303,0.7681034,0.84115785,0.7683025,0.8259167,0.38408923,0.3068636,0.5917234,0.3232986,0.29950953,0.525912,0.68949115,0.36268213,0.4379271,0.7588917
GGCCCCCGCCCCCCGCCC,conv,1.0,0.0,0.0,0.0,-1.0,-1.0,0.1427036,0.6699695,0.37520477,0.3148427,0.4005147,0.36580858,0.2554327,0.42543635,0.5448803,0.39483026,0.35902327,0.3665713,0.3309051,0.50534594,0.32687113,0.43502298,0.30748796,0.49267924,0.36569366,0.35449204,0.35508287,0.1427036,0.20233499,0.46624568,0.4054696,0.3707802,0.2216961,0.6699695
GGCATCCGGTCATGTCTT,conv,1.0,0.0,0.0,0.0,-1.0,-1.0,0.053046215,0.72138625,0.27487653,0.21103884,0.09627495,0.0984398,0.17498058,0.22026761,0.29630452,0.25072637,0.11428196,0.139276,0.23273425,0.06723085,0.15706582,0.053046215,0.12686947,0.15711516,0.59607106,0.41993946,0.28711343,0.2457794,0.72138625,0.46974102,0.5441427,0.45758867,0.4408615,0.29363737
TGCATCGGAACAGGTGTT,conv,1.0,0.0,0.0,0.0,-1.0,-1.0,0.20575707,0.7832398,0.5146133,0.3324185,0.20575707,0.21758181,0.28815547,0.2816225,0.47936997,0.47252396,0.38147086,0.5499527,0.59963953,0.5224228,0.63876325,0.38394308,0.7377903,0.46632645,0.5823256,0.4488447,0.65738845,0.4782621,0.60756004,0.6325032,0.73313457,0.7832398,0.63845277,0.7458823
GGCATCCGATCAGGTCCT,conv,1.0,0.0,0.0,0.0,-1.0,-1.0,0.19365081,0.8261306,0.42312995,0.29893088,0.22176921,0.23155767,0.26610923,0.30800804,0.45127907,0.3467907,0.21741603,0.3242935,0.40945244,0.28133217,0.32172424,0.19365081,0.3569019,0.42099825,0.47649345,0.4518919,0.49489382,0.25037524,0.73940194,0.6347207,0.8261306,0.68233055,0.75779617,0.6140008
GGGTAACGGAACCACAGT,conv,1.0,0.0,0.0,0.0,-1.0,-1.0,0.46650967,0.9870738,0.7326736,0.54463136,0.5758685,0.6249056,0.50660557,0.551501,0.7172921,0.8288159,0.84750956,0.767535,0.8328999,0.9870738,0.9349104,0.93957233,0.91689426,0.91226465,0.7426633,0.46650967,0.53470576,0.7509659,0.656572,0.8459167,0.89667606,0.7068977,0.5911827,0.6364706
GCGGGACCGAAGATCAAG,conv,1.0,0.0,0.0,0.0,-1.0,-1.0,0.4526443,0.9713093,0.7255457,0.5062021,0.52833736,0.5660652,0.4526443,0.5382957,0.59965587,0.76713806,0.7307688,0.82508945,0.7846733,0.9713093,0.8793366,0.8397262,0.89160496,0.8637002,0.8473395,0.58702147,0.5543248,0.80324143,0.83399177,0.7406942,0.82098687,0.8306412,0.6530668,0.72278684
AGCATCTAAAGTCGTGTT,conv,1.0,0.0,0.0,0.0,-1.0,-1.0,0.3023627,0.867427,0.50919354,0.3794127,0.3023627,0.3513745,0.38189897,0.3382349,0.44676825,0.37815347,0.32882237,0.3130082,0.52654475,0.40706196,0.4898184,0.3312971,0.48936966,0.3668714,0.7058765,0.38588044,0.66565496,0.6625385,0.7957971,0.5870176,0.867427,0.7992185,0.8002364,0.62919277
AGGAAAGTACGGACAATG,conv,1.0,0.0,0.0,0.0,-1.0,-1.0,0.3612759,0.97401935,0.739415,0.6577836,0.7158572,0.7141779,0.63496965,0.6753932,0.6444252,0.7708654,0.81200254,0.75008667,0.7907831,0.97401935,0.73754555,0.8520533,0.80539024,0.77821654,0.6755966,0.58922184,0.3612759,0.75163794,0.7114957,0.728299,0.84070045,0.74518615,0.8388618,0.92953116
AAGAACGTACAGAAAACG,conv,1.0,0.0,0.0,0.0,-1.0,-1.0,0.47694996,0.9842823,0.7981781,0.7165177,0.87221557,0.7919402,0.7227671,0.7783627,0.69907457,0.8058994,0.8553316,0.7346831,0.8151006,0.9842823,0.6435345,0.8923146,0.9020767,0.8015766,0.47694996,0.8283089,0.5888825,0.73572886,0.7696995,0.889818,0.9508012,0.8291983,0.91054213,0.9588438
GGGATACGGCCCCGTCCT,conv,1.0,0.0,0.0,0.0,-1.0,-1.0,0.18472236,0.9031146,0.4696995,0.2925059,0.213073,0.18472236,0.24785662,0.30150354,0.5267674,0.4340606,0.3138876,0.36036104,0.3751949,0.60085243,0.566865,0.38158375,0.2833439,0.51877785,0.6672968,0.42398265,0.3349884,0.45525,0.53807753,0.8241383,0.7475813,0.816656,0.43004736,0.9031146
GGCCTCCGCCCCCCGCCG,conv,1.0,0.0,0.0,0.0,-1.0,-1.0,0.15612161,0.8131153,0.364617,0.2699035,0.27763593,0.2643232,0.21048534,0.36344507,0.48260528,0.34152958,0.23328975,0.23486196,0.29416978,0.4097154,0.33500114,0.35530254,0.26393428,0.49076083,0.4931923,0.3117036,0.44949773,0.15612161,0.1904354,0.62295794,0.5491428,0.4930359,0.20926031,0.8131153
GGCATTCGATCATGTCCT,conv,1.0,0.0,0.0,0.0,-1.0,-1.0,0.0820233,0.8650072,0.39806852,0.2507832,0.11256983,0.1402858,0.2210025,0.24512598,0.3572983,0.27378234,0.0820233,0.25443253,0.36798394,0.18235251,0.3073864,0.10837132,0.2569116,0.44494486,0.5605234,0.32085064,0.49077708,0.36779594,0.85939986,0.63912785,0.8650072,0.75055224,0.84378844,0.6486358
ATGAGCGTAACTCCAGAG,conv,1.0,0.0,0.0,0.0,-1.0,-1.0,0.42502263,0.9340911,0.6210859,0.45115668,0.42502263,0.48369354,0.44602376,0.43117055,0.54658777,0.53868026,0.45997685,0.43047202,0.5585715,0.76574266,0.5065987,0.61364883,0.543135,0.68846124,0.59886706,0.547434,0.57044435,0.71530616,0.80678344,0.83424735,0.9340911,0.89574134,0.84367937,0.8916117
ATGAGCGTAAAGAGAGAA,conv,1.0,0.0,0.0,0.0,-1.0,-1.0,0.29228652,0.9506594,0.6929441,0.62294996,0.6130717,0.65333325,0.5929764,0.60608,0.5630951,0.64912844,0.32467663,0.6744931,0.7333977,0.9506594,0.7174217,0.8211821,0.8955413,0.7781808,0.5893761,0.42773002,0.29228652,0.70222616,0.8422273,0.7472104,0.83564466,0.9236702,0.86131173,0.9057321
CCCGGACACACTCTAATG,conv,1.0,0.0,0.0,0.0,-1.0,-1.0,0.41789836,0.9042227,0.6624437,0.4283136,0.58986366,0.60034233,0.4248542,0.50415134,0.624942,0.74916357,0.9042227,0.6633688,0.6965841,0.8805261,0.7435976,0.778208,0.8122876,0.80506986,0.78437495,0.5729791,0.78371674,0.5515451,0.50424105,0.58701134,0.84232646,0.50067353,0.8108282,0.41789836
GGGGTACAGACTCCAAGG,conv,1.0,0.0,0.0,0.0,-1.0,-1.0,0.36049235,0.967951,0.69095033,0.4349309,0.36049235,0.3866893,0.37103063,0.40278575,0.6520969,0.7454756,0.7515137,0.72983307,0.74612594,0.967951,0.90579575,0.89062047,0.8397832,0.9043507,0.72501403,0.46851426,0.58501166,0.73791295,0.69556606,0.8040029,0.88630086,0.74440295,0.8498362,0.687721
GGGGAACAGACTCAAAGG,conv,1.0,0.0,0.0,0.0,-1.0,-1.0,0.5683307,0.9937184,0.7781854,0.60789025,0.6633146,0.6872897,0.5683307,0.63436776,0.70150965,0.81685114,0.88542646,0.8591574,0.8511622,0.9937184,0.94068223,0.95484084,0.9407342,0.93842316,0.6907958,0.5704352,0.6106636,0.70676064,0.7573526,0.808997,0.93437463,0.7396919,0.8984082,0.693458
AGCATCGCAAAACGAGTA,conv,1.0,0.0,0.0,0.0,-1.0,-1.0,0.32335618,0.97472405,0.73318726,0.60455453,0.7628677,0.71859753,0.61586833,0.6588493,0.66543436,0.66351306,0.645807,0.80068624,0.76562923,0.97472405,0.84412724,0.9079585,0.94977593,0.8644392,0.46751666,0.6636394,0.32335618,0.64358777,0.86881703,0.6344769,0.87306404,0.7523866,0.81087756,0.84912926
GGGGTAGGGCGTACCAGT,conv,1.0,0.0,0.0,0.0,-1.0,-1.0,0.060205873,0.80638856,0.34610078,0.2789834,0.09974062,0.060205873,0.17947525,0.20523518,0.41763082,0.46155387,0.25841692,0.37819982,0.43447745,0.24741736,0.48955992,0.10022627,0.266619,0.20734178,0.80638856,0.402768,0.3631251,0.47328445,0.22975859,0.55641216,0.22094096,0.4728268,0.47470537,0.5672258
GGGGTATGACGTCCTTTG,conv,1.0,0.0,0.0,0.0,-1.0,-1.0,0.050827894,0.800984,0.3949345,0.21172956,0.06336363,0.050827894,0.15495424,0.17021799,0.32505938,0.36281177,0.19352694,0.290997,0.41682228,0.26272848,0.55743027,0.11234113,0.28144208,0.43817165,0.73755395,0.3914652,0.61214924,0.4284055,0.7073509,0.71873116,0.3704521,0.800984,0.47942632,0.7344188
GGGGAACGGACTCAAAGT,conv,1.0,0.0,0.0,0.0,-1.0,-1.0,0.45183814,0.9792997,0.69452745,0.52699906,0.49051097,0.53153217,0.45965,0.52657956,0.6283724,0.7564518,0.84470594,0.81335056,0.7754003,0.9792997,0.8764104,0.88658094,0.8639582,0.88791686,0.69794714,0.45183814,0.50846136,0.54621524,0.6100471,0.8098233,0.8505482,0.68502647,0.80279607,0.5527663
ATGAGCGTCAAGAGAGAA,conv,1.0,0.0,0.0,0.0,-1.0,-1.0,0.18455218,0.8298169,0.55622464,0.5439908,0.5232594,0.57143027,0.519642,0.53198117,0.50416285,0.56873506,0.2571124,0.6184549,0.67841345,0.7683592,0.43998513,0.6201743,0.7061723,0.5421727,0.46835446,0.3584476,0.18455218,0.5753434,0.6789249,0.62084836,0.47381243,0.8131182,0.50835097,0.8298169
CCCGGACCGACTCTAGAG,conv,1.0,0.0,0.0,0.0,-1.0,-1.0,0.34560272,0.90058917,0.5982208,0.35154137,0.43609014,0.4630492,0.34560272,0.42528614,0.5399771,0.64131284,0.8087876,0.6225525,0.5284894,0.567925,0.5410439,0.382025,0.50316566,0.57782626,0.7101259,0.46488422,0.7735654,0.65709317,0.90058917,0.7055994,0.8712591,0.7143218,0.76970327,0.65370417
GGGGGACCGAAGATAAAG,conv,1.0,0.0,0.0,0.0,-1.0,-1.0,0.470412,0.9880854,0.7710356,0.557754,0.5073023,0.54279315,0.470412,0.55850375,0.64890575,0.8010721,0.78479856,0.864674,0.8302715,0.9880854,0.91943914,0.91542864,0.93839014,0.91113365,0.8349921,0.6088897,0.6237697,0.8437816,0.87310773,0.79714185,0.9131522,0.79879653,0.8707501,0.8725451
GGGTAAGGGCCTCACAGT,conv,1.0,0.0,0.0,0.0,-1.0,-1.0,0.19425838,0.89070517,0.5432127,0.3657125,0.21740112,0.19425838,0.28354317,0.30713502,0.52712905,0.54973197,0.5522184,0.37434167,0.481831,0.7399289,0.652485,0.45256227,0.44078195,0.6134948,0.7071621,0.6189762,0.4808035,0.74731886,0.39563254,0.85980886,0.89070517,0.7339552,0.6340397,0.7593601
AGGAGCGAAAGTACAGTG,conv,1.0,0.0,0.0,0.0,-1.0,-1.0,0.5902046,0.98795855,0.77836263,0.6255221,0.64914274,0.6788485,0.5902046,0.6373365,0.63505375,0.76042855,0.6787175,0.7934017,0.8313832,0.98795855,0.8751898,0.9146102,0.92640334,0.88185203,0.7206425,0.757571,0.62163955,0.84404325,0.83786196,0.7291875,0.91626865,0.77677065,0.93497324,0.8540551
GGGTGACAGAATCAAAGT,conv,1.0,0.0,0.0,0.0,-1.0,-1.0,0.4989499,0.990369,0.7682963,0.56076396,0.4989499,0.58727854,0.50453895,0.5283429,0.6563346,0.8051955,0.75000113,0.8522467,0.8618411,0.990369,0.9462131,0.9508908,0.94936496,0.939772,0.8036022,0.6372014,0.642602,0.829796,0.8101875,0.849401,0.9683805,0.7577853,0.9426366,0.58371365
CCCCTCCGCCCATCGCCC,conv,1.0,0.0,0.0,0.0,-1.0,-1.0,0.19867587,0.523223,0.32998356,0.30956593,0.37070605,0.37964535,0.25077227,0.41143823,0.46078458,0.34812832,0.32240695,0.20849659,0.3073758,0.27589613,0.30943206,0.21657811,0.24781746,0.3636111,0.523223,0.3727723,0.28519163,0.19867587,0.2537123,0.5027042,0.28205475,0.36429346,0.20328596,0.4810206
GGGGTACGGCCCCCTCGT,conv,1.0,0.0,0.0,0.0,-1.0,-1.0,0.10350117,0.7427247,0.40161625,0.2323324,0.13939777,0.10350117,0.18052791,0.24799296,0.50180036,0.43105918,0.3071836,0.32498473,0.37326106,0.5406846,0.6230547,0.368772,0.27830535,0.54759854,0.71277833,0.31790078,0.29587522,0.41035488,0.43565536,0.7427247,0.286875,0.6549432,0.33102342,0.65182084
GGGGTAGGACGTACCAGG,conv,1.0,0.0,0.0,0.0,-1.0,-1.0,0.13743223,0.8527085,0.5440259,0.36374336,0.17651832,0.13743223,0.26037967,0.28178942,0.52599055,0.6726689,0.51143986,0.5923683,0.655199,0.78295857,0.7602198,0.45029914,0.6353638,0.6906183,0.8139618,0.44936296,0.4709596,0.63431937,0.39470997,0.64491904,0.47030082,0.63647395,0.7359409,0.8527085
AAGTAGGTACAGAAAACG,conv,1.0,0.0,0.0,0.0,-1.0,-1.0,0.49842322,0.97307825,0.75661016,0.66744757,0.7328738,0.7298654,0.64961326,0.6771168,0.6769005,0.7870108,0.64652336,0.6622505,0.7361924,0.97307825,0.577349,0.87349844,0.8418536,0.7305278,0.49842322,0.77257055,0.7351815,0.752882,0.7816898,0.8793408,0.9544759,0.7761163,0.89421445,0.90825886
AGCATCGCAACACCAGTT,conv,1.0,0.0,0.0,0.0,-1.0,-1.0,0.5258092,0.9505685,0.7471889,0.5258092,0.71215737,0.67567813,0.53328735,0.5866779,0.6967656,0.6918038,0.7125665,0.7128487,0.7557736,0.9505685,0.79235774,0.88963276,0.90391815,0.8335656,0.7153732,0.664983,0.5465682,0.71397316,0.8428031,0.76599294,0.92742896,0.77147776,0.8705243,0.8871888
GGCCTTCGGCCCCCGCCG,conv,1.0,0.0,0.0,0.0,-1.0,-1.0,0.100490354,0.7699344,0.31633398,0.20672697,0.14379998,0.117915414,0.15614986,0.27336782,0.40883267,0.2753073,0.10942767,0.16461134,0.2641764,0.2071496,0.31294274,0.100490354,0.16452056,0.27035636,0.41045877,0.25505242,0.41241348,0.21229921,0.39365673,0.6554099,0.73107284,0.61072063,0.2815568,0.7699344
GGGGAAGGGCGCACCAGT,conv,1.0,0.0,0.0,0.0,-1.0,-1.0,0.14751564,0.8858864,0.48781285,0.4281537,0.32555673,0.24043177,0.31868157,0.41129026,0.5195971,0.5929505,0.46406516,0.6252199,0.59627455,0.8858864,0.7842324,0.5713857,0.5642676,0.5655226,0.6736045,0.37924153,0.27789798,0.55294925,0.26071855,0.6806656,0.14751564,0.434319,0.33817986,0.55671155
AGGGTATAACGACCTTTT,conv,1.0,0.0,0.0,0.0,-1.0,-1.0,0.29522583,0.93080777,0.6222435,0.43632397,0.29522583,0.38922358,0.40590858,0.36114582,0.627393,0.7253163,0.5956962,0.67429435,0.7591104,0.93080777,0.8563199,0.842862,0.7661753,0.84081495,0.6472001,0.41923505,0.48426014,0.49938548,0.8081964,0.74396205,0.37773824,0.79651225,0.5675655,0.7054138
GAGTAAGGGCAGAACAGT,conv,1.0,0.0,0.0,0.0,-1.0,-1.0,0.37620983,0.96587765,0.65536463,0.59703106,0.57581544,0.6087171,0.5489158,0.58843946,0.6163351,0.7259783,0.56838185,0.66908586,0.67968404,0.96587765,0.7383872,0.793657,0.77104294,0.67403376,0.70696074,0.645119,0.52767277,0.69409037,0.37620983,0.79736036,0.70026016,0.6121672,0.5168063,0.6860875
GGGTGACAGAACCACAGT,conv,1.0,0.0,0.0,0.0,-1.0,-1.0,0.49673092,0.9919829,0.75043917,0.54259044,0.5754859,0.62652206,0.49673092,0.5489625,0.71333,0.8560959,0.7836705,0.8120709,0.8745099,0.9919829,0.9560234,0.9631248,0.946306,0.9370823,0.764376,0.5068949,0.5562251,0.7728817,0.7318834,0.838535,0.90547085,0.73348063,0.760209,0.56653357
GGGGGACGGAACATCAGT,conv,1.0,0.0,0.0,0.0,-1.0,-1.0,0.3508557,0.97895753,0.65208405,0.4750236,0.369157,0.3508557,0.36921328,0.44917524,0.63002926,0.81401974,0.77300066,0.82565266,0.81888485,0.97895753,0.91345173,0.86568195,0.8858927,0.8851428,0.79134375,0.3752261,0.56212753,0.6841703,0.57591045,0.8058892,0.5392567,0.4790335,0.54553646,0.5394677
GGGATTCGGCCATCGCCT,conv,1.0,0.0,0.0,0.0,-1.0,-1.0,0.10102998,0.8199885,0.37508297,0.23777175,0.11575086,0.10102998,0.19124483,0.2319041,0.4105416,0.32189187,0.108645454,0.24941814,0.37956482,0.25086543,0.47131008,0.14340828,0.22815055,0.41043562,0.4688183,0.38931882,0.32441565,0.33847767,0.49033675,0.77892894,0.8199885,0.6283595,0.5419707,0.7445248
TGCATCCGGTCAGGTCCT,conv,1.0,0.0,0.0,0.0,-1.0,-1.0,0.04080014,0.69744724,0.2862268,0.20648374,0.1062029,0.101462565,0.17557682,0.22633281,0.31887344,0.2411109,0.12977353,0.13996744,0.2579215,0.04250441,0.13298556,0.04080014,0.10317274,0.083565794,0.4750033,0.36905146,0.5082187,0.28653517,0.61958855,0.5753504,0.69744724,0.54648864,0.3299002,0.44135234
GGGTAACGGAACAACAGT,conv,1.0,0.0,0.0,0.0,-1.0,-1.0,0.5103167,0.9918528,0.77634287,0.6050042,0.64241403,0.68116784,0.5653529,0.6118845,0.74235845,0.8524954,0.8761081,0.84322566,0.87354755,0.9918528,0.9446709,0.9548344,0.94892466,0.928751,0.8234312,0.5500003,0.5103167,0.8058334,0.6874493,0.84074455,0.8981121,0.6783035,0.75505626,0.7967325
GGGGTATGGCGTCCTTGG,conv,1.0,0.0,0.0,0.0,-1.0,-1.0,0.022570748,0.62906414,0.24371932,0.15831868,0.044199374,0.022570748,0.10560447,0.13100456,0.21329774,0.18258144,0.06726221,0.10848808,0.19698073,0.045265023,0.29814947,0.026178546,0.0950661,0.0870727,0.62906414,0.28893366,0.44866455,0.35240707,0.5487749,0.615489,0.16391419,0.5840456,0.20777924,0.47187084
GGGGTAGGGCGTCACAGT,conv,1.0,0.0,0.0,0.0,-1.0,-1.0,0.058026977,0.75179374,0.34683526,0.2722902,0.097495474,0.058026977,0.17460299,0.20271556,0.38819784,0.44146296,0.2579837,0.37782133,0.40798408,0.22855678,0.47294134,0.09190422,0.25587496,0.18573019,0.75179374,0.43599567,0.46193323,0.41130793,0.22669987,0.6281944,0.3544937,0.6104586,0.459922,0.41649422
AAGTACGGACAGAAAATG,conv,1.0,0.0,0.0,0.0,-1.0,-1.0,0.6074571,0.98363185,0.7835797,0.67653286,0.78903216,0.7476028,0.66586643,0.7178266,0.67496747,0.8125639,0.7531626,0.7556057,0.77479416,0.98363185,0.72834164,0.9054982,0.9124766,0.75412315,0.6472366,0.8251839,0.6074571,0.7883555,0.6320276,0.8658869,0.9472196,0.8185889,0.89567184,0.90983856
GCCATTCGGCCATCGCCT,conv,1.0,0.0,0.0,0.0,-1.0,-1.0,0.10290229,0.64879036,0.32829404,0.25112092,0.19264784,0.20544027,0.22104153,0.30991054,0.41520008,0.27682775,0.11586425,0.15801777,0.31986314,0.16117798,0.31404263,0.10290229,0.18014188,0.25993553,0.49547538,0.3435043,0.29497367,0.16063543,0.53555864,0.63627756,0.64879036,0.5833675,0.4635257,0.56110775
GGGTGACGGCACAACAGT,conv,1.0,0.0,0.0,0.0,-1.0,-1.0,0.36008757,0.96216613,0.69661224,0.43916526,0.3828754,0.3821246,0.36008757,0.42296872,0.63750607,0.7794552,0.6733568,0.7514538,0.7730635,0.96216613,0.85677004,0.86834604,0.85950726,0.8567418,0.8450783,0.597765,0.55785114,0.67264074,0.64012784,0.8960687,0.83341074,0.7002053,0.82331336,0.8432567
AAGTAAGGGCAGAACAAG,conv,1.0,0.0,0.0,0.0,-1.0,-1.0,0.3949216,0.9730622,0.70315516,0.67944324,0.76342034,0.734666,0.6557565,0.7096635,0.62167084,0.74022067,0.62063843,0.71964055,0.6961658,0.9730622,0.64191556,0.80780274,0.7311302,0.5426137,0.7212051,0.7252101,0.3949216,0.8121767,0.5500466,0.82009786,0.8433013,0.78481597,0.3954777,0.8938118
GGGGGACAGAATCAAAGT,conv,1.0,0.0,0.0,0.0,-1.0,-1.0,0.50421417,0.99440515,0.76717806,0.5961899,0.5699058,0.6284835,0.5214256,0.59546965,0.694058,0.8306882,0.8258923,0.87535065,0.87562215,0.99440515,0.9532548,0.9581503,0.9557748,0.94572276,0.7535248,0.58715636,0.6208505,0.703441,0.8113416,0.7883186,0.9382037,0.7317836,0.92022306,0.50421417
AGCATCGAAACACCTTTT,conv,1.0,0.0,0.0,0.0,-1.0,-1.0,0.51944953,0.9688348,0.738996,0.51944953,0.6621129,0.66420376,0.52845085,0.5539961,0.6792049,0.7355916,0.77784204,0.7657995,0.8134372,0.9688348,0.87229955,0.90178704,0.91882694,0.86710286,0.6547719,0.59502417,0.5329143,0.5260048,0.7603528,0.7698701,0.8631461,0.8325887,0.810347,0.90094453
ATGAGCGTAACGACAGAA,conv,1.0,0.0,0.0,0.0,-1.0,-1.0,0.29228264,0.95022076,0.6942572,0.56033623,0.59072846,0.6297393,0.54946417,0.5605697,0.6321633,0.6963619,0.53045154,0.7242241,0.7405616,0.92631453,0.6615133,0.7952587,0.8071365,0.74443424,0.5491975,0.4598404,0.29228264,0.6454145,0.7906874,0.8256453,0.8957181,0.9254653,0.87269974,0.95022076
AGGAGCGAACGTCCAGTG,conv,1.0,0.0,0.0,0.0,-1.0,-1.0,0.45704657,0.9415056,0.68900687,0.49132708,0.4977423,0.5241661,0.45704657,0.50522286,0.5406515,0.63591325,0.5332352,0.6382967,0.6649042,0.92824656,0.6933667,0.77576506,0.682479,0.6977621,0.6132965,0.74479604,0.61785597,0.8085291,0.83667105,0.83226717,0.9415056,0.829595,0.88476413,0.8497644
AGGAACTAAAGTCGTGTG,conv,1.0,0.0,0.0,0.0,-1.0,-1.0,0.48375303,0.9528376,0.66800797,0.51514316,0.49221498,0.5308431,0.51121944,0.48375303,0.55780286,0.5889493,0.69151586,0.5121671,0.68855727,0.88909805,0.71830213,0.68198353,0.7048089,0.65893894,0.64664024,0.53702474,0.57701075,0.75620013,0.8430518,0.7496151,0.9528376,0.8464087,0.85487014,0.7112427
CCCCGACACCCCCTGCCG,conv,1.0,0.0,0.0,0.0,-1.0,-1.0,0.32748252,0.7315252,0.50916076,0.38034418,0.5775476,0.5190835,0.34214917,0.47887537,0.5683494,0.5389469,0.7315252,0.36314914,0.41310897,0.60326964,0.4979716,0.6014212,0.49057922,0.5978737,0.60194474,0.3722418,0.5375727,0.32748252,0.32749206,0.629032,0.631955,0.46086112,0.40828964,0.72795093
GGGATTCGGCCCCCACCT,conv,1.0,0.0,0.0,0.0,-1.0,-1.0,0.16442363,0.9197576,0.47321415,0.26531833,0.1924497,0.17512584,0.22533515,0.2974688,0.48905933,0.37639794,0.16442363,0.27083552,0.41197506,0.5822893,0.56692535,0.35515565,0.28708896,0.5483948,0.62775755,0.3283499,0.4468488,0.5368704,0.6086274,0.8492378,0.9197576,0.76927155,0.7017432,0.83364487
AAGTAGGGGCAGAACAAG,conv,1.0,0.0,0.0,0.0,-1.0,-1.0,0.279179,0.9142342,0.62115484,0.6175424,0.63618654,0.65587693,0.5740772,0.6284753,0.5824576,0.70385,0.39806244,0.63132745,0.6167006,0.9142342,0.45760357,0.5965837,0.5931063,0.279179,0.6445571,0.65236896,0.43256468,0.72687674,0.52869505,0.80710936,0.87961566,0.7650736,0.37645411,0.8302926
GGGGTAGGGCGTCCCAGG,conv,1.0,0.0,0.0,0.0,-1.0,-1.0,0.04491601,0.7292679,0.31045476,0.23062448,0.08685914,0.04491601,0.14914167,0.18511786,0.34528002,0.34538642,0.18651728,0.31234634,0.31251696,0.15552177,0.4663547,0.05794013,0.15708832,0.14070946,0.7292679,0.39598534,0.35319376,0.49224734,0.29279396,0.63435954,0.33507854,0.5436315,0.321445,0.4870442
AGGTGAGGGCAGAACAGT,conv,1.0,0.0,0.0,0.0,-1.0,-1.0,0.2629008,0.8796893,0.6333771,0.50809866,0.39440602,0.3745437,0.42003897,0.46769187,0.50736564,0.67386436,0.2629008,0.70333457,0.6925446,0.8796893,0.66931736,0.627379,0.69269806,0.4716625,0.7120855,0.7163608,0.5184907,0.84814477,0.6807119,0.869187,0.78168553,0.73677295,0.77588385,0.8495675
CCCCGACACACTCTGATG,conv,1.0,0.0,0.0,0.0,-1.0,-1.0,0.2972719,0.8580695,0.55060554,0.38242197,0.56582105,0.55728966,0.37828526,0.47100654,0.57681304,0.6561095,0.8580695,0.45384324,0.52695227,0.68788576,0.5975477,0.6198395,0.67670804,0.6638621,0.72689676,0.49777594,0.5195013,0.4375395,0.2972719,0.51996833,0.71952695,0.44970712,0.5224756,0.40201816
AGCATCGGAACAGGTGTT,conv,1.0,0.0,0.0,0.0,-1.0,-1.0,0.34839213,0.74453497,0.5200684,0.44402176,0.41779578,0.44455093,0.41749167,0.42650318,0.48569906,0.50550705,0.35894704,0.5442086,0.5887718,0.6831304,0.5153785,0.51385313,0.6893425,0.34839213,0.4642679,0.4161403,0.47075525,0.37287885,0.64973986,0.58975303,0.6477525,0.74453497,0.58239824,0.67989606
GGCATTCGGCCATGTCCT,conv,1.0,0.0,0.0,0.0,-1.0,-1.0,0.06719884,0.76569,0.34073392,0.21872641,0.108969346,0.107687496,0.1832646,0.23428774,0.33862862,0.25134608,0.06719884,0.15347087,0.2905402,0.14043362,0.29607177,0.08582455,0.18505669,0.23306845,0.5568704,0.3052139,0.46848962,0.20394373,0.76148707,0.6648091,0.76569,0.6889803,0.52484345,0.6834441
AGGAACGAAACTCCAGTG,conv,1.0,0.0,0.0,0.0,-1.0,-1.0,0.5911787,0.990162,0.8174098,0.6342013,0.7659755,0.72304255,0.6342799,0.67780954,0.6972481,0.75975907,0.9034753,0.77293503,0.82051915,0.990162,0.8859581,0.94244546,0.9244777,0.90251833,0.6973758,0.8137238,0.5911787,0.8719132,0.8464981,0.8794869,0.9743547,0.8665463,0.94032204,0.91903955
AGGAGAGTACCGACATTG,conv,1.0,0.0,0.0,0.0,-1.0,-1.0,0.39368957,0.95659137,0.69445634,0.54481804,0.5250761,0.5811579,0.51933604,0.53933454,0.6132258,0.73572016,0.58351266,0.75260997,0.6962079,0.9442964,0.616641,0.84220433,0.7125134,0.77825755,0.573303,0.570527,0.39368957,0.68090403,0.8928755,0.78666526,0.858045,0.83376575,0.8301304,0.95659137
AGCAACGCCGATCGAGAA,conv,1.0,0.0,0.0,0.0,-1.0,-1.0,0.28497422,0.9018423,0.58604544,0.527183,0.6760943,0.6524709,0.537865,0.59196293,0.5628794,0.54538846,0.5099235,0.6964045,0.5142634,0.7679368,0.34152386,0.5271511,0.48970068,0.35121357,0.4455909,0.6079155,0.28497422,0.53464764,0.85112345,0.48194522,0.8224914,0.746891,0.681755,0.9018423
AGCATCGAAAGACGTTTT,conv,1.0,0.0,0.0,0.0,-1.0,-1.0,0.36220133,0.9435177,0.6589607,0.5180087,0.55401456,0.5936245,0.5231223,0.51927876,0.59739757,0.6734078,0.56019425,0.7801497,0.7815199,0.9435177,0.8304666,0.8110521,0.8805363,0.7333733,0.4969432,0.36220133,0.55391383,0.4508274,0.74678737,0.57490605,0.68616855,0.7895425,0.72726566,0.7857995
AGGATATAACCACGTTTT,conv,1.0,0.0,0.0,0.0,-1.0,-1.0,0.4523009,0.94050527,0.70109034,0.49697623,0.48331714,0.55172473,0.5055479,0.4611453,0.6596171,0.7116068,0.6844809,0.6369216,0.74722344,0.94050527,0.8178254,0.8920918,0.84268135,0.8467634,0.5727423,0.5410539,0.4523009,0.57487696,0.8074136,0.8327342,0.8765671,0.9117955,0.74163276,0.93771267
AGGTAAGGACACAACAGT,conv,1.0,0.0,0.0,0.0,-1.0,-1.0,0.50713915,0.9928019,0.8213799,0.6612293,0.75999784,0.7318491,0.6424964,0.68955916,0.74647516,0.8673069,0.8610387,0.8566068,0.87127477,0.9928019,0.91896415,0.9599732,0.9468832,0.91227007,0.78330123,0.8130593,0.50713915,0.8868429,0.679908,0.9207041,0.90881366,0.779339,0.8818605,0.95479995
GGGTAACAGAATCACAGT,conv,1.0,0.0,0.0,0.0,-1.0,-1.0,0.5653469,0.9909869,0.788127,0.5913457,0.61396295,0.6676123,0.5653469,0.5823578,0.72247595,0.8351174,0.85814285,0.8156865,0.8537313,0.9909869,0.9515521,0.95294887,0.9421783,0.9420346,0.8077448,0.6558636,0.5893823,0.8532,0.8162194,0.82992256,0.97446024,0.77778274,0.8584451,0.65467554
AGGTAAGGACAGAAAATG,conv,1.0,0.0,0.0,0.0,-1.0,-1.0,0.59890777,0.9946531,0.83522964,0.69332534,0.7507283,0.7412145,0.65961796,0.7109799,0.7006945,0.83582556,0.7792952,0.8674392,0.84901345,0.9946531,0.9191653,0.9561304,0.9578397,0.910962,0.7795397,0.8417041,0.59890777,0.88750803,0.78075564,0.90066254,0.96787196,0.8635223,0.9575246,0.9758607
GGGGTACAGACCCTAACG,conv,1.0,0.0,0.0,0.0,-1.0,-1.0,0.3975521,0.97934294,0.71800685,0.44946247,0.41512606,0.4675575,0.3975521,0.4369324,0.66735375,0.79762614,0.7858035,0.79561603,0.7866963,0.97934294,0.9262155,0.914976,0.8690615,0.90801936,0.6535251,0.49970308,0.7110946,0.80304086,0.6208099,0.8631126,0.84052116,0.72960305,0.84954125,0.781876
GGGTAAGGGACCCACAGT,conv,1.0,0.0,0.0,0.0,-1.0,-1.0,0.30813417,0.9731905,0.648082,0.471428,0.40987495,0.40552485,0.40000477,0.4462591,0.6675604,0.78753716,0.7484235,0.75207657,0.74164116,0.9731905,0.8893792,0.8619912,0.80571026,0.84714675,0.62377936,0.3731202,0.458809,0.6895406,0.30813417,0.85356706,0.806159,0.6970578,0.53234005,0.65179425
GGGGGACCGAATATAATG,conv,1.0,0.0,0.0,0.0,-1.0,-1.0,0.36423427,0.9774189,0.7150263,0.4918261,0.36423427,0.42056888,0.40564615,0.45378652,0.6497124,0.810264,0.812744,0.8605389,0.800087,0.9774189,0.8851983,0.87716174,0.912069,0.90680224,0.79887396,0.6419123,0.57434195,0.8106485,0.78924507,0.6390092,0.89438874,0.563831,0.89323676,0.64211106
GGCATCCGCCCCCCGCCC,conv,1.0,0.0,0.0,0.0,-1.0,-1.0,0.2274985,0.8702681,0.41830394,0.30961213,0.36090335,0.35093737,0.26886472,0.40069148,0.514844,0.34254152,0.2274985,0.26301894,0.30892187,0.5615034,0.39994377,0.4804165,0.29026437,0.5352411,0.53615636,0.37933964,0.35806453,0.2739358,0.2530986,0.7014598,0.64333713,0.542853,0.28388256,0.8702681
AGGATATAACGTCCTTTT,conv,1.0,0.0,0.0,0.0,-1.0,-1.0,0.2656959,0.83704716,0.5898436,0.40782097,0.2656959,0.3533418,0.40270245,0.33707744,0.552039,0.58372194,0.4615171,0.41967008,0.58182454,0.7519528,0.672341,0.59627616,0.4948017,0.66952366,0.7328561,0.47513258,0.46331286,0.74545485,0.83704716,0.781248,0.80821824,0.8233769,0.6955531,0.83358157
GGGGTACGGCCCCCACCT,conv,1.0,0.0,0.0,0.0,-1.0,-1.0,0.19508266,0.8135604,0.5113133,0.29237428,0.23860818,0.19508266,0.23945206,0.31740645,0.56977624,0.53542304,0.40178815,0.42012492,0.48445377,0.8135604,0.70571935,0.59460276,0.3985028,0.6862181,0.7374007,0.44880366,0.5069941,0.4131136,0.4695268,0.79658425,0.5592137,0.67413783,0.5131724,0.770792
GGGTTACGGCCTCACAGT,conv,1.0,0.0,0.0,0.0,-1.0,-1.0,0.121254146,0.8531608,0.4700157,0.25744852,0.12990777,0.121254146,0.20647721,0.2407732,0.48425674,0.45908692,0.34443027,0.21579666,0.42672214,0.42536956,0.5529636,0.29625133,0.32251862,0.5577127,0.79223156,0.5144451,0.5947755,0.6145541,0.44528368,0.8068306,0.8531608,0.73650384,0.60807484,0.7435641
GGGATTCGGCCCCCACCG,conv,1.0,0.0,0.0,0.0,-1.0,-1.0,0.16442363,0.9321795,0.4739316,0.26524863,0.19869044,0.1719431,0.2266977,0.29655263,0.48905933,0.37639794,0.16442363,0.27083552,0.41197506,0.58803236,0.5671721,0.3449086,0.287114,0.5552559,0.5332751,0.30570775,0.44235003,0.55747056,0.6474536,0.8511417,0.9321795,0.7914968,0.6910589,0.8818488
AGCATCGGAACATGTCTT,conv,1.0,0.0,0.0,0.0,-1.0,-1.0,0.2484476,0.77411586,0.5194779,0.4341816,0.40825745,0.4727132,0.42805517,0.41840976,0.46572867,0.5203588,0.33063814,0.5708975,0.58401287,0.77411586,0.5941868,0.5260636,0.64042264,0.5409093,0.6089811,0.39393038,0.2484476,0.3842044,0.6175029,0.5453788,0.5639861,0.61699,0.61525035,0.6833263
CCCCGACACACTCTGCCG,conv,1.0,0.0,0.0,0.0,-1.0,-1.0,0.34322715,0.8429096,0.53894156,0.37603086,0.56303674,0.5352764,0.36161637,0.4689536,0.5709197,0.5957408,0.8429096,0.3771007,0.50402355,0.66136473,0.5642441,0.56238085,0.55852515,0.6299656,0.5922784,0.4204413,0.6772263,0.50366455,0.34322715,0.5361061,0.73869455,0.39729142,0.4996599,0.5928611
GGCATTCGATCATCTCCT,conv,1.0,0.0,0.0,0.0,-1.0,-1.0,0.13774863,0.8687071,0.43692958,0.2644699,0.13774863,0.18929313,0.24035065,0.27632818,0.42687085,0.3174405,0.13900408,0.30030173,0.4015018,0.33958468,0.43150017,0.16494048,0.29844743,0.60598314,0.5907269,0.31355914,0.50670266,0.4073763,0.8148423,0.65469205,0.8687071,0.69913447,0.8517547,0.6819794
ATGAACGAAAATCCAGAA,conv,1.0,0.0,0.0,0.0,-1.0,-1.0,0.37374285,0.9926751,0.8181032,0.68031526,0.83229035,0.76438844,0.6830805,0.72305465,0.70782214,0.7711668,0.83332235,0.76802176,0.8317168,0.9926751,0.9246871,0.94800144,0.95775586,0.91780496,0.67926055,0.72790897,0.37374285,0.87003094,0.86154395,0.8565033,0.97884125,0.925476,0.9222041,0.9209623
AAGTAGGGACAGAACAGG,conv,1.0,0.0,0.0,0.0,-1.0,-1.0,0.5291404,0.9807072,0.7294755,0.6585729,0.71819043,0.7131723,0.627373,0.6777028,0.66457105,0.81326395,0.60114306,0.72688603,0.75237596,0.9807072,0.6824252,0.8871345,0.84556276,0.6467575,0.5291404,0.7432932,0.5368666,0.77198666,0.58520395,0.83175033,0.91309667,0.7378711,0.7210698,0.87076825
CCCCGACACACTCTAATG,conv,1.0,0.0,0.0,0.0,-1.0,-1.0,0.42166975,0.9145999,0.6407319,0.42237794,0.64715666,0.6158844,0.42166975,0.514816,0.6386544,0.72425425,0.9145999,0.6441875,0.6477823,0.8115743,0.67524153,0.7143131,0.80250615,0.76069665,0.71053255,0.48752517,0.68299466,0.5263897,0.50942206,0.5498973,0.8477909,0.49320966,0.8065784,0.4482402
GGGTAAGGACACACCAGT,conv,1.0,0.0,0.0,0.0,-1.0,-1.0,0.5165556,0.99079716,0.77923566,0.5577734,0.5848529,0.6301033,0.5165556,0.5604603,0.7293158,0.848873,0.8473446,0.8137182,0.85125256,0.99079716,0.9454061,0.9572767,0.93709266,0.9304998,0.8281681,0.66597176,0.53717685,0.84655106,0.54601896,0.9135689,0.8864643,0.7468873,0.857767,0.9509953
ATGAGCGTAACGAGAGAA,conv,1.0,0.0,0.0,0.0,-1.0,-1.0,0.26582232,0.92302084,0.64434904,0.55083257,0.53152573,0.5784228,0.5283571,0.53539014,0.5845271,0.6293606,0.40779987,0.725469,0.6999836,0.8449043,0.5461225,0.68193984,0.76885325,0.6121236,0.58242536,0.38633606,0.26582232,0.5923925,0.7788035,0.74901307,0.82015485,0.92296386,0.8621841,0.92302084
ATGAACGAAAATCCAGAG,conv,1.0,0.0,0.0,0.0,-1.0,-1.0,0.60080296,0.9921874,0.82923126,0.6699738,0.8171246,0.75466657,0.6735367,0.70998156,0.70782214,0.7711668,0.83332235,0.76802176,0.8317168,0.9921874,0.9208979,0.9482926,0.9551538,0.92114735,0.6840894,0.75609523,0.60080296,0.90514874,0.8771751,0.86199003,0.98112583,0.9243379,0.9274299,0.9375729
GGGATTCGGTCCTGTCCT,conv,1.0,0.0,0.0,0.0,-1.0,-1.0,0.0250672,0.7328142,0.28551313,0.1573606,0.050351657,0.036035575,0.120626554,0.15599844,0.21133547,0.19487074,0.058104634,0.09006825,0.19087327,0.03955683,0.14297746,0.0250672,0.06369884,0.09316789,0.6085779,0.28324142,0.27353984,0.5858721,0.67840725,0.7103418,0.7328142,0.65550625,0.5073459,0.47208875
CCCATCCGACCATCGCCT,conv,1.0,0.0,0.0,0.0,-1.0,-1.0,0.24912252,0.76976895,0.5246498,0.35885337,0.5053955,0.497967,0.34025854,0.450497,0.56312424,0.49357462,0.54844666,0.4264534,0.5180082,0.4699467,0.5560565,0.4415292,0.5049585,0.5629405,0.6509199,0.47557214,0.43437698,0.24912252,0.5228569,0.76976895,0.72554606,0.6278587,0.6568792,0.7653322
GGGGTATGACGTCCTATG,conv,1.0,0.0,0.0,0.0,-1.0,-1.0,0.07273435,0.80787635,0.44312537,0.25487375,0.08263747,0.07273435,0.18757167,0.19528349,0.35600024,0.4258411,0.2546445,0.35231942,0.45877174,0.3866728,0.6221206,0.17145823,0.35720512,0.5561952,0.80787635,0.42366177,0.6236818,0.4883997,0.5966502,0.74672455,0.57503396,0.77588266,0.6107392,0.69515586
GGGGTACGACGACGTTTT,conv,1.0,0.0,0.0,0.0,-1.0,-1.0,0.12316148,0.8267988,0.54159313,0.31317693,0.13579749,0.12316148,0.22934043,0.244081,0.5786801,0.6931825,0.57546854,0.763158,0.7016111,0.76305884,0.79621,0.54292154,0.69121164,0.70284253,0.67222273,0.36333704,0.5925679,0.15884618,0.7129292,0.62302417,0.35875008,0.8267988,0.6013638,0.7760859
AAGAACGTAAAGAAAACG,conv,1.0,0.0,0.0,0.0,-1.0,-1.0,0.50196016,0.9939131,0.8086733,0.7478718,0.8951112,0.8154299,0.75116044,0.81241924,0.69583476,0.7948652,0.8382663,0.77440035,0.8378199,0.9939131,0.81190854,0.92667145,0.9537176,0.8735047,0.50196016,0.7591597,0.5529077,0.75700194,0.7322921,0.8284075,0.9457028,0.8006343,0.9038495,0.9120229
AGGATCTAACGTCGTTTG,conv,1.0,0.0,0.0,0.0,-1.0,-1.0,0.16905586,0.9026205,0.4854044,0.31529275,0.16905586,0.20589231,0.29450884,0.27059036,0.43512505,0.4602953,0.3369367,0.2935529,0.4926104,0.29212645,0.39562765,0.26375964,0.30454966,0.33337918,0.5366429,0.5586558,0.56434745,0.66217315,0.81496096,0.7601787,0.9026205,0.8751102,0.7497909,0.8473237
GGGGTATGGCGTCCTAGG,conv,1.0,0.0,0.0,0.0,-1.0,-1.0,0.03285301,0.7539207,0.28319943,0.19120185,0.05797895,0.03285301,0.12899874,0.15135247,0.25023413,0.22235815,0.093112946,0.15122712,0.23647277,0.06955361,0.3528361,0.03604734,0.119726494,0.13328217,0.7158948,0.31850433,0.42887107,0.38634863,0.42389816,0.7539207,0.363902,0.62775785,0.3445103,0.48914215
GGGGTAGGACGCACCATG,conv,1.0,0.0,0.0,0.0,-1.0,-1.0,0.21190332,0.9343947,0.5709836,0.39082906,0.25424048,0.21190332,0.29319444,0.33852825,0.56986904,0.70468587,0.5227808,0.69414514,0.69940805,0.9343947,0.8619709,0.728002,0.77148706,0.79281193,0.8049169,0.48270187,0.38421458,0.59889853,0.32761523,0.63366205,0.22463135,0.6461147,0.5864811,0.8171014
AGGGAAGGACGTACTTTG,conv,1.0,0.0,0.0,0.0,-1.0,-1.0,0.31884867,0.89500874,0.5748705,0.4814147,0.32519937,0.35535967,0.41644916,0.4238669,0.5187592,0.69771767,0.5671156,0.6430152,0.6732985,0.89500874,0.6608221,0.5892081,0.58005273,0.5642448,0.63070863,0.52704525,0.41135967,0.70133525,0.68895024,0.6018349,0.31884867,0.68690544,0.55484533,0.858396
ACCGGACCGAATCTAGAG,conv,1.0,0.0,0.0,0.0,-1.0,-1.0,0.48615974,0.93760335,0.67049617,0.48615974,0.60077745,0.61629415,0.49533206,0.536925,0.5572835,0.65950644,0.804101,0.70140105,0.6471731,0.8397058,0.5881927,0.60419035,0.6342045,0.65224594,0.6846919,0.5293985,0.66821027,0.77900916,0.93760335,0.7093138,0.90983415,0.74671006,0.74156046,0.63257873
GGGGGACAGACCCCACCG,conv,1.0,0.0,0.0,0.0,-1.0,-1.0,0.42087284,0.98886824,0.7104272,0.4758515,0.5418132,0.52636933,0.42087284,0.51978284,0.70644766,0.81240296,0.7741295,0.82164794,0.8033813,0.98886824,0.93459356,0.94236636,0.87215036,0.9099443,0.57879597,0.47752994,0.56997544,0.633298,0.66970474,0.7504752,0.8424405,0.6970046,0.7615094,0.7293256
AGGATCTAACGACCTTTT,conv,1.0,0.0,0.0,0.0,-1.0,-1.0,0.3726054,0.86372375,0.6423069,0.42563623,0.3726054,0.45685327,0.42424908,0.3931457,0.58869493,0.67702115,0.55927837,0.53807473,0.7220566,0.86372375,0.7740414,0.788793,0.7162694,0.762227,0.4925019,0.50831425,0.55213034,0.59134334,0.79281133,0.8217297,0.8278123,0.8195442,0.7634098,0.82540816
GGGTAAGGACACACCATG,conv,1.0,0.0,0.0,0.0,-1.0,-1.0,0.5149602,0.991459,0.7830012,0.5551166,0.5758449,0.62724036,0.5149602,0.55537665,0.72567415,0.8534429,0.8492092,0.8281967,0.84777355,0.991459,0.9474558,0.95711833,0.9381018,0.93186194,0.81599945,0.740686,0.542942,0.8725141,0.5606196,0.882711,0.89773625,0.7754453,0.82868505,0.95886046
GCGGGACCGAATCTAAAG,conv,1.0,0.0,0.0,0.0,-1.0,-1.0,0.42227706,0.95589983,0.70750946,0.4683186,0.45442995,0.52305216,0.42227706,0.4835017,0.5772787,0.72195566,0.7752485,0.7725524,0.71138555,0.95589983,0.83745396,0.80059713,0.8503068,0.86276925,0.7900151,0.5744839,0.6460361,0.7844746,0.84583694,0.77603906,0.92422396,0.7766036,0.8130277,0.53996825
AGCATCTACGATCGTGAA,conv,1.0,0.0,0.0,0.0,-1.0,-1.0,0.21376029,0.8978388,0.47830337,0.3721636,0.33460706,0.3824233,0.3775373,0.36359558,0.4508632,0.40826336,0.26203525,0.3897218,0.4013943,0.25310856,0.29492676,0.21376029,0.2899139,0.25053585,0.6006039,0.47458628,0.447849,0.62384945,0.8418164,0.63218975,0.8517108,0.8626596,0.6796295,0.8978388
GGCCTCCGCCCCCCGCCT,conv,1.0,0.0,0.0,0.0,-1.0,-1.0,0.14531507,0.75093085,0.36008477,0.27093008,0.27141595,0.2686499,0.20836055,0.36408904,0.48260528,0.34152958,0.23328975,0.23486196,0.29416978,0.41186976,0.33385178,0.36687347,0.26374763,0.4845718,0.5484488,0.37768215,0.38203844,0.14531507,0.16414477,0.6319943,0.49065205,0.4587585,0.22133718,0.75093085
GGGGTAGGACGTCCCAGG,conv,1.0,0.0,0.0,0.0,-1.0,-1.0,0.09804407,0.752747,0.48780438,0.30698168,0.14202696,0.09804407,0.21848272,0.24201816,0.45468128,0.5539603,0.3990881,0.51646394,0.527378,0.6437409,0.72718835,0.30629614,0.44130263,0.5762747,0.752747,0.4255437,0.5368549,0.58908236,0.40119693,0.7128396,0.56195295,0.6898373,0.62858665,0.74254
GGGTGACCGCAGAACAGT,conv,1.0,0.0,0.0,0.0,-1.0,-1.0,0.3685939,0.9470229,0.70879346,0.43691993,0.3919459,0.39903903,0.3685939,0.4287218,0.6179224,0.71385777,0.59749633,0.7653658,0.7309522,0.9470229,0.8192888,0.8628298,0.8547306,0.8520489,0.7971781,0.6542603,0.5845865,0.7326447,0.8335121,0.8260198,0.9134476,0.8136361,0.88739294,0.8904218
AGCATCGCAAAACGTGTA,conv,1.0,0.0,0.0,0.0,-1.0,-1.0,0.3480515,0.9526556,0.6845155,0.53876823,0.6661149,0.6635141,0.5514519,0.57762146,0.60815614,0.5706669,0.5281375,0.6991043,0.68688196,0.9526556,0.8050834,0.8714155,0.920376,0.807077,0.43579707,0.5588606,0.3480515,0.6411918,0.83001506,0.6378979,0.8819209,0.8024095,0.66811013,0.86160636
GGGGTACGGCCATGTTTT,conv,1.0,0.0,0.0,0.0,-1.0,-1.0,0.059002742,0.7022115,0.33189338,0.22232364,0.07669934,0.059002742,0.1563683,0.18324558,0.3896399,0.41642335,0.18857333,0.30070654,0.39471993,0.22832835,0.49177307,0.1622052,0.30700445,0.35263622,0.62280524,0.33888093,0.32877588,0.16772966,0.6473343,0.6235206,0.16948994,0.7022115,0.2863254,0.4806109
ATGAGCGAAACTCCAGTG,conv,1.0,0.0,0.0,0.0,-1.0,-1.0,0.5249852,0.9658806,0.73224646,0.52667415,0.5821995,0.61763847,0.5249852,0.53476846,0.6081026,0.6555956,0.6436008,0.6183847,0.7210495,0.9658806,0.8212734,0.9019176,0.86287445,0.8508323,0.700132,0.7083542,0.5692863,0.8111229,0.7741359,0.8025781,0.94289887,0.87792414,0.87412053,0.8098351
GGGGGACAGAATCTAAAG,conv,1.0,0.0,0.0,0.0,-1.0,-1.0,0.47324795,0.9917406,0.77745664,0.5551637,0.47324795,0.543096,0.4764481,0.5319816,0.63581675,0.8045872,0.8081392,0.8518786,0.82478535,0.9917406,0.9438337,0.93067753,0.9341634,0.9345641,0.8427147,0.5969213,0.80325264,0.88903475,0.8311909,0.85311,0.9630242,0.7802725,0.90537715,0.7313948
AGGTAAGGACACACCAGG,conv,1.0,0.0,0.0,0.0,-1.0,-1.0,0.43381023,0.9900714,0.7870537,0.62281007,0.720398,0.7041815,0.6095889,0.65016526,0.726514,0.8506781,0.8297697,0.8045939,0.84189373,0.9900714,0.91150004,0.95052195,0.9183012,0.8995762,0.746071,0.6941186,0.43381023,0.8882964,0.65957457,0.9105244,0.87008923,0.7199043,0.76433074,0.95905495
AGGATACGACCACGTTTT,conv,1.0,0.0,0.0,0.0,-1.0,-1.0,0.3715863,0.9446836,0.659416,0.46478933,0.46732175,0.5289963,0.46135056,0.45388427,0.63605523,0.702629,0.6461544,0.6937784,0.6905203,0.9094071,0.7229325,0.84657377,0.7356367,0.74442226,0.5958898,0.5681179,0.39538577,0.3715863,0.75603956,0.77803147,0.821889,0.89002657,0.65929973,0.9446836
AGCATCTAAAATCGTGTT,conv,1.0,0.0,0.0,0.0,-1.0,-1.0,0.42638502,0.94342864,0.6502707,0.44854835,0.45619437,0.51150674,0.47009012,0.42685196,0.5235419,0.49282646,0.42638502,0.4369963,0.6073659,0.798688,0.705955,0.7149604,0.7929684,0.7262519,0.71644944,0.5350725,0.6447416,0.7531845,0.8720389,0.7314886,0.94342864,0.865459,0.8536138,0.80216026
GGGTTACGGCGTCACAGT,conv,1.0,0.0,0.0,0.0,-1.0,-1.0,0.08324055,0.8105302,0.39278594,0.2479623,0.10202036,0.08324055,0.18570428,0.20828244,0.42320547,0.42635015,0.25232553,0.2649415,0.4059532,0.22092895,0.47532043,0.11511219,0.23474705,0.29257742,0.8105302,0.42714417,0.54139036,0.5216263,0.39054158,0.6730156,0.76645166,0.6412271,0.5796928,0.52935714
AGCAACGACGATCGAGAA,conv,1.0,0.0,0.0,0.0,-1.0,-1.0,0.37728548,0.9289142,0.7061699,0.5979424,0.7437742,0.7040811,0.60899884,0.65683836,0.62396234,0.719608,0.73630285,0.8291267,0.6783456,0.9289142,0.58918387,0.7278816,0.7334751,0.57768416,0.538981,0.6749203,0.37728548,0.7071941,0.85236675,0.6216471,0.873923,0.8034534,0.82813144,0.92022556
AAGAACGGACAGACAATG,conv,1.0,0.0,0.0,0.0,-1.0,-1.0,0.38300902,0.98878455,0.7720932,0.7058675,0.85340494,0.7759535,0.7061888,0.7716186,0.6934043,0.8326909,0.84001917,0.76655483,0.821213,0.98878455,0.7463084,0.9063435,0.9048678,0.7665234,0.5585358,0.7251405,0.38300902,0.73062766,0.58021253,0.8321523,0.9161964,0.795056,0.7791842,0.9224733
ATGAACGTAAATCCAGAG,conv,1.0,0.0,0.0,0.0,-1.0,-1.0,0.5462023,0.97305244,0.7442194,0.5824514,0.66433525,0.6796576,0.5990248,0.58825827,0.64711905,0.67173076,0.71628946,0.5612168,0.70923764,0.950538,0.7547661,0.84325594,0.83325696,0.8420077,0.5613685,0.64609617,0.5462023,0.8378146,0.86651057,0.84013397,0.97305244,0.9007247,0.8825468,0.90789044
AGCATCGAAAATCGTGTT,conv,1.0,0.0,0.0,0.0,-1.0,-1.0,0.4776909,0.93163043,0.6938142,0.4979273,0.5349036,0.57516265,0.5092853,0.49494508,0.54691476,0.53548557,0.4776909,0.6267709,0.6515841,0.9193408,0.7731107,0.8071796,0.8607819,0.75704867,0.7428359,0.6302946,0.60015965,0.7634197,0.8158288,0.7156987,0.93163043,0.85995084,0.8451925,0.87221307
ATGAAAGTACAGACAATG,conv,1.0,0.0,0.0,0.0,-1.0,-1.0,0.28059778,0.98139244,0.7768299,0.6641085,0.76778144,0.738503,0.66239804,0.6828723,0.7192441,0.8169134,0.8204031,0.7398998,0.8328894,0.98139244,0.8304344,0.9072663,0.9090638,0.87928355,0.62039745,0.6795858,0.28059778,0.7858405,0.7224037,0.79306275,0.9306665,0.8431919,0.86367106,0.94887596
AGGAACTAAGATCGTGTA,conv,1.0,0.0,0.0,0.0,-1.0,-1.0,0.48456627,0.96415925,0.69300294,0.53782666,0.5165495,0.56425023,0.5364537,0.5107555,0.55497766,0.6296853,0.57574105,0.54698557,0.6605522,0.90818137,0.7272541,0.7079187,0.73662275,0.6859712,0.5812491,0.700408,0.48456627,0.83240294,0.90970314,0.81605166,0.96415925,0.9049725,0.88276947,0.8490653
GGGGAAGGGCGCACCAGG,conv,1.0,0.0,0.0,0.0,-1.0,-1.0,0.17449543,0.8919582,0.49439862,0.42788884,0.3343193,0.23808795,0.31911647,0.4158598,0.5195971,0.5929505,0.46406516,0.6252199,0.59627455,0.8919582,0.78582877,0.5609744,0.5671206,0.5736873,0.59723526,0.37410522,0.27318573,0.613448,0.3200723,0.6814385,0.17449543,0.44327375,0.30921942,0.660541
GGGGGACCGAATATCAAG,conv,1.0,0.0,0.0,0.0,-1.0,-1.0,0.39425635,0.97545755,0.72693884,0.48451397,0.39425635,0.43291482,0.4025008,0.4628731,0.6180398,0.78371274,0.79039025,0.8481642,0.78008497,0.97545755,0.8869676,0.8634454,0.8844054,0.8946525,0.8666389,0.64558387,0.5954265,0.8628048,0.8337762,0.72979724,0.88886315,0.73878425,0.71015966,0.79925853
AGGGGACCGCAGATCAAG,conv,1.0,0.0,0.0,0.0,-1.0,-1.0,0.4604826,0.937069,0.7030208,0.50872886,0.52838105,0.5545728,0.4604826,0.5401139,0.57778966,0.7032989,0.5846491,0.795194,0.663411,0.937069,0.70486104,0.8020532,0.6796543,0.7385769,0.7821492,0.67860407,0.5136014,0.8788576,0.8973305,0.82623494,0.8231411,0.8231934,0.6616369,0.91193634
AGGAGCGTAAGTACAGTG,conv,1.0,0.0,0.0,0.0,-1.0,-1.0,0.4128168,0.90107226,0.6379317,0.5121174,0.4128168,0.45881903,0.46484306,0.46735466,0.5551163,0.6385965,0.4837175,0.5948529,0.69601285,0.82188576,0.5256412,0.579402,0.6640352,0.6518823,0.65146554,0.6832955,0.54167604,0.7804079,0.80311036,0.704036,0.8440025,0.72199076,0.90107226,0.79014075
AGGATATAACGACCTTTT,conv,1.0,0.0,0.0,0.0,-1.0,-1.0,0.43399757,0.9490628,0.68464327,0.5044477,0.4677276,0.544246,0.5111103,0.4652778,0.6520303,0.73486274,0.63950205,0.6859198,0.7678811,0.9490628,0.85802954,0.86707336,0.81806797,0.8424836,0.61527836,0.43399757,0.4663955,0.5989353,0.83308005,0.77602994,0.7262908,0.8160215,0.6859421,0.8563885
GGCATTCGCCCCTCGCCT,conv,1.0,0.0,0.0,0.0,-1.0,-1.0,0.08996342,0.7234623,0.29685217,0.23300555,0.15761614,0.16766265,0.19239725,0.2954572,0.39097336,0.24502802,0.08996342,0.16558875,0.24427193,0.21400805,0.2717791,0.17465721,0.1599853,0.38683906,0.48022085,0.23747118,0.30939206,0.1917677,0.30634463,0.53969634,0.5508096,0.4010483,0.29185897,0.7234623
AGCATCGCAAAACGAGAA,conv,1.0,0.0,0.0,0.0,-1.0,-1.0,0.36261132,0.9813913,0.7691633,0.63682985,0.8049541,0.74386203,0.64749235,0.7006,0.68032056,0.69542736,0.6678398,0.82635045,0.79262835,0.9813913,0.858495,0.9180742,0.95644236,0.87925094,0.46609676,0.71361595,0.36261132,0.7012148,0.91146004,0.7220073,0.92458975,0.82868916,0.8678542,0.94098526
ACCGGACCGACTCTAGAG,conv,1.0,0.0,0.0,0.0,-1.0,-1.0,0.3927212,0.8988267,0.5951611,0.41708305,0.52504975,0.5491105,0.42472175,0.47869864,0.53227705,0.6208878,0.8151518,0.59917617,0.5164158,0.63864815,0.40989953,0.44301808,0.3927212,0.48329374,0.6705279,0.46652552,0.6641667,0.64656293,0.8988267,0.69058806,0.8761275,0.7368705,0.7161144,0.6665639
TGCATCGCAACAGCACCT,conv,1.0,0.0,0.0,0.0,-1.0,-1.0,0.43435225,0.92425674,0.6793573,0.4364815,0.5480091,0.5738783,0.43435225,0.47769105,0.66991895,0.63205796,0.6084148,0.66958696,0.7626857,0.92425674,0.82053965,0.85078293,0.88132375,0.8476915,0.54976207,0.6080062,0.70742506,0.5160743,0.6325612,0.66773415,0.91628873,0.58409065,0.836583,0.827736
AGGAACTAAACTCCAGAG,conv,1.0,0.0,0.0,0.0,-1.0,-1.0,0.62729794,0.98309845,0.81847376,0.62729794,0.7718325,0.7271258,0.6338361,0.66536546,0.7008651,0.75369877,0.8965345,0.7113312,0.8197468,0.98299545,0.87381554,0.92678654,0.91288877,0.89931065,0.65655196,0.7120651,0.72685486,0.8248841,0.91807055,0.9203453,0.98309845,0.9131193,0.95318496,0.95023704
GGCATCGGATCAGGTCTT,conv,1.0,0.0,0.0,0.0,-1.0,-1.0,0.113992006,0.6997765,0.3491338,0.28421703,0.14280382,0.13665842,0.23207654,0.2483874,0.37382126,0.30956638,0.17193186,0.2972541,0.36774084,0.18143804,0.2677789,0.113992006,0.3384713,0.2656447,0.42419574,0.42222056,0.35094446,0.22002873,0.55920774,0.488372,0.66251844,0.6295376,0.6997765,0.5397606
GGCGTACGGCCCCCACCG,conv,1.0,0.0,0.0,0.0,-1.0,-1.0,0.26339966,0.8091784,0.49480343,0.29958782,0.3056435,0.27401257,0.26339966,0.36114547,0.56055284,0.51062167,0.36003697,0.3689571,0.4388934,0.76476234,0.6245071,0.4968469,0.36847177,0.6404644,0.6843295,0.39216286,0.6002025,0.35642695,0.5009733,0.7059492,0.6324795,0.60165083,0.4488298,0.8091784
AGCATCGCAAAAGCAGTA,conv,1.0,0.0,0.0,0.0,-1.0,-1.0,0.3503229,0.9723474,0.7020185,0.6063264,0.7595204,0.7167074,0.61582524,0.6592408,0.64028245,0.59718317,0.54523385,0.6942295,0.7611185,0.9723474,0.83459604,0.89999694,0.9441866,0.85254085,0.40498424,0.7068326,0.3503229,0.603611,0.8148249,0.6175508,0.86945176,0.65475005,0.76856565,0.66023356
ATGAACGACGATCGAGAA,conv,1.0,0.0,0.0,0.0,-1.0,-1.0,0.2423024,0.9059958,0.6701493,0.56873,0.6391445,0.65459996,0.5746399,0.5861967,0.6306714,0.68990576,0.6485112,0.7726122,0.67260545,0.9059958,0.60612977,0.70649534,0.6793965,0.57282066,0.5118991,0.6219008,0.2423024,0.6728115,0.7560225,0.618442,0.88974017,0.8705996,0.7764336,0.8851265
AAGTAGGCGCAGAACAAG,conv,1.0,0.0,0.0,0.0,-1.0,-1.0,0.3255448,0.9430077,0.6396436,0.6196277,0.695709,0.6942316,0.60028464,0.651578,0.5930042,0.66256905,0.3699951,0.61014277,0.5993039,0.9430077,0.4729157,0.7729206,0.6508054,0.4392897,0.5982677,0.64692897,0.3255448,0.74458015,0.6898163,0.71034116,0.90207255,0.7405582,0.42143753,0.8361569
GGGGTACGGACCCCAAGT,conv,1.0,0.0,0.0,0.0,-1.0,-1.0,0.27007532,0.9387969,0.5982883,0.3817836,0.3104384,0.28268912,0.3064945,0.36474088,0.63922167,0.72025484,0.65652317,0.72342885,0.69546425,0.9387969,0.85805565,0.8098199,0.7409247,0.83112395,0.7633847,0.27007532,0.43035075,0.5605033,0.41815546,0.82298857,0.5736478,0.6839266,0.60899734,0.5654153
GGGTAACGGACCCACAGT,conv,1.0,0.0,0.0,0.0,-1.0,-1.0,0.3452705,0.97226363,0.68375504,0.47320318,0.4920025,0.52872765,0.43355793,0.48110586,0.70160884,0.8013357,0.8180628,0.751964,0.74966586,0.97226363,0.8916133,0.9051899,0.8259716,0.8708107,0.7224599,0.3452705,0.48709247,0.6657887,0.48961455,0.84555966,0.87776107,0.7296817,0.5756182,0.6579466
GGGGTATAGCGTCCTATG,conv,1.0,0.0,0.0,0.0,-1.0,-1.0,0.07280259,0.80021787,0.41937456,0.2552796,0.08310387,0.07280259,0.18810973,0.19562414,0.40061074,0.3726745,0.25031948,0.32818344,0.3418648,0.34633946,0.62193763,0.15520976,0.29114667,0.5301102,0.80021787,0.48981112,0.47192696,0.5928146,0.62365025,0.7129899,0.5641982,0.7307221,0.58799875,0.47671664
AAGTAGGCACAGAATACG,conv,1.0,0.0,0.0,0.0,-1.0,-1.0,0.5222975,0.97924554,0.76088476,0.63837266,0.7272556,0.7171053,0.62995124,0.66629285,0.686234,0.8032125,0.59727794,0.68386567,0.74263537,0.97924554,0.6656354,0.90214056,0.8710106,0.72111833,0.5222975,0.7388924,0.6767331,0.81244,0.8463762,0.86543447,0.9643689,0.81420463,0.8185442,0.9314768
GCCATTCGACCATCGCCT,conv,1.0,0.0,0.0,0.0,-1.0,-1.0,0.22089553,0.8180339,0.4860396,0.30950683,0.3157111,0.35827294,0.29685113,0.37312186,0.52215916,0.42205864,0.2975548,0.3521033,0.52097654,0.46210527,0.5551499,0.34912908,0.45262206,0.6073582,0.53274846,0.39926937,0.4199367,0.22089553,0.65180737,0.6794365,0.8180339,0.7175428,0.75380844,0.7628297
GGGATCGGAACATGTCTT,conv,1.0,0.0,0.0,0.0,-1.0,-1.0,0.1958121,0.8759622,0.57268256,0.37588018,0.1958121,0.21905656,0.30291298,0.29797173,0.4832204,0.56496936,0.43510506,0.6655529,0.6536998,0.8759622,0.8077181,0.6146367,0.7828973,0.79979956,0.71194506,0.44253713,0.34508058,0.46569836,0.51819676,0.7078849,0.7511618,0.74460983,0.7921019,0.76265407
GGGGTACAGACTCCAAGT,conv,1.0,0.0,0.0,0.0,-1.0,-1.0,0.35058454,0.96570146,0.6802784,0.4344691,0.35058454,0.39119193,0.37074283,0.39817068,0.6520969,0.7454756,0.7515137,0.72983307,0.74612594,0.96570146,0.9044093,0.8924244,0.83624697,0.9022526,0.7925487,0.43499547,0.545469,0.6985323,0.60516346,0.792025,0.86472183,0.7445615,0.8679677,0.58973646
AGGTAAGGACACAATAGG,conv,1.0,0.0,0.0,0.0,-1.0,-1.0,0.5422209,0.9925385,0.82361954,0.64764655,0.70744026,0.7147369,0.624596,0.65947765,0.7229503,0.8535352,0.83941096,0.85139096,0.8552071,0.9925385,0.91161436,0.9548312,0.9477625,0.9112619,0.78611237,0.7811288,0.5422209,0.89192176,0.7673616,0.9465328,0.9449164,0.84773,0.9116975,0.97646755
ACGTGGCCGCAGAACGAG,conv,1.0,0.0,0.0,0.0,-1.0,-1.0,0.3060472,0.9449493,0.6015813,0.40941438,0.4399872,0.4388492,0.37502185,0.44692162,0.48829752,0.49488136,0.3060472,0.5754988,0.54574496,0.6495489,0.43791774,0.5134382,0.56682825,0.3824834,0.6381655,0.71200746,0.53180057,0.8305299,0.9449493,0.83336383,0.91610473,0.90360725,0.7861,0.8720234
AGGAACTAAGGTCGTGTA,conv,1.0,0.0,0.0,0.0,-1.0,-1.0,0.26663077,0.9142239,0.5247726,0.45570314,0.3571173,0.38010383,0.42798924,0.40136072,0.4773034,0.49715257,0.46724206,0.29683602,0.48969918,0.55954725,0.51545656,0.2842201,0.40349293,0.26663077,0.48415896,0.54314566,0.3840562,0.76382244,0.82631516,0.6911565,0.9142239,0.83057594,0.79467976,0.6073257
AGGAACTAAAATCCTGAG,conv,1.0,0.0,0.0,0.0,-1.0,-1.0,0.62602776,0.9863131,0.81728464,0.62602776,0.73894143,0.72012395,0.6301488,0.6480009,0.6602029,0.72175145,0.80625373,0.68913174,0.788612,0.98560995,0.902998,0.92773485,0.92786616,0.9098825,0.7334338,0.7311603,0.7516275,0.8928351,0.95489895,0.91325164,0.9863131,0.9176922,0.92506933,0.9425492
AGCAACTACGATCGAGAA,conv,1.0,0.0,0.0,0.0,-1.0,-1.0,0.47106895,0.9038515,0.6729139,0.5548962,0.6963694,0.676384,0.5777889,0.60017246,0.59847957,0.67790306,0.70837784,0.7198521,0.6376608,0.8342846,0.5030912,0.6144343,0.6264923,0.5385978,0.5258424,0.6154799,0.47106895,0.6799942,0.9038515,0.63318247,0.8989827,0.80940324,0.84549105,0.87476647
ATGAGCGTCACGAGAGAA,conv,1.0,0.0,0.0,0.0,-1.0,-1.0,0.15381955,0.85779595,0.47266284,0.4697193,0.4384232,0.4731775,0.44221333,0.45828444,0.51434886,0.5211552,0.24522428,0.5469808,0.5557254,0.48444638,0.27398434,0.43345794,0.46713984,0.33276048,0.40923652,0.2931404,0.15381955,0.46374887,0.5680577,0.6273253,0.48149276,0.8100978,0.49481595,0.85779595
CCCCGACACACTCTAACG,conv,1.0,0.0,0.0,0.0,-1.0,-1.0,0.43376017,0.9184652,0.66632,0.4390184,0.67642075,0.6303787,0.43376017,0.5336837,0.6431821,0.72940093,0.9184652,0.6556828,0.6645142,0.8316588,0.6858131,0.7130158,0.79733217,0.7633098,0.6657488,0.47834814,0.83092093,0.51165664,0.49477103,0.68648964,0.8666947,0.5419589,0.82613796,0.6396387
GGGGTACAGACTCTAAGT,conv,1.0,0.0,0.0,0.0,-1.0,-1.0,0.2544954,0.94236296,0.66094834,0.40674713,0.2544954,0.29892305,0.3370324,0.33932838,0.5934523,0.73397595,0.7683371,0.6841134,0.72124,0.94236296,0.8774602,0.81580305,0.7929777,0.8889227,0.7757346,0.4138427,0.69214237,0.7450141,0.6439774,0.80419225,0.8777741,0.64710367,0.901511,0.56724215
GGGATTCGGCCCTCGCCT,conv,1.0,0.0,0.0,0.0,-1.0,-1.0,0.076778054,0.7758945,0.3195987,0.19891134,0.09652251,0.076778054,0.15843064,0.21714425,0.3653855,0.26132616,0.088353835,0.16621806,0.2780628,0.16110705,0.35495174,0.09531343,0.13567261,0.27909645,0.52311134,0.32618627,0.23606849,0.3774631,0.41584507,0.7758945,0.71266663,0.55469066,0.4121374,0.72262937
AGGAACGAAACTCCAGAG,conv,1.0,0.0,0.0,0.0,-1.0,-1.0,0.6608826,0.99277437,0.839425,0.6608826,0.8044785,0.7441384,0.66172695,0.71611756,0.71119964,0.7790574,0.9068328,0.8103622,0.8407628,0.99277437,0.89831024,0.94805634,0.9362802,0.910866,0.71673524,0.78479207,0.66584796,0.8795663,0.8918588,0.9141255,0.9809413,0.91036516,0.9504529,0.969099
TGCATCGCAACAGCAGTA,conv,1.0,0.0,0.0,0.0,-1.0,-1.0,0.43414843,0.91566044,0.68146586,0.43414843,0.50474215,0.54600793,0.43520957,0.45586964,0.6572322,0.5941311,0.5847707,0.6421108,0.7275915,0.91566044,0.81009847,0.849723,0.9066494,0.8383979,0.5149437,0.7160616,0.6054743,0.6105639,0.785965,0.69358,0.891316,0.730265,0.80890626,0.7772276
GGGTAAGGGACTCACAGT,conv,1.0,0.0,0.0,0.0,-1.0,-1.0,0.28735608,0.9258755,0.6224687,0.44109184,0.28735608,0.28799313,0.35783198,0.37211698,0.5999869,0.74355453,0.7453678,0.65594494,0.6782055,0.9258755,0.8194767,0.6614412,0.6956006,0.7936128,0.66636884,0.47594655,0.4914336,0.7407924,0.41744456,0.83144605,0.8963076,0.6980799,0.64191204,0.63652945
GGCCTCCACCCCCCGCCG,conv,1.0,0.0,0.0,0.0,-1.0,-1.0,0.2719324,0.8405921,0.49641132,0.32175028,0.40997592,0.4017912,0.2764113,0.42134097,0.60700256,0.49378547,0.5274994,0.34482545,0.4147624,0.6437913,0.52005225,0.68131167,0.4703913,0.6701778,0.50523806,0.44646078,0.50336313,0.27291408,0.2719324,0.6441815,0.7545478,0.5538218,0.41236132,0.8405921
GGCGGACCGAATCTAAAG,conv,1.0,0.0,0.0,0.0,-1.0,-1.0,0.4227913,0.9601132,0.7097657,0.4688456,0.45577332,0.5251983,0.4227913,0.48452517,0.5751415,0.73838556,0.7685909,0.7997489,0.7116482,0.9601132,0.83409727,0.8057479,0.85803086,0.8677484,0.7888455,0.4969311,0.7881619,0.75569534,0.845294,0.6881022,0.94225204,0.66581494,0.79946095,0.6972004
ACGTGAGCGCAGAACAGG,conv,1.0,0.0,0.0,0.0,-1.0,-1.0,0.2984114,0.88381916,0.6463721,0.5064922,0.56148136,0.59021676,0.48162118,0.5396018,0.51030916,0.57236683,0.2984114,0.6111295,0.63330907,0.88381916,0.6215943,0.7195393,0.7032098,0.5771357,0.58635086,0.69633,0.39593363,0.83819634,0.7539284,0.81452876,0.8703003,0.7769684,0.7854308,0.83109695
TGCATCGCAACAGGAGTT,conv,1.0,0.0,0.0,0.0,-1.0,-1.0,0.38669664,0.8766354,0.6346029,0.40163514,0.40027803,0.44403794,0.38669664,0.39639807,0.61194694,0.5755561,0.54262364,0.6481826,0.69917613,0.81006336,0.7207093,0.7610643,0.8766354,0.75245565,0.579308,0.6785268,0.69407606,0.55567443,0.7817817,0.5764452,0.79697675,0.6715372,0.7985191,0.7047665
GGGATACGACCATGTTTT,conv,1.0,0.0,0.0,0.0,-1.0,-1.0,0.20885241,0.8661853,0.5796912,0.3620705,0.20885241,0.26033285,0.3142576,0.2992534,0.53630924,0.6276287,0.48274016,0.5961745,0.61890304,0.8432132,0.76705635,0.7090552,0.7239582,0.8072377,0.68549985,0.42441744,0.38383576,0.30025563,0.74366915,0.7197635,0.6736959,0.82951874,0.70839465,0.8661853
AGGGGACCGCAGATCAGG,conv,1.0,0.0,0.0,0.0,-1.0,-1.0,0.41408327,0.8934586,0.64500725,0.47105667,0.4653742,0.4582045,0.41408327,0.49115065,0.5732899,0.6854935,0.5380397,0.74889266,0.63217545,0.8934586,0.6526893,0.75143,0.6006365,0.6808454,0.5930838,0.60062724,0.472826,0.83517075,0.86517733,0.79046756,0.733737,0.6667713,0.6803797,0.83012146
ATGAACGAAACTCCAGTG,conv,1.0,0.0,0.0,0.0,-1.0,-1.0,0.47707158,0.9770519,0.7723952,0.5869145,0.7218466,0.69852567,0.6025234,0.6149628,0.68691,0.7274894,0.87290645,0.6394717,0.78402853,0.9770519,0.8550405,0.9162273,0.89843637,0.8726119,0.6707433,0.7236063,0.47707158,0.81842554,0.75466126,0.8152657,0.9627317,0.87619823,0.90118086,0.8550468
AAGAACGTAAAGAAAGCG,conv,1.0,0.0,0.0,0.0,-1.0,-1.0,0.33671454,0.99077713,0.78863835,0.7344719,0.87432456,0.79460835,0.7335876,0.7913109,0.67772025,0.7574099,0.7993908,0.7016642,0.8046491,0.99077713,0.7541346,0.91317886,0.9380942,0.84822184,0.33671454,0.6669361,0.5973867,0.81343716,0.8125721,0.80624557,0.9348656,0.81834614,0.8873972,0.9285138
GGGGAAGGACGCACTATG,conv,1.0,0.0,0.0,0.0,-1.0,-1.0,0.3547859,0.98301643,0.6601931,0.4931012,0.39791003,0.38936222,0.40400097,0.47099882,0.589147,0.7574118,0.7269987,0.7693378,0.7729881,0.98301643,0.9033053,0.87177926,0.8702197,0.87280476,0.8152587,0.48505855,0.44482598,0.69424087,0.50090677,0.7385609,0.3547859,0.6874566,0.6567044,0.8546481
ATGAGCGTAACTACAGAG,conv,1.0,0.0,0.0,0.0,-1.0,-1.0,0.49076748,0.94261205,0.6846106,0.51133335,0.4972571,0.560346,0.5084717,0.49076748,0.60314316,0.6931231,0.6135545,0.5460179,0.69683725,0.87123686,0.5576974,0.7388328,0.7288093,0.76516193,0.6885338,0.5410765,0.5486826,0.7016381,0.81670934,0.80417395,0.91564614,0.88041127,0.8931928,0.94261205
GCGGGACCGAAGCTAAAG,conv,1.0,0.0,0.0,0.0,-1.0,-1.0,0.43637693,0.9674919,0.7045771,0.49109027,0.51191807,0.5462895,0.43637693,0.5234873,0.5732296,0.7043462,0.72268414,0.7348693,0.7111334,0.9674919,0.8689759,0.8261931,0.8761572,0.857519,0.76895916,0.49399424,0.62357676,0.75257355,0.84263784,0.775343,0.8810832,0.81125903,0.72382975,0.5894088
CCCCGACACCCTCTGCCG,conv,1.0,0.0,0.0,0.0,-1.0,-1.0,0.2614243,0.7667643,0.4844949,0.343903,0.4898603,0.46588844,0.31436378,0.44384143,0.5046946,0.46352753,0.74065447,0.2614243,0.34235868,0.45492244,0.38917896,0.43495956,0.35380194,0.5090577,0.65764177,0.43885055,0.64991283,0.40778685,0.40539914,0.57706773,0.7667643,0.46301806,0.528962,0.70453477
AGGAAAGTACGGACATTG,conv,1.0,0.0,0.0,0.0,-1.0,-1.0,0.35014373,0.95401,0.6936589,0.61173046,0.62399805,0.65516376,0.5914392,0.6099382,0.6155133,0.73383415,0.7768822,0.6750147,0.75204456,0.95401,0.67070717,0.78998137,0.71842635,0.7021775,0.55014616,0.56548744,0.35014373,0.67954385,0.84134287,0.6737787,0.72730154,0.7623835,0.78154933,0.92893285
CCCGGACAGACTCTAAAG,conv,1.0,0.0,0.0,0.0,-1.0,-1.0,0.4670973,0.92295015,0.7096054,0.4670973,0.5980878,0.6119855,0.46819544,0.529837,0.58146983,0.7428529,0.8447695,0.7327707,0.69398147,0.908928,0.7986711,0.7039261,0.8100783,0.8030258,0.8385154,0.5170866,0.785283,0.71490926,0.73055756,0.7990467,0.92295015,0.7106138,0.8568932,0.568602
GGGTGAGCGCAGAACAGT,conv,1.0,0.0,0.0,0.0,-1.0,-1.0,0.2837734,0.93155336,0.65884954,0.43444028,0.31442773,0.2837734,0.33673927,0.39248437,0.5256518,0.628424,0.28715342,0.7132086,0.6929879,0.93155336,0.80642176,0.78243387,0.835896,0.8022256,0.7524487,0.70563424,0.5666219,0.7948166,0.7307836,0.80132145,0.86411065,0.7432647,0.8685318,0.8758848
CCCCGCCACCCCCTGCCG,conv,1.0,0.0,0.0,0.0,-1.0,-1.0,0.23588918,0.68351585,0.45808467,0.35113198,0.5015999,0.45044753,0.29211187,0.45561066,0.5326406,0.4253337,0.55851674,0.24375044,0.36525384,0.45308122,0.41360983,0.5044568,0.39376253,0.5223636,0.56215435,0.4709012,0.54825205,0.3731659,0.23588918,0.68351585,0.62490916,0.45546055,0.40309596,0.63110113
GGGGTATGACGACCTTTT,conv,1.0,0.0,0.0,0.0,-1.0,-1.0,0.10128273,0.8029037,0.48425075,0.2907301,0.10128273,0.1017773,0.21695185,0.21961866,0.45636785,0.5865615,0.32977155,0.5630177,0.6403275,0.73527676,0.8029037,0.44969788,0.6214068,0.7466585,0.6654468,0.32361424,0.5029114,0.21028952,0.5825372,0.7265189,0.23640198,0.78888834,0.49466377,0.71264607
AGGTAAGGACAGACTATG,conv,1.0,0.0,0.0,0.0,-1.0,-1.0,0.523692,0.9849119,0.7824683,0.5962974,0.5768492,0.6282171,0.5676228,0.5790384,0.6615633,0.8203684,0.73138994,0.7934097,0.79579765,0.9849119,0.8821849,0.9137076,0.8955684,0.8559629,0.7815357,0.7641574,0.523692,0.91787577,0.78672236,0.8832744,0.9306974,0.8508911,0.86816764,0.9718026
AAGAAGGTACAGAAAACG,conv,1.0,0.0,0.0,0.0,-1.0,-1.0,0.44577435,0.9891952,0.7828475,0.72982204,0.85402185,0.7827351,0.7204687,0.7806547,0.69275177,0.8059215,0.7654533,0.7385033,0.7989779,0.9891952,0.64236164,0.90361005,0.9005676,0.79899997,0.44577435,0.75562733,0.530537,0.734838,0.79011154,0.86665046,0.9467961,0.7765753,0.8853987,0.93483466
CCCCGACACACCCTACCG,conv,1.0,0.0,0.0,0.0,-1.0,-1.0,0.29706883,0.891467,0.6372943,0.45375937,0.7058368,0.63873935,0.42951417,0.547858,0.6691353,0.74318326,0.891467,0.66745186,0.69536275,0.86713594,0.72619396,0.7648408,0.8049915,0.7709208,0.517516,0.29706883,0.7141791,0.51634103,0.43128142,0.57864,0.7525569,0.42976505,0.67478245,0.64383435
TGCATCGCAACAGGACTT,conv,1.0,0.0,0.0,0.0,-1.0,-1.0,0.40603927,0.87269664,0.60986006,0.41239136,0.44329584,0.4933772,0.40603927,0.4228048,0.62302047,0.6206626,0.5714492,0.65524316,0.733017,0.87269664,0.7482436,0.79057807,0.8706325,0.78829944,0.5228714,0.57332736,0.57189035,0.4133714,0.67972815,0.4094055,0.75530654,0.47260004,0.77430314,0.6219464
GGGATTCGAACATGTTTT,conv,1.0,0.0,0.0,0.0,-1.0,-1.0,0.118200265,0.8574605,0.5538105,0.3170896,0.118200265,0.14982623,0.26286972,0.24027263,0.47940648,0.5283267,0.27612284,0.615012,0.671875,0.7324463,0.77766883,0.5326675,0.7472784,0.7886542,0.65028846,0.29996857,0.45556042,0.442448,0.8199726,0.71845067,0.84330165,0.8574605,0.8236186,0.69647455
TAGAACGTAACGAAAGCG,conv,1.0,0.0,0.0,0.0,-1.0,-1.0,0.4825601,0.97147006,0.76368886,0.63064027,0.73196316,0.71926194,0.63317055,0.6484484,0.6886339,0.7422229,0.82577294,0.7809279,0.7628449,0.97147006,0.7224344,0.87532747,0.8920586,0.8368414,0.4825601,0.6341427,0.7147281,0.770971,0.6590291,0.8130047,0.9118972,0.83782756,0.87280434,0.9332404
GGGGTACGGCGTCCTCTT,conv,1.0,0.0,0.0,0.0,-1.0,-1.0,0.04891403,0.80844533,0.30307272,0.19656782,0.072218016,0.04891403,0.13696964,0.1795452,0.35983253,0.30975336,0.2106057,0.24695584,0.27250677,0.15027425,0.4224632,0.06564738,0.14612217,0.18469192,0.80844533,0.42045575,0.374237,0.33150083,0.4701846,0.4948854,0.33133435,0.5558563,0.3687395,0.41811058
TGCATCGGAACAGGATTT,conv,1.0,0.0,0.0,0.0,-1.0,-1.0,0.29673,0.84778404,0.5696386,0.3953797,0.29673,0.3528785,0.36366922,0.34858352,0.5437022,0.6033254,0.4990029,0.7041962,0.7073586,0.7924508,0.73078936,0.59934324,0.84778404,0.6592275,0.4573751,0.49167207,0.5528997,0.35605374,0.6696028,0.5476337,0.60801375,0.7065374,0.735012,0.6717446
GGGGGACAGAACATAAGG,conv,1.0,0.0,0.0,0.0,-1.0,-1.0,0.50598794,0.99619883,0.78074837,0.6059147,0.60963285,0.6536762,0.53365934,0.61832374,0.7245142,0.87193507,0.85745007,0.880376,0.9010341,0.99619883,0.96233624,0.9669639,0.96420735,0.95126545,0.78520817,0.50598794,0.6012495,0.8787488,0.8000706,0.8392732,0.8768289,0.5174001,0.8954794,0.72097236
GGGGTACGGCCACGTTTT,conv,1.0,0.0,0.0,0.0,-1.0,-1.0,0.08445369,0.83215016,0.4375824,0.2480083,0.10483327,0.08445369,0.17845136,0.21347983,0.5202926,0.53084064,0.3766608,0.44409987,0.49396905,0.4849828,0.6229135,0.33452198,0.43384677,0.49861115,0.6101267,0.4105247,0.42647427,0.18667622,0.6701857,0.7239484,0.40161267,0.83215016,0.34770188,0.76019347
GGGGGACCGCACATCATG,conv,1.0,0.0,0.0,0.0,-1.0,-1.0,0.324872,0.95588154,0.66043544,0.39970887,0.3537011,0.3482193,0.324872,0.40789762,0.6361337,0.7508581,0.75624996,0.79398304,0.7007029,0.95588154,0.8334638,0.85662526,0.79248667,0.8526793,0.737149,0.6903364,0.45446354,0.73285604,0.66345114,0.759834,0.6593635,0.60157114,0.6677481,0.7806474
GGGGTACAGACTCTAACG,conv,1.0,0.0,0.0,0.0,-1.0,-1.0,0.29140365,0.9600183,0.70044357,0.4177702,0.29140365,0.34210363,0.35373244,0.36315548,0.6004897,0.75726324,0.7863968,0.7178244,0.73032326,0.9600183,0.8895275,0.8227772,0.79830056,0.8904119,0.715724,0.58990914,0.81548685,0.79175067,0.7179212,0.84713364,0.91540307,0.73224413,0.89877915,0.76524025
AGCATCTAAAGTCGTTTT,conv,1.0,0.0,0.0,0.0,-1.0,-1.0,0.27462542,0.8009781,0.49914008,0.37081346,0.27462542,0.34163666,0.37519422,0.3301696,0.456715,0.42347538,0.33221057,0.354329,0.55573756,0.46148103,0.51360804,0.33941507,0.4927228,0.39829752,0.6314974,0.37109995,0.58765143,0.54555297,0.7886479,0.55848575,0.8009781,0.796293,0.73836917,0.63949424
GGGGTATGACGTCCCAGG,conv,1.0,0.0,0.0,0.0,-1.0,-1.0,0.09055591,0.74631715,0.43286392,0.27849194,0.11313649,0.09055591,0.20755675,0.21985073,0.37661308,0.44454873,0.27329543,0.34661475,0.49443486,0.46503767,0.6658081,0.22523141,0.33712545,0.60149854,0.728249,0.30361894,0.54038507,0.47122437,0.3783488,0.74631715,0.56417686,0.70185983,0.5630836,0.6845339
ATGAACGAAACTCCAGAG,conv,1.0,0.0,0.0,0.0,-1.0,-1.0,0.55118877,0.9836939,0.80102587,0.6233088,0.77246594,0.7261299,0.6335244,0.6604773,0.7015822,0.7518665,0.8793661,0.7045303,0.8084777,0.9836939,0.8752609,0.92514116,0.91790843,0.886182,0.6814893,0.6582332,0.55118877,0.84800714,0.8181434,0.8637985,0.97223413,0.9182701,0.91961956,0.9447472
ACGTGAGCGCAGAACAAT,conv,1.0,0.0,0.0,0.0,-1.0,-1.0,0.33845878,0.9258048,0.6879758,0.5429521,0.60988754,0.63884497,0.52638465,0.5782832,0.51665646,0.5931993,0.33845878,0.68328387,0.6629766,0.9258048,0.66793203,0.7727896,0.7628733,0.6326409,0.79614234,0.67257535,0.39804736,0.88630414,0.7628673,0.838387,0.8869498,0.86800927,0.77251554,0.8646277
TGCATCCGATCAGGACCT,conv,1.0,0.0,0.0,0.0,-1.0,-1.0,0.22485696,0.81745404,0.45792693,0.3218646,0.2764672,0.31864983,0.3081391,0.33856863,0.49031463,0.414418,0.24741054,0.42158648,0.5162118,0.3034837,0.3637234,0.22485696,0.43240988,0.47355586,0.5244479,0.5182118,0.6027964,0.31625846,0.7591249,0.55174375,0.7938268,0.5324222,0.81745404,0.580227
GGGGTACGGCGTCGTCGT,conv,1.0,0.0,0.0,0.0,-1.0,-1.0,0.034098405,0.7315769,0.2773743,0.18450789,0.06507059,0.034098405,0.12215266,0.157805,0.32628995,0.27731073,0.18124962,0.27998433,0.262532,0.056082536,0.29274556,0.040644027,0.11298011,0.083846144,0.7315769,0.33879855,0.38091075,0.23216951,0.56681454,0.46312067,0.3248082,0.61683315,0.39050937,0.41151527
ATGAACGACAATCGAGAA,conv,1.0,0.0,0.0,0.0,-1.0,-1.0,0.25227642,0.9724211,0.74527526,0.6284094,0.757625,0.72507995,0.63643634,0.6617966,0.6884479,0.7738022,0.81293863,0.8126222,0.7914835,0.9724211,0.7894196,0.89827293,0.8979689,0.81324565,0.58904487,0.6255488,0.25227642,0.7460048,0.75251806,0.6690373,0.9112636,0.85447025,0.72491604,0.8468313
AGGAAAGGACGTACATTG,conv,1.0,0.0,0.0,0.0,-1.0,-1.0,0.32001433,0.9762314,0.7150337,0.62362295,0.6355579,0.6699396,0.5977108,0.62682647,0.6176426,0.75934494,0.78304666,0.7321028,0.77039105,0.9762314,0.75561965,0.8324809,0.7843638,0.7529541,0.64897776,0.57832515,0.32001433,0.7316501,0.7375202,0.6679212,0.8197064,0.7131198,0.8151826,0.92558867
AGGGGACCGCAGAACAGG,conv,1.0,0.0,0.0,0.0,-1.0,-1.0,0.40008083,0.9683174,0.7215094,0.5519741,0.6256558,0.62648195,0.5090098,0.6055654,0.6550824,0.7622869,0.6892379,0.8121556,0.74664736,0.9683174,0.7476772,0.8900264,0.8206848,0.8064112,0.55875117,0.69610393,0.40008083,0.7253584,0.89139676,0.76527655,0.7817322,0.76788765,0.7527253,0.8812093
GGGGTAGGGCGCCCCAGT,conv,1.0,0.0,0.0,0.0,-1.0,-1.0,0.067149326,0.71957093,0.32099447,0.25463858,0.122849844,0.067149326,0.17162028,0.22158314,0.42103285,0.38749385,0.19124687,0.34199518,0.36253226,0.3654636,0.6178829,0.15686122,0.24140914,0.23267482,0.71957093,0.27689913,0.33336708,0.44338456,0.16375488,0.66517496,0.107316904,0.50510275,0.26137218,0.39248386
GGCATTCGAACATGTCTT,conv,1.0,0.0,0.0,0.0,-1.0,-1.0,0.19716133,0.83316004,0.5281704,0.32804623,0.19716133,0.26117894,0.2965296,0.2966584,0.49704957,0.47567022,0.287473,0.5496182,0.6230187,0.71633804,0.7217625,0.48134848,0.69992447,0.75131047,0.6860148,0.26710093,0.44580454,0.29016078,0.83316004,0.5048492,0.8323348,0.72622716,0.81724954,0.61827224
GGCGGACAGACTCTAAAG,conv,1.0,0.0,0.0,0.0,-1.0,-1.0,0.43404475,0.971563,0.7252028,0.47947684,0.46795952,0.53631335,0.43404475,0.4918679,0.59275615,0.78675133,0.8019194,0.79005873,0.72040653,0.971563,0.8734735,0.84509444,0.85626745,0.8828103,0.82885414,0.46018147,0.84004855,0.7103391,0.7516202,0.76471716,0.94500244,0.68771046,0.8859207,0.72491163
AGGAGCGTACGTACAGTG,conv,1.0,0.0,0.0,0.0,-1.0,-1.0,0.30724677,0.8795769,0.56035495,0.43478748,0.32936192,0.34883842,0.38440654,0.39235172,0.5240889,0.62395453,0.4454296,0.4566024,0.5855776,0.5051727,0.30724677,0.36829388,0.39976025,0.43042624,0.6326254,0.68981284,0.51496094,0.71772,0.7968418,0.75824946,0.86110604,0.74414456,0.8795769,0.8775357
AGCATCGAAAAACGTGTA,conv,1.0,0.0,0.0,0.0,-1.0,-1.0,0.4694894,0.9834781,0.758742,0.6104223,0.73786104,0.7160322,0.61983657,0.6448388,0.64341086,0.6794844,0.70659655,0.8022727,0.79794943,0.9834781,0.90183115,0.9201245,0.95686764,0.8890054,0.5857792,0.5912608,0.4694894,0.6918059,0.8392038,0.704151,0.9174679,0.86716604,0.8046049,0.8876075
GGCATCCGATCATGTCTT,conv,1.0,0.0,0.0,0.0,-1.0,-1.0,0.15856212,0.790782,0.3984512,0.2701475,0.15856212,0.19664897,0.24257039,0.27870166,0.3984543,0.3248982,0.16603898,0.29802316,0.36667135,0.25317058,0.3316971,0.1784869,0.33411363,0.497982,0.64608574,0.47761124,0.36285475,0.29024962,0.790782,0.5246486,0.7091141,0.5974272,0.7753192,0.4910224
AGCATCGCAACACGTTTT,conv,1.0,0.0,0.0,0.0,-1.0,-1.0,0.40192857,0.8765771,0.6323192,0.44275048,0.5301425,0.574514,0.44814596,0.4703953,0.62342715,0.6219548,0.5619257,0.66092145,0.67754155,0.876532,0.679892,0.8082974,0.8103877,0.6987443,0.5080325,0.4812642,0.40192857,0.40497953,0.73779523,0.66652745,0.8089842,0.7923267,0.64399135,0.8765771
AGGGTATGACGACCTTTT,conv,1.0,0.0,0.0,0.0,-1.0,-1.0,0.1707625,0.7603477,0.46615756,0.3562663,0.1707625,0.20458345,0.30374244,0.2792182,0.4516573,0.5861089,0.2700429,0.5239343,0.6198462,0.68635774,0.67474836,0.47147024,0.4843166,0.58994895,0.603003,0.3636471,0.4210087,0.29595432,0.61556685,0.7091891,0.1732526,0.7603477,0.3671883,0.6717774
AGCATCGAAAAACGTGTT,conv,1.0,0.0,0.0,0.0,-1.0,-1.0,0.58991003,0.98009,0.76466376,0.58991003,0.70890015,0.7011675,0.60091084,0.61980194,0.64341086,0.6794844,0.70659655,0.8022727,0.79794943,0.98009,0.89441794,0.91920954,0.953413,0.885889,0.6050274,0.63106054,0.6133223,0.7302857,0.83425206,0.7114535,0.9227876,0.85613513,0.84588647,0.8829601
GGGGGACCGCAGAACAGG,conv,1.0,0.0,0.0,0.0,-1.0,-1.0,0.38566193,0.9708807,0.7172209,0.47330293,0.4681431,0.4280827,0.38566193,0.49908796,0.65784055,0.7609137,0.741142,0.81787556,0.76126355,0.9708807,0.8414024,0.88615143,0.8821505,0.8682518,0.68447435,0.67970663,0.5387092,0.5869429,0.8568489,0.7750891,0.8326264,0.7993566,0.8333352,0.90128213
GCCCGACACCCCCCGCCG,conv,1.0,0.0,0.0,0.0,-1.0,-1.0,0.23813304,0.7960937,0.55192,0.39765373,0.59083265,0.53374404,0.36427572,0.49488953,0.62829596,0.59801334,0.7394537,0.5249732,0.4903532,0.7960937,0.58701175,0.74301606,0.60002255,0.71210223,0.52057165,0.43125683,0.42019266,0.23813304,0.3716571,0.55739236,0.66156346,0.62447697,0.39601988,0.77600646
GGGGGACAGAACCTAATG,conv,1.0,0.0,0.0,0.0,-1.0,-1.0,0.4712697,0.99389786,0.7432022,0.54336584,0.5193362,0.57678866,0.4712697,0.546169,0.69124126,0.843371,0.8447435,0.8526226,0.863477,0.99389786,0.95639694,0.954709,0.94427365,0.9394465,0.73911613,0.5753612,0.5761041,0.8308139,0.68052715,0.798795,0.85848737,0.6076073,0.8433158,0.5288182
AGGATTCGATCATGTTTT,conv,1.0,0.0,0.0,0.0,-1.0,-1.0,0.06336997,0.8116035,0.36388686,0.27719963,0.0964026,0.12689771,0.25044042,0.2273982,0.32190126,0.29992008,0.06336997,0.26071295,0.3856843,0.10669791,0.21108821,0.12086276,0.19722651,0.25359577,0.49000818,0.38017428,0.3142802,0.48349848,0.8116035,0.6326591,0.7631141,0.7994146,0.7228448,0.5001768
GGCATCCGCCCCTCGCCT,conv,1.0,0.0,0.0,0.0,-1.0,-1.0,0.17630382,0.7323683,0.330658,0.2703417,0.25096127,0.26551282,0.2280604,0.351412,0.44643298,0.29712543,0.17630382,0.20921642,0.2604821,0.3191155,0.30399477,0.30223086,0.20324655,0.46059868,0.5652075,0.29181448,0.31181076,0.21764971,0.2278307,0.596575,0.40835384,0.32454225,0.24526177,0.7323683
AGGAACGAACGTACATTG,conv,1.0,0.0,0.0,0.0,-1.0,-1.0,0.45562407,0.9803324,0.7730076,0.61334956,0.6958911,0.700441,0.60916644,0.6392389,0.67229944,0.79191244,0.8700553,0.71807593,0.82547414,0.9803324,0.8146812,0.8963267,0.8792346,0.8387298,0.66873,0.7169093,0.45562407,0.78242993,0.83344954,0.7647512,0.93791056,0.77468616,0.91890365,0.9265861
GGGTGACGGCAGAACAGT,conv,1.0,0.0,0.0,0.0,-1.0,-1.0,0.28678778,0.92306876,0.6786024,0.43381628,0.31515345,0.28678778,0.33737302,0.39232305,0.5736917,0.7161331,0.50504035,0.73851806,0.73061335,0.92306876,0.81465715,0.74012893,0.81955624,0.78766733,0.8299525,0.63650346,0.65902954,0.69196177,0.71637225,0.8817025,0.89983654,0.7909339,0.8686039,0.8756361
AGGAGCGAACGTCCATTG,conv,1.0,0.0,0.0,0.0,-1.0,-1.0,0.4543404,0.93467104,0.6757621,0.48563403,0.46971014,0.5217939,0.4543404,0.48996872,0.52959394,0.6448833,0.53109205,0.6425011,0.6715161,0.93467104,0.70843893,0.7780149,0.68289775,0.7152844,0.5905801,0.73813,0.5486532,0.7232365,0.84078234,0.79258436,0.9132472,0.8077512,0.857278,0.8214695
GGGATACGGCCATGTCTT,conv,1.0,0.0,0.0,0.0,-1.0,-1.0,0.15019462,0.68633986,0.4128103,0.30710143,0.15287074,0.15019462,0.24686797,0.2600282,0.4407044,0.43700176,0.24671158,0.30886436,0.4033315,0.4579309,0.5524778,0.29122114,0.3491468,0.520324,0.68633986,0.4232534,0.24360171,0.2950931,0.65394247,0.5855701,0.55281675,0.6249765,0.46835914,0.66152686
AGGAGAGTACCTACATTG,conv,1.0,0.0,0.0,0.0,-1.0,-1.0,0.42217782,0.93684685,0.67418677,0.52031326,0.46634626,0.54574704,0.5021368,0.49484497,0.5816772,0.7314224,0.6655031,0.5921176,0.6455918,0.9155774,0.53952116,0.8074222,0.6508585,0.7943977,0.6862157,0.56013954,0.42217782,0.6960692,0.8751292,0.76182115,0.855365,0.7504839,0.8569429,0.93684685
ACGGGACCGCAGAACGAG,conv,1.0,0.0,0.0,0.0,-1.0,-1.0,0.49876687,0.948734,0.733099,0.53547007,0.66163623,0.6485731,0.5235141,0.6108461,0.6354658,0.69164026,0.7440334,0.7902591,0.6865641,0.93109304,0.6509974,0.81870574,0.7609729,0.7097082,0.6526251,0.72636896,0.49876687,0.806565,0.948734,0.8165897,0.84017015,0.924074,0.7879741,0.92612594
AGGAACTAAGATCGAGAA,conv,1.0,0.0,0.0,0.0,-1.0,-1.0,0.61738193,0.97638,0.7932938,0.6392607,0.712866,0.712613,0.6329827,0.65729374,0.63014424,0.7354631,0.7113599,0.7542314,0.7771775,0.97224367,0.8207649,0.86014843,0.8797015,0.8173029,0.69147265,0.78108156,0.61738193,0.83089453,0.9605502,0.85980743,0.97638,0.91849667,0.9478939,0.93483144
AGGGTATGACGTCCTTTT,conv,1.0,0.0,0.0,0.0,-1.0,-1.0,0.09020191,0.75980335,0.35966796,0.26529524,0.09020191,0.09913581,0.21854846,0.21497163,0.3230003,0.36277115,0.15452439,0.25894225,0.39427823,0.21014233,0.39054736,0.12868278,0.18070963,0.254635,0.7460187,0.4141111,0.46761888,0.44460797,0.6494003,0.718668,0.24640518,0.75980335,0.3688509,0.62982935
AGGATCGGAACATGTCTT,conv,1.0,0.0,0.0,0.0,-1.0,-1.0,0.23749599,0.8530154,0.55939305,0.44560128,0.33016044,0.3980415,0.4106817,0.39420173,0.4768632,0.5667703,0.36448905,0.63127995,0.6337469,0.8530154,0.6833872,0.6290394,0.68172467,0.6464829,0.6681607,0.44143885,0.23749599,0.5192597,0.5284738,0.6685292,0.6676565,0.7031135,0.67755985,0.72765356
GGCGGACAGAATCTAAAG,conv,1.0,0.0,0.0,0.0,-1.0,-1.0,0.50900733,0.98681253,0.767858,0.5519834,0.55177855,0.6262102,0.50900733,0.56415516,0.616376,0.8093572,0.7865734,0.839248,0.8041947,0.98681253,0.9214899,0.9019415,0.92829436,0.91800445,0.83488214,0.513044,0.858406,0.8237228,0.8254264,0.77183086,0.96189773,0.69892895,0.8923923,0.7004933
GGGATATGACGACGTTTT,conv,1.0,0.0,0.0,0.0,-1.0,-1.0,0.14343332,0.86438847,0.5166249,0.35186714,0.14343332,0.15851936,0.28489146,0.2566931,0.4708319,0.57944,0.333861,0.6013033,0.6343585,0.6924969,0.73701775,0.44127062,0.6413542,0.68365824,0.5420676,0.34764227,0.5195459,0.23165233,0.65182763,0.72060615,0.5621989,0.85087496,0.6138214,0.86438847
AGCATCTAAAGTCGTGTA,conv,1.0,0.0,0.0,0.0,-1.0,-1.0,0.3130082,0.85079336,0.5095051,0.4034762,0.3433607,0.39398614,0.41014916,0.36327752,0.44676825,0.37815347,0.32882237,0.3130082,0.52654475,0.46541035,0.5220294,0.3400641,0.5326855,0.3848723,0.6033195,0.3994341,0.47246075,0.66875184,0.8083082,0.57303125,0.85079336,0.8157274,0.7543368,0.6388577
GGGATATGACCACGTTTT,conv,1.0,0.0,0.0,0.0,-1.0,-1.0,0.18463424,0.9410852,0.58059466,0.35806325,0.18463424,0.22816597,0.3074278,0.28487128,0.52121705,0.5835963,0.42608738,0.5303737,0.6266276,0.8489227,0.7786703,0.70718783,0.72737205,0.8194072,0.54371333,0.46844593,0.44454724,0.2846909,0.6920486,0.8339996,0.7883186,0.9051631,0.68022966,0.9410852
GGGGGACGGAACAACAGT,conv,1.0,0.0,0.0,0.0,-1.0,-1.0,0.45958632,0.99179256,0.7099288,0.55502707,0.53997755,0.54630595,0.45958632,0.56720394,0.70555806,0.8562452,0.83294886,0.8583795,0.875299,0.99179256,0.9378631,0.94264346,0.94251215,0.91610926,0.76706284,0.46142042,0.51539284,0.5765374,0.6144234,0.7721507,0.6173951,0.61359626,0.6445374,0.6382532
GGGGGACAGAACCTCAGG,conv,1.0,0.0,0.0,0.0,-1.0,-1.0,0.41911873,0.99112844,0.7094547,0.50018066,0.48312047,0.49372786,0.4238993,0.5059067,0.6661339,0.8145116,0.80933076,0.79993856,0.82968146,0.99112844,0.950458,0.9421472,0.91485065,0.9273693,0.7096506,0.41911873,0.63507503,0.81024426,0.72438455,0.82440114,0.7731021,0.6031536,0.63057476,0.5542789
AGGAACGAAAGTCCAGTG,conv,1.0,0.0,0.0,0.0,-1.0,-1.0,0.5611498,0.98744196,0.7840569,0.6348592,0.7263991,0.7096921,0.62316006,0.66512847,0.65388334,0.72526413,0.83900243,0.756114,0.8101112,0.98744196,0.88415307,0.911357,0.8991268,0.8651561,0.646839,0.7187942,0.5611498,0.8574449,0.81587064,0.80921185,0.96668875,0.8091008,0.92514837,0.800326
TGCATCGGATCAGCTCCT,conv,1.0,0.0,0.0,0.0,-1.0,-1.0,0.12897629,0.7985893,0.40610966,0.2729942,0.16549265,0.19069266,0.24592975,0.28150648,0.4033099,0.30090147,0.15523577,0.27220443,0.38404685,0.24637921,0.36429003,0.12897629,0.30850768,0.39269418,0.51609796,0.45615757,0.6048609,0.4211196,0.47025338,0.67505777,0.7985893,0.6582848,0.6952997,0.7438582
AGGAACTAAAATCGAGAG,conv,1.0,0.0,0.0,0.0,-1.0,-1.0,0.66816366,0.9896046,0.83631307,0.67138267,0.792653,0.745724,0.66816366,0.7049966,0.68658096,0.7615306,0.8375957,0.80362123,0.8329817,0.9896046,0.89819,0.9381179,0.9489482,0.9166635,0.72613317,0.78263557,0.7227164,0.83880174,0.9616836,0.8834454,0.9845471,0.9201746,0.9536726,0.9372655
GGGGTAGAACGTCCTATG,conv,1.0,0.0,0.0,0.0,-1.0,-1.0,0.17118335,0.9189896,0.6369302,0.36612397,0.17118335,0.17493932,0.279712,0.2765568,0.5345176,0.65340054,0.62893105,0.62873685,0.6657934,0.9189896,0.87081945,0.6897748,0.7425221,0.85294,0.8622672,0.58493316,0.61488104,0.78385615,0.73950523,0.7242085,0.7670932,0.78839403,0.82869095,0.7744863
AGGGTAGGACGTACTTTG,conv,1.0,0.0,0.0,0.0,-1.0,-1.0,0.1432568,0.86333275,0.45804513,0.35756952,0.1432568,0.14527184,0.2802739,0.2618851,0.46392855,0.61062217,0.35233814,0.46104056,0.56618595,0.50873816,0.5000259,0.2700947,0.4009292,0.34094,0.7092661,0.47948474,0.39330354,0.638336,0.6434619,0.5679379,0.21838199,0.7096845,0.56483877,0.86333275
AGGATAGAACGTCCTTTG,conv,1.0,0.0,0.0,0.0,-1.0,-1.0,0.34920073,0.9017332,0.634846,0.45449895,0.34920073,0.41862953,0.4408123,0.39818624,0.5445317,0.6206593,0.51808226,0.54359305,0.6161096,0.9017332,0.74772286,0.70634687,0.6042092,0.69968385,0.6778812,0.57230675,0.4351002,0.81006634,0.83867514,0.73083836,0.81797796,0.79679817,0.73100084,0.89650595
TGCATCGGAACAGCACCT,conv,1.0,0.0,0.0,0.0,-1.0,-1.0,0.43033478,0.930803,0.6652548,0.43829015,0.47970957,0.5289271,0.43033478,0.450723,0.62359977,0.6497945,0.57057136,0.71832925,0.7669109,0.930803,0.82732975,0.78461885,0.8625005,0.8195791,0.5472171,0.49556288,0.7136467,0.47903433,0.565367,0.72144234,0.88521904,0.6677516,0.8332073,0.84090114
AGGTAAGGACGCACAATG,conv,1.0,0.0,0.0,0.0,-1.0,-1.0,0.4013417,0.9811391,0.72202754,0.59459543,0.62768924,0.65801805,0.5696082,0.60445565,0.6627344,0.78393793,0.7315473,0.7761128,0.7832767,0.9811391,0.8516167,0.9071736,0.85764825,0.81378233,0.74088544,0.489323,0.4013417,0.8495564,0.44065776,0.8092721,0.7659621,0.6654257,0.79533017,0.88959825
GCCCGCCACCCCCCGCCG,conv,1.0,0.0,0.0,0.0,-1.0,-1.0,0.23814036,0.6865383,0.4981617,0.35998198,0.5190442,0.4599596,0.30944338,0.4666037,0.6040988,0.48414022,0.5731243,0.3836062,0.42891574,0.6343481,0.47349986,0.6422924,0.49131054,0.62370807,0.48941597,0.5269129,0.48501715,0.23814036,0.25344154,0.6238039,0.66047704,0.6200064,0.4162133,0.6865383
AAGTAGGGGCAGAACAGG,conv,1.0,0.0,0.0,0.0,-1.0,-1.0,0.21925601,0.85326856,0.563184,0.5808422,0.5736721,0.58051777,0.53334075,0.58278805,0.5764054,0.6868019,0.3552853,0.5524258,0.58614016,0.85326856,0.3999236,0.5250613,0.50868946,0.21925601,0.45150906,0.6434619,0.38779512,0.71091104,0.45667678,0.7810452,0.8099885,0.5966832,0.42386326,0.7032492
AGCATCGCAACAGCAGTA,conv,1.0,0.0,0.0,0.0,-1.0,-1.0,0.38353038,0.93729687,0.67865896,0.54336053,0.70116454,0.67341036,0.5548862,0.5996,0.65614873,0.6195077,0.5613236,0.6328225,0.71979564,0.93729687,0.7369119,0.8574081,0.8922127,0.7692597,0.4633738,0.6558964,0.38353038,0.54200214,0.79065084,0.65923315,0.8484777,0.6859461,0.7695986,0.7126568
AGGATTGGAACATGTTTT,conv,1.0,0.0,0.0,0.0,-1.0,-1.0,0.14301918,0.8028467,0.48109296,0.383131,0.15803947,0.20329383,0.3387898,0.27756053,0.38331375,0.47731754,0.14301918,0.48196942,0.6149074,0.629888,0.60360616,0.4107569,0.6132527,0.5071426,0.53728706,0.29896122,0.26439506,0.5193263,0.72714764,0.6425003,0.6547199,0.8028467,0.6698883,0.684263
GGGGTACGGCGATGTTTT,conv,1.0,0.0,0.0,0.0,-1.0,-1.0,0.04030451,0.63336927,0.26305777,0.21566236,0.06334948,0.04030451,0.14061534,0.1609349,0.31371915,0.37862474,0.1294086,0.3192324,0.33467367,0.09625616,0.4128264,0.06766175,0.22704443,0.14204453,0.63336927,0.27649525,0.34345484,0.12770246,0.600653,0.44973245,0.06329252,0.5498746,0.23755805,0.25195286
ATGAGCGTAACTACATTG,conv,1.0,0.0,0.0,0.0,-1.0,-1.0,0.3700017,0.82831967,0.6121772,0.45907453,0.38123852,0.47423908,0.45222422,0.41158652,0.5721075,0.66884696,0.587422,0.47182012,0.66298854,0.81754947,0.51950395,0.6712297,0.66393745,0.7375429,0.62875396,0.50472236,0.3700017,0.5636215,0.75171334,0.66963816,0.82831967,0.79491323,0.82651114,0.81492263
AGCATCGAAGATCGTGAA,conv,1.0,0.0,0.0,0.0,-1.0,-1.0,0.28143474,0.95673907,0.6408713,0.4919107,0.4968497,0.5379636,0.49254894,0.48716193,0.49548945,0.50294054,0.28143474,0.61425555,0.5847985,0.8193511,0.65252906,0.5197179,0.707864,0.50822264,0.6501689,0.6346535,0.47609606,0.76553494,0.88505155,0.756732,0.933557,0.9103771,0.8598319,0.95673907
CCCCTCCGCCCCTCGCCC,conv,1.0,0.0,0.0,0.0,-1.0,-1.0,0.15064338,0.5358393,0.28906858,0.2888051,0.31498098,0.33446357,0.21807429,0.39104685,0.42805755,0.2985798,0.26137644,0.15064338,0.24960239,0.22210631,0.25721416,0.1631129,0.15216327,0.28579238,0.5358393,0.34105456,0.22780477,0.29982856,0.20797998,0.52006906,0.18115984,0.2884017,0.15344118,0.45511633
GGGGGACAGACTCTAACG,conv,1.0,0.0,0.0,0.0,-1.0,-1.0,0.36089253,0.97789097,0.7241639,0.4546803,0.36089253,0.38100627,0.3734467,0.42814282,0.6169156,0.7909082,0.83337295,0.80994993,0.7593228,0.97789097,0.9025525,0.86785495,0.83671457,0.8952396,0.7351726,0.632897,0.831127,0.7734098,0.7506333,0.8479525,0.9312163,0.6967147,0.9093922,0.7066908
GGGATTCGGCCCTGTCCT,conv,1.0,0.0,0.0,0.0,-1.0,-1.0,0.0567127,0.773787,0.32298192,0.18046673,0.0731073,0.0567127,0.14060257,0.18886985,0.28550404,0.22908442,0.06466918,0.11993162,0.24054706,0.10565749,0.27886102,0.06675126,0.12230352,0.18296956,0.6315069,0.30384192,0.26900724,0.45496967,0.6750822,0.773787,0.74158764,0.7088729,0.4738686,0.705984
ACGGGACCGAAGCTAGAG,conv,1.0,0.0,0.0,0.0,-1.0,-1.0,0.49217287,0.9359601,0.69171983,0.5152142,0.586399,0.6095232,0.49217287,0.56112444,0.5694407,0.6550674,0.73099196,0.68942857,0.66424245,0.9266438,0.73653674,0.7557248,0.7252947,0.7028934,0.6412056,0.53151786,0.5632689,0.8477503,0.9359601,0.7972909,0.8742419,0.8442315,0.66221404,0.6746128
ATGAACGTCAATCGAGAA,conv,1.0,0.0,0.0,0.0,-1.0,-1.0,0.19454461,0.8067349,0.58123684,0.52565676,0.5674574,0.6017394,0.5416497,0.5242087,0.572669,0.57494783,0.62032115,0.5607404,0.6360579,0.7518568,0.41481745,0.5983022,0.5558988,0.5839675,0.45783746,0.44211814,0.19454461,0.59897333,0.7248196,0.6259504,0.8067349,0.77751154,0.49571547,0.77642345
GGGATTGGAACATGTTTT,conv,1.0,0.0,0.0,0.0,-1.0,-1.0,0.09374361,0.8350751,0.5068627,0.3188941,0.09374361,0.10325829,0.2433412,0.21484295,0.3861362,0.47646803,0.18124436,0.5224306,0.63501495,0.6776205,0.75022316,0.3921486,0.7310484,0.7087915,0.5790382,0.28179768,0.40065253,0.46908197,0.73448265,0.68649995,0.7370439,0.8350751,0.78924847,0.72344136
GCCGGACAGACTCTAACG,conv,1.0,0.0,0.0,0.0,-1.0,-1.0,0.43238583,0.93995357,0.69696856,0.44687536,0.50970346,0.55625486,0.43238583,0.4879519,0.58364,0.759426,0.8335777,0.73463845,0.71090275,0.93995357,0.8176743,0.73954433,0.78673935,0.8362533,0.7649244,0.6153391,0.8790213,0.5354526,0.7119946,0.7686646,0.90574324,0.63386923,0.8974427,0.5362419
AGCATCGAAAGACGTGTT,conv,1.0,0.0,0.0,0.0,-1.0,-1.0,0.38957578,0.9395139,0.681415,0.5295472,0.58035105,0.6048564,0.5298861,0.5376383,0.59242177,0.64027286,0.55821943,0.75341165,0.7645351,0.9395139,0.8227188,0.81405073,0.88167864,0.7192372,0.593462,0.38957578,0.6579877,0.62321883,0.76340765,0.58592176,0.7911786,0.7923971,0.7918499,0.7780359
AGGGGACCGCAGAACAAG,conv,1.0,0.0,0.0,0.0,-1.0,-1.0,0.445165,0.97757876,0.7651234,0.58805895,0.6778329,0.6775107,0.55345464,0.6464704,0.65768987,0.7736377,0.724926,0.8378567,0.766928,0.97757876,0.7812077,0.90438974,0.85681677,0.8248636,0.7627286,0.74164927,0.445165,0.7776079,0.9227079,0.80428976,0.85696703,0.8824404,0.7456718,0.9396356
AGGAGCTAACGTCCATTG,conv,1.0,0.0,0.0,0.0,-1.0,-1.0,0.39736626,0.9227606,0.63025826,0.44468966,0.39736626,0.4617201,0.42664874,0.42265603,0.50533366,0.59088165,0.43929958,0.4703128,0.62343794,0.8419195,0.63206726,0.68363726,0.57131284,0.7008057,0.5298633,0.628403,0.65192986,0.7142773,0.87667567,0.8102299,0.9227606,0.8088736,0.86122227,0.7401291
AGCATCGCCGATCGAGAA,conv,1.0,0.0,0.0,0.0,-1.0,-1.0,0.17738962,0.91228646,0.46361688,0.40784323,0.45448175,0.48238814,0.40593666,0.44307703,0.4879612,0.36711127,0.17738962,0.5409527,0.39193797,0.3345959,0.237626,0.25161007,0.32109302,0.20543788,0.47615233,0.58597934,0.2630109,0.50141484,0.78472704,0.45739365,0.7290952,0.7505229,0.62039536,0.91228646
GGCATACAGCCCCCACCG,conv,1.0,0.0,0.0,0.0,-1.0,-1.0,0.41780534,0.9326546,0.6613367,0.44684866,0.60429543,0.58365256,0.4338597,0.51637006,0.67179453,0.6344807,0.54030985,0.50679475,0.58036023,0.9326546,0.8104141,0.84497714,0.7041742,0.8385045,0.7032659,0.41780534,0.4766984,0.60129744,0.6816758,0.7369092,0.88869095,0.7078508,0.7578852,0.911848
TAGAACGTAAAGACAATG,conv,1.0,0.0,0.0,0.0,-1.0,-1.0,0.4798379,0.9853253,0.7632999,0.6618113,0.76791805,0.7411082,0.65994817,0.68105125,0.6981976,0.8014468,0.8201893,0.76544726,0.81196433,0.9853253,0.85992026,0.9116104,0.93888974,0.8951058,0.6671668,0.6892748,0.4798379,0.74325055,0.5460653,0.7547115,0.90174973,0.7651768,0.7575184,0.77781135
AGCATCGCAAAAGGAGAA,conv,1.0,0.0,0.0,0.0,-1.0,-1.0,0.37397695,0.9720723,0.7108588,0.63735306,0.77723104,0.7317949,0.6383563,0.6914476,0.61083984,0.62119687,0.5273024,0.7501687,0.76508415,0.9720723,0.8023835,0.89113533,0.9463157,0.820707,0.3882483,0.6795161,0.37397695,0.54453355,0.88745266,0.57816875,0.82312334,0.70899767,0.7910211,0.81304324
GGGGTACGGACCCAAAGT,conv,1.0,0.0,0.0,0.0,-1.0,-1.0,0.3095369,0.961407,0.63798267,0.43203434,0.3686633,0.36322317,0.35342768,0.41424707,0.6485951,0.7597716,0.72755826,0.7841311,0.7692425,0.961407,0.8720651,0.8692533,0.8458655,0.8629962,0.712103,0.3095369,0.49787456,0.48821005,0.45888627,0.810027,0.61771226,0.71451086,0.7173785,0.590847
GGCCGACACACCCTACCG,conv,1.0,0.0,0.0,0.0,-1.0,-1.0,0.29322496,0.95965576,0.6567922,0.45401302,0.6349532,0.61029565,0.43579632,0.5369842,0.69797415,0.7906282,0.8780559,0.7359032,0.72482723,0.95965576,0.81937236,0.8845461,0.8537797,0.8636793,0.38906282,0.29322496,0.70933783,0.43169257,0.4633135,0.5262388,0.8212206,0.40131232,0.72663885,0.7772996
GGCATCCGATCATGTCCT,conv,1.0,0.0,0.0,0.0,-1.0,-1.0,0.16569248,0.8060046,0.43247518,0.2824199,0.18892142,0.22482356,0.25715086,0.29972,0.41253218,0.3329166,0.16569248,0.31634244,0.38142592,0.29976618,0.35487816,0.18650077,0.3243792,0.5294808,0.6080192,0.43423828,0.4647396,0.33837217,0.8060046,0.69023657,0.79129416,0.66837174,0.7985785,0.655075
ATGAACGACGAGCGAGAA,conv,1.0,0.0,0.0,0.0,-1.0,-1.0,0.25529602,0.932612,0.65919,0.59314203,0.6841509,0.6764755,0.58800864,0.62567955,0.6240251,0.67004967,0.57111096,0.7360702,0.6708415,0.932612,0.67303306,0.7517622,0.7301852,0.5098722,0.44385967,0.5432066,0.25529602,0.5813064,0.72097415,0.5863283,0.8312678,0.89074916,0.6880403,0.90170115
AGCATCGCAAATCGAGTA,conv,1.0,0.0,0.0,0.0,-1.0,-1.0,0.31868163,0.8997538,0.6613892,0.5144055,0.6129196,0.6328273,0.5270596,0.5459218,0.5741841,0.51078415,0.39731842,0.6358422,0.59444064,0.8997538,0.6701923,0.79014194,0.84890085,0.71353436,0.59484917,0.6827638,0.31868163,0.7135435,0.857603,0.6226153,0.88516474,0.7522094,0.8087119,0.8303579
GGGTGACAGAACCAAAGT,conv,1.0,0.0,0.0,0.0,-1.0,-1.0,0.5218602,0.99442494,0.77571404,0.5893684,0.6274481,0.6716683,0.54424465,0.59772164,0.7152905,0.8452611,0.80757314,0.85550576,0.8922229,0.99442494,0.9598601,0.97078204,0.96288687,0.94716454,0.7615294,0.5218602,0.52898693,0.8151297,0.74311095,0.8597624,0.9363131,0.7282717,0.9078977,0.6085646
AGCATCGCCGAAGGAGAA,conv,1.0,0.0,0.0,0.0,-1.0,-1.0,0.25210574,0.7570712,0.4838458,0.49869278,0.5877423,0.60214573,0.49294233,0.54774654,0.5105273,0.43669236,0.25210574,0.61485887,0.5664613,0.6154102,0.3604764,0.4687529,0.60851175,0.28254217,0.27447984,0.55293757,0.28147984,0.29377678,0.6818768,0.29982227,0.44073296,0.5945876,0.4737699,0.7570712
GCCCGACACACCCTACCG,conv,1.0,0.0,0.0,0.0,-1.0,-1.0,0.27740964,0.925591,0.64027727,0.45565942,0.67352927,0.6252691,0.43350688,0.54460806,0.66990393,0.75051093,0.8854712,0.6726662,0.7090166,0.925591,0.7620244,0.82482207,0.8305223,0.8226902,0.4153305,0.27740964,0.73183686,0.4295811,0.46018702,0.5318501,0.7517098,0.44990447,0.7223889,0.6509392
GGGGGACCGAACATCAAG,conv,1.0,0.0,0.0,0.0,-1.0,-1.0,0.44380796,0.9881074,0.7357564,0.5135345,0.5246103,0.5623321,0.44380796,0.5373723,0.6716038,0.81535804,0.8387684,0.8570206,0.83810544,0.9881074,0.92460173,0.9317433,0.92320234,0.90989196,0.8350939,0.5327905,0.5084733,0.8446279,0.7856897,0.7809872,0.7673019,0.7032559,0.54393256,0.8116957
AGCATCGCAAAAGCAGAA,conv,1.0,0.0,0.0,0.0,-1.0,-1.0,0.3969758,0.9798891,0.74434996,0.63831544,0.80217296,0.7422538,0.64759463,0.70107096,0.6567111,0.63538945,0.5709425,0.7487509,0.78867024,0.9798891,0.8516255,0.91093916,0.9517426,0.87043035,0.44245464,0.721366,0.3969758,0.6381846,0.85193944,0.70088315,0.9194827,0.75270784,0.8367056,0.8515493
GGGGGACGGCAGAACAGT,conv,1.0,0.0,0.0,0.0,-1.0,-1.0,0.31663772,0.9544431,0.6833447,0.46974817,0.37751317,0.31663772,0.3532039,0.45855564,0.6171978,0.7654874,0.669084,0.80656767,0.7608151,0.9544431,0.8393631,0.79922867,0.85155076,0.8073616,0.7578079,0.64124644,0.6056745,0.5086656,0.69401765,0.8340767,0.75907284,0.77150905,0.8271849,0.83760464
ATGAACGTAAAGCGAGAA,conv,1.0,0.0,0.0,0.0,-1.0,-1.0,0.3182542,0.954289,0.7025421,0.62507653,0.69524145,0.6991711,0.6235228,0.6347372,0.6157872,0.62983173,0.60899514,0.56834304,0.69116384,0.954289,0.7518299,0.8243817,0.8610438,0.7563502,0.527498,0.44029018,0.3182542,0.6268422,0.8260208,0.7498463,0.9260888,0.9182977,0.79882413,0.891825
AGGATTCGAACATGTTTT,conv,1.0,0.0,0.0,0.0,-1.0,-1.0,0.2062173,0.8302988,0.5311136,0.38093826,0.2062173,0.2830707,0.3588944,0.30036536,0.4744314,0.5289,0.22374952,0.5772645,0.65314615,0.66814905,0.6374241,0.5465647,0.6379204,0.6222846,0.5823235,0.30825156,0.31233624,0.47930995,0.8233308,0.6774357,0.79143953,0.8302988,0.71673787,0.6570569
AGCATCTAAAGACGTTTT,conv,1.0,0.0,0.0,0.0,-1.0,-1.0,0.2866939,0.8578359,0.6199314,0.4686168,0.47676283,0.53076446,0.48671806,0.4496693,0.57784706,0.63567704,0.50970334,0.6320069,0.74870497,0.8578359,0.7778385,0.72802883,0.82246816,0.7036172,0.47067404,0.2866939,0.5723439,0.44330013,0.795045,0.5822027,0.7351576,0.79561514,0.7310902,0.6799028
AGGATTGGACCATGTTTT,conv,1.0,0.0,0.0,0.0,-1.0,-1.0,0.0893425,0.81868225,0.40123904,0.3109706,0.11852989,0.13952093,0.26807618,0.23957984,0.32209057,0.3886115,0.0893425,0.2750132,0.4639034,0.2800823,0.38193026,0.23715912,0.35712925,0.29007417,0.510464,0.40861866,0.26335984,0.43887353,0.6834182,0.6815455,0.65837264,0.81868225,0.6124905,0.79313785
AGCATCGACGATCGTGAA,conv,1.0,0.0,0.0,0.0,-1.0,-1.0,0.25715485,0.93265355,0.5191795,0.41289973,0.4071825,0.44313926,0.40856743,0.41286308,0.4964823,0.45742962,0.27185524,0.64265,0.45464498,0.46189484,0.36575708,0.29514918,0.39989862,0.25715485,0.58518875,0.56805027,0.3749321,0.62166053,0.76281154,0.610198,0.8172747,0.85486263,0.66428643,0.93265355
AGGAAAGTACAGACAATG,conv,1.0,0.0,0.0,0.0,-1.0,-1.0,0.41755578,0.9919592,0.8251673,0.6991744,0.8078609,0.75583136,0.68481284,0.73704225,0.72677666,0.8382265,0.86713165,0.8287602,0.86403376,0.9919592,0.8686761,0.93768543,0.9311039,0.90882456,0.7273207,0.7942855,0.41755578,0.85774016,0.8343835,0.8681075,0.95130783,0.836708,0.92118466,0.97269046
ATGAACGTAAATCCAGAA,conv,1.0,0.0,0.0,0.0,-1.0,-1.0,0.32478338,0.9699654,0.73306906,0.59914654,0.6916644,0.69884646,0.61123747,0.6086,0.64711905,0.67173076,0.71628946,0.5612168,0.70923764,0.95526046,0.77311516,0.8451256,0.8539808,0.8389866,0.53981936,0.6012041,0.32478338,0.77313745,0.8379772,0.83351284,0.9699654,0.903697,0.87757576,0.88349825
AGGAACTAAAATCGTGTG,conv,1.0,0.0,0.0,0.0,-1.0,-1.0,0.58138835,0.97951275,0.7676835,0.5818599,0.6389005,0.6610583,0.59128934,0.58138835,0.61753273,0.6782853,0.7579512,0.6377276,0.74489015,0.9709944,0.84776974,0.89130056,0.89794177,0.8616406,0.67748064,0.69035375,0.6590201,0.8141404,0.90600127,0.8491173,0.97951275,0.90196896,0.8952693,0.8586929
TTGAACGTAAAGACAGTG,conv,1.0,0.0,0.0,0.0,-1.0,-1.0,0.47937393,0.96172565,0.7478332,0.5292568,0.49605262,0.56304777,0.5321554,0.47937393,0.67116976,0.76239914,0.7751901,0.6702931,0.8089903,0.96172565,0.8665772,0.8808503,0.926586,0.90320057,0.6193341,0.6534855,0.5725212,0.8193483,0.7267291,0.79196656,0.949658,0.8925728,0.91321963,0.9301276
GGCCTCCGGCCCCCGCCT,conv,1.0,0.0,0.0,0.0,-1.0,-1.0,0.15900879,0.7212236,0.34377122,0.24416332,0.21820158,0.19426027,0.18708222,0.32966745,0.46414137,0.33314803,0.19829163,0.20526822,0.28451234,0.30192637,0.33915773,0.19278492,0.20919839,0.34652364,0.58018917,0.44262758,0.37993145,0.15900879,0.24294849,0.7212236,0.56104386,0.4951532,0.26400408,0.6998215
GCCATCCGCCCCTCGCCC,conv,1.0,0.0,0.0,0.0,-1.0,-1.0,0.16485138,0.62844557,0.3232145,0.29565364,0.32759717,0.3457243,0.2505058,0.3884125,0.4450072,0.28821132,0.20947242,0.16485138,0.2524642,0.27269003,0.25641656,0.23875001,0.1821359,0.37405586,0.4960075,0.33197072,0.23190111,0.37799287,0.24170092,0.566252,0.2963385,0.379468,0.23833711,0.62844557
AGGAACGAACGTCCATTG,conv,1.0,0.0,0.0,0.0,-1.0,-1.0,0.5065042,0.96624583,0.74185723,0.56134087,0.6355308,0.6534376,0.5599529,0.5857851,0.61704636,0.7165149,0.8333872,0.65795547,0.7460774,0.96624583,0.77936196,0.8577189,0.77298033,0.7799083,0.6234752,0.7486532,0.5065042,0.7894565,0.83256733,0.8139783,0.95308673,0.80728334,0.8806566,0.8675247
AAGTAGGCACAGAACACG,conv,1.0,0.0,0.0,0.0,-1.0,-1.0,0.5115818,0.98335016,0.7653002,0.65389436,0.77906185,0.73417884,0.64852345,0.69905394,0.70480704,0.8162591,0.671709,0.7097622,0.7654434,0.98335016,0.70025665,0.91475034,0.8727787,0.74842554,0.5115818,0.79433644,0.6435586,0.8404316,0.78301793,0.81131417,0.9502659,0.74715436,0.7386697,0.90991855
AAGTAAGGGCAGAACAAT,conv,1.0,0.0,0.0,0.0,-1.0,-1.0,0.4010486,0.9705345,0.6935266,0.67657596,0.75643706,0.73304343,0.65405965,0.7051157,0.62167084,0.74022067,0.62063843,0.71964055,0.6961658,0.9705345,0.6378995,0.8089644,0.7262826,0.5321739,0.7522801,0.6713192,0.41728988,0.7924713,0.49805203,0.8117513,0.804004,0.7587016,0.4010486,0.8318243
GCGGGACCGAATATAAAG,conv,1.0,0.0,0.0,0.0,-1.0,-1.0,0.48689494,0.9736366,0.7513645,0.5310919,0.5253099,0.6085037,0.48689494,0.5474349,0.63362134,0.79682714,0.8004981,0.82886183,0.78466034,0.9736366,0.8639885,0.86524594,0.9175897,0.89079285,0.8440821,0.6162541,0.5937556,0.84036624,0.8578207,0.74294186,0.91794276,0.7431199,0.8910388,0.68183196
TTGAGCGTAACGACAGCG,conv,1.0,0.0,0.0,0.0,-1.0,-1.0,0.29652613,0.9573693,0.6625277,0.3931431,0.29652613,0.33632225,0.36100268,0.3374459,0.61285526,0.6676002,0.52362096,0.6982801,0.72572726,0.81593347,0.71361065,0.645967,0.76250064,0.8008785,0.6055159,0.5089108,0.74120134,0.74449426,0.7448949,0.85315645,0.9125521,0.90088713,0.902797,0.9573693
AGCATCGCAAAACGAGTT,conv,1.0,0.0,0.0,0.0,-1.0,-1.0,0.44657505,0.96933764,0.74122286,0.5839642,0.7376953,0.7035295,0.59621274,0.63461983,0.66543436,0.66351306,0.645807,0.80068624,0.76562923,0.96933764,0.8322558,0.9072979,0.94441396,0.861126,0.5515453,0.6965275,0.44657505,0.69569385,0.8684839,0.64613914,0.8866345,0.73313475,0.8490156,0.8452996
GGGGAAGGACGTACTATG,conv,1.0,0.0,0.0,0.0,-1.0,-1.0,0.27685204,0.9496926,0.6489073,0.463823,0.27843252,0.27685204,0.3636124,0.39636046,0.55007905,0.7468235,0.7119368,0.7255276,0.7295535,0.9496926,0.83768225,0.6984943,0.79009944,0.8223689,0.8542504,0.53887004,0.5685961,0.72899234,0.5744467,0.67813283,0.6056269,0.6940928,0.7802911,0.85804504
GGGATACGGTCCTGTCCT,conv,1.0,0.0,0.0,0.0,-1.0,-1.0,0.06445452,0.70199716,0.31411633,0.23307629,0.093404844,0.0834886,0.18669438,0.21094793,0.3248692,0.29277328,0.18412362,0.16983421,0.2463304,0.108757064,0.24251476,0.06445452,0.1035541,0.21808948,0.70199716,0.33801296,0.21498677,0.5652633,0.54882056,0.6717335,0.5056798,0.56502694,0.40890566,0.569569
GGGGTATAACGTCCTTTT,conv,1.0,0.0,0.0,0.0,-1.0,-1.0,0.09161766,0.82798886,0.5403716,0.27703103,0.09161766,0.10676633,0.21627992,0.21606068,0.5107007,0.5490705,0.48457655,0.43674538,0.5881402,0.7083494,0.7819536,0.4558329,0.5517049,0.78604877,0.7884273,0.4413926,0.59410506,0.57407284,0.8014471,0.7409554,0.5718174,0.82798886,0.7004973,0.70770633
CCCCCCCACCCCCCGCCG,conv,1.0,0.0,0.0,0.0,-1.0,-1.0,0.22390103,0.6939158,0.48230323,0.407937,0.59977424,0.5083866,0.31812385,0.49250224,0.6143015,0.5076756,0.6939158,0.41684625,0.43796816,0.47463566,0.44644108,0.56619525,0.46102372,0.5432785,0.52857435,0.4586298,0.42734525,0.27886128,0.22390103,0.5328751,0.6055046,0.5104967,0.36051068,0.6418766
CCCCGACACACTCTACCG,conv,1.0,0.0,0.0,0.0,-1.0,-1.0,0.40171617,0.9072985,0.62834495,0.416045,0.64226,0.6011709,0.40171617,0.50748503,0.6325179,0.7051064,0.9072985,0.5747401,0.6302857,0.78792536,0.64748746,0.6607768,0.7045711,0.72932047,0.6136255,0.41969818,0.81847274,0.5563194,0.55971134,0.5254224,0.8464727,0.42923084,0.7729136,0.6180504
GCCATCCGCCCCTCGCCT,conv,1.0,0.0,0.0,0.0,-1.0,-1.0,0.16485138,0.59119004,0.319181,0.2885516,0.30727568,0.33350632,0.24213743,0.37902048,0.4450072,0.28821132,0.20947242,0.16485138,0.2524642,0.25540406,0.2528666,0.25429645,0.17927086,0.37582037,0.57163364,0.32953417,0.2500721,0.28522825,0.21728979,0.5805366,0.3057444,0.37760147,0.24253821,0.59119004
TTGAACGTAAAGACAATG,conv,1.0,0.0,0.0,0.0,-1.0,-1.0,0.47050127,0.9763638,0.7674128,0.57007396,0.58348054,0.6405494,0.57905966,0.54065657,0.6907816,0.79894906,0.8030548,0.7518763,0.8389305,0.9763638,0.89759696,0.90974337,0.94513106,0.918663,0.7397775,0.6729199,0.47050127,0.7714011,0.64772457,0.7877184,0.94892985,0.8700769,0.91865426,0.91270363
GGGGTATAGCGTCCCAGG,conv,1.0,0.0,0.0,0.0,-1.0,-1.0,0.09059122,0.7130873,0.4160137,0.2789746,0.11368881,0.09059122,0.20809534,0.2203536,0.4230464,0.39086413,0.2695351,0.32318303,0.37523162,0.41690436,0.6646545,0.20328578,0.27326652,0.5757153,0.7130873,0.3920951,0.4862651,0.5744399,0.48248345,0.7089821,0.5537721,0.6518441,0.545782,0.46420065
AAGTGAGCGCAGAACAAT,conv,1.0,0.0,0.0,0.0,-1.0,-1.0,0.27134523,0.95049983,0.6346676,0.6188502,0.688796,0.69478697,0.6003123,0.64738274,0.521907,0.63674223,0.27134523,0.64951354,0.6410526,0.95049983,0.54176766,0.818705,0.6812642,0.5416891,0.7146065,0.5934579,0.35266003,0.7400821,0.6587317,0.70944786,0.7193955,0.70147824,0.41803247,0.7541828
AGCATCGCAAATCGAGAA,conv,1.0,0.0,0.0,0.0,-1.0,-1.0,0.3626317,0.933098,0.7064441,0.55340564,0.6819064,0.6728552,0.56827205,0.59687686,0.5900688,0.55429244,0.42423978,0.7012276,0.6379617,0.930562,0.70773894,0.8205634,0.87842965,0.750898,0.5711242,0.71845704,0.3626317,0.75382954,0.9114671,0.72005886,0.92961293,0.8267069,0.8648198,0.933098
AGCAACGCCGAAGGAGAA,conv,1.0,0.0,0.0,0.0,-1.0,-1.0,0.23105003,0.9081031,0.59417355,0.61201787,0.7619076,0.7146201,0.6135106,0.6855567,0.581326,0.61394006,0.61177754,0.7432996,0.675375,0.9081031,0.48879328,0.734108,0.7601634,0.45078388,0.23105003,0.56604344,0.29422915,0.3218086,0.75548613,0.31306118,0.5759188,0.58137476,0.54269886,0.7173855
TAGAGCGTAAAGAAAGCG,conv,1.0,0.0,0.0,0.0,-1.0,-1.0,0.47458595,0.980644,0.74585485,0.6361289,0.6664111,0.69608283,0.61406714,0.6319242,0.60166955,0.68456894,0.47841313,0.73296535,0.7234856,0.980644,0.78619975,0.89591634,0.9283449,0.8755583,0.47458595,0.60846514,0.76984555,0.829893,0.77627885,0.8052395,0.86517566,0.8332356,0.8566622,0.8946086
GGGGTACAGACCCCAAGG,conv,1.0,0.0,0.0,0.0,-1.0,-1.0,0.3841729,0.9824965,0.70353806,0.4662457,0.48880282,0.51228243,0.4166054,0.4761164,0.7096122,0.78744364,0.7496679,0.80137926,0.79824764,0.9824965,0.9328859,0.94015056,0.89421797,0.9178192,0.67802435,0.3841729,0.4581882,0.7622767,0.5949605,0.82607627,0.7876077,0.7364855,0.77937484,0.70731276
AAGAAGGTACAGAAAGCG,conv,1.0,0.0,0.0,0.0,-1.0,-1.0,0.31286603,0.9820426,0.75461465,0.7097215,0.81795883,0.75915885,0.69517004,0.7521708,0.67435896,0.76316565,0.69156235,0.64810336,0.7526274,0.9820426,0.5557196,0.8825818,0.8580892,0.74028957,0.31286603,0.6771865,0.57176346,0.7827576,0.8546668,0.8408328,0.931447,0.79406875,0.8706646,0.9463917
ACCGGACCGAAGATAGAG,conv,1.0,0.0,0.0,0.0,-1.0,-1.0,0.5548752,0.9440384,0.74009293,0.5718827,0.7042064,0.6846941,0.57489604,0.6336491,0.6056977,0.7414942,0.7942487,0.79691684,0.76731294,0.9340516,0.7103579,0.76234746,0.83630145,0.71165663,0.6907741,0.5548752,0.661963,0.8256647,0.9440384,0.70392376,0.8639923,0.7930574,0.8154737,0.8188465
GGGTAAGGACGCACCAGT,conv,1.0,0.0,0.0,0.0,-1.0,-1.0,0.3232224,0.97330636,0.66724795,0.4795767,0.42516133,0.42903763,0.41388455,0.45647717,0.638926,0.7448192,0.7104132,0.71002436,0.7518791,0.97330636,0.8977683,0.8755896,0.831373,0.864948,0.79741126,0.40400138,0.49922416,0.7119124,0.3232224,0.81342673,0.6914987,0.62927794,0.7423202,0.8657219
AAGTACGTACAGAAAATG,conv,1.0,0.0,0.0,0.0,-1.0,-1.0,0.5707676,0.9573027,0.75643194,0.6445878,0.7454722,0.73200697,0.64623225,0.66810775,0.6823254,0.7898417,0.7726296,0.6459674,0.74520254,0.9573027,0.5707676,0.8638201,0.8491526,0.7411017,0.62469584,0.82543796,0.5900393,0.74660987,0.6984349,0.84648293,0.9482547,0.79368323,0.9013419,0.8813011
TAGAGCGTAACGAAAGAG,conv,1.0,0.0,0.0,0.0,-1.0,-1.0,0.5591397,0.9582218,0.73879623,0.59803677,0.62373143,0.66107345,0.58215374,0.59401906,0.6283553,0.7049663,0.60504216,0.8154363,0.7205742,0.9582218,0.66528696,0.85457975,0.8792374,0.8174265,0.5591397,0.5635865,0.72786146,0.76848114,0.7629407,0.8168218,0.88094014,0.88084114,0.8681085,0.9330424
ATGAACGGACAGACAATG,conv,1.0,0.0,0.0,0.0,-1.0,-1.0,0.30376744,0.9821294,0.7762748,0.6401837,0.7519036,0.7249138,0.6352673,0.67565554,0.6965719,0.8236769,0.7849633,0.76611793,0.8239479,0.9821294,0.83914596,0.9062271,0.91909003,0.83287823,0.63325787,0.7244149,0.30376744,0.75708705,0.669991,0.84048486,0.9454058,0.88277656,0.8895972,0.95741236
ACGGGACCGAAGCTAAAG,conv,1.0,0.0,0.0,0.0,-1.0,-1.0,0.47685087,0.9617023,0.7104444,0.5653568,0.659468,0.6668526,0.5497873,0.61672866,0.5723006,0.6732279,0.76403725,0.7196612,0.69216245,0.9617023,0.7961082,0.81887895,0.8099739,0.78272194,0.7378711,0.49697328,0.47685087,0.817954,0.86649925,0.8006468,0.8920279,0.8170066,0.6109151,0.5953967
AGCATCGCAAAACCAGTA,conv,1.0,0.0,0.0,0.0,-1.0,-1.0,0.36013272,0.97964066,0.7586299,0.6073262,0.78883636,0.732267,0.616351,0.6678165,0.68776995,0.68141615,0.68597114,0.7716516,0.77778494,0.97964066,0.8771476,0.92247385,0.953337,0.8872979,0.5626884,0.74105245,0.36013272,0.6984102,0.8441882,0.7320871,0.93157715,0.763015,0.8329373,0.8625719
TAGAACGTAAAGACAGTG,conv,1.0,0.0,0.0,0.0,-1.0,-1.0,0.53526586,0.97617424,0.75082046,0.6315892,0.7091842,0.7124824,0.6306131,0.6376634,0.68052053,0.7684773,0.79329175,0.6965232,0.77452934,0.97617424,0.81400675,0.89402205,0.9169129,0.866967,0.53526586,0.65574753,0.5943515,0.8002312,0.6714394,0.7550578,0.8938885,0.8070064,0.7378769,0.8166881
AGCATCGCCGAACGAGAA,conv,1.0,0.0,0.0,0.0,-1.0,-1.0,0.25925186,0.92172486,0.5933672,0.50844735,0.6398914,0.6336165,0.5152364,0.5696275,0.5920256,0.53571457,0.38123152,0.7405481,0.61036885,0.8346312,0.5177742,0.66364133,0.70470643,0.5172062,0.38220483,0.59388274,0.25925186,0.4068553,0.7853395,0.45762175,0.6956039,0.75318027,0.6138488,0.92172486
AGGAAAGTACCTACATTG,conv,1.0,0.0,0.0,0.0,-1.0,-1.0,0.34930846,0.9573147,0.72677124,0.5837255,0.63244087,0.66744643,0.58747035,0.58839583,0.64303946,0.73938644,0.8643643,0.5930265,0.7274416,0.9555631,0.63480586,0.8598382,0.746721,0.83335423,0.6456617,0.6595529,0.34930846,0.7357309,0.88524693,0.7770441,0.89673233,0.7647644,0.8409031,0.9573147
CCCCGACACACTCTGCTG,conv,1.0,0.0,0.0,0.0,-1.0,-1.0,0.31779814,0.8431519,0.50353545,0.3593543,0.5254616,0.5160638,0.34922326,0.4521011,0.5637062,0.584722,0.8431519,0.3522734,0.48458955,0.6342057,0.5481565,0.559613,0.564965,0.61907333,0.6520898,0.45960167,0.4825673,0.5055481,0.3228028,0.37687656,0.666167,0.31779814,0.459968,0.3883072
TAGAACGTAACGACAGTG,conv,1.0,0.0,0.0,0.0,-1.0,-1.0,0.5362123,0.94321424,0.7179355,0.5689629,0.641783,0.65983564,0.58139294,0.5743302,0.69265157,0.7564798,0.8409344,0.747685,0.7494858,0.94321424,0.6789537,0.8319456,0.8098584,0.77881515,0.5362123,0.6084533,0.58715606,0.7136199,0.6010967,0.7664905,0.8881476,0.8177799,0.72657853,0.84652215
ATGAGCGTAAAGACAGAA,conv,1.0,0.0,0.0,0.0,-1.0,-1.0,0.3167453,0.9720542,0.7323005,0.6254652,0.66442347,0.6933012,0.6091214,0.6262433,0.6151871,0.71309835,0.4414916,0.6718479,0.7691268,0.9720542,0.798036,0.8788703,0.9120229,0.84659547,0.55013573,0.531189,0.3167453,0.7395804,0.86000204,0.82201123,0.9074633,0.92505115,0.8788831,0.93956506
CCCATCCGACCATCTCCT,conv,1.0,0.0,0.0,0.0,-1.0,-1.0,0.305278,0.77972686,0.541641,0.3515093,0.47310153,0.4893701,0.32646576,0.4418008,0.5552972,0.49408233,0.590503,0.38579926,0.5017043,0.50419015,0.57843953,0.44037193,0.5050624,0.58745366,0.7062478,0.47456324,0.45079207,0.305278,0.65682995,0.7671202,0.7441573,0.70846826,0.7226885,0.77972686
GGGATACGGCCCTGTCCT,conv,1.0,0.0,0.0,0.0,-1.0,-1.0,0.1296828,0.78604037,0.37734413,0.26369745,0.14522424,0.1296828,0.2172224,0.2556176,0.40651715,0.34548858,0.19980994,0.21723382,0.30746484,0.33303493,0.44311938,0.19375075,0.19551532,0.38087976,0.7020246,0.37061006,0.2522229,0.44543976,0.5772777,0.7407414,0.51127344,0.6293409,0.38437325,0.78604037
ACCGGACCGAATCTAAAG,conv,1.0,0.0,0.0,0.0,-1.0,-1.0,0.51714784,0.9228708,0.6937199,0.5283747,0.6692926,0.66411847,0.5380549,0.5863215,0.5591723,0.6777968,0.82525474,0.72944707,0.67925596,0.90663904,0.67410827,0.6986466,0.73864734,0.7297453,0.7828932,0.51714784,0.6318895,0.75958407,0.8571569,0.7100198,0.9228708,0.70828253,0.7023409,0.54593617
CCCATCCGCCCCTCGCCC,conv,1.0,0.0,0.0,0.0,-1.0,-1.0,0.16390347,0.6180842,0.33140954,0.31318983,0.3839271,0.38589773,0.25912637,0.41450498,0.45027167,0.29544085,0.25479743,0.16693474,0.24970038,0.24175906,0.26116833,0.2171591,0.16390347,0.3122082,0.5878443,0.3351723,0.22289222,0.42402378,0.2557475,0.60734993,0.30399013,0.35871574,0.20142804,0.6180842
TGCATCGGATCATGTCTT,conv,1.0,0.0,0.0,0.0,-1.0,-1.0,0.07717695,0.6732692,0.34098828,0.23604491,0.096519314,0.11924212,0.20494565,0.22777866,0.31073108,0.2636131,0.104549795,0.25572532,0.32873183,0.10535967,0.26142573,0.07717695,0.2451613,0.27623838,0.5779825,0.41321322,0.29588494,0.48243514,0.59962195,0.52379,0.6162497,0.6124454,0.6732692,0.61657035
GGGATTCGGTCATGTTTT,conv,1.0,0.0,0.0,0.0,-1.0,-1.0,0.031463217,0.78704464,0.2889733,0.17090605,0.04360096,0.03362212,0.12796786,0.14217661,0.23023959,0.23757239,0.061062194,0.13356513,0.2597931,0.037125714,0.16262762,0.031463217,0.11821928,0.1158628,0.5454508,0.27454674,0.3579824,0.3924794,0.78704464,0.64111924,0.69447285,0.7477459,0.5258583,0.35182732
GCCCCCCACCCCCCGCCG,conv,1.0,0.0,0.0,0.0,-1.0,-1.0,0.23723158,0.66322976,0.47900635,0.38559288,0.5629629,0.48852006,0.31579667,0.48281702,0.6138885,0.5074928,0.66322976,0.41769147,0.44333875,0.55305094,0.44430658,0.61854243,0.49207157,0.5958603,0.4361843,0.40322953,0.41173977,0.23723158,0.23827106,0.4790088,0.60586476,0.5257665,0.4048664,0.6478344
TGCATCGCAAAAGCAGAA,conv,1.0,0.0,0.0,0.0,-1.0,-1.0,0.5175548,0.9708155,0.7427624,0.54215217,0.65841866,0.66497755,0.5494701,0.57187206,0.656598,0.612928,0.5966107,0.7512097,0.7957072,0.9708155,0.89284694,0.9103936,0.95553136,0.90172046,0.5175548,0.7336452,0.5244954,0.7053024,0.84008217,0.73614424,0.93828297,0.7881915,0.86564445,0.8884623
TTGAGCGTAACGACAGAA,conv,1.0,0.0,0.0,0.0,-1.0,-1.0,0.35863096,0.96230817,0.68279994,0.44149107,0.35863096,0.4245882,0.41330475,0.38833568,0.6246749,0.7057174,0.56665254,0.7581162,0.75544405,0.87295175,0.7545906,0.71173376,0.83864266,0.81773305,0.63054067,0.51676387,0.49103364,0.67491835,0.7480547,0.8571658,0.91268474,0.93200034,0.91192245,0.96230817
CCCCGCCCCCCCCTGCCC,conv,1.0,0.0,0.0,0.0,-1.0,-1.0,0.19283782,0.58792466,0.38439128,0.3343811,0.43356732,0.4034782,0.2530494,0.4396762,0.47993723,0.3574125,0.41298056,0.19283782,0.298032,0.34680173,0.31207198,0.37193248,0.256475,0.4351783,0.479487,0.44251767,0.47334948,0.3893394,0.2891835,0.58792466,0.4271195,0.40262043,0.24025768,0.5501711
GCCCGACACCCCCTGCCG,conv,1.0,0.0,0.0,0.0,-1.0,-1.0,0.28482634,0.73621273,0.5138376,0.36583474,0.5303532,0.49238226,0.34027073,0.46311262,0.5666938,0.53857887,0.69824696,0.36380532,0.42301816,0.7305107,0.5298553,0.66757727,0.52516425,0.6741715,0.46015325,0.40471163,0.5435099,0.28482634,0.36389875,0.5728766,0.63326645,0.4789962,0.45790896,0.73621273
AGCATCGAAAAACGAGTA,conv,1.0,0.0,0.0,0.0,-1.0,-1.0,0.4530507,0.99042106,0.79147285,0.66280895,0.8142523,0.7531918,0.6674852,0.7153664,0.6961761,0.74941576,0.7894743,0.85668457,0.8499445,0.99042106,0.9195463,0.9431176,0.9701976,0.91609603,0.57088864,0.7036754,0.4530507,0.69150597,0.8603381,0.7103325,0.914531,0.82592916,0.88583314,0.8765596
ATGAACGTAAAGCCAGAA,conv,1.0,0.0,0.0,0.0,-1.0,-1.0,0.31656474,0.969725,0.72696084,0.62821454,0.73508614,0.7175484,0.6329669,0.64938,0.6418003,0.6530894,0.6527197,0.5088276,0.7089587,0.969725,0.82223237,0.8702471,0.8841513,0.8311713,0.48353314,0.5317921,0.31656474,0.71225286,0.79198563,0.8320218,0.9563185,0.9201302,0.82350725,0.8997995
GGGGTACAGACTCAAAGG,conv,1.0,0.0,0.0,0.0,-1.0,-1.0,0.42241225,0.97947913,0.72568613,0.4882779,0.42241225,0.4788493,0.42498815,0.45749772,0.66065025,0.7826453,0.8015845,0.7965955,0.810396,0.97947913,0.9144049,0.917951,0.9071734,0.91843444,0.6837296,0.55375046,0.6396853,0.7028462,0.7284939,0.7853018,0.9056802,0.77620196,0.89647126,0.70865387
ATGAGCGAAACTACAGTG,conv,1.0,0.0,0.0,0.0,-1.0,-1.0,0.5403052,0.97982156,0.77100813,0.5798129,0.6467902,0.67218125,0.58081055,0.5910665,0.66029114,0.7741757,0.7595851,0.7183308,0.809692,0.97982156,0.8529394,0.9261455,0.9266951,0.8873779,0.7381281,0.7035459,0.5403052,0.7970169,0.77930844,0.75768805,0.9264716,0.85888535,0.91143066,0.8967068
GCCCGACACACCCTGCCG,conv,1.0,0.0,0.0,0.0,-1.0,-1.0,0.29514968,0.8716387,0.5638603,0.40569738,0.60309905,0.5658419,0.39009637,0.49852386,0.6266807,0.6557655,0.81350327,0.4881565,0.5949546,0.8716387,0.7001299,0.76614624,0.7329225,0.76745373,0.4335068,0.29514968,0.617101,0.35720488,0.30759728,0.53440917,0.5938451,0.41170025,0.43214646,0.6332373
AAGTGGGCGCAGAACAAG,conv,1.0,0.0,0.0,0.0,-1.0,-1.0,0.23466238,0.83798957,0.5521689,0.5376273,0.54438406,0.57033545,0.48792863,0.5546767,0.47491878,0.57033867,0.23466238,0.54752463,0.5852994,0.83798957,0.36423185,0.58220863,0.5444652,0.27270618,0.5849817,0.54781127,0.36297098,0.6800698,0.7016227,0.67676604,0.74594355,0.7026794,0.34874672,0.74333334
GGCATCCGATCAGCTCCT,conv,1.0,0.0,0.0,0.0,-1.0,-1.0,0.23942897,0.8531126,0.46777523,0.31238052,0.26913294,0.3053621,0.29030588,0.34532654,0.49538925,0.36340827,0.23942897,0.31251132,0.4259651,0.4988062,0.4422682,0.2940397,0.41286233,0.6041093,0.5075154,0.49458608,0.52764475,0.2736832,0.67402977,0.66600376,0.8531126,0.6528155,0.7961127,0.63758093
GCCATCCGACCATCTCCT,conv,1.0,0.0,0.0,0.0,-1.0,-1.0,0.3014538,0.7860605,0.5502417,0.33983982,0.41462237,0.4576808,0.32438895,0.42070326,0.553226,0.49038598,0.5325725,0.3852218,0.51569545,0.65094256,0.613426,0.5215658,0.5483379,0.6689707,0.6514446,0.49715453,0.4755133,0.3014538,0.636007,0.7323653,0.7440668,0.7273278,0.76707006,0.7860605
GGGGGACAGACTCAAAGG,conv,1.0,0.0,0.0,0.0,-1.0,-1.0,0.44552094,0.9887167,0.7439289,0.5240868,0.4956122,0.5201955,0.44552094,0.5265081,0.67457396,0.8119861,0.8413364,0.85058475,0.82896656,0.9887167,0.92467976,0.9335873,0.9222595,0.92223287,0.68081623,0.57079524,0.67002785,0.6985036,0.764624,0.7959756,0.9244238,0.7327896,0.9080819,0.64133924
AGCATCGCAACAGGTTTT,conv,1.0,0.0,0.0,0.0,-1.0,-1.0,0.30070174,0.7561685,0.5364235,0.43443626,0.4689437,0.51290935,0.43530452,0.4399169,0.5496848,0.5382275,0.40059173,0.5264212,0.6128393,0.7561685,0.5413286,0.697212,0.74012774,0.50720304,0.39151582,0.4584958,0.46384227,0.30070174,0.67679566,0.5123731,0.6253581,0.6701844,0.50044066,0.6495666
AGGAACGAACGTCCTTTG,conv,1.0,0.0,0.0,0.0,-1.0,-1.0,0.48978847,0.93259466,0.6913253,0.493476,0.51116645,0.56155896,0.48978847,0.49488476,0.57429665,0.6761113,0.7671874,0.58064544,0.6797799,0.93259466,0.72110057,0.76473963,0.6363053,0.69321746,0.6073814,0.71657205,0.5364715,0.75924253,0.825228,0.82432896,0.9312678,0.8247301,0.79201317,0.8890433
ATGAACGTCAAGAGAGAA,conv,1.0,0.0,0.0,0.0,-1.0,-1.0,0.17453621,0.9055823,0.6391086,0.6127983,0.68141955,0.69082195,0.6132134,0.6256022,0.60253745,0.6689142,0.6244266,0.6434083,0.7501228,0.9055823,0.548312,0.7708045,0.7896327,0.6530415,0.4560371,0.3553377,0.17453621,0.5741953,0.6772413,0.62550914,0.67731833,0.8175231,0.56717694,0.87220347
GGGGGACAGAACCTCAGT,conv,1.0,0.0,0.0,0.0,-1.0,-1.0,0.4066353,0.99022675,0.6981359,0.5002265,0.47314817,0.49984545,0.42393598,0.5018481,0.6661339,0.8145116,0.80933076,0.79993856,0.82968146,0.99022675,0.9502401,0.94250655,0.9126525,0.92584586,0.7439449,0.4066353,0.60342944,0.7610087,0.65184397,0.8149965,0.72794497,0.5945674,0.66159165,0.44736177
GGGATTCGGCCACGTCCT,conv,1.0,0.0,0.0,0.0,-1.0,-1.0,0.10700249,0.9398547,0.44626084,0.24362947,0.1232352,0.10700249,0.1955352,0.23677552,0.45742926,0.3655284,0.16523454,0.29657567,0.42937818,0.35175073,0.51080364,0.19189167,0.2896718,0.41987708,0.5062473,0.42871332,0.53678626,0.40393552,0.69722307,0.83717984,0.9398547,0.8719526,0.6677562,0.88255507
AGGATCTGACCACGTTTT,conv,1.0,0.0,0.0,0.0,-1.0,-1.0,0.23468831,0.913214,0.51013297,0.34344682,0.23468831,0.29585117,0.32086614,0.31633818,0.42578828,0.500729,0.28321442,0.33306903,0.53734607,0.5536353,0.47812635,0.5310791,0.47256914,0.5249426,0.46210393,0.5653286,0.38269275,0.40917045,0.6386624,0.8629288,0.83272254,0.8909742,0.64383584,0.913214
AAGTAGGGACAGAATATG,conv,1.0,0.0,0.0,0.0,-1.0,-1.0,0.54207736,0.97460675,0.7242676,0.63560694,0.63006574,0.6675159,0.60374534,0.6277016,0.6372774,0.80526847,0.54207736,0.7208821,0.7154599,0.97460675,0.64674145,0.8486486,0.8485122,0.59972966,0.61886495,0.6906389,0.60143703,0.7649703,0.6839832,0.8386088,0.93288434,0.8250984,0.7689769,0.87738603
ATGAACGTAAATCGAGAA,conv,1.0,0.0,0.0,0.0,-1.0,-1.0,0.31697208,0.95104784,0.7070755,0.59582186,0.647834,0.6707966,0.6079873,0.5939484,0.6213708,0.65162975,0.67579126,0.6183656,0.6913439,0.9338404,0.6891508,0.7861445,0.82585716,0.7761545,0.5745912,0.5163188,0.31697208,0.6848149,0.86440927,0.74655336,0.95104784,0.8997024,0.86241037,0.8740304
GGGTAACGGCGTCACAGT,conv,1.0,0.0,0.0,0.0,-1.0,-1.0,0.20578638,0.88885486,0.5085875,0.35990658,0.22352678,0.20578638,0.28390822,0.3048374,0.52660006,0.55987465,0.5857018,0.43794107,0.46911117,0.6103008,0.62270796,0.3188331,0.3669674,0.50250626,0.7755596,0.46004048,0.514387,0.58196145,0.5089286,0.7560222,0.88885486,0.649495,0.6465299,0.554398
ATGAACTACGAGCGAGAA,conv,1.0,0.0,0.0,0.0,-1.0,-1.0,0.35253078,0.8941642,0.62297654,0.5528732,0.6239506,0.6338954,0.56277645,0.5665394,0.5979539,0.62237424,0.53529555,0.5212797,0.6304119,0.82816756,0.5952653,0.6396023,0.6238259,0.4841178,0.4883781,0.46730918,0.35253078,0.5194355,0.8100207,0.6078479,0.86000717,0.8941642,0.71045643,0.84593195
GGCATTCGGCCCCCACCG,conv,1.0,0.0,0.0,0.0,-1.0,-1.0,0.14553359,0.9027553,0.4480359,0.27549908,0.25214925,0.24450158,0.24439009,0.34124026,0.49663708,0.34344816,0.14553359,0.23280984,0.36469862,0.50984293,0.47896275,0.26401314,0.2603897,0.4851552,0.54815656,0.23348609,0.52964294,0.4211481,0.6677701,0.7569592,0.9027553,0.7172067,0.62778306,0.856716
AAGTACGGACAGACAATG,conv,1.0,0.0,0.0,0.0,-1.0,-1.0,0.5400812,0.9732667,0.75250643,0.6380214,0.74665576,0.72217923,0.6334072,0.6743839,0.68348455,0.8232097,0.759408,0.70814687,0.7676943,0.9732667,0.70134664,0.88055205,0.84718585,0.6946785,0.6472942,0.74248374,0.5400812,0.8148773,0.56667304,0.85353553,0.91828007,0.7910902,0.7925454,0.89217734
GGCGGACCGACTCTAAAG,conv,1.0,0.0,0.0,0.0,-1.0,-1.0,0.3526559,0.9139598,0.6512693,0.39924008,0.37427673,0.4138376,0.3526559,0.41825932,0.54869795,0.70535284,0.7810363,0.73606735,0.59501606,0.90704304,0.72618437,0.68922687,0.7023207,0.79753906,0.78804636,0.43824077,0.7895111,0.6087172,0.762267,0.68012804,0.9139598,0.6521082,0.7795629,0.7224347
GGGGTAGAACGTCCTTTG,conv,1.0,0.0,0.0,0.0,-1.0,-1.0,0.115525454,0.85390466,0.58598393,0.31181562,0.117866404,0.115525454,0.23433942,0.23501103,0.504391,0.59312606,0.5365914,0.5603001,0.6253062,0.85390466,0.83622587,0.5642776,0.6519344,0.79687095,0.7686455,0.543669,0.629855,0.7192551,0.8157284,0.6906671,0.59291106,0.80551106,0.7395942,0.8062755
ATGAACTAAAATCGAGAA,conv,1.0,0.0,0.0,0.0,-1.0,-1.0,0.46511585,0.9779378,0.78589255,0.6435025,0.7675837,0.7383465,0.65392894,0.6649931,0.6744104,0.7322059,0.77073735,0.6841936,0.7982091,0.9779378,0.8775363,0.9096184,0.9389344,0.88464296,0.69185746,0.60035646,0.46511585,0.771034,0.92440444,0.7964151,0.9749653,0.92642194,0.91756463,0.8623972
GGGGGACCGAATATCATG,conv,1.0,0.0,0.0,0.0,-1.0,-1.0,0.31485888,0.96621376,0.6726797,0.44441408,0.31485888,0.3421806,0.35726374,0.40402025,0.6134567,0.77881503,0.7682222,0.8366879,0.75196505,0.96621376,0.8694386,0.8285844,0.8534356,0.88541025,0.8048043,0.663926,0.5344961,0.78523004,0.722326,0.5914944,0.8108728,0.59238017,0.6978722,0.5986223
AAGTAGGCGCAGAACACG,conv,1.0,0.0,0.0,0.0,-1.0,-1.0,0.36305362,0.9292853,0.6214888,0.5936686,0.66790867,0.6707153,0.5774523,0.6255306,0.59171,0.6698268,0.36305362,0.55705976,0.59034884,0.9292853,0.44111726,0.73300594,0.57898897,0.40106788,0.3890702,0.72151655,0.43876967,0.7570697,0.6608395,0.7319521,0.8825383,0.67106944,0.48610696,0.80754936
AGCAACGCCGATGGAGAA,conv,1.0,0.0,0.0,0.0,-1.0,-1.0,0.15790504,0.7300159,0.45716873,0.5141528,0.6304625,0.6258834,0.5174701,0.57055414,0.47013167,0.46832976,0.3574309,0.5006531,0.45210886,0.5132147,0.21682271,0.33752224,0.38835213,0.15790504,0.29879785,0.5760425,0.2540709,0.3905788,0.7300159,0.24564677,0.5561517,0.52215177,0.53588367,0.5988861
AGGGTAGAACGTACTATG,conv,1.0,0.0,0.0,0.0,-1.0,-1.0,0.35758197,0.95180506,0.6764832,0.49851033,0.35758197,0.43236893,0.45055982,0.4317205,0.59074956,0.7616427,0.684615,0.63631433,0.75931895,0.95180506,0.81251365,0.8145309,0.79198015,0.82413477,0.88184565,0.5948551,0.46830782,0.8595065,0.6736977,0.64121044,0.6142296,0.7104643,0.81244576,0.85717005
TGCATCGGGTCAGGTCCT,conv,1.0,0.0,0.0,0.0,-1.0,-1.0,0.024879793,0.60082775,0.26224434,0.19919704,0.08370429,0.067103066,0.15816554,0.19372895,0.28540787,0.22337872,0.115727045,0.16331989,0.25618964,0.028351447,0.11005272,0.024879793,0.0892752,0.042950105,0.36057064,0.35580564,0.48419604,0.31054306,0.4285665,0.5868669,0.60082775,0.56420517,0.29262418,0.53047156
GGGATACGACGACGTTTT,conv,1.0,0.0,0.0,0.0,-1.0,-1.0,0.22980294,0.89513725,0.6114717,0.38981217,0.24211931,0.26767346,0.32693142,0.32237068,0.6087809,0.7050171,0.62037235,0.7683916,0.71365726,0.8768843,0.8165636,0.69014126,0.7544828,0.77279884,0.6366578,0.41952175,0.5342202,0.22980294,0.74725324,0.68084127,0.70129514,0.84872246,0.7173421,0.89513725
GGGTAAGGGCATCACAGT,conv,1.0,0.0,0.0,0.0,-1.0,-1.0,0.28092384,0.93423957,0.64789534,0.4353327,0.28260744,0.28092384,0.349809,0.36783388,0.5879748,0.6748537,0.6025502,0.61659485,0.62463945,0.9036302,0.7901239,0.63852906,0.675252,0.78176576,0.76634073,0.70707107,0.5798129,0.8146056,0.5717393,0.89001393,0.93423957,0.7592995,0.7752544,0.7865865
TGCATCGCATCAGCACCT,conv,1.0,0.0,0.0,0.0,-1.0,-1.0,0.25335562,0.90372175,0.51476496,0.33628836,0.33059654,0.38484946,0.32441318,0.37271643,0.5391713,0.3863306,0.25335562,0.34842834,0.5213441,0.55228,0.4707031,0.4123728,0.5199675,0.6634886,0.49127722,0.63068503,0.6114528,0.5050483,0.6654771,0.5998038,0.90372175,0.5090797,0.827854,0.70841485
GCCATCCGCCCCCCGCCT,conv,1.0,0.0,0.0,0.0,-1.0,-1.0,0.20919278,0.7631217,0.39704627,0.31839508,0.39811042,0.39196706,0.2728016,0.41868368,0.50718755,0.3291591,0.26435816,0.20919278,0.2982563,0.40516326,0.33938515,0.40322712,0.2569846,0.46191922,0.60443836,0.39831525,0.31870762,0.22555198,0.2103531,0.70068026,0.55161005,0.59800583,0.2805821,0.7631217
GCCCGACACACTCTACCG,conv,1.0,0.0,0.0,0.0,-1.0,-1.0,0.40256652,0.89777267,0.63212323,0.41818607,0.59459805,0.58487326,0.40256652,0.49760056,0.63211393,0.71183413,0.89777267,0.57547295,0.6442361,0.87707937,0.68913776,0.7351798,0.73735964,0.7913152,0.50915045,0.4163515,0.8141716,0.4902236,0.57186615,0.48015204,0.8475849,0.45014304,0.8089953,0.62511563
AGGAACGAAAATCCAGAA,conv,1.0,0.0,0.0,0.0,-1.0,-1.0,0.519693,0.99659795,0.85383475,0.70918083,0.85553586,0.7804987,0.7078311,0.7675855,0.71780306,0.7938585,0.87473977,0.8445257,0.86095154,0.99659795,0.9383369,0.964213,0.96576804,0.93408203,0.73933977,0.83480656,0.519693,0.89627117,0.92278576,0.9104268,0.9855387,0.91705704,0.9512886,0.957153
TTGAGCGTCACGAGAGAA,conv,1.0,0.0,0.0,0.0,-1.0,-1.0,0.22623886,0.8901056,0.4627127,0.35381177,0.22623886,0.24057822,0.30899543,0.29855433,0.5021259,0.52952576,0.2724865,0.60230166,0.5769,0.33608648,0.37677854,0.3052613,0.52660584,0.443071,0.50232714,0.32896283,0.24821644,0.4941634,0.5233895,0.68651533,0.56260496,0.82772833,0.6044818,0.8901056
AGCATCGCAAAACGTGTT,conv,1.0,0.0,0.0,0.0,-1.0,-1.0,0.4819468,0.9420926,0.69023955,0.5174322,0.6315591,0.6434218,0.5285593,0.55022085,0.60815614,0.5706669,0.5281375,0.6991043,0.68688196,0.9420926,0.79018277,0.8694292,0.9108045,0.8001561,0.49124768,0.59834135,0.4819468,0.67646486,0.8232986,0.65130585,0.8930191,0.78375345,0.7229933,0.8568096
TGCATCGGGTCAGGACCT,conv,1.0,0.0,0.0,0.0,-1.0,-1.0,0.040135145,0.5696078,0.2953305,0.24780919,0.12608512,0.10799321,0.20345348,0.23059689,0.34934884,0.2997624,0.1592733,0.25661033,0.3532074,0.051607065,0.14528066,0.040135145,0.13514766,0.0758225,0.3654323,0.40088496,0.5141488,0.35649085,0.5696078,0.5171851,0.5468368,0.41273305,0.4619988,0.45581082
AGCATCGCAGAAGGAGAA,conv,1.0,0.0,0.0,0.0,-1.0,-1.0,0.29902992,0.8938701,0.62826097,0.57676196,0.6679274,0.66783845,0.56942767,0.61794186,0.5369255,0.5509746,0.2992128,0.6857757,0.68169194,0.8938701,0.6369372,0.6990488,0.85121274,0.5340624,0.29902992,0.68153006,0.36461145,0.4553477,0.8570155,0.51685977,0.7487778,0.6963445,0.78963464,0.8277645
CCCGGACACACTCTGATG,conv,1.0,0.0,0.0,0.0,-1.0,-1.0,0.27100584,0.8384011,0.5715163,0.3782434,0.5025462,0.5255554,0.3765343,0.45227736,0.556209,0.68247586,0.8384011,0.47265482,0.5799727,0.78571206,0.66875786,0.6814308,0.6873584,0.72964823,0.7626698,0.57131463,0.6633911,0.4740139,0.27100584,0.5661605,0.6960106,0.46296394,0.5274239,0.37517625
GGCCGACAGACTCTAACG,conv,1.0,0.0,0.0,0.0,-1.0,-1.0,0.43111038,0.94875544,0.6978136,0.44741762,0.51216346,0.5582773,0.43111038,0.48908636,0.62417036,0.7763384,0.83749175,0.7767661,0.67945856,0.94875544,0.8171307,0.77706057,0.8076065,0.84930915,0.6514783,0.5002106,0.7976473,0.6012575,0.7074579,0.73737586,0.93492156,0.57957155,0.89024353,0.71303135
CCCGGACAGACTCTAGAG,conv,1.0,0.0,0.0,0.0,-1.0,-1.0,0.41960883,0.9155528,0.6922602,0.41960883,0.5248369,0.54953295,0.42193988,0.4794975,0.58006597,0.72763085,0.8266403,0.7020772,0.6614655,0.8435132,0.74981153,0.6101306,0.7283431,0.7502523,0.7592361,0.51391023,0.84757704,0.7474887,0.8727459,0.79977745,0.9155528,0.7443555,0.87378246,0.6567314
GCCCGACACACTCTAACG,conv,1.0,0.0,0.0,0.0,-1.0,-1.0,0.43449625,0.9114775,0.6716061,0.44383803,0.6340869,0.6181361,0.43798947,0.52560323,0.64203143,0.73625785,0.9114775,0.65635484,0.67790216,0.9058409,0.72313654,0.7778918,0.82334334,0.8171662,0.5929888,0.47445893,0.8418668,0.43449625,0.5431445,0.645389,0.8675509,0.55435604,0.8582843,0.6465597
GGGGGACAGAATCTAAGT,conv,1.0,0.0,0.0,0.0,-1.0,-1.0,0.3980503,0.98713917,0.7269861,0.5166862,0.3980503,0.44846037,0.42978555,0.47668418,0.6344145,0.79528373,0.80363697,0.8404094,0.8233892,0.98713917,0.9360262,0.91613096,0.9181626,0.9287378,0.7977785,0.49400365,0.71193343,0.81403446,0.77089924,0.81948656,0.9338778,0.60991806,0.9158776,0.4538486
GGGGTACGGCGTCCTTCT,conv,1.0,0.0,0.0,0.0,-1.0,-1.0,0.045994215,0.7477725,0.3298871,0.19274981,0.06854763,0.045994215,0.13383015,0.17496857,0.35081887,0.3080051,0.1881933,0.25262073,0.2735975,0.14419027,0.4217475,0.06146245,0.14720145,0.17311433,0.7477725,0.43410778,0.5714078,0.30153582,0.6561202,0.6636036,0.31418142,0.67538357,0.324864,0.62115777
AAGAAAGGACAGACAATG,conv,1.0,0.0,0.0,0.0,-1.0,-1.0,0.30351993,0.9954554,0.78424037,0.742943,0.8818837,0.80021924,0.7395879,0.80923146,0.711886,0.843699,0.84875697,0.81658214,0.85176736,0.9954554,0.8428785,0.93648326,0.933475,0.84988457,0.6121187,0.6692951,0.30351993,0.759101,0.5869534,0.79273915,0.87229437,0.7515344,0.7265083,0.92721206
AGGATTGGAACACGTTTT,conv,1.0,0.0,0.0,0.0,-1.0,-1.0,0.23840179,0.8938548,0.5823742,0.41767836,0.23840179,0.29862702,0.3765551,0.32872766,0.513379,0.58987653,0.30688295,0.6329855,0.7070904,0.85033417,0.720536,0.6487294,0.7381901,0.64899427,0.49067307,0.38264492,0.38051456,0.46347165,0.6965173,0.75205356,0.8634615,0.8938548,0.7387898,0.88038534
AAGTGAGCGCAGAACAGT,conv,1.0,0.0,0.0,0.0,-1.0,-1.0,0.2364139,0.9189044,0.5835133,0.5865211,0.6364259,0.65790683,0.5668774,0.61024886,0.51488614,0.6178377,0.2364139,0.57087255,0.61081487,0.9189044,0.4840504,0.7838903,0.6064838,0.4747739,0.549337,0.6032215,0.35068354,0.709941,0.5778971,0.65744805,0.6184353,0.5470267,0.4850877,0.6118482
GGGTAACAGAACCAAAGT,conv,1.0,0.0,0.0,0.0,-1.0,-1.0,0.5047426,0.9962184,0.81108075,0.65348756,0.7565021,0.7348799,0.63159686,0.6805974,0.7606344,0.85584205,0.8951849,0.8584357,0.9018321,0.9962184,0.96529424,0.97705984,0.9699177,0.95521104,0.7441668,0.57427055,0.5047426,0.8501719,0.8012115,0.866158,0.9648546,0.7457949,0.91331923,0.7196329
AGCATCGCAACACGTGTT,conv,1.0,0.0,0.0,0.0,-1.0,-1.0,0.45330852,0.8758315,0.6552952,0.45330852,0.5561928,0.58462363,0.46178654,0.48668158,0.62100226,0.5830661,0.560378,0.62063855,0.65340227,0.8690899,0.66564,0.81356597,0.81258756,0.6873674,0.59204185,0.5127144,0.5366776,0.59219885,0.7655763,0.6881643,0.8758315,0.795476,0.72072273,0.8736444
