sequence,nearest_oxt_id,nearest_oxt_sequence,hamming_distance
ACACTGCGGGTAGCTTGC,OXT_01,AGGCTGCGTAAGTCTGCT,10
TTAGACTGCACTTCACGA,OXT_27,GTAGAATGGGCATCGTCG,9
GTAGGGTCATGACCAAGG,OXT_07,GTGGGTGCATTTGCTGTA,10
TACGTAGCTCAAGGGTAC,OXT_02,AGGGGAGCGTGCGGAGGC,11
TGGGCAGTGCAACTGTTA,OXT_04,TAGACAGGGCTGACTGTG,10
GAGGCAGTGACAGTGGAG,OXT_26,GGGGCATTCACTGAGCTG,7
GCGCTGCCAGCATGCGGG,OXT_03,GACTTGGGCTCATGCTGT,9
GGTTGGGAGCGGCACAGT,OXT_11,GGGTAAGGGCACAACAGT,7
TGCATACGTGACGGCGCT,OXT_28,AGCGGCGGCGACGGCGAA,8
TGGGATCCATCTCAGGAA,OXT_07,GTGGGTGCATTTGCTGTA,9
CTATCGCGCGTGGACCTA,OXT_12,AATACAGCGGTGTTTCTA,11
GCGACGATCATGACTGTT,OXT_04,TAGACAGGGCTGACTGTG,8
ACGGGCAACGAATTAGCA,OXT_17,AGGAACTACGATCGTGAA,9
GTGGGATCGACACTGCCT,OXT_27,GTAGAATGGGCATCGTCG,8
TGCGGGCAGACGCGGCAA,OXT_05,GGCGGACAGACTCTAATG,8
ATGGCAGGCCCACAGGTG,OXT_26,GGGGCATTCACTGAGCTG,8
AAGCAGGAGACTTGCGTG,OXT_10,AAGATGTATCGTGTGCTG,10
GCAGTGACACAGACAGCT,OXT_08,GACGGCATTCAGGCACGT,9
ATATCGGACCGTGGCGCT,OXT_03,GACTTGGGCTCATGCTGT,11
ATGCAATGGTTCAGCGAT,OXT_21,GAGCAACGGGTCAGCATT,6
AGGCAAAGAGTGTCGTCT,OXT_01,AGGCTGCGTAAGTCTGCT,8
GATGGTAACGGTACATGG,OXT_13,TATTACACTAGTGGATGG,9
GGTAGGCGCGATGAGGCT,OXT_01,AGGCTGCGTAAGTCTGCT,10
ACGGACTGCTGTCAGTGG,OXT_15,AGGGTATAACGTCCTTTG,9
TCATCCGCGTGACGTGCG,OXT_02,AGGGGAGCGTGCGGAGGC,11
AGCAGAAACGGAGGCAGT,OXT_20,AGGGCCTAGGGATGACGT,9
GACTCAATCAGAAGACTA,OXT_26,GGGGCATTCACTGAGCTG,10
CGCGGGGCACAGGCGCGA,OXT_08,GACGGCATTCAGGCACGT,8
GTATTAGTGGCGTCTTGT,OXT_27,GTAGAATGGGCATCGTCG,8
ACGGTGGCAGGTAGGTAT,OXT_15,AGGGTATAACGTCCTTTG,10
ACGGGTTAGGAGGATTAT,OXT_22,ACGGGACCGCAGATCGAG,9
ATCGACGTGTGAGGACTA,OXT_02,AGGGGAGCGTGCGGAGGC,9
AAAGCGAGTCGGCAAGAG,OXT_16,ATAAACAGTCTAGCTGTG,10
GTGTGCGAAGAGTCTTGT,OXT_07,GTGGGTGCATTTGCTGTA,10
AGACACATGCATCGACTT,OXT_08,GACGGCATTCAGGCACGT,10
TACGGTGTGCTCCAGCTG,OXT_09,TGTAGTGCTCGGCTGCCG,9
TGACCGGGAGAGGGCGTT,OXT_28,AGCGGCGGCGACGGCGAA,9
ACACAGCACACATCCCCT,OXT_01,AGGCTGCGTAAGTCTGCT,9
AACAGGCGGTACTGGAGC,OXT_02,AGGGGAGCGTGCGGAGGC,10
ACGGGAATACAGCAGATA,OXT_22,ACGGGACCGCAGATCGAG,9
AAGCGGAATGCGGCGTGT,OXT_08,GACGGCATTCAGGCACGT,9
ATCCTACCGTAGCGCGTT,OXT_22,ACGGGACCGCAGATCGAG,9
TATACGGACGTTAAGCTC,OXT_12,AATACAGCGGTGTTTCTA,9
AGGCTGAAGATGAGAGTG,OXT_01,AGGCTGCGTAAGTCTGCT,9
AGGTACATTAAAGAGGAG,OXT_16,ATAAACAGTCTAGCTGTG,9
GACACCGGTCACTGGAGC,OXT_03,GACTTGGGCTCATGCTGT,10
GGGCCGAAAGGTCGTACG,OXT_15,AGGGTATAACGTCCTTTG,9
GTGGTAAGTCCGCTATTG,OXT_05,GGCGGACAGACTCTAATG,9
TGTGCAAGCAGATACGGT,OXT_20,AGGGCCTAGGGATGACGT,10
ACGCGTATGGAGCCATGG,OXT_08,GACGGCATTCAGGCACGT,10
GTGGATGTTTCGCACGTG,OXT_07,GTGGGTGCATTTGCTGTA,9
GCAGGGCAACCATCGTGT,OXT_27,GTAGAATGGGCATCGTCG,9
GCTGGGTAGGTCAAGTGC,OXT_27,GTAGAATGGGCATCGTCG,11
ACGGCTCGACACAGGGCT,OXT_22,ACGGGACCGCAGATCGAG,9
GGTGAGACGACGAGTATT,OXT_05,GGCGGACAGACTCTAATG,10
GCCTCTGAGTTCAGTCTA,OXT_07,GTGGGTGCATTTGCTGTA,10
TATGGCACCCGATATTGC,OXT_13,TATTACACTAGTGGATGG,9
AATGGTAGGGACGAGCCG,OXT_28,AGCGGCGGCGACGGCGAA,10
GCTGTGTCTACATTGGTG,OXT_10,AAGATGTATCGTGTGCTG,10
ACGGCATAGAGCAGGCAG,OXT_20,AGGGCCTAGGGATGACGT,8
GCTGGGATAATTTCGGCG,OXT_07,GTGGGTGCATTTGCTGTA,10
GCTGGGGCGAAGCCGCAA,OXT_09,TGTAGTGCTCGGCTGCCG,10
CTGGAGAGACAGGGAGTT,OXT_08,GACGGCATTCAGGCACGT,10
ACCACGAGTTTGCGCGTG,OXT_16,ATAAACAGTCTAGCTGTG,9
AACGAGCCTTGGTGAATG,OXT_13,TATTACACTAGTGGATGG,10
ACACGATCTAGGCAGGTG,OXT_09,TGTAGTGCTCGGCTGCCG,10
TAGCACGGGCATAGGTCT,OXT_11,GGGTAAGGGCACAACAGT,9
ACGCACTTGGGGAACCGA,OXT_20,AGGGCCTAGGGATGACGT,9
ATGGTGCAAGCAGCGGCT,OXT_01,AGGCTGCGTAAGTCTGCT,9
GGGAGCATCACTTGGCGG,OXT_26,GGGGCATTCACTGAGCTG,7
GAAGGGCTTCAGGACAGT,OXT_08,GACGGCATTCAGGCACGT,6
GTGTAGGGCAATCCGAAT,OXT_11,GGGTAAGGGCACAACAGT,9
ATGGGATTGGACGCGAGG,OXT_02,AGGGGAGCGTGCGGAGGC,9
AAGCAGTGAGTGGATGCT,OXT_23,AAGTAGGGACAGAATACG,7
ATACGACATCAGAGTGTG,OXT_22,ACGGGACCGCAGATCGAG,8
TTACACGGTGCGAATTAG,OXT_14,TTGAGCGTAACGACAGTG,10
GCAGGACAGGTAGGGACG,OXT_27,GTAGAATGGGCATCGTCG,8
GCATCTGGGATCGCCCGT,OXT_11,GGGTAAGGGCACAACAGT,9
AGGGCCTGTCGACGTATC,OXT_15,AGGGTATAACGTCCTTTG,8
AGGCGGTACGTCCACTGG,OXT_15,AGGGTATAACGTCCTTTG,10
TGGGTGCAATGCCGTCTG,OXT_15,AGGGTATAACGTCCTTTG,7
GCAGGATGTTAATCGTGT,OXT_27,GTAGAATGGGCATCGTCG,7
AAGCATACGGCACATGCT,OXT_24,GGGATTCGGTCATGTCCT,10
TGGTACGCAGACGGATCC,OXT_02,AGGGGAGCGTGCGGAGGC,9
GATGCAAGGGCAATCGGA,OXT_12,AATACAGCGGTGTTTCTA,10
AGGTGTGCATAACGATTG,OXT_02,AGGGGAGCGTGCGGAGGC,9
TACCCAGTACCCTCCACT,OXT_19,CCCCCCCCCCCCCCCCCC,9
AACCGTGGGGTAGACGCG,OXT_28,AGCGGCGGCGACGGCGAA,9
GGGACGTCGTATCAGCTG,OXT_26,GGGGCATTCACTGAGCTG,7
ACGGTAACTGAAGACGCT,OXT_22,ACGGGACCGCAGATCGAG,9
AAGCAGGCGATGCATGGT,OXT_18,TAACGGGTTATCCATAAT,8
TACCGACTTGGTTAAGTG,OXT_05,GGCGGACAGACTCTAATG,10
AGCCGCCGGCTATTGATG,OXT_05,GGCGGACAGACTCTAATG,9
ATAGGGATGCTGGCCGGA,OXT_08,GACGGCATTCAGGCACGT,9
TGGGGACGGAAGGGCGTA,OXT_22,ACGGGACCGCAGATCGAG,8
GGGCTTAGATAGGACAAT,OXT_11,GGGTAAGGGCACAACAGT,9
ACCAAGCAGGCGGCCTAA,OXT_17,AGGAACTACGATCGTGAA,11
GGGGCAAGGGGATCATCG,OXT_27,GTAGAATGGGCATCGTCG,6
GCGCAGGAAGACAGGCAG,OXT_21,GAGCAACGGGTCAGCATT,10
GCGGAGGCAGACGGGTGA,OXT_02,AGGGGAGCGTGCGGAGGC,10
ATACGGGGTTAACGATTA,OXT_03,GACTTGGGCTCATGCTGT,11
GAGGCGTGATTATTATTA,OXT_03,GACTTGGGCTCATGCTGT,10
GGCGTGGATACAGTCTGG,OXT_03,GACTTGGGCTCATGCTGT,8
CAAGCGGGATCTTGTGCT,OXT_03,GACTTGGGCTCATGCTGT,9
GTGTGCGCCTGATGACAG,OXT_02,AGGGGAGCGTGCGGAGGC,10
AGGCACGTTATGGGCCGA,OXT_28,AGCGGCGGCGACGGCGAA,10
ATTGGACATCCTACTGAG,OXT_22,ACGGGACCGCAGATCGAG,8
GGTCTGACAGGATCGGTT,OXT_25,TGCATCGCAACAGCAGTT,9
ATTGAGAGTGGTATCGTA,OXT_16,ATAAACAGTCTAGCTGTG,10
GTGGTAAGCTAAACTGCT,OXT_01,AGGCTGCGTAAGTCTGCT,9
GCAGGACGCATAAAGGTG,OXT_26,GGGGCATTCACTGAGCTG,9
TGGGCGGCATGTTGATAC,OXT_02,AGGGGAGCGTGCGGAGGC,8
GATGGTACGTTCCTACTG,OXT_05,GGCGGACAGACTCTAATG,9
CAGGGGAGAGGTTAAGCG,OXT_23,AAGTAGGGACAGAATACG,10
TGACGATCCGGTGAAATG,OXT_26,GGGGCATTCACTGAGCTG,9
GCATCGTGAATCAGCGTT,OXT_21,GAGCAACGGGTCAGCATT,9
GCCATGACTGATCGTTCG,OXT_13,TATTACACTAGTGGATGG,11
GGTGGCGAACAACTACGG,OXT_05,GGCGGACAGACTCTAATG,9
AATGAGGTATGACCAGCT,OXT_02,AGGGGAGCGTGCGGAGGC,11
GGGTATTGTCCAGCCGTT,OXT_11,GGGTAAGGGCACAACAGT,9
AAGCAGAGGATAGGGGCT,OXT_01,AGGCTGCGTAAGTCTGCT,9
GGCCAACGTAGGTCGAAG,OXT_01,AGGCTGCGTAAGTCTGCT,9
CAGGGTATGTATCTAGAT,OXT_08,GACGGCATTCAGGCACGT,10
GGACGTGAGTTCACGGCT,OXT_07,GTGGGTGCATTTGCTGTA,10
AGGGACGCAACGAATTCT,OXT_23,AAGTAGGGACAGAATACG,8
ATGTCAGTCGCTGTGACG,OXT_26,GGGGCATTCACTGAGCTG,8
ACACACACCACGCACCCG,OXT_19,CCCCCCCCCCCCCCCCCC,8
ACATGCATCACGCGTGTG,OXT_14,TTGAGCGTAACGACAGTG,9
AGAGCCCTCTAACCGTGG,OXT_15,AGGGTATAACGTCCTTTG,11
AGGGACACGGTCTGGCGC,OXT_20,AGGGCCTAGGGATGACGT,7
CACATTCGTGGGTAGTAT,OXT_01,AGGCTGCGTAAGTCTGCT,11
TGGCTGGGCACCTTAATT,OXT_01,AGGCTGCGTAAGTCTGCT,9
GCATACGAAGTAGACTGG,OXT_03,GACTTGGGCTCATGCTGT,11
GGCGGGAAAGATGAGGGA,OXT_28,AGCGGCGGCGACGGCGAA,9
AGGGATAGGCTCCAGCTG,OXT_11,GGGTAAGGGCACAACAGT,10
GAGGGCAGGTTAGTTTAG,OXT_07,GTGGGTGCATTTGCTGTA,10
AAGCCGAAGCCGATCAGT,OXT_11,GGGTAAGGGCACAACAGT,10
CATGTATTAGCTACTGTG,OXT_15,AGGGTATAACGTCCTTTG,8
GGGCAGACGTTGTTACCT,OXT_24,GGGATTCGGTCATGTCCT,9
AGACTGTCAATGGCGCTT,OXT_01,AGGCTGCGTAAGTCTGCT,9
AAGGCTAGGACTGTGGCG,OXT_26,GGGGCATTCACTGAGCTG,9
AAGCAGAAATTGGCCCCT,OXT_01,AGGCTGCGTAAGTCTGCT,10
AGGCCAGGAACCGGGTGT,OXT_02,AGGGGAGCGTGCGGAGGC,9
ACAGTTCGGAACCATGTG,OXT_01,AGGCTGCGTAAGTCTGCT,10
ATGTAGCCAACATCTGTG,OXT_01,AGGCTGCGTAAGTCTGCT,9
GGACGGCAAACGCATTTC,OXT_05,GGCGGACAGACTCTAATG,9
GGCGTTGCCAGGAACACT,OXT_11,GGGTAAGGGCACAACAGT,10
AGGATGCTGAAGACCGTG,OXT_01,AGGCTGCGTAAGTCTGCT,7
GTATCGGCATACTGTGTG,OXT_07,GTGGGTGCATTTGCTGTA,9
AACGCGTATACTGTGATG,OXT_10,AAGATGTATCGTGTGCTG,6
AAGGTGTCTGAGGCTGGT,OXT_01,AGGCTGCGTAAGTCTGCT,7
GTGGTGAAGGCGCGGTGT,OXT_03,GACTTGGGCTCATGCTGT,10
AAGCATCATCGGCGCTTG,OXT_10,AAGATGTATCGTGTGCTG,9
GGAGTACGGACACGGCGT,OXT_24,GGGATTCGGTCATGTCCT,7
GACCTGACGATGTGACTG,OXT_12,AATACAGCGGTGTTTCTA,10
TCGCGTGATGGAACTCGG,OXT_09,TGTAGTGCTCGGCTGCCG,10
AATCGCAGAGGAGATGTG,OXT_16,ATAAACAGTCTAGCTGTG,8
CGGGGACACGAGACACAA,OXT_22,ACGGGACCGCAGATCGAG,9
AGGGTCCAGGATGTGGTA,OXT_17,AGGAACTACGATCGTGAA,8
GCACATTACACGACGCTG,OXT_26,GGGGCATTCACTGAGCTG,9
ATAGACGCTCGATCCCCT,OXT_16,ATAAACAGTCTAGCTGTG,9
AGTAGGGATTCCTCTCGA,OXT_12,AATACAGCGGTGTTTCTA,10
GAGGACGGATAGACAGAG,OXT_14,TTGAGCGTAACGACAGTG,8
TTGCCGTCGAACGCTCTT,OXT_01,AGGCTGCGTAAGTCTGCT,10
AAGGCGCGTTATGGGCAT,OXT_10,AAGATGTATCGTGTGCTG,9
TCCGCCTCTTCAGGACCT,OXT_20,AGGGCCTAGGGATGACGT,9
GGCACGTCAAGGCCGGAT,OXT_25,TGCATCGCAACAGCAGTT,9
ACGGCAATCCTTGTCGTG,OXT_22,ACGGGACCGCAGATCGAG,8
GTGGCGCATCCTACGGAT,OXT_01,AGGCTGCGTAAGTCTGCT,11
ATTAGTGACGGTGAGACG,OXT_09,TGTAGTGCTCGGCTGCCG,9
TGGTACGCTCCTGGGGAG,OXT_13,TATTACACTAGTGGATGG,8
CGGAGACCAGCCTGATGG,OXT_02,AGGGGAGCGTGCGGAGGC,9
ACACGGTACACAGGGTGG,OXT_03,GACTTGGGCTCATGCTGT,11
AGGACGAGATTCGGCTGA,OXT_02,AGGGGAGCGTGCGGAGGC,10
TCAGGCTTAGACGGTACT,OXT_18,TAACGGGTTATCCATAAT,10
GGTCAGCAATGCGTAACG,OXT_05,GGCGGACAGACTCTAATG,10
TCAAGCAGAGTACGACAT,OXT_16,ATAAACAGTCTAGCTGTG,11
CCGGGGACAGCGGTTGTT,OXT_07,GTGGGTGCATTTGCTGTA,9
CGCGCAGCACACGGCCTA,OXT_28,AGCGGCGGCGACGGCGAA,8
AGGGTATCGAAAAGCTTG,OXT_15,AGGGTATAACGTCCTTTG,8
GGAGGTAAGCATCTCGGG,OXT_05,GGCGGACAGACTCTAATG,8
GGACACTTATCGCGTATG,OXT_05,GGCGGACAGACTCTAATG,11
GACGGTCGACATGTTTGA,OXT_07,GTGGGTGCATTTGCTGTA,9
GAAGGTGTCAACTGTTGT,OXT_03,GACTTGGGCTCATGCTGT,9
AGCAGAATGACGACTGCG,OXT_14,TTGAGCGTAACGACAGTG,8
AAGGCAGAATGACTCGGC,OXT_02,AGGGGAGCGTGCGGAGGC,8
GAGTGGTATGAATGCCTG,OXT_10,AAGATGTATCGTGTGCTG,9
GTGGCTGTGGAACCGTAT,OXT_27,GTAGAATGGGCATCGTCG,9
ACGGGCTACTCAGGCTTA,OXT_28,AGCGGCGGCGACGGCGAA,9
TTAATTGGGTAGTCCCGT,OXT_24,GGGATTCGGTCATGTCCT,9
GGGCTAAGTAGCAATATG,OXT_11,GGGTAAGGGCACAACAGT,9
TGGAGTAGACTAGTCCCT,OXT_09,TGTAGTGCTCGGCTGCCG,9
AACGTCCATACGTGTCCA,OXT_01,AGGCTGCGTAAGTCTGCT,9
AGGCAGAACCATGGTGTT,OXT_17,AGGAACTACGATCGTGAA,7
ATGAGGATGTCAGGGCGG,OXT_02,AGGGGAGCGTGCGGAGGC,10
AGAGGACGAGGACCGGCT,OXT_27,GTAGAATGGGCATCGTCG,9
TGACACTCGCCCTCGGTC,OXT_29,CCCCCCCCCCCCCCGCCC,9
GGAGGCAATATAAGTAGT,OXT_08,GACGGCATTCAGGCACGT,10
CCCCCCCACCCCAACCCC,OXT_19,CCCCCCCCCCCCCCCCCC,3
GAGGGCCTGAACCTAGCG,OXT_05,GGCGGACAGACTCTAATG,8
AAGCAGAAGGCCCTAGTC,OXT_21,GAGCAACGGGTCAGCATT,10
ACGGAACTCGTGTAGCGA,OXT_12,AATACAGCGGTGTTTCTA,10
GAGGGCGTATCGGGTGCA,OXT_07,GTGGGTGCATTTGCTGTA,7
ACAGCAGCAGACGCACAT,OXT_02,AGGGGAGCGTGCGGAGGC,10
AACGTAGCAGCTCGAGAC,OXT_02,AGGGGAGCGTGCGGAGGC,9
TTGGGATGGTGACAATAT,OXT_02,AGGGGAGCGTGCGGAGGC,10
TGGTCGCATCTACCTGGT,OXT_01,AGGCTGCGTAAGTCTGCT,9
GGACGGTCCTACGTTGCG,OXT_01,AGGCTGCGTAAGTCTGCT,11
GGCCGGATACGCACTGGT,OXT_08,GACGGCATTCAGGCACGT,9
AGGAGTGGCATACGCAGG,OXT_28,AGCGGCGGCGACGGCGAA,10
ACAGCGAAGGACCTGTGG,OXT_20,AGGGCCTAGGGATGACGT,11
AACATTGTACGAATGGAG,OXT_10,AAGATGTATCGTGTGCTG,9
ACGGGATGGCAGGCTTCA,OXT_22,ACGGGACCGCAGATCGAG,8
AGCAGAAGACGGGATCGA,OXT_08,GACGGCATTCAGGCACGT,10
AAGCAGTTTGACGAATAG,OXT_10,AAGATGTATCGTGTGCTG,10
TGCATGGTGAGGCAGATA,OXT_09,TGTAGTGCTCGGCTGCCG,10
GGTGGTGAAGAGCGATGG,OXT_05,GGCGGACAGACTCTAATG,10
AAGGCGCAGACTGGGCAT,OXT_10,AAGATGTATCGTGTGCTG,9
AACTATCAGCGACCTGTG,OXT_15,AGGGTATAACGTCCTTTG,9
GGGGCACACAATGGTCCT,OXT_26,GGGGCATTCACTGAGCTG,7
GAGGACTAAACGACGAGG,OXT_14,TTGAGCGTAACGACAGTG,9
GATGTCCGGCTAGAAATA,OXT_21,GAGCAACGGGTCAGCATT,10
TGCTGGAGTGAGCCATAT,OXT_08,GACGGCATTCAGGCACGT,9
GTACAGTAGTGCCATGCT,OXT_18,TAACGGGTTATCCATAAT,10
TGGGACGAGTGCTTAGTC,OXT_02,AGGGGAGCGTGCGGAGGC,7
TGAGGACGAGCAAGGGTG,OXT_27,GTAGAATGGGCATCGTCG,9
AGGACGTGAAGGGATGCG,OXT_01,AGGCTGCGTAAGTCTGCT,8
ACCGGGCGCAGCGAAGGT,OXT_02,AGGGGAGCGTGCGGAGGC,9
TGGTGGCACTTGCGTAAT,OXT_18,TAACGGGTTATCCATAAT,9
AATACACAGTCGTCGTGT,OXT_12,AATACAGCGGTGTTTCTA,9
AGGACGTCAGCCAAAGCT,OXT_20,AGGGCCTAGGGATGACGT,10
ACGGCATTGACATTGTGC,OXT_20,AGGGCCTAGGGATGACGT,9
GGCTACACAAGTTGTGTG,OXT_13,TATTACACTAGTGGATGG,8
TGCAGGGCTTATTGTAGT,OXT_03,GACTTGGGCTCATGCTGT,10
ACAACGATGACCGGTGTG,OXT_16,ATAAACAGTCTAGCTGTG,9
TGGAACGCAGATGATGTG,OXT_17,AGGAACTACGATCGTGAA,8
AAGCAACACTGGATAGTG,OXT_22,ACGGGACCGCAGATCGAG,9
GGCGGCGCTAATAACGTT,OXT_25,TGCATCGCAACAGCAGTT,9
AAGGTGCTCCAGTTAATT,OXT_01,AGGCTGCGTAAGTCTGCT,9
GTACGCCGCGTCACAGTG,OXT_14,TTGAGCGTAACGACAGTG,9
AAAGGCGAGGCAGCGTTA,OXT_27,GTAGAATGGGCATCGTCG,9
TCTGTGCCCAAGGTGGAG,OXT_22,ACGGGACCGCAGATCGAG,8
ATACGGTCCATGCAGCTT,OXT_18,TAACGGGTTATCCATAAT,9
GACCCATAGCCGAAGTCG,OXT_27,GTAGAATGGGCATCGTCG,9
GCCGCGGCAGTAGTATTA,OXT_07,GTGGGTGCATTTGCTGTA,9
AGCAGAGGGTTGGTGTGG,OXT_02,AGGGGAGCGTGCGGAGGC,9
TTAACAGGCTATTCAGTG,OXT_04,TAGACAGGGCTGACTGTG,8
GTGGGCCCTGGCATATGA,OXT_02,AGGGGAGCGTGCGGAGGC,10
AGGTACGAAGAGGGCTGA,OXT_17,AGGAACTACGATCGTGAA,8
ACTTGCCGGAAGTCGTGC,OXT_01,AGGCTGCGTAAGTCTGCT,10
ATATAGCTAGCCGCTGTG,OXT_16,ATAAACAGTCTAGCTGTG,8
GCAGGGTGACGAGGTTCT,OXT_27,GTAGAATGGGCATCGTCG,10
AAACAGAACCTGGCGGCT,OXT_16,ATAAACAGTCTAGCTGTG,9
AGCAGTGCAAACGTGCGA,OXT_09,TGTAGTGCTCGGCTGCCG,9
ACAAGGGCAGAATCAACG,OXT_23,AAGTAGGGACAGAATACG,10
ACGACGCGTGCACTCCCT,OXT_24,GGGATTCGGTCATGTCCT,9
GGCCTGGACTGGACTGTA,OXT_01,AGGCTGCGTAAGTCTGCT,10
TTAGTAGAAGGCATCAGT,OXT_11,GGGTAAGGGCACAACAGT,10
GGGGCCTAAAACCTGACT,OXT_05,GGCGGACAGACTCTAATG,10
ACGCCACCAAACCTCCCT,OXT_19,CCCCCCCCCCCCCCCCCC,8
GGCGGGAGACAAGGTGGG,OXT_08,GACGGCATTCAGGCACGT,9
CTGGAGGAGCAAGGTATA,OXT_07,GTGGGTGCATTTGCTGTA,10
ACACACAACCGCCTTCCG,OXT_19,CCCCCCCCCCCCCCCCCC,9
ATGTGGTAGACGCATAAG,OXT_23,AAGTAGGGACAGAATACG,9
AAGATAGCGCGGTAGATG,OXT_04,TAGACAGGGCTGACTGTG,8
AGGGTGTTATACCATGAT,OXT_01,AGGCTGCGTAAGTCTGCT,9
AAGGAGTCGATAGCATTG,OXT_10,AAGATGTATCGTGTGCTG,10
AGCGATGTTACATGTGCT,OXT_01,AGGCTGCGTAAGTCTGCT,9
GGGAGGTACACACATCGG,OXT_26,GGGGCATTCACTGAGCTG,8
ACGCGGAACCATGGTGTG,OXT_10,AAGATGTATCGTGTGCTG,9
GATAGTGTTAGGCCCTCG,OXT_09,TGTAGTGCTCGGCTGCCG,7
TAGGGACCAATAGTAGTG,OXT_05,GGCGGACAGACTCTAATG,9
GCCCGGGGACAATGTAAG,OXT_23,AAGTAGGGACAGAATACG,9
GCGAGGGCAATAATCCGC,OXT_06,ATCATCATCATCATCATC,11
GTTGGCCAGCGTTGTGTA,OXT_07,GTGGGTGCATTTGCTGTA,9
ATACCCTTCGCCTCGCTA,OXT_29,CCCCCCCCCCCCCCGCCC,9
GCGCGGTGCGGTATGTTT,OXT_10,AAGATGTATCGTGTGCTG,10
GTGGCATCTATGTCATGG,OXT_27,GTAGAATGGGCATCGTCG,9
CGGCACGCAGAAGACGAT,OXT_25,TGCATCGCAACAGCAGTT,9
GACACAGGAGCGGAGGAG,OXT_04,TAGACAGGGCTGACTGTG,9
ACACTTGTGCTCGAGTCA,OXT_18,TAACGGGTTATCCATAAT,11
GAGGTAGGCACCGTGATA,OXT_26,GGGGCATTCACTGAGCTG,8
GGGCAGTCCACCACATGT,OXT_11,GGGTAAGGGCACAACAGT,10
ATGAGGCGGCGATAGGCA,OXT_01,AGGCTGCGTAAGTCTGCT,10
ATTAGGGACGAATGTACG,OXT_17,AGGAACTACGATCGTGAA,10
GGGGCCACCAATCGCTTT,OXT_26,GGGGCATTCACTGAGCTG,9
GATGTGCGCCAAGGTGTC,OXT_03,GACTTGGGCTCATGCTGT,10
AAGCAAATATCGACAGCT,OXT_14,TTGAGCGTAACGACAGTG,9
TAGGCAGAAGGATGGGTT,OXT_20,AGGGCCTAGGGATGACGT,8
TGGCAGGAGACGGTGCAC,OXT_09,TGTAGTGCTCGGCTGCCG,11
GTCCGGCAGCTTCGTTGT,OXT_05,GGCGGACAGACTCTAATG,10
TCAACCTACAACCGTGAG,OXT_17,AGGAACTACGATCGTGAA,7
GGGCAGTCATAATAGTCA,OXT_27,GTAGAATGGGCATCGTCG,10
TGCGGATGAGCAGGTCAG,OXT_28,AGCGGCGGCGACGGCGAA,9
TGGAGCAACGACGCGAAT,OXT_17,AGGAACTACGATCGTGAA,9
ATAGAGGTACAGTACTGT,OXT_23,AAGTAGGGACAGAATACG,9
GCAGGGAAACAGTGAGTT,OXT_08,GACGGCATTCAGGCACGT,9
GGGACCTGTTTCCGGATG,OXT_21,GAGCAACGGGTCAGCATT,10
TTAAGGTCACGCGTGTTG,OXT_10,AAGATGTATCGTGTGCTG,8
GCTGGGATCATGACGGCA,OXT_07,GTGGGTGCATTTGCTGTA,11
ATCGTTATGGCTTGGCTT,OXT_20,AGGGCCTAGGGATGACGT,10
AAGACGGCAATCGTGGCG,OXT_10,AAGATGTATCGTGTGCTG,9
AGGACATGTGTCAGACCG,OXT_20,AGGGCCTAGGGATGACGT,9
AGGTGAAGGGTGTAAGCG,OXT_01,AGGCTGCGTAAGTCTGCT,10
AGACGGTCATTTTAGGCG,OXT_01,AGGCTGCGTAAGTCTGCT,11
TAACGGTGCAACGTGCCC,OXT_18,TAACGGGTTATCCATAAT,10
GTGCGGCGTAAAATATAT,OXT_01,AGGCTGCGTAAGTCTGCT,9
ACGGCGATGTATGACGTG,OXT_22,ACGGGACCGCAGATCGAG,9
TTCGGCGCCAAAGCAATG,OXT_25,TGCATCGCAACAGCAGTT,7
ACAGCAGACGGCGCTAGT,OXT_02,AGGGGAGCGTGCGGAGGC,10
GAAGAGCGGAACGGACTG,OXT_21,GAGCAACGGGTCAGCATT,9
AGGCTGGAGGAGACGCCG,OXT_01,AGGCTGCGTAAGTCTGCT,8
AGACGACACACCTTTTTG,OXT_05,GGCGGACAGACTCTAATG,8
AGTGGAAGTTGCTCCTCG,OXT_02,AGGGGAGCGTGCGGAGGC,10
GCACTTCTGGAGCATGTG,OXT_01,AGGCTGCGTAAGTCTGCT,11
AGGGTACACGGCGCCAAT,OXT_15,AGGGTATAACGTCCTTTG,9
GAAGCGGGATAGTATCCT,OXT_23,AAGTAGGGACAGAATACG,8
GAAGCGGATTGGCGCGTA,OXT_03,GACTTGGGCTCATGCTGT,11
ATGCAGCAGTTCGTGACT,OXT_21,GAGCAACGGGTCAGCATT,9
AATAGGCACCATCAGTCG,OXT_10,AAGATGTATCGTGTGCTG,9
AGGGCATCACGACGTGTC,OXT_15,AGGGTATAACGTCCTTTG,6
ATGACGCGTAAGTGTGCA,OXT_01,AGGCTGCGTAAGTCTGCT,5
GACGTGAGTCAACCGCGT,OXT_08,GACGGCATTCAGGCACGT,6
ATGGGAATGATCGCTAGG,OXT_02,AGGGGAGCGTGCGGAGGC,9
GATGCTGAGTTCCGATGG,OXT_02,AGGGGAGCGTGCGGAGGC,10
ACGGCATCTATGACTGTG,OXT_04,TAGACAGGGCTGACTGTG,7
GAAGGCCGTGACCTGTCT,OXT_08,GACGGCATTCAGGCACGT,10
CGTGTGCCATACGTAACG,OXT_02,AGGGGAGCGTGCGGAGGC,11
GGGCACCCTCTATGGTCG,OXT_24,GGGATTCGGTCATGTCCT,10
AGGGATGTACCACCTGTG,OXT_15,AGGGTATAACGTCCTTTG,7
GCATAAGACGGTCATAAT,OXT_11,GGGTAAGGGCACAACAGT,10
ATGCGGTTATTCGGCTTA,OXT_07,GTGGGTGCATTTGCTGTA,9
AAGCAGGAAGTGGACGCG,OXT_23,AAGTAGGGACAGAATACG,7
TGGATGCCATAATGGATG,OXT_24,GGGATTCGGTCATGTCCT,9
GAGGTGATAGAGTTGGAG,OXT_22,ACGGGACCGCAGATCGAG,10
ATGTACAAGCAAGTGTTG,OXT_16,ATAAACAGTCTAGCTGTG,8
GCTGGGGATCAAGCGTCT,OXT_08,GACGGCATTCAGGCACGT,9
GCGAGGGGAATTGATGAT,OXT_07,GTGGGTGCATTTGCTGTA,8
AATCGGCATTCGTGTATT,OXT_01,AGGCTGCGTAAGTCTGCT,9
GTCAAGCATATGACGGAT,OXT_01,AGGCTGCGTAAGTCTGCT,10
ACGACAGGTGGAAGTGCA,OXT_04,TAGACAGGGCTGACTGTG,9
ACCGCTATTGACGGTGCG,OXT_28,AGCGGCGGCGACGGCGAA,9
TTACGGTCTGGGCCTGTT,OXT_18,TAACGGGTTATCCATAAT,9
TAGGGGCTGACGTGGGCT,OXT_01,AGGCTGCGTAAGTCTGCT,9
GATGGGTAGCTAGCGTGT,OXT_08,GACGGCATTCAGGCACGT,9
TTCGCACCATGGCTAGCG,OXT_05,GGCGGACAGACTCTAATG,10
ACAGGCCAGTTCTTCGTG,OXT_22,ACGGGACCGCAGATCGAG,8
TTCGTACGACGTCTTGCC,OXT_15,AGGGTATAACGTCCTTTG,9
TAACGCCACCCGCATCTG,OXT_18,TAACGGGTTATCCATAAT,10
AGGGTGCAGAATCATCCT,OXT_01,AGGCTGCGTAAGTCTGCT,7
AGCGGGAACCACCGATGG,OXT_28,AGCGGCGGCGACGGCGAA,9
AAGCCCGGGCCGATACGT,OXT_04,TAGACAGGGCTGACTGTG,9
GGGGTCGAGTTGAAGCCA,OXT_24,GGGATTCGGTCATGTCCT,10
ACGACATCGGATGGTAGT,OXT_17,AGGAACTACGATCGTGAA,9
GATGCGGCAAGCCATGTG,OXT_07,GTGGGTGCATTTGCTGTA,10
GTAAAGCAATAGGTGTCG,OXT_27,GTAGAATGGGCATCGTCG,10
TGATCGTCAATGCTGTGT,OXT_09,TGTAGTGCTCGGCTGCCG,11
TTGCGACAGCAGATGTGG,OXT_22,ACGGGACCGCAGATCGAG,7
TGCGGGCATCCGAGTTCC,OXT_01,AGGCTGCGTAAGTCTGCT,11
TAGGCTGACGCGCTTGTG,OXT_04,TAGACAGGGCTGACTGTG,8
GTACCGTGCTCTAACGGA,OXT_03,GACTTGGGCTCATGCTGT,10
TCGGGATCTGGCATCGTG,OXT_22,ACGGGACCGCAGATCGAG,7
ATAGTATAGGTGCCGATC,OXT_15,AGGGTATAACGTCCTTTG,9
AGACAGCCTTCCTCTCGA,OXT_01,AGGCTGCGTAAGTCTGCT,9
CGGTGGAGGATTGTAGGG,OXT_02,AGGGGAGCGTGCGGAGGC,10
ACGGGTGTGCAATACTCG,OXT_22,ACGGGACCGCAGATCGAG,8
AGGTGGTATACGCACACA,OXT_01,AGGCTGCGTAAGTCTGCT,10
GCTACTCTGGGCCGACTT,OXT_20,AGGGCCTAGGGATGACGT,10
ATGGATCAGGTGCCGCTT,OXT_20,AGGGCCTAGGGATGACGT,10
AGCACGTCAGTCTTTGCT,OXT_12,AATACAGCGGTGTTTCTA,9
GCGGAGGTTGGGTCTATG,OXT_23,AAGTAGGGACAGAATACG,10
ACTGGCTCTCGACCTATT,OXT_15,AGGGTATAACGTCCTTTG,9
GAGACTAAGCTGAACGTG,OXT_04,TAGACAGGGCTGACTGTG,6
ATGGGCAACATATCTACT,OXT_01,AGGCTGCGTAAGTCTGCT,10
AGGGCAACAGAAATAGGT,OXT_20,AGGGCCTAGGGATGACGT,8
AAACCTACCGGTGCTGTG,OXT_16,ATAAACAGTCTAGCTGTG,9
GCAGGTAGACGGTGGCGC,OXT_08,GACGGCATTCAGGCACGT,10
GGGGTAGCATCACTAGGT,OXT_02,AGGGGAGCGTGCGGAGGC,8
GGGACCAAGCAGATGATA,OXT_04,TAGACAGGGCTGACTGTG,10
GACAAATCACGCTCCGGG,OXT_04,TAGACAGGGCTGACTGTG,11
GTGCGGTTCGTTATTCAT,OXT_18,TAACGGGTTATCCATAAT,10
GCTAGTGTCAACGTAGTG,OXT_14,TTGAGCGTAACGACAGTG,9
ATGCGGAGCTCAGCATCG,OXT_16,ATAAACAGTCTAGCTGTG,10
ACCATTCGATCCATCCGT,OXT_24,GGGATTCGGTCATGTCCT,9
GAGAACACAGACTGAAGT,OXT_21,GAGCAACGGGTCAGCATT,9
TGTGGCATGCGGGATCCC,OXT_08,GACGGCATTCAGGCACGT,9
GCTAACTTTATGCGTGTG,OXT_16,ATAAACAGTCTAGCTGTG,9
TAAGCACCGGGTACGGTA,OXT_04,TAGACAGGGCTGACTGTG,9
ATCAGACGTTATTATTGG,OXT_01,AGGCTGCGTAAGTCTGCT,11
GCCCATGATATGTCGGGA,OXT_01,AGGCTGCGTAAGTCTGCT,11
TGGGTATCACACTATGGT,OXT_11,GGGTAAGGGCACAACAGT,9
GTTTTGCCAGGCTGCGGT,OXT_03,GACTTGGGCTCATGCTGT,9
AAGCAGGACACGCGCTGA,OXT_03,GACTTGGGCTCATGCTGT,9
AGGCATTACGTTGACTGG,OXT_17,AGGAACTACGATCGTGAA,9
ACGGCTCACACGTGTTTA,OXT_01,AGGCTGCGTAAGTCTGCT,11
GGGCCGCAGACATGTGTA,OXT_24,GGGATTCGGTCATGTCCT,8
GGGGCTAGGAGACATATA,OXT_05,GGCGGACAGACTCTAATG,10
AGACGCGGAAGGACGAGG,OXT_14,TTGAGCGTAACGACAGTG,9
TGCACGCAAGCAGAGACG,OXT_25,TGCATCGCAACAGCAGTT,10
TGCATGCAAGAAACGTCG,OXT_25,TGCATCGCAACAGCAGTT,10
ATGCGGTATGAAGTGAGA,OXT_10,AAGATGTATCGTGTGCTG,9
GCTGGGAAAGCATACGAA,OXT_28,AGCGGCGGCGACGGCGAA,11
ACGGACGGTGCTCTGTTA,OXT_17,AGGAACTACGATCGTGAA,10
AGGCAAGCAGCGGTGGCG,OXT_02,AGGGGAGCGTGCGGAGGC,10
ACGGCTGCATTTGTCGTG,OXT_07,GTGGGTGCATTTGCTGTA,6
ACTGCGGGTACTGCTACT,OXT_01,AGGCTGCGTAAGTCTGCT,9
GGCCCTGGAGAGTTACCT,OXT_01,AGGCTGCGTAAGTCTGCT,10
GAGCGTGCCTTCTGGGCT,OXT_07,GTGGGTGCATTTGCTGTA,9
ATAGGGACTGTGGAAACA,OXT_07,GTGGGTGCATTTGCTGTA,11
GTCCCGGTGATTGACCAT,OXT_18,TAACGGGTTATCCATAAT,9
GTTGTGGACCGTGTTAAA,OXT_07,GTGGGTGCATTTGCTGTA,10
TATTCAAGAGCGGATATT,OXT_04,TAGACAGGGCTGACTGTG,10
TGAGCAAAGCAGCGGTGT,OXT_20,AGGGCCTAGGGATGACGT,10
GGGGGTTGGGACGTGTGA,OXT_28,AGCGGCGGCGACGGCGAA,9
ACCGTACGAAACGTTGCT,OXT_01,AGGCTGCGTAAGTCTGCT,8
ACGGGCCAGTAACGTTCA,OXT_17,AGGAACTACGATCGTGAA,9
ATGGGCCGGTAGAGGCGA,OXT_22,ACGGGACCGCAGATCGAG,9
GACCCACATGGTTCTCGG,OXT_05,GGCGGACAGACTCTAATG,11
TGTGTAGTACTGCACGGG,OXT_04,TAGACAGGGCTGACTGTG,10
GTACACTACAGGGGACAG,OXT_13,TATTACACTAGTGGATGG,10
AGCACAGGACACAGAGCT,OXT_11,GGGTAAGGGCACAACAGT,9
GCAGGTGGTAAATATGCG,OXT_01,AGGCTGCGTAAGTCTGCT,10
AACAGGAGGATTCGTTGG,OXT_13,TATTACACTAGTGGATGG,10
TAACGCGAAGAGCGCGGG,OXT_14,TTGAGCGTAACGACAGTG,10
GCGCATACCTAGTCGGTG,OXT_07,GTGGGTGCATTTGCTGTA,10
CAGGACCCTGCTCGGTCA,OXT_13,TATTACACTAGTGGATGG,10
ATCGATTGCGGGTTAGTA,OXT_28,AGCGGCGGCGACGGCGAA,10
GCCTCTAGGCGACGTTAG,OXT_03,GACTTGGGCTCATGCTGT,11
GGCATCAACATTGGCGTA,OXT_06,ATCATCATCATCATCATC,8
AATCATGTGACATAGAGT,OXT_18,TAACGGGTTATCCATAAT,10
AGGGCCTTGTTGGGCAGA,OXT_20,AGGGCCTAGGGATGACGT,8
GTAGCCGAACGCCTGTGG,OXT_15,AGGGTATAACGTCCTTTG,10
AGGATACTAGTGTTGCGT,OXT_12,AATACAGCGGTGTTTCTA,9
AGGGAGAAGATGGCTAGG,OXT_01,AGGCTGCGTAAGTCTGCT,10
GGTGGAGTACAAGATGCG,OXT_07,GTGGGTGCATTTGCTGTA,10
AGGTAGACGTCTATCTGG,OXT_11,GGGTAAGGGCACAACAGT,10
GGCCAGTGGCTCAACGTT,OXT_11,GGGTAAGGGCACAACAGT,7
TAATGGATCCTACTTACA,OXT_18,TAACGGGTTATCCATAAT,8
GGGCTGCGGAAAGTGGAA,OXT_01,AGGCTGCGTAAGTCTGCT,8
AAGGTGTCTACAGTAACT,OXT_10,AAGATGTATCGTGTGCTG,9
GGAAGAGTAGACGGCAGG,OXT_11,GGGTAAGGGCACAACAGT,9
TGGTCAATGGCTAAGGCT,OXT_26,GGGGCATTCACTGAGCTG,9
ACGTCGCTCGTTTTCATA,OXT_06,ATCATCATCATCATCATC,10
GAATCCGCACCACGTAGG,OXT_03,GACTTGGGCTCATGCTGT,10
ATAGGCATGTCGGTGATG,OXT_05,GGCGGACAGACTCTAATG,10
ACTGATACCGAAGGTGTG,OXT_16,ATAAACAGTCTAGCTGTG,9
GGTAACGCCCAATGTCGG,OXT_09,TGTAGTGCTCGGCTGCCG,10
GGGAACGCCAATTGATTG,OXT_13,TATTACACTAGTGGATGG,9
GGGACAGTAGGGTTGGGT,OXT_12,AATACAGCGGTGTTTCTA,10
GCAGTGAGACTTCGACGT,OXT_08,GACGGCATTCAGGCACGT,10
TCGCAAGAGCCGCTGATG,OXT_04,TAGACAGGGCTGACTGTG,9
ATGAGGTACAGACGAGCG,OXT_17,AGGAACTACGATCGTGAA,9
GCAACGACTGTTACGTGT,OXT_08,GACGGCATTCAGGCACGT,12
ACGCCCTAGCCAATGTTG,OXT_10,AAGATGTATCGTGTGCTG,9
AGAAGCCGGACGAGTTTG,OXT_14,TTGAGCGTAACGACAGTG,9
GGCGTACCGATAAACGTG,OXT_05,GGCGGACAGACTCTAATG,8
AGGCGACCAGCTAGTGTT,OXT_21,GAGCAACGGGTCAGCATT,9
GCGGCAGCTAGTAGGTGT,OXT_02,AGGGGAGCGTGCGGAGGC,10
AGAGGACCCGGCGCGCTA,OXT_02,AGGGGAGCGTGCGGAGGC,9
AGGCCGTTTAATGTCCAT,OXT_01,AGGCTGCGTAAGTCTGCT,9
GGCTGGACGAGACGAATG,OXT_05,GGCGGACAGACTCTAATG,7
ATCCGGATGGCGGAGCGG,OXT_08,GACGGCATTCAGGCACGT,10
AGTGTGGTGAGTCCTGGA,OXT_15,AGGGTATAACGTCCTTTG,9
GTAGGGGCGTTTACTTCC,OXT_07,GTGGGTGCATTTGCTGTA,7
AGGGCTAGCATATCGTGT,OXT_20,AGGGCCTAGGGATGACGT,9
GAGACTAATCGCCGTGTA,OXT_04,TAGACAGGGCTGACTGTG,10
ACATCAGGAGCTCAGCGC,OXT_26,GGGGCATTCACTGAGCTG,11
AGGCGAACGGACGGCGCA,OXT_02,AGGGGAGCGTGCGGAGGC,7
ACGGAGTCTACCGCAGTG,OXT_02,AGGGGAGCGTGCGGAGGC,10
AGTACTGGTGAAGAGCCG,OXT_09,TGTAGTGCTCGGCTGCCG,8
GGACCAAGCGTGTGCCTT,OXT_21,GAGCAACGGGTCAGCATT,8
AGGTGACGCTTAACTACG,OXT_23,AAGTAGGGACAGAATACG,9
AAGGCGGACGCGATGTTA,OXT_12,AATACAGCGGTGTTTCTA,9
AGTGGGTACTCGAGACAA,OXT_17,AGGAACTACGATCGTGAA,10
GTGGAGAACGGAGGCAAT,OXT_20,AGGGCCTAGGGATGACGT,10
ATGGGTACCGGTACTTTA,OXT_07,GTGGGTGCATTTGCTGTA,7
GTAGGAGGTCACGTTCGT,OXT_08,GACGGCATTCAGGCACGT,8
AGCGGAGGCGACCAGTAT,OXT_28,AGCGGCGGCGACGGCGAA,6
GGATAGCAGTAGCCGGAA,OXT_17,AGGAACTACGATCGTGAA,10
ATCGGGAAGGATGGTGCG,OXT_28,AGCGGCGGCGACGGCGAA,9
GGGGACAGAAAGAGTGCG,OXT_23,AAGTAGGGACAGAATACG,8
TACCCAGGGACAGTATCG,OXT_04,TAGACAGGGCTGACTGTG,10
GTGGCCTAGCATATCGAG,OXT_22,ACGGGACCGCAGATCGAG,7
GCCGGGCATGACGGAGAG,OXT_28,AGCGGCGGCGACGGCGAA,8
GGTGGTGAACTTGACGCG,OXT_07,GTGGGTGCATTTGCTGTA,8
CACTACGAGGAGGCATCG,OXT_08,GACGGCATTCAGGCACGT,10
GAGTGTCCATTAAGGGTG,OXT_07,GTGGGTGCATTTGCTGTA,8
AAGCAGTGTGACCTTCCG,OXT_23,AAGTAGGGACAGAATACG,8
ACAGATGTTAAGGGTATG,OXT_16,ATAAACAGTCTAGCTGTG,10
ACGCAGTAGATGTCGGAA,OXT_01,AGGCTGCGTAAGTCTGCT,9
GTTATACCGACATGTGCT,OXT_24,GGGATTCGGTCATGTCCT,6
GTGGAGTGGTTTGCATGT,OXT_07,GTGGGTGCATTTGCTGTA,9
AGGCGGAAGACTGCTGCA,OXT_01,AGGCTGCGTAAGTCTGCT,8
CACAGGGCGACAAGGAGG,OXT_03,GACTTGGGCTCATGCTGT,10
CTGGACGGGATTTCAACA,OXT_07,GTGGGTGCATTTGCTGTA,10
TGGCATACAGCGCTTGAT,OXT_17,AGGAACTACGATCGTGAA,10
GGCATAACCACCTATGTG,OXT_25,TGCATCGCAACAGCAGTT,9
ACCAATAGTCTGTTTGCT,OXT_16,ATAAACAGTCTAGCTGTG,8
GGCGAGAGGGCATAGTGA,OXT_27,GTAGAATGGGCATCGTCG,7
AATGGTTGATTGGAAGTT,OXT_07,GTGGGTGCATTTGCTGTA,9
TTACAGTGTCTAGTTCAG,OXT_16,ATAAACAGTCTAGCTGTG,7
AGGACGTGAAAGCATGCT,OXT_01,AGGCTGCGTAAGTCTGCT,6
AGTGAGTAGCCACGTGCG,OXT_15,AGGGTATAACGTCCTTTG,9
CAAGCAGGGATGGAGACG,OXT_04,TAGACAGGGCTGACTGTG,9
GTGTAGCGGTCGATGTCC,OXT_27,GTAGAATGGGCATCGTCG,9
AGCGGGATAACTCCTCTT,OXT_05,GGCGGACAGACTCTAATG,9
GGGGGTACAAGGCCTAGG,OXT_07,GTGGGTGCATTTGCTGTA,9
GACATGCGGCCGTGACTT,OXT_24,GGGATTCGGTCATGTCCT,7
TAGGGCTAGCCAATCCGA,OXT_20,AGGGCCTAGGGATGACGT,9
AGCAGGTGAGACTAGATG,OXT_23,AAGTAGGGACAGAATACG,10
GTGGTACTGACATCTGCA,OXT_24,GGGATTCGGTCATGTCCT,8
ACATGGGTTACACGTCGG,OXT_18,TAACGGGTTATCCATAAT,9
TACGCGGAGGCTAAAGCT,OXT_04,TAGACAGGGCTGACTGTG,11
GGGCATGTCGACGTGGCT,OXT_11,GGGTAAGGGCACAACAGT,10
AGTTGGGCAGAGAAGGTG,OXT_23,AAGTAGGGACAGAATACG,8
ACGCTCGTCTATAGGTTC,OXT_06,ATCATCATCATCATCATC,10
ATCACCAAGTGAGACGCT,OXT_16,ATAAACAGTCTAGCTGTG,10
TATCGCAACGTTAGTGAT,OXT_17,AGGAACTACGATCGTGAA,9
GACAACCTCGGGTTTAGT,OXT_08,GACGGCATTCAGGCACGT,10
CCAGTGGCATGTGACGCT,OXT_07,GTGGGTGCATTTGCTGTA,10
GCGGTGCCATTTGAGGTA,OXT_07,GTGGGTGCATTTGCTGTA,6
GGCATCCATGCTAGGGCG,OXT_05,GGCGGACAGACTCTAATG,10
GGGGAAGCAGGATTCGTG,OXT_02,AGGGGAGCGTGCGGAGGC,10
ACCAACAAGCATTAGGCG,OXT_16,ATAAACAGTCTAGCTGTG,10
GGCGCGATAGGGTGGTGT,OXT_20,AGGGCCTAGGGATGACGT,9
GGGCGGAGTCGACGGCAA,OXT_09,TGTAGTGCTCGGCTGCCG,10
ACCGGAGCGCAACTAGTG,OXT_22,ACGGGACCGCAGATCGAG,6
GCGAGTTACGTGGGACCA,OXT_17,AGGAACTACGATCGTGAA,10
GACGGAAGGCATTCTGCG,OXT_04,TAGACAGGGCTGACTGTG,9
AGCGTATGTCTCATGTGT,OXT_11,GGGTAAGGGCACAACAGT,10
GGTAGTGAAGCAAACTTG,OXT_14,TTGAGCGTAACGACAGTG,10
AGTACTGGTCGAGCACGG,OXT_09,TGTAGTGCTCGGCTGCCG,8
TGCCGATCCCATTGCTTA,OXT_28,AGCGGCGGCGACGGCGAA,10
GGCATGCGGGGATGAGCG,OXT_24,GGGATTCGGTCATGTCCT,7
AATGGTGATCTGCCGTTG,OXT_09,TGTAGTGCTCGGCTGCCG,8
GGTGGTGTCTCACCGTCT,OXT_03,GACTTGGGCTCATGCTGT,10
AAACAGTCAGCGACGGTG,OXT_14,TTGAGCGTAACGACAGTG,10
GCTGGGCTAGAGACATTG,OXT_14,TTGAGCGTAACGACAGTG,9
GATCTATTGGAGGCCCTT,OXT_08,GACGGCATTCAGGCACGT,9
CCTGGAGGAGACACGGTG,OXT_04,TAGACAGGGCTGACTGTG,10
GTCGCTACTTGACTTGTG,OXT_07,GTGGGTGCATTTGCTGTA,9
TACTTATGGACAACGACG,OXT_27,GTAGAATGGGCATCGTCG,8
GCGGGTAAGTCCATGTTT,OXT_05,GGCGGACAGACTCTAATG,10
ATCATACTCAGGGGTCAG,OXT_06,ATCATCATCATCATCATC,10
TTGCGGGTCAACGATGAT,OXT_18,TAACGGGTTATCCATAAT,6
GGGACATACGCACGCTCG,OXT_17,AGGAACTACGATCGTGAA,9
AAGCAGAAACATTGCTGG,OXT_23,AAGTAGGGACAGAATACG,9
AACGGACCCCTGTTCAGT,OXT_22,ACGGGACCGCAGATCGAG,8
AGGTAGTTAATATCGGTT,OXT_01,AGGCTGCGTAAGTCTGCT,9
ACACACACCACACGTGCT,OXT_16,ATAAACAGTCTAGCTGTG,10
ACCGATCCAGAAGGTGTG,OXT_07,GTGGGTGCATTTGCTGTA,10
AGGGGGTAACACCGAGGG,OXT_02,AGGGGAGCGTGCGGAGGC,8
AGGGGCTTCAGTATAACT,OXT_20,AGGGCCTAGGGATGACGT,9
GCGACGTAATGCTCATGA,OXT_20,AGGGCCTAGGGATGACGT,10
AGGTAGGGGATGACAGCG,OXT_23,AAGTAGGGACAGAATACG,7
GTGGACGACCCCGTGTAG,OXT_26,GGGGCATTCACTGAGCTG,10
GACAGGCGCATGGGAGTG,OXT_04,TAGACAGGGCTGACTGTG,10
GGCCAATTTTAGGGTGTG,OXT_26,GGGGCATTCACTGAGCTG,10
AGCATGTCATACCGTGCT,OXT_01,AGGCTGCGTAAGTCTGCT,9
AGCGTGTAGAAGCGTCCT,OXT_01,AGGCTGCGTAAGTCTGCT,8
GGGAGTTCAGCCCCGGTA,OXT_07,GTGGGTGCATTTGCTGTA,8
TGCGTAGACAGTAGCGTG,OXT_05,GGCGGACAGACTCTAATG,9
ATGGGCCCGAGACCGAGT,OXT_20,AGGGCCTAGGGATGACGT,9
GGGATGGAAATGTTGGTG,OXT_10,AAGATGTATCGTGTGCTG,9
ACAGGAGACGCAGGAACA,OXT_28,AGCGGCGGCGACGGCGAA,9
ATGAGGCAGACAATTGTT,OXT_14,TTGAGCGTAACGACAGTG,9
ATGCACTCTTGCGCTCGG,OXT_16,ATAAACAGTCTAGCTGTG,9
GCACGCAGCGTGTTAGTG,OXT_16,ATAAACAGTCTAGCTGTG,10
AAGCGGTAGACAGCGGCG,OXT_10,AAGATGTATCGTGTGCTG,9
ATCACAGCGACGTGTTGA,OXT_12,AATACAGCGGTGTTTCTA,7
GGAGACATGGATACCGGG,OXT_08,GACGGCATTCAGGCACGT,10
ACTCGTAGTGGGCGCTGA,OXT_09,TGTAGTGCTCGGCTGCCG,11
AACATAAGACCTAGAGTG,OXT_04,TAGACAGGGCTGACTGTG,9
GTGAGAAGGTCACCGGTT,OXT_24,GGGATTCGGTCATGTCCT,9
GGGTAGAATCGAGGTCTT,OXT_10,AAGATGTATCGTGTGCTG,9
TCTGGCCAGGAGACGATA,OXT_22,ACGGGACCGCAGATCGAG,10
ATCATAGGCGAGGATACA,OXT_23,AAGTAGGGACAGAATACG,9
ATGGACAGTAGAACGGTG,OXT_16,ATAAACAGTCTAGCTGTG,6
TTCGTCCGATCAAGGTAG,OXT_03,GACTTGGGCTCATGCTGT,10
ATCAACGCGTGGGATGTT,OXT_16,ATAAACAGTCTAGCTGTG,9
GCAAGTAGAAGCGGCGCA,OXT_28,AGCGGCGGCGACGGCGAA,10
AGGAGTACCTGAGCTATG,OXT_07,GTGGGTGCATTTGCTGTA,9
GATGGCGCCGTAAATGGA,OXT_07,GTGGGTGCATTTGCTGTA,9
ACGCAGAAGCATGGCACA,OXT_17,AGGAACTACGATCGTGAA,10
GTGGCGTTGACGGCCGAT,OXT_26,GGGGCATTCACTGAGCTG,9
AAGCAGGCGAGACGGATG,OXT_10,AAGATGTATCGTGTGCTG,10
GTCAACGGTTGTCTAGGT,OXT_03,GACTTGGGCTCATGCTGT,11
AATCTACACCGGACAGTG,OXT_04,TAGACAGGGCTGACTGTG,9
TATGGTCAGTACCGCGCT,OXT_02,AGGGGAGCGTGCGGAGGC,11
ACAGTCTGACACGTGCCG,OXT_10,AAGATGTATCGTGTGCTG,9
GGTGCAGAGACTGTTGAT,OXT_05,GGCGGACAGACTCTAATG,8
ACAGACGATATGCATGTG,OXT_16,ATAAACAGTCTAGCTGTG,8
AGTGGAGGAACTTCACGG,OXT_05,GGCGGACAGACTCTAATG,9
TATGGGTAAACGTGTAGA,OXT_18,TAACGGGTTATCCATAAT,11
ACCATTTGCGCGGGACGA,OXT_28,AGCGGCGGCGACGGCGAA,10
ATAACATTACCACTCTGT,OXT_15,AGGGTATAACGTCCTTTG,11
ATGGTTAGCAGACGACGG,OXT_20,AGGGCCTAGGGATGACGT,9
TGGCGGTAGAGGACGGTC,OXT_14,TTGAGCGTAACGACAGTG,9
AATAGCCCCTTGTTGCCG,OXT_09,TGTAGTGCTCGGCTGCCG,8
ATGGTCTCCAACTCCGTG,OXT_06,ATCATCATCATCATCATC,9
ACGGCATAGTATGAGTGC,OXT_02,AGGGGAGCGTGCGGAGGC,9
GCCCTCAGTACGTGTGAT,OXT_01,AGGCTGCGTAAGTCTGCT,8
GGGCAAAAGGAGTACACG,OXT_11,GGGTAAGGGCACAACAGT,8
ACACCAAGGTGCATTCCG,OXT_04,TAGACAGGGCTGACTGTG,11
AATGTCCGACGGTTCATG,OXT_10,AAGATGTATCGTGTGCTG,10
GAGGACAAAGCGTCGCTG,OXT_27,GTAGAATGGGCATCGTCG,9
CGAGACCGTGAGGTTTCA,OXT_01,AGGCTGCGTAAGTCTGCT,10
ACAGGACTGTAGACTGTG,OXT_22,ACGGGACCGCAGATCGAG,6
AAGCCCTGTCACGTGTTA,OXT_10,AAGATGTATCGTGTGCTG,8
CGTGCCCGCCGAGCCGAG,OXT_28,AGCGGCGGCGACGGCGAA,9
AAGGGCGTCATGGGTCCA,OXT_28,AGCGGCGGCGACGGCGAA,9
GCGGCCGCGCTTGCAGAT,OXT_07,GTGGGTGCATTTGCTGTA,8
GAGAACTGACGGACGTCG,OXT_23,AAGTAGGGACAGAATACG,8
GGGAGCAATGGTCATGGT,OXT_17,AGGAACTACGATCGTGAA,8
ACGGGGCTAAACTGTTGT,OXT_01,AGGCTGCGTAAGTCTGCT,9
GGGACATGGTTACGCTCG,OXT_24,GGGATTCGGTCATGTCCT,8
ATGCAGAAGGCGTCGCTA,OXT_12,AATACAGCGGTGTTTCTA,10
CAACGGGATGAGTGCGTA,OXT_28,AGCGGCGGCGACGGCGAA,10
AGCGCCGACGTATTTGCA,OXT_28,AGCGGCGGCGACGGCGAA,8
TAACCGAGGCTGGGAGCA,OXT_04,TAGACAGGGCTGACTGTG,9
GAACAGTTGCATGTCGCT,OXT_08,GACGGCATTCAGGCACGT,11
GACAGCATTAAGAGACGG,OXT_08,GACGGCATTCAGGCACGT,5
CAAGGCGATAGGTATTGA,OXT_18,TAACGGGTTATCCATAAT,10
ACGATGGACGGACCGTGT,OXT_03,GACTTGGGCTCATGCTGT,10
AGGACCCTGGCGCCATTG,OXT_14,TTGAGCGTAACGACAGTG,8
GCACAAGGGATGGCTGAA,OXT_04,TAGACAGGGCTGACTGTG,9
AGGGCAGCGCTATGGTAT,OXT_20,AGGGCCTAGGGATGACGT,8
CGGTGGCAAACGATCTGT,OXT_01,AGGCTGCGTAAGTCTGCT,11
TGACTGGGCATTGCCGCT,OXT_01,AGGCTGCGTAAGTCTGCT,8
AATGGTTAGCCCGACGCG,OXT_22,ACGGGACCGCAGATCGAG,10
GCGGCACACGAGAGTTGT,OXT_20,AGGGCCTAGGGATGACGT,10
AAGCACAATGCGGGTGCG,OXT_16,ATAAACAGTCTAGCTGTG,9
GGCATCGTGAAGTAGTGC,OXT_03,GACTTGGGCTCATGCTGT,11
ATCGCCCTTGATCCGTGT,OXT_08,GACGGCATTCAGGCACGT,9
TTCTGACCCTTACTCGCT,OXT_03,GACTTGGGCTCATGCTGT,11
GGACAGTCAGGTCGCTTA,OXT_15,AGGGTATAACGTCCTTTG,10
CTGTAGTGAACGACCGTG,OXT_14,TTGAGCGTAACGACAGTG,7
GTTGGTGAACTGTATACT,OXT_07,GTGGGTGCATTTGCTGTA,9
TGCCCGACTCCTAAGTCG,OXT_09,TGTAGTGCTCGGCTGCCG,10
GGTAACTGGGCAGAACGT,OXT_20,AGGGCCTAGGGATGACGT,8
AGGAGGTGGGTAAAGCGG,OXT_20,AGGGCCTAGGGATGACGT,9
GTCCCTCGGTCAGCTGGT,OXT_24,GGGATTCGGTCATGTCCT,8
TCGTCTCAGCGCGTGCAC,OXT_10,AAGATGTATCGTGTGCTG,10
ACCGGGTTACAGACAGTG,OXT_14,TTGAGCGTAACGACAGTG,8
ATGGTCCGTTGCGTTTCG,OXT_01,AGGCTGCGTAAGTCTGCT,10
CGGTGGTAACGTCGGAGG,OXT_15,AGGGTATAACGTCCTTTG,8
GCCACAGAGCTCTTCCGT,OXT_11,GGGTAAGGGCACAACAGT,9
GTAGTGGAAGGACCATGG,OXT_15,AGGGTATAACGTCCTTTG,9
GGAGGGTCTACCACTGCA,OXT_01,AGGCTGCGTAAGTCTGCT,10
AGCATTCCATGAACTGTG,OXT_25,TGCATCGCAACAGCAGTT,8
TACGGAGCCATCACTGAT,OXT_18,TAACGGGTTATCCATAAT,8
TAGGGATGGGAAGTACGG,OXT_20,AGGGCCTAGGGATGACGT,9
AGATGGCTACACGATATG,OXT_23,AAGTAGGGACAGAATACG,8
ACACAGTGGAGTGCGCAT,OXT_10,AAGATGTATCGTGTGCTG,10
TAGGTGACAGCCGCGTTA,OXT_07,GTGGGTGCATTTGCTGTA,10
GGTCTGACTGGGACTACA,OXT_01,AGGCTGCGTAAGTCTGCT,9
TGGTTGATCTGTGCGTGG,OXT_13,TATTACACTAGTGGATGG,9
GGGAGGGAGACGGACGGG,OXT_14,TTGAGCGTAACGACAGTG,9
ATGCGCTGGGATAGGGAG,OXT_17,AGGAACTACGATCGTGAA,8
GGGCGCTTGAGTTGACTG,OXT_20,AGGGCCTAGGGATGACGT,8
GACGGACAGGTATGGATA,OXT_05,GGCGGACAGACTCTAATG,8
TCAAGGCGTCCGTCTGGG,OXT_01,AGGCTGCGTAAGTCTGCT,9
GAGGCGACGTAATGCTGA,OXT_03,GACTTGGGCTCATGCTGT,8
AAGGTCGAGCCCGCGATG,OXT_10,AAGATGTATCGTGTGCTG,8
ATCGGTACGGTTAGCGCG,OXT_22,ACGGGACCGCAGATCGAG,9
TCGAACACGCGTCGTGTG,OXT_04,TAGACAGGGCTGACTGTG,9
GTAATACCGTGCGGGTGC,OXT_02,AGGGGAGCGTGCGGAGGC,8
ATGTGGCAGAGCTTGACG,OXT_05,GGCGGACAGACTCTAATG,10
TGGAAGACAGCCCTCGCT,OXT_25,TGCATCGCAACAGCAGTT,10
AAGCAGGCACCGACACGT,OXT_23,AAGTAGGGACAGAATACG,8
ACGGTACGCTCGGTGGCA,OXT_22,ACGGGACCGCAGATCGAG,9
TCATGGTTCCATCTCGGG,OXT_22,ACGGGACCGCAGATCGAG,10
TGTGGGTAACCGATGCGT,OXT_09,TGTAGTGCTCGGCTGCCG,9
ATGAGGTCGACGCGCTAC,OXT_22,ACGGGACCGCAGATCGAG,10
GGGTAAGATCAAGCAGAT,OXT_11,GGGTAAGGGCACAACAGT,8
TTTGTGGCGATGACGCTG,OXT_04,TAGACAGGGCTGACTGTG,9
TGCGATGTTGCGGTCTGA,OXT_28,AGCGGCGGCGACGGCGAA,10
CAGCGTCGGTAGACGTGT,OXT_01,AGGCTGCGTAAGTCTGCT,10
AGCGAAGACAGCCCTGAG,OXT_15,AGGGTATAACGTCCTTTG,8
AGGGCTAAAGTTCCAACA,OXT_15,AGGGTATAACGTCCTTTG,9
ACACACAGACATCCCGCT,OXT_16,ATAAACAGTCTAGCTGTG,9
TATCGACGATTCCATGCT,OXT_18,TAACGGGTTATCCATAAT,8
GTACTGAGTGTGCCAACG,OXT_01,AGGCTGCGTAAGTCTGCT,10
CACGTAGAACCGTGTGCT,OXT_03,GACTTGGGCTCATGCTGT,10
GCAGGAGAATAGACGTCG,OXT_27,GTAGAATGGGCATCGTCG,9
GCAAGCCCGGAACGAATG,OXT_05,GGCGGACAGACTCTAATG,9
GTGGATACCGCGCTGACT,OXT_27,GTAGAATGGGCATCGTCG,10
GCCGGGCAGCTTTAGGTT,OXT_05,GGCGGACAGACTCTAATG,9
CAAGCACAATGAAGACGA,OXT_20,AGGGCCTAGGGATGACGT,9
AGTACCCGGGCCATGATA,OXT_12,AATACAGCGGTGTTTCTA,9
GCACGGTGCCACTATGCT,OXT_01,AGGCTGCGTAAGTCTGCT,9
GGGTAGTCAGTCTAGCTC,OXT_26,GGGGCATTCACTGAGCTG,10
ATTCCCCGGACTGATGCT,OXT_01,AGGCTGCGTAAGTCTGCT,9
TATTCCGTCTCCGGTAGT,OXT_03,GACTTGGGCTCATGCTGT,9
TCAACACGGATAGGGTAG,OXT_04,TAGACAGGGCTGACTGTG,10
GGCCGCAGTGTCATTCCG,OXT_06,ATCATCATCATCATCATC,11
GAGGCCACACAATGTGCT,OXT_08,GACGGCATTCAGGCACGT,10
TAATGTAGCCACAAGGTA,OXT_04,TAGACAGGGCTGACTGTG,11
AGGCACTATCGGTGGCGA,OXT_20,AGGGCCTAGGGATGACGT,7
ACATGTCCTCAACTGGTT,OXT_22,ACGGGACCGCAGATCGAG,9
GTGGGCTTACCTACCTGG,OXT_14,TTGAGCGTAACGACAGTG,8
AGGAGGCTAATAACGTCG,OXT_14,TTGAGCGTAACGACAGTG,9
ATGGAGCACACAACACGT,OXT_20,AGGGCCTAGGGATGACGT,9
TAACAGGGAATGCGCTCT,OXT_18,TAACGGGTTATCCATAAT,8
TCGAGGGATTCCGATGCG,OXT_14,TTGAGCGTAACGACAGTG,10
GACCGATGGATCTAGGTG,OXT_21,GAGCAACGGGTCAGCATT,9
ACGTGCCATGACAGAGTG,OXT_22,ACGGGACCGCAGATCGAG,9
GCCAGGACGGTCACGTGC,OXT_06,ATCATCATCATCATCATC,11
AAGGTGCCAAGTTAAGGG,OXT_01,AGGCTGCGTAAGTCTGCT,10
CATACTGGCCAACGTCTG,OXT_04,TAGACAGGGCTGACTGTG,9
CGGACAGGAGTATGTGAG,OXT_04,TAGACAGGGCTGACTGTG,8
AGCCGAAGGCGGTAGAGA,OXT_11,GGGTAAGGGCACAACAGT,10
CAAGGGTTAGGTACGGAG,OXT_10,AAGATGTATCGTGTGCTG,11
ATAGCGGAGTAGTCCTGG,OXT_27,GTAGAATGGGCATCGTCG,10
AGGGTATGTACATTAGTG,OXT_01,AGGCTGCGTAAGTCTGCT,9
TCGATAGTGGCCATGGAT,OXT_04,TAGACAGGGCTGACTGTG,10
ACGGCACGACATCGGTCA,OXT_15,AGGGTATAACGTCCTTTG,9
ATGGGATCAATGCAGCTC,OXT_26,GGGGCATTCACTGAGCTG,9
ACGATAGTTAGGGTGTTA,OXT_10,AAGATGTATCGTGTGCTG,8
GTAGGGCTGCAACAACAT,OXT_08,GACGGCATTCAGGCACGT,9
GGCAGGACAACCGCTGTG,OXT_25,TGCATCGCAACAGCAGTT,7
GGAGGGAAAAGTGCCTAG,OXT_15,AGGGTATAACGTCCTTTG,9
AGGAGGTAACTTTGGTGG,OXT_10,AAGATGTATCGTGTGCTG,8
ATTAGGAGATGGAGTAGG,OXT_23,AAGTAGGGACAGAATACG,9
GGCAAGCAGACTGACCGG,OXT_05,GGCGGACAGACTCTAATG,8
GAAGACGCAGGATAGTGT,OXT_27,GTAGAATGGGCATCGTCG,9
ACGGGACGTGTCACGTGA,OXT_21,GAGCAACGGGTCAGCATT,10
GAGGGGCAACGTGTCAAA,OXT_10,AAGATGTATCGTGTGCTG,9
ATGGGCAGTGTAGTACTC,OXT_16,ATAAACAGTCTAGCTGTG,8
TGCCTAACGTAGGGTATG,OXT_02,AGGGGAGCGTGCGGAGGC,11
GGATGTGACATGTAATGC,OXT_03,GACTTGGGCTCATGCTGT,11
GCCGGGTACTTCACTTTA,OXT_07,GTGGGTGCATTTGCTGTA,9
AGACGAATGACCTTCCCG,OXT_05,GGCGGACAGACTCTAATG,10
TTGGGCACTTTGGGCAAT,OXT_07,GTGGGTGCATTTGCTGTA,10
ATGGAGTGCAGCCCTCGA,OXT_15,AGGGTATAACGTCCTTTG,10
GTCGCAGTCACTACCGAT,OXT_26,GGGGCATTCACTGAGCTG,9
AAGTGGGCTGTTAGGCTT,OXT_10,AAGATGTATCGTGTGCTG,9
GAAGGGCGACGCATAGCA,OXT_22,ACGGGACCGCAGATCGAG,11
GGGCCTGTGGCTTACGCC,OXT_24,GGGATTCGGTCATGTCCT,10
GCTACGTTCGGTCACAGT,OXT_26,GGGGCATTCACTGAGCTG,11
CAGCAGAGGACGCCAGTA,OXT_01,AGGCTGCGTAAGTCTGCT,10
TGTCAGTGGGCATCATGA,OXT_27,GTAGAATGGGCATCGTCG,8
ACTGCCGTGACTGGTTAA,OXT_28,AGCGGCGGCGACGGCGAA,10
AGGGGCCCTACTGAACCG,OXT_26,GGGGCATTCACTGAGCTG,8
AAGCAGCGGTGAAGAGGA,OXT_02,AGGGGAGCGTGCGGAGGC,9
TAACCGTGGCCGCACGTT,OXT_04,TAGACAGGGCTGACTGTG,9
ATATGCAGCGTGTTCTGA,OXT_06,ATCATCATCATCATCATC,10
ATGCAGAATGCGGGACCG,OXT_10,AAGATGTATCGTGTGCTG,10
GTAGCACGATAACGTCGG,OXT_24,GGGATTCGGTCATGTCCT,10
GACAACGATCATCTGGCT,OXT_08,GACGGCATTCAGGCACGT,10
ACTACCGTGCTGGAATAA,OXT_12,AATACAGCGGTGTTTCTA,9
GGGTAATGGATTACTCGT,OXT_11,GGGTAAGGGCACAACAGT,7
GGGCCACTATATTGAGCT,OXT_01,AGGCTGCGTAAGTCTGCT,9
GCCTGCTCTAGACGCTTG,OXT_13,TATTACACTAGTGGATGG,9
TAACAGGTACCGGGACTA,OXT_14,TTGAGCGTAACGACAGTG,10
AGGGTCATCGTCACCCGG,OXT_06,ATCATCATCATCATCATC,8
GATCGTACGAACCCGGAG,OXT_09,TGTAGTGCTCGGCTGCCG,11
AGGCTGGTCCTTACGCGT,OXT_01,AGGCTGCGTAAGTCTGCT,10
TGGACCTGCCTGCTGTGT,OXT_04,TAGACAGGGCTGACTGTG,10
GAGCCGCGCCAAGGTATT,OXT_21,GAGCAACGGGTCAGCATT,8
ACGAACGGGTTCAAGTGT,OXT_11,GGGTAAGGGCACAACAGT,8
CGGGTACAGGATTAGTTG,OXT_15,AGGGTATAACGTCCTTTG,8
AGAAGGCAGTGAGCAGGT,OXT_02,AGGGGAGCGTGCGGAGGC,8
CAAGCCGAAGTACGTCCT,OXT_20,AGGGCCTAGGGATGACGT,9
GCGGGGCATGGATTCCGT,OXT_20,AGGGCCTAGGGATGACGT,8
ATCCATGGGACCACGCTG,OXT_14,TTGAGCGTAACGACAGTG,10
TTGATAGCGGATGAAGCA,OXT_02,AGGGGAGCGTGCGGAGGC,10
ACGGAGAGTGAGACGCGG,OXT_23,AAGTAGGGACAGAATACG,9
GGCGTGATGGAATGGCGT,OXT_20,AGGGCCTAGGGATGACGT,8
ATGTGTTGCCCGCTAGGA,OXT_14,TTGAGCGTAACGACAGTG,11
CAGGGATCGTCGTTGCGG,OXT_22,ACGGGACCGCAGATCGAG,9
TCGCAGCGCGTGTACTGA,OXT_21,GAGCAACGGGTCAGCATT,10
GGCATACACGTGTCACCT,OXT_24,GGGATTCGGTCATGTCCT,9
GCCTGAGTCATGGCGGCT,OXT_08,GACGGCATTCAGGCACGT,10
GCTGCCGTAGAGTACGTG,OXT_14,TTGAGCGTAACGACAGTG,10
ACGCTCTTTCGGGCATGT,OXT_08,GACGGCATTCAGGCACGT,8
ACAAAGGACGAAGACGCG,OXT_16,ATAAACAGTCTAGCTGTG,10
GGAGACAGACGGCACACT,OXT_11,GGGTAAGGGCACAACAGT,9
GGACCTCTCCGACCTAAG,OXT_15,AGGGTATAACGTCCTTTG,11
CACAAGGAGACGACGCGG,OXT_04,TAGACAGGGCTGACTGTG,10
AAGCAGTGTACGTCGAGC,OXT_01,AGGCTGCGTAAGTCTGCT,8
CGCATGGAGTGGCAACGA,OXT_02,AGGGGAGCGTGCGGAGGC,11
ATGGATTTCGTCGCAGCG,OXT_07,GTGGGTGCATTTGCTGTA,10
ACGGCTCATACTGGCGTG,OXT_26,GGGGCATTCACTGAGCTG,9
CACGGAATCTACGTGGTG,OXT_08,GACGGCATTCAGGCACGT,10
TGGGCAGCGTACGGCCTA,OXT_02,AGGGGAGCGTGCGGAGGC,7
AAGCAATACAAGACGGCG,OXT_01,AGGCTGCGTAAGTCTGCT,9
GAAGTTGGTAGGCGCTCT,OXT_03,GACTTGGGCTCATGCTGT,9
AGCGGGACAAGGCGCTCT,OXT_01,AGGCTGCGTAAGTCTGCT,11
ATGGGAATACCGTGGCAT,OXT_08,GACGGCATTCAGGCACGT,10
ATCAGGGAAGCGTGGATG,OXT_14,TTGAGCGTAACGACAGTG,9
ACACTCTGCCCTGGGATG,OXT_10,AAGATGTATCGTGTGCTG,9
CGACCCGGGGATTGTGCA,OXT_17,AGGAACTACGATCGTGAA,9
GGGCTGTACAAGACCTGG,OXT_01,AGGCTGCGTAAGTCTGCT,9
ACAGGACCAGTCATGATG,OXT_22,ACGGGACCGCAGATCGAG,8
AACAGTAGGCAGAGTGCT,OXT_04,TAGACAGGGCTGACTGTG,9
GAGGGCCTAAGGAGGAGT,OXT_08,GACGGCATTCAGGCACGT,9
CAGCTGGAGACGCATGCA,OXT_01,AGGCTGCGTAAGTCTGCT,9
CAATCCCTTCGCACCCGT,OXT_08,GACGGCATTCAGGCACGT,9
CGAGGGCACAACGTCTGA,OXT_28,AGCGGCGGCGACGGCGAA,9
TTCATGAATGCGACCTGG,OXT_14,TTGAGCGTAACGACAGTG,10
TGCGGTGTCGCACCACGG,OXT_05,GGCGGACAGACTCTAATG,10
TCCGATGGGGAACAGGCG,OXT_27,GTAGAATGGGCATCGTCG,9
GAGGCGCCGTGAGTACAT,OXT_20,AGGGCCTAGGGATGACGT,9
GGAGCATAAACCGACGTT,OXT_26,GGGGCATTCACTGAGCTG,7
TCCTCATGGGTACATCGT,OXT_20,AGGGCCTAGGGATGACGT,10
TACGGCATCAGATCTTGG,OXT_08,GACGGCATTCAGGCACGT,9
ATCAACGGGTTGGTTCAG,OXT_16,ATAAACAGTCTAGCTGTG,8
GGAGGTAATTCGTAAGTG,OXT_05,GGCGGACAGACTCTAATG,9
AAGATGGCGAAGCAGTGG,OXT_23,AAGTAGGGACAGAATACG,9
TTAGTGGCCTTAGGAGCG,OXT_02,AGGGGAGCGTGCGGAGGC,10
GGGACCAATGGAGGATGT,OXT_20,AGGGCCTAGGGATGACGT,6
GATCAACGAAGAACGGAG,OXT_21,GAGCAACGGGTCAGCATT,10
TAGGGACACGCGGCATAC,OXT_02,AGGGGAGCGTGCGGAGGC,11
ACTGCCGTTATCAAGGTG,OXT_06,ATCATCATCATCATCATC,10
TGTGGCACGAGCCGATTG,OXT_13,TATTACACTAGTGGATGG,7
GCAGGAGGATCAGAGTGC,OXT_27,GTAGAATGGGCATCGTCG,9
TGCAACACGATCCTTGGT,OXT_25,TGCATCGCAACAGCAGTT,9
AGGTCTTGCGCCTTCGCT,OXT_01,AGGCTGCGTAAGTCTGCT,10
ATTGGACATATTGCCGTG,OXT_05,GGCGGACAGACTCTAATG,9
TAGGACGGCTTGTAATGA,OXT_03,GACTTGGGCTCATGCTGT,10
AAGTACATCACGCCGGCT,OXT_01,AGGCTGCGTAAGTCTGCT,10
ACAGGTGCATAGGCTGCG,OXT_07,GTGGGTGCATTTGCTGTA,7
ACCACAAGACATACCGCT,OXT_04,TAGACAGGGCTGACTGTG,10
AACAGCGATTAGTAGTGG,OXT_08,GACGGCATTCAGGCACGT,10
AAATGTGCACATTGGGTA,OXT_07,GTGGGTGCATTTGCTGTA,9
ATACGGACCGGACGTACT,OXT_18,TAACGGGTTATCCATAAT,10
GGCGCGATGCTCGAAGTG,OXT_26,GGGGCATTCACTGAGCTG,9
GTGACGACGCGTGTACAG,OXT_10,AAGATGTATCGTGTGCTG,8
GGAGGTCACGACAGGAGC,OXT_28,AGCGGCGGCGACGGCGAA,10
CGTGGGTCCGACTTGAAT,OXT_28,AGCGGCGGCGACGGCGAA,10
GGGATACACTCGGAGTTA,OXT_26,GGGGCATTCACTGAGCTG,8
ACAGGGACCAGCGGACAA,OXT_02,AGGGGAGCGTGCGGAGGC,9
TCAGTGTCTCGGCTGGTG,OXT_09,TGTAGTGCTCGGCTGCCG,8
AGGCTGGGCATTCGGCAC,OXT_01,AGGCTGCGTAAGTCTGCT,10
GAACCAGTGGCTGTCGCT,OXT_21,GAGCAACGGGTCAGCATT,10
GTGCCGGCAACCGATGCA,OXT_07,GTGGGTGCATTTGCTGTA,8
ATCCGTTCATTATACGCT,OXT_07,GTGGGTGCATTTGCTGTA,10
AAGGAGAGATTCCCTGGG,OXT_16,ATAAACAGTCTAGCTGTG,9
CCAGCGGTAGGAGGCGGA,OXT_28,AGCGGCGGCGACGGCGAA,10
CTGGGGACAGCAAGCGCA,OXT_07,GTGGGTGCATTTGCTGTA,10
ACGACGGACCTGTGCACA,OXT_12,AATACAGCGGTGTTTCTA,10
GGCATACAAGCAAAGACT,OXT_24,GGGATTCGGTCATGTCCT,9
ATCCGGGCGAACTAGTGG,OXT_02,AGGGGAGCGTGCGGAGGC,11
GTGGGATGAGCGGTCCCT,OXT_27,GTAGAATGGGCATCGTCG,9
GAGGGGTTGGGGCCGAGT,OXT_08,GACGGCATTCAGGCACGT,9
AGGGCACACTGGGTCCGT,OXT_20,AGGGCCTAGGGATGACGT,8
TCGATGCGCCTTGTGCTA,OXT_10,AAGATGTATCGTGTGCTG,7
AAGCAGAGAGTCAAATTG,OXT_21,GAGCAACGGGTCAGCATT,8
TACGGCCAGCAGTCAGTG,OXT_08,GACGGCATTCAGGCACGT,8
ACACATACAGTCGCAGGT,OXT_16,ATAAACAGTCTAGCTGTG,10
TGCAGGGTCCACCAGTCG,OXT_09,TGTAGTGCTCGGCTGCCG,8
GCAGGGCAGAATGAGGTG,OXT_05,GGCGGACAGACTCTAATG,8
AGGCGAGGTCACATTGAT,OXT_01,AGGCTGCGTAAGTCTGCT,8
GGGATTCGTCTGCCCGTG,OXT_04,TAGACAGGGCTGACTGTG,8
AGGGAACGGTAGCAGGCG,OXT_22,ACGGGACCGCAGATCGAG,8
GAGGCAAGCCATCTCGTG,OXT_04,TAGACAGGGCTGACTGTG,9
GGCACTACGAGACGTGAT,OXT_24,GGGATTCGGTCATGTCCT,9
AATGGACGCGTTCGAAAG,OXT_05,GGCGGACAGACTCTAATG,9
GCGGACGCACGGGAGAGC,OXT_02,AGGGGAGCGTGCGGAGGC,10
GACGATACCACGGTGATG,OXT_05,GGCGGACAGACTCTAATG,9
ACGCCTGGGAATGACGGT,OXT_11,GGGTAAGGGCACAACAGT,9
GACCCCGGCGGGACGATG,OXT_04,TAGACAGGGCTGACTGTG,9
GGGGAGCAGAAAGCATGG,OXT_05,GGCGGACAGACTCTAATG,9
GAGGTACAAGCCGTCTGC,OXT_21,GAGCAACGGGTCAGCATT,10
GGGAGTTGCGGCGCGTGT,OXT_02,AGGGGAGCGTGCGGAGGC,11
AGGGCTGGATAATAGTGG,OXT_20,AGGGCCTAGGGATGACGT,10
AGCCGCAATGCCGTGACT,OXT_28,AGCGGCGGCGACGGCGAA,10
CAGAGGGATGGTGTTTTA,OXT_10,AAGATGTATCGTGTGCTG,7
TGAGCCTCGAATGGTGTA,OXT_17,AGGAACTACGATCGTGAA,9
AGGGTCCCAATATGCGTG,OXT_25,TGCATCGCAACAGCAGTT,9
ACGGGATTAGACGCCACG,OXT_22,ACGGGACCGCAGATCGAG,9
GTGGTAGACGCACTATCT,OXT_27,GTAGAATGGGCATCGTCG,9
CGCAAAATGGTCAGGTCT,OXT_21,GAGCAACGGGTCAGCATT,9
GATCCATCGGCGATTCCA,OXT_12,AATACAGCGGTGTTTCTA,6
TAGGGGCATATACCGGAC,OXT_18,TAACGGGTTATCCATAAT,9
AAGGGTTACACATCCACG,OXT_27,GTAGAATGGGCATCGTCG,10
GAGGGCCAACACATATCT,OXT_08,GACGGCATTCAGGCACGT,9
GGGCATGAGCACTGTTGT,OXT_11,GGGTAAGGGCACAACAGT,7
TATAGGTGGAAACGCGAT,OXT_18,TAACGGGTTATCCATAAT,10
AGGGCATGGAAGGACTCA,OXT_26,GGGGCATTCACTGAGCTG,9
GCTCCAAGCGGAAAATGG,OXT_13,TATTACACTAGTGGATGG,11
AACGGGCGTTACTCTCTC,OXT_01,AGGCTGCGTAAGTCTGCT,9
AGCCAGACGCTAACTCCG,OXT_16,ATAAACAGTCTAGCTGTG,9
AGGCATACTCAACGCTCG,OXT_09,TGTAGTGCTCGGCTGCCG,10
GTGTGAGAGCGGACTCGG,OXT_04,TAGACAGGGCTGACTGTG,8
GGCAAGGTCGTATCTACG,OXT_27,GTAGAATGGGCATCGTCG,10
GCCGTAGGGCATGAGACG,OXT_11,GGGTAAGGGCACAACAGT,9
TGGGTTGACATTGGGCAG,OXT_26,GGGGCATTCACTGAGCTG,8
AGGGTACAGCAACTCCGT,OXT_20,AGGGCCTAGGGATGACGT,8
AGTGGGGTTGAGGTTACG,OXT_09,TGTAGTGCTCGGCTGCCG,9
TCGACGTGTGTAATCTGG,OXT_04,TAGACAGGGCTGACTGTG,10
AGGTGCCGACTAACAGGT,OXT_01,AGGCTGCGTAAGTCTGCT,10
GCACACTGCGGTTATCTA,OXT_17,AGGAACTACGATCGTGAA,10
AGCACGGACAGCACGTGT,OXT_03,GACTTGGGCTCATGCTGT,11
ATGGGACCTCAGACGCTA,OXT_22,ACGGGACCGCAGATCGAG,7
TGGCTAGAACAGCCTCGG,OXT_15,AGGGTATAACGTCCTTTG,7
ACACCTAGGAGCGGATCG,OXT_13,TATTACACTAGTGGATGG,10
TCACCGATTGGTCCTGCT,OXT_18,TAACGGGTTATCCATAAT,9
GACGAGGGCCACCACTCA,OXT_03,GACTTGGGCTCATGCTGT,9
ACGGACACAAACACGGCT,OXT_01,AGGCTGCGTAAGTCTGCT,10
GCTAGAGCAAGCACAGTG,OXT_14,TTGAGCGTAACGACAGTG,7
ACCATCGCTCCTGTCGAA,OXT_25,TGCATCGCAACAGCAGTT,9
AGAGGACAGGTCCGAAAG,OXT_05,GGCGGACAGACTCTAATG,7
GTGGGAGGAGACCGCGTT,OXT_21,GAGCAACGGGTCAGCATT,8
GTGTCGCACATACGGAGT,OXT_03,GACTTGGGCTCATGCTGT,10
GGCAAAGCGTAGGGTTCG,OXT_02,AGGGGAGCGTGCGGAGGC,10
AACACGTTCAACATGTGA,OXT_06,ATCATCATCATCATCATC,9
AGACGCCATACGGAGCAG,OXT_26,GGGGCATTCACTGAGCTG,10
ATGTGATCCCGTCTCGCG,OXT_22,ACGGGACCGCAGATCGAG,8
GAGACGTAAATTGGACCT,OXT_10,AAGATGTATCGTGTGCTG,9
AACCTGACTAACACGGTG,OXT_01,AGGCTGCGTAAGTCTGCT,9
GGGCAGCGGCTGTATAAG,OXT_23,AAGTAGGGACAGAATACG,8
TAGCGGTGCTATTCGTAA,OXT_01,AGGCTGCGTAAGTCTGCT,11
GTGCTCATCGACCCGCTT,OXT_06,ATCATCATCATCATCATC,10
GGGCCCGACGGCTGCCTT,OXT_20,AGGGCCTAGGGATGACGT,7
TGCGGCATAAGTACTGGG,OXT_14,TTGAGCGTAACGACAGTG,8
GTGGGACCGGATCGATGG,OXT_05,GGCGGACAGACTCTAATG,8
AAGCGAATACGGCATGTA,OXT_15,AGGGTATAACGTCCTTTG,9
CACATTGCGATCCTACGT,OXT_12,AATACAGCGGTGTTTCTA,10
GGAGGGAACCAGTTCTGT,OXT_08,GACGGCATTCAGGCACGT,9
GGGTGGACTTCCTCTGGG,OXT_01,AGGCTGCGTAAGTCTGCT,10
AGGGACAAGCGGGGAAGC,OXT_02,AGGGGAGCGTGCGGAGGC,7
GATTGCCGGGCACTAAGT,OXT_05,GGCGGACAGACTCTAATG,9
CAGGGCGATTATGCACGG,OXT_08,GACGGCATTCAGGCACGT,7
ACTATTGGGGCAGCTATC,OXT_12,AATACAGCGGTGTTTCTA,10
AGGGGCCACTCTAGTTCC,OXT_17,AGGAACTACGATCGTGAA,9
ATGTGGTGTTCATATACG,OXT_23,AAGTAGGGACAGAATACG,8
GGAGGAGGCGACGAATGA,OXT_28,AGCGGCGGCGACGGCGAA,7
GGACACAGCGGGAGGCTA,OXT_21,GAGCAACGGGTCAGCATT,10
AGGGACACATGTGGCGCA,OXT_02,AGGGGAGCGTGCGGAGGC,8
AGCAGACATGACCGGCGA,OXT_17,AGGAACTACGATCGTGAA,9
TCATCGCTCGAGGCACTA,OXT_08,GACGGCATTCAGGCACGT,11
GGGCACAGGTGGCAACGT,OXT_11,GGGTAAGGGCACAACAGT,9
GCCAACGTGTTCAGGAGC,OXT_06,ATCATCATCATCATCATC,9
AACGTATGGACATCGGCT,OXT_27,GTAGAATGGGCATCGTCG,7
GAACAGTAGGATTCCGCT,OXT_27,GTAGAATGGGCATCGTCG,9
TGTTAGACTGGCTATGCT,OXT_01,AGGCTGCGTAAGTCTGCT,10
AAGCGGTGATAGGTCAAT,OXT_23,AAGTAGGGACAGAATACG,9
ACGAAGTGGAGCCGGACG,OXT_10,AAGATGTATCGTGTGCTG,10
AGAGGAGACATCGTTCGT,OXT_02,AGGGGAGCGTGCGGAGGC,9
GCAGCAGTCGGTCACTCA,OXT_26,GGGGCATTCACTGAGCTG,10
ATGGATGAGACGCGACGT,OXT_20,AGGGCCTAGGGATGACGT,8
GGGACGACGTAGCCAGAG,OXT_04,TAGACAGGGCTGACTGTG,10
GGAGGTAAGAGTACAGCG,OXT_05,GGCGGACAGACTCTAATG,8
TCCTGGCCTCTGATCGCT,OXT_22,ACGGGACCGCAGATCGAG,8
AGCATGGGTATCGCAGTG,OXT_25,TGCATCGCAACAGCAGTT,7
AAGAGCAGTTGGGGACGG,OXT_08,GACGGCATTCAGGCACGT,8
CGCACGGCGTGTAAGTAT,OXT_02,AGGGGAGCGTGCGGAGGC,12
AAGGCGCGACATGGTATG,OXT_23,AAGTAGGGACAGAATACG,7
ACATGCTGATGACGGTTG,OXT_15,AGGGTATAACGTCCTTTG,10
ACGGGCAATTTTGGACTA,OXT_07,GTGGGTGCATTTGCTGTA,9
AGGGTTGAATTGCAGTGA,OXT_15,AGGGTATAACGTCCTTTG,9
GGGGGAGTCCAGGCAGTT,OXT_08,GACGGCATTCAGGCACGT,7
GATGGTCGCGCATGCTTT,OXT_03,GACTTGGGCTCATGCTGT,7
GATAGGGTCATGTTCCAG,OXT_12,AATACAGCGGTGTTTCTA,9
TCGGGTACGGAACGTCCA,OXT_24,GGGATTCGGTCATGTCCT,10
AGCGAGGTTGGCTTGGTG,OXT_10,AAGATGTATCGTGTGCTG,10
GGGTAGGATTAGCAGTCG,OXT_23,AAGTAGGGACAGAATACG,8
ACAGGGGAGAGTTGACCG,OXT_20,AGGGCCTAGGGATGACGT,9
AAATCCGGATAGCCGGTG,OXT_04,TAGACAGGGCTGACTGTG,9
AGGAGTAATCAGTGCCAG,OXT_09,TGTAGTGCTCGGCTGCCG,9
CAAGGGCATATGTTGGCT,OXT_01,AGGCTGCGTAAGTCTGCT,9
GGTGATGACGTTGGACTG,OXT_26,GGGGCATTCACTGAGCTG,9
ATGGGAATATGTGTGGCG,OXT_02,AGGGGAGCGTGCGGAGGC,9
AACATCATGCGGTGTACA,OXT_06,ATCATCATCATCATCATC,10
GACACAGGGCCAGCATGT,OXT_03,GACTTGGGCTCATGCTGT,8
GGAGCATGGAGGATTCGG,OXT_26,GGGGCATTCACTGAGCTG,9
ACCAAGCCAGAAGACCCT,OXT_19,CCCCCCCCCCCCCCCCCC,11
CAGCAGAAGACATGGCCT,OXT_24,GGGATTCGGTCATGTCCT,9
GTACGGGCGGGAACAGCT,OXT_27,GTAGAATGGGCATCGTCG,10
AAGCATTAGCCGGCTGAT,OXT_01,AGGCTGCGTAAGTCTGCT,10
ATAGCCGTAGAGCCGGAG,OXT_14,TTGAGCGTAACGACAGTG,9
TAGTCGGCTACATCGGGA,OXT_03,GACTTGGGCTCATGCTGT,10
GTGACCGGTCAGTGAGGT,OXT_08,GACGGCATTCAGGCACGT,9
AACCACGCTCAGAGTGCT,OXT_23,AAGTAGGGACAGAATACG,8
AGGTGGAAGACCCGCCGG,OXT_02,AGGGGAGCGTGCGGAGGC,10
GGGTGAGACGCTTGATAA,OXT_17,AGGAACTACGATCGTGAA,9
ATCAATTAGACAGTGCGC,OXT_10,AAGATGTATCGTGTGCTG,10
ACAGCATAGAGGCCGTGC,OXT_15,AGGGTATAACGTCCTTTG,9
CATCGCGGGGACTCGACA,OXT_28,AGCGGCGGCGACGGCGAA,10
ATAGCGGTGATGTAGCGT,OXT_12,AATACAGCGGTGTTTCTA,10
ATACGGAGCACCTGATGG,OXT_03,GACTTGGGCTCATGCTGT,10
TACGGATGTTGTCGTCGA,OXT_02,AGGGGAGCGTGCGGAGGC,11
GAGAGTTCACACCCAGCG,OXT_07,GTGGGTGCATTTGCTGTA,10
AGCAGAAGAATCCGACAT,OXT_28,AGCGGCGGCGACGGCGAA,10
GTGGCCCATCACGTTGAT,OXT_08,GACGGCATTCAGGCACGT,10
ATGAAGGGCTGTAATCGA,OXT_23,AAGTAGGGACAGAATACG,9
CAGCAGAAGCAGCATGGT,OXT_23,AAGTAGGGACAGAATACG,9
AGGGCATCATTTGGCCGA,OXT_02,AGGGGAGCGTGCGGAGGC,8
ATCAGTACATCGTGCGCT,OXT_24,GGGATTCGGTCATGTCCT,10
ATGCAGAAGGCGTGTAAG,OXT_17,AGGAACTACGATCGTGAA,10
TAGCCGAACAGCGGGTGA,OXT_13,TATTACACTAGTGGATGG,9
TGGTGACGGTATGGCCGA,OXT_02,AGGGGAGCGTGCGGAGGC,9
GGATGTGCATAGCCGTCG,OXT_09,TGTAGTGCTCGGCTGCCG,8
TAGGTTCCAGTAGCGGCT,OXT_07,GTGGGTGCATTTGCTGTA,9
ACTTGCTCGACGGAGATG,OXT_26,GGGGCATTCACTGAGCTG,10
ACAGCTCAAATCGATGTG,OXT_07,GTGGGTGCATTTGCTGTA,10
AGGACTCCCATTACAGCT,OXT_01,AGGCTGCGTAAGTCTGCT,9
AGTGACTGTCCACAGCTA,OXT_16,ATAAACAGTCTAGCTGTG,10
GTGTGTGCACACGCTATG,OXT_07,GTGGGTGCATTTGCTGTA,6
GGCGAAGCATGGCGGACA,OXT_02,AGGGGAGCGTGCGGAGGC,10
AGATAGAGGATAGGCATT,OXT_16,ATAAACAGTCTAGCTGTG,9
GGGCAGTAAATACGAGTC,OXT_17,AGGAACTACGATCGTGAA,10
GGGCTATCTGACAGTGCA,OXT_01,AGGCTGCGTAAGTCTGCT,9
CTAAGGGGAGACAGTGCA,OXT_28,AGCGGCGGCGACGGCGAA,9
GGCCCACGGATTGATCGT,OXT_26,GGGGCATTCACTGAGCTG,9
ATGAAGACATGTGGTTTC,OXT_07,GTGGGTGCATTTGCTGTA,9
TCACACGACACTCTCCCT,OXT_19,CCCCCCCCCCCCCCCCCC,9
AGTAGTGCAGAGTTGCGG,OXT_09,TGTAGTGCTCGGCTGCCG,6
ACATGTCGCTCTATTAGT,OXT_03,GACTTGGGCTCATGCTGT,11
GCAACGACAAGATTAGTG,OXT_25,TGCATCGCAACAGCAGTT,10
ACACGCGATCACACGTGT,OXT_08,GACGGCATTCAGGCACGT,10
CTTATTTAGAGGACGTCG,OXT_09,TGTAGTGCTCGGCTGCCG,10
GGACGGCTATTCCTTTGG,OXT_18,TAACGGGTTATCCATAAT,9
AACGGCACAGTCCAGTGA,OXT_28,AGCGGCGGCGACGGCGAA,10
GGCAGTGGGCAGACCTCT,OXT_11,GGGTAAGGGCACAACAGT,8
GGGGAGAATACATCGGCG,OXT_27,GTAGAATGGGCATCGTCG,8
ATGGCTAGTTGGAAAAGG,OXT_23,AAGTAGGGACAGAATACG,10
TGGGCATAATGACGCATA,OXT_15,AGGGTATAACGTCCTTTG,8
GGGACGGGATCCCCTGAA,OXT_07,GTGGGTGCATTTGCTGTA,9
AAGGAGATGCAGGCGACG,OXT_23,AAGTAGGGACAGAATACG,7
GGGTAGGCCAGAGCCGCT,OXT_25,TGCATCGCAACAGCAGTT,9
CAGGTGGACATAGTCTTG,OXT_10,AAGATGTATCGTGTGCTG,9
GGCGCCAAGTGGAATGTG,OXT_04,TAGACAGGGCTGACTGTG,10
GGATAACGTTTGCTGGAG,OXT_05,GGCGGACAGACTCTAATG,11
ACACGAGTCCTCATAGTG,OXT_22,ACGGGACCGCAGATCGAG,9
ACAGCGGCAGTGGGAGTC,OXT_02,AGGGGAGCGTGCGGAGGC,9
TCAGTGCTGGTGAGGTCG,OXT_27,GTAGAATGGGCATCGTCG,10
GTCGAATGGTGTTTGGCG,OXT_27,GTAGAATGGGCATCGTCG,6
AATGGGCTCCCCGTGCAA,OXT_10,AAGATGTATCGTGTGCTG,10
AGCATCCCTCTGTGCTCT,OXT_01,AGGCTGCGTAAGTCTGCT,9
GCCACCCGGGTGACGGTG,OXT_04,TAGACAGGGCTGACTGTG,7
GGCTCACTGTGCCACGAT,OXT_11,GGGTAAGGGCACAACAGT,9
ACGCAGTTCAGGACTTAG,OXT_01,AGGCTGCGTAAGTCTGCT,10
ACGTGTCACTAGAGCGGG,OXT_22,ACGGGACCGCAGATCGAG,7
ACGGAGGTAGACGCGATG,OXT_23,AAGTAGGGACAGAATACG,9
ACGGGGACACTCAGTCAG,OXT_22,ACGGGACCGCAGATCGAG,8
AGGCCACTAGTCCGGTTG,OXT_15,AGGGTATAACGTCCTTTG,9
ATTGACTGTTGCGCTGTG,OXT_16,ATAAACAGTCTAGCTGTG,6
AAGGCTAACCAGGCGGAT,OXT_08,GACGGCATTCAGGCACGT,9
CCCCCCACCCCCCCCCCC,OXT_19,CCCCCCCCCCCCCCCCCC,1
GGGTACGATGAGAAGGCT,OXT_11,GGGTAAGGGCACAACAGT,8
ACCGGAGGCAAAGTGTAG,OXT_28,AGCGGCGGCGACGGCGAA,8
GGATAATGATGCTCGATG,OXT_27,GTAGAATGGGCATCGTCG,8
AGGGAGGAAGACGCGTGG,OXT_15,AGGGTATAACGTCCTTTG,9
CGGACAGAGACGGTGCTG,OXT_26,GGGGCATTCACTGAGCTG,7
GTGGTACGTATGCAGCAC,OXT_26,GGGGCATTCACTGAGCTG,10
AGCAAGCAGCAGACGCCT,OXT_01,AGGCTGCGTAAGTCTGCT,9
AGGTCCACTACCATTCCG,OXT_01,AGGCTGCGTAAGTCTGCT,11
GATCCAGGCAACAGCTGT,OXT_03,GACTTGGGCTCATGCTGT,8
TACTGACAATGATCGGCA,OXT_03,GACTTGGGCTCATGCTGT,12
TTGTTGATACCTTGGGTG,OXT_14,TTGAGCGTAACGACAGTG,9
TAGCGCGGACTGGTGTAG,OXT_04,TAGACAGGGCTGACTGTG,9
GAGACTGTCCTCGAGTAG,OXT_26,GGGGCATTCACTGAGCTG,9
GCCGGGCTATCGTCGGTG,OXT_14,TTGAGCGTAACGACAGTG,9
TGCACGAGAGAACGAGCG,OXT_25,TGCATCGCAACAGCAGTT,10
ATATCGGGTAACCTCGGG,OXT_01,AGGCTGCGTAAGTCTGCT,11
ATGGTAGCAGACGAAATG,OXT_02,AGGGGAGCGTGCGGAGGC,9
GCGACGCGGCTACCGAAA,OXT_04,TAGACAGGGCTGACTGTG,10
ACGAGGCTGTGCTGTGCA,OXT_02,AGGGGAGCGTGCGGAGGC,9
GACAGTGTCGCGCCTGGT,OXT_08,GACGGCATTCAGGCACGT,9
AAGGACTCATGACGACGG,OXT_20,AGGGCCTAGGGATGACGT,7
AGGGCGAAAAGTGACGGA,OXT_02,AGGGGAGCGTGCGGAGGC,10
GGTACACGCAGGTCGTAA,OXT_01,AGGCTGCGTAAGTCTGCT,11
AGGCAACGGACCTCGCCT,OXT_01,AGGCTGCGTAAGTCTGCT,7
AGAGCGGTGCATCAGGCT,OXT_01,AGGCTGCGTAAGTCTGCT,11
GAGCGAACAGAGAGAGTG,OXT_14,TTGAGCGTAACGACAGTG,9
AAACCGTGTCTGAAGTCG,OXT_23,AAGTAGGGACAGAATACG,8
ACGACCTCGGGTCCACCG,OXT_20,AGGGCCTAGGGATGACGT,8
ACGTGCGCCATGGACGTG,OXT_14,TTGAGCGTAACGACAGTG,9
GTACACGGCCACCCACTA,OXT_16,ATAAACAGTCTAGCTGTG,10
GAGAGCGCGCTAGGTATG,OXT_04,TAGACAGGGCTGACTGTG,8
ACCGGGCAGTACAGATGG,OXT_02,AGGGGAGCGTGCGGAGGC,9
AGGCGTGGCCACCGAATA,OXT_28,AGCGGCGGCGACGGCGAA,8
AGGAGCAGTACCAGGGTG,OXT_14,TTGAGCGTAACGACAGTG,8
ACTAACGGGCTGCGGTCA,OXT_09,TGTAGTGCTCGGCTGCCG,10
ATGGGGATTGGTGCCCTG,OXT_10,AAGATGTATCGTGTGCTG,8
GACGACTTCATACGAGTA,OXT_17,AGGAACTACGATCGTGAA,10
TAGGGATAGCACTGACAG,OXT_20,AGGGCCTAGGGATGACGT,9
GCTATGTCACTCGTAGAA,OXT_07,GTGGGTGCATTTGCTGTA,11
AAGATAGCTCATGTGCCT,OXT_10,AAGATGTATCGTGTGCTG,6
TGGGAACTGATGGATGCA,OXT_01,AGGCTGCGTAAGTCTGCT,10
TACAGGTGGCTCCTTGGA,OXT_04,TAGACAGGGCTGACTGTG,9
GTGGACGAAACGTCGTAG,OXT_14,TTGAGCGTAACGACAGTG,8
TAAGGACTCGGGCACGTT,OXT_18,TAACGGGTTATCCATAAT,10
TGGTAGCGTACAAAGGAT,OXT_01,AGGCTGCGTAAGTCTGCT,9
GTAGCTGGATACCGCGTG,OXT_07,GTGGGTGCATTTGCTGTA,9
GAGGGACGGATACCTGTG,OXT_04,TAGACAGGGCTGACTGTG,7
TTACGTCGGTCTAGTCCT,OXT_24,GGGATTCGGTCATGTCCT,7
AGGCTGGGAATGGATTGC,OXT_01,AGGCTGCGTAAGTCTGCT,8
ACTGGGTAAGTTACGCGG,OXT_10,AAGATGTATCGTGTGCTG,10
AGCAGAGGACGGATCGGA,OXT_22,ACGGGACCGCAGATCGAG,9
ACGCAGGAGTAGGGCATA,OXT_21,GAGCAACGGGTCAGCATT,10
GCGGTAATGATGACTTGT,OXT_04,TAGACAGGGCTGACTGTG,10
AGACATTGTATCGTTCCG,OXT_16,ATAAACAGTCTAGCTGTG,9
AGGGAAGGGCTGTGCGTG,OXT_04,TAGACAGGGCTGACTGTG,7
ATCGAGCTTGCCCCGAGG,OXT_27,GTAGAATGGGCATCGTCG,10
ACTATGACGTCGCTCCGG,OXT_09,TGTAGTGCTCGGCTGCCG,10
GTAGCGGAGGCGTGCCAA,OXT_12,AATACAGCGGTGTTTCTA,10
GCGTGTGCATGATACATG,OXT_07,GTGGGTGCATTTGCTGTA,9
GACGTAGGCTGGTAGGGA,OXT_03,GACTTGGGCTCATGCTGT,8
GATGTGTCGGCGCTGTCA,OXT_27,GTAGAATGGGCATCGTCG,9
GTGGTATCCACTGTACTG,OXT_26,GGGGCATTCACTGAGCTG,5
TAATGACCCTGTGCTCGA,OXT_07,GTGGGTGCATTTGCTGTA,10
ATGGCGGTAAAATAGCGT,OXT_20,AGGGCCTAGGGATGACGT,9
GGCATACCCCACTCGAGG,OXT_11,GGGTAAGGGCACAACAGT,10
GCGAGTTGGCAAAGGGTG,OXT_04,TAGACAGGGCTGACTGTG,9
AGGTACCGGGAACGTAGA,OXT_17,AGGAACTACGATCGTGAA,7
AGCGGACGAGATAGGGAG,OXT_28,AGCGGCGGCGACGGCGAA,7
CCCCCCCCCCACCAACCC,OXT_19,CCCCCCCCCCCCCCCCCC,3
ACGGGCAGCCAACCTACG,OXT_16,ATAAACAGTCTAGCTGTG,9
GGGCGACGTGTGATGAAT,OXT_21,GAGCAACGGGTCAGCATT,7
ACAGGTCATGCGGCTCGT,OXT_08,GACGGCATTCAGGCACGT,9
GAGGTGCCAAGGGACTAG,OXT_22,ACGGGACCGCAGATCGAG,10
AAGGGCGCCTTCTAAGGT,OXT_02,AGGGGAGCGTGCGGAGGC,7
GTACGGGTACGACTGGAG,OXT_09,TGTAGTGCTCGGCTGCCG,10
TTCCGGACGCGACATGTG,OXT_16,ATAAACAGTCTAGCTGTG,10
GGGACAGGAGTTCAACTT,OXT_26,GGGGCATTCACTGAGCTG,9
CGCAGGCAGACGACGGCA,OXT_01,AGGCTGCGTAAGTCTGCT,10
AGACAGGGTGTACAACTC,OXT_16,ATAAACAGTCTAGCTGTG,10
AGAAGTTCCTAGGAGTTT,OXT_09,TGTAGTGCTCGGCTGCCG,11
AGCATGGCGCCATGAATG,OXT_25,TGCATCGCAACAGCAGTT,8
GCGATCCATACTTCGCAT,OXT_24,GGGATTCGGTCATGTCCT,9
GAAGTACGTGTCACAGTG,OXT_21,GAGCAACGGGTCAGCATT,8
TAGCACTATCACCTTCCG,OXT_10,AAGATGTATCGTGTGCTG,9
ATAGGACAGATCCGTGCC,OXT_02,AGGGGAGCGTGCGGAGGC,9
AACGTGAGGCGAACGCTG,OXT_10,AAGATGTATCGTGTGCTG,8
GACCCATAGCATCACCGA,OXT_11,GGGTAAGGGCACAACAGT,10
AGATGGGATGTGACGCGC,OXT_09,TGTAGTGCTCGGCTGCCG,11
ACGGGAGATGATGAACAG,OXT_22,ACGGGACCGCAGATCGAG,9
GGTGTCGCTCAACATATG,OXT_09,TGTAGTGCTCGGCTGCCG,10
ATCGGGCTAGGACAGGTT,OXT_05,GGCGGACAGACTCTAATG,12
ACGCGGTTAAGTGTGAGC,OXT_10,AAGATGTATCGTGTGCTG,9
AACAATGTACCCGATGCT,OXT_23,AAGTAGGGACAGAATACG,9
GCCTATCACCATCTTCCT,OXT_19,CCCCCCCCCCCCCCCCCC,10
GGGCGGCGCAATTTGGTA,OXT_01,AGGCTGCGTAAGTCTGCT,8
AGGCGTGAGGTAGCAACG,OXT_02,AGGGGAGCGTGCGGAGGC,10
GGCACGTATGCCTTCCGG,OXT_10,AAGATGTATCGTGTGCTG,10
ACAGCGCGTTCAAAAGTG,OXT_16,ATAAACAGTCTAGCTGTG,10
TAACGCGACGATACTGTG,OXT_04,TAGACAGGGCTGACTGTG,9
CGGGATGTCGGATGAATG,OXT_20,AGGGCCTAGGGATGACGT,9
ACAACGCGGAATACTATG,OXT_04,TAGACAGGGCTGACTGTG,9
GAGGTATGTGCAACAAGG,OXT_27,GTAGAATGGGCATCGTCG,8
ACGGCACTAAAGACGCGG,OXT_22,ACGGGACCGCAGATCGAG,8
ATGTAAGTGGCCGACCTA,OXT_11,GGGTAAGGGCACAACAGT,9
GGTATACGGAAATCGATT,OXT_24,GGGATTCGGTCATGTCCT,8
ACGTGGTGGATATATTGG,OXT_23,AAGTAGGGACAGAATACG,10
TAGACGGACGGCAGCATA,OXT_21,GAGCAACGGGTCAGCATT,9
AGTGGTCATTAGTGCGAG,OXT_22,ACGGGACCGCAGATCGAG,8
AGGGAGGCATAGAAGTGG,OXT_23,AAGTAGGGACAGAATACG,7
AACGATCAGTTTGCTGTG,OXT_07,GTGGGTGCATTTGCTGTA,8
TTGAGCTAGACGTAAGCT,OXT_14,TTGAGCGTAACGACAGTG,7
GGACGGAGATCAGCAGCA,OXT_07,GTGGGTGCATTTGCTGTA,10
GTGGTACAACGCTGCGCC,OXT_02,AGGGGAGCGTGCGGAGGC,10
TCCCACGGAGCTTACAGT,OXT_03,GACTTGGGCTCATGCTGT,10
ACGTGTGGGACCATTGAC,OXT_22,ACGGGACCGCAGATCGAG,9
CATACATTCGACGCGGGT,OXT_08,GACGGCATTCAGGCACGT,11
AAGGTAAGGCAATGTTCA,OXT_24,GGGATTCGGTCATGTCCT,9
TACTGCCCTGGGAAGCCT,OXT_09,TGTAGTGCTCGGCTGCCG,9
GACGGCACAGATGTTGAA,OXT_07,GTGGGTGCATTTGCTGTA,8
AACGGCATTAACCTGTGT,OXT_08,GACGGCATTCAGGCACGT,7
TTTGCAGTTTGACGAGTG,OXT_02,AGGGGAGCGTGCGGAGGC,10
TGATGGGCTACAACATGG,OXT_13,TATTACACTAGTGGATGG,9
ATGCACTGCAGGTACGTG,OXT_01,AGGCTGCGTAAGTCTGCT,10
TGGAGTAACCCAGGTTGA,OXT_17,AGGAACTACGATCGTGAA,10
ACGGCACGCTCGTACAGT,OXT_03,GACTTGGGCTCATGCTGT,10
ACGGTGTAAAGCGCGGCT,OXT_01,AGGCTGCGTAAGTCTGCT,9
GCGGAGCGCTCGGAGTCA,OXT_26,GGGGCATTCACTGAGCTG,10
ACGGGAGTTGACAAGCAG,OXT_22,ACGGGACCGCAGATCGAG,8
AGCAAGGTGTGAACGGGG,OXT_02,AGGGGAGCGTGCGGAGGC,10
AAGCCAGGAGACACAAGG,OXT_23,AAGTAGGGACAGAATACG,8
TCTGGATGCACGGGTGTG,OXT_26,GGGGCATTCACTGAGCTG,9
TCCATAGTCACTTCCTGT,OXT_03,GACTTGGGCTCATGCTGT,8
CAGCGTGTCAGTGATGTG,OXT_07,GTGGGTGCATTTGCTGTA,9
GGGGCGTAGAGCTGAGAC,OXT_20,AGGGCCTAGGGATGACGT,7
ACCGGGACGGCTCAATGT,OXT_05,GGCGGACAGACTCTAATG,10
GACAGAGGAATGGACGCG,OXT_04,TAGACAGGGCTGACTGTG,9
TGGGCATAAGGTATAGCA,OXT_15,AGGGTATAACGTCCTTTG,9
AGGCGTGAGCTGACCTCT,OXT_01,AGGCTGCGTAAGTCTGCT,10
GCCGGGCACAGACTTGGC,OXT_05,GGCGGACAGACTCTAATG,9
AGAGACGGCACGTAATGG,OXT_27,GTAGAATGGGCATCGTCG,10
ATAGGCTGCTGTACGACG,OXT_27,GTAGAATGGGCATCGTCG,9
GAGCCCTACATTGCGCGT,OXT_26,GGGGCATTCACTGAGCTG,8
GTGACTGGTACGCCATCG,OXT_14,TTGAGCGTAACGACAGTG,8
TAGTCAGGATGGATTGCG,OXT_04,TAGACAGGGCTGACTGTG,6
ACAGACCCACTGTCAGTG,OXT_16,ATAAACAGTCTAGCTGTG,8
AGGAGGTGAAGAAGCGGC,OXT_02,AGGGGAGCGTGCGGAGGC,9
GGGCAAATGGGAGCCAAG,OXT_21,GAGCAACGGGTCAGCATT,9
GTGGGACATGTCGGAAGT,OXT_21,GAGCAACGGGTCAGCATT,8
AGCGGGAAGACTGTACTG,OXT_05,GGCGGACAGACTCTAATG,5
AAGCAGTATACAGCATGG,OXT_10,AAGATGTATCGTGTGCTG,9
ACGGATCAATCGCTCGTC,OXT_22,ACGGGACCGCAGATCGAG,9
TGCCAGGTCCAATTGGTG,OXT_09,TGTAGTGCTCGGCTGCCG,11
GTAGTGCGTAGCTCTCCG,OXT_01,AGGCTGCGTAAGTCTGCT,8
AGGGCCCTAGGATCTCTA,OXT_20,AGGGCCTAGGGATGACGT,7
CACAGACGTGGACCAGCT,OXT_01,AGGCTGCGTAAGTCTGCT,11
GACGGCACACTTATCCAG,OXT_08,GACGGCATTCAGGCACGT,9
GGCCAGTTCCTGTGGAGG,OXT_03,GACTTGGGCTCATGCTGT,11
TCACGAAAGACTGATGTG,OXT_05,GGCGGACAGACTCTAATG,9
AGTGAGCGTTGGACGATG,OXT_01,AGGCTGCGTAAGTCTGCT,10
AATAGGAAGGCGTTACGT,OXT_12,AATACAGCGGTGTTTCTA,8
TGACGGTGTCACGGTCTG,OXT_10,AAGATGTATCGTGTGCTG,10
GCCGACGGAGGTAAAGTG,OXT_14,TTGAGCGTAACGACAGTG,10
ATGTAGCTGGGTGCCGTC,OXT_02,AGGGGAGCGTGCGGAGGC,11
ACCAAGGGTCGACACGTG,OXT_16,ATAAACAGTCTAGCTGTG,8
GGGGAATTTATTACGGAT,OXT_26,GGGGCATTCACTGAGCTG,8
TTGAGATACCGTTGTGCT,OXT_17,AGGAACTACGATCGTGAA,9
AGCCGCCTTACTACGTGT,OXT_01,AGGCTGCGTAAGTCTGCT,10
ACTCCCGCCAGGGCCTAT,OXT_19,CCCCCCCCCCCCCCCCCC,10
AGCCGTGTATGTGTGAGT,OXT_02,AGGGGAGCGTGCGGAGGC,10
GGACAAGTGCTCAACGTG,OXT_11,GGGTAAGGGCACAACAGT,7
ATGGACGTGTTGATGCGG,OXT_14,TTGAGCGTAACGACAGTG,10
AACAGGGATACGTGTTAC,OXT_03,GACTTGGGCTCATGCTGT,10
ACCGAATCACCCTGAGTG,OXT_02,AGGGGAGCGTGCGGAGGC,10
ATAGCGGCAATCGAGTCT,OXT_18,TAACGGGTTATCCATAAT,10
CGACAAGCGGGACGCTAG,OXT_27,GTAGAATGGGCATCGTCG,10
AATCAGTATGCCGCTGCT,OXT_01,AGGCTGCGTAAGTCTGCT,9
CTAGCATAGGGAGGTCGC,OXT_20,AGGGCCTAGGGATGACGT,7
GCAGCCGCAGACTAGTCG,OXT_27,GTAGAATGGGCATCGTCG,9
TTAGCGGACTCACGTGGA,OXT_03,GACTTGGGCTCATGCTGT,10
CAGGTGGACGACCAACAG,OXT_10,AAGATGTATCGTGTGCTG,11
CAGCAGAAGGTTACGCGG,OXT_10,AAGATGTATCGTGTGCTG,10
GAGTGGTATGTTTGCATG,OXT_10,AAGATGTATCGTGTGCTG,9
AGACCGTGACTGTGCGAT,OXT_01,AGGCTGCGTAAGTCTGCT,9
AACGGATCACACGTGCGG,OXT_08,GACGGCATTCAGGCACGT,9
GGCTGACACAATTGCGCT,OXT_05,GGCGGACAGACTCTAATG,9
GGCGTGAGAAGACCTGGT,OXT_01,AGGCTGCGTAAGTCTGCT,9
TGGGGTCTACCATTTGTG,OXT_14,TTGAGCGTAACGACAGTG,9
GGTACGCCTGGGATGTTC,OXT_09,TGTAGTGCTCGGCTGCCG,9
AGGACGTGTACAGTCCGA,OXT_10,AAGATGTATCGTGTGCTG,9
GATGGTGATGCCGATTGC,OXT_02,AGGGGAGCGTGCGGAGGC,11
AGGCGCACAGGACATCTG,OXT_15,AGGGTATAACGTCCTTTG,9
AGAGCGGCCCAGAGGGAT,OXT_22,ACGGGACCGCAGATCGAG,9
TGACGATTTCAGCTCGCT,OXT_09,TGTAGTGCTCGGCTGCCG,9
AATCAGGAGGCGCAACAA,OXT_12,AATACAGCGGTGTTTCTA,9
ACGGCATGGAATGTTGTG,OXT_22,ACGGGACCGCAGATCGAG,8
ATGACCGGCCTGCTACCG,OXT_04,TAGACAGGGCTGACTGTG,9
ACCATACTGCGGCGCGGT,OXT_22,ACGGGACCGCAGATCGAG,9
ACCAGCAGTTGACGGGTT,OXT_16,ATAAACAGTCTAGCTGTG,9
GCAGGGCAGGTCCATGGA,OXT_18,TAACGGGTTATCCATAAT,10
TGGACCTACTGATGGGAG,OXT_17,AGGAACTACGATCGTGAA,8
GGACCAAGGGGCGATTGT,OXT_11,GGGTAAGGGCACAACAGT,9
GGCTCACATCGGCCAGTG,OXT_05,GGCGGACAGACTCTAATG,8
AGGACCGAGTTCCGGGCG,OXT_02,AGGGGAGCGTGCGGAGGC,9
GTGCCAAGTTACGATGTG,OXT_16,ATAAACAGTCTAGCTGTG,9
TCTTGGGCTGGTTGTCTG,OXT_09,TGTAGTGCTCGGCTGCCG,9
AAGATCGACGCGTATCCT,OXT_12,AATACAGCGGTGTTTCTA,9
GAGCATCCAATACGTGGC,OXT_07,GTGGGTGCATTTGCTGTA,10
GAGCCCCATGCGTTGCCG,OXT_10,AAGATGTATCGTGTGCTG,10
TCGCCTTAAACGCTCGGT,OXT_14,TTGAGCGTAACGACAGTG,11
AGAGACCTTTCCGATCCA,OXT_16,ATAAACAGTCTAGCTGTG,11
GGCGCTGAGGACGAGGAG,OXT_28,AGCGGCGGCGACGGCGAA,8
TGCGGGAGCCAGGGTGAC,OXT_28,AGCGGCGGCGACGGCGAA,7
AGCAGGTGATAACGGCGG,OXT_03,GACTTGGGCTCATGCTGT,11
TCGGCGAAGGCAGGGGTG,OXT_20,AGGGCCTAGGGATGACGT,10
AGAGCAGGAGGGACAGTA,OXT_04,TAGACAGGGCTGACTGTG,9
ACTGGGACGACATATACT,OXT_01,AGGCTGCGTAAGTCTGCT,11
AAGCAGACCGGGCACTAA,OXT_17,AGGAACTACGATCGTGAA,10
ACTGTCGTTCACACTGTG,OXT_16,ATAAACAGTCTAGCTGTG,9
GGCTAGGAGTGCGACTGA,OXT_11,GGGTAAGGGCACAACAGT,8
GGGGACTCCCCGTGCACT,OXT_11,GGGTAAGGGCACAACAGT,10
GCGTAGTCTGGATAGCGA,OXT_20,AGGGCCTAGGGATGACGT,10
AGCAGACGACGGCATGCA,OXT_01,AGGCTGCGTAAGTCTGCT,10
TTGCACAGTGACTCGTTG,OXT_16,ATAAACAGTCTAGCTGTG,9
GTCCCGTTTAAGCCATGG,OXT_08,GACGGCATTCAGGCACGT,9
GAGAAGACGACTGCAGGG,OXT_13,TATTACACTAGTGGATGG,8
GCGCAGGACGGTCATCTT,OXT_17,AGGAACTACGATCGTGAA,10
GGGCAGTATAGCATGGCA,OXT_01,AGGCTGCGTAAGTCTGCT,10
GTGGCATACTGAACGTGT,OXT_20,AGGGCCTAGGGATGACGT,9
ATGGGATGCAGAGAGGCA,OXT_26,GGGGCATTCACTGAGCTG,9
GTCGGTATTGCAGCGCAG,OXT_08,GACGGCATTCAGGCACGT,8
GATGGGTTCTCAGCGGCA,OXT_07,GTGGGTGCATTTGCTGTA,10
AGCAGGCAAAAGCATGTG,OXT_01,AGGCTGCGTAAGTCTGCT,9
TAGGGCGATAGCTAGACA,OXT_18,TAACGGGTTATCCATAAT,9
AACTGGAGTGAGAGGTGT,OXT_03,GACTTGGGCTCATGCTGT,9
AGGGTAACGATGCGCCCG,OXT_22,ACGGGACCGCAGATCGAG,9
ACTGTCCCACTGACGGTG,OXT_22,ACGGGACCGCAGATCGAG,8
GAGCAGTGCCCGGGAAGT,OXT_03,GACTTGGGCTCATGCTGT,9
AACGGGAGTACACTAGCG,OXT_05,GGCGGACAGACTCTAATG,9
GAAGGGAGACAATGTTCG,OXT_23,AAGTAGGGACAGAATACG,9
GTGGCATCATCCGACGTG,OXT_26,GGGGCATTCACTGAGCTG,7
TCGGGCCACTCCCAATGT,OXT_02,AGGGGAGCGTGCGGAGGC,11
GGATGAGACGCGTCCTCA,OXT_27,GTAGAATGGGCATCGTCG,9
AAGCAGGGATGAGGTGCG,OXT_23,AAGTAGGGACAGAATACG,7
AGACGCTGATCATCTCCT,OXT_24,GGGATTCGGTCATGTCCT,8
ATGCGGTATGTACTGTCG,OXT_10,AAGATGTATCGTGTGCTG,9
GATGCGGTTGCATGTGCG,OXT_03,GACTTGGGCTCATGCTGT,10
CAAGGGACCGCGTGTTTG,OXT_03,GACTTGGGCTCATGCTGT,11
AGCGGAAGACCACTGGTA,OXT_05,GGCGGACAGACTCTAATG,9
AGGCCGATCAGAAGTGCG,OXT_01,AGGCTGCGTAAGTCTGCT,9
AGAATCGATTGACTGATG,OXT_10,AAGATGTATCGTGTGCTG,8
ATAGCTGCCCACGTGGAT,OXT_28,AGCGGCGGCGACGGCGAA,9
CGGCGCACGTGAGGTGAT,OXT_02,AGGGGAGCGTGCGGAGGC,8
GGGGCATCGCTCACTAAG,OXT_04,TAGACAGGGCTGACTGTG,8
ACGAGAACGGCCAGTACA,OXT_02,AGGGGAGCGTGCGGAGGC,10
CGGCGGTTCGTACAGTCT,OXT_18,TAACGGGTTATCCATAAT,10
CGTTAGGGCATGTGCACT,OXT_03,GACTTGGGCTCATGCTGT,9
AGTCGACGCACAATCATG,OXT_05,GGCGGACAGACTCTAATG,8
GGGATCGGTCCAATGGTG,OXT_04,TAGACAGGGCTGACTGTG,9
ACGACAGGTTATGGTGTG,OXT_04,TAGACAGGGCTGACTGTG,8
CAGGGTATCACGATGCCT,OXT_08,GACGGCATTCAGGCACGT,10
GCCGCGTGACGTGTGTGA,OXT_10,AAGATGTATCGTGTGCTG,10
ATAGAGAGTAGACGTCCT,OXT_16,ATAAACAGTCTAGCTGTG,9
GCATGCACATGAAGGAGT,OXT_03,GACTTGGGCTCATGCTGT,11
ACGCAGCGTTCCAGTGGA,OXT_01,AGGCTGCGTAAGTCTGCT,9
TGAACGGTCTAGGCTGGC,OXT_04,TAGACAGGGCTGACTGTG,10
AACACGGCCATAGTGTGA,OXT_12,AATACAGCGGTGTTTCTA,9
ACGATGGCTTTAGCAGTG,OXT_16,ATAAACAGTCTAGCTGTG,8
GATTGTGGTCCGTTGACG,OXT_09,TGTAGTGCTCGGCTGCCG,7
AAGTCGAACCAATCTGTG,OXT_04,TAGACAGGGCTGACTGTG,9
GGCGGGAACACATTGCTG,OXT_05,GGCGGACAGACTCTAATG,7
GTTGACTACCCCTGTGCA,OXT_17,AGGAACTACGATCGTGAA,9
ACGGGTGAGGCTGACGAT,OXT_22,ACGGGACCGCAGATCGAG,9
GAGGAGCAGAAGGCTGTG,OXT_01,AGGCTGCGTAAGTCTGCT,9
AAGCGCGGTAGGTGTCGG,OXT_01,AGGCTGCGTAAGTCTGCT,9
ACACCACACGTCTTCCAT,OXT_12,AATACAGCGGTGTTTCTA,10
GGGGATAGACACGGTAGG,OXT_11,GGGTAAGGGCACAACAGT,8
AAGCAGCTTGACTGGTGA,OXT_01,AGGCTGCGTAAGTCTGCT,10
GAGCCTTCGAGGGAAATT,OXT_21,GAGCAACGGGTCAGCATT,10
TACTCGGCGACTCTATAA,OXT_05,GGCGGACAGACTCTAATG,10
TACGGCATCCGTGTTTTG,OXT_08,GACGGCATTCAGGCACGT,9
AGACGGGCACCCAGTCGA,OXT_02,AGGGGAGCGTGCGGAGGC,10
GCCAGGGTACACGTAGCT,OXT_08,GACGGCATTCAGGCACGT,9
GTGGGCATACAGAGTCTT,OXT_08,GACGGCATTCAGGCACGT,7
CAACGGTACAAGCAGCAG,OXT_18,TAACGGGTTATCCATAAT,9
ATACGCGCGTCTGCTGGT,OXT_07,GTGGGTGCATTTGCTGTA,8
ATACTCACACTTGTTGGT,OXT_16,ATAAACAGTCTAGCTGTG,8
GATCATGGTAAAGGTTGG,OXT_13,TATTACACTAGTGGATGG,8
GCACATCCACAGACGTGA,OXT_22,ACGGGACCGCAGATCGAG,11
ACACAGCACACCCTTCCT,OXT_19,CCCCCCCCCCCCCCCCCC,9
GTGGCGTAACAGCTCTAA,OXT_15,AGGGTATAACGTCCTTTG,10
ATCCGCGCATACTACGTG,OXT_28,AGCGGCGGCGACGGCGAA,9
AGGGCACACTCGGATGGT,OXT_02,AGGGGAGCGTGCGGAGGC,9
GCGTAGTGCCATACATTG,OXT_23,AAGTAGGGACAGAATACG,9
ATCGACGTATGCGAGAGA,OXT_02,AGGGGAGCGTGCGGAGGC,10
ACGGACGTTGGCCATACA,OXT_17,AGGAACTACGATCGTGAA,10
ATGCCATCGGAGGACACA,OXT_12,AATACAGCGGTGTTTCTA,10
AGGCAGAGGACGCGCGCA,OXT_01,AGGCTGCGTAAGTCTGCT,8
ATGAAGTACCGCAATGCT,OXT_17,AGGAACTACGATCGTGAA,9
ATAGGGCGTGCTAGCAGT,OXT_21,GAGCAACGGGTCAGCATT,10
GGGCAGGAAGGTATGGCG,OXT_10,AAGATGTATCGTGTGCTG,10
TACGGCCATTCGCAGGTG,OXT_05,GGCGGACAGACTCTAATG,9
TTTACGGCGCTGAGGTCT,OXT_04,TAGACAGGGCTGACTGTG,9
ACAGGCGGGAATTCGTCT,OXT_27,GTAGAATGGGCATCGTCG,9
GAACCTGGTGGGCATCTT,OXT_18,TAACGGGTTATCCATAAT,9
ACCGAGGACACGAGGGTG,OXT_14,TTGAGCGTAACGACAGTG,10
CCCCCCCCCCCCCACCCC,OXT_19,CCCCCCCCCCCCCCCCCC,1
TATGGTACCGCACTCGCG,OXT_09,TGTAGTGCTCGGCTGCCG,9
GGTGCCTTAGTGTTCGAG,OXT_12,AATACAGCGGTGTTTCTA,11
ATGTGACTATCGCATGCG,OXT_14,TTGAGCGTAACGACAGTG,9
GATGCGGAAGCGAAGGTG,OXT_04,TAGACAGGGCTGACTGTG,10
CTACACGGTGTGCAGGAG,OXT_16,ATAAACAGTCTAGCTGTG,9
AGACAGTTGTCGACGCAG,OXT_27,GTAGAATGGGCATCGTCG,10
GTCGCAACCTAGACGCGT,OXT_08,GACGGCATTCAGGCACGT,8
GGTGAATGCTCAACTGTG,OXT_27,GTAGAATGGGCATCGTCG,8
ACGTGATGCTTCCGAGTG,OXT_02,AGGGGAGCGTGCGGAGGC,9
GTGGGAAGAACGACGTCC,OXT_27,GTAGAATGGGCATCGTCG,8
AACACGATCCTACATGTT,OXT_16,ATAAACAGTCTAGCTGTG,9
CTATGGCCATTCCTTGTG,OXT_07,GTGGGTGCATTTGCTGTA,9
GAACGGGTCCTTCAAACG,OXT_18,TAACGGGTTATCCATAAT,7
GGGGTAGATGGAAGGCCT,OXT_20,AGGGCCTAGGGATGACGT,8
GGGGCCGTATTACCATCT,OXT_07,GTGGGTGCATTTGCTGTA,10
CTTGACCTCGCTCTGTTA,OXT_05,GGCGGACAGACTCTAATG,11
AACAGGCCGCTATCTGTG,OXT_04,TAGACAGGGCTGACTGTG,8
AGGGCAATCCTTTACACG,OXT_26,GGGGCATTCACTGAGCTG,8
AGCAGTCAGTCGGCGTCA,OXT_24,GGGATTCGGTCATGTCCT,10
TGACACACAGTGGGTCAT,OXT_13,TATTACACTAGTGGATGG,11
TCGGACTAACTTTCAGTG,OXT_15,AGGGTATAACGTCCTTTG,8
ATAGGACGTGTAAGCCTG,OXT_16,ATAAACAGTCTAGCTGTG,9
CAGAGGGCACGATCAGCA,OXT_07,GTGGGTGCATTTGCTGTA,10
GACGGTCTCCCGGTCAGT,OXT_08,GACGGCATTCAGGCACGT,7
GTGGTACCGATGCCATCT,OXT_01,AGGCTGCGTAAGTCTGCT,10
TTGGCAGTCTTCCGAATT,OXT_02,AGGGGAGCGTGCGGAGGC,10
AAGAATGCCACGTGTGCT,OXT_01,AGGCTGCGTAAGTCTGCT,9
GTGGGATAGTTAGCGGCG,OXT_27,GTAGAATGGGCATCGTCG,7
AACAGAAACCGGAGTGTG,OXT_04,TAGACAGGGCTGACTGTG,8
GTCCGACTCGATTTGGAG,OXT_05,GGCGGACAGACTCTAATG,10
GTGTGGCGTTCTTCAGCA,OXT_01,AGGCTGCGTAAGTCTGCT,9
ATGGTGTTAACATCAGGG,OXT_14,TTGAGCGTAACGACAGTG,8
GTAGATCACGTTGTCCTG,OXT_05,GGCGGACAGACTCTAATG,10
GGGCCTCCATATCCTCTT,OXT_07,GTGGGTGCATTTGCTGTA,8
AGGCTAACTCCAGGTGCG,OXT_01,AGGCTGCGTAAGTCTGCT,9
CTAGTCGACGCGGGAAAC,OXT_28,AGCGGCGGCGACGGCGAA,10
ACAGACTAAGGATGTGCG,OXT_20,AGGGCCTAGGGATGACGT,8
TCAGGGATTCACAGCTAA,OXT_18,TAACGGGTTATCCATAAT,10
GCGAGACGGAGTTCAGTT,OXT_05,GGCGGACAGACTCTAATG,9
GATGGCAAGCGGGTTCTG,OXT_08,GACGGCATTCAGGCACGT,8
GGTGCAGGCCAATTGTGT,OXT_03,GACTTGGGCTCATGCTGT,9
CGCTGGGAGCCAGAGTAT,OXT_03,GACTTGGGCTCATGCTGT,10
AGGAGCAAACCGAGTTGG,OXT_14,TTGAGCGTAACGACAGTG,9
AACGTGATAAGTGCAGCT,OXT_08,GACGGCATTCAGGCACGT,9
GGACGCCAATCACATGCT,OXT_24,GGGATTCGGTCATGTCCT,9
AAGGCGTTAGCCTGGCGG,OXT_20,AGGGCCTAGGGATGACGT,8
TTAGGAGTCGAGCACGTA,OXT_28,AGCGGCGGCGACGGCGAA,9
CACAGGAGAAGGCAGTGG,OXT_09,TGTAGTGCTCGGCTGCCG,11
TGAAGGCTGTATGGGTAG,OXT_02,AGGGGAGCGTGCGGAGGC,12
GCAGTCTATGGGTCGTCC,OXT_27,GTAGAATGGGCATCGTCG,8
AATGGGTATGTCAATGTG,OXT_10,AAGATGTATCGTGTGCTG,10
GAGCAGAGAGACTGGTGG,OXT_21,GAGCAACGGGTCAGCATT,9
AAGCAGGGAAAGGCTCAA,OXT_23,AAGTAGGGACAGAATACG,7
AGCCAGGGCCGGTACTCT,OXT_01,AGGCTGCGTAAGTCTGCT,9
ACAGCACCTTGTCGTCGT,OXT_02,AGGGGAGCGTGCGGAGGC,10
TGGAGACGCCGGATCTTG,OXT_04,TAGACAGGGCTGACTGTG,8
GAGGCAATGGTAGGCGCT,OXT_21,GAGCAACGGGTCAGCATT,8
GATACATCATTCCGCATA,OXT_12,AATACAGCGGTGTTTCTA,9
GGAGGCCGTCAACTGTAT,OXT_08,GACGGCATTCAGGCACGT,10
TCCGGGACGGATCGCGCA,OXT_28,AGCGGCGGCGACGGCGAA,9
CATAGGCGGTATTCCGTA,OXT_01,AGGCTGCGTAAGTCTGCT,11
ACGGTCAGAGCGAGAGTT,OXT_14,TTGAGCGTAACGACAGTG,9
ATGGTGGTGACGCTACTG,OXT_14,TTGAGCGTAACGACAGTG,8
TGCCTGGGGACAGCACGA,OXT_25,TGCATCGCAACAGCAGTT,7
AACGGAAGGCTATGGGTA,OXT_04,TAGACAGGGCTGACTGTG,10
ACGTGGCTAGTGCTGGCA,OXT_22,ACGGGACCGCAGATCGAG,10
GCACGTGCGCATATACAG,OXT_22,ACGGGACCGCAGATCGAG,8
AGGCAACCAGAAGACCGT,OXT_11,GGGTAAGGGCACAACAGT,9
AGCTAGTGAGGTAGCTGG,OXT_03,GACTTGGGCTCATGCTGT,10
ACAAGCCATCTGCGGGTA,OXT_16,ATAAACAGTCTAGCTGTG,9
AGGTGACTGGACCATGAT,OXT_11,GGGTAAGGGCACAACAGT,9
AGGCGGAGAGCACGGCAT,OXT_20,AGGGCCTAGGGATGACGT,10
AGGTAGAATCTCCGTGCG,OXT_16,ATAAACAGTCTAGCTGTG,9
GCATGACAATTCTATGTG,OXT_07,GTGGGTGCATTTGCTGTA,10
GCACCTTGGTCATTGTCG,OXT_27,GTAGAATGGGCATCGTCG,6
AACAGGCGACAGGCGGTG,OXT_04,TAGACAGGGCTGACTGTG,9
GGCCTGAGCCTACGCGGA,OXT_03,GACTTGGGCTCATGCTGT,8
ACAGTGGTAACCGGACGG,OXT_02,AGGGGAGCGTGCGGAGGC,10
AGGTTGACAATGTGGATG,OXT_01,AGGCTGCGTAAGTCTGCT,10
GTACGCAGACGAAGTTCT,OXT_16,ATAAACAGTCTAGCTGTG,10
GCATTAGCATCGGGCACG,OXT_03,GACTTGGGCTCATGCTGT,10
TAACGGCATTCATCGCTT,OXT_18,TAACGGGTTATCCATAAT,10
CGGCGCGCCGAGCTGAGG,OXT_09,TGTAGTGCTCGGCTGCCG,9
GACAGGGGTTGCACCTCG,OXT_03,GACTTGGGCTCATGCTGT,9
AGGTAGGATCAGTGGAAC,OXT_23,AAGTAGGGACAGAATACG,8
ATGGGCCACACTGGAATT,OXT_05,GGCGGACAGACTCTAATG,8
TGTAGAGCCAGGTGATGT,OXT_02,AGGGGAGCGTGCGGAGGC,9
ACGGATGGTGTCACAATG,OXT_21,GAGCAACGGGTCAGCATT,9
TCCAAGGAGTATTCGCGG,OXT_10,AAGATGTATCGTGTGCTG,11
GGTGGACCTCTTACTTAG,OXT_15,AGGGTATAACGTCCTTTG,9
CTAGGCAGGTAGGGGACG,OXT_27,GTAGAATGGGCATCGTCG,10
GGCGGAGTCATGCGTAAG,OXT_05,GGCGGACAGACTCTAATG,8
GGGGCACAGGCTAAGCGT,OXT_26,GGGGCATTCACTGAGCTG,7
GGCATAGTGAGCGTACGG,OXT_02,AGGGGAGCGTGCGGAGGC,9
AGACACACGCTCGCACGT,OXT_08,GACGGCATTCAGGCACGT,9
GGGCACTTGATGGCAGGA,OXT_08,GACGGCATTCAGGCACGT,10
GAACTGTGTATTAGTGCG,OXT_01,AGGCTGCGTAAGTCTGCT,9
CAGATGGTAGGCCGAGGA,OXT_02,AGGGGAGCGTGCGGAGGC,10
AGGGGAAGTACCGACCAT,OXT_26,GGGGCATTCACTGAGCTG,9
TGGCAGGAGTTCGCTGGC,OXT_02,AGGGGAGCGTGCGGAGGC,8
ATTACGGGGCACTCTGTC,OXT_04,TAGACAGGGCTGACTGTG,8
TGCGGACCCGCATATATG,OXT_05,GGCGGACAGACTCTAATG,8
GCGCTGTGCCATGGGTAT,OXT_03,GACTTGGGCTCATGCTGT,10
AACTCACCGGTGCAGTGA,OXT_12,AATACAGCGGTGTTTCTA,8
GGGGACAGAATATGCGCT,OXT_24,GGGATTCGGTCATGTCCT,9
TCAGCAGGGGATATAGCG,OXT_04,TAGACAGGGCTGACTGTG,9
ACTAGATATGTTGGGATA,OXT_10,AAGATGTATCGTGTGCTG,9
AACACGTATGAGGTGACG,OXT_10,AAGATGTATCGTGTGCTG,7
AGCGGGACGTAACCCATG,OXT_05,GGCGGACAGACTCTAATG,9
CGGGGGCGGACTGATGCA,OXT_01,AGGCTGCGTAAGTCTGCT,9
GGGGCAAAATCAGCATCC,OXT_02,AGGGGAGCGTGCGGAGGC,10
GACTTGTCGATCGCGGTT,OXT_25,TGCATCGCAACAGCAGTT,9
CAACCGGGTTCGCGTAGT,OXT_18,TAACGGGTTATCCATAAT,8
CACAGGACGACGCGTACT,OXT_18,TAACGGGTTATCCATAAT,10
ACAACCTAGTCATATGTG,OXT_16,ATAAACAGTCTAGCTGTG,9
GGATGGCCCGAGTTATAT,OXT_01,AGGCTGCGTAAGTCTGCT,11
ACACGACGATGGCCTGTG,OXT_15,AGGGTATAACGTCCTTTG,9
TAGCGTTCCCATGTAGTG,OXT_10,AAGATGTATCGTGTGCTG,9
TAAGGCGGCTGGATCTGG,OXT_03,GACTTGGGCTCATGCTGT,10
GTGGATAGTGTGTGAGCA,OXT_07,GTGGGTGCATTTGCTGTA,10
AGGCCTCAGGACTGTGCT,OXT_01,AGGCTGCGTAAGTCTGCT,7
ACAGCAGGAGGTCTGGCT,OXT_15,AGGGTATAACGTCCTTTG,11
AAGCAGGTGGTAGTCTTT,OXT_21,GAGCAACGGGTCAGCATT,8
TCGGGCCAAGTGTGTCGC,OXT_20,AGGGCCTAGGGATGACGT,9
AGGCGTGTAAGCAGCTGG,OXT_02,AGGGGAGCGTGCGGAGGC,9
TCCGGGCATGTTACACGT,OXT_08,GACGGCATTCAGGCACGT,9
TGGGCACGATTGGCATGT,OXT_02,AGGGGAGCGTGCGGAGGC,10
TAGGCAAAGCACGGCAGT,OXT_11,GGGTAAGGGCACAACAGT,8
ACGGATTGCCTCTATGCT,OXT_01,AGGCTGCGTAAGTCTGCT,10
GTGGTTACAGACACAGAT,OXT_07,GTGGGTGCATTTGCTGTA,9
CGTGGGGACGCTATCGAA,OXT_28,AGCGGCGGCGACGGCGAA,8
GGCCGGTATGGCGGGGTA,OXT_28,AGCGGCGGCGACGGCGAA,9
GGCATACCAACACGCTTG,OXT_05,GGCGGACAGACTCTAATG,8
AAGGTCACTGTTCTTCCT,OXT_10,AAGATGTATCGTGTGCTG,10
ACTGCGTATCGGAGCCTA,OXT_10,AAGATGTATCGTGTGCTG,9
TACCTTGGGGAGGAGCCG,OXT_09,TGTAGTGCTCGGCTGCCG,10
ACAAGCATGAGACGGCAT,OXT_20,AGGGCCTAGGGATGACGT,10
AGCTGGGAATGCTACTAA,OXT_28,AGCGGCGGCGACGGCGAA,9
TGACGAACCGTGTCCGGT,OXT_01,AGGCTGCGTAAGTCTGCT,11
GTACCCAGTGGATGCGCT,OXT_16,ATAAACAGTCTAGCTGTG,10
ACCTGCAGGTAGTTGGCT,OXT_01,AGGCTGCGTAAGTCTGCT,10
ATTGGTGACAGAGAAGCG,OXT_02,AGGGGAGCGTGCGGAGGC,10
TTGCCGGGCGCACTGCAT,OXT_03,GACTTGGGCTCATGCTGT,11
AGCAGAAGAGAGCAAGCA,OXT_28,AGCGGCGGCGACGGCGAA,9
GTACCCTCTGGTGGTTCA,OXT_13,TATTACACTAGTGGATGG,10
TGGTGTAAAGGTCTCACG,OXT_09,TGTAGTGCTCGGCTGCCG,9
AGGTGACAAGTTGCTGTG,OXT_15,AGGGTATAACGTCCTTTG,7
TGCGGGTAGTAGGCTGGC,OXT_02,AGGGGAGCGTGCGGAGGC,9
ACACTGCCGGAGTGTACT,OXT_01,AGGCTGCGTAAGTCTGCT,7
AGGGGCCTTATACCGATC,OXT_05,GGCGGACAGACTCTAATG,10
CGCTCCGTGAGGTGATGG,OXT_13,TATTACACTAGTGGATGG,9
GAGGATCAGCAGAGGTCA,OXT_21,GAGCAACGGGTCAGCATT,10
AAAACTTTGCGGTAAGGT,OXT_20,AGGGCCTAGGGATGACGT,9
AGTGCGCACTCATCCTAT,OXT_03,GACTTGGGCTCATGCTGT,9
GGGCACGTTATTCGGACA,OXT_17,AGGAACTACGATCGTGAA,10
AGGCCATACCCTGAAGTG,OXT_26,GGGGCATTCACTGAGCTG,6
GCTCGAGCGATACTTCAG,OXT_12,AATACAGCGGTGTTTCTA,9
GGCGACGTCCCGTATGTG,OXT_26,GGGGCATTCACTGAGCTG,9
AGCTGCATCAGGGCTCTG,OXT_08,GACGGCATTCAGGCACGT,9
AACATCTCCAATGTGGCT,OXT_10,AAGATGTATCGTGTGCTG,9
GCGGTACTAGGGATACTG,OXT_22,ACGGGACCGCAGATCGAG,9
TAGGACTGCCCAGTGCTT,OXT_10,AAGATGTATCGTGTGCTG,9
GATGTGGTAGACGCTGCA,OXT_07,GTGGGTGCATTTGCTGTA,9
TAGTAGGGACTCGAACGC,OXT_23,AAGTAGGGACAGAATACG,8
ACCTGCTGGATGACCGTG,OXT_04,TAGACAGGGCTGACTGTG,9
GAGGATCATTCCGCCTGG,OXT_03,GACTTGGGCTCATGCTGT,11
TGGGTACTACAGACACCT,OXT_01,AGGCTGCGTAAGTCTGCT,9
ATGCGTAGAGTCAATGTG,OXT_07,GTGGGTGCATTTGCTGTA,9
AGGGGATGAATTCGGAGG,OXT_15,AGGGTATAACGTCCTTTG,8
GGGCGCTAGCGGACAGTG,OXT_14,TTGAGCGTAACGACAGTG,8
ACAGCAGAAGAGGGCGAT,OXT_28,AGCGGCGGCGACGGCGAA,8
TTGGCTGCTCCCAAAGTG,OXT_14,TTGAGCGTAACGACAGTG,8
TTCAGGGCAGTGAGACCT,OXT_14,TTGAGCGTAACGACAGTG,9
AGGGATTATAGCGTCACT,OXT_10,AAGATGTATCGTGTGCTG,10
ATGGTGACGATCGCTGTA,OXT_07,GTGGGTGCATTTGCTGTA,7
TTGCTTGCGAGGTCTAGT,OXT_01,AGGCTGCGTAAGTCTGCT,9
GTAGATAGCCGTGTAATG,OXT_16,ATAAACAGTCTAGCTGTG,9
ACAAGTGGTACATGAGCT,OXT_24,GGGATTCGGTCATGTCCT,9
AGGGTATCGCCCCAGTGC,OXT_02,AGGGGAGCGTGCGGAGGC,8
GGAGTGACGGCAGTGTGT,OXT_27,GTAGAATGGGCATCGTCG,9
GCGATTGGTTGACGTAGC,OXT_24,GGGATTCGGTCATGTCCT,8
GGGCAGCAAACGAGGTCT,OXT_01,AGGCTGCGTAAGTCTGCT,9
GTCGCCCTGGTATGTGCA,OXT_20,AGGGCCTAGGGATGACGT,10
ACGGTGAACTGATCCGTG,OXT_15,AGGGTATAACGTCCTTTG,9
AGGCGGAGCGACAAGCAT,OXT_28,AGCGGCGGCGACGGCGAA,9
ACGGAGGAGTCATTGTGT,OXT_03,GACTTGGGCTCATGCTGT,9
GGGCCCATCCCGGATCCT,OXT_26,GGGGCATTCACTGAGCTG,8
AGCGGCAATCAGTCGCGG,OXT_08,GACGGCATTCAGGCACGT,6
AGGGGAATAACGGTTGCT,OXT_01,AGGCTGCGTAAGTCTGCT,9
GCAGGGTATCCGAGAGTG,OXT_05,GGCGGACAGACTCTAATG,10
GGACTGACAGTGTATTCT,OXT_01,AGGCTGCGTAAGTCTGCT,9
TACGGACGGAGAGAGGCG,OXT_05,GGCGGACAGACTCTAATG,10
AAGTGGTCCTGTATCTTG,OXT_10,AAGATGTATCGTGTGCTG,8
AGGGCAGCTCCCTCGTGA,OXT_02,AGGGGAGCGTGCGGAGGC,9
TGCAGCTGTAATGCGGGG,OXT_25,TGCATCGCAACAGCAGTT,9
TGTACCTGTGTGCATAGA,OXT_12,AATACAGCGGTGTTTCTA,10
GCGGTCTGATACTGATAG,OXT_03,GACTTGGGCTCATGCTGT,11
GGGTAAGGCTACACTGCA,OXT_11,GGGTAAGGGCACAACAGT,7
GGCCCACGATTATCTGTG,OXT_04,TAGACAGGGCTGACTGTG,9
AGCAGGTGAGCAGGACGT,OXT_20,AGGGCCTAGGGATGACGT,8
AATTGGCTCATGGACACT,OXT_18,TAACGGGTTATCCATAAT,9
ACGGTATGGACTCTCGAT,OXT_22,ACGGGACCGCAGATCGAG,8
GCGGAAATGCAGGCGGCT,OXT_08,GACGGCATTCAGGCACGT,8
TGGTGTCGCTATTTTGGA,OXT_01,AGGCTGCGTAAGTCTGCT,10
GCCAGGATCGCGGTGCGT,OXT_08,GACGGCATTCAGGCACGT,8
GACCTTGGACAATGTGGA,OXT_03,GACTTGGGCTCATGCTGT,8
GGTGAAGGCTGGAAGGTA,OXT_11,GGGTAAGGGCACAACAGT,10
GGGGCATGATTGCACGCG,OXT_26,GGGGCATTCACTGAGCTG,9
CACAGATAGGGTGCCGGT,OXT_02,AGGGGAGCGTGCGGAGGC,11
GGGACCTGGCACACGACA,OXT_11,GGGTAAGGGCACAACAGT,8
ACGGGATCCAGTTGGGTG,OXT_26,GGGGCATTCACTGAGCTG,8
AACGAGCAGATGTTGTGC,OXT_05,GGCGGACAGACTCTAATG,11
GGCACTAGGCTGCGTGAG,OXT_04,TAGACAGGGCTGACTGTG,8
ATGCACCTCGTAGCAAGT,OXT_16,ATAAACAGTCTAGCTGTG,10
GGTAGGGACACGGCATGT,OXT_25,TGCATCGCAACAGCAGTT,9
TGGCGTCTATTCACATGG,OXT_14,TTGAGCGTAACGACAGTG,9
AAAGGCATCAAGATCGCT,OXT_06,ATCATCATCATCATCATC,9
AGCATCCTCTAGACGCGG,OXT_06,ATCATCATCATCATCATC,10
ACAGCCAACCCAGGAGTG,OXT_16,ATAAACAGTCTAGCTGTG,8
GACCACAGAGACGATATG,OXT_21,GAGCAACGGGTCAGCATT,9
GGTATAGTAGACGCGTTT,OXT_25,TGCATCGCAACAGCAGTT,9
TCATGTGGGAACAGGTAA,OXT_28,AGCGGCGGCGACGGCGAA,10
AGGGATGGCCCGACGTGA,OXT_11,GGGTAAGGGCACAACAGT,10
ACATACCAGAACGTGTGT,OXT_11,GGGTAAGGGCACAACAGT,11
ACGGTACGTGTGCAAACC,OXT_01,AGGCTGCGTAAGTCTGCT,10
ACATGAGGCTGACGGAGG,OXT_02,AGGGGAGCGTGCGGAGGC,10
CGGGGGCAGATGGAGGAT,OXT_01,AGGCTGCGTAAGTCTGCT,10
AAGAACAGTAGGGATAGT,OXT_13,TATTACACTAGTGGATGG,9
GCTGGCAGAGAGGATGTG,OXT_07,GTGGGTGCATTTGCTGTA,10
GGAGCGCAGAAGCTGGCA,OXT_05,GGCGGACAGACTCTAATG,9
AACGGTACGGACTTGATG,OXT_05,GGCGGACAGACTCTAATG,10
ATGGGCAGGACGATATTT,OXT_14,TTGAGCGTAACGACAGTG,8
TACAGGTACACGGTAATG,OXT_05,GGCGGACAGACTCTAATG,8
CATGGGTAGTCCGTGCGC,OXT_02,AGGGGAGCGTGCGGAGGC,10
GAAACGAGTCAGGCTGCA,OXT_16,ATAAACAGTCTAGCTGTG,8
AACATGCGACAAGTGTTG,OXT_10,AAGATGTATCGTGTGCTG,7
ATGCCGTGCCAGACGTGG,OXT_23,AAGTAGGGACAGAATACG,9
GGCGAGGGAAACGTTGGT,OXT_11,GGGTAAGGGCACAACAGT,9
AGTGGCATGGTCGCCCGT,OXT_08,GACGGCATTCAGGCACGT,8
ATCGGGCAACGAGGTCGA,OXT_20,AGGGCCTAGGGATGACGT,10
GTGCGCTATTCCTTTATG,OXT_05,GGCGGACAGACTCTAATG,10
ATTTCGGGCTTTGACGGT,OXT_03,GACTTGGGCTCATGCTGT,9
GCGCTCATGTGTAGTGAT,OXT_24,GGGATTCGGTCATGTCCT,10
TGCAGGGACATAGTCGCT,OXT_25,TGCATCGCAACAGCAGTT,8
GTGCAGCCCTTACTCTTC,OXT_21,GAGCAACGGGTCAGCATT,10
AGATGCCTGACGCCGTCG,OXT_05,GGCGGACAGACTCTAATG,10
ATGCGGCGATACGTGTTG,OXT_10,AAGATGTATCGTGTGCTG,10
AGGGTTAGTCCGCGCACA,OXT_01,AGGCTGCGTAAGTCTGCT,10
AATGTTGCAACAAGCGGT,OXT_03,GACTTGGGCTCATGCTGT,9
GGGGAGGATGCGAAACCA,OXT_23,AAGTAGGGACAGAATACG,10
ACGCGGCAAGTGGGACTA,OXT_07,GTGGGTGCATTTGCTGTA,11
AGGCATACAGATAGCGCG,OXT_17,AGGAACTACGATCGTGAA,9
GAAGGCGTACAGTGCAGA,OXT_08,GACGGCATTCAGGCACGT,8
TAATGGCAGTTGTCTCGA,OXT_12,AATACAGCGGTGTTTCTA,10
GGGATGGTCTACTTCCGG,OXT_03,GACTTGGGCTCATGCTGT,9
AAGGCTCCCGTAACTGGA,OXT_07,GTGGGTGCATTTGCTGTA,9
AAGGAAGACGTCGGACTG,OXT_02,AGGGGAGCGTGCGGAGGC,9
AGCTCACGTGCTATCGGA,OXT_28,AGCGGCGGCGACGGCGAA,10
GAGCGTACCTCACCGTGT,OXT_03,GACTTGGGCTCATGCTGT,9
GCACGAAGCAGGTGATAG,OXT_13,TATTACACTAGTGGATGG,11
GTGTAGCGACCGGTGTAC,OXT_23,AAGTAGGGACAGAATACG,10
ACACGAGACGGTAGACGG,OXT_02,AGGGGAGCGTGCGGAGGC,10
GCGACGGATCAGGAGTAG,OXT_10,AAGATGTATCGTGTGCTG,9
GTGTTCCGCATTAACATT,OXT_06,ATCATCATCATCATCATC,8
AACTAAGCCTACCGTGAG,OXT_17,AGGAACTACGATCGTGAA,9
AGGCGCGGAGTACACTGT,OXT_11,GGGTAAGGGCACAACAGT,10
GCACGTATGGCCTCGTGT,OXT_27,GTAGAATGGGCATCGTCG,9
TTGATCGAGTGTGCGTGT,OXT_10,AAGATGTATCGTGTGCTG,10
TAGGCGCTCTCCAGTCAT,OXT_18,TAACGGGTTATCCATAAT,10
AGGTGGAACGCAAGAGTG,OXT_14,TTGAGCGTAACGACAGTG,10
AACGGCAGACAATGAGTG,OXT_08,GACGGCATTCAGGCACGT,9
GGGGATAGGCCATGCGGA,OXT_24,GGGATTCGGTCATGTCCT,8
AATCAGAGGATGTCGATA,OXT_12,AATACAGCGGTGTTTCTA,9
GCCAGAGGATCTCAGGAG,OXT_05,GGCGGACAGACTCTAATG,10
GGCATACATCTACCCCGG,OXT_05,GGCGGACAGACTCTAATG,10
ACAAGTGGTACTTGGTAG,OXT_09,TGTAGTGCTCGGCTGCCG,11
TGGGAAGCGGTGTTCGGA,OXT_12,AATACAGCGGTGTTTCTA,8
GCGGCAGTCCACGTCGTA,OXT_22,ACGGGACCGCAGATCGAG,9
GACTGCGGTGAGCCTGGT,OXT_08,GACGGCATTCAGGCACGT,7
GTGCCAAACTAGCTTGTG,OXT_04,TAGACAGGGCTGACTGTG,10
TGAGCAAGCGACACGTGA,OXT_27,GTAGAATGGGCATCGTCG,10
TGGGTACTGACATGACCT,OXT_24,GGGATTCGGTCATGTCCT,6
AACGACGATGTTCTCCCG,OXT_10,AAGATGTATCGTGTGCTG,10
GTATGGGCAACATCTTCT,OXT_03,GACTTGGGCTCATGCTGT,9
TGGCCAAACGAGCTCTTC,OXT_15,AGGGTATAACGTCCTTTG,11
TAGAGGCATATCTGCGGT,OXT_18,TAACGGGTTATCCATAAT,9
ACTGCCCGCCAGTGTACT,OXT_01,AGGCTGCGTAAGTCTGCT,9
AGGCAGTCAACGGCGGAT,OXT_01,AGGCTGCGTAAGTCTGCT,8
ACGATGTACGACTCTGCG,OXT_01,AGGCTGCGTAAGTCTGCT,8
CGGAGGAATGCACGTTTG,OXT_15,AGGGTATAACGTCCTTTG,10
AAGGTGACTCACACATGG,OXT_08,GACGGCATTCAGGCACGT,9
TGCTAACGAGCCGTCTGT,OXT_11,GGGTAAGGGCACAACAGT,9
GGTAGAGCGGGCAAGACA,OXT_09,TGTAGTGCTCGGCTGCCG,9
GTAGACTCATTCGGCGCT,OXT_07,GTGGGTGCATTTGCTGTA,9
ACTCGTGACGGACAATAT,OXT_18,TAACGGGTTATCCATAAT,11
AATACCAGGGCGATATCA,OXT_12,AATACAGCGGTGTTTCTA,8
ATCCCCACGCTACTCGTG,OXT_16,ATAAACAGTCTAGCTGTG,8
TCACGAATTGCAGGGCGT,OXT_08,GACGGCATTCAGGCACGT,10
GGGGCCCGAAGAGCCAGA,OXT_20,AGGGCCTAGGGATGACGT,10
GCGAAGTGCGTATGGCTA,OXT_17,AGGAACTACGATCGTGAA,10
AAGCAAGGGTATCGAGCG,OXT_02,AGGGGAGCGTGCGGAGGC,9
TAGCAGGCAGGTAGACAG,OXT_13,TATTACACTAGTGGATGG,9
AGATAGGGTCCGATAGCA,OXT_23,AAGTAGGGACAGAATACG,8
AAAGGGCAGTACGTGAGG,OXT_02,AGGGGAGCGTGCGGAGGC,10
CGTGGTGCCGTAGATGAG,OXT_07,GTGGGTGCATTTGCTGTA,9
GCACTTTAGAGGGTGAAT,OXT_10,AAGATGTATCGTGTGCTG,11
AGCGGTCTTAACCAGTGA,OXT_28,AGCGGCGGCGACGGCGAA,10
TAGGCCCTCCATGTGGCG,OXT_26,GGGGCATTCACTGAGCTG,9
GGCAATGGGACTGTCACG,OXT_05,GGCGGACAGACTCTAATG,8
ACCAGGGCGGTACGGAGT,OXT_02,AGGGGAGCGTGCGGAGGC,11
TAGTTGTCGGCACCATGG,OXT_03,GACTTGGGCTCATGCTGT,10
AGCGAATTTATGCGTGCG,OXT_01,AGGCTGCGTAAGTCTGCT,10
GGGGTGAATCTAGCCCCT,OXT_08,GACGGCATTCAGGCACGT,9
TTGAGGATGCCAGTAATG,OXT_14,TTGAGCGTAACGACAGTG,8
CAGCGGTGCGTCCATTGG,OXT_18,TAACGGGTTATCCATAAT,9
GAGGGCGGACCATATTGG,OXT_03,GACTTGGGCTCATGCTGT,9
ATCCGGGCATACTGGTCT,OXT_03,GACTTGGGCTCATGCTGT,10
GTAGGGCTAGGCGGCGTA,OXT_07,GTGGGTGCATTTGCTGTA,9
AAGGAGCACGTAACTGAT,OXT_17,AGGAACTACGATCGTGAA,9
ACCGGGGATAGAGGAGAG,OXT_02,AGGGGAGCGTGCGGAGGC,9
TATGAGGGCGTATCGGTG,OXT_04,TAGACAGGGCTGACTGTG,9
GCATGTGTGGCATGGTTA,OXT_27,GTAGAATGGGCATCGTCG,9
ACACGGTCAACATGTGCT,OXT_01,AGGCTGCGTAAGTCTGCT,9
GGGTAATTTCTGCTCCAT,OXT_11,GGGTAAGGGCACAACAGT,9
AGGGAGTGGCAGGATTTA,OXT_23,AAGTAGGGACAGAATACG,8
TGGGTAGGAGTAGGTTGA,OXT_02,AGGGGAGCGTGCGGAGGC,10
GCACATCAGACGTACGGA,OXT_01,AGGCTGCGTAAGTCTGCT,12
GGCAATATCCAGTGCTGG,OXT_03,GACTTGGGCTCATGCTGT,10
AACGTGATACGACAAGTG,OXT_15,AGGGTATAACGTCCTTTG,9
GGCATACCTCTTGTGCTG,OXT_10,AAGATGTATCGTGTGCTG,7
TATACGGACTCGCAGTCT,OXT_03,GACTTGGGCTCATGCTGT,10
GACGACTGAGGTGACTGA,OXT_13,TATTACACTAGTGGATGG,10
GTACAGTGCGAGAGGTAA,OXT_27,GTAGAATGGGCATCGTCG,9
TGCTCACCATGTGGTCGA,OXT_02,AGGGGAGCGTGCGGAGGC,10
AAGTCCCCTGGTGTAATG,OXT_10,AAGATGTATCGTGTGCTG,8
ATATGGGGACCGGACAAT,OXT_23,AAGTAGGGACAGAATACG,8
AGCGCGGAAGATGGTGGA,OXT_28,AGCGGCGGCGACGGCGAA,7
TTGGAAGGGACAATACCG,OXT_27,GTAGAATGGGCATCGTCG,8
GCCAAGTAACCGGATGCT,OXT_23,AAGTAGGGACAGAATACG,10
GGGCCAACGAATAGTGCT,OXT_01,AGGCTGCGTAAGTCTGCT,9
AGGGACATGTATCCGACT,OXT_17,AGGAACTACGATCGTGAA,10
ATGTGCTAGGCCCGGACG,OXT_17,AGGAACTACGATCGTGAA,10
AGGTGACTGCTAAGCTGA,OXT_11,GGGTAAGGGCACAACAGT,9
AAGAGCAGTGTTGGCAAG,OXT_16,ATAAACAGTCTAGCTGTG,9
CGGTGGAGACGATCTCTG,OXT_15,AGGGTATAACGTCCTTTG,9
TAGCTACCAATGATTGTG,OXT_04,TAGACAGGGCTGACTGTG,7
GTGGCTTACTACACATGT,OXT_20,AGGGCCTAGGGATGACGT,10
GCTGGTCCGATATTGTGG,OXT_05,GGCGGACAGACTCTAATG,10
GATCGCGACACGTGGCAA,OXT_03,GACTTGGGCTCATGCTGT,11
GGACTGCTTGTCAGGGCG,OXT_01,AGGCTGCGTAAGTCTGCT,10
GATTATGGCACTTTTGGT,OXT_03,GACTTGGGCTCATGCTGT,8
GACATGAATAACGGTGAG,OXT_10,AAGATGTATCGTGTGCTG,10
GCGGACGACATTGGGTGG,OXT_13,TATTACACTAGTGGATGG,9
GTTGGGTATATATGTTTA,OXT_07,GTGGGTGCATTTGCTGTA,10
GGCGTAACTGGACTTCCT,OXT_09,TGTAGTGCTCGGCTGCCG,10
AAACAGAAGCGGTTCGTG,OXT_10,AAGATGTATCGTGTGCTG,9
ATCCGTCCGGAGCTGTTA,OXT_12,AATACAGCGGTGTTTCTA,10
GCGGCGTCCAAGGATGTG,OXT_26,GGGGCATTCACTGAGCTG,7
ACTGGGTATCATACCGGT,OXT_22,ACGGGACCGCAGATCGAG,9
ATCACGGGGAAGAAGCTA,OXT_12,AATACAGCGGTGTTTCTA,9
TGGTCAGGCTGTTCAGTA,OXT_04,TAGACAGGGCTGACTGTG,9
GTGCCACGCGGTACTATC,OXT_21,GAGCAACGGGTCAGCATT,8
AGGTGAGCGGCGTACGGT,OXT_02,AGGGGAGCGTGCGGAGGC,8
ACGGCTGTGAGACGTGCA,OXT_02,AGGGGAGCGTGCGGAGGC,10
ACGACGGACTACAATGGT,OXT_11,GGGTAAGGGCACAACAGT,10
TACCCGGGATTAACACAT,OXT_03,GACTTGGGCTCATGCTGT,10
AACGGGAACAAAGTGTGT,OXT_08,GACGGCATTCAGGCACGT,9
ACTGACTGGATAGTACCT,OXT_20,AGGGCCTAGGGATGACGT,9
ATGGTGGATGGAGTGACG,OXT_10,AAGATGTATCGTGTGCTG,7
GCGTGGACCGAATGGCTG,OXT_03,GACTTGGGCTCATGCTGT,11
GGCACGGTGTACAGGTAC,OXT_02,AGGGGAGCGTGCGGAGGC,11
ATGGTATACTCGACATGT,OXT_15,AGGGTATAACGTCCTTTG,9
CGCAGGGCGAACAACGGT,OXT_11,GGGTAAGGGCACAACAGT,8
GCAGATATGAGGGTGCGG,OXT_08,GACGGCATTCAGGCACGT,10
AGCTCGCAACAATAAGTG,OXT_23,AAGTAGGGACAGAATACG,10
AGGCCATAAGGTCGTCAA,OXT_17,AGGAACTACGATCGTGAA,6
GAGGGATTTCGTCGACCG,OXT_08,GACGGCATTCAGGCACGT,9
CTCGGCTAGGCACGGGAG,OXT_27,GTAGAATGGGCATCGTCG,9
GCAGACAGAATGTGCGCT,OXT_01,AGGCTGCGTAAGTCTGCT,11
ACTAGGGTCTGGAATTGG,OXT_23,AAGTAGGGACAGAATACG,10
GATGTTAGACATTGAGTG,OXT_07,GTGGGTGCATTTGCTGTA,11
ACGGCATGCATTGGTGCT,OXT_26,GGGGCATTCACTGAGCTG,9
GCCCGGGAGGAGGTTGGG,OXT_22,ACGGGACCGCAGATCGAG,10
ATGCTAGGGAGAGCTGGT,OXT_01,AGGCTGCGTAAGTCTGCT,8
CAGTGGAAGGAAGGCGCG,OXT_22,ACGGGACCGCAGATCGAG,11
AGGGTGCAGGGACGTTAA,OXT_15,AGGGTATAACGTCCTTTG,8
TACCTGGTCACGCCTGGG,OXT_14,TTGAGCGTAACGACAGTG,9
GAGGCTGTGAACGTGCAT,OXT_26,GGGGCATTCACTGAGCTG,9
GGGGCAGATTGCCGTCTA,OXT_02,AGGGGAGCGTGCGGAGGC,9
GGGGACACTGAACGTCTG,OXT_17,AGGAACTACGATCGTGAA,9
GGATGTGCAGCAATTCGA,OXT_07,GTGGGTGCATTTGCTGTA,10
GAGGTGCAATCGATTCTG,OXT_10,AAGATGTATCGTGTGCTG,9
ATATCACCCTAACATGCT,OXT_01,AGGCTGCGTAAGTCTGCT,11
GTGCTGAGGGGTCCACCG,OXT_27,GTAGAATGGGCATCGTCG,10
GTAGGCAACGTGCGCCCT,OXT_08,GACGGCATTCAGGCACGT,10
GGCACGTATGGTGGAGAG,OXT_10,AAGATGTATCGTGTGCTG,9
ACGTAACGCTTGACGTGT,OXT_11,GGGTAAGGGCACAACAGT,10
AGTGGGACAAGCCGCCAG,OXT_02,AGGGGAGCGTGCGGAGGC,10
CACGGACGCTAACATGGT,OXT_03,GACTTGGGCTCATGCTGT,10
AGCGATGGGAACCGGTTG,OXT_28,AGCGGCGGCGACGGCGAA,9
TGGTGCCGATCGATCGCT,OXT_14,TTGAGCGTAACGACAGTG,9
TGGCGAGACGGCGGACAC,OXT_02,AGGGGAGCGTGCGGAGGC,7
GTTGACGCACGATGGGCT,OXT_27,GTAGAATGGGCATCGTCG,10
GCGGATATCCTGGTGTCG,OXT_26,GGGGCATTCACTGAGCTG,10
GGGGACCAAAGTGCTTAC,OXT_15,AGGGTATAACGTCCTTTG,8
GGCATTGGAGACTGGACT,OXT_24,GGGATTCGGTCATGTCCT,8
AGCTGTTCGACGGCCGTA,OXT_25,TGCATCGCAACAGCAGTT,9
ACGGGTCCGTTCATACGT,OXT_02,AGGGGAGCGTGCGGAGGC,8
ACATTAGTGAGTCGCAGT,OXT_11,GGGTAAGGGCACAACAGT,10
TAGACGGGCTTTGCGGGT,OXT_04,TAGACAGGGCTGACTGTG,8
AGGCGGGACGTGCCGAAG,OXT_17,AGGAACTACGATCGTGAA,10
CGAGGTGGAGACAGGGAG,OXT_28,AGCGGCGGCGACGGCGAA,7
TAGGTGGATATCGAGTCA,OXT_18,TAACGGGTTATCCATAAT,9
AGGGATTGACAACGTGCC,OXT_17,AGGAACTACGATCGTGAA,8
GCAGTGGAAAACAGTGCG,OXT_23,AAGTAGGGACAGAATACG,10
AACTTGCGCCTGTATGCT,OXT_01,AGGCTGCGTAAGTCTGCT,7
GACCCGGGATACCTTCCG,OXT_23,AAGTAGGGACAGAATACG,9
GGGTAGGGCTTGGCACAT,OXT_03,GACTTGGGCTCATGCTGT,10
GGATGGGTCAGATAGAGT,OXT_03,GACTTGGGCTCATGCTGT,9
AACCAGTTGCACATGTGC,OXT_06,ATCATCATCATCATCATC,11
GAGTGTGGATAGTTCGGT,OXT_03,GACTTGGGCTCATGCTGT,8
AGGGTCACGTCACTACAG,OXT_20,AGGGCCTAGGGATGACGT,9
TTGGCGGAACACTTGACA,OXT_23,AAGTAGGGACAGAATACG,10
TACGCACTGACCGTGTGT,OXT_05,GGCGGACAGACTCTAATG,10
GGAAGCGGTAAACAGACA,OXT_09,TGTAGTGCTCGGCTGCCG,10
GGTAGGAGGCGCAAATCC,OXT_11,GGGTAAGGGCACAACAGT,10
ATTGCAGCCAGGGTGTGA,OXT_12,AATACAGCGGTGTTTCTA,9
GTGGTGACGACGATGGTA,OXT_07,GTGGGTGCATTTGCTGTA,10
ACCAGAGAGTATGCCGTG,OXT_22,ACGGGACCGCAGATCGAG,9
GGCATTGGCAACACGGAG,OXT_28,AGCGGCGGCGACGGCGAA,9
ACGGGAAATGTATGGTGG,OXT_20,AGGGCCTAGGGATGACGT,9
AACGTAGTGGAGTCGCAA,OXT_12,AATACAGCGGTGTTTCTA,8
ATGACGGCATCCGGCGCA,OXT_02,AGGGGAGCGTGCGGAGGC,9
ACGTAGAAGACGTGCTTC,OXT_03,GACTTGGGCTCATGCTGT,11
TTGTGGTGGACGTGCGCA,OXT_01,AGGCTGCGTAAGTCTGCT,10
TTCCAATCACTTTGGAAG,OXT_27,GTAGAATGGGCATCGTCG,11
ACATACGGGGACAATTGC,OXT_11,GGGTAAGGGCACAACAGT,8
AGGGACTCAAAATACCGA,OXT_20,AGGGCCTAGGGATGACGT,8
GAGGGACAGGATCGTACG,OXT_05,GGCGGACAGACTCTAATG,7
GGGGGAACGGAGCGACTG,OXT_05,GGCGGACAGACTCTAATG,8
TGGTCTTGGACGATGCTG,OXT_26,GGGGCATTCACTGAGCTG,8
GGGTAGATGGATGCGGCA,OXT_17,AGGAACTACGATCGTGAA,10
AGGGCAATGCATCAATGG,OXT_15,AGGGTATAACGTCCTTTG,8
AGTGACGGCAATCACGGA,OXT_28,AGCGGCGGCGACGGCGAA,7
GGTGTGCGCACACGTGGA,OXT_03,GACTTGGGCTCATGCTGT,9
AGCATGATGCATGGTGTT,OXT_01,AGGCTGCGTAAGTCTGCT,10
AGTGTAGGCGTGGTTAGC,OXT_12,AATACAGCGGTGTTTCTA,9
AAGCCGATAGTTGCAGCG,OXT_01,AGGCTGCGTAAGTCTGCT,11
ATAGCGGGAAGAGTGCGC,OXT_02,AGGGGAGCGTGCGGAGGC,11
ACCAAACGTTCACGACTG,OXT_05,GGCGGACAGACTCTAATG,10
GCGTTGGGAGAAGGAGTG,OXT_03,GACTTGGGCTCATGCTGT,10
AGGAAGGTGGAGGCGACC,OXT_23,AAGTAGGGACAGAATACG,9
TTCAGGTGACTGGAATTG,OXT_14,TTGAGCGTAACGACAGTG,9
AGGCCGGAGGAATGTCGT,OXT_20,AGGGCCTAGGGATGACGT,5
GTACGTGTCCGATAGCTG,OXT_09,TGTAGTGCTCGGCTGCCG,10
ATGTGTGGGATGCCCGTT,OXT_04,TAGACAGGGCTGACTGTG,9
ATAGTACGACTGCCTCTG,OXT_15,AGGGTATAACGTCCTTTG,7
AGGGGGCTCAAGAGGCGA,OXT_01,AGGCTGCGTAAGTCTGCT,10
ATACGATCCGAACCGTGT,OXT_27,GTAGAATGGGCATCGTCG,9
CATCAAGCAGGACGGTTA,OXT_12,AATACAGCGGTGTTTCTA,10
ACAGAGCGGTAAGTAGTT,OXT_16,ATAAACAGTCTAGCTGTG,10
GACGACTGGTCATTAGCG,OXT_27,GTAGAATGGGCATCGTCG,7
ACCGGGGAATAGGATTGG,OXT_23,AAGTAGGGACAGAATACG,9
GCGGGGAAAGGAAGTGCT,OXT_20,AGGGCCTAGGGATGACGT,10
GACTATTGGGTCTACACG,OXT_21,GAGCAACGGGTCAGCATT,8
GGGTACCCGGACCATCCA,OXT_11,GGGTAAGGGCACAACAGT,9
ATGGGTTACGGAACTCCT,OXT_20,AGGGCCTAGGGATGACGT,8
GAGGGCAAGAGTCGGACG,OXT_05,GGCGGACAGACTCTAATG,8
AGTCAATCACCATCAGTG,OXT_15,AGGGTATAACGTCCTTTG,9
GGCAGGCACAGGCAATCG,OXT_05,GGCGGACAGACTCTAATG,8
TGCCGTTGCAGCTTCGAT,OXT_28,AGCGGCGGCGACGGCGAA,9
ATCGGGCGATTCATCCCA,OXT_06,ATCATCATCATCATCATC,10
TCGAGAAGGGTCTTTGTC,OXT_04,TAGACAGGGCTGACTGTG,8
AGGGTGCAGTTAAACCTA,OXT_20,AGGGCCTAGGGATGACGT,10
AACGGGTCTAACCTGGGA,OXT_28,AGCGGCGGCGACGGCGAA,10
ATAGTGTAACGGGATGAG,OXT_15,AGGGTATAACGTCCTTTG,8
GGGACCAGAGACGCTACT,OXT_01,AGGCTGCGTAAGTCTGCT,10
ATACATGATGAGGTGCTT,OXT_10,AAGATGTATCGTGTGCTG,10
ACACAACAGAACAGTGCT,OXT_01,AGGCTGCGTAAGTCTGCT,9
TGTACAGAACAGCGGCTT,OXT_09,TGTAGTGCTCGGCTGCCG,8
TGTGGTGAGCGCCGATGT,OXT_02,AGGGGAGCGTGCGGAGGC,8
GGGGACTCATACCGGCTG,OXT_26,GGGGCATTCACTGAGCTG,9
GCTGGAACCGAATGAGCT,OXT_02,AGGGGAGCGTGCGGAGGC,11
GGCAGACGTGTTGACGTA,OXT_28,AGCGGCGGCGACGGCGAA,9
ACCAAGGGACGTGCGCTT,OXT_10,AAGATGTATCGTGTGCTG,8
AGGAGGCGGTACAGTTTG,OXT_24,GGGATTCGGTCATGTCCT,9
TGACGCATGGACTCAGAG,OXT_14,TTGAGCGTAACGACAGTG,10
GTACGGTGCTCGATAACG,OXT_27,GTAGAATGGGCATCGTCG,10
CTCCCGGGGTAAGAGGAC,OXT_28,AGCGGCGGCGACGGCGAA,11
ACACACCGTGTTGACGCT,OXT_16,ATAAACAGTCTAGCTGTG,9
ACGCAGTGCTGGTCAGCG,OXT_01,AGGCTGCGTAAGTCTGCT,8
GGCTAGGTTGACGTATAA,OXT_28,AGCGGCGGCGACGGCGAA,9
TGAGCGAGCGAAGGGAGT,OXT_20,AGGGCCTAGGGATGACGT,10
GTGGAGGGTCAGCAGTCT,OXT_23,AAGTAGGGACAGAATACG,8
GGGTGCGAGAACAGGACG,OXT_11,GGGTAAGGGCACAACAGT,8
AAGCAGCACATCGGCCAA,OXT_21,GAGCAACGGGTCAGCATT,9
AGGGGATCTGGCACTCGT,OXT_02,AGGGGAGCGTGCGGAGGC,8
CTAACCAGAGTGCGTGTG,OXT_16,ATAAACAGTCTAGCTGTG,7
AGCGGTACGCCAGGGAAG,OXT_02,AGGGGAGCGTGCGGAGGC,10
ACGACTCTATAGGATGTG,OXT_04,TAGACAGGGCTGACTGTG,10
TTCAGGGCGAACGACTGC,OXT_02,AGGGGAGCGTGCGGAGGC,10
TGTGGGCAAGACGTGTAG,OXT_28,AGCGGCGGCGACGGCGAA,10
AAACGGCGCTGGCATGAT,OXT_18,TAACGGGTTATCCATAAT,8
TGAGCAACAGGGACGACT,OXT_09,TGTAGTGCTCGGCTGCCG,11
CAGCTTCCTCGGATCGGT,OXT_22,ACGGGACCGCAGATCGAG,9
ATGGCGCTACATCGGCCT,OXT_01,AGGCTGCGTAAGTCTGCT,11
GAACATCGGGCTGACATA,OXT_21,GAGCAACGGGTCAGCATT,7
GGCGTACTGACATTGTGT,OXT_05,GGCGGACAGACTCTAATG,8
GGGCATGAGATTGGATCT,OXT_21,GAGCAACGGGTCAGCATT,10
ACGCGGTACAAGGAGGCT,OXT_01,AGGCTGCGTAAGTCTGCT,8
AACGGCATTGGAGGTCAC,OXT_08,GACGGCATTCAGGCACGT,8
ACGGAAGGCACTGACGGA,OXT_26,GGGGCATTCACTGAGCTG,9
GGGACCAGTCCGCTATCG,OXT_09,TGTAGTGCTCGGCTGCCG,9
ACGACACACCATGACGTG,OXT_22,ACGGGACCGCAGATCGAG,8
AGTAAGACTGGAGATATT,OXT_16,ATAAACAGTCTAGCTGTG,9
ATGGAGCACCGTTCTGTG,OXT_15,AGGGTATAACGTCCTTTG,7
GGTGACGAAGGACGGTGA,OXT_20,AGGGCCTAGGGATGACGT,9
ACGATTCAACAGAGACGG,OXT_22,ACGGGACCGCAGATCGAG,9
TACCAGCTTTCGAATGTG,OXT_04,TAGACAGGGCTGACTGTG,10
ACGCAGGTCCTTGGTGTT,OXT_07,GTGGGTGCATTTGCTGTA,10
TTGCGGAAAAACAGACTG,OXT_14,TTGAGCGTAACGACAGTG,8
GCAGAACAGAAGTGGCCG,OXT_27,GTAGAATGGGCATCGTCG,8
CGTGGTGTTATCGTAGAG,OXT_02,AGGGGAGCGTGCGGAGGC,10
ACGCATTACAGTGACGGT,OXT_17,AGGAACTACGATCGTGAA,10
ACCGCTATACAGACTATG,OXT_23,AAGTAGGGACAGAATACG,9
AGGACGTAGGATGTGCTG,OXT_10,AAGATGTATCGTGTGCTG,5
CATGGAAGCGGCCCGACT,OXT_21,GAGCAACGGGTCAGCATT,11
CGCGTGGGAACCATGTCG,OXT_03,GACTTGGGCTCATGCTGT,11
TACACCTAGACCGCTGTG,OXT_04,TAGACAGGGCTGACTGTG,8
CGATTAGGGATCTCTAGT,OXT_11,GGGTAAGGGCACAACAGT,8
GTAGCGCCCACCCAAGTT,OXT_05,GGCGGACAGACTCTAATG,10
GGCAACGACAGAGCTTCG,OXT_25,TGCATCGCAACAGCAGTT,9
AGCGGTGCTAAACTGCGA,OXT_09,TGTAGTGCTCGGCTGCCG,8
AGCAGCCGACAGTGGAGT,OXT_01,AGGCTGCGTAAGTCTGCT,10
GCACTCACGGCGGTATGT,OXT_08,GACGGCATTCAGGCACGT,10
CGAGAGGGAACGTCGATG,OXT_27,GTAGAATGGGCATCGTCG,9
TGGGTTGACGCTCTCAGC,OXT_05,GGCGGACAGACTCTAATG,10
GCACTAGCTGCTCATGTT,OXT_18,TAACGGGTTATCCATAAT,10
ACACGAATATCCAATGCT,OXT_18,TAACGGGTTATCCATAAT,10
AGCGGCGTAAGGCAGCGG,OXT_09,TGTAGTGCTCGGCTGCCG,9
AGCGGATTAATCAGGCGG,OXT_26,GGGGCATTCACTGAGCTG,9
GATGTGTCTGCATCTCGG,OXT_27,GTAGAATGGGCATCGTCG,9
TACAGGATGTTGCGGAGA,OXT_18,TAACGGGTTATCCATAAT,10
AGGCAGTGGATAAACGTG,OXT_21,GAGCAACGGGTCAGCATT,9
GGATTCATACGTCTAGCA,OXT_15,AGGGTATAACGTCCTTTG,11
ATGAGGTCTGTAACATGG,OXT_14,TTGAGCGTAACGACAGTG,10
TGCAGCGTCTATGTATGG,OXT_08,GACGGCATTCAGGCACGT,10
AGACGGCGTAGCTGGCGT,OXT_01,AGGCTGCGTAAGTCTGCT,8
GCAGCCACCCGAACACAT,OXT_08,GACGGCATTCAGGCACGT,9
CATGGGCACGAGTTAGCT,OXT_01,AGGCTGCGTAAGTCTGCT,10
GTCGAGCGCCAAGGGTAG,OXT_27,GTAGAATGGGCATCGTCG,9
AATAAGTGGCGAGTCCTA,OXT_10,AAGATGTATCGTGTGCTG,7
AGGGCGTAAGAATCTCAG,OXT_20,AGGGCCTAGGGATGACGT,7
GGGCCGACTAATACGTGC,OXT_01,AGGCTGCGTAAGTCTGCT,10
GCTGGGGAATGTGCATCA,OXT_07,GTGGGTGCATTTGCTGTA,8
GTGATATCGACCGTGTCC,OXT_27,GTAGAATGGGCATCGTCG,9
TCGTGGACTCAGGGACGA,OXT_08,GACGGCATTCAGGCACGT,8
GTCGGATTGGAAACACGG,OXT_08,GACGGCATTCAGGCACGT,8
GTAGTGTGCCCATCAGCT,OXT_27,GTAGAATGGGCATCGTCG,7
TGTGCGGCGATGATCTGT,OXT_12,AATACAGCGGTGTTTCTA,10
GTGCGGGACCCACTGTCA,OXT_03,GACTTGGGCTCATGCTGT,11
AAGGCGGCGGAATGCATC,OXT_12,AATACAGCGGTGTTTCTA,9
TGCATCTCGCTACAAGTG,OXT_25,TGCATCGCAACAGCAGTT,7
ACGGTGGTACATGAGCAG,OXT_10,AAGATGTATCGTGTGCTG,8
GCCCGAGGCTGACAGTTG,OXT_03,GACTTGGGCTCATGCTGT,10
AACAACGCTTCATGGGAG,OXT_03,GACTTGGGCTCATGCTGT,10
ATGTGTGTGCGCCTAGTA,OXT_02,AGGGGAGCGTGCGGAGGC,9
GTGAGACGGTTGACCACT,OXT_21,GAGCAACGGGTCAGCATT,7
ACGGCTAGGGAGGGAACA,OXT_20,AGGGCCTAGGGATGACGT,10
AGGACTCAGCCAATGTAG,OXT_22,ACGGGACCGCAGATCGAG,9
TAGGGTCCGGGAGACGGT,OXT_02,AGGGGAGCGTGCGGAGGC,9
GCTGGGTCTCTATAGTGG,OXT_27,GTAGAATGGGCATCGTCG,10
AAGGCAGAAGACCCATGA,OXT_15,AGGGTATAACGTCCTTTG,9
AGGACGAACGGTGGTGCG,OXT_17,AGGAACTACGATCGTGAA,7
ATGGAGGTGATGACGCGG,OXT_14,TTGAGCGTAACGACAGTG,9
TTAACAGGATCTGCCATG,OXT_04,TAGACAGGGCTGACTGTG,9
AGCGATACAGAAGAGCGG,OXT_08,GACGGCATTCAGGCACGT,11
GCTGTAAGGGATCATAGT,OXT_11,GGGTAAGGGCACAACAGT,9
ATGCCAAGGGTTAAGTGA,OXT_21,GAGCAACGGGTCAGCATT,10
ACCGGGGCATTATAGCGA,OXT_07,GTGGGTGCATTTGCTGTA,10
AGTGGCAAAGGGAACAGT,OXT_20,AGGGCCTAGGGATGACGT,9
GAGTCAAGCACTGGTGCT,OXT_26,GGGGCATTCACTGAGCTG,9
ACCTATACTGGGTAAGCG,OXT_13,TATTACACTAGTGGATGG,10
AAGATAGGTTGAATCGGG,OXT_04,TAGACAGGGCTGACTGTG,9
AGAGCAAGGGAGTGTAGG,OXT_20,AGGGCCTAGGGATGACGT,9
AACCGTCTCATCCGTTGG,OXT_18,TAACGGGTTATCCATAAT,9
AGCTGGCATAGGCATACG,OXT_01,AGGCTGCGTAAGTCTGCT,9
GCATGACCTATCCTCGTG,OXT_05,GGCGGACAGACTCTAATG,9
ACGGGTGATGCTGCATGC,OXT_02,AGGGGAGCGTGCGGAGGC,9
TAGGTAGTGTGCCCTCCT,OXT_02,AGGGGAGCGTGCGGAGGC,10
ACGGGTTGAGACAGCGTG,OXT_22,ACGGGACCGCAGATCGAG,8
AGGGTACATCGACCGCGC,OXT_15,AGGGTATAACGTCCTTTG,7
ACGGCCCTCTATCGCGCT,OXT_17,AGGAACTACGATCGTGAA,9
AAGAGGCTACGTCCACGT,OXT_08,GACGGCATTCAGGCACGT,9
TTCGGTACACAGACGCTA,OXT_07,GTGGGTGCATTTGCTGTA,9
GCCGGTCCAAACGTGAAG,OXT_05,GGCGGACAGACTCTAATG,9
GAGGTAACGCGTATCCGG,OXT_22,ACGGGACCGCAGATCGAG,8
TATGAGTGGTTTCGCTTA,OXT_21,GAGCAACGGGTCAGCATT,10
ACCAAGGTCGTGACTATG,OXT_04,TAGACAGGGCTGACTGTG,9
TTGGACAGGTTTGGCCGA,OXT_07,GTGGGTGCATTTGCTGTA,10
ATGGAGCAGTACAGCGTG,OXT_22,ACGGGACCGCAGATCGAG,8
CAACGGGGTCACATCATG,OXT_18,TAACGGGTTATCCATAAT,9
ATGAAAAGGGATAAGGCG,OXT_23,AAGTAGGGACAGAATACG,9
TGGACGTGACACTTTGTG,OXT_04,TAGACAGGGCTGACTGTG,8
AGCGGCAAGACGGTAGCG,OXT_05,GGCGGACAGACTCTAATG,7
TGCGGGCAGTCCGAATCT,OXT_05,GGCGGACAGACTCTAATG,9
AACTGGGCTGACCCAATG,OXT_18,TAACGGGTTATCCATAAT,10
TCACGGCACAGGTCGCTA,OXT_01,AGGCTGCGTAAGTCTGCT,11
GGACTTGGGTAGAGGACG,OXT_24,GGGATTCGGTCATGTCCT,9
AGTGGACCAGTCATGCGC,OXT_02,AGGGGAGCGTGCGGAGGC,9
GCGGCACTGCGCAGTATG,OXT_21,GAGCAACGGGTCAGCATT,8
AAGGCTGGAATTGGATGG,OXT_13,TATTACACTAGTGGATGG,9
ACTGTGCGGAGGACTTAT,OXT_01,AGGCTGCGTAAGTCTGCT,8
AAGGGTAGGTACAGCGCG,OXT_22,ACGGGACCGCAGATCGAG,8
GAAGGACGTACCTCGACG,OXT_27,GTAGAATGGGCATCGTCG,7
GGCACGTAGTACGGTTTG,OXT_05,GGCGGACAGACTCTAATG,11
ACGGCATTGACGGTTGTG,OXT_26,GGGGCATTCACTGAGCTG,7
ATCGGCTATGCGATCGTG,OXT_14,TTGAGCGTAACGACAGTG,9
ATGCAAGGAGCGGCTCGA,OXT_07,GTGGGTGCATTTGCTGTA,10
GTGGACAGAGTATGTGAG,OXT_16,ATAAACAGTCTAGCTGTG,8
GGAGGCTGTGAGCGTAGA,OXT_17,AGGAACTACGATCGTGAA,9
AGGGCCAAGCAGCAGATC,OXT_15,AGGGTATAACGTCCTTTG,10
GGGCTTGCTCGTACTGCT,OXT_01,AGGCTGCGTAAGTCTGCT,8
ACATAGCTGTGCGTTGCG,OXT_02,AGGGGAGCGTGCGGAGGC,11
GGGGAACTTGTACGTTGG,OXT_15,AGGGTATAACGTCCTTTG,10
ACCGAAGTCGCAAGGTGG,OXT_27,GTAGAATGGGCATCGTCG,9
GGCTAGACTGCAGACGAT,OXT_03,GACTTGGGCTCATGCTGT,10
TGGCAGGCGTCGGGTTGA,OXT_02,AGGGGAGCGTGCGGAGGC,9
AAGCTCCAAGTACCTGTG,OXT_15,AGGGTATAACGTCCTTTG,8
TAGGGCATATACTGATCG,OXT_08,GACGGCATTCAGGCACGT,10
GACCCGAATAAGACGTGT,OXT_08,GACGGCATTCAGGCACGT,8
TCGCATCGAGGCAGGATG,OXT_21,GAGCAACGGGTCAGCATT,7
TAGCGGTTTGGTGACGAT,OXT_18,TAACGGGTTATCCATAAT,8
GAGGTAGACAGCCGTACG,OXT_15,AGGGTATAACGTCCTTTG,9
ACGGGCCTTGGCTTCTCT,OXT_20,AGGGCCTAGGGATGACGT,10
TTGACGTTGGTTCCTGTG,OXT_04,TAGACAGGGCTGACTGTG,7
TGACCAATCCAATCTTCG,OXT_27,GTAGAATGGGCATCGTCG,10
AGCGGGTGTGAGGAGCGT,OXT_08,GACGGCATTCAGGCACGT,8
AACACGACTGGGAGTAGA,OXT_12,AATACAGCGGTGTTTCTA,9
TGGCGGGAAGGTGGGTGG,OXT_02,AGGGGAGCGTGCGGAGGC,10
ACCGAAGGATGGATTGCA,OXT_23,AAGTAGGGACAGAATACG,9
AAGGTAGAGAATGACGTG,OXT_10,AAGATGTATCGTGTGCTG,9
TGCGGACTGGAGTGCTGC,OXT_02,AGGGGAGCGTGCGGAGGC,10
ATGAGTGTAGACAGTGTG,OXT_14,TTGAGCGTAACGACAGTG,7
AAGCAGTAGACATTGACG,OXT_10,AAGATGTATCGTGTGCTG,9
ACGGGAGACGCTCATTGC,OXT_15,AGGGTATAACGTCCTTTG,9
TGGAGACTGCGGTGTAGG,OXT_04,TAGACAGGGCTGACTGTG,9
GGGCAGAAGACGCAGCAG,OXT_26,GGGGCATTCACTGAGCTG,9
GTGGAGTGTTATGACTTG,OXT_26,GGGGCATTCACTGAGCTG,9
AGGAAGGGACATCAAAAG,OXT_23,AAGTAGGGACAGAATACG,6
GTTTGGGCATTCTCACGG,OXT_07,GTGGGTGCATTTGCTGTA,9
AGGCACAGATCAACCGCT,OXT_01,AGGCTGCGTAAGTCTGCT,9
AAGATCAGACGAGGAGTA,OXT_16,ATAAACAGTCTAGCTGTG,8
TGTGTCCGCCAGACATGG,OXT_08,GACGGCATTCAGGCACGT,10
CAAGCACAAACGGCGTCT,OXT_27,GTAGAATGGGCATCGTCG,10
AGGGCTGCAGGACGTTCC,OXT_02,AGGGGAGCGTGCGGAGGC,9
ACGTGTGAAAGGCGCGGA,OXT_02,AGGGGAGCGTGCGGAGGC,10
TGGAGCAGCGTATCTTCT,OXT_24,GGGATTCGGTCATGTCCT,9
ATCAGGTGGTGCAGATAC,OXT_02,AGGGGAGCGTGCGGAGGC,9
GGATTGGTAGATGGCGCT,OXT_03,GACTTGGGCTCATGCTGT,10
GAGGGTATAGCCCGTCTG,OXT_07,GTGGGTGCATTTGCTGTA,10
GGAGGGTGTCGAGCGTTG,OXT_27,GTAGAATGGGCATCGTCG,8
AGTGGCCTGTTGTAATGT,OXT_20,AGGGCCTAGGGATGACGT,9
ACGGATTAGTTCCGGCGG,OXT_20,AGGGCCTAGGGATGACGT,9
TAGCCTGAGCAGCCAGTG,OXT_04,TAGACAGGGCTGACTGTG,6
TACGGGAGTATGTCCAGT,OXT_08,GACGGCATTCAGGCACGT,8
GACGGATTCTATACTAGG,OXT_08,GACGGCATTCAGGCACGT,9
GACACCTTGGTGCTCTTA,OXT_12,AATACAGCGGTGTTTCTA,8
ACGGCTCATTACGTCGTT,OXT_22,ACGGGACCGCAGATCGAG,9
GGATAGTCAAGTGCTCAT,OXT_07,GTGGGTGCATTTGCTGTA,11
CGCATATGTCACTCGTGT,OXT_01,AGGCTGCGTAAGTCTGCT,10
AACCACATGACGCGTGCA,OXT_17,AGGAACTACGATCGTGAA,10
AGGGACACAGCATGGATT,OXT_20,AGGGCCTAGGGATGACGT,8
AGGTGATAGAACCGCCGT,OXT_11,GGGTAAGGGCACAACAGT,8
ACACAGGTTACCAGTGTG,OXT_18,TAACGGGTTATCCATAAT,9
CAGCGGGTCCATAACACA,OXT_23,AAGTAGGGACAGAATACG,8
CTAGTGGCGATGCGGAAT,OXT_18,TAACGGGTTATCCATAAT,9
TGCTGTACACTCATGTCG,OXT_09,TGTAGTGCTCGGCTGCCG,8
TAGTTATTGGACCTTCCT,OXT_11,GGGTAAGGGCACAACAGT,11
AAGTGGTTAGAGACGTAG,OXT_23,AAGTAGGGACAGAATACG,8
TACGCCGTGCAAGGTGTG,OXT_04,TAGACAGGGCTGACTGTG,8
TGCGGTAGAACTGACGCG,OXT_05,GGCGGACAGACTCTAATG,10
GCACGGGAACTGACTTGG,OXT_04,TAGACAGGGCTGACTGTG,10
GATGGGCCTCACTCTATG,OXT_08,GACGGCATTCAGGCACGT,10
ATCGACGTGACTCTCCCT,OXT_05,GGCGGACAGACTCTAATG,10
ACCCAGTGACCATCCGTG,OXT_16,ATAAACAGTCTAGCTGTG,9
CGGCGGTCCGACGATACT,OXT_01,AGGCTGCGTAAGTCTGCT,10
ACAGGCAGGTTGGGAGGA,OXT_02,AGGGGAGCGTGCGGAGGC,8
AGAGCGGCGACATCCATT,OXT_25,TGCATCGCAACAGCAGTT,9
AACGTGTTGCGTACAGTG,OXT_10,AAGATGTATCGTGTGCTG,8
ATGGCAACCATTGGCAGG,OXT_26,GGGGCATTCACTGAGCTG,9
AACCCGGAGTGAGGTGTG,OXT_02,AGGGGAGCGTGCGGAGGC,10
ACGGACCTTCCGAACGTG,OXT_22,ACGGGACCGCAGATCGAG,7
GATACCCGGGGAACGTGT,OXT_20,AGGGCCTAGGGATGACGT,10
AGGAAGCCGTTTGGGACG,OXT_02,AGGGGAGCGTGCGGAGGC,10
GGGGCTTCGGGAATAGCA,OXT_20,AGGGCCTAGGGATGACGT,8
TCGAGGAGCATGCATGTT,OXT_04,TAGACAGGGCTGACTGTG,9
CGGATAGGAGGACGGACG,OXT_09,TGTAGTGCTCGGCTGCCG,10
ACGAGATTGGACGTATCG,OXT_22,ACGGGACCGCAGATCGAG,9
AAGCAGTATGCTGTGCGG,OXT_10,AAGATGTATCGTGTGCTG,5
AGGGCTGAAGGACAGGAT,OXT_20,AGGGCCTAGGGATGACGT,8
AGGGTGATTAACCCAGTG,OXT_01,AGGCTGCGTAAGTCTGCT,8
TGGGAGAACGATACTAGT,OXT_17,AGGAACTACGATCGTGAA,9
ACACAATCTTGCTGTGCG,OXT_02,AGGGGAGCGTGCGGAGGC,10
CGCGCGGAGGCTGGTAAT,OXT_05,GGCGGACAGACTCTAATG,10
GGGGAAATACTGTCCAGG,OXT_11,GGGTAAGGGCACAACAGT,9
AGGTATGTGACGTATGTG,OXT_14,TTGAGCGTAACGACAGTG,9
ACAAGCAGAGTACGGCTG,OXT_16,ATAAACAGTCTAGCTGTG,8
TAACGTGCGGAACAGTGC,OXT_18,TAACGGGTTATCCATAAT,10
GTACGCCGACGATGGTGT,OXT_03,GACTTGGGCTCATGCTGT,10
TCCTAGGGGACACTTGAG,OXT_03,GACTTGGGCTCATGCTGT,11
GGGTATTGATAAGCGTCA,OXT_27,GTAGAATGGGCATCGTCG,9
CAGCACTGCTCCGATGGT,OXT_03,GACTTGGGCTCATGCTGT,11
AGTGGCAGACTACGGCAT,OXT_20,AGGGCCTAGGGATGACGT,10
ACTACGCAATGTCGGTCA,OXT_10,AAGATGTATCGTGTGCTG,11
ACGATGAGCTGTCTAGTG,OXT_10,AAGATGTATCGTGTGCTG,8
ACAGGCGATCAACATGTG,OXT_16,ATAAACAGTCTAGCTGTG,8
ACCATGCGTAAACGGGTG,OXT_01,AGGCTGCGTAAGTCTGCT,9
ACGGACGAAGGAGTGACT,OXT_20,AGGGCCTAGGGATGACGT,9
TGTGTGCAGTACTTAGGG,OXT_02,AGGGGAGCGTGCGGAGGC,10
GGGCCATGGCTCGTTCAT,OXT_11,GGGTAAGGGCACAACAGT,9
ACGGGACAATCCAGGACG,OXT_22,ACGGGACCGCAGATCGAG,9
GGCGTAACAATGGCGTGT,OXT_08,GACGGCATTCAGGCACGT,9
CGGGCATTAATGGCCGAT,OXT_26,GGGGCATTCACTGAGCTG,9
GGGGCACATTAGGCCTCG,OXT_01,AGGCTGCGTAAGTCTGCT,10
TGGGCCATACTGCACGCT,OXT_04,TAGACAGGGCTGACTGTG,11
GACTCCGCATGCTCTTCT,OXT_03,GACTTGGGCTCATGCTGT,9
GGGACACGCGATCCAATG,OXT_05,GGCGGACAGACTCTAATG,8
ATCCCGGGTAGCAGGTTG,OXT_06,ATCATCATCATCATCATC,11
AAGCAGTAGACACATGAT,OXT_17,AGGAACTACGATCGTGAA,9
ACGGACACGCAGGTGAGG,OXT_22,ACGGGACCGCAGATCGAG,7
GGAGCACAGCGTCGCGTA,OXT_05,GGCGGACAGACTCTAATG,8
TGCGGCTACGAACCTGGT,OXT_17,AGGAACTACGATCGTGAA,8
ATTGGGGTGAAACCATAT,OXT_18,TAACGGGTTATCCATAAT,10
GGCATAGCGTGCTGCAGT,OXT_02,AGGGGAGCGTGCGGAGGC,8
GTGGGTACAGCGCATTGG,OXT_07,GTGGGTGCATTTGCTGTA,9
AATCGGCTAGTGAGCGCA,OXT_21,GAGCAACGGGTCAGCATT,10
TGGAACGTCGTTGTATCG,OXT_13,TATTACACTAGTGGATGG,10
GGGCAACGACACGGCCTA,OXT_21,GAGCAACGGGTCAGCATT,7
ATGCGGTGCTTCTTGGCG,OXT_01,AGGCTGCGTAAGTCTGCT,10
ATGGGATTCGGTCACTTT,OXT_15,AGGGTATAACGTCCTTTG,8
GTAGACTCGATAATGTTG,OXT_27,GTAGAATGGGCATCGTCG,7
GGGACTGGGAGAGCATTG,OXT_04,TAGACAGGGCTGACTGTG,9
GGGAGGAGGAATCGCTCG,OXT_05,GGCGGACAGACTCTAATG,10
ACGCAGAAGGACGTACGA,OXT_20,AGGGCCTAGGGATGACGT,10
ATGGGGATAATGTCTGCA,OXT_01,AGGCTGCGTAAGTCTGCT,8
ACGTTCCGCACGTGTACG,OXT_01,AGGCTGCGTAAGTCTGCT,8
TGTGGGATGCAGCACTTG,OXT_09,TGTAGTGCTCGGCTGCCG,10
AGGATGCATCGCGCCCGA,OXT_10,AAGATGTATCGTGTGCTG,7
GCGACACACGAAGTGGAG,OXT_22,ACGGGACCGCAGATCGAG,9
TCGGTCAAGATGGACGTG,OXT_04,TAGACAGGGCTGACTGTG,10
ACAGGACCGGTGTGTGTG,OXT_22,ACGGGACCGCAGATCGAG,7
AGCACTGCCAACAGTGTG,OXT_28,AGCGGCGGCGACGGCGAA,9
GTCTAGGTATCAGGGCGT,OXT_03,GACTTGGGCTCATGCTGT,7
GGTCATTGGCTGTGCTCG,OXT_27,GTAGAATGGGCATCGTCG,9
AGGGTACCTTCGCTGTAG,OXT_22,ACGGGACCGCAGATCGAG,8
GCATGGTGAGAATGTGGA,OXT_03,GACTTGGGCTCATGCTGT,10
AGTGACCATAGACAGCGG,OXT_20,AGGGCCTAGGGATGACGT,9
TGCGGAACCTAGTTAGTG,OXT_05,GGCGGACAGACTCTAATG,9
AATGCGCTCTATCCCCGA,OXT_08,GACGGCATTCAGGCACGT,11
AGGGCAACAAACAGGCTT,OXT_26,GGGGCATTCACTGAGCTG,9
TAGTGCGGCAGCTATGGA,OXT_18,TAACGGGTTATCCATAAT,10
ATGGAGCAGCAGCGTAAG,OXT_22,ACGGGACCGCAGATCGAG,8
TAGGTCCCGTGTACTGTG,OXT_04,TAGACAGGGCTGACTGTG,8
TCGCCACTGAGACTTGTG,OXT_04,TAGACAGGGCTGACTGTG,9
AGGTACGTCTGCATATTG,OXT_02,AGGGGAGCGTGCGGAGGC,10
TAGGAGGAGGAGTTCGCG,OXT_22,ACGGGACCGCAGATCGAG,9
GATCGCTGCTGGGTTGCT,OXT_01,AGGCTGCGTAAGTCTGCT,11
CGCGGGCCATGTTTAGCG,OXT_05,GGCGGACAGACTCTAATG,9
GCAGGGTACACGGATCTA,OXT_26,GGGGCATTCACTGAGCTG,8
GGGCTTACCAAGCAACGA,OXT_01,AGGCTGCGTAAGTCTGCT,11
AGGGAGCTGATGCTGCTT,OXT_01,AGGCTGCGTAAGTCTGCT,10
GATAACGGCCCCGTGATG,OXT_10,AAGATGTATCGTGTGCTG,10
TCCCGATCAACTCCGGAG,OXT_05,GGCGGACAGACTCTAATG,10
ACTCCTAGCAGCTCTCAA,OXT_01,AGGCTGCGTAAGTCTGCT,11
ATGTACAGACCGCAGCTG,OXT_23,AAGTAGGGACAGAATACG,8
AGGAGGCTGATTAAGGTG,OXT_14,TTGAGCGTAACGACAGTG,9
AACTCCACAGCACCGTGT,OXT_03,GACTTGGGCTCATGCTGT,10
TGGACTACAGCCGGTTGG,OXT_13,TATTACACTAGTGGATGG,10
GATACGGCAATACTCGAT,OXT_12,AATACAGCGGTGTTTCTA,10
GGCGTGTAGGAGCGGCTT,OXT_20,AGGGCCTAGGGATGACGT,9
AGCCGTATTGCTGTGACG,OXT_05,GGCGGACAGACTCTAATG,10
GACGACATTTAACCGTGG,OXT_08,GACGGCATTCAGGCACGT,7
GCTCGGACATCTTTCGTG,OXT_07,GTGGGTGCATTTGCTGTA,10
TCATGGAGGACACGTTGC,OXT_03,GACTTGGGCTCATGCTGT,10
AGAGGAACGTGGGCCAAT,OXT_02,AGGGGAGCGTGCGGAGGC,8
GACATCATATTCTGGCGG,OXT_03,GACTTGGGCTCATGCTGT,10
AAGGCACTAGAATCGGCT,OXT_01,AGGCTGCGTAAGTCTGCT,9
AGCCGTAGTGTTCGAGCA,OXT_28,AGCGGCGGCGACGGCGAA,9
AAGGCCTGCATTCTCGAT,OXT_17,AGGAACTACGATCGTGAA,9
CTGGATCTCTTGACGCAT,OXT_07,GTGGGTGCATTTGCTGTA,11
ATTCATCGCTCCAGTGTC,OXT_21,GAGCAACGGGTCAGCATT,10
GCCATTACGACTTCGGAG,OXT_25,TGCATCGCAACAGCAGTT,10
GCGGCGTCAGCAGAGGTG,OXT_26,GGGGCATTCACTGAGCTG,7
AGTGGGACCGAGACGTAG,OXT_22,ACGGGACCGCAGATCGAG,9
AGCACTACGTCTGGCATA,OXT_02,AGGGGAGCGTGCGGAGGC,11
GCGGCTCTGTCTCGGGTA,OXT_07,GTGGGTGCATTTGCTGTA,9
AAGGTCTTAGCCGGTACG,OXT_15,AGGGTATAACGTCCTTTG,10
GAACCCACGTCTCTACCG,OXT_05,GGCGGACAGACTCTAATG,10
TAACGGGAACGACTCCTG,OXT_09,TGTAGTGCTCGGCTGCCG,9
GGTACCGAGGTGTGATAA,OXT_12,AATACAGCGGTGTTTCTA,8
GGTCCGGATCTCCTTGTA,OXT_12,AATACAGCGGTGTTTCTA,10
ATGCCCTCGCTGACCAGT,OXT_04,TAGACAGGGCTGACTGTG,10
TGGTTCGTTCGATTGGCT,OXT_09,TGTAGTGCTCGGCTGCCG,9
GGGGTGGCATGAGTTAGT,OXT_02,AGGGGAGCGTGCGGAGGC,9
GGCGCAAGGGGAAAGTTA,OXT_27,GTAGAATGGGCATCGTCG,9
GGGTAACCGTAAAGCTGA,OXT_11,GGGTAAGGGCACAACAGT,7
GCAGACCGTAAGTGTGCG,OXT_01,AGGCTGCGTAAGTCTGCT,8
CTGAGACTTCACTCGTTG,OXT_14,TTGAGCGTAACGACAGTG,10
GGGGTGTACAAAAGCGCT,OXT_01,AGGCTGCGTAAGTCTGCT,9
GGAGGTAAGAGTGCACCG,OXT_05,GGCGGACAGACTCTAATG,8
ATACGGAAGCGGCGAGGA,OXT_02,AGGGGAGCGTGCGGAGGC,10
TGTCAAGGGCTCAACGAT,OXT_11,GGGTAAGGGCACAACAGT,6
AAATCCCACTTTGCTGTG,OXT_16,ATAAACAGTCTAGCTGTG,8
CACGGGCTGGGTCAAACT,OXT_05,GGCGGACAGACTCTAATG,9
AACGGCGCTTAAAGGTTT,OXT_03,GACTTGGGCTCATGCTGT,10
AAGATGCTGGGTAAGCTG,OXT_10,AAGATGTATCGTGTGCTG,6
GGCAATAGAAGAGTGCTA,OXT_25,TGCATCGCAACAGCAGTT,10
ATGGGTTAGCCATGTGCA,OXT_20,AGGGCCTAGGGATGACGT,9
ACTGGGCATTCGTATCCA,OXT_01,AGGCTGCGTAAGTCTGCT,10
AGGGATGAGAGACGGCGT,OXT_20,AGGGCCTAGGGATGACGT,6
ACCGGATTTGGCATGACG,OXT_22,ACGGGACCGCAGATCGAG,10
GGCGGAGGCCATGATAGT,OXT_11,GGGTAAGGGCACAACAGT,7
ACCTTGGTGAACGCCGTG,OXT_06,ATCATCATCATCATCATC,10
ACAGGCGGATAACGATAT,OXT_28,AGCGGCGGCGACGGCGAA,9
GGGATGAATACTGATGTT,OXT_01,AGGCTGCGTAAGTCTGCT,9
AAGGGTGTGCAGCGCCAG,OXT_22,ACGGGACCGCAGATCGAG,7
GCGGATAGGACAGACGTG,OXT_26,GGGGCATTCACTGAGCTG,9
TGAGGACTAAGGGTGCAT,OXT_09,TGTAGTGCTCGGCTGCCG,10
GGGTCCATGCGAGAGGCT,OXT_11,GGGTAAGGGCACAACAGT,10
ATGTAGGGCGTCAATATG,OXT_23,AAGTAGGGACAGAATACG,6
ACAGACCCAGACCTGTGA,OXT_17,AGGAACTACGATCGTGAA,11
AGCATGGCGGCAATCTGT,OXT_03,GACTTGGGCTCATGCTGT,8
TAACAGGGTACGGCCCTC,OXT_18,TAACGGGTTATCCATAAT,10
GTGCCAGACGTGGATACG,OXT_04,TAGACAGGGCTGACTGTG,10
AACTTAAGCTGGGATCGT,OXT_03,GACTTGGGCTCATGCTGT,9
ACGGCCCGGTTCCAGCAG,OXT_22,ACGGGACCGCAGATCGAG,10
GATAGGGGTATGTGACCG,OXT_09,TGTAGTGCTCGGCTGCCG,9
GACGGGCTAGAACGGAGG,OXT_05,GGCGGACAGACTCTAATG,10
CAGGGCTAGAATGGCATC,OXT_05,GGCGGACAGACTCTAATG,10
AGGGATGACGGGTAGTAC,OXT_17,AGGAACTACGATCGTGAA,10
AGACGCTGTGGACCAACT,OXT_20,AGGGCCTAGGGATGACGT,9
CGGGGTCACTACAATCGT,OXT_11,GGGTAAGGGCACAACAGT,10
ATCGTACTCCGACTGCGG,OXT_10,AAGATGTATCGTGTGCTG,10
CAGGACAAACGGACTGCT,OXT_23,AAGTAGGGACAGAATACG,9
TCCACCTCGGGAACTATG,OXT_04,TAGACAGGGCTGACTGTG,9
AACAGGGCGATCGGACGA,OXT_02,AGGGGAGCGTGCGGAGGC,8
AGTACTGGGACCTTGCCA,OXT_12,AATACAGCGGTGTTTCTA,8
GGCGGCAAGATCACAACT,OXT_05,GGCGGACAGACTCTAATG,8
ATGGTACCGGTACTTGGG,OXT_22,ACGGGACCGCAGATCGAG,8
GGGACAACGATGTGCCGG,OXT_12,AATACAGCGGTGTTTCTA,9
AGGTAGCTGGCCGCTGCT,OXT_01,AGGCTGCGTAAGTCTGCT,8
GGATGTAGGACATTCGCT,OXT_24,GGGATTCGGTCATGTCCT,8
AAGCTGGAATAGGAGTGC,OXT_23,AAGTAGGGACAGAATACG,9
GTGCGGTACGTAGAGCTG,OXT_26,GGGGCATTCACTGAGCTG,8
TGGACCTGGAGGTGTGAG,OXT_04,TAGACAGGGCTGACTGTG,8
GAGCTTATAGACCGATTG,OXT_21,GAGCAACGGGTCAGCATT,10
GATGATGGATATCGCGGA,OXT_07,GTGGGTGCATTTGCTGTA,9
GCAACCGGCGTATACGAT,OXT_03,GACTTGGGCTCATGCTGT,10
AACGTGCGGTGGTCTACT,OXT_01,AGGCTGCGTAAGTCTGCT,7
TAGCCCCGGCTAATTGCG,OXT_04,TAGACAGGGCTGACTGTG,6
AGGCAGGGAGAATAGCTG,OXT_23,AAGTAGGGACAGAATACG,8
ACAGGTGACGACCAGGTG,OXT_28,AGCGGCGGCGACGGCGAA,9
TAATGGCAAGGTGAAGTA,OXT_07,GTGGGTGCATTTGCTGTA,11
AGGGCTGCTGGCATTGTG,OXT_02,AGGGGAGCGTGCGGAGGC,9
ATCTTATCTTGGTCATTG,OXT_15,AGGGTATAACGTCCTTTG,9
GACGGACGGTAGAATGCG,OXT_22,ACGGGACCGCAGATCGAG,8
GCACCCTGCGCTAAGAGG,OXT_26,GGGGCATTCACTGAGCTG,9
GCATACCTGATGACGCGT,OXT_08,GACGGCATTCAGGCACGT,10
GGCGGGCACGTGTCAACA,OXT_05,GGCGGACAGACTCTAATG,9
TGTGACAACAGAGGTTCG,OXT_13,TATTACACTAGTGGATGG,7
GATCACAATCTGCGAGCT,OXT_08,GACGGCATTCAGGCACGT,9
TGGCAAGCAGTCAATGGT,OXT_11,GGGTAAGGGCACAACAGT,8
TCACGGTTGACGGACGGA,OXT_18,TAACGGGTTATCCATAAT,10
TGCAGGTTGGCAGATACT,OXT_18,TAACGGGTTATCCATAAT,10
GCTGCATACACCGCTGTG,OXT_26,GGGGCATTCACTGAGCTG,7
AACCGCACTGACTGGTTG,OXT_13,TATTACACTAGTGGATGG,10
GTATGGACACCACATGCT,OXT_07,GTGGGTGCATTTGCTGTA,11
AAATGGCGATCACGCAGT,OXT_03,GACTTGGGCTCATGCTGT,7
AGGAGGACGATCCCGAAT,OXT_18,TAACGGGTTATCCATAAT,9
AGGACCATACGTGCCCGA,OXT_08,GACGGCATTCAGGCACGT,10
GCGGAAATACGACATGCG,OXT_15,AGGGTATAACGTCCTTTG,9
ACTAAGCCTGACGTTGCG,OXT_01,AGGCTGCGTAAGTCTGCT,10
AGCCATGTGCGGAATCGA,OXT_11,GGGTAAGGGCACAACAGT,10
CCGGGGTATCTCCATGTC,OXT_15,AGGGTATAACGTCCTTTG,10
GGCATGCGGCTACCGTGT,OXT_03,GACTTGGGCTCATGCTGT,9
AGGTGCACACAGACGCCG,OXT_23,AAGTAGGGACAGAATACG,8
GGGGAGATAGAGGGCCCG,OXT_08,GACGGCATTCAGGCACGT,10
CGAGGTATATCCGTCGTG,OXT_07,GTGGGTGCATTTGCTGTA,10
GGACTAGGCTTCGGAGCG,OXT_02,AGGGGAGCGTGCGGAGGC,9
ATCTATGGACGGTTTATA,OXT_23,AAGTAGGGACAGAATACG,8
GAGCGAGCACTGTATGGT,OXT_04,TAGACAGGGCTGACTGTG,9
CGAGGGTATGATGCACAG,OXT_08,GACGGCATTCAGGCACGT,10
AGACGCCATGATACCCCT,OXT_01,AGGCTGCGTAAGTCTGCT,9
ACGCCTGTTTCAGACTCG,OXT_26,GGGGCATTCACTGAGCTG,11
ACGCCATACTGGTTCGGT,OXT_20,AGGGCCTAGGGATGACGT,9
AATACGAAGATTGCGGCT,OXT_10,AAGATGTATCGTGTGCTG,10
CAGGCGCGAACAGCGTGT,OXT_03,GACTTGGGCTCATGCTGT,10
AGGAAGTTCATCGTACCG,OXT_10,AAGATGTATCGTGTGCTG,9
TGGATAGGTTAGTCCGTG,OXT_04,TAGACAGGGCTGACTGTG,7
TGGGTGCTTAAATCTCGT,OXT_01,AGGCTGCGTAAGTCTGCT,6
ATGTGGGACCTACCGTCG,OXT_15,AGGGTATAACGTCCTTTG,10
AGTCAACCTGGCACGCGG,OXT_09,TGTAGTGCTCGGCTGCCG,10
AGCGGCCCGTAGCTGGAT,OXT_22,ACGGGACCGCAGATCGAG,7
AACCCTGCTCCGTGTCAC,OXT_12,AATACAGCGGTGTTTCTA,9
GGCAGGGTTGCTCTGGAG,OXT_05,GGCGGACAGACTCTAATG,9
CGGCCGGGCATAGATCGT,OXT_01,AGGCTGCGTAAGTCTGCT,10
GATGGATATGTCCTCGTA,OXT_05,GGCGGACAGACTCTAATG,10
AGACTGGGTCCATGTCGA,OXT_01,AGGCTGCGTAAGTCTGCT,9
AGTAGAACAGCCGCGGGT,OXT_02,AGGGGAGCGTGCGGAGGC,9
GATAGGACGAGTGACCTG,OXT_10,AAGATGTATCGTGTGCTG,9
ATCCGACGTTTTAACATG,OXT_21,GAGCAACGGGTCAGCATT,9
AATAATCGTCAGTGGGCG,OXT_01,AGGCTGCGTAAGTCTGCT,9
GGCAGCTCTTGAACGGCT,OXT_25,TGCATCGCAACAGCAGTT,9
TACCGGTCGTCGTGAGCT,OXT_03,GACTTGGGCTCATGCTGT,10
TTGGGACAGGTGACTAGG,OXT_04,TAGACAGGGCTGACTGTG,8
AGGGTGATGATGACCAGT,OXT_01,AGGCTGCGTAAGTCTGCT,9
TGGTCGAACCTTTCATGG,OXT_13,TATTACACTAGTGGATGG,10
ACGTGGTGAGACAAGCGG,OXT_23,AAGTAGGGACAGAATACG,8
ACATCCTCGAGACCTGGT,OXT_20,AGGGCCTAGGGATGACGT,9
GTTAGGGCGCCGGCTCTA,OXT_07,GTGGGTGCATTTGCTGTA,8
ACGGTGGGACATTCGTCG,OXT_15,AGGGTATAACGTCCTTTG,8
ATCGAATTCCGCCCTGTT,OXT_15,AGGGTATAACGTCCTTTG,8
GGGTGCAGCATGACCCTA,OXT_06,ATCATCATCATCATCATC,10
GGCCCAGGTGTGTTCTTA,OXT_12,AATACAGCGGTGTTTCTA,8
ACGAGGACGGCTACTGCT,OXT_01,AGGCTGCGTAAGTCTGCT,10
GTGGCTGTGGTGCTCGGT,OXT_07,GTGGGTGCATTTGCTGTA,10
GTGACTGGTCAAGTTCCG,OXT_09,TGTAGTGCTCGGCTGCCG,9
ATTAGAGGTGGCTACACT,OXT_11,GGGTAAGGGCACAACAGT,10
ACGGGTTACATTAGATCG,OXT_15,AGGGTATAACGTCCTTTG,10
TAACGTCCAGCCGAATCG,OXT_13,TATTACACTAGTGGATGG,11
AGGACAGGGCTAAAGGTG,OXT_04,TAGACAGGGCTGACTGTG,5
AACGCCGTGTAGACGTGA,OXT_08,GACGGCATTCAGGCACGT,9
ATGGAACGGGCAAGTTGG,OXT_27,GTAGAATGGGCATCGTCG,7
TAGCGGCGCCGGCGTAGT,OXT_18,TAACGGGTTATCCATAAT,9
ATGCGTCGGACAGTTGTA,OXT_07,GTGGGTGCATTTGCTGTA,9
ATAGCACGGGCACACTAG,OXT_27,GTAGAATGGGCATCGTCG,7
GTGGTCATCTCGTCTCTA,OXT_07,GTGGGTGCATTTGCTGTA,9
AGCAGAAGGATGAGGCGA,OXT_12,AATACAGCGGTGTTTCTA,10
ATGGGCTTCGACATTCGG,OXT_06,ATCATCATCATCATCATC,10
TTGGAGAAGCTCCAGGCG,OXT_04,TAGACAGGGCTGACTGTG,11
CTCGACCGAGGTGGAATG,OXT_05,GGCGGACAGACTCTAATG,10
AAGGCGGAATTGGCCTGA,OXT_07,GTGGGTGCATTTGCTGTA,9
CTGCAGGGTTACTCCGCT,OXT_01,AGGCTGCGTAAGTCTGCT,7
GCACATCTTAGGCGTGTA,OXT_01,AGGCTGCGTAAGTCTGCT,11
ATGATACCGACACTTGCT,OXT_24,GGGATTCGGTCATGTCCT,8
AATCAGTATACGGCTCGC,OXT_01,AGGCTGCGTAAGTCTGCT,10
AACGGGAATCATTGCGTG,OXT_10,AAGATGTATCGTGTGCTG,9
TGGCAGTGACACTCCCCT,OXT_01,AGGCTGCGTAAGTCTGCT,8
CGGGGCCGAGTTGAATCA,OXT_07,GTGGGTGCATTTGCTGTA,10
GCACTGCTGGTTAGTCGG,OXT_21,GAGCAACGGGTCAGCATT,10
AGGAGGCTATCATCTGCT,OXT_01,AGGCTGCGTAAGTCTGCT,7
AGCGGAGGTCGTCTTCGC,OXT_02,AGGGGAGCGTGCGGAGGC,9
ATGGCAAGGTGACATGCG,OXT_02,AGGGGAGCGTGCGGAGGC,10
GCTCGTGCTAACAAGCAA,OXT_09,TGTAGTGCTCGGCTGCCG,10
ACGATCAGCGCGTTATTG,OXT_06,ATCATCATCATCATCATC,10
GGGCGATATGATGCAATG,OXT_05,GGCGGACAGACTCTAATG,8
GACTGGGGAAACAGCAGC,OXT_03,GACTTGGGCTCATGCTGT,8
ATGGACTCATGTCAATGT,OXT_15,AGGGTATAACGTCCTTTG,9
AGCGGTGACCAACTGCGA,OXT_09,TGTAGTGCTCGGCTGCCG,9
GGGAACCATGTAGACGCA,OXT_17,AGGAACTACGATCGTGAA,9
TGGGAACATATGCATTAT,OXT_18,TAACGGGTTATCCATAAT,9
GACACAGCGTGGGATCTG,OXT_12,AATACAGCGGTGTTTCTA,7
AGGGAATAGGAATCGGCG,OXT_27,GTAGAATGGGCATCGTCG,6
GCGGGCGACGCTGACATT,OXT_26,GGGGCATTCACTGAGCTG,9
AGGGCCAGTGAAAGGCGT,OXT_20,AGGGCCTAGGGATGACGT,6
AACCCGACCGATCTTCCT,OXT_12,AATACAGCGGTGTTTCTA,10
TATGTGGCCAAAACGCTG,OXT_25,TGCATCGCAACAGCAGTT,10
AACGGCACCGAGACCTTA,OXT_28,AGCGGCGGCGACGGCGAA,8
AGTAGACGGATGAGCGTG,OXT_04,TAGACAGGGCTGACTGTG,8
ACATCGCGTGCTTGGTCT,OXT_01,AGGCTGCGTAAGTCTGCT,10
GACACCGTGGAGAGTACA,OXT_12,AATACAGCGGTGTTTCTA,9
GCTGGATGATGCGGGCAT,OXT_02,AGGGGAGCGTGCGGAGGC,10
ACGGAGACCATGACGTGT,OXT_01,AGGCTGCGTAAGTCTGCT,11
AAGGAGATGTGCTGCGTA,OXT_02,AGGGGAGCGTGCGGAGGC,9
GGGGCCTATTCCATGCAT,OXT_20,AGGGCCTAGGGATGACGT,9
ATGACCTGTAGAGTAATG,OXT_10,AAGATGTATCGTGTGCTG,8
GGCGGAAAGGCTCTGCAA,OXT_05,GGCGGACAGACTCTAATG,6
GGCATGGAGTGCTATCTT,OXT_24,GGGATTCGGTCATGTCCT,8
GCAGACGAAGTATGTGCA,OXT_07,GTGGGTGCATTTGCTGTA,10
AATACGGCACGTCGTGAT,OXT_12,AATACAGCGGTGTTTCTA,10
ACGAAGGAATCGCACGTG,OXT_14,TTGAGCGTAACGACAGTG,9
GGCATGCCCTATTACGCT,OXT_01,AGGCTGCGTAAGTCTGCT,9
GCCGTAAAGTTGCGGGTA,OXT_05,GGCGGACAGACTCTAATG,10
AGGGGAACGGATAGTAGG,OXT_02,AGGGGAGCGTGCGGAGGC,8
TCACGGTAGGACTGGATA,OXT_18,TAACGGGTTATCCATAAT,11
GCGGGAAGTGAGTACGAG,OXT_22,ACGGGACCGCAGATCGAG,7
ACACGACGCGTACTCCCT,OXT_19,CCCCCCCCCCCCCCCCCC,10
TCGAGGTGTTAAAGGGTT,OXT_01,AGGCTGCGTAAGTCTGCT,11
ATGATACAGGTCGACGCA,OXT_21,GAGCAACGGGTCAGCATT,10
ACAGCATGAGGGCCGTGA,OXT_15,AGGGTATAACGTCCTTTG,9
GGCTAAGTGGAGACATGT,OXT_11,GGGTAAGGGCACAACAGT,7
GGCCAACCTGCGACGTAG,OXT_27,GTAGAATGGGCATCGTCG,9
CGGGCTGCAAGGTTCAAA,OXT_07,GTGGGTGCATTTGCTGTA,11
CGCAGAGGCGGTTGGATA,OXT_28,AGCGGCGGCGACGGCGAA,9
GTGGGGGAGACTCCTGTG,OXT_05,GGCGGACAGACTCTAATG,7
CAATCAGAAGGATCGGCA,OXT_27,GTAGAATGGGCATCGTCG,10
ACTATCGAATCAAGGGTG,OXT_14,TTGAGCGTAACGACAGTG,9
AGCGGGTAATAGCACTGT,OXT_15,AGGGTATAACGTCCTTTG,10
ATAGTCAATTCGACGGAT,OXT_16,ATAAACAGTCTAGCTGTG,10
GCCAACTGATGTGGGGAT,OXT_17,AGGAACTACGATCGTGAA,10
GAGGATGATGTCATGGCG,OXT_21,GAGCAACGGGTCAGCATT,10
GGAGCAAAGCGTAGAGGT,OXT_20,AGGGCCTAGGGATGACGT,8
ATCGGTGAAGCAGTATGT,OXT_20,AGGGCCTAGGGATGACGT,10
AGCAGGGCAGTAAAGATA,OXT_12,AATACAGCGGTGTTTCTA,10
AAGGTCCTAGCGGGATTG,OXT_14,TTGAGCGTAACGACAGTG,9
AAGCAGTCCTGATGCGTG,OXT_03,GACTTGGGCTCATGCTGT,10
AACATCATCCTGGTGTGA,OXT_06,ATCATCATCATCATCATC,8
ATGCGACGGCGTGGAGAT,OXT_02,AGGGGAGCGTGCGGAGGC,8
GGATACGCATACGTGCCG,OXT_09,TGTAGTGCTCGGCTGCCG,10
GGGGATTTAGCCATGTCA,OXT_27,GTAGAATGGGCATCGTCG,9
GGTGGCAATGAGACAGGT,OXT_08,GACGGCATTCAGGCACGT,6
GGGCATCAATCAGTTACT,OXT_24,GGGATTCGGTCATGTCCT,7
ACAGGGTACCAGATCATA,OXT_22,ACGGGACCGCAGATCGAG,8
ACGCGGAAGACGTGCATA,OXT_01,AGGCTGCGTAAGTCTGCT,11
TTCGAGGATAAGTCGTCG,OXT_27,GTAGAATGGGCATCGTCG,9
GGGCCGTTATGTAACACT,OXT_11,GGGTAAGGGCACAACAGT,10
CGCAGGGTAGACGGCGCA,OXT_28,AGCGGCGGCGACGGCGAA,6
AGGACGCATCGACAGTAT,OXT_10,AAGATGTATCGTGTGCTG,9
ACGGACTGCGAACGGTGT,OXT_17,AGGAACTACGATCGTGAA,8
GCAGTAAGACGATGACTG,OXT_15,AGGGTATAACGTCCTTTG,10
TGAATGAGAGCGCTATGG,OXT_09,TGTAGTGCTCGGCTGCCG,11
GGCGAGATGGCAAAAGTG,OXT_05,GGCGGACAGACTCTAATG,9
CAGGGCTCTCAGGACCGT,OXT_08,GACGGCATTCAGGCACGT,6
AGGCGACATTGGAGACGG,OXT_02,AGGGGAGCGTGCGGAGGC,8
ATCGGGCATGACGGCGCG,OXT_28,AGCGGCGGCGACGGCGAA,7
ACGCAAGGAGTGTAGTTG,OXT_23,AAGTAGGGACAGAATACG,9
AGCGGCGAGGTGTATGCT,OXT_20,AGGGCCTAGGGATGACGT,9
TCCCTCCTGGAAGTGTCG,OXT_27,GTAGAATGGGCATCGTCG,11
GTACCCTCGATTCGCTCT,OXT_19,CCCCCCCCCCCCCCCCCC,11
ATGCGGCAGGACAATGAA,OXT_17,AGGAACTACGATCGTGAA,9
AAAGAGGTACATACGGCG,OXT_23,AAGTAGGGACAGAATACG,7
AGACTGGGCTGAGTATAA,OXT_03,GACTTGGGCTCATGCTGT,10
AGCGCAGGGAAACGGCTG,OXT_05,GGCGGACAGACTCTAATG,9
ACGCGATATAGAATGTGC,OXT_10,AAGATGTATCGTGTGCTG,10
GAGGTGGTGGAGACCGCG,OXT_04,TAGACAGGGCTGACTGTG,9
ACACCCTGCCTGTTGCCG,OXT_29,CCCCCCCCCCCCCCGCCC,9
AGACGTGATTACTTGACA,OXT_09,TGTAGTGCTCGGCTGCCG,10
ACAGAGCTGTACTATGTG,OXT_22,ACGGGACCGCAGATCGAG,10
AGGGCGAGAAGGATCCGT,OXT_20,AGGGCCTAGGGATGACGT,9
ACATGGGTAATAGGGCAT,OXT_18,TAACGGGTTATCCATAAT,9
TAGGGTCTGCCTCATATA,OXT_05,GGCGGACAGACTCTAATG,9
TCCGGGCAACTCACGACG,OXT_29,CCCCCCCCCCCCCCGCCC,10
ACCAGGGTTGAATCTGCG,OXT_01,AGGCTGCGTAAGTCTGCT,9
GTAGAGACAACCGAGTGT,OXT_27,GTAGAATGGGCATCGTCG,10
GGCGGACAGGTAGATGAG,OXT_05,GGCGGACAGACTCTAATG,8
ATGCAGAGTATGTGGGCA,OXT_01,AGGCTGCGTAAGTCTGCT,7
AATCGTACATTGACGTTG,OXT_07,GTGGGTGCATTTGCTGTA,10
TCAGGAGATTCGCTCTGT,OXT_03,GACTTGGGCTCATGCTGT,11
GCGGGCCATTATGTGTAT,OXT_08,GACGGCATTCAGGCACGT,10
AGAGGTTAGTCGTACATG,OXT_05,GGCGGACAGACTCTAATG,9
ATCAAGCAGAACCGCCAT,OXT_17,AGGAACTACGATCGTGAA,10
TTGGCTAGCCCAGCTGTG,OXT_16,ATAAACAGTCTAGCTGTG,7
GACATAGGGTGCTCAGTG,OXT_04,TAGACAGGGCTGACTGTG,8
GTGGGACTCGATCAACCT,OXT_26,GGGGCATTCACTGAGCTG,9
AGCGGCGACGAACTGTGA,OXT_28,AGCGGCGGCGACGGCGAA,7
ACAGTGGTACGCGCTCAT,OXT_15,AGGGTATAACGTCCTTTG,10
GCGGTCGTAGACCAACGT,OXT_08,GACGGCATTCAGGCACGT,9
ATAGCATGGTGGAGTCGT,OXT_20,AGGGCCTAGGGATGACGT,8
TGGTGCCAGGTGAGAGAG,OXT_14,TTGAGCGTAACGACAGTG,9
ACACCAGCGTTGGTGCGG,OXT_12,AATACAGCGGTGTTTCTA,8
GGCGGCTGAGTCAATATG,OXT_05,GGCGGACAGACTCTAATG,10
GGGTAAAGAGGTAAACGA,OXT_11,GGGTAAGGGCACAACAGT,8
GGGCAAACCCTGGTGTCG,OXT_09,TGTAGTGCTCGGCTGCCG,10
AGGGGCCACCCATCCGTA,OXT_28,AGCGGCGGCGACGGCGAA,9
GGTGCATGGATACTACAT,OXT_05,GGCGGACAGACTCTAATG,9
AGGAGGCGTGAATGTATG,OXT_01,AGGCTGCGTAAGTCTGCT,8
GAGACTTGACCAGGGTCG,OXT_24,GGGATTCGGTCATGTCCT,9
AAGCGGAATATCCGGTGA,OXT_18,TAACGGGTTATCCATAAT,9
ATTGGGGAAAACAAACCA,OXT_23,AAGTAGGGACAGAATACG,10
GGGGCATACGGGGATGGT,OXT_20,AGGGCCTAGGGATGACGT,8
CTAAGGAGCCGCAATCGG,OXT_16,ATAAACAGTCTAGCTGTG,10
ACGCCAGTCACATGGAGC,OXT_26,GGGGCATTCACTGAGCTG,10
AACTGGAACACGCATCGG,OXT_23,AAGTAGGGACAGAATACG,10
GCGGTGCTCTACTCAGGA,OXT_01,AGGCTGCGTAAGTCTGCT,10
GATGAGGAGCCGCGGCGA,OXT_03,GACTTGGGCTCATGCTGT,11
GAGGGCTACTATAACAAC,OXT_17,AGGAACTACGATCGTGAA,10
GGGCTGACAGGACCATGA,OXT_15,AGGGTATAACGTCCTTTG,10
GCCAAGACGTATGTGCAT,OXT_08,GACGGCATTCAGGCACGT,11
ATCGTACCGGTAAGATGG,OXT_02,AGGGGAGCGTGCGGAGGC,10
AGGCGATGGCTAGATTCA,OXT_15,AGGGTATAACGTCCTTTG,10
AGCGGATAGACGGCGCTT,OXT_05,GGCGGACAGACTCTAATG,8
ATGGCAGGCGGACATATC,OXT_15,AGGGTATAACGTCCTTTG,10
AAGGCGCATACGAGGACT,OXT_01,AGGCTGCGTAAGTCTGCT,9
CTGTCGGGTATTCATGCC,OXT_01,AGGCTGCGTAAGTCTGCT,10
ACAATGCGTTGTACTGTG,OXT_16,ATAAACAGTCTAGCTGTG,8
TTGGCTACCAATCGTTGG,OXT_13,TATTACACTAGTGGATGG,9
GGGGCACGACACACTACT,OXT_11,GGGTAAGGGCACAACAGT,7
ACATGTTATCCTATGTGC,OXT_10,AAGATGTATCGTGTGCTG,10
TATGTCCATAGTTTCAGA,OXT_13,TATTACACTAGTGGATGG,9
ATGGCGCTTACGACATGG,OXT_14,TTGAGCGTAACGACAGTG,8
TACTGGCTACCCGTGCTA,OXT_10,AAGATGTATCGTGTGCTG,10
TAACGCTAGGTGTGCTCC,OXT_20,AGGGCCTAGGGATGACGT,11
AGTGGCGATAAATGACTG,OXT_20,AGGGCCTAGGGATGACGT,8
GCCCGTAGGGTTCTTCAA,OXT_05,GGCGGACAGACTCTAATG,11
AGCAGAGGACGCGCTGAA,OXT_28,AGCGGCGGCGACGGCGAA,7
AACATGGAACGACGCGCA,OXT_03,GACTTGGGCTCATGCTGT,10
AGTGGATGGACGCCCTAA,OXT_05,GGCGGACAGACTCTAATG,10
AACGAGGGTCCGCCTGTG,OXT_04,TAGACAGGGCTGACTGTG,8
CCAACAAGGGGAAGTACA,OXT_04,TAGACAGGGCTGACTGTG,11
AGGGCAGATGACGCTGTG,OXT_15,AGGGTATAACGTCCTTTG,8
ACATGCATACGGCTTGCG,OXT_09,TGTAGTGCTCGGCTGCCG,10
AATGCAGCGCCGTACCGT,OXT_12,AATACAGCGGTGTTTCTA,7
ACGGGAGGTACACAATCC,OXT_02,AGGGGAGCGTGCGGAGGC,10
ACGAGTCTGCGGAACTGG,OXT_22,ACGGGACCGCAGATCGAG,7
CCGACGGGAGAGGGAACG,OXT_23,AAGTAGGGACAGAATACG,8
CTAGGCGGGACCCTTTAG,OXT_05,GGCGGACAGACTCTAATG,10
AGCCTATGGGCCTGGACT,OXT_21,GAGCAACGGGTCAGCATT,9
ATGCAAGTCGCGAGGTTA,OXT_14,TTGAGCGTAACGACAGTG,10
AGCACGACTTGACTCATG,OXT_06,ATCATCATCATCATCATC,10
GCCAAGGCGATTAGAGGG,OXT_13,TATTACACTAGTGGATGG,10
ACGGAGGAGTACGGACGT,OXT_02,AGGGGAGCGTGCGGAGGC,7
GCTCTCTGATCGTAATGG,OXT_03,GACTTGGGCTCATGCTGT,10
GAGGAGGATAAGACGCGT,OXT_08,GACGGCATTCAGGCACGT,8
CCACGGCATACTCACATG,OXT_05,GGCGGACAGACTCTAATG,8
ACGGGCACTGTAGCAGCT,OXT_08,GACGGCATTCAGGCACGT,9
AGGACGGTGACTGCGACG,OXT_26,GGGGCATTCACTGAGCTG,8
GTGCCGACGAGAGTAATG,OXT_05,GGCGGACAGACTCTAATG,10
GGGGCGATGGCAACGGGA,OXT_20,AGGGCCTAGGGATGACGT,10
GCATGGCATCGAGACTGT,OXT_03,GACTTGGGCTCATGCTGT,10
AGGAGACAGGAAGCGGTG,OXT_22,ACGGGACCGCAGATCGAG,9
GAGAGGGAACCGTATACA,OXT_23,AAGTAGGGACAGAATACG,7
ACAAGGGACGAAACAGCT,OXT_01,AGGCTGCGTAAGTCTGCT,11
GCGCGGTTAATCCGTTAA,OXT_18,TAACGGGTTATCCATAAT,8
ACACTGTGGACGGTTTAA,OXT_01,AGGCTGCGTAAGTCTGCT,10
TTCGGCTATACCAGGTAA,OXT_28,AGCGGCGGCGACGGCGAA,10
ATACGGCTAGGTCTGTCG,OXT_09,TGTAGTGCTCGGCTGCCG,11
ACGACCGGTGATATTGTG,OXT_04,TAGACAGGGCTGACTGTG,8
GAGATTGTAAATGCCCTT,OXT_07,GTGGGTGCATTTGCTGTA,9
GCCACGGGAGACAAGGTG,OXT_04,TAGACAGGGCTGACTGTG,10
CAGTGACCCTCGTTACGA,OXT_12,AATACAGCGGTGTTTCTA,10
TGGGGCAAGCCTCCAGCA,OXT_05,GGCGGACAGACTCTAATG,9
AACCGTACTTTCCGATCA,OXT_02,AGGGGAGCGTGCGGAGGC,11
CGCGGGATCATTCGTAAA,OXT_18,TAACGGGTTATCCATAAT,9
ATGGCGGTTAATGCTGGT,OXT_01,AGGCTGCGTAAGTCTGCT,8
CATCATCCGGGTCGTGTG,OXT_13,TATTACACTAGTGGATGG,10
AGGACGTCAGTTCAGGGT,OXT_17,AGGAACTACGATCGTGAA,9
ACACGGTAGAAGGCGCGG,OXT_10,AAGATGTATCGTGTGCTG,10
AGCGGCTAAGTGCGGTAA,OXT_17,AGGAACTACGATCGTGAA,8
TCAGGGATGTATGCGGCG,OXT_07,GTGGGTGCATTTGCTGTA,11
ACACGGTGTTTGGATGCG,OXT_01,AGGCTGCGTAAGTCTGCT,9
GAACGCTGCTTGGATGGT,OXT_08,GACGGCATTCAGGCACGT,10
TAGCACAAGGCGGCTAGA,OXT_04,TAGACAGGGCTGACTGTG,11
AAGCAGAAAGGTCAGCAG,OXT_10,AAGATGTATCGTGTGCTG,8
CATGGGTCGTAGCTTGTA,OXT_12,AATACAGCGGTGTTTCTA,9
ACACACTCCAGTGGGTAG,OXT_13,TATTACACTAGTGGATGG,8
ACAAGGTCCGAACTGGTG,OXT_10,AAGATGTATCGTGTGCTG,10
AGCAGGGTGAGGATGGTG,OXT_14,TTGAGCGTAACGACAGTG,8
AGCGATGACTCTAGTGTG,OXT_17,AGGAACTACGATCGTGAA,9
ATACGGTACACGCGCGCA,OXT_17,AGGAACTACGATCGTGAA,10
ATGGCGCGAGAGGAGTCT,OXT_01,AGGCTGCGTAAGTCTGCT,9
ACGTGCAGCCACGTTTGG,OXT_16,ATAAACAGTCTAGCTGTG,10
AGGTTGGGCCATGGATGA,OXT_03,GACTTGGGCTCATGCTGT,9
TGAGGGTAGACCCGTATA,OXT_05,GGCGGACAGACTCTAATG,8
GCGGGAGACAATGGCGTA,OXT_07,GTGGGTGCATTTGCTGTA,8
TAGTATGCGGCGCGGCTC,OXT_09,TGTAGTGCTCGGCTGCCG,10
CATAGGTAGTGACACGCG,OXT_09,TGTAGTGCTCGGCTGCCG,11
GGCAGCATAGCCAGGCGA,OXT_08,GACGGCATTCAGGCACGT,10
AAATGAGCAGAAGGTCCT,OXT_12,AATACAGCGGTGTTTCTA,10
ACAGGCGACCGACTACTG,OXT_05,GGCGGACAGACTCTAATG,10
GTCGCCCAACGGTAGGAA,OXT_07,GTGGGTGCATTTGCTGTA,12
GGGCCGGTAGAGGCACAT,OXT_08,GACGGCATTCAGGCACGT,9
ACGCGACTTGTTGACGTG,OXT_22,ACGGGACCGCAGATCGAG,9
AAGCACAGCCGGTGAATG,OXT_23,AAGTAGGGACAGAATACG,9
ACGGTCGAAGGGTGAGAT,OXT_20,AGGGCCTAGGGATGACGT,7
ATAGGGCATCTCCCAACG,OXT_05,GGCGGACAGACTCTAATG,10
AGTAGCCCACCTTACGCA,OXT_09,TGTAGTGCTCGGCTGCCG,11
GATTCAACAGGAGCACAT,OXT_08,GACGGCATTCAGGCACGT,10
CTAGCTTCGACGGTCATA,OXT_05,GGCGGACAGACTCTAATG,11
AGGGCGGCACTGAACTGG,OXT_23,AAGTAGGGACAGAATACG,8
TAGAGCGGTAGAACGAAG,OXT_14,TTGAGCGTAACGACAGTG,8
ATCGCATTACATGGATGG,OXT_15,AGGGTATAACGTCCTTTG,9
GTCGCGGCTACGGTATCA,OXT_05,GGCGGACAGACTCTAATG,11
GGGGCACGACATACTTCC,OXT_15,AGGGTATAACGTCCTTTG,8
TGAGGCCTCAAGATGGCG,OXT_14,TTGAGCGTAACGACAGTG,9
AACGCACCGCCATCTGGT,OXT_04,TAGACAGGGCTGACTGTG,10
AGAGGTGCTGTACGTCGC,OXT_02,AGGGGAGCGTGCGGAGGC,9
AGGGAGCAGCCCGTATCT,OXT_02,AGGGGAGCGTGCGGAGGC,10
ACAAGCAGAGGCCGGGTC,OXT_16,ATAAACAGTCTAGCTGTG,10
ACAATAGGTGGAGATGAT,OXT_16,ATAAACAGTCTAGCTGTG,9
GATCGATCTTCTATTGCT,OXT_07,GTGGGTGCATTTGCTGTA,11
ATGGTGCAGATTAGTGTG,OXT_15,AGGGTATAACGTCCTTTG,9
GGGCAAAAGTGCTGCGGT,OXT_02,AGGGGAGCGTGCGGAGGC,8
AGGCTGTACCCTTAGTCG,OXT_10,AAGATGTATCGTGTGCTG,8
TCTGGGACAGTCGATGTG,OXT_07,GTGGGTGCATTTGCTGTA,9
ATGGCCATTGCTGATAGT,OXT_08,GACGGCATTCAGGCACGT,10
GGGGCATCGGCGATACTA,OXT_12,AATACAGCGGTGTTTCTA,8
CGGTACGGCGACCATGGA,OXT_17,AGGAACTACGATCGTGAA,7
GCGATCCAATCGGAGTGC,OXT_24,GGGATTCGGTCATGTCCT,11
GGCATAGATTCGGCGCAA,OXT_25,TGCATCGCAACAGCAGTT,10
GGGGCATAGGGTAAGCGT,OXT_20,AGGGCCTAGGGATGACGT,6
AGTCCGTGAGCTTTTTCA,OXT_01,AGGCTGCGTAAGTCTGCT,10
ATAGGGAGTAAACGCGTT,OXT_16,ATAAACAGTCTAGCTGTG,9
GACCGCAGCCAGACTTAT,OXT_08,GACGGCATTCAGGCACGT,7
CGGGGTTAACCCTGTGCA,OXT_07,GTGGGTGCATTTGCTGTA,10
TCAGCGGAAGGGGCCACT,OXT_18,TAACGGGTTATCCATAAT,12
GTGGGAGACGGCGCCCTC,OXT_02,AGGGGAGCGTGCGGAGGC,9
ACGGGGATAGGTTACGCT,OXT_01,AGGCTGCGTAAGTCTGCT,11
TGATGACCTCGTATAGTT,OXT_05,GGCGGACAGACTCTAATG,10
ACATTAGCCTCGCATGTG,OXT_04,TAGACAGGGCTGACTGTG,11
TACCGACGGGTTAGTGCG,OXT_04,TAGACAGGGCTGACTGTG,8
GGACGATGGTGAGGGCTG,OXT_26,GGGGCATTCACTGAGCTG,9
GAAAGGTGTATTCGCGTC,OXT_18,TAACGGGTTATCCATAAT,10
ACGGAAGATACGTACGTG,OXT_22,ACGGGACCGCAGATCGAG,9
ACTTCCGTTACATTCGCG,OXT_14,TTGAGCGTAACGACAGTG,11
TGCGGGTAACACACAGGC,OXT_02,AGGGGAGCGTGCGGAGGC,10
CAAGTAGGACTTGGCGTA,OXT_07,GTGGGTGCATTTGCTGTA,9
ATGATCGTGTCAGCGTAG,OXT_14,TTGAGCGTAACGACAGTG,9
GCTTCGCTAGAATGTACG,OXT_23,AAGTAGGGACAGAATACG,10
GATGGGACGCTTTCATGA,OXT_08,GACGGCATTCAGGCACGT,9
AGTTGCTGAACGGGTGCA,OXT_28,AGCGGCGGCGACGGCGAA,9
ATGGCGCCAGGTCATGTG,OXT_15,AGGGTATAACGTCCTTTG,8
TACGCCATACGACACTCG,OXT_08,GACGGCATTCAGGCACGT,11
TAGAGGGCCTGAGCTGAG,OXT_04,TAGACAGGGCTGACTGTG,9
GCGATGACTGTCGCCGTG,OXT_16,ATAAACAGTCTAGCTGTG,9
ATAGGAGGGCTGGGGTGT,OXT_02,AGGGGAGCGTGCGGAGGC,9
ATGGGCAGTCTAGAGAGT,OXT_16,ATAAACAGTCTAGCTGTG,8
AGGGAACCTGTTGTGTAC,OXT_02,AGGGGAGCGTGCGGAGGC,10
ACTGACGTTGCTCTTCTC,OXT_12,AATACAGCGGTGTTTCTA,10
ATGCGGCGTGAATAGTAG,OXT_01,AGGCTGCGTAAGTCTGCT,9
GGGTAACTACAACAATCG,OXT_11,GGGTAAGGGCACAACAGT,9
AGACAAGAGGATGGGCTG,OXT_10,AAGATGTATCGTGTGCTG,10
GGGCCGACAGTGCAATCT,OXT_01,AGGCTGCGTAAGTCTGCT,11
GAGGTGGTTATGTACGGT,OXT_01,AGGCTGCGTAAGTCTGCT,9
AACGGACTGCGGAGTGTC,OXT_22,ACGGGACCGCAGATCGAG,8
ATTGCGGATAGATTTGTG,OXT_10,AAGATGTATCGTGTGCTG,10
AACTCCGGGTTTTGGACG,OXT_03,GACTTGGGCTCATGCTGT,10
TCAGGGCATATTCGGCAA,OXT_18,TAACGGGTTATCCATAAT,9
ACGGCTAGGTTCGCAGGT,OXT_02,AGGGGAGCGTGCGGAGGC,8
GGGTACATCTGAGGACTG,OXT_13,TATTACACTAGTGGATGG,9
GAGGGAATATGGCTAGAA,OXT_02,AGGGGAGCGTGCGGAGGC,10
AGGGCTATGCCGTTGCTA,OXT_12,AATACAGCGGTGTTTCTA,9
AGGGCCAAGGAGAACCGA,OXT_20,AGGGCCTAGGGATGACGT,7
AGCAAGGCAGTATTGTAG,OXT_12,AATACAGCGGTGTTTCTA,10
ACGGGACAGGATTTGACG,OXT_22,ACGGGACCGCAGATCGAG,7
GTGGCATGTATCTCCTAT,OXT_27,GTAGAATGGGCATCGTCG,9
TACGGTGATCCGACGGCG,OXT_09,TGTAGTGCTCGGCTGCCG,8
GGGACGGTGCTGAGGTCT,OXT_04,TAGACAGGGCTGACTGTG,9
TTGACTTGCCACTCGGTG,OXT_04,TAGACAGGGCTGACTGTG,8
GAGGTGAGTTACAAGCAG,OXT_10,AAGATGTATCGTGTGCTG,10
GGAGGTCCATGGGTTCAG,OXT_07,GTGGGTGCATTTGCTGTA,9
AGGGCCATAGTTCAAGCA,OXT_17,AGGAACTACGATCGTGAA,9
ATGTCGAGTAGAGGGCGG,OXT_10,AAGATGTATCGTGTGCTG,9
AAAGCGGCGGATTCTCTG,OXT_12,AATACAGCGGTGTTTCTA,7
TGTAGCGATAGGTGAGTG,OXT_14,TTGAGCGTAACGACAGTG,7
AGGCAAGAGAGACGTCCT,OXT_20,AGGGCCTAGGGATGACGT,8
AGTGAAGGCGTACTAAGT,OXT_11,GGGTAAGGGCACAACAGT,10
AGACGAGCAGAGCCTACG,OXT_23,AAGTAGGGACAGAATACG,9
TGCAGTCGCGCACTTCGT,OXT_24,GGGATTCGGTCATGTCCT,8
AGGGCAGGGAAGATTGTG,OXT_04,TAGACAGGGCTGACTGTG,6
GTGGTATCAGAGCGCATC,OXT_15,AGGGTATAACGTCCTTTG,10
AGGGATTGGACGCCGCGT,OXT_20,AGGGCCTAGGGATGACGT,9
GTGGTGAGCACTCGTTCG,OXT_03,GACTTGGGCTCATGCTGT,10
AGACGGGTAAGTGCTACG,OXT_18,TAACGGGTTATCCATAAT,9
GGCTCGACGATCTGCACT,OXT_03,GACTTGGGCTCATGCTGT,10
AGGTAGCAATAATTCCGT,OXT_20,AGGGCCTAGGGATGACGT,9
TAATTCGTGCACTGAGAT,OXT_18,TAACGGGTTATCCATAAT,10
GTGGGAGAGTAGAGGTTA,OXT_07,GTGGGTGCATTTGCTGTA,9
GCACATGTGACGTTATGC,OXT_27,GTAGAATGGGCATCGTCG,11
GGGCAGGAGGACTGCACG,OXT_11,GGGTAAGGGCACAACAGT,8
AGACGGAATGGTCGGCAT,OXT_10,AAGATGTATCGTGTGCTG,10
GAGACGTTCGGTAGAGCA,OXT_17,AGGAACTACGATCGTGAA,9
ACGTGCTGTGTTCCGATC,OXT_10,AAGATGTATCGTGTGCTG,11
GGGGAGGAGGAGGAGGCG,OXT_23,AAGTAGGGACAGAATACG,9
TGGAAAGGATAGGGCGGA,OXT_02,AGGGGAGCGTGCGGAGGC,9
ATGCCACTATTACGTATG,OXT_15,AGGGTATAACGTCCTTTG,10
TGTAGGACGGACGAGAAG,OXT_09,TGTAGTGCTCGGCTGCCG,10
TAACGCGAGGAGCCGGTC,OXT_04,TAGACAGGGCTGACTGTG,10
ACCAGGTACGTGACGAGT,OXT_06,ATCATCATCATCATCATC,11
CACTCATCTGGCGGGATA,OXT_10,AAGATGTATCGTGTGCTG,11
ATGATCCTTCCGCTACTG,OXT_10,AAGATGTATCGTGTGCTG,8
AACCAGAAACACGGCATG,OXT_23,AAGTAGGGACAGAATACG,9
AAGCTAAGGGGAATCGCG,OXT_21,GAGCAACGGGTCAGCATT,9
TGGCGAACGTGATGCTGG,OXT_02,AGGGGAGCGTGCGGAGGC,8
GTTGGCGGCATATAGAAA,OXT_28,AGCGGCGGCGACGGCGAA,10
TGCCGACGAAAACCCGAT,OXT_01,AGGCTGCGTAAGTCTGCT,9
ACGGGTAGGAACGTCACG,OXT_22,ACGGGACCGCAGATCGAG,8
GTACCGGACACCCGCGTA,OXT_03,GACTTGGGCTCATGCTGT,11
ACGGCGGTGAACGGCAGT,OXT_02,AGGGGAGCGTGCGGAGGC,9
ATGACAGGCGTATGGAGG,OXT_04,TAGACAGGGCTGACTGTG,10
ATGGGCTAACTCACTTCC,OXT_15,AGGGTATAACGTCCTTTG,8
AGCTGGCTCGACAAGGTA,OXT_28,AGCGGCGGCGACGGCGAA,8
CAATACTTACGAGGCGCT,OXT_13,TATTACACTAGTGGATGG,11
GGTGACCATACTTGTACT,OXT_05,GGCGGACAGACTCTAATG,9
ATAGGTCAGCAGTTCATA,OXT_22,ACGGGACCGCAGATCGAG,8
AGACCGGGAGCGTTGTCA,OXT_01,AGGCTGCGTAAGTCTGCT,10
GTCAAAGCTGTGTTGGAG,OXT_12,AATACAGCGGTGTTTCTA,9
ATGGTACTGCCAGAAGTG,OXT_22,ACGGGACCGCAGATCGAG,9
AGACGGGATAAGATAGCG,OXT_01,AGGCTGCGTAAGTCTGCT,8
ACAACGTCAGTGGGCGTT,OXT_12,AATACAGCGGTGTTTCTA,10
GACAAGGACAGTGGATCG,OXT_13,TATTACACTAGTGGATGG,8
GAACGACAAAACGCTGTG,OXT_05,GGCGGACAGACTCTAATG,10
AACATTAGCCGGTCTCCG,OXT_01,AGGCTGCGTAAGTCTGCT,10
GGACGGAGGAAACTTACG,OXT_05,GGCGGACAGACTCTAATG,9
GTGGCATACGTTCCTAGT,OXT_15,AGGGTATAACGTCCTTTG,9
AACGGACTGATCGGTAGT,OXT_02,AGGGGAGCGTGCGGAGGC,9
AGGAAGCGCGACTAGGAG,OXT_17,AGGAACTACGATCGTGAA,8
TAATGCAGCGTTCCGACT,OXT_18,TAACGGGTTATCCATAAT,10
ACGGGCTGACCACTGACG,OXT_15,AGGGTATAACGTCCTTTG,10
ACCGAGGCATTAGCGGTG,OXT_07,GTGGGTGCATTTGCTGTA,8
TAAGGCGGAACGATCGTA,OXT_14,TTGAGCGTAACGACAGTG,7
GAGCGGGACCAACTGTTA,OXT_10,AAGATGTATCGTGTGCTG,10
TCGTATCAACGGCGTATT,OXT_15,AGGGTATAACGTCCTTTG,10
AAGCAGCGACGTAATGTT,OXT_23,AAGTAGGGACAGAATACG,7
AGTGCGGGAAGTGACGTC,OXT_02,AGGGGAGCGTGCGGAGGC,10
AGCGGGAGGAAACTATCG,OXT_05,GGCGGACAGACTCTAATG,8
GAAGCAAAGTCCTCCTGG,OXT_27,GTAGAATGGGCATCGTCG,8
GACCCTGATTTGGAGGAT,OXT_18,TAACGGGTTATCCATAAT,10
GAGGTTGCGGCAATAGCC,OXT_02,AGGGGAGCGTGCGGAGGC,10
TGCCACACCAGGAAGCCG,OXT_09,TGTAGTGCTCGGCTGCCG,9
ACTCACGTTGGTCTTCGA,OXT_12,AATACAGCGGTGTTTCTA,10
AACGACTTAGTGCGGTCG,OXT_27,GTAGAATGGGCATCGTCG,10
CAGGGAGTCTACCGGAGC,OXT_02,AGGGGAGCGTGCGGAGGC,8
GGCATGAGCATAGCTGCG,OXT_16,ATAAACAGTCTAGCTGTG,8
AGTGTGCGAACACGTGAG,OXT_01,AGGCTGCGTAAGTCTGCT,9
ACGGGGCTAGTTCCAGGA,OXT_07,GTGGGTGCATTTGCTGTA,9
GTGGGCGTATTATAGAGC,OXT_07,GTGGGTGCATTTGCTGTA,9
AGCGGTATTGCGTATTGT,OXT_08,GACGGCATTCAGGCACGT,9
AGACGCGTTATTAGACGG,OXT_13,TATTACACTAGTGGATGG,10
GGAGGAGGATTAGGCGAT,OXT_28,AGCGGCGGCGACGGCGAA,8
ACCGCCTGTTGTTCGGTG,OXT_10,AAGATGTATCGTGTGCTG,10
CAGCCAACTCGTGCTGCT,OXT_01,AGGCTGCGTAAGTCTGCT,10
GCGGGAGCATCTGGGCTA,OXT_07,GTGGGTGCATTTGCTGTA,6
GGCTAGGATGGCTAGGAT,OXT_11,GGGTAAGGGCACAACAGT,10
GCTGGGTGAGTGTCAGGT,OXT_08,GACGGCATTCAGGCACGT,10
ACGGAGCCGCAAACTGTG,OXT_22,ACGGGACCGCAGATCGAG,6
AGACGACGTATCTATGGT,OXT_01,AGGCTGCGTAAGTCTGCT,7
ACACGTAGTGGGTCTCCA,OXT_01,AGGCTGCGTAAGTCTGCT,9
AGCAGGGGAATAGGACGC,OXT_02,AGGGGAGCGTGCGGAGGC,9
TGCGTACAAGACGGAGTG,OXT_05,GGCGGACAGACTCTAATG,9
GAATGGATACGCGTGAAT,OXT_18,TAACGGGTTATCCATAAT,9
ACGTGGAGACGGTCCCTA,OXT_23,AAGTAGGGACAGAATACG,10
AAGGCTGGTACACTTCCT,OXT_24,GGGATTCGGTCATGTCCT,9
GAGGTGAGGGATCGACTA,OXT_21,GAGCAACGGGTCAGCATT,10
AACAAGCGGGCACCTAGA,OXT_03,GACTTGGGCTCATGCTGT,11
GGATGAACATCGTGTACT,OXT_24,GGGATTCGGTCATGTCCT,9
TGCGTACGAGATGAGGCG,OXT_26,GGGGCATTCACTGAGCTG,10
GCTAAGTGCGTGATGTGT,OXT_03,GACTTGGGCTCATGCTGT,11
ATGGGATAGCACCTACAA,OXT_22,ACGGGACCGCAGATCGAG,8
ATGGGCCCACTTTGCTCT,OXT_07,GTGGGTGCATTTGCTGTA,10
TGCGGTCTGCCACACTGT,OXT_05,GGCGGACAGACTCTAATG,10
ATGCATAATGCGCTAGTG,OXT_14,TTGAGCGTAACGACAGTG,10
AGGATGGGACTGCTTATT,OXT_23,AAGTAGGGACAGAATACG,8
CAGGGGCGATAACACCCT,OXT_23,AAGTAGGGACAGAATACG,10
ACTACAGCATCGCGGACG,OXT_09,TGTAGTGCTCGGCTGCCG,9
ATGTGTTACACACGTGTA,OXT_17,AGGAACTACGATCGTGAA,8
GTGGCAAATGACGATACT,OXT_11,GGGTAAGGGCACAACAGT,10
AATGAGCGTGACGAGCGT,OXT_08,GACGGCATTCAGGCACGT,10
CAGCAGGGCGGTCTATTG,OXT_10,AAGATGTATCGTGTGCTG,10
AGTAAAATAGGGACTGTG,OXT_04,TAGACAGGGCTGACTGTG,9
AAGCGGGACATTTGGCGG,OXT_10,AAGATGTATCGTGTGCTG,9
AGGGCATTAACACGCTAT,OXT_15,AGGGTATAACGTCCTTTG,9
GTGGTACCGCTGAAACCG,OXT_22,ACGGGACCGCAGATCGAG,8
TAGTACCGGCGCTTGAGA,OXT_11,GGGTAAGGGCACAACAGT,9
ATGGGGCTAATGTGGCCA,OXT_01,AGGCTGCGTAAGTCTGCT,10
AGGGCACTTGGATAGCGT,OXT_20,AGGGCCTAGGGATGACGT,6
AGTAGGCGAGACGTTTGT,OXT_01,AGGCTGCGTAAGTCTGCT,10
GCGGAGATCAGCCCATGT,OXT_08,GACGGCATTCAGGCACGT,10
TGCTGTGTCGGATCCGCG,OXT_09,TGTAGTGCTCGGCTGCCG,10
GCCAAACGGCATCCGGTT,OXT_04,TAGACAGGGCTGACTGTG,10
ATGGGTCGAGTTGCCATT,OXT_07,GTGGGTGCATTTGCTGTA,7
TCAAGCGGATGCCAGGTA,OXT_14,TTGAGCGTAACGACAGTG,10
AACGTGGAATGGGAACCG,OXT_10,AAGATGTATCGTGTGCTG,9
GGGGATGAGACGGTGACG,OXT_05,GGCGGACAGACTCTAATG,8
TAGTCTAACCGGTGCATA,OXT_04,TAGACAGGGCTGACTGTG,11
ATCAGCAGTGGGACAACT,OXT_08,GACGGCATTCAGGCACGT,9
ACACGCAGTGTGGCCGTG,OXT_16,ATAAACAGTCTAGCTGTG,6
AGCTGAAGCGGTCTGTAT,OXT_28,AGCGGCGGCGACGGCGAA,10
AAAGTGGGGTAACGCACG,OXT_03,GACTTGGGCTCATGCTGT,9
TTGGGGCACAACGTCATG,OXT_05,GGCGGACAGACTCTAATG,9
TATAGATCAACGAACGTG,OXT_14,TTGAGCGTAACGACAGTG,7
AGTGCATTTCACGTGACG,OXT_26,GGGGCATTCACTGAGCTG,9
ATGGCGAGTAGGAATTGG,OXT_23,AAGTAGGGACAGAATACG,9
ACGCATTTCAATACGTGG,OXT_26,GGGGCATTCACTGAGCTG,10
TAAGCGGACGAGTGTTAT,OXT_03,GACTTGGGCTCATGCTGT,10
TGAGCTGCCCTGAGTCTG,OXT_04,TAGACAGGGCTGACTGTG,8
TGGACATTCATTCGGATT,OXT_26,GGGGCATTCACTGAGCTG,7
AAGGGGCGACGGTGTAGA,OXT_23,AAGTAGGGACAGAATACG,8
ACGACGTGTTCCTTCCCT,OXT_24,GGGATTCGGTCATGTCCT,9
TTACGTCGCTCCACTTAT,OXT_18,TAACGGGTTATCCATAAT,10
AGGAGTTCGGGATACTTG,OXT_20,AGGGCCTAGGGATGACGT,9
GGGGCCATAACATACGAG,OXT_26,GGGGCATTCACTGAGCTG,8
GAGGGAAGCGCGAGGGTA,OXT_21,GAGCAACGGGTCAGCATT,9
AACCATGACAATGTGTGA,OXT_10,AAGATGTATCGTGTGCTG,11
ATATGCGAAGCACATGCG,OXT_14,TTGAGCGTAACGACAGTG,10
AACGGGTAGCCGGTCTGT,OXT_08,GACGGCATTCAGGCACGT,9
AGTCGACGTGTTCCCCCT,OXT_01,AGGCTGCGTAAGTCTGCT,9
AACATCGGATAGGTGCTA,OXT_10,AAGATGTATCGTGTGCTG,9
GATCGAGACCAAGTACGG,OXT_08,GACGGCATTCAGGCACGT,9
TCATCCGATCGTTGTACT,OXT_13,TATTACACTAGTGGATGG,11
ACTACGGCTGATGGACCT,OXT_12,AATACAGCGGTGTTTCTA,10
AGGGCAGGCTCACATGCA,OXT_02,AGGGGAGCGTGCGGAGGC,10
GTGGAGAAGGTCGTGCTG,OXT_10,AAGATGTATCGTGTGCTG,9
AGCCATGTGTTCAGGCGG,OXT_02,AGGGGAGCGTGCGGAGGC,10
GGGTGGAGTGATGCTTAG,OXT_01,AGGCTGCGTAAGTCTGCT,10
AGGTGGCACTAGAGGCAG,OXT_22,ACGGGACCGCAGATCGAG,9
GAAGGGCCCGACCGCATA,OXT_21,GAGCAACGGGTCAGCATT,9
ATCATGATAGGAGATGTG,OXT_16,ATAAACAGTCTAGCTGTG,8
GTGGACTACTGGATATAT,OXT_20,AGGGCCTAGGGATGACGT,10
GCCGGGCCCGAGCTACTA,OXT_05,GGCGGACAGACTCTAATG,9
GTACGTGGGAAATCCGGT,OXT_01,AGGCTGCGTAAGTCTGCT,10
GTGGAGTTGAAGCTGCTG,OXT_26,GGGGCATTCACTGAGCTG,8
GTGCGTGGCATCAGTGAG,OXT_07,GTGGGTGCATTTGCTGTA,9
CTAATACGAGCAGTCGTG,OXT_16,ATAAACAGTCTAGCTGTG,9
GGACGGTCAAAGAGCGTG,OXT_14,TTGAGCGTAACGACAGTG,10
ATAGTAGGGATCATGGTA,OXT_06,ATCATCATCATCATCATC,9
AAGCGCAATAGACCGTGG,OXT_13,TATTACACTAGTGGATGG,9
ATGCTCAGTACTTCTGCT,OXT_01,AGGCTGCGTAAGTCTGCT,5
AGCCAGTAGACTAATGTG,OXT_05,GGCGGACAGACTCTAATG,9
ACCACGGGGATGCCGCCA,OXT_12,AATACAGCGGTGTTTCTA,9
TGTGGTAACGAGCGCATA,OXT_28,AGCGGCGGCGACGGCGAA,9
TCATGTCGCGTTGTCCTG,OXT_05,GGCGGACAGACTCTAATG,12
ATTGGCGGGTAAGATGCG,OXT_16,ATAAACAGTCTAGCTGTG,9
ATAGGGCGCGAACTAGAT,OXT_28,AGCGGCGGCGACGGCGAA,9
AAGCGGCTACTGGTTCAA,OXT_10,AAGATGTATCGTGTGCTG,10
GAGGCAGAGAAGCGGAAG,OXT_05,GGCGGACAGACTCTAATG,9
ACAGGGAGATACAACGTG,OXT_22,ACGGGACCGCAGATCGAG,9
CCGGGGATAATACGTCGT,OXT_18,TAACGGGTTATCCATAAT,10
TAGACCAATGCTCAGCCG,OXT_10,AAGATGTATCGTGTGCTG,9
GGGAAGTAGAGTCTGGCG,OXT_10,AAGATGTATCGTGTGCTG,8
AAGTGGGGTCGTGAGTTG,OXT_10,AAGATGTATCGTGTGCTG,6
GCATAGCTTGACGGTGCA,OXT_01,AGGCTGCGTAAGTCTGCT,11
ACGCAGGTGCGCCTCGTG,OXT_22,ACGGGACCGCAGATCGAG,9
AGGGCTGTGAGATTAGCA,OXT_20,AGGGCCTAGGGATGACGT,8
AGCGGCCCGGTTATCTCG,OXT_22,ACGGGACCGCAGATCGAG,8
ACGGTCCAACGATCGTCG,OXT_15,AGGGTATAACGTCCTTTG,7
GCTGTGATCCGTACGTGT,OXT_08,GACGGCATTCAGGCACGT,10
AGGCAGGGAGAGCTGTCG,OXT_23,AAGTAGGGACAGAATACG,7
GGTAGCTTACGACTCATT,OXT_09,TGTAGTGCTCGGCTGCCG,10
AGCGAATGTCTTACCGTG,OXT_15,AGGGTATAACGTCCTTTG,8
GGGGGTTACTGACACAAG,OXT_05,GGCGGACAGACTCTAATG,10
ACGGATCCCATTACGCCG,OXT_22,ACGGGACCGCAGATCGAG,10
GGCACGTATCGGTCAATG,OXT_10,AAGATGTATCGTGTGCTG,9
TGCTTAGTACTCTCCCTT,OXT_25,TGCATCGCAACAGCAGTT,9
GAGGGATTATCCGTGCAT,OXT_26,GGGGCATTCACTGAGCTG,8
CGGACTGGAGTGGTAGCG,OXT_04,TAGACAGGGCTGACTGTG,9
GACGTGCAATCGGCTGTA,OXT_07,GTGGGTGCATTTGCTGTA,8
AATCGAGGCGCTTATGAT,OXT_12,AATACAGCGGTGTTTCTA,10
TACGGCGAAACACAACAA,OXT_25,TGCATCGCAACAGCAGTT,9
ACGGCGGATCAGACGGAC,OXT_22,ACGGGACCGCAGATCGAG,8
ATAAGGAGGGTCATAGTG,OXT_16,ATAAACAGTCTAGCTGTG,8
AGGCACGTGAGGACCAGG,OXT_11,GGGTAAGGGCACAACAGT,9
AGGTCGACGGTAAAGGAC,OXT_02,AGGGGAGCGTGCGGAGGC,11
TCTGACGAACTCATTGTG,OXT_04,TAGACAGGGCTGACTGTG,9
TCGGTAATGCTAGACTGG,OXT_22,ACGGGACCGCAGATCGAG,10
GTGGCAACAACGGTCTCA,OXT_07,GTGGGTGCATTTGCTGTA,10
GGGAAGCAATCCAGTTGT,OXT_24,GGGATTCGGTCATGTCCT,8
GCGGTACCCCTGTGTGCA,OXT_22,ACGGGACCGCAGATCGAG,9
GCGGGACGATCTCAATGG,OXT_05,GGCGGACAGACTCTAATG,8
AAGCAGGGGACGACGAAG,OXT_23,AAGTAGGGACAGAATACG,7
AGGAGATCCGAGGTGTGG,OXT_22,ACGGGACCGCAGATCGAG,9
TCGACATGGATAGACGCG,OXT_04,TAGACAGGGCTGACTGTG,8
GATCGGCCTACGGAATAT,OXT_18,TAACGGGTTATCCATAAT,9
TAAGCGCGGTGTCTCTCT,OXT_03,GACTTGGGCTCATGCTGT,11
GGGTACAGCAGACGTGCT,OXT_17,AGGAACTACGATCGTGAA,9
TAGGGACCCAACTTTCCA,OXT_12,AATACAGCGGTGTTTCTA,10
ATGAGGTCCGCCGAATGT,OXT_02,AGGGGAGCGTGCGGAGGC,10
ATTGACTGGTAGACTACG,OXT_23,AAGTAGGGACAGAATACG,8
TATGGGATCCCTCTGACG,OXT_09,TGTAGTGCTCGGCTGCCG,9
CATGGGTGCCTGTCTCAT,OXT_08,GACGGCATTCAGGCACGT,10
ACGGGCAACATGTATAGT,OXT_20,AGGGCCTAGGGATGACGT,10
AGGCCTGGTAAAGGACGA,OXT_20,AGGGCCTAGGGATGACGT,9
GGCTCGAATCGTAATGCT,OXT_01,AGGCTGCGTAAGTCTGCT,11
GGTAGGCGAATCTTGATA,OXT_05,GGCGGACAGACTCTAATG,10
CGGCGGTTGGTCCACTGG,OXT_18,TAACGGGTTATCCATAAT,10
GGTGGTCAAACCGGAGAG,OXT_05,GGCGGACAGACTCTAATG,8
CGTAGACGTGCTTGAGAG,OXT_05,GGCGGACAGACTCTAATG,10
ATCACTGCAAAGACGTAG,OXT_14,TTGAGCGTAACGACAGTG,9
GCGGAGGCAATCTACAGT,OXT_11,GGGTAAGGGCACAACAGT,8
TAGGGAAAGGCATGTCAT,OXT_20,AGGGCCTAGGGATGACGT,8
GCACGGTAGGATCTCCTG,OXT_05,GGCGGACAGACTCTAATG,9
AGCCGGATAGTTGTGGCG,OXT_10,AAGATGTATCGTGTGCTG,11
GCTACAAGAGCCCGGTAG,OXT_27,GTAGAATGGGCATCGTCG,10
GCAAGGCGTGTATTAATG,OXT_05,GGCGGACAGACTCTAATG,10
ACGGTAGTATGAGCAGGG,OXT_02,AGGGGAGCGTGCGGAGGC,7
GCAACGATGTCACATGTG,OXT_16,ATAAACAGTCTAGCTGTG,10
GTTCCCGATCCAAGTCAG,OXT_16,ATAAACAGTCTAGCTGTG,11
ACTTGGGTCCACGGTGAT,OXT_28,AGCGGCGGCGACGGCGAA,8
AGGTATTCGGATGTATGT,OXT_20,AGGGCCTAGGGATGACGT,9
TCAGCAGTGTGGGTTTGT,OXT_02,AGGGGAGCGTGCGGAGGC,10
GGGTGCCATGGACAACCG,OXT_20,AGGGCCTAGGGATGACGT,9
AACATGTACTCACGCGAT,OXT_03,GACTTGGGCTCATGCTGT,7
TGTGCAGCTGTGGGTGCG,OXT_04,TAGACAGGGCTGACTGTG,9
GTAGCACGGTAGTAGTCG,OXT_27,GTAGAATGGGCATCGTCG,6
AGGGGACCGATTACCTGG,OXT_22,ACGGGACCGCAGATCGAG,7
TTGTGGTAACGCGACCGG,OXT_10,AAGATGTATCGTGTGCTG,9
GGTACTCAGACAGGTCTG,OXT_24,GGGATTCGGTCATGTCCT,7
AGAATGCCCTCGGACGTT,OXT_25,TGCATCGCAACAGCAGTT,9
AAGGCATGTGGTGGAGAG,OXT_02,AGGGGAGCGTGCGGAGGC,9
ACGGAGTTTTAAATGTGC,OXT_10,AAGATGTATCGTGTGCTG,11
ACGATACATCCAGTCGTG,OXT_10,AAGATGTATCGTGTGCTG,7
TGCAGCTAAGTGCGGCGT,OXT_20,AGGGCCTAGGGATGACGT,9
GTCCAGACGTAATAGGGA,OXT_03,GACTTGGGCTCATGCTGT,11
ATACGGGACTGGAGCGTG,OXT_14,TTGAGCGTAACGACAGTG,10
GATACCGACAGGGCTCGA,OXT_12,AATACAGCGGTGTTTCTA,9
ATGACGTAGTTGAACGCT,OXT_04,TAGACAGGGCTGACTGTG,10
ATGGGATCCCATGCGTGT,OXT_15,AGGGTATAACGTCCTTTG,9
GCAGACGACTTAGATGTG,OXT_16,ATAAACAGTCTAGCTGTG,8
TTGCGGTACATTGAGGTG,OXT_26,GGGGCATTCACTGAGCTG,8
ACTGGAGCCTTATAGTTG,OXT_12,AATACAGCGGTGTTTCTA,10
TCTGACCGTGTAATCGTG,OXT_16,ATAAACAGTCTAGCTGTG,9
GTGCTACCTAACAGGGTG,OXT_21,GAGCAACGGGTCAGCATT,9
GCCACGAGCAGAGGTGTT,OXT_03,GACTTGGGCTCATGCTGT,10
ATGAGCATTGGCTTGGTG,OXT_06,ATCATCATCATCATCATC,9
ACGCAGATCTTTAGGGTT,OXT_21,GAGCAACGGGTCAGCATT,10
ACGTGGGACGAGTGCGTG,OXT_22,ACGGGACCGCAGATCGAG,9
GGCCATCAATCAATGTCG,OXT_05,GGCGGACAGACTCTAATG,10
AGACGGAGTGTCGTAGCG,OXT_16,ATAAACAGTCTAGCTGTG,9
GGGGGATAACACGAGACG,OXT_26,GGGGCATTCACTGAGCTG,8
GAGGGAAAGGAGGCGGCA,OXT_08,GACGGCATTCAGGCACGT,9
AATGGTCGCTATCGTTCT,OXT_24,GGGATTCGGTCATGTCCT,10
TACGGGCCAATCGTATAT,OXT_18,TAACGGGTTATCCATAAT,9
ATCTGGACCACGCGTGCG,OXT_01,AGGCTGCGTAAGTCTGCT,11
TCGGGCCGTAGTTTTTAT,OXT_01,AGGCTGCGTAAGTCTGCT,10
AGGGCATCAATTGGCCGA,OXT_26,GGGGCATTCACTGAGCTG,8
ATGGCCTCTGCACCAGTG,OXT_14,TTGAGCGTAACGACAGTG,9
CACAGGTGCATCCGTTTA,OXT_18,TAACGGGTTATCCATAAT,10
GGGCTAAAAGGAACTGCG,OXT_15,AGGGTATAACGTCCTTTG,8
GGAGGACAGCTGTAGCAA,OXT_05,GGCGGACAGACTCTAATG,10
TCACGCCAGTGATGTGCT,OXT_24,GGGATTCGGTCATGTCCT,9
CGGGGACAACCGAACGCA,OXT_22,ACGGGACCGCAGATCGAG,8
ACGGGCCACACTAGTGCT,OXT_17,AGGAACTACGATCGTGAA,9
AGACCCGTGTTGCGTTGA,OXT_12,AATACAGCGGTGTTTCTA,10
AACATGAGGCGGAACAAG,OXT_23,AAGTAGGGACAGAATACG,8
AAGGCGTATGGGCCTGCT,OXT_01,AGGCTGCGTAAGTCTGCT,8
CGGGCGGAAACTATGGTC,OXT_26,GGGGCATTCACTGAGCTG,9
TGGGCCCAGCACAATGTT,OXT_04,TAGACAGGGCTGACTGTG,9
GCACCGCGGGATATACTG,OXT_05,GGCGGACAGACTCTAATG,10
AGCGATCGAAATTGCGTG,OXT_28,AGCGGCGGCGACGGCGAA,9
CAAGGGCTGTCACTGGTG,OXT_05,GGCGGACAGACTCTAATG,9
GGCAGGTGAAGACGCATA,OXT_05,GGCGGACAGACTCTAATG,10
ACGGAAGTTATGAGGTGC,OXT_02,AGGGGAGCGTGCGGAGGC,10
GTGGAGAGCGTATCTAGA,OXT_27,GTAGAATGGGCATCGTCG,9
TGGGATTGGACACGCTTG,OXT_27,GTAGAATGGGCATCGTCG,9
GCGATAGCTACTGAGGTA,OXT_26,GGGGCATTCACTGAGCTG,8
AGTAGATGCCGACGCGTT,OXT_15,AGGGTATAACGTCCTTTG,10
GGGGTTGGACACTGTTTG,OXT_15,AGGGTATAACGTCCTTTG,8
AGGATGCGCACTAGGTGG,OXT_01,AGGCTGCGTAAGTCTGCT,10
GGTGTCCTGCCTATCCGT,OXT_05,GGCGGACAGACTCTAATG,10
TGCGGCAGTGTCTGATCG,OXT_28,AGCGGCGGCGACGGCGAA,9
TGGGCTTGGTAGTTAGCG,OXT_01,AGGCTGCGTAAGTCTGCT,10
ATGGGACCGGGACGGGAT,OXT_02,AGGGGAGCGTGCGGAGGC,8
ACTGGACGCCCTTGCGTG,OXT_22,ACGGGACCGCAGATCGAG,8
GCAGTGGAACAGTCAATG,OXT_15,AGGGTATAACGTCCTTTG,10
AAAGGTGTCCTCGCTTGG,OXT_07,GTGGGTGCATTTGCTGTA,10
AGGCGACTCACTTCGTGT,OXT_01,AGGCTGCGTAAGTCTGCT,9
AAGGCGCACTGTGACTGA,OXT_10,AAGATGTATCGTGTGCTG,10
AATCGAAGGCGGCTATAC,OXT_22,ACGGGACCGCAGATCGAG,10
ACAGGTCGAGACATGCGG,OXT_22,ACGGGACCGCAGATCGAG,9
GTCGTGGAATGGACAGCT,OXT_07,GTGGGTGCATTTGCTGTA,10
ACGGGGAAAGTATCTTGG,OXT_15,AGGGTATAACGTCCTTTG,9
ACACGCGACTGTATCGTG,OXT_22,ACGGGACCGCAGATCGAG,10
TGGTGGTAGACGGAGCGG,OXT_26,GGGGCATTCACTGAGCTG,8
ATTCGAGCACGTCAGGAT,OXT_09,TGTAGTGCTCGGCTGCCG,10
TGAGCTATGGTAGTGCAA,OXT_12,AATACAGCGGTGTTTCTA,11
CGAATCGAGGGGTCTCTG,OXT_12,AATACAGCGGTGTTTCTA,9
AGGACCGAAGAAGAGTGC,OXT_20,AGGGCCTAGGGATGACGT,9
GACACGAGTGTGCCTCTG,OXT_04,TAGACAGGGCTGACTGTG,8
TATGGTAGTGCGGCAAGA,OXT_08,GACGGCATTCAGGCACGT,8
GATGGACCTATCTGACGG,OXT_13,TATTACACTAGTGGATGG,9
AGGGAGAGCATGCTTCCG,OXT_01,AGGCTGCGTAAGTCTGCT,9
ATCGAGTAAACGTCTGTG,OXT_14,TTGAGCGTAACGACAGTG,9
GGCCAAGTTGACACGGTG,OXT_11,GGGTAAGGGCACAACAGT,10
ACTGCAACGTATCTGGCT,OXT_22,ACGGGACCGCAGATCGAG,9
GATGAGCATACAGGCAAG,OXT_05,GGCGGACAGACTCTAATG,10
TTTAGGCATATCCATGTG,OXT_18,TAACGGGTTATCCATAAT,8
ACGGGTCGAGAACAGTAG,OXT_22,ACGGGACCGCAGATCGAG,9
TCGGTACAGGACTCAGCT,OXT_01,AGGCTGCGTAAGTCTGCT,9
GGGTACGGCACGTCGCGT,OXT_03,GACTTGGGCTCATGCTGT,9
GGCACCCCGAACACACAT,OXT_25,TGCATCGCAACAGCAGTT,9
GGCATAGACGTGTAGAGT,OXT_03,GACTTGGGCTCATGCTGT,10
TACTGGAGTCATGCACTA,OXT_08,GACGGCATTCAGGCACGT,7
AACGGGAACGGAGCTTCG,OXT_15,AGGGTATAACGTCCTTTG,10
CACTACACAGGATGGGAG,OXT_13,TATTACACTAGTGGATGG,9
AATCCCAGCAATAGCGTG,OXT_06,ATCATCATCATCATCATC,10
CGGTACGGGAGACGCATC,OXT_11,GGGTAAGGGCACAACAGT,9
GAAGGGACCAAGCTGGCA,OXT_08,GACGGCATTCAGGCACGT,11
GTGGGACAGAGGTTGGCT,OXT_05,GGCGGACAGACTCTAATG,9
ATGGGACTGCCTCGGTAG,OXT_22,ACGGGACCGCAGATCGAG,8
ACTCGTGTGTGACTTGTT,OXT_02,AGGGGAGCGTGCGGAGGC,11
GCGGGTCAAGCGGAGATG,OXT_05,GGCGGACAGACTCTAATG,9
ACGGTGCATCCATCATGG,OXT_15,AGGGTATAACGTCCTTTG,9
AACGAGACTAAACAGTGC,OXT_13,TATTACACTAGTGGATGG,10
ACGGGAGGGAACACGAGT,OXT_11,GGGTAAGGGCACAACAGT,7
AGCGGAGATATATGAGGG,OXT_02,AGGGGAGCGTGCGGAGGC,8
ACCACACAGTCAGCGGCG,OXT_27,GTAGAATGGGCATCGTCG,10
GACGCGCGGGAACTAGGT,OXT_03,GACTTGGGCTCATGCTGT,10
AGGGTAGTAGCGCAGATC,OXT_15,AGGGTATAACGTCCTTTG,9
ATGCAGCGGTACGTTACA,OXT_01,AGGCTGCGTAAGTCTGCT,9
AGGCGCCGTGTACCTGGA,OXT_01,AGGCTGCGTAAGTCTGCT,8
GAGGACATAGTCAGTGTA,OXT_21,GAGCAACGGGTCAGCATT,8
AGCGGATAAGTACCCGAT,OXT_15,AGGGTATAACGTCCTTTG,9
ATATGTCGCACGCGTGGC,OXT_01,AGGCTGCGTAAGTCTGCT,11
ACGAGGTGGCCAACGCTT,OXT_10,AAGATGTATCGTGTGCTG,9
GTGGCGTAACACAGTCTA,OXT_07,GTGGGTGCATTTGCTGTA,10
GACGTTGATGCCTATGGG,OXT_03,GACTTGGGCTCATGCTGT,10
GGCTGGAGAAACGCTGTG,OXT_01,AGGCTGCGTAAGTCTGCT,10
GTCACTGCAGTGGGTTGG,OXT_07,GTGGGTGCATTTGCTGTA,9
ATGGTCCAGCATGTCGCT,OXT_22,ACGGGACCGCAGATCGAG,8
AGAGCGCGTTACCAGGGG,OXT_01,AGGCTGCGTAAGTCTGCT,10
TATAGTACCATGACGTTG,OXT_04,TAGACAGGGCTGACTGTG,9
CTGGAGGGGCTCACTATA,OXT_04,TAGACAGGGCTGACTGTG,8
GGGCAGCGAAACTCGATA,OXT_01,AGGCTGCGTAAGTCTGCT,8
ACTGACGTTAGTACTGTG,OXT_14,TTGAGCGTAACGACAGTG,9
AACGACTCCTATGCAGTG,OXT_07,GTGGGTGCATTTGCTGTA,10
GGCGCATGTCGGAGAGAG,OXT_04,TAGACAGGGCTGACTGTG,10
ACGGGAGTCATGTGCCGT,OXT_02,AGGGGAGCGTGCGGAGGC,10
TGGCGCATAGTGTTCTCT,OXT_01,AGGCTGCGTAAGTCTGCT,11
TGAGTATGGTCAGACATG,OXT_26,GGGGCATTCACTGAGCTG,9
GCAAAGGCGTAGTCTCGG,OXT_12,AATACAGCGGTGTTTCTA,10
TGTCAGCATGGTGTGTGG,OXT_13,TATTACACTAGTGGATGG,8
CACGGCGTGTCCACTGTG,OXT_14,TTGAGCGTAACGACAGTG,8
ACGGCAACGATTGGATCC,OXT_02,AGGGGAGCGTGCGGAGGC,8
ACTGCGGAGGGATAATGG,OXT_20,AGGGCCTAGGGATGACGT,7
ACGGTTGCAGACGCGCAT,OXT_07,GTGGGTGCATTTGCTGTA,10
GCCAGACGCATAGCCCTT,OXT_21,GAGCAACGGGTCAGCATT,10
ACGTATCGTTGGTTGCTG,OXT_10,AAGATGTATCGTGTGCTG,9
TGTGGGGCAGGAATGCGA,OXT_09,TGTAGTGCTCGGCTGCCG,8
AGCGCATATGTCCCTGTG,OXT_15,AGGGTATAACGTCCTTTG,7
ATGGCGTCACGTTGAATG,OXT_15,AGGGTATAACGTCCTTTG,8
AAGACGTCAGAAGCCGGA,OXT_17,AGGAACTACGATCGTGAA,10
TAGGCAGGCGACACGTTC,OXT_04,TAGACAGGGCTGACTGTG,8
TGGGTACCAGGACAATTG,OXT_15,AGGGTATAACGTCCTTTG,7
GTTGCCGACGGACCTCGT,OXT_20,AGGGCCTAGGGATGACGT,8
GGTGGCCAACAGATGTGC,OXT_08,GACGGCATTCAGGCACGT,10
TCGCATCCCATAATGGTG,OXT_22,ACGGGACCGCAGATCGAG,10
AAGGGCAATATGACTCGT,OXT_08,GACGGCATTCAGGCACGT,7
GAGACAAAACAGCGCCGG,OXT_04,TAGACAGGGCTGACTGTG,10
CAAGTGGCAGAGTGGATG,OXT_23,AAGTAGGGACAGAATACG,10
AAACTGAGGGCAAATCGT,OXT_03,GACTTGGGCTCATGCTGT,10
ATGGGAAGGCTGCCCGCT,OXT_22,ACGGGACCGCAGATCGAG,8
ATGAACAGTCAGCGCTCG,OXT_16,ATAAACAGTCTAGCTGTG,8
TAGGCTGCTGAGACTTGG,OXT_04,TAGACAGGGCTGACTGTG,8
ATAGGGCGTCGCTCGATC,OXT_16,ATAAACAGTCTAGCTGTG,10
GGGCAGATCCCAGCACGG,OXT_08,GACGGCATTCAGGCACGT,9
GGGACAATTCAAGTTATG,OXT_16,ATAAACAGTCTAGCTGTG,9
ACAGCATGTAGGATGTGC,OXT_22,ACGGGACCGCAGATCGAG,11
ACCAACTTAGTCGGATGG,OXT_13,TATTACACTAGTGGATGG,10
ACGTGCAAGTGGGAATGT,OXT_02,AGGGGAGCGTGCGGAGGC,9
GAGTAGACAAACTTCCGT,OXT_11,GGGTAAGGGCACAACAGT,9
TTAGGTGCGCCGATGTGT,OXT_09,TGTAGTGCTCGGCTGCCG,9
ACACATGATGAGCAGGCT,OXT_01,AGGCTGCGTAAGTCTGCT,10
TCACCGGAGCCAGCGAGG,OXT_04,TAGACAGGGCTGACTGTG,11
GGCAGCACCTTGGAGTGG,OXT_08,GACGGCATTCAGGCACGT,10
GCGGAGAGAGCGTATGGT,OXT_01,AGGCTGCGTAAGTCTGCT,10
AGGTAGCGTGTGCTCTCC,OXT_01,AGGCTGCGTAAGTCTGCT,9
GTCGGAGTAGTTAGCCAT,OXT_07,GTGGGTGCATTTGCTGTA,10
GGACATGGAGCCTACGAG,OXT_11,GGGTAAGGGCACAACAGT,10
AAGCAAGCAGAACGGACG,OXT_23,AAGTAGGGACAGAATACG,8
ATAGGCAAGAAGCGCGCT,OXT_22,ACGGGACCGCAGATCGAG,10
GGGATGGCGTACACACTT,OXT_11,GGGTAAGGGCACAACAGT,9
AGGGATAATAAGCGACTT,OXT_20,AGGGCCTAGGGATGACGT,9
GGGAAGGACGACGGGTAT,OXT_17,AGGAACTACGATCGTGAA,8
GCAGTGGTTGCAGTAAGG,OXT_03,GACTTGGGCTCATGCTGT,11
AGTGGGATTACTAGCCTG,OXT_26,GGGGCATTCACTGAGCTG,9
GGCGGTATCCTGCGAGCA,OXT_08,GACGGCATTCAGGCACGT,9
ACTTAGAGACGATGGTCG,OXT_23,AAGTAGGGACAGAATACG,9
CACAGGGCCGTATCCAAT,OXT_03,GACTTGGGCTCATGCTGT,9
GTGGCGGCCCTGACATAA,OXT_07,GTGGGTGCATTTGCTGTA,9
ACGGCAGGGTCTGTTGCT,OXT_02,AGGGGAGCGTGCGGAGGC,9
ATTGTGCTATGGGAATAA,OXT_02,AGGGGAGCGTGCGGAGGC,12
ACGCGACGAGATATTGCT,OXT_01,AGGCTGCGTAAGTCTGCT,8
ACGGAACTGTTCCGCGAG,OXT_22,ACGGGACCGCAGATCGAG,7
GAGTATGGGTCACTCCTT,OXT_03,GACTTGGGCTCATGCTGT,8
TTGGCCGCACTCCGAGTG,OXT_14,TTGAGCGTAACGACAGTG,8
AAGGACTGGACATGGTTA,OXT_27,GTAGAATGGGCATCGTCG,8
GACAGGCGACGAGTTAGT,OXT_03,GACTTGGGCTCATGCTGT,10
TGGTACGCTGAGTTGGTG,OXT_09,TGTAGTGCTCGGCTGCCG,9
AGGACGCTATGTCCGGCT,OXT_01,AGGCTGCGTAAGTCTGCT,9
CAGCAGTGTGTTACGACG,OXT_21,GAGCAACGGGTCAGCATT,9
CTAGTTGGCGTCTAGTGG,OXT_27,GTAGAATGGGCATCGTCG,9
ACAGCCCAAGGGATGCAT,OXT_20,AGGGCCTAGGGATGACGT,9
GATCGATCTAACCGTGCA,OXT_18,TAACGGGTTATCCATAAT,10
AGTAGGCGTAGGCGCTCT,OXT_01,AGGCTGCGTAAGTCTGCT,8
AGGAGCAGGGCAAGGACT,OXT_24,GGGATTCGGTCATGTCCT,8
GTGGAGAGTGACCATTGA,OXT_11,GGGTAAGGGCACAACAGT,10
TCACGGGAGCAACGAACG,OXT_18,TAACGGGTTATCCATAAT,10
GGGCACGTTCATAGCACA,OXT_11,GGGTAAGGGCACAACAGT,8
TGGCAGACCGGATAGAAT,OXT_18,TAACGGGTTATCCATAAT,11
CGGTAGAATACTGGGTGT,OXT_13,TATTACACTAGTGGATGG,8
GGCGGGACAACCTGCAAT,OXT_03,GACTTGGGCTCATGCTGT,10
ACAGTGTGGACTCTCGAG,OXT_22,ACGGGACCGCAGATCGAG,9
ACAGGGACACTGTGGCCT,OXT_08,GACGGCATTCAGGCACGT,11
TTCGTCAATTGCGTGTTG,OXT_10,AAGATGTATCGTGTGCTG,9
GCACAGAGAGGGAGCCAG,OXT_21,GAGCAACGGGTCAGCATT,10
AACGTGGCCACATTGCGT,OXT_03,GACTTGGGCTCATGCTGT,7
ATGGTCCCGTCGATGGCT,OXT_22,ACGGGACCGCAGATCGAG,8
AATAAGCTATCCTGTGCT,OXT_24,GGGATTCGGTCATGTCCT,9
ATCAAGAGGATTGGCAGT,OXT_06,ATCATCATCATCATCATC,9
AGGCACGAGTAAGGTGTG,OXT_17,AGGAACTACGATCGTGAA,8
ACGGGATACTGCATAGGG,OXT_02,AGGGGAGCGTGCGGAGGC,7
GTGTTCACTAATTGCATG,OXT_13,TATTACACTAGTGGATGG,9
AGGGCGCGGCGCAACGAT,OXT_11,GGGTAAGGGCACAACAGT,8
AGGAACGAGGTGTGATGG,OXT_20,AGGGCCTAGGGATGACGT,7
AGGTAGACAAGTGAGGCA,OXT_13,TATTACACTAGTGGATGG,10
TCATGCACATACAGCGTG,OXT_14,TTGAGCGTAACGACAGTG,10
TCGGGGAAGTATTAATTC,OXT_02,AGGGGAGCGTGCGGAGGC,11
ACGAACGGTTCACGTATG,OXT_16,ATAAACAGTCTAGCTGTG,8
GAGGTCGAATGCGGGGCT,OXT_02,AGGGGAGCGTGCGGAGGC,9
CGGGAGGGACGCCTGGTA,OXT_15,AGGGTATAACGTCCTTTG,10
AGGTGCAAACGGACTGTA,OXT_15,AGGGTATAACGTCCTTTG,8
ACAGGAAGTAGTACGTCG,OXT_27,GTAGAATGGGCATCGTCG,9
AAAGCACTAACGGTAATG,OXT_05,GGCGGACAGACTCTAATG,8
AGGCAGGAGGTGGAACGT,OXT_20,AGGGCCTAGGGATGACGT,8
ATTGGGGCATAATACTGT,OXT_03,GACTTGGGCTCATGCTGT,9
ACAGAATAGAGAATGTGC,OXT_27,GTAGAATGGGCATCGTCG,9
GAGTCTACGGGCAGATCA,OXT_13,TATTACACTAGTGGATGG,10
GGGTGGACAGAAGACGAG,OXT_22,ACGGGACCGCAGATCGAG,10
AACACACATAGACGGCAT,OXT_10,AAGATGTATCGTGTGCTG,10
CGATCCCTAATAGTCCGA,OXT_06,ATCATCATCATCATCATC,12
ACCAACAGTGACGGGCTG,OXT_16,ATAAACAGTCTAGCTGTG,8
AGCCATGGTAACCGCGTG,OXT_28,AGCGGCGGCGACGGCGAA,8
AAGTGTCTGCAGGACGCG,OXT_22,ACGGGACCGCAGATCGAG,7
AGGCAAGTTGGACGTCCG,OXT_09,TGTAGTGCTCGGCTGCCG,10
GGCCTGCTGTCTCTGGTG,OXT_05,GGCGGACAGACTCTAATG,7
AACACGTGCAATGCTGTG,OXT_04,TAGACAGGGCTGACTGTG,9
AAGCATCGACGCACCCCT,OXT_21,GAGCAACGGGTCAGCATT,8
ATGTGCGGCTACAGATGT,OXT_02,AGGGGAGCGTGCGGAGGC,9
ATGTGAAGGGCGTATTCT,OXT_27,GTAGAATGGGCATCGTCG,9
AGGAGGAATCGGCTGCAT,OXT_09,TGTAGTGCTCGGCTGCCG,7
GCGGCATCGATCCTATTT,OXT_05,GGCGGACAGACTCTAATG,9
TCCAGGAGCGCGTCACTT,OXT_08,GACGGCATTCAGGCACGT,10
AACGACCCACTGAACCGA,OXT_08,GACGGCATTCAGGCACGT,10
ATGAAGTAGTAGACGCGC,OXT_10,AAGATGTATCGTGTGCTG,10
GATGCCTCTACTACGTGT,OXT_13,TATTACACTAGTGGATGG,9
AGGGCAGACTTTGGTGTA,OXT_07,GTGGGTGCATTTGCTGTA,7
AATGATGACTGACTGCGG,OXT_09,TGTAGTGCTCGGCTGCCG,9
TGCCGCGAAGTAAATGTG,OXT_14,TTGAGCGTAACGACAGTG,9
AGCGGCCCATATTCGGCT,OXT_01,AGGCTGCGTAAGTCTGCT,9
AGGAACTGGTCCGACGTA,OXT_17,AGGAACTACGATCGTGAA,9
GATAACGTCGTGCTGGTT,OXT_12,AATACAGCGGTGTTTCTA,9
GCGGCAGTCACGTATGCT,OXT_26,GGGGCATTCACTGAGCTG,8
ACGGTAATAGTAAGTGCT,OXT_01,AGGCTGCGTAAGTCTGCT,11
GGAGGAGTGATTAGATGT,OXT_02,AGGGGAGCGTGCGGAGGC,9
GCTCACGGCGCGTACTTA,OXT_03,GACTTGGGCTCATGCTGT,10
CGGTGGTAAAGTCAGACG,OXT_15,AGGGTATAACGTCCTTTG,9
TAGACAGATAGTGGGGAG,OXT_10,AAGATGTATCGTGTGCTG,8
AGGTGAGCATCACTATAG,OXT_02,AGGGGAGCGTGCGGAGGC,9
ACTGTGCGTATGCAGGTG,OXT_01,AGGCTGCGTAAGTCTGCT,9
CTGTCTGTGGGAGTAAGG,OXT_20,AGGGCCTAGGGATGACGT,10
TATGACTGAACTGTTGCT,OXT_13,TATTACACTAGTGGATGG,10
TCACCCATTGACTGCTCG,OXT_13,TATTACACTAGTGGATGG,11
GAAGCAAACACGGTGCAT,OXT_26,GGGGCATTCACTGAGCTG,8
GAAGCGTGGCCTGCTCGT,OXT_08,GACGGCATTCAGGCACGT,9
TGATATGCGGAGTGCCAG,OXT_09,TGTAGTGCTCGGCTGCCG,10
GTGCAGAGGACCCGTGTG,OXT_21,GAGCAACGGGTCAGCATT,9
GGGCCAACAGCTACGTGT,OXT_26,GGGGCATTCACTGAGCTG,10
ACTACCATTCTGAGTGCG,OXT_16,ATAAACAGTCTAGCTGTG,8
TGCACAGGAGGTCCTTGG,OXT_15,AGGGTATAACGTCCTTTG,8
AGAGGAGGTGTATGAAGG,OXT_02,AGGGGAGCGTGCGGAGGC,9
ACGTGGATGGGATTCCGC,OXT_20,AGGGCCTAGGGATGACGT,9
GCAGACGGGAGGATGGCG,OXT_27,GTAGAATGGGCATCGTCG,9
TGCGGACTTGAACTGTGT,OXT_05,GGCGGACAGACTCTAATG,10
TACGGGTCACGTATCCGC,OXT_10,AAGATGTATCGTGTGCTG,10
ACGAGTGTAACCGAGTGC,OXT_02,AGGGGAGCGTGCGGAGGC,10
AACGGTAGCTCATCATGT,OXT_03,GACTTGGGCTCATGCTGT,7
GGAGGCCGATCATACTCT,OXT_24,GGGATTCGGTCATGTCCT,8
CGGCGAAGAGATCCCGAT,OXT_01,AGGCTGCGTAAGTCTGCT,10
ACGGCCGAACTAATTGTG,OXT_04,TAGACAGGGCTGACTGTG,8
ACACCGAGGAGCAGTGTG,OXT_04,TAGACAGGGCTGACTGTG,10
GTGGAGCAGTACGAGTAG,OXT_27,GTAGAATGGGCATCGTCG,10
AGGTCCGTGCAATGTGTG,OXT_04,TAGACAGGGCTGACTGTG,9
AGGGGGCTAGGATGCGAA,OXT_28,AGCGGCGGCGACGGCGAA,8
ACTGGACGTCGCACTGTG,OXT_22,ACGGGACCGCAGATCGAG,8
AGGCGGCATTCAGGTGTT,OXT_01,AGGCTGCGTAAGTCTGCT,8
AAGCTGACGTCGCATACG,OXT_23,AAGTAGGGACAGAATACG,8
AAGGGTATAGCCAAGCCA,OXT_23,AAGTAGGGACAGAATACG,11
GTGGAATGGAACGCTCTC,OXT_26,GGGGCATTCACTGAGCTG,9
GACAGCGGAACGTTCATA,OXT_14,TTGAGCGTAACGACAGTG,9
TGGCAGGCTAGATTGCGT,OXT_09,TGTAGTGCTCGGCTGCCG,9
GGGAAGCAGTGGCGAGCG,OXT_24,GGGATTCGGTCATGTCCT,9
TGGCGCCACATCCGTGTG,OXT_17,AGGAACTACGATCGTGAA,9
AGCAGGAGCGTATTCGTG,OXT_06,ATCATCATCATCATCATC,9
TGGCTCGTTCGAGTATGA,OXT_13,TATTACACTAGTGGATGG,10
GCGCGGTATACAGGAATG,OXT_05,GGCGGACAGACTCTAATG,9
TGGGCCGGACATACAGTC,OXT_04,TAGACAGGGCTGACTGTG,8
CAGGGGCGCACACAGGAT,OXT_18,TAACGGGTTATCCATAAT,10
GGCGGACCGGGACGTCTA,OXT_05,GGCGGACAGACTCTAATG,8
GAGGTGAGTGAGGGTAGA,OXT_08,GACGGCATTCAGGCACGT,9
ATACTCGTGCACTGACGT,OXT_20,AGGGCCTAGGGATGACGT,9
GGCACAAAACGCGTGCTT,OXT_10,AAGATGTATCGTGTGCTG,9
GGAAGGACACGGACAGGT,OXT_08,GACGGCATTCAGGCACGT,9
TGGGGCAAGGCAGGGTGT,OXT_20,AGGGCCTAGGGATGACGT,7
AGAAGCACGCCTAAGTGG,OXT_09,TGTAGTGCTCGGCTGCCG,11
GACAGTTCATCCCGCGGG,OXT_03,GACTTGGGCTCATGCTGT,10
ACAGGACTTGTCTGTGAG,OXT_22,ACGGGACCGCAGATCGAG,9
GATACGGGAACCCTACTG,OXT_05,GGCGGACAGACTCTAATG,10
ACGCACATCGTCAGTGAA,OXT_17,AGGAACTACGATCGTGAA,7
ACCGTTGGAGTAGCAATG,OXT_25,TGCATCGCAACAGCAGTT,9
ACGGGAACAGGCTCGTAT,OXT_02,AGGGGAGCGTGCGGAGGC,10
GGGCAAGGAGGAGCACGA,OXT_02,AGGGGAGCGTGCGGAGGC,10
ATGGGAACAAGGGCCTGT,OXT_02,AGGGGAGCGTGCGGAGGC,9
AGGCAGGTAGGAGCAAGT,OXT_20,AGGGCCTAGGGATGACGT,9
TTCGCAAGTTCGGATGTA,OXT_04,TAGACAGGGCTGACTGTG,10
GGTAGGATGACATTCATG,OXT_05,GGCGGACAGACTCTAATG,8
AGCAGACGTTATGCAAAC,OXT_02,AGGGGAGCGTGCGGAGGC,10
AGATATCCGCAGCTTGTT,OXT_22,ACGGGACCGCAGATCGAG,9
ATTAATGCAACCCGCTCT,OXT_09,TGTAGTGCTCGGCTGCCG,11
GCGGTACTCGGATTGCGG,OXT_26,GGGGCATTCACTGAGCTG,9
TGGAGACCGCGTGATGTG,OXT_04,TAGACAGGGCTGACTGTG,8
ATTCCGACGTTACTGCTT,OXT_12,AATACAGCGGTGTTTCTA,9
GACCCGTGGCGTTACATA,OXT_21,GAGCAACGGGTCAGCATT,10
GAGGTTGGACGGCTATCT,OXT_09,TGTAGTGCTCGGCTGCCG,10
GATGGCACAGACAGGCTT,OXT_08,GACGGCATTCAGGCACGT,9
TAAGGCTTGGCGTCAGTT,OXT_14,TTGAGCGTAACGACAGTG,8
TGGCGGTAAGAGCGTTCG,OXT_15,AGGGTATAACGTCCTTTG,9
AGGGTATTAACGGAAGCG,OXT_26,GGGGCATTCACTGAGCTG,7
ATGACGGCCAACTATGTG,OXT_01,AGGCTGCGTAAGTCTGCT,10
ACATGAATAGTCGGGATA,OXT_06,ATCATCATCATCATCATC,11
CAAGGGCTAGCTATGGCG,OXT_05,GGCGGACAGACTCTAATG,11
AGGGCATAGCTGTAGAGT,OXT_20,AGGGCCTAGGGATGACGT,7
ATGGTGATACCAGACGTT,OXT_16,ATAAACAGTCTAGCTGTG,10
TCACGGGCATCTATCCGG,OXT_09,TGTAGTGCTCGGCTGCCG,11
GAAGCGGCACACCGTAGG,OXT_23,AAGTAGGGACAGAATACG,9
CAAGCCTTCTAAATTGTG,OXT_04,TAGACAGGGCTGACTGTG,11
ACGAGGAGCATTAGGTGG,OXT_06,ATCATCATCATCATCATC,11
GACGGATGACCAGAGTGC,OXT_27,GTAGAATGGGCATCGTCG,9
ACGGCACCCAGTACGTGT,OXT_15,AGGGTATAACGTCCTTTG,10
AAATTGGCGACGTACTGG,OXT_03,GACTTGGGCTCATGCTGT,8
AATGTGGCTTAGTAAGCT,OXT_01,AGGCTGCGTAAGTCTGCT,8
GCGGCGATACTATCTGTA,OXT_07,GTGGGTGCATTTGCTGTA,8
TGGGATGGATATTTGCAA,OXT_07,GTGGGTGCATTTGCTGTA,10
GTGCTACGACAGAACGTG,OXT_22,ACGGGACCGCAGATCGAG,8
GGAGGGGAAGACGTTCCA,OXT_28,AGCGGCGGCGACGGCGAA,9
ACGACTGCGGTTGGGACG,OXT_12,AATACAGCGGTGTTTCTA,10
GGCAACGTCACAAGGGTT,OXT_25,TGCATCGCAACAGCAGTT,7
GATGAGTTCTCTAGACGG,OXT_26,GGGGCATTCACTGAGCTG,9
GTGTCCGTGACAGACATG,OXT_26,GGGGCATTCACTGAGCTG,8
GCTGCCGCCGGCACACTT,OXT_19,CCCCCCCCCCCCCCCCCC,10
TGTCGATCCGAATCGTGG,OXT_27,GTAGAATGGGCATCGTCG,9
AACGAGTATCCTAAGTGT,OXT_10,AAGATGTATCGTGTGCTG,9
ATCACTAGTTCGTCTGCG,OXT_16,ATAAACAGTCTAGCTGTG,8
ACCAGGGAGACATGACAA,OXT_20,AGGGCCTAGGGATGACGT,10
ATGGCTGTGCCGAGGGCA,OXT_04,TAGACAGGGCTGACTGTG,10
AGGGCAGCACTCGGACGG,OXT_02,AGGGGAGCGTGCGGAGGC,6
ATCTAGGTATATCCCGTG,OXT_07,GTGGGTGCATTTGCTGTA,10
AAGGGATAGGGAGGAGCG,OXT_02,AGGGGAGCGTGCGGAGGC,7
AATGAGGTTGTTAATCAG,OXT_18,TAACGGGTTATCCATAAT,9
ACGGAGGCTAGGCTGCCG,OXT_09,TGTAGTGCTCGGCTGCCG,7
ACAGGTAGGATCAATCGT,OXT_18,TAACGGGTTATCCATAAT,10
ATCGGCAGTACCTTCAGT,OXT_06,ATCATCATCATCATCATC,8
ATGCAGAGGGTTCGACGG,OXT_20,AGGGCCTAGGGATGACGT,10
GATGCCACCCGGGAGCGT,OXT_08,GACGGCATTCAGGCACGT,7
GACGGGAGAGACGTATCG,OXT_08,GACGGCATTCAGGCACGT,9
AGGCCACAGCAAGGGATA,OXT_20,AGGGCCTAGGGATGACGT,10
ACGCTAGCGTGTTAGTGA,OXT_02,AGGGGAGCGTGCGGAGGC,9
AGGGCTAGCTTCCACAGT,OXT_11,GGGTAAGGGCACAACAGT,9
ACTCACAGAGTGGAATCA,OXT_13,TATTACACTAGTGGATGG,11
GCGGTCTCAACTGGATTT,OXT_25,TGCATCGCAACAGCAGTT,8
GAGGCCATCAGACTGGCG,OXT_26,GGGGCATTCACTGAGCTG,9
AGGGTACAAAGAGGACGT,OXT_20,AGGGCCTAGGGATGACGT,6
GGAACACGCGACGACAAG,OXT_11,GGGTAAGGGCACAACAGT,9
ACGGTTGGGAATTACATG,OXT_11,GGGTAAGGGCACAACAGT,10
TCCAGCAGGACTCGTGAA,OXT_17,AGGAACTACGATCGTGAA,9
AGGTTGACAATGCGCGTG,OXT_01,AGGCTGCGTAAGTCTGCT,10
ACGTAGGAAAGACGCCAT,OXT_20,AGGGCCTAGGGATGACGT,10
TGTACACTCATTCCGATA,OXT_26,GGGGCATTCACTGAGCTG,9
GGGGACCCTTCCCTTGGA,OXT_02,AGGGGAGCGTGCGGAGGC,10
CGGAAGTACGATCTTGCG,OXT_17,AGGAACTACGATCGTGAA,5
AAACAGAGGATGCATGCT,OXT_01,AGGCTGCGTAAGTCTGCT,8
GGCTAGGGGTAGCAGCTC,OXT_11,GGGTAAGGGCACAACAGT,9
GCATACGACTTATTCAAT,OXT_03,GACTTGGGCTCATGCTGT,9
TAGGGATGCTGACTTATG,OXT_15,AGGGTATAACGTCCTTTG,9
ATGACGGAGGGTGAGAGC,OXT_10,AAGATGTATCGTGTGCTG,9
ACGTAGTGACGGTCCCGA,OXT_23,AAGTAGGGACAGAATACG,9
CAGAACGGGATCAGACTG,OXT_04,TAGACAGGGCTGACTGTG,8
TAGGACGTGTACCTGGCT,OXT_02,AGGGGAGCGTGCGGAGGC,11
ACCGTCCATTCATGTGCA,OXT_24,GGGATTCGGTCATGTCCT,9
AGCATGCTTGCCGTGCTG,OXT_10,AAGATGTATCGTGTGCTG,7
AGGGCTACAGCATTACGT,OXT_20,AGGGCCTAGGGATGACGT,6
ACACACGCACTTCCTGGT,OXT_16,ATAAACAGTCTAGCTGTG,9
ACGAGAGACTATGTGCAA,OXT_10,AAGATGTATCGTGTGCTG,9
CGCAGTGTCGACAGTGCG,OXT_28,AGCGGCGGCGACGGCGAA,8
TGCTTTCCGGGTTGGCTG,OXT_09,TGTAGTGCTCGGCTGCCG,10
TGCTACGCTGACTATAAT,OXT_11,GGGTAAGGGCACAACAGT,9
GGGGTAAGACATAGCCCT,OXT_11,GGGTAAGGGCACAACAGT,8
GGGCCATAGACGCAGCAT,OXT_26,GGGGCATTCACTGAGCTG,7
ATGTGGCAAAGGAGCACG,OXT_23,AAGTAGGGACAGAATACG,8
CTGGGGACATGCACGTGC,OXT_02,AGGGGAGCGTGCGGAGGC,9
GGCCCAAGCTAACTAATG,OXT_05,GGCGGACAGACTCTAATG,8
GTGGTACGATGCAGCAGC,OXT_21,GAGCAACGGGTCAGCATT,8
GTCCTAATGACGCCAAAG,OXT_05,GGCGGACAGACTCTAATG,8
ATGTCCATAACGTGGCTG,OXT_14,TTGAGCGTAACGACAGTG,8
AGGACCGGAGACGAGCTG,OXT_26,GGGGCATTCACTGAGCTG,9
GGGGTATCAGGCGATTTG,OXT_15,AGGGTATAACGTCCTTTG,6
TAGAGGGCAGAAGTGCAG,OXT_09,TGTAGTGCTCGGCTGCCG,9
GGCATGAGATCACCTGTG,OXT_25,TGCATCGCAACAGCAGTT,8
GGGGCAGGAGACGCATAG,OXT_28,AGCGGCGGCGACGGCGAA,9
AACGGGTGTAATCTCTCG,OXT_05,GGCGGACAGACTCTAATG,10
GTAACGTGGCGCTAGATT,OXT_11,GGGTAAGGGCACAACAGT,10
GCATGCGGGCAAAGACTG,OXT_11,GGGTAAGGGCACAACAGT,10
GGCGAGATCCTTAAGGGT,OXT_08,GACGGCATTCAGGCACGT,10
GATCGTGATGCGGGAGCT,OXT_08,GACGGCATTCAGGCACGT,10
GGGCGAAGGCAACTTGGT,OXT_11,GGGTAAGGGCACAACAGT,8
GGGGCAAGGAGAGGTACT,OXT_24,GGGATTCGGTCATGTCCT,8
TACCGATGGGAGACGCGT,OXT_08,GACGGCATTCAGGCACGT,9
ATGGGTACGTACTCATCG,OXT_02,AGGGGAGCGTGCGGAGGC,9
TCATACATTCGTCGCTCT,OXT_13,TATTACACTAGTGGATGG,8
AGGGTACCGAGGCGCGCA,OXT_02,AGGGGAGCGTGCGGAGGC,8
AGGTCGGAAGAACATCAT,OXT_17,AGGAACTACGATCGTGAA,9
AGGACTAAGGTAACGTGG,OXT_20,AGGGCCTAGGGATGACGT,9
GACCCATGTGCTCCAACA,OXT_05,GGCGGACAGACTCTAATG,10
TATATTACCGGGCAAGCA,OXT_09,TGTAGTGCTCGGCTGCCG,9
ACCTGGCTTGTCCGGGTG,OXT_18,TAACGGGTTATCCATAAT,11
AGGCCCGCTCCGATAGTG,OXT_14,TTGAGCGTAACGACAGTG,8
GAGGGACCAGAGAGACTT,OXT_21,GAGCAACGGGTCAGCATT,8
ATGGATCCACGCATTAGA,OXT_07,GTGGGTGCATTTGCTGTA,10
GGACGGCTCGAAATGTGT,OXT_03,GACTTGGGCTCATGCTGT,11
GCACGAGCAGCCAGTGTG,OXT_07,GTGGGTGCATTTGCTGTA,10
GGGTGGTAGAATGTGCAG,OXT_10,AAGATGTATCGTGTGCTG,8
TACCAACCGACGCTCGGT,OXT_05,GGCGGACAGACTCTAATG,10
GGCGGCCAAAAGTCAGGT,OXT_08,GACGGCATTCAGGCACGT,7
ACACAGCGGCAGACATGT,OXT_01,AGGCTGCGTAAGTCTGCT,9
ACGGTCCATAAGCGGGTG,OXT_01,AGGCTGCGTAAGTCTGCT,9
GCAGACCGATATGCAGTG,OXT_07,GTGGGTGCATTTGCTGTA,9
AGCGGCCCGATTACATCC,OXT_05,GGCGGACAGACTCTAATG,9
AGGGTAGGAAACATCATC,OXT_06,ATCATCATCATCATCATC,8
CGGGCGTATGCAAATTGG,OXT_20,AGGGCCTAGGGATGACGT,9
ACGGTCCCATGGTGCATG,OXT_22,ACGGGACCGCAGATCGAG,9
GGCATGCGGAAGAGACGG,OXT_24,GGGATTCGGTCATGTCCT,9
GGGATCGACTCGTTTGCG,OXT_24,GGGATTCGGTCATGTCCT,8
ACGTTCGACATTAAGTGG,OXT_06,ATCATCATCATCATCATC,11
TGCCGATGAAACTAGGTG,OXT_26,GGGGCATTCACTGAGCTG,10
TCCAATGTCGTCCTCGTA,OXT_06,ATCATCATCATCATCATC,9
AGAGCGGAATGTACCTCG,OXT_15,AGGGTATAACGTCCTTTG,8
GACGGAAACGTTAATGCT,OXT_05,GGCGGACAGACTCTAATG,11
AGGCGTGGTACAGCTCAG,OXT_01,AGGCTGCGTAAGTCTGCT,9
GACGGGATTACAGCCGCT,OXT_08,GACGGCATTCAGGCACGT,7
ACAGGTGGCAAACTTAGT,OXT_18,TAACGGGTTATCCATAAT,10
GATGGTGCAACGAATTCG,OXT_23,AAGTAGGGACAGAATACG,9
TGACGGGGAAGGACAGGG,OXT_14,TTGAGCGTAACGACAGTG,7
GAGCCATTTAATCGGTCG,OXT_26,GGGGCATTCACTGAGCTG,8
AGGCAGGAACATGCAGGT,OXT_01,AGGCTGCGTAAGTCTGCT,9
AGGCAGAAGAAGGCATCC,OXT_01,AGGCTGCGTAAGTCTGCT,8
AAGGCGAAGTATGCGGTG,OXT_10,AAGATGTATCGTGTGCTG,8
GTATCTGCTGATGAAGCT,OXT_07,GTGGGTGCATTTGCTGTA,10
AACGAGTTAAACTGCGTG,OXT_28,AGCGGCGGCGACGGCGAA,10
GCGGAGGTAGGACCTTGG,OXT_15,AGGGTATAACGTCCTTTG,9
GCAGATACGGGCAGAGGC,OXT_02,AGGGGAGCGTGCGGAGGC,8
TTCGGGAACCAGAAGTCA,OXT_08,GACGGCATTCAGGCACGT,11
CATGTCCAACGTGCGCCT,OXT_10,AAGATGTATCGTGTGCTG,9
ATTCAACCTGGGCTGCCT,OXT_09,TGTAGTGCTCGGCTGCCG,8
ACAGTGTTCGACATGCCT,OXT_06,ATCATCATCATCATCATC,11
ATGGGCTAGACTCCTTTG,OXT_15,AGGGTATAACGTCCTTTG,6
GCGGTACAGACGCTTGTT,OXT_05,GGCGGACAGACTCTAATG,7
GTAGGAGCGGAACGCGTG,OXT_22,ACGGGACCGCAGATCGAG,9
TCTGACGCGGTGTCCAAG,OXT_12,AATACAGCGGTGTTTCTA,10
AGTGCGGTTATAGGCTGG,OXT_13,TATTACACTAGTGGATGG,10
GCCGGCTACGGGACATTG,OXT_05,GGCGGACAGACTCTAATG,10
AAGCAGAGGGACACCGGG,OXT_21,GAGCAACGGGTCAGCATT,8
CACTCATGAGTCGCTCGG,OXT_04,TAGACAGGGCTGACTGTG,10
ACGCCAGACGATAATTGG,OXT_15,AGGGTATAACGTCCTTTG,10
TGCAGTAGGGCTAGGATA,OXT_05,GGCGGACAGACTCTAATG,10
GGGCAAGTCCAGCATACT,OXT_11,GGGTAAGGGCACAACAGT,7
GGCTACTGCAGGATTGGT,OXT_11,GGGTAAGGGCACAACAGT,10
GGCGGCACAAGAGGGCAG,OXT_08,GACGGCATTCAGGCACGT,10
TGGACCCGCCTCACCCTG,OXT_04,TAGACAGGGCTGACTGTG,7
GAAGGCTGCGTGAGATGG,OXT_08,GACGGCATTCAGGCACGT,10
AGGTACCAGGACTGCGAT,OXT_17,AGGAACTACGATCGTGAA,7
GGATGAACGGGTACTCCA,OXT_07,GTGGGTGCATTTGCTGTA,11
GTGTAAGCGAACGTGCTG,OXT_11,GGGTAAGGGCACAACAGT,9
GGGCGTGGAGTATAGTTG,OXT_07,GTGGGTGCATTTGCTGTA,10
AGGCATGCTGTGGCTGGA,OXT_07,GTGGGTGCATTTGCTGTA,8
AAGCAGAAACCCGGTAAT,OXT_23,AAGTAGGGACAGAATACG,9
AGAGTGGGTAACCCGACT,OXT_01,AGGCTGCGTAAGTCTGCT,7
CGGGGAGTTGAGTGAGGA,OXT_02,AGGGGAGCGTGCGGAGGC,8
ATGGACACCATGGTTACG,OXT_06,ATCATCATCATCATCATC,9
GGGCACCCACGACTATGT,OXT_20,AGGGCCTAGGGATGACGT,10
GTGAGGTTTCGGTCCCCT,OXT_08,GACGGCATTCAGGCACGT,9
AGAGATGGATGGGTTATT,OXT_07,GTGGGTGCATTTGCTGTA,10
TGACGTGTGCAAGGATGG,OXT_02,AGGGGAGCGTGCGGAGGC,10
AGGGCCCGTAGGGACTGA,OXT_01,AGGCTGCGTAAGTCTGCT,10
GAGGTGCCAACGGATGCC,OXT_01,AGGCTGCGTAAGTCTGCT,9
TAGCGGGCAGGTGCTGGT,OXT_07,GTGGGTGCATTTGCTGTA,8
GCAGTATCCAGTCGCGGA,OXT_02,AGGGGAGCGTGCGGAGGC,11
GCCTGCTGGATGAAGGTG,OXT_04,TAGACAGGGCTGACTGTG,10
GAGGACGGACGCTGTTTG,OXT_15,AGGGTATAACGTCCTTTG,9
GGCCACAATGTTCACGTG,OXT_05,GGCGGACAGACTCTAATG,10
GGCGAACCTAATGGCTCT,OXT_05,GGCGGACAGACTCTAATG,10
GGCAGTAGGTCTCGCTCT,OXT_24,GGGATTCGGTCATGTCCT,7
ACGGGAACCATTCACGTG,OXT_22,ACGGGACCGCAGATCGAG,8
ATGCGGAGGTATACAACG,OXT_23,AAGTAGGGACAGAATACG,9
GTCCGGCGTTAGCTCTAT,OXT_01,AGGCTGCGTAAGTCTGCT,10
GGGCATACAAACGGATGT,OXT_13,TATTACACTAGTGGATGG,9
GTAGTAGGCAGTTGTAAG,OXT_27,GTAGAATGGGCATCGTCG,10
TGGTGTCTGCCTGGGTAT,OXT_24,GGGATTCGGTCATGTCCT,10
ACACACTATCTGACGTGT,OXT_16,ATAAACAGTCTAGCTGTG,10
ATCGTGTGCACCATCTTA,OXT_06,ATCATCATCATCATCATC,7
CGGCATGTCCTGGGTAAC,OXT_17,AGGAACTACGATCGTGAA,11
GGGTGGCGCGAACATATT,OXT_11,GGGTAAGGGCACAACAGT,9
CGGGGCACAAATTCCTGT,OXT_08,GACGGCATTCAGGCACGT,10
GTGGGAATCCTGCATTGG,OXT_08,GACGGCATTCAGGCACGT,10
AGCGGCATGTCCGGTACA,OXT_28,AGCGGCGGCGACGGCGAA,8
CAGTGACCGATGGATGTG,OXT_04,TAGACAGGGCTGACTGTG,8
AGTGAGTTCATCTGCCAG,OXT_26,GGGGCATTCACTGAGCTG,10
GCAGGAGCAATCTACGTG,OXT_07,GTGGGTGCATTTGCTGTA,9
AAATCATGGGCCCTTGAT,OXT_12,AATACAGCGGTGTTTCTA,10
GGCCCGTGAACAGGTAAT,OXT_03,GACTTGGGCTCATGCTGT,10
GACGGTAGACACAGGTAG,OXT_08,GACGGCATTCAGGCACGT,10
ACACCAATTCGTGCGTGT,OXT_08,GACGGCATTCAGGCACGT,10
AATGGGCCCAATGTTTGT,OXT_13,TATTACACTAGTGGATGG,10
ATCGCCGGATGGTGATGG,OXT_20,AGGGCCTAGGGATGACGT,9
GCCGAGGAAAGGGATGAG,OXT_23,AAGTAGGGACAGAATACG,10
GGTAAGGACGAGTGCTGG,OXT_03,GACTTGGGCTCATGCTGT,9
TGGCTGGGAAATTATGTT,OXT_01,AGGCTGCGTAAGTCTGCT,6
ACCAACGATGGAGGCTAG,OXT_28,AGCGGCGGCGACGGCGAA,9
ACGCACGTAGTCGCACAG,OXT_14,TTGAGCGTAACGACAGTG,10
GGACTCGTACTGTCAGGA,OXT_08,GACGGCATTCAGGCACGT,10
ACGTGGAGTGCCAGAGGA,OXT_02,AGGGGAGCGTGCGGAGGC,10
TCGGGGTTAGTTGTCGCC,OXT_07,GTGGGTGCATTTGCTGTA,10
AAGGAGGGGACCTATACT,OXT_23,AAGTAGGGACAGAATACG,7
AGGTATCGACGGGTATCC,OXT_23,AAGTAGGGACAGAATACG,9
GCTGGCGGAAAACGCAAG,OXT_28,AGCGGCGGCGACGGCGAA,9
GTAGGCCTTGTGATGGAT,OXT_08,GACGGCATTCAGGCACGT,10
ATGCGGATAGTTAGACAG,OXT_14,TTGAGCGTAACGACAGTG,10
AAGCGGCAAACAGATTGT,OXT_01,AGGCTGCGTAAGTCTGCT,10
TAGAATCGTCGCATCGTA,OXT_04,TAGACAGGGCTGACTGTG,9
ACGGGAATGCTCATGCGA,OXT_22,ACGGGACCGCAGATCGAG,8
GTAGTTGATGGGGACTCG,OXT_27,GTAGAATGGGCATCGTCG,10
AACGACCACTGGGACGTG,OXT_28,AGCGGCGGCGACGGCGAA,10
ATAGGGCTAGACTCTGGG,OXT_01,AGGCTGCGTAAGTCTGCT,10
ACACCACAACGGCCCATA,OXT_15,AGGGTATAACGTCCTTTG,9
GCAGGAGAGTAATTCGGG,OXT_22,ACGGGACCGCAGATCGAG,8
GAGAGGGAAGTACGAACG,OXT_23,AAGTAGGGACAGAATACG,10
CATAGCCATACTCGTGTG,OXT_05,GGCGGACAGACTCTAATG,9
CGTGGTGGACAGCAATCA,OXT_09,TGTAGTGCTCGGCTGCCG,9
ATGCAGCGGACAGAGGAG,OXT_01,AGGCTGCGTAAGTCTGCT,10
ACGCAGTGATCATGGAGT,OXT_03,GACTTGGGCTCATGCTGT,9
AACTAGGGGATTGACATA,OXT_23,AAGTAGGGACAGAATACG,9
AGGGCACAGAGTACACGG,OXT_20,AGGGCCTAGGGATGACGT,7
GTAACGCATGGACCACGT,OXT_20,AGGGCCTAGGGATGACGT,9
GCAAGGAAAAGGACGGAG,OXT_14,TTGAGCGTAACGACAGTG,9
GTTACGGTAATGGGTATG,OXT_14,TTGAGCGTAACGACAGTG,9
ACTCGTGGAATTCAGTAG,OXT_18,TAACGGGTTATCCATAAT,10
GTACGCACAGGGAGTCGA,OXT_07,GTGGGTGCATTTGCTGTA,11
AAAGGTCTTGGTAGAGAT,OXT_02,AGGGGAGCGTGCGGAGGC,11
ATGGCGGATCTGTCATGG,OXT_04,TAGACAGGGCTGACTGTG,10
GACATAGGTCAAGACTGT,OXT_03,GACTTGGGCTCATGCTGT,7
AGGCCGGAATGTGTGCTG,OXT_10,AAGATGTATCGTGTGCTG,6
GGCTCAGCGACTTCATAA,OXT_05,GGCGGACAGACTCTAATG,9
GGGGCGAATGACCAGTAT,OXT_11,GGGTAAGGGCACAACAGT,11
AGGGACCCTATGGCCGTG,OXT_16,ATAAACAGTCTAGCTGTG,8
GCTACGTGCGGCATGATT,OXT_21,GAGCAACGGGTCAGCATT,10
AGGACATCCCAGTGTCGG,OXT_12,AATACAGCGGTGTTTCTA,9
ACTCTTGTGTAGACTCTG,OXT_04,TAGACAGGGCTGACTGTG,10
ACGCGGGAGACTCGTTTG,OXT_05,GGCGGACAGACTCTAATG,9
ATGTCAGTGACTTACGCG,OXT_26,GGGGCATTCACTGAGCTG,9
CACCAAGTTCGGACGATG,OXT_04,TAGACAGGGCTGACTGTG,9
GACCTGGAAATGGCAGTG,OXT_25,TGCATCGCAACAGCAGTT,8
ATTGTCTGTCCTCGCCTT,OXT_10,AAGATGTATCGTGTGCTG,10
GCCGATTGTGCTTCCGGT,OXT_27,GTAGAATGGGCATCGTCG,9
CAACGGGGTCAATCAGCA,OXT_01,AGGCTGCGTAAGTCTGCT,9
TACAGGGCAGTATCTCAT,OXT_12,AATACAGCGGTGTTTCTA,9
AGGCAACCACTTGACTGG,OXT_15,AGGGTATAACGTCCTTTG,9
GGGGACCCTATACCGTAC,OXT_27,GTAGAATGGGCATCGTCG,11
AACAGGGCACAGAATCCG,OXT_23,AAGTAGGGACAGAATACG,5
CGCCGAGTACTGCATGTG,OXT_04,TAGACAGGGCTGACTGTG,9
ACCATGGGGACGCGACAA,OXT_03,GACTTGGGCTCATGCTGT,11
ACGGGTCGACATCGAAAT,OXT_22,ACGGGACCGCAGATCGAG,9
GGGCAAATAGTACGTCAT,OXT_21,GAGCAACGGGTCAGCATT,9
ATACCGGGGATATTGACG,OXT_27,GTAGAATGGGCATCGTCG,9
AGAGAGGTCCTTAGTGGG,OXT_16,ATAAACAGTCTAGCTGTG,10
GAGCGGTCTAGCATGTCT,OXT_10,AAGATGTATCGTGTGCTG,10
GCGGGCGAAAGGAGGATT,OXT_14,TTGAGCGTAACGACAGTG,9
CACGGGAGGAATAAACCG,OXT_05,GGCGGACAGACTCTAATG,10
GACGAGGAGGATGTATGT,OXT_08,GACGGCATTCAGGCACGT,9
ACACGAGACTGATTTGTG,OXT_02,AGGGGAGCGTGCGGAGGC,11
AACGGGCCCAAATGGACT,OXT_01,AGGCTGCGTAAGTCTGCT,10
GATGGACCCAGGCTCTGT,OXT_05,GGCGGACAGACTCTAATG,10
AGCGAACTGGAGTAGCAT,OXT_20,AGGGCCTAGGGATGACGT,10
TACTCAAAAGGACGATTG,OXT_13,TATTACACTAGTGGATGG,9
GGGGCTGGTGACGGAGGG,OXT_02,AGGGGAGCGTGCGGAGGC,8
GGCGGTCCGATGTCAGTT,OXT_05,GGCGGACAGACTCTAATG,8
GGACTGGCTGGAGTGGAG,OXT_09,TGTAGTGCTCGGCTGCCG,10
GGGATACGTCAATTTGGT,OXT_01,AGGCTGCGTAAGTCTGCT,7
GGGGACGATCATTAGCAT,OXT_11,GGGTAAGGGCACAACAGT,9
TGGGCGATCTGTATCACA,OXT_06,ATCATCATCATCATCATC,11
AGGACGCTCGATTAACTG,OXT_26,GGGGCATTCACTGAGCTG,8
GATGCCATACTGCTCAGG,OXT_08,GACGGCATTCAGGCACGT,9
TCACGGGCATGTCACACT,OXT_18,TAACGGGTTATCCATAAT,8
TACCCGAAGGCATCGTGC,OXT_03,GACTTGGGCTCATGCTGT,10
GGGGCACGCATCACCAGT,OXT_11,GGGTAAGGGCACAACAGT,7
ACGCACTATGTACGGGCT,OXT_17,AGGAACTACGATCGTGAA,8
GAGTCTGTGTTGGCTGGT,OXT_04,TAGACAGGGCTGACTGTG,8
TTGGCACTGAGCCTCCGT,OXT_20,AGGGCCTAGGGATGACGT,10
AAGGCTGTCTTACCTGGG,OXT_04,TAGACAGGGCTGACTGTG,9
GCTGGTTGGACGCATAAT,OXT_05,GGCGGACAGACTCTAATG,10
ACTAGCTGGTCAGATCCT,OXT_24,GGGATTCGGTCATGTCCT,8
CGGGGAGAACACTCACGT,OXT_02,AGGGGAGCGTGCGGAGGC,9
CAACACGGTGGATAAGGA,OXT_13,TATTACACTAGTGGATGG,11
TCTCGATGGAGACTTTGG,OXT_05,GGCGGACAGACTCTAATG,11
AGTTAAGGACACTTAGCT,OXT_11,GGGTAAGGGCACAACAGT,8
CACCGGGATGTGCGAATA,OXT_18,TAACGGGTTATCCATAAT,9
AGGCATCGGGAGTGCATG,OXT_21,GAGCAACGGGTCAGCATT,7
CACGGTCGCGTGACGTGT,OXT_08,GACGGCATTCAGGCACGT,10
GGAGGCAGGGAAACGTCA,OXT_27,GTAGAATGGGCATCGTCG,7
TGGCACCGTAGGCACGAT,OXT_01,AGGCTGCGTAAGTCTGCT,8
AACACGCAAGAGGGTCGG,OXT_10,AAGATGTATCGTGTGCTG,10
TAGGGACACGTTGCCTGC,OXT_02,AGGGGAGCGTGCGGAGGC,11
AGCGTAATGATGACGTAT,OXT_06,ATCATCATCATCATCATC,10
AGGACGTGATGCAAACTG,OXT_10,AAGATGTATCGTGTGCTG,9
AGTACGCTCCTGCCTACG,OXT_01,AGGCTGCGTAAGTCTGCT,10
ATGCAGCACGGCACGTCT,OXT_01,AGGCTGCGTAAGTCTGCT,10
AGGCCTACATCGTTCAGA,OXT_12,AATACAGCGGTGTTTCTA,11
TTCGGAATCAGACATGGG,OXT_05,GGCGGACAGACTCTAATG,11
GTTGAGGCGAACCTTGTT,OXT_07,GTGGGTGCATTTGCTGTA,10
GGGAGGCATTTGACGTAG,OXT_01,AGGCTGCGTAAGTCTGCT,11
GAGTATCGGTGAATGATG,OXT_21,GAGCAACGGGTCAGCATT,8
GTCGAGCGGCAGGACTAT,OXT_11,GGGTAAGGGCACAACAGT,9
ACGGTACCAGATAGCGTG,OXT_22,ACGGGACCGCAGATCGAG,6
ATGTTGGACAGTGACACA,OXT_10,AAGATGTATCGTGTGCTG,10
TGGAGCGGAATGCTGGTG,OXT_14,TTGAGCGTAACGACAGTG,6
CCAAGCGGAGACGTGCAG,OXT_28,AGCGGCGGCGACGGCGAA,9
GCATCAACGTTGGATGTG,OXT_04,TAGACAGGGCTGACTGTG,9
GCGGACAACTGAATCGTG,OXT_22,ACGGGACCGCAGATCGAG,10
GGCGTTCATCGGACTGCT,OXT_01,AGGCTGCGTAAGTCTGCT,8
CAATGCCGCCATGGAGGT,OXT_08,GACGGCATTCAGGCACGT,9
AGGGTAAACGGGAACACG,OXT_15,AGGGTATAACGTCCTTTG,9
CAAGAGGAGGCAGGCAGA,OXT_03,GACTTGGGCTCATGCTGT,10
AGGGCCGCTACCGATCCT,OXT_26,GGGGCATTCACTGAGCTG,9
AATTGGTAACAGCGTGCA,OXT_23,AAGTAGGGACAGAATACG,8
TCGTTCTGTGTTGCTCCA,OXT_01,AGGCTGCGTAAGTCTGCT,11
ACACAGAGGGCAACATGT,OXT_27,GTAGAATGGGCATCGTCG,9
ACGGAGGCTCCAATGCCG,OXT_09,TGTAGTGCTCGGCTGCCG,9
GGGGTCGACAAGTTGTGG,OXT_26,GGGGCATTCACTGAGCTG,10
AGGCAGTTGGAGTTAGCT,OXT_01,AGGCTGCGTAAGTCTGCT,7
TAGGATGTGGAATTAGTG,OXT_04,TAGACAGGGCTGACTGTG,10
GACAGTGGACCATGGTCT,OXT_03,GACTTGGGCTCATGCTGT,7
TCATGCCTATTTCGTATG,OXT_18,TAACGGGTTATCCATAAT,10
AACGGGTGGTTACACTCG,OXT_03,GACTTGGGCTCATGCTGT,10
GAACGTGTCGCTCACCGG,OXT_18,TAACGGGTTATCCATAAT,10
GGAGGCCTTTGACGGTCA,OXT_09,TGTAGTGCTCGGCTGCCG,11
ACGAAGGGTGCATGCTAT,OXT_03,GACTTGGGCTCATGCTGT,8
GATTGGTCTAATCCTGGA,OXT_07,GTGGGTGCATTTGCTGTA,10
AAACTTCGCACGCCTGGT,OXT_01,AGGCTGCGTAAGTCTGCT,7
GCAAGCAAAGACGGACTG,OXT_08,GACGGCATTCAGGCACGT,10
AGTATTGGAGGTGCAGCA,OXT_25,TGCATCGCAACAGCAGTT,9
TGTACATGGCAGCGGCAT,OXT_09,TGTAGTGCTCGGCTGCCG,9
GTAGGTGTGGAGGTCAGT,OXT_08,GACGGCATTCAGGCACGT,9
GCAGCCCGGAGGAAGGGT,OXT_11,GGGTAAGGGCACAACAGT,11
GGGTGAGGTTGAATCGCT,OXT_11,GGGTAAGGGCACAACAGT,8
ACGTCGTTCGATGTGGCA,OXT_17,AGGAACTACGATCGTGAA,9
ATTGGGCAGTAAAGGCGT,OXT_20,AGGGCCTAGGGATGACGT,9
GGGCAGGTCCACTTTGCA,OXT_01,AGGCTGCGTAAGTCTGCT,9
ACGTAGAGGGCGTCGACT,OXT_01,AGGCTGCGTAAGTCTGCT,9
AGGGCGTTCGACGTCTTG,OXT_26,GGGGCATTCACTGAGCTG,8
AAGTGGATAAAGGTTTTG,OXT_23,AAGTAGGGACAGAATACG,8
GCGGGCCAACGTCGTGTT,OXT_15,AGGGTATAACGTCCTTTG,8
CCTGGGCTATTAGTGTGT,OXT_03,GACTTGGGCTCATGCTGT,12
AAGGGCCGTCGACAGTGA,OXT_08,GACGGCATTCAGGCACGT,11
ATGGCAATGAAGCTCACG,OXT_22,ACGGGACCGCAGATCGAG,8
GGCACACCGTTACGCGAG,OXT_05,GGCGGACAGACTCTAATG,10
ACGGGCACCAGCGCGGAA,OXT_28,AGCGGCGGCGACGGCGAA,8
ATGCCAAAGTGGGACGCT,OXT_02,AGGGGAGCGTGCGGAGGC,10
AGCAGGGACGACATGCAG,OXT_28,AGCGGCGGCGACGGCGAA,8
ACTCGCCGATCAATGTTG,OXT_14,TTGAGCGTAACGACAGTG,11
AGCTCTGTGCCTGGAGCG,OXT_02,AGGGGAGCGTGCGGAGGC,10
ACGGTGCGAGCGCGAATG,OXT_05,GGCGGACAGACTCTAATG,10
AGGCTAGCGAACTCTGGT,OXT_01,AGGCTGCGTAAGTCTGCT,6
GAGGAGGAAGTCGACACG,OXT_23,AAGTAGGGACAGAATACG,8
TAGAGCAATGAACGTAGT,OXT_17,AGGAACTACGATCGTGAA,9
AGAGGGCAGGAAGTTGAT,OXT_22,ACGGGACCGCAGATCGAG,9
AGGCGCGGATTCTTAGGA,OXT_02,AGGGGAGCGTGCGGAGGC,8
GGAGCGAAAGCAGGTTGT,OXT_20,AGGGCCTAGGGATGACGT,9
GCCGATAAGCCGACGTGA,OXT_08,GACGGCATTCAGGCACGT,10
TGGAGGCTAAGGGAGGTG,OXT_14,TTGAGCGTAACGACAGTG,7
TGATTCCACACTGACGGG,OXT_13,TATTACACTAGTGGATGG,10
ACTGGTCGAATGTGATAC,OXT_22,ACGGGACCGCAGATCGAG,11
TGTACCCAGAGTGTATGG,OXT_13,TATTACACTAGTGGATGG,7
TTCGTGTGACTGGCAATT,OXT_25,TGCATCGCAACAGCAGTT,9
GATAGGGCGGGGAGAACT,OXT_09,TGTAGTGCTCGGCTGCCG,10
GGAGGCAGTACTATGTTG,OXT_05,GGCGGACAGACTCTAATG,8
GCTTATTAGGAGGGCTAC,OXT_17,AGGAACTACGATCGTGAA,11
CATTGGACAGTCCGCTAG,OXT_13,TATTACACTAGTGGATGG,10
TGGAGGAGCATACGGGTG,OXT_04,TAGACAGGGCTGACTGTG,10
AGCGAGCGGGTAAGATCG,OXT_27,GTAGAATGGGCATCGTCG,9
GGGGGGAAGCCTACTGTG,OXT_05,GGCGGACAGACTCTAATG,8
CTAATGGCATGCGCATGT,OXT_25,TGCATCGCAACAGCAGTT,9
TGTGCATACGCAGGGACG,OXT_26,GGGGCATTCACTGAGCTG,8
ATTACGCTGCTCTCCCAT,OXT_12,AATACAGCGGTGTTTCTA,10
GAGCAATGGATCGTGTGA,OXT_21,GAGCAACGGGTCAGCATT,8
GGGGACTATGTGGCCTCT,OXT_08,GACGGCATTCAGGCACGT,10
ACAAAGCAACTCCGTCTG,OXT_16,ATAAACAGTCTAGCTGTG,9
ACACGGTCTATTCGTGAT,OXT_18,TAACGGGTTATCCATAAT,7
ACGCCCGTCCGTATAGCG,OXT_14,TTGAGCGTAACGACAGTG,10
ATGACCTTGAGTGGCGGA,OXT_17,AGGAACTACGATCGTGAA,9
ATGTGAGGTTACGTACAT,OXT_02,AGGGGAGCGTGCGGAGGC,9
AACGGGCAAAGTGAGATG,OXT_05,GGCGGACAGACTCTAATG,8
ATAGAGGGCGTAATTCCA,OXT_12,AATACAGCGGTGTTTCTA,10
AGGGCGGAATACTCTGAG,OXT_01,AGGCTGCGTAAGTCTGCT,9
ACGCTGGTGAAGCGTGCG,OXT_01,AGGCTGCGTAAGTCTGCT,7
ACACTGGTGGGAAGAGCC,OXT_02,AGGGGAGCGTGCGGAGGC,10
AGGGCTGCCACAACTACT,OXT_01,AGGCTGCGTAAGTCTGCT,10
AGCGTTACTAGCCGTGAA,OXT_28,AGCGGCGGCGACGGCGAA,9
GCGGCGTATACCTGTGCG,OXT_01,AGGCTGCGTAAGTCTGCT,10
AATCACCCAGGACCCGTT,OXT_21,GAGCAACGGGTCAGCATT,10
GAGCAAGCCGATATGTGG,OXT_11,GGGTAAGGGCACAACAGT,10
ATCACATCTGAGAGCTCA,OXT_12,AATACAGCGGTGTTTCTA,10
GAGGCACGTTAAGAGGAT,OXT_26,GGGGCATTCACTGAGCTG,10
ACGGCAGAGGAACGGTCG,OXT_20,AGGGCCTAGGGATGACGT,9
AGGCGATCCCGGGATAAT,OXT_02,AGGGGAGCGTGCGGAGGC,10
TAGTGGGAAAGCTAGTAC,OXT_18,TAACGGGTTATCCATAAT,9
GCGGTACGTGTTGTCCTA,OXT_21,GAGCAACGGGTCAGCATT,9
TTGAGGGACGTACGCCTG,OXT_14,TTGAGCGTAACGACAGTG,10
ACGTGTCATAGACGGAGG,OXT_05,GGCGGACAGACTCTAATG,11
AGTGGCAGAACTATGGCG,OXT_05,GGCGGACAGACTCTAATG,10
ACGGATCTGACCCACGCT,OXT_22,ACGGGACCGCAGATCGAG,10
GTCCACTAGGAGCTCTAT,OXT_17,AGGAACTACGATCGTGAA,10
TCCGTGTGCCTGGCCTGA,OXT_03,GACTTGGGCTCATGCTGT,10
ATCTCCAGCGGGATCGGA,OXT_06,ATCATCATCATCATCATC,9
GTTGACATTCGGCAGGCG,OXT_09,TGTAGTGCTCGGCTGCCG,9
ACGGTACAGAGGAATGTG,OXT_22,ACGGGACCGCAGATCGAG,7
GGAGGCACAGTAGTCACG,OXT_05,GGCGGACAGACTCTAATG,11
ATCGTATGGGTGTCACGT,OXT_20,AGGGCCTAGGGATGACGT,8
ATGGGACGACAGCTGCTA,OXT_22,ACGGGACCGCAGATCGAG,8
GTAGACCGTTAACGTGCT,OXT_16,ATAAACAGTCTAGCTGTG,9
GCTGCCCGATTCGCTACG,OXT_07,GTGGGTGCATTTGCTGTA,10
GGATCAGACCGTGAATTC,OXT_26,GGGGCATTCACTGAGCTG,9
ACCAACGCTGGCTGTGCT,OXT_17,AGGAACTACGATCGTGAA,10
CATGTAGCGTGAGGTCCA,OXT_02,AGGGGAGCGTGCGGAGGC,9
ATGTACACGATGGAGGTG,OXT_16,ATAAACAGTCTAGCTGTG,8
AGCTGGGAGAGACGCTGT,OXT_03,GACTTGGGCTCATGCTGT,8
GGGGTTGTAGGGTGGCCC,OXT_24,GGGATTCGGTCATGTCCT,9
ATATGGTCAGCAAGGTAT,OXT_27,GTAGAATGGGCATCGTCG,10
TGGGCAATTGGTATGGGA,OXT_26,GGGGCATTCACTGAGCTG,10
TTGCGGCGTATGCATTGT,OXT_18,TAACGGGTTATCCATAAT,7
TGGTAGGGTTATACGCAG,OXT_23,AAGTAGGGACAGAATACG,9
ACGCATATGCGTGTAACT,OXT_10,AAGATGTATCGTGTGCTG,11
ACGTCCGCTCTATGCTCT,OXT_03,GACTTGGGCTCATGCTGT,10
GATCAATCTTGGACTGCG,OXT_04,TAGACAGGGCTGACTGTG,10
ATTGCTAACACCGTATGC,OXT_06,ATCATCATCATCATCATC,10
GGGGATCGATGAGCTCAT,OXT_24,GGGATTCGGTCATGTCCT,7
ACGGCAAGATATGTCGTG,OXT_22,ACGGGACCGCAGATCGAG,8
AACCTTGTAGACGTGCCG,OXT_10,AAGATGTATCGTGTGCTG,10
GCCCAGAATCCGCCCTCG,OXT_19,CCCCCCCCCCCCCCCCCC,9
ACCTTGCGTTCAATGGTG,OXT_03,GACTTGGGCTCATGCTGT,10
TATGATGGACTCTGTGTG,OXT_04,TAGACAGGGCTGACTGTG,8
AGAATACGGATACTGACT,OXT_24,GGGATTCGGTCATGTCCT,9
GTGGAACAGACATCGATG,OXT_27,GTAGAATGGGCATCGTCG,6
TACCGGTATCGCAGTTGG,OXT_10,AAGATGTATCGTGTGCTG,10
ATAGCCCTGTGAATCCTG,OXT_06,ATCATCATCATCATCATC,10
AGGACACGAGGTATGCGA,OXT_10,AAGATGTATCGTGTGCTG,10
ACGATGGGAAGAACGGTG,OXT_14,TTGAGCGTAACGACAGTG,8
AACGACTGGTCTCTATCG,OXT_05,GGCGGACAGACTCTAATG,9
ACTGGACTACGTGACACG,OXT_22,ACGGGACCGCAGATCGAG,9
AAGGAGGAACGTTCTGGA,OXT_15,AGGGTATAACGTCCTTTG,8
AGCGGACTACTGACGCGG,OXT_08,GACGGCATTCAGGCACGT,9
GAGTACCTACGCACGATG,OXT_21,GAGCAACGGGTCAGCATT,9
AAGTTGGTCAGCGACCGT,OXT_03,GACTTGGGCTCATGCTGT,9
AAGGGCCATGCAGTCATC,OXT_05,GGCGGACAGACTCTAATG,10
AGGCTGGGTAAGCTGCCG,OXT_01,AGGCTGCGTAAGTCTGCT,6
GGGCGTACGAAAGTGACA,OXT_05,GGCGGACAGACTCTAATG,11
AACGGCGAAACGACGTGA,OXT_14,TTGAGCGTAACGACAGTG,9
GGCAAACAGACTCGCGTC,OXT_05,GGCGGACAGACTCTAATG,6
GTGGCGTACACAAGCCGG,OXT_26,GGGGCATTCACTGAGCTG,8
TGGTGCACCTAGGAGTGG,OXT_13,TATTACACTAGTGGATGG,9
GGTCTGCGAGACGTTACG,OXT_01,AGGCTGCGTAAGTCTGCT,9
GTCACGGAGGCCATAGTA,OXT_05,GGCGGACAGACTCTAATG,10
GGGCGTAACCCGAGGTCT,OXT_24,GGGATTCGGTCATGTCCT,10
GGGAGGGTAATATGGTGA,OXT_03,GACTTGGGCTCATGCTGT,10
ATCACACGAGACTGCGTG,OXT_28,AGCGGCGGCGACGGCGAA,9
AGAGGTGCCAGGGACGTG,OXT_02,AGGGGAGCGTGCGGAGGC,9
AACCCGGCAGCTAGTAGG,OXT_23,AAGTAGGGACAGAATACG,9
AGTGGTAGGAGAGGTCAG,OXT_02,AGGGGAGCGTGCGGAGGC,10
GGGACGCCGAATGGGGAG,OXT_26,GGGGCATTCACTGAGCTG,9
GGGAGAGAGCTGTGCGGA,OXT_02,AGGGGAGCGTGCGGAGGC,9
AACACGTAAGTCGACGCG,OXT_10,AAGATGTATCGTGTGCTG,10
CCTGGGGAAGAGATGGCT,OXT_22,ACGGGACCGCAGATCGAG,10
AGTGCGATGCTCCTCCTG,OXT_06,ATCATCATCATCATCATC,10
ACTTGCCCAGAACATGTG,OXT_22,ACGGGACCGCAGATCGAG,10
ACGGTCGCTCGACGTAAT,OXT_15,AGGGTATAACGTCCTTTG,10
TGGGGCAGAGAGACGTCC,OXT_14,TTGAGCGTAACGACAGTG,10
AACGGTGTAAGGGCCGAA,OXT_28,AGCGGCGGCGACGGCGAA,8
GAGGTATACGTAGGCGGG,OXT_03,GACTTGGGCTCATGCTGT,10
ATGTACTCAGGACATGTG,OXT_15,AGGGTATAACGTCCTTTG,9
ACAGTGCTGTACTAATGT,OXT_01,AGGCTGCGTAAGTCTGCT,11
GCTCGCTGCAACACATGA,OXT_08,GACGGCATTCAGGCACGT,11
GCGGATGCTGACGGAAAT,OXT_02,AGGGGAGCGTGCGGAGGC,10
TCGGCAAGGGACAGCGAG,OXT_22,ACGGGACCGCAGATCGAG,7
AGGGGCTATACAAAAAGT,OXT_20,AGGGCCTAGGGATGACGT,7
ACATCAGTGCAGACTCCG,OXT_04,TAGACAGGGCTGACTGTG,8
GATGGGATGAGCAACGTT,OXT_18,TAACGGGTTATCCATAAT,10
ATCTACACTGACGCGTGT,OXT_08,GACGGCATTCAGGCACGT,9
GCAGTCAGGAGCTTCGTC,OXT_06,ATCATCATCATCATCATC,9
GAGGCGGTAATAAGTATG,OXT_04,TAGACAGGGCTGACTGTG,9
CACTAGGTGGAAGGATCG,OXT_03,GACTTGGGCTCATGCTGT,10
ATGGAGTCGCATCTGCAT,OXT_10,AAGATGTATCGTGTGCTG,9
GGCAAGCAGACGCGATGG,OXT_05,GGCGGACAGACTCTAATG,7
AGGGGATTGTCCGTTAAA,OXT_02,AGGGGAGCGTGCGGAGGC,8
CATGGGGAAGGGATGGAG,OXT_09,TGTAGTGCTCGGCTGCCG,10
GAGGCAAAGGGCAGACAA,OXT_20,AGGGCCTAGGGATGACGT,8
AACGAGGGAACTGAGCGA,OXT_23,AAGTAGGGACAGAATACG,10
ATGGACACGTCTCTCTCG,OXT_22,ACGGGACCGCAGATCGAG,10
AAGCAGCGTGTCAATCTT,OXT_21,GAGCAACGGGTCAGCATT,6
ACACGTTGAAGTTCGGCG,OXT_01,AGGCTGCGTAAGTCTGCT,10
CAGACTATACGATGCGCT,OXT_24,GGGATTCGGTCATGTCCT,10
ATGGGCGATAGTTCATAT,OXT_20,AGGGCCTAGGGATGACGT,9
CGGGACATGTAAGTGTGC,OXT_02,AGGGGAGCGTGCGGAGGC,10
ATGGGGCAAGACTTGGTA,OXT_07,GTGGGTGCATTTGCTGTA,10
GGGGACACAGAGTTGGAA,OXT_17,AGGAACTACGATCGTGAA,9
GATGCGGACCTGATCAAG,OXT_04,TAGACAGGGCTGACTGTG,10
CCACGATCCTACGCTGCT,OXT_19,CCCCCCCCCCCCCCCCCC,10
ACGTGTTAAGGCGGGCTG,OXT_10,AAGATGTATCGTGTGCTG,8
CAATTATGCGTTCCTGTG,OXT_04,TAGACAGGGCTGACTGTG,9
TGACACAGACAGCCTGCG,OXT_16,ATAAACAGTCTAGCTGTG,8
ATGAGGAGTGCCGATGCG,OXT_16,ATAAACAGTCTAGCTGTG,8
ACAGACCATGTGACTGTG,OXT_16,ATAAACAGTCTAGCTGTG,7
GGGCTATGAGTCAGTGTC,OXT_21,GAGCAACGGGTCAGCATT,7
GAGGAGGAACATGTCGGG,OXT_10,AAGATGTATCGTGTGCTG,9
ACACGTTGTTCTGGGCTG,OXT_10,AAGATGTATCGTGTGCTG,9
ATGGAGAGGACCGCTCTG,OXT_16,ATAAACAGTCTAGCTGTG,8
AGAGGGAACGGTGTTGGC,OXT_02,AGGGGAGCGTGCGGAGGC,9
ACTACGGCGGCGCTGTGT,OXT_12,AATACAGCGGTGTTTCTA,8
ACGGCTTACCAGACGCGG,OXT_22,ACGGGACCGCAGATCGAG,9
AGCGGGTATTTAATCACA,OXT_05,GGCGGACAGACTCTAATG,11
CGTGGTGCCGTATTACAT,OXT_09,TGTAGTGCTCGGCTGCCG,10
AGTCAATGAGTTGGCGCT,OXT_21,GAGCAACGGGTCAGCATT,9
CAGGGCTGTGTAAGTGTC,OXT_04,TAGACAGGGCTGACTGTG,10
ATTACAGTGCGTACGTCG,OXT_04,TAGACAGGGCTGACTGTG,9
GCGTGAGTCGCAACGATG,OXT_14,TTGAGCGTAACGACAGTG,9
GCAGGGTTGTAACGCGGG,OXT_22,ACGGGACCGCAGATCGAG,10
AAGGTTGGCGCGAGTCAT,OXT_24,GGGATTCGGTCATGTCCT,9
ACAGAGGAGAATGATGTG,OXT_16,ATAAACAGTCTAGCTGTG,10
AGGCAGTTGGTCGTTAGT,OXT_21,GAGCAACGGGTCAGCATT,9
GACGACCAGCACAGTGAG,OXT_22,ACGGGACCGCAGATCGAG,9
AATACACCAGACTTCGTT,OXT_12,AATACAGCGGTGTTTCTA,7
ATACATGGTGCTTCCGGA,OXT_16,ATAAACAGTCTAGCTGTG,10
AACTACCATCCGTGCCTG,OXT_10,AAGATGTATCGTGTGCTG,10
AAGCAGTTGGCTGTTGCG,OXT_10,AAGATGTATCGTGTGCTG,9
ACATGGTCCTTTCATGTG,OXT_07,GTGGGTGCATTTGCTGTA,10
ATAGTGGGACGGAGCGCG,OXT_23,AAGTAGGGACAGAATACG,8
AGCGGAACCCAGGGTCTG,OXT_08,GACGGCATTCAGGCACGT,9
CTACGGGACAGCGTACTT,OXT_18,TAACGGGTTATCCATAAT,10
AGGACCCTAGAGTGCCGA,OXT_20,AGGGCCTAGGGATGACGT,8
GGCATATCACTAGGTTGT,OXT_25,TGCATCGCAACAGCAGTT,9
AACCAGGAACCGGCATCT,OXT_23,AAGTAGGGACAGAATACG,9
AACGCCAGTCATACGTGC,OXT_08,GACGGCATTCAGGCACGT,8
TGGACCCGTGAGGTAGCG,OXT_01,AGGCTGCGTAAGTCTGCT,9
GATGGGGACAGGACTTCC,OXT_23,AAGTAGGGACAGAATACG,11
TTACCGTGACTGGACGAA,OXT_04,TAGACAGGGCTGACTGTG,11
ATGTCACCGTACGTCGCT,OXT_22,ACGGGACCGCAGATCGAG,8
AGCATCCGAATACGGGTA,OXT_25,TGCATCGCAACAGCAGTT,8
TGTGAAGGTTGGGCGAAC,OXT_02,AGGGGAGCGTGCGGAGGC,10
GTGCGAGGAGAGATTTGT,OXT_11,GGGTAAGGGCACAACAGT,9
GGCGTTACGCTACGTGGA,OXT_07,GTGGGTGCATTTGCTGTA,10
GGTGGTGAGGACGCCTAA,OXT_28,AGCGGCGGCGACGGCGAA,7
GCGGGAGGATCGTGGCTG,OXT_26,GGGGCATTCACTGAGCTG,9
AGGGCATTCCTCGATGCT,OXT_26,GGGGCATTCACTGAGCTG,8
GGCGGGATTAAGGGTCTG,OXT_08,GACGGCATTCAGGCACGT,7
AGGGAGAGAGGCTGTTGA,OXT_20,AGGGCCTAGGGATGACGT,9
GCAGGGGACCTACAGACG,OXT_18,TAACGGGTTATCCATAAT,10
TTAGCCAGCAGCCGTAAG,OXT_18,TAACGGGTTATCCATAAT,10
GCCATACTTTATTGAATG,OXT_05,GGCGGACAGACTCTAATG,9
GGCCAGTTCAGGAAGGTG,OXT_26,GGGGCATTCACTGAGCTG,8
AGATCGTCGACCTGCGCT,OXT_01,AGGCTGCGTAAGTCTGCT,10
ACAGGACGTCAGGAGGCT,OXT_22,ACGGGACCGCAGATCGAG,8
AATACTGATGATGAGGCG,OXT_10,AAGATGTATCGTGTGCTG,9
ATGGTGACTTGCGGCGGG,OXT_02,AGGGGAGCGTGCGGAGGC,7
GGCGGAGCCACATATGCG,OXT_05,GGCGGACAGACTCTAATG,9
GTACTGTGGTGAAAGATG,OXT_27,GTAGAATGGGCATCGTCG,9
TATGGGAGCCGAGTTTAG,OXT_13,TATTACACTAGTGGATGG,10
TACCGAGCTGTGAATGTG,OXT_04,TAGACAGGGCTGACTGTG,7
AAGGCGGAGACGCGGTAT,OXT_20,AGGGCCTAGGGATGACGT,10
TAACCGCAATGGGTGGTG,OXT_10,AAGATGTATCGTGTGCTG,9
GTAGTGTAAGCAACAGGG,OXT_27,GTAGAATGGGCATCGTCG,8
GGTGGTGGCAGATGGCGT,OXT_03,GACTTGGGCTCATGCTGT,9
GCTCTGTGGGAGTTGACG,OXT_27,GTAGAATGGGCATCGTCG,9
AAGCCAGAATCAATGTGC,OXT_02,AGGGGAGCGTGCGGAGGC,11
AACACGCTGTGGTATTAT,OXT_12,AATACAGCGGTGTTTCTA,10
TAGGGAGTACTGTCAATG,OXT_04,TAGACAGGGCTGACTGTG,7
AGGTCCGGCTAGCGTATG,OXT_23,AAGTAGGGACAGAATACG,8
ACGGTGCGGACACTGTGG,OXT_05,GGCGGACAGACTCTAATG,10
GAGGGACGTTTGGGTCTG,OXT_04,TAGACAGGGCTGACTGTG,9
CGCGTCCCATGGAAGCTC,OXT_29,CCCCCCCCCCCCCCGCCC,10
ATTAGGCGGCAATCGGAC,OXT_01,AGGCTGCGTAAGTCTGCT,10
CAGGTCCAGCACCGTGTA,OXT_17,AGGAACTACGATCGTGAA,9
ATGGGTCGACAACGAGTT,OXT_07,GTGGGTGCATTTGCTGTA,10
GGGGTGGAGGTGGATTAT,OXT_01,AGGCTGCGTAAGTCTGCT,11
CAGAGGCATCCGTCGCAA,OXT_10,AAGATGTATCGTGTGCTG,9
AGCAGGAGTACTCGGCTT,OXT_05,GGCGGACAGACTCTAATG,10
TCATCCCGGGTGTACCGT,OXT_20,AGGGCCTAGGGATGACGT,10
AGGATGGCAGACGCAGGG,OXT_02,AGGGGAGCGTGCGGAGGC,8
GGGGTACTACGTCCGAAT,OXT_15,AGGGTATAACGTCCTTTG,7
AGCCGTGATTGATAGGCG,OXT_09,TGTAGTGCTCGGCTGCCG,9
ACCGATAATCATTGTGCT,OXT_01,AGGCTGCGTAAGTCTGCT,10
GTGTACCTTGCTCTCTTG,OXT_05,GGCGGACAGACTCTAATG,10
CGGGTAACAAGTCATGCT,OXT_15,AGGGTATAACGTCCTTTG,8
GGGGGCAGAATTGGATCC,OXT_02,AGGGGAGCGTGCGGAGGC,10
GGGCGGTAAATAGTCTTG,OXT_05,GGCGGACAGACTCTAATG,10
TAGGGCTAGCAACATCGG,OXT_20,AGGGCCTAGGGATGACGT,9
GGATCGGGAGCTACCGGT,OXT_03,GACTTGGGCTCATGCTGT,9
GAAGGGATCTCAGCTGTG,OXT_07,GTGGGTGCATTTGCTGTA,9
TTGCGGAAAACGTATCGT,OXT_01,AGGCTGCGTAAGTCTGCT,10
ATCCGAATGCACCTCGAT,OXT_22,ACGGGACCGCAGATCGAG,8
ACGGCAGTAGTGTTAGCT,OXT_12,AATACAGCGGTGTTTCTA,9
GCGGCATGACGTTAATTG,OXT_15,AGGGTATAACGTCCTTTG,7
ATGGCCAGCCCTCTGTGT,OXT_15,AGGGTATAACGTCCTTTG,11
ATGGACACATTGCTGGCG,OXT_07,GTGGGTGCATTTGCTGTA,10
GTTGGCGTGATAAAGCGA,OXT_07,GTGGGTGCATTTGCTGTA,11
GATCATCGCACCGTCGCG,OXT_21,GAGCAACGGGTCAGCATT,10
ATGGGCTACTGCCAAGGG,OXT_02,AGGGGAGCGTGCGGAGGC,8
TATAGATGCACTGTGTGT,OXT_13,TATTACACTAGTGGATGG,10
GTATGCGGCAGGATTGTA,OXT_14,TTGAGCGTAACGACAGTG,9
GACTTGAGTTCGACACGT,OXT_03,GACTTGGGCTCATGCTGT,7
AAGCAGGTGATGCTTCGG,OXT_12,AATACAGCGGTGTTTCTA,9
ATGATAAGCGGTGTACGG,OXT_10,AAGATGTATCGTGTGCTG,8
GAGGCGAACCGGTTGATT,OXT_10,AAGATGTATCGTGTGCTG,9
CCACGGGATGTACATGTG,OXT_18,TAACGGGTTATCCATAAT,8
TAGTGGGAGTAGGCGCGT,OXT_08,GACGGCATTCAGGCACGT,9
ACGGTAGACTCTAACGTG,OXT_15,AGGGTATAACGTCCTTTG,9
GACGGTAGATATTGGCGG,OXT_08,GACGGCATTCAGGCACGT,9
CATCAGTGGTTATAGGTG,OXT_27,GTAGAATGGGCATCGTCG,10
GGGACATGAACTTGACTG,OXT_26,GGGGCATTCACTGAGCTG,6
AAGGACCGTCATCCCTGG,OXT_15,AGGGTATAACGTCCTTTG,9
GCTGGAAACTCCCGTGTA,OXT_05,GGCGGACAGACTCTAATG,10
ACCGGGTTCATTCGTGCA,OXT_17,AGGAACTACGATCGTGAA,9
AGGGCAAAGTGTGAAGTG,OXT_02,AGGGGAGCGTGCGGAGGC,7
TAGTGCCCACACATTGTG,OXT_22,ACGGGACCGCAGATCGAG,8
ACGAGGTCAGTCCCTTGT,OXT_15,AGGGTATAACGTCCTTTG,10
AGACGCTCGAACATCAGT,OXT_11,GGGTAAGGGCACAACAGT,9
GTGGCACTGGTTCGGGAA,OXT_07,GTGGGTGCATTTGCTGTA,10
ACGCTGGCCTATCACGTG,OXT_22,ACGGGACCGCAGATCGAG,10
TAGCACGTTATGGAGGAG,OXT_18,TAACGGGTTATCCATAAT,8
AACAGCGGTAGACGGTGT,OXT_03,GACTTGGGCTCATGCTGT,9
GGGTGACGGTCGACGCAT,OXT_24,GGGATTCGGTCATGTCCT,8
GGTAGACTCTTGCACGGT,OXT_11,GGGTAAGGGCACAACAGT,11
GGTCCTGATTACGATGTG,OXT_07,GTGGGTGCATTTGCTGTA,10
CACCGTAGCGTAGTGTGC,OXT_03,GACTTGGGCTCATGCTGT,11
GTAGGTTCCAAGTCGGCG,OXT_27,GTAGAATGGGCATCGTCG,8
AGCCCGATATCCGTGTGA,OXT_02,AGGGGAGCGTGCGGAGGC,12
CTGGACATAGACTCGTGA,OXT_27,GTAGAATGGGCATCGTCG,10
AGGCTGTTATGGACGGCG,OXT_01,AGGCTGCGTAAGTCTGCT,8
TACAGGACGCAACGTTCT,OXT_03,GACTTGGGCTCATGCTGT,11
GACCGAGGAGGGACGGAG,OXT_04,TAGACAGGGCTGACTGTG,9
AGGGAGTATATGGTCCCG,OXT_10,AAGATGTATCGTGTGCTG,8
GCTGAACCGTGTGCATGT,OXT_02,AGGGGAGCGTGCGGAGGC,9
ATAGAGGCCGTAGATGGA,OXT_07,GTGGGTGCATTTGCTGTA,9
ACCCGTGGCGCTCATATG,OXT_05,GGCGGACAGACTCTAATG,10
AACAACAGGGGCCCACAA,OXT_17,AGGAACTACGATCGTGAA,10
ATACGGTAAGACGTTGAT,OXT_17,AGGAACTACGATCGTGAA,10
TGGCTCAGTCCATGCTCT,OXT_24,GGGATTCGGTCATGTCCT,8
AAGGCAGGGTAGAACGCG,OXT_04,TAGACAGGGCTGACTGTG,7
ACGGGCCGCGGTCCATGT,OXT_20,AGGGCCTAGGGATGACGT,9
TGCAGTCCCCAAAGTGTG,OXT_04,TAGACAGGGCTGACTGTG,10
ACGTGCCAACACTGGCGG,OXT_20,AGGGCCTAGGGATGACGT,10
ATGCTCGGAGATGCGTGT,OXT_01,AGGCTGCGTAAGTCTGCT,10
ACGGACAGTTGGTAGTCG,OXT_23,AAGTAGGGACAGAATACG,10
TGCGGCCTTACGCGTGTA,OXT_05,GGCGGACAGACTCTAATG,9
AGGGGCTGATAGACCCGG,OXT_22,ACGGGACCGCAGATCGAG,9
GAACGGCGTACACACTGG,OXT_03,GACTTGGGCTCATGCTGT,9
ATGAGAGACACGACGCGT,OXT_14,TTGAGCGTAACGACAGTG,8
GTAGCATGTCTCGGTCCG,OXT_16,ATAAACAGTCTAGCTGTG,9
GGGCGGAGTCGAGGCTAG,OXT_03,GACTTGGGCTCATGCTGT,11
AGGCAGGTGGCTCTGAGT,OXT_11,GGGTAAGGGCACAACAGT,10
GGGATCGACGTTTCTGCA,OXT_17,AGGAACTACGATCGTGAA,7
ATGGACTATGCATCGGCA,OXT_27,GTAGAATGGGCATCGTCG,7
TCCAATGGGGCCGACGTA,OXT_28,AGCGGCGGCGACGGCGAA,9
GATACGCTACAGACTAGG,OXT_23,AAGTAGGGACAGAATACG,8
TGGCGGCAACAGAATGGG,OXT_23,AAGTAGGGACAGAATACG,8
GCTATGGGAGGAACCTGT,OXT_03,GACTTGGGCTCATGCTGT,8
AGGGAATCGGTGAGTGAA,OXT_17,AGGAACTACGATCGTGAA,7
TCGGTGGCAGGCGTATGG,OXT_02,AGGGGAGCGTGCGGAGGC,9
ATGAAGGGTGTTCCAGTA,OXT_16,ATAAACAGTCTAGCTGTG,8
AAGGTGCACTCACCGGAA,OXT_17,AGGAACTACGATCGTGAA,10
TGGCAGTGACTGACTGCT,OXT_01,AGGCTGCGTAAGTCTGCT,7
TACGGTTGCTCATCGTAT,OXT_03,GACTTGGGCTCATGCTGT,8
CGCAAGGTTAATCGTGCG,OXT_17,AGGAACTACGATCGTGAA,9
AGCCCAGACTATTCCGCG,OXT_01,AGGCTGCGTAAGTCTGCT,10
GTAGGAGACTCGGCAAGA,OXT_07,GTGGGTGCATTTGCTGTA,9
AGGGACAGAAGGATCCGG,OXT_20,AGGGCCTAGGGATGACGT,10
ATGGGACAGTGAATTCGG,OXT_22,ACGGGACCGCAGATCGAG,8
ACGGCGGATCTGTCAATG,OXT_04,TAGACAGGGCTGACTGTG,9
CAAGCAGGATAACGGGCT,OXT_03,GACTTGGGCTCATGCTGT,11
AGATCAAGCCGGCATTCG,OXT_15,AGGGTATAACGTCCTTTG,9
ACCTGAAGACGCTGGTGT,OXT_03,GACTTGGGCTCATGCTGT,10
TGCCAACAGACGTGGTTG,OXT_05,GGCGGACAGACTCTAATG,8
CTGATCGCCGTGGCATAG,OXT_14,TTGAGCGTAACGACAGTG,9
GTGGAAAGTTAACGTATT,OXT_21,GAGCAACGGGTCAGCATT,9
ACTGGCCGAATAGCGTGT,OXT_08,GACGGCATTCAGGCACGT,11
GTGTGAGTAACCAGGTGC,OXT_14,TTGAGCGTAACGACAGTG,9
GCGCGTGGCTCATCTCAA,OXT_24,GGGATTCGGTCATGTCCT,8
TGGAACTCGACGATGTCA,OXT_09,TGTAGTGCTCGGCTGCCG,10
AGTCTTGTGTCATGACGG,OXT_24,GGGATTCGGTCATGTCCT,8
ATCTACAGTGCGGATGTG,OXT_16,ATAAACAGTCTAGCTGTG,6
AATGGGCCCTAAGACAGT,OXT_03,GACTTGGGCTCATGCTGT,10
GCACAACCGCCGTGTTAG,OXT_22,ACGGGACCGCAGATCGAG,9
CACACACGGACATGCGCT,OXT_24,GGGATTCGGTCATGTCCT,8
GGGCAGCATGTTCTATTC,OXT_05,GGCGGACAGACTCTAATG,9
AGCAGAAGACCTCGAAGG,OXT_05,GGCGGACAGACTCTAATG,8
GCGCTAGGTAACCGTGTA,OXT_01,AGGCTGCGTAAGTCTGCT,9
ACAATGGCGGGATTGAGC,OXT_12,AATACAGCGGTGTTTCTA,10
TGCCACGTGATCAAGTTG,OXT_06,ATCATCATCATCATCATC,10
TTCGGAGACGATTGTAGG,OXT_05,GGCGGACAGACTCTAATG,10
AGGCAGAATGATTAGCTA,OXT_10,AAGATGTATCGTGTGCTG,9
CCTGCATTCGGACACGTG,OXT_26,GGGGCATTCACTGAGCTG,9
GAGAGCGCCAGATACCGG,OXT_03,GACTTGGGCTCATGCTGT,10
TTATGCCGTGGACCTCCT,OXT_16,ATAAACAGTCTAGCTGTG,10
AACGCCCTCTACTATGCT,OXT_01,AGGCTGCGTAAGTCTGCT,10
TGGGGAAGAAGCTATATG,OXT_15,AGGGTATAACGTCCTTTG,9
ATGGCATTTAGTTCAGGA,OXT_20,AGGGCCTAGGGATGACGT,9
ACAGGGACAGACGATGAG,OXT_22,ACGGGACCGCAGATCGAG,9
AGCGGAAGACTGCATGCG,OXT_15,AGGGTATAACGTCCTTTG,9
GCGGAGGGAGATCTGGTG,OXT_07,GTGGGTGCATTTGCTGTA,10
GACATGGGGATCGCGTTG,OXT_04,TAGACAGGGCTGACTGTG,9
TACGATTCCGACACTGCT,OXT_17,AGGAACTACGATCGTGAA,11
ACACATACAGTGACGCTG,OXT_16,ATAAACAGTCTAGCTGTG,10
GAGGGACTCTCAGCTTCA,OXT_07,GTGGGTGCATTTGCTGTA,9
AGCAGCGACGCCACATAG,OXT_28,AGCGGCGGCGACGGCGAA,8
AGGGTGGAAACCAGGCAG,OXT_10,AAGATGTATCGTGTGCTG,10
AAGGTGAGAGCTCAGGAG,OXT_10,AAGATGTATCGTGTGCTG,10
GTAGTTGTTCGTGAGGGG,OXT_07,GTGGGTGCATTTGCTGTA,10
TAGGGTGGAACACATGTG,OXT_14,TTGAGCGTAACGACAGTG,8
AGCAGATTGGCGGCGTTC,OXT_26,GGGGCATTCACTGAGCTG,10
GGGAAAGACGTCCTAACG,OXT_05,GGCGGACAGACTCTAATG,9
AGCACAAACACGTGGAGC,OXT_06,ATCATCATCATCATCATC,10
ACATGGCCTTGTCGTGTG,OXT_02,AGGGGAGCGTGCGGAGGC,11
GTGGCAGCGGCAATGTAT,OXT_27,GTAGAATGGGCATCGTCG,8
ATGTTACTCCGCTGCGTG,OXT_06,ATCATCATCATCATCATC,10
CGTATTAAACGTTGCGCT,OXT_24,GGGATTCGGTCATGTCCT,10
AGCCGGGAAGATGCATTG,OXT_15,AGGGTATAACGTCCTTTG,9
ATCTATGGGCACGTCCGT,OXT_11,GGGTAAGGGCACAACAGT,7
CTGGTGTGGTTCAAGAGT,OXT_11,GGGTAAGGGCACAACAGT,9
GGGATGATGTGACGCATG,OXT_24,GGGATTCGGTCATGTCCT,9
TGCGGAGATATCGCGATT,OXT_05,GGCGGACAGACTCTAATG,9
GGGTAGAACAGAACGTCG,OXT_27,GTAGAATGGGCATCGTCG,10
AGGGGACATCGGGCAATA,OXT_15,AGGGTATAACGTCCTTTG,8
AGCCGGATGAATCTAGTG,OXT_05,GGCGGACAGACTCTAATG,7
GGCATGCATGCGGGAACG,OXT_05,GGCGGACAGACTCTAATG,9
TGCAAGCAACACACGGTG,OXT_04,TAGACAGGGCTGACTGTG,10
AGGCGCAGCGAGAGTATG,OXT_17,AGGAACTACGATCGTGAA,9
TGCGGAGTCGCATCAAGT,OXT_25,TGCATCGCAACAGCAGTT,9
GGACGGCCAGTGACATTT,OXT_21,GAGCAACGGGTCAGCATT,10
GGGCCAGAACTGTTATGA,OXT_12,AATACAGCGGTGTTTCTA,10
GTTGGGCGCCTCTTCTGA,OXT_03,GACTTGGGCTCATGCTGT,10
AGCGTGTGCACCAGACCG,OXT_26,GGGGCATTCACTGAGCTG,10
TCACCTCATGCGATTGTG,OXT_04,TAGACAGGGCTGACTGTG,10
AGCCTGAGAGCTTGAGTG,OXT_01,AGGCTGCGTAAGTCTGCT,10
ACAAAGATCATGGGACGG,OXT_13,TATTACACTAGTGGATGG,10
AGTCATACGCAGCCGATC,OXT_09,TGTAGTGCTCGGCTGCCG,10
GCGGACGGAGAAACAGGA,OXT_07,GTGGGTGCATTTGCTGTA,10
ATGTAGACGTGTGCCATC,OXT_02,AGGGGAGCGTGCGGAGGC,10
GTGCGGCACGGTATAGCG,OXT_05,GGCGGACAGACTCTAATG,10
AGTCTGACGCCATCGAGG,OXT_01,AGGCTGCGTAAGTCTGCT,11
ACAGGTGACTGTACACTG,OXT_07,GTGGGTGCATTTGCTGTA,10
AGGCGTTGACAATTCGTG,OXT_22,ACGGGACCGCAGATCGAG,9
TCAGCATCGGCACGTGTA,OXT_12,AATACAGCGGTGTTTCTA,10
GCAAGTGAGAGTCCCGTG,OXT_05,GGCGGACAGACTCTAATG,9
AACCTAATCCAGACTGCT,OXT_01,AGGCTGCGTAAGTCTGCT,8
ATGCAGGGGATTCCACAG,OXT_01,AGGCTGCGTAAGTCTGCT,11
ACGCGTGCACCATTCCCT,OXT_09,TGTAGTGCTCGGCTGCCG,10
ATCGGGTCACTACGATCT,OXT_15,AGGGTATAACGTCCTTTG,11
TAACTCGCGAATGCCGAT,OXT_25,TGCATCGCAACAGCAGTT,8
AAGTATTCCGACTATTGG,OXT_23,AAGTAGGGACAGAATACG,9
GGGACGATGAGTAGGAAA,OXT_26,GGGGCATTCACTGAGCTG,10
ACGAGCTAAGCCTAGTGT,OXT_20,AGGGCCTAGGGATGACGT,9
TAGCTAACGACCATTGTG,OXT_04,TAGACAGGGCTGACTGTG,8
GTGCGTAGGGTACATAGC,OXT_21,GAGCAACGGGTCAGCATT,10
GGCCACGTGCCTCCGGAT,OXT_25,TGCATCGCAACAGCAGTT,10
TCGTAGTACCGTGATCTG,OXT_10,AAGATGTATCGTGTGCTG,7
AGCCTTAACGCTCGCACT,OXT_17,AGGAACTACGATCGTGAA,10
AACGTAGTCAGACGTCGG,OXT_03,GACTTGGGCTCATGCTGT,10
ATACGTCGACTTCTAGGT,OXT_07,GTGGGTGCATTTGCTGTA,11
ATGGCAGGATCTTGCGGT,OXT_02,AGGGGAGCGTGCGGAGGC,9
GCACGTGCGGAATTAAGC,OXT_02,AGGGGAGCGTGCGGAGGC,11
AGGTGCCTGAGGAATCTG,OXT_14,TTGAGCGTAACGACAGTG,9
AGCTCCGTTGGCATTCGT,OXT_20,AGGGCCTAGGGATGACGT,9
GCACAAGGATCTCGACGT,OXT_03,GACTTGGGCTCATGCTGT,10
GAGGGCTTAGACACGTTG,OXT_14,TTGAGCGTAACGACAGTG,9
AGGTAGGCAAATGCGCAG,OXT_23,AAGTAGGGACAGAATACG,9
AATGGGGAAGCGAGTCCA,OXT_12,AATACAGCGGTGTTTCTA,9
ACGAGCTATTCGAGTATG,OXT_14,TTGAGCGTAACGACAGTG,9
ACCCGATTGAAGGGTGCG,OXT_22,ACGGGACCGCAGATCGAG,9
AACCGCTGAGGAGGTTGG,OXT_13,TATTACACTAGTGGATGG,10
AGGACGGCAAATCGGTGG,OXT_15,AGGGTATAACGTCCTTTG,10
AAGCCAAAGCCGGCCAGT,OXT_04,TAGACAGGGCTGACTGTG,10
ACACTGACCCTTGGTGCG,OXT_16,ATAAACAGTCTAGCTGTG,9
ACACGATTACGGCTGTGC,OXT_15,AGGGTATAACGTCCTTTG,10
AGAGGCCATCTTGTTGGT,OXT_16,ATAAACAGTCTAGCTGTG,9
GGGGAGATTCTTACAATA,OXT_07,GTGGGTGCATTTGCTGTA,10
GGAGCATGCGTCGACTAA,OXT_28,AGCGGCGGCGACGGCGAA,8
GTCGATCCCAGGCCTATG,OXT_05,GGCGGACAGACTCTAATG,9
CGGGGAACACATGCAGAT,OXT_02,AGGGGAGCGTGCGGAGGC,9
GCAGGAAGGTACTCGTTG,OXT_27,GTAGAATGGGCATCGTCG,7
GCAAGCAGCGACATGTGA,OXT_28,AGCGGCGGCGACGGCGAA,10
AGAATACACCCGGGATTG,OXT_15,AGGGTATAACGTCCTTTG,9
AGGGAGATCGCAGTGTTA,OXT_26,GGGGCATTCACTGAGCTG,9
TCGGGTGTTCGACCTGGC,OXT_02,AGGGGAGCGTGCGGAGGC,10
ACGGGGAATCGACCGTAT,OXT_15,AGGGTATAACGTCCTTTG,9
ATCACGCATGATGGTTTG,OXT_10,AAGATGTATCGTGTGCTG,9
TGAGAGGGATCCTGGGCG,OXT_27,GTAGAATGGGCATCGTCG,9
GAGGGATTCCATTGGTTG,OXT_26,GGGGCATTCACTGAGCTG,7
GGAGGTAGACACCTGGAA,OXT_28,AGCGGCGGCGACGGCGAA,9
GGCTGCGAAGCCGAAGTG,OXT_25,TGCATCGCAACAGCAGTT,8
CATGCAGGATGACGCGTG,OXT_04,TAGACAGGGCTGACTGTG,10
CGATAGGCGACTCGTAGC,OXT_02,AGGGGAGCGTGCGGAGGC,11
AAGTATGACACGCCTGGT,OXT_01,AGGCTGCGTAAGTCTGCT,10
GGCAGGGTTAACCTGTGC,OXT_09,TGTAGTGCTCGGCTGCCG,10
AAGGCCTCGTAGGATAGT,OXT_20,AGGGCCTAGGGATGACGT,9
ACTCGTACTTACATGGTG,OXT_22,ACGGGACCGCAGATCGAG,9
ATGCCTGCTCTACTTCCT,OXT_09,TGTAGTGCTCGGCTGCCG,9
ATGGTGGTTCCTGCCACG,OXT_10,AAGATGTATCGTGTGCTG,9
ACGAGGGGCGTGTTGCAA,OXT_12,AATACAGCGGTGTTTCTA,8
GAACGCCGTACGACTCTT,OXT_01,AGGCTGCGTAAGTCTGCT,9
AGTAGCCGTCCCCGTGCA,OXT_17,AGGAACTACGATCGTGAA,9
ATGAGAGCGGTGACATTG,OXT_04,TAGACAGGGCTGACTGTG,7
AACTCCAGGACCGGTTGG,OXT_13,TATTACACTAGTGGATGG,8
ATCGAGTGTGGCCGCTAT,OXT_28,AGCGGCGGCGACGGCGAA,9
GACTGGTCCCAGTGCGTG,OXT_03,GACTTGGGCTCATGCTGT,9
ACCGGGATTTGTCCGGTG,OXT_10,AAGATGTATCGTGTGCTG,10
GCGACATCTTCAAGCAGA,OXT_03,GACTTGGGCTCATGCTGT,11
AGACGCGCTGCACCTCCT,OXT_01,AGGCTGCGTAAGTCTGCT,10
TACTACCACCGGTATGCT,OXT_23,AAGTAGGGACAGAATACG,10
GCATGCGACAACATACGG,OXT_05,GGCGGACAGACTCTAATG,11
CGGGATTACTTTAGGGTG,OXT_17,AGGAACTACGATCGTGAA,9
AGACCGTATTGTACGTCG,OXT_10,AAGATGTATCGTGTGCTG,9
GCCATATTGGGTCAGTGC,OXT_15,AGGGTATAACGTCCTTTG,11
TTGCGGCATATGAGTGCG,OXT_01,AGGCTGCGTAAGTCTGCT,8
ATGATGTCAGCGGCATGC,OXT_14,TTGAGCGTAACGACAGTG,10
TGTCGCCGTGAAATCTGT,OXT_01,AGGCTGCGTAAGTCTGCT,11
ACAGAGGACGTGCTTGTG,OXT_12,AATACAGCGGTGTTTCTA,10
TGATCACTTCTGTGTGCA,OXT_01,AGGCTGCGTAAGTCTGCT,10
AAGGCGGTAAAGTCCGTG,OXT_14,TTGAGCGTAACGACAGTG,8
AGCGGATCACGTACTCTG,OXT_15,AGGGTATAACGTCCTTTG,5
CGATGCGGGACCGTGTAC,OXT_28,AGCGGCGGCGACGGCGAA,10
ACAGATAGACTATCGGTG,OXT_16,ATAAACAGTCTAGCTGTG,6
ATAGTGGCCTAGTGCCTG,OXT_03,GACTTGGGCTCATGCTGT,10
TGCACTGTGCTGTCGTAT,OXT_04,TAGACAGGGCTGACTGTG,9
ACGGATGAGACGGCCACT,OXT_01,AGGCTGCGTAAGTCTGCT,11
GCGAGAGAGACTGGCCGT,OXT_02,AGGGGAGCGTGCGGAGGC,10
GCCGGGATCACCAAGTAG,OXT_26,GGGGCATTCACTGAGCTG,9
TGACGGAAAGGAAGGGTT,OXT_20,AGGGCCTAGGGATGACGT,11
GCACTCGGGATAGCTTGA,OXT_16,ATAAACAGTCTAGCTGTG,10
GTCGGATCCTCAGTGCTG,OXT_26,GGGGCATTCACTGAGCTG,7
ACCAGGTAACGTGATGCG,OXT_10,AAGATGTATCGTGTGCTG,8
CAGCGATATTGAATGTGC,OXT_10,AAGATGTATCGTGTGCTG,10
GGCGGATGGAAATGTCGC,OXT_20,AGGGCCTAGGGATGACGT,9
GGTAACAAACTTGGCATG,OXT_16,ATAAACAGTCTAGCTGTG,9
AGCGGACTGGTACACGAT,OXT_22,ACGGGACCGCAGATCGAG,9
AGGCTGCCGGAGCGATAA,OXT_01,AGGCTGCGTAAGTCTGCT,9
TACCCACACGCTCGCTGC,OXT_19,CCCCCCCCCCCCCCCCCC,9
TCCGGGTGAAAAGTCGGG,OXT_22,ACGGGACCGCAGATCGAG,10
AGGGCATATGAATCGACA,OXT_20,AGGGCCTAGGGATGACGT,8
ACATGTGAATACAGCGTG,OXT_22,ACGGGACCGCAGATCGAG,10
ACCTGGGGCATCATCGTA,OXT_06,ATCATCATCATCATCATC,8
GGGAACAGGGCTGGCTAC,OXT_17,AGGAACTACGATCGTGAA,9
GGGGACTCCATCGTGACT,OXT_26,GGGGCATTCACTGAGCTG,9
ACGGCGCGTGCTATCGTT,OXT_22,ACGGGACCGCAGATCGAG,9
AAGGGATTCCGGGGACAT,OXT_08,GACGGCATTCAGGCACGT,8
CGACGTGTCATCCCAATT,OXT_18,TAACGGGTTATCCATAAT,7
TACACTGGCAGACCGAGG,OXT_04,TAGACAGGGCTGACTGTG,10
GGCATCAGTTGACGGTTG,OXT_03,GACTTGGGCTCATGCTGT,10
AAGGAGGATGCCGGGTAC,OXT_02,AGGGGAGCGTGCGGAGGC,10
TAGGCGTAGTAAAGTGTG,OXT_04,TAGACAGGGCTGACTGTG,8
GACGCCACGCCACCATAG,OXT_08,GACGGCATTCAGGCACGT,9
CCAGCGGTAGTAAAGGTG,OXT_04,TAGACAGGGCTGACTGTG,11
AACGTTCACCCTGTGGAT,OXT_10,AAGATGTATCGTGTGCTG,9
GTGGTTCTCTCACCTTTG,OXT_07,GTGGGTGCATTTGCTGTA,9
AGTGCCAGGTAGTCAGCG,OXT_01,AGGCTGCGTAAGTCTGCT,9
GTGGCCCGAATAGCTCGT,OXT_07,GTGGGTGCATTTGCTGTA,9
ACGCCTCCCTATTCCGTG,OXT_22,ACGGGACCGCAGATCGAG,9
TAGACGATCAGAGGGAGT,OXT_13,TATTACACTAGTGGATGG,10
ACCGGACTCTTAAACGTG,OXT_22,ACGGGACCGCAGATCGAG,8
TCAGAGAGGAATGTGAGG,OXT_13,TATTACACTAGTGGATGG,10
ACCGTCAGGACTACGGTG,OXT_05,GGCGGACAGACTCTAATG,10
GAGTGGATGGGAATCATG,OXT_21,GAGCAACGGGTCAGCATT,9
GCATCGTTAGGCGGCTGA,OXT_03,GACTTGGGCTCATGCTGT,11
AGCACTAGAGCCGAGTAG,OXT_28,AGCGGCGGCGACGGCGAA,10
GGGTATGATGCAGACGTT,OXT_11,GGGTAAGGGCACAACAGT,9
GACATGTGTGCACTCTGT,OXT_03,GACTTGGGCTCATGCTGT,6
GCAAGAATGGTCGCTGCG,OXT_16,ATAAACAGTCTAGCTGTG,9
GGCCAACCAGCTTCTGTG,OXT_05,GGCGGACAGACTCTAATG,9
AGGAGGCTTGGTACAGGG,OXT_14,TTGAGCGTAACGACAGTG,9
GGGACATGTAGTGTCGCT,OXT_26,GGGGCATTCACTGAGCTG,9
TACGACGTAATGGGTGAC,OXT_14,TTGAGCGTAACGACAGTG,10
GCGGGGAGGTATACAGTG,OXT_07,GTGGGTGCATTTGCTGTA,9
TGCGGCATCTTATCGTCT,OXT_08,GACGGCATTCAGGCACGT,10
CAGGAGTTCGACGTAGCA,OXT_17,AGGAACTACGATCGTGAA,10
ACGACGCGTGATGGTACG,OXT_01,AGGCTGCGTAAGTCTGCT,9
ATGCCAGTCAAGGCGTGT,OXT_01,AGGCTGCGTAAGTCTGCT,10
ATTATGTCAGCCAAGGTG,OXT_10,AAGATGTATCGTGTGCTG,10
AAATGCTGGGTAACGATG,OXT_16,ATAAACAGTCTAGCTGTG,9
CAGCAAGGTGGTACAGGA,OXT_04,TAGACAGGGCTGACTGTG,10
ACACTATGATACAGTGTG,OXT_15,AGGGTATAACGTCCTTTG,10
TCGTAGCCCTCGGTGCTG,OXT_10,AAGATGTATCGTGTGCTG,10
ACAGGGAACTGGCCATGT,OXT_08,GACGGCATTCAGGCACGT,10
GGGGCTGCTTGCGGGAGA,OXT_02,AGGGGAGCGTGCGGAGGC,7
ACAGCTCAGTAACCCGTG,OXT_22,ACGGGACCGCAGATCGAG,9
ATGGCGTCCACAACATGG,OXT_14,TTGAGCGTAACGACAGTG,10
GGCTACGGGTTCATGTGT,OXT_11,GGGTAAGGGCACAACAGT,7
AAGTGAATGCGGTCAGCG,OXT_04,TAGACAGGGCTGACTGTG,9
GGCGATAAGCAGCGACGA,OXT_08,GACGGCATTCAGGCACGT,8
ATAGTACGGGCGCTGCCT,OXT_27,GTAGAATGGGCATCGTCG,8
TAGCTATGGGACGCGGCA,OXT_01,AGGCTGCGTAAGTCTGCT,10
GTGGTCAGTACTTACATG,OXT_26,GGGGCATTCACTGAGCTG,9
GAGGTTCATGGCACTGTG,OXT_15,AGGGTATAACGTCCTTTG,9
CACGGTGGATGAGCCAGT,OXT_03,GACTTGGGCTCATGCTGT,9
TGCTAGTGGAATGCTGTG,OXT_01,AGGCTGCGTAAGTCTGCT,10
TCGGTAGGCGTACCGTGT,OXT_03,GACTTGGGCTCATGCTGT,10
AACCGGTCAAGGTACAGG,OXT_23,AAGTAGGGACAGAATACG,10
GTACGAGAGCTAGGTAGG,OXT_16,ATAAACAGTCTAGCTGTG,10
TGCAGGGAGTACAGAAGG,OXT_02,AGGGGAGCGTGCGGAGGC,9
CGGGTAGGTACGTATCGT,OXT_01,AGGCTGCGTAAGTCTGCT,8
TCGGGACCAGTGTGCTGA,OXT_22,ACGGGACCGCAGATCGAG,9
AACAGTGCAGAACCTGTG,OXT_07,GTGGGTGCATTTGCTGTA,9
GATCCGGCAGACATTGGA,OXT_12,AATACAGCGGTGTTTCTA,9
AAGGGCATGTATGCTGCG,OXT_07,GTGGGTGCATTTGCTGTA,9
GACTAGTAACCGTAGTCG,OXT_23,AAGTAGGGACAGAATACG,8
TGATGGTGCAGACGGTTA,OXT_03,GACTTGGGCTCATGCTGT,11
ACGAGAACAAGGGACCAG,OXT_22,ACGGGACCGCAGATCGAG,8
TACGGTAATAGGCCTTTG,OXT_15,AGGGTATAACGTCCTTTG,9
AGCAGTCGAGGTGGATGT,OXT_02,AGGGGAGCGTGCGGAGGC,10
ATGTCGTTCACAATTGGG,OXT_14,TTGAGCGTAACGACAGTG,10
TGGACCCCTATGAGAGTG,OXT_14,TTGAGCGTAACGACAGTG,7
AATGAATGTTGTATCCGA,OXT_10,AAGATGTATCGTGTGCTG,10
ATGAGGAGCCCGCACAGT,OXT_11,GGGTAAGGGCACAACAGT,10
GTGGATTGGCTACTACAT,OXT_20,AGGGCCTAGGGATGACGT,10
GCAGTGCGGCGATATGAC,OXT_24,GGGATTCGGTCATGTCCT,10
TACATAGCACACGGGAAG,OXT_25,TGCATCGCAACAGCAGTT,10
GCATGGAGACGCTTTAGG,OXT_23,AAGTAGGGACAGAATACG,10
GGCTCGCCATGTTATTCT,OXT_03,GACTTGGGCTCATGCTGT,10
AACGAGGTGAGAGTGCGG,OXT_10,AAGATGTATCGTGTGCTG,9
GGCGGGCAATTTTACGCT,OXT_05,GGCGGACAGACTCTAATG,10
GCGGGGCCACATACAATC,OXT_07,GTGGGTGCATTTGCTGTA,9
AGTGGGATACGGTACCTG,OXT_09,TGTAGTGCTCGGCTGCCG,10
AATGAGTTGAACGGCTTG,OXT_13,TATTACACTAGTGGATGG,10
AAATGGAAGTTTCCGCTG,OXT_10,AAGATGTATCGTGTGCTG,9
AGGCAGAAGGTGGGCCAA,OXT_17,AGGAACTACGATCGTGAA,9
AGTGACCGTAGACCCACG,OXT_01,AGGCTGCGTAAGTCTGCT,10
GGCACGGAGTAGAGCTGG,OXT_03,GACTTGGGCTCATGCTGT,9
ACGAAGATGAACGCTGTG,OXT_16,ATAAACAGTCTAGCTGTG,8
ATGACGGATCTGCACGCG,OXT_04,TAGACAGGGCTGACTGTG,9
GGGCCTAGTGAGGAGAGT,OXT_11,GGGTAAGGGCACAACAGT,9
GGGACGGATGTAACGGAT,OXT_04,TAGACAGGGCTGACTGTG,10
GGGGAGTAGGAATGCGAG,OXT_17,AGGAACTACGATCGTGAA,8
TGGACAGCAGCAGTGTGG,OXT_25,TGCATCGCAACAGCAGTT,9
GTGTTCAATACAGTGTCG,OXT_10,AAGATGTATCGTGTGCTG,10
GTGGTACAACGGTCCTAG,OXT_15,AGGGTATAACGTCCTTTG,7
GGGCGTTTACACGGGCAA,OXT_26,GGGGCATTCACTGAGCTG,10
TGGGCCCGCATTATTTAG,OXT_04,TAGACAGGGCTGACTGTG,10
AGCGGATGACGGGAGTGC,OXT_02,AGGGGAGCGTGCGGAGGC,9
TAGGGCGGAAAGTGTGCA,OXT_01,AGGCTGCGTAAGTCTGCT,9
GCGGGTAGAGACCAAGCG,OXT_07,GTGGGTGCATTTGCTGTA,11
ATGTGCCTCCTCGTTCGT,OXT_06,ATCATCATCATCATCATC,10
GGGGATCTAGGGACCCGG,OXT_08,GACGGCATTCAGGCACGT,11
TGAACTGGAGTACGTTGG,OXT_04,TAGACAGGGCTGACTGTG,10
AGGCGCGGACAAGGATGC,OXT_02,AGGGGAGCGTGCGGAGGC,8
AGCCACATAATATCCGCT,OXT_01,AGGCTGCGTAAGTCTGCT,9
AGGGGAAGGCGTGTGTAG,OXT_15,AGGGTATAACGTCCTTTG,8
TGCGGGAACAACGTTCGA,OXT_28,AGCGGCGGCGACGGCGAA,9
AGGGCGCAAGTCCCGACT,OXT_01,AGGCTGCGTAAGTCTGCT,10
GCCGAACGGCAGACGAGA,OXT_11,GGGTAAGGGCACAACAGT,8
TGGCCGCCGACTGTGAAT,OXT_05,GGCGGACAGACTCTAATG,10
AGGGAGGGTATATGGCAT,OXT_01,AGGCTGCGTAAGTCTGCT,9
ACACTAATGGGCCCTACG,OXT_15,AGGGTATAACGTCCTTTG,10
ACACAAGACGGGAGCTGA,OXT_17,AGGAACTACGATCGTGAA,11
TGCCCAGGACTTGCTGTG,OXT_04,TAGACAGGGCTGACTGTG,6
ACAAGGCGCGTCGCGTGG,OXT_16,ATAAACAGTCTAGCTGTG,10
AGGCAGGAGGTACAGAGG,OXT_11,GGGTAAGGGCACAACAGT,10
GGCCCGGTGGAAAAGTCC,OXT_11,GGGTAAGGGCACAACAGT,11
GATCAGGGCTCTCTTGGT,OXT_03,GACTTGGGCTCATGCTGT,8
AGCACAAGGAGTTCCGGG,OXT_04,TAGACAGGGCTGACTGTG,10
AAGGATGAATAGCCGCTG,OXT_15,AGGGTATAACGTCCTTTG,9
ACACGGAAGGAGGTTAGT,OXT_01,AGGCTGCGTAAGTCTGCT,11
ACCACTAAAGACCGAGTG,OXT_17,AGGAACTACGATCGTGAA,10
AGGACGGATCATCGTGAG,OXT_17,AGGAACTACGATCGTGAA,6
TGCCGAGAGGAACGTTAG,OXT_05,GGCGGACAGACTCTAATG,10
GAGCGCATCATGAGAGTG,OXT_14,TTGAGCGTAACGACAGTG,7
ATTGGGGGCACAACGCTA,OXT_14,TTGAGCGTAACGACAGTG,10
AGGTAGCCCAAATACGTG,OXT_01,AGGCTGCGTAAGTCTGCT,9
AGAGGAGTGGCACCGTGT,OXT_27,GTAGAATGGGCATCGTCG,8
GACGTAGGTATTCATGGT,OXT_18,TAACGGGTTATCCATAAT,9
AGGAGGTAAATTAGTAGT,OXT_17,AGGAACTACGATCGTGAA,9
GATGGGGACACATCGCAT,OXT_03,GACTTGGGCTCATGCTGT,9
AAGCAGCAACACGGCGTC,OXT_21,GAGCAACGGGTCAGCATT,9
ACGGTGTAACTGATCGCG,OXT_22,ACGGGACCGCAGATCGAG,7
ATCATCGAAGTAATCGTG,OXT_06,ATCATCATCATCATCATC,7
CAGGAGGCACTATTGCGG,OXT_10,AAGATGTATCGTGTGCTG,10
TTGGCCCGGTCACTCACT,OXT_24,GGGATTCGGTCATGTCCT,9
GCGGGCAGGCGGTGATGA,OXT_08,GACGGCATTCAGGCACGT,9
TCATGGAGGGCCTCCGCT,OXT_27,GTAGAATGGGCATCGTCG,10
GTGCAGGGACAGAGGACG,OXT_23,AAGTAGGGACAGAATACG,5
GCCAAGCATCTCTCGGTT,OXT_16,ATAAACAGTCTAGCTGTG,10
AAGGCGTTCGAACAGGGT,OXT_20,AGGGCCTAGGGATGACGT,9
GCGGTGCAGTCCACGGCT,OXT_24,GGGATTCGGTCATGTCCT,9
GGAGGCGTTACTGTACGG,OXT_05,GGCGGACAGACTCTAATG,8
AACACGGGCCAACGCTTT,OXT_03,GACTTGGGCTCATGCTGT,7
GCTCCACCCGGGAATGTG,OXT_04,TAGACAGGGCTGACTGTG,10
TCGGGACCGGGTTGGTCA,OXT_02,AGGGGAGCGTGCGGAGGC,10
GGGAGAGCCGTAATAGCG,OXT_02,AGGGGAGCGTGCGGAGGC,10
TCGAGCGGACAGGTGGCT,OXT_09,TGTAGTGCTCGGCTGCCG,9
AGTGAGCAGCCGCTCGTG,OXT_05,GGCGGACAGACTCTAATG,8
TGATGCCTACATGCTGTG,OXT_14,TTGAGCGTAACGACAGTG,9
AACGCCCTTACATCCGCT,OXT_01,AGGCTGCGTAAGTCTGCT,9
GGCAGGGTGTTAAGTCAT,OXT_24,GGGATTCGGTCATGTCCT,8
GTGAGGTGAGACGCAGAT,OXT_07,GTGGGTGCATTTGCTGTA,10
ACAGCTGGAGTCGTGACG,OXT_23,AAGTAGGGACAGAATACG,11
TCACGCAAGCAGAGGACG,OXT_22,ACGGGACCGCAGATCGAG,10
GCGAGGTGTATGCTGGAT,OXT_01,AGGCTGCGTAAGTCTGCT,10
GGACCTCGAGCATTTCGA,OXT_24,GGGATTCGGTCATGTCCT,8
TCAAGGGAAGCGTATTGA,OXT_12,AATACAGCGGTGTTTCTA,11
ACCCGGAGGCTAGACCAG,OXT_16,ATAAACAGTCTAGCTGTG,10
GGACACGAAACGTACGCT,OXT_01,AGGCTGCGTAAGTCTGCT,10
GAGGTAGAGGCAACGCGG,OXT_27,GTAGAATGGGCATCGTCG,8
ACTGACCAGAGTGACGTT,OXT_05,GGCGGACAGACTCTAATG,11
ACGGTAGTGGGCACCTCC,OXT_02,AGGGGAGCGTGCGGAGGC,9
AAGCAGGAGGTGAGACAG,OXT_21,GAGCAACGGGTCAGCATT,9
AGCATGGTGAGACGCTTT,OXT_03,GACTTGGGCTCATGCTGT,9
TGACGGTATAAGAGGCTA,OXT_01,AGGCTGCGTAAGTCTGCT,11
ACCGACACGACGTGCACT,OXT_06,ATCATCATCATCATCATC,11
TAGGGGTTTGACGGCCCG,OXT_08,GACGGCATTCAGGCACGT,10
TACGGGCTCTACTCTATG,OXT_18,TAACGGGTTATCCATAAT,10
GAGGAGGAGCAGAGGTAA,OXT_23,AAGTAGGGACAGAATACG,9
ACGGGCTGACTTTTGCAT,OXT_10,AAGATGTATCGTGTGCTG,10
TGGGCAGGTACATTTCCG,OXT_24,GGGATTCGGTCATGTCCT,9
AGCCGTCTTAAACCGTGT,OXT_01,AGGCTGCGTAAGTCTGCT,9
GCGAGGGTGGAATGAGCG,OXT_14,TTGAGCGTAACGACAGTG,10
GTGCCACTGTCACGGTCT,OXT_24,GGGATTCGGTCATGTCCT,8
GTTGTAAAGCCTCGTGAT,OXT_05,GGCGGACAGACTCTAATG,10
ATGGCGTAAGCCGTGCTG,OXT_10,AAGATGTATCGTGTGCTG,7
GGGCGTTAGATTGTCGAG,OXT_05,GGCGGACAGACTCTAATG,9
ACCAGTCGGGTCAAGCGT,OXT_21,GAGCAACGGGTCAGCATT,10
ACAATCATTGCAGACTGG,OXT_16,ATAAACAGTCTAGCTGTG,9
AAGAGCGAGTCTAGTATG,OXT_04,TAGACAGGGCTGACTGTG,9
ACGAGCGGTTCCAGTGTC,OXT_02,AGGGGAGCGTGCGGAGGC,9
GGAGCTCCTACCATCTAT,OXT_05,GGCGGACAGACTCTAATG,11
AGGCCTGTCTTAGCGTCG,OXT_26,GGGGCATTCACTGAGCTG,10
GAGTCGACACCAGCGTGG,OXT_03,GACTTGGGCTCATGCTGT,10
TTCAGGCTCTCCCGTTGT,OXT_03,GACTTGGGCTCATGCTGT,9
GGCGCAAACCCGTCTGTG,OXT_04,TAGACAGGGCTGACTGTG,9
AGCCACTTGCTGGAGAAT,OXT_08,GACGGCATTCAGGCACGT,11
ACTGCTGTCTGTACGGCT,OXT_07,GTGGGTGCATTTGCTGTA,11
ATGGCGTATCAAGTGGCA,OXT_10,AAGATGTATCGTGTGCTG,8
AGGGCTATACTCCAGGGA,OXT_02,AGGGGAGCGTGCGGAGGC,11
CAGGTGAGACGCAGTTTG,OXT_15,AGGGTATAACGTCCTTTG,8
AGTGCCTCGTATGGGTCA,OXT_02,AGGGGAGCGTGCGGAGGC,10
ATGGTTGAGGCTAGCTTG,OXT_15,AGGGTATAACGTCCTTTG,9
GGGGCCCAGGACACTGAT,OXT_17,AGGAACTACGATCGTGAA,9
GCGGGCGAACGGCAGGTG,OXT_14,TTGAGCGTAACGACAGTG,9
AGGGCGGGCAACGGACAT,OXT_28,AGCGGCGGCGACGGCGAA,7
ACGGAGTGCGCGTACCAT,OXT_20,AGGGCCTAGGGATGACGT,10
TATCTAGGGGTAGCCAGC,OXT_21,GAGCAACGGGTCAGCATT,9
GCAGGCTAAACTTGTGCG,OXT_05,GGCGGACAGACTCTAATG,10
AGGCATTTCGTCGTTGCT,OXT_17,AGGAACTACGATCGTGAA,9
AATACCGTCATTTGCGCT,OXT_06,ATCATCATCATCATCATC,10
GATGACATGGCCGCCGAT,OXT_08,GACGGCATTCAGGCACGT,9
GTGACGACGCGTGTAAGT,OXT_10,AAGATGTATCGTGTGCTG,10
AAGCAGAAACGCGGAAGT,OXT_02,AGGGGAGCGTGCGGAGGC,10
GTAGCGGGACGACATTGC,OXT_03,GACTTGGGCTCATGCTGT,11
AACGGCATGACGGGTGCT,OXT_08,GACGGCATTCAGGCACGT,8
ATCGAACGAGTTAGTGCT,OXT_21,GAGCAACGGGTCAGCATT,9
TGGTGTGATACCGGGGTG,OXT_14,TTGAGCGTAACGACAGTG,9
GAGGACGTTGACGTGCGA,OXT_08,GACGGCATTCAGGCACGT,8
ATGAACCCAATGACATCT,OXT_14,TTGAGCGTAACGACAGTG,8
TGCAGCTGCCGTCGCTCT,OXT_09,TGTAGTGCTCGGCTGCCG,10
TCGAGCGTGTGTGATATA,OXT_07,GTGGGTGCATTTGCTGTA,9
TTGCTCAGGACTAGTGAT,OXT_01,AGGCTGCGTAAGTCTGCT,10
GCCTGCTAAACGCGGGTT,OXT_05,GGCGGACAGACTCTAATG,10
AGGCATAATACGGCAGGA,OXT_01,AGGCTGCGTAAGTCTGCT,9
AGGGCACACGGAACGTTA,OXT_15,AGGGTATAACGTCCTTTG,8
TGGCAATAGGCAGAGGTG,OXT_26,GGGGCATTCACTGAGCTG,8
GGACCAGTAGTGGAGCCT,OXT_26,GGGGCATTCACTGAGCTG,9
AGGTGCCCAGGACCGAAT,OXT_20,AGGGCCTAGGGATGACGT,10
CTGGTAGCCGACAGGGAG,OXT_22,ACGGGACCGCAGATCGAG,9
AGGACGGACAGGGACGGA,OXT_02,AGGGGAGCGTGCGGAGGC,10
TGCTAGTGGGCTTAGGCT,OXT_27,GTAGAATGGGCATCGTCG,9
GCACGGCTCATTGGACCT,OXT_18,TAACGGGTTATCCATAAT,10
AGGCGGGGCTACTGCATC,OXT_28,AGCGGCGGCGACGGCGAA,8
ACAGAACGACCAAACGTG,OXT_22,ACGGGACCGCAGATCGAG,8
CACGCTCCTGTGGGAGTG,OXT_04,TAGACAGGGCTGACTGTG,11
GAGGGCAGTTAGGAATGG,OXT_08,GACGGCATTCAGGCACGT,6
GCAGGGATAGAGACGCCG,OXT_08,GACGGCATTCAGGCACGT,9
ACGACAGCCTAAGGTGTG,OXT_02,AGGGGAGCGTGCGGAGGC,9
ACAGCGTGCGTCTATTCT,OXT_27,GTAGAATGGGCATCGTCG,10
GACGTGTTAGATTAAACG,OXT_23,AAGTAGGGACAGAATACG,10
AACGCGGAAAGTTATGTG,OXT_15,AGGGTATAACGTCCTTTG,9
ACACGAAGACTTGACTGG,OXT_16,ATAAACAGTCTAGCTGTG,10
ACGGTATGGTCATAATTG,OXT_27,GTAGAATGGGCATCGTCG,8
AGGCGTGTACGATGCGAG,OXT_02,AGGGGAGCGTGCGGAGGC,10
AGCGGGCGGATATGTGTG,OXT_01,AGGCTGCGTAAGTCTGCT,9
GGGCTGGCAGGACGCATA,OXT_21,GAGCAACGGGTCAGCATT,10
TGTCCAAGATAAGCGGTG,OXT_04,TAGACAGGGCTGACTGTG,10
GGGTATGGGACCGACACG,OXT_11,GGGTAAGGGCACAACAGT,6
GATGGCACGAGGTGGAGC,OXT_13,TATTACACTAGTGGATGG,9
GCAACGCATCAACGGGTT,OXT_10,AAGATGTATCGTGTGCTG,11
CACTAGTGCAATGACGTG,OXT_23,AAGTAGGGACAGAATACG,10
CAAGGGAATATAACTCCG,OXT_16,ATAAACAGTCTAGCTGTG,10
AGCCGTTCCTTGCTCATC,OXT_06,ATCATCATCATCATCATC,9
ATTGAGCTACAACCGGTG,OXT_16,ATAAACAGTCTAGCTGTG,9
ATGGGCACTGACCATGCT,OXT_01,AGGCTGCGTAAGTCTGCT,10
CTGACAATGCCACGAGTG,OXT_04,TAGACAGGGCTGACTGTG,9
ATCATCGCTCGACACAGA,OXT_06,ATCATCATCATCATCATC,10
GATCTGGATTTCAAGGTA,OXT_18,TAACGGGTTATCCATAAT,10
ATGTAACCGCATGTCGAT,OXT_22,ACGGGACCGCAGATCGAG,6
ATCGTCCGTGACAGATGG,OXT_28,AGCGGCGGCGACGGCGAA,9
GGTGACCTGTGACGTTAT,OXT_24,GGGATTCGGTCATGTCCT,9
TGCATTCCGTACGCTCGA,OXT_24,GGGATTCGGTCATGTCCT,9
GGTGCGTAGAGAATTCCG,OXT_20,AGGGCCTAGGGATGACGT,9
CTGTGGTGGCGCGTAACT,OXT_11,GGGTAAGGGCACAACAGT,10
GTGGGTGAGATGCCAGCA,OXT_07,GTGGGTGCATTTGCTGTA,7
CAGTGCCAAGACGCTGTT,OXT_07,GTGGGTGCATTTGCTGTA,10
GGGCCAGCTAGGATAGCA,OXT_01,AGGCTGCGTAAGTCTGCT,10
AAGGCGCGGATGGGTAAC,OXT_01,AGGCTGCGTAAGTCTGCT,10
GGCATCGAAGTACGAGGT,OXT_25,TGCATCGCAACAGCAGTT,7
CAAGCAGAAGGCGTCGAT,OXT_28,AGCGGCGGCGACGGCGAA,10
AACGGCGAGAACCTAGTG,OXT_05,GGCGGACAGACTCTAATG,7
GGTGTAGCAAGGTATCCA,OXT_12,AATACAGCGGTGTTTCTA,9
TGTGTGCCAATCGTCGAA,OXT_25,TGCATCGCAACAGCAGTT,10
GTGGGCCACAGTCGCTTT,OXT_05,GGCGGACAGACTCTAATG,9
GGAGTTAGCACATAGTCT,OXT_24,GGGATTCGGTCATGTCCT,8
GATCTGGATATCCGCGGT,OXT_18,TAACGGGTTATCCATAAT,8
AAGCAGGGAATGTTCTCG,OXT_23,AAGTAGGGACAGAATACG,7
ATGCGATGGTTGCTGGGC,OXT_02,AGGGGAGCGTGCGGAGGC,9
GCACATTTCGATCGTGTT,OXT_17,AGGAACTACGATCGTGAA,8
GAAGGTCGTACGTACGCA,OXT_01,AGGCTGCGTAAGTCTGCT,10
AAGACCGTTTGCGCGGCT,OXT_02,AGGGGAGCGTGCGGAGGC,10
TTGGTCGCATAGAGTATA,OXT_07,GTGGGTGCATTTGCTGTA,8
ACTGGGAACTTCGCAGTG,OXT_02,AGGGGAGCGTGCGGAGGC,10
ACGCATCAGCCGTGTTTA,OXT_24,GGGATTCGGTCATGTCCT,10
TGATGGACGACTGCTGTG,OXT_25,TGCATCGCAACAGCAGTT,9
TCGGGTAGGGAAAGACGG,OXT_20,AGGGCCTAGGGATGACGT,9
AACGCAACGGACGTTGAG,OXT_22,ACGGGACCGCAGATCGAG,8
GGTGCATGTTGTCTGGAT,OXT_26,GGGGCATTCACTGAGCTG,10
TGCGGGGACGCTGGACTT,OXT_05,GGCGGACAGACTCTAATG,9
TGGCTAGTTATACGGCTG,OXT_26,GGGGCATTCACTGAGCTG,9
AATCACGCTCGCCAACTG,OXT_09,TGTAGTGCTCGGCTGCCG,9
TAGCAATCGGTATGGTGT,OXT_21,GAGCAACGGGTCAGCATT,8
TAGGAGCGGAGCGTCCTG,OXT_10,AAGATGTATCGTGTGCTG,9
AACGGGGCACCTGTTCCG,OXT_10,AAGATGTATCGTGTGCTG,9
GAGGGCTCGTCTTTCCTG,OXT_05,GGCGGACAGACTCTAATG,9
TCACCGAGACTCGTACGT,OXT_08,GACGGCATTCAGGCACGT,11
CTGCTCATTGTCGTCATG,OXT_06,ATCATCATCATCATCATC,7
GAGCCTAATGCGCTAGCG,OXT_05,GGCGGACAGACTCTAATG,11
GCGAACCATACGATTGTG,OXT_14,TTGAGCGTAACGACAGTG,8
ATAAGGCCACCCAAGACG,OXT_23,AAGTAGGGACAGAATACG,9
ACGATGCGTTTAGCGGTG,OXT_16,ATAAACAGTCTAGCTGTG,7
CAGGGATTACCCGTTCAG,OXT_26,GGGGCATTCACTGAGCTG,9
GACCGCGGTAGTATTGCG,OXT_01,AGGCTGCGTAAGTCTGCT,11
TGTGGAGGGAACGGCTTA,OXT_28,AGCGGCGGCGACGGCGAA,7
ACGCAGTGGTGCGCTTAA,OXT_01,AGGCTGCGTAAGTCTGCT,11
AGCGAATACACCGGTGTG,OXT_26,GGGGCATTCACTGAGCTG,8
GTGCAATAGCGGGCCCTT,OXT_21,GAGCAACGGGTCAGCATT,9
GCGAAGCAGACATGTACC,OXT_24,GGGATTCGGTCATGTCCT,7
GAGGGCGAAAAGGGACCG,OXT_08,GACGGCATTCAGGCACGT,8
AACGAGGTATCTGGCGCT,OXT_03,GACTTGGGCTCATGCTGT,9
GATGACCCGGTAGATATG,OXT_21,GAGCAACGGGTCAGCATT,9
TTGTTCGGCGCATTGTAC,OXT_03,GACTTGGGCTCATGCTGT,9
AGCACACTTTCGTGGGTT,OXT_01,AGGCTGCGTAAGTCTGCT,10
GTACCGGTTCGTGTGCAG,OXT_10,AAGATGTATCGTGTGCTG,8
AGGCGAACGGTGTGCCAT,OXT_12,AATACAGCGGTGTTTCTA,9
GCCCAGCAGGCGTAGCAA,OXT_27,GTAGAATGGGCATCGTCG,11
GGCATACAGAACGCAGGC,OXT_02,AGGGGAGCGTGCGGAGGC,9
AGACACATTGTGAGGTCG,OXT_16,ATAAACAGTCTAGCTGTG,10
AGCAGGGATGATTGGTTG,OXT_10,AAGATGTATCGTGTGCTG,9
AGGTAGGTTCATAGCGTG,OXT_23,AAGTAGGGACAGAATACG,8
GGCCCAAGTAAGCGTGAG,OXT_01,AGGCTGCGTAAGTCTGCT,9
AGGCGGTAGACGCAGTGC,OXT_01,AGGCTGCGTAAGTCTGCT,11
AAAGCGGGTTGCTCTAAT,OXT_18,TAACGGGTTATCCATAAT,8
AGGGTATGGAAGCGCATT,OXT_01,AGGCTGCGTAAGTCTGCT,9
GGCCAAGCGGTGCCAAAG,OXT_05,GGCGGACAGACTCTAATG,9
ACCGGGTGGAATCGGCGT,OXT_20,AGGGCCTAGGGATGACGT,10
AAGTAGATGGCGCTCATG,OXT_23,AAGTAGGGACAGAATACG,9
GTCGCTACGTAGGGACGG,OXT_08,GACGGCATTCAGGCACGT,8
TCGGGAAGATGGCGGTGT,OXT_02,AGGGGAGCGTGCGGAGGC,10
GTATCCACCGCGTGAGGG,OXT_13,TATTACACTAGTGGATGG,10
GATTAGGATTAGTGGGCA,OXT_03,GACTTGGGCTCATGCTGT,10
AACCGAAGGCACTGTGGT,OXT_01,AGGCTGCGTAAGTCTGCT,10
TGACAGTATGGCGGCCTG,OXT_10,AAGATGTATCGTGTGCTG,9
CACCTGCCTGGATCTCGT,OXT_01,AGGCTGCGTAAGTCTGCT,9
AGATCAGGCCTGGTACTA,OXT_12,AATACAGCGGTGTTTCTA,8
TAACAGTGAGGTGTCCGG,OXT_10,AAGATGTATCGTGTGCTG,9
TAAGCAGTAACAGGCGTG,OXT_14,TTGAGCGTAACGACAGTG,9
GCGCGAGGCATACCGGTT,OXT_04,TAGACAGGGCTGACTGTG,10
AGGCTAATAGTCTAATGG,OXT_15,AGGGTATAACGTCCTTTG,10
ATGGGCAACAGGCCAGTT,OXT_14,TTGAGCGTAACGACAGTG,8
GCTTTCGAGGACAGGTGG,OXT_11,GGGTAAGGGCACAACAGT,10
GCACTCCTCGATCCAGCT,OXT_01,AGGCTGCGTAAGTCTGCT,10
TCGGATCTTAACTGTCGT,OXT_01,AGGCTGCGTAAGTCTGCT,10
GGGCGACTAGTGCATGGG,OXT_01,AGGCTGCGTAAGTCTGCT,11
AGCAATACTCATGCCGTG,OXT_16,ATAAACAGTCTAGCTGTG,7
GGATGCAGAAGCGAGGTG,OXT_16,ATAAACAGTCTAGCTGTG,10
AGTCCAAGGCTCCGTGTG,OXT_04,TAGACAGGGCTGACTGTG,8
GCGGGCGCAATTCGTGTA,OXT_07,GTGGGTGCATTTGCTGTA,5
GGGATGACCACACTCTTT,OXT_03,GACTTGGGCTCATGCTGT,9
ATAGATGGGGAAGCCGGA,OXT_28,AGCGGCGGCGACGGCGAA,8
CAGAGCGATTGGGGTCAA,OXT_10,AAGATGTATCGTGTGCTG,10
AGATGTCGCACGTCTTCT,OXT_01,AGGCTGCGTAAGTCTGCT,7
GATAGACTGCCAATATCG,OXT_05,GGCGGACAGACTCTAATG,9
CTGAGGGTAGCGCCTCCT,OXT_14,TTGAGCGTAACGACAGTG,8
ACATGATCCCTCACGTGG,OXT_22,ACGGGACCGCAGATCGAG,10
ACAGGACGTAGTGCCGTG,OXT_16,ATAAACAGTCTAGCTGTG,9
ATGCTGCTCGAGGTATGT,OXT_01,AGGCTGCGTAAGTCTGCT,9
GATGTGTAATGGACAGCG,OXT_15,AGGGTATAACGTCCTTTG,10
ATCCCCGGAGAAACGTGG,OXT_27,GTAGAATGGGCATCGTCG,10
GATGGGCGTGAGCTATAG,OXT_05,GGCGGACAGACTCTAATG,10
GTGGGGCATCACGGTCCA,OXT_07,GTGGGTGCATTTGCTGTA,10
GTGCCACTAGGTCCGGTA,OXT_07,GTGGGTGCATTTGCTGTA,9
GGTGTTCGTTCAAGCTCT,OXT_24,GGGATTCGGTCATGTCCT,6
AAGGACCTACGGCGCTCT,OXT_15,AGGGTATAACGTCCTTTG,10
TGTACTTCGCCCGTTCCT,OXT_09,TGTAGTGCTCGGCTGCCG,8
AGGCACAATTCGTCGTGA,OXT_01,AGGCTGCGTAAGTCTGCT,10
AGCGTGACGGTGTTACAG,OXT_12,AATACAGCGGTGTTTCTA,9
ATGCTTGTGTCGACAGTG,OXT_14,TTGAGCGTAACGACAGTG,6
GGCTCCACGAAATGTGCT,OXT_24,GGGATTCGGTCATGTCCT,9
GGCCCTGATTGACGTCGT,OXT_20,AGGGCCTAGGGATGACGT,9
GCCAAACAGGACGGCTGT,OXT_21,GAGCAACGGGTCAGCATT,8
ATGAGTGGTGTGACGGTG,OXT_04,TAGACAGGGCTGACTGTG,7
AGGTGGTATGACCCTACA,OXT_17,AGGAACTACGATCGTGAA,8
TGGGATCAGCCATGTGTT,OXT_24,GGGATTCGGTCATGTCCT,7
AGAGGAGGACAGCATGAG,OXT_22,ACGGGACCGCAGATCGAG,8
GATGTAACACTATCGGCG,OXT_27,GTAGAATGGGCATCGTCG,9
TGGCGGAAATGTGTTAGT,OXT_02,AGGGGAGCGTGCGGAGGC,11
GCGGGTAGTCACTCCTGT,OXT_08,GACGGCATTCAGGCACGT,8
AACGGAGAATGCCTGGAG,OXT_02,AGGGGAGCGTGCGGAGGC,9
AGCGGGATAGAGACGGCT,OXT_01,AGGCTGCGTAAGTCTGCT,9
GATCTTGAGAGCGGCGCA,OXT_02,AGGGGAGCGTGCGGAGGC,11
GACCGGGGTTCGCGCTTA,OXT_03,GACTTGGGCTCATGCTGT,7
TTCGAGGCTTTGTTTGGA,OXT_07,GTGGGTGCATTTGCTGTA,9
CAGAGAGGACCGTCGGCG,OXT_04,TAGACAGGGCTGACTGTG,7
GGCGCAGCGGACCTCGTT,OXT_05,GGCGGACAGACTCTAATG,9
GCATACTCATTGTCTATG,OXT_07,GTGGGTGCATTTGCTGTA,10
GGAGCAGGTTCTATGTGG,OXT_26,GGGGCATTCACTGAGCTG,9
AACGGGACACGACTAGAC,OXT_02,AGGGGAGCGTGCGGAGGC,10
TGCGTGAGGGCTAATCGT,OXT_24,GGGATTCGGTCATGTCCT,10
GAGGGAAGGATGTAGCCG,OXT_26,GGGGCATTCACTGAGCTG,9
GAGGGACTGTACCATATG,OXT_05,GGCGGACAGACTCTAATG,8
AAGCAGAGACGCGGGTTA,OXT_10,AAGATGTATCGTGTGCTG,9
ATGGTCCTAGTCGACGCG,OXT_06,ATCATCATCATCATCATC,10
TGTGTTAGCCAGGGATAT,OXT_08,GACGGCATTCAGGCACGT,10
GGCCACGTCTCAATGTCG,OXT_03,GACTTGGGCTCATGCTGT,10
GGAGCAGATAACACGTGC,OXT_11,GGGTAAGGGCACAACAGT,10
GACTGGGTCCAGCTCTGC,OXT_03,GACTTGGGCTCATGCTGT,8
ACGGGCTGTATCTATAGG,OXT_18,TAACGGGTTATCCATAAT,10
TGTGATCCCGCACTGCGT,OXT_09,TGTAGTGCTCGGCTGCCG,9
GCGAGAGCATGCGGCAGT,OXT_02,AGGGGAGCGTGCGGAGGC,7
ATTTGGGCTTGATGAGTA,OXT_02,AGGGGAGCGTGCGGAGGC,9
AGGGCAACACGCGGCCTT,OXT_02,AGGGGAGCGTGCGGAGGC,8
GGCAGAGTACGTGCGAGT,OXT_08,GACGGCATTCAGGCACGT,9
AGCGGATGTATGCTTCCT,OXT_01,AGGCTGCGTAAGTCTGCT,9
AGGCCATGCAACGTGTCT,OXT_01,AGGCTGCGTAAGTCTGCT,9
GTGAGCTGTGTAGAAACA,OXT_16,ATAAACAGTCTAGCTGTG,10
GGCATGCGATCGAGATGG,OXT_03,GACTTGGGCTCATGCTGT,8
GCGATCCCACGGAGAGCA,OXT_14,TTGAGCGTAACGACAGTG,10
CGATATGATGACGAAGTG,OXT_11,GGGTAAGGGCACAACAGT,11
TGTGGTTACATGCTGCCT,OXT_09,TGTAGTGCTCGGCTGCCG,7
GGGGAGAGGATAGGACTA,OXT_20,AGGGCCTAGGGATGACGT,10
GGCAATCATAGTGCTGGA,OXT_07,GTGGGTGCATTTGCTGTA,10
AGTGTGTAACCTGGGCCT,OXT_10,AAGATGTATCGTGTGCTG,8
ACACGCTGTAGACGTGCT,OXT_01,AGGCTGCGTAAGTCTGCT,9
TAACTGTAGGAACCTCGG,OXT_10,AAGATGTATCGTGTGCTG,11
AGTGAGGATGCCATCGCG,OXT_28,AGCGGCGGCGACGGCGAA,10
AGCGGAGTACACGGAGTG,OXT_02,AGGGGAGCGTGCGGAGGC,7
AAGCAGGTGATTACGCCG,OXT_23,AAGTAGGGACAGAATACG,9
TCAAGCCAGCCGCCTGGA,OXT_04,TAGACAGGGCTGACTGTG,10
TCCTATCCGCATTGTGTG,OXT_22,ACGGGACCGCAGATCGAG,10
GCACCGCGCAGTCGCCTG,OXT_19,CCCCCCCCCCCCCCCCCC,10
GGGCTGAGCTTCTCTTCT,OXT_01,AGGCTGCGTAAGTCTGCT,7
TCGCAGAGTAACCGTGCG,OXT_01,AGGCTGCGTAAGTCTGCT,8
ACATGATCCTATCAGGTG,OXT_22,ACGGGACCGCAGATCGAG,10
ATACCGTGACTGTACCTG,OXT_16,ATAAACAGTCTAGCTGTG,10
GTGAAGTCCTCAGGTCGT,OXT_24,GGGATTCGGTCATGTCCT,8
GAGGCTAGTGCAGGGACG,OXT_27,GTAGAATGGGCATCGTCG,9
AGGCCACGAAGTCGGCGA,OXT_15,AGGGTATAACGTCCTTTG,10
ATCAGACCTAACGACTGT,OXT_02,AGGGGAGCGTGCGGAGGC,11
CTATGGCGACCGTCTGTG,OXT_14,TTGAGCGTAACGACAGTG,9
AGCGGGACTGCTCTTCGC,OXT_05,GGCGGACAGACTCTAATG,10
GGGGACCGACGCTCCAGT,OXT_11,GGGTAAGGGCACAACAGT,7
CAGCCGAACGCTATTGTG,OXT_04,TAGACAGGGCTGACTGTG,10
AGGGCGAATGACACTGTG,OXT_01,AGGCTGCGTAAGTCTGCT,9
AGCCGATCCACATTGTAG,OXT_05,GGCGGACAGACTCTAATG,10
GATAAGGGATCACCGTGT,OXT_03,GACTTGGGCTCATGCTGT,7
ATAGTGGCATATGACTTT,OXT_07,GTGGGTGCATTTGCTGTA,9
ACGGGATGGATTGGTACA,OXT_02,AGGGGAGCGTGCGGAGGC,10
GGGCCCACTGCAAGCACA,OXT_21,GAGCAACGGGTCAGCATT,10
GCGCGGACTACACGTATG,OXT_05,GGCGGACAGACTCTAATG,10
ATTCGGCGCGATCGTATA,OXT_17,AGGAACTACGATCGTGAA,9
GGGCTGGTAAGGACGAGG,OXT_14,TTGAGCGTAACGACAGTG,9
GTGGCACGGTTAGGGTTG,OXT_27,GTAGAATGGGCATCGTCG,8
AGGTAAGGGAAGACAGCG,OXT_23,AAGTAGGGACAGAATACG,7
TGTCATGGCGCTTATTGG,OXT_03,GACTTGGGCTCATGCTGT,11
AGCACATTAGTTCGGCGA,OXT_17,AGGAACTACGATCGTGAA,9
AATCACGGCGTTACGATG,OXT_21,GAGCAACGGGTCAGCATT,9
GGCATGTCTCGAGATGTG,OXT_10,AAGATGTATCGTGTGCTG,8
GCTCGGCGTAACATTTAG,OXT_01,AGGCTGCGTAAGTCTGCT,10
GGTGATAGCAAGTTAGCG,OXT_01,AGGCTGCGTAAGTCTGCT,10
GGCAGCAGACTACAATGG,OXT_08,GACGGCATTCAGGCACGT,10
ACAGGATCTATTGACTGG,OXT_13,TATTACACTAGTGGATGG,10
AAGGGTTACCGCAACTTC,OXT_15,AGGGTATAACGTCCTTTG,9
AGGTTCCTGACCGTATCG,OXT_05,GGCGGACAGACTCTAATG,10
TCATCCCGTTGTCCCTCG,OXT_13,TATTACACTAGTGGATGG,10
CGGGCAAACATCCGCTGT,OXT_20,AGGGCCTAGGGATGACGT,10
GGGAGTGCCTACATCGTG,OXT_07,GTGGGTGCATTTGCTGTA,9
TAGGCGCGTTGGCAAGGT,OXT_01,AGGCTGCGTAAGTCTGCT,10
TCAGGAATCACTGACTGG,OXT_26,GGGGCATTCACTGAGCTG,8
TTAGGACCGGATATAGTG,OXT_22,ACGGGACCGCAGATCGAG,7
GGGCAGAGGGAGGAGTCG,OXT_23,AAGTAGGGACAGAATACG,9
GTGGCAATACAGCCGCAG,OXT_08,GACGGCATTCAGGCACGT,9
TAGGCACGGACGAGAGAG,OXT_04,TAGACAGGGCTGACTGTG,7
GCCGTGATGATGCGTGAG,OXT_05,GGCGGACAGACTCTAATG,11
GGCACGACTCAGTTGCTC,OXT_09,TGTAGTGCTCGGCTGCCG,9
ACTTGAAAACTTGATGTG,OXT_15,AGGGTATAACGTCCTTTG,9
TTACCGTGCTCCCGAGTG,OXT_14,TTGAGCGTAACGACAGTG,11
TCGGCGGAGAAGCGTCGG,OXT_04,TAGACAGGGCTGACTGTG,10
ATGAGGTCCCAGCTAATG,OXT_10,AAGATGTATCGTGTGCTG,9
ACACAGGGGTCCGAGCTG,OXT_10,AAGATGTATCGTGTGCTG,11
GGGGTAAATGGACATCGA,OXT_15,AGGGTATAACGTCCTTTG,9
GTAGGCGATTCGTGCGTT,OXT_03,GACTTGGGCTCATGCTGT,10
ATAGCATACGTGTGCACG,OXT_27,GTAGAATGGGCATCGTCG,9
AGGTAGGCAATGTACGGG,OXT_23,AAGTAGGGACAGAATACG,8
GGCACGGATAGGCATTGG,OXT_09,TGTAGTGCTCGGCTGCCG,10
AGGCACATTGGTAGTAGA,OXT_17,AGGAACTACGATCGTGAA,8
ACGTGCCCTTGCAATGTG,OXT_22,ACGGGACCGCAGATCGAG,9
GGGCATGCATCGGACATT,OXT_07,GTGGGTGCATTTGCTGTA,9
CGGTAATTTCTCACTGTG,OXT_04,TAGACAGGGCTGACTGTG,8
GGAAGCGTACGTTAGGCG,OXT_09,TGTAGTGCTCGGCTGCCG,9
GGTGTAGACGCAGATGTC,OXT_26,GGGGCATTCACTGAGCTG,9
AGGGAATGAGGCGGCGAG,OXT_28,AGCGGCGGCGACGGCGAA,7
ATGTGGCGCCTTAGGAGT,OXT_11,GGGTAAGGGCACAACAGT,10
AGCAGGCATAAACGGCGA,OXT_17,AGGAACTACGATCGTGAA,10
ACGGACCCTCTGACGTGC,OXT_22,ACGGGACCGCAGATCGAG,9
CTTGGCACTGTGACGTTG,OXT_14,TTGAGCGTAACGACAGTG,10
GGTGGCGCATTCTCATCA,OXT_07,GTGGGTGCATTTGCTGTA,8
GACGGATCTTCACTGTGA,OXT_03,GACTTGGGCTCATGCTGT,10
AATGGTCGCATCGAGCAT,OXT_18,TAACGGGTTATCCATAAT,10
GTGGCAGCTACCCATGCT,OXT_07,GTGGGTGCATTTGCTGTA,10
AAGGGAGTCGATGAGAGC,OXT_02,AGGGGAGCGTGCGGAGGC,9
TCATGCAATCGGTGCAGA,OXT_13,TATTACACTAGTGGATGG,10
ACGACGACCTTGAGTGTG,OXT_04,TAGACAGGGCTGACTGTG,8
TCGGTCAACAATCCGTGT,OXT_15,AGGGTATAACGTCCTTTG,10
TATCAATGGTGCTCATAT,OXT_21,GAGCAACGGGTCAGCATT,10
AGGGACGCTACCCACATA,OXT_11,GGGTAAGGGCACAACAGT,10
TCGAGCGGATAGGTTGTG,OXT_14,TTGAGCGTAACGACAGTG,7
CAGGTGAGAGACGCACTG,OXT_08,GACGGCATTCAGGCACGT,10
GGGTGAGTCACATCTATA,OXT_26,GGGGCATTCACTGAGCTG,9
CAGTGATTACGGTGCATA,OXT_15,AGGGTATAACGTCCTTTG,11
GCACAGTGGCTAGGACAA,OXT_16,ATAAACAGTCTAGCTGTG,11
ACAGGGCCACTCGAGACG,OXT_22,ACGGGACCGCAGATCGAG,10
TGGACAGCACATTCGGCG,OXT_04,TAGACAGGGCTGACTGTG,8
AGGTAATGTGAAGAGACG,OXT_23,AAGTAGGGACAGAATACG,8
AGTGACTAGATTACTGCG,OXT_15,AGGGTATAACGTCCTTTG,9
GATGGAGCTAGCTTGCCT,OXT_09,TGTAGTGCTCGGCTGCCG,8
AGGCAGTCAAGAGATGTG,OXT_15,AGGGTATAACGTCCTTTG,9
AGGGAAGCGGGATAGCAG,OXT_20,AGGGCCTAGGGATGACGT,8
AGTGCAGTGGCGTCCATT,OXT_12,AATACAGCGGTGTTTCTA,8
GGCGCAATTGACGGCATA,OXT_28,AGCGGCGGCGACGGCGAA,8
CGAGGGTATCTTGGCGTG,OXT_10,AAGATGTATCGTGTGCTG,9
GGACAAGAGACTGTTGGG,OXT_05,GGCGGACAGACTCTAATG,8
ACACACACCACGCCCCCG,OXT_19,CCCCCCCCCCCCCCCCCC,7
TAGATGGGTACTTATTGA,OXT_03,GACTTGGGCTCATGCTGT,9
AAAACCGTGTGCACGAGT,OXT_02,AGGGGAGCGTGCGGAGGC,11
TATCCGGACTGTGCGCTT,OXT_10,AAGATGTATCGTGTGCTG,9
GACGGGATTTCGCTTATG,OXT_05,GGCGGACAGACTCTAATG,8
ATATCGGGATTGCTGTGA,OXT_03,GACTTGGGCTCATGCTGT,11
CTGGGCTGACCTGTGCGA,OXT_07,GTGGGTGCATTTGCTGTA,10
ACAATCAACGGGACACGG,OXT_20,AGGGCCTAGGGATGACGT,10
GGGCAGACTACTAAGTAG,OXT_26,GGGGCATTCACTGAGCTG,9
GGTGGGCCAGGTGTTACA,OXT_07,GTGGGTGCATTTGCTGTA,9
GGGCTGTATCCGTGCTGT,OXT_03,GACTTGGGCTCATGCTGT,8
GCGATTCGAGACTCAGCA,OXT_01,AGGCTGCGTAAGTCTGCT,9
ACGGTGATGGCTGGCGTT,OXT_02,AGGGGAGCGTGCGGAGGC,11
AACATGTGTCGCTCATCG,OXT_10,AAGATGTATCGTGTGCTG,8
GGGGAAACAACGGCGCTG,OXT_26,GGGGCATTCACTGAGCTG,6
TAACCCGCCTCGACGTGT,OXT_03,GACTTGGGCTCATGCTGT,10
ACAACTGGAGACAGGGCG,OXT_23,AAGTAGGGACAGAATACG,10
CGCGCACAGTGTCTGGAG,OXT_05,GGCGGACAGACTCTAATG,7
ACGGGACGCGTTAGAAGC,OXT_02,AGGGGAGCGTGCGGAGGC,9
GGGTGTTGGGACGCAATG,OXT_11,GGGTAAGGGCACAACAGT,9
AGCGGGTAGTCGACGTGC,OXT_02,AGGGGAGCGTGCGGAGGC,10
AGGTTGTTATAGGGTACG,OXT_23,AAGTAGGGACAGAATACG,7
GGACTGGCCCGCCGAGTA,OXT_02,AGGGGAGCGTGCGGAGGC,10
GGCCCCGTCACGTGCTAG,OXT_03,GACTTGGGCTCATGCTGT,9
GGAGACGGGGATGAGTCT,OXT_27,GTAGAATGGGCATCGTCG,8
ATAAGCAGTCGTCTGGAT,OXT_16,ATAAACAGTCTAGCTGTG,8
AAGGAAGCTGCTGAAGGT,OXT_02,AGGGGAGCGTGCGGAGGC,8
AGTACATGGATCCGGCAG,OXT_12,AATACAGCGGTGTTTCTA,10
GGACACCAACCGCTCGGC,OXT_19,CCCCCCCCCCCCCCCCCC,10
AGACAGCATATGATGTAG,OXT_01,AGGCTGCGTAAGTCTGCT,10
TGCAAGCAGAAGTGGCCA,OXT_01,AGGCTGCGTAAGTCTGCT,10
GGGACATAGATGGTGACG,OXT_26,GGGGCATTCACTGAGCTG,8
CGCGGGTAGAGACGCTGG,OXT_05,GGCGGACAGACTCTAATG,9
AACGGCGGTGTTGCATTC,OXT_08,GACGGCATTCAGGCACGT,9
ATGGGGCTGATACGTCCA,OXT_24,GGGATTCGGTCATGTCCT,10
GATGCACGATTCCAGGAG,OXT_04,TAGACAGGGCTGACTGTG,11
GGCGGAGCGCAATCAGAG,OXT_22,ACGGGACCGCAGATCGAG,8
ACGGCCATACGGTGTCAT,OXT_20,AGGGCCTAGGGATGACGT,8
CGTGGATAGCTTGTGGAT,OXT_05,GGCGGACAGACTCTAATG,10
CAGCAGGGACGGGAAACT,OXT_23,AAGTAGGGACAGAATACG,6
GGCTCTCTGAACCTACTG,OXT_05,GGCGGACAGACTCTAATG,7
GTAGGACGTCCATGGAGT,OXT_27,GTAGAATGGGCATCGTCG,8
GCTGGGAAAGAGATGCTT,OXT_08,GACGGCATTCAGGCACGT,10
GCAGCATAGAGGAGGTGG,OXT_27,GTAGAATGGGCATCGTCG,9
GTAGGGTCGAATAGCAAG,OXT_22,ACGGGACCGCAGATCGAG,9
TAGGGCAGAGAGACTGGT,OXT_08,GACGGCATTCAGGCACGT,8
AAGCGGAATCAATTAGTA,OXT_10,AAGATGTATCGTGTGCTG,9
TAGAGCTCACATGGGTAA,OXT_17,AGGAACTACGATCGTGAA,9
CCAATAGTGGCTAAGGTG,OXT_04,TAGACAGGGCTGACTGTG,10
AATCCTACAGTCATCGTG,OXT_12,AATACAGCGGTGTTTCTA,9
TCGGAGTCCACACCGTAG,OXT_27,GTAGAATGGGCATCGTCG,9
TTCACAGGCTGTATCTGG,OXT_03,GACTTGGGCTCATGCTGT,10
AGCCGGTAGCGTGGGTAG,OXT_10,AAGATGTATCGTGTGCTG,8
AACTGTCCAGGCGGAGCA,OXT_02,AGGGGAGCGTGCGGAGGC,9
ACGATGTATCGCCTGGAG,OXT_10,AAGATGTATCGTGTGCTG,5
ACAGGTAGGCATGTCAGC,OXT_22,ACGGGACCGCAGATCGAG,9
GTGGTACATAAAGAGGCA,OXT_01,AGGCTGCGTAAGTCTGCT,10
GCGGCATCAGGTTGACGT,OXT_20,AGGGCCTAGGGATGACGT,6
GACCGGGGCTGATAGCAT,OXT_03,GACTTGGGCTCATGCTGT,7
GGGTGGGAGTTGCTCTAG,OXT_05,GGCGGACAGACTCTAATG,10
GAGCAAGAGACGCAATGC,OXT_05,GGCGGACAGACTCTAATG,10
AATGCGTAATGTGCCCCT,OXT_10,AAGATGTATCGTGTGCTG,9
GGGTAGTATTAACGAACT,OXT_11,GGGTAAGGGCACAACAGT,10
GCACGGGGAGCCGAGATT,OXT_18,TAACGGGTTATCCATAAT,9
AGGCGTATGTCATCGAAT,OXT_24,GGGATTCGGTCATGTCCT,9
AGGTATAGCGACACAGAG,OXT_17,AGGAACTACGATCGTGAA,9
TCGCGGCAAGGATGGTCT,OXT_20,AGGGCCTAGGGATGACGT,10
GGGAACAGCCAACAAGTG,OXT_16,ATAAACAGTCTAGCTGTG,8
ACGTGGCCATCACCTGCT,OXT_01,AGGCTGCGTAAGTCTGCT,9
GTTCTACCGACATGTGCG,OXT_24,GGGATTCGGTCATGTCCT,8
ATGGCGCAGTAGATGGAA,OXT_22,ACGGGACCGCAGATCGAG,7
ATAGCTGGAGATGCGGTG,OXT_07,GTGGGTGCATTTGCTGTA,8
AAGATTCACCCGTCGTTT,OXT_10,AAGATGTATCGTGTGCTG,9
AGGGAATGCACGTGGCCT,OXT_26,GGGGCATTCACTGAGCTG,8
AATACTCCTGACGCGTTG,OXT_10,AAGATGTATCGTGTGCTG,10
AAGCAGACTTCGCGTACT,OXT_01,AGGCTGCGTAAGTCTGCT,9
GGGCATCCTAAACCGTCT,OXT_01,AGGCTGCGTAAGTCTGCT,8
GTGATGGCCATGGACGTG,OXT_07,GTGGGTGCATTTGCTGTA,9
GAGACTGGACTATGCTTG,OXT_04,TAGACAGGGCTGACTGTG,8
GGGTAGAGTGTGTCGCCT,OXT_01,AGGCTGCGTAAGTCTGCT,8
TACCCTGCGCACGTGACA,OXT_09,TGTAGTGCTCGGCTGCCG,10
AGGGACAGAATGCGCCGA,OXT_17,AGGAACTACGATCGTGAA,10
TAATGCGGCTCAGCTCTC,OXT_03,GACTTGGGCTCATGCTGT,10
AGGCACTTATTGGTCTGG,OXT_15,AGGGTATAACGTCCTTTG,11
GAGGTGTAGCCTTGAAAG,OXT_05,GGCGGACAGACTCTAATG,9
ACGTGTCTGGACGTGTGA,OXT_22,ACGGGACCGCAGATCGAG,10
AGGGTCGCACAACACTGG,OXT_15,AGGGTATAACGTCCTTTG,8
AGGTAAGAGACGAAGTGG,OXT_11,GGGTAAGGGCACAACAGT,8
CACTAGCGGCGGTCGTGC,OXT_03,GACTTGGGCTCATGCTGT,10
GAACTATGCGTGTAGACT,OXT_21,GAGCAACGGGTCAGCATT,9
GGCAGCTAACCACGCGTG,OXT_05,GGCGGACAGACTCTAATG,9
ACGGGGAAATTCCACCGT,OXT_02,AGGGGAGCGTGCGGAGGC,11
GTGGGGGCTATACGCCGT,OXT_03,GACTTGGGCTCATGCTGT,10
TGGCCGAGACTCGATGTT,OXT_04,TAGACAGGGCTGACTGTG,9
GCACAGACGGCATGGCTG,OXT_27,GTAGAATGGGCATCGTCG,8
GCAAACGGAGTGTACCAA,OXT_12,AATACAGCGGTGTTTCTA,10
TGAGACTCCCGACTGTGA,OXT_09,TGTAGTGCTCGGCTGCCG,10
AAGCCAGAAGACGAACGG,OXT_02,AGGGGAGCGTGCGGAGGC,10
GGCGTAATTGCACCGGCT,OXT_27,GTAGAATGGGCATCGTCG,9
GGACAGCCAGGTACCGTG,OXT_21,GAGCAACGGGTCAGCATT,10
GTGTGACCGACGTTGTGA,OXT_05,GGCGGACAGACTCTAATG,10
TGGGAATGCGCCTGGGTA,OXT_17,AGGAACTACGATCGTGAA,9
AGGTGCGTGAAGATCTCG,OXT_22,ACGGGACCGCAGATCGAG,8
ATGGCAAGGATCCTGTCG,OXT_27,GTAGAATGGGCATCGTCG,9
ACGCGGAGTCTTGCCGAT,OXT_01,AGGCTGCGTAAGTCTGCT,9
TTGGCCCATCCCGTTCTG,OXT_10,AAGATGTATCGTGTGCTG,9
TCAGGTAGTAGCCAGTGA,OXT_18,TAACGGGTTATCCATAAT,10
TAGCTAGGGGTTACGAGT,OXT_21,GAGCAACGGGTCAGCATT,7
GCAATCGGGTGCAGCGGT,OXT_03,GACTTGGGCTCATGCTGT,9
GAGGAGCACGAGAACGAT,OXT_21,GAGCAACGGGTCAGCATT,9
GTGAGTGTATGTGCGATT,OXT_07,GTGGGTGCATTTGCTGTA,6
TTCTGACCACTCAGCTCG,OXT_22,ACGGGACCGCAGATCGAG,10
GGCCAGGGCGACGTAATT,OXT_11,GGGTAAGGGCACAACAGT,9
ACCTATTGGGCTGCCGTT,OXT_16,ATAAACAGTCTAGCTGTG,11
ACTAGGGCCTAGCGGTTG,OXT_09,TGTAGTGCTCGGCTGCCG,9
ACTCATTACAGCCGTATG,OXT_15,AGGGTATAACGTCCTTTG,10
ACGATGCGGAGTGTCATA,OXT_10,AAGATGTATCGTGTGCTG,8
GGAGGTACAGATTACGCG,OXT_07,GTGGGTGCATTTGCTGTA,10
GGCACGTAATGGACTGGT,OXT_01,AGGCTGCGTAAGTCTGCT,11
GCGGTAGCAGACACTGTT,OXT_07,GTGGGTGCATTTGCTGTA,8
CAGGGGCCTGTCAGTATA,OXT_21,GAGCAACGGGTCAGCATT,8
GGGGATCCTCTCAGATAG,OXT_21,GAGCAACGGGTCAGCATT,10
AAGCGGCAAGACGTGCTA,OXT_10,AAGATGTATCGTGTGCTG,8
ACGAGCCTGCACCGTGTA,OXT_17,AGGAACTACGATCGTGAA,8
GAGGATTAGAAGTGCGCG,OXT_22,ACGGGACCGCAGATCGAG,10
TAACAGGTTACTGGCTAT,OXT_18,TAACGGGTTATCCATAAT,7
ATCGGGTATGGAGCATGT,OXT_20,AGGGCCTAGGGATGACGT,8
AATGTCACCTGGTCGACG,OXT_09,TGTAGTGCTCGGCTGCCG,11
GTTGTAGCAGAGCGGGCG,OXT_09,TGTAGTGCTCGGCTGCCG,10
ACAGTCGGTCACGTGACA,OXT_28,AGCGGCGGCGACGGCGAA,9
TGCTCTGATCAACTGTCG,OXT_09,TGTAGTGCTCGGCTGCCG,7
AGGGTCTACGCTGGACAT,OXT_20,AGGGCCTAGGGATGACGT,6
AGCCGCCCTAGGTGGTCA,OXT_01,AGGCTGCGTAAGTCTGCT,9
GATAGCAACGTGACCTCT,OXT_08,GACGGCATTCAGGCACGT,10
ACGTTCATCCGCCGTTGG,OXT_15,AGGGTATAACGTCCTTTG,9
GAGGCATTGCTTATGGAT,OXT_04,TAGACAGGGCTGACTGTG,9
GAGACCCTGGTGACTGTC,OXT_04,TAGACAGGGCTGACTGTG,6
CTGCTCACGGGTCGCCGG,OXT_13,TATTACACTAGTGGATGG,10
AGACTGTCTACGGCTGGA,OXT_01,AGGCTGCGTAAGTCTGCT,7
GGGGCAACAGCAGTGCGA,OXT_26,GGGGCATTCACTGAGCTG,8
GGCCGTATCTGATATGTG,OXT_07,GTGGGTGCATTTGCTGTA,11
ATGGACTTGCCCTTCCTC,OXT_06,ATCATCATCATCATCATC,9
GGACCATGTTACTCCGCT,OXT_01,AGGCTGCGTAAGTCTGCT,8
CGGCATGGATCACGTGCT,OXT_24,GGGATTCGGTCATGTCCT,7
GGGGCACAAGAACATAGT,OXT_11,GGGTAAGGGCACAACAGT,9
AGCACTACTCAGACGCGT,OXT_08,GACGGCATTCAGGCACGT,8
GACCTCCATGTGCGTGTG,OXT_21,GAGCAACGGGTCAGCATT,10
GCAGCGTGTGTGTAGGGA,OXT_27,GTAGAATGGGCATCGTCG,10
AACCTCGTTAAGACGTGT,OXT_08,GACGGCATTCAGGCACGT,8
AAGCAGGATACGCCAATG,OXT_14,TTGAGCGTAACGACAGTG,9
CACGGAGGTATGGATCGT,OXT_08,GACGGCATTCAGGCACGT,8
GTGGTTGGACCATCCTGG,OXT_03,GACTTGGGCTCATGCTGT,8
CTACACGGGAAGAGCGGT,OXT_11,GGGTAAGGGCACAACAGT,9
ATGTGGTTAGTTACGTCG,OXT_14,TTGAGCGTAACGACAGTG,10
GTGAGGTATTGGATTTCA,OXT_10,AAGATGTATCGTGTGCTG,10
GTGGGTGAAGGTGCTGCG,OXT_07,GTGGGTGCATTTGCTGTA,5
TGGAGCAGCCGGTATACG,OXT_09,TGTAGTGCTCGGCTGCCG,9
ACGATCAGACGGTTTGCG,OXT_01,AGGCTGCGTAAGTCTGCT,9
ATTGACGCGAGTCCTATG,OXT_15,AGGGTATAACGTCCTTTG,9
ACCGGTCAGTAGTCGTCG,OXT_22,ACGGGACCGCAGATCGAG,9
GCGGCAATCATGCGTATG,OXT_26,GGGGCATTCACTGAGCTG,8
TGGCGCATCGTCCTTGGT,OXT_18,TAACGGGTTATCCATAAT,9
AGGGGTGAATGCTGGACG,OXT_02,AGGGGAGCGTGCGGAGGC,8
AAGCAGGCGATGTCATAC,OXT_01,AGGCTGCGTAAGTCTGCT,10
GGCAGACTGGAGGTATAG,OXT_05,GGCGGACAGACTCTAATG,8
GCACCGGGCAAGGGATAT,OXT_03,GACTTGGGCTCATGCTGT,10
AGTGGTAGGTGCAATGCC,OXT_02,AGGGGAGCGTGCGGAGGC,8
GTGGCTAGAGCGTGCATG,OXT_21,GAGCAACGGGTCAGCATT,10
GAGGTAGGTACTCATATT,OXT_05,GGCGGACAGACTCTAATG,9
GTGGGACTGTCGCCGGAA,OXT_07,GTGGGTGCATTTGCTGTA,9
GAGGTGAGTGCCTGCAAA,OXT_03,GACTTGGGCTCATGCTGT,9
GAGGTTAGGAAGACATCG,OXT_01,AGGCTGCGTAAGTCTGCT,10
ATACGTAGTTCGAGCGCT,OXT_01,AGGCTGCGTAAGTCTGCT,10
GTACAGCGTAGAAGGAGT,OXT_21,GAGCAACGGGTCAGCATT,9
GCAGGGAACGAAAGCTCT,OXT_03,GACTTGGGCTCATGCTGT,10
GAGGCACGAAGAGGACGG,OXT_20,AGGGCCTAGGGATGACGT,9
TTCGGAAAGCGGTCGGCC,OXT_27,GTAGAATGGGCATCGTCG,10
GCGACGTGGATGCTACTT,OXT_04,TAGACAGGGCTGACTGTG,10
TGTGGCGTTTAGGCTGTG,OXT_14,TTGAGCGTAACGACAGTG,8
GCAGGTGATGTCCGGCCG,OXT_09,TGTAGTGCTCGGCTGCCG,9
GGGAATCGTTTGTGTTGA,OXT_24,GGGATTCGGTCATGTCCT,7
GTGAGCTTGCTCAACGTG,OXT_14,TTGAGCGTAACGACAGTG,8
GCTGGATATGCAGTGGAG,OXT_27,GTAGAATGGGCATCGTCG,9
AACTCACTGACACGTGTA,OXT_05,GGCGGACAGACTCTAATG,10
ACGTAGGGATGCTCGGAT,OXT_01,AGGCTGCGTAAGTCTGCT,10
GGCATGCTGCTCAGGACA,OXT_06,ATCATCATCATCATCATC,10
AGCAGTTGTGAATGTGCG,OXT_01,AGGCTGCGTAAGTCTGCT,9
ACCGATAGCGTGGAGCGT,OXT_08,GACGGCATTCAGGCACGT,10
GCCTAGTCGGTATCAAGC,OXT_27,GTAGAATGGGCATCGTCG,10
GCAAAGGTACCTGCCGTG,OXT_14,TTGAGCGTAACGACAGTG,9
GCCGGGCACGATCCATGT,OXT_05,GGCGGACAGACTCTAATG,9
AGGGAGAGACGCGACGCG,OXT_23,AAGTAGGGACAGAATACG,8
GGCACACAGATTGTCCGT,OXT_05,GGCGGACAGACTCTAATG,8
ACACTGCAGTAATTTGTG,OXT_01,AGGCTGCGTAAGTCTGCT,9
GAACGCGGCGAGAAAGCA,OXT_28,AGCGGCGGCGACGGCGAA,9
AGCCCATGCAGAGGACGG,OXT_20,AGGGCCTAGGGATGACGT,8
TGCCAGAGGATGCTGACG,OXT_05,GGCGGACAGACTCTAATG,10
ACGGTAAGCATGAACGTG,OXT_22,ACGGGACCGCAGATCGAG,8
AGGTACAGTTCAGGTTCG,OXT_16,ATAAACAGTCTAGCTGTG,8
ACCAGAGAGCACCGTGTA,OXT_17,AGGAACTACGATCGTGAA,9
CAGGCAAGGACGGTGATG,OXT_26,GGGGCATTCACTGAGCTG,8
TGGAGTACAGAGCAAGCT,OXT_09,TGTAGTGCTCGGCTGCCG,9
TAGTGTAGACGGCCGGTG,OXT_04,TAGACAGGGCTGACTGTG,8
AGCAGTGAGAGCCATGGC,OXT_02,AGGGGAGCGTGCGGAGGC,8
AAGCAGAGTGCGGTATAA,OXT_01,AGGCTGCGTAAGTCTGCT,11
ATGAGCGTGTGCCGTCAG,OXT_02,AGGGGAGCGTGCGGAGGC,9
TCGCGGAGAGAGACTGCG,OXT_01,AGGCTGCGTAAGTCTGCT,8
CGAGGAGGAATACGCGTG,OXT_05,GGCGGACAGACTCTAATG,10
TGTCGGAGAATGAGACCG,OXT_09,TGTAGTGCTCGGCTGCCG,10
GATCCACATGTGTCGTCG,OXT_27,GTAGAATGGGCATCGTCG,9
GAGGAGGCAGCTGTCTAT,OXT_03,GACTTGGGCTCATGCTGT,10
TGGGCGCACATATTCGTT,OXT_01,AGGCTGCGTAAGTCTGCT,10
ACTAAACAGCACCGTATG,OXT_05,GGCGGACAGACTCTAATG,10
AGGGAGAGTTCATGCTGG,OXT_03,GACTTGGGCTCATGCTGT,8
TAGGTGTGGATCCCGGCG,OXT_04,TAGACAGGGCTGACTGTG,9
ACTTACGTGTCATGTTCG,OXT_03,GACTTGGGCTCATGCTGT,10
AGGTAGTGACAAACTGCT,OXT_23,AAGTAGGGACAGAATACG,6
GTGGGCATCAACACTCTA,OXT_06,ATCATCATCATCATCATC,9
CTGGCAGACAGTGATTCT,OXT_26,GGGGCATTCACTGAGCTG,9
ATGCCAGCGTGACGGTAG,OXT_02,AGGGGAGCGTGCGGAGGC,9
ATACAATCCGTTACTGTG,OXT_16,ATAAACAGTCTAGCTGTG,8
GCGAAAGGCTGGCCTGGT,OXT_04,TAGACAGGGCTGACTGTG,9
GTGGCATTGTAACTGGAT,OXT_22,ACGGGACCGCAGATCGAG,10
GGCATCGACTAATAACTT,OXT_25,TGCATCGCAACAGCAGTT,8
GGGTACAGCCATGATGCA,OXT_17,AGGAACTACGATCGTGAA,8
ACGCAGAAGTCATACGTG,OXT_16,ATAAACAGTCTAGCTGTG,11
AAGCAGAGCGGATTATCT,OXT_01,AGGCTGCGTAAGTCTGCT,10
TGTGAGGGTAACTTGAGG,OXT_09,TGTAGTGCTCGGCTGCCG,10
AAGCCGTTCATTCGCACG,OXT_18,TAACGGGTTATCCATAAT,10
AGGCCAGCTGCCATGTGA,OXT_02,AGGGGAGCGTGCGGAGGC,10
ATGACGGTCGACATGGTA,OXT_06,ATCATCATCATCATCATC,9
ACGCCCGCTACTGGTACT,OXT_01,AGGCTGCGTAAGTCTGCT,10
AGACCAAAAAGCCGGATG,OXT_15,AGGGTATAACGTCCTTTG,9
AAGAAGGTAAGACGCTGT,OXT_03,GACTTGGGCTCATGCTGT,9
GATCTTGCCTCTACTGGT,OXT_03,GACTTGGGCTCATGCTGT,9
ATAGCATGAGGGCCACGT,OXT_20,AGGGCCTAGGGATGACGT,8
GCTCGGCCACGGAGAGCT,OXT_22,ACGGGACCGCAGATCGAG,10
GGCCTGCTTACTTATGTG,OXT_01,AGGCTGCGTAAGTCTGCT,8
AAGGAGACCCGGCTGGCG,OXT_09,TGTAGTGCTCGGCTGCCG,9
GTGGCAGTTTGGCGCATA,OXT_07,GTGGGTGCATTTGCTGTA,10
ACGCTGTCTCGTTGCGCT,OXT_01,AGGCTGCGTAAGTCTGCT,8
GGTAAAGGGACGTCCTCT,OXT_27,GTAGAATGGGCATCGTCG,8
GTCGCAAAGACAGAGGTG,OXT_26,GGGGCATTCACTGAGCTG,7
TGTAGCCTGGGCTTAACA,OXT_09,TGTAGTGCTCGGCTGCCG,10
AGGCAGATGGCGGACATA,OXT_21,GAGCAACGGGTCAGCATT,10
GGGAGGTCCATGATGTAT,OXT_09,TGTAGTGCTCGGCTGCCG,11
ATGAAGTGTGTTATATCG,OXT_10,AAGATGTATCGTGTGCTG,9
AACCAGTACGCGGCAGTT,OXT_25,TGCATCGCAACAGCAGTT,10
TAAGGGCATCAGCACATT,OXT_18,TAACGGGTTATCCATAAT,8
GGGGATTCACGTACGGCT,OXT_07,GTGGGTGCATTTGCTGTA,9
GAGTAGCTTGTGAACTGT,OXT_21,GAGCAACGGGTCAGCATT,8
AGGAACAGGTCGACCGTG,OXT_04,TAGACAGGGCTGACTGTG,8
GGGGCCTAAGAAGTGTCC,OXT_20,AGGGCCTAGGGATGACGT,9
CTGAGTCAGACTGTGCGA,OXT_05,GGCGGACAGACTCTAATG,10
GGGCCGGGATCATGTGCT,OXT_24,GGGATTCGGTCATGTCCT,6
GGTCCGGCCACAATGTCG,OXT_09,TGTAGTGCTCGGCTGCCG,10
GGCCTAGGCTGCCTAGTG,OXT_05,GGCGGACAGACTCTAATG,9
TGGCGGCGAGCTCTCTAT,OXT_01,AGGCTGCGTAAGTCTGCT,11
ACTCCGAATCCGCCATCT,OXT_01,AGGCTGCGTAAGTCTGCT,10
ACATCAGGACCACGGCGG,OXT_03,GACTTGGGCTCATGCTGT,11
TGGTAGGCACAATGTCGC,OXT_23,AAGTAGGGACAGAATACG,9
AGCAGAAGCGGATGGCAG,OXT_28,AGCGGCGGCGACGGCGAA,9
GAGGTAGCAGCTATATGC,OXT_02,AGGGGAGCGTGCGGAGGC,10
AAGCAGGAGTACAGGTTA,OXT_21,GAGCAACGGGTCAGCATT,9
AGCCGGAGTACAGTAGGA,OXT_01,AGGCTGCGTAAGTCTGCT,10
AGGATGATCGGGAAGACT,OXT_01,AGGCTGCGTAAGTCTGCT,10
ACAGCAGGAGTACTAGAG,OXT_22,ACGGGACCGCAGATCGAG,10
GACACGGTGTATAGCCTG,OXT_03,GACTTGGGCTCATGCTGT,10
ACTCGAGCTGAGTGATCG,OXT_09,TGTAGTGCTCGGCTGCCG,10
GCAATGGTGGATTTCGCG,OXT_22,ACGGGACCGCAGATCGAG,11
ATGTATGGGCGAGATGTG,OXT_16,ATAAACAGTCTAGCTGTG,7
AACAAATCGGTGGCGGAC,OXT_12,AATACAGCGGTGTTTCTA,9
CACACGTATCAACTTCCG,OXT_10,AAGATGTATCGTGTGCTG,8
GACACGCCCCATACGGTG,OXT_04,TAGACAGGGCTGACTGTG,9
CAACAGTCGCAACGTATG,OXT_23,AAGTAGGGACAGAATACG,10
AGGGAATACGGAGAAGTG,OXT_15,AGGGTATAACGTCCTTTG,8
ATGAGGAACATCACCGCT,OXT_06,ATCATCATCATCATCATC,8
GTGGACGAGTTCCGTACA,OXT_07,GTGGGTGCATTTGCTGTA,9
GTCGCCCACCCGATGCGT,OXT_08,GACGGCATTCAGGCACGT,9
TATGGCACAGTGTGTGGG,OXT_13,TATTACACTAGTGGATGG,9
TCCGTCGACAAGTGTTGG,OXT_03,GACTTGGGCTCATGCTGT,10
TGATAACGGGCCGTTCCT,OXT_24,GGGATTCGGTCATGTCCT,9
ACGATGGCGGTACGTACA,OXT_12,AATACAGCGGTGTTTCTA,9
AGGTGATGGCAATTCGAT,OXT_22,ACGGGACCGCAGATCGAG,7
ACAAGCAAATGCGGTCGC,OXT_02,AGGGGAGCGTGCGGAGGC,9
AACGATGCATACGATAAG,OXT_23,AAGTAGGGACAGAATACG,8
AACGCGGCATCCTCCTCT,OXT_03,GACTTGGGCTCATGCTGT,8
ATACGGGTGCTAGGGATA,OXT_16,ATAAACAGTCTAGCTGTG,10
ATGCGGTTACCAGTTCAG,OXT_10,AAGATGTATCGTGTGCTG,9
GGGCACTACGGGAATATG,OXT_17,AGGAACTACGATCGTGAA,9
GGAGGCACCGACAGCGTT,OXT_28,AGCGGCGGCGACGGCGAA,7
TCACCGAGACGAGGCTGT,OXT_03,GACTTGGGCTCATGCTGT,10
GACGTGTTGTCATGCAGG,OXT_03,GACTTGGGCTCATGCTGT,6
ACGGGGTGGACAACGATG,OXT_27,GTAGAATGGGCATCGTCG,9
AAGCAGCAACGGCGATGT,OXT_15,AGGGTATAACGTCCTTTG,10
TAGTGAGAGGTGACAGTG,OXT_04,TAGACAGGGCTGACTGTG,5
AGGAGGTGAGCTTGGGTT,OXT_17,AGGAACTACGATCGTGAA,9
ATCGAACATGAGACGGCA,OXT_01,AGGCTGCGTAAGTCTGCT,10
GCACAGCAGATGATGTCG,OXT_27,GTAGAATGGGCATCGTCG,10
GCAAGCAGAGGAGGAGTG,OXT_16,ATAAACAGTCTAGCTGTG,8
GGGGAGCTAGCACACACA,OXT_05,GGCGGACAGACTCTAATG,11
AAGGGCGCTGGGAGTTGA,OXT_02,AGGGGAGCGTGCGGAGGC,9
GTGGACAAAGACAGGCTT,OXT_21,GAGCAACGGGTCAGCATT,9
AAGCCGAACGGCAATGTG,OXT_04,TAGACAGGGCTGACTGTG,10
GAGGGAAGCGTCCCAAGG,OXT_21,GAGCAACGGGTCAGCATT,9
TCACGGTGCTCACTCACG,OXT_03,GACTTGGGCTCATGCTGT,11
CACCGCCTGACTGTTGTG,OXT_05,GGCGGACAGACTCTAATG,8
ACTTGGCGGAGCTGGGTG,OXT_01,AGGCTGCGTAAGTCTGCT,11
GTACGGCACGTTGGGCAT,OXT_18,TAACGGGTTATCCATAAT,11
GCAACCGTAACGCATGTG,OXT_14,TTGAGCGTAACGACAGTG,7
ATGGGTCATTAACAGGTG,OXT_07,GTGGGTGCATTTGCTGTA,10
AGGTGTGACCACACGATG,OXT_11,GGGTAAGGGCACAACAGT,9
GCGGCGTAGGATCGATTG,OXT_05,GGCGGACAGACTCTAATG,9
CGGGGAGATCGCTCGACA,OXT_02,AGGGGAGCGTGCGGAGGC,10
GGGCGGTAATATGTCTCT,OXT_01,AGGCTGCGTAAGTCTGCT,11
AGGGAGAGACGCGTCCTC,OXT_10,AAGATGTATCGTGTGCTG,9
AACGCTAGACGTACCGCT,OXT_04,TAGACAGGGCTGACTGTG,11
ACACGGATGGTCACCGAT,OXT_18,TAACGGGTTATCCATAAT,9
ACAGCGATAGAGACGCGG,OXT_08,GACGGCATTCAGGCACGT,10
AGCGGACTTAGGCAGCGG,OXT_05,GGCGGACAGACTCTAATG,9
GCCTATCGAGAGGGTCAG,OXT_23,AAGTAGGGACAGAATACG,10
GAGACATCCAGTTGTGCT,OXT_17,AGGAACTACGATCGTGAA,10
GGTACACGCAGGACCGGT,OXT_01,AGGCTGCGTAAGTCTGCT,10
GGACGTTCACTTCTTGGT,OXT_07,GTGGGTGCATTTGCTGTA,9
TAGGACATGATTCCTAGG,OXT_13,TATTACACTAGTGGATGG,9
GTGACGAGACCCTGTGCA,OXT_24,GGGATTCGGTCATGTCCT,9
AGGCAGGAGCAGGACGTG,OXT_23,AAGTAGGGACAGAATACG,8
AATAGATAAGGTGCAATT,OXT_10,AAGATGTATCGTGTGCTG,9
AATATGCCGGACGTATTG,OXT_10,AAGATGTATCGTGTGCTG,9
ACGGTACGCAGCACAGTG,OXT_15,AGGGTATAACGTCCTTTG,9
AGGGCTAGAGGAGAGTCG,OXT_15,AGGGTATAACGTCCTTTG,10
GATGGTCCAGAGTCGTTA,OXT_07,GTGGGTGCATTTGCTGTA,9
GAGCGGCTGAGCGGAAGG,OXT_02,AGGGGAGCGTGCGGAGGC,9
ATGTACTCGGTAGCCATG,OXT_16,ATAAACAGTCTAGCTGTG,8
ACGGCATGACCAGCTGGA,OXT_15,AGGGTATAACGTCCTTTG,9
GATCACTGACAGACTGAG,OXT_23,AAGTAGGGACAGAATACG,8
CGCTGAAGCCGTGGTGCA,OXT_28,AGCGGCGGCGACGGCGAA,9
ATGGGCACTCACCATGGA,OXT_02,AGGGGAGCGTGCGGAGGC,10
GATGGGCCCAGCTTTTTG,OXT_05,GGCGGACAGACTCTAATG,10
TCGCTCGAGAGACGCTGA,OXT_20,AGGGCCTAGGGATGACGT,10
AAGCGGTGAGTAGGTGCG,OXT_23,AAGTAGGGACAGAATACG,9
TGACTCGAGTACATACCG,OXT_09,TGTAGTGCTCGGCTGCCG,11
GTGGTACAGTCTGCTCAT,OXT_24,GGGATTCGGTCATGTCCT,8
ATAGGAGGTGCACTTCTT,OXT_12,AATACAGCGGTGTTTCTA,10
AACGGAGGCTGTTCATCT,OXT_03,GACTTGGGCTCATGCTGT,9
AGCGGGATCAGACCTGTT,OXT_01,AGGCTGCGTAAGTCTGCT,10
CATGGGACGTGAGACCTG,OXT_02,AGGGGAGCGTGCGGAGGC,11
GCTGGTAATGCGGTCGCG,OXT_09,TGTAGTGCTCGGCTGCCG,10
AGGCAGTTGACGCGGTTG,OXT_26,GGGGCATTCACTGAGCTG,9
AAGGAGTGTGGCTGCATA,OXT_21,GAGCAACGGGTCAGCATT,8
AGTTGGCGGACGTAGCGA,OXT_01,AGGCTGCGTAAGTCTGCT,10
GTAGCACCGTCAGGTGTG,OXT_07,GTGGGTGCATTTGCTGTA,9
GCGGTCCGAAACTCTTGG,OXT_01,AGGCTGCGTAAGTCTGCT,9
GGCCAGTAGGTATCGGAG,OXT_27,GTAGAATGGGCATCGTCG,8
CATGTAGCGGCTGCGGTG,OXT_04,TAGACAGGGCTGACTGTG,10
TGGGCATGATTGTGCCGT,OXT_20,AGGGCCTAGGGATGACGT,8
AGGAGCAGTGGGACCCCG,OXT_09,TGTAGTGCTCGGCTGCCG,9
ATGCGAGTCAAGTGCTGT,OXT_01,AGGCTGCGTAAGTCTGCT,10
ACGTCGTGTAATCCGCGG,OXT_10,AAGATGTATCGTGTGCTG,9
AGCGCGACATGGAGGCTC,OXT_02,AGGGGAGCGTGCGGAGGC,10
TAACGTCGACGTCATAGG,OXT_18,TAACGGGTTATCCATAAT,9
ATGGGATTCGATAGACCT,OXT_20,AGGGCCTAGGGATGACGT,9
TGTTGCCACGGGTTGCTT,OXT_09,TGTAGTGCTCGGCTGCCG,9
CAGGCATGGCAAGTGGCT,OXT_04,TAGACAGGGCTGACTGTG,10
ACTCGCCATCGGCAGGTG,OXT_09,TGTAGTGCTCGGCTGCCG,9
GGTATGACCTCCTTCCGG,OXT_03,GACTTGGGCTCATGCTGT,9
ATACGGCGACAGGCATGT,OXT_01,AGGCTGCGTAAGTCTGCT,9
ACAGCGAAAGACATGGCA,OXT_22,ACGGGACCGCAGATCGAG,11
AACGGGTAAACCGGCGGA,OXT_28,AGCGGCGGCGACGGCGAA,8
TGTGCTCACCCTGGCGGT,OXT_20,AGGGCCTAGGGATGACGT,11
TCAGGGTTGTATGGATGG,OXT_02,AGGGGAGCGTGCGGAGGC,10
TCAGGGTGACGAGGTTTG,OXT_15,AGGGTATAACGTCCTTTG,9
GTAGCTAAAACGATACGG,OXT_05,GGCGGACAGACTCTAATG,10
GGAGAGTGCAGACGTTGG,OXT_27,GTAGAATGGGCATCGTCG,9
AACACTTTCGGCGCGTGC,OXT_06,ATCATCATCATCATCATC,11
GGGGCACACGGAACCTAA,OXT_15,AGGGTATAACGTCCTTTG,10
GTGGGGCCTCTGACATCA,OXT_07,GTGGGTGCATTTGCTGTA,9
AGCGGGGATGTCGGCTAT,OXT_28,AGCGGCGGCGACGGCGAA,6
GCAACGGGCAGAGGTTAG,OXT_03,GACTTGGGCTCATGCTGT,10
ATCGGGCTAGGCTAATGT,OXT_20,AGGGCCTAGGGATGACGT,10
AAAGGTCAAGTACTGCTT,OXT_05,GGCGGACAGACTCTAATG,11
AGGACCACCCTAGTAGCT,OXT_16,ATAAACAGTCTAGCTGTG,9
AAGCGGCAAGCTTCGGAT,OXT_01,AGGCTGCGTAAGTCTGCT,9
TGGCGGACACATCGAATG,OXT_05,GGCGGACAGACTCTAATG,10
AATGAGTACACGAGCGGG,OXT_03,GACTTGGGCTCATGCTGT,11
TGGTGCCTAAGGAGCATG,OXT_14,TTGAGCGTAACGACAGTG,7
AGGGGCAATCGCAAATCT,OXT_20,AGGGCCTAGGGATGACGT,9
TTACGTATGTGTTGGAAG,OXT_18,TAACGGGTTATCCATAAT,11
ATGAGCAGGCTACCAGTG,OXT_16,ATAAACAGTCTAGCTGTG,5
CTAGACACGCTAGCGGCG,OXT_16,ATAAACAGTCTAGCTGTG,6
ATACGGGAGAAGCCCTGT,OXT_01,AGGCTGCGTAAGTCTGCT,10
TGGCGTACCGATATTATG,OXT_05,GGCGGACAGACTCTAATG,11
ATGGGAGAATCAACCGGT,OXT_02,AGGGGAGCGTGCGGAGGC,9
ATTCGTCGCAACGTCTGT,OXT_28,AGCGGCGGCGACGGCGAA,10
ATGACCTGAGACGAGGCG,OXT_16,ATAAACAGTCTAGCTGTG,10
AGCAGCCCGGACGACGTG,OXT_28,AGCGGCGGCGACGGCGAA,7
TAGTCCGGGTCTGCTTTA,OXT_04,TAGACAGGGCTGACTGTG,8
ACAGTCAATGTACCTGTG,OXT_16,ATAAACAGTCTAGCTGTG,6
ACACGGTCACCAGCTCGT,OXT_08,GACGGCATTCAGGCACGT,11
AGAGCGGTAGAGGGACTG,OXT_20,AGGGCCTAGGGATGACGT,10
GATGTGTCATCCGCATGC,OXT_02,AGGGGAGCGTGCGGAGGC,10
GCAATGTAGCCCATGTAT,OXT_10,AAGATGTATCGTGTGCTG,10
AGCACGAGTAAGACGTTA,OXT_01,AGGCTGCGTAAGTCTGCT,9
ATGGCCGTAATGTACACT,OXT_06,ATCATCATCATCATCATC,10
ACATCGGTGGCACCTATA,OXT_12,AATACAGCGGTGTTTCTA,10
AGCCTAGCCGGGAAGACA,OXT_09,TGTAGTGCTCGGCTGCCG,11
TGCCGGTAGTAGTTCCAA,OXT_22,ACGGGACCGCAGATCGAG,11
GGCATGGGACGACGACAT,OXT_03,GACTTGGGCTCATGCTGT,9
GGGCACCACGAGAGAGAT,OXT_17,AGGAACTACGATCGTGAA,7
ACCGAAGTCCATTGGTGC,OXT_02,AGGGGAGCGTGCGGAGGC,11
ATGGGCATACGACTCCTA,OXT_06,ATCATCATCATCATCATC,10
ACTGACCATGGAACGTTG,OXT_15,AGGGTATAACGTCCTTTG,10
TCACGGATCTCACTGTAG,OXT_18,TAACGGGTTATCCATAAT,10
GGCGGACTCAATTGGTGT,OXT_05,GGCGGACAGACTCTAATG,9
GTATAGCGACATTCTGGT,OXT_01,AGGCTGCGTAAGTCTGCT,9
ACAGGATACGAGTGCGCT,OXT_22,ACGGGACCGCAGATCGAG,9
AGTGGGACTCGGCCAACT,OXT_09,TGTAGTGCTCGGCTGCCG,8
AGGTGATTACCCGCTGTT,OXT_15,AGGGTATAACGTCCTTTG,8
ACAAGTGTCTTCACTGTG,OXT_04,TAGACAGGGCTGACTGTG,9
ACGGCCTAGACGTTGCTG,OXT_20,AGGGCCTAGGGATGACGT,8
ATGTGGGATAACGATGTC,OXT_01,AGGCTGCGTAAGTCTGCT,10
TGTACTGCCTCACCGGTG,OXT_09,TGTAGTGCTCGGCTGCCG,8
ACGTTGTGTAGACGATGT,OXT_03,GACTTGGGCTCATGCTGT,9
AGGCAGTAAGGGCTTGAT,OXT_17,AGGAACTACGATCGTGAA,7
GCAGGATACGGGAGCCGG,OXT_20,AGGGCCTAGGGATGACGT,10
ATACGACAGAGGGACAGC,OXT_02,AGGGGAGCGTGCGGAGGC,10
ACAGGGCCCCTGAGCAAT,OXT_22,ACGGGACCGCAGATCGAG,7
GCGAGGCAATGAGGTGTT,OXT_07,GTGGGTGCATTTGCTGTA,9
GACGGCGGACATGGTGGA,OXT_28,AGCGGCGGCGACGGCGAA,7
AACGGCTGAGGAGGTGCC,OXT_28,AGCGGCGGCGACGGCGAA,8
ATGGTGCTACTCGCGTGT,OXT_15,AGGGTATAACGTCCTTTG,10
ACATAGCAGTGATGTGCT,OXT_24,GGGATTCGGTCATGTCCT,9
TATGGTGTCGACAGCTTC,OXT_28,AGCGGCGGCGACGGCGAA,9
CGGGCAGCAAACAGTGTA,OXT_02,AGGGGAGCGTGCGGAGGC,9
ACATGATGTTGCACGCGG,OXT_02,AGGGGAGCGTGCGGAGGC,11
GTGGCCTCTGATCCAACG,OXT_27,GTAGAATGGGCATCGTCG,10
TGGGTGCTGACGTCGCTC,OXT_01,AGGCTGCGTAAGTCTGCT,9
GAGGATCGGTGTCCAGAT,OXT_07,GTGGGTGCATTTGCTGTA,10
AGCAGGACGAGTTTAGCT,OXT_01,AGGCTGCGTAAGTCTGCT,10
AATACGCTCCTCATTGGG,OXT_04,TAGACAGGGCTGACTGTG,9
AGGTAGGTACGAGCTGCT,OXT_23,AAGTAGGGACAGAATACG,8
AGGTTGGGTAGCAACCGG,OXT_11,GGGTAAGGGCACAACAGT,8
TGGCGGAAGTAGGGCACT,OXT_01,AGGCTGCGTAAGTCTGCT,10
AGGCAGCGAACGGCGAGT,OXT_01,AGGCTGCGTAAGTCTGCT,7
ATAACGGCGACGCTCCTA,OXT_12,AATACAGCGGTGTTTCTA,7
TGGTCCCATGCTCTGCCA,OXT_09,TGTAGTGCTCGGCTGCCG,10
GCTGGGGATGGAAGGCTC,OXT_09,TGTAGTGCTCGGCTGCCG,11
ACTGCGAGGAAGACGCGT,OXT_01,AGGCTGCGTAAGTCTGCT,10
ACATCAGGTCGTTTGTCA,OXT_09,TGTAGTGCTCGGCTGCCG,11
AGCGGGATCAACTACCAT,OXT_28,AGCGGCGGCGACGGCGAA,8
CAAGTGGACAAGCAGATT,OXT_18,TAACGGGTTATCCATAAT,9
ACACGGCATACTTCCCCT,OXT_01,AGGCTGCGTAAGTCTGCT,8
TGCTGCTTCATCGATGCT,OXT_18,TAACGGGTTATCCATAAT,9
AAGGCTGGTCAGTCTTGG,OXT_04,TAGACAGGGCTGACTGTG,8
AGGTGGATACGACAGCGG,OXT_09,TGTAGTGCTCGGCTGCCG,10
GGTATCCTGAGCGTGTCG,OXT_09,TGTAGTGCTCGGCTGCCG,10
GTTGGCCCTCCGCGTGAA,OXT_07,GTGGGTGCATTTGCTGTA,10
ACGGCCTAAAGGACTGCG,OXT_15,AGGGTATAACGTCCTTTG,8
CGGGCCCAAGCAGATCAT,OXT_20,AGGGCCTAGGGATGACGT,8
CGGAGGGCTCGAAGGTGT,OXT_09,TGTAGTGCTCGGCTGCCG,9
CAGTAGAGACTAGACGGT,OXT_11,GGGTAAGGGCACAACAGT,9
ACAGTGAGCATAAGACGA,OXT_03,GACTTGGGCTCATGCTGT,11
ACCACATATAGGAGCGTG,OXT_04,TAGACAGGGCTGACTGTG,10
AACGTGCGAATCGGCCTT,OXT_21,GAGCAACGGGTCAGCATT,9
GTCGAGAGGAGGAAAGGA,OXT_08,GACGGCATTCAGGCACGT,11
AATGGGATTGGCATCGCT,OXT_06,ATCATCATCATCATCATC,11
AGCGGCGAGAGAGATGCT,OXT_02,AGGGGAGCGTGCGGAGGC,9
TTAACCGGGAATCTGGCG,OXT_04,TAGACAGGGCTGACTGTG,10
GCAAGCAGACGACACTCT,OXT_16,ATAAACAGTCTAGCTGTG,11
ACTGGTTTAGACAATGCG,OXT_22,ACGGGACCGCAGATCGAG,10
CCTACGGGTAGTCCTGTA,OXT_04,TAGACAGGGCTGACTGTG,10
ACCGGATCCATCTGGTGC,OXT_02,AGGGGAGCGTGCGGAGGC,9
ATTACGCATTCTAGTCTG,OXT_10,AAGATGTATCGTGTGCTG,9
ATATGTGCCCATCCGCAT,OXT_09,TGTAGTGCTCGGCTGCCG,10
ACAGCGGTTGCCCAGGTG,OXT_18,TAACGGGTTATCCATAAT,10
CGCATCGAGGGATGTCCA,OXT_20,AGGGCCTAGGGATGACGT,8
GCAGTGCGCCATAACTTT,OXT_03,GACTTGGGCTCATGCTGT,10
ACGGCTTGCCGGACGGTT,OXT_04,TAGACAGGGCTGACTGTG,9
AGCAAGGACCGACGCGTT,OXT_17,AGGAACTACGATCGTGAA,9
TCGCAACGGACAACTGCT,OXT_01,AGGCTGCGTAAGTCTGCT,8
GCGGTATCATGGCAAGCG,OXT_15,AGGGTATAACGTCCTTTG,9
ATACTGAGCGCATCCTGG,OXT_03,GACTTGGGCTCATGCTGT,8
CGGACGTTCGGACAGTGG,OXT_26,GGGGCATTCACTGAGCTG,9
GGCGACCCTCATTGGATG,OXT_05,GGCGGACAGACTCTAATG,9
TCCCGCAGGGATATGGTA,OXT_28,AGCGGCGGCGACGGCGAA,10
AGGGGCAGGGTTGGTACA,OXT_28,AGCGGCGGCGACGGCGAA,8
CAGACTAGCAACGTTATG,OXT_04,TAGACAGGGCTGACTGTG,10
GGGCACCCTATGCCGGAG,OXT_01,AGGCTGCGTAAGTCTGCT,9
AAGCGGGAAACTAGTAAT,OXT_18,TAACGGGTTATCCATAAT,8
GGGTAACACTGCAGACGC,OXT_02,AGGGGAGCGTGCGGAGGC,8
CATTAGCGCTTACGGTCG,OXT_03,GACTTGGGCTCATGCTGT,9
AAGCAGAGATTACGGCCG,OXT_23,AAGTAGGGACAGAATACG,9
AGATCAGCACGAGACTGG,OXT_02,AGGGGAGCGTGCGGAGGC,10
TGCATGGGGCTGATCACT,OXT_04,TAGACAGGGCTGACTGTG,9
ACCGTTCGATCAGTGCTT,OXT_24,GGGATTCGGTCATGTCCT,9
TTGATCGTGTGGTTTTCG,OXT_14,TTGAGCGTAACGACAGTG,9
TTCATGGGCTTAGCCGTT,OXT_25,TGCATCGCAACAGCAGTT,7
GCAGGACCTCTCACTGTG,OXT_22,ACGGGACCGCAGATCGAG,8
GGGCTGAGAATGCTAGCG,OXT_01,AGGCTGCGTAAGTCTGCT,8
AAGACTCCTCGTCGTGCG,OXT_09,TGTAGTGCTCGGCTGCCG,9
GACGACAGATGGCGGCGG,OXT_08,GACGGCATTCAGGCACGT,9
GAAGGACGCGCGAGGTTA,OXT_21,GAGCAACGGGTCAGCATT,9
AGGAGCAATGTTCGATGG,OXT_17,AGGAACTACGATCGTGAA,8
GGGGACGGTAGCGAGGCA,OXT_28,AGCGGCGGCGACGGCGAA,9
GTGGCGCCGAATGTCCAA,OXT_22,ACGGGACCGCAGATCGAG,9
AAGAGTACAGTGCGCTCA,OXT_12,AATACAGCGGTGTTTCTA,10
ACGTAGCGGGTGATGCAT,OXT_21,GAGCAACGGGTCAGCATT,9
GAGGGTGCGTTGAAGGTA,OXT_07,GTGGGTGCATTTGCTGTA,6
ACGAGCTGGGCTTGGAGT,OXT_20,AGGGCCTAGGGATGACGT,8
GTAGAGGTGACCGTTTGC,OXT_27,GTAGAATGGGCATCGTCG,10
TCCTTATCCTCTCGTAGG,OXT_03,GACTTGGGCTCATGCTGT,10
GGCATGCAAGTACCGGCT,OXT_25,TGCATCGCAACAGCAGTT,9
AGTAGCAGACATGTTATT,OXT_16,ATAAACAGTCTAGCTGTG,9
GTGCGGCACCATCCAGTA,OXT_07,GTGGGTGCATTTGCTGTA,9
TCTGCAGCTTTCCATGGT,OXT_18,TAACGGGTTATCCATAAT,9
TGCGGAGATGCGGCGCGT,OXT_08,GACGGCATTCAGGCACGT,8
GATCAACAGGAACGCGCG,OXT_21,GAGCAACGGGTCAGCATT,8
AGAGACGAGCGGCTAGCG,OXT_09,TGTAGTGCTCGGCTGCCG,9
GCTGACTGTAGGTGGCTG,OXT_13,TATTACACTAGTGGATGG,10
GCACACGATGGTCGTACT,OXT_17,AGGAACTACGATCGTGAA,10
TATGAACAAGGTGTGCGA,OXT_10,AAGATGTATCGTGTGCTG,10
TATGGACTGGCGATAACG,OXT_05,GGCGGACAGACTCTAATG,8
TCGCATTCGACTCGCAGT,OXT_21,GAGCAACGGGTCAGCATT,10
AACAATGCATGGGACGTG,OXT_07,GTGGGTGCATTTGCTGTA,10
ATAGCACCCATGTTGGCT,OXT_01,AGGCTGCGTAAGTCTGCT,10
GACCGATAGACGTAAGCG,OXT_05,GGCGGACAGACTCTAATG,8
GAGGCGACGTTGGTGAAG,OXT_22,ACGGGACCGCAGATCGAG,10
CGGGATCGACGTTGTAGT,OXT_24,GGGATTCGGTCATGTCCT,9
AAGGGACACATTGCGGCG,OXT_26,GGGGCATTCACTGAGCTG,9
ACACTCGACGGCTGGTAT,OXT_20,AGGGCCTAGGGATGACGT,10
AGTGTTCGTGATAATGTA,OXT_01,AGGCTGCGTAAGTCTGCT,9
CACTAACGGGTGGATACG,OXT_23,AAGTAGGGACAGAATACG,8
TCACCAGACTAACGAGTG,OXT_04,TAGACAGGGCTGACTGTG,11
GGAGCAGGGCTGTGCGAT,OXT_04,TAGACAGGGCTGACTGTG,9
ACTGGTCTCCGTATCCTT,OXT_22,ACGGGACCGCAGATCGAG,9
AGGGACAAGGAGTGGCAG,OXT_20,AGGGCCTAGGGATGACGT,7
GAGGTTCGGAACGATAGT,OXT_11,GGGTAAGGGCACAACAGT,8
ATACAGTGATACCGTGCT,OXT_01,AGGCTGCGTAAGTCTGCT,9
AGGGGAAATGCACCGTCG,OXT_15,AGGGTATAACGTCCTTTG,8
AGGACGCGACGGGAGCAA,OXT_10,AAGATGTATCGTGTGCTG,9
GGGCGGGCGACGAGATAT,OXT_02,AGGGGAGCGTGCGGAGGC,10
TGGGGACCAAGCAGAACA,OXT_02,AGGGGAGCGTGCGGAGGC,8
GAGACAATCCTCGTGTCT,OXT_26,GGGGCATTCACTGAGCTG,10
TCGCGCGAGACCGGTGTT,OXT_14,TTGAGCGTAACGACAGTG,9
TGGCGCAAAGGAGAAGGT,OXT_20,AGGGCCTAGGGATGACGT,8
ACGGGAAGAGGAGACGTA,OXT_28,AGCGGCGGCGACGGCGAA,9
GGGCTACACGAGGCGCTT,OXT_01,AGGCTGCGTAAGTCTGCT,9
AGAGCAAAGATGCATGTG,OXT_04,TAGACAGGGCTGACTGTG,9
GACACAATGGCTCTTGCG,OXT_05,GGCGGACAGACTCTAATG,9
TGTGGCTAGAGGGTATGT,OXT_20,AGGGCCTAGGGATGACGT,8
GGCAGTGACTTGTCCAAT,OXT_03,GACTTGGGCTCATGCTGT,10
ATAGGTGTGCCTATAGAG,OXT_22,ACGGGACCGCAGATCGAG,8
AGCGGCCCAGGGACAGCA,OXT_28,AGCGGCGGCGACGGCGAA,9
GGGAAGATTATGTGCACT,OXT_01,AGGCTGCGTAAGTCTGCT,9
TCGGGACTCCAGCGTGAA,OXT_22,ACGGGACCGCAGATCGAG,7
AACAAGCAGGAGGATAGG,OXT_23,AAGTAGGGACAGAATACG,8
ACCGGTCTGTCAGGTGTC,OXT_02,AGGGGAGCGTGCGGAGGC,9
AGAACTGCAGTCGCGTCG,OXT_09,TGTAGTGCTCGGCTGCCG,10
GCACGCCATACGATCGTC,OXT_05,GGCGGACAGACTCTAATG,10
ATGGCTGACTCGGTGCTC,OXT_26,GGGGCATTCACTGAGCTG,9
GTGGATGACGTGACCCCT,OXT_07,GTGGGTGCATTTGCTGTA,10
ACAGGGTACTCGGTCTAA,OXT_22,ACGGGACCGCAGATCGAG,10
GGCAGAAGAAGAGCAACG,OXT_05,GGCGGACAGACTCTAATG,9
GCAACGTGTGAAGACGAT,OXT_16,ATAAACAGTCTAGCTGTG,11
ACGGGTTAGGCAGCGACT,OXT_20,AGGGCCTAGGGATGACGT,9
ATCCGTGGGAAGGAGTGC,OXT_02,AGGGGAGCGTGCGGAGGC,11
GGGACCGCTCTATGGACA,OXT_09,TGTAGTGCTCGGCTGCCG,10
ATAAGGAGCAGTCAGAGG,OXT_06,ATCATCATCATCATCATC,11
TATACAGGGTAAATGGTG,OXT_04,TAGACAGGGCTGACTGTG,6
AGACTGTGAATTGACGTG,OXT_01,AGGCTGCGTAAGTCTGCT,10
GAGGATTCAAGGTAAGTG,OXT_07,GTGGGTGCATTTGCTGTA,10
ATTACGGAGGCTACAAGT,OXT_20,AGGGCCTAGGGATGACGT,10
TGCGGATAGGCAAGACTG,OXT_05,GGCGGACAGACTCTAATG,7
ACGGGACCGCTACACGCA,OXT_22,ACGGGACCGCAGATCGAG,6
GGCATAAGTCCGCGCACT,OXT_24,GGGATTCGGTCATGTCCT,9
ACGACAGGGTCTTGGGTT,OXT_04,TAGACAGGGCTGACTGTG,9
GGCTATGTGGAAAGTGCA,OXT_11,GGGTAAGGGCACAACAGT,10
ACGTGTAGAACTGTGCTT,OXT_10,AAGATGTATCGTGTGCTG,10
GGGACGTCGAAGCTAGGG,OXT_05,GGCGGACAGACTCTAATG,10
AACACGGGAAGGTTGCAG,OXT_10,AAGATGTATCGTGTGCTG,9
ACGCCACAAGATGGTGTG,OXT_15,AGGGTATAACGTCCTTTG,9
CACGGTGCAGCTGTATAG,OXT_05,GGCGGACAGACTCTAATG,10
AGGGCTACCTGGCTCTCG,OXT_09,TGTAGTGCTCGGCTGCCG,9
AGGCGTGTACGAGCAGAG,OXT_02,AGGGGAGCGTGCGGAGGC,9
ATAGGTGTGTCCAGCGTA,OXT_02,AGGGGAGCGTGCGGAGGC,9
CATGGCATAAGACCGGCT,OXT_08,GACGGCATTCAGGCACGT,10
ACAGCGCAAAGAGGTGTG,OXT_15,AGGGTATAACGTCCTTTG,10
GTGACCGAGACTCCGTAG,OXT_14,TTGAGCGTAACGACAGTG,9
AGGCCGATGAGTGCACAG,OXT_26,GGGGCATTCACTGAGCTG,9
AAGGGCAATGTGCACTGA,OXT_08,GACGGCATTCAGGCACGT,10
AAGCGGGATAAGGCTGGC,OXT_01,AGGCTGCGTAAGTCTGCT,7
TAGCGAGACCCAGTGGAT,OXT_04,TAGACAGGGCTGACTGTG,11
GGGCAAAGCAGCTCTCCT,OXT_01,AGGCTGCGTAAGTCTGCT,8
AGGCGGATTACGGCTGCA,OXT_01,AGGCTGCGTAAGTCTGCT,6
AACGGACTTACCAGGTGG,OXT_05,GGCGGACAGACTCTAATG,10
ACACAGTGGATGCAGATG,OXT_18,TAACGGGTTATCCATAAT,10
TGGTGTTAGCTGTTACGG,OXT_09,TGTAGTGCTCGGCTGCCG,9
ATCCATATGGTAGAGTAG,OXT_16,ATAAACAGTCTAGCTGTG,10
ATGGAACACATCCGATGC,OXT_02,AGGGGAGCGTGCGGAGGC,9
GGGCGGGAGTCGTCATGT,OXT_03,GACTTGGGCTCATGCTGT,9
TAAGGGCAGATACTCTTC,OXT_05,GGCGGACAGACTCTAATG,9
ACACAGCGTACTGCGTGG,OXT_01,AGGCTGCGTAAGTCTGCT,10
GGGAACTCATTAGCGCGT,OXT_25,TGCATCGCAACAGCAGTT,9
TTACCAGCGACGCGTACT,OXT_18,TAACGGGTTATCCATAAT,9
GGGGAACATGCGTACTTT,OXT_21,GAGCAACGGGTCAGCATT,9
ACGCTGCTGGTAATGTTG,OXT_10,AAGATGTATCGTGTGCTG,10
ATCGCAGTGATAGTCGGA,OXT_02,AGGGGAGCGTGCGGAGGC,10
ACAGGATAGGACCTCGCG,OXT_22,ACGGGACCGCAGATCGAG,7
TCGTGCGGATGAGCGTGA,OXT_07,GTGGGTGCATTTGCTGTA,10
ATTGGACAGCGACTGTCT,OXT_05,GGCGGACAGACTCTAATG,10
AGTAGTTGATGGTGCTCA,OXT_09,TGTAGTGCTCGGCTGCCG,10
TGGGTGCTGGGGCATCAA,OXT_01,AGGCTGCGTAAGTCTGCT,11
ATGGGCTATGATCCGGTG,OXT_15,AGGGTATAACGTCCTTTG,8
CACCAATGGGAACGCTCG,OXT_27,GTAGAATGGGCATCGTCG,8
GGCAGTCATACAGTGCTA,OXT_05,GGCGGACAGACTCTAATG,8
AGTGGGTCAACGCGCGGA,OXT_02,AGGGGAGCGTGCGGAGGC,10
GGGTATACTAAGCACATG,OXT_11,GGGTAAGGGCACAACAGT,9
AGCCAGGCACGTGTAGCT,OXT_25,TGCATCGCAACAGCAGTT,9
GAACACGGAGAGTGCTTG,OXT_21,GAGCAACGGGTCAGCATT,9
AGCGGTGGGCACACTGAT,OXT_28,AGCGGCGGCGACGGCGAA,7
AACAGTAGCCCAACTGTG,OXT_16,ATAAACAGTCTAGCTGTG,7
TGGTGACCGGTACCTCTG,OXT_04,TAGACAGGGCTGACTGTG,9
GGGCCCACTTCGTCTACT,OXT_01,AGGCTGCGTAAGTCTGCT,8
ATGGTAGTACTGTATTCA,OXT_15,AGGGTATAACGTCCTTTG,9
CACGCAGAGGTTCGGTGT,OXT_20,AGGGCCTAGGGATGACGT,10
AAGGGTAGGACCTTCGCG,OXT_22,ACGGGACCGCAGATCGAG,9
GCAGAAGCGTTAGTGTTG,OXT_27,GTAGAATGGGCATCGTCG,8
GAGCTGGTGTCACACGAT,OXT_03,GACTTGGGCTCATGCTGT,8
AACTACGTGTGCTTATGG,OXT_13,TATTACACTAGTGGATGG,9
CAGGGATATGTGCCGCTG,OXT_10,AAGATGTATCGTGTGCTG,9
GAGGTGCATGCAACTTGG,OXT_03,GACTTGGGCTCATGCTGT,10
AGTGGAACGTAGCGGCGA,OXT_02,AGGGGAGCGTGCGGAGGC,8
GACAGTAGCTTTGGTAGT,OXT_03,GACTTGGGCTCATGCTGT,9
GGGGGTTATCGTTTCAGG,OXT_05,GGCGGACAGACTCTAATG,9
GTGCAGGACGAGGTTCAA,OXT_17,AGGAACTACGATCGTGAA,9
ACAGTCCCTGACGATGCG,OXT_01,AGGCTGCGTAAGTCTGCT,10
ACACCCGCTGTCAATGGA,OXT_12,AATACAGCGGTGTTTCTA,10
ATGACCTCACTCCAATGG,OXT_15,AGGGTATAACGTCCTTTG,10
GCAGGACGTGAGTTCGAG,OXT_22,ACGGGACCGCAGATCGAG,6
ACAGGTGACAGGACGCAT,OXT_09,TGTAGTGCTCGGCTGCCG,11
GGACTGACGATGGGCGCA,OXT_01,AGGCTGCGTAAGTCTGCT,10
GCGGAAGGGGTACGGACG,OXT_27,GTAGAATGGGCATCGTCG,7
ATTGCCACGTAGGGTTAT,OXT_02,AGGGGAGCGTGCGGAGGC,11
GCATCGAGGCATCCGCGT,OXT_08,GACGGCATTCAGGCACGT,10
ACGCATTACGACGGGCGG,OXT_17,AGGAACTACGATCGTGAA,9
AGCACACGTGCGCTATCT,OXT_01,AGGCTGCGTAAGTCTGCT,10
TACGACGCCTGCCCTCCG,OXT_19,CCCCCCCCCCCCCCCCCC,9
TCTGACACCGTCGGGAAG,OXT_13,TATTACACTAGTGGATGG,9
ATGTGGGCAGTCTAGCGT,OXT_02,AGGGGAGCGTGCGGAGGC,11
GGCAATCCATTGCGCTCG,OXT_09,TGTAGTGCTCGGCTGCCG,10
GGGTTAGACAGCAAGGCA,OXT_11,GGGTAAGGGCACAACAGT,9
AAGCACGAGATGCCGACG,OXT_23,AAGTAGGGACAGAATACG,9
TGGTGTCCGACATGTCAT,OXT_24,GGGATTCGGTCATGTCCT,6
CAGGAGGTGGCTGTGTTC,OXT_10,AAGATGTATCGTGTGCTG,10
TGACCCTCCAAGGATGTG,OXT_26,GGGGCATTCACTGAGCTG,9
GCCGCTAAGACCTCGAGT,OXT_05,GGCGGACAGACTCTAATG,10
AGGGCTCTTGCTCATCCA,OXT_26,GGGGCATTCACTGAGCTG,9
GGGTACGAACCATCAGTG,OXT_14,TTGAGCGTAACGACAGTG,8
AGGAGGCAGGTTCCAGCG,OXT_05,GGCGGACAGACTCTAATG,9
CACTCAAGCTTGTGTGCG,OXT_04,TAGACAGGGCTGACTGTG,9
ATAAGTGAGAGGTCAGCG,OXT_14,TTGAGCGTAACGACAGTG,8
CCCCCCCCCCACACCCCC,OXT_19,CCCCCCCCCCCCCCCCCC,2
GGGGCCAGTGCTAAGTAT,OXT_26,GGGGCATTCACTGAGCTG,9
AGGTGTCTGCAACGGCGA,OXT_20,AGGGCCTAGGGATGACGT,10
ACAGTACGGATACATGTG,OXT_16,ATAAACAGTCTAGCTGTG,9
GTGAAGCTGAGCAGGTGT,OXT_21,GAGCAACGGGTCAGCATT,9
GGGCACCAATGTTCAACT,OXT_01,AGGCTGCGTAAGTCTGCT,10
ACACATTGCGAAGGGCGA,OXT_17,AGGAACTACGATCGTGAA,10
TCGGTGAATCCGTGCCCT,OXT_01,AGGCTGCGTAAGTCTGCT,10
TCAGCCTATAGCGCTCTT,OXT_20,AGGGCCTAGGGATGACGT,10
GGCCAGAACGGACGTAGG,OXT_17,AGGAACTACGATCGTGAA,10
AGGATCCGTACCGCAGTG,OXT_25,TGCATCGCAACAGCAGTT,7
GGGCCTGCCGGGTCCTAT,OXT_01,AGGCTGCGTAAGTCTGCT,11
GTGATCGAACATACTAGG,OXT_14,TTGAGCGTAACGACAGTG,9
AATGCACACTCTTGTCTG,OXT_12,AATACAGCGGTGTTTCTA,9
ACACATTGAGGAGCGGCT,OXT_27,GTAGAATGGGCATCGTCG,9
ATGTGGACGCGGCCCCTG,OXT_22,ACGGGACCGCAGATCGAG,9
TGCTCGTCTCTTTCGAGT,OXT_01,AGGCTGCGTAAGTCTGCT,12
ATAGTGCACACGCTTGCG,OXT_01,AGGCTGCGTAAGTCTGCT,9
GGATGGCTCAGATAATCA,OXT_03,GACTTGGGCTCATGCTGT,11
ATGATTTATCATGGTTCA,OXT_10,AAGATGTATCGTGTGCTG,8
TGAGGGAAGTGTCCAAGT,OXT_05,GGCGGACAGACTCTAATG,9
TCCTGGCAAGGCTCGGCG,OXT_29,CCCCCCCCCCCCCCGCCC,11
GTACGCTGCATAATGTGC,OXT_06,ATCATCATCATCATCATC,10
ATGGGCAACAGCACACGG,OXT_14,TTGAGCGTAACGACAGTG,9
ACGTGTTCTCGCATGTTG,OXT_10,AAGATGTATCGTGTGCTG,8
ACGGGAGTTCCGCGCAAT,OXT_22,ACGGGACCGCAGATCGAG,8
AATCTGACACATGTTCGG,OXT_10,AAGATGTATCGTGTGCTG,8
CTGGATACCATGAGTGTG,OXT_07,GTGGGTGCATTTGCTGTA,9
ACAGGAGCCTGCGCTGGA,OXT_02,AGGGGAGCGTGCGGAGGC,6
AAGGTGTCATACATGTAG,OXT_10,AAGATGTATCGTGTGCTG,9
ATGTAGCCGATCCACCAT,OXT_11,GGGTAAGGGCACAACAGT,10
TGGAGTAAAAGACACTTG,OXT_15,AGGGTATAACGTCCTTTG,9
AGAAGAGTGGACGTGTCG,OXT_02,AGGGGAGCGTGCGGAGGC,10
AGGCATACCGTACCAGCT,OXT_01,AGGCTGCGTAAGTCTGCT,10
GAGATAGCGGTGTCCGGC,OXT_04,TAGACAGGGCTGACTGTG,8
GGGAGGAGTCGCTGTCGT,OXT_24,GGGATTCGGTCATGTCCT,8
TAAAGCGCACATGGCCGA,OXT_08,GACGGCATTCAGGCACGT,10
AATCGGCTGGCATTATGT,OXT_03,GACTTGGGCTCATGCTGT,10
GGTGGACGAGTCAAAGTG,OXT_05,GGCGGACAGACTCTAATG,9
TATGAGCCCGGCAATTAT,OXT_18,TAACGGGTTATCCATAAT,10
GCAGCTGGGCGACTGATA,OXT_05,GGCGGACAGACTCTAATG,11
GCGAGGTACGCCGTAGCA,OXT_17,AGGAACTACGATCGTGAA,10
TGGCATACGGCAGCGACT,OXT_24,GGGATTCGGTCATGTCCT,10
AAGCTGATCAAGGAGTGC,OXT_01,AGGCTGCGTAAGTCTGCT,10
ATGCAGTGATGCGCGGAG,OXT_10,AAGATGTATCGTGTGCTG,10
GGGCAACTTACGGGGTGT,OXT_26,GGGGCATTCACTGAGCTG,9
GACCTCGAAGACGTGTTG,OXT_10,AAGATGTATCGTGTGCTG,10
ATGGATGTATGCAAGGCG,OXT_23,AAGTAGGGACAGAATACG,9
CGGCCTACGAGCGTGGCA,OXT_02,AGGGGAGCGTGCGGAGGC,10
GGCGTGGGTGGATTCGGT,OXT_03,GACTTGGGCTCATGCTGT,7
TGGGCGGTCACAACTTGT,OXT_03,GACTTGGGCTCATGCTGT,10
CGGCAATTCGTACGCGCT,OXT_17,AGGAACTACGATCGTGAA,9
TGGGCATCCTAAGCCGAT,OXT_02,AGGGGAGCGTGCGGAGGC,10
ACCGGGGTAATGACGGCG,OXT_14,TTGAGCGTAACGACAGTG,8
GCACTGGGTAACTTGTGC,OXT_01,AGGCTGCGTAAGTCTGCT,10
GGTAGGGTATCGTATAAC,OXT_18,TAACGGGTTATCCATAAT,10
AACCAGGGATTGTGTTAA,OXT_03,GACTTGGGCTCATGCTGT,9
CACGAATGGGGCCACCTA,OXT_21,GAGCAACGGGTCAGCATT,9
GATGGCCATGTGAGTATG,OXT_21,GAGCAACGGGTCAGCATT,9
GAGGTAGATGCTCATAAT,OXT_18,TAACGGGTTATCCATAAT,9
GGGCAGCAGATCGTGCAT,OXT_21,GAGCAACGGGTCAGCATT,9
GAGCCAGGGATGAGATGG,OXT_04,TAGACAGGGCTGACTGTG,7
GGGCATCATTACTCGGCT,OXT_01,AGGCTGCGTAAGTCTGCT,7
ACCCGTTGTACTCTCCGA,OXT_05,GGCGGACAGACTCTAATG,11
AAACACCACGGGGCGTCT,OXT_01,AGGCTGCGTAAGTCTGCT,11
ATGCAAGACACGGTGCTT,OXT_26,GGGGCATTCACTGAGCTG,9
AAGCGGACTCGTCGGCAA,OXT_10,AAGATGTATCGTGTGCTG,8
AAAGGAGGATAGGTGCGT,OXT_08,GACGGCATTCAGGCACGT,9
ACGGGCGCTGTCAGGCTA,OXT_28,AGCGGCGGCGACGGCGAA,9
TCGTGCCAGACCTGCACT,OXT_21,GAGCAACGGGTCAGCATT,10
GTGAGCCGAGTAGAGGAG,OXT_16,ATAAACAGTCTAGCTGTG,9
GGGCAACTTACAATGACT,OXT_21,GAGCAACGGGTCAGCATT,9
CGTGACACTCGACCTGAG,OXT_16,ATAAACAGTCTAGCTGTG,8
TCTACTATGGCTCGATAG,OXT_13,TATTACACTAGTGGATGG,10
TACCGGACGCGTCACGTG,OXT_04,TAGACAGGGCTGACTGTG,11
GCGGGAAGAGGTGACTGG,OXT_15,AGGGTATAACGTCCTTTG,10
AGGTATGGCAGGATATAG,OXT_23,AAGTAGGGACAGAATACG,9
GGACGCTTGACATGTTGG,OXT_27,GTAGAATGGGCATCGTCG,9
AACGGGAATGACGTTGCT,OXT_08,GACGGCATTCAGGCACGT,9
GAAGCGGCATGAGGCACT,OXT_03,GACTTGGGCTCATGCTGT,9
GCGTATTCCCTACGTGCT,OXT_17,AGGAACTACGATCGTGAA,10
GGGGTAGGTCCCCAATAT,OXT_11,GGGTAAGGGCACAACAGT,8
AATACGGAGCACAGTTGT,OXT_04,TAGACAGGGCTGACTGTG,10
GGGATCAAACCAACGAGA,OXT_25,TGCATCGCAACAGCAGTT,10
GGCAGAATCTATGGCGGG,OXT_28,AGCGGCGGCGACGGCGAA,9
AAGCAGATAAACAGCGGT,OXT_21,GAGCAACGGGTCAGCATT,9
AGGGCCATGATGCATCTT,OXT_20,AGGGCCTAGGGATGACGT,9
ATACCGCACAGTCGCCTG,OXT_10,AAGATGTATCGTGTGCTG,10
ATCCTGACGTGTCTGATT,OXT_06,ATCATCATCATCATCATC,10
GGGAGCGACGATATGCGG,OXT_17,AGGAACTACGATCGTGAA,9
GGGGGTAAGCTTTTCCTG,OXT_05,GGCGGACAGACTCTAATG,8
AGGGCGTGAGACGCAAGG,OXT_20,AGGGCCTAGGGATGACGT,9
GATATGCGGAGACTGTCG,OXT_09,TGTAGTGCTCGGCTGCCG,10
GCAGGAGGCATGACTGCT,OXT_04,TAGACAGGGCTGACTGTG,9
ACACACAGCCACTCCGCT,OXT_01,AGGCTGCGTAAGTCTGCT,9
GGGCGTAGCAACTGATCG,OXT_01,AGGCTGCGTAAGTCTGCT,10
TGCGGGAGCAGTGTGTAG,OXT_05,GGCGGACAGACTCTAATG,10
CGACGAGTGCCATTTTTG,OXT_05,GGCGGACAGACTCTAATG,10
TGGAGCAACGGCATCTGG,OXT_06,ATCATCATCATCATCATC,10
GGGATGGTCTCCGGACTG,OXT_26,GGGGCATTCACTGAGCTG,8
AACCTGGTGAGCCACGCT,OXT_18,TAACGGGTTATCCATAAT,8
ATGACAGCGTGTGTGCCG,OXT_10,AAGATGTATCGTGTGCTG,8
GCTGTAGAGTCAGGGCCT,OXT_24,GGGATTCGGTCATGTCCT,8
ACAATACGCCTCGATGTG,OXT_16,ATAAACAGTCTAGCTGTG,7
AGCAGGAGATTGAGGCAG,OXT_09,TGTAGTGCTCGGCTGCCG,11
AACATGGCGTTCTCGTAG,OXT_03,GACTTGGGCTCATGCTGT,10
GAGCCATTCGTGCGACAG,OXT_26,GGGGCATTCACTGAGCTG,9
GGGACATCTATGTGCTGG,OXT_26,GGGGCATTCACTGAGCTG,10
AGGGCAGCCGAACATGTG,OXT_15,AGGGTATAACGTCCTTTG,9
ATGGTAGACGGCGCGGTA,OXT_02,AGGGGAGCGTGCGGAGGC,9
TGGATGCAGGGCAGTTGT,OXT_20,AGGGCCTAGGGATGACGT,9
ACCGGCAGCATAGAGGTG,OXT_16,ATAAACAGTCTAGCTGTG,8
AGCACGCGGTGGAACTGT,OXT_03,GACTTGGGCTCATGCTGT,10
AGGGCCCGTGCGCATCAT,OXT_01,AGGCTGCGTAAGTCTGCT,9
GGTAACAGGCATGGGTCA,OXT_13,TATTACACTAGTGGATGG,10
TGCACCGTAAGACGCGTT,OXT_25,TGCATCGCAACAGCAGTT,6
GGAGGAGGTAATCAGGTA,OXT_05,GGCGGACAGACTCTAATG,9
AGCCAACATTCACGTGTG,OXT_05,GGCGGACAGACTCTAATG,9
TGTTCACAGGTCAATCTG,OXT_04,TAGACAGGGCTGACTGTG,9
CTGGCCCGTTCGACTACG,OXT_01,AGGCTGCGTAAGTCTGCT,10
ATAGACAACCCAGCCCTT,OXT_16,ATAAACAGTCTAGCTGTG,7
AAGGACGTGTTACGTTGT,OXT_20,AGGGCCTAGGGATGACGT,9
GCGACGTGCCCATTGTGG,OXT_03,GACTTGGGCTCATGCTGT,9
ACGGGACTCGAACCGTAT,OXT_22,ACGGGACCGCAGATCGAG,9
GCAGCGGATCACTCGTTC,OXT_27,GTAGAATGGGCATCGTCG,11
ACACGGGCAGCGGAGTGT,OXT_18,TAACGGGTTATCCATAAT,11
AACCCCTGCCGTGTGCAT,OXT_10,AAGATGTATCGTGTGCTG,8
GGAGGTAACGTACGGTGC,OXT_20,AGGGCCTAGGGATGACGT,11
GGGTACAAAGCGTGTCAA,OXT_17,AGGAACTACGATCGTGAA,8
AGCTGGGGCAAACAAGGG,OXT_28,AGCGGCGGCGACGGCGAA,9
GGGTGATCGACTATACTG,OXT_05,GGCGGACAGACTCTAATG,6
GTAGAGCGTCTAATTCTG,OXT_16,ATAAACAGTCTAGCTGTG,7
GTGGAAGTCAGCTTTCGG,OXT_26,GGGGCATTCACTGAGCTG,9
ATTAGGGAATCGGCGTAT,OXT_14,TTGAGCGTAACGACAGTG,10
GGTGTCAAGGAAACGGTT,OXT_20,AGGGCCTAGGGATGACGT,10
AGGAGGTGTGAGCTAGCG,OXT_01,AGGCTGCGTAAGTCTGCT,8
ATGGGACGGTGCCATCTC,OXT_02,AGGGGAGCGTGCGGAGGC,8
ATGGCTTACGGTACCGAT,OXT_17,AGGAACTACGATCGTGAA,9
GCACGACCCTACTGCGCT,OXT_19,CCCCCCCCCCCCCCCCCC,10
CAGGACTCCACGCATGTG,OXT_26,GGGGCATTCACTGAGCTG,9
ATTGGATGTTGGCATGGG,OXT_02,AGGGGAGCGTGCGGAGGC,10
GTCAAGTGCGGTCAAGTG,OXT_17,AGGAACTACGATCGTGAA,10
GGGGTGACGAACTGGTTA,OXT_01,AGGCTGCGTAAGTCTGCT,11
ATACTGGTGCTAGCGCCG,OXT_16,ATAAACAGTCTAGCTGTG,9
TAGGCGGAGAGGGGTGTC,OXT_04,TAGACAGGGCTGACTGTG,8
AGCGGGATTCATTCAGGA,OXT_08,GACGGCATTCAGGCACGT,7
AGACGGGACTGTCTGTCG,OXT_09,TGTAGTGCTCGGCTGCCG,9
GACGGATGAGACAGTGTG,OXT_21,GAGCAACGGGTCAGCATT,9
TACCGGATCATGCGGATG,OXT_18,TAACGGGTTATCCATAAT,8
GCATGGGTCATCTGTTAT,OXT_18,TAACGGGTTATCCATAAT,7
AAGGATGTTCCGACTTGG,OXT_23,AAGTAGGGACAGAATACG,8
ATAGGGTACCAGCACTCT,OXT_15,AGGGTATAACGTCCTTTG,11
ACTCGCGGGAGACTCATT,OXT_05,GGCGGACAGACTCTAATG,11
TGGTGACGGGGCAGAGGT,OXT_02,AGGGGAGCGTGCGGAGGC,7
GTGTGAGCGAAACGTGTT,OXT_07,GTGGGTGCATTTGCTGTA,9
GGCACAGTGACGCAGTGT,OXT_26,GGGGCATTCACTGAGCTG,9
ACATGGCGGTATGGGGCG,OXT_22,ACGGGACCGCAGATCGAG,10
TCGGTTACGTTGGGTCTA,OXT_07,GTGGGTGCATTTGCTGTA,8
ATGGTGTCCGATCCAATT,OXT_15,AGGGTATAACGTCCTTTG,9
TGGAAGCGACTATGGTGA,OXT_24,GGGATTCGGTCATGTCCT,10
AACGGGTATACAGCACTT,OXT_08,GACGGCATTCAGGCACGT,8
GGGAACTGTGTGAGAGCG,OXT_17,AGGAACTACGATCGTGAA,9
ACGAGGAATGACATCGGG,OXT_22,ACGGGACCGCAGATCGAG,8
AAGCAGAGTCCGCTGATG,OXT_10,AAGATGTATCGTGTGCTG,8
AGGGCATTCAGTGCGGTA,OXT_26,GGGGCATTCACTGAGCTG,5
GGAGGACATCCTAAACGG,OXT_05,GGCGGACAGACTCTAATG,7
TGGAGCGGGCAACATGTC,OXT_04,TAGACAGGGCTGACTGTG,8
GCAGTGCTATGTGGCTCT,OXT_03,GACTTGGGCTCATGCTGT,10
GCAACATGGCCTGATGTG,OXT_04,TAGACAGGGCTGACTGTG,8
GGCAAACATATCGGACGA,OXT_05,GGCGGACAGACTCTAATG,10
GGTACGTACAGCGGTGCT,OXT_17,AGGAACTACGATCGTGAA,10
GTGACCCATACCGTATGG,OXT_05,GGCGGACAGACTCTAATG,10
TCGTCGACTGGAGTGCTG,OXT_10,AAGATGTATCGTGTGCTG,8
AGGCGGTATCAGCTATCG,OXT_01,AGGCTGCGTAAGTCTGCT,9
GGGCGTGGATCCCTGAGG,OXT_05,GGCGGACAGACTCTAATG,10
GGGAGGATTGCAGGCTGT,OXT_03,GACTTGGGCTCATGCTGT,9
AGCGGGAAACCGAGTACG,OXT_23,AAGTAGGGACAGAATACG,8
GGCACTGGAACATTGTGG,OXT_03,GACTTGGGCTCATGCTGT,9
ACAGCAGTGGTGTCATTA,OXT_12,AATACAGCGGTGTTTCTA,7
ACGACGCACAACTTTGTA,OXT_01,AGGCTGCGTAAGTCTGCT,9
GCTATCGCAACTCCGGTG,OXT_25,TGCATCGCAACAGCAGTT,7
AGCCGACTTCCGAGGTGA,OXT_08,GACGGCATTCAGGCACGT,11
ACGGAATACGTACAGGGA,OXT_17,AGGAACTACGATCGTGAA,8
AGGTGCAGTCAGTCATGG,OXT_08,GACGGCATTCAGGCACGT,8
ACATTCTAGGTGTAGGCT,OXT_20,AGGGCCTAGGGATGACGT,10
TAGCAGTCCATGAATGTG,OXT_04,TAGACAGGGCTGACTGTG,8
TTATGGCTAAAGTAGGAG,OXT_14,TTGAGCGTAACGACAGTG,9
AGGACGATAGCGCCATCG,OXT_14,TTGAGCGTAACGACAGTG,9
GTAGCCATACGTGTGTGG,OXT_08,GACGGCATTCAGGCACGT,10
AGACGGCTATGAGGGCTG,OXT_10,AAGATGTATCGTGTGCTG,10
ACGGCAGGTGACTGAGTG,OXT_02,AGGGGAGCGTGCGGAGGC,9
ACCGGACTAGTTGCGGTG,OXT_07,GTGGGTGCATTTGCTGTA,9
ACCGGTTCCGGTGGGTAA,OXT_28,AGCGGCGGCGACGGCGAA,8
GACAACACGTTGTGCGCT,OXT_03,GACTTGGGCTCATGCTGT,10
GGTAGGCCACCAGTGAAG,OXT_09,TGTAGTGCTCGGCTGCCG,9
GCTGGGCAAATAGTCGGG,OXT_05,GGCGGACAGACTCTAATG,10
TTACACGACGTGACTACT,OXT_18,TAACGGGTTATCCATAAT,10
GAGCCAATAGGTCCAAGG,OXT_15,AGGGTATAACGTCCTTTG,10
AGCAGAGGGTGAGTCGAC,OXT_02,AGGGGAGCGTGCGGAGGC,7
ACAGGAACCAGGGCAGAT,OXT_02,AGGGGAGCGTGCGGAGGC,9
CATGTGCCAAGTACGGAG,OXT_10,AAGATGTATCGTGTGCTG,11
TGTGGGGTTCGACCTCTG,OXT_09,TGTAGTGCTCGGCTGCCG,7
GGGGCCGACATCGACATT,OXT_26,GGGGCATTCACTGAGCTG,8
ACGGACAAGCGACGGTGG,OXT_20,AGGGCCTAGGGATGACGT,8
TTACGGCAGGAGATTGTG,OXT_22,ACGGGACCGCAGATCGAG,9
AGGATCAGTGTTGTAGCG,OXT_16,ATAAACAGTCTAGCTGTG,8
GACACAAGGGCGAAGGAG,OXT_04,TAGACAGGGCTGACTGTG,8
TATGGTGTGCAGGTCGCC,OXT_09,TGTAGTGCTCGGCTGCCG,9
TCGACGTAATTCTTCCGA,OXT_10,AAGATGTATCGTGTGCTG,11
AGGCAGGTTTTGGGCCAA,OXT_28,AGCGGCGGCGACGGCGAA,10
CAGGTATACTCAAGTGCT,OXT_24,GGGATTCGGTCATGTCCT,9
GGGGAGGTAAGGTGCGCC,OXT_01,AGGCTGCGTAAGTCTGCT,10
ACAGGGTATAGCAGACCG,OXT_10,AAGATGTATCGTGTGCTG,10
TAGATGCCGCCGACTGTT,OXT_04,TAGACAGGGCTGACTGTG,6
AGCGATTCAACGTGCAGG,OXT_05,GGCGGACAGACTCTAATG,11
ATACACCGTTATACCGTG,OXT_16,ATAAACAGTCTAGCTGTG,7
TCCATAACCAGATATGTG,OXT_25,TGCATCGCAACAGCAGTT,9
AGCGTCCGCTGCACTGCT,OXT_01,AGGCTGCGTAAGTCTGCT,8
ACCGCAATTGTGCTTCTT,OXT_12,AATACAGCGGTGTTTCTA,8
TGTAGCCGATCCGAGGTT,OXT_25,TGCATCGCAACAGCAGTT,8
TGGGCCAGCTGATCATAT,OXT_20,AGGGCCTAGGGATGACGT,8
GGCAACACGGGAATTTGG,OXT_13,TATTACACTAGTGGATGG,10
GGCACGAGCACTTCAGTT,OXT_25,TGCATCGCAACAGCAGTT,8
AGCTACCATTCTCTTCCT,OXT_05,GGCGGACAGACTCTAATG,10
GAGGGAAAGACTGGACCT,OXT_05,GGCGGACAGACTCTAATG,8
AGTGGTGACAAACAATGT,OXT_20,AGGGCCTAGGGATGACGT,10
TTGAGACAATATGATGCG,OXT_07,GTGGGTGCATTTGCTGTA,9
ACGTACTAGCTCTGGTGC,OXT_20,AGGGCCTAGGGATGACGT,9
GCTACGAAAGGCGGGAGT,OXT_20,AGGGCCTAGGGATGACGT,11
ACTAGCAGGACGCAGACG,OXT_09,TGTAGTGCTCGGCTGCCG,10
ATTAGCGGTACCGGTCGA,OXT_28,AGCGGCGGCGACGGCGAA,9
GCGGGAACCAGACGTGTC,OXT_02,AGGGGAGCGTGCGGAGGC,9
AGCGGACCTGTGTAGCGA,OXT_12,AATACAGCGGTGTTTCTA,9
TAGGGGAGAGCCCAATTG,OXT_14,TTGAGCGTAACGACAGTG,10
ACACTTCAACACACGGAG,OXT_22,ACGGGACCGCAGATCGAG,9
TGAAGACGCTCGAGCCCA,OXT_24,GGGATTCGGTCATGTCCT,9
ACCGGGGCCAACGCTGAA,OXT_28,AGCGGCGGCGACGGCGAA,6
ATGTAGTGTATGCCCGGT,OXT_01,AGGCTGCGTAAGTCTGCT,8
TCGTGGTAGACCGCGGGC,OXT_02,AGGGGAGCGTGCGGAGGC,10
GATCCGGCAAAGTACGGA,OXT_12,AATACAGCGGTGTTTCTA,10
ACGGTACGCTGTTCAGTG,OXT_15,AGGGTATAACGTCCTTTG,8
AGTGGCATGGCGCAGATT,OXT_05,GGCGGACAGACTCTAATG,10
GAACAGAATATGCTTGCG,OXT_18,TAACGGGTTATCCATAAT,9
ATTGACAAGTGCCTGGCG,OXT_02,AGGGGAGCGTGCGGAGGC,11
GGCCACCGATATTGGTCC,OXT_24,GGGATTCGGTCATGTCCT,10
AAGGGACTGCTGGAATAG,OXT_22,ACGGGACCGCAGATCGAG,7
GCTGGGAGATTGACGCAT,OXT_08,GACGGCATTCAGGCACGT,10
GCTGTGCGGAAGTCGATG,OXT_01,AGGCTGCGTAAGTCTGCT,9
AGGTGCCAAGTGATGGTG,OXT_14,TTGAGCGTAACGACAGTG,9
GGGAAGTATTCAAGAACA,OXT_24,GGGATTCGGTCATGTCCT,9
ATGCGCCATGCGAAGGTG,OXT_14,TTGAGCGTAACGACAGTG,8
GGGATGCGTCGAACCGGG,OXT_01,AGGCTGCGTAAGTCTGCT,9
GCCGGGGAATGTTACGCC,OXT_07,GTGGGTGCATTTGCTGTA,10
ACGGAGCTGGCAGTGATT,OXT_21,GAGCAACGGGTCAGCATT,10
ACAGCCGAGTGCGACATG,OXT_02,AGGGGAGCGTGCGGAGGC,10
ACGTCCGACGTGAGATGT,OXT_20,AGGGCCTAGGGATGACGT,8
GGAGCACAATCTTGTAGG,OXT_05,GGCGGACAGACTCTAATG,8
GTGATTCTAGAGTTGGTT,OXT_01,AGGCTGCGTAAGTCTGCT,10
GTACAGTTCAGAGTCTCG,OXT_27,GTAGAATGGGCATCGTCG,9
GTAGGGACTGGTGCCTGA,OXT_07,GTGGGTGCATTTGCTGTA,9
GGCAGTTGATCGGCTGTA,OXT_07,GTGGGTGCATTTGCTGTA,7
AGTTCCGTTGCGCCCGTG,OXT_14,TTGAGCGTAACGACAGTG,9
ACGAACGGAAGACTGTGC,OXT_02,AGGGGAGCGTGCGGAGGC,12
ATGGTAACGTACACCGGG,OXT_22,ACGGGACCGCAGATCGAG,7
GCCGTGAATTCGTTAACG,OXT_05,GGCGGACAGACTCTAATG,9
GGGCCAAGACTGACGAGT,OXT_11,GGGTAAGGGCACAACAGT,8
AATAGCGTGTCCTCCTCT,OXT_03,GACTTGGGCTCATGCTGT,10
TGTGAGCCAGATATACTG,OXT_05,GGCGGACAGACTCTAATG,10
GGTAGATAGCACGGCGCG,OXT_02,AGGGGAGCGTGCGGAGGC,10
ACATTGCGTCAGCCGGTG,OXT_01,AGGCTGCGTAAGTCTGCT,8
GGCTGGTCAAGTATGTGC,OXT_05,GGCGGACAGACTCTAATG,11
ACATGTAGTGCGGATCTG,OXT_16,ATAAACAGTCTAGCTGTG,9
GCAGCGAGAACATGTGCG,OXT_27,GTAGAATGGGCATCGTCG,9
GGACCCGCATCACTGTGT,OXT_03,GACTTGGGCTCATGCTGT,10
CGTGATCATGACGCGTGC,OXT_02,AGGGGAGCGTGCGGAGGC,12
CGGCGGAGGACGTCATTA,OXT_01,AGGCTGCGTAAGTCTGCT,9
TACGACAGCAGTCATGTG,OXT_13,TATTACACTAGTGGATGG,9
GGCGACAAAGAGTTCATA,OXT_05,GGCGGACAGACTCTAATG,10
ACGCGAACAATAACGGCT,OXT_01,AGGCTGCGTAAGTCTGCT,10
GCAGGGCCTCACCACGGT,OXT_22,ACGGGACCGCAGATCGAG,9
GGCCGAAGTTGGGTTAAT,OXT_08,GACGGCATTCAGGCACGT,10
ACGCATTCCGATTGTGTA,OXT_17,AGGAACTACGATCGTGAA,6
ACGCGTGTCCACACAGGT,OXT_02,AGGGGAGCGTGCGGAGGC,10
AGCGGATGCAGGCTGTGA,OXT_05,GGCGGACAGACTCTAATG,10
GCATGCGAAGAGGGAGCG,OXT_14,TTGAGCGTAACGACAGTG,10
ACTGTGAGTAACCTCGGG,OXT_01,AGGCTGCGTAAGTCTGCT,10
AAGCTGAACGACGGGTAT,OXT_10,AAGATGTATCGTGTGCTG,10
GAGGAGGTGAGGAGTTGG,OXT_23,AAGTAGGGACAGAATACG,9
AAGGCGGTGAGACGTAAG,OXT_18,TAACGGGTTATCCATAAT,9
TGTTCAGACAAACCGAGT,OXT_11,GGGTAAGGGCACAACAGT,10
AGCAGAGGTAGCGCGGTG,OXT_02,AGGGGAGCGTGCGGAGGC,9
GCGGTGTGAGGTGATGAG,OXT_15,AGGGTATAACGTCCTTTG,9
ATGGGAGTACACGCGCCT,OXT_08,GACGGCATTCAGGCACGT,9
ACAGGACGAGTTGGGTAG,OXT_22,ACGGGACCGCAGATCGAG,10
CACGGTGCACCACTATGG,OXT_05,GGCGGACAGACTCTAATG,10
ACGATGGACCAACGGCAG,OXT_10,AAGATGTATCGTGTGCTG,8
AGGAACCGGACGAGGTAG,OXT_14,TTGAGCGTAACGACAGTG,10
CATGGTAGCATGGCGGAG,OXT_04,TAGACAGGGCTGACTGTG,11
ACTTAGGATACGACGCAG,OXT_23,AAGTAGGGACAGAATACG,10
GACGGCTAGGCGTGCTAT,OXT_03,GACTTGGGCTCATGCTGT,9
ACGGCCCCTTGCTGTGTG,OXT_02,AGGGGAGCGTGCGGAGGC,9
GAGGGATCGCATGTTACA,OXT_07,GTGGGTGCATTTGCTGTA,9
GGGATAACCTACCGCTGG,OXT_02,AGGGGAGCGTGCGGAGGC,10
AAACCAGGGTATTCGGAG,OXT_04,TAGACAGGGCTGACTGTG,9
GCGCCGGAATGACCAGTG,OXT_07,GTGGGTGCATTTGCTGTA,10
TCACAGAGGGCATAGGCA,OXT_27,GTAGAATGGGCATCGTCG,8
GGGTTCAGCATAATCTCT,OXT_03,GACTTGGGCTCATGCTGT,9
ACATACAGTCAGCACGCT,OXT_16,ATAAACAGTCTAGCTGTG,9
AGGTTAACATCCAGGGAG,OXT_02,AGGGGAGCGTGCGGAGGC,9
AAGCGACCTGTCGCTCGG,OXT_02,AGGGGAGCGTGCGGAGGC,10
GACCGGAGTTCAACACGA,OXT_08,GACGGCATTCAGGCACGT,8
GACGGCACGAGACTGTAG,OXT_05,GGCGGACAGACTCTAATG,9
GGGCATGGCAGGTCAGAG,OXT_01,AGGCTGCGTAAGTCTGCT,9
GAGGGTACAGTCGGATGT,OXT_02,AGGGGAGCGTGCGGAGGC,9
GCTAGTTCCCGTCACTCT,OXT_09,TGTAGTGCTCGGCTGCCG,9
TGGTGGTCATCGCTTTTG,OXT_15,AGGGTATAACGTCCTTTG,9
ACGCACCGACGCTGTCAG,OXT_23,AAGTAGGGACAGAATACG,10
GACGGATGAGTTTCGGCG,OXT_27,GTAGAATGGGCATCGTCG,7
ACGTGTAGTGAGTAGGCA,OXT_01,AGGCTGCGTAAGTCTGCT,9
CGGGTACGTGCACCTACG,OXT_01,AGGCTGCGTAAGTCTGCT,9
ATCGGCGTAGGTGATGCT,OXT_07,GTGGGTGCATTTGCTGTA,9
AAAGCTCAACGTGTCCGG,OXT_10,AAGATGTATCGTGTGCTG,8
AGGACTACCAGACCTGTA,OXT_17,AGGAACTACGATCGTGAA,9
AGGGCTCTCCGCTGTTGG,OXT_15,AGGGTATAACGTCCTTTG,9
GGGTCTAGGTTTATTGTG,OXT_04,TAGACAGGGCTGACTGTG,8
ACCGGGCGTCAGCAAGTA,OXT_22,ACGGGACCGCAGATCGAG,9
ACCGCAGTATGTTCGGCG,OXT_15,AGGGTATAACGTCCTTTG,10
AGGCGTGTGTGAAGACTG,OXT_02,AGGGGAGCGTGCGGAGGC,8
GACGGCAATAGTGTTGTG,OXT_05,GGCGGACAGACTCTAATG,8
GTTGGGGATTAGCGCTTT,OXT_03,GACTTGGGCTCATGCTGT,10
GCTGGACTGTACCAAATG,OXT_05,GGCGGACAGACTCTAATG,7
AGCAGAAGGATGGGTGCG,OXT_04,TAGACAGGGCTGACTGTG,9
ACACCCCTAAGCTGTGTG,OXT_01,AGGCTGCGTAAGTCTGCT,11
GCCTGCATCTCTAGGTGG,OXT_03,GACTTGGGCTCATGCTGT,9
ACCCCAGGGTGCCTACGT,OXT_02,AGGGGAGCGTGCGGAGGC,9
ATGGCCGTGTCACCGTTG,OXT_14,TTGAGCGTAACGACAGTG,9
ACACCCTTCAAGCCACGT,OXT_08,GACGGCATTCAGGCACGT,9
AGACGCTGTGATACTTGT,OXT_01,AGGCTGCGTAAGTCTGCT,9
GGCCCAGCGAAAGGTGTA,OXT_25,TGCATCGCAACAGCAGTT,9
GCTACCAAGGACCTGTTG,OXT_05,GGCGGACAGACTCTAATG,11
GGCCAGAGACTTCGGTTG,OXT_15,AGGGTATAACGTCCTTTG,10
AAGGCGTTAAGAGACTGA,OXT_20,AGGGCCTAGGGATGACGT,10
CGACGTGAGAGCAGGGTG,OXT_02,AGGGGAGCGTGCGGAGGC,10
ACCGTGGGAGTACTCCTG,OXT_03,GACTTGGGCTCATGCTGT,11
TTCGGCTTGCTCGTTCCT,OXT_08,GACGGCATTCAGGCACGT,9
GCGGCCAAAATGGTCAAG,OXT_22,ACGGGACCGCAGATCGAG,10
TACCTGACTGAGTTTGTG,OXT_01,AGGCTGCGTAAGTCTGCT,9
AGGGCTCCGGTAGACTCT,OXT_20,AGGGCCTAGGGATGACGT,9
GCTGGCCATAACTGGATG,OXT_05,GGCGGACAGACTCTAATG,9
GGTATTGGACGTGCCGGG,OXT_07,GTGGGTGCATTTGCTGTA,10
ACGGGAGGTACTTCATTC,OXT_02,AGGGGAGCGTGCGGAGGC,10
GTGGATACGACCCGTGCC,OXT_02,AGGGGAGCGTGCGGAGGC,10
GCCAAGCAGGATCCGGTG,OXT_05,GGCGGACAGACTCTAATG,9
ACAGCTTCGTGGGGTAGT,OXT_02,AGGGGAGCGTGCGGAGGC,9
TGACAAAGGAGTGTGGCG,OXT_13,TATTACACTAGTGGATGG,10
ACACAGGTACCGTATGTG,OXT_23,AAGTAGGGACAGAATACG,8
GTGTAGAATTCATTGGCT,OXT_03,GACTTGGGCTCATGCTGT,10
AAGCTAAGGCTGGCCATG,OXT_04,TAGACAGGGCTGACTGTG,7
GCGGTCACGCTTTCTACA,OXT_07,GTGGGTGCATTTGCTGTA,9
AGCACAACAAACGGTGCG,OXT_02,AGGGGAGCGTGCGGAGGC,10
GTGTTCACGTCCATACGG,OXT_02,AGGGGAGCGTGCGGAGGC,11
TGACACCGGCACACGTGG,OXT_11,GGGTAAGGGCACAACAGT,9
AACCGGGTTGTCCTAGTG,OXT_18,TAACGGGTTATCCATAAT,8
GGGAGACACCTTCCTCGT,OXT_15,AGGGTATAACGTCCTTTG,9
ACTCCGGTGCTAACCGAT,OXT_04,TAGACAGGGCTGACTGTG,10
GACGTATCGCTCTCGGTG,OXT_04,TAGACAGGGCTGACTGTG,9
ACGGTGGTACAAAACTCA,OXT_23,AAGTAGGGACAGAATACG,8
ACGGATGGACATCAGTGA,OXT_23,AAGTAGGGACAGAATACG,9
GCGGGCAGCTGGGGACTC,OXT_02,AGGGGAGCGTGCGGAGGC,9
GGCAGGGACGTGGACAAG,OXT_28,AGCGGCGGCGACGGCGAA,9
TGCTGTGGGGTTCAACGA,OXT_05,GGCGGACAGACTCTAATG,11
GCATGAGCGCCACGTCCG,OXT_09,TGTAGTGCTCGGCTGCCG,10
GCACCGTCCAGACCGATG,OXT_26,GGGGCATTCACTGAGCTG,10
ACGAGGGTAAGCGCTCTG,OXT_14,TTGAGCGTAACGACAGTG,8
ACTCGCGTTAGCCTAAGG,OXT_18,TAACGGGTTATCCATAAT,9
GACCATGGGACTCTGCTG,OXT_05,GGCGGACAGACTCTAATG,8
AACATCAGTTGGAGAGTG,OXT_16,ATAAACAGTCTAGCTGTG,9
ATGGCGACGTGAATCGAT,OXT_22,ACGGGACCGCAGATCGAG,8
ACGGATGAAGTCACGTTG,OXT_15,AGGGTATAACGTCCTTTG,9
GACCGGAATGATGTTCAG,OXT_08,GACGGCATTCAGGCACGT,9
AGACGTAGGACTCGGTTG,OXT_05,GGCGGACAGACTCTAATG,9
AGGCATCGTAAGGTGTTG,OXT_01,AGGCTGCGTAAGTCTGCT,8
GGAGGTGAGTGATCCGTT,OXT_07,GTGGGTGCATTTGCTGTA,9
GTACGTATCGACGGCGCA,OXT_28,AGCGGCGGCGACGGCGAA,8
AGGGTCACTCCTAACCAT,OXT_22,ACGGGACCGCAGATCGAG,10
TCGTGGACACTCGCGTCT,OXT_07,GTGGGTGCATTTGCTGTA,11
TGGTGAAGCATGACGAGT,OXT_11,GGGTAAGGGCACAACAGT,9
GTGCGTATTCGCGGTGCT,OXT_07,GTGGGTGCATTTGCTGTA,10
ATGGGGAGACCTTCTACG,OXT_23,AAGTAGGGACAGAATACG,8
CGAACGGGATGATAGAAA,OXT_03,GACTTGGGCTCATGCTGT,12
TGCGGCAGGAGGCTGATG,OXT_05,GGCGGACAGACTCTAATG,7
AGGGTAGCACATCTCCCG,OXT_15,AGGGTATAACGTCCTTTG,7
ACGGGTTAGAATTCACGT,OXT_20,AGGGCCTAGGGATGACGT,7
GTCAATTATCGGGCTCAT,OXT_08,GACGGCATTCAGGCACGT,9
TACGTAGCGCATACTGTG,OXT_04,TAGACAGGGCTGACTGTG,6
ACAGGCTGAGGACATGTG,OXT_15,AGGGTATAACGTCCTTTG,9
ACGGCATGCCCGACGTTA,OXT_04,TAGACAGGGCTGACTGTG,9
GCTACGGTAATGGTGAGT,OXT_12,AATACAGCGGTGTTTCTA,11
TGGTGGCAAACGATCAAG,OXT_05,GGCGGACAGACTCTAATG,9
TATGCGGTGTTCATCGTT,OXT_04,TAGACAGGGCTGACTGTG,9
AATCGGGATGTTAAGTGG,OXT_10,AAGATGTATCGTGTGCTG,10
AGGCGTCTGTCCCAGGTG,OXT_02,AGGGGAGCGTGCGGAGGC,10
AACGAGTGCACGGTTACA,OXT_23,AAGTAGGGACAGAATACG,9
AGGTACAAGACGAGGGCG,OXT_14,TTGAGCGTAACGACAGTG,10
TCAGGACCCCAGCGTGTC,OXT_22,ACGGGACCGCAGATCGAG,8
ACGCAGGGACAGGCATTC,OXT_23,AAGTAGGGACAGAATACG,8
TAACGCGCTCCCGTAGGT,OXT_08,GACGGCATTCAGGCACGT,9
ACAGCAGGAATGTGTGCT,OXT_01,AGGCTGCGTAAGTCTGCT,9
CGCGGGGCACGACGTATT,OXT_15,AGGGTATAACGTCCTTTG,10
ACGGGCAGACAGACCGGA,OXT_22,ACGGGACCGCAGATCGAG,7
AATGCACGGACTAGGTGT,OXT_21,GAGCAACGGGTCAGCATT,10
GTGGGACAGACGTTATCC,OXT_05,GGCGGACAGACTCTAATG,7
TTAGGTGTGGCCAGACTG,OXT_14,TTGAGCGTAACGACAGTG,8
CTGACGCGTGTCTCCTTG,OXT_04,TAGACAGGGCTGACTGTG,10
TACAATGTGGGCTTTGCT,OXT_12,AATACAGCGGTGTTTCTA,10
AGGGACGCGTAGAGGTAG,OXT_22,ACGGGACCGCAGATCGAG,8
ATGCAGGATGTCGGCGCA,OXT_28,AGCGGCGGCGACGGCGAA,9
AAAGGGCTGTACATTGCT,OXT_22,ACGGGACCGCAGATCGAG,9
AGCTAGCGACGCGGGCAG,OXT_10,AAGATGTATCGTGTGCTG,10
GCCGTGGGTATTCGGGAG,OXT_03,GACTTGGGCTCATGCTGT,11
TAAGGGTTCGAGCCAAGG,OXT_08,GACGGCATTCAGGCACGT,9
ATGGACATGTGCAGACGC,OXT_02,AGGGGAGCGTGCGGAGGC,7
ATGGGAGTAGGTCAAGCC,OXT_02,AGGGGAGCGTGCGGAGGC,8
TGGGACGGGACAATATCG,OXT_14,TTGAGCGTAACGACAGTG,9
CAGGATGCGGAGATGGAG,OXT_22,ACGGGACCGCAGATCGAG,7
GGGCTAATCTACCCTGTG,OXT_15,AGGGTATAACGTCCTTTG,9
ACAGGCGGTGGAGAATTG,OXT_16,ATAAACAGTCTAGCTGTG,9
AAGCACAAGGTACGTGTG,OXT_16,ATAAACAGTCTAGCTGTG,8
CGGCGTACATCCGTATGA,OXT_02,AGGGGAGCGTGCGGAGGC,9
GCTCAACTTTTAGGTGTG,OXT_16,ATAAACAGTCTAGCTGTG,9
ATGGACGGATTGGGCCTA,OXT_07,GTGGGTGCATTTGCTGTA,8
GAGCGGATTCAGGTGGAA,OXT_08,GACGGCATTCAGGCACGT,8
ACGAACAGTGTTGAGGCT,OXT_16,ATAAACAGTCTAGCTGTG,8
ACAGCTTGCAAGATTGTG,OXT_22,ACGGGACCGCAGATCGAG,9
AGCCCCTGGTGGACAAGG,OXT_20,AGGGCCTAGGGATGACGT,9
GCATGAGCATTGCGGGCT,OXT_07,GTGGGTGCATTTGCTGTA,10
GCACGTGATACTGGAATA,OXT_05,GGCGGACAGACTCTAATG,9
AGGAGCTACACGAATGGG,OXT_14,TTGAGCGTAACGACAGTG,8
AACGGCATAGATCAGTGT,OXT_08,GACGGCATTCAGGCACGT,8
GGGAGGCGGCACGTTGTA,OXT_01,AGGCTGCGTAAGTCTGCT,10
CGTGGGAATGGGACGCGC,OXT_08,GACGGCATTCAGGCACGT,10
AGCAAGCATAAGACGCTG,OXT_01,AGGCTGCGTAAGTCTGCT,9
ACGAGGCTGGTCAGATGG,OXT_02,AGGGGAGCGTGCGGAGGC,10
AACATCATGTGGGATCGT,OXT_08,GACGGCATTCAGGCACGT,8
CGCGGTGGCAGGTTTAGC,OXT_02,AGGGGAGCGTGCGGAGGC,11
AACTTCGAGCGGTAAGGA,OXT_20,AGGGCCTAGGGATGACGT,10
GAGCGGGTATTGCCATCG,OXT_14,TTGAGCGTAACGACAGTG,9
GTCGTTTGGGAAGCTTAC,OXT_27,GTAGAATGGGCATCGTCG,8
AACGGCTTAGACCAGTGG,OXT_08,GACGGCATTCAGGCACGT,10
GATGATGAGATGTGGCCT,OXT_12,AATACAGCGGTGTTTCTA,10
ACATGTGAAGACTGGTTG,OXT_28,AGCGGCGGCGACGGCGAA,11
CAAGGGCGCTTTAACCAT,OXT_18,TAACGGGTTATCCATAAT,10
GCAAGTGGAAACGCTACG,OXT_07,GTGGGTGCATTTGCTGTA,10
TAGTGCGTCCTCATGCAG,OXT_04,TAGACAGGGCTGACTGTG,10
TGGTGTGCCACATCCGTG,OXT_14,TTGAGCGTAACGACAGTG,8
ACCGATACACTGCCGGTG,OXT_16,ATAAACAGTCTAGCTGTG,9
GCTAGGGTGACTATTCGT,OXT_05,GGCGGACAGACTCTAATG,11
TCAGTGACAATGGGACCG,OXT_13,TATTACACTAGTGGATGG,10
TACGGCAGGATCTACACG,OXT_06,ATCATCATCATCATCATC,10
ACGTGTTGTTAGGGCTGA,OXT_28,AGCGGCGGCGACGGCGAA,10
ATGGTGTGAGTACAGCAT,OXT_20,AGGGCCTAGGGATGACGT,10
GTGGACGAGTCGTGTTCC,OXT_24,GGGATTCGGTCATGTCCT,9
GGTGCACGGAGTTCGTCA,OXT_27,GTAGAATGGGCATCGTCG,8
AGGTCTAGGCACTCGGCG,OXT_01,AGGCTGCGTAAGTCTGCT,9
TCAATGGGTCAGCACCGT,OXT_09,TGTAGTGCTCGGCTGCCG,10
AAGTCATGACTCATTGTG,OXT_04,TAGACAGGGCTGACTGTG,6
GGGGACCGCCTTGGTACA,OXT_17,AGGAACTACGATCGTGAA,9
GTAGAGGTACTATCTGTG,OXT_16,ATAAACAGTCTAGCTGTG,7
ACGCCATACGAACCGCCT,OXT_20,AGGGCCTAGGGATGACGT,9
GACGTCATACATGCGTTG,OXT_08,GACGGCATTCAGGCACGT,7
CAAGACGACATACGTTCA,OXT_17,AGGAACTACGATCGTGAA,10
TATGGCACGACGCGGAGT,OXT_13,TATTACACTAGTGGATGG,9
CACGGTGGAAGGCGAAGT,OXT_08,GACGGCATTCAGGCACGT,10
GCGGATAATCAGGAGGCT,OXT_08,GACGGCATTCAGGCACGT,9
ACGGCTGGACTACTTGTG,OXT_04,TAGACAGGGCTGACTGTG,8
GGTAGAGGCGCGAACGTA,OXT_28,AGCGGCGGCGACGGCGAA,9
AGGATGCCCGTTATCGCT,OXT_01,AGGCTGCGTAAGTCTGCT,9
AACAGTCAAGCCGGACGG,OXT_02,AGGGGAGCGTGCGGAGGC,11
GGGGCTCGTATGCCTATG,OXT_01,AGGCTGCGTAAGTCTGCT,9
GAGGCAAGACGTCCGGTG,OXT_15,AGGGTATAACGTCCTTTG,7
CGGGGCCAGTCGGATGAT,OXT_02,AGGGGAGCGTGCGGAGGC,10
ACGGTAGGATGTGTTCGT,OXT_02,AGGGGAGCGTGCGGAGGC,9
AGGATAGTCGTCGCCCCT,OXT_06,ATCATCATCATCATCATC,10
GAGGGACGTTAGACTCTG,OXT_04,TAGACAGGGCTGACTGTG,8
CGGGTATAGATGACGCGG,OXT_15,AGGGTATAACGTCCTTTG,9
TCGTGTCTCGATTAGGTT,OXT_26,GGGGCATTCACTGAGCTG,11
GACCTATAGCGCGCGTTG,OXT_10,AAGATGTATCGTGTGCTG,8
ACGGTGTAAGCGACGATG,OXT_15,AGGGTATAACGTCCTTTG,8
GGCACAGAGGAGACGTAG,OXT_04,TAGACAGGGCTGACTGTG,9
TACGGCCTGTTACTGTGT,OXT_08,GACGGCATTCAGGCACGT,10
ACGTGCAAGCAGAAGTGC,OXT_22,ACGGGACCGCAGATCGAG,9
AGCGGCCCGAGCTGTGAG,OXT_02,AGGGGAGCGTGCGGAGGC,8
ATGACGCTGTACTCCCCT,OXT_01,AGGCTGCGTAAGTCTGCT,9
ATGGGGAACCCCTTCTCT,OXT_03,GACTTGGGCTCATGCTGT,11
GAGGAGGCACCGAGGGCA,OXT_23,AAGTAGGGACAGAATACG,8
GGGGACAGGACCATCGAC,OXT_11,GGGTAAGGGCACAACAGT,9
AGGTGAGGCACAGTCTGT,OXT_03,GACTTGGGCTCATGCTGT,8
TGGTGTTCACACAATGCT,OXT_11,GGGTAAGGGCACAACAGT,9
GTGGAGGATGGACCCGAG,OXT_27,GTAGAATGGGCATCGTCG,10
CATAGGCAGACGTGTTCC,OXT_24,GGGATTCGGTCATGTCCT,10
TCTGTGATCGTTCACTGA,OXT_03,GACTTGGGCTCATGCTGT,12
TAGCAGCCTTCAACGGTG,OXT_04,TAGACAGGGCTGACTGTG,10
GGCAGCAAAGATGCAGTG,OXT_25,TGCATCGCAACAGCAGTT,8
GCAGCGCGGTATTCTGAA,OXT_01,AGGCTGCGTAAGTCTGCT,10
AGAGGACGTATAGGGCAG,OXT_16,ATAAACAGTCTAGCTGTG,10
ACGGATCGGACTGGGTCG,OXT_27,GTAGAATGGGCATCGTCG,9
TTGGCAGGATGGCCATTG,OXT_04,TAGACAGGGCTGACTGTG,8
TGTGGGACTCATGCAGTG,OXT_08,GACGGCATTCAGGCACGT,9
GCAGGCAACGTTCCTGGT,OXT_07,GTGGGTGCATTTGCTGTA,10
AACACGGCAACAGTGTGA,OXT_25,TGCATCGCAACAGCAGTT,9
ACGGTGCTACACCTCATG,OXT_22,ACGGGACCGCAGATCGAG,8
GGTCCGAGTGTGAGTAGT,OXT_21,GAGCAACGGGTCAGCATT,9
ATTGCTACTCTTCCGATA,OXT_07,GTGGGTGCATTTGCTGTA,9
AACATACTGGCAGTGCTC,OXT_10,AAGATGTATCGTGTGCTG,9
ACACCAGGTGGAGTACCG,OXT_09,TGTAGTGCTCGGCTGCCG,11
GTTACTAGAGGTGACGTA,OXT_07,GTGGGTGCATTTGCTGTA,9
AGGTAAGCGGTCTTTGCG,OXT_12,AATACAGCGGTGTTTCTA,8
TGCCGAGGAATCCCATGG,OXT_05,GGCGGACAGACTCTAATG,10
ATCCGGAGGCACGGGAGT,OXT_08,GACGGCATTCAGGCACGT,10
TTACCGGTGTGTAATTCG,OXT_18,TAACGGGTTATCCATAAT,10
AGGATCTGGACGAGGCGA,OXT_20,AGGGCCTAGGGATGACGT,9
GGGCCTTGTAACATGATG,OXT_26,GGGGCATTCACTGAGCTG,9
AGTAGCGGCGGCATCAAC,OXT_28,AGCGGCGGCGACGGCGAA,7
GGAGTATGGGTAGGTAGG,OXT_27,GTAGAATGGGCATCGTCG,8
AGGGTTCCAATCTGCTCG,OXT_01,AGGCTGCGTAAGTCTGCT,10
CAGGGAGTGCACTGTTAT,OXT_02,AGGGGAGCGTGCGGAGGC,10
ACACAAACGCACGTGATG,OXT_22,ACGGGACCGCAGATCGAG,9
GATACGTTCAGATTTGTG,OXT_10,AAGATGTATCGTGTGCTG,10
TCAGGTCATCCATGAGTG,OXT_05,GGCGGACAGACTCTAATG,10
GTAGTAAGAACTGGAGTT,OXT_25,TGCATCGCAACAGCAGTT,9
ATCGGACACCAGAGTGTG,OXT_22,ACGGGACCGCAGATCGAG,7
AGCCGAAGTTAGACGCTG,OXT_01,AGGCTGCGTAAGTCTGCT,10
AAGTAGAGTGCTCGTATG,OXT_23,AAGTAGGGACAGAATACG,8
GCGGGCAGCCTGGATAAT,OXT_08,GACGGCATTCAGGCACGT,9
GATTCTATCGGTGACGAT,OXT_13,TATTACACTAGTGGATGG,11
ACTTTGAGCGGTGGTTAG,OXT_13,TATTACACTAGTGGATGG,9
GTGGTAGACCAGCGCGAT,OXT_22,ACGGGACCGCAGATCGAG,9
GACCGGGCAGTCTACTCG,OXT_03,GACTTGGGCTCATGCTGT,10
ACACTCGTTGATGGGATA,OXT_28,AGCGGCGGCGACGGCGAA,10
CTGTAGCCGGTTGCCTCG,OXT_27,GTAGAATGGGCATCGTCG,10
ACACTGATTGTCCAGGTG,OXT_18,TAACGGGTTATCCATAAT,9
GCTACGCATGTGGACTCA,OXT_12,AATACAGCGGTGTTTCTA,11
GCGGGATATGACGCTGAA,OXT_07,GTGGGTGCATTTGCTGTA,9
CGGGGCGCACCGTACTAA,OXT_22,ACGGGACCGCAGATCGAG,10
GGGTAAGCGATATCGGAG,OXT_27,GTAGAATGGGCATCGTCG,9
CAGTGGTGTGAAGGTGCG,OXT_23,AAGTAGGGACAGAATACG,9
AGCAGCGGGAATGGGCGT,OXT_28,AGCGGCGGCGACGGCGAA,8
ACGGCAGAGATAGTGTGC,OXT_02,AGGGGAGCGTGCGGAGGC,9
ATGGCAGTGACGTAGGAT,OXT_26,GGGGCATTCACTGAGCTG,9
ATGGGTCGAGAGAAGGTG,OXT_22,ACGGGACCGCAGATCGAG,8
TAGGTCTCGTCTAATGGA,OXT_07,GTGGGTGCATTTGCTGTA,10
GCCGGGCGCAGTGTATGG,OXT_05,GGCGGACAGACTCTAATG,8
GGGACCTTGGTATGATGA,OXT_20,AGGGCCTAGGGATGACGT,6
GGTGGGACACAGACTATT,OXT_08,GACGGCATTCAGGCACGT,9
ACCTCACGAGGGGTAGGC,OXT_02,AGGGGAGCGTGCGGAGGC,10
AGCCGTGCGAAGGATGTG,OXT_01,AGGCTGCGTAAGTCTGCT,10
AGGCGTTCAACAATCATG,OXT_05,GGCGGACAGACTCTAATG,10
ACCTTGGGGAGAACGGTC,OXT_25,TGCATCGCAACAGCAGTT,10
GCAGTCAGGATATCGGAT,OXT_27,GTAGAATGGGCATCGTCG,9
GTAGGCGGCCTGACACTA,OXT_07,GTGGGTGCATTTGCTGTA,9
GAGGATACTCTGAAGGCT,OXT_08,GACGGCATTCAGGCACGT,10
AGCACGATCAGTGCGGTG,OXT_26,GGGGCATTCACTGAGCTG,8
CATGTGTGGGTCGATGTT,OXT_21,GAGCAACGGGTCAGCATT,10
ATGGGCCTTGAATATGCT,OXT_01,AGGCTGCGTAAGTCTGCT,8
GCTGGGATTGACTGAGCG,OXT_08,GACGGCATTCAGGCACGT,10
ACGGAAACTCACGGCAGG,OXT_22,ACGGGACCGCAGATCGAG,8
GGGGAAACTGACGCATCG,OXT_27,GTAGAATGGGCATCGTCG,9
GGGAGATGGGTGAGGCCG,OXT_04,TAGACAGGGCTGACTGTG,9
AGAGTTCATGTAGCCGTC,OXT_16,ATAAACAGTCTAGCTGTG,9
GGGTACACTTTAAGCACG,OXT_11,GGGTAAGGGCACAACAGT,10
ATAGGGCTGACACCGTTA,OXT_27,GTAGAATGGGCATCGTCG,9
TACGGGACACACGCTGTA,OXT_07,GTGGGTGCATTTGCTGTA,8
ACAGACGTGTTCATGTGC,OXT_02,AGGGGAGCGTGCGGAGGC,10
GAGGCGACAATGAATGGA,OXT_07,GTGGGTGCATTTGCTGTA,9
CAATACTCGTACCGTGTG,OXT_17,AGGAACTACGATCGTGAA,10
TCCACGGTGTAATAGGTG,OXT_04,TAGACAGGGCTGACTGTG,10
GATCAGAGGTGTGCGGAG,OXT_13,TATTACACTAGTGGATGG,10
TGAAGGCGCCCGTTTTGT,OXT_01,AGGCTGCGTAAGTCTGCT,10
GCGATCCGGAGTGGCGAT,OXT_24,GGGATTCGGTCATGTCCT,9
CGCTCAAAACGGACATGT,OXT_08,GACGGCATTCAGGCACGT,10
ATGAGCTATCCAGATGGT,OXT_16,ATAAACAGTCTAGCTGTG,8
GGTACGGGTTCAACGGCG,OXT_04,TAGACAGGGCTGACTGTG,10
GCAGGAAATGGAGTCGCG,OXT_22,ACGGGACCGCAGATCGAG,10
ACGGGGACAGCACGTGAA,OXT_17,AGGAACTACGATCGTGAA,9
AGGCCTGGAAACTGGGCG,OXT_01,AGGCTGCGTAAGTCTGCT,8
GGGGCTATAACATCGGTT,OXT_26,GGGGCATTCACTGAGCTG,8
ACAACGCATACGATAAGA,OXT_05,GGCGGACAGACTCTAATG,11
TTACCGGAACAGTGATGG,OXT_14,TTGAGCGTAACGACAGTG,11
TGGACAGGTACTGTTGCT,OXT_01,AGGCTGCGTAAGTCTGCT,9
AACCAGGACAGCATCGAG,OXT_06,ATCATCATCATCATCATC,10
ATGACCGTGGACTGCGCA,OXT_28,AGCGGCGGCGACGGCGAA,8
GCGATTGTCCATGAAGTG,OXT_26,GGGGCATTCACTGAGCTG,9
TCGTGGGAAGTACGATCG,OXT_14,TTGAGCGTAACGACAGTG,11
AAGGGTAGCGCCAATATG,OXT_23,AAGTAGGGACAGAATACG,9
GTAGCGAGGTGTTCAGAG,OXT_27,GTAGAATGGGCATCGTCG,9
GGGGCACCTATGTAACGT,OXT_20,AGGGCCTAGGGATGACGT,9
CTATGGGTTCGACCGGTG,OXT_16,ATAAACAGTCTAGCTGTG,9
AACGGGCCAACAATGACA,OXT_05,GGCGGACAGACTCTAATG,10
TAGTATGGGTACGCGGCA,OXT_04,TAGACAGGGCTGACTGTG,10
AACACAGGGCGTTGCTCT,OXT_03,GACTTGGGCTCATGCTGT,9
ATGGCGGTATATCCTGTG,OXT_07,GTGGGTGCATTTGCTGTA,7
ACGGCACACTTCACCGGA,OXT_22,ACGGGACCGCAGATCGAG,9
TAGCGGGAGACTGAGGGG,OXT_10,AAGATGTATCGTGTGCTG,10
GCAGTCAGTGGACCAGTT,OXT_16,ATAAACAGTCTAGCTGTG,9
ATGTCCGGTGCCAGTGCT,OXT_01,AGGCTGCGTAAGTCTGCT,10
GGCATGTCGTGGCCACCT,OXT_24,GGGATTCGGTCATGTCCT,9
AGGCGAAGGGTGTGCCGG,OXT_20,AGGGCCTAGGGATGACGT,9
CTGCGAATGAGAGCGGTG,OXT_14,TTGAGCGTAACGACAGTG,9
ATGCACAGGTCTAGTGGT,OXT_16,ATAAACAGTCTAGCTGTG,10
ACAGCCCCATATTCCGCT,OXT_01,AGGCTGCGTAAGTCTGCT,10
AAGGGACAATCTGCTGTG,OXT_07,GTGGGTGCATTTGCTGTA,7
ATGACGTTCGGGCATGCT,OXT_17,AGGAACTACGATCGTGAA,9
TCTAGCGACGCATGCGAT,OXT_28,AGCGGCGGCGACGGCGAA,9
AGGCCGTTCGATAGCGTG,OXT_17,AGGAACTACGATCGTGAA,8
ATGACCTATAGGATGTGC,OXT_10,AAGATGTATCGTGTGCTG,9
ACTTGCGATCATGGTGCT,OXT_17,AGGAACTACGATCGTGAA,10
CAAGCGGATGACGGCAGA,OXT_28,AGCGGCGGCGACGGCGAA,9
AGGGATTGTAACGGCGCG,OXT_28,AGCGGCGGCGACGGCGAA,8
GCACTGACCCAGTGTGGG,OXT_01,AGGCTGCGTAAGTCTGCT,10
AGGCGCATTGTGAACGTG,OXT_14,TTGAGCGTAACGACAGTG,9
CGTGGTAAACGGATGCGT,OXT_09,TGTAGTGCTCGGCTGCCG,8
AGGGCCAGAACGGTCCGA,OXT_20,AGGGCCTAGGGATGACGT,10
ATTGATGCGTGACTGTTG,OXT_09,TGTAGTGCTCGGCTGCCG,9
ACACCACACTACCTTCCT,OXT_19,CCCCCCCCCCCCCCCCCC,9
ACGAGAATTGACGCGAGT,OXT_08,GACGGCATTCAGGCACGT,9
ACGGGGTCATCCGAGTGC,OXT_02,AGGGGAGCGTGCGGAGGC,8
CGTGCCGTGAGACATGTT,OXT_20,AGGGCCTAGGGATGACGT,10
GACGTGAGACCGACGGCG,OXT_23,AAGTAGGGACAGAATACG,9
ATACGGGACAAGCGTGTA,OXT_17,AGGAACTACGATCGTGAA,9
AACAAGGGTATTCGTTAG,OXT_18,TAACGGGTTATCCATAAT,9
AACACGTCCTGGGTTGGT,OXT_10,AAGATGTATCGTGTGCTG,10
TGCTGGTTGGAGGAGCCT,OXT_08,GACGGCATTCAGGCACGT,10
GAACACTGTAACGTGCTG,OXT_10,AAGATGTATCGTGTGCTG,9
ATCGGACGAGAGCAGCTG,OXT_05,GGCGGACAGACTCTAATG,10
TGGCAATCAAGCGCGGTG,OXT_15,AGGGTATAACGTCCTTTG,9
GGAACTGGAAAGCCGTGC,OXT_09,TGTAGTGCTCGGCTGCCG,11
AAGGACAGTACGTCAGTG,OXT_14,TTGAGCGTAACGACAGTG,8
GCAGTTGCTGCGGACTCG,OXT_27,GTAGAATGGGCATCGTCG,10
ACGAGATAGGCACGACTT,OXT_20,AGGGCCTAGGGATGACGT,7
GGCACGAGATCTCTGCGT,OXT_03,GACTTGGGCTCATGCTGT,10
TACAGATCGGTGTTAGCG,OXT_12,AATACAGCGGTGTTTCTA,8
ATGATATGCATTGCGTTG,OXT_10,AAGATGTATCGTGTGCTG,8
ATGCCGCCTACCGAGGAG,OXT_01,AGGCTGCGTAAGTCTGCT,10
GGGACAGAGCACGGACCT,OXT_11,GGGTAAGGGCACAACAGT,8
ACGAGGGCCGAGGCACGT,OXT_08,GACGGCATTCAGGCACGT,9
AAGCCGAGAGACGTTTGC,OXT_23,AAGTAGGGACAGAATACG,10
GGGGGAACTAACTTGTAT,OXT_22,ACGGGACCGCAGATCGAG,10
GCGTGGAAAAGCCCCGAT,OXT_18,TAACGGGTTATCCATAAT,11
GGGCAGATACACTCATAT,OXT_01,AGGCTGCGTAAGTCTGCT,10
GGTCGACAGTCATTAAGA,OXT_05,GGCGGACAGACTCTAATG,7
GGGCGAGAAGTGACTGGT,OXT_04,TAGACAGGGCTGACTGTG,9
GGGGTGAAGACGGGTTGC,OXT_02,AGGGGAGCGTGCGGAGGC,10
CGTGAGCAAGCAGACGCG,OXT_27,GTAGAATGGGCATCGTCG,11
TTGACCAGGGCCCGCTAA,OXT_17,AGGAACTACGATCGTGAA,10
AAGGGCGTTAGGCGGCGA,OXT_08,GACGGCATTCAGGCACGT,9
ACACGGCATAAGTCTTCG,OXT_01,AGGCTGCGTAAGTCTGCT,6
GCGCCCTGGAAGATGGTT,OXT_01,AGGCTGCGTAAGTCTGCT,10
ATGGGTAGCCAAACCCCG,OXT_22,ACGGGACCGCAGATCGAG,9
ATGAGGTGATGTATCTAG,OXT_10,AAGATGTATCGTGTGCTG,9
GACCCGGAGGCGACGTCA,OXT_27,GTAGAATGGGCATCGTCG,10
GGACCAATGTGTGTGCAC,OXT_26,GGGGCATTCACTGAGCTG,9
GATGGAGTAGTGTGTGAA,OXT_12,AATACAGCGGTGTTTCTA,8
GTACCGGGTAAGCCAAGT,OXT_01,AGGCTGCGTAAGTCTGCT,9
TGCCGCACTCATCGGTGT,OXT_08,GACGGCATTCAGGCACGT,9
GCACACGGGTTCTGGCCG,OXT_27,GTAGAATGGGCATCGTCG,9
AGTCATTATGAAGCCGCT,OXT_01,AGGCTGCGTAAGTCTGCT,9
ATGCCACCTCGTATTGGT,OXT_22,ACGGGACCGCAGATCGAG,9
GTGGTGCAACCTAACAGT,OXT_11,GGGTAAGGGCACAACAGT,9
GGTGCCCAGATCTTATCG,OXT_05,GGCGGACAGACTCTAATG,8
AACACATAGCTGCGGAGG,OXT_04,TAGACAGGGCTGACTGTG,9
AAGAGGCATGGTGTAGCA,OXT_10,AAGATGTATCGTGTGCTG,7
ATGCTGAGACGTTCGGCG,OXT_01,AGGCTGCGTAAGTCTGCT,8
AGCGGGAACAACTGTCGA,OXT_28,AGCGGCGGCGACGGCGAA,8
AAGGTCTGTGGACATGTA,OXT_15,AGGGTATAACGTCCTTTG,9
ATACGCACACGATCCGAT,OXT_16,ATAAACAGTCTAGCTGTG,9
GGTGCGCAGGAGAGGATA,OXT_05,GGCGGACAGACTCTAATG,10
CGTGTGGCATCTCCTGTT,OXT_07,GTGGGTGCATTTGCTGTA,8
GGAAGAGAGGGAAGTAGT,OXT_11,GGGTAAGGGCACAACAGT,9
GGGAGGGGAACGCCCAAG,OXT_14,TTGAGCGTAACGACAGTG,8
GCTCTTGGAACCGTAGTA,OXT_25,TGCATCGCAACAGCAGTT,9
GATGGCTGTCATTTGGGT,OXT_08,GACGGCATTCAGGCACGT,8
GTGTGCGGACCTAAACGG,OXT_14,TTGAGCGTAACGACAGTG,8
CGAAGGGCAGGTAGAACT,OXT_02,AGGGGAGCGTGCGGAGGC,11
AGGAGGTACATGGTAATG,OXT_10,AAGATGTATCGTGTGCTG,8
TAGCTCCGACCTTGATCG,OXT_13,TATTACACTAGTGGATGG,10
GTGGGATAGGGGGCCCAT,OXT_20,AGGGCCTAGGGATGACGT,9
AAGGGAATGGCAGTGGCG,OXT_22,ACGGGACCGCAGATCGAG,9
GTAGTGCGGTGACGTACT,OXT_24,GGGATTCGGTCATGTCCT,7
AGGGGCTCATAGACGACA,OXT_07,GTGGGTGCATTTGCTGTA,10
GGCTTGAGGGTGGCATGA,OXT_03,GACTTGGGCTCATGCTGT,10
ATGCGGCTTTGGGAAACT,OXT_01,AGGCTGCGTAAGTCTGCT,9
TGCATCATGGACGGCTAG,OXT_28,AGCGGCGGCGACGGCGAA,8
TTAGCTGTAACATCGTGC,OXT_27,GTAGAATGGGCATCGTCG,9
GAGGTGCACCCAATAGCG,OXT_05,GGCGGACAGACTCTAATG,10
GATACAACTGTACTCGCG,OXT_12,AATACAGCGGTGTTTCTA,9
GGCATTACTGCCAAGTCG,OXT_09,TGTAGTGCTCGGCTGCCG,10
AAGGTCGATGTGATGCAG,OXT_10,AAGATGTATCGTGTGCTG,8
AGGCTGAAGAAAGGGTGT,OXT_01,AGGCTGCGTAAGTCTGCT,9
AGGCACCGTATTGCCGAT,OXT_01,AGGCTGCGTAAGTCTGCT,7
ACGAGGATATTAGGGCAA,OXT_07,GTGGGTGCATTTGCTGTA,11
GGGGCCTTACAGACATAC,OXT_08,GACGGCATTCAGGCACGT,9
AATAGCCGACCTGGTGCT,OXT_16,ATAAACAGTCTAGCTGTG,10
GTGGCCAGTAATCGTGCA,OXT_17,AGGAACTACGATCGTGAA,9
GGGCACTGGGGACACATA,OXT_21,GAGCAACGGGTCAGCATT,8
TCGCGGGAATAACGGGCT,OXT_01,AGGCTGCGTAAGTCTGCT,11
CTTGACAACTAGTATGCT,OXT_01,AGGCTGCGTAAGTCTGCT,11
GGCGGTATGCAGGTGTTA,OXT_08,GACGGCATTCAGGCACGT,8
AGGAGGCGATAGAGATGT,OXT_01,AGGCTGCGTAAGTCTGCT,9
TTCAGTACGCGTGATCGT,OXT_08,GACGGCATTCAGGCACGT,10
ATGGGTAACACATCTCCG,OXT_24,GGGATTCGGTCATGTCCT,10
TCCACGGCGATAGTGTTC,OXT_25,TGCATCGCAACAGCAGTT,9
AATATTGCACCGTCCGAT,OXT_25,TGCATCGCAACAGCAGTT,9
ACGGGCCAAAAGTAGTGC,OXT_22,ACGGGACCGCAGATCGAG,10
TGCGGAGTGGAGAAGCAC,OXT_22,ACGGGACCGCAGATCGAG,10
AGGCGGATGAGCATGGCG,OXT_01,AGGCTGCGTAAGTCTGCT,10
GCATACGAGGCATGACTA,OXT_20,AGGGCCTAGGGATGACGT,9
TCGAGTTGGAGTGGATAT,OXT_13,TATTACACTAGTGGATGG,10
GAGGTCTCACTGGGGATA,OXT_07,GTGGGTGCATTTGCTGTA,9
GCTCCGTGAATCGGACCT,OXT_21,GAGCAACGGGTCAGCATT,11
ACAGATCCAGCCTGCTCT,OXT_27,GTAGAATGGGCATCGTCG,10
AGAGTGGAAATACGTGCG,OXT_15,AGGGTATAACGTCCTTTG,9
ATGGTAGGCTATTGGATA,OXT_07,GTGGGTGCATTTGCTGTA,10
AACCCTAGGCCGCACGTA,OXT_04,TAGACAGGGCTGACTGTG,10
TTCCCACGCCAATCATGA,OXT_03,GACTTGGGCTCATGCTGT,11
ATGGGATACAACGTTCTG,OXT_26,GGGGCATTCACTGAGCTG,8
GCTCGAGTACTGCGTGAT,OXT_18,TAACGGGTTATCCATAAT,9
ACTGGAGCAGCGGACAGG,OXT_22,ACGGGACCGCAGATCGAG,9
GGGGATGAACTACGTGCT,OXT_07,GTGGGTGCATTTGCTGTA,9
ACACGAACTAGTCAGTGG,OXT_13,TATTACACTAGTGGATGG,9
GGCGGTATGCGCTAAGAT,OXT_08,GACGGCATTCAGGCACGT,9
ACTGGCACAAATTCCGCT,OXT_01,AGGCTGCGTAAGTCTGCT,10
ACCGGTGCATGATGTGGC,OXT_02,AGGGGAGCGTGCGGAGGC,7
ATCCCAGGAAAAGTGGTG,OXT_16,ATAAACAGTCTAGCTGTG,10
ACGTAGGCCCGCGGGTCG,OXT_23,AAGTAGGGACAGAATACG,9
AAATGACTCGCTGTGCGG,OXT_26,GGGGCATTCACTGAGCTG,9
CAGTGTGGAAAGTAGTGT,OXT_23,AAGTAGGGACAGAATACG,9
GTGCAAGCGGTGTGTCTG,OXT_12,AATACAGCGGTGTTTCTA,7
AGCGTAGGGAGACTCGGC,OXT_02,AGGGGAGCGTGCGGAGGC,8
CGACGGAGGCAGACACAT,OXT_08,GACGGCATTCAGGCACGT,9
AACGCAGACACGTGAATG,OXT_05,GGCGGACAGACTCTAATG,8
ACTGGCTATCTGCTGGTG,OXT_09,TGTAGTGCTCGGCTGCCG,9
GCACGAGGTAAGCATGCG,OXT_01,AGGCTGCGTAAGTCTGCT,9
AACGGCACGTCGGCTGTA,OXT_07,GTGGGTGCATTTGCTGTA,8
AGGCTAGACGTAAACTGA,OXT_11,GGGTAAGGGCACAACAGT,10
AGTGGCACTAGATGATGA,OXT_13,TATTACACTAGTGGATGG,7
GGGTAGGCGCAGTGGATG,OXT_11,GGGTAAGGGCACAACAGT,8
AGGTGGTTCCAGTCGACT,OXT_01,AGGCTGCGTAAGTCTGCT,8
ATGGTCGATACCAGCATG,OXT_06,ATCATCATCATCATCATC,8
AGGAGAGACAGTACAAGT,OXT_02,AGGGGAGCGTGCGGAGGC,9
ATAAGGTCTGTGCCAACG,OXT_09,TGTAGTGCTCGGCTGCCG,10
AGCAGGAGGTGTTTGATG,OXT_05,GGCGGACAGACTCTAATG,9
ATGCACAGACGGATGCCA,OXT_23,AAGTAGGGACAGAATACG,9
ACTAGCGGTACGGCTTGG,OXT_14,TTGAGCGTAACGACAGTG,9
AAAGGTCAGAGGTCGCGG,OXT_20,AGGGCCTAGGGATGACGT,10
AAGGCCGTTATCATTTCG,OXT_04,TAGACAGGGCTGACTGTG,10
CTGGGCATGTCGGCTGTA,OXT_07,GTGGGTGCATTTGCTGTA,7
ACCGACCTAAATCCTGGA,OXT_17,AGGAACTACGATCGTGAA,9
AAGCAGGACTTTAGGCAG,OXT_10,AAGATGTATCGTGTGCTG,9
ACGAGTGATCTTAGGGTG,OXT_10,AAGATGTATCGTGTGCTG,8
TAGCTAAGCCGTCGCTCG,OXT_15,AGGGTATAACGTCCTTTG,9
TGAGGCGTCGGGTATGGG,OXT_14,TTGAGCGTAACGACAGTG,10
ACAGCCTTGGTGCCTACG,OXT_27,GTAGAATGGGCATCGTCG,10
ATGCCGCGTGCAGACATG,OXT_16,ATAAACAGTCTAGCTGTG,10
GGTGGCAAGGAGACGGTC,OXT_08,GACGGCATTCAGGCACGT,10
TCGCAGGGAGCAGACTGG,OXT_03,GACTTGGGCTCATGCTGT,10
TGGTTACGTGTCGTGAGG,OXT_11,GGGTAAGGGCACAACAGT,10
GCAGGGTGACGCCTGAAG,OXT_05,GGCGGACAGACTCTAATG,11
GAATGGGCTGATCTTCCG,OXT_09,TGTAGTGCTCGGCTGCCG,9
GGGCAAGCGGTCTTGTTA,OXT_12,AATACAGCGGTGTTTCTA,8
GGGAATGCCAGGGGAGAG,OXT_02,AGGGGAGCGTGCGGAGGC,9
ACGGCATACTACTACTGG,OXT_15,AGGGTATAACGTCCTTTG,10
ATACATTCACGTCGTCAG,OXT_15,AGGGTATAACGTCCTTTG,9
AGGTCATCACGGACTGCT,OXT_15,AGGGTATAACGTCCTTTG,8
ATGGCAACGATCCTATGT,OXT_02,AGGGGAGCGTGCGGAGGC,9
CACAAGGTGGTTCTGAGC,OXT_06,ATCATCATCATCATCATC,11
ACGGAACACAATGACGTG,OXT_22,ACGGGACCGCAGATCGAG,8
TGGACAACGTGGAGTGCG,OXT_04,TAGACAGGGCTGACTGTG,7
CTGCCAAGACACCATGTG,OXT_04,TAGACAGGGCTGACTGTG,9
ATGTCACAAGACGTGGAG,OXT_22,ACGGGACCGCAGATCGAG,9
AGTGCAGCTACCATAGGT,OXT_02,AGGGGAGCGTGCGGAGGC,8
TCGCAGTGGGTTACAGCG,OXT_04,TAGACAGGGCTGACTGTG,9
AGGGCAGGTCGGATGCGT,OXT_09,TGTAGTGCTCGGCTGCCG,9
GAGGCGAAGACGGAATGA,OXT_08,GACGGCATTCAGGCACGT,10
GTGGCGATATAGAGGCGA,OXT_08,GACGGCATTCAGGCACGT,10
TACGACGTTACGCGGCGG,OXT_08,GACGGCATTCAGGCACGT,9
GCCGACACATAATGGAGG,OXT_03,GACTTGGGCTCATGCTGT,11
GGACATTCTCGTCATGGA,OXT_17,AGGAACTACGATCGTGAA,10
ATGCGGCGCCGTGCCCTT,OXT_10,AAGATGTATCGTGTGCTG,9
AGCATTGCGCTCGACGTG,OXT_25,TGCATCGCAACAGCAGTT,9
AGCCAGCTAAATGGACCT,OXT_01,AGGCTGCGTAAGTCTGCT,9
GTGGTAGGAGAACAACCA,OXT_27,GTAGAATGGGCATCGTCG,10
GGAGGGCTGGAGATGTCG,OXT_22,ACGGGACCGCAGATCGAG,9
GGATCATGACATGTCGCT,OXT_11,GGGTAAGGGCACAACAGT,9
GGCTGTACCATCAATGCT,OXT_06,ATCATCATCATCATCATC,11
GGAGGGTCTTAGCGCGAG,OXT_22,ACGGGACCGCAGATCGAG,9
GGCAACAGTCGAAGCGGT,OXT_11,GGGTAAGGGCACAACAGT,9
ATCGTGGGATGACTCCTG,OXT_03,GACTTGGGCTCATGCTGT,10
AACAGTTAGGAGTGCCTT,OXT_12,AATACAGCGGTGTTTCTA,9
AGGACCAGCCGATGTGTG,OXT_16,ATAAACAGTCTAGCTGTG,7
GCAACATAACGCTGTGTG,OXT_15,AGGGTATAACGTCCTTTG,9
GGAGGTAGCGAGGTATGG,OXT_08,GACGGCATTCAGGCACGT,9
ACGTAGGATGCGGGGTGT,OXT_03,GACTTGGGCTCATGCTGT,10
GGGGAATCATCGGTCACA,OXT_07,GTGGGTGCATTTGCTGTA,10
GAGGGCAGTATGGTGGAG,OXT_08,GACGGCATTCAGGCACGT,9
ACAGCGATCGATGCGTGC,OXT_08,GACGGCATTCAGGCACGT,11
GCGACCGAACGCGGAAGT,OXT_20,AGGGCCTAGGGATGACGT,9
AACGGGATTCTACCGTGA,OXT_08,GACGGCATTCAGGCACGT,8
TGCGGGTTTAGCTGTCCG,OXT_09,TGTAGTGCTCGGCTGCCG,10
AGGTAGACTTAACTCGGT,OXT_01,AGGCTGCGTAAGTCTGCT,10
GCGGGTAGCCGTACGTAA,OXT_07,GTGGGTGCATTTGCTGTA,10
GTATCCTGCGGCCGAATG,OXT_20,AGGGCCTAGGGATGACGT,11
GCAGAGGTGAAATGAACT,OXT_27,GTAGAATGGGCATCGTCG,10
ACTGCGCCTTCTCATGTG,OXT_05,GGCGGACAGACTCTAATG,11
GTGCTGGCCTACTCTCGT,OXT_01,AGGCTGCGTAAGTCTGCT,9
GGCGGAAGCATGAAGCGT,OXT_08,GACGGCATTCAGGCACGT,9
ATGCTATGGGTCTGCTTG,OXT_21,GAGCAACGGGTCAGCATT,7
TGGCGGAAAGGGTACTTC,OXT_15,AGGGTATAACGTCCTTTG,11
GCACAGTTGCCTAAGGTG,OXT_26,GGGGCATTCACTGAGCTG,9
AGGGCATTGTGTTCCGGT,OXT_20,AGGGCCTAGGGATGACGT,7
CTGCGACAAGGAATGGTG,OXT_14,TTGAGCGTAACGACAGTG,10
GGATCTCGGATAATAATA,OXT_05,GGCGGACAGACTCTAATG,9
ACAGTACGTCGCGTTCGT,OXT_10,AAGATGTATCGTGTGCTG,10
AACGCGCTTAAAGTGTGG,OXT_08,GACGGCATTCAGGCACGT,10
AGGGAGAGCGCTTCGGTG,OXT_26,GGGGCATTCACTGAGCTG,9
AGCATAAGTACGGCTATA,OXT_01,AGGCTGCGTAAGTCTGCT,9
AGTAGGCATTTGGACGTG,OXT_10,AAGATGTATCGTGTGCTG,10
ACATCGTGGACACTGTGC,OXT_27,GTAGAATGGGCATCGTCG,10
ATGGGATCTCATACCAGG,OXT_22,ACGGGACCGCAGATCGAG,7
AGGCTGCATATTCTGTGG,OXT_10,AAGATGTATCGTGTGCTG,8
AGTGGAAGACTCCGGACG,OXT_09,TGTAGTGCTCGGCTGCCG,10
GAACGGGAGATCTTAGCC,OXT_18,TAACGGGTTATCCATAAT,9
AGCACTGGACTACGAGCT,OXT_25,TGCATCGCAACAGCAGTT,9
TCGGAAAGACGCTCGTTC,OXT_15,AGGGTATAACGTCCTTTG,9
AAGGTAGAGTCGGAATCT,OXT_02,AGGGGAGCGTGCGGAGGC,9
GGGGCCACATCGCTTTTG,OXT_15,AGGGTATAACGTCCTTTG,9
AGACACCTAGGACTTGCT,OXT_01,AGGCTGCGTAAGTCTGCT,10
AGCACGGCGGCGACGAGC,OXT_12,AATACAGCGGTGTTTCTA,10
GCACCGTTCAGACAGCAG,OXT_26,GGGGCATTCACTGAGCTG,8
GGCCGAACAGACAAGGTG,OXT_05,GGCGGACAGACTCTAATG,11
AGCGCTCGGAGTACACGT,OXT_20,AGGGCCTAGGGATGACGT,8
TGGGTATACATTCAACCT,OXT_26,GGGGCATTCACTGAGCTG,8
GGGCTCCTCCAGACGCTG,OXT_26,GGGGCATTCACTGAGCTG,9
ACACTTGCCTCACATGTG,OXT_07,GTGGGTGCATTTGCTGTA,11
AGGTGCCACAGCCGTTGT,OXT_17,AGGAACTACGATCGTGAA,9
ACGGCATACCTCCTGAGA,OXT_15,AGGGTATAACGTCCTTTG,10
ACACTCCATACGTATGCT,OXT_01,AGGCTGCGTAAGTCTGCT,6
AGTGCGGACATGGTCGTA,OXT_12,AATACAGCGGTGTTTCTA,9
GAACCCGGTTAGCGACAA,OXT_08,GACGGCATTCAGGCACGT,10
GTGGTGCTAGTCAAGGCG,OXT_07,GTGGGTGCATTTGCTGTA,11
AAGGTGCAATAGATGAGG,OXT_23,AAGTAGGGACAGAATACG,8
GTGGGAACAAGAGGGTGT,OXT_02,AGGGGAGCGTGCGGAGGC,9
GGGCACACACTCGGCTCT,OXT_21,GAGCAACGGGTCAGCATT,9
GGATGGCCAGTAGGAGGT,OXT_02,AGGGGAGCGTGCGGAGGC,10
GGCGAGGCATGGACTGGA,OXT_07,GTGGGTGCATTTGCTGTA,8
GCGACGGCATATGCATGT,OXT_07,GTGGGTGCATTTGCTGTA,9
CGGTGTGAGGAGTAGGCA,OXT_01,AGGCTGCGTAAGTCTGCT,11
GCCAGCATATGCCTCGTG,OXT_06,ATCATCATCATCATCATC,9
GATCTGGAGGATTGGTGA,OXT_03,GACTTGGGCTCATGCTGT,9
GACGGCACAGCTAAGGTA,OXT_07,GTGGGTGCATTTGCTGTA,9
ACAAGGCTAGACTGTATG,OXT_18,TAACGGGTTATCCATAAT,11
ACAGTCCCGCTCGATCGA,OXT_02,AGGGGAGCGTGCGGAGGC,11
AACCAGGTATTCCATGCT,OXT_18,TAACGGGTTATCCATAAT,7
CCGGAAGGGCGATAGGAA,OXT_11,GGGTAAGGGCACAACAGT,10
ACGCTGGGTACAGAGTCT,OXT_01,AGGCTGCGTAAGTCTGCT,8
AACGGTGGTGATCCTCGG,OXT_08,GACGGCATTCAGGCACGT,9
TGGCGGTAGAAGCAGCTC,OXT_26,GGGGCATTCACTGAGCTG,10
ATGTGCACGGAGGCCGGA,OXT_22,ACGGGACCGCAGATCGAG,9
GCTAGGATAGGCTGCGTG,OXT_14,TTGAGCGTAACGACAGTG,11
ACCGATCGAGATAGAGTG,OXT_22,ACGGGACCGCAGATCGAG,10
ATGCGGGAACCGTATGAT,OXT_01,AGGCTGCGTAAGTCTGCT,9
ACGCGACGTGCAAAATGT,OXT_21,GAGCAACGGGTCAGCATT,10
GGGTCGCCAAGGTAATGC,OXT_01,AGGCTGCGTAAGTCTGCT,11
ACCAAGGCCATCCGCATG,OXT_06,ATCATCATCATCATCATC,8
GTCCAGGGGACCAGCTCG,OXT_03,GACTTGGGCTCATGCTGT,9
AGCGGGTAAGGCTTACGT,OXT_20,AGGGCCTAGGGATGACGT,6
ACACAGGGTCACGACGTA,OXT_16,ATAAACAGTCTAGCTGTG,9
TCCGCAAGGAGAGGTACG,OXT_04,TAGACAGGGCTGACTGTG,11
ATACGACGGGATGAGCAG,OXT_22,ACGGGACCGCAGATCGAG,10
ACGTGCCCGTTAACGTAG,OXT_22,ACGGGACCGCAGATCGAG,8
GATCCTGATTGCTACATC,OXT_18,TAACGGGTTATCCATAAT,11
TCTCAGGAGTGTGGGAGA,OXT_13,TATTACACTAGTGGATGG,10
TGCAAGCATGGGACCACT,OXT_01,AGGCTGCGTAAGTCTGCT,10
GGTGGAACTGACCGTTGA,OXT_02,AGGGGAGCGTGCGGAGGC,10
ATGGCACAGACGCTGTCT,OXT_05,GGCGGACAGACTCTAATG,9
TAGAGAGGAACTGGGAGG,OXT_14,TTGAGCGTAACGACAGTG,9
GGGCAGCAAGAAGAGTGT,OXT_11,GGGTAAGGGCACAACAGT,10
AGGCTAGGGAGAAGGCCG,OXT_24,GGGATTCGGTCATGTCCT,9
TCCAGGCAGTAGAGGGCA,OXT_22,ACGGGACCGCAGATCGAG,10
TGCTGACGTGCGATGGTT,OXT_05,GGCGGACAGACTCTAATG,10
AACGTGACTTTGTTGTGC,OXT_03,GACTTGGGCTCATGCTGT,10
AGTGTTATGAAGAGCGCT,OXT_01,AGGCTGCGTAAGTCTGCT,9
CAAGTGTCGTCCCTCGTG,OXT_05,GGCGGACAGACTCTAATG,11
TGGGGCCGTAACCCTGGA,OXT_01,AGGCTGCGTAAGTCTGCT,8
ATGATGCAGCGTACTCGG,OXT_10,AAGATGTATCGTGTGCTG,7
GAGGTACCTGCATCTCGG,OXT_24,GGGATTCGGTCATGTCCT,9
ATGTAGGTGCACCGTAGT,OXT_11,GGGTAAGGGCACAACAGT,7
AAGAGGTGCTAACAATAT,OXT_03,GACTTGGGCTCATGCTGT,10
AAGTTGTCGTCGATTGCG,OXT_23,AAGTAGGGACAGAATACG,8
TCAGCACTGCGTAGTGTG,OXT_04,TAGACAGGGCTGACTGTG,8
GTAGGACACATAGCCGAT,OXT_07,GTGGGTGCATTTGCTGTA,10
AGCACGGGTAAAGTGCGG,OXT_10,AAGATGTATCGTGTGCTG,9
AACCGACCATGACCTGTG,OXT_15,AGGGTATAACGTCCTTTG,9
AAGCGGTACGTAGGTAGG,OXT_10,AAGATGTATCGTGTGCTG,10
ACGAATACAAACACCGTG,OXT_14,TTGAGCGTAACGACAGTG,9
AATGGGAAACGGTTATGG,OXT_08,GACGGCATTCAGGCACGT,10
AAGCAGATGTAAGGTAGT,OXT_21,GAGCAACGGGTCAGCATT,10
GACGTCACGGCTGATGTG,OXT_05,GGCGGACAGACTCTAATG,10
GCAGCGCCAGGAGGTTTG,OXT_07,GTGGGTGCATTTGCTGTA,11
TGCGCAGGAGACCGGACG,OXT_28,AGCGGCGGCGACGGCGAA,9
TGGAGATGGTAACCGGCG,OXT_04,TAGACAGGGCTGACTGTG,9
ACACGACGCGGGTACATG,OXT_21,GAGCAACGGGTCAGCATT,10
ACGATGCATGAACGAGCG,OXT_01,AGGCTGCGTAAGTCTGCT,9
TGACGGCATTGCAACTTG,OXT_18,TAACGGGTTATCCATAAT,10
TAAGGACGGTAGCAGGTC,OXT_04,TAGACAGGGCTGACTGTG,10
TAGAGCAGCAGACAGTGC,OXT_13,TATTACACTAGTGGATGG,10
AAGGGCATACCTAGTCGC,OXT_08,GACGGCATTCAGGCACGT,9
TGAGGAGACACCCGTGTT,OXT_05,GGCGGACAGACTCTAATG,9
TCCGGACACAACACGACG,OXT_05,GGCGGACAGACTCTAATG,9
ATGATGACCAATCATGGA,OXT_17,AGGAACTACGATCGTGAA,8
AGGGCATGCTCAAGATCG,OXT_20,AGGGCCTAGGGATGACGT,9
TGCGGCAGTACGGATTCA,OXT_08,GACGGCATTCAGGCACGT,10
ATGAGGCTATTGTTGTTA,OXT_07,GTGGGTGCATTTGCTGTA,10
AACCAGGAGACGCCATTC,OXT_05,GGCGGACAGACTCTAATG,10
ATGGGTGCACACTCACGA,OXT_07,GTGGGTGCATTTGCTGTA,8
GCCAACCACCGACATGTG,OXT_16,ATAAACAGTCTAGCTGTG,9
TCCGCAAATACGCTCGCG,OXT_05,GGCGGACAGACTCTAATG,9
ATGGCACGCCGCACATGG,OXT_15,AGGGTATAACGTCCTTTG,9
AACGCATTCGGCACGTGT,OXT_20,AGGGCCTAGGGATGACGT,10
TCATGGTAACACGGTGCG,OXT_23,AAGTAGGGACAGAATACG,10
AAGGCGGTGATCTGTGTA,OXT_12,AATACAGCGGTGTTTCTA,8
GGCACGTAAGTGGCTGCT,OXT_01,AGGCTGCGTAAGTCTGCT,10
GTCGATTCAATACGCGAG,OXT_07,GTGGGTGCATTTGCTGTA,10
AACGGGAAGCAACGGGAG,OXT_22,ACGGGACCGCAGATCGAG,9
GGAGCAGATGAGGGTGCG,OXT_28,AGCGGCGGCGACGGCGAA,10
AGCAGCAATCCTGGTGTA,OXT_16,ATAAACAGTCTAGCTGTG,8
ACAGTAGGTTACGGTGCT,OXT_01,AGGCTGCGTAAGTCTGCT,9
GGCATCCGTATCACGTGA,OXT_06,ATCATCATCATCATCATC,10
ACAGCAAGGGTCATGCAG,OXT_22,ACGGGACCGCAGATCGAG,9
TGGATAGAGTCACAGTCG,OXT_24,GGGATTCGGTCATGTCCT,9
AGGAGGCGTTGATCCATA,OXT_01,AGGCTGCGTAAGTCTGCT,9
TCGCGGAACGGATTGTCG,OXT_09,TGTAGTGCTCGGCTGCCG,11
AGGATGCAGAGGACGCGT,OXT_01,AGGCTGCGTAAGTCTGCT,8
AGGTGCATTAAGCTCTGT,OXT_08,GACGGCATTCAGGCACGT,9
ACCCTGGTTCAGAGAGTG,OXT_01,AGGCTGCGTAAGTCTGCT,10
AGGTCGACAACGTATCGG,OXT_23,AAGTAGGGACAGAATACG,9
TACAGACGCAGGGTGCTG,OXT_09,TGTAGTGCTCGGCTGCCG,9
AGGGAACATCCTGTCGCG,OXT_22,ACGGGACCGCAGATCGAG,8
GGCGGTATGCGGTGCCAT,OXT_08,GACGGCATTCAGGCACGT,8
GTGTGCAACATGAGGAGT,OXT_06,ATCATCATCATCATCATC,10
TTGAGAACGGTCAGTCTG,OXT_04,TAGACAGGGCTGACTGTG,8
GTATGGACGGGTTAGCCG,OXT_27,GTAGAATGGGCATCGTCG,9
ATGGGATTGAACCACTGT,OXT_11,GGGTAAGGGCACAACAGT,9
GGCGGAAGAGGTAATATT,OXT_05,GGCGGACAGACTCTAATG,9
ATGGGACAGGAGACGCCA,OXT_22,ACGGGACCGCAGATCGAG,8
ACACGTAACACGTCGGCG,OXT_01,AGGCTGCGTAAGTCTGCT,10
GGGACGCTTCCACGATGG,OXT_24,GGGATTCGGTCATGTCCT,10
ACCGGTCAGATACGCATG,OXT_05,GGCGGACAGACTCTAATG,7
TGGGCACGCATTCTCAGA,OXT_05,GGCGGACAGACTCTAATG,9
GTGCCTGGCTGCATCGCT,OXT_11,GGGTAAGGGCACAACAGT,10
ACATGAGCACCGGGACGG,OXT_02,AGGGGAGCGTGCGGAGGC,9
ATGGCTGCAGACGTATCA,OXT_07,GTGGGTGCATTTGCTGTA,9
GGGGAGATGAGACTTCGG,OXT_05,GGCGGACAGACTCTAATG,10
ACCAGTGGATTTGACGAG,OXT_07,GTGGGTGCATTTGCTGTA,9
GCTGCGGGAAGAGATTGC,OXT_03,GACTTGGGCTCATGCTGT,11
GTGGCCAATTAGACGCAG,OXT_08,GACGGCATTCAGGCACGT,9
AACGAGGTACTGGCTACG,OXT_23,AAGTAGGGACAGAATACG,6
GGCGAGACAACGAATATG,OXT_05,GGCGGACAGACTCTAATG,9
AGGGGCCAAGTGGAGCCA,OXT_20,AGGGCCTAGGGATGACGT,10
AGTGGTCTATGACGTGTG,OXT_15,AGGGTATAACGTCCTTTG,9
AGTGACTGATAATGTGCA,OXT_17,AGGAACTACGATCGTGAA,8
AGCGAAGACGACACCGTA,OXT_28,AGCGGCGGCGACGGCGAA,6
TACCGGTAGATACATCGT,OXT_18,TAACGGGTTATCCATAAT,7
AGCCGATATGACGTGCAG,OXT_10,AAGATGTATCGTGTGCTG,9
GTGGCTACCGATACTGCG,OXT_07,GTGGGTGCATTTGCTGTA,8
ATGTGAAGCTCAACGTGC,OXT_03,GACTTGGGCTCATGCTGT,10
AGGGATCGTTCCATCTTG,OXT_21,GAGCAACGGGTCAGCATT,10
AAGGTCTGAATACCGGTG,OXT_15,AGGGTATAACGTCCTTTG,8
GGGAGGTGAAAGGACGCG,OXT_01,AGGCTGCGTAAGTCTGCT,9
GGCTAAGACGACATACTG,OXT_05,GGCGGACAGACTCTAATG,9
TATCGAGTGTGGAGCGTT,OXT_04,TAGACAGGGCTGACTGTG,9
ACATTCCGTGGGTGCGCA,OXT_01,AGGCTGCGTAAGTCTGCT,9
ACCGAGATACCGTCCGCT,OXT_01,AGGCTGCGTAAGTCTGCT,10
GAGGTAAGCTTGGATTGA,OXT_03,GACTTGGGCTCATGCTGT,10
TAGGACCTGGTGAACGCT,OXT_21,GAGCAACGGGTCAGCATT,8
AGGGTAACATGTCCGATG,OXT_15,AGGGTATAACGTCCTTTG,5
GGGCGGACATAAGCAAAT,OXT_07,GTGGGTGCATTTGCTGTA,10
AGGCGAGTTTCGGCATGG,OXT_02,AGGGGAGCGTGCGGAGGC,8
ACACACCAAACCTCGTCG,OXT_27,GTAGAATGGGCATCGTCG,9
AATACGGGATTGCTAATG,OXT_12,AATACAGCGGTGTTTCTA,8
GGGCTTGACGGGAACCTC,OXT_11,GGGTAAGGGCACAACAGT,11
AGCTATGTGTGCTCATTA,OXT_02,AGGGGAGCGTGCGGAGGC,10
GTGGACTAGACGAGAATT,OXT_05,GGCGGACAGACTCTAATG,9
AGCCAATGTACGACTGCT,OXT_01,AGGCTGCGTAAGTCTGCT,6
TAGATAGCGTATGGCGTT,OXT_02,AGGGGAGCGTGCGGAGGC,9
GGCAGTTAGATCTGTGCG,OXT_24,GGGATTCGGTCATGTCCT,9
ACAGGGTTCTACGACGAG,OXT_28,AGCGGCGGCGACGGCGAA,8
GTGGGATAACCTCGGCAT,OXT_15,AGGGTATAACGTCCTTTG,9
ACACGGCAAGTACGTGTG,OXT_16,ATAAACAGTCTAGCTGTG,10
AACTAGGGCATACCGCGG,OXT_03,GACTTGGGCTCATGCTGT,9
ACCAATGGAGTCGGTCAT,OXT_28,AGCGGCGGCGACGGCGAA,9
ACAAACTATCGGACGGTC,OXT_16,ATAAACAGTCTAGCTGTG,8
TGGCACTGGCCCTGCAGT,OXT_11,GGGTAAGGGCACAACAGT,7
AAAGGGCAAGTGGGTGAT,OXT_18,TAACGGGTTATCCATAAT,10
AACCAGACGACGTCCGAA,OXT_01,AGGCTGCGTAAGTCTGCT,10
GGGTCAACGTCCTGGTTA,OXT_02,AGGGGAGCGTGCGGAGGC,10
GACGTGTACTTCCTATGG,OXT_03,GACTTGGGCTCATGCTGT,9
TAGCGAGGTTAGTATGGG,OXT_04,TAGACAGGGCTGACTGTG,8
TCAGCAAGAATGACGGCG,OXT_04,TAGACAGGGCTGACTGTG,8
GAAGTTAGCGGCAGGCGG,OXT_03,GACTTGGGCTCATGCTGT,11
AGGGAAGTGCCGGACTAT,OXT_11,GGGTAAGGGCACAACAGT,8
AGGTGCATGGACAGCTAT,OXT_28,AGCGGCGGCGACGGCGAA,8
GTGCAAGCGCTCTACCCT,OXT_11,GGGTAAGGGCACAACAGT,7
AACCGGGTATGCGTTAAA,OXT_18,TAACGGGTTATCCATAAT,8
TACCGCGACGCATGTGCT,OXT_03,GACTTGGGCTCATGCTGT,9
GTAGTTGGCATGGAGGTA,OXT_07,GTGGGTGCATTTGCTGTA,8
TTAACCGACTTCAGTGTC,OXT_04,TAGACAGGGCTGACTGTG,9
ATTGAGGTGTAGAGTACT,OXT_23,AAGTAGGGACAGAATACG,8
CACTCGCCCGACTGTCGT,OXT_03,GACTTGGGCTCATGCTGT,9
GGACAAGCAAGCAGGAGA,OXT_11,GGGTAAGGGCACAACAGT,9
AGCGGATCCCTGAAGCGG,OXT_22,ACGGGACCGCAGATCGAG,9
ACAGTAGTTAGCCGCGTC,OXT_02,AGGGGAGCGTGCGGAGGC,9
ATTGGCGCGTTGTAGATT,OXT_12,AATACAGCGGTGTTTCTA,9
GGAAGCCGTACAGGTGAG,OXT_16,ATAAACAGTCTAGCTGTG,8
TCCGGGGAATTCATGACG,OXT_05,GGCGGACAGACTCTAATG,11
GTGGGACACCCCCTATGG,OXT_05,GGCGGACAGACTCTAATG,7
ACAGGGCTTGATCATGTG,OXT_18,TAACGGGTTATCCATAAT,10
GTGGGAAGTCCCCTAGTA,OXT_05,GGCGGACAGACTCTAATG,9
TAACGATCTACGGTGTGA,OXT_13,TATTACACTAGTGGATGG,10
GCGGCAGTAACAACGTGG,OXT_26,GGGGCATTCACTGAGCTG,8
AGACTGATGTCGCGTTGC,OXT_01,AGGCTGCGTAAGTCTGCT,11
TCGGCGCGGCTCCGGATA,OXT_21,GAGCAACGGGTCAGCATT,9
TCGCTCGTATATGCCTTC,OXT_07,GTGGGTGCATTTGCTGTA,10
GATGGAGAGTAGGCACGG,OXT_08,GACGGCATTCAGGCACGT,7
GCACTACAGAGACTGTCG,OXT_05,GGCGGACAGACTCTAATG,9
TGTTGGTATTGACGACTC,OXT_09,TGTAGTGCTCGGCTGCCG,10
GACTAGCACATGAGAACG,OXT_23,AAGTAGGGACAGAATACG,9
AGTCACTCCGCTTGTCGA,OXT_17,AGGAACTACGATCGTGAA,7
GCAGTGACAGAGAAGCTG,OXT_22,ACGGGACCGCAGATCGAG,11
AGGCCTGAGGGTAGCACA,OXT_20,AGGGCCTAGGGATGACGT,9
TAACAGCGTAAACATGCG,OXT_01,AGGCTGCGTAAGTCTGCT,8
TGTAGCGGGAAGTATCAT,OXT_01,AGGCTGCGTAAGTCTGCT,10
ACACGGGAGTTACATATG,OXT_18,TAACGGGTTATCCATAAT,8
ACCATCGGTCTCAGGGTG,OXT_16,ATAAACAGTCTAGCTGTG,8
AAGGGCCGTGTGTAAGGT,OXT_01,AGGCTGCGTAAGTCTGCT,9
GACTAGGCGGAGCTGTTG,OXT_12,AATACAGCGGTGTTTCTA,10
ATGGGCCATGTGCCCGTG,OXT_14,TTGAGCGTAACGACAGTG,9
AAGCAGGTGGAGAGGTGG,OXT_23,AAGTAGGGACAGAATACG,8
GAGCTATTGGAGTGCCTG,OXT_21,GAGCAACGGGTCAGCATT,8
AGGCACGTTCACCGAAAC,OXT_17,AGGAACTACGATCGTGAA,9
AGGTATCCGCACGGTGTT,OXT_02,AGGGGAGCGTGCGGAGGC,9
AGGCGGTCCTCCTCACGG,OXT_02,AGGGGAGCGTGCGGAGGC,9
TGGATACAGGTTGCTCAG,OXT_04,TAGACAGGGCTGACTGTG,9
GACCAAAGAGGAGTCTTG,OXT_21,GAGCAACGGGTCAGCATT,9
GACACGGATCAGTGGCAG,OXT_10,AAGATGTATCGTGTGCTG,9
TATCCTATGGTGGTACGT,OXT_08,GACGGCATTCAGGCACGT,9
AGGTGCTTAAAGGACCGA,OXT_08,GACGGCATTCAGGCACGT,10
TGGCGGTATGAGAGTGCG,OXT_01,AGGCTGCGTAAGTCTGCT,8
AGGAGGCCTGGGACCCCT,OXT_01,AGGCTGCGTAAGTCTGCT,8
TAAGTTGATCATGTCGCT,OXT_10,AAGATGTATCGTGTGCTG,10
ATTAGCCGGGTAATGCTT,OXT_12,AATACAGCGGTGTTTCTA,9
GATCCACAGTTGGCAATG,OXT_04,TAGACAGGGCTGACTGTG,9
AAGCGGCATACGGCTCAT,OXT_01,AGGCTGCGTAAGTCTGCT,7
ACAGCGATGGGATGGACG,OXT_20,AGGGCCTAGGGATGACGT,9
ACCAAGGTCGCGCGTAGG,OXT_17,AGGAACTACGATCGTGAA,10
AGGGACTACTCAGCACCT,OXT_20,AGGGCCTAGGGATGACGT,7
GCAACTTGTGTACGTGAT,OXT_16,ATAAACAGTCTAGCTGTG,10
GAACACTTTAGCGGGAGA,OXT_13,TATTACACTAGTGGATGG,9
AGGACGTGTTTTGACCGG,OXT_10,AAGATGTATCGTGTGCTG,8
GCAGATACAGCACAGGTG,OXT_27,GTAGAATGGGCATCGTCG,9
GTGCGACAAGAGGAGGTT,OXT_07,GTGGGTGCATTTGCTGTA,10
GAGGAAATGTTCTAGGAG,OXT_21,GAGCAACGGGTCAGCATT,10
AAGCAGGGCTACTGTTGA,OXT_03,GACTTGGGCTCATGCTGT,8
AGGCAAGGGAGAGGATAG,OXT_02,AGGGGAGCGTGCGGAGGC,8
GTCGATATGACAGCTGCG,OXT_27,GTAGAATGGGCATCGTCG,8
AGGGACGAGGCGTAGAGG,OXT_20,AGGGCCTAGGGATGACGT,8
AAAGTGGCCAGGCGCTCC,OXT_03,GACTTGGGCTCATGCTGT,10
TGAGCCCGAACCCCAGTG,OXT_14,TTGAGCGTAACGACAGTG,8
GCAAACGGGTCGATGGTG,OXT_04,TAGACAGGGCTGACTGTG,9
GCAGGATGGTGAGGTGCG,OXT_27,GTAGAATGGGCATCGTCG,8
GAGGTGTGCTAGTACGAA,OXT_03,GACTTGGGCTCATGCTGT,9
GGGATGAGATAACCAGTG,OXT_25,TGCATCGCAACAGCAGTT,9
CTGCTGTGTATTCGTGCG,OXT_01,AGGCTGCGTAAGTCTGCT,8
GCGTTGGTAGCACATGTG,OXT_14,TTGAGCGTAACGACAGTG,10
TACAGACGGTATCGTGTC,OXT_04,TAGACAGGGCTGACTGTG,9
CACACGGGAATGTCAGTG,OXT_04,TAGACAGGGCTGACTGTG,7
GTGGGTCAGAAGAGTGCA,OXT_07,GTGGGTGCATTTGCTGTA,9
ATTGGTGACCGTACTGGA,OXT_07,GTGGGTGCATTTGCTGTA,8
TAGAGTGAAGAGCAGGCG,OXT_09,TGTAGTGCTCGGCTGCCG,8
TATGGAGACGCCTCTTGG,OXT_27,GTAGAATGGGCATCGTCG,10
ATGTGCCAGTTGCACGTG,OXT_22,ACGGGACCGCAGATCGAG,9
AGGTCGACAGTGTGCCTT,OXT_12,AATACAGCGGTGTTTCTA,9
TCGGGATATGCGCGGACG,OXT_05,GGCGGACAGACTCTAATG,10
GAATAGTGCGCACTTCAA,OXT_03,GACTTGGGCTCATGCTGT,10
AGCGGTAATCGTAGGATT,OXT_05,GGCGGACAGACTCTAATG,10
AGGCATGGGCTAATACCG,OXT_23,AAGTAGGGACAGAATACG,9
ACTGAGTGGGCTACTTCC,OXT_27,GTAGAATGGGCATCGTCG,8
ATCGACCGCTGTGGACGA,OXT_28,AGCGGCGGCGACGGCGAA,9
ATGCTGTGTCTGGTCCCT,OXT_01,AGGCTGCGTAAGTCTGCT,8
AGCAACGTCAGCGGGCAG,OXT_28,AGCGGCGGCGACGGCGAA,8
GGGAGCTCCACAAGCCGT,OXT_20,AGGGCCTAGGGATGACGT,9
TCGTTTTAGCTCCGTGTC,OXT_04,TAGACAGGGCTGACTGTG,10
CATGGACTCGGAGTATCG,OXT_05,GGCGGACAGACTCTAATG,11
AACGGGCTACCAACGCGG,OXT_08,GACGGCATTCAGGCACGT,9
ACACACACAACGACGCGG,OXT_14,TTGAGCGTAACGACAGTG,10
GCGACGGATCCTGGTGTA,OXT_07,GTGGGTGCATTTGCTGTA,9
CAGAGGGTACCATTGATC,OXT_10,AAGATGTATCGTGTGCTG,10
AAGCAGGCGTTAGCGGTC,OXT_02,AGGGGAGCGTGCGGAGGC,9
AACGGGTACCTAGTTCGG,OXT_10,AAGATGTATCGTGTGCTG,8
CAGGTAGGAATTCCGGAG,OXT_04,TAGACAGGGCTGACTGTG,9
TGTGGGTCCGTTACGGTG,OXT_07,GTGGGTGCATTTGCTGTA,10
ACAGGCCGTGCAGGGATC,OXT_16,ATAAACAGTCTAGCTGTG,10
ACGAGTGAGCCTATTGTG,OXT_04,TAGACAGGGCTGACTGTG,8
TGGAAGTGACACATCCGA,OXT_11,GGGTAAGGGCACAACAGT,8
GTGGGGATAGCACGCTGG,OXT_03,GACTTGGGCTCATGCTGT,10
GGCGGCATGCGGTTGGCA,OXT_08,GACGGCATTCAGGCACGT,9
GCGGTATTGACCTGAGGT,OXT_02,AGGGGAGCGTGCGGAGGC,9
CGCAAGCGGGTGTACTGG,OXT_03,GACTTGGGCTCATGCTGT,11
ACATTATGCTCCTGTAGT,OXT_03,GACTTGGGCTCATGCTGT,8
GGTTCGAACGCAGCAGGT,OXT_03,GACTTGGGCTCATGCTGT,10
TGCAGGGCAACTTTACCT,OXT_25,TGCATCGCAACAGCAGTT,7
GGTGGTGTCGAAGACGGG,OXT_28,AGCGGCGGCGACGGCGAA,8
ATGTGTTCGCGCTATAGT,OXT_11,GGGTAAGGGCACAACAGT,9
CTTAGAGCGGTACTGGTG,OXT_12,AATACAGCGGTGTTTCTA,8
GGGGCAGAACCTGTCGCT,OXT_26,GGGGCATTCACTGAGCTG,9
TCCGTACTGGTCAGTCTG,OXT_21,GAGCAACGGGTCAGCATT,9
AGAGGCGCTCGAGCCAAA,OXT_28,AGCGGCGGCGACGGCGAA,8
AACGTGACACAACGGTGG,OXT_03,GACTTGGGCTCATGCTGT,10
ATCGAGGGAAATGGCTAT,OXT_28,AGCGGCGGCGACGGCGAA,8
AGCAACAGTGCTCTCTAA,OXT_17,AGGAACTACGATCGTGAA,8
GTGAGCTGCATCCGATGC,OXT_06,ATCATCATCATCATCATC,10
ATAGGCAACGGCCTGTGG,OXT_06,ATCATCATCATCATCATC,11
TTGAGGGAAGACGCGTGG,OXT_14,TTGAGCGTAACGACAGTG,9
GTGTGGTGCCGAGTTAAG,OXT_10,AAGATGTATCGTGTGCTG,10
TATGGTGACTCTGGGGCT,OXT_07,GTGGGTGCATTTGCTGTA,10
ACCACAGACGAGCGCACA,OXT_17,AGGAACTACGATCGTGAA,9
ATACGTGGCTCGAAGACT,OXT_23,AAGTAGGGACAGAATACG,10
TGGCAAGGACGTACTAGG,OXT_04,TAGACAGGGCTGACTGTG,8
AGGGAGCCTGTTTGGACG,OXT_01,AGGCTGCGTAAGTCTGCT,10
AAGATGGATGGCAGTCTG,OXT_10,AAGATGTATCGTGTGCTG,6
AGGAGCAACTAGGTCCGG,OXT_08,GACGGCATTCAGGCACGT,10
ATGCAGGATAACCGTGCG,OXT_01,AGGCTGCGTAAGTCTGCT,8
TAGTCAGCCTGGCTTATG,OXT_04,TAGACAGGGCTGACTGTG,8
GACTGGGATGAGGCTCTG,OXT_08,GACGGCATTCAGGCACGT,8
CTCTACAGCCTAGGTGCT,OXT_16,ATAAACAGTCTAGCTGTG,7
CGAGCCCAATCAAGGGAG,OXT_20,AGGGCCTAGGGATGACGT,11
AAGGCAGGATCCGGTGTA,OXT_02,AGGGGAGCGTGCGGAGGC,8
GGGAGAGGTGCATGACAT,OXT_24,GGGATTCGGTCATGTCCT,7
TGTGGTTCCTAGGTACTG,OXT_09,TGTAGTGCTCGGCTGCCG,8
GGGTGTCTTGATACGCGT,OXT_08,GACGGCATTCAGGCACGT,9
GGGTCTACATATGCACTG,OXT_07,GTGGGTGCATTTGCTGTA,8
ACCTGGTTTCATCCGTCG,OXT_10,AAGATGTATCGTGTGCTG,10
TAGCCAGCGTGACTAGTA,OXT_02,AGGGGAGCGTGCGGAGGC,9
TGGACGGGAACGAACTTG,OXT_14,TTGAGCGTAACGACAGTG,7
AGGGTAGCCGTCGCATTA,OXT_02,AGGGGAGCGTGCGGAGGC,8
CAGCCAGCGACCATGGTG,OXT_04,TAGACAGGGCTGACTGTG,8
CAGGCCATTAGACACGTG,OXT_26,GGGGCATTCACTGAGCTG,10
GGGGATCGCACACCTAGT,OXT_24,GGGATTCGGTCATGTCCT,8
ACAGGATGCCTTGCTGTG,OXT_16,ATAAACAGTCTAGCTGTG,7
GTGTTCAGCGAGAGGCAG,OXT_17,AGGAACTACGATCGTGAA,11
TACAGAGGATTCCACGCT,OXT_18,TAACGGGTTATCCATAAT,9
AGGAAGTGGGACGCCTGC,OXT_11,GGGTAAGGGCACAACAGT,9
TCAAGGCTAGAGACGGCG,OXT_14,TTGAGCGTAACGACAGTG,8
ACGAGGTATTCGGGAGCG,OXT_10,AAGATGTATCGTGTGCTG,9
AATGCCCCTGGGGTATGG,OXT_13,TATTACACTAGTGGATGG,7
GGGTAGTCAGGCTTAGCG,OXT_02,AGGGGAGCGTGCGGAGGC,11
ACAGGGACAACACTAGCG,OXT_05,GGCGGACAGACTCTAATG,10
ATGTCGGGCATCAATAGC,OXT_23,AAGTAGGGACAGAATACG,8
GCTAACGTTGTCGCTCAT,OXT_08,GACGGCATTCAGGCACGT,10
TCGCATAGAGGTGATTCG,OXT_13,TATTACACTAGTGGATGG,10
ATGGTCTACGGCGGTACC,OXT_17,AGGAACTACGATCGTGAA,9
AGCCAGTCAGATGTAGCT,OXT_01,AGGCTGCGTAAGTCTGCT,10
AGAGAAAAACCAATGGCG,OXT_27,GTAGAATGGGCATCGTCG,9
ACATCGCATGTGAATGTG,OXT_04,TAGACAGGGCTGACTGTG,10
TGATGTCACCTTCGTTGT,OXT_15,AGGGTATAACGTCCTTTG,11
GTGGACTGCTGTCATGGG,OXT_17,AGGAACTACGATCGTGAA,9
TGGTAGGAAGGCTAGCAC,OXT_11,GGGTAAGGGCACAACAGT,11
GGGACACCGGGGTAACAG,OXT_12,AATACAGCGGTGTTTCTA,9
AACCGGCAGGTCAGGCGT,OXT_21,GAGCAACGGGTCAGCATT,8
TGGCGGGATGTGGTGGCC,OXT_09,TGTAGTGCTCGGCTGCCG,9
GGGTGACGGACGATATTG,OXT_05,GGCGGACAGACTCTAATG,6
AGGCAGCAGCAGTTGACG,OXT_01,AGGCTGCGTAAGTCTGCT,8
GGAGTACCGTGAATGGCG,OXT_22,ACGGGACCGCAGATCGAG,9
ACAGGTCATGTTATGTCG,OXT_22,ACGGGACCGCAGATCGAG,10
GGCATACCAACCCGTGAT,OXT_25,TGCATCGCAACAGCAGTT,8
AGGAGGTCCTTGTACTCG,OXT_01,AGGCTGCGTAAGTCTGCT,11
TGGTAGACCCTCCTTGTG,OXT_04,TAGACAGGGCTGACTGTG,10
GGGAGGTGGTGAGAGGCG,OXT_24,GGGATTCGGTCATGTCCT,9
TACACTACGCCAACGTGC,OXT_04,TAGACAGGGCTGACTGTG,10
ACGCAGTCACAGGGTGCG,OXT_23,AAGTAGGGACAGAATACG,7
GTGAGGCCCAGACTTAGT,OXT_05,GGCGGACAGACTCTAATG,11
ACTGGATGAGGGATAGGG,OXT_22,ACGGGACCGCAGATCGAG,8
ACAGTATGTGGTGCACCG,OXT_10,AAGATGTATCGTGTGCTG,9
TTGGGTAACCTTGGTGTG,OXT_07,GTGGGTGCATTTGCTGTA,7
AGCGGAAGGCAGGCTTAT,OXT_08,GACGGCATTCAGGCACGT,8
AAGAGACTCTACATCCGA,OXT_22,ACGGGACCGCAGATCGAG,9
AAGGCGTCGACGTCATGT,OXT_20,AGGGCCTAGGGATGACGT,8
AGCCTATTGTAGGTTGTG,OXT_01,AGGCTGCGTAAGTCTGCT,10
AGACAAGGAACGTGGCGA,OXT_01,AGGCTGCGTAAGTCTGCT,11
ACCGCTGGTAGGTGGTCT,OXT_01,AGGCTGCGTAAGTCTGCT,10
AGGTGATAGGATCATCGG,OXT_15,AGGGTATAACGTCCTTTG,8
AGTGCGCGACCAGTGGAA,OXT_28,AGCGGCGGCGACGGCGAA,10
ATGTACCATCACAGTGCT,OXT_01,AGGCTGCGTAAGTCTGCT,9
CAATGGTGGATAAGGCAG,OXT_18,TAACGGGTTATCCATAAT,11
TGGCCAAGCCTCAAGGTG,OXT_04,TAGACAGGGCTGACTGTG,7
AGCAAGGATCCGTGGCGA,OXT_09,TGTAGTGCTCGGCTGCCG,10
CGCAGACCTATTACTCTT,OXT_05,GGCGGACAGACTCTAATG,10
GGGGAGATGACTTAGTGT,OXT_26,GGGGCATTCACTGAGCTG,8
GCGCTGGGATAGTTGGCG,OXT_01,AGGCTGCGTAAGTCTGCT,8
ATGCTCGCTGTACTCTGA,OXT_06,ATCATCATCATCATCATC,11
TCGTGGAACTTGCAATCT,OXT_18,TAACGGGTTATCCATAAT,11
AATAGGTGCTACGTAGGT,OXT_02,AGGGGAGCGTGCGGAGGC,10
AGGGTTGGGTTGTCGCTA,OXT_07,GTGGGTGCATTTGCTGTA,9
CGGCATACAGCGTGCATA,OXT_21,GAGCAACGGGTCAGCATT,10
AGCGCGGTTCATGGGCAA,OXT_28,AGCGGCGGCGACGGCGAA,8
AAGGCACCCGTGGATGTC,OXT_12,AATACAGCGGTGTTTCTA,8
ACGGACTCTAGTACGCGG,OXT_10,AAGATGTATCGTGTGCTG,9
TGGTAGTTCTGCCGTGCG,OXT_17,AGGAACTACGATCGTGAA,9
ACGGGGAGTGTGTGCAGC,OXT_01,AGGCTGCGTAAGTCTGCT,11
GGCCATGGTGTGGACGGA,OXT_28,AGCGGCGGCGACGGCGAA,9
TGTGGCATTCCGTCGGTG,OXT_14,TTGAGCGTAACGACAGTG,8
GTGCATGCTCTTTCGTGT,OXT_07,GTGGGTGCATTTGCTGTA,9
GGGAGCCCCTAATCATCA,OXT_24,GGGATTCGGTCATGTCCT,9
ACGGGCCTCAAGGTGCAA,OXT_22,ACGGGACCGCAGATCGAG,8
CGGCAATACCAGCATGGT,OXT_17,AGGAACTACGATCGTGAA,8
GCATACATACCGGGCAGC,OXT_08,GACGGCATTCAGGCACGT,10
GAGAGGCCAAAGGTGTAG,OXT_22,ACGGGACCGCAGATCGAG,9
AAGCGGACTACAGCGGCT,OXT_01,AGGCTGCGTAAGTCTGCT,8
AGAAGACGTCACCTCATC,OXT_05,GGCGGACAGACTCTAATG,10
AAGTCGCATGACGGCTGG,OXT_10,AAGATGTATCGTGTGCTG,10
TGTAGGTTATCCGCTCTG,OXT_14,TTGAGCGTAACGACAGTG,9
GAGCAGTCGGTACCGGTA,OXT_21,GAGCAACGGGTCAGCATT,9
ACGTTACGTGTTGCCATT,OXT_21,GAGCAACGGGTCAGCATT,8
ACGGGTACAGTGTGCTGT,OXT_20,AGGGCCTAGGGATGACGT,10
GTCCAGGAGCTACATTGG,OXT_03,GACTTGGGCTCATGCTGT,11
CAGGCGCATTCACCCGAT,OXT_01,AGGCTGCGTAAGTCTGCT,11
GCAGCATCACATGCGGAG,OXT_22,ACGGGACCGCAGATCGAG,9
AGTGGAAGGCGACGTGTG,OXT_15,AGGGTATAACGTCCTTTG,8
TATAGCTGGTTTGGAGTT,OXT_04,TAGACAGGGCTGACTGTG,10
AGGGACGCGGATCATTTT,OXT_17,AGGAACTACGATCGTGAA,8
AGGGCATCCGACAATAGT,OXT_11,GGGTAAGGGCACAACAGT,8
GGGCAGTAATTGCACGTG,OXT_15,AGGGTATAACGTCCTTTG,10
GCGTTAGTCGTGACGGCT,OXT_04,TAGACAGGGCTGACTGTG,10
CGGGGCTTCTGTACCGGA,OXT_02,AGGGGAGCGTGCGGAGGC,10
GGTAGCGTCAAGTGACTG,OXT_14,TTGAGCGTAACGACAGTG,8
ACGGGTAACAATAGCGAA,OXT_17,AGGAACTACGATCGTGAA,8
CCAGGTAACCTTACGTGG,OXT_15,AGGGTATAACGTCCTTTG,11
AATGGCAATGATAGCTCT,OXT_08,GACGGCATTCAGGCACGT,10
ACCGCGGGGCAAATCGCT,OXT_22,ACGGGACCGCAGATCGAG,8
TGGAGCCTTGCCATTGCG,OXT_14,TTGAGCGTAACGACAGTG,8
AGGTGTTCGCTGAGTATG,OXT_04,TAGACAGGGCTGACTGTG,9
TGTAGGAACGAGCGGCTC,OXT_09,TGTAGTGCTCGGCTGCCG,9
AAGGGCAGCGTGCCGATT,OXT_08,GACGGCATTCAGGCACGT,10
GACATTAGTCCGTGACCA,OXT_24,GGGATTCGGTCATGTCCT,8
AGGGTGCAGGTTGACGTC,OXT_02,AGGGGAGCGTGCGGAGGC,10
ATCCCATGGTGTTATGTG,OXT_04,TAGACAGGGCTGACTGTG,10
CAAGGGTAAGCCTCGTCG,OXT_27,GTAGAATGGGCATCGTCG,7
GGGCACGCAATGTCGGAG,OXT_14,TTGAGCGTAACGACAGTG,9
GTGGAAGTAGGCGCTAGT,OXT_07,GTGGGTGCATTTGCTGTA,9
TAATGTAGTGAAATGTAG,OXT_09,TGTAGTGCTCGGCTGCCG,11
AGGGCTCTAACCGACCGG,OXT_26,GGGGCATTCACTGAGCTG,7
GGCAAGGACAGACTGGCT,OXT_09,TGTAGTGCTCGGCTGCCG,10
ACGGGAGAAGCCCAGTAA,OXT_15,AGGGTATAACGTCCTTTG,10
AAGCAGTGCGGTGCTGAA,OXT_17,AGGAACTACGATCGTGAA,7
AGGTGTGTGCACTCTCGC,OXT_02,AGGGGAGCGTGCGGAGGC,9
GGCTAGCGGCAAACTATG,OXT_11,GGGTAAGGGCACAACAGT,8
AGCAGATGACCGGCACAG,OXT_08,GACGGCATTCAGGCACGT,10
ACCGGAATGTAGGTCGTA,OXT_22,ACGGGACCGCAGATCGAG,7
TACGGCAGTGCATGTTGA,OXT_03,GACTTGGGCTCATGCTGT,9
GAGTAGGCCGTAATAGCT,OXT_03,GACTTGGGCTCATGCTGT,10
GATGGGGTAAGACGCGAG,OXT_18,TAACGGGTTATCCATAAT,10
AATTCGTGAAACGTGTTG,OXT_10,AAGATGTATCGTGTGCTG,9
GGAGGATCCATCGTGGAA,OXT_26,GGGGCATTCACTGAGCTG,9
AGCTGGACGTGGACTAGG,OXT_02,AGGGGAGCGTGCGGAGGC,10
GTGGCTGCACCGGTCCAG,OXT_07,GTGGGTGCATTTGCTGTA,9
ACCAGGTTACTTGTGTGC,OXT_10,AAGATGTATCGTGTGCTG,9
GGGTGGTCACTGTGACAG,OXT_09,TGTAGTGCTCGGCTGCCG,11
GGGCAGAACAATTTGGTG,OXT_26,GGGGCATTCACTGAGCTG,9
GGCGCTCGGTATCGTATG,OXT_05,GGCGGACAGACTCTAATG,7
AGGAGGAAGATGTATGCG,OXT_01,AGGCTGCGTAAGTCTGCT,8
ACACATGTAACGTTGGGT,OXT_01,AGGCTGCGTAAGTCTGCT,11
TGCGGAGATACACAGAGC,OXT_05,GGCGGACAGACTCTAATG,8
AAGGGAACATCACAATGA,OXT_02,AGGGGAGCGTGCGGAGGC,9
GCGGGTAACATTCTCACG,OXT_05,GGCGGACAGACTCTAATG,8
CGGTGATACGTGAATGCG,OXT_04,TAGACAGGGCTGACTGTG,10
ACCTGATTTGTCACGGCG,OXT_22,ACGGGACCGCAGATCGAG,11
GGTAGATCTGGACTGACG,OXT_09,TGTAGTGCTCGGCTGCCG,6
CGCAGGGAGAGTGCAGCA,OXT_25,TGCATCGCAACAGCAGTT,9
GAATGGACAAGTTGTGGG,OXT_13,TATTACACTAGTGGATGG,8
ACGTGATGCTAAGTCCGT,OXT_03,GACTTGGGCTCATGCTGT,10
GCCACTCTGGTGGCTGCG,OXT_04,TAGACAGGGCTGACTGTG,9
AACATGGACGCTCAAGGC,OXT_03,GACTTGGGCTCATGCTGT,10
ATGTGGTTCCAATACGTT,OXT_01,AGGCTGCGTAAGTCTGCT,11
CTTCACAACCGTAGTGTG,OXT_16,ATAAACAGTCTAGCTGTG,9
AGGGTAGACCACAGTTCG,OXT_15,AGGGTATAACGTCCTTTG,7
ATTCCGTGACCGACTGGG,OXT_04,TAGACAGGGCTGACTGTG,9
ATCGGCAAAATGCTAGTG,OXT_05,GGCGGACAGACTCTAATG,8
ACTAAGGTTGCGGTGGCT,OXT_09,TGTAGTGCTCGGCTGCCG,10
ACGCATGGGACCATGAGA,OXT_11,GGGTAAGGGCACAACAGT,9
CTGGGAGTGTATCGTTGT,OXT_02,AGGGGAGCGTGCGGAGGC,9
AGACAAGATCGCGTGTGG,OXT_10,AAGATGTATCGTGTGCTG,9
GGGGACGGTTACTGTGTG,OXT_28,AGCGGCGGCGACGGCGAA,9
AATCATGTCCTGGAAGTG,OXT_04,TAGACAGGGCTGACTGTG,10
ACCGCTGGGAATATGTAG,OXT_22,ACGGGACCGCAGATCGAG,9
GCATGACGGTGAGTAGCT,OXT_02,AGGGGAGCGTGCGGAGGC,10
ATGCGTGCAGCGGAGGCT,OXT_07,GTGGGTGCATTTGCTGTA,9
GAGGCAGGACTAGTGGTA,OXT_04,TAGACAGGGCTGACTGTG,8
ACGGGTAAACTGGGAAGC,OXT_02,AGGGGAGCGTGCGGAGGC,9
GGAGGCATCTCAGTCAAG,OXT_05,GGCGGACAGACTCTAATG,10
GGGCATGCACTTTTGAGT,OXT_11,GGGTAAGGGCACAACAGT,9
AGGTATGAGCTGCGACTT,OXT_20,AGGGCCTAGGGATGACGT,9
GGTATCGGGAGTGCTCGA,OXT_24,GGGATTCGGTCATGTCCT,10
GCGGGTAGACAGAGATGC,OXT_08,GACGGCATTCAGGCACGT,9
GGGGCGCAGGAAATGCAA,OXT_20,AGGGCCTAGGGATGACGT,9
GGGACAGCAGCTACAGGG,OXT_14,TTGAGCGTAACGACAGTG,8
ACAGGTGCCAAACCGTGA,OXT_07,GTGGGTGCATTTGCTGTA,11
CATGGCCAGCGTCTTTCG,OXT_05,GGCGGACAGACTCTAATG,9
GATGCCCGGAGTAGACTG,OXT_05,GGCGGACAGACTCTAATG,9
GCACGGGTATAACAAGCG,OXT_18,TAACGGGTTATCCATAAT,10
AGCCGGGCAGAACAAGCG,OXT_23,AAGTAGGGACAGAATACG,10
GCAGGGTACACGCATATA,OXT_05,GGCGGACAGACTCTAATG,9
TGGCGTGGGGTTAACCCG,OXT_04,TAGACAGGGCTGACTGTG,10
CACAGAGCATGCGTGTGT,OXT_02,AGGGGAGCGTGCGGAGGC,9
ACGACTCGATTGGCTGAG,OXT_04,TAGACAGGGCTGACTGTG,8
GGACATTATCAGCGTTTG,OXT_15,AGGGTATAACGTCCTTTG,9
ACGACTAGTCGGAGGAAG,OXT_04,TAGACAGGGCTGACTGTG,10
AACGTACAGACTAAGTGC,OXT_05,GGCGGACAGACTCTAATG,9
TCGTGGAACCCACGGCAT,OXT_03,GACTTGGGCTCATGCTGT,11
ACATGGGCAGCACCTTGT,OXT_03,GACTTGGGCTCATGCTGT,10
ACCGAATGCTACGTGTCG,OXT_27,GTAGAATGGGCATCGTCG,9
ATGCTGTGCTCATATCCG,OXT_24,GGGATTCGGTCATGTCCT,8
TGGGAAATCGTTACTGGG,OXT_04,TAGACAGGGCTGACTGTG,9
AAGCTCCATCCCTAGGTG,OXT_10,AAGATGTATCGTGTGCTG,8
GGGGCTTCACACGTCTAG,OXT_22,ACGGGACCGCAGATCGAG,9
ATGGGATGCGAGCGCCCT,OXT_28,AGCGGCGGCGACGGCGAA,9
AGCAGATGTGCCTCCGAG,OXT_28,AGCGGCGGCGACGGCGAA,8
GGAGGACGGTCATAGGTG,OXT_27,GTAGAATGGGCATCGTCG,7
TGGTACATACACGCGGCG,OXT_14,TTGAGCGTAACGACAGTG,10
ACACGCGTTTAACGTGCG,OXT_16,ATAAACAGTCTAGCTGTG,10
TCGGGTCCTATCGACTAT,OXT_18,TAACGGGTTATCCATAAT,9
AAGCCGGCAAGGCATGCT,OXT_01,AGGCTGCGTAAGTCTGCT,8
ACCTCGCATAGACGTTCG,OXT_01,AGGCTGCGTAAGTCTGCT,11
AAGCATAAGGACGCAGAT,OXT_17,AGGAACTACGATCGTGAA,10
GGGCCAGTCTTGGTATAG,OXT_26,GGGGCATTCACTGAGCTG,9
GGGCTGGAGAGGCGTTAT,OXT_01,AGGCTGCGTAAGTCTGCT,9
TCCCGAGGAAACCGTGGC,OXT_02,AGGGGAGCGTGCGGAGGC,10
ATGACGAGAGGCGCAGTG,OXT_16,ATAAACAGTCTAGCTGTG,8
ACCAAACCTCACAGTGCG,OXT_22,ACGGGACCGCAGATCGAG,8
CTCAGGGATGTCGCGCCG,OXT_09,TGTAGTGCTCGGCTGCCG,10
ACACGGGATAACGTATGG,OXT_18,TAACGGGTTATCCATAAT,10
GCGGTGGCAAACGGTAAG,OXT_07,GTGGGTGCATTTGCTGTA,10
AGGTATTGGTGCGTCATT,OXT_11,GGGTAAGGGCACAACAGT,8
TGAACGCGTAGTGACCGG,OXT_10,AAGATGTATCGTGTGCTG,10
GAGGGGCACCAAGTACGG,OXT_08,GACGGCATTCAGGCACGT,8
AGGTGTCTCACTATTCGT,OXT_24,GGGATTCGGTCATGTCCT,10
AGGCCATAGTGGTAGTGA,OXT_20,AGGGCCTAGGGATGACGT,8
GCGGAGAGATGACGATTG,OXT_15,AGGGTATAACGTCCTTTG,10
ACGTGCGGCATCCATTGC,OXT_18,TAACGGGTTATCCATAAT,10
GGCAGGCAGTGGAGGAGA,OXT_05,GGCGGACAGACTCTAATG,10
TGACTCGTTATATCTGCT,OXT_01,AGGCTGCGTAAGTCTGCT,7
GCGGCAAGCTTGGTCACT,OXT_21,GAGCAACGGGTCAGCATT,10
ATCATTCCGTCGACGTGA,OXT_24,GGGATTCGGTCATGTCCT,11
TGGCCGACGTTATCATAT,OXT_20,AGGGCCTAGGGATGACGT,10
GAAGGGCCGAAGAGAACT,OXT_05,GGCGGACAGACTCTAATG,10
GGCGTACTTCGGGTATGG,OXT_08,GACGGCATTCAGGCACGT,8
AACGTGTCGTAGTAGTGA,OXT_03,GACTTGGGCTCATGCTGT,10
GCGACCGGAGTCCGTATA,OXT_21,GAGCAACGGGTCAGCATT,9
GAGGGACATGGCTGAGGA,OXT_02,AGGGGAGCGTGCGGAGGC,8
GTAGGGTCCCGTACGTCA,OXT_27,GTAGAATGGGCATCGTCG,9
CGATCCACTCAGGGCACT,OXT_08,GACGGCATTCAGGCACGT,10
GCGTAGCGGACTCGAGCG,OXT_05,GGCGGACAGACTCTAATG,9
TGGCATAGCACCCTGTGT,OXT_11,GGGTAAGGGCACAACAGT,11
AGGGCATGATCACTACAG,OXT_15,AGGGTATAACGTCCTTTG,9
GTGGTCATCGAAGCGTTA,OXT_07,GTGGGTGCATTTGCTGTA,10
GGTACAAGCGACTGGTGG,OXT_27,GTAGAATGGGCATCGTCG,10
GCGGGGTAGGGCAATGTG,OXT_15,AGGGTATAACGTCCTTTG,10
GAGCCCGTCCCATTTCAG,OXT_26,GGGGCATTCACTGAGCTG,10
ATGCCGATGTCGATGTGT,OXT_01,AGGCTGCGTAAGTCTGCT,12
ACCGTACATTCTGGGTGT,OXT_03,GACTTGGGCTCATGCTGT,10
ACACGACCAGACCTGGCT,OXT_22,ACGGGACCGCAGATCGAG,9
ATGTATGAGGGACGCTCT,OXT_20,AGGGCCTAGGGATGACGT,9
GACTCGGAAAGGATCGGG,OXT_03,GACTTGGGCTCATGCTGT,10
GGGCGGACAACCTCATCG,OXT_01,AGGCTGCGTAAGTCTGCT,10
AGACGTTAGCATGATCCT,OXT_01,AGGCTGCGTAAGTCTGCT,11
ATGGGCCCACAGCGCATG,OXT_22,ACGGGACCGCAGATCGAG,7
AAGCGGTAACGGGACGGG,OXT_10,AAGATGTATCGTGTGCTG,8
ATACCGGGAACCATCGCG,OXT_14,TTGAGCGTAACGACAGTG,10
TTCCGGAATTCGAGGTGG,OXT_03,GACTTGGGCTCATGCTGT,11
ATTTCCCTCGTTCACGTG,OXT_06,ATCATCATCATCATCATC,10
TCGCCCGACACCACAATG,OXT_14,TTGAGCGTAACGACAGTG,7
AGAGACAGTGTAGGTGCG,OXT_16,ATAAACAGTCTAGCTGTG,5
AGGGCACTAGTCGCCAGT,OXT_21,GAGCAACGGGTCAGCATT,9
ATGGAGCAAGCCACGATG,OXT_14,TTGAGCGTAACGACAGTG,10
ATGTCGCACGGTGCCATG,OXT_10,AAGATGTATCGTGTGCTG,9
ATCGAAGTCTATCGGTGT,OXT_03,GACTTGGGCTCATGCTGT,10
GTAAACCCTCGCATGTGG,OXT_09,TGTAGTGCTCGGCTGCCG,10
GGGGAAAAGGATCGGTGC,OXT_17,AGGAACTACGATCGTGAA,9
GCTCACGCTAGTTTAATG,OXT_13,TATTACACTAGTGGATGG,8
GTGCCGGACCGCGTACTG,OXT_10,AAGATGTATCGTGTGCTG,8
TGGCACTCGATGGCGTTA,OXT_25,TGCATCGCAACAGCAGTT,10
GATGCGACAGGACCTCTG,OXT_12,AATACAGCGGTGTTTCTA,10
GATTGTGAGCTGCTTGTG,OXT_04,TAGACAGGGCTGACTGTG,8
TTAATGTTCGCGTTCCGT,OXT_03,GACTTGGGCTCATGCTGT,10
GCAGTAACGACGGACGGA,OXT_22,ACGGGACCGCAGATCGAG,10
GGGCAGAGTGCTACAGCG,OXT_01,AGGCTGCGTAAGTCTGCT,9
GAGGTGTTCGAAGGCTGT,OXT_03,GACTTGGGCTCATGCTGT,7
AAGGCGGTGTAGAAGCGG,OXT_23,AAGTAGGGACAGAATACG,8
ATGGCCCCAGGGTGTAGC,OXT_20,AGGGCCTAGGGATGACGT,8
AGTAAGCGGTACCGCGTG,OXT_17,AGGAACTACGATCGTGAA,10
GAACACAATGAGGGCATA,OXT_21,GAGCAACGGGTCAGCATT,9
TAGACGCCAATGGTCAGA,OXT_12,AATACAGCGGTGTTTCTA,10
GTGAGGGCTTATGTGGCG,OXT_07,GTGGGTGCATTTGCTGTA,8
GGGTCCACTGAATCCATG,OXT_11,GGGTAAGGGCACAACAGT,11
AACGCGCAGCGAAAGGTG,OXT_10,AAGATGTATCGTGTGCTG,9
ACAAGGGTGAACTGCGTG,OXT_14,TTGAGCGTAACGACAGTG,10
AGAGGTGTTGTACGCCGG,OXT_09,TGTAGTGCTCGGCTGCCG,10
AAGCGGGATAAACGGCTG,OXT_10,AAGATGTATCGTGTGCTG,8
AGGTTTCGTCGAGGATCG,OXT_24,GGGATTCGGTCATGTCCT,9
CAAAGTCTAGCTCGTCGA,OXT_17,AGGAACTACGATCGTGAA,11
GGACAATCGATAACTGTG,OXT_04,TAGACAGGGCTGACTGTG,9
GCAGGGAACCCAACGATG,OXT_05,GGCGGACAGACTCTAATG,10
GGGGCACAACGACCATGA,OXT_15,AGGGTATAACGTCCTTTG,7
TCACCGTGCATCAAGTCG,OXT_18,TAACGGGTTATCCATAAT,10
GACCAGGAGTACAGCCTT,OXT_21,GAGCAACGGGTCAGCATT,7
AATGACCGCGGTGTATAA,OXT_13,TATTACACTAGTGGATGG,9
TAGATGCAGCTTAATGTG,OXT_04,TAGACAGGGCTGACTGTG,6
TGATGGGTAACCTGTGCA,OXT_18,TAACGGGTTATCCATAAT,9
ACGACATCTATGGTTGTG,OXT_04,TAGACAGGGCTGACTGTG,8
ACAGGTACAGTGTAGGCG,OXT_22,ACGGGACCGCAGATCGAG,10
TGGGGACTGGTAATCATG,OXT_05,GGCGGACAGACTCTAATG,8
GTAGCCCGTCTGAGGTCG,OXT_27,GTAGAATGGGCATCGTCG,9
TAGGGTGCTGCCTGATGT,OXT_02,AGGGGAGCGTGCGGAGGC,9
GGGCAACTTGATTCCACT,OXT_01,AGGCTGCGTAAGTCTGCT,8
AAGGACTCTAGTGCTGAG,OXT_13,TATTACACTAGTGGATGG,8
GTAGTACCGTGTTCTAGG,OXT_27,GTAGAATGGGCATCGTCG,9
ACACAGAGGAAGACGGCG,OXT_01,AGGCTGCGTAAGTCTGCT,8
GGCAAGACAGAGGAGGGA,OXT_08,GACGGCATTCAGGCACGT,11
ACGTCCATAAGTAACGTG,OXT_14,TTGAGCGTAACGACAGTG,9
AGACACGACATGCCAGTG,OXT_14,TTGAGCGTAACGACAGTG,9
GGCCCGGACCAGGATTTG,OXT_23,AAGTAGGGACAGAATACG,10
ACATAGGAAAGTCAGTGA,OXT_13,TATTACACTAGTGGATGG,11
ATACGCTCCGTGTGTGGA,OXT_17,AGGAACTACGATCGTGAA,9
AGGACGCCTAGACGACTG,OXT_10,AAGATGTATCGTGTGCTG,9
AGGTGACTAGACGCGTAT,OXT_28,AGCGGCGGCGACGGCGAA,10
ACGTATTACGATCGGTTA,OXT_17,AGGAACTACGATCGTGAA,6
ATGGTGAGACGCGACTTG,OXT_15,AGGGTATAACGTCCTTTG,8
GGCGGTATTATCGCGGCT,OXT_08,GACGGCATTCAGGCACGT,8
GATAAGCTCAGCCCACAC,OXT_18,TAACGGGTTATCCATAAT,11
TACCCTGCCAACCGCGTG,OXT_19,CCCCCCCCCCCCCCCCCC,10
ATAGGTCACTGCACGTCG,OXT_27,GTAGAATGGGCATCGTCG,10
AAGGGCCTGAGCATTCTT,OXT_06,ATCATCATCATCATCATC,10
GGTAAGGTTGTCTATGCT,OXT_18,TAACGGGTTATCCATAAT,9
ACCGCAGTGCAATGAGGT,OXT_20,AGGGCCTAGGGATGACGT,8
GACTCGCAGTCTAGTGAA,OXT_03,GACTTGGGCTCATGCTGT,10
AACATGGACGCGTATCTT,OXT_12,AATACAGCGGTGTTTCTA,8
CGGGTAGTCACATGAGCT,OXT_24,GGGATTCGGTCATGTCCT,9
GGGCAGGTAAGATAGCGG,OXT_26,GGGGCATTCACTGAGCTG,9
GCTGGTCAAGGCTTAGCA,OXT_05,GGCGGACAGACTCTAATG,11
TCGAGGAGTCATGTAGAG,OXT_10,AAGATGTATCGTGTGCTG,9
ATGGAGCATGCCGCTTTT,OXT_01,AGGCTGCGTAAGTCTGCT,10
ACGGTGGCTGACGGCATC,OXT_02,AGGGGAGCGTGCGGAGGC,9
TGGGGCTCAATGCAACGG,OXT_14,TTGAGCGTAACGACAGTG,9
ACAGTAGAACGAGCGGAG,OXT_15,AGGGTATAACGTCCTTTG,8
AGCAATAGGGCGTTGCAA,OXT_12,AATACAGCGGTGTTTCTA,9
GACAAGCAGAAGAGGTGA,OXT_03,GACTTGGGCTCATGCTGT,11
GCTAGAGCTAACATGTTG,OXT_09,TGTAGTGCTCGGCTGCCG,9
GTCCTCGGGTTGATGCGT,OXT_03,GACTTGGGCTCATGCTGT,10
TACAGGTAGCCGTGCGGT,OXT_03,GACTTGGGCTCATGCTGT,9
ACTAGCGGCATAGCGTGT,OXT_16,ATAAACAGTCTAGCTGTG,10
ACATGGCAGACGAGGTGA,OXT_22,ACGGGACCGCAGATCGAG,11
GAGGAGCAAGTACATGTA,OXT_07,GTGGGTGCATTTGCTGTA,9
AGACGCGGCTGCATACGT,OXT_02,AGGGGAGCGTGCGGAGGC,9
TTAGCGCAGCCTAAGTGT,OXT_27,GTAGAATGGGCATCGTCG,11
AGCAGGGCTTGACCGCGA,OXT_09,TGTAGTGCTCGGCTGCCG,8
GAGCAACAATTCCGCTCA,OXT_21,GAGCAACGGGTCAGCATT,7
GCACGTGGACTGTCTGAG,OXT_04,TAGACAGGGCTGACTGTG,9
ATACGGTCGCTAAATACA,OXT_18,TAACGGGTTATCCATAAT,10
GTAGAGACAACGCTCCTG,OXT_05,GGCGGACAGACTCTAATG,10
TTCCGGGTACAGCCCTTT,OXT_14,TTGAGCGTAACGACAGTG,9
GAGGGACCATCAGTGTGA,OXT_07,GTGGGTGCATTTGCTGTA,9
TGCGGGCAATGCATGACA,OXT_05,GGCGGACAGACTCTAATG,10
ACACGATTGATCAGTTGG,OXT_18,TAACGGGTTATCCATAAT,10
GGGGACATCGATGCGTCT,OXT_08,GACGGCATTCAGGCACGT,9
ATTCCTAGTCCTTCGTGT,OXT_01,AGGCTGCGTAAGTCTGCT,11
GGCAGGTGGTATTGGCGG,OXT_24,GGGATTCGGTCATGTCCT,9
GAGGGCGCACAGCACAGT,OXT_08,GACGGCATTCAGGCACGT,8
ACGGCGTGGCCAACTGTG,OXT_04,TAGACAGGGCTGACTGTG,7
GCGATAATGGGTTCGAGG,OXT_27,GTAGAATGGGCATCGTCG,10
TTGGCGACCCGGGATCGG,OXT_26,GGGGCATTCACTGAGCTG,10
AGGGTGATGGCCGAGTAG,OXT_26,GGGGCATTCACTGAGCTG,9
TATAGCGTACATCCGATC,OXT_14,TTGAGCGTAACGACAGTG,9
AACTGGTCCCAGGTGAGC,OXT_08,GACGGCATTCAGGCACGT,10
AACACGGCTTACGTATGA,OXT_02,AGGGGAGCGTGCGGAGGC,10
GATGAGCGGCGATGATGC,OXT_03,GACTTGGGCTCATGCTGT,9
GGGGACAATCGACTGCCG,OXT_09,TGTAGTGCTCGGCTGCCG,8
ACCTAGCTGGTGACGCTG,OXT_04,TAGACAGGGCTGACTGTG,11
GGGCAGCGTACGCGATAT,OXT_01,AGGCTGCGTAAGTCTGCT,8
GCGGGCCGTCTCTACCAT,OXT_08,GACGGCATTCAGGCACGT,10
GTTATGACGTCACGGTCT,OXT_24,GGGATTCGGTCATGTCCT,8
AGGGTGTCCTAACATTGT,OXT_15,AGGGTATAACGTCCTTTG,9
AGCCGCCCGTGCAGGGTG,OXT_02,AGGGGAGCGTGCGGAGGC,8
GCAGGCAGGAATCACGAG,OXT_22,ACGGGACCGCAGATCGAG,9
CATGGCTGCTCGATTCCG,OXT_09,TGTAGTGCTCGGCTGCCG,11
ACCCGGGCAGGGTGCTAA,OXT_28,AGCGGCGGCGACGGCGAA,9
AGGGACGAAAGTCGGAGG,OXT_15,AGGGTATAACGTCCTTTG,8
AAGCTCGAAGAGTGCGCA,OXT_01,AGGCTGCGTAAGTCTGCT,9
GGGCATTCTCCAGACTAT,OXT_11,GGGTAAGGGCACAACAGT,10
GCACGATGGTTGAGACGG,OXT_21,GAGCAACGGGTCAGCATT,10
TAGGAGGTACAGGAGGCT,OXT_23,AAGTAGGGACAGAATACG,7
AGAGGCCGATTCAGGACA,OXT_28,AGCGGCGGCGACGGCGAA,9
ATGCGATTCTAGGCGGCT,OXT_01,AGGCTGCGTAAGTCTGCT,9
AGTGCCTGTGTACCAACT,OXT_20,AGGGCCTAGGGATGACGT,8
GTGCTGGGAAGAGGGATG,OXT_10,AAGATGTATCGTGTGCTG,10
AGGGTGATCGACATGTCC,OXT_06,ATCATCATCATCATCATC,9
AGGAGACTTGGGTATGTA,OXT_01,AGGCTGCGTAAGTCTGCT,9
GCCAGAGTACAGCCGCTT,OXT_08,GACGGCATTCAGGCACGT,8
ATGAGGTTGAATGTGCGT,OXT_10,AAGATGTATCGTGTGCTG,8
GGACGGCGAATACTGCTA,OXT_05,GGCGGACAGACTCTAATG,10
TGCAGAGCGCTGATGTGT,OXT_09,TGTAGTGCTCGGCTGCCG,8
GGCAGCCGTGTAGAAGAT,OXT_25,TGCATCGCAACAGCAGTT,9
GGTATTATAATGCCGCGT,OXT_08,GACGGCATTCAGGCACGT,10
AACACCGGAATAACAGTG,OXT_04,TAGACAGGGCTGACTGTG,7
CCGAGGGTGTTAACCGGT,OXT_04,TAGACAGGGCTGACTGTG,10
GGGCTATACGTGAAACAT,OXT_20,AGGGCCTAGGGATGACGT,10
GGTGGAACATTAGGGCGA,OXT_02,AGGGGAGCGTGCGGAGGC,9
ATGTAGGGTAAATGTTGT,OXT_01,AGGCTGCGTAAGTCTGCT,8
TTGGACACCGGGTCGTTG,OXT_27,GTAGAATGGGCATCGTCG,9
TGGTGGATGGACACGCTT,OXT_11,GGGTAAGGGCACAACAGT,10
ATGGTGGACGTAGACGCG,OXT_28,AGCGGCGGCGACGGCGAA,10
GCTGCGCGAGCTCAGTAT,OXT_26,GGGGCATTCACTGAGCTG,11
GAGGGTAATAGTCTTGCT,OXT_05,GGCGGACAGACTCTAATG,10
ACGGGAATGCGTGCGATG,OXT_15,AGGGTATAACGTCCTTTG,8
AACACAGGAGACGCGAGC,OXT_28,AGCGGCGGCGACGGCGAA,10
TCGTACCACACGTGGGCT,OXT_01,AGGCTGCGTAAGTCTGCT,10
TAGCGGATATAAAGGCGT,OXT_08,GACGGCATTCAGGCACGT,10
GGGACATTCATCCTCAGG,OXT_26,GGGGCATTCACTGAGCTG,8
GTGTGCGCTCAACATGTA,OXT_07,GTGGGTGCATTTGCTGTA,8
ACATGAGGGCATAAGAGG,OXT_11,GGGTAAGGGCACAACAGT,7
GCTGGAGGCTGATTTGCT,OXT_03,GACTTGGGCTCATGCTGT,10
GAAGCGGTAGGTTAACGT,OXT_20,AGGGCCTAGGGATGACGT,9
TCGAGGTGGAATTTGCCG,OXT_10,AAGATGTATCGTGTGCTG,9
GGTACAGTGATATTGGTA,OXT_12,AATACAGCGGTGTTTCTA,7
GGGCCACATCGTTATGCG,OXT_01,AGGCTGCGTAAGTCTGCT,9
GCAGGACGATTGTACGAG,OXT_22,ACGGGACCGCAGATCGAG,8
TACGGTACGATCTTCATG,OXT_05,GGCGGACAGACTCTAATG,9
CATGATCAGTACCGTGTA,OXT_17,AGGAACTACGATCGTGAA,10
AGCGTGATGGAGTCCTGT,OXT_01,AGGCTGCGTAAGTCTGCT,9
AGGATCGGTGCCGTTCTA,OXT_10,AAGATGTATCGTGTGCTG,9
TAGGCGGATATGAGGAGG,OXT_04,TAGACAGGGCTGACTGTG,9
GAAGGGACAGAGGCATCA,OXT_08,GACGGCATTCAGGCACGT,8
AGCCGTGCTAACCTGCGA,OXT_09,TGTAGTGCTCGGCTGCCG,8
GGTACGTCACGCGTTGCT,OXT_09,TGTAGTGCTCGGCTGCCG,10
GGGAGCTGTGTGAGCATG,OXT_21,GAGCAACGGGTCAGCATT,8
CGCACTGACATGTAAGCT,OXT_25,TGCATCGCAACAGCAGTT,10
AGACCGAAGAAGCGTGTG,OXT_01,AGGCTGCGTAAGTCTGCT,9
TACAGCTGGTCTGTGGGA,OXT_10,AAGATGTATCGTGTGCTG,11
AGGACACTGTGTGTCGTG,OXT_02,AGGGGAGCGTGCGGAGGC,9
GGGGCGCTACTGTACGGT,OXT_01,AGGCTGCGTAAGTCTGCT,10
AGACGATGCACCCATTTG,OXT_15,AGGGTATAACGTCCTTTG,9
GGCGGAGCATGATGTCAG,OXT_02,AGGGGAGCGTGCGGAGGC,9
TCGAGATGAGACGTCGTA,OXT_28,AGCGGCGGCGACGGCGAA,9
CAACGAGAGTCGGACGCT,OXT_02,AGGGGAGCGTGCGGAGGC,11
ATAACAAGCAGCAGACGG,OXT_06,ATCATCATCATCATCATC,10
TTGGGATGAGCACGGTGG,OXT_27,GTAGAATGGGCATCGTCG,7
AGGCGTAGGCTGGTAGGT,OXT_02,AGGGGAGCGTGCGGAGGC,9
GTTACGGCGTGAGTAAGG,OXT_02,AGGGGAGCGTGCGGAGGC,10
AGTAAGCAGAAGAGCGGG,OXT_22,ACGGGACCGCAGATCGAG,9
ACAGGTGTTCCGACTGCA,OXT_07,GTGGGTGCATTTGCTGTA,10
ACCGGAACGGGGGGGATA,OXT_02,AGGGGAGCGTGCGGAGGC,9
AAGGAGCATATCAGGTCA,OXT_21,GAGCAACGGGTCAGCATT,10
ACGTCACGTGTCAGTGTT,OXT_21,GAGCAACGGGTCAGCATT,7
GGGGCAGCGCTGTGCATT,OXT_11,GGGTAAGGGCACAACAGT,8
GACGAGGAGTACCAGCTG,OXT_05,GGCGGACAGACTCTAATG,10
ATAGGTGAAGAACGATGT,OXT_20,AGGGCCTAGGGATGACGT,9
TGGAGACACTCAGGACGT,OXT_24,GGGATTCGGTCATGTCCT,8
CAGGTAGTGATGATGGTG,OXT_04,TAGACAGGGCTGACTGTG,7
GTAGGGACATCAACGTTG,OXT_27,GTAGAATGGGCATCGTCG,8
GGATAGAGGCTGGACGCT,OXT_11,GGGTAAGGGCACAACAGT,8
ACCGCAAGATTGGATGGG,OXT_04,TAGACAGGGCTGACTGTG,10
TAGGGACCAGGACTGTAA,OXT_22,ACGGGACCGCAGATCGAG,10
GTGTTCGCATTTAGTCGA,OXT_07,GTGGGTGCATTTGCTGTA,7
TCGACCAGCTACGTCGTG,OXT_04,TAGACAGGGCTGACTGTG,10
AGGTAACGTGCAAGAGAG,OXT_17,AGGAACTACGATCGTGAA,10
ACACGGGAGCGGGAAAGG,OXT_02,AGGGGAGCGTGCGGAGGC,10
GCATGATCAGCGGTTTCT,OXT_27,GTAGAATGGGCATCGTCG,10
GGTGCGGCTTACTCTGGA,OXT_07,GTGGGTGCATTTGCTGTA,9
GGAGGCAATTACGATGAG,OXT_28,AGCGGCGGCGACGGCGAA,9
CAGTCCCCAGGACGCGTG,OXT_13,TATTACACTAGTGGATGG,11
AGCCTACTCATACGGCGG,OXT_26,GGGGCATTCACTGAGCTG,10
GCAACGGTGCAAAGTGTA,OXT_04,TAGACAGGGCTGACTGTG,9
TCTGGCGTGTTCAGTAGT,OXT_18,TAACGGGTTATCCATAAT,9
AAGCAGAACAGTGCGGTG,OXT_10,AAGATGTATCGTGTGCTG,7
CGGCGGGGATACACGCGG,OXT_11,GGGTAAGGGCACAACAGT,10
TGGCCAGCGGAGCGTGAT,OXT_04,TAGACAGGGCTGACTGTG,9
GTCGTACCCTCGATCGGG,OXT_22,ACGGGACCGCAGATCGAG,8
GCCACACGGTAGGACTGG,OXT_11,GGGTAAGGGCACAACAGT,10
ACAGTTGTGGCTAGTAGG,OXT_02,AGGGGAGCGTGCGGAGGC,12
TGTGGATACTCAGTCGCG,OXT_05,GGCGGACAGACTCTAATG,10
ATGGACGGCAATTCGTAG,OXT_27,GTAGAATGGGCATCGTCG,9
TGGGATAATGTAACACTG,OXT_16,ATAAACAGTCTAGCTGTG,10
ATGAAGCAGTGTCGAGTG,OXT_10,AAGATGTATCGTGTGCTG,9
TTCAAGGTAGTGATGTAA,OXT_14,TTGAGCGTAACGACAGTG,10
TTGGTATCAGCACGGTGC,OXT_27,GTAGAATGGGCATCGTCG,9
AGGGCTGAGCACTGCTTT,OXT_20,AGGGCCTAGGGATGACGT,8
AAGGCAGATGTGACGGGC,OXT_04,TAGACAGGGCTGACTGTG,8
TGGGTAGGACACAGGTAA,OXT_11,GGGTAAGGGCACAACAGT,9
AGCGGATAAGGGGCTACT,OXT_15,AGGGTATAACGTCCTTTG,8
CTAGTCCCTAGATGCGTG,OXT_16,ATAAACAGTCTAGCTGTG,10
TCGCGGTGAATGAAGCTG,OXT_14,TTGAGCGTAACGACAGTG,9
GCTGGAACCACCAACGTG,OXT_22,ACGGGACCGCAGATCGAG,9
GGGGCAGGGACAGAGCAA,OXT_26,GGGGCATTCACTGAGCTG,6
GAACATAGATGGACGGCG,OXT_23,AAGTAGGGACAGAATACG,10
AGGGAAGCCAAGTGCGGT,OXT_02,AGGGGAGCGTGCGGAGGC,8
ACATGATCAGGAGCAGTG,OXT_02,AGGGGAGCGTGCGGAGGC,10
ATGAGGTACCCTGGAAGG,OXT_10,AAGATGTATCGTGTGCTG,8
GGGGAGGTCAACCGCGCG,OXT_28,AGCGGCGGCGACGGCGAA,9
ACAGGTCTAAGTCTTGTG,OXT_05,GGCGGACAGACTCTAATG,9
ATGCACGGAGTGGAATGT,OXT_23,AAGTAGGGACAGAATACG,10
GTGGGACCGACCCGTTAT,OXT_05,GGCGGACAGACTCTAATG,9
AGTTGGACGTTGAACGCT,OXT_22,ACGGGACCGCAGATCGAG,10
TTGCCTAATACGCACGGT,OXT_01,AGGCTGCGTAAGTCTGCT,11
ACCATCGTGCTGGAGTCG,OXT_04,TAGACAGGGCTGACTGTG,11
ACGGAACGTTGTGCAGTG,OXT_02,AGGGGAGCGTGCGGAGGC,9
CGGGCGGACAGCATCCTA,OXT_26,GGGGCATTCACTGAGCTG,10
AACACCGATACCCATGTG,OXT_04,TAGACAGGGCTGACTGTG,10
TGGACAGCCGCTTCGGTA,OXT_04,TAGACAGGGCTGACTGTG,9
ATGAACACATAGGCGCGT,OXT_08,GACGGCATTCAGGCACGT,9
GGGTGAAGGCTGTTATGC,OXT_11,GGGTAAGGGCACAACAGT,9
AAGTGATGCGGCTGTCCA,OXT_12,AATACAGCGGTGTTTCTA,10
ATCGCATCACCGTGGTTG,OXT_15,AGGGTATAACGTCCTTTG,9
GTGGAACCGACAAAGCCG,OXT_27,GTAGAATGGGCATCGTCG,7
ATGCCGATATGCGCTCCG,OXT_01,AGGCTGCGTAAGTCTGCT,11
GGTCGAGTACAGACTGGG,OXT_04,TAGACAGGGCTGACTGTG,9
ACATCTGGCAAGAAGGTG,OXT_23,AAGTAGGGACAGAATACG,9
GGGCCAATTCCGCTCTTG,OXT_26,GGGGCATTCACTGAGCTG,9
ACGCCCGGTCATCACCTG,OXT_10,AAGATGTATCGTGTGCTG,10
TTGGGTTATCACAGTTAG,OXT_15,AGGGTATAACGTCCTTTG,10
TAGGCGCAGTTTATTCGG,OXT_04,TAGACAGGGCTGACTGTG,9
TACCCGGGATTACGGTAG,OXT_03,GACTTGGGCTCATGCTGT,9
TCGGTACGGTCCAATAGG,OXT_11,GGGTAAGGGCACAACAGT,9
ACGAGGGTGATATCGGCG,OXT_14,TTGAGCGTAACGACAGTG,9
GGACTGAGCGTGACTAGC,OXT_01,AGGCTGCGTAAGTCTGCT,10
ACGAGGCATCACGGGTTT,OXT_10,AAGATGTATCGTGTGCTG,8
TCACGGGTCATCCTTATC,OXT_18,TAACGGGTTATCCATAAT,5
TATGGGCCCTGAACATAG,OXT_13,TATTACACTAGTGGATGG,10
GGTTACCGTGAGCCTAGG,OXT_01,AGGCTGCGTAAGTCTGCT,10
ATACGCCACAGTGACTCT,OXT_01,AGGCTGCGTAAGTCTGCT,12
ACACCCGTGCAAGTCGTG,OXT_16,ATAAACAGTCTAGCTGTG,9
ACAGGGCAGATAATAGCG,OXT_22,ACGGGACCGCAGATCGAG,8
AACGGCTACCAACTAGTG,OXT_05,GGCGGACAGACTCTAATG,9
GGGAACGGTGTCCAGATA,OXT_11,GGGTAAGGGCACAACAGT,9
GGGCACAGATGGCGTACT,OXT_24,GGGATTCGGTCATGTCCT,9
ACCGCAGTGACTGCTGTT,OXT_25,TGCATCGCAACAGCAGTT,9
AACGGGCCCAAAGTGTGA,OXT_28,AGCGGCGGCGACGGCGAA,10
TGGGCTCCTGCCTCATGA,OXT_20,AGGGCCTAGGGATGACGT,10
GCCCGGATGGAGGGACAT,OXT_08,GACGGCATTCAGGCACGT,7
GGAGGACTCAGGCGGTAT,OXT_05,GGCGGACAGACTCTAATG,10
GACGGTGCCAACGGAGGA,OXT_28,AGCGGCGGCGACGGCGAA,7
TGCAGGCAGACGCGATCC,OXT_05,GGCGGACAGACTCTAATG,8
GCAGAAGAAGGAGGTCGA,OXT_20,AGGGCCTAGGGATGACGT,10
CATGGACCTGTACGTTCG,OXT_09,TGTAGTGCTCGGCTGCCG,11
GTCCGGGATCGAGAATGG,OXT_08,GACGGCATTCAGGCACGT,10
ACGGGAACCACCGACGCG,OXT_22,ACGGGACCGCAGATCGAG,8
GGAGGATTACCTTGGGCG,OXT_26,GGGGCATTCACTGAGCTG,8
GAGGCAGGTGCAGAGTGT,OXT_03,GACTTGGGCTCATGCTGT,9
ACGGCTCATGCGGGAGCA,OXT_20,AGGGCCTAGGGATGACGT,10
ACGGGGAGCTCAGGCTTT,OXT_03,GACTTGGGCTCATGCTGT,8
CTACCGTCATACGAGGCT,OXT_29,CCCCCCCCCCCCCCGCCC,11
AATTCGAGGCGTAATCAT,OXT_23,AAGTAGGGACAGAATACG,9
GGGGCAAGAACCATAGCG,OXT_05,GGCGGACAGACTCTAATG,9
GTGCGTTGATAGGGCCGG,OXT_07,GTGGGTGCATTTGCTGTA,10
GGAGGCGAGAGACAACAT,OXT_20,AGGGCCTAGGGATGACGT,8
ACCGGTGGAAGCGGCGTA,OXT_28,AGCGGCGGCGACGGCGAA,6
GAAGGCTGCGGCATGTGT,OXT_27,GTAGAATGGGCATCGTCG,10
AGTAGGGCCACGTATCTA,OXT_12,AATACAGCGGTGTTTCTA,7
CGGTGGGAAGAGACTTAG,OXT_23,AAGTAGGGACAGAATACG,8
GCGAGAGAGTACATAGTG,OXT_22,ACGGGACCGCAGATCGAG,8
AAGGCATACTCATCCTGA,OXT_03,GACTTGGGCTCATGCTGT,9
GAGCAGAAGACTCGGAAT,OXT_21,GAGCAACGGGTCAGCATT,9
TTGGGATATGCGCATGGG,OXT_14,TTGAGCGTAACGACAGTG,10
ACACCCTTGTAATAACCA,OXT_20,AGGGCCTAGGGATGACGT,9
AGGGCACTAGTCGCGCGT,OXT_20,AGGGCCTAGGGATGACGT,9
AGGTCACTCGTAGCTCGT,OXT_20,AGGGCCTAGGGATGACGT,9
AAAGAGCTGACAGGACGG,OXT_13,TATTACACTAGTGGATGG,10
TCGGCCGAGGTGAACGGG,OXT_04,TAGACAGGGCTGACTGTG,8
GCTGCAGACGTAGAGTTG,OXT_26,GGGGCATTCACTGAGCTG,8
TAGTGTGGTTACGGTTGT,OXT_03,GACTTGGGCTCATGCTGT,9
GCGACCAGAACAGGTGTG,OXT_16,ATAAACAGTCTAGCTGTG,8
AGGGAAGACAGGGGAAGA,OXT_02,AGGGGAGCGTGCGGAGGC,7
TGCGGTCCAGATGAAGCT,OXT_25,TGCATCGCAACAGCAGTT,9
GCTGGATGAGACGCTGTG,OXT_07,GTGGGTGCATTTGCTGTA,9
GGGTATCAAGGCCCCGAA,OXT_17,AGGAACTACGATCGTGAA,9
GCCACGGCGTTGAGTTCT,OXT_03,GACTTGGGCTCATGCTGT,10
ATAGAGAACAGCCGCTGT,OXT_03,GACTTGGGCTCATGCTGT,11
GGACGAGACGTGCACATG,OXT_05,GGCGGACAGACTCTAATG,9
GGTGCTCTGTACCGTGTC,OXT_02,AGGGGAGCGTGCGGAGGC,10
AGCACGATAAGGCTGGCG,OXT_09,TGTAGTGCTCGGCTGCCG,9
TACACCAAACGTTGGAGC,OXT_13,TATTACACTAGTGGATGG,10
ACGCCAATTGTGGTGTGC,OXT_12,AATACAGCGGTGTTTCTA,11
GCATCCGCAGGTTTGCAA,OXT_12,AATACAGCGGTGTTTCTA,10
ACGGATCAGGACGGACCT,OXT_20,AGGGCCTAGGGATGACGT,8
ACTGAGATACACCTTCCG,OXT_23,AAGTAGGGACAGAATACG,9
AAGCCGGGAAGCGAATCT,OXT_23,AAGTAGGGACAGAATACG,9
GGGGAACTATCGTACCGG,OXT_26,GGGGCATTCACTGAGCTG,8
ATGTCTAGTGTTCGTCGG,OXT_16,ATAAACAGTCTAGCTGTG,10
TCCGGGCTGCGTTGATCT,OXT_05,GGCGGACAGACTCTAATG,11
GGTGGTAACCTACTATAG,OXT_05,GGCGGACAGACTCTAATG,9
GGGGATGAGTGACGGTGT,OXT_20,AGGGCCTAGGGATGACGT,8
TCAACGGGCAAAGTACGA,OXT_25,TGCATCGCAACAGCAGTT,11
AAGCAGGGGAAGAGCGCT,OXT_01,AGGCTGCGTAAGTCTGCT,7
AGCCACGATTTGGTTCAG,OXT_16,ATAAACAGTCTAGCTGTG,10
AGGTGATAATGGTCCGTG,OXT_15,AGGGTATAACGTCCTTTG,7
TACGGTAAGGTCCCTGTG,OXT_04,TAGACAGGGCTGACTGTG,9
TCCACATGTGTGCCGCTG,OXT_04,TAGACAGGGCTGACTGTG,8
GGTGGATACAACAGGCAG,OXT_26,GGGGCATTCACTGAGCTG,8
CTCGCCATGACGGTGTGC,OXT_06,ATCATCATCATCATCATC,10
AACGGCAGCATACAAGTG,OXT_16,ATAAACAGTCTAGCTGTG,9
GTACCTGGTGTCGACTTC,OXT_21,GAGCAACGGGTCAGCATT,10
GAGGTGACTTCATCCGCT,OXT_03,GACTTGGGCTCATGCTGT,8
ATGGACCGTAGCCTTCGG,OXT_16,ATAAACAGTCTAGCTGTG,10
TGCGGCAAAGTCGGTATG,OXT_28,AGCGGCGGCGACGGCGAA,9
GTAGGTCAGATTACAGTG,OXT_05,GGCGGACAGACTCTAATG,7
GAGGGATGCCCGACGGTA,OXT_04,TAGACAGGGCTGACTGTG,8
ACGTGATAACTGCATGTG,OXT_15,AGGGTATAACGTCCTTTG,7
GGGGCATTGCAGCATGGG,OXT_26,GGGGCATTCACTGAGCTG,8
TCGCCTCAGTCGTCCAAG,OXT_22,ACGGGACCGCAGATCGAG,10
TCTGGTACCACGTGCTAG,OXT_13,TATTACACTAGTGGATGG,10
GACGGCTGCTACGAAATC,OXT_08,GACGGCATTCAGGCACGT,9
CTAGGTAAGGTGGGATTA,OXT_07,GTGGGTGCATTTGCTGTA,10
ACGGTACAGTTGGTGACG,OXT_22,ACGGGACCGCAGATCGAG,8
AGGGCAGAATACGTAACT,OXT_02,AGGGGAGCGTGCGGAGGC,8
AGGTCGCGTATGCCCACG,OXT_01,AGGCTGCGTAAGTCTGCT,7
AGCGGACGTCTCATGTTG,OXT_05,GGCGGACAGACTCTAATG,9
GAGGGCAATGTGACGGCG,OXT_08,GACGGCATTCAGGCACGT,9
AATACGGCGACCATAGCT,OXT_12,AATACAGCGGTGTTTCTA,9
ATCACGCATGAGGACGGT,OXT_01,AGGCTGCGTAAGTCTGCT,10
GAGGGCAGAGCAATCCAA,OXT_28,AGCGGCGGCGACGGCGAA,10
AGGGAGATAGCGTGCTTG,OXT_15,AGGGTATAACGTCCTTTG,10
TGCTACGAGTTGCAGGCT,OXT_09,TGTAGTGCTCGGCTGCCG,11
GCGTGGACAGTGTTGCTA,OXT_12,AATACAGCGGTGTTTCTA,9
ATCGGCAGTAGACACGCT,OXT_16,ATAAACAGTCTAGCTGTG,10
GCGGGAAGGACAGTGAAG,OXT_05,GGCGGACAGACTCTAATG,8
GGGGCTAGGCTATAGTCG,OXT_27,GTAGAATGGGCATCGTCG,8
TAGCACGTGCACTCTAAG,OXT_04,TAGACAGGGCTGACTGTG,9
GAGGCCTCGACGTAGCAG,OXT_26,GGGGCATTCACTGAGCTG,7
AGATTCACATCCGGAGAT,OXT_25,TGCATCGCAACAGCAGTT,8
AAGGGCACATTGTATGAT,OXT_07,GTGGGTGCATTTGCTGTA,9
AGGTAGCAACCCCGTATG,OXT_15,AGGGTATAACGTCCTTTG,8
CACGGGGCATGTTACCGA,OXT_03,GACTTGGGCTCATGCTGT,10
AAGCAGAATACGAAGTTA,OXT_10,AAGATGTATCGTGTGCTG,10
ACGAGAGGATGACGATTG,OXT_02,AGGGGAGCGTGCGGAGGC,9
GGACATGCAGTTGAGGCG,OXT_07,GTGGGTGCATTTGCTGTA,9
GGGCATGAGGTAAGAAAG,OXT_21,GAGCAACGGGTCAGCATT,8
AGGTGAATCGTCCTGTTG,OXT_06,ATCATCATCATCATCATC,10
AGAGGCCAGTACAATGCT,OXT_01,AGGCTGCGTAAGTCTGCT,10
ACTCAGTTGGGATGCTCT,OXT_20,AGGGCCTAGGGATGACGT,9
TTCACAGTGGTAATGCGG,OXT_04,TAGACAGGGCTGACTGTG,9
AAGGTCGCACATTGGGTT,OXT_07,GTGGGTGCATTTGCTGTA,10
TAATGATCCCTGACCTTG,OXT_04,TAGACAGGGCTGACTGTG,8
TCGGGACGCAGGGCTAAT,OXT_01,AGGCTGCGTAAGTCTGCT,10
AGGATGGACACGACGCCG,OXT_01,AGGCTGCGTAAGTCTGCT,9
ACGGCGTCCAGTGGTGTA,OXT_07,GTGGGTGCATTTGCTGTA,9
GTGCATTCCGCTCACTCA,OXT_17,AGGAACTACGATCGTGAA,10
AACGTCACGGCATCGTGG,OXT_27,GTAGAATGGGCATCGTCG,8
AGGGCGTTAGCGTTGGAG,OXT_26,GGGGCATTCACTGAGCTG,9
GCGGAGGCTCTAAGTGCT,OXT_07,GTGGGTGCATTTGCTGTA,10
TCGCTGTGGCTGCCACTG,OXT_04,TAGACAGGGCTGACTGTG,8
GATGTCCATGAAGCTGTG,OXT_16,ATAAACAGTCTAGCTGTG,9
CGGGGAGAAGGTATGGCG,OXT_15,AGGGTATAACGTCCTTTG,9
TGGTCAACGGATGAGGAT,OXT_11,GGGTAAGGGCACAACAGT,10
ATGCAGGTCGAAGCAAGT,OXT_01,AGGCTGCGTAAGTCTGCT,11
ACATCACGTCAGTGTTTG,OXT_01,AGGCTGCGTAAGTCTGCT,10
GGCTGAGCTCTTGATTTT,OXT_07,GTGGGTGCATTTGCTGTA,9
AGGCTGTCACTGCTTCGT,OXT_01,AGGCTGCGTAAGTCTGCT,9
AAAGCGGCACAATGTGTT,OXT_12,AATACAGCGGTGTTTCTA,10
AATAACACGTCCACTGTG,OXT_16,ATAAACAGTCTAGCTGTG,8
GCGCGTGACAGTGGGACG,OXT_26,GGGGCATTCACTGAGCTG,10
ACGGGATGTGAGTTTAGA,OXT_22,ACGGGACCGCAGATCGAG,9
GCAGCATTCCTACGGCGG,OXT_26,GGGGCATTCACTGAGCTG,8
ATGTCCAAACGTTATGTG,OXT_15,AGGGTATAACGTCCTTTG,8
CATGGAGTCTCTAGGGCA,OXT_02,AGGGGAGCGTGCGGAGGC,11
ACCGGAATGTCAACGGTG,OXT_22,ACGGGACCGCAGATCGAG,9
ATTCGACATGTCGGTGCT,OXT_01,AGGCTGCGTAAGTCTGCT,10
ACCGAGCAGTCTAAGGGT,OXT_05,GGCGGACAGACTCTAATG,11
CGTGTAGTCGCCATGTGA,OXT_26,GGGGCATTCACTGAGCTG,11
AAGCAGACCACTTGGCCT,OXT_01,AGGCTGCGTAAGTCTGCT,10
GGGAAGGTTCTGATTAGG,OXT_23,AAGTAGGGACAGAATACG,8
GGGTAGGAAATTGGACTC,OXT_07,GTGGGTGCATTTGCTGTA,10
GAGGCAAGATAACGAATT,OXT_21,GAGCAACGGGTCAGCATT,9
GAGGATACTGGGTATGCT,OXT_01,AGGCTGCGTAAGTCTGCT,10
GATCCTATGGTCCCTAAG,OXT_18,TAACGGGTTATCCATAAT,9
GGGATGGTAGGCACCGCT,OXT_01,AGGCTGCGTAAGTCTGCT,10
ACAGTGCGCGAGGGAATA,OXT_28,AGCGGCGGCGACGGCGAA,9
CGATTAACGAACTGCGCT,OXT_01,AGGCTGCGTAAGTCTGCT,10
AGGCCGAGGTTAACGTGT,OXT_01,AGGCTGCGTAAGTCTGCT,10
ATAGGCGGTATTCAGTTG,OXT_16,ATAAACAGTCTAGCTGTG,9
ACTGGCGCACTTTACGAT,OXT_22,ACGGGACCGCAGATCGAG,9
AGGGCGAAATCTCAGACG,OXT_15,AGGGTATAACGTCCTTTG,9
TAGCCACCCGATATTGTA,OXT_04,TAGACAGGGCTGACTGTG,9
GACGGGAACACATATTCT,OXT_03,GACTTGGGCTCATGCTGT,8
ATTGGGTAGGTCCCGTAT,OXT_27,GTAGAATGGGCATCGTCG,10
GGGAACGAGGTGTGCATG,OXT_21,GAGCAACGGGTCAGCATT,8
AACACAGGAGTTGGCGCT,OXT_28,AGCGGCGGCGACGGCGAA,9
AAGGTGTAACAGCTTGGA,OXT_15,AGGGTATAACGTCCTTTG,8
AACCTATCGGGCACGCGT,OXT_20,AGGGCCTAGGGATGACGT,10
ATCCTCGCTCGCCTCATT,OXT_06,ATCATCATCATCATCATC,8
CTCGGGATCGTGCGTGTG,OXT_06,ATCATCATCATCATCATC,11
AGGCTATCCGTGCGCACT,OXT_21,GAGCAACGGGTCAGCATT,9
ATGCGGTCGCACGCAGTG,OXT_02,AGGGGAGCGTGCGGAGGC,9
GGCAGGTTAATCTCGTAG,OXT_14,TTGAGCGTAACGACAGTG,11
TGGGGTTTAGTCATCTCC,OXT_06,ATCATCATCATCATCATC,11
GGGACAGGGAGATTGAGC,OXT_11,GGGTAAGGGCACAACAGT,9
GGCAGCCGTCTATGTGGA,OXT_16,ATAAACAGTCTAGCTGTG,9
GGGCAACGCTTACGATGT,OXT_21,GAGCAACGGGTCAGCATT,8
AACGGTAGAGGTGTGAGG,OXT_10,AAGATGTATCGTGTGCTG,10
TGCAGACGTGTGCACATG,OXT_05,GGCGGACAGACTCTAATG,9
GGGAGGAGGTGAACTCAG,OXT_24,GGGATTCGGTCATGTCCT,8
GACGGGAACGTGAGGAGG,OXT_08,GACGGCATTCAGGCACGT,10
GGCCAGCGGGTACTACTC,OXT_05,GGCGGACAGACTCTAATG,9
GAGCTGACCGTCTGGCTT,OXT_21,GAGCAACGGGTCAGCATT,8
GGGAGCACACACAGCAGT,OXT_11,GGGTAAGGGCACAACAGT,7
GATGTAATACGTAATGGT,OXT_08,GACGGCATTCAGGCACGT,10
TAGTGCGAAGGACTAGTG,OXT_14,TTGAGCGTAACGACAGTG,8
GGAGGCATAGCTTAGTGA,OXT_26,GGGGCATTCACTGAGCTG,10
GGGCAAGATGTGTGCATG,OXT_21,GAGCAACGGGTCAGCATT,7
TACGAATTGGTTAAGACC,OXT_21,GAGCAACGGGTCAGCATT,10
AACGACCTACCTATGGTG,OXT_05,GGCGGACAGACTCTAATG,10
GGGGCTTGTGAGACGAGT,OXT_11,GGGTAAGGGCACAACAGT,9
GATCACGACAGACGGTCA,OXT_13,TATTACACTAGTGGATGG,10
CGGACTAGGGCGGAAAAG,OXT_04,TAGACAGGGCTGACTGTG,11
GCATATGGGATAATGGGA,OXT_11,GGGTAAGGGCACAACAGT,10
AAGGGTGTACGCTGGCTG,OXT_10,AAGATGTATCGTGTGCTG,9
GAGGCAAGAGCCGAGGTG,OXT_26,GGGGCATTCACTGAGCTG,7
GTGCAAGCTTGGGTATCT,OXT_02,AGGGGAGCGTGCGGAGGC,10
GTAGGAAGGGAATCTGCT,OXT_27,GTAGAATGGGCATCGTCG,6
AACAGGCAGTGACTGTGA,OXT_10,AAGATGTATCGTGTGCTG,10
AGTGGATGGCAGCCAGTA,OXT_15,AGGGTATAACGTCCTTTG,9
AAAGGCAAGACATGGTGT,OXT_20,AGGGCCTAGGGATGACGT,8
GCGAGGCGAATCGAGTAT,OXT_18,TAACGGGTTATCCATAAT,10
ATGGGTAGGTCAACGCGG,OXT_27,GTAGAATGGGCATCGTCG,9
GTTGACTATCTCTTCGAT,OXT_16,ATAAACAGTCTAGCTGTG,11
TCGACGGGAATCGAGCGG,OXT_04,TAGACAGGGCTGACTGTG,10
GAATGAGTCAGAACCTGG,OXT_03,GACTTGGGCTCATGCTGT,9
GGCAATAGTCGTTAGTCG,OXT_09,TGTAGTGCTCGGCTGCCG,9
GGTGCGGTGTTATGCTGT,OXT_03,GACTTGGGCTCATGCTGT,7
AACAGCAGTACGGGATGG,OXT_13,TATTACACTAGTGGATGG,7
TGTGCGATTGGCGGTGAA,OXT_28,AGCGGCGGCGACGGCGAA,9
ACCGACAGTCTGCCAGTG,OXT_16,ATAAACAGTCTAGCTGTG,6
GAGGACATGGTGCAATTG,OXT_08,GACGGCATTCAGGCACGT,10
AGCGTACGGTTACTGGCG,OXT_05,GGCGGACAGACTCTAATG,9
TAGGCCAGGATACTCGGT,OXT_04,TAGACAGGGCTGACTGTG,10
ATGACCGATCGCTCTTCA,OXT_15,AGGGTATAACGTCCTTTG,10
GAGCACAGACCGCGGTAG,OXT_23,AAGTAGGGACAGAATACG,10
TGGGCATCATGTCACGCG,OXT_15,AGGGTATAACGTCCTTTG,8
TGTGTGTGCACGACGTTG,OXT_26,GGGGCATTCACTGAGCTG,9
ATAACACATGGACGGCGA,OXT_20,AGGGCCTAGGGATGACGT,9
TGGCCTCGACATCGGGAA,OXT_17,AGGAACTACGATCGTGAA,9
AGCTAGGGTCACCAGTTA,OXT_11,GGGTAAGGGCACAACAGT,9
AGCAATAAAATCCTATGT,OXT_06,ATCATCATCATCATCATC,10
ATGCATTCATCCGTGAAG,OXT_07,GTGGGTGCATTTGCTGTA,11
GATCGAGTGTTCTGTGCT,OXT_18,TAACGGGTTATCCATAAT,9
AACGGCACCCTCCTGTAG,OXT_06,ATCATCATCATCATCATC,10
GTACAGTGTCGCTTGGTT,OXT_10,AAGATGTATCGTGTGCTG,10
GTACCGTCATGAGAGCTG,OXT_26,GGGGCATTCACTGAGCTG,9
AAGGGCATCACGAACGAG,OXT_14,TTGAGCGTAACGACAGTG,8
ACAGCATTCGGTGGTGTG,OXT_26,GGGGCATTCACTGAGCTG,8
GCTACTATGAGGCAGCTG,OXT_09,TGTAGTGCTCGGCTGCCG,9
AGGCATTCAGTGAGACGA,OXT_20,AGGGCCTAGGGATGACGT,9
GGCATGATCTCTTCTCGA,OXT_03,GACTTGGGCTCATGCTGT,9
TCCGGACTACTGAGGTTG,OXT_22,ACGGGACCGCAGATCGAG,9
GTAGCCCGTAGTAGACCG,OXT_13,TATTACACTAGTGGATGG,10
AAGTTGAGGGTGCGGACT,OXT_21,GAGCAACGGGTCAGCATT,9
GTGTGCTTGCTATGCCCT,OXT_20,AGGGCCTAGGGATGACGT,9
GGTATGCGAGGCTGGGTT,OXT_24,GGGATTCGGTCATGTCCT,9
ACGGACGTGTACATTCCT,OXT_11,GGGTAAGGGCACAACAGT,10
GAACGGGAGTAGAATTGA,OXT_18,TAACGGGTTATCCATAAT,10
GGGGTGGTAGGACCAGCG,OXT_15,AGGGTATAACGTCCTTTG,9
CGGTGGAGGTACTAGGTT,OXT_11,GGGTAAGGGCACAACAGT,9
GTAGCTTAAGAACGTATG,OXT_15,AGGGTATAACGTCCTTTG,10
GGGCTGTGACACACAGTT,OXT_01,AGGCTGCGTAAGTCTGCT,8
GAGGTGGAATACCTAGCG,OXT_23,AAGTAGGGACAGAATACG,10
TTCCGTTACATGTGCCCG,OXT_09,TGTAGTGCTCGGCTGCCG,11
GTTGGATCTCTCCAAAGG,OXT_05,GGCGGACAGACTCTAATG,10
ACGGCCTTAGACGTGCAG,OXT_26,GGGGCATTCACTGAGCTG,9
CGCATAGATAGTGCCGAT,OXT_25,TGCATCGCAACAGCAGTT,8
AGTCGTAAGGTCTATAAA,OXT_12,AATACAGCGGTGTTTCTA,10
ACTGACTGTAGCGGCGTG,OXT_13,TATTACACTAGTGGATGG,9
ACTGGCGAAGACATGTGT,OXT_28,AGCGGCGGCGACGGCGAA,10
GGGCCAACTCCATGCGGT,OXT_03,GACTTGGGCTCATGCTGT,10
GAAGGGCGATAGGTGGCG,OXT_22,ACGGGACCGCAGATCGAG,10
GCGAAGACGTGCATGTGC,OXT_02,AGGGGAGCGTGCGGAGGC,10
ACTAGATTTCGCCAGGAG,OXT_09,TGTAGTGCTCGGCTGCCG,9
AGGGCTAGGGGAGACGGG,OXT_20,AGGGCCTAGGGATGACGT,8
GGCTTACGGGACGCTGCA,OXT_01,AGGCTGCGTAAGTCTGCT,9
AGGTGGACAGACGCTCAG,OXT_23,AAGTAGGGACAGAATACG,10
ACAGTAGGTTCCGCGTGC,OXT_02,AGGGGAGCGTGCGGAGGC,9
AACTCGTCTGATGTGTGA,OXT_10,AAGATGTATCGTGTGCTG,9
AAGCTAGAGTAGTTGGCT,OXT_01,AGGCTGCGTAAGTCTGCT,8
ATGGGACTGTAGTGGGCG,OXT_22,ACGGGACCGCAGATCGAG,7
GACCCATGACGCAACGTT,OXT_21,GAGCAACGGGTCAGCATT,8
AGCAGGCCTCCGATGCAA,OXT_09,TGTAGTGCTCGGCTGCCG,8
AGTACGTGCATTCGGGTG,OXT_17,AGGAACTACGATCGTGAA,9
ACACCGATGGAGGTTGTA,OXT_12,AATACAGCGGTGTTTCTA,9
GTATGGACATATCACGCT,OXT_07,GTGGGTGCATTTGCTGTA,10
GCTCGGTACATTCGGCAG,OXT_26,GGGGCATTCACTGAGCTG,10
AGGGAAGAGAGGCGCTAC,OXT_02,AGGGGAGCGTGCGGAGGC,8
GCACAGGTATTCGGTGTA,OXT_07,GTGGGTGCATTTGCTGTA,8
ACACAGTTGTACGACGTG,OXT_16,ATAAACAGTCTAGCTGTG,11
ACACAACCTCCATGCGCT,OXT_01,AGGCTGCGTAAGTCTGCT,10
AGGAGCGATAACCATATG,OXT_17,AGGAACTACGATCGTGAA,9
AATACGGGTAACACGGCG,OXT_01,AGGCTGCGTAAGTCTGCT,9
GCACCGCGGGACTATAAC,OXT_18,TAACGGGTTATCCATAAT,10
AATGCAGTTTACCGACGG,OXT_02,AGGGGAGCGTGCGGAGGC,9
GCTACCGTGTCGACATCG,OXT_14,TTGAGCGTAACGACAGTG,8
AAGTGTTTGGGATACTCT,OXT_20,AGGGCCTAGGGATGACGT,9
ACAGGGCAAGGCGGCGCT,OXT_28,AGCGGCGGCGACGGCGAA,9
TGCGCGAGGAGTGTTATT,OXT_05,GGCGGACAGACTCTAATG,9
GAGGCAACATCAGGTGGT,OXT_02,AGGGGAGCGTGCGGAGGC,9
TACACCTCCTACCGAGCT,OXT_17,AGGAACTACGATCGTGAA,10
GGCAGGACGGGCCATATT,OXT_05,GGCGGACAGACTCTAATG,10
GTACGTAGTGGCTTCGAA,OXT_28,AGCGGCGGCGACGGCGAA,10
GACCCTGGTAGTGACTTT,OXT_03,GACTTGGGCTCATGCTGT,10
GGCGGCAACTGTACCAGA,OXT_05,GGCGGACAGACTCTAATG,10
ATAAAGCCACACGTTATG,OXT_16,ATAAACAGTCTAGCTGTG,8
GAGCGGCGGGTGAATTGT,OXT_21,GAGCAACGGGTCAGCATT,7
AGGCTGTCATCAGGTCTG,OXT_10,AAGATGTATCGTGTGCTG,9
GGGGCAATGGTGGACGAA,OXT_26,GGGGCATTCACTGAGCTG,9
ACGAGTGCCGGTTATGCG,OXT_07,GTGGGTGCATTTGCTGTA,10
GTGGTTGCAGAGTGGCTG,OXT_07,GTGGGTGCATTTGCTGTA,9
CGTGGGCCCGACGTGAAT,OXT_28,AGCGGCGGCGACGGCGAA,9
TGGCGGACGCGGCCCAAT,OXT_09,TGTAGTGCTCGGCTGCCG,10
GACGCACGGGTGATAATG,OXT_05,GGCGGACAGACTCTAATG,7
AAGCTGAGTCTGAGTATG,OXT_23,AAGTAGGGACAGAATACG,7
ACAGGAAGTGAGACGCGA,OXT_08,GACGGCATTCAGGCACGT,9
AAAGTGTAACGTCAGGAG,OXT_10,AAGATGTATCGTGTGCTG,7
TAGCTACTACAAAGTGCT,OXT_01,AGGCTGCGTAAGTCTGCT,9
GATCCCGATAAGGTAGGA,OXT_08,GACGGCATTCAGGCACGT,9
GCCAGGAGCAGACTGAGC,OXT_06,ATCATCATCATCATCATC,10
GACCATCCAAGACGAGTG,OXT_05,GGCGGACAGACTCTAATG,10
GCAGGCTTTCGGAGTATG,OXT_08,GACGGCATTCAGGCACGT,10
AGCCCGTGAACATGTGCT,OXT_01,AGGCTGCGTAAGTCTGCT,7
CGATGTGTCCAGCCGACG,OXT_09,TGTAGTGCTCGGCTGCCG,8
GGAGGACAAAGTGGTGCG,OXT_05,GGCGGACAGACTCTAATG,8
GTGATACCAGACGCGACG,OXT_27,GTAGAATGGGCATCGTCG,10
GCAAACTCGATTTGACGG,OXT_13,TATTACACTAGTGGATGG,9
GAGTTGAGTCAATGCTGT,OXT_03,GACTTGGGCTCATGCTGT,5
ATCGAGGGGCTGTCACGT,OXT_08,GACGGCATTCAGGCACGT,9
ATGAGCATGCACACGGTA,OXT_14,TTGAGCGTAACGACAGTG,8
TAGGCACAGCTCGCTTCA,OXT_04,TAGACAGGGCTGACTGTG,8
GGGAGCGGAAAGCTAGTT,OXT_14,TTGAGCGTAACGACAGTG,7
TTATGCGGCAGTCAAGCT,OXT_14,TTGAGCGTAACGACAGTG,10
TCACATATCACTTAAGTG,OXT_14,TTGAGCGTAACGACAGTG,10
ACAGGCAGTAGTGTTCCT,OXT_08,GACGGCATTCAGGCACGT,10
TGTTGCGGTATGAGGGTG,OXT_14,TTGAGCGTAACGACAGTG,8
GGCAGAGATCTCGGATGT,OXT_02,AGGGGAGCGTGCGGAGGC,9
ATCAGGATGGATTAGGGT,OXT_08,GACGGCATTCAGGCACGT,11
GGGGACCAGGGCATAGTA,OXT_05,GGCGGACAGACTCTAATG,9
ATACCTTAACGCTCATGT,OXT_20,AGGGCCTAGGGATGACGT,9
ATAGACACTCTGTTCAGA,OXT_16,ATAAACAGTCTAGCTGTG,9
AGGAGGATAAACACAGTG,OXT_14,TTGAGCGTAACGACAGTG,6
CTGGGCTCGAGGCAATCA,OXT_02,AGGGGAGCGTGCGGAGGC,11
GCAGCAACACGGCATGCA,OXT_07,GTGGGTGCATTTGCTGTA,11
GGACTCAACATTCCGTGT,OXT_15,AGGGTATAACGTCCTTTG,11
GTGGCGTCAATTCGTGAA,OXT_07,GTGGGTGCATTTGCTGTA,7
ACCAACCTGGAGTGCGGT,OXT_17,AGGAACTACGATCGTGAA,10
ACAGGGACCTCCGCTGTG,OXT_07,GTGGGTGCATTTGCTGTA,9
ACGTAGCGGGAGCCCTGT,OXT_01,AGGCTGCGTAAGTCTGCT,9
GACATGTGATTTTGCGCT,OXT_03,GACTTGGGCTCATGCTGT,7
GGCGTACGAGACCAGTCT,OXT_11,GGGTAAGGGCACAACAGT,10
GTAGAGGTGCTCCGGATG,OXT_18,TAACGGGTTATCCATAAT,10
TCAGATGAGGCGCTGCTG,OXT_09,TGTAGTGCTCGGCTGCCG,9
GTAGGAAGGCGCCGGTCT,OXT_27,GTAGAATGGGCATCGTCG,8
GACGATTGTATGGTGCGA,OXT_08,GACGGCATTCAGGCACGT,9
CAGGCCAATGGAGCACTT,OXT_20,AGGGCCTAGGGATGACGT,7
AAACGCGGTAGCGGAGGT,OXT_02,AGGGGAGCGTGCGGAGGC,8
ATCCGTACGATACTGTGG,OXT_05,GGCGGACAGACTCTAATG,11
TGGTGCTAAGCGGTCCAG,OXT_14,TTGAGCGTAACGACAGTG,10
TATGGCATAACTCACGTG,OXT_14,TTGAGCGTAACGACAGTG,8
GTGAGACACGTATCACGG,OXT_20,AGGGCCTAGGGATGACGT,10
GTGCTTACCGACCCTACT,OXT_01,AGGCTGCGTAAGTCTGCT,10
GCAGGATGCCAGGCTAGG,OXT_08,GACGGCATTCAGGCACGT,9
GAACGGGTGACGCGATGA,OXT_18,TAACGGGTTATCCATAAT,9
AGACGACAGTCATGTTGC,OXT_02,AGGGGAGCGTGCGGAGGC,9
AGGCAGCCGTGTAGTCAA,OXT_17,AGGAACTACGATCGTGAA,9
CGGGAGTATCACATTGCT,OXT_01,AGGCTGCGTAAGTCTGCT,9
ATCAGGTGGTAACGGCGG,OXT_03,GACTTGGGCTCATGCTGT,11
AATCCACCGTGTGCCTCA,OXT_12,AATACAGCGGTGTTTCTA,10
AGGGTGCTGTAAGGGTAA,OXT_02,AGGGGAGCGTGCGGAGGC,10
ATCGACGTGCACAGCAAT,OXT_11,GGGTAAGGGCACAACAGT,8
GCCAAGTCAGACCGTGAG,OXT_17,AGGAACTACGATCGTGAA,8
AAGGTGCAATCCTTTGGA,OXT_01,AGGCTGCGTAAGTCTGCT,10
AGGGCGATCAAGCCTGGT,OXT_01,AGGCTGCGTAAGTCTGCT,7
CAGGGCATACAACGTGCA,OXT_08,GACGGCATTCAGGCACGT,10
CGGAGGTCACAACGGGAT,OXT_17,AGGAACTACGATCGTGAA,9
ATGGGCACTTCGCGTAGT,OXT_02,AGGGGAGCGTGCGGAGGC,10
TTTCAACCCTTCGCTCGT,OXT_07,GTGGGTGCATTTGCTGTA,11
ACGGTGTGGAGTTTCCGA,OXT_10,AAGATGTATCGTGTGCTG,9
GTGTGTTCACCATACGAT,OXT_07,GTGGGTGCATTTGCTGTA,10
GCTGGAGCGTTCGAATAC,OXT_02,AGGGGAGCGTGCGGAGGC,7
ATAGGGACAATCTCTACG,OXT_07,GTGGGTGCATTTGCTGTA,10
GCGCTGGGGATACGTATA,OXT_21,GAGCAACGGGTCAGCATT,9
TTGGTACGACTTCATACT,OXT_15,AGGGTATAACGTCCTTTG,9
ATGGCGACTGTTCCGTGA,OXT_07,GTGGGTGCATTTGCTGTA,10
AATCGGCGACAGCAGTGA,OXT_23,AAGTAGGGACAGAATACG,9
ACAACGCCTTTGAGTGTG,OXT_04,TAGACAGGGCTGACTGTG,9
AGGACGTAACACTCTCCG,OXT_15,AGGGTATAACGTCCTTTG,8
GAGCGGCAACTAATATTA,OXT_21,GAGCAACGGGTCAGCATT,10
GCGGACGAAGGAGGGTAT,OXT_20,AGGGCCTAGGGATGACGT,9
ACGACGACCTTTCTTGCT,OXT_17,AGGAACTACGATCGTGAA,10
GTCGGTCAAGGTAATGCG,OXT_07,GTGGGTGCATTTGCTGTA,9
ACAGGCTGAAGATGACGT,OXT_20,AGGGCCTAGGGATGACGT,6
TGCAGCTCAGTACTGTCT,OXT_09,TGTAGTGCTCGGCTGCCG,9
CACAGTGGGATCAGCCGT,OXT_21,GAGCAACGGGTCAGCATT,9
ACAGGCTGCTAGACTGGG,OXT_22,ACGGGACCGCAGATCGAG,9
AGACGGATGCTACCCTCG,OXT_16,ATAAACAGTCTAGCTGTG,10
GGGAACACTAAGCGACGT,OXT_08,GACGGCATTCAGGCACGT,8
AAGCAGATTCACGGCATA,OXT_21,GAGCAACGGGTCAGCATT,9
GTAGAGCATGCGATTGGA,OXT_27,GTAGAATGGGCATCGTCG,11
GGGCAGGGAGGGCCGTTA,OXT_15,AGGGTATAACGTCCTTTG,10
GTGACGGTGGATAGATGG,OXT_14,TTGAGCGTAACGACAGTG,10
GGAAGATGACATGGTGCG,OXT_15,AGGGTATAACGTCCTTTG,10
GGAGCTCATATGACATCG,OXT_05,GGCGGACAGACTCTAATG,10
ATGGCCACGATGGAGGTA,OXT_07,GTGGGTGCATTTGCTGTA,9
GAGGCAGGTACTGGATAT,OXT_26,GGGGCATTCACTGAGCTG,9
GTGGCGGCACATTGGCAA,OXT_07,GTGGGTGCATTTGCTGTA,9
AAGCAGTAGACGACAGTC,OXT_14,TTGAGCGTAACGACAGTG,9
ACAAGCGGTAACGGTGCG,OXT_16,ATAAACAGTCTAGCTGTG,8
ACAAGCACGTAGGTGTGT,OXT_08,GACGGCATTCAGGCACGT,10
GCTGGGAGAGTGTTTCGG,OXT_12,AATACAGCGGTGTTTCTA,10
TCGTGCGCGCATTTGGGT,OXT_22,ACGGGACCGCAGATCGAG,9
AACGGTGCTACGTCCTGG,OXT_03,GACTTGGGCTCATGCTGT,10
GGGTTGCGTCGCTAGAGT,OXT_11,GGGTAAGGGCACAACAGT,7
AACACTGTCAGTGATGGA,OXT_07,GTGGGTGCATTTGCTGTA,11
GAGTCGAATAGTAGTGTA,OXT_10,AAGATGTATCGTGTGCTG,10
GGCAGGGCGATTGTTCAG,OXT_05,GGCGGACAGACTCTAATG,9
CGCGCGTGACGGCAGTAG,OXT_15,AGGGTATAACGTCCTTTG,9
GAGCATAGACGACATACT,OXT_23,AAGTAGGGACAGAATACG,8
TATCTACGTGTGCCAGCT,OXT_01,AGGCTGCGTAAGTCTGCT,8
CCCCCCCACCCCCCCCCC,OXT_19,CCCCCCCCCCCCCCCCCC,1
TCGAGGTCAGCACAGTGT,OXT_25,TGCATCGCAACAGCAGTT,11
CGGGGAGAGATGTGAGCG,OXT_02,AGGGGAGCGTGCGGAGGC,8
GAGGCGCGGAGACCAGCA,OXT_01,AGGCTGCGTAAGTCTGCT,10
CACGAGACAAGGTCACTG,OXT_08,GACGGCATTCAGGCACGT,10
GGGGGTAGCATGCGAGTC,OXT_02,AGGGGAGCGTGCGGAGGC,10
AGTGGACGGCAACTGGCA,OXT_22,ACGGGACCGCAGATCGAG,8
AGCGTATGGACAGATCTG,OXT_26,GGGGCATTCACTGAGCTG,7
AGGGAGACACCGTGAAAG,OXT_23,AAGTAGGGACAGAATACG,9
CAACATCCAACGCGGGTA,OXT_29,CCCCCCCCCCCCCCGCCC,11
AGGTAGTCGTTAGCGTAA,OXT_02,AGGGGAGCGTGCGGAGGC,11
AAGCCGAACCCAGGGCTG,OXT_10,AAGATGTATCGTGTGCTG,7
AGGGCAAACGTCCACTGT,OXT_20,AGGGCCTAGGGATGACGT,9
TATGACGAAGACGGGCGC,OXT_13,TATTACACTAGTGGATGG,10
AGGGTCTACGCACACTTT,OXT_15,AGGGTATAACGTCCTTTG,8
ACATGGGCTGAGTGTAAC,OXT_18,TAACGGGTTATCCATAAT,10
ACGGACAGCTGGAGTGCT,OXT_01,AGGCTGCGTAAGTCTGCT,10
AGGTAGTCCGACCCGTGT,OXT_17,AGGAACTACGATCGTGAA,9
TCCGGGATGCATAGGTCG,OXT_22,ACGGGACCGCAGATCGAG,10
CATAGTTAACAGAGGGTG,OXT_04,TAGACAGGGCTGACTGTG,10
GCTACGGGTACATCTAGT,OXT_03,GACTTGGGCTCATGCTGT,9
ACGTAGAGGATGACATGG,OXT_23,AAGTAGGGACAGAATACG,9
GAGGGTGAAACTCCTGCG,OXT_07,GTGGGTGCATTTGCTGTA,7
AGTAGGTACGAGCGCATG,OXT_17,AGGAACTACGATCGTGAA,8
TCGCGGGAAATATCGTTA,OXT_07,GTGGGTGCATTTGCTGTA,10
GCAGTGGACATGGTAGTG,OXT_05,GGCGGACAGACTCTAATG,10
GGCGGTGCGTATCGAGGA,OXT_02,AGGGGAGCGTGCGGAGGC,7
TCGTTCCGCGCGACGTAG,OXT_14,TTGAGCGTAACGACAGTG,10
GGTGAGGCATGTTGATGG,OXT_13,TATTACACTAGTGGATGG,8
GCCGGGTCACAAACATGG,OXT_08,GACGGCATTCAGGCACGT,9
GGCGTGATGATAACCATT,OXT_06,ATCATCATCATCATCATC,8
GCGCGTTGTCAAACGGTA,OXT_07,GTGGGTGCATTTGCTGTA,10
AAAGGACCACGGATGGTT,OXT_22,ACGGGACCGCAGATCGAG,7
AGCTGATTATGCGGCGTT,OXT_02,AGGGGAGCGTGCGGAGGC,8
AGTGCCACCGACATGCTG,OXT_06,ATCATCATCATCATCATC,10
AAGCAGATGAGACGGATG,OXT_10,AAGATGTATCGTGTGCTG,10
ATGGGGAGTTGGTGGAGC,OXT_02,AGGGGAGCGTGCGGAGGC,9
TCACGGCACTCCAGATGG,OXT_03,GACTTGGGCTCATGCTGT,11
CTACGGGGATAGCCCGGA,OXT_07,GTGGGTGCATTTGCTGTA,10
TACGGTATAGGAGCTACG,OXT_08,GACGGCATTCAGGCACGT,10
TTGGGTGCAGACAGGTGT,OXT_02,AGGGGAGCGTGCGGAGGC,10
AGGCTGTTACGCATTGTG,OXT_15,AGGGTATAACGTCCTTTG,7
ACTCGCTTAGGGTTGCAC,OXT_09,TGTAGTGCTCGGCTGCCG,11
TGTGGAGTTCACAACTCG,OXT_09,TGTAGTGCTCGGCTGCCG,9
GGGGATGCACATAACCGG,OXT_11,GGGTAAGGGCACAACAGT,7
TATGGTGTGATCAACGAG,OXT_18,TAACGGGTTATCCATAAT,8
TGGACGCGGACCGATGTT,OXT_01,AGGCTGCGTAAGTCTGCT,9
CGCTATGCGATGGGCAAC,OXT_02,AGGGGAGCGTGCGGAGGC,11
GGCAACGTGCTAATCGCT,OXT_11,GGGTAAGGGCACAACAGT,9
GGTAGCATGACATGGCGG,OXT_24,GGGATTCGGTCATGTCCT,9
GGCACTATGTTCGCTCGC,OXT_08,GACGGCATTCAGGCACGT,10
ATCGATACAGTCGACGGG,OXT_07,GTGGGTGCATTTGCTGTA,10
ATGTCCGATCCAGCCTCG,OXT_16,ATAAACAGTCTAGCTGTG,9
GGGCTTGGTCCAATACGT,OXT_24,GGGATTCGGTCATGTCCT,8
ATACGGCGTCACCCGGTG,OXT_16,ATAAACAGTCTAGCTGTG,8
CAAGTGGAGACGAGGCAT,OXT_03,GACTTGGGCTCATGCTGT,11
GGAGGCCGACTAGGTTAG,OXT_16,ATAAACAGTCTAGCTGTG,9
AGACGGCAATCATCAGTG,OXT_01,AGGCTGCGTAAGTCTGCT,10
ACAAAGCGGTATAGGCGG,OXT_10,AAGATGTATCGTGTGCTG,11
GAGGGTAATGCGCTGCTG,OXT_05,GGCGGACAGACTCTAATG,9
TGGCGGCCATGACGGTTG,OXT_09,TGTAGTGCTCGGCTGCCG,10
AGACAGCAAGACCTGTGA,OXT_17,AGGAACTACGATCGTGAA,10
GGGCAGGACCTGGATACT,OXT_23,AAGTAGGGACAGAATACG,8
AACATGTTGTCAGGCGCA,OXT_03,GACTTGGGCTCATGCTGT,9
ACCTAATCGTGTGCTTGT,OXT_02,AGGGGAGCGTGCGGAGGC,10
ATGGCTAGAGCGGAGCGG,OXT_26,GGGGCATTCACTGAGCTG,9
TAATGTGTGGTAATAACG,OXT_18,TAACGGGTTATCCATAAT,10
GCTACGCGATGGCGCCAA,OXT_24,GGGATTCGGTCATGTCCT,11
GACCCATGCAATTACGTG,OXT_26,GGGGCATTCACTGAGCTG,8
ATAGGGATGAAGGCAGTG,OXT_14,TTGAGCGTAACGACAGTG,8
TGGCGACTGTCTAGTGTA,OXT_02,AGGGGAGCGTGCGGAGGC,10
GGCAGGGCAGCCTATTGT,OXT_03,GACTTGGGCTCATGCTGT,9
GGCTGACCTAGAGGCGGT,OXT_02,AGGGGAGCGTGCGGAGGC,9
AACAGGGACCCACTTAAG,OXT_05,GGCGGACAGACTCTAATG,10
TGGACTCGGAGCTCCTAA,OXT_24,GGGATTCGGTCATGTCCT,10
GTGGCGACATCTGTTCCT,OXT_07,GTGGGTGCATTTGCTGTA,8
ACAGCCAATCATCGTGTG,OXT_16,ATAAACAGTCTAGCTGTG,8
ATGGAGCGTTACCAGCCA,OXT_01,AGGCTGCGTAAGTCTGCT,10
AGCGCTGGGTCATTGCGT,OXT_20,AGGGCCTAGGGATGACGT,8
GCCGAAGTGTGGGTAATC,OXT_02,AGGGGAGCGTGCGGAGGC,9
AGTAAGCGACGGCACAAT,OXT_23,AAGTAGGGACAGAATACG,9
GTAGACCGGTCAAGGCAG,OXT_27,GTAGAATGGGCATCGTCG,7
AAGACGGCGACTGGTAGG,OXT_02,AGGGGAGCGTGCGGAGGC,10
ACGACATACAAGCAGCAG,OXT_26,GGGGCATTCACTGAGCTG,8
GCGAGGGGAGAAGGAATC,OXT_02,AGGGGAGCGTGCGGAGGC,11
CGTGGGATATCACAGACG,OXT_05,GGCGGACAGACTCTAATG,11
AACGTCTTTCTCGGCGTG,OXT_06,ATCATCATCATCATCATC,9
ATCTAGCTGCCCGTGAGC,OXT_06,ATCATCATCATCATCATC,10
GACTTGCTGTCACGTGCT,OXT_03,GACTTGGGCTCATGCTGT,7
TACATGCGCGCATCGTAG,OXT_03,GACTTGGGCTCATGCTGT,8
GGGTAATCATCTCTATCT,OXT_05,GGCGGACAGACTCTAATG,10
GAGGCATGGGATATGGCG,OXT_27,GTAGAATGGGCATCGTCG,8
TCTAAATCTTCCGACGCG,OXT_09,TGTAGTGCTCGGCTGCCG,11
TGCAAGTGCACGGGAGTA,OXT_25,TGCATCGCAACAGCAGTT,8
TTGGGAATCGGAAACTGT,OXT_11,GGGTAAGGGCACAACAGT,11
TGGGAGAGAGGCCGCCTG,OXT_15,AGGGTATAACGTCCTTTG,10
AGTGAAGTCTGACGCTGT,OXT_02,AGGGGAGCGTGCGGAGGC,9
AGCCGTGTTACCTCTCGG,OXT_01,AGGCTGCGTAAGTCTGCT,10
TGGCTACACAGTACGGTG,OXT_15,AGGGTATAACGTCCTTTG,8
TGACGGTGCCTGATTGCG,OXT_04,TAGACAGGGCTGACTGTG,9
ACACCAACTACACATGTG,OXT_16,ATAAACAGTCTAGCTGTG,9
GGGTACCGAGTAGCGTGT,OXT_11,GGGTAAGGGCACAACAGT,10
TTGTGGAAGATGGGTAAG,OXT_18,TAACGGGTTATCCATAAT,10
GGTGCAACTTTGCGGGAA,OXT_02,AGGGGAGCGTGCGGAGGC,11
TTCGCAGGCCGCTAGTTA,OXT_04,TAGACAGGGCTGACTGTG,11
TTCCGCGGTCCTGTTCAG,OXT_09,TGTAGTGCTCGGCTGCCG,10
GGTGAGGAATGATCATTG,OXT_15,AGGGTATAACGTCCTTTG,9
GGATAGGTAGCGGCTCCT,OXT_23,AAGTAGGGACAGAATACG,10
TTAGCGTCAACGGTGCTG,OXT_26,GGGGCATTCACTGAGCTG,8
GCTACGCTGACCTTGCGA,OXT_12,AATACAGCGGTGTTTCTA,10
ACGGTCGGATTATCAGGT,OXT_20,AGGGCCTAGGGATGACGT,9
AGGGCACTGTATCTGGCG,OXT_22,ACGGGACCGCAGATCGAG,8
ATCAGGGTTTGCTCCACG,OXT_06,ATCATCATCATCATCATC,10
ACGGAGGAGTAAGGCTAG,OXT_22,ACGGGACCGCAGATCGAG,9
TACCGGTAGCAAATGCGT,OXT_08,GACGGCATTCAGGCACGT,10
GCGGCAAGAAGACGGAGC,OXT_02,AGGGGAGCGTGCGGAGGC,11
CAGAGGGAAATCGAGCGG,OXT_10,AAGATGTATCGTGTGCTG,9
ACAGGGAGTTCTGACGCG,OXT_16,ATAAACAGTCTAGCTGTG,10
TATGAGGCTCAGACCGCG,OXT_23,AAGTAGGGACAGAATACG,8
GGGTGGCTCCTCGAACTA,OXT_26,GGGGCATTCACTGAGCTG,9
TGAGGTATGGTAAGGACG,OXT_27,GTAGAATGGGCATCGTCG,10
GGCGGCGACGTTAGCTCA,OXT_28,AGCGGCGGCGACGGCGAA,7
GAGCTGTAGCCCTCGGAG,OXT_10,AAGATGTATCGTGTGCTG,9
TACCAGGGAAAGCGTCCG,OXT_23,AAGTAGGGACAGAATACG,7
GGCTCTCTGCTTAAAACT,OXT_11,GGGTAAGGGCACAACAGT,9
ATGACAAATGAGGCGCTT,OXT_10,AAGATGTATCGTGTGCTG,9
GGGGATTTGCTCATTCGG,OXT_11,GGGTAAGGGCACAACAGT,9
GACACAAGCACAGGACGG,OXT_03,GACTTGGGCTCATGCTGT,9
AGGATGGCATCACAGTGG,OXT_03,GACTTGGGCTCATGCTGT,10
GGTGGGGAAACGGCCATA,OXT_05,GGCGGACAGACTCTAATG,9
ACAGCAGAGGACGGTCCG,OXT_02,AGGGGAGCGTGCGGAGGC,10
ATAGGCTGGGACTCTATG,OXT_27,GTAGAATGGGCATCGTCG,8
AGGGTTACGCGAAAATGT,OXT_20,AGGGCCTAGGGATGACGT,8
GTGTGACGCGAACGTACG,OXT_21,GAGCAACGGGTCAGCATT,10
GTAGGTGGCGTAACTGGT,OXT_07,GTGGGTGCATTTGCTGTA,8
AGACGTCATGTGTCGGCA,OXT_01,AGGCTGCGTAAGTCTGCT,8
AGGGACGAAGTTGCGACG,OXT_15,AGGGTATAACGTCCTTTG,9
CAAGGGAAAACGGCAAGT,OXT_08,GACGGCATTCAGGCACGT,8
ATGCACCAGACGATTGAT,OXT_01,AGGCTGCGTAAGTCTGCT,9
GGCATCGGACGCGTACCT,OXT_25,TGCATCGCAACAGCAGTT,8
ACCGTGGTTACAAGTGCG,OXT_01,AGGCTGCGTAAGTCTGCT,10
AGGTGTCCGAAGAGGGTG,OXT_22,ACGGGACCGCAGATCGAG,7
CAAATCGCTAGTGTGCCA,OXT_10,AAGATGTATCGTGTGCTG,8
ATACGGCATACACAAACT,OXT_18,TAACGGGTTATCCATAAT,8
ATGAGTCTACCGGGCAGT,OXT_14,TTGAGCGTAACGACAGTG,10
GCGCGGTGTGAAGAGTTT,OXT_01,AGGCTGCGTAAGTCTGCT,11
AAGCAGATAGATCGCATG,OXT_21,GAGCAACGGGTCAGCATT,9
CTACCCGGCACATGTGCT,OXT_01,AGGCTGCGTAAGTCTGCT,10
GGCGGAGATCATGAAGGG,OXT_05,GGCGGACAGACTCTAATG,8
GGCTGAGCGTACTAGTGG,OXT_11,GGGTAAGGGCACAACAGT,8
TACATGTCAATGTGTGCG,OXT_01,AGGCTGCGTAAGTCTGCT,10
GCACTACCAGACGCTTGT,OXT_01,AGGCTGCGTAAGTCTGCT,11
AGCGGGATGCAACGCGAG,OXT_22,ACGGGACCGCAGATCGAG,8
ATGGACTCTCACTGTCTA,OXT_17,AGGAACTACGATCGTGAA,9
GGCAAATTAGGGACGGTG,OXT_14,TTGAGCGTAACGACAGTG,9
TGGCATACAGGACGTGTC,OXT_17,AGGAACTACGATCGTGAA,10
ACTGAGGCCAGCTGTGCT,OXT_01,AGGCTGCGTAAGTCTGCT,10
GGGTGGATCCTCAGCCCG,OXT_11,GGGTAAGGGCACAACAGT,10
ACGAAGGTAACCTTAGTG,OXT_14,TTGAGCGTAACGACAGTG,7
TCGTCAATACGTGTAGAC,OXT_02,AGGGGAGCGTGCGGAGGC,11
ACACCAAGTAGTCATGTG,OXT_16,ATAAACAGTCTAGCTGTG,9
GGCCTCCACATCCGTTTG,OXT_05,GGCGGACAGACTCTAATG,9
GCGGGCCAACTGTAACTG,OXT_05,GGCGGACAGACTCTAATG,10
GATCGAGACGACATACCT,OXT_21,GAGCAACGGGTCAGCATT,10
GCTACTTAAACTGCGTGT,OXT_26,GGGGCATTCACTGAGCTG,10
GTCGCTACCCGACATCTG,OXT_26,GGGGCATTCACTGAGCTG,10
AGTCCGGTCCGTGGATTA,OXT_02,AGGGGAGCGTGCGGAGGC,11
ACGGTATGTGCTCGTCGA,OXT_15,AGGGTATAACGTCCTTTG,9
AGCAGGCGTGGACTGCGA,OXT_09,TGTAGTGCTCGGCTGCCG,9
GCAAGACGTTACGCTGTG,OXT_16,ATAAACAGTCTAGCTGTG,8
ACGGTAGAGCTGCAGATG,OXT_15,AGGGTATAACGTCCTTTG,8
TCTCCATACCAATCGTCG,OXT_27,GTAGAATGGGCATCGTCG,9
ACCATACGTGGTTCGTCG,OXT_27,GTAGAATGGGCATCGTCG,9
ATGACGAACGCCGTGCAA,OXT_10,AAGATGTATCGTGTGCTG,9
GCCATGGATGCATCGAGG,OXT_03,GACTTGGGCTCATGCTGT,9
GGGGTACCTCATGGACCG,OXT_26,GGGGCATTCACTGAGCTG,9
ACAGAGTGAACAGTGGCG,OXT_27,GTAGAATGGGCATCGTCG,8
AAGGTGTTGACAATGCTG,OXT_10,AAGATGTATCGTGTGCTG,7
GACCGGCTCGTAGCTACG,OXT_18,TAACGGGTTATCCATAAT,10
AGTAGGGGAATACCCACG,OXT_09,TGTAGTGCTCGGCTGCCG,10
GGGCTATCAGACTGTCAT,OXT_24,GGGATTCGGTCATGTCCT,9
CGGGGACAATGAAGGGTG,OXT_02,AGGGGAGCGTGCGGAGGC,9
TGTAGGATTCAGCACGTC,OXT_09,TGTAGTGCTCGGCTGCCG,9
AGTAGTGTTGTAGCTGTC,OXT_16,ATAAACAGTCTAGCTGTG,8
ATCGGGGCATTCCAATCT,OXT_02,AGGGGAGCGTGCGGAGGC,10
AGGGCCTCGGACTATGCT,OXT_20,AGGGCCTAGGGATGACGT,7
GACAAGTTCTTGTTCGCT,OXT_03,GACTTGGGCTCATGCTGT,9
ACAAGCAAGACGTCAAGG,OXT_14,TTGAGCGTAACGACAGTG,9
AGCGGGCATCTCCTTGTA,OXT_05,GGCGGACAGACTCTAATG,9
GATACTCAGACAGTGGCG,OXT_05,GGCGGACAGACTCTAATG,10
ATAACGCGGGATCGAGTC,OXT_17,AGGAACTACGATCGTGAA,10
ACGCCGATCGGAGGTCTT,OXT_20,AGGGCCTAGGGATGACGT,9
TAGCAGGCGATCCCCGTG,OXT_04,TAGACAGGGCTGACTGTG,8
GACGGGCAACAGGCGATA,OXT_08,GACGGCATTCAGGCACGT,8
AGCTCGGAGCACTGTTTG,OXT_15,AGGGTATAACGTCCTTTG,10
TGGGCATTCAGTGAACTT,OXT_26,GGGGCATTCACTGAGCTG,4
ATACACGGAGGCTGCTAA,OXT_28,AGCGGCGGCGACGGCGAA,8
GACAGCTTGCCCATGTGA,OXT_08,GACGGCATTCAGGCACGT,10
GGGGCGGACAGGGAAGTA,OXT_26,GGGGCATTCACTGAGCTG,8
TCGTATCGGCCTGTGTCC,OXT_24,GGGATTCGGTCATGTCCT,11
ACGAAGCCAGGAACTGTG,OXT_16,ATAAACAGTCTAGCTGTG,9
CAGGACGAATAAGGTGTA,OXT_07,GTGGGTGCATTTGCTGTA,8
GGGCAAATACAGACAGTG,OXT_14,TTGAGCGTAACGACAGTG,8
TCCGACATTCCGCTTGCT,OXT_08,GACGGCATTCAGGCACGT,9
AGTGGACCAAACCAGTCG,OXT_05,GGCGGACAGACTCTAATG,10
ACCGCAAGCCAGCCGGAG,OXT_22,ACGGGACCGCAGATCGAG,8
CAAGAGGGCTTATAATCG,OXT_03,GACTTGGGCTCATGCTGT,9
ATGATGACTGTGATATCG,OXT_06,ATCATCATCATCATCATC,10
ACAGGACTGACATGCGTG,OXT_22,ACGGGACCGCAGATCGAG,8
GCGTGGAACGTTCGCATT,OXT_21,GAGCAACGGGTCAGCATT,9
GATACCGGTGCAACGTGT,OXT_03,GACTTGGGCTCATGCTGT,9
GGGTAACCGATGTAGACG,OXT_11,GGGTAAGGGCACAACAGT,9
AGGATCGTTCCCTGTCGT,OXT_24,GGGATTCGGTCATGTCCT,8
GGGCGGTCACCATCCACT,OXT_01,AGGCTGCGTAAGTCTGCT,10
AATGGGCGACTAGCTGTA,OXT_07,GTGGGTGCATTTGCTGTA,8
AAGCAGCAGACGTCTTCC,OXT_01,AGGCTGCGTAAGTCTGCT,7
ACCTCCATAACCTGTGTG,OXT_06,ATCATCATCATCATCATC,10
TCAACCTCTACCCGTGTT,OXT_25,TGCATCGCAACAGCAGTT,9
GGGACGTGAGTAGACTGT,OXT_03,GACTTGGGCTCATGCTGT,10
ATGCAGCGTATCCGGGTG,OXT_01,AGGCTGCGTAAGTCTGCT,9
ACAGGAGGTCTCACTTGG,OXT_04,TAGACAGGGCTGACTGTG,9
GGGGCCTTGAACCAGGTA,OXT_26,GGGGCATTCACTGAGCTG,7
CATGGGTTCCGCGTATAT,OXT_08,GACGGCATTCAGGCACGT,10
AAGCAGGGGCCACTCGCA,OXT_23,AAGTAGGGACAGAATACG,9
ACAGGACCATACTAAGTG,OXT_22,ACGGGACCGCAGATCGAG,8
GACGTACCAGACGTCGCT,OXT_21,GAGCAACGGGTCAGCATT,10
TCGCGTGTGTACAGTCTT,OXT_18,TAACGGGTTATCCATAAT,10
TAGCAGGCTAAGGGTAGC,OXT_13,TATTACACTAGTGGATGG,9
ACAGACAGCCCCGAGGTG,OXT_16,ATAAACAGTCTAGCTGTG,7
GGGACCATGTGCGATTTA,OXT_26,GGGGCATTCACTGAGCTG,10
ATGGAAGGGAGCAACATA,OXT_11,GGGTAAGGGCACAACAGT,7
CTTCAACGCTGGGTCGTA,OXT_21,GAGCAACGGGTCAGCATT,11
GATGGAGAGGGTGACGCG,OXT_02,AGGGGAGCGTGCGGAGGC,10
ATTACAGAGCACTAGTGC,OXT_11,GGGTAAGGGCACAACAGT,10
ACGCAGACTGTCATTGGT,OXT_01,AGGCTGCGTAAGTCTGCT,10
TGTTGCGCCACGTGATGC,OXT_13,TATTACACTAGTGGATGG,8
TGGCCACACTTGCTCATG,OXT_05,GGCGGACAGACTCTAATG,9
AGGCATGTTACGGCTCGA,OXT_01,AGGCTGCGTAAGTCTGCT,9
TACGGGTTACGTAGGTTG,OXT_10,AAGATGTATCGTGTGCTG,9
ACACGACGTAGTAGCGTG,OXT_22,ACGGGACCGCAGATCGAG,9
ACAGAGGCGATTCTGGTG,OXT_05,GGCGGACAGACTCTAATG,10
GGGGACATTAATGTGCGC,OXT_08,GACGGCATTCAGGCACGT,8
AGGACATTCGCACGTGTG,OXT_17,AGGAACTACGATCGTGAA,7
AACGCGGGTGTGTGGACT,OXT_01,AGGCTGCGTAAGTCTGCT,10
TAGCGGGCTACAGATCGC,OXT_18,TAACGGGTTATCCATAAT,8
GCCGTATCGCGCGTTAGG,OXT_02,AGGGGAGCGTGCGGAGGC,10
GGGTACCACAATATGTAG,OXT_17,AGGAACTACGATCGTGAA,9
GGAGGCATTAAGCGTTAT,OXT_08,GACGGCATTCAGGCACGT,8
ATCGGGAACCTGGGGCCT,OXT_08,GACGGCATTCAGGCACGT,9
GTGGAAATACCTGATGTG,OXT_26,GGGGCATTCACTGAGCTG,7
TGGCCGTAGCCTGGAGTA,OXT_10,AAGATGTATCGTGTGCTG,10
TACGGGCGCGCAGATGAT,OXT_28,AGCGGCGGCGACGGCGAA,9
GACGGAGGAGCGCATAGC,OXT_05,GGCGGACAGACTCTAATG,10
ACTCGGAGCTATGGACCG,OXT_13,TATTACACTAGTGGATGG,11
ACTGGTGCTATCCTACGT,OXT_09,TGTAGTGCTCGGCTGCCG,9
GTGAGGCTGTATTCGGAT,OXT_01,AGGCTGCGTAAGTCTGCT,10
ACCTATCCGGTTCAGGTG,OXT_05,GGCGGACAGACTCTAATG,11
CACGGACGCCCGCTATAG,OXT_05,GGCGGACAGACTCTAATG,8
GATCGTTACGCTCTTTTG,OXT_05,GGCGGACAGACTCTAATG,9
GGCAGGGAAACATGATGC,OXT_03,GACTTGGGCTCATGCTGT,8
GATGGTAGGCGTCCGCAA,OXT_08,GACGGCATTCAGGCACGT,10
ATAACTGCGCCCTGTGCT,OXT_24,GGGATTCGGTCATGTCCT,9
TTAGTGGATGCGGACTCG,OXT_27,GTAGAATGGGCATCGTCG,10
TGTCGTAGGCAGACGGAG,OXT_04,TAGACAGGGCTGACTGTG,9
ATCAGGCACAGGACTGGT,OXT_01,AGGCTGCGTAAGTCTGCT,9
ATGACGATACTCGGCTCG,OXT_06,ATCATCATCATCATCATC,10
GGGGTACGGAATAGCGCG,OXT_22,ACGGGACCGCAGATCGAG,8
CTGTTCGCATGGGGACCG,OXT_02,AGGGGAGCGTGCGGAGGC,10
AACCAAGCAGCAGCCGGA,OXT_25,TGCATCGCAACAGCAGTT,9
TCGTGAGCGTCAAGTATT,OXT_02,AGGGGAGCGTGCGGAGGC,10
ATGTGTGGACCCGTCGTG,OXT_07,GTGGGTGCATTTGCTGTA,9
GGGTATGAGACGTGTTCC,OXT_24,GGGATTCGGTCATGTCCT,8
TGCGGTTTCCAAGGGCAG,OXT_26,GGGGCATTCACTGAGCTG,9
GGTGGAGAACACGTCGTC,OXT_02,AGGGGAGCGTGCGGAGGC,9
GCATTACAATTCCGTATG,OXT_05,GGCGGACAGACTCTAATG,10
AGCGTTGCGTCCTCGGCG,OXT_02,AGGGGAGCGTGCGGAGGC,9
ACGGAGTGCCTTGGAGTT,OXT_10,AAGATGTATCGTGTGCTG,10
CACTGGGAGACGCATTAA,OXT_18,TAACGGGTTATCCATAAT,9
GGCATCTAGACGACGTGT,OXT_25,TGCATCGCAACAGCAGTT,9
ATTCCGCAGTTGAGGAGT,OXT_21,GAGCAACGGGTCAGCATT,10
ACTGGATCGGTCCAGAGG,OXT_02,AGGGGAGCGTGCGGAGGC,10
TCAACGGGTTACACGGTG,OXT_04,TAGACAGGGCTGACTGTG,8
AACGGGACTGGGCCTGTT,OXT_08,GACGGCATTCAGGCACGT,9
ACACGGTCAGATGTGGAT,OXT_22,ACGGGACCGCAGATCGAG,10
TCAGAGCGTGCCGCGGAG,OXT_27,GTAGAATGGGCATCGTCG,9
ACAGGTCATGCTACTCCG,OXT_05,GGCGGACAGACTCTAATG,11
GCGTGGGAGCATTATCGG,OXT_11,GGGTAAGGGCACAACAGT,9
GTAGGCGTCGATCATCAT,OXT_18,TAACGGGTTATCCATAAT,9
GAAGGTTATGTGACGTTG,OXT_27,GTAGAATGGGCATCGTCG,9
TTGCTGATAGCTCTCGGA,OXT_14,TTGAGCGTAACGACAGTG,11
TGCCTGGTAGGGAGATTG,OXT_14,TTGAGCGTAACGACAGTG,9
GTAGTTAGACACCCAGTG,OXT_16,ATAAACAGTCTAGCTGTG,9
TATCGTTGGTCAGTCTAC,OXT_03,GACTTGGGCTCATGCTGT,11
CGTAGATACAATGCCGAT,OXT_17,AGGAACTACGATCGTGAA,9
TGCCCCGACTAACGAGTG,OXT_25,TGCATCGCAACAGCAGTT,9
GGTGCACGGTTAAGGTGG,OXT_27,GTAGAATGGGCATCGTCG,9
AGGACAGCGGATGACGTG,OXT_02,AGGGGAGCGTGCGGAGGC,9
GGCTGCAGAGGACGGAAG,OXT_28,AGCGGCGGCGACGGCGAA,10
AATGGTACGGCCATTGGA,OXT_12,AATACAGCGGTGTTTCTA,9
TAGCGGTAGGCTGTATGT,OXT_10,AAGATGTATCGTGTGCTG,10
GAGGAGTGATGAAACATG,OXT_23,AAGTAGGGACAGAATACG,8
AGGGATCGGTTGGACCAT,OXT_24,GGGATTCGGTCATGTCCT,9
AGATGCGAGCAACGGAGT,OXT_11,GGGTAAGGGCACAACAGT,9
GCATATCGACGTGTAGCC,OXT_07,GTGGGTGCATTTGCTGTA,12
AGAGAGGGTAACGGATGA,OXT_28,AGCGGCGGCGACGGCGAA,8
GTGCGTAGTCATTGAGGA,OXT_07,GTGGGTGCATTTGCTGTA,10
GGTCCTGATCGTGCTGCA,OXT_07,GTGGGTGCATTTGCTGTA,9
CGCAGGAAATGGGAACGG,OXT_08,GACGGCATTCAGGCACGT,10
GGGGGTAACCACCGACGT,OXT_08,GACGGCATTCAGGCACGT,8
ACAGGTTCATTCGTTCGG,OXT_07,GTGGGTGCATTTGCTGTA,9
ATCGGCGGATAAGCAGTG,OXT_07,GTGGGTGCATTTGCTGTA,8
GACCGCTACTGAGTGTGC,OXT_03,GACTTGGGCTCATGCTGT,10
CTAACACGGGGCAGGTTA,OXT_21,GAGCAACGGGTCAGCATT,9
ATTTGCGGAGATGGACGT,OXT_28,AGCGGCGGCGACGGCGAA,9
ACTGGGCGCTGGCAGATG,OXT_05,GGCGGACAGACTCTAATG,11
CAATGCGGAACGGTGATG,OXT_14,TTGAGCGTAACGACAGTG,9
GGCTCGCCTGTGGATAGG,OXT_23,AAGTAGGGACAGAATACG,11
AAGCAGAAGATTCGAGCG,OXT_13,TATTACACTAGTGGATGG,10
TGGGGGACAGGAGGAAGC,OXT_02,AGGGGAGCGTGCGGAGGC,7
TTCGGTATCAATCTCGGG,OXT_05,GGCGGACAGACTCTAATG,10
GACATCATTGTTAGAGTG,OXT_06,ATCATCATCATCATCATC,9
ATACAACGTGACGCGGCT,OXT_01,AGGCTGCGTAAGTCTGCT,8
GAGAGGACTCCAGTAGCG,OXT_10,AAGATGTATCGTGTGCTG,9
GGCCCGTATCGGACAGTG,OXT_04,TAGACAGGGCTGACTGTG,10
AGGATCTCACAGACGCGA,OXT_10,AAGATGTATCGTGTGCTG,10
GGATGGACCACAGACACG,OXT_26,GGGGCATTCACTGAGCTG,10
ACGCCACTGATGACGGAG,OXT_22,ACGGGACCGCAGATCGAG,7
ATGGGCGATCAGCACAGT,OXT_08,GACGGCATTCAGGCACGT,9
GAAGTCCGCATCGGGATA,OXT_21,GAGCAACGGGTCAGCATT,9
GTGCATCTGCAACACGGT,OXT_11,GGGTAAGGGCACAACAGT,8
TACGAAGACGCACGTTTA,OXT_03,GACTTGGGCTCATGCTGT,10
GGACGCTACGAATGGAGT,OXT_20,AGGGCCTAGGGATGACGT,8
ACTGCGTTGGGTTCACAG,OXT_20,AGGGCCTAGGGATGACGT,8
TGAGCGGGCGATCCACAT,OXT_28,AGCGGCGGCGACGGCGAA,10
TAGGGACCCACACAAGAG,OXT_05,GGCGGACAGACTCTAATG,9
ACGGCTGACAAGGGACGT,OXT_20,AGGGCCTAGGGATGACGT,8
GGGAACCGCCTCGTTGCG,OXT_16,ATAAACAGTCTAGCTGTG,8
AACGATTCGGTGCGCTGG,OXT_12,AATACAGCGGTGTTTCTA,11
ATGCACCAGCCGCGGTAG,OXT_17,AGGAACTACGATCGTGAA,10
AAATGTGGTTCAGCGGCG,OXT_16,ATAAACAGTCTAGCTGTG,9
GCGCGCGCAAAGGTGGAT,OXT_22,ACGGGACCGCAGATCGAG,9
AGACGTATGTTCCTGATG,OXT_05,GGCGGACAGACTCTAATG,10
ATCCGAAGAGGCAATGGT,OXT_02,AGGGGAGCGTGCGGAGGC,11
AAGCAGCACGAGGCAGCG,OXT_01,AGGCTGCGTAAGTCTGCT,8
ATGGACCAAGTACATGCG,OXT_16,ATAAACAGTCTAGCTGTG,9
AACAGGCGGTATGATCTA,OXT_10,AAGATGTATCGTGTGCTG,10
AGTGAGTGATGTACTGGT,OXT_15,AGGGTATAACGTCCTTTG,9
AGGTATCGCGATAGACCG,OXT_17,AGGAACTACGATCGTGAA,9
ATAGCGAGGGTTAACTAG,OXT_27,GTAGAATGGGCATCGTCG,10
GTAATTCGTGGCATGTCG,OXT_27,GTAGAATGGGCATCGTCG,9
TGGACCAGCGGCAGTTGA,OXT_17,AGGAACTACGATCGTGAA,9
AGCCGTGGCAAGATGGCA,OXT_28,AGCGGCGGCGACGGCGAA,8
CATGCGGTAATCGACTGG,OXT_18,TAACGGGTTATCCATAAT,10
TAGACGCGGCTAACTTCC,OXT_04,TAGACAGGGCTGACTGTG,6
GAGAGGTGGACATGGAGG,OXT_03,GACTTGGGCTCATGCTGT,9
TGAAGGCGGAATGTCTTA,OXT_05,GGCGGACAGACTCTAATG,10
CACGGGATGAGGGTGCTC,OXT_08,GACGGCATTCAGGCACGT,9
GAGATGTGCGACCGCGTT,OXT_21,GAGCAACGGGTCAGCATT,8
GGAGGCTGAACACGGTGC,OXT_27,GTAGAATGGGCATCGTCG,9
AGTCGCTCAGAACGCAGT,OXT_20,AGGGCCTAGGGATGACGT,9
AGCAGATGCGAGGCGCCT,OXT_28,AGCGGCGGCGACGGCGAA,9
AGTGGCCGAACGGGTGAG,OXT_28,AGCGGCGGCGACGGCGAA,8
GTGCCAGGTTAGCGCGAT,OXT_01,AGGCTGCGTAAGTCTGCT,10
GGTACGGGCGCCGCATTA,OXT_25,TGCATCGCAACAGCAGTT,10
AGGTAGGTGGAGTGACAG,OXT_20,AGGGCCTAGGGATGACGT,9
ACAGAAGGTGTGCCACGG,OXT_16,ATAAACAGTCTAGCTGTG,10
TTGAGAACCATGACGAGG,OXT_14,TTGAGCGTAACGACAGTG,8
GCTGCTGCGTTTTCGCGG,OXT_07,GTGGGTGCATTTGCTGTA,9
GCGGCTAGCAAGCAGAGT,OXT_11,GGGTAAGGGCACAACAGT,10
GGCGTGGAATCGAAGGCG,OXT_23,AAGTAGGGACAGAATACG,10
GACTGCCGGCAGAATGGG,OXT_23,AAGTAGGGACAGAATACG,8
GCACAAGCAGAAACGCGG,OXT_27,GTAGAATGGGCATCGTCG,9
AGGCATATACTCATACGG,OXT_06,ATCATCATCATCATCATC,11
ACACCCACACACATACCG,OXT_19,CCCCCCCCCCCCCCCCCC,9
AATGGCGTTAGTGGACCT,OXT_08,GACGGCATTCAGGCACGT,8
ACCAACTAGTGGGAGCCA,OXT_10,AAGATGTATCGTGTGCTG,10
GTCACGGTGAGACATGCG,OXT_04,TAGACAGGGCTGACTGTG,11
AACGGGACGCCTAGGTGC,OXT_02,AGGGGAGCGTGCGGAGGC,10
AGGGAAGGTGAATCCATG,OXT_11,GGGTAAGGGCACAACAGT,9
ACACACACCGATCCACCT,OXT_19,CCCCCCCCCCCCCCCCCC,9
ACTGGGTAGAGTGTTCAT,OXT_10,AAGATGTATCGTGTGCTG,9
AGCGTAGGCATACATGCG,OXT_01,AGGCTGCGTAAGTCTGCT,10
CAGCGGGGAATTGCATAT,OXT_18,TAACGGGTTATCCATAAT,9
TCATTGCGCAAATGTTCG,OXT_01,AGGCTGCGTAAGTCTGCT,9
GATCGTACGTGCTGCAGG,OXT_02,AGGGGAGCGTGCGGAGGC,10
AGGTTCGACCCTATTTCG,OXT_15,AGGGTATAACGTCCTTTG,8
GTGTTACACGGACAATCG,OXT_15,AGGGTATAACGTCCTTTG,10
AGGCGGGTACAAACCTAA,OXT_22,ACGGGACCGCAGATCGAG,10
GAGGCAGATTCAGACTCG,OXT_26,GGGGCATTCACTGAGCTG,9
GATGAGGGGAAAGCATGC,OXT_03,GACTTGGGCTCATGCTGT,10
ACAGACACTCGACGCATT,OXT_16,ATAAACAGTCTAGCTGTG,9
GCGGTGGTGTGCTCCCCT,OXT_24,GGGATTCGGTCATGTCCT,9
GGGAACGGGATTAATTAG,OXT_04,TAGACAGGGCTGACTGTG,9
AGTGTTGTCGGGAGTCCA,OXT_09,TGTAGTGCTCGGCTGCCG,10
ACGGGATACTGAGGGCCT,OXT_20,AGGGCCTAGGGATGACGT,8
ACAGAGAGATTGGTGCAG,OXT_16,ATAAACAGTCTAGCTGTG,10
ATTCATCATGTGTGCTCA,OXT_01,AGGCTGCGTAAGTCTGCT,11
TGCGTGCAGGAATCGATG,OXT_05,GGCGGACAGACTCTAATG,9
GCTGCGGGCATCCCAACT,OXT_18,TAACGGGTTATCCATAAT,10
TGGTAGAGAGCAGGGTGC,OXT_03,GACTTGGGCTCATGCTGT,10
GGGCAGCTGTCAGTTCCG,OXT_24,GGGATTCGGTCATGTCCT,7
TCGAACGTGCAGCAATGT,OXT_11,GGGTAAGGGCACAACAGT,9
GGCGATGAACTGACGGTG,OXT_04,TAGACAGGGCTGACTGTG,9
CAAGCAGGAAACATTGTG,OXT_04,TAGACAGGGCTGACTGTG,8
AGGACGGAAGAGCTATCT,OXT_01,AGGCTGCGTAAGTCTGCT,10
GCGGGAAACCCATGTCGC,OXT_20,AGGGCCTAGGGATGACGT,10
AGGCGTGTAAGAGGGCGT,OXT_02,AGGGGAGCGTGCGGAGGC,9
AACGTGCCATACGTGTGG,OXT_10,AAGATGTATCGTGTGCTG,10
CTCTCGTTGGCCCAGTGG,OXT_27,GTAGAATGGGCATCGTCG,10
GCGGTGAAAGTCTGTGCG,OXT_01,AGGCTGCGTAAGTCTGCT,11
ACGGGGCTTTCCCATTGG,OXT_18,TAACGGGTTATCCATAAT,10
TGGTCATCCGCGCGGCTA,OXT_26,GGGGCATTCACTGAGCTG,8
GTTGGTCGCCCAGCCCAT,OXT_08,GACGGCATTCAGGCACGT,10
ATCACCATCCGGAGTGTG,OXT_06,ATCATCATCATCATCATC,8
ATGGGACCTGCCGAGGTG,OXT_02,AGGGGAGCGTGCGGAGGC,9
GCGGAACGTCGGGCCACA,OXT_11,GGGTAAGGGCACAACAGT,10
TGCGGATGGCGCTTAGTG,OXT_05,GGCGGACAGACTCTAATG,8
AATGGTCGCTAATGTGGA,OXT_28,AGCGGCGGCGACGGCGAA,9
TGCCCAGACCTTATGTCT,OXT_04,TAGACAGGGCTGACTGTG,11
GGGTCTTCTCGGCATCTT,OXT_09,TGTAGTGCTCGGCTGCCG,9
GAGCACCGATGACGCCTG,OXT_21,GAGCAACGGGTCAGCATT,8
ACGGAAGGAGTGCTGACG,OXT_23,AAGTAGGGACAGAATACG,8
ACGAATCTCGGGATGGTG,OXT_22,ACGGGACCGCAGATCGAG,9
GGTGGAAACCTCAGGCGA,OXT_02,AGGGGAGCGTGCGGAGGC,11
GGGACGATCCATTCCGCC,OXT_01,AGGCTGCGTAAGTCTGCT,10
GGCAGGGAGATCACAGCG,OXT_05,GGCGGACAGACTCTAATG,9
TGGCTGGCCCAGACATTG,OXT_04,TAGACAGGGCTGACTGTG,9
GGGCAGGGTTCATCCCAA,OXT_03,GACTTGGGCTCATGCTGT,9
TGGGAATAGGTAGATTGA,OXT_20,AGGGCCTAGGGATGACGT,9
ACGGGTTCAACGCGCATG,OXT_22,ACGGGACCGCAGATCGAG,9
AGGAAGTACAGTCGCTGC,OXT_17,AGGAACTACGATCGTGAA,7
AGGGTAGGCAATTCCCCT,OXT_01,AGGCTGCGTAAGTCTGCT,7
ATGGTGTCGAAACATGGA,OXT_01,AGGCTGCGTAAGTCTGCT,10
GGAGCCTAGCCCCGTAGT,OXT_20,AGGGCCTAGGGATGACGT,8
AGGCACTCACCCTTTGCT,OXT_01,AGGCTGCGTAAGTCTGCT,9
GGCACTCGTTTCGCGGTC,OXT_07,GTGGGTGCATTTGCTGTA,10
ACGGGCCTATCGTCTGTG,OXT_14,TTGAGCGTAACGACAGTG,7
AGGCTAGGTGTACGGCTA,OXT_12,AATACAGCGGTGTTTCTA,10
TGCTCCCTCGACTATCCG,OXT_19,CCCCCCCCCCCCCCCCCC,10
GGCAAAGAGCGGATGTAT,OXT_11,GGGTAAGGGCACAACAGT,9
ATGGCGCTACCTTAGGTC,OXT_26,GGGGCATTCACTGAGCTG,9
GCACGAGTCGTCTGAATG,OXT_21,GAGCAACGGGTCAGCATT,9
GTGCGGGATCCAGACTCT,OXT_03,GACTTGGGCTCATGCTGT,10
AAGATGCCATGCTGCGCT,OXT_01,AGGCTGCGTAAGTCTGCT,9
TACTCAGGGAATACTGGA,OXT_04,TAGACAGGGCTGACTGTG,7
CAGTGCAGGGCATGTAGC,OXT_03,GACTTGGGCTCATGCTGT,10
TGTACAATGTATGCGTCG,OXT_26,GGGGCATTCACTGAGCTG,10
TGATGGTGAGTCGCTGTA,OXT_07,GTGGGTGCATTTGCTGTA,9
ACGACGTATATGTGCTTG,OXT_10,AAGATGTATCGTGTGCTG,9
GTGCCACTACGGCTGCCG,OXT_09,TGTAGTGCTCGGCTGCCG,9
ACGGCAAGAGATGGCGTG,OXT_22,ACGGGACCGCAGATCGAG,9
ACGTACGGTGTGTAGTCG,OXT_23,AAGTAGGGACAGAATACG,8
AGAGGAAGTAGGGGTGCG,OXT_01,AGGCTGCGTAAGTCTGCT,9
ATAACAGGCTGATGCGTG,OXT_16,ATAAACAGTCTAGCTGTG,9
TACCCATCATCATGTGCT,OXT_03,GACTTGGGCTCATGCTGT,10
GCGTCAAGACCATTGTGG,OXT_27,GTAGAATGGGCATCGTCG,9
ATCGACTGGACTGGCATG,OXT_05,GGCGGACAGACTCTAATG,9
GCGACTCGATAGACGATG,OXT_04,TAGACAGGGCTGACTGTG,9
GGTCCCGGAACGTCACAG,OXT_14,TTGAGCGTAACGACAGTG,9
AGGGCAAGGACGAGTACA,OXT_01,AGGCTGCGTAAGTCTGCT,10
GGGATCCGGTACGCTATG,OXT_24,GGGATTCGGTCATGTCCT,8
GTCACGTGCAGGTGATGG,OXT_03,GACTTGGGCTCATGCTGT,9
TTGACAGGTAGTACATAT,OXT_04,TAGACAGGGCTGACTGTG,9
AGGGACACACTGAGGATG,OXT_23,AAGTAGGGACAGAATACG,9
ACTAGTGACTGGTAGCCT,OXT_09,TGTAGTGCTCGGCTGCCG,8
GTCGCGACGTAGACATAT,OXT_08,GACGGCATTCAGGCACGT,9
GGCAGATCGAGGCTTCGA,OXT_05,GGCGGACAGACTCTAATG,9
GGAGGTATAGTAACAGCT,OXT_07,GTGGGTGCATTTGCTGTA,10
ACGGGCAGTATCTCTCGT,OXT_01,AGGCTGCGTAAGTCTGCT,9
TTAGGACGACGGGCTGCT,OXT_01,AGGCTGCGTAAGTCTGCT,10
GATCAGCACACGACGTTG,OXT_05,GGCGGACAGACTCTAATG,11
AAGGGAAGGCAAAGACGG,OXT_22,ACGGGACCGCAGATCGAG,8
GGTAGGCGCGCTGAATAG,OXT_05,GGCGGACAGACTCTAATG,10
AGCGAGTAAAGAGCTGTG,OXT_15,AGGGTATAACGTCCTTTG,7
AAGCAGGACTGGCATTGG,OXT_23,AAGTAGGGACAGAATACG,8
TTAACAATGTGTCGCGTA,OXT_04,TAGACAGGGCTGACTGTG,11
GGTGGCAGAAGGTGGTTG,OXT_13,TATTACACTAGTGGATGG,10
AGGCGGTAGATGAGCAAG,OXT_22,ACGGGACCGCAGATCGAG,9
AGCACATTGACGGTACAG,OXT_26,GGGGCATTCACTGAGCTG,8
ATGACGGCAGAACTAGGT,OXT_20,AGGGCCTAGGGATGACGT,10
ACGCAGTGTAGGTTTCGT,OXT_01,AGGCTGCGTAAGTCTGCT,7
AAGGCAGCGTACGGTATA,OXT_02,AGGGGAGCGTGCGGAGGC,7
CACGAGACGTGTCTGCCT,OXT_09,TGTAGTGCTCGGCTGCCG,11
AGGGGCATGCAGGTCTCT,OXT_08,GACGGCATTCAGGCACGT,8
ACGCTGCTGGAGACAGTG,OXT_01,AGGCTGCGTAAGTCTGCT,8
CAGTGGGAGCGGCCTGTA,OXT_04,TAGACAGGGCTGACTGTG,8
AGGACACTAGACTGGGCT,OXT_01,AGGCTGCGTAAGTCTGCT,9
GGGTAGAGGACGGAGGGA,OXT_11,GGGTAAGGGCACAACAGT,9
CCACGTGGGGTATCAGCA,OXT_27,GTAGAATGGGCATCGTCG,10
GACTTCGGATAAGAGTGG,OXT_03,GACTTGGGCTCATGCTGT,7
GAAGCCAGACGCGTGTCG,OXT_27,GTAGAATGGGCATCGTCG,10
ACAGAAGCCATAACTGTG,OXT_16,ATAAACAGTCTAGCTGTG,8
ACGGGAATACGGTGAGCG,OXT_22,ACGGGACCGCAGATCGAG,8
GGGCACTGGTTCTCGAGT,OXT_11,GGGTAAGGGCACAACAGT,8
GGGAGCCAACTCCTTATG,OXT_05,GGCGGACAGACTCTAATG,8
GTACAGACGCTGTGTCCT,OXT_24,GGGATTCGGTCATGTCCT,10
ATGTGCGTACGTACCGTG,OXT_14,TTGAGCGTAACGACAGTG,6
CGAGGGGACACCATTCAG,OXT_05,GGCGGACAGACTCTAATG,10
GCGGGAGAGGATGTGTCG,OXT_05,GGCGGACAGACTCTAATG,9
GTGGATCTTCACGGTGCT,OXT_01,AGGCTGCGTAAGTCTGCT,10
ACAGGGAAGCACGCCGTA,OXT_22,ACGGGACCGCAGATCGAG,9
GACGGCACAACAATCATG,OXT_05,GGCGGACAGACTCTAATG,8
TGAACGACTTTGTGCCAT,OXT_09,TGTAGTGCTCGGCTGCCG,11
TGGAGTGCCGAATGCTGT,OXT_03,GACTTGGGCTCATGCTGT,9
TGGGTGCAGGCTGATTGA,OXT_15,AGGGTATAACGTCCTTTG,10
TAGAAGAGGAGTGTTGAG,OXT_04,TAGACAGGGCTGACTGTG,9
GTCAATCAGACGCGACGG,OXT_05,GGCGGACAGACTCTAATG,8
GTAGTACTAACGCGCTCT,OXT_27,GTAGAATGGGCATCGTCG,10
ACACGAAGGATCAGTGCG,OXT_04,TAGACAGGGCTGACTGTG,10
ACGCGGTTCCAGAGATTG,OXT_22,ACGGGACCGCAGATCGAG,9
TCCGAGTATAGAGTGGCT,OXT_10,AAGATGTATCGTGTGCTG,10
GGGTAGAGACTGTGATGC,OXT_03,GACTTGGGCTCATGCTGT,10
GGTCCGGTACTCGAGCAG,OXT_26,GGGGCATTCACTGAGCTG,9
AACCGGAAGGCGCGTCGG,OXT_05,GGCGGACAGACTCTAATG,11
ACATCTGTGGGACTCTTT,OXT_12,AATACAGCGGTGTTTCTA,11
AGGGCCTTTGGGACATTA,OXT_20,AGGGCCTAGGGATGACGT,8
GCGGCGAAGTGATGATGG,OXT_20,AGGGCCTAGGGATGACGT,7
CGTGGGGATAAATGTAGT,OXT_01,AGGCTGCGTAAGTCTGCT,10
GATGGGTAAGCACTATTA,OXT_05,GGCGGACAGACTCTAATG,9
GGAGTGCAACATACATCG,OXT_15,AGGGTATAACGTCCTTTG,8
TTCCAGGCGCATAGTTGG,OXT_13,TATTACACTAGTGGATGG,10
ACGGACCGCCGTCATGTG,OXT_15,AGGGTATAACGTCCTTTG,8
ACTGTCACCGTGCGCTAC,OXT_06,ATCATCATCATCATCATC,10
AACGAGACGGTGACGAGG,OXT_23,AAGTAGGGACAGAATACG,10
AGGCATGCGGCATGTACT,OXT_24,GGGATTCGGTCATGTCCT,7
ATGGGCCCATCATGTGCT,OXT_24,GGGATTCGGTCATGTCCT,8
CTCAACTGGAGCACTTCG,OXT_27,GTAGAATGGGCATCGTCG,9
ACACATTATCGCAACGTG,OXT_10,AAGATGTATCGTGTGCTG,10
AGGGCTATATATCTCTTG,OXT_15,AGGGTATAACGTCCTTTG,8
TAGCCTCCACTGACCGTG,OXT_04,TAGACAGGGCTGACTGTG,6
GTGGAGACGCGAACAAAT,OXT_11,GGGTAAGGGCACAACAGT,10
GCAGAAGGAAGTTCAGCG,OXT_27,GTAGAATGGGCATCGTCG,8
AAGCAGGACACCAGCATA,OXT_21,GAGCAACGGGTCAGCATT,8
ACCGGGCACATGACGGTA,OXT_22,ACGGGACCGCAGATCGAG,10
TCAAGGTTGGGATCGCGG,OXT_27,GTAGAATGGGCATCGTCG,9
ACAGGCGCCTAGCGTGTA,OXT_28,AGCGGCGGCGACGGCGAA,8
ACGTGAGTGCAAACCGTG,OXT_22,ACGGGACCGCAGATCGAG,6
GGACATCCGCCTCGGCGA,OXT_24,GGGATTCGGTCATGTCCT,10
GAGGGACTATGCGTTACA,OXT_07,GTGGGTGCATTTGCTGTA,9
TGGGTCGCTCACTATAGC,OXT_11,GGGTAAGGGCACAACAGT,9
ATGCTGGGATCGGAGGCG,OXT_23,AAGTAGGGACAGAATACG,8
AGGGACTAAGTGGGAGCG,OXT_17,AGGAACTACGATCGTGAA,8
GGAGAGCCCAGCGGTATA,OXT_02,AGGGGAGCGTGCGGAGGC,11
GGGGCGGAGGCCAAATTG,OXT_05,GGCGGACAGACTCTAATG,9
GGAGGTTGCGGCACATGC,OXT_02,AGGGGAGCGTGCGGAGGC,10
TCGCAATAATGTCGCGTT,OXT_15,AGGGTATAACGTCCTTTG,9
GAGGCCGTTAAAGGTGTG,OXT_26,GGGGCATTCACTGAGCTG,9
CGGGTTACTGCTGGGTGC,OXT_02,AGGGGAGCGTGCGGAGGC,10
GGGCAATGAGACGACTCA,OXT_11,GGGTAAGGGCACAACAGT,8
CAGCGGGTAAATATGTGT,OXT_18,TAACGGGTTATCCATAAT,10
AGGCACAACGCAGCGTGG,OXT_16,ATAAACAGTCTAGCTGTG,10
GCAGAACGAGGCGATGCT,OXT_21,GAGCAACGGGTCAGCATT,10
ACGAGGGACAAAAGGCAT,OXT_17,AGGAACTACGATCGTGAA,10
TGTCGATGAATGGAGCAT,OXT_18,TAACGGGTTATCCATAAT,10
TCTGTGGAGATGCTTCTT,OXT_12,AATACAGCGGTGTTTCTA,9
ATCACTGGAATAACGCGG,OXT_04,TAGACAGGGCTGACTGTG,10
ACGGCATTGCATGGCGGA,OXT_22,ACGGGACCGCAGATCGAG,8
GATCCTGTGATCATCGTA,OXT_12,AATACAGCGGTGTTTCTA,9
AGAAGACCGACTACTTAC,OXT_05,GGCGGACAGACTCTAATG,10
TGACGGCATTGACCGGCT,OXT_01,AGGCTGCGTAAGTCTGCT,9
AATAGGAGGCTACGGCAT,OXT_09,TGTAGTGCTCGGCTGCCG,11
AGGCGACCTATGGATGCT,OXT_01,AGGCTGCGTAAGTCTGCT,6
AGGTGGTATACGCCACGG,OXT_01,AGGCTGCGTAAGTCTGCT,10
TGAGGTATCGACTAAGCG,OXT_28,AGCGGCGGCGACGGCGAA,10
AAGCAGATCCCAATGTTC,OXT_06,ATCATCATCATCATCATC,10
AAGCAGAAGCCTAGCAGC,OXT_21,GAGCAACGGGTCAGCATT,9
AGCACGCAGAAAGCTGGA,OXT_01,AGGCTGCGTAAGTCTGCT,9
TATGCAGGCACAGCAGAG,OXT_04,TAGACAGGGCTGACTGTG,9
CTGGTGTGCATGAGGACG,OXT_23,AAGTAGGGACAGAATACG,10
AGGACGTAAAACTGGAGC,OXT_20,AGGGCCTAGGGATGACGT,9
GCGTCCCGAAAGACGGTG,OXT_14,TTGAGCGTAACGACAGTG,8
GACAGGCGACATCACACA,OXT_23,AAGTAGGGACAGAATACG,9
GTTCGATCGTTAGACTTG,OXT_07,GTGGGTGCATTTGCTGTA,10
AACGTGTGCGGTGACGTG,OXT_10,AAGATGTATCGTGTGCTG,8
TAGCGACTGATCAGGTGT,OXT_21,GAGCAACGGGTCAGCATT,7
AAGCAGGCATAGGGGCAG,OXT_23,AAGTAGGGACAGAATACG,8
GGGTGCAGACGTATACAG,OXT_05,GGCGGACAGACTCTAATG,11
ACAGGATGGTGAGAGGCG,OXT_27,GTAGAATGGGCATCGTCG,8
AGACGTCTGCAGTTATGG,OXT_22,ACGGGACCGCAGATCGAG,9
TTGGCTAGTATTCTGCGT,OXT_09,TGTAGTGCTCGGCTGCCG,11
ATGCTATTCATGCGCGGT,OXT_01,AGGCTGCGTAAGTCTGCT,10
GGGGACCAAGATGAGAGG,OXT_26,GGGGCATTCACTGAGCTG,9
GGTACGGAAGTAAGCGGG,OXT_03,GACTTGGGCTCATGCTGT,11
AGGAGCCTAGGACGAACG,OXT_20,AGGGCCTAGGGATGACGT,9
ACGGCGCACTGTGATTCT,OXT_15,AGGGTATAACGTCCTTTG,10
GAACGGGACAACCCAGTG,OXT_18,TAACGGGTTATCCATAAT,9
ACGGGCACACGACACTTG,OXT_15,AGGGTATAACGTCCTTTG,8
GGGATAGACAGAGAGGTG,OXT_26,GGGGCATTCACTGAGCTG,7
GAGGTGTGCAGCTACGAC,OXT_03,GACTTGGGCTCATGCTGT,10
GGTTGGTACAGTGATCCA,OXT_26,GGGGCATTCACTGAGCTG,9
GGAGCTATGGGCAAGACA,OXT_11,GGGTAAGGGCACAACAGT,11
ATTGGCGAACACTGATGG,OXT_02,AGGGGAGCGTGCGGAGGC,10
GAACCTGTATGGGTGAGG,OXT_09,TGTAGTGCTCGGCTGCCG,11
ACATAGACCATCGATGTG,OXT_16,ATAAACAGTCTAGCTGTG,8
TGAGTTCGAATCTGCTTG,OXT_15,AGGGTATAACGTCCTTTG,11
AACGGGTCTACCCTATGG,OXT_05,GGCGGACAGACTCTAATG,9
TGGACAGAGCAACAGTCG,OXT_04,TAGACAGGGCTGACTGTG,9
AATGCGCCGTGTTCTGCA,OXT_12,AATACAGCGGTGTTTCTA,9
TGGCAGGTAGGTAGAAGG,OXT_13,TATTACACTAGTGGATGG,10
AGACTCACGTCAGGCGTG,OXT_16,ATAAACAGTCTAGCTGTG,9
ACGTACGCTCCAGAGTGT,OXT_11,GGGTAAGGGCACAACAGT,10
GCGAGGCGTAGCTTATTG,OXT_05,GGCGGACAGACTCTAATG,10
GGCATACACCTTCGTAGT,OXT_05,GGCGGACAGACTCTAATG,9
TCGGTCCAAAGACGGATG,OXT_15,AGGGTATAACGTCCTTTG,9
GTCTCGACGAGTGATCTT,OXT_26,GGGGCATTCACTGAGCTG,10
AGGGGAGAGGAGGCGGTG,OXT_02,AGGGGAGCGTGCGGAGGC,8
GGGAGCAGATGCAAAGTT,OXT_14,TTGAGCGTAACGACAGTG,9
TGAACACAGGGTGATCAG,OXT_26,GGGGCATTCACTGAGCTG,10
GGTTATGCGCACAGTGTG,OXT_11,GGGTAAGGGCACAACAGT,8
CCTGGCGGAAGCAATGCT,OXT_14,TTGAGCGTAACGACAGTG,11
AGGTGAGCGTCCAGGCTG,OXT_02,AGGGGAGCGTGCGGAGGC,7
GCAGGAGGTGTTAAAGGC,OXT_02,AGGGGAGCGTGCGGAGGC,10
GCGGCGCTTAGAAGAGAT,OXT_20,AGGGCCTAGGGATGACGT,10
AGCGGGAAGAGATGCCAT,OXT_20,AGGGCCTAGGGATGACGT,7
GATAGACGTCGTACTGTG,OXT_04,TAGACAGGGCTGACTGTG,7
GCAGCATGGGAAGGGATG,OXT_27,GTAGAATGGGCATCGTCG,7
GCCTATGTCGCACGTACG,OXT_03,GACTTGGGCTCATGCTGT,10
GCAGGCTGGTTGGTTGTA,OXT_07,GTGGGTGCATTTGCTGTA,8
GGAAGGCAGGAAAGGAGG,OXT_05,GGCGGACAGACTCTAATG,10
ATGGCAATCGAAGCGTGT,OXT_08,GACGGCATTCAGGCACGT,10
TGACGGTCAGGCCAGTAC,OXT_18,TAACGGGTTATCCATAAT,9
GTACAGTATGTAACGAGG,OXT_27,GTAGAATGGGCATCGTCG,8
AGATCGGCAGGTTAAGGG,OXT_02,AGGGGAGCGTGCGGAGGC,10
ACGGCACGTTCTTGGAGT,OXT_20,AGGGCCTAGGGATGACGT,10
TGAGGAGCTCCCTCAACG,OXT_09,TGTAGTGCTCGGCTGCCG,9
ATACAGTCAGGCCAGCGT,OXT_18,TAACGGGTTATCCATAAT,11
AGGCGTCGCAGTAATGTA,OXT_01,AGGCTGCGTAAGTCTGCT,9
GGTGCGCAACTGTGATAG,OXT_05,GGCGGACAGACTCTAATG,11
AGAGGGCGCCACCTTGCT,OXT_01,AGGCTGCGTAAGTCTGCT,8
GAAGTGGTGAAGGAGGCG,OXT_23,AAGTAGGGACAGAATACG,10
GGGTAGGGGACTTGGCAT,OXT_24,GGGATTCGGTCATGTCCT,8
ATACGGACGGCCTACGTA,OXT_12,AATACAGCGGTGTTTCTA,11
ACGGTCTTTGTGCTGTGC,OXT_06,ATCATCATCATCATCATC,11
TAGCAACGCAGGGTGTCG,OXT_13,TATTACACTAGTGGATGG,10
ACTCGAGTGGTGTCCGGA,OXT_12,AATACAGCGGTGTTTCTA,8
CCTGGGGTAAATCAGTGT,OXT_18,TAACGGGTTATCCATAAT,10
ACAGCAGCTGGACTTCAG,OXT_12,AATACAGCGGTGTTTCTA,9
AGGTAGCCATTGAAGCCG,OXT_23,AAGTAGGGACAGAATACG,7
TGGAGCCTGGCTAAGCTA,OXT_14,TTGAGCGTAACGACAGTG,9
AGCGGTGTATTCCAACGG,OXT_02,AGGGGAGCGTGCGGAGGC,9
GATGGGTTCAAACCGGTT,OXT_08,GACGGCATTCAGGCACGT,10
GTGGCGTTAGACGTCTCC,OXT_26,GGGGCATTCACTGAGCTG,11
TCGGCACACTGGGTAGGT,OXT_02,AGGGGAGCGTGCGGAGGC,9
ACTGTCGGAGGTAGAGCG,OXT_28,AGCGGCGGCGACGGCGAA,10
AGGCGGGAAGTATTAATG,OXT_05,GGCGGACAGACTCTAATG,10
AGCGATGAGGTAAACGTG,OXT_28,AGCGGCGGCGACGGCGAA,10
AACGAACCAGCGAACGTG,OXT_22,ACGGGACCGCAGATCGAG,8
GGCCGGAAGAAGGACGTG,OXT_05,GGCGGACAGACTCTAATG,9
GGCAAGTTGACCTGGCGG,OXT_26,GGGGCATTCACTGAGCTG,9
AATGGTAGGTTCCGGAAG,OXT_02,AGGGGAGCGTGCGGAGGC,11
ACAGGTGCTAACAATGTG,OXT_22,ACGGGACCGCAGATCGAG,9
GCAGGAGGCGCAACGGTA,OXT_27,GTAGAATGGGCATCGTCG,8
AAGCCGAATATGCGCATG,OXT_10,AAGATGTATCGTGTGCTG,10
TAGAGTCGCACAATGTGG,OXT_14,TTGAGCGTAACGACAGTG,10
ACAGCCTTATTACCTGTG,OXT_16,ATAAACAGTCTAGCTGTG,8
CACGGGGTACAGCCGTTG,OXT_08,GACGGCATTCAGGCACGT,9
GACTAGGATCACATGTCT,OXT_11,GGGTAAGGGCACAACAGT,9
AAGATGTACCGCGTGTTG,OXT_10,AAGATGTATCGTGTGCTG,3
CAATCCGATAGTAGTGTG,OXT_13,TATTACACTAGTGGATGG,9
ATGGGAGTGCACACGTTA,OXT_22,ACGGGACCGCAGATCGAG,9
AGTGGACAGGTACTCTAG,OXT_05,GGCGGACAGACTCTAATG,8
ACACCTGTTACATGTGTG,OXT_16,ATAAACAGTCTAGCTGTG,10
GGCAGCGTGTTTATGTCT,OXT_05,GGCGGACAGACTCTAATG,11
GAGTCTAACACGAGGGAA,OXT_17,AGGAACTACGATCGTGAA,11
GGGATGAACCAGGTGGAG,OXT_10,AAGATGTATCGTGTGCTG,8
AACACTGAGCTACGCGTG,OXT_04,TAGACAGGGCTGACTGTG,8
GTGCGGATCAAATACGGT,OXT_01,AGGCTGCGTAAGTCTGCT,10
GCAGGTTGGCAACATCAG,OXT_22,ACGGGACCGCAGATCGAG,10
AGGAGTTGTGAACGTCGA,OXT_17,AGGAACTACGATCGTGAA,7
AGGGAGTGTCGCCGACGG,OXT_20,AGGGCCTAGGGATGACGT,8
TAAGGCGAGAGACGCGTA,OXT_28,AGCGGCGGCGACGGCGAA,10
ATGGACGGCCAAATGTGA,OXT_11,GGGTAAGGGCACAACAGT,10
GCGGGACCTGTACTGCAA,OXT_22,ACGGGACCGCAGATCGAG,9
AAGAGGCTAGATGGCGTA,OXT_17,AGGAACTACGATCGTGAA,9
AAGCAGTAGGGAGCCGAG,OXT_10,AAGATGTATCGTGTGCTG,9
AACGGTCTAGAACGTCTG,OXT_05,GGCGGACAGACTCTAATG,11
TCACGTGGAGTCTACAGT,OXT_18,TAACGGGTTATCCATAAT,8
AACTGCGGCGTGTTGATG,OXT_12,AATACAGCGGTGTTTCTA,9
AGCTGGACAGACGGCGTA,OXT_28,AGCGGCGGCGACGGCGAA,6
ACTACACGGAAAGACGTG,OXT_22,ACGGGACCGCAGATCGAG,9
GCTTGAACTCTGTACGGT,OXT_08,GACGGCATTCAGGCACGT,10
ACAGGGTATGATAGACGA,OXT_20,AGGGCCTAGGGATGACGT,9
AGCAAACGTGTGCACCGG,OXT_09,TGTAGTGCTCGGCTGCCG,11
GGGGCCTGTTCCCTAACT,OXT_05,GGCGGACAGACTCTAATG,10
AGAGGTACAGACTGACGG,OXT_02,AGGGGAGCGTGCGGAGGC,9
GATGACGTCCAGATGGTG,OXT_04,TAGACAGGGCTGACTGTG,10
CAGTGAGGGTTGAGCTTG,OXT_04,TAGACAGGGCTGACTGTG,7
AGGCGTTCATCGTGCCGA,OXT_02,AGGGGAGCGTGCGGAGGC,10
ACAACGTGTGCGCGGACA,OXT_17,AGGAACTACGATCGTGAA,11
GTGCCCGATTATCAGTCG,OXT_26,GGGGCATTCACTGAGCTG,11
ACCGGAACAGCGACGTGT,OXT_08,GACGGCATTCAGGCACGT,10
AAGGGAAGACGTGCACTA,OXT_15,AGGGTATAACGTCCTTTG,8
ATGGGATGACTTGTCCTG,OXT_10,AAGATGTATCGTGTGCTG,8
GACCTGTTGAAGGGACGT,OXT_08,GACGGCATTCAGGCACGT,7
ACGACTGCCCTGCCGGGT,OXT_04,TAGACAGGGCTGACTGTG,9
ACCCGAATCCAATGGTCA,OXT_28,AGCGGCGGCGACGGCGAA,11
GGCAAACAGATGGCGGCA,OXT_05,GGCGGACAGACTCTAATG,10
GCAGTAGAAATACGGATG,OXT_05,GGCGGACAGACTCTAATG,9
AGTAGCAGAGCGGATGTG,OXT_16,ATAAACAGTCTAGCTGTG,8
ACAGAGGAGTGAGGCACG,OXT_02,AGGGGAGCGTGCGGAGGC,10
TACACTGGGACAATGGAC,OXT_04,TAGACAGGGCTGACTGTG,9
GATGGGAGATCTGGGTGT,OXT_03,GACTTGGGCTCATGCTGT,8
ACGGTGTGAGTGAGGAGA,OXT_23,AAGTAGGGACAGAATACG,10
GGCGGAGACGGGTATAGA,OXT_05,GGCGGACAGACTCTAATG,10
AAGGACCTGGTAGATGTG,OXT_16,ATAAACAGTCTAGCTGTG,8
ACGGGTCAAGATCGCCAT,OXT_17,AGGAACTACGATCGTGAA,9
GCCGCGGGTGATCTTGGA,OXT_28,AGCGGCGGCGACGGCGAA,10
TCGCCTTCCGATACCGGT,OXT_17,AGGAACTACGATCGTGAA,11
AGATGAGTTGATCAGCGA,OXT_09,TGTAGTGCTCGGCTGCCG,11
ACGGGCTCGTAAACCAGG,OXT_22,ACGGGACCGCAGATCGAG,7
TGGACAGGATTCGTTGCT,OXT_04,TAGACAGGGCTGACTGTG,8
AAGGTGCGCTTCATCCGG,OXT_03,GACTTGGGCTCATGCTGT,10
ACGTCGACAATCTGATCG,OXT_13,TATTACACTAGTGGATGG,10
CTGTGGGGAACTCGGCAG,OXT_14,TTGAGCGTAACGACAGTG,10
ACCCTGTGGGTAGTAATG,OXT_10,AAGATGTATCGTGTGCTG,10
GCAGAGAGAGATGCCGAT,OXT_28,AGCGGCGGCGACGGCGAA,10
ACATAGCGACAATATGTG,OXT_23,AAGTAGGGACAGAATACG,7
ACAGGTGGAATCCGGCGT,OXT_18,TAACGGGTTATCCATAAT,10
ATCGTGACACGTTCGAGA,OXT_15,AGGGTATAACGTCCTTTG,10
AGGAGTAATGGTGGATTG,OXT_10,AAGATGTATCGTGTGCTG,8
TGTGGGCTAGGCTCAACA,OXT_01,AGGCTGCGTAAGTCTGCT,12
ATCAGGTTGTGTGATCGT,OXT_10,AAGATGTATCGTGTGCTG,10
AGCGGGTAAGGGATGTCG,OXT_15,AGGGTATAACGTCCTTTG,9
ACAATTCGTCAGTGAGCA,OXT_01,AGGCTGCGTAAGTCTGCT,8
TCGCAGACGTGCAGCGCT,OXT_21,GAGCAACGGGTCAGCATT,9
TTGCACGGTCCATGTAGG,OXT_16,ATAAACAGTCTAGCTGTG,9
ACCGACCGAGACTTTGTG,OXT_28,AGCGGCGGCGACGGCGAA,9
AGGGAAGACTGACGTGGC,OXT_02,AGGGGAGCGTGCGGAGGC,6
GGGTGATCCAGGCCTGTT,OXT_15,AGGGTATAACGTCCTTTG,9
CAGACTGGGATTGATGGT,OXT_04,TAGACAGGGCTGACTGTG,8
TGGGCCCAAATGTAGGAG,OXT_14,TTGAGCGTAACGACAGTG,10
GGTGATGACTGTATGTGC,OXT_02,AGGGGAGCGTGCGGAGGC,11
ACGGGCAGTTACGCGGTA,OXT_28,AGCGGCGGCGACGGCGAA,8
CGGGCAACGATAGGTCGT,OXT_20,AGGGCCTAGGGATGACGT,8
AGGCAGTGCACGAGTGTA,OXT_01,AGGCTGCGTAAGTCTGCT,8
AGGGATGACAGATCACGG,OXT_20,AGGGCCTAGGGATGACGT,7
GCTGCTGTGTCAGGTCTA,OXT_07,GTGGGTGCATTTGCTGTA,9
ATGTGCCCACCACTGGCT,OXT_22,ACGGGACCGCAGATCGAG,10
TGCTGACTGCTTCCTGTG,OXT_04,TAGACAGGGCTGACTGTG,8
TATGCCGTCATAGTGTGT,OXT_13,TATTACACTAGTGGATGG,10
GTGGTTAAGATGCGCTAT,OXT_21,GAGCAACGGGTCAGCATT,11
ATGGCGTCGAGCAGGCTA,OXT_20,AGGGCCTAGGGATGACGT,9
AGGGCCACCCTTTAGTTG,OXT_26,GGGGCATTCACTGAGCTG,8
GCACAGGACGGTGCTGCT,OXT_01,AGGCTGCGTAAGTCTGCT,11
GAACGGGCGAAACGGCTA,OXT_18,TAACGGGTTATCCATAAT,10
AGGTGAGCGTTTCGTCTT,OXT_02,AGGGGAGCGTGCGGAGGC,8
AGCACATGTCAAGCGGTG,OXT_16,ATAAACAGTCTAGCTGTG,7
TTCGGATGCCGGGCTCAG,OXT_04,TAGACAGGGCTGACTGTG,10
GCAGGGACACAAGGTAAG,OXT_22,ACGGGACCGCAGATCGAG,10
TGAGAGCCTGCCTGTAGT,OXT_18,TAACGGGTTATCCATAAT,10
TAGCACGGGTAACTACCT,OXT_24,GGGATTCGGTCATGTCCT,10
GTGGGAGATGAGACCACG,OXT_22,ACGGGACCGCAGATCGAG,9
TTGAATATGTATCGTGCG,OXT_17,AGGAACTACGATCGTGAA,9
CCAACGTAACGTGATGCT,OXT_10,AAGATGTATCGTGTGCTG,10
ACCGAGCAGACTAATGCG,OXT_05,GGCGGACAGACTCTAATG,9
GCAGAGGTAGTATGACGG,OXT_20,AGGGCCTAGGGATGACGT,10
TGCGGGATGACTATTCTT,OXT_05,GGCGGACAGACTCTAATG,8
GTAGGCGGAGATTATTGC,OXT_07,GTGGGTGCATTTGCTGTA,10
AACGGATCTCGAATGCCG,OXT_09,TGTAGTGCTCGGCTGCCG,8
GGAGGGACCGACACTGCA,OXT_28,AGCGGCGGCGACGGCGAA,9
ACGGGCAAGGCACAGTGT,OXT_20,AGGGCCTAGGGATGACGT,8
GTGGGACCCGACGTTGCA,OXT_07,GTGGGTGCATTTGCTGTA,8
AGCGGATGACGAGAGCGG,OXT_15,AGGGTATAACGTCCTTTG,9
TCAGTAATCTATTGTGCG,OXT_01,AGGCTGCGTAAGTCTGCT,12
ACTGGTTACGCGCTCTCT,OXT_09,TGTAGTGCTCGGCTGCCG,11
AGGACTCAGAAGACTGCG,OXT_01,AGGCTGCGTAAGTCTGCT,7
GATGCCTAGAGTCTGGTC,OXT_05,GGCGGACAGACTCTAATG,9
ATGGGTATAATCCCACGG,OXT_14,TTGAGCGTAACGACAGTG,9
ACGAGGGAGGTATGTCAT,OXT_20,AGGGCCTAGGGATGACGT,8
CGGAGGGATATGGAGATG,OXT_10,AAGATGTATCGTGTGCTG,9
ACTCGCTCAAGAGTGGCG,OXT_09,TGTAGTGCTCGGCTGCCG,10
ATTGTGGTAGACATCTGC,OXT_06,ATCATCATCATCATCATC,9
GGACTAGGGTTAGGGATG,OXT_21,GAGCAACGGGTCAGCATT,9
GGGCACACTGACCTAAGT,OXT_11,GGGTAAGGGCACAACAGT,9
GGTGGCAGATGGCTTATC,OXT_05,GGCGGACAGACTCTAATG,10
CATTAGTTAATGTCGGCT,OXT_01,AGGCTGCGTAAGTCTGCT,10
AGTAGTACAGGTGAGAGG,OXT_09,TGTAGTGCTCGGCTGCCG,9
ACGGGCATACAGCCAGTG,OXT_14,TTGAGCGTAACGACAGTG,7
GAGACCCAACGGTGTGTG,OXT_04,TAGACAGGGCTGACTGTG,8
GCCATAGTCGTGATCCTG,OXT_06,ATCATCATCATCATCATC,8
TTGAGACAAGCGGCTACA,OXT_14,TTGAGCGTAACGACAGTG,9
ACGGGCACCTTAGTTTTA,OXT_07,GTGGGTGCATTTGCTGTA,8
GATCCAGCTGTCATGAGA,OXT_12,AATACAGCGGTGTTTCTA,8
GTATACTATCGACTGTGG,OXT_27,GTAGAATGGGCATCGTCG,9
AGGGCAGTCGGCTGTCCT,OXT_20,AGGGCCTAGGGATGACGT,7
TAGATGAAGCACGTGTAT,OXT_10,AAGATGTATCGTGTGCTG,8
AAGCAGGTAGAGGGGACG,OXT_23,AAGTAGGGACAGAATACG,6
TTAGCTCCGATTGCAGTG,OXT_07,GTGGGTGCATTTGCTGTA,8
GCAGGCAGGGTATGGAAA,OXT_27,GTAGAATGGGCATCGTCG,9
AGGGCCACTATGTACCTG,OXT_26,GGGGCATTCACTGAGCTG,9
AACTAGTACGCCGGATGT,OXT_03,GACTTGGGCTCATGCTGT,8
TCCTATGCTGAGGCGCGG,OXT_09,TGTAGTGCTCGGCTGCCG,9
AGGGAGAGCAAGTGAGCG,OXT_01,AGGCTGCGTAAGTCTGCT,7
GTGGACTCTCACAGGCAT,OXT_08,GACGGCATTCAGGCACGT,10
AGAGGATAATTGTCGGCG,OXT_15,AGGGTATAACGTCCTTTG,9
GAGGCGGTAAGGACAAGG,OXT_14,TTGAGCGTAACGACAGTG,8
AGGTGCAGCCGTGCAATA,OXT_15,AGGGTATAACGTCCTTTG,10
ATGTGGGCGTCGTCACAT,OXT_02,AGGGGAGCGTGCGGAGGC,10
ATGGACGTTCGTGAGCAA,OXT_10,AAGATGTATCGTGTGCTG,9
GCGAGAAGCGTTATTGTG,OXT_04,TAGACAGGGCTGACTGTG,8
ACCTAAGGCATTGACGTG,OXT_16,ATAAACAGTCTAGCTGTG,10
GACTGTCGACCGCAGGTG,OXT_05,GGCGGACAGACTCTAATG,10
AAAGGTATCGCGCAAACA,OXT_08,GACGGCATTCAGGCACGT,11
AGGCGGGACGTGAGCTTA,OXT_28,AGCGGCGGCGACGGCGAA,9
GGTGTAGGAGACGTGTTG,OXT_15,AGGGTATAACGTCCTTTG,10
ACAGGCTGAGACTTGGCG,OXT_27,GTAGAATGGGCATCGTCG,9
CGACATGTGATCCCTGTG,OXT_18,TAACGGGTTATCCATAAT,9
ACAGACGACAAGACTGGA,OXT_17,AGGAACTACGATCGTGAA,9
AGAGGTGGAACGCCTCGG,OXT_09,TGTAGTGCTCGGCTGCCG,10
GATGGCTTGACACAGGTT,OXT_26,GGGGCATTCACTGAGCTG,9
ATGCGGAATGTGTGTTGG,OXT_01,AGGCTGCGTAAGTCTGCT,10
AACGACTATGCTGATGTG,OXT_10,AAGATGTATCGTGTGCTG,9
ATGGGGTTCCATGAAGCG,OXT_26,GGGGCATTCACTGAGCTG,9
TGCTACGTTCAGCGTATG,OXT_23,AAGTAGGGACAGAATACG,9
AGGGACGAAGGTTCATTG,OXT_15,AGGGTATAACGTCCTTTG,6
CAGTGATTGTAGACTGCT,OXT_04,TAGACAGGGCTGACTGTG,9
CACGAGTACAACGATGTG,OXT_26,GGGGCATTCACTGAGCTG,10
AGTGCGGTAAAACCTGTG,OXT_15,AGGGTATAACGTCCTTTG,9
GGGACGTAGGGTAGCTTG,OXT_10,AAGATGTATCGTGTGCTG,9
TTAGGCGGTAACTCCGTG,OXT_14,TTGAGCGTAACGACAGTG,8
CGGGGAGAAGTCCAGATG,OXT_05,GGCGGACAGACTCTAATG,9
GTACGGACGGTGAACGGG,OXT_22,ACGGGACCGCAGATCGAG,10
ATAACGACCGACGGCATG,OXT_06,ATCATCATCATCATCATC,9
GGACCGACGATCTCGTAG,OXT_27,GTAGAATGGGCATCGTCG,10
AAGGGATTGCGCTTGATC,OXT_02,AGGGGAGCGTGCGGAGGC,9
ACACAGCGGCGGAGTCAA,OXT_22,ACGGGACCGCAGATCGAG,10
GGGCACGGGCAAAGATGG,OXT_11,GGGTAAGGGCACAACAGT,7
ATACGGTGCGCGACTACA,OXT_01,AGGCTGCGTAAGTCTGCT,10
ACCACGCTAGTCTCAGTG,OXT_14,TTGAGCGTAACGACAGTG,10
TGGGCAGTGGCTTCTGCT,OXT_04,TAGACAGGGCTGACTGTG,9
ACAAGCAGGCGGCACGAT,OXT_22,ACGGGACCGCAGATCGAG,9
ACAACCAGCTATGGTGTG,OXT_16,ATAAACAGTCTAGCTGTG,7
GGTGGACACGAGCACTGG,OXT_05,GGCGGACAGACTCTAATG,9
ACGTTAGCAGCACGTTGT,OXT_03,GACTTGGGCTCATGCTGT,9
GTCGATGTACCCGTGTGT,OXT_08,GACGGCATTCAGGCACGT,10
AGAGGAAGACTGGCCACA,OXT_16,ATAAACAGTCTAGCTGTG,10
ATGGATCATTCCTTGATG,OXT_05,GGCGGACAGACTCTAATG,10
TTGTGGGATACGACAGGA,OXT_14,TTGAGCGTAACGACAGTG,6
GGCAGGGACCGCCCGTAT,OXT_09,TGTAGTGCTCGGCTGCCG,10
GAAGGGACTGTTCTTCGG,OXT_08,GACGGCATTCAGGCACGT,10
ACGTGCCTTGGTACTGGG,OXT_14,TTGAGCGTAACGACAGTG,10
GACGGGCGAAAGGGCTAT,OXT_03,GACTTGGGCTCATGCTGT,9
ATCACTTCGACAGCGGTG,OXT_25,TGCATCGCAACAGCAGTT,8
AACGTGTTGGCGTTCTGT,OXT_03,GACTTGGGCTCATGCTGT,8
GCACGTTGGAGTGGCACT,OXT_21,GAGCAACGGGTCAGCATT,10
ATGACGTACAAGTGTTCT,OXT_01,AGGCTGCGTAAGTCTGCT,8
CAGCATGAGGGGTACAGT,OXT_11,GGGTAAGGGCACAACAGT,9
TCGTCCTTGTCTACTGCT,OXT_04,TAGACAGGGCTGACTGTG,10
GGGCTGCCATTCGCTCGG,OXT_07,GTGGGTGCATTTGCTGTA,9
GCGACGAGAACCAGGGAG,OXT_14,TTGAGCGTAACGACAGTG,10
TCGGCGGAGTGAGGTCTG,OXT_20,AGGGCCTAGGGATGACGT,9
TCGGGCTCGGTTCCAATG,OXT_05,GGCGGACAGACTCTAATG,9
AGAGCGTCCTCGTGATAA,OXT_20,AGGGCCTAGGGATGACGT,10
GACTACCATGCGCACGTG,OXT_05,GGCGGACAGACTCTAATG,10
TTCAGCTGAGGGTTCCGT,OXT_20,AGGGCCTAGGGATGACGT,10
TGAGGCATGATACACGGT,OXT_18,TAACGGGTTATCCATAAT,9
GGCGCCAATCAAGAACAT,OXT_08,GACGGCATTCAGGCACGT,6
GAGGAGGAAATAAGGATG,OXT_21,GAGCAACGGGTCAGCATT,9
GAGGTAAGGCCTTGCTGT,OXT_03,GACTTGGGCTCATGCTGT,7
GAATGGGCTGCCTACTGT,OXT_03,GACTTGGGCTCATGCTGT,7
GAGGTACGATGAGCGCTT,OXT_24,GGGATTCGGTCATGTCCT,9
GCGGTGGATACCGAGCGT,OXT_26,GGGGCATTCACTGAGCTG,9
AGGTGGCACGTAGACCTA,OXT_28,AGCGGCGGCGACGGCGAA,10
ACAGGTCATGTCGTTCCG,OXT_09,TGTAGTGCTCGGCTGCCG,11
ATGGCCTCACGTAGGGTA,OXT_07,GTGGGTGCATTTGCTGTA,9
GGACAGGGATGACATGTG,OXT_16,ATAAACAGTCTAGCTGTG,10
ACAATGTCGACGTGGACT,OXT_01,AGGCTGCGTAAGTCTGCT,10
GGGCAGGGTACGCCCGAT,OXT_01,AGGCTGCGTAAGTCTGCT,7
GCTTATACGCAAGGTGCT,OXT_24,GGGATTCGGTCATGTCCT,10
CAGGGGACACCGAGGACA,OXT_23,AAGTAGGGACAGAATACG,9
ACAGTTCGTCATTGTGCG,OXT_01,AGGCTGCGTAAGTCTGCT,8
AAGGGTCGCTCTGAACAG,OXT_26,GGGGCATTCACTGAGCTG,9
TAGTTGCGCGGTCCATCG,OXT_13,TATTACACTAGTGGATGG,10
AGCGCGGTAGCAAGACGT,OXT_20,AGGGCCTAGGGATGACGT,7
ACGGTTGGATACGGAACT,OXT_02,AGGGGAGCGTGCGGAGGC,9
GAGCGCACAGACTGAGGT,OXT_08,GACGGCATTCAGGCACGT,9
AGGGGACAAGGTGGCGAT,OXT_02,AGGGGAGCGTGCGGAGGC,8
GGGCAGTGACAGGGGATG,OXT_23,AAGTAGGGACAGAATACG,8
ATACTTGGTCAGGACGCT,OXT_01,AGGCTGCGTAAGTCTGCT,8
TCCGGGACATAGCGATAG,OXT_22,ACGGGACCGCAGATCGAG,10
TCATGGGCATAGCGCGTT,OXT_03,GACTTGGGCTCATGCTGT,11
AAACAGGTGTTGGCATGT,OXT_08,GACGGCATTCAGGCACGT,10
GGCAATACCAGATGTCGT,OXT_24,GGGATTCGGTCATGTCCT,8
CGCTAGGCAGAAGTACGG,OXT_25,TGCATCGCAACAGCAGTT,10
GTATGTCGACCTGGTATT,OXT_07,GTGGGTGCATTTGCTGTA,9
GAGGGATAGGCACTCTGG,OXT_05,GGCGGACAGACTCTAATG,8
AAGCTCCAAACGGGTGAT,OXT_01,AGGCTGCGTAAGTCTGCT,8
ACCAACCCAACACGCGTG,OXT_25,TGCATCGCAACAGCAGTT,8
AAGCAGAACCGCCAACGA,OXT_10,AAGATGTATCGTGTGCTG,10
GACGGGATGTTGGCTGTG,OXT_07,GTGGGTGCATTTGCTGTA,8
TGCAGTCCTATACAGTGT,OXT_09,TGTAGTGCTCGGCTGCCG,9
TGGACCCACTCTGCCTCT,OXT_19,CCCCCCCCCCCCCCCCCC,10
GCCTTGGAGTAGTTCGTG,OXT_03,GACTTGGGCTCATGCTGT,9
ATACCCAAACGTGAAGTG,OXT_16,ATAAACAGTCTAGCTGTG,8
GGGGCTAAACTCCACACA,OXT_11,GGGTAAGGGCACAACAGT,10
AAGGACGTGCCCATAGAT,OXT_22,ACGGGACCGCAGATCGAG,9
AAGCGACGTCAGACTAGT,OXT_01,AGGCTGCGTAAGTCTGCT,7
ATGTGCAGCGTAAATGTG,OXT_16,ATAAACAGTCTAGCTGTG,7
GACCATGCGGAAGAGGCA,OXT_07,GTGGGTGCATTTGCTGTA,11
TGAGGCCTGCAGGTGCTT,OXT_08,GACGGCATTCAGGCACGT,8
AGTCTTCCGGTGCTACCT,OXT_09,TGTAGTGCTCGGCTGCCG,9
TGGCAGGCAGTCACGTAT,OXT_18,TAACGGGTTATCCATAAT,10
TGTATACGACCACGGTTG,OXT_15,AGGGTATAACGTCCTTTG,9
TCGGCCTTGTTCGGAGGT,OXT_02,AGGGGAGCGTGCGGAGGC,8
GGCATAGTGCTTGGACGG,OXT_02,AGGGGAGCGTGCGGAGGC,10
CATGCAGGGTATAGCTGT,OXT_03,GACTTGGGCTCATGCTGT,9
GTGGGTTATCGAGTACCA,OXT_10,AAGATGTATCGTGTGCTG,9
GGCATCGAATGTCCAGCG,OXT_25,TGCATCGCAACAGCAGTT,8
GGGGTATCAGTCCGCACA,OXT_21,GAGCAACGGGTCAGCATT,9
ATGTGACGGTTACTGTTG,OXT_05,GGCGGACAGACTCTAATG,10
TCGTTTGTGTACGGGCAA,OXT_02,AGGGGAGCGTGCGGAGGC,11
AGCGGACTGGTTAGGTCG,OXT_05,GGCGGACAGACTCTAATG,9
GAGGACAAAGGTGAGGCT,OXT_07,GTGGGTGCATTTGCTGTA,11
ATCATCGTACATGATGGT,OXT_25,TGCATCGCAACAGCAGTT,9
TGGTAGACGTGCGATTAG,OXT_13,TATTACACTAGTGGATGG,9
AGCGACTCTTAGGTGTGA,OXT_08,GACGGCATTCAGGCACGT,10
GGAGGATGAGTACGACGT,OXT_20,AGGGCCTAGGGATGACGT,8
AAGGCAGGTTATTGATCG,OXT_02,AGGGGAGCGTGCGGAGGC,10
CATGGGAGATGACGGATG,OXT_03,GACTTGGGCTCATGCTGT,12
ACGACGTGTATGTACTTC,OXT_01,AGGCTGCGTAAGTCTGCT,10
CGGGGATATCCCAGGTGT,OXT_02,AGGGGAGCGTGCGGAGGC,10
GCAGAACGATGTGATGTG,OXT_07,GTGGGTGCATTTGCTGTA,9
AAGGAGAGTGCGGCCACG,OXT_23,AAGTAGGGACAGAATACG,8
ACACCATACAACGTGGCT,OXT_01,AGGCTGCGTAAGTCTGCT,11
TAACCTGGCACCACTGCT,OXT_04,TAGACAGGGCTGACTGTG,9
GGATAGGGTAGAAGCATT,OXT_11,GGGTAAGGGCACAACAGT,8
ATTCGGGTAGTGAGCCAG,OXT_14,TTGAGCGTAACGACAGTG,10
AAGATGCCAGGTGACGTT,OXT_10,AAGATGTATCGTGTGCTG,8
AACGGGCCCGCTATAGGA,OXT_05,GGCGGACAGACTCTAATG,10
TCAACGTCTCTGTGTGCC,OXT_04,TAGACAGGGCTGACTGTG,10
TGCGAGGCAGGTGTCAAA,OXT_28,AGCGGCGGCGACGGCGAA,9
ATCACGTCGCAGAAGGCG,OXT_22,ACGGGACCGCAGATCGAG,9
GGAGGCGGACCGTTAGTG,OXT_14,TTGAGCGTAACGACAGTG,8
ACACACTACTCCATTCCG,OXT_19,CCCCCCCCCCCCCCCCCC,10
AAGGTAAGGGTAGAATGC,OXT_02,AGGGGAGCGTGCGGAGGC,9
TGGCGGACACTTCTTGCG,OXT_09,TGTAGTGCTCGGCTGCCG,9
GGAGGCTAATTACGCAGT,OXT_20,AGGGCCTAGGGATGACGT,9
GCAAGGCTAGTGATAGCT,OXT_14,TTGAGCGTAACGACAGTG,10
GGGCACAGTAGGTGTTAG,OXT_01,AGGCTGCGTAAGTCTGCT,9
GAGGCTGCAGGACGCGGA,OXT_07,GTGGGTGCATTTGCTGTA,9
AGAGCAGGTAGGGGCCGA,OXT_02,AGGGGAGCGTGCGGAGGC,9
AGGTCCAAACCGTCAGCT,OXT_01,AGGCTGCGTAAGTCTGCT,9
GCGGGATGTATAATGACG,OXT_27,GTAGAATGGGCATCGTCG,9
AGTGGTAGCACGCGCTGC,OXT_28,AGCGGCGGCGACGGCGAA,10
GGGGCAAACCATAATCGT,OXT_11,GGGTAAGGGCACAACAGT,8
GGGCAAATAGGGTACGCA,OXT_01,AGGCTGCGTAAGTCTGCT,11
GGGGTCACATTCAGGGGT,OXT_02,AGGGGAGCGTGCGGAGGC,9
AATATGGATCTAATGGTG,OXT_10,AAGATGTATCGTGTGCTG,6
GGCGGGCTATAGGGACGA,OXT_08,GACGGCATTCAGGCACGT,7
AACTTGACGGTGCCAGCT,OXT_01,AGGCTGCGTAAGTCTGCT,10
AGAGCGTATGCAGGGTGG,OXT_20,AGGGCCTAGGGATGACGT,8
GTCCATACGATGTGCTTT,OXT_21,GAGCAACGGGTCAGCATT,9
ATGATGTGGTAGCGCCAG,OXT_10,AAGATGTATCGTGTGCTG,10
ACGGCGGTGGAGAATGCA,OXT_23,AAGTAGGGACAGAATACG,8
GTTGGGCCGGCTCAACAT,OXT_05,GGCGGACAGACTCTAATG,9
AAGGACAAAGCGTACTCG,OXT_23,AAGTAGGGACAGAATACG,9
ACATGTCGACATTGTGTG,OXT_16,ATAAACAGTCTAGCTGTG,10
GGGCTGGATGTGAGCGCA,OXT_01,AGGCTGCGTAAGTCTGCT,9
TATCCAGTCGTGCATGAT,OXT_18,TAACGGGTTATCCATAAT,7
TCTACGGGTACTAGGACG,OXT_09,TGTAGTGCTCGGCTGCCG,10
ACCGAGTGATAAGTGCTG,OXT_10,AAGATGTATCGTGTGCTG,9
CGTGGAATAGCGGTTCGG,OXT_08,GACGGCATTCAGGCACGT,10
AGTACTGGCATTTCCTGA,OXT_12,AATACAGCGGTGTTTCTA,10
ATTACCATTTGACGTACG,OXT_16,ATAAACAGTCTAGCTGTG,9
TTAGCGCAGTGTCGTCCT,OXT_20,AGGGCCTAGGGATGACGT,10
GGGCCGATGCAAAGCTAG,OXT_11,GGGTAAGGGCACAACAGT,10
AGGCACAGCGGCACTCGG,OXT_16,ATAAACAGTCTAGCTGTG,10
GCTGGGATAGTTGTGCAG,OXT_26,GGGGCATTCACTGAGCTG,10
GTGAGGCGGTAAGTAACG,OXT_24,GGGATTCGGTCATGTCCT,9
TAAGTCCGGACGCTGTGT,OXT_03,GACTTGGGCTCATGCTGT,11
GAGGTGGTAATAACGAGG,OXT_14,TTGAGCGTAACGACAGTG,10
AACGCTAATTACGCTGGG,OXT_08,GACGGCATTCAGGCACGT,9
GATAGAGCGATCACGTGC,OXT_02,AGGGGAGCGTGCGGAGGC,10
GGCTCGCTGCCATCTGTA,OXT_24,GGGATTCGGTCATGTCCT,10
GGGAATGGTACTTAGAGG,OXT_11,GGGTAAGGGCACAACAGT,9
ACGGCGATACGCGTGCTG,OXT_10,AAGATGTATCGTGTGCTG,7
GTGGATGGCACCGACAGT,OXT_11,GGGTAAGGGCACAACAGT,7
TCGACTTGCTATCAGTGT,OXT_17,AGGAACTACGATCGTGAA,11
ATAAGAGCATCGCATGGA,OXT_07,GTGGGTGCATTTGCTGTA,9
GCGAACTATGGTTTGCAA,OXT_10,AAGATGTATCGTGTGCTG,8
TCGCAGCGATCGTTGTGG,OXT_01,AGGCTGCGTAAGTCTGCT,11
AGGGCTAAGGCGGCGACT,OXT_20,AGGGCCTAGGGATGACGT,9
GAGTGGCATACTGGGTCA,OXT_10,AAGATGTATCGTGTGCTG,10
ACCGGGTCTGGAGCTATT,OXT_07,GTGGGTGCATTTGCTGTA,11
ATCTCGCATGTGGGCAGA,OXT_28,AGCGGCGGCGACGGCGAA,11
GCGAGATCGGCACTAGAG,OXT_22,ACGGGACCGCAGATCGAG,8
CGGGCAGATATGGATAGT,OXT_11,GGGTAAGGGCACAACAGT,10
CAACGGTAGCGTTCAGTG,OXT_10,AAGATGTATCGTGTGCTG,9
AGCAACGACCTCTTGCGG,OXT_06,ATCATCATCATCATCATC,10
ACGTGGGAGAGTTCATTG,OXT_15,AGGGTATAACGTCCTTTG,9
GTAACCAGACGGCATACA,OXT_16,ATAAACAGTCTAGCTGTG,10
AGGGTAACGTATTCCTGT,OXT_02,AGGGGAGCGTGCGGAGGC,9
ATGGGTTGAACTATCTCG,OXT_14,TTGAGCGTAACGACAGTG,10
AGCGACTGGGTACATACG,OXT_27,GTAGAATGGGCATCGTCG,9
GAGTGCCTGTAGACATAG,OXT_08,GACGGCATTCAGGCACGT,9
AGCGACAATTCTGCTGGT,OXT_08,GACGGCATTCAGGCACGT,9
TACATTCGGCGCTGTTCT,OXT_24,GGGATTCGGTCATGTCCT,7
GCTCGGCATTGCTTCGTG,OXT_05,GGCGGACAGACTCTAATG,11
GGACGCAATTGTGATGAG,OXT_16,ATAAACAGTCTAGCTGTG,10
GCAGCAGAATACGCCTTG,OXT_07,GTGGGTGCATTTGCTGTA,10
ATACGGGCTTCAACGGCG,OXT_14,TTGAGCGTAACGACAGTG,10
TCGGCTGGTTCGAGTCTT,OXT_04,TAGACAGGGCTGACTGTG,9
GCGGGATGGTAATGATTG,OXT_27,GTAGAATGGGCATCGTCG,8
GTGTACAACTTGTGCGCG,OXT_03,GACTTGGGCTCATGCTGT,11
CGGGATGGATCGCTACCG,OXT_09,TGTAGTGCTCGGCTGCCG,9
ATGGATAATGCGACGGAG,OXT_14,TTGAGCGTAACGACAGTG,10
AGGGATCGTACGCGCAAA,OXT_01,AGGCTGCGTAAGTCTGCT,10
ATCCGGGGTAGAGATGTG,OXT_16,ATAAACAGTCTAGCTGTG,8
AGTCGTCAGTGGTGATGT,OXT_20,AGGGCCTAGGGATGACGT,8
ATCGAGTGGGAAACTGAG,OXT_27,GTAGAATGGGCATCGTCG,8
AGTTCATACACTACCGCT,OXT_26,GGGGCATTCACTGAGCTG,10
AAGGTAAACCGCGGGCAG,OXT_10,AAGATGTATCGTGTGCTG,7
GAGGCGATTTCACCGGTA,OXT_07,GTGGGTGCATTTGCTGTA,10
GGACATCATACCCGTGCA,OXT_01,AGGCTGCGTAAGTCTGCT,10
AGCGACAGACGGTGTGCA,OXT_28,AGCGGCGGCGACGGCGAA,9
AGCAGGTCCACACCGTGT,OXT_25,TGCATCGCAACAGCAGTT,9
ATGCGGAGCGTCGGAGCG,OXT_28,AGCGGCGGCGACGGCGAA,9
AGACAACTTCGGTGGCTG,OXT_09,TGTAGTGCTCGGCTGCCG,10
GAGCCAGCCTACATCGTG,OXT_04,TAGACAGGGCTGACTGTG,9
TGCACTCGGGGATAGGTG,OXT_04,TAGACAGGGCTGACTGTG,10
GATCGCCAGCGTGACGTG,OXT_05,GGCGGACAGACTCTAATG,10
AAGGAGCAAGACGGCACA,OXT_21,GAGCAACGGGTCAGCATT,9
ACGGAAGGTACGACGCGG,OXT_04,TAGACAGGGCTGACTGTG,10
ATGTGGACGTACATTTGC,OXT_02,AGGGGAGCGTGCGGAGGC,9
GGCATTTAACAGGATGTG,OXT_15,AGGGTATAACGTCCTTTG,9
GGACAGGGTGATCGGTGA,OXT_17,AGGAACTACGATCGTGAA,10
TGGCGTATTTGCCCAATG,OXT_09,TGTAGTGCTCGGCTGCCG,10
AGCATGGCTGGAGCACGC,OXT_25,TGCATCGCAACAGCAGTT,8
GTACAAACAAATCTCGCT,OXT_01,AGGCTGCGTAAGTCTGCT,12
GCACGAGCTGGAAAGTAG,OXT_27,GTAGAATGGGCATCGTCG,10
AGTAGACCACACGATGGA,OXT_02,AGGGGAGCGTGCGGAGGC,9
ACAGCGGATTGTCGACGG,OXT_20,AGGGCCTAGGGATGACGT,9
AGGGCGACGCGTGAAGTT,OXT_02,AGGGGAGCGTGCGGAGGC,8
AGCGAGATGGGGTACCTG,OXT_20,AGGGCCTAGGGATGACGT,10
TGCTGACTAGGCCAATGT,OXT_02,AGGGGAGCGTGCGGAGGC,11
ATGAATGGTCTTGGATTA,OXT_16,ATAAACAGTCTAGCTGTG,8
AAGCAGTAGAGGACATCC,OXT_01,AGGCTGCGTAAGTCTGCT,10
AGCGTATGTCACTGTGCG,OXT_01,AGGCTGCGTAAGTCTGCT,8
TCAGACTGTCGATACGCG,OXT_16,ATAAACAGTCTAGCTGTG,9
ACCAGATGCTAGTCGACG,OXT_27,GTAGAATGGGCATCGTCG,10
AGTGGGTAAATGACGCTT,OXT_15,AGGGTATAACGTCCTTTG,10
GCCGAAGAGCCTAGGAGT,OXT_11,GGGTAAGGGCACAACAGT,8
ATGCCCGAAGACGGCAGA,OXT_28,AGCGGCGGCGACGGCGAA,8
TATCGGGAGAGACGGCTG,OXT_09,TGTAGTGCTCGGCTGCCG,9
GGCATACCAAGTTGCTGG,OXT_03,GACTTGGGCTCATGCTGT,10
GTGGGTCGAAGTCGCGTA,OXT_07,GTGGGTGCATTTGCTGTA,7
ACCAAGTGGCATCGTAAG,OXT_17,AGGAACTACGATCGTGAA,8
ATGAGGTGTGCCCGTAAA,OXT_17,AGGAACTACGATCGTGAA,8
ACGGTGACCGACCATGAG,OXT_17,AGGAACTACGATCGTGAA,9
TTGGGCACTACATGGAAT,OXT_13,TATTACACTAGTGGATGG,11
GGCAGGGAAGTGGCGCAT,OXT_08,GACGGCATTCAGGCACGT,10
ATGGGCTTGCCACTTCCG,OXT_15,AGGGTATAACGTCCTTTG,10
TATGGCGTAATCGGCTGG,OXT_13,TATTACACTAGTGGATGG,8
ACCGAAGCTAGGAGTGTC,OXT_02,AGGGGAGCGTGCGGAGGC,9
AGGCGGACTGAGCAATGG,OXT_01,AGGCTGCGTAAGTCTGCT,10
GCTTAAGTGGCTGGTTAT,OXT_03,GACTTGGGCTCATGCTGT,11
GGGACGTGACGCTCTTGA,OXT_15,AGGGTATAACGTCCTTTG,9
GGGTCGTCTCAGATGCGT,OXT_11,GGGTAAGGGCACAACAGT,9
ACCGAGTGTAATGGTAGG,OXT_13,TATTACACTAGTGGATGG,10
AAAGCCAAGCGTCGGATG,OXT_10,AAGATGTATCGTGTGCTG,9
GCGGGACCGAGCAAGTTA,OXT_22,ACGGGACCGCAGATCGAG,9
TCAGGACCTGGAGTACTG,OXT_05,GGCGGACAGACTCTAATG,10
GGCTCGATTGCTAATTAT,OXT_03,GACTTGGGCTCATGCTGT,11
GTGTCGACAGAATGACGT,OXT_20,AGGGCCTAGGGATGACGT,8
ACGTGACGACCAAACGGA,OXT_22,ACGGGACCGCAGATCGAG,8
AGTCACTAATGTCCTCGT,OXT_15,AGGGTATAACGTCCTTTG,8
AAGTGGAAAGACGCGTCA,OXT_23,AAGTAGGGACAGAATACG,10
CATGGGCTAGCAACAGGT,OXT_08,GACGGCATTCAGGCACGT,10
TGCAGCGAAATGATGGCT,OXT_14,TTGAGCGTAACGACAGTG,8
GCAGCAGACACTCATACG,OXT_05,GGCGGACAGACTCTAATG,8
GATCCAAGCCCATTCGTG,OXT_03,GACTTGGGCTCATGCTGT,10
AAGGGATACCTCTAGCGG,OXT_10,AAGATGTATCGTGTGCTG,9
GAGGGACTGCAGTGTGGG,OXT_22,ACGGGACCGCAGATCGAG,7
AGGCAGCAGGATGGGGAG,OXT_17,AGGAACTACGATCGTGAA,7
GAGGACCGGAAGACTGTG,OXT_04,TAGACAGGGCTGACTGTG,7
ATGGGAAAGCACTAACGG,OXT_02,AGGGGAGCGTGCGGAGGC,9
GCGGGTAAGCCTGTGTTC,OXT_05,GGCGGACAGACTCTAATG,9
AGGGGAATGATAGCTGAG,OXT_02,AGGGGAGCGTGCGGAGGC,9
ACTTGGTTCACACCGTGG,OXT_03,GACTTGGGCTCATGCTGT,11
TAAGCGGGATCACATAGG,OXT_18,TAACGGGTTATCCATAAT,9
ATGTCGCAAGATGTTCTA,OXT_10,AAGATGTATCGTGTGCTG,9
TGGAGTGTGAGTACCAAG,OXT_14,TTGAGCGTAACGACAGTG,8
TCGGCATGTACCGGGCTT,OXT_26,GGGGCATTCACTGAGCTG,7
GCCGGGAGAAGTTCGGAG,OXT_05,GGCGGACAGACTCTAATG,11
ATCCGACGTGTTGCCCCT,OXT_01,AGGCTGCGTAAGTCTGCT,10
ACAGAAGTGAGATGTCTG,OXT_12,AATACAGCGGTGTTTCTA,10
AGCCACGTGACTGCCGTT,OXT_25,TGCATCGCAACAGCAGTT,7
GCATGGGATCACTATCAG,OXT_18,TAACGGGTTATCCATAAT,9
ATGCTGCGAACTGCTCGG,OXT_01,AGGCTGCGTAAGTCTGCT,8
CGCATCCTGGTCGCTAAT,OXT_06,ATCATCATCATCATCATC,10
GCAGAATAGGCAGGGCTG,OXT_27,GTAGAATGGGCATCGTCG,6
TGGCTAGGAGACTGTACG,OXT_01,AGGCTGCGTAAGTCTGCT,9
ATAGGCAAGATCGACGCG,OXT_16,ATAAACAGTCTAGCTGTG,9
GGTACTCAGCGGCCGTGA,OXT_09,TGTAGTGCTCGGCTGCCG,9
AAGCAGACAGACTCCGCG,OXT_01,AGGCTGCGTAAGTCTGCT,9
AGGACGGTTTGGAGGCTG,OXT_10,AAGATGTATCGTGTGCTG,8
ACACGCTTCAGCCTTGCG,OXT_18,TAACGGGTTATCCATAAT,10
ATCGCCTGTAGTTCCCAG,OXT_20,AGGGCCTAGGGATGACGT,10
AGCATACGAGACGAGTGC,OXT_28,AGCGGCGGCGACGGCGAA,10
AGGACCTCGACTTGCTTA,OXT_17,AGGAACTACGATCGTGAA,9
GGCGTATGCATGCGTGTC,OXT_05,GGCGGACAGACTCTAATG,10
ATGGCAAGGACGTCTGAC,OXT_01,AGGCTGCGTAAGTCTGCT,9
ATGGCAACGATTCGACGT,OXT_20,AGGGCCTAGGGATGACGT,8
GCAGCATGGATGGTCTCT,OXT_27,GTAGAATGGGCATCGTCG,9
AGCTCGAAACTGGGTACG,OXT_23,AAGTAGGGACAGAATACG,8
AATGCCGTAATGGCTCGT,OXT_08,GACGGCATTCAGGCACGT,8
GCAAGCAAATACGGGCCG,OXT_08,GACGGCATTCAGGCACGT,11
TTGGGAACTGGTGGACGC,OXT_02,AGGGGAGCGTGCGGAGGC,7
GGTGGTTGATAATGACCT,OXT_24,GGGATTCGGTCATGTCCT,7
AAGCAATAGATCAGGCAT,OXT_21,GAGCAACGGGTCAGCATT,7
ACTCGTGCTAGACAGCGG,OXT_09,TGTAGTGCTCGGCTGCCG,7
ATGTACATGGTCTCCGCG,OXT_16,ATAAACAGTCTAGCTGTG,9
CGAACGGGCCGACTCAGT,OXT_03,GACTTGGGCTCATGCTGT,10
ACACAGGCATGACGTGTG,OXT_16,ATAAACAGTCTAGCTGTG,10
ACTCAGGAAGACTAAGTG,OXT_23,AAGTAGGGACAGAATACG,10
GGGGCATCATGAGCACGG,OXT_02,AGGGGAGCGTGCGGAGGC,8
AGCGGCGAGCGGCATGAT,OXT_28,AGCGGCGGCGACGGCGAA,9
AGGTACTACGTGTAGCAT,OXT_17,AGGAACTACGATCGTGAA,8
ACGGCGAGGGACTGTGCA,OXT_01,AGGCTGCGTAAGTCTGCT,9
ACGGGAGTGGAAGAAGCG,OXT_02,AGGGGAGCGTGCGGAGGC,8
GCCAAGGGTCATTCAGTG,OXT_16,ATAAACAGTCTAGCTGTG,9
ACGGTCGGTATTGAGCTA,OXT_10,AAGATGTATCGTGTGCTG,9
ACGGTAGGCGTGGATGCT,OXT_01,AGGCTGCGTAAGTCTGCT,9
ACGTAGCCTGAGTCCGGT,OXT_01,AGGCTGCGTAAGTCTGCT,7
AAGCACAGATACGTGAGT,OXT_11,GGGTAAGGGCACAACAGT,10
AATGGAGCACACTTGCCT,OXT_09,TGTAGTGCTCGGCTGCCG,9
AGCGATACCTATGGCGTG,OXT_28,AGCGGCGGCGACGGCGAA,8
GCCGATCACTATCTCGTG,OXT_05,GGCGGACAGACTCTAATG,8
CGTGGCCACTCACACGTA,OXT_05,GGCGGACAGACTCTAATG,10
ACGGCAGGACACAATGTG,OXT_04,TAGACAGGGCTGACTGTG,7
AGTGCAGGTACGGAACGG,OXT_26,GGGGCATTCACTGAGCTG,8
CGGGAGCATGAGGGAGTG,OXT_01,AGGCTGCGTAAGTCTGCT,10
GTGAGAAGTCTCATGGTA,OXT_04,TAGACAGGGCTGACTGTG,9
TAGGGCTAAGAGGACTGG,OXT_08,GACGGCATTCAGGCACGT,10
AGTGACCGTTCGCACAAT,OXT_01,AGGCTGCGTAAGTCTGCT,11
GCGTGGCTGTCAAATGCG,OXT_24,GGGATTCGGTCATGTCCT,9
GCCACCGGCCGGTGGAAG,OXT_03,GACTTGGGCTCATGCTGT,11
GGTCAGTTAACACGGCTA,OXT_26,GGGGCATTCACTGAGCTG,9
CGGGCATTGAGGGTTTGA,OXT_26,GGGGCATTCACTGAGCTG,9
ATGGTATGGATGGCTGCA,OXT_01,AGGCTGCGTAAGTCTGCT,8
AGATTCGTGGGCATCAGT,OXT_11,GGGTAAGGGCACAACAGT,8
AGACGATGACCGGACTGG,OXT_15,AGGGTATAACGTCCTTTG,10
GCATAATAGCGGACATAA,OXT_27,GTAGAATGGGCATCGTCG,10
TTCGGGCCTAGCTATGGA,OXT_18,TAACGGGTTATCCATAAT,10
TGGACAGTGCTGGAGACG,OXT_04,TAGACAGGGCTGACTGTG,7
GCGAACAGGAATCACGGG,OXT_11,GGGTAAGGGCACAACAGT,9
AGGGCCGCTCGTCCTGTA,OXT_15,AGGGTATAACGTCCTTTG,7
GGGAATTCAAACCTCTGC,OXT_11,GGGTAAGGGCACAACAGT,10
TCACGCTTAGGTGCAATG,OXT_14,TTGAGCGTAACGACAGTG,9
TGCCCAGACCACTTGTGG,OXT_09,TGTAGTGCTCGGCTGCCG,11
ACGATACGACTAGTGTGG,OXT_10,AAGATGTATCGTGTGCTG,9
CACGCATGCGTGATGTCG,OXT_27,GTAGAATGGGCATCGTCG,9
ATGGAGCCTGCAAGTATG,OXT_16,ATAAACAGTCTAGCTGTG,10
GCAGGCCCGGTATAGTTG,OXT_27,GTAGAATGGGCATCGTCG,8
TAGGCAACAGACTACGGG,OXT_22,ACGGGACCGCAGATCGAG,10
CGGTGAAGGTGTCAAGGT,OXT_02,AGGGGAGCGTGCGGAGGC,8
ACGGGAGTATTCCATGGG,OXT_02,AGGGGAGCGTGCGGAGGC,8
ACAGGGCTGAAGCGTGAC,OXT_22,ACGGGACCGCAGATCGAG,8
ACAGCTGTTAGATGTGTG,OXT_16,ATAAACAGTCTAGCTGTG,10
GGCATGACGTGCGGATTG,OXT_02,AGGGGAGCGTGCGGAGGC,9
TGGTATCGGAGTTTGGTC,OXT_01,AGGCTGCGTAAGTCTGCT,11
TGTGGTGTCCTTGACGTA,OXT_07,GTGGGTGCATTTGCTGTA,8
ACGGGGACATAGGAGGCG,OXT_22,ACGGGACCGCAGATCGAG,8
ACACACATCAGCACCGAT,OXT_06,ATCATCATCATCATCATC,9
ACAGCGCACAAGGGGTAT,OXT_01,AGGCTGCGTAAGTCTGCT,11
TGGCGTAGTGACCAAGTG,OXT_01,AGGCTGCGTAAGTCTGCT,11
TTGAATGTCGAGCCTAAT,OXT_17,AGGAACTACGATCGTGAA,9
AACGAGTGTAACGTGTGA,OXT_10,AAGATGTATCGTGTGCTG,10
GGGACGGCCTCTATCCTG,OXT_26,GGGGCATTCACTGAGCTG,8
ACTGGATTCGGACATGTT,OXT_15,AGGGTATAACGTCCTTTG,10
GCGACGGCAAGGGACGTA,OXT_07,GTGGGTGCATTTGCTGTA,9
ATGATGGGCTACTCGCGT,OXT_01,AGGCTGCGTAAGTCTGCT,9
ATGAGACGGGTAGAGCGG,OXT_16,ATAAACAGTCTAGCTGTG,10
GGCGGTAGTCGAAAGCAT,OXT_08,GACGGCATTCAGGCACGT,9
AATCAACAGTGAGCGTGT,OXT_02,AGGGGAGCGTGCGGAGGC,11
AAGACGTGGGGTTAGCGC,OXT_10,AAGATGTATCGTGTGCTG,8
ACCACGTGACTGATCGGG,OXT_04,TAGACAGGGCTGACTGTG,9
GAGGTCGCACGATGAGTT,OXT_25,TGCATCGCAACAGCAGTT,8
CATTGGCAGCGTGGGTGA,OXT_13,TATTACACTAGTGGATGG,9
GGGGGAGATGACCGTAGT,OXT_11,GGGTAAGGGCACAACAGT,8
ATGGAGTGTTAACATGGT,OXT_01,AGGCTGCGTAAGTCTGCT,9
GCGGTGCCAAACAGATGA,OXT_02,AGGGGAGCGTGCGGAGGC,11
GTGGTAGAGGTTTTGCGG,OXT_27,GTAGAATGGGCATCGTCG,9
GGGTCGATAAAGGTGGGC,OXT_26,GGGGCATTCACTGAGCTG,10
AGCCGGAATACGGTAGGT,OXT_01,AGGCTGCGTAAGTCTGCT,9
AGGTACCGATCAGTATGT,OXT_03,GACTTGGGCTCATGCTGT,10
AGGCAGTGACTGTCGATA,OXT_01,AGGCTGCGTAAGTCTGCT,9
ATCGCGATGTAGGCACTA,OXT_08,GACGGCATTCAGGCACGT,8
TTGCGATGTGCTTGCTCT,OXT_27,GTAGAATGGGCATCGTCG,9
AAACTATCCACACGTTTG,OXT_15,AGGGTATAACGTCCTTTG,9
GACACGGCGCTGAAGATG,OXT_04,TAGACAGGGCTGACTGTG,7
AGGGCCTGAAGTTGATTA,OXT_20,AGGGCCTAGGGATGACGT,7
AACCATTGTGAGTGTCCT,OXT_01,AGGCTGCGTAAGTCTGCT,8
GGCATAAGGTCAGCATAT,OXT_24,GGGATTCGGTCATGTCCT,8
GTACTGATCGGCTGTGCT,OXT_01,AGGCTGCGTAAGTCTGCT,10
GGAGCCGACGAGTGAACA,OXT_20,AGGGCCTAGGGATGACGT,9
GTGGATTGTCAGCTGGCT,OXT_01,AGGCTGCGTAAGTCTGCT,10
TAGTCCCTCCAATGCTCT,OXT_03,GACTTGGGCTCATGCTGT,9
AAGACGGCGCATTTTCCT,OXT_12,AATACAGCGGTGTTTCTA,7
GATCGACATTACGTTATG,OXT_05,GGCGGACAGACTCTAATG,9
GGCAGATGACGTCGATCT,OXT_15,AGGGTATAACGTCCTTTG,9
AAGCAGAGGTCGCTGCTG,OXT_10,AAGATGTATCGTGTGCTG,9
GCAAGGGATGCCTCTGGT,OXT_18,TAACGGGTTATCCATAAT,10
GACACCCATTACGCATGA,OXT_08,GACGGCATTCAGGCACGT,8
AGGCGGTAATGGAAGCGT,OXT_20,AGGGCCTAGGGATGACGT,9
CGAGGTCACGATGGCTGT,OXT_28,AGCGGCGGCGACGGCGAA,9
AGCGGCCCTAGGTCGCGA,OXT_08,GACGGCATTCAGGCACGT,9
TCGGCAGGTAGAACGTCG,OXT_04,TAGACAGGGCTGACTGTG,9
AGCGGAGGAGGCATCCTT,OXT_28,AGCGGCGGCGACGGCGAA,8
ATGGGATGCAACCGGTAG,OXT_28,AGCGGCGGCGACGGCGAA,9
GTCCGGGAGTGGTCTGAT,OXT_01,AGGCTGCGTAAGTCTGCT,10
GAAGCGTAACGTAGGTGC,OXT_10,AAGATGTATCGTGTGCTG,10
ATGTACCTGGAGATAGGT,OXT_22,ACGGGACCGCAGATCGAG,9
GCTGCGGAGTCGGCTCAT,OXT_07,GTGGGTGCATTTGCTGTA,11
GAGGCCAATGGGAGGAGG,OXT_20,AGGGCCTAGGGATGACGT,9
AAGGGCCCCAAGACTTCG,OXT_22,ACGGGACCGCAGATCGAG,8
GCCGAAGGGAAGTGTACA,OXT_11,GGGTAAGGGCACAACAGT,10
AGCCGAGAAAGCGGGTCG,OXT_02,AGGGGAGCGTGCGGAGGC,9
TCCACGGCATGGAGGAGT,OXT_03,GACTTGGGCTCATGCTGT,11
GAGCATGACCGACCAGTG,OXT_04,TAGACAGGGCTGACTGTG,10
GTGGTGCAGCTTAAGGTT,OXT_07,GTGGGTGCATTTGCTGTA,10
AGACACCTTCAGACACAG,OXT_08,GACGGCATTCAGGCACGT,9
ACGACAGGAGATGAGACG,OXT_23,AAGTAGGGACAGAATACG,8
CAAGCAGCACAGACGAGA,OXT_04,TAGACAGGGCTGACTGTG,10
CGCGGGATTCTAGCGAGG,OXT_08,GACGGCATTCAGGCACGT,8
AGGGTGTAATACTCCTTG,OXT_15,AGGGTATAACGTCCTTTG,6
ACACTCGTTGACGTTCAG,OXT_18,TAACGGGTTATCCATAAT,10
CACGGGAGCATAACATCG,OXT_03,GACTTGGGCTCATGCTGT,11
GGCGATGGAGAGGTCTAG,OXT_28,AGCGGCGGCGACGGCGAA,8
GATGAGGCTGAATCGGTG,OXT_27,GTAGAATGGGCATCGTCG,9
TGGTCACAGGATTATGAG,OXT_17,AGGAACTACGATCGTGAA,9
GATAGGTTAGTGCGGTTA,OXT_12,AATACAGCGGTGTTTCTA,10
TTAACCGCATTCTCGACG,OXT_14,TTGAGCGTAACGACAGTG,10
AGGGCAGCGACACTGTGA,OXT_02,AGGGGAGCGTGCGGAGGC,9
ACCACATGGTGTCCGGTT,OXT_04,TAGACAGGGCTGACTGTG,10
GCGGAGGTGAGCGGCAGT,OXT_11,GGGTAAGGGCACAACAGT,8
ACGGCGTATGATGAGGCG,OXT_10,AAGATGTATCGTGTGCTG,8
TGTCGTGTGATGCTGTGG,OXT_09,TGTAGTGCTCGGCTGCCG,7
TAGGCCGCGAGTGTGCTT,OXT_10,AAGATGTATCGTGTGCTG,9
ACGATCGTGGAAGAGCGC,OXT_20,AGGGCCTAGGGATGACGT,10
GTGGTTTGAGACGGTTGT,OXT_07,GTGGGTGCATTTGCTGTA,10
CGTGGTAGATCACGTGCT,OXT_24,GGGATTCGGTCATGTCCT,8
TCCGGTACGACGCTCCTG,OXT_05,GGCGGACAGACTCTAATG,8
ACCGGGTCCAGGAGGTTT,OXT_22,ACGGGACCGCAGATCGAG,11
CTGAGGGCCTAGTAGTCT,OXT_01,AGGCTGCGTAAGTCTGCT,11
CCGGGAGGTGCAGGGAGT,OXT_02,AGGGGAGCGTGCGGAGGC,10
ACGACTGGACTCGTTCGG,OXT_04,TAGACAGGGCTGACTGTG,9
AGGCATAGAACAGTGAGT,OXT_01,AGGCTGCGTAAGTCTGCT,11
AGCAGCTCCAGCCATGCG,OXT_17,AGGAACTACGATCGTGAA,9
ATGTGTGTTCTCCCATGT,OXT_08,GACGGCATTCAGGCACGT,10
ACGAAGGGGGAGGCTCTA,OXT_12,AATACAGCGGTGTTTCTA,8
CTCGAGGGTGCCGGCTAT,OXT_28,AGCGGCGGCGACGGCGAA,8
AGGAGTCGTATGGAGGCG,OXT_01,AGGCTGCGTAAGTCTGCT,8
GGCAACATGTACTAGGGT,OXT_11,GGGTAAGGGCACAACAGT,9
GGGCCAAGGAACGATGCT,OXT_01,AGGCTGCGTAAGTCTGCT,8
ACAAGCAGGGCCACGACG,OXT_27,GTAGAATGGGCATCGTCG,9
ACACCCACACTCTGCACA,OXT_19,CCCCCCCCCCCCCCCCCC,9
AGCGGGATCCAAGCTTCT,OXT_08,GACGGCATTCAGGCACGT,8
ATCCAGCAACGGGCGGAA,OXT_01,AGGCTGCGTAAGTCTGCT,11
GGCTGCCCGGTACACTCC,OXT_19,CCCCCCCCCCCCCCCCCC,10
AGGGTACGACGGCACGAT,OXT_15,AGGGTATAACGTCCTTTG,8
AGCGGGCATGTGCTTGAT,OXT_01,AGGCTGCGTAAGTCTGCT,9
TCAGGTGACAGGCATATG,OXT_18,TAACGGGTTATCCATAAT,9
TCATGAGACCATCGTTTA,OXT_15,AGGGTATAACGTCCTTTG,10
AGGCTCGCTATGTCATGT,OXT_01,AGGCTGCGTAAGTCTGCT,7
AAGCAGACGATACGGTAA,OXT_13,TATTACACTAGTGGATGG,11
GGGCATGAAGGACGTACT,OXT_24,GGGATTCGGTCATGTCCT,9
AAGCGGTATGATCGAGCA,OXT_17,AGGAACTACGATCGTGAA,7
CGCATCCCACTCCCTGCG,OXT_19,CCCCCCCCCCCCCCCCCC,8
ATGGCGGGTATACATGTG,OXT_16,ATAAACAGTCTAGCTGTG,8
GGAGGACCTAGAGTGTGG,OXT_05,GGCGGACAGACTCTAATG,9
GCTCGACCTGCGGTATTG,OXT_05,GGCGGACAGACTCTAATG,9
AGCGGTAGTTCCCACGTG,OXT_28,AGCGGCGGCGACGGCGAA,9
GCGTGGCACCGAGTCTAT,OXT_03,GACTTGGGCTCATGCTGT,10
ATGATGTTCGCCAAGAGT,OXT_06,ATCATCATCATCATCATC,9
GGTAGTGCACTTGACTTA,OXT_07,GTGGGTGCATTTGCTGTA,7
ATTAACATGGATGACAGT,OXT_06,ATCATCATCATCATCATC,10
AGGACATGAACTTGCGGG,OXT_26,GGGGCATTCACTGAGCTG,9
CTAATCAGGATGTTGGAG,OXT_16,ATAAACAGTCTAGCTGTG,9
AACTGGGTCACCGCGCAG,OXT_18,TAACGGGTTATCCATAAT,10
GGGCTATAGTGGTCCCGT,OXT_20,AGGGCCTAGGGATGACGT,8
CGGGCGGCCCACTGCATT,OXT_11,GGGTAAGGGCACAACAGT,9
ACTTGGTGGTGCGATCAT,OXT_02,AGGGGAGCGTGCGGAGGC,11
TGACGATCACCATGTCCT,OXT_24,GGGATTCGGTCATGTCCT,9
AATGGGAAATAGACTACG,OXT_23,AAGTAGGGACAGAATACG,7
CAATGGGAAACGGATAGT,OXT_18,TAACGGGTTATCCATAAT,8
TGGTAGACTTAGCATAGG,OXT_23,AAGTAGGGACAGAATACG,8
TGAGAGTACACAGCGCTG,OXT_26,GGGGCATTCACTGAGCTG,7
CAGCGGGATTCGTAATGA,OXT_03,GACTTGGGCTCATGCTGT,10
GCGGTCTACATGGAAACT,OXT_26,GGGGCATTCACTGAGCTG,10
ATGGCAATGACATACGGA,OXT_20,AGGGCCTAGGGATGACGT,10
TCGGGCCACAAGATTCTT,OXT_22,ACGGGACCGCAGATCGAG,9
AGCGGTAGAGTTAGAGTG,OXT_28,AGCGGCGGCGACGGCGAA,9
GACGTAGCAGCCAGTGTT,OXT_21,GAGCAACGGGTCAGCATT,9
TTGCATAGAGGAGGTACG,OXT_16,ATAAACAGTCTAGCTGTG,10
ACGGTGTGAACGGATAGA,OXT_23,AAGTAGGGACAGAATACG,9
ACACTCCCTTTTAGCCTT,OXT_21,GAGCAACGGGTCAGCATT,10
AGGCGGATGATCAGATGC,OXT_02,AGGGGAGCGTGCGGAGGC,8
ACGCCGGCATAAAGATCT,OXT_23,AAGTAGGGACAGAATACG,10
TCGGGCTTAGCACTGTGT,OXT_20,AGGGCCTAGGGATGACGT,10
ACAGCGGTAGATGGAGCC,OXT_02,AGGGGAGCGTGCGGAGGC,10
GCGGGAAGAGGACTCCTG,OXT_05,GGCGGACAGACTCTAATG,10
ATCTGAACTGCCTGAGCT,OXT_02,AGGGGAGCGTGCGGAGGC,10
TAGCCGGACTGGGGATCC,OXT_02,AGGGGAGCGTGCGGAGGC,10
GTAAGCCGGGAACTCTCT,OXT_27,GTAGAATGGGCATCGTCG,9
ACAGACGTAACCTGTGCT,OXT_01,AGGCTGCGTAAGTCTGCT,11
ACGAGGGCATTCCTGTAT,OXT_18,TAACGGGTTATCCATAAT,10
TTGCAAAGGTGTGCATAC,OXT_02,AGGGGAGCGTGCGGAGGC,10
ACGGGGTTTTGGCCACCT,OXT_08,GACGGCATTCAGGCACGT,9
CAGGACGAGGAGTGGACG,OXT_23,AAGTAGGGACAGAATACG,9
GTACTGGGTGACGCGCCT,OXT_01,AGGCTGCGTAAGTCTGCT,9
AGTGACAGGGAGGTAAGC,OXT_02,AGGGGAGCGTGCGGAGGC,10
AGTAGGGATGAGATACTG,OXT_09,TGTAGTGCTCGGCTGCCG,8
TTGGGACTGGACCCGCTA,OXT_05,GGCGGACAGACTCTAATG,11
GTGCGACGTGCGTTCCAT,OXT_21,GAGCAACGGGTCAGCATT,9
GACTAGGGGTATTAAAGA,OXT_03,GACTTGGGCTCATGCTGT,8
AGGGTATGGATTGCGCGG,OXT_26,GGGGCATTCACTGAGCTG,7
AGTGAGCTTTAGACACGG,OXT_08,GACGGCATTCAGGCACGT,9
ACCAAGGGGCTTGATTGA,OXT_16,ATAAACAGTCTAGCTGTG,10
ACGACACTTGAGACCTGG,OXT_22,ACGGGACCGCAGATCGAG,8
TGGAGGAATAATTAGTTG,OXT_10,AAGATGTATCGTGTGCTG,9
ACAGGACGGATGACCTGG,OXT_22,ACGGGACCGCAGATCGAG,7
AGTGGTACATCATAACAT,OXT_20,AGGGCCTAGGGATGACGT,10
ACCTAGGGGACAATAACG,OXT_23,AAGTAGGGACAGAATACG,8
GGCATCTATCTGACGGCA,OXT_01,AGGCTGCGTAAGTCTGCT,11
ATGGTGGCCTACATCCCT,OXT_06,ATCATCATCATCATCATC,10
ACAACGGTAACATGTCTG,OXT_12,AATACAGCGGTGTTTCTA,10
AGGGTCATTGCGCAATAT,OXT_08,GACGGCATTCAGGCACGT,10
AAGGAGAGGACATTCAAT,OXT_03,GACTTGGGCTCATGCTGT,10
GTAGCGGGCTGGAGACTG,OXT_03,GACTTGGGCTCATGCTGT,11
AGACCAGCTGAACGTGCG,OXT_01,AGGCTGCGTAAGTCTGCT,10
ATGACGCATCATTCGGGA,OXT_01,AGGCTGCGTAAGTCTGCT,9
TATGGGCAGGAGTGGCGT,OXT_20,AGGGCCTAGGGATGACGT,9
GCGAGATTGCACAGGCGG,OXT_11,GGGTAAGGGCACAACAGT,9
GTTCGGTACTCACAGCGT,OXT_03,GACTTGGGCTCATGCTGT,10
AAGCGGACTACGCTCGGT,OXT_01,AGGCTGCGTAAGTCTGCT,9
ATAGTGTGCAGCCGTAGC,OXT_06,ATCATCATCATCATCATC,10
AAGGCGTTAGTGACTGAA,OXT_04,TAGACAGGGCTGACTGTG,9
ATGGTTACAGGGGAGCTA,OXT_07,GTGGGTGCATTTGCTGTA,9
GTACCTTAGAAGTGTCGG,OXT_20,AGGGCCTAGGGATGACGT,10
GCTGGTGCACGGAGGATG,OXT_09,TGTAGTGCTCGGCTGCCG,8
ATGGGCCTATTGGTAGCG,OXT_14,TTGAGCGTAACGACAGTG,8
GTACATTCGCGGGCGAGT,OXT_27,GTAGAATGGGCATCGTCG,10
CAGCCAGGGATATTTGTG,OXT_04,TAGACAGGGCTGACTGTG,6
GTCAGGAGTGTAGCCGCT,OXT_16,ATAAACAGTCTAGCTGTG,8
ACTGTGCGGATGGATGGT,OXT_01,AGGCTGCGTAAGTCTGCT,8
AGGTGGCAATGTACGCGT,OXT_10,AAGATGTATCGTGTGCTG,10
GTGGGTAGCGATGGACCG,OXT_07,GTGGGTGCATTTGCTGTA,10
GGAGCGGTCACATGTGTC,OXT_26,GGGGCATTCACTGAGCTG,9
AGAGGCGAGTCGTAAGCA,OXT_02,AGGGGAGCGTGCGGAGGC,9
TAGCCACTGACTTCGGTT,OXT_04,TAGACAGGGCTGACTGTG,9
GGAGGGAGTAATCGCGGA,OXT_28,AGCGGCGGCGACGGCGAA,9
ACAATAGCGGAAGGTCGC,OXT_02,AGGGGAGCGTGCGGAGGC,9
GATAGCGCCCTCAGTCGT,OXT_08,GACGGCATTCAGGCACGT,10
GCTCCAAGTACCGGATCT,OXT_13,TATTACACTAGTGGATGG,10
TGCGGGCTCACAGGTATA,OXT_05,GGCGGACAGACTCTAATG,9
ATTTGCATTGGTACTGTG,OXT_16,ATAAACAGTCTAGCTGTG,8
ACAGCGGTAACCGGTGCA,OXT_28,AGCGGCGGCGACGGCGAA,10
AGTACGGCAACGGTTCGG,OXT_12,AATACAGCGGTGTTTCTA,8
ACAGCGGGTTATACGGTG,OXT_04,TAGACAGGGCTGACTGTG,10
AACGAACCATATAACGTG,OXT_22,ACGGGACCGCAGATCGAG,8
GAACGGTGCAAAGGTGAT,OXT_18,TAACGGGTTATCCATAAT,9
TGCGGCCTGGGCATCACA,OXT_28,AGCGGCGGCGACGGCGAA,9
AATAGGGCATAGTCGGAA,OXT_12,AATACAGCGGTGTTTCTA,9
GGTGGGAACGGAGGATTG,OXT_05,GGCGGACAGACTCTAATG,10
GGATCCGTCAGAAGCAGG,OXT_03,GACTTGGGCTCATGCTGT,10
AGATGGTAGTGGTGGAGC,OXT_02,AGGGGAGCGTGCGGAGGC,9
GCCGTGTACTCTGAGTGG,OXT_26,GGGGCATTCACTGAGCTG,8
TGGACAACGAATCTTGTG,OXT_04,TAGACAGGGCTGACTGTG,8
GCAAGTCGTTCGTAGCGT,OXT_24,GGGATTCGGTCATGTCCT,8
TGAGGTGGAAAGGAGACG,OXT_09,TGTAGTGCTCGGCTGCCG,9
AGCGATCCACGTGCCGGT,OXT_02,AGGGGAGCGTGCGGAGGC,10
AACAGGGATGTATGCGCG,OXT_03,GACTTGGGCTCATGCTGT,10
AGGGCTCGTCTTGCTGGA,OXT_07,GTGGGTGCATTTGCTGTA,8
ACGGGACTACCATGGGCA,OXT_22,ACGGGACCGCAGATCGAG,9
AATCTGTAGGCGGTACGT,OXT_10,AAGATGTATCGTGTGCTG,9
GAGGCGTTACATGACTGG,OXT_26,GGGGCATTCACTGAGCTG,8
TACGGCCTAACAAATGCT,OXT_14,TTGAGCGTAACGACAGTG,9
AGACGGATGGTCGTGAAA,OXT_18,TAACGGGTTATCCATAAT,9
AGGGCACGGTGATTGATT,OXT_20,AGGGCCTAGGGATGACGT,8
ACGCATGATAATGTGTAG,OXT_10,AAGATGTATCGTGTGCTG,9
GGGCGATAAGGACATTGA,OXT_15,AGGGTATAACGTCCTTTG,8
AAAGAGTACGCCATCCGA,OXT_10,AAGATGTATCGTGTGCTG,11
CGTGGTGTCAACTGAGTG,OXT_28,AGCGGCGGCGACGGCGAA,9
CGTAGGGAGATCTACTAG,OXT_18,TAACGGGTTATCCATAAT,10
GGCAATACGCATTGTGTG,OXT_16,ATAAACAGTCTAGCTGTG,10
GAAGTAGGGATCGGTTGA,OXT_02,AGGGGAGCGTGCGGAGGC,10
GGAGGTCACCCATGATAG,OXT_05,GGCGGACAGACTCTAATG,9
ATGGTGTTGATTAACGCG,OXT_06,ATCATCATCATCATCATC,10
AGGCAGAGGTAGGCACAA,OXT_01,AGGCTGCGTAAGTCTGCT,9
CACTGGAGCAGTGGCTTA,OXT_03,GACTTGGGCTCATGCTGT,9
CGTCATAACTAGTGCTCT,OXT_01,AGGCTGCGTAAGTCTGCT,11
TTCAGGAGATTTGCTCAG,OXT_07,GTGGGTGCATTTGCTGTA,9
GCTGGGCCAAACATGATG,OXT_05,GGCGGACAGACTCTAATG,9
GAAGACGTGTACGAGCCG,OXT_08,GACGGCATTCAGGCACGT,10
GGTAATTGCAGGCAGTGT,OXT_09,TGTAGTGCTCGGCTGCCG,10
GGGTAACGAGCTCACCGG,OXT_11,GGGTAAGGGCACAACAGT,8
GCACGGGTTGAAATGACT,OXT_18,TAACGGGTTATCCATAAT,9
GTGGCCTAAACCATGCTG,OXT_26,GGGGCATTCACTGAGCTG,7
AGGCGGCAACACATGCGA,OXT_10,AAGATGTATCGTGTGCTG,10
TGGATCCAGACGCGCTCC,OXT_24,GGGATTCGGTCATGTCCT,9
CACGATGCCATCGGGGCG,OXT_28,AGCGGCGGCGACGGCGAA,10
GGGGATGCACTAGGAATT,OXT_07,GTGGGTGCATTTGCTGTA,8
TTCCGTCCCTATGCTCTT,OXT_07,GTGGGTGCATTTGCTGTA,8
TATCCGCCCCTAAATGTT,OXT_04,TAGACAGGGCTGACTGTG,9
ATGAGGGATTATCTGGTG,OXT_10,AAGATGTATCGTGTGCTG,7
AGGGCACTGCGATAACAT,OXT_20,AGGGCCTAGGGATGACGT,6
GCATGGGTTCAGTGCTAC,OXT_03,GACTTGGGCTCATGCTGT,10
TTGGTTACTGTCCATGGT,OXT_07,GTGGGTGCATTTGCTGTA,10
GGCGGGAATCAGTATGGT,OXT_08,GACGGCATTCAGGCACGT,7
CAAGGGTACTGATTCTAT,OXT_03,GACTTGGGCTCATGCTGT,9
AGGGAAGCCTCCACTGTG,OXT_02,AGGGGAGCGTGCGGAGGC,8
ACGGCACAAGTGACATGG,OXT_15,AGGGTATAACGTCCTTTG,9
TGGCACGGGATAGACGCT,OXT_11,GGGTAAGGGCACAACAGT,9
ACGGATGACAAGCAGTAG,OXT_17,AGGAACTACGATCGTGAA,10
AAGCAGTGGCGGCTGTCG,OXT_10,AAGATGTATCGTGTGCTG,8
GTGCCCTAGGGCATGGCG,OXT_20,AGGGCCTAGGGATGACGT,10
GCGACCGGTGTACGTGCG,OXT_04,TAGACAGGGCTGACTGTG,9
GACGAGAGGTAGTGTGCG,OXT_23,AAGTAGGGACAGAATACG,9
GGGACGGGAAAGCTGTAC,OXT_01,AGGCTGCGTAAGTCTGCT,11
ATGGTAGTGCGACTTCGG,OXT_15,AGGGTATAACGTCCTTTG,8
GGTGGACAGACACGATAG,OXT_05,GGCGGACAGACTCTAATG,5
AACAGGAACGATAGTGTG,OXT_17,AGGAACTACGATCGTGAA,8
ACACAAGTATGCGTGGAG,OXT_02,AGGGGAGCGTGCGGAGGC,10
AGGGATGGGGACGCTACC,OXT_02,AGGGGAGCGTGCGGAGGC,9
AAACGTGTGTTGCCTTGC,OXT_18,TAACGGGTTATCCATAAT,9
GCGAGAGCGAAACGTGCT,OXT_24,GGGATTCGGTCATGTCCT,9
AGGGATGTATTCCTTGAA,OXT_07,GTGGGTGCATTTGCTGTA,8
GACCAGTAAGCCGACGTG,OXT_21,GAGCAACGGGTCAGCATT,10
AAGGACGAATGTACTGGA,OXT_07,GTGGGTGCATTTGCTGTA,8
ACGGCAAGGGAAATACGG,OXT_20,AGGGCCTAGGGATGACGT,8
ATGGCGAATTCACATGGA,OXT_07,GTGGGTGCATTTGCTGTA,11
GGCGTCGTACAGACGGGA,OXT_08,GACGGCATTCAGGCACGT,8
TGGACAGGACTGGGTCGA,OXT_04,TAGACAGGGCTGACTGTG,7
GAGTAGCAGCGCAAGACG,OXT_23,AAGTAGGGACAGAATACG,7
TTGGGGACCTAGTAGTCA,OXT_07,GTGGGTGCATTTGCTGTA,11
AGGAGTGGACTAATGGAT,OXT_04,TAGACAGGGCTGACTGTG,10
CATGGTAGACGACAGCAG,OXT_09,TGTAGTGCTCGGCTGCCG,9
ACGATCAGTCCGACCGTG,OXT_16,ATAAACAGTCTAGCTGTG,7
ATGGGTTACCCCGAGACG,OXT_26,GGGGCATTCACTGAGCTG,9
AGACGACGCTGCTCCCCT,OXT_01,AGGCTGCGTAAGTCTGCT,9
GGGTAGCCGTTAGTGGTG,OXT_07,GTGGGTGCATTTGCTGTA,10
TGGACCACAATGGACGTG,OXT_14,TTGAGCGTAACGACAGTG,8
GATTGGACCATGTTAGTG,OXT_12,AATACAGCGGTGTTTCTA,10
AACCTAGGTCCACGTGCT,OXT_01,AGGCTGCGTAAGTCTGCT,9
GTCACGAGACTCCTGGAG,OXT_16,ATAAACAGTCTAGCTGTG,10
TATGGAGCCCCTCTCCAT,OXT_09,TGTAGTGCTCGGCTGCCG,9
GCTAAGGCACGACGATCG,OXT_09,TGTAGTGCTCGGCTGCCG,9
GAGGTGTGGAAGTCGGTG,OXT_01,AGGCTGCGTAAGTCTGCT,8
CAGGCCTGTGCGGATAAG,OXT_23,AAGTAGGGACAGAATACG,10
AAAGGGCGCATCACTTTA,OXT_18,TAACGGGTTATCCATAAT,10
AGGCACTAGGGCAGTCGA,OXT_20,AGGGCCTAGGGATGACGT,6
GGAGCTCACTGGGTACGT,OXT_20,AGGGCCTAGGGATGACGT,9
GGGGCGTAAGCTATAGGG,OXT_05,GGCGGACAGACTCTAATG,9
ATAGACGGGATCCCATGG,OXT_16,ATAAACAGTCTAGCTGTG,9
GGCGGGCAGGGACGATGA,OXT_05,GGCGGACAGACTCTAATG,8
AGCGGTATCGGGCGACCT,OXT_08,GACGGCATTCAGGCACGT,9
GGACCCAGGGCCGAGTTC,OXT_26,GGGGCATTCACTGAGCTG,10
ATCGCCCTCATCAGGGAT,OXT_06,ATCATCATCATCATCATC,8
CAAGGGGCTGCAGGTCGT,OXT_03,GACTTGGGCTCATGCTGT,10
AGGAGAAGTCGGATGCTG,OXT_09,TGTAGTGCTCGGCTGCCG,7
GGTGTGCATGGAACTCCT,OXT_01,AGGCTGCGTAAGTCTGCT,9
AGGGGCTGGACATTATCT,OXT_20,AGGGCCTAGGGATGACGT,7
TGCAGTACGGAGTCTCGG,OXT_09,TGTAGTGCTCGGCTGCCG,9
GCAGTCATGGTGATATCA,OXT_06,ATCATCATCATCATCATC,11
GGGGAGAGCAGCATCTAG,OXT_11,GGGTAAGGGCACAACAGT,10
ACGTAACGTGTCACATGG,OXT_21,GAGCAACGGGTCAGCATT,9
CACGATATGGTGCAGTTC,OXT_06,ATCATCATCATCATCATC,12
GAACGCCGTGGACATGGT,OXT_18,TAACGGGTTATCCATAAT,9
CGGCGTTCATGCGATGTT,OXT_07,GTGGGTGCATTTGCTGTA,8
TCGGACGGCGATCATCTT,OXT_17,AGGAACTACGATCGTGAA,9
GGACAGCTAGCCTTGTGC,OXT_27,GTAGAATGGGCATCGTCG,10
GTGGGTCCTGCAAGTGCA,OXT_07,GTGGGTGCATTTGCTGTA,8
CAGGCGATAGACGGCGCA,OXT_28,AGCGGCGGCGACGGCGAA,9
GTGGACTCTTGCCGTCAG,OXT_17,AGGAACTACGATCGTGAA,10
ATGGGCAGTTCATCCAGA,OXT_16,ATAAACAGTCTAGCTGTG,10
CAGGCAGGGAGAGGCCGT,OXT_20,AGGGCCTAGGGATGACGT,8
ACATGGACGCCCATTGGT,OXT_22,ACGGGACCGCAGATCGAG,9
ACAATGGGCTTATCCTGG,OXT_03,GACTTGGGCTCATGCTGT,7
ATCACCCTGATACGTCTG,OXT_06,ATCATCATCATCATCATC,9
AACAAGGGAGCGTCTGTA,OXT_12,AATACAGCGGTGTTTCTA,8
GTGGGCCCGCGCGTGTGA,OXT_02,AGGGGAGCGTGCGGAGGC,9
TGAGCATTATCCTTGGTG,OXT_26,GGGGCATTCACTGAGCTG,8
ACAGGACCACGTGTGCCG,OXT_22,ACGGGACCGCAGATCGAG,8
CACTGGGCAGTATAATGG,OXT_03,GACTTGGGCTCATGCTGT,9
ACGATAGGACAGTTCATT,OXT_11,GGGTAAGGGCACAACAGT,9
AGGAGGTCGCTTGCAGAT,OXT_02,AGGGGAGCGTGCGGAGGC,9
GGGACGTTCATGAAGGCT,OXT_26,GGGGCATTCACTGAGCTG,8
GGGAACCAACGACATGGA,OXT_17,AGGAACTACGATCGTGAA,8
AGGGTACGACCGCCTCTT,OXT_15,AGGGTATAACGTCCTTTG,6
GTTAATGTGTGTCGCACG,OXT_09,TGTAGTGCTCGGCTGCCG,10
GTGGCGTGACTACACATT,OXT_11,GGGTAAGGGCACAACAGT,10
GATGGGCCAATACTGCTT,OXT_05,GGCGGACAGACTCTAATG,10
TCCGCAGTCTGAGGCCGG,OXT_02,AGGGGAGCGTGCGGAGGC,10
AGGGAAGCGGTGAGTGGC,OXT_02,AGGGGAGCGTGCGGAGGC,6
AGCAAGCGGTTGATGTGG,OXT_04,TAGACAGGGCTGACTGTG,11
ATCAGCCAGGCGCGAGTG,OXT_05,GGCGGACAGACTCTAATG,8
GCTGGGTAAGCACAACGG,OXT_05,GGCGGACAGACTCTAATG,10
AGGTGCGCCAACCTTCCG,OXT_09,TGTAGTGCTCGGCTGCCG,9
AGGTAGTCGACCTATACT,OXT_01,AGGCTGCGTAAGTCTGCT,9
GTGCCACCGTGCTTACCG,OXT_02,AGGGGAGCGTGCGGAGGC,10
GTGTGTGTAGACATGACG,OXT_23,AAGTAGGGACAGAATACG,9
GGTATCCGGGATGTGCCG,OXT_24,GGGATTCGGTCATGTCCT,9
AACCAGAGTGACGAGGAG,OXT_28,AGCGGCGGCGACGGCGAA,9
GACACAGGTCCACGGTGT,OXT_03,GACTTGGGCTCATGCTGT,7
ACTGGGTACCGCTTCATG,OXT_10,AAGATGTATCGTGTGCTG,9
GAGGGCCCAGTATTGTAG,OXT_22,ACGGGACCGCAGATCGAG,10
TAGGCGGCGTTGGACTTA,OXT_04,TAGACAGGGCTGACTGTG,9
TCTTATGCTCTCCAGGTG,OXT_09,TGTAGTGCTCGGCTGCCG,8
ATGGTCTATGTGGCGCTT,OXT_10,AAGATGTATCGTGTGCTG,8
TGGGTCACGAACGGTCTT,OXT_25,TGCATCGCAACAGCAGTT,9
ATAGGCCTGGACGCATCG,OXT_27,GTAGAATGGGCATCGTCG,9
AAGCAGAGATACGATGCA,OXT_23,AAGTAGGGACAGAATACG,7
AGGTACGTCAATGCCTGG,OXT_13,TATTACACTAGTGGATGG,9
CAATGAGTCGCAGCCGCA,OXT_28,AGCGGCGGCGACGGCGAA,10
CTGCCTCCAATCGACGTG,OXT_07,GTGGGTGCATTTGCTGTA,9
AAGCAGAGACGACTATCC,OXT_23,AAGTAGGGACAGAATACG,9
TATCGGACCAAATCTGTA,OXT_01,AGGCTGCGTAAGTCTGCT,10
TGCGGGGAGTATGAGCGT,OXT_02,AGGGGAGCGTGCGGAGGC,10
GGGACCGAATTCGCTATG,OXT_07,GTGGGTGCATTTGCTGTA,8
ACGGTTCCCAACGCGATG,OXT_22,ACGGGACCGCAGATCGAG,10
ATGCAGGAGACGGCGTGT,OXT_01,AGGCTGCGTAAGTCTGCT,10
TCCCGTACACGCGTGCTA,OXT_09,TGTAGTGCTCGGCTGCCG,9
ATCATGTTACACTAGGCT,OXT_01,AGGCTGCGTAAGTCTGCT,10
GGATGGGCTGGCTAGGGA,OXT_02,AGGGGAGCGTGCGGAGGC,10
GGGGTATTGAACAGCTGA,OXT_11,GGGTAAGGGCACAACAGT,8
TGCGGCATCGGTACAGGT,OXT_08,GACGGCATTCAGGCACGT,8
GATCAGACCACGTTGTGC,OXT_03,GACTTGGGCTCATGCTGT,10
GAAGGTACACCGGCACGG,OXT_08,GACGGCATTCAGGCACGT,6
ACTGATGTTCCGCCGCCG,OXT_09,TGTAGTGCTCGGCTGCCG,7
TCGGGCATAATCGCTGTG,OXT_14,TTGAGCGTAACGACAGTG,7
ATACGAGGTGAACGCTGG,OXT_27,GTAGAATGGGCATCGTCG,10
GCAGGGTTACCTGTGTGC,OXT_26,GGGGCATTCACTGAGCTG,10
AGGGCGACAGGAACGGGT,OXT_20,AGGGCCTAGGGATGACGT,8
GCTCGACTATGACGGTCA,OXT_09,TGTAGTGCTCGGCTGCCG,12
GGGACGAGTCGGGAACAT,OXT_08,GACGGCATTCAGGCACGT,9
TATGCGACTCGATGCTGA,OXT_13,TATTACACTAGTGGATGG,8
GGCACTGTGTCCGGCGAC,OXT_02,AGGGGAGCGTGCGGAGGC,9
CGGGGACAGTCGAGTTTG,OXT_05,GGCGGACAGACTCTAATG,8
ACAGGACAGGTGGGTACG,OXT_22,ACGGGACCGCAGATCGAG,9
AAGCATCCCGTAGGGGCG,OXT_21,GAGCAACGGGTCAGCATT,10
AGGATCTCATCGTAGTGA,OXT_15,AGGGTATAACGTCCTTTG,11
GTGGAGCATCCCTGTGCA,OXT_01,AGGCTGCGTAAGTCTGCT,10
TGGCACAGTGACCTTTGG,OXT_13,TATTACACTAGTGGATGG,10
TCCAGTCCACGTTGCGTG,OXT_09,TGTAGTGCTCGGCTGCCG,10
TGGGGCCAACGTGTACGA,OXT_20,AGGGCCTAGGGATGACGT,9
AACCTCCGCTCAGGTGAG,OXT_03,GACTTGGGCTCATGCTGT,9
GGCTGAATCCATCTTCCG,OXT_05,GGCGGACAGACTCTAATG,9
TGCCACACGTTGTGCATA,OXT_21,GAGCAACGGGTCAGCATT,10
TGACGACCTGTGTCCGCT,OXT_01,AGGCTGCGTAAGTCTGCT,8
ATAGGGACCGCAGTCATT,OXT_06,ATCATCATCATCATCATC,10
TGGTATCGATCATAGCGT,OXT_24,GGGATTCGGTCATGTCCT,7
AGCAAGTCCTTCAGCCGT,OXT_03,GACTTGGGCTCATGCTGT,10
CAGTGATGATCAGACGTG,OXT_26,GGGGCATTCACTGAGCTG,10
ACGCAAGCAAAGCCGGAG,OXT_22,ACGGGACCGCAGATCGAG,8
ACGGGAGCAGCATGTTCG,OXT_27,GTAGAATGGGCATCGTCG,9
GGGTACTTCCCTTGACTG,OXT_26,GGGGCATTCACTGAGCTG,7
ACAGTCACTGGAGACGCG,OXT_16,ATAAACAGTCTAGCTGTG,9
CAAGAGGTAGAGACTTGG,OXT_23,AAGTAGGGACAGAATACG,8
TCGAGGCCCCGGTGTGTA,OXT_04,TAGACAGGGCTGACTGTG,10
GTAGCGGAATCGTATCCT,OXT_24,GGGATTCGGTCATGTCCT,10
AAGGGTGAACAGCCACTG,OXT_15,AGGGTATAACGTCCTTTG,8
TATGCGGATTACGTAGCG,OXT_02,AGGGGAGCGTGCGGAGGC,11
GGGGTAATGGACGAAGCA,OXT_02,AGGGGAGCGTGCGGAGGC,9
GAGTACCATGCCTGGCGT,OXT_20,AGGGCCTAGGGATGACGT,9
AGGAGGCTTTACTGGGCA,OXT_01,AGGCTGCGTAAGTCTGCT,8
TCCGAGGGACGGCTCGTA,OXT_04,TAGACAGGGCTGACTGTG,11
GGCGGCCAGGTCCTACCA,OXT_05,GGCGGACAGACTCTAATG,7
AACACGGTCTTGGGTTAA,OXT_12,AATACAGCGGTGTTTCTA,9
TTCGTGTCATCCCGTCGT,OXT_03,GACTTGGGCTCATGCTGT,10
TCACGGATGGTCAATACT,OXT_18,TAACGGGTTATCCATAAT,6
GGAGTCCTGACGACGGCA,OXT_01,AGGCTGCGTAAGTCTGCT,10
AGCGGTGAACAACTGCGG,OXT_09,TGTAGTGCTCGGCTGCCG,8
GAGTGCGAACACGTAGGT,OXT_08,GACGGCATTCAGGCACGT,8
ATCGTAACTGTCAGGCGT,OXT_06,ATCATCATCATCATCATC,10
TAGGGCTCCGACTATTGT,OXT_20,AGGGCCTAGGGATGACGT,10
AGACATATAGAGCGGTGT,OXT_17,AGGAACTACGATCGTGAA,11
GGGCAGAACACTGTAGTG,OXT_05,GGCGGACAGACTCTAATG,8
GCAGGACGTATTCAAGTG,OXT_05,GGCGGACAGACTCTAATG,7
GCACGACACGGATGGCAA,OXT_20,AGGGCCTAGGGATGACGT,11
AATCCAGCTCGCCTTCGT,OXT_12,AATACAGCGGTGTTTCTA,8
ACCAGCAGGTCTCGAGTG,OXT_05,GGCGGACAGACTCTAATG,9
ACGTGCTCCTCCCGTACA,OXT_17,AGGAACTACGATCGTGAA,9
GCACCGAACGGGAGATGA,OXT_20,AGGGCCTAGGGATGACGT,11
TGGTAGGAGCAGGGAGCG,OXT_23,AAGTAGGGACAGAATACG,8
TCACGGCACAGGCAGGGT,OXT_18,TAACGGGTTATCCATAAT,9
GTCAGGGGACTTGTGCCC,OXT_07,GTGGGTGCATTTGCTGTA,10
ACACGTTCAAACCTGGCT,OXT_01,AGGCTGCGTAAGTCTGCT,11
AGTAGACGGCCGCCAACG,OXT_05,GGCGGACAGACTCTAATG,8
GCCAAACGAGACTGCCTT,OXT_21,GAGCAACGGGTCAGCATT,7
ACGGGACCCGTCACGTGA,OXT_22,ACGGGACCGCAGATCGAG,9
TCTGGGACGTAAGAATGC,OXT_02,AGGGGAGCGTGCGGAGGC,9
AGGGCGGAACGTACTGTG,OXT_15,AGGGTATAACGTCCTTTG,5
ACACGACATGTTGTGCGG,OXT_10,AAGATGTATCGTGTGCTG,9
TGCTTACGGGATGGAGAG,OXT_28,AGCGGCGGCGACGGCGAA,9
GACCTGGGCTCGGCATAC,OXT_03,GACTTGGGCTCATGCTGT,7
TCTGGATCAGGTACTGTA,OXT_07,GTGGGTGCATTTGCTGTA,8
GATGCACGGTGGACTATG,OXT_04,TAGACAGGGCTGACTGTG,7
GGGCCCTCCCATTGAGCT,OXT_17,AGGAACTACGATCGTGAA,9
AGGGAAGCACAATCCCGG,OXT_11,GGGTAAGGGCACAACAGT,9
GCACGTTAGTATAGTGCT,OXT_24,GGGATTCGGTCATGTCCT,10
AAGCCGAAGACACTGTTG,OXT_10,AAGATGTATCGTGTGCTG,9
GCGGGTACTCGTTGGACA,OXT_07,GTGGGTGCATTTGCTGTA,10
GCAGGATGGCATGCTGCG,OXT_27,GTAGAATGGGCATCGTCG,8
ATGTGCCAGTGATGGTAT,OXT_20,AGGGCCTAGGGATGACGT,8
GCCAAGGCCCCAGGGATG,OXT_03,GACTTGGGCTCATGCTGT,10
GACCTTGGAAATGCGTGT,OXT_03,GACTTGGGCTCATGCTGT,9
GGCCAGGTCAGTAGGTAG,OXT_26,GGGGCATTCACTGAGCTG,10
GGGATAGTCGCTGCAAGT,OXT_25,TGCATCGCAACAGCAGTT,9
GGGGGCACAAAAGGGACC,OXT_02,AGGGGAGCGTGCGGAGGC,10
AGATCAGGACTGACGCTG,OXT_04,TAGACAGGGCTGACTGTG,7
GGGTAAAGGTCCCTGTTG,OXT_05,GGCGGACAGACTCTAATG,9
CACGTAATGTTGGGCGTA,OXT_02,AGGGGAGCGTGCGGAGGC,11
GTGTAGGTACAACGAGCG,OXT_23,AAGTAGGGACAGAATACG,8
CTGCTATCGACATCTGCT,OXT_01,AGGCTGCGTAAGTCTGCT,8
GGCATGGCAAACATGTCG,OXT_09,TGTAGTGCTCGGCTGCCG,10
ACAACGGCATACTCTGAT,OXT_01,AGGCTGCGTAAGTCTGCT,10
ACGGGACGTGATCACAAT,OXT_22,ACGGGACCGCAGATCGAG,8
GCTCGAGCAGATTGCAAT,OXT_21,GAGCAACGGGTCAGCATT,10
TTAACGCCCGACCTACCG,OXT_09,TGTAGTGCTCGGCTGCCG,10
GGTGTAAGGACTAGGGAG,OXT_05,GGCGGACAGACTCTAATG,9
TGCCGGTACGAAACAGCT,OXT_01,AGGCTGCGTAAGTCTGCT,10
CGGGTACTGGGAACTGGC,OXT_02,AGGGGAGCGTGCGGAGGC,9
TAATGTTTGCTGTGCTGT,OXT_03,GACTTGGGCTCATGCTGT,10
ACGACCGAGTTTGGGTAG,OXT_10,AAGATGTATCGTGTGCTG,10
TGCAACATAAATGTGGCT,OXT_25,TGCATCGCAACAGCAGTT,8
AGGACGGTAAAGGGATGC,OXT_02,AGGGGAGCGTGCGGAGGC,9
GTGCGGAGGCAGGCTGTT,OXT_01,AGGCTGCGTAAGTCTGCT,8
GGGAAACGTGTGGTCCCG,OXT_21,GAGCAACGGGTCAGCATT,9
GTGCCCAGGCGATGCTGT,OXT_20,AGGGCCTAGGGATGACGT,8
CGAGCCAGTACGAGGGAT,OXT_01,AGGCTGCGTAAGTCTGCT,11
TTAGCTGCGCATCGAGCT,OXT_02,AGGGGAGCGTGCGGAGGC,11
AAGGCACGTGAGAGGCGT,OXT_20,AGGGCCTAGGGATGACGT,9
GGGAGTTGAAGAGAGCCG,OXT_26,GGGGCATTCACTGAGCTG,8
GAGGGTTGACAGGTGGCT,OXT_08,GACGGCATTCAGGCACGT,9
AGCTGGGCCATACGATGC,OXT_02,AGGGGAGCGTGCGGAGGC,9
GATGCTCAGGGACCCGCA,OXT_20,AGGGCCTAGGGATGACGT,11
GCATGGAGAACCGTGTGG,OXT_03,GACTTGGGCTCATGCTGT,11
GGTGCGAGCCAAGAGTGT,OXT_03,GACTTGGGCTCATGCTGT,10
GTGTGTACCTCTATAGCT,OXT_07,GTGGGTGCATTTGCTGTA,9
CAGGAGGTGTTAGAGACG,OXT_23,AAGTAGGGACAGAATACG,9
GCAGGCGCATCACTGGAT,OXT_07,GTGGGTGCATTTGCTGTA,10
TAGGAGCGCATACGTTGG,OXT_03,GACTTGGGCTCATGCTGT,10
GGGGCCGTACGATGGTCA,OXT_20,AGGGCCTAGGGATGACGT,9
AAGGGATGCGTTACCTTG,OXT_15,AGGGTATAACGTCCTTTG,8
GGGCAAAATTGGACACTG,OXT_15,AGGGTATAACGTCCTTTG,10
ATCGGTGCTGCGTGTTTC,OXT_07,GTGGGTGCATTTGCTGTA,10
AGGGAGACTGAAGCGTGC,OXT_02,AGGGGAGCGTGCGGAGGC,10
GCACAGTCGGGACCGCGT,OXT_27,GTAGAATGGGCATCGTCG,9
TAGCCTCGGGTACTAACG,OXT_21,GAGCAACGGGTCAGCATT,9
ATGGCATTGGATGTTGCT,OXT_17,AGGAACTACGATCGTGAA,10
CTGGAGAAGATGGCCGAG,OXT_16,ATAAACAGTCTAGCTGTG,10
ACGGGCTAAGAGGTCCTC,OXT_22,ACGGGACCGCAGATCGAG,9
GGATATTTACATCAGGTG,OXT_26,GGGGCATTCACTGAGCTG,9
ACGTAGGCTTGACATGTG,OXT_23,AAGTAGGGACAGAATACG,9
ATACAGCGGCTCGACGTT,OXT_16,ATAAACAGTCTAGCTGTG,8
TAGAGCGTCGTGAGCTAG,OXT_14,TTGAGCGTAACGACAGTG,8
AGGAGATTCCAGTATGAG,OXT_17,AGGAACTACGATCGTGAA,8
TCCGTGTGCATCAGCCAG,OXT_06,ATCATCATCATCATCATC,10
GGAGTTAGGACGCGACTG,OXT_05,GGCGGACAGACTCTAATG,8
ACGAGCAGGCGCCTATGG,OXT_02,AGGGGAGCGTGCGGAGGC,10
CTATGGGCAGGGTTATCC,OXT_09,TGTAGTGCTCGGCTGCCG,11
AATGCAGTTGACGCTCTT,OXT_12,AATACAGCGGTGTTTCTA,8
AAGCGGAAACGGCAGACT,OXT_23,AAGTAGGGACAGAATACG,8
ACTGGCGGCAACATGGCA,OXT_28,AGCGGCGGCGACGGCGAA,7
GGCAGTCGGCTCATGCAA,OXT_09,TGTAGTGCTCGGCTGCCG,10
ACCGGAGCCAATCAGGTG,OXT_05,GGCGGACAGACTCTAATG,9
GCACTTCGCCTAACAGAG,OXT_16,ATAAACAGTCTAGCTGTG,10
AAGGGCTCAGAGCGTTTG,OXT_15,AGGGTATAACGTCCTTTG,8
ATGGCCTACATGACTGGT,OXT_20,AGGGCCTAGGGATGACGT,9
GTGGTGGATTCGGATCCT,OXT_24,GGGATTCGGTCATGTCCT,9
ACGGTGGCTCATATCCCT,OXT_22,ACGGGACCGCAGATCGAG,8
TGGCGGCATCACACTTGT,OXT_01,AGGCTGCGTAAGTCTGCT,8
GGGGAGAGTTCCCACCGT,OXT_11,GGGTAAGGGCACAACAGT,8
CGACGGCTTGACGATAGT,OXT_18,TAACGGGTTATCCATAAT,7
AGCGGAAGGAGAGTTGTT,OXT_02,AGGGGAGCGTGCGGAGGC,9
CAGAGTGTGCCCTCTCGA,OXT_04,TAGACAGGGCTGACTGTG,10
GGGCTAGTGCACCATGTG,OXT_11,GGGTAAGGGCACAACAGT,8
TCGAACTGATCATGGCGT,OXT_24,GGGATTCGGTCATGTCCT,8
TAGTGGGTGCAGGGACGT,OXT_08,GACGGCATTCAGGCACGT,7
ACTAGCTCCAGAAGGGTG,OXT_14,TTGAGCGTAACGACAGTG,10
ACCGGGAAGACGGCTCAT,OXT_08,GACGGCATTCAGGCACGT,9
TACACTGGTGGTATTCAT,OXT_04,TAGACAGGGCTGACTGTG,10
CAGGCTGCCAATAGTGTG,OXT_04,TAGACAGGGCTGACTGTG,9
AGAGTACAGTCGCAAGCG,OXT_05,GGCGGACAGACTCTAATG,8
AGACAGCAGTTTGCCGCT,OXT_01,AGGCTGCGTAAGTCTGCT,9
AGAGTTAGGACGTGGGAT,OXT_01,AGGCTGCGTAAGTCTGCT,9
GCAGTAGCGGCTTACACT,OXT_27,GTAGAATGGGCATCGTCG,9
AGCGGACTAAACAGGTTG,OXT_05,GGCGGACAGACTCTAATG,9
ATGGGGTCATACGTACGT,OXT_02,AGGGGAGCGTGCGGAGGC,8
AGGGAATCGCTGACTCGT,OXT_04,TAGACAGGGCTGACTGTG,9
TACACGCACCCTGGATCT,OXT_03,GACTTGGGCTCATGCTGT,10
ATCATTCCAGTGTCGGAC,OXT_01,AGGCTGCGTAAGTCTGCT,11
CGATCTGTAGCATCAGGT,OXT_25,TGCATCGCAACAGCAGTT,9
GGTGTGGGACGCTATCCT,OXT_24,GGGATTCGGTCATGTCCT,9
GGAGCGACAAGAGGTGTG,OXT_07,GTGGGTGCATTTGCTGTA,10
AAGGAGCAGAAGATTCAG,OXT_22,ACGGGACCGCAGATCGAG,7
ATGCTGCCGCCATACATG,OXT_22,ACGGGACCGCAGATCGAG,10
AAGCTCAGCGCTTGCGAT,OXT_03,GACTTGGGCTCATGCTGT,9
GAGGAGCGACTGTACATG,OXT_23,AAGTAGGGACAGAATACG,7
GGTCAGCACCAGACTGAG,OXT_01,AGGCTGCGTAAGTCTGCT,9
TACACGGAGTACGGCATA,OXT_28,AGCGGCGGCGACGGCGAA,10
ATTGATGGTAGTACGTAT,OXT_13,TATTACACTAGTGGATGG,11
AGGTAGATGCACATGGAT,OXT_11,GGGTAAGGGCACAACAGT,8
GTGGATAATGAATGCGTG,OXT_16,ATAAACAGTCTAGCTGTG,10
AGCAGGGTACTACTGCGG,OXT_09,TGTAGTGCTCGGCTGCCG,8
TATGCGGATTCGAACTAG,OXT_03,GACTTGGGCTCATGCTGT,11
AGGAGAGGACGGAGTACA,OXT_23,AAGTAGGGACAGAATACG,7
TCTACTGCAGCCGAATGG,OXT_13,TATTACACTAGTGGATGG,10
ATCGGACCAGTGTGATCG,OXT_22,ACGGGACCGCAGATCGAG,10
TGTGCTCCCGCATGTGCG,OXT_24,GGGATTCGGTCATGTCCT,9
GGTATAGAGATAACGAGG,OXT_04,TAGACAGGGCTGACTGTG,10
GGCAACGATCGGTGACAG,OXT_09,TGTAGTGCTCGGCTGCCG,9
CGCAGAGGTAGATAGACG,OXT_09,TGTAGTGCTCGGCTGCCG,9
AAGCAGTGATAGCGTGTG,OXT_23,AAGTAGGGACAGAATACG,7
ACCGGTGTCGAACAGGTG,OXT_28,AGCGGCGGCGACGGCGAA,9
AGTCCTAGCCTTCCCGAT,OXT_01,AGGCTGCGTAAGTCTGCT,11
GGGGACATAAACCATGGG,OXT_11,GGGTAAGGGCACAACAGT,10
GCAGAAGTGCAGGCCGAT,OXT_22,ACGGGACCGCAGATCGAG,8
AGGCGTTAATCCGGATAG,OXT_02,AGGGGAGCGTGCGGAGGC,9
GGCACGTTATGTGACTGG,OXT_26,GGGGCATTCACTGAGCTG,9
TTATGCCAAGTCGGACGT,OXT_20,AGGGCCTAGGGATGACGT,10
GGGCACACAGACAGGAGT,OXT_11,GGGTAAGGGCACAACAGT,8
TACAAAGCGATGGTGGCG,OXT_04,TAGACAGGGCTGACTGTG,8
TACCCGCACCACTCCTGT,OXT_03,GACTTGGGCTCATGCTGT,9
GAGGGGACAGGCTAAGAG,OXT_02,AGGGGAGCGTGCGGAGGC,10
GTGGGATCGTACAAAGTG,OXT_02,AGGGGAGCGTGCGGAGGC,8
AGTGGGCTAGTTTCAGTG,OXT_05,GGCGGACAGACTCTAATG,10
ATTGTGAAGTACAATGTG,OXT_06,ATCATCATCATCATCATC,11
ACGGGTCAAGACTGTGCG,OXT_22,ACGGGACCGCAGATCGAG,9
AAGGGACTCGCTCTGTCT,OXT_05,GGCGGACAGACTCTAATG,10
GCGCTGCTGTTGGTACTA,OXT_07,GTGGGTGCATTTGCTGTA,11
ACGGCGGCGGAAAGCTGG,OXT_22,ACGGGACCGCAGATCGAG,8
ACACCTGGGGCTATACTT,OXT_12,AATACAGCGGTGTTTCTA,10
ACCACGATGGCACTCGGT,OXT_03,GACTTGGGCTCATGCTGT,11
AGACGGCTTCTGGACGCG,OXT_01,AGGCTGCGTAAGTCTGCT,9
AGCCATGGTACGTCGGCA,OXT_01,AGGCTGCGTAAGTCTGCT,7
GCCAAAGGCACTCACGGT,OXT_03,GACTTGGGCTCATGCTGT,9
GCGGTGCAGACCATATAG,OXT_05,GGCGGACAGACTCTAATG,8
GACGTACCGACGGCTAGT,OXT_05,GGCGGACAGACTCTAATG,9
ATATGCAGTCCTGGTATT,OXT_16,ATAAACAGTCTAGCTGTG,7
AGGACGGTGTTGCCTGCG,OXT_04,TAGACAGGGCTGACTGTG,7
TGGTCTACGACGACTGGA,OXT_04,TAGACAGGGCTGACTGTG,9
AACCGGTCCCATCCCGAT,OXT_17,AGGAACTACGATCGTGAA,10
ACGCCTAGCATGGTAGTG,OXT_04,TAGACAGGGCTGACTGTG,10
TCATAGACTCGCCAGGAG,OXT_09,TGTAGTGCTCGGCTGCCG,10
GGCATACGATCGATGCGG,OXT_24,GGGATTCGGTCATGTCCT,9
GAGTGGTGGCTGTTAGCG,OXT_04,TAGACAGGGCTGACTGTG,9
ATGACCGCTTCAGAGGCT,OXT_25,TGCATCGCAACAGCAGTT,9
GGAGCCTTTTGGGTGCCG,OXT_26,GGGGCATTCACTGAGCTG,8
GAGTAGGAGAATCGTGTG,OXT_17,AGGAACTACGATCGTGAA,9
TGGAGGAGTGAATGTGTT,OXT_01,AGGCTGCGTAAGTCTGCT,8
ACCGGTGTGCCGGGTATA,OXT_07,GTGGGTGCATTTGCTGTA,10
AACACCAATTCCGACGTG,OXT_16,ATAAACAGTCTAGCTGTG,9
GGGCAGGGAACTAGAACC,OXT_23,AAGTAGGGACAGAATACG,9
GGGGATGGAATGACTTCG,OXT_23,AAGTAGGGACAGAATACG,8
ATAGGGTACGTTCCGTCG,OXT_27,GTAGAATGGGCATCGTCG,8
AGCGGTACAGATTGCGGC,OXT_28,AGCGGCGGCGACGGCGAA,8
TGGGGAACAGCCTACCTA,OXT_26,GGGGCATTCACTGAGCTG,10
GGTATGGCAGCCGAGCGT,OXT_25,TGCATCGCAACAGCAGTT,9
GAGGCAGGATACATGTGG,OXT_11,GGGTAAGGGCACAACAGT,9
TCTTGGTTGAAGTGCCTG,OXT_14,TTGAGCGTAACGACAGTG,11
GAGACCCTTGAATGCCGT,OXT_20,AGGGCCTAGGGATGACGT,8
GATGGCAGTGGCATGATC,OXT_06,ATCATCATCATCATCATC,10
ACCGTCCAGTCGTAGGTG,OXT_05,GGCGGACAGACTCTAATG,10
TCAGATACTCGCGTCAGG,OXT_13,TATTACACTAGTGGATGG,9
TTAGCGTAGATTGTGCTG,OXT_10,AAGATGTATCGTGTGCTG,8
GCAGTGCACGTGTGGAAG,OXT_27,GTAGAATGGGCATCGTCG,11
TGGGGTGAATATGCTAGG,OXT_07,GTGGGTGCATTTGCTGTA,7
TGGAGAGGGAGCATCGAG,OXT_04,TAGACAGGGCTGACTGTG,8
AGCGTCATGGCTTACGTG,OXT_05,GGCGGACAGACTCTAATG,10
ACAGCGGGCTACGGTCTA,OXT_28,AGCGGCGGCGACGGCGAA,8
TCCCGGTAGTGGAGCGTG,OXT_22,ACGGGACCGCAGATCGAG,10
AATGCCACCAGACACGCT,OXT_13,TATTACACTAGTGGATGG,11
GAGGAGACGCGGAACACA,OXT_23,AAGTAGGGACAGAATACG,8
ACAGGGATACGGCTGCCT,OXT_09,TGTAGTGCTCGGCTGCCG,9
CTGGTCATGCATCCGTTG,OXT_15,AGGGTATAACGTCCTTTG,8
AGCAACGGGACGCTACGA,OXT_05,GGCGGACAGACTCTAATG,10
ACCAAAGTGCGCCCGTCG,OXT_09,TGTAGTGCTCGGCTGCCG,10
GATCGCGAATTACGGAGC,OXT_03,GACTTGGGCTCATGCTGT,11
GGCGGACGGACATCAGCA,OXT_05,GGCGGACAGACTCTAATG,7
ATGTGACTCCGTGCTCCT,OXT_15,AGGGTATAACGTCCTTTG,10
GTGAGGGCAGATGTCAGG,OXT_07,GTGGGTGCATTTGCTGTA,9
AAGGAACATAGTGCTATA,OXT_15,AGGGTATAACGTCCTTTG,8
TGGGCCAGCTTTTCACCA,OXT_20,AGGGCCTAGGGATGACGT,10
AGGGGCTGTCTACCATTC,OXT_15,AGGGTATAACGTCCTTTG,8
ACAAGCAGTGATGGGCCG,OXT_16,ATAAACAGTCTAGCTGTG,9
CAACTAGGTGATGGCCGT,OXT_03,GACTTGGGCTCATGCTGT,10
GAACTGCTGTGTGGTGTC,OXT_02,AGGGGAGCGTGCGGAGGC,11
TGATGGTAACACAGGATG,OXT_23,AAGTAGGGACAGAATACG,10
GGGATGATTAGAGGTGTC,OXT_01,AGGCTGCGTAAGTCTGCT,10
ACCTGAAGGAACGTGCCG,OXT_22,ACGGGACCGCAGATCGAG,10
GCGGTATGCATTCATGGT,OXT_26,GGGGCATTCACTGAGCTG,9
ATGGCGAAAAACTGCGAT,OXT_01,AGGCTGCGTAAGTCTGCT,10
GGCCTTCGCCCACACCTA,OXT_19,CCCCCCCCCCCCCCCCCC,9
AGGTCGAAGTGTAGTATG,OXT_15,AGGGTATAACGTCCTTTG,9
ACAGACGGCCGAAGTTCA,OXT_16,ATAAACAGTCTAGCTGTG,10
ATCCCGAATACTGGGGTG,OXT_10,AAGATGTATCGTGTGCTG,9
GGAGATATGTACGTGTGA,OXT_02,AGGGGAGCGTGCGGAGGC,11
TTCGCCCGCACAGTATCT,OXT_25,TGCATCGCAACAGCAGTT,9
AGCCTAGCATTCGTGTCG,OXT_02,AGGGGAGCGTGCGGAGGC,10
AAGTGGCAGACCGAAGCG,OXT_02,AGGGGAGCGTGCGGAGGC,10
ATCCCACACCCACAATGG,OXT_05,GGCGGACAGACTCTAATG,10
ATGGAGTAACGACCGTGA,OXT_15,AGGGTATAACGTCCTTTG,7
GACGGCTGTAGATGACTG,OXT_08,GACGGCATTCAGGCACGT,9
CATGGGGATACGGTATAC,OXT_05,GGCGGACAGACTCTAATG,11
GGCGAGCTCACTGATATG,OXT_26,GGGGCATTCACTGAGCTG,6
GGGAGGAGAGTGGCAACA,OXT_07,GTGGGTGCATTTGCTGTA,10
GGGCACAATGGGCAATGT,OXT_20,AGGGCCTAGGGATGACGT,9
ATGGTAAATCAGGTATGT,OXT_08,GACGGCATTCAGGCACGT,8
GAAGGGTGGTTTTGGCCG,OXT_27,GTAGAATGGGCATCGTCG,8
AAGGTGCGGAGGATAAGT,OXT_01,AGGCTGCGTAAGTCTGCT,9
TGGAGCAAGAAGAAGACG,OXT_14,TTGAGCGTAACGACAGTG,9
AAGGTCGCGAACGTATCT,OXT_02,AGGGGAGCGTGCGGAGGC,9
TGAAGGGTTATCAGAGTT,OXT_18,TAACGGGTTATCCATAAT,7
AAGTGCCTGGGCTCGACA,OXT_20,AGGGCCTAGGGATGACGT,11
CGTGCAACCTGCCGTGAG,OXT_02,AGGGGAGCGTGCGGAGGC,9
CGGACGGCAGGGTGAAGG,OXT_20,AGGGCCTAGGGATGACGT,9
GGGCACACTCCTAGATGG,OXT_13,TATTACACTAGTGGATGG,7
AGGGCGCACTGTGCAACT,OXT_20,AGGGCCTAGGGATGACGT,9
AGGCTCAGGACCTAAGTG,OXT_01,AGGCTGCGTAAGTCTGCT,9
GGGCATGGATGGGACGTG,OXT_07,GTGGGTGCATTTGCTGTA,9
ATGCGCACGTCGGGACGT,OXT_02,AGGGGAGCGTGCGGAGGC,8
ACTGGAGTGGAACAAACA,OXT_02,AGGGGAGCGTGCGGAGGC,11
CGAGGGTATTTGGGTGAG,OXT_02,AGGGGAGCGTGCGGAGGC,11
ACCGACCTAACCGATGCT,OXT_25,TGCATCGCAACAGCAGTT,10
TGGTACACCGGGACATCG,OXT_13,TATTACACTAGTGGATGG,8
ACTCACGTGAGTATAGAT,OXT_13,TATTACACTAGTGGATGG,11
AGCAGACTACCAGCTCTT,OXT_25,TGCATCGCAACAGCAGTT,8
AGCACAAGCAGAGGGCAG,OXT_26,GGGGCATTCACTGAGCTG,9
GGGTGAGGCTGTTGGGAC,OXT_02,AGGGGAGCGTGCGGAGGC,8
CGTGGCTCCAGACAGTGT,OXT_20,AGGGCCTAGGGATGACGT,10
TCCGAGGAGTTTGACCGA,OXT_07,GTGGGTGCATTTGCTGTA,11
GGCGACTTAGTACGTGAG,OXT_17,AGGAACTACGATCGTGAA,8
CGACACACAAGACTGGTG,OXT_16,ATAAACAGTCTAGCTGTG,10
ATGGTCTCATGTGTGTTG,OXT_10,AAGATGTATCGTGTGCTG,7
ACAGGATAGCAGTGTCGG,OXT_22,ACGGGACCGCAGATCGAG,8
AGGACGTGGCTCCTGTCT,OXT_10,AAGATGTATCGTGTGCTG,10
ACCAGAGAGCATCCGGTG,OXT_04,TAGACAGGGCTGACTGTG,9
GGCGGGAATGAGTGTAGT,OXT_08,GACGGCATTCAGGCACGT,8
CACATCGACCTGACGTGT,OXT_03,GACTTGGGCTCATGCTGT,10
GAGGGTATGGGAACGCGT,OXT_08,GACGGCATTCAGGCACGT,8
TCACGCTCGTCATTGTCG,OXT_27,GTAGAATGGGCATCGTCG,8
TGGCGAAATTGTGGTCCT,OXT_02,AGGGGAGCGTGCGGAGGC,10
GGCGTGCCACGTATAGGT,OXT_05,GGCGGACAGACTCTAATG,10
GCAACGGGTTGAAGAGGC,OXT_02,AGGGGAGCGTGCGGAGGC,10
AGCAGACTGTGCCGCGTG,OXT_02,AGGGGAGCGTGCGGAGGC,8
ACCATTCAGCTTAGGGTG,OXT_10,AAGATGTATCGTGTGCTG,9
CAACCAGTTCGACGGCTC,OXT_29,CCCCCCCCCCCCCCGCCC,10
AGAGCCGTCCTGCTGGTT,OXT_04,TAGACAGGGCTGACTGTG,11
ACACGACGATTGCTACTG,OXT_05,GGCGGACAGACTCTAATG,10
TTGGATGTGATCAGTGCG,OXT_04,TAGACAGGGCTGACTGTG,9
AGAGGCTGTCAGACTCGG,OXT_08,GACGGCATTCAGGCACGT,8
TGCAGTGGTCATCAAGTA,OXT_09,TGTAGTGCTCGGCTGCCG,9
GGGACTAGGTTATGACAG,OXT_24,GGGATTCGGTCATGTCCT,6
AGTAACCGAAGGCGAGGG,OXT_13,TATTACACTAGTGGATGG,9
AGTACACGAGACGCGAGC,OXT_02,AGGGGAGCGTGCGGAGGC,11
GGAAAGACGGCAGAGTCG,OXT_27,GTAGAATGGGCATCGTCG,7
GCGGGAAGCATGAGGTAG,OXT_22,ACGGGACCGCAGATCGAG,9
ACAGGAGTACGGAAGACG,OXT_23,AAGTAGGGACAGAATACG,8
TAGGCGGAGACATGAGGG,OXT_20,AGGGCCTAGGGATGACGT,8
ATCATACAGGATGGTGTA,OXT_17,AGGAACTACGATCGTGAA,8
CCGGGCGGATCATGTGCA,OXT_07,GTGGGTGCATTTGCTGTA,9
GTGGGACAACTCTTGGCG,OXT_22,ACGGGACCGCAGATCGAG,9
AACGGGTGCAAAAGGGCT,OXT_28,AGCGGCGGCGACGGCGAA,9
GCAGTCTGGTCATGGGAG,OXT_27,GTAGAATGGGCATCGTCG,7
GGATTGGGCACCCACTGT,OXT_03,GACTTGGGCTCATGCTGT,6
TAGACGCGTACCTTCCCT,OXT_01,AGGCTGCGTAAGTCTGCT,9
ATACACAGGTGGACGGCG,OXT_16,ATAAACAGTCTAGCTGTG,8
GGGGCAGTAGCTCCGAGT,OXT_26,GGGGCATTCACTGAGCTG,8
AAAGTGGTGAGTTACCGT,OXT_03,GACTTGGGCTCATGCTGT,10
CAGCCGACAGGGGATGAG,OXT_23,AAGTAGGGACAGAATACG,10
TCGCCGTCGTCATCAATG,OXT_04,TAGACAGGGCTGACTGTG,11
ACGGGGTATATACCAGCT,OXT_01,AGGCTGCGTAAGTCTGCT,9
GGAGGGGACACTGCATAG,OXT_05,GGCGGACAGACTCTAATG,8
TGGTTGTAGAGATACCGA,OXT_20,AGGGCCTAGGGATGACGT,8
TAGACCTCTTTTGGTGCT,OXT_04,TAGACAGGGCTGACTGTG,10
AGACGGCGCTTATACTTC,OXT_03,GACTTGGGCTCATGCTGT,10
AGGGCGACGTAGTGGGAT,OXT_01,AGGCTGCGTAAGTCTGCT,9
GGGCAACTGGAGGCCATA,OXT_21,GAGCAACGGGTCAGCATT,7
AGCCGGAGTATCTGGTGA,OXT_01,AGGCTGCGTAAGTCTGCT,10
GCTATAAGGACGGCTTAG,OXT_04,TAGACAGGGCTGACTGTG,10
ATGTCGCATGAACGATGT,OXT_20,AGGGCCTAGGGATGACGT,8
AGCTCTAGTCATATGCAA,OXT_09,TGTAGTGCTCGGCTGCCG,11
TGAGCTTCATTGTGTGGT,OXT_07,GTGGGTGCATTTGCTGTA,10
TGGGCGAACATAGTCGTT,OXT_25,TGCATCGCAACAGCAGTT,10
AAGGCACTGGATCGTTGG,OXT_15,AGGGTATAACGTCCTTTG,9
ACTCCAACTCCATCTAGT,OXT_01,AGGCTGCGTAAGTCTGCT,11
GAACAGTCAAAGCGTGTG,OXT_23,AAGTAGGGACAGAATACG,10
ACTGGAGGAGACGCTGAT,OXT_28,AGCGGCGGCGACGGCGAA,7
TCGACGCGAAAGGGAAGT,OXT_01,AGGCTGCGTAAGTCTGCT,10
ATCGCTTGGTACAGGGAG,OXT_28,AGCGGCGGCGACGGCGAA,9
AGGGCATCAATACCGTGA,OXT_15,AGGGTATAACGTCCTTTG,8
CTGGATCGACGCGGAAGG,OXT_02,AGGGGAGCGTGCGGAGGC,10
TAGTGCAACTAGGCCGTG,OXT_14,TTGAGCGTAACGACAGTG,9
AACGGTGCTACAGCGTGA,OXT_07,GTGGGTGCATTTGCTGTA,10
ACGCGTCGTACTCCGAAG,OXT_01,AGGCTGCGTAAGTCTGCT,10
TAATGGTCCACGCATAGT,OXT_18,TAACGGGTTATCCATAAT,7
AAGGGAACACAGAGATTA,OXT_22,ACGGGACCGCAGATCGAG,8
ACCGGGGATCACAACAGG,OXT_11,GGGTAAGGGCACAACAGT,9
GCGGCGGACCTGAGTCTT,OXT_04,TAGACAGGGCTGACTGTG,9
GCAGAGGCTGATATAGGT,OXT_08,GACGGCATTCAGGCACGT,11
ACCTGGGAGTGGGTCAAA,OXT_22,ACGGGACCGCAGATCGAG,10
GCATCCGTGAGCGTGTAA,OXT_13,TATTACACTAGTGGATGG,12
TGGCTATGAGTAAGCGTG,OXT_21,GAGCAACGGGTCAGCATT,8
ACGCCCGTAACTTCCCGT,OXT_14,TTGAGCGTAACGACAGTG,10
ACTGGTATCGCGGCTCCT,OXT_08,GACGGCATTCAGGCACGT,9
GATACGCATCTATGGGAG,OXT_10,AAGATGTATCGTGTGCTG,10
ATACAACTCGATCTGTGG,OXT_27,GTAGAATGGGCATCGTCG,10
GGATCGCAACGGTCTTAT,OXT_01,AGGCTGCGTAAGTCTGCT,10
ACGGTCTCGGCACTGTGC,OXT_20,AGGGCCTAGGGATGACGT,9
GCAGGGCTCGTTCCAAGA,OXT_05,GGCGGACAGACTCTAATG,10
ACACTGGGATCGCCCGCT,OXT_01,AGGCTGCGTAAGTCTGCT,8
CAGGTGGAGCAACTTCTG,OXT_10,AAGATGTATCGTGTGCTG,8
TGGGAACGGTACATGAGT,OXT_11,GGGTAAGGGCACAACAGT,6
AGAGGATTCGAACGATAG,OXT_17,AGGAACTACGATCGTGAA,9
ACACCCTCCTAGGAGCTA,OXT_26,GGGGCATTCACTGAGCTG,10
AGATACGGTCAAGTCGCT,OXT_16,ATAAACAGTCTAGCTGTG,8
AGAGCGCCGGAGGTTACA,OXT_12,AATACAGCGGTGTTTCTA,9
GCACGGTGTTAAAGTGTG,OXT_16,ATAAACAGTCTAGCTGTG,10
AGAGAAGGTTAGATGGTG,OXT_22,ACGGGACCGCAGATCGAG,9
GAGATTCGTCTAATTTCG,OXT_24,GGGATTCGGTCATGTCCT,8
GGCAGCGCTCAGTACGAT,OXT_08,GACGGCATTCAGGCACGT,9
GTTCCTCCCTGGAGCGTG,OXT_07,GTGGGTGCATTTGCTGTA,11
ACGATGTGTGTCAGGCGT,OXT_10,AAGATGTATCGTGTGCTG,9
AGGAGGCATATCGCGAGA,OXT_01,AGGCTGCGTAAGTCTGCT,10
ATCGACGAGTGCTATTGA,OXT_02,AGGGGAGCGTGCGGAGGC,10
ACTGTGACGCACGGGTGA,OXT_02,AGGGGAGCGTGCGGAGGC,10
GATGGGCACGATAGTCAT,OXT_17,AGGAACTACGATCGTGAA,10
GGCGATGATGATGGGCAG,OXT_28,AGCGGCGGCGACGGCGAA,9
GTCAGAGGGCATTGCTTT,OXT_03,GACTTGGGCTCATGCTGT,9
ATCCTTCTTCAGACGTGT,OXT_01,AGGCTGCGTAAGTCTGCT,9
CGTAGGGCGCAACTGTGT,OXT_09,TGTAGTGCTCGGCTGCCG,8
AACGACGACACTCTTGAT,OXT_17,AGGAACTACGATCGTGAA,8
ATTGGGCGATAGCAACCT,OXT_01,AGGCTGCGTAAGTCTGCT,10
TGCTACGCGCCTCGTCTG,OXT_05,GGCGGACAGACTCTAATG,10
TGCAGGTTCCATCGTGGC,OXT_17,AGGAACTACGATCGTGAA,8
ACAGCCTTCCAAGTCGCT,OXT_22,ACGGGACCGCAGATCGAG,10
AGCAGTAGGAGTCGAGCG,OXT_05,GGCGGACAGACTCTAATG,9
GCAGGCCGACACGTGTAG,OXT_22,ACGGGACCGCAGATCGAG,9
CAGTGTGCCCGGTACTCT,OXT_03,GACTTGGGCTCATGCTGT,10
ATGACAGAAAGGAATGGA,OXT_04,TAGACAGGGCTGACTGTG,9
ATGCCACTGACATGCGCT,OXT_01,AGGCTGCGTAAGTCTGCT,9
AACGGACCACGCTATCTG,OXT_15,AGGGTATAACGTCCTTTG,9
GAGGCGGTCCGTACTATC,OXT_04,TAGACAGGGCTGACTGTG,9
ATCGGTGACATGTGTACG,OXT_05,GGCGGACAGACTCTAATG,11
TCCGGAATATGGAGTCTG,OXT_14,TTGAGCGTAACGACAGTG,10
AACCAGACGCCAGGCATA,OXT_21,GAGCAACGGGTCAGCATT,10
AACGCTTCGTGTTTGCCT,OXT_20,AGGGCCTAGGGATGACGT,9
GGGCAGGATTCTGGAGTT,OXT_02,AGGGGAGCGTGCGGAGGC,10
ATGTCGGATTCCCGTGTT,OXT_01,AGGCTGCGTAAGTCTGCT,11
TGCAGGGATCGGCGCTGA,OXT_09,TGTAGTGCTCGGCTGCCG,8
TCCTTACTTGCGCGGTGT,OXT_03,GACTTGGGCTCATGCTGT,10
TCAGCGCTGGAGTGTGGC,OXT_01,AGGCTGCGTAAGTCTGCT,11
GGGAAGCGTTCGATTCTG,OXT_24,GGGATTCGGTCATGTCCT,8
TGACGGCAATCGGACTTG,OXT_05,GGCGGACAGACTCTAATG,11
GAGGCATTGGTCCCTGGG,OXT_04,TAGACAGGGCTGACTGTG,8
GCTGCAAAGCTGTGGTTG,OXT_04,TAGACAGGGCTGACTGTG,10
ACGGTACATCCGTGCGCA,OXT_22,ACGGGACCGCAGATCGAG,8
TAGCGAGGGACGACGCGG,OXT_04,TAGACAGGGCTGACTGTG,7
ACGCACGGAGTGGGCCAG,OXT_28,AGCGGCGGCGACGGCGAA,9
GGGCAACGTGCTACATAT,OXT_21,GAGCAACGGGTCAGCATT,8
AGGAGGTGGAGACGTTCC,OXT_24,GGGATTCGGTCATGTCCT,9
GCACGTGGAGTACGACGA,OXT_07,GTGGGTGCATTTGCTGTA,11
GCGAAGAACGGATCAGTG,OXT_16,ATAAACAGTCTAGCTGTG,10
AAGACGTATGTCGCTCGG,OXT_10,AAGATGTATCGTGTGCTG,7
GCAGTAGGATAACTGTGG,OXT_27,GTAGAATGGGCATCGTCG,9
GGCACGATGATACAAGCT,OXT_25,TGCATCGCAACAGCAGTT,10
GTTATGCTCACCCGGGTT,OXT_06,ATCATCATCATCATCATC,10
ATGGTGAGTACGCCCTTC,OXT_01,AGGCTGCGTAAGTCTGCT,9
GGCGTCAGGCAGTGCATA,OXT_28,AGCGGCGGCGACGGCGAA,9
ACGCCCAGTACATCGTGG,OXT_01,AGGCTGCGTAAGTCTGCT,10
GGCTGAAGAGAATACGCT,OXT_11,GGGTAAGGGCACAACAGT,9
ATACGGCACTAAGTATGG,OXT_02,AGGGGAGCGTGCGGAGGC,12
ATGGAAGGGTAAATCTTG,OXT_22,ACGGGACCGCAGATCGAG,8
GCACGGTGTGGATCCGAG,OXT_27,GTAGAATGGGCATCGTCG,9
GGGCTATGTTACCGGCCT,OXT_24,GGGATTCGGTCATGTCCT,8
ATGGGCGTTCCCCGTCAG,OXT_14,TTGAGCGTAACGACAGTG,10
ACACGTGCCCAATGTGTG,OXT_16,ATAAACAGTCTAGCTGTG,10
GTGGCATTAGGAGGGCTA,OXT_26,GGGGCATTCACTGAGCTG,7
ACGGTGATGTACTGGCGG,OXT_02,AGGGGAGCGTGCGGAGGC,10
GAGGGATACGTGTAGCAG,OXT_26,GGGGCATTCACTGAGCTG,8
GCAGCAGATCGGCACGAA,OXT_22,ACGGGACCGCAGATCGAG,10
AGGGAATATCAGCGTGTT,OXT_15,AGGGTATAACGTCCTTTG,7
AACGGATACGCGGTTCGC,OXT_08,GACGGCATTCAGGCACGT,10
GTGCATTGTTATCTGTGT,OXT_11,GGGTAAGGGCACAACAGT,11
AGGACAGGATGACGTCGC,OXT_02,AGGGGAGCGTGCGGAGGC,8
GATACAGAGTGCAGTGTG,OXT_04,TAGACAGGGCTGACTGTG,7
TGGGCTCGACGTGTGTGT,OXT_15,AGGGTATAACGTCCTTTG,10
TAGGCCAGGACTTGACCG,OXT_13,TATTACACTAGTGGATGG,9
AAGGAACGGGTCACAGCT,OXT_21,GAGCAACGGGTCAGCATT,6
TACGGCACAGACGGCAAT,OXT_28,AGCGGCGGCGACGGCGAA,7
AACCAGCACAGATCGTGT,OXT_03,GACTTGGGCTCATGCTGT,9
TCGGCGGATAATCTGGTG,OXT_10,AAGATGTATCGTGTGCTG,9
AACTGCGAAAGCCACGTG,OXT_14,TTGAGCGTAACGACAGTG,10
GGCAAGAATCGGGAATCG,OXT_08,GACGGCATTCAGGCACGT,10
ACGGGCACATAGTCTGGA,OXT_07,GTGGGTGCATTTGCTGTA,8
TTGGGAGCCTTCAACGCA,OXT_07,GTGGGTGCATTTGCTGTA,8
AGGGTGAGAAGAGTGCAG,OXT_10,AAGATGTATCGTGTGCTG,8
ATCTGTGGTATGGAGTCG,OXT_09,TGTAGTGCTCGGCTGCCG,10
AGGAGTACGAAGACATTG,OXT_14,TTGAGCGTAACGACAGTG,8
ACGATCCTGCCATCGGTG,OXT_14,TTGAGCGTAACGACAGTG,9
GGATTTACTCCACTGGCG,OXT_09,TGTAGTGCTCGGCTGCCG,8
ACGAATCAACATGAGGTG,OXT_10,AAGATGTATCGTGTGCTG,8
TAGCTGCCTGGTTGACTG,OXT_10,AAGATGTATCGTGTGCTG,8
ATGTGTCGTGTCACTTGG,OXT_16,ATAAACAGTCTAGCTGTG,10
AGTACTTCCAGTGTGCTC,OXT_10,AAGATGTATCGTGTGCTG,8
CACAGGGCACAGCGACTT,OXT_08,GACGGCATTCAGGCACGT,9
AAGCTGCGTCAGCGGTTG,OXT_01,AGGCTGCGTAAGTCTGCT,8
AGCTAAGGCGGTGGCGGA,OXT_28,AGCGGCGGCGACGGCGAA,6
GTGCGGGTACATATGCAG,OXT_10,AAGATGTATCGTGTGCTG,10
CGAGGGACCAGAAGTGCA,OXT_02,AGGGGAGCGTGCGGAGGC,11
ATAGGGCGATTAGGTACT,OXT_07,GTGGGTGCATTTGCTGTA,10
ACGGGACGGCATGGTGCG,OXT_22,ACGGGACCGCAGATCGAG,6
GCGTGAATCCTGGGCATA,OXT_21,GAGCAACGGGTCAGCATT,10
ACTACGTCGTCGGAGTGG,OXT_10,AAGATGTATCGTGTGCTG,11
GCCACTGGTGGCTGTACG,OXT_24,GGGATTCGGTCATGTCCT,10
AGTGTGTGGCGACTGCGT,OXT_20,AGGGCCTAGGGATGACGT,8
ATGGAAGGGAACGTCGCT,OXT_11,GGGTAAGGGCACAACAGT,8
GGGTTGAAGTCCTTCCTG,OXT_24,GGGATTCGGTCATGTCCT,9
GTGAGAGATCAGCCTGTG,OXT_04,TAGACAGGGCTGACTGTG,7
AGCAGGCCGACCCTTGTT,OXT_05,GGCGGACAGACTCTAATG,8
AGGCAGTAGGACGCTTTG,OXT_15,AGGGTATAACGTCCTTTG,8
ATGGGAACGTGATGAATT,OXT_02,AGGGGAGCGTGCGGAGGC,7
ACACGGGAAATATCAATG,OXT_14,TTGAGCGTAACGACAGTG,10
TGGCGAAGCTTGTCGGCT,OXT_01,AGGCTGCGTAAGTCTGCT,8
AAGCAACGACGGTCAGCA,OXT_01,AGGCTGCGTAAGTCTGCT,8
AAGCAGAGACTGTGCAGA,OXT_23,AAGTAGGGACAGAATACG,8
TATACCTCAGGATGAGCT,OXT_20,AGGGCCTAGGGATGACGT,8
ACGATGCAACGAGGGATG,OXT_10,AAGATGTATCGTGTGCTG,6
TGGTAACGCGTAACTGGT,OXT_04,TAGACAGGGCTGACTGTG,9
GTGTCCAGAGAGGCACTG,OXT_08,GACGGCATTCAGGCACGT,9
AAGCAGAGGTGATACGAG,OXT_23,AAGTAGGGACAGAATACG,10
GGGCTAGGAGTTAGGCTA,OXT_21,GAGCAACGGGTCAGCATT,8
GTGCGGAGGACCCGTAGC,OXT_18,TAACGGGTTATCCATAAT,10
GCAGAGGTTTAGAGCTCG,OXT_23,AAGTAGGGACAGAATACG,10
ACTGGAGGTTACTGTTCG,OXT_02,AGGGGAGCGTGCGGAGGC,10
GAGGGACGTCGTGAGATC,OXT_10,AAGATGTATCGTGTGCTG,9
ATGGGTCTAGGATATCTG,OXT_07,GTGGGTGCATTTGCTGTA,10
AACGGCCAGACAGCGTGA,OXT_05,GGCGGACAGACTCTAATG,10
ATCGTGTAGCCCTCTTGA,OXT_15,AGGGTATAACGTCCTTTG,9
GAACGACTTCCGGTAGGG,OXT_08,GACGGCATTCAGGCACGT,8
AGGAGGAACAGAGCACTG,OXT_10,AAGATGTATCGTGTGCTG,8
ACGACGGTCTCGGGATGG,OXT_02,AGGGGAGCGTGCGGAGGC,10
GATACGTTAAAAGCTCGT,OXT_08,GACGGCATTCAGGCACGT,9
TAGGGCTCGACCAGATTT,OXT_14,TTGAGCGTAACGACAGTG,9
GACACGGTGTCACATCAT,OXT_03,GACTTGGGCTCATGCTGT,9
GTGCAACGGCATTAGTTA,OXT_11,GGGTAAGGGCACAACAGT,9
GCTTATCGTGCCTTGTCT,OXT_27,GTAGAATGGGCATCGTCG,9
GCAGCGCTGTAGTTCAAT,OXT_22,ACGGGACCGCAGATCGAG,9
ATGTGGACCAGCGGTTTG,OXT_13,TATTACACTAGTGGATGG,9
TTCGGATCCCGCCATGAA,OXT_28,AGCGGCGGCGACGGCGAA,10
GTGGGAGTGCGCTGTATG,OXT_02,AGGGGAGCGTGCGGAGGC,9
TACGGTACAGCATCAGTT,OXT_25,TGCATCGCAACAGCAGTT,7
GGGCAGATTAGGAGTGTG,OXT_01,AGGCTGCGTAAGTCTGCT,9
AGGGCTGAACTGTCATGT,OXT_20,AGGGCCTAGGGATGACGT,8
TACGGGCCACATACACTT,OXT_08,GACGGCATTCAGGCACGT,8
GCAAAGGGTGAGTACATG,OXT_23,AAGTAGGGACAGAATACG,9
TGGCATGCGCCAGTTGCA,OXT_07,GTGGGTGCATTTGCTGTA,10
CAGGGTTGTCCCTTAGGG,OXT_02,AGGGGAGCGTGCGGAGGC,11
GTTCCAGTTGCGGCGTGT,OXT_08,GACGGCATTCAGGCACGT,10
CTAGCGTCGGAATAGTGG,OXT_27,GTAGAATGGGCATCGTCG,7
AACACGGTACGTATGGCT,OXT_10,AAGATGTATCGTGTGCTG,9
ACGTGTGCAAATACATGA,OXT_07,GTGGGTGCATTTGCTGTA,9
AGGTGTAGCTGATAAATG,OXT_02,AGGGGAGCGTGCGGAGGC,11
AGTGGATATGAGCTTCTA,OXT_12,AATACAGCGGTGTTTCTA,8
ATATGGGAAGTGGGAGTT,OXT_07,GTGGGTGCATTTGCTGTA,10
GGGGTAAGCGAAAATGCC,OXT_01,AGGCTGCGTAAGTCTGCT,10
ATGGCGTACACTGTTGGT,OXT_26,GGGGCATTCACTGAGCTG,9
GACTGGTTCAGCGATGCT,OXT_18,TAACGGGTTATCCATAAT,9
AACGGGCTTGACCAGTGA,OXT_08,GACGGCATTCAGGCACGT,10
AGGCGGAAGCACGGGATG,OXT_10,AAGATGTATCGTGTGCTG,9
ACTAGTGCATGGGACGCT,OXT_09,TGTAGTGCTCGGCTGCCG,9
AACGGAGAGGTGAGTAGT,OXT_12,AATACAGCGGTGTTTCTA,9
GGGGTATCGCTACTGTTT,OXT_15,AGGGTATAACGTCCTTTG,8
AAGATTGCCCAGTATCGG,OXT_23,AAGTAGGGACAGAATACG,8
GCACATGCACTGAGGTGG,OXT_09,TGTAGTGCTCGGCTGCCG,11
ACATGGGATACATGTGGA,OXT_03,GACTTGGGCTCATGCTGT,10
GTAGTTCAGGAGAGCGCC,OXT_22,ACGGGACCGCAGATCGAG,10
AGATGCCTACTCGCAGTG,OXT_16,ATAAACAGTCTAGCTGTG,8
ATGAAGGACTGGCTCGCT,OXT_17,AGGAACTACGATCGTGAA,10
AGACGTACTGGTGCTGCA,OXT_07,GTGGGTGCATTTGCTGTA,9
ACGGATCGGATGTGGCAG,OXT_22,ACGGGACCGCAGATCGAG,9
GCGGAGAGGGAATACGCG,OXT_27,GTAGAATGGGCATCGTCG,8
TTGGGATATTCCTATGTC,OXT_02,AGGGGAGCGTGCGGAGGC,10
TGGGATCAGCCGGAGGTA,OXT_26,GGGGCATTCACTGAGCTG,10
AATGGTTGGATGTCACTT,OXT_12,AATACAGCGGTGTTTCTA,9
TGACATTAGACAGTCGGT,OXT_25,TGCATCGCAACAGCAGTT,10
TACACCTAGCCGCGGGTG,OXT_04,TAGACAGGGCTGACTGTG,8
CGGGCAACACGAGACGGT,OXT_02,AGGGGAGCGTGCGGAGGC,9
ACGGGAATGATGGGACCT,OXT_02,AGGGGAGCGTGCGGAGGC,9
GACAGGGCGTACTGTGCT,OXT_03,GACTTGGGCTCATGCTGT,9
CATGTACTCTGGTGCGTG,OXT_03,GACTTGGGCTCATGCTGT,11
ATGCAGGCCGGTCTTATT,OXT_17,AGGAACTACGATCGTGAA,10
ACACGTGGCGCGATTGAT,OXT_22,ACGGGACCGCAGATCGAG,10
GTGTAGCGGTAACCACTG,OXT_24,GGGATTCGGTCATGTCCT,10
AGGGATTAGTATTCTGTT,OXT_15,AGGGTATAACGTCCTTTG,8
ACACGTGTTCATCCTTGT,OXT_18,TAACGGGTTATCCATAAT,9
GCAAAGGTCAGAACGCTG,OXT_14,TTGAGCGTAACGACAGTG,10
ACGTCCAAATGTGCTGTG,OXT_15,AGGGTATAACGTCCTTTG,8
GGGGTACATCGACAGCGG,OXT_15,AGGGTATAACGTCCTTTG,8
GCAATTGGCCACCCGATG,OXT_04,TAGACAGGGCTGACTGTG,11
GCCAAGGTCGAGCGGTGA,OXT_03,GACTTGGGCTCATGCTGT,10
CGAGGACACGGTGGAACG,OXT_05,GGCGGACAGACTCTAATG,8
AGCAGGGTTTCGGCGAAT,OXT_08,GACGGCATTCAGGCACGT,10
AGGTGGCCATCATGTGTA,OXT_07,GTGGGTGCATTTGCTGTA,9
ACGGACACGGTTCGAGGA,OXT_17,AGGAACTACGATCGTGAA,8
CACGGGTACATTCACGAT,OXT_18,TAACGGGTTATCCATAAT,9
TTGCCCGGAGAATTGTCG,OXT_27,GTAGAATGGGCATCGTCG,9
GGCAGATCGACTTGGCAA,OXT_05,GGCGGACAGACTCTAATG,9
CGTAAGTAGTACACTGTG,OXT_04,TAGACAGGGCTGACTGTG,10
GGGGCAACTCACATCCCT,OXT_11,GGGTAAGGGCACAACAGT,8
AATGCGGAACTGGCTTCT,OXT_23,AAGTAGGGACAGAATACG,9
CATAGGTAGCGGCGGTTA,OXT_10,AAGATGTATCGTGTGCTG,9
TATAAGGCTGCTCACGTG,OXT_09,TGTAGTGCTCGGCTGCCG,10
GGGTAGAGCGTGACTAAA,OXT_23,AAGTAGGGACAGAATACG,9
GACAGCCCAGTTATCGTG,OXT_05,GGCGGACAGACTCTAATG,10
ACGTCGATCCTGGGGCTT,OXT_10,AAGATGTATCGTGTGCTG,10
GCGATGTGTCGGCTGCCG,OXT_10,AAGATGTATCGTGTGCTG,6
TGGTAGTACAAGTATCAT,OXT_01,AGGCTGCGTAAGTCTGCT,9
ACAGTGGCAGTCAGTGCT,OXT_01,AGGCTGCGTAAGTCTGCT,11
ATCAACAGTGTGGAATCG,OXT_16,ATAAACAGTCTAGCTGTG,7
GACAGGATTCGTCATCTG,OXT_10,AAGATGTATCGTGTGCTG,8
TCAATACGCCGTGACCGT,OXT_10,AAGATGTATCGTGTGCTG,11
CATCCCTCCAACGACGCG,OXT_19,CCCCCCCCCCCCCCCCCC,9
AGTAACCGGGAACAAGCG,OXT_17,AGGAACTACGATCGTGAA,9
GGGCTTCGGGAGTGGACG,OXT_24,GGGATTCGGTCATGTCCT,7
CTCGGGCACGAAGGGTAG,OXT_28,AGCGGCGGCGACGGCGAA,9
AGGGGAACAAATTGTGGC,OXT_02,AGGGGAGCGTGCGGAGGC,7
TACAGGTGGATCAATGCG,OXT_04,TAGACAGGGCTGACTGTG,8
ACTGACTGATCAGGGTGT,OXT_03,GACTTGGGCTCATGCTGT,10
TGTGGAGAACCTTCGTTT,OXT_15,AGGGTATAACGTCCTTTG,8
ACGGTACTGTGTGCATGT,OXT_02,AGGGGAGCGTGCGGAGGC,8
GAGGACGTACGCTCATCA,OXT_08,GACGGCATTCAGGCACGT,10
GTGGTGCACAGCTGGAGA,OXT_03,GACTTGGGCTCATGCTGT,11
AATATTACCGGACCTGCG,OXT_09,TGTAGTGCTCGGCTGCCG,10
TCGGGTATATGTGCCGCG,OXT_07,GTGGGTGCATTTGCTGTA,8
ACGGCTGTGGTCTAACCA,OXT_12,AATACAGCGGTGTTTCTA,9
ACACGCTAGGTGGCCGAC,OXT_22,ACGGGACCGCAGATCGAG,10
GGCGGTACGGTATGGCCG,OXT_24,GGGATTCGGTCATGTCCT,9
GGCTGTGGGAGATGCCTA,OXT_03,GACTTGGGCTCATGCTGT,9
TTAGGCCAATATGGTGCT,OXT_07,GTGGGTGCATTTGCTGTA,9
GCCATCCTTCACCCGTGT,OXT_08,GACGGCATTCAGGCACGT,8
CACAGACGTCCGATGGCT,OXT_04,TAGACAGGGCTGACTGTG,10
GCTAGGAAAAGTGGCGGC,OXT_13,TATTACACTAGTGGATGG,10
ATAGGGGATCATATAGTC,OXT_10,AAGATGTATCGTGTGCTG,10
GCAGGACGACAGCATTGC,OXT_22,ACGGGACCGCAGATCGAG,10
ATGACGACGATGTGTGTA,OXT_12,AATACAGCGGTGTTTCTA,7
GGGACCTAAGTCGTTGGT,OXT_17,AGGAACTACGATCGTGAA,9
AGGAGCTGGCTATCAATG,OXT_16,ATAAACAGTCTAGCTGTG,8
AGGAGGTTTACCATTCGA,OXT_10,AAGATGTATCGTGTGCTG,10
TGCAAGCCTAATCCGTGT,OXT_01,AGGCTGCGTAAGTCTGCT,10
GGTTGAGGTGTTACATGT,OXT_11,GGGTAAGGGCACAACAGT,9
AGCGGGTTGTAGAGGCGG,OXT_02,AGGGGAGCGTGCGGAGGC,10
GGGGAACGGTGTAGCTTA,OXT_21,GAGCAACGGGTCAGCATT,7
GGGGACGATGCACGCAGG,OXT_20,AGGGCCTAGGGATGACGT,9
ACGGGATCTAAGGGTCAC,OXT_22,ACGGGACCGCAGATCGAG,8
ATAGCGGGCACTAATCAT,OXT_18,TAACGGGTTATCCATAAT,10
TGACGCCCAGGACGTGGT,OXT_20,AGGGCCTAGGGATGACGT,10
GCAAGGCGCTAACCTGTG,OXT_16,ATAAACAGTCTAGCTGTG,9
AGCGGAGCACATGGACCT,OXT_02,AGGGGAGCGTGCGGAGGC,8
AGACGTCCCGTAGCGTTG,OXT_16,ATAAACAGTCTAGCTGTG,10
AGCGGTGATGAGGACGAG,OXT_28,AGCGGCGGCGACGGCGAA,6
AAGCAGGGTGACTCTGGC,OXT_01,AGGCTGCGTAAGTCTGCT,7
ACGGAGCATTATTGTCAG,OXT_17,AGGAACTACGATCGTGAA,9
ACGGGCTTAGTGAAGTCA,OXT_14,TTGAGCGTAACGACAGTG,11
CGGACCGAAGCCGTATTG,OXT_14,TTGAGCGTAACGACAGTG,9
ATGGGAGACTTCGCGTAG,OXT_02,AGGGGAGCGTGCGGAGGC,9
GCGGGACAGTAGAGGCGT,OXT_22,ACGGGACCGCAGATCGAG,8
ACGAGTGCTCCTGTGTAT,OXT_09,TGTAGTGCTCGGCTGCCG,9
AGACGGGACTGTCCAACA,OXT_02,AGGGGAGCGTGCGGAGGC,11
TGGGGAGACTATATCTGG,OXT_22,ACGGGACCGCAGATCGAG,9
ATCCTTGTGGCAGACGCG,OXT_25,TGCATCGCAACAGCAGTT,11
CATTCGAGAGTAATGCTG,OXT_12,AATACAGCGGTGTTTCTA,10
ACTAGCATTAACCTTCCG,OXT_09,TGTAGTGCTCGGCTGCCG,9
AGGGCGGATCCCAGATTA,OXT_02,AGGGGAGCGTGCGGAGGC,10
TGGCACCGTGTGTCATGA,OXT_01,AGGCTGCGTAAGTCTGCT,9
ACGGGCATCGTACATGGA,OXT_17,AGGAACTACGATCGTGAA,9
AGGCAGTGCGAAGAGCGT,OXT_20,AGGGCCTAGGGATGACGT,9
ACGCCTGATCATGAGGTG,OXT_10,AAGATGTATCGTGTGCTG,8
GATTGGTGCACAGGCTGT,OXT_03,GACTTGGGCTCATGCTGT,5
GACTAGGGATTTCATGAG,OXT_23,AAGTAGGGACAGAATACG,8
ACAGTGTGTTCGAGAATG,OXT_10,AAGATGTATCGTGTGCTG,11
GAAGCCGACTGTCGCACT,OXT_03,GACTTGGGCTCATGCTGT,10
AGGGACGAATCGGACCGA,OXT_02,AGGGGAGCGTGCGGAGGC,10
AAGCAGTGGGCAGGTATA,OXT_21,GAGCAACGGGTCAGCATT,8
ATCTTACCGACTGTGAGG,OXT_05,GGCGGACAGACTCTAATG,8
GTGGTAGCGCACTCTCTG,OXT_04,TAGACAGGGCTGACTGTG,9
GACACATGGTCAGCAGCT,OXT_24,GGGATTCGGTCATGTCCT,9
GGGTACGAGGGAGCTCTA,OXT_20,AGGGCCTAGGGATGACGT,9
ATGGAGGTGGTCACCGCG,OXT_04,TAGACAGGGCTGACTGTG,10
ACGCCGTGCAGTCTAGTG,OXT_10,AAGATGTATCGTGTGCTG,9
GGGCATGGCGTACATAGT,OXT_11,GGGTAAGGGCACAACAGT,8
AGGTAGACGCTGATCGAT,OXT_22,ACGGGACCGCAGATCGAG,7
AGGAACGTAGGCTCACGG,OXT_20,AGGGCCTAGGGATGACGT,8
ACGGTGACGAGGGAAGGC,OXT_02,AGGGGAGCGTGCGGAGGC,7
GGCGGAAGTGTACAGGTG,OXT_05,GGCGGACAGACTCTAATG,9
AACCACATGACGGTGCCG,OXT_08,GACGGCATTCAGGCACGT,10
GGGTTGCGAATCGAAGTG,OXT_01,AGGCTGCGTAAGTCTGCT,10
AGCACGGCACGGCAATAG,OXT_09,TGTAGTGCTCGGCTGCCG,9
GTGGCTCAAGCTCTCATG,OXT_05,GGCGGACAGACTCTAATG,7
GGGCAGGTATGAAACGTA,OXT_07,GTGGGTGCATTTGCTGTA,10
AGCCATGACCATGTGCAT,OXT_10,AAGATGTATCGTGTGCTG,10
GGACGCACGGGTAATGGG,OXT_02,AGGGGAGCGTGCGGAGGC,11
CGGGCTGAGGAAAGTGCT,OXT_20,AGGGCCTAGGGATGACGT,8
GCACCAGCTCAGGGAGTC,OXT_02,AGGGGAGCGTGCGGAGGC,10
ATGGGATGATGCCGGTTA,OXT_15,AGGGTATAACGTCCTTTG,8
CCACGAAATAATGGCGCT,OXT_01,AGGCTGCGTAAGTCTGCT,11
AGCGGGACGATGATGGCA,OXT_22,ACGGGACCGCAGATCGAG,9
GGGACGGAAAGCCAGGTG,OXT_26,GGGGCATTCACTGAGCTG,9
GTGACACGGTGATCTATG,OXT_04,TAGACAGGGCTGACTGTG,8
ATTAGCATTATAGTCGAT,OXT_06,ATCATCATCATCATCATC,8
TTGGGGACTTAGCGGCTA,OXT_07,GTGGGTGCATTTGCTGTA,10
GTAGACCGCTTTGTGTGG,OXT_27,GTAGAATGGGCATCGTCG,9
ACACCTAGTGGTAAAGGT,OXT_20,AGGGCCTAGGGATGACGT,11
GTGGCTAGTCTTAACGCA,OXT_07,GTGGGTGCATTTGCTGTA,9
TACACGAACAGGGTGGAT,OXT_10,AAGATGTATCGTGTGCTG,10
ATAGGGTACTGTACGTCA,OXT_15,AGGGTATAACGTCCTTTG,10
ACAGTGACAGGGCGTACA,OXT_15,AGGGTATAACGTCCTTTG,11
ACACCGTCAGTGCTGATG,OXT_12,AATACAGCGGTGTTTCTA,10
GCGGTAATGGCCCTGAAG,OXT_05,GGCGGACAGACTCTAATG,9
ACCGCAGCCACCATGGAG,OXT_22,ACGGGACCGCAGATCGAG,8
ATGCTGTGCTCCTACCCT,OXT_01,AGGCTGCGTAAGTCTGCT,9
GGAGGATCGAAGACTCAT,OXT_22,ACGGGACCGCAGATCGAG,9
GGCACGGCTACAAGTGTA,OXT_25,TGCATCGCAACAGCAGTT,8
TCACGGTTGGTTCTGACG,OXT_18,TAACGGGTTATCCATAAT,9
AACGGCTGCACGATTTGT,OXT_03,GACTTGGGCTCATGCTGT,10
ACGGACGGAACGGACGGG,OXT_14,TTGAGCGTAACGACAGTG,9
TGAGTAATAGATACCGCG,OXT_15,AGGGTATAACGTCCTTTG,10
ATAGTCATCACGATCGCT,OXT_06,ATCATCATCATCATCATC,7
GTAAGCGGAGAGAGCAGG,OXT_14,TTGAGCGTAACGACAGTG,9
GGGCCAATGACTGTGACA,OXT_26,GGGGCATTCACTGAGCTG,7
CACGGCGGCTTAACTGAT,OXT_28,AGCGGCGGCGACGGCGAA,9
AGACAGTGTATCTGCCGA,OXT_01,AGGCTGCGTAAGTCTGCT,10
AAGGATGCATCATGGCGT,OXT_03,GACTTGGGCTCATGCTGT,9
AGGCACGAAGACGGACTC,OXT_02,AGGGGAGCGTGCGGAGGC,9
TCATGGACACAATCGGCT,OXT_01,AGGCTGCGTAAGTCTGCT,11
GCGGCAGAAGTATCTGTG,OXT_04,TAGACAGGGCTGACTGTG,8
AAGGCCAGTGTTTGTTAT,OXT_20,AGGGCCTAGGGATGACGT,9
ACGGCTAGGCGGCATCGT,OXT_20,AGGGCCTAGGGATGACGT,9
TAGGTGTACCAACAAGCT,OXT_01,AGGCTGCGTAAGTCTGCT,11
AACGGGAGGACTCAGTAG,OXT_05,GGCGGACAGACTCTAATG,9
AACAGGGAACGACTCGCG,OXT_09,TGTAGTGCTCGGCTGCCG,9
TCAATGCAGCTTGACGGC,OXT_10,AAGATGTATCGTGTGCTG,11
GCCGTGCGGAAAAGGTGG,OXT_03,GACTTGGGCTCATGCTGT,9
GAACCGGCACCCGTCGAT,OXT_18,TAACGGGTTATCCATAAT,10
AGTGAATGAGACCGGAAA,OXT_17,AGGAACTACGATCGTGAA,8
ACGGACCGGATTACTGCT,OXT_01,AGGCTGCGTAAGTCTGCT,8
GGCATGTTCACACGACGG,OXT_03,GACTTGGGCTCATGCTGT,9
ACACGAAGCATGCAGACG,OXT_18,TAACGGGTTATCCATAAT,10
AGGGCACACGGGATGACG,OXT_22,ACGGGACCGCAGATCGAG,9
GACGAGGAACAGTTCATG,OXT_23,AAGTAGGGACAGAATACG,8
GGCAGGTCCAGAGGCTCT,OXT_03,GACTTGGGCTCATGCTGT,9
GGGCATGAGAATATGGTA,OXT_05,GGCGGACAGACTCTAATG,10
AATGCGGTGTTGACTGCG,OXT_04,TAGACAGGGCTGACTGTG,7
ATTCGGTGCTCTTCCCCA,OXT_01,AGGCTGCGTAAGTCTGCT,11
CGCGAGTCCGACCTGTAG,OXT_17,AGGAACTACGATCGTGAA,10
ATTCGCACGTTTCCCCCT,OXT_19,CCCCCCCCCCCCCCCCCC,10
ACGGAGGATTCACTGTGT,OXT_03,GACTTGGGCTCATGCTGT,10
AGTGCACGAGACGGTCCG,OXT_28,AGCGGCGGCGACGGCGAA,9
AACCACTACGCGTGCGGT,OXT_03,GACTTGGGCTCATGCTGT,9
AGCTGACTTGTTCAACGG,OXT_05,GGCGGACAGACTCTAATG,9
ATACAAGCAGGAAGGTCT,OXT_27,GTAGAATGGGCATCGTCG,9
AAGCAGTAGTTGGTAGTG,OXT_10,AAGATGTATCGTGTGCTG,8
GACGAGAACAGGAGCGGT,OXT_03,GACTTGGGCTCATGCTGT,9
GCACGGGAAGTGAGCACG,OXT_21,GAGCAACGGGTCAGCATT,10
CGGGGATTCGACTGCAGG,OXT_28,AGCGGCGGCGACGGCGAA,9
ATGGCAACATAGGCTGCG,OXT_07,GTGGGTGCATTTGCTGTA,8
ATTGGGACCGCATTCTGT,OXT_03,GACTTGGGCTCATGCTGT,9
ACTGGCAGTACAACGCGT,OXT_08,GACGGCATTCAGGCACGT,9
ATAGCAATCGTACAGGAG,OXT_16,ATAAACAGTCTAGCTGTG,10
ACAGGACTCAGCCAGGCT,OXT_18,TAACGGGTTATCCATAAT,10
GCAACGTTGATAATGTGG,OXT_27,GTAGAATGGGCATCGTCG,10
AGGGTATGGTTGCAGTAG,OXT_15,AGGGTATAACGTCCTTTG,8
GAGCGGTCCACGCGTGTT,OXT_01,AGGCTGCGTAAGTCTGCT,10
ACGGACACCAGTCGAGTG,OXT_13,TATTACACTAGTGGATGG,8
GTGCTTACAGTTCAGAGT,OXT_07,GTGGGTGCATTTGCTGTA,10
GACCCGATTGGACGAGCA,OXT_08,GACGGCATTCAGGCACGT,11
GAACTCGTCCCAAGGGCG,OXT_03,GACTTGGGCTCATGCTGT,10
ATGGGTCATGCAACCATG,OXT_05,GGCGGACAGACTCTAATG,10
TGTATGGGGATAATGTAG,OXT_04,TAGACAGGGCTGACTGTG,10
GCATAGGCAATGTCCGTG,OXT_07,GTGGGTGCATTTGCTGTA,10
CAGGGAACAGCGTCGGAA,OXT_07,GTGGGTGCATTTGCTGTA,10
GGGAGGAGTACGATGCGT,OXT_01,AGGCTGCGTAAGTCTGCT,10
AAGGTAGGAACAGCTTGT,OXT_03,GACTTGGGCTCATGCTGT,9
AGCGACCCTATACATCCG,OXT_16,ATAAACAGTCTAGCTGTG,10
GCTAGCTTGGCGGGAGCA,OXT_14,TTGAGCGTAACGACAGTG,10
ACCAAGGTAGCCGATGGG,OXT_23,AAGTAGGGACAGAATACG,10
TACGCGCCCATCGACAGG,OXT_18,TAACGGGTTATCCATAAT,10
AGGGTATGCAACAAACCG,OXT_26,GGGGCATTCACTGAGCTG,8
GGCATTGCTAATCTAGTG,OXT_05,GGCGGACAGACTCTAATG,8
TTCAACACAGGTACCGTG,OXT_14,TTGAGCGTAACGACAGTG,8
GACGGCGCTCTTATATTG,OXT_05,GGCGGACAGACTCTAATG,9
ATGGCGACTCCGCTCTGT,OXT_22,ACGGGACCGCAGATCGAG,10
GCGGACGCAAGGAGTCGA,OXT_07,GTGGGTGCATTTGCTGTA,10
GGTATCTCTTAACGGGTT,OXT_25,TGCATCGCAACAGCAGTT,9
CATGTGCCGCACCTGTGG,OXT_22,ACGGGACCGCAGATCGAG,10
AGGCGATGTGCAGCCAGT,OXT_01,AGGCTGCGTAAGTCTGCT,10
ATGGGACAGCAGACTTGG,OXT_22,ACGGGACCGCAGATCGAG,6
TATGGGACTGATTCAGAT,OXT_08,GACGGCATTCAGGCACGT,9
TACTGGAGGATGTGCACT,OXT_03,GACTTGGGCTCATGCTGT,9
ACGGCGTAATGACGTGGA,OXT_20,AGGGCCTAGGGATGACGT,8
ATGGACACAGTCGTATGG,OXT_13,TATTACACTAGTGGATGG,9
GGATGGTAACATGCTTTT,OXT_15,AGGGTATAACGTCCTTTG,8
ATCGCCTAGTGCTCATGG,OXT_20,AGGGCCTAGGGATGACGT,7
ACGGTGTGGTATAAAATG,OXT_23,AAGTAGGGACAGAATACG,9
ACAGATCTCGGTGACTTG,OXT_26,GGGGCATTCACTGAGCTG,10
AGGGGCAAGAAGGAGCGG,OXT_08,GACGGCATTCAGGCACGT,9
TTGCAAAGGGTTAGCATG,OXT_21,GAGCAACGGGTCAGCATT,5
GCTAACGAAACGGGACGT,OXT_25,TGCATCGCAACAGCAGTT,9
TAGCGGCATCACGCGGTG,OXT_10,AAGATGTATCGTGTGCTG,8
TGGTGTAGAGTTGGTAGC,OXT_07,GTGGGTGCATTTGCTGTA,10
TCAAGATCTAGTGCTCAT,OXT_18,TAACGGGTTATCCATAAT,10
GCAGGCTCGTGTTACGCT,OXT_02,AGGGGAGCGTGCGGAGGC,11
ATGGCAGTTGGTTGGTGC,OXT_02,AGGGGAGCGTGCGGAGGC,9
GCTCTAATTCGGGCAATG,OXT_08,GACGGCATTCAGGCACGT,9
TGCGGTAATAATTGCGCT,OXT_01,AGGCTGCGTAAGTCTGCT,10
ATGGTGTGTTATTCCTGT,OXT_01,AGGCTGCGTAAGTCTGCT,8
CAGTCTACGGGGACTACT,OXT_04,TAGACAGGGCTGACTGTG,10
AAAGACGGGAATAGACAG,OXT_13,TATTACACTAGTGGATGG,10
CACGGCGCTCATGTGTCA,OXT_08,GACGGCATTCAGGCACGT,9
AGGCGGCGTAATAGTACT,OXT_01,AGGCTGCGTAAGTCTGCT,5
TTGGTAACACGAACGGAG,OXT_15,AGGGTATAACGTCCTTTG,9
CAGCGGGTGAAGACGTAT,OXT_18,TAACGGGTTATCCATAAT,9
GCACACAACAGCGTGGCA,OXT_29,CCCCCCCCCCCCCCGCCC,11
CAGCGGAAGTGGTGGAGA,OXT_02,AGGGGAGCGTGCGGAGGC,11
AGGGGCACTTCCAGCCTT,OXT_02,AGGGGAGCGTGCGGAGGC,9
ACCAGTGTCCAGCGTGCT,OXT_09,TGTAGTGCTCGGCTGCCG,10
AACAGCATTTTTGACGTG,OXT_16,ATAAACAGTCTAGCTGTG,8
AACGTGTGGGCATGCGAA,OXT_03,GACTTGGGCTCATGCTGT,8
GTGTAGCAACGTCATGCT,OXT_23,AAGTAGGGACAGAATACG,9
AGCCCGGAAGGAGTGGTA,OXT_10,AAGATGTATCGTGTGCTG,10
AAAGGGGATCAATGTGTG,OXT_16,ATAAACAGTCTAGCTGTG,9
GAGGCGGATTGTTAGGAC,OXT_10,AAGATGTATCGTGTGCTG,10
AGAACGGCACAGCACGGA,OXT_23,AAGTAGGGACAGAATACG,10
TAGGGACAAGATGAGTGG,OXT_15,AGGGTATAACGTCCTTTG,10
ATAAGGGCCTAGCTGCGT,OXT_09,TGTAGTGCTCGGCTGCCG,9
AATGGGCAGATTCAATAA,OXT_05,GGCGGACAGACTCTAATG,9
AGGTGAACCGCCCAGTGG,OXT_02,AGGGGAGCGTGCGGAGGC,10
GGTAGACCTGCAATACAG,OXT_05,GGCGGACAGACTCTAATG,9
AAGGCACTTCATACCTGG,OXT_22,ACGGGACCGCAGATCGAG,8
AGGTGATGGACCGCTCTT,OXT_26,GGGGCATTCACTGAGCTG,9
ACGACCGCCGATATGGAG,OXT_17,AGGAACTACGATCGTGAA,8
ATCGTGACATCGTGTTGA,OXT_03,GACTTGGGCTCATGCTGT,9
ACGGAGTCCATCGGGTTC,OXT_02,AGGGGAGCGTGCGGAGGC,10
ACGGACTGTCAGACGTCG,OXT_23,AAGTAGGGACAGAATACG,8
ATGACTGTAAGTACTTGG,OXT_14,TTGAGCGTAACGACAGTG,8
GAGGGTACACAACCAGCA,OXT_07,GTGGGTGCATTTGCTGTA,8
AAGCAGAGTGCATGACGG,OXT_20,AGGGCCTAGGGATGACGT,9
AGGATGTGGTGTACCTTT,OXT_15,AGGGTATAACGTCCTTTG,8
AAGTCGTGTTGTTGTGCT,OXT_01,AGGCTGCGTAAGTCTGCT,8
TCGCCAAGCAGGACGGAA,OXT_04,TAGACAGGGCTGACTGTG,9
ACTGTGGCAGGGCGCGAT,OXT_22,ACGGGACCGCAGATCGAG,10
GCGTGTAGTAGTGGGATG,OXT_13,TATTACACTAGTGGATGG,9
CAAGCTGAGGGTAACGTT,OXT_04,TAGACAGGGCTGACTGTG,11
TGCATACTGAGCTGTTGG,OXT_24,GGGATTCGGTCATGTCCT,10
GAAGTGTCAACTGGGTGC,OXT_03,GACTTGGGCTCATGCTGT,10
AAGTTGTAACGAGTGCTT,OXT_10,AAGATGTATCGTGTGCTG,4
ATGGTTGAGGAGCACTAG,OXT_22,ACGGGACCGCAGATCGAG,9
GACGGGAGAACTCCACTG,OXT_05,GGCGGACAGACTCTAATG,7
ACTGGACTCGTCAGTGAT,OXT_22,ACGGGACCGCAGATCGAG,9
TTCCAGGTGATCGCCGTT,OXT_18,TAACGGGTTATCCATAAT,9
TGTATACTACTCCGTGCT,OXT_24,GGGATTCGGTCATGTCCT,10
TTGGTTCTGTAGCCATGG,OXT_14,TTGAGCGTAACGACAGTG,10
ATCCATCGACAGACGGTG,OXT_16,ATAAACAGTCTAGCTGTG,9
GGGGAGCAAGACTCACCT,OXT_01,AGGCTGCGTAAGTCTGCT,9
ATGAAGCGGCACAGGTCA,OXT_23,AAGTAGGGACAGAATACG,9
GGCCTGACTGTCTTCCAT,OXT_01,AGGCTGCGTAAGTCTGCT,11
GGCACGGATTTGCAGACA,OXT_09,TGTAGTGCTCGGCTGCCG,10
AGGGACGGTACGCTGTAG,OXT_09,TGTAGTGCTCGGCTGCCG,10
GGGAAAGCTTTCGAGATG,OXT_11,GGGTAAGGGCACAACAGT,9
TTAGTTCGCTCGATGGAT,OXT_22,ACGGGACCGCAGATCGAG,11
AAGCAGATACCGGCGCGA,OXT_08,GACGGCATTCAGGCACGT,9
GATTGATTCAACCTCGCG,OXT_05,GGCGGACAGACTCTAATG,11
ACCGGGATGCATGGGACT,OXT_08,GACGGCATTCAGGCACGT,9
GATGGTTCTATTGCTTGT,OXT_07,GTGGGTGCATTTGCTGTA,8
GGGTAGCCGAAGTGATGG,OXT_13,TATTACACTAGTGGATGG,9
AGAGGCCTAGGGACGTGA,OXT_08,GACGGCATTCAGGCACGT,11
ACTTCATCTGTGATCGGC,OXT_12,AATACAGCGGTGTTTCTA,9
GCAGTGGCTTCCGTGTGG,OXT_03,GACTTGGGCTCATGCTGT,10
ACGGCGGCCAGGACTGTT,OXT_01,AGGCTGCGTAAGTCTGCT,9
TAGTGGAGAGTTAACATG,OXT_23,AAGTAGGGACAGAATACG,8
GACCTAGCTGTGGGAGCA,OXT_12,AATACAGCGGTGTTTCTA,10
GGCGGTACTAAGTATCTT,OXT_08,GACGGCATTCAGGCACGT,8
AGGTGTCCCAAGCAGGCG,OXT_01,AGGCTGCGTAAGTCTGCT,9
ATACCCGACGATGATGCT,OXT_17,AGGAACTACGATCGTGAA,9
GAGGGACACTACTTGACG,OXT_05,GGCGGACAGACTCTAATG,9
AAGGAGAGGAAGGTGAGG,OXT_23,AAGTAGGGACAGAATACG,8
ATGCCGTGGATAATGTGG,OXT_27,GTAGAATGGGCATCGTCG,10
AGGGGCTCATGAGAGGCG,OXT_02,AGGGGAGCGTGCGGAGGC,8
AACGGGACGCGGGATGTG,OXT_22,ACGGGACCGCAGATCGAG,9
CGTGCAGAGAGGGATGGG,OXT_02,AGGGGAGCGTGCGGAGGC,9
ACGCGTATCGCTTGGCTA,OXT_26,GGGGCATTCACTGAGCTG,10
GGTACCGAAGGAACGCGG,OXT_20,AGGGCCTAGGGATGACGT,9
AGCCCGGCCTATAGTGAT,OXT_17,AGGAACTACGATCGTGAA,9
AGAGTTGTTGGTTCGTCG,OXT_15,AGGGTATAACGTCCTTTG,9
GTGGGAGATGGTCATCGG,OXT_15,AGGGTATAACGTCCTTTG,9
AGCAGTGCTGTAACTGTG,OXT_16,ATAAACAGTCTAGCTGTG,8
CTACGGATACCGCTAGTG,OXT_14,TTGAGCGTAACGACAGTG,8
GGGCAGGAGCAGATAGGT,OXT_11,GGGTAAGGGCACAACAGT,7
TACGTACGGCTGCCTGCG,OXT_04,TAGACAGGGCTGACTGTG,6
AGCGAAGGCCATGTGCTA,OXT_28,AGCGGCGGCGACGGCGAA,8
GCCATACGTGCATGACTG,OXT_24,GGGATTCGGTCATGTCCT,8
TCCCAAACATCTCGTAGG,OXT_13,TATTACACTAGTGGATGG,10
GTTGGACGTGTCCTCTGG,OXT_05,GGCGGACAGACTCTAATG,10
TGAGCATCAGTAGTGTTA,OXT_12,AATACAGCGGTGTTTCTA,10
AACTCCCGCCTGCAAGTG,OXT_04,TAGACAGGGCTGACTGTG,9
GTAGGTGATGAGGAGCCG,OXT_09,TGTAGTGCTCGGCTGCCG,9
AATGTGAATCCGGTTGGT,OXT_08,GACGGCATTCAGGCACGT,9
AGTTGGTCATCCGCGTTA,OXT_07,GTGGGTGCATTTGCTGTA,10
GGGAGCGAACGATTGCTG,OXT_09,TGTAGTGCTCGGCTGCCG,8
AAGGCATTAAACATCGGT,OXT_22,ACGGGACCGCAGATCGAG,9
GGGAACACATGTGCTTAT,OXT_07,GTGGGTGCATTTGCTGTA,9
AAGGGCAAGTGTAGGGCA,OXT_02,AGGGGAGCGTGCGGAGGC,9
GCGCCCCATTTGTGCACT,OXT_21,GAGCAACGGGTCAGCATT,9
AGGGTATGCAGACTAACC,OXT_15,AGGGTATAACGTCCTTTG,9
TGTAAACGAAGGGAATGT,OXT_13,TATTACACTAGTGGATGG,9
GGCAGAGGTATAGAGGCG,OXT_09,TGTAGTGCTCGGCTGCCG,10
GAGCATTGGTACAGAGGT,OXT_21,GAGCAACGGGTCAGCATT,7
AACGACGTGCCTCATCTG,OXT_05,GGCGGACAGACTCTAATG,10
TGGCGGTCAAATCTGTGT,OXT_01,AGGCTGCGTAAGTCTGCT,11
TACTGTGGGTCCCGATAT,OXT_03,GACTTGGGCTCATGCTGT,8
GTCGACGTTTCCCAATGT,OXT_08,GACGGCATTCAGGCACGT,9
AGCTGAGTAGACATGCGG,OXT_11,GGGTAAGGGCACAACAGT,10
AGGCCTGACAGTGTGACG,OXT_10,AAGATGTATCGTGTGCTG,9
AACATCGGGGAAGAACTG,OXT_25,TGCATCGCAACAGCAGTT,9
GATGATGCGGGTCCAACG,OXT_05,GGCGGACAGACTCTAATG,10
GATAGGGTTGCCGACGTG,OXT_14,TTGAGCGTAACGACAGTG,10
TCCACAACGGGAAGCTGG,OXT_13,TATTACACTAGTGGATGG,10
ATGGGCACACGCTATACG,OXT_23,AAGTAGGGACAGAATACG,9
ACACGACTTCAGCATATG,OXT_18,TAACGGGTTATCCATAAT,9
ATGCAGCTCGGTCTTCCT,OXT_01,AGGCTGCGTAAGTCTGCT,10
GTGCAAGAGACGTGCAAT,OXT_21,GAGCAACGGGTCAGCATT,8
GGTAGGCCACGCGTTATG,OXT_09,TGTAGTGCTCGGCTGCCG,9
AATCGCGTGTTGAGGCTA,OXT_12,AATACAGCGGTGTTTCTA,8
ACAGTGCATTGGCCTGGA,OXT_01,AGGCTGCGTAAGTCTGCT,9
GGAGGCAGACATTGGAGC,OXT_08,GACGGCATTCAGGCACGT,10
AGGGAGAGCGTACGACGG,OXT_20,AGGGCCTAGGGATGACGT,8
AGACGATGTGCTTTGTTA,OXT_27,GTAGAATGGGCATCGTCG,9
ACACTGCTTGGTAAGGTG,OXT_10,AAGATGTATCGTGTGCTG,9
AGGGGACAACACGCTGCT,OXT_01,AGGCTGCGTAAGTCTGCT,8
AGGAGTGGCTTGCTGTGA,OXT_09,TGTAGTGCTCGGCTGCCG,9
GCCGGGATGAAACTGTCT,OXT_05,GGCGGACAGACTCTAATG,10
AAACCTGGCAGATGGTAA,OXT_03,GACTTGGGCTCATGCTGT,10
AAGAGGAGACGACGCGGA,OXT_02,AGGGGAGCGTGCGGAGGC,11
ATGTAGAGGATGCGTACT,OXT_23,AAGTAGGGACAGAATACG,8
ACCGAGTGTCGATACGTG,OXT_16,ATAAACAGTCTAGCTGTG,9
GTGGCTGCCCAAGATGTG,OXT_07,GTGGGTGCATTTGCTGTA,7
CACTAGGCGTATCCTGTG,OXT_04,TAGACAGGGCTGACTGTG,10
GCCAGACGTATTTTGCTG,OXT_05,GGCGGACAGACTCTAATG,8
AGCGGAGAGCCTGGTGTG,OXT_05,GGCGGACAGACTCTAATG,7
TGCGGGCAAGCTCACATT,OXT_05,GGCGGACAGACTCTAATG,7
ATGCAGCGTCAAACGTGG,OXT_01,AGGCTGCGTAAGTCTGCT,9
TGGCATGTGCACCGGTGT,OXT_11,GGGTAAGGGCACAACAGT,8
GATGGGCTGTGAACCTTT,OXT_03,GACTTGGGCTCATGCTGT,10
AGTGGCGCCTAGTCACGA,OXT_02,AGGGGAGCGTGCGGAGGC,9
ACACGGAGTGCGCTTCTG,OXT_16,ATAAACAGTCTAGCTGTG,10
TAGCGGCATTCTGGGCGA,OXT_10,AAGATGTATCGTGTGCTG,9
TGCAAGGAGAAGACGGGT,OXT_25,TGCATCGCAACAGCAGTT,9
ACTGGCTCTACACCTGTG,OXT_16,ATAAACAGTCTAGCTGTG,9
GGGCCACTGGAGTCAGAG,OXT_01,AGGCTGCGTAAGTCTGCT,9
ACGACAGGAACCTTGGGT,OXT_01,AGGCTGCGTAAGTCTGCT,11
AGGAGTCAACCGTCCATG,OXT_14,TTGAGCGTAACGACAGTG,9
AAGGCCGGATTGAGTCGT,OXT_04,TAGACAGGGCTGACTGTG,9
GGCATACCTCCATATCCT,OXT_24,GGGATTCGGTCATGTCCT,6
TGCGCGTAATGGCATGCT,OXT_15,AGGGTATAACGTCCTTTG,10
ACGGAGATATTGGAGTAG,OXT_23,AAGTAGGGACAGAATACG,10
CGTGATGGACCTCCCTGT,OXT_11,GGGTAAGGGCACAACAGT,10
TTGGGAAGAGTTGTGTGG,OXT_07,GTGGGTGCATTTGCTGTA,10
AGACCGTGACAGCTACTG,OXT_10,AAGATGTATCGTGTGCTG,10
GGTTGCCAAGTGTACCTG,OXT_05,GGCGGACAGACTCTAATG,11
TCCTGGCCGCCTATTCCG,OXT_22,ACGGGACCGCAGATCGAG,9
TACTTCGCACGAACTAGG,OXT_23,AAGTAGGGACAGAATACG,9
AGGCATGCGAATGGTGCG,OXT_01,AGGCTGCGTAAGTCTGCT,9
GGCATTCGAGCCCGTAAC,OXT_24,GGGATTCGGTCATGTCCT,8
ATAAGGGGCTATGGCCGA,OXT_28,AGCGGCGGCGACGGCGAA,8
AGGCAGCATGGACTGGTG,OXT_10,AAGATGTATCGTGTGCTG,8
AGGCACATGGCATGGGAA,OXT_17,AGGAACTACGATCGTGAA,8
TCACGAAGAGTGCGGTAT,OXT_18,TAACGGGTTATCCATAAT,10
GTGCTCTATAAGGGTGCG,OXT_01,AGGCTGCGTAAGTCTGCT,8
AGTACGGAAGCGGACTGG,OXT_12,AATACAGCGGTGTTTCTA,11
TCGTGGGCGCAGCAAGAT,OXT_22,ACGGGACCGCAGATCGAG,8
GGCGGTAAACAGACGGAT,OXT_08,GACGGCATTCAGGCACGT,8
GAGCCTCGAGAGTGTACT,OXT_01,AGGCTGCGTAAGTCTGCT,8
GGGCTATTCGTTTCGCGA,OXT_26,GGGGCATTCACTGAGCTG,8
ACAGATACGCATAGTGTG,OXT_22,ACGGGACCGCAGATCGAG,8
GTGAGCAGATCGACGTCT,OXT_14,TTGAGCGTAACGACAGTG,8
ATCCTAGGCGACGTGATG,OXT_06,ATCATCATCATCATCATC,9
CGTGCCTGTCGTGCTGTG,OXT_15,AGGGTATAACGTCCTTTG,8
ATGTAGTTCGACCATGCT,OXT_17,AGGAACTACGATCGTGAA,8
TACGGGGTAGTCAACACC,OXT_18,TAACGGGTTATCCATAAT,8
GGCACCAATCTCGGTCAT,OXT_08,GACGGCATTCAGGCACGT,9
AGGAGGAACATGACGAGT,OXT_01,AGGCTGCGTAAGTCTGCT,10
ACGCATCGGCATACGAGG,OXT_11,GGGTAAGGGCACAACAGT,9
ACGCGGGATGAGAGGCTG,OXT_10,AAGATGTATCGTGTGCTG,9
ACGTGTGGTGAGCTTGAA,OXT_17,AGGAACTACGATCGTGAA,9
GGCGTCCTATCGAGTGCG,OXT_24,GGGATTCGGTCATGTCCT,9
GTTGGAAGGTATGCATCT,OXT_08,GACGGCATTCAGGCACGT,9
GTGGGTAACAATTCATGT,OXT_08,GACGGCATTCAGGCACGT,9
GACAACATACGACCCGCT,OXT_08,GACGGCATTCAGGCACGT,9
GAGGGTAAGAGAGCTTGG,OXT_07,GTGGGTGCATTTGCTGTA,10
TGCTCCGCACGAAGATTG,OXT_25,TGCATCGCAACAGCAGTT,8
AGGGTACAATCCTATATG,OXT_15,AGGGTATAACGTCCTTTG,7
CATTGACGTAATAACGGG,OXT_11,GGGTAAGGGCACAACAGT,10
AACGGGCCAATCGGTGAA,OXT_28,AGCGGCGGCGACGGCGAA,8
ACAGGCGATACGTCAGAG,OXT_14,TTGAGCGTAACGACAGTG,8
ACGGCATACTATTGAAGC,OXT_20,AGGGCCTAGGGATGACGT,8
CATGTCGCTAACGTTTAA,OXT_13,TATTACACTAGTGGATGG,10
AGCAAGTCAGCGCAGGAG,OXT_17,AGGAACTACGATCGTGAA,9
CGGGGAGATAAAGAGGGA,OXT_02,AGGGGAGCGTGCGGAGGC,9
ACCGCATAGTCGGTGCAT,OXT_20,AGGGCCTAGGGATGACGT,10
CGTGGGGCTAAGGTTCCA,OXT_09,TGTAGTGCTCGGCTGCCG,8
AGGGGTGCGACCGGTGAT,OXT_02,AGGGGAGCGTGCGGAGGC,6
TGGCCGTGAAACCAGCGT,OXT_01,AGGCTGCGTAAGTCTGCT,10
ACGATGGGGGACAGCTCT,OXT_11,GGGTAAGGGCACAACAGT,9
AAGGAGGAGAAGGCTAGC,OXT_23,AAGTAGGGACAGAATACG,8
GATGCTATCCGCCAGGCT,OXT_08,GACGGCATTCAGGCACGT,11
ACACAACTTCGTCGAGCT,OXT_01,AGGCTGCGTAAGTCTGCT,11
GTGGTTTACACCTATGTA,OXT_07,GTGGGTGCATTTGCTGTA,9
ACGAGTTTGCCACGTGCT,OXT_24,GGGATTCGGTCATGTCCT,8
TGGCAATTAGATGGGTAG,OXT_17,AGGAACTACGATCGTGAA,9
GGGTATTCAATCTAGGAT,OXT_11,GGGTAAGGGCACAACAGT,10
GGATTACAACGACGCTTG,OXT_15,AGGGTATAACGTCCTTTG,7
GCCACACAACGACATGTG,OXT_15,AGGGTATAACGTCCTTTG,9
AAGACCTGTCTTCGCGCT,OXT_17,AGGAACTACGATCGTGAA,9
ATCGCTGCAGCAGGGTCA,OXT_07,GTGGGTGCATTTGCTGTA,10
ATGCGGAACCCAAAGGTG,OXT_10,AAGATGTATCGTGTGCTG,10
GGGCCAAGTCGTACAGTG,OXT_04,TAGACAGGGCTGACTGTG,8
AGTGGTTGTAAGGCGCGG,OXT_08,GACGGCATTCAGGCACGT,9
ATAGTAGGTAAGCCTGGT,OXT_01,AGGCTGCGTAAGTCTGCT,7
TACTGGAAAGCGCATGCT,OXT_18,TAACGGGTTATCCATAAT,10
AGGCTAGTGATACTATGT,OXT_02,AGGGGAGCGTGCGGAGGC,10
GGACTGGGACGCGCTCAT,OXT_01,AGGCTGCGTAAGTCTGCT,10
GACGCCAGTCCAATTGCT,OXT_08,GACGGCATTCAGGCACGT,9
TCTGAGGGGTTACCACAT,OXT_18,TAACGGGTTATCCATAAT,11
GCGATGTACAAGCAGACG,OXT_10,AAGATGTATCGTGTGCTG,10
GGGGATGTGTCCATCAGT,OXT_11,GGGTAAGGGCACAACAGT,6
AGCGGTCGGTAGTCAGGT,OXT_01,AGGCTGCGTAAGTCTGCT,8
GGCGAGGTAGCAATCGAG,OXT_28,AGCGGCGGCGACGGCGAA,10
AACGCCATTACCGGTGCA,OXT_28,AGCGGCGGCGACGGCGAA,9
AAGCACATTGACGGTGCC,OXT_17,AGGAACTACGATCGTGAA,9
ACGGGATTTGATACTGTA,OXT_07,GTGGGTGCATTTGCTGTA,9
TTGCGGGCTAGATAACGT,OXT_18,TAACGGGTTATCCATAAT,9
AACGGCAGCATACGACAT,OXT_08,GACGGCATTCAGGCACGT,9
GTAAACGCACGGTGCATT,OXT_11,GGGTAAGGGCACAACAGT,11
TGCGGTGAATCGAGACTT,OXT_14,TTGAGCGTAACGACAGTG,9
ATGGGTATAAGACTATCA,OXT_07,GTGGGTGCATTTGCTGTA,11
TGGTTGGACAGTCGGTAG,OXT_15,AGGGTATAACGTCCTTTG,9
GCGCGGTGTGCCGTTACT,OXT_01,AGGCTGCGTAAGTCTGCT,10
TTGCAACGCCTGTGGGAG,OXT_04,TAGACAGGGCTGACTGTG,9
GATGCATTGCAAATCGTG,OXT_22,ACGGGACCGCAGATCGAG,8
ATCAAATGTCGTCCGTCT,OXT_15,AGGGTATAACGTCCTTTG,9
AAGCAGTACGGCTGCCGG,OXT_20,AGGGCCTAGGGATGACGT,8
ATGCGGGCAAAGAGGCAT,OXT_01,AGGCTGCGTAAGTCTGCT,10
TGACATCGTTCGGGATAT,OXT_24,GGGATTCGGTCATGTCCT,10
GTGGACGAGCTAGAGCGG,OXT_11,GGGTAAGGGCACAACAGT,10
AGGCGTACCCTACAGCGG,OXT_09,TGTAGTGCTCGGCTGCCG,9
TGTGAGTATGCCGAGTGC,OXT_13,TATTACACTAGTGGATGG,11
GCATGCTCGACGGCTGCG,OXT_14,TTGAGCGTAACGACAGTG,10
GCGATCCGATGAGCGTAG,OXT_24,GGGATTCGGTCATGTCCT,10
ATAGTGACAGTCATCGTT,OXT_06,ATCATCATCATCATCATC,8
AACAATTGCCGACGCTGG,OXT_03,GACTTGGGCTCATGCTGT,9
AGACCGCATACAAGGGCG,OXT_01,AGGCTGCGTAAGTCTGCT,9
TTGCACGGCCACATTATG,OXT_23,AAGTAGGGACAGAATACG,8
GGGGGACAAGGGCGCACC,OXT_05,GGCGGACAGACTCTAATG,9
GGGCCAACGTACTGTGCT,OXT_24,GGGATTCGGTCATGTCCT,8
ACAAACAGGGATTAGGCG,OXT_16,ATAAACAGTCTAGCTGTG,9
GTGACGCAGTTCGATGGC,OXT_02,AGGGGAGCGTGCGGAGGC,10
GTAAAGGTACTTAACACG,OXT_23,AAGTAGGGACAGAATACG,8
GGCCCACGCATTGGAGAG,OXT_05,GGCGGACAGACTCTAATG,9
GCTGCGCGCTACAAGGTA,OXT_26,GGGGCATTCACTGAGCTG,11
GAGAGTGGCTACCTATCG,OXT_09,TGTAGTGCTCGGCTGCCG,10
AAGCAGCGGCAAGTCGTA,OXT_21,GAGCAACGGGTCAGCATT,9
TGGACGAGAGTACAGGTA,OXT_04,TAGACAGGGCTGACTGTG,10
TCCGGAGCAGATCGGCGT,OXT_02,AGGGGAGCGTGCGGAGGC,11
GGGGACCCGATGACCATT,OXT_21,GAGCAACGGGTCAGCATT,7
ACATGGGAGGCATGATCT,OXT_03,GACTTGGGCTCATGCTGT,9
GCAGCAAGTTCAGTGTGT,OXT_27,GTAGAATGGGCATCGTCG,9
AAGCAGCCGTATATATGT,OXT_21,GAGCAACGGGTCAGCATT,10
GGGGACCGGCCTTGTCAG,OXT_24,GGGATTCGGTCATGTCCT,7
ACGGACCATGAACGCGTG,OXT_17,AGGAACTACGATCGTGAA,8
TAGTGGTGCGAACGGTGC,OXT_03,GACTTGGGCTCATGCTGT,9
GCGGTGTCGCTTGATGTG,OXT_07,GTGGGTGCATTTGCTGTA,8
ACGCGTGTGCTAAATTCT,OXT_18,TAACGGGTTATCCATAAT,10
AGGTACCCGTTGTTGCGG,OXT_12,AATACAGCGGTGTTTCTA,10
GTTGACGTATGCATTCCG,OXT_07,GTGGGTGCATTTGCTGTA,11
AGGGCGGAAGATGACGTG,OXT_15,AGGGTATAACGTCCTTTG,9
ACTGGAGAGTCGCATGAT,OXT_22,ACGGGACCGCAGATCGAG,9
ATTCCTGGAGTGTCGAAT,OXT_12,AATACAGCGGTGTTTCTA,10
TACACAGGTGTCCTCTCT,OXT_04,TAGACAGGGCTGACTGTG,10
TGGAGTCTGGTGCAGGCG,OXT_09,TGTAGTGCTCGGCTGCCG,8
TAGGCAGCGGCAAGGAGC,OXT_02,AGGGGAGCGTGCGGAGGC,9
CGGTGTATCGCCAGTGAG,OXT_17,AGGAACTACGATCGTGAA,10
GACGGACGTGACTGATGG,OXT_08,GACGGCATTCAGGCACGT,9
GCACGTGATGCAGCGACG,OXT_27,GTAGAATGGGCATCGTCG,9
ACAATGGCGGTTATGAAC,OXT_06,ATCATCATCATCATCATC,10
AGCCGATCACTAAGGCGA,OXT_02,AGGGGAGCGTGCGGAGGC,11
GATAGGGCCATCTTCGTT,OXT_12,AATACAGCGGTGTTTCTA,9
AAAAGGCTCCTCAACGCT,OXT_18,TAACGGGTTATCCATAAT,9
TCACCCATATTGCCGCCG,OXT_29,CCCCCCCCCCCCCCGCCC,9
GAGCACGCCGTTACAGGA,OXT_07,GTGGGTGCATTTGCTGTA,9
GCGGATCTGTAATCAGTG,OXT_07,GTGGGTGCATTTGCTGTA,10
AATATCGTACGTGCGCGA,OXT_10,AAGATGTATCGTGTGCTG,8
GGGTATGCGCGATATCGG,OXT_11,GGGTAAGGGCACAACAGT,8
AGGCCATGCTTGTGGCGT,OXT_20,AGGGCCTAGGGATGACGT,8
ACCAGGGTTAGATCGGCG,OXT_01,AGGCTGCGTAAGTCTGCT,10
CTGTGGGTACAACCGATG,OXT_14,TTGAGCGTAACGACAGTG,9
GTGTAAGGCAGCGGGCAG,OXT_26,GGGGCATTCACTGAGCTG,9
ATGGGTATGGGTTCCCCA,OXT_07,GTGGGTGCATTTGCTGTA,10
AGGGCTCAACGAGGGCTG,OXT_10,AAGATGTATCGTGTGCTG,8
ACGCAACGGCAGACTCGT,OXT_01,AGGCTGCGTAAGTCTGCT,8
CAAGCAGATGCGTCTGTG,OXT_04,TAGACAGGGCTGACTGTG,8
TAGACCCATCCTTTGGCT,OXT_10,AAGATGTATCGTGTGCTG,9
AACAGGCATCCGTGTTGG,OXT_03,GACTTGGGCTCATGCTGT,10
ATGGTGATCCAGGCGGTT,OXT_01,AGGCTGCGTAAGTCTGCT,9
AGGGTAGCCTTCATATGT,OXT_02,AGGGGAGCGTGCGGAGGC,7
ACATGCATCTAGTATGTG,OXT_16,ATAAACAGTCTAGCTGTG,10
AAGGGCTAGTAGAGGGCG,OXT_22,ACGGGACCGCAGATCGAG,8
AATGCACCTCCAACATGT,OXT_08,GACGGCATTCAGGCACGT,10
ACACATACTCGCTCGAGA,OXT_16,ATAAACAGTCTAGCTGTG,11
ACGAGCGGGATTCACGGA,OXT_17,AGGAACTACGATCGTGAA,10
GACTGGCGATCGGGGACG,OXT_03,GACTTGGGCTCATGCTGT,9
ACGGAGCAGAATACGGCG,OXT_22,ACGGGACCGCAGATCGAG,8
CAGTGGAGAGTCGTGACG,OXT_23,AAGTAGGGACAGAATACG,9
AGTGGATCCCCGTGGAAG,OXT_22,ACGGGACCGCAGATCGAG,9
AGAGGCCTCGATGCTACT,OXT_28,AGCGGCGGCGACGGCGAA,9
CCAGCGTATCGTGGGTTG,OXT_10,AAGATGTATCGTGTGCTG,7
AGGTTGACGCTGGCACTG,OXT_10,AAGATGTATCGTGTGCTG,9
GCACCCCGCGACACCATT,OXT_21,GAGCAACGGGTCAGCATT,7
GTAGTGCGGCATACACGT,OXT_08,GACGGCATTCAGGCACGT,9
ACGTACCCTGGGGACGGA,OXT_13,TATTACACTAGTGGATGG,10
GCAGGACACGGACCAAGG,OXT_05,GGCGGACAGACTCTAATG,8
AGAGCGGACACAACGACT,OXT_01,AGGCTGCGTAAGTCTGCT,11
AGTAGTCCATGATCAGCG,OXT_09,TGTAGTGCTCGGCTGCCG,9
ACAGGGCACTGGATTGGG,OXT_22,ACGGGACCGCAGATCGAG,8
ACGGTATACAGACGCGCA,OXT_15,AGGGTATAACGTCCTTTG,9
GGTTGAGTAGTGGAGGAT,OXT_07,GTGGGTGCATTTGCTGTA,11
AAAGCCTTCTCGTGTCAT,OXT_20,AGGGCCTAGGGATGACGT,9
ACAGGTAAGCGGTGCGGG,OXT_22,ACGGGACCGCAGATCGAG,8
CAGGATCGCGATAGTCGG,OXT_17,AGGAACTACGATCGTGAA,10
AGGCGAGAGGAATGGCGG,OXT_20,AGGGCCTAGGGATGACGT,7
GTACAGGGAATGGGCAGC,OXT_21,GAGCAACGGGTCAGCATT,10
AGATAGCGGGTTTCGAGT,OXT_01,AGGCTGCGTAAGTCTGCT,10
AATCCACAATCGGGCGAT,OXT_21,GAGCAACGGGTCAGCATT,11
GCTGAAGTTCAGAGGATG,OXT_11,GGGTAAGGGCACAACAGT,10
TAGGAGGTCTGCTATTTG,OXT_18,TAACGGGTTATCCATAAT,10
GGGCAGGTTGAATGAATG,OXT_21,GAGCAACGGGTCAGCATT,10
CGCCACAAGCAGAAGTCG,OXT_23,AAGTAGGGACAGAATACG,10
AAGTTGGGATTCCTCGAT,OXT_03,GACTTGGGCTCATGCTGT,9
GCGTCGTCATTTAATGGA,OXT_07,GTGGGTGCATTTGCTGTA,8
GTAGTGCTCTATACCTGC,OXT_03,GACTTGGGCTCATGCTGT,10
GGGGCATCCAACCATGAA,OXT_17,AGGAACTACGATCGTGAA,8
GTGCGAGAGCAGGTTGTG,OXT_04,TAGACAGGGCTGACTGTG,8
AGGCATGGTAAGGCTATA,OXT_01,AGGCTGCGTAAGTCTGCT,7
CGGTGGAGTAGACGTCTT,OXT_01,AGGCTGCGTAAGTCTGCT,10
CCGGGGAATTCGAATGCG,OXT_22,ACGGGACCGCAGATCGAG,10
AGGTCGTATGCGCTGCTC,OXT_10,AAGATGTATCGTGTGCTG,8
ATAGCGATCCTACCCTGG,OXT_16,ATAAACAGTCTAGCTGTG,9
ACAGAAGTAGCGTGTCTC,OXT_12,AATACAGCGGTGTTTCTA,9
TAGTGGCTGACGGTCTCC,OXT_14,TTGAGCGTAACGACAGTG,11
AGGGGCGACCTAGAGCTG,OXT_26,GGGGCATTCACTGAGCTG,8
AGGGCTCAAGTAAGGGAT,OXT_20,AGGGCCTAGGGATGACGT,8
TATGGTCCAATACTGATG,OXT_05,GGCGGACAGACTCTAATG,9
CAGAGGGGATACTCATTA,OXT_07,GTGGGTGCATTTGCTGTA,10
GTGATACGATGACGGTGC,OXT_24,GGGATTCGGTCATGTCCT,9
GCCTGGCGGGATAGCAGT,OXT_11,GGGTAAGGGCACAACAGT,8
AGTAACCTTGGCAGCGGT,OXT_17,AGGAACTACGATCGTGAA,10
ATCACCGGGCAAACGTGG,OXT_04,TAGACAGGGCTGACTGTG,9
ACACAAGGACCGGAGTTC,OXT_23,AAGTAGGGACAGAATACG,10
AGGCCTTAGACGTCCGAT,OXT_01,AGGCTGCGTAAGTCTGCT,8
TGGCAGCTAAGTTCGGCT,OXT_01,AGGCTGCGTAAGTCTGCT,7
TTGGAGTAGTTTGTATGC,OXT_02,AGGGGAGCGTGCGGAGGC,10
CATACTCGAGTTGGTTCG,OXT_04,TAGACAGGGCTGACTGTG,11
TCCGGGATATAGGCTTAG,OXT_08,GACGGCATTCAGGCACGT,9
CGGGGAGAAGATGGGACG,OXT_02,AGGGGAGCGTGCGGAGGC,10
ACCAGTAACGTTGTTGCT,OXT_17,AGGAACTACGATCGTGAA,10
AAGCAGAAAACTACGGCG,OXT_23,AAGTAGGGACAGAATACG,9
ACCGTGTATAGTGGACAT,OXT_10,AAGATGTATCGTGTGCTG,8
AAATGGCTACTCCTCGTC,OXT_06,ATCATCATCATCATCATC,10
AGCCAGGATCTTCTGTGG,OXT_10,AAGATGTATCGTGTGCTG,9
GGGACGGAGCCGTGCTAA,OXT_03,GACTTGGGCTCATGCTGT,10
GGCTGGGCATCATCAACA,OXT_03,GACTTGGGCTCATGCTGT,9
ATAGGTTCACACGCAGTG,OXT_07,GTGGGTGCATTTGCTGTA,8
ACAGCAGAAGGCTGGAGT,OXT_20,AGGGCCTAGGGATGACGT,8
TCGTACACGGTGAGACTA,OXT_12,AATACAGCGGTGTTTCTA,10
AAGGCGGAGACGGCACTT,OXT_20,AGGGCCTAGGGATGACGT,9
AACGCGCGTTGTCCATTT,OXT_15,AGGGTATAACGTCCTTTG,10
AAGGGCATGAGGCTTGGT,OXT_08,GACGGCATTCAGGCACGT,9
AAGCCCACCGTTACGTGT,OXT_13,TATTACACTAGTGGATGG,11
TTATGGAATGCCGCCGCT,OXT_16,ATAAACAGTCTAGCTGTG,11
ATTCGTGTGAGGCCAAAT,OXT_18,TAACGGGTTATCCATAAT,9
TCCTAGAGGTACTGGCGT,OXT_03,GACTTGGGCTCATGCTGT,9
CTAGAGCTGGATCGGCCG,OXT_27,GTAGAATGGGCATCGTCG,9
ATGGGTAAGGATGAACTG,OXT_05,GGCGGACAGACTCTAATG,10
TGTCGCATCACGATAATG,OXT_14,TTGAGCGTAACGACAGTG,7
GGGACGCGATGATGCGTG,OXT_24,GGGATTCGGTCATGTCCT,8
GGGCGGGCCAGCATGTTA,OXT_02,AGGGGAGCGTGCGGAGGC,11
AAGGCCCAACAAGGTATG,OXT_15,AGGGTATAACGTCCTTTG,9
ACCGGGTAGGTGGCCATA,OXT_28,AGCGGCGGCGACGGCGAA,10
GGCATAACGACGTGACCA,OXT_24,GGGATTCGGTCATGTCCT,8
GTGGGTAATCTAGGGTTG,OXT_07,GTGGGTGCATTTGCTGTA,9
ACGGAAAGGGTGGACCTC,OXT_21,GAGCAACGGGTCAGCATT,9
GACACGACTCCTAGTGCT,OXT_03,GACTTGGGCTCATGCTGT,11
CGGCATCTCGTGATCATC,OXT_21,GAGCAACGGGTCAGCATT,8
ATCGGCATCCAGTCTTCT,OXT_08,GACGGCATTCAGGCACGT,7
GAGGATCGAATGGGGGCA,OXT_07,GTGGGTGCATTTGCTGTA,9
GGACCTCGTGATGATCTT,OXT_01,AGGCTGCGTAAGTCTGCT,10
AGGTGGTACCGACGGAGA,OXT_17,AGGAACTACGATCGTGAA,9
AGGGGACCGAGTGCGAAG,OXT_02,AGGGGAGCGTGCGGAGGC,8
GTGGACCTTTAGGGTATC,OXT_07,GTGGGTGCATTTGCTGTA,10
CCAGGGTCCTTAGTGCTT,OXT_07,GTGGGTGCATTTGCTGTA,11
GTGGGACTAGAGAACGCG,OXT_22,ACGGGACCGCAGATCGAG,7
GGCAGGATAGACATGGTG,OXT_06,ATCATCATCATCATCATC,10
GACAGGCTACATAATGCG,OXT_23,AAGTAGGGACAGAATACG,8
GTCCTATTCGGCGGCCAT,OXT_21,GAGCAACGGGTCAGCATT,10
ACACTACGACAAGGCGCT,OXT_01,AGGCTGCGTAAGTCTGCT,9
CGTACGGTAGACCACAGG,OXT_11,GGGTAAGGGCACAACAGT,10
TGAGGCTAGGCGCATGTG,OXT_05,GGCGGACAGACTCTAATG,9
ACTAGGACTGTAGTCAGA,OXT_12,AATACAGCGGTGTTTCTA,10
TGTCGTATCGCGTCCTTA,OXT_14,TTGAGCGTAACGACAGTG,11
TGGGAGGGAGTAGCATAG,OXT_25,TGCATCGCAACAGCAGTT,10
ACAGCAGTATCCATGGAG,OXT_22,ACGGGACCGCAGATCGAG,9
TCAAGGTCCGCGCGTGAG,OXT_17,AGGAACTACGATCGTGAA,9
GGGGACAAGGTTGCACAT,OXT_20,AGGGCCTAGGGATGACGT,8
ATGGGCCAGCAACGGACG,OXT_22,ACGGGACCGCAGATCGAG,9
ACTACTGCGGTGCGAAGG,OXT_12,AATACAGCGGTGTTTCTA,8
ACTGGGACACTGCCTAAG,OXT_22,ACGGGACCGCAGATCGAG,9
GTGTATGAGGCCTGGTTT,OXT_21,GAGCAACGGGTCAGCATT,9
GGGGTAATCGTTCGTCAT,OXT_17,AGGAACTACGATCGTGAA,9
ACGTCCATCCTATGTGCT,OXT_16,ATAAACAGTCTAGCTGTG,10
GGAAGCGGACGTTCGTGG,OXT_09,TGTAGTGCTCGGCTGCCG,10
GTGTCGAATTCCATACTG,OXT_10,AAGATGTATCGTGTGCTG,10
AACAAGGCTGTATCTGTG,OXT_16,ATAAACAGTCTAGCTGTG,7
GCAGCCGGAGATGAGTAT,OXT_28,AGCGGCGGCGACGGCGAA,10
ACGTGGATGAGGCATGAT,OXT_18,TAACGGGTTATCCATAAT,9
AGCCAAGGATGCGCTGTG,OXT_02,AGGGGAGCGTGCGGAGGC,9
GAGTACCACAACACAGTG,OXT_14,TTGAGCGTAACGACAGTG,9
TTGCGGATGGTGCGTAGA,OXT_18,TAACGGGTTATCCATAAT,9
TGCATCCGCTATGTTGTG,OXT_25,TGCATCGCAACAGCAGTT,9
ATGGGTAACGTTGCACGG,OXT_07,GTGGGTGCATTTGCTGTA,9
ACCTCAATGCGAAACGTG,OXT_22,ACGGGACCGCAGATCGAG,9
GTGGGCAAGCTGATCCGG,OXT_22,ACGGGACCGCAGATCGAG,8
GCCAATGGTAAGGCGTGT,OXT_08,GACGGCATTCAGGCACGT,9
TCCGTGTGGACTACAGCT,OXT_25,TGCATCGCAACAGCAGTT,9
AGTAGTGAGAGCAGTTCA,OXT_02,AGGGGAGCGTGCGGAGGC,10
AAGGGCGATCATACCTAT,OXT_08,GACGGCATTCAGGCACGT,9
TTGCAGAGGGTGCCGTTC,OXT_04,TAGACAGGGCTGACTGTG,10
CTGCATGCCCAGAGTATG,OXT_23,AAGTAGGGACAGAATACG,8
GATCATAGATCGCGTACA,OXT_23,AAGTAGGGACAGAATACG,10
AATGGGTACAGTCCGCTA,OXT_10,AAGATGTATCGTGTGCTG,8
ACTGGCGATTGCGGAGTA,OXT_02,AGGGGAGCGTGCGGAGGC,7
AACAGCATACTGTGTGAG,OXT_16,ATAAACAGTCTAGCTGTG,9
ACGGTGTATACTAGCGTG,OXT_10,AAGATGTATCGTGTGCTG,8
GCGCAGCGGCATTGTGAT,OXT_01,AGGCTGCGTAAGTCTGCT,8
ATGGCGGCAAACAACTGT,OXT_11,GGGTAAGGGCACAACAGT,9
AGCAGGTTAATTCATGCG,OXT_15,AGGGTATAACGTCCTTTG,10
TACGGAGTATGAGTGGGA,OXT_02,AGGGGAGCGTGCGGAGGC,9
AGGTCAGCGATAGTGATG,OXT_12,AATACAGCGGTGTTTCTA,9
ACCGATGGGTAGGATAGT,OXT_11,GGGTAAGGGCACAACAGT,9
TCGGGTACTACAGTTGCG,OXT_07,GTGGGTGCATTTGCTGTA,10
CGTGATCGCTACATTCAA,OXT_28,AGCGGCGGCGACGGCGAA,10
AGTTGCGACCAGTGACGA,OXT_20,AGGGCCTAGGGATGACGT,9
ACGACCAAGCGTAAGGCG,OXT_10,AAGATGTATCGTGTGCTG,9
GGCATGAACAAAGGTGCT,OXT_01,AGGCTGCGTAAGTCTGCT,9
GAGGCGTGAGCATTAGTG,OXT_27,GTAGAATGGGCATCGTCG,9
GAGGTGCTACATAAGGAG,OXT_22,ACGGGACCGCAGATCGAG,9
ACGTAGCCAGTGGACTGT,OXT_23,AAGTAGGGACAGAATACG,10
ACAAGGTTCCGCGTGATA,OXT_10,AAGATGTATCGTGTGCTG,8
AGTGGCACTCGCGTCTCT,OXT_09,TGTAGTGCTCGGCTGCCG,9
ACACGGCATAAGGTGCGT,OXT_01,AGGCTGCGTAAGTCTGCT,9
CAAGCAGATGATCGTCCG,OXT_12,AATACAGCGGTGTTTCTA,11
TGCGGTAACGACAATAGT,OXT_11,GGGTAAGGGCACAACAGT,10
GGTTCTACCACGGAGCTA,OXT_26,GGGGCATTCACTGAGCTG,7
TGATGGGATCCGTGAGCG,OXT_09,TGTAGTGCTCGGCTGCCG,9
GTCGAACACATCTCGTGC,OXT_27,GTAGAATGGGCATCGTCG,9
AGCCCGCTGCTTAAGTCG,OXT_23,AAGTAGGGACAGAATACG,11
TAACGACTGGAGGGCGTT,OXT_21,GAGCAACGGGTCAGCATT,8
GCATATGCAGTGGTTCAA,OXT_07,GTGGGTGCATTTGCTGTA,9
TACAATGCCGGGTAGCTT,OXT_09,TGTAGTGCTCGGCTGCCG,9
ACGCAGGCCGAGGTTAGT,OXT_23,AAGTAGGGACAGAATACG,9
GTAACATCAACACGTGTA,OXT_07,GTGGGTGCATTTGCTGTA,10
GTCGAGGGTAATCGTGCG,OXT_01,AGGCTGCGTAAGTCTGCT,10
GGGGCAGCACTTCCACGT,OXT_07,GTGGGTGCATTTGCTGTA,9
TTGCCAGATGAGGACGCT,OXT_01,AGGCTGCGTAAGTCTGCT,10
TAACCCACATGCTCGGTA,OXT_07,GTGGGTGCATTTGCTGTA,11
ATATAACCACGGTGGATG,OXT_23,AAGTAGGGACAGAATACG,10
TGTGGATCAGGTAAGGCG,OXT_09,TGTAGTGCTCGGCTGCCG,9
GTGACCTTACGAGGTGTG,OXT_16,ATAAACAGTCTAGCTGTG,8
GAGGCTGGTGAACAACGG,OXT_08,GACGGCATTCAGGCACGT,10
ACTCTTGAAGTCAGGCTT,OXT_21,GAGCAACGGGTCAGCATT,10
ACAAGAGCGCCATGGTCT,OXT_27,GTAGAATGGGCATCGTCG,9
TATTGCGAGCTTGCGAGT,OXT_08,GACGGCATTCAGGCACGT,10
AGGCTGCATTGACTTGTG,OXT_01,AGGCTGCGTAAGTCTGCT,8
ATAACCCTCGAGGCGCGG,OXT_08,GACGGCATTCAGGCACGT,10
TGGGAACATGCAAGCAGA,OXT_21,GAGCAACGGGTCAGCATT,9
GTGCCATGAGACGTTAAG,OXT_21,GAGCAACGGGTCAGCATT,10
ACCGTCACACGTGTGGCT,OXT_10,AAGATGTATCGTGTGCTG,10
ATCTATCTGAGGGCTATT,OXT_01,AGGCTGCGTAAGTCTGCT,11
ACAACGTCTAGGGATGCT,OXT_01,AGGCTGCGTAAGTCTGCT,9
GCAGTGGTTCAACTATGT,OXT_08,GACGGCATTCAGGCACGT,9
CAGCGTGGGTAAAAGCGA,OXT_11,GGGTAAGGGCACAACAGT,10
GTGGCTGGTGCCCGACTA,OXT_07,GTGGGTGCATTTGCTGTA,10
GGCATGCGACAGAATGTG,OXT_23,AAGTAGGGACAGAATACG,8
ACCACAGCTGGGCTGGTA,OXT_12,AATACAGCGGTGTTTCTA,7
GGCACATTTCTCTATGCT,OXT_01,AGGCTGCGTAAGTCTGCT,11
GGGCCGTAGCACAAGGAT,OXT_11,GGGTAAGGGCACAACAGT,8
GTGCTATATGACCGGTAT,OXT_17,AGGAACTACGATCGTGAA,10
ATGGCAGATGTTCAGGTA,OXT_07,GTGGGTGCATTTGCTGTA,9
GGCAATCATGTGCGGCGA,OXT_09,TGTAGTGCTCGGCTGCCG,10
AAGGAGTGGAATTCATGG,OXT_27,GTAGAATGGGCATCGTCG,9
ACGGACGTGAGGACAGTG,OXT_14,TTGAGCGTAACGACAGTG,6
TAGGGCGTGCACAAGAAG,OXT_11,GGGTAAGGGCACAACAGT,9
AGGGCCGTAGACACTGTG,OXT_14,TTGAGCGTAACGACAGTG,8
ACAGGCGAGACATCACGG,OXT_20,AGGGCCTAGGGATGACGT,8
GGCGCCGTCCGGTACTCT,OXT_03,GACTTGGGCTCATGCTGT,10
ACTAGTCAGCCGAAAGTG,OXT_22,ACGGGACCGCAGATCGAG,8
AATAGAGCAGCAGTGCGT,OXT_12,AATACAGCGGTGTTTCTA,8
ACGGGATACAAGGGACGT,OXT_20,AGGGCCTAGGGATGACGT,8
GACGGGAGGAGAGGCCGT,OXT_03,GACTTGGGCTCATGCTGT,8
AGAGTAGGCATTACTCGT,OXT_01,AGGCTGCGTAAGTCTGCT,10
GGCACACAAGCTAGCGAT,OXT_05,GGCGGACAGACTCTAATG,10
AAGCAGGCGGTACTGGAC,OXT_12,AATACAGCGGTGTTTCTA,10
GGCGGCATAATGTCAGAG,OXT_08,GACGGCATTCAGGCACGT,8
ATGGCCTGGGCCTTGCAT,OXT_20,AGGGCCTAGGGATGACGT,7
TACGAGTGTGTGCGCTTA,OXT_21,GAGCAACGGGTCAGCATT,10
ATCTGGAATGGACAGACG,OXT_09,TGTAGTGCTCGGCTGCCG,11
CACGCCATGGTCAAGGTG,OXT_04,TAGACAGGGCTGACTGTG,10
GGCGCGTAGAACTTGGTG,OXT_05,GGCGGACAGACTCTAATG,8
GTACTGACTAGACGGGCG,OXT_01,AGGCTGCGTAAGTCTGCT,11
GTAGGGATAGGTCCAGAG,OXT_07,GTGGGTGCATTTGCTGTA,10
ACTCACGACGTGTTGCGT,OXT_12,AATACAGCGGTGTTTCTA,9
AGAATCCTGCACGCCCTG,OXT_16,ATAAACAGTCTAGCTGTG,9
GGCACACGCTTTAGTTGC,OXT_03,GACTTGGGCTCATGCTGT,10
TGGGACCTGGTGTGATAG,OXT_20,AGGGCCTAGGGATGACGT,9
AGCAGAGACGACCAAGGG,OXT_28,AGCGGCGGCGACGGCGAA,8
GACTGGTATGGTATCTCG,OXT_10,AAGATGTATCGTGTGCTG,9
CATGGGTGATGCGAGGCG,OXT_02,AGGGGAGCGTGCGGAGGC,11
GGGGCAGGTATGATGCGT,OXT_11,GGGTAAGGGCACAACAGT,9
AGTGCAACGCCCATGTGC,OXT_02,AGGGGAGCGTGCGGAGGC,9
AGTACCTTCCTCAGTGTG,OXT_04,TAGACAGGGCTGACTGTG,9
GCCGAATAAACCGGTGCT,OXT_05,GGCGGACAGACTCTAATG,11
AGCGATGCATTTTCGGTG,OXT_07,GTGGGTGCATTTGCTGTA,7
GCCTTGGTAAGGCGAGTG,OXT_14,TTGAGCGTAACGACAGTG,9
AGTAAGGCAACGACGGAG,OXT_14,TTGAGCGTAACGACAGTG,8
TACCAGAGGGCGGAGCGT,OXT_08,GACGGCATTCAGGCACGT,10
AGTGGCTATACGAGATGT,OXT_20,AGGGCCTAGGGATGACGT,8
AGGGCAGCGACGGTACGT,OXT_02,AGGGGAGCGTGCGGAGGC,7
GAGGGAGGACAGCCCATG,OXT_04,TAGACAGGGCTGACTGTG,8
AGTGGTGATGATGACGTC,OXT_28,AGCGGCGGCGACGGCGAA,8
ATAACGCTGGTAGTTGTG,OXT_16,ATAAACAGTCTAGCTGTG,7
ATGGTGTCGACTATTGGT,OXT_01,AGGCTGCGTAAGTCTGCT,10
GCGGGACCACCTTACGGC,OXT_22,ACGGGACCGCAGATCGAG,8
AGGCTCAGAGTAGAGGGT,OXT_01,AGGCTGCGTAAGTCTGCT,10
ACGTAGCTGGATCGTGTT,OXT_17,AGGAACTACGATCGTGAA,8
AGGGCCTAGTGCGTGCAT,OXT_20,AGGGCCTAGGGATGACGT,6
AGTAGCAGGTTTGGATGT,OXT_02,AGGGGAGCGTGCGGAGGC,9
AGCAGATTGCAGCTCCTG,OXT_22,ACGGGACCGCAGATCGAG,8
CAGAGCGACATCGGTGGA,OXT_17,AGGAACTACGATCGTGAA,9
GAGGGCCACGCTAATGTT,OXT_05,GGCGGACAGACTCTAATG,10
AACAGGTGGAGGATCGAG,OXT_22,ACGGGACCGCAGATCGAG,8
GAGGAAGGGCCAAAGGAT,OXT_11,GGGTAAGGGCACAACAGT,7
GCGGGCATAGAATGGTGG,OXT_08,GACGGCATTCAGGCACGT,10
ACGGGCATATAGTTCACT,OXT_22,ACGGGACCGCAGATCGAG,9
GAGGCAAGCAGAGGCGAG,OXT_26,GGGGCATTCACTGAGCTG,9
ATTCATTGTACTACTCGG,OXT_16,ATAAACAGTCTAGCTGTG,10
AACAGATGTGTTCGCGTA,OXT_17,AGGAACTACGATCGTGAA,9
AGAGCGTGATCGTTGTGA,OXT_27,GTAGAATGGGCATCGTCG,10
ATATACGGCGTGTATCAG,OXT_16,ATAAACAGTCTAGCTGTG,9
CACCTAACTATTCGTGCT,OXT_01,AGGCTGCGTAAGTCTGCT,10
GGAGAGTGCTGTCGTGTG,OXT_15,AGGGTATAACGTCCTTTG,9
GCAGTCCTAGCCCAGGGT,OXT_29,CCCCCCCCCCCCCCGCCC,11
AAAGCGGGATGGAAGTCG,OXT_23,AAGTAGGGACAGAATACG,7
GGCGAATTGGCGTGACAT,OXT_20,AGGGCCTAGGGATGACGT,8
ACGTGACCGTTAGACCTG,OXT_22,ACGGGACCGCAGATCGAG,8
ACACAACTTGTTGGGTGT,OXT_21,GAGCAACGGGTCAGCATT,10
GGGATCACGAAGTTTCGT,OXT_24,GGGATTCGGTCATGTCCT,8
GGGACATCGGCATCCTAG,OXT_27,GTAGAATGGGCATCGTCG,7
AGGGACTGGTAAGGGCGC,OXT_20,AGGGCCTAGGGATGACGT,7
ATGAGACGTGCAGCCCCT,OXT_24,GGGATTCGGTCATGTCCT,9
AGGTGGGAGAAGACGCGA,OXT_01,AGGCTGCGTAAGTCTGCT,10
GTGTCACTTGATGGATCT,OXT_08,GACGGCATTCAGGCACGT,11
TAGAGCGGAGTGACGTAG,OXT_04,TAGACAGGGCTGACTGTG,7
AGTGAGCCGACGTGTGAG,OXT_01,AGGCTGCGTAAGTCTGCT,9
AGGGAGCTGGCAACTGGT,OXT_01,AGGCTGCGTAAGTCTGCT,9
ACACGCCAAGCAGAACGT,OXT_20,AGGGCCTAGGGATGACGT,9
AGGGTATTACCAAGCGCT,OXT_15,AGGGTATAACGTCCTTTG,9
GGGGCGTATCAAGACTGT,OXT_11,GGGTAAGGGCACAACAGT,9
ACGCCCGGTCGCATAACA,OXT_23,AAGTAGGGACAGAATACG,10
GGGCACACACGGGAGTAG,OXT_13,TATTACACTAGTGGATGG,10
CAGGGGCGTTTAATAGTT,OXT_21,GAGCAACGGGTCAGCATT,10
GTAGGACGACCATGCACT,OXT_27,GTAGAATGGGCATCGTCG,8
AGCGACACACGGGTACTT,OXT_08,GACGGCATTCAGGCACGT,8
GCGAGGTATGCCTTATGG,OXT_10,AAGATGTATCGTGTGCTG,10
ACTCAGAGATTTAGTGCG,OXT_23,AAGTAGGGACAGAATACG,9
CACAGCGTGCAAGGTGTG,OXT_04,TAGACAGGGCTGACTGTG,9
AGTGCGGTGCCGAGGTGT,OXT_20,AGGGCCTAGGGATGACGT,10
GAGGTGGATGATGTGCCG,OXT_10,AAGATGTATCGTGTGCTG,6
AAGACATGGATCGCGCGT,OXT_04,TAGACAGGGCTGACTGTG,9
TGATGACATCTGACGCGT,OXT_08,GACGGCATTCAGGCACGT,10
GCTCGGCTACAGTCTGGC,OXT_01,AGGCTGCGTAAGTCTGCT,9
GACGGCACAGCAGACGGA,OXT_08,GACGGCATTCAGGCACGT,9
CACGGAGAATACGGCATG,OXT_28,AGCGGCGGCGACGGCGAA,9
AATCGGGTCAACAGAATG,OXT_18,TAACGGGTTATCCATAAT,9
CAGGACCGGGGCATGTCT,OXT_21,GAGCAACGGGTCAGCATT,8
TAGATGATGCAGTGGTGT,OXT_03,GACTTGGGCTCATGCTGT,10
GACATGGGTCTACGCGTA,OXT_03,GACTTGGGCTCATGCTGT,8
AGGATAGGCACTGCTCCG,OXT_26,GGGGCATTCACTGAGCTG,8
AGGGAAGCGGTTAGTCAG,OXT_02,AGGGGAGCGTGCGGAGGC,9
AACTCACTGTGAGGTGCT,OXT_02,AGGGGAGCGTGCGGAGGC,10
GCGTAGGCAGTTCCTGGT,OXT_07,GTGGGTGCATTTGCTGTA,8
ACAGGGTAGGATCATCAT,OXT_17,AGGAACTACGATCGTGAA,9
ATGGCACAGAGGGACGCA,OXT_22,ACGGGACCGCAGATCGAG,9
GAGGGAAGGACGCTCTGA,OXT_05,GGCGGACAGACTCTAATG,9
TCAGCATGGCATACGATA,OXT_04,TAGACAGGGCTGACTGTG,9
GGGCTGTGATGTCACGCT,OXT_01,AGGCTGCGTAAGTCTGCT,9
TATAACAATAAGCGTGCT,OXT_13,TATTACACTAGTGGATGG,9
TACATGACACTGTGGTCT,OXT_03,GACTTGGGCTCATGCTGT,10
GCGAATGAGGGAGACTGG,OXT_11,GGGTAAGGGCACAACAGT,10
ACGACAGTGGTGTGTCCG,OXT_12,AATACAGCGGTGTTTCTA,6
ATGGACGCACGGTGGTAT,OXT_20,AGGGCCTAGGGATGACGT,10
AGGGCGTCCCCCGCTCGG,OXT_26,GGGGCATTCACTGAGCTG,8
GCATGGCCAGTGATGACG,OXT_22,ACGGGACCGCAGATCGAG,10
AGCGGTATAGCAGGCGTG,OXT_28,AGCGGCGGCGACGGCGAA,8
ACGGGCGCATACCACTCT,OXT_02,AGGGGAGCGTGCGGAGGC,10
AGGGCGGAGTACTACGGG,OXT_02,AGGGGAGCGTGCGGAGGC,8
GGAGCGTGGTTCCTCGGT,OXT_11,GGGTAAGGGCACAACAGT,10
GGTGCTGCGATCTTCCGA,OXT_12,AATACAGCGGTGTTTCTA,8
AGGATGTAGAGCTCATGA,OXT_20,AGGGCCTAGGGATGACGT,8
GCACCAGACTGTGTGGCA,OXT_07,GTGGGTGCATTTGCTGTA,11
AGGGTACGTAAGGGAGTC,OXT_01,AGGCTGCGTAAGTCTGCT,7
ATGGTGGCAGGAATGTTA,OXT_07,GTGGGTGCATTTGCTGTA,10
TGGAGCCCCATTTCTCGT,OXT_01,AGGCTGCGTAAGTCTGCT,10
ACGTCTATGGGTACCGGT,OXT_20,AGGGCCTAGGGATGACGT,10
GTAGCAGTGGCAGGCCGG,OXT_27,GTAGAATGGGCATCGTCG,8
TCTACAGCATGGAGCTTT,OXT_04,TAGACAGGGCTGACTGTG,10
GGGGCAACTGTCACGGTA,OXT_07,GTGGGTGCATTTGCTGTA,9
GCCAGAGTGTGTGCGTGC,OXT_02,AGGGGAGCGTGCGGAGGC,9
ACGGACGTAGTACTGTGT,OXT_20,AGGGCCTAGGGATGACGT,10
GTAGACCGTAAACCGTGC,OXT_27,GTAGAATGGGCATCGTCG,8
ACTGCTTCACTCAGTGTG,OXT_04,TAGACAGGGCTGACTGTG,10
ATGGTGGCGACAGGGTGT,OXT_02,AGGGGAGCGTGCGGAGGC,9
AGGGCATAGGGGACGGCC,OXT_20,AGGGCCTAGGGATGACGT,8
ACTGGTGTCCAACATGAG,OXT_22,ACGGGACCGCAGATCGAG,9
ATACACGGACGTGGATAG,OXT_13,TATTACACTAGTGGATGG,9
TCCTGGAGAAGCGGCTAT,OXT_03,GACTTGGGCTCATGCTGT,10
ATCGGTGACGAACATGTA,OXT_28,AGCGGCGGCGACGGCGAA,8
GCTAGTTCGGCTCTACCG,OXT_09,TGTAGTGCTCGGCTGCCG,8
ATGAGGTGAGCTGCAGTT,OXT_14,TTGAGCGTAACGACAGTG,8
AATGGGTTACAGCCATGA,OXT_08,GACGGCATTCAGGCACGT,8
TAGCGAGGGCTCTGTGTA,OXT_04,TAGACAGGGCTGACTGTG,6
TGCGGATGCCTGCGGCTG,OXT_09,TGTAGTGCTCGGCTGCCG,9
GGTGCTGGAGTATAGTAG,OXT_27,GTAGAATGGGCATCGTCG,9
AGCAGATGATGCCATGTG,OXT_15,AGGGTATAACGTCCTTTG,8
ACACGGCTACGGCGGTCT,OXT_01,AGGCTGCGTAAGTCTGCT,11
GGCGGGTTACGCACTGGT,OXT_08,GACGGCATTCAGGCACGT,9
TACTTTGCCTAAATGTAG,OXT_03,GACTTGGGCTCATGCTGT,9
GGCTAGAGTCGTATAGCT,OXT_11,GGGTAAGGGCACAACAGT,10
GGCAGCGCGAGAAAGTGA,OXT_25,TGCATCGCAACAGCAGTT,10
ATTTGTGAGGTAATAGGT,OXT_20,AGGGCCTAGGGATGACGT,10
ACGATCGATGAGAGCAGT,OXT_11,GGGTAAGGGCACAACAGT,10
GGGGCAACACCAGTCCCA,OXT_26,GGGGCATTCACTGAGCTG,9
TTGCAGGAACTTGCAAGG,OXT_07,GTGGGTGCATTTGCTGTA,10
TGGGCAATAGCATAGTTT,OXT_26,GGGGCATTCACTGAGCTG,8
AGCGGGAAAATACCACGG,OXT_05,GGCGGACAGACTCTAATG,9
TGACGGATGGAAGGATAC,OXT_02,AGGGGAGCGTGCGGAGGC,11
AAGCGGACTCAGGAATCA,OXT_08,GACGGCATTCAGGCACGT,9
TGGAGACTCTGTATGGGC,OXT_02,AGGGGAGCGTGCGGAGGC,9
GACCAGGGGACTACTCTG,OXT_04,TAGACAGGGCTGACTGTG,9
AGGGCCAAGTGGACTGCA,OXT_20,AGGGCCTAGGGATGACGT,9
TAGTGGCAGCTGGAGTTC,OXT_04,TAGACAGGGCTGACTGTG,10
AGGAGGCCACTCCCGGTT,OXT_01,AGGCTGCGTAAGTCTGCT,10
GATCCACAACATCGGAAG,OXT_05,GGCGGACAGACTCTAATG,10
ACTGGTAACACCTGTGCA,OXT_28,AGCGGCGGCGACGGCGAA,10
GAGGGCTAATAGGTTAGA,OXT_07,GTGGGTGCATTTGCTGTA,9
GGGTGGGAAAAGTGTGAA,OXT_01,AGGCTGCGTAAGTCTGCT,9
GGCCCAAGTGGACGTGAG,OXT_16,ATAAACAGTCTAGCTGTG,11
CGCTAGCGGGCAGTTGAG,OXT_05,GGCGGACAGACTCTAATG,11
TGGGTCGTACTCCCCGTG,OXT_14,TTGAGCGTAACGACAGTG,8
AGGTACGGCACGTTCCGA,OXT_03,GACTTGGGCTCATGCTGT,10
TGCAGTAGGAGGATCGCT,OXT_09,TGTAGTGCTCGGCTGCCG,9
AGTACCGGGATGACACTG,OXT_04,TAGACAGGGCTGACTGTG,7
GGGCATAAGACACTGGAA,OXT_05,GGCGGACAGACTCTAATG,10
GAGTTCAAGACATGTGTT,OXT_24,GGGATTCGGTCATGTCCT,8
GGCTATACGTGCGGTCTT,OXT_24,GGGATTCGGTCATGTCCT,9
GTCCCAACGTGTGCCGTT,OXT_07,GTGGGTGCATTTGCTGTA,9
ATACAGTGGTGGCGAGTA,OXT_02,AGGGGAGCGTGCGGAGGC,11
ATGGCAGACGTACTCGTG,OXT_04,TAGACAGGGCTGACTGTG,10
TACCGTGTGTCCAATGTC,OXT_18,TAACGGGTTATCCATAAT,9
ATGAGTGGTGAAGTTGTG,OXT_16,ATAAACAGTCTAGCTGTG,7
TACGTTGGAGCTCCGTAA,OXT_03,GACTTGGGCTCATGCTGT,11
GCGGGAACCAGTAAGTAG,OXT_26,GGGGCATTCACTGAGCTG,8
GGTAGTATACCTTGCGTG,OXT_14,TTGAGCGTAACGACAGTG,10
ATAGGGAGGGCCTAAGGT,OXT_02,AGGGGAGCGTGCGGAGGC,10
ACACAATGGTGGACTTTG,OXT_04,TAGACAGGGCTGACTGTG,9
GGCTGATAGATGTCGGTG,OXT_05,GGCGGACAGACTCTAATG,8
ACGTGAACAGGGATGATG,OXT_22,ACGGGACCGCAGATCGAG,8
ATGGAGCGTGCGAACTAG,OXT_22,ACGGGACCGCAGATCGAG,9
AGGGCTGTAGTAAAGGTA,OXT_07,GTGGGTGCATTTGCTGTA,9
GCAGGAGAAGGGACATCG,OXT_27,GTAGAATGGGCATCGTCG,9
AGTGAACGAAAGTAACGG,OXT_01,AGGCTGCGTAAGTCTGCT,10
TGGGTAGAAGGTGAATCG,OXT_15,AGGGTATAACGTCCTTTG,7
AGCGGTATACTGCCAGCG,OXT_08,GACGGCATTCAGGCACGT,9
AGGAAATGATCGCCGCAG,OXT_15,AGGGTATAACGTCCTTTG,9
GCGGGAGCGTTAAGGTTA,OXT_07,GTGGGTGCATTTGCTGTA,8
ACGGCCCAGATAAATGTG,OXT_04,TAGACAGGGCTGACTGTG,9
TCCTGCGGCAGTCGTCAG,OXT_13,TATTACACTAGTGGATGG,10
AAGCACATGGAACCCGTT,OXT_21,GAGCAACGGGTCAGCATT,9
GACGGCAAACATGGGGCA,OXT_08,GACGGCATTCAGGCACGT,8
AGGCTACGAACGAGTGTA,OXT_01,AGGCTGCGTAAGTCTGCT,7
GCGGCACACGAAGACCGG,OXT_26,GGGGCATTCACTGAGCTG,8
ATAGAGGGTACTACGGCT,OXT_01,AGGCTGCGTAAGTCTGCT,9
CTTGGGGGCACGGTACTC,OXT_14,TTGAGCGTAACGACAGTG,10
GAGGCGAAAGAGGACCAG,OXT_08,GACGGCATTCAGGCACGT,10
ACTAGAGTGGCAGACGCG,OXT_22,ACGGGACCGCAGATCGAG,10
GGGCAGTACTCGTTAGCG,OXT_01,AGGCTGCGTAAGTCTGCT,10
ATGGCGGATCCTACTTCG,OXT_15,AGGGTATAACGTCCTTTG,8
ACTCGAGGTGGTAGACTG,OXT_02,AGGGGAGCGTGCGGAGGC,11
ATGGTGAGTAGACCACGG,OXT_01,AGGCTGCGTAAGTCTGCT,10
GTAGGTGACCGTGATGAG,OXT_07,GTGGGTGCATTTGCTGTA,8
ATGGGCGTGACCTCGATT,OXT_14,TTGAGCGTAACGACAGTG,8
ACTGGGCACTAGAGACGT,OXT_08,GACGGCATTCAGGCACGT,10
ACATGCCACCAGCCGCGT,OXT_08,GACGGCATTCAGGCACGT,9
GGCATGACAGACAAGAGG,OXT_11,GGGTAAGGGCACAACAGT,10
GGACCTGGGACGGCGTAT,OXT_27,GTAGAATGGGCATCGTCG,10
GGGCTGTCTGAAGTCCGG,OXT_10,AAGATGTATCGTGTGCTG,9
TTGGAGACATACCATGTA,OXT_07,GTGGGTGCATTTGCTGTA,8
GCTAGGGTTATTACCGCT,OXT_14,TTGAGCGTAACGACAGTG,10
ACAGGCACAGACGGCGGA,OXT_28,AGCGGCGGCGACGGCGAA,6
GGCACCGTTCAGTGTCTG,OXT_08,GACGGCATTCAGGCACGT,9
GGTGTGATGGCAACTGCT,OXT_24,GGGATTCGGTCATGTCCT,9
ACGGCTCGAACGCTAGTG,OXT_05,GGCGGACAGACTCTAATG,9
GAGCACGGTAAAGAGTCG,OXT_23,AAGTAGGGACAGAATACG,9
ACACTTGGCGGTCGAAAG,OXT_17,AGGAACTACGATCGTGAA,11
TTGTCGGCGATTCGCTTA,OXT_07,GTGGGTGCATTTGCTGTA,10
GACGGTAGCTCGAAAGTG,OXT_05,GGCGGACAGACTCTAATG,10
GGACAAGTGGACCTCATG,OXT_11,GGGTAAGGGCACAACAGT,8
AGCGGGACGTGGCCGAAC,OXT_02,AGGGGAGCGTGCGGAGGC,9
GCTTTACGAAAACAGGTG,OXT_05,GGCGGACAGACTCTAATG,11
AGGATATGCAAGTTGTAT,OXT_01,AGGCTGCGTAAGTCTGCT,8
ATGGTGTCTGACGTGCCA,OXT_10,AAGATGTATCGTGTGCTG,8
AACGAGTCACGTGGCTGT,OXT_13,TATTACACTAGTGGATGG,9
GCCAGGGGACTATGTGCG,OXT_03,GACTTGGGCTCATGCTGT,10
AGCAAGGAGAAGTGGCAT,OXT_01,AGGCTGCGTAAGTCTGCT,10
AGGGCACCCTAGTTATAG,OXT_22,ACGGGACCGCAGATCGAG,7
AAGTAGCGGGTAAGGATT,OXT_21,GAGCAACGGGTCAGCATT,5
GGCAGTGCGGATCGAATA,OXT_05,GGCGGACAGACTCTAATG,8
AGGGCGCCTGATGGTAAA,OXT_17,AGGAACTACGATCGTGAA,8
GTCCAAAGCGTAGTGTGA,OXT_27,GTAGAATGGGCATCGTCG,9
ACGCGCCCGATGCGTGTG,OXT_22,ACGGGACCGCAGATCGAG,8
TGGGGAACCGAATACCCA,OXT_28,AGCGGCGGCGACGGCGAA,10
GCTGTCAGACCGCCGAGA,OXT_08,GACGGCATTCAGGCACGT,10
CAAACGGGATTAGATGCT,OXT_04,TAGACAGGGCTGACTGTG,10
GGGGTTCGCTGCATGATG,OXT_05,GGCGGACAGACTCTAATG,10
TGTATGCACGTATTCGGC,OXT_03,GACTTGGGCTCATGCTGT,11
AGGAACAGCACGCTACGG,OXT_14,TTGAGCGTAACGACAGTG,10
TGACGGACTTCACGTTAA,OXT_18,TAACGGGTTATCCATAAT,9
AGGGTGATACGATACCTT,OXT_15,AGGGTATAACGTCCTTTG,9
TACGATAAGACGCTCATG,OXT_05,GGCGGACAGACTCTAATG,7
ATGGGTGTGCTCAAATAG,OXT_22,ACGGGACCGCAGATCGAG,9
ACACGGATGATAGACTGG,OXT_18,TAACGGGTTATCCATAAT,10
GGGGTTCCTGCACTCCCT,OXT_24,GGGATTCGGTCATGTCCT,7
GTGGGGAGACGCGTTGTA,OXT_07,GTGGGTGCATTTGCTGTA,7
AGCGGACCTATACGAGCG,OXT_05,GGCGGACAGACTCTAATG,8
TTGTCTGCTCGCGTGCAA,OXT_09,TGTAGTGCTCGGCTGCCG,8
GCTAGGCTCACCGCGTGC,OXT_29,CCCCCCCCCCCCCCGCCC,10
GATGGGTAAAATCAATGA,OXT_05,GGCGGACAGACTCTAATG,10
AATGGATCGTCTCCCCTT,OXT_05,GGCGGACAGACTCTAATG,10
TACCGGAGCTAAGATCGG,OXT_03,GACTTGGGCTCATGCTGT,10
ACCAGGAGTACTCGTAGT,OXT_18,TAACGGGTTATCCATAAT,10
TGCCGGCGTCACGATTCT,OXT_01,AGGCTGCGTAAGTCTGCT,8
AGACAGTGCATCTGGCGA,OXT_01,AGGCTGCGTAAGTCTGCT,11
CGCCGTGGGTGACGATTT,OXT_02,AGGGGAGCGTGCGGAGGC,10
AGACGGTGGCTGATGCAT,OXT_22,ACGGGACCGCAGATCGAG,10
GTGGCAAGAAGACGATAG,OXT_15,AGGGTATAACGTCCTTTG,10
GCGTACTGGATACGTGCT,OXT_24,GGGATTCGGTCATGTCCT,9
TGGTAAGTACGTTAGATG,OXT_11,GGGTAAGGGCACAACAGT,9
CAGGGCCAGTTATATCCT,OXT_24,GGGATTCGGTCATGTCCT,8
AGGGCACTACTGGATAAT,OXT_15,AGGGTATAACGTCCTTTG,10
GTAGGAGGCACTATCGCT,OXT_05,GGCGGACAGACTCTAATG,10
TAGGACATACAGCTGGGT,OXT_08,GACGGCATTCAGGCACGT,8
ACACCCGGTACTGGACAC,OXT_13,TATTACACTAGTGGATGG,11
ACGTTGGCGTAGAACGTG,OXT_22,ACGGGACCGCAGATCGAG,7
TCCGTGGAGGAGACGTAG,OXT_22,ACGGGACCGCAGATCGAG,10
TACCTGTAGATTCCGTGG,OXT_10,AAGATGTATCGTGTGCTG,10
TGACCCGACCCAGTGTAT,OXT_25,TGCATCGCAACAGCAGTT,10
ACCAGAAGGTACGTGCAG,OXT_22,ACGGGACCGCAGATCGAG,9
ACGCAGAGCAACGGACCT,OXT_01,AGGCTGCGTAAGTCTGCT,9
ATACTGCAGTCAGTACGG,OXT_10,AAGATGTATCGTGTGCTG,10
AGGGTGAATACGAACGCG,OXT_01,AGGCTGCGTAAGTCTGCT,8
GTAGGTTGTGAATAGTGG,OXT_27,GTAGAATGGGCATCGTCG,6
GCAGGGTATCCATCAAGG,OXT_27,GTAGAATGGGCATCGTCG,9
AAAGATTTGCCGCTGAGT,OXT_08,GACGGCATTCAGGCACGT,11
GAAGCCAATGTTGAGGTG,OXT_16,ATAAACAGTCTAGCTGTG,9
ACCAGTGCGCTCTATGTG,OXT_04,TAGACAGGGCTGACTGTG,9
GGTATCGTGTAGATCTGG,OXT_11,GGGTAAGGGCACAACAGT,10
GTAGCTGGTCGAACATGC,OXT_27,GTAGAATGGGCATCGTCG,10
GCTCCTAACTCTATGTAC,OXT_29,CCCCCCCCCCCCCCGCCC,11
CGGGGTGAGACATTATGG,OXT_05,GGCGGACAGACTCTAATG,8
GCAATAAATCGTCGTTTG,OXT_15,AGGGTATAACGTCCTTTG,7
ACGGGATGGTCACAGCAG,OXT_22,ACGGGACCGCAGATCGAG,9
CGTAGTCGTTCTCAGTTA,OXT_09,TGTAGTGCTCGGCTGCCG,10
ACGATGATGAGTGGGTAT,OXT_10,AAGATGTATCGTGTGCTG,9
ACGGGAATCAAAGTGTAC,OXT_22,ACGGGACCGCAGATCGAG,9
TTCAGCGTATCCAATGGG,OXT_14,TTGAGCGTAACGACAGTG,6
AACGAGGTGCAGAGCGCT,OXT_23,AAGTAGGGACAGAATACG,8
GACTGAGAATGACGCCGT,OXT_03,GACTTGGGCTCATGCTGT,7
GAGCATACGATCAACACG,OXT_21,GAGCAACGGGTCAGCATT,7
GGGTAGATGCGACCTGTT,OXT_11,GGGTAAGGGCACAACAGT,10
GTACACCTTCCGATCGTG,OXT_14,TTGAGCGTAACGACAGTG,9
TAGGCAGACTGTGGCCAG,OXT_26,GGGGCATTCACTGAGCTG,9
AGGCCGATAGCGTGTGTA,OXT_01,AGGCTGCGTAAGTCTGCT,9
AGGAGGTAACCAACTGGC,OXT_15,AGGGTATAACGTCCTTTG,9
GCCTGGCAGCAGAAGTGT,OXT_11,GGGTAAGGGCACAACAGT,9
GGCACTCACAGTCGTCTG,OXT_05,GGCGGACAGACTCTAATG,8
AGGGCTTACAACTCCCGT,OXT_20,AGGGCCTAGGGATGACGT,7
GACCAGAGGAGCAATGTG,OXT_21,GAGCAACGGGTCAGCATT,9
GCATACAGAGATAACCGC,OXT_11,GGGTAAGGGCACAACAGT,9
AGGCATACAGTGACGTGA,OXT_07,GTGGGTGCATTTGCTGTA,11
TACAGGTCGTCGAACCGT,OXT_03,GACTTGGGCTCATGCTGT,10
ACGGTGAGTGCTGGAAGG,OXT_10,AAGATGTATCGTGTGCTG,10
ATCGCGGAGCAATGGACT,OXT_20,AGGGCCTAGGGATGACGT,9
GATCCAGATGTGGACCCG,OXT_12,AATACAGCGGTGTTTCTA,9
CACAGGGTCTAGATTCGT,OXT_08,GACGGCATTCAGGCACGT,9
GGGTCAGCCATGGGTAGG,OXT_26,GGGGCATTCACTGAGCTG,9
AGGCATTAGCAACTGGCT,OXT_17,AGGAACTACGATCGTGAA,9
AGCAGGTGTAGGCCGCGA,OXT_09,TGTAGTGCTCGGCTGCCG,9
AGGTCAAGCTTAATGGCT,OXT_01,AGGCTGCGTAAGTCTGCT,11
AGCGGAGGTAAGTACATG,OXT_05,GGCGGACAGACTCTAATG,9
GGGCCATACGTCGTGTGT,OXT_26,GGGGCATTCACTGAGCTG,9
TGTGACGATGACAGTGTG,OXT_17,AGGAACTACGATCGTGAA,9
ACGCAGCAGACGGCAATT,OXT_01,AGGCTGCGTAAGTCTGCT,9
GGGATGCAGGGATGGCGA,OXT_20,AGGGCCTAGGGATGACGT,7
AGGGTAAGATAGGTGCCG,OXT_01,AGGCTGCGTAAGTCTGCT,10
ATGGTACAGACTGTAACG,OXT_05,GGCGGACAGACTCTAATG,6
ACGGGTGTTATCTGTCCT,OXT_18,TAACGGGTTATCCATAAT,9
GGGCGAAGGGAAGCGGCT,OXT_01,AGGCTGCGTAAGTCTGCT,9
CGCAGGGATTCAGGCGCT,OXT_03,GACTTGGGCTCATGCTGT,9
GAGGGATAAGGCATGGAT,OXT_21,GAGCAACGGGTCAGCATT,10
AGGTACGCTAGATGTTGG,OXT_13,TATTACACTAGTGGATGG,7
ATCGGACAGGTACGACGG,OXT_05,GGCGGACAGACTCTAATG,8
AGGTGCGCATTCGTATGA,OXT_02,AGGGGAGCGTGCGGAGGC,7
AACAAGCGTGATTCGGCG,OXT_01,AGGCTGCGTAAGTCTGCT,8
GGTGGAGAAGTAGACGCG,OXT_07,GTGGGTGCATTTGCTGTA,10
ATACGAAGAGAGTAGTCG,OXT_27,GTAGAATGGGCATCGTCG,8
ACACACCAAGTCGTGTAG,OXT_16,ATAAACAGTCTAGCTGTG,11
AGGGCATACACGGACGGG,OXT_26,GGGGCATTCACTGAGCTG,6
CACATCCACAACGCTGTG,OXT_25,TGCATCGCAACAGCAGTT,9
ACTGGGATGCATTCGTTG,OXT_15,AGGGTATAACGTCCTTTG,10
GCGGTTCGACACAGTACT,OXT_24,GGGATTCGGTCATGTCCT,8
GATCGACAGCCTTTCCAG,OXT_05,GGCGGACAGACTCTAATG,8
AGAACGAGTGCAACTGAG,OXT_16,ATAAACAGTCTAGCTGTG,7
ATGAGATGCCCGCAGGTA,OXT_04,TAGACAGGGCTGACTGTG,10
TAGGCGAGATCAGCGGAG,OXT_04,TAGACAGGGCTGACTGTG,10
TTGGTCACGACTGTCGTT,OXT_25,TGCATCGCAACAGCAGTT,8
ACTGCTGAATGGACGGAG,OXT_22,ACGGGACCGCAGATCGAG,10
AGGTGACGTACAGCCGTT,OXT_01,AGGCTGCGTAAGTCTGCT,8
TGGCATACCAATGACAGG,OXT_13,TATTACACTAGTGGATGG,9
AGGTGGCAAGATGCGATA,OXT_07,GTGGGTGCATTTGCTGTA,10
ATGGCGGTACCCAGCAGG,OXT_23,AAGTAGGGACAGAATACG,9
CGGACGGTGCTAGGCAGG,OXT_04,TAGACAGGGCTGACTGTG,10
AGAGCGCGCAACGGATTG,OXT_28,AGCGGCGGCGACGGCGAA,9
ATAGGAGCAGCATTGGAT,OXT_27,GTAGAATGGGCATCGTCG,9
GTAGCTGTTACGGGAACT,OXT_08,GACGGCATTCAGGCACGT,10
ACGGGATGATAGGCCTGT,OXT_22,ACGGGACCGCAGATCGAG,9
TGGCGGGAGTCTAGTCAA,OXT_17,AGGAACTACGATCGTGAA,10
ATGGGAGGAAGAGCGAGC,OXT_02,AGGGGAGCGTGCGGAGGC,8
ACATCAGGCGGTAATCGA,OXT_12,AATACAGCGGTGTTTCTA,10
GTGGTGAGATCGAGGTTG,OXT_03,GACTTGGGCTCATGCTGT,10
GCTCCTTTGTCACTTGAG,OXT_24,GGGATTCGGTCATGTCCT,11
GGGTGCTACGAGACTCTA,OXT_17,AGGAACTACGATCGTGAA,8
AGGGTGTACATCGCGCGG,OXT_10,AAGATGTATCGTGTGCTG,8
TGGTGAGGGACATGGTGA,OXT_03,GACTTGGGCTCATGCTGT,9
TCAGGTGGTGAGACCGGT,OXT_08,GACGGCATTCAGGCACGT,10
GCGATGCGTACAACATTG,OXT_14,TTGAGCGTAACGACAGTG,9
GCAGCGGAATGCAGGGCT,OXT_02,AGGGGAGCGTGCGGAGGC,11
GTAGCTACAGGGGATACG,OXT_07,GTGGGTGCATTTGCTGTA,10
ATAGACCTAGACCGGATG,OXT_06,ATCATCATCATCATCATC,11
ATGGTAACGCTGCGTTGA,OXT_15,AGGGTATAACGTCCTTTG,9
ACTCGGTCAGAGCCAGCT,OXT_01,AGGCTGCGTAAGTCTGCT,9
TTGGGAACGACGTTATCT,OXT_05,GGCGGACAGACTCTAATG,10
GCGGTGTACAGAGAGGCG,OXT_26,GGGGCATTCACTGAGCTG,8
TCATGGTCACCACTTCGT,OXT_09,TGTAGTGCTCGGCTGCCG,11
GCATGCTTGTTGTGCGCT,OXT_03,GACTTGGGCTCATGCTGT,11
ATTGGCCGTATGTCTCCT,OXT_01,AGGCTGCGTAAGTCTGCT,7
GTGCCCATGGAAGACGCG,OXT_16,ATAAACAGTCTAGCTGTG,11
GCACGCAAACCGGCCGAT,OXT_08,GACGGCATTCAGGCACGT,9
AGACGGGAGCTGCGGATG,OXT_05,GGCGGACAGACTCTAATG,10
ACAGCTAACGGCCACGTG,OXT_15,AGGGTATAACGTCCTTTG,11
GTGCCGGTTGAACCCTAT,OXT_18,TAACGGGTTATCCATAAT,10
AGGGTCCAGCAATCGGAG,OXT_22,ACGGGACCGCAGATCGAG,8
GACGTCAACACTCGATTG,OXT_05,GGCGGACAGACTCTAATG,7
GGAGGTTGCATTGTGTGG,OXT_26,GGGGCATTCACTGAGCTG,8
AACGTAATCCACGCTGCT,OXT_08,GACGGCATTCAGGCACGT,8
ATTATGTGTCATGTGACT,OXT_10,AAGATGTATCGTGTGCTG,7
TCCGGGTGTTAGACGTCG,OXT_27,GTAGAATGGGCATCGTCG,10
ACTGTATTGGCAGTGTCT,OXT_27,GTAGAATGGGCATCGTCG,8
GAAGGACCTGAGTGTATG,OXT_05,GGCGGACAGACTCTAATG,10
AGCAGTAGCATCGAGTTG,OXT_06,ATCATCATCATCATCATC,9
GCAAGCACTCGGCTCGAT,OXT_09,TGTAGTGCTCGGCTGCCG,9
ACGACAACGGACCACGTG,OXT_22,ACGGGACCGCAGATCGAG,8
AGCAGGTAGGGTCTGAGG,OXT_05,GGCGGACAGACTCTAATG,8
GCGGAGTCGTTTAACAGT,OXT_11,GGGTAAGGGCACAACAGT,8
GAGTAACACCCGCTGTAG,OXT_05,GGCGGACAGACTCTAATG,10
TGGGTGATAGGCGACTGT,OXT_02,AGGGGAGCGTGCGGAGGC,11
TGGACCATACTGCAGTCG,OXT_09,TGTAGTGCTCGGCTGCCG,9
ACACGACCTGGCGGGTGG,OXT_02,AGGGGAGCGTGCGGAGGC,9
ACGCGGAACCATCCATGT,OXT_08,GACGGCATTCAGGCACGT,10
GGAGGAGGGACACTGAAG,OXT_05,GGCGGACAGACTCTAATG,6
AGCCAGGGGAACGCTCGA,OXT_01,AGGCTGCGTAAGTCTGCT,9
TGCGGCATGCGGACAGCA,OXT_08,GACGGCATTCAGGCACGT,8
ACAGAGTGAGACGTTAAT,OXT_23,AAGTAGGGACAGAATACG,10
TGGGATGGGACCCGGGAG,OXT_02,AGGGGAGCGTGCGGAGGC,10
GCTAGCCCGCTACTGTTG,OXT_09,TGTAGTGCTCGGCTGCCG,9
TTGACCGATCAGTATGCT,OXT_01,AGGCTGCGTAAGTCTGCT,9
ACACGGCCTGTACGTGTA,OXT_16,ATAAACAGTCTAGCTGTG,10
AGGACAGATCGACGGACA,OXT_09,TGTAGTGCTCGGCTGCCG,9
GTACGGTTAGCGCTTCCG,OXT_27,GTAGAATGGGCATCGTCG,10
GGCCCATGCTGTGGTATG,OXT_26,GGGGCATTCACTGAGCTG,8
TGAAGGACAGCCCGACTG,OXT_09,TGTAGTGCTCGGCTGCCG,10
TCGATCCGTTAGTCCGCT,OXT_01,AGGCTGCGTAAGTCTGCT,6
CAGGAGAACGTCATCGTG,OXT_21,GAGCAACGGGTCAGCATT,9
AGGCAGCACATGTATTCT,OXT_01,AGGCTGCGTAAGTCTGCT,6
ACAGGCTATTCGTGTGCA,OXT_17,AGGAACTACGATCGTGAA,10
ACGGTGTGGGAGCCCTGA,OXT_01,AGGCTGCGTAAGTCTGCT,10
ATGGGTCCAACCCTACTG,OXT_05,GGCGGACAGACTCTAATG,8
CAGAACAGGTCACGGTGT,OXT_03,GACTTGGGCTCATGCTGT,9
ATGAAGCAAATGGTGGAG,OXT_10,AAGATGTATCGTGTGCTG,9
AGGGAGGCGACGCGAAGT,OXT_02,AGGGGAGCGTGCGGAGGC,8
AGGATGAACGCTCTCCGC,OXT_10,AAGATGTATCGTGTGCTG,9
ACACAGGATACCGTGTTG,OXT_10,AAGATGTATCGTGTGCTG,9
GCATGTCCGACCTCTATG,OXT_05,GGCGGACAGACTCTAATG,9
GAGGCTAGAGAGGTGTGA,OXT_08,GACGGCATTCAGGCACGT,10
GGCAGACGATCGGTTACT,OXT_24,GGGATTCGGTCATGTCCT,8
AGGGCCGAAAAGTGTTCT,OXT_01,AGGCTGCGTAAGTCTGCT,8
ATCGAGGGATGAGTCATT,OXT_03,GACTTGGGCTCATGCTGT,10
ACAACTATTCAGATGTGG,OXT_09,TGTAGTGCTCGGCTGCCG,10
ACGCATACGTTTGAGTAG,OXT_07,GTGGGTGCATTTGCTGTA,11
GGCCCAGAACTCTTCACT,OXT_11,GGGTAAGGGCACAACAGT,9
GGGCTCAGTAATACGCGT,OXT_01,AGGCTGCGTAAGTCTGCT,8
CGAACCGAGAACACTGTG,OXT_04,TAGACAGGGCTGACTGTG,8
AGGTGGGATGTAGCGTCG,OXT_10,AAGATGTATCGTGTGCTG,10
TGCGAGTAGATATCAGGG,OXT_20,AGGGCCTAGGGATGACGT,9
ATCGGCCGAGTGAACTGT,OXT_28,AGCGGCGGCGACGGCGAA,10
ACTGGTACTGCCTTTGTG,OXT_12,AATACAGCGGTGTTTCTA,10
AACCAAAGACTGGCTGTG,OXT_16,ATAAACAGTCTAGCTGTG,6
GGCCTAGGATGGTAAGCA,OXT_01,AGGCTGCGTAAGTCTGCT,10
ACGTGCCGTAGTGGTGCA,OXT_01,AGGCTGCGTAAGTCTGCT,9
CTGGTCAAGAGAGCGACG,OXT_27,GTAGAATGGGCATCGTCG,10
GTGGCTAGAGGAGGTATT,OXT_07,GTGGGTGCATTTGCTGTA,9
AACACCGATCAATGTGCG,OXT_16,ATAAACAGTCTAGCTGTG,9
AAGGGCATCTGGACCTGA,OXT_08,GACGGCATTCAGGCACGT,9
GTCGTCTGTTAGATGTCG,OXT_27,GTAGAATGGGCATCGTCG,9
AGGTCGATGCACCAAGTG,OXT_11,GGGTAAGGGCACAACAGT,10
GCGCCAATCGTAGGGTAA,OXT_26,GGGGCATTCACTGAGCTG,10
AGGGATCGAGGGAATTGC,OXT_23,AAGTAGGGACAGAATACG,9
ATATGCCACTGGGTGTGC,OXT_02,AGGGGAGCGTGCGGAGGC,11
AGGTGTCAATAGAGGATA,OXT_23,AAGTAGGGACAGAATACG,10
ACCGGAGCTGACAAGAGT,OXT_11,GGGTAAGGGCACAACAGT,9
AGGTAGCTTTCACCTTGG,OXT_01,AGGCTGCGTAAGTCTGCT,10
CGTTGGGAACCGCTGTGG,OXT_09,TGTAGTGCTCGGCTGCCG,8
GCTGAACTGATACGGCTG,OXT_05,GGCGGACAGACTCTAATG,9
ATTGTCAGGACATGCGCT,OXT_24,GGGATTCGGTCATGTCCT,9
AGGGCAGCCTGACATGAG,OXT_02,AGGGGAGCGTGCGGAGGC,8
AGGGAAGGGTACAACGCG,OXT_11,GGGTAAGGGCACAACAGT,6
TGGGCACATCGGACAGCT,OXT_01,AGGCTGCGTAAGTCTGCT,9
AGGATGCGATAGCCGATG,OXT_01,AGGCTGCGTAAGTCTGCT,8
TAACCGGACAAGATTGGT,OXT_18,TAACGGGTTATCCATAAT,9
TATCGGCACGTCAGTGCT,OXT_18,TAACGGGTTATCCATAAT,9
AGGCGGTGAAAGTCGCTG,OXT_01,AGGCTGCGTAAGTCTGCT,7
CTAGGGAGTTGGATATGG,OXT_08,GACGGCATTCAGGCACGT,11
ACGGGCGATGAGATAGGT,OXT_22,ACGGGACCGCAGATCGAG,8
TTGGTTGGAAGCGAGTAT,OXT_07,GTGGGTGCATTTGCTGTA,11
ACGGACAGACTATGCAAT,OXT_16,ATAAACAGTCTAGCTGTG,10
ACAGCCTGTCATGCGGAG,OXT_16,ATAAACAGTCTAGCTGTG,8
ATGGTTGGGACGTGCTGG,OXT_03,GACTTGGGCTCATGCTGT,9
AGGGCACATACCGGCTCA,OXT_02,AGGGGAGCGTGCGGAGGC,10
AGCAGGGAAACCATGCGG,OXT_05,GGCGGACAGACTCTAATG,10
TTTGGGACGACTGAGACT,OXT_05,GGCGGACAGACTCTAATG,11
ACAATGGATCACACAGCT,OXT_01,AGGCTGCGTAAGTCTGCT,9
GATAGTTGGCATCCTGGA,OXT_04,TAGACAGGGCTGACTGTG,10
AAGTACGTCAGGCTTGGT,OXT_17,AGGAACTACGATCGTGAA,10
AAGGGCCCACGCACGTAC,OXT_22,ACGGGACCGCAGATCGAG,9
AACGAGACCTAAACTGTG,OXT_16,ATAAACAGTCTAGCTGTG,9
GAGCTAGTTACCGGCGTG,OXT_21,GAGCAACGGGTCAGCATT,9
TCGAGGGATACTTCCACG,OXT_14,TTGAGCGTAACGACAGTG,9
ATGGAACAGCTTGTAGTG,OXT_05,GGCGGACAGACTCTAATG,8
TCAACGACGCGGTCTGAA,OXT_04,TAGACAGGGCTGACTGTG,9
GATGGTGCAATGGGCGTA,OXT_07,GTGGGTGCATTTGCTGTA,6
AGGTGGCAGACGGTACTT,OXT_05,GGCGGACAGACTCTAATG,8
AGGGGACACATATACACG,OXT_05,GGCGGACAGACTCTAATG,9
TTGCGTCATGCTCAGCGG,OXT_09,TGTAGTGCTCGGCTGCCG,10
TACTGCTCGAATTCGGAT,OXT_25,TGCATCGCAACAGCAGTT,10
GCATACAGTGAGGTGTGT,OXT_08,GACGGCATTCAGGCACGT,9
AAACGCAGATCAAGTCGA,OXT_03,GACTTGGGCTCATGCTGT,11
TACGGCTTGTCATTCGTG,OXT_05,GGCGGACAGACTCTAATG,10
AACCAGTTCTATGTGGCT,OXT_10,AAGATGTATCGTGTGCTG,10
TGCGTAGTCCTTCACTCT,OXT_15,AGGGTATAACGTCCTTTG,10
AACAGTAGTGCTAGCGCG,OXT_28,AGCGGCGGCGACGGCGAA,10
AGGCAGCCAATACGTGAT,OXT_01,AGGCTGCGTAAGTCTGCT,8
GCTACCGCATAGAGGGTA,OXT_07,GTGGGTGCATTTGCTGTA,10
GTAGTGACAAGATGTTCG,OXT_27,GTAGAATGGGCATCGTCG,9
TCGATGTCAGGACTACTC,OXT_10,AAGATGTATCGTGTGCTG,9
TCTGCAGGGCGTATGCGA,OXT_04,TAGACAGGGCTGACTGTG,10
GGACCAACATTGCACTGC,OXT_02,AGGGGAGCGTGCGGAGGC,12
GCAGTGTCGAGTCACGAT,OXT_18,TAACGGGTTATCCATAAT,11
GGGACGTGTACAGGTATC,OXT_24,GGGATTCGGTCATGTCCT,9
ACAGCGGGTCCGGATGCG,OXT_23,AAGTAGGGACAGAATACG,8
ATGTGTAGCTGTGCGATT,OXT_07,GTGGGTGCATTTGCTGTA,9
ACCGAGTAGTTGGGCCAT,OXT_20,AGGGCCTAGGGATGACGT,10
GCGCGGTGTAGTTGCACA,OXT_01,AGGCTGCGTAAGTCTGCT,10
GATAAGACACTCGCGTGG,OXT_13,TATTACACTAGTGGATGG,9
ATGATCGCCAACGCGTTG,OXT_06,ATCATCATCATCATCATC,9
GCAGATTGGTAACATGTG,OXT_27,GTAGAATGGGCATCGTCG,9
AGGAGCCGCTGCGTTCGA,OXT_02,AGGGGAGCGTGCGGAGGC,9
GGCAATGATACCGTCGCT,OXT_25,TGCATCGCAACAGCAGTT,9
ATAGCAGCGGGTCAACGT,OXT_20,AGGGCCTAGGGATGACGT,8
ATCATAGACATGGGATGC,OXT_06,ATCATCATCATCATCATC,9
ATGGCCATCCGTGCCGTG,OXT_16,ATAAACAGTCTAGCTGTG,8
CTGCAGGTATTCATGGCG,OXT_14,TTGAGCGTAACGACAGTG,10
GGGAACAGTATGTGCACA,OXT_01,AGGCTGCGTAAGTCTGCT,10
AGGTTACTCACGCGTCCT,OXT_01,AGGCTGCGTAAGTCTGCT,8
AGAGGGACACTGCGCGCG,OXT_22,ACGGGACCGCAGATCGAG,9
AGGAGGGACCGCGCTCTG,OXT_10,AAGATGTATCGTGTGCTG,7
GGCCATTCTTCCGGAGTT,OXT_25,TGCATCGCAACAGCAGTT,9
ACGTGGGATCTCGACACG,OXT_23,AAGTAGGGACAGAATACG,8
AGCAGTAGTCGGTCCATG,OXT_09,TGTAGTGCTCGGCTGCCG,9
TGGTGGGAAGGATGACGG,OXT_20,AGGGCCTAGGGATGACGT,7
ATCGACTATTCAAACGTG,OXT_16,ATAAACAGTCTAGCTGTG,9
ACAGTGCTGCGGATGAGA,OXT_22,ACGGGACCGCAGATCGAG,9
AGACGTGACAGACCTGTG,OXT_15,AGGGTATAACGTCCTTTG,9
AGGCCTCAAGCATGGGTA,OXT_20,AGGGCCTAGGGATGACGT,9
GGGCATGTGTGTACACCA,OXT_07,GTGGGTGCATTTGCTGTA,10
AGGCGTTCAAGGACTGTG,OXT_14,TTGAGCGTAACGACAGTG,8
GCGGTGTAGCTTACTGGA,OXT_07,GTGGGTGCATTTGCTGTA,9
GTCAACGATGCTATTGGT,OXT_17,AGGAACTACGATCGTGAA,10
AGGGCTGCTAAGCTATTA,OXT_09,TGTAGTGCTCGGCTGCCG,10
GACGTAGCGCAAAGGGAG,OXT_22,ACGGGACCGCAGATCGAG,8
TCACAATAGGACCGGCTG,OXT_21,GAGCAACGGGTCAGCATT,10
ATGGCAGTTAGAGGTCGT,OXT_20,AGGGCCTAGGGATGACGT,8
ACATCGCTACTGGTGTGC,OXT_10,AAGATGTATCGTGTGCTG,12
ACGGCAGTCATGAGGTGT,OXT_26,GGGGCATTCACTGAGCTG,10
TCGGGCACTGGGAGGCGA,OXT_08,GACGGCATTCAGGCACGT,10
GTACAGTGACACGTTCCT,OXT_23,AAGTAGGGACAGAATACG,10
ACGACCAGACACCATACT,OXT_23,AAGTAGGGACAGAATACG,8
GCACATACGACGCGTTGG,OXT_13,TATTACACTAGTGGATGG,10
TAGGCGAGGTGACTGTTG,OXT_04,TAGACAGGGCTGACTGTG,10
ATATGCGAGACGTTCGCG,OXT_14,TTGAGCGTAACGACAGTG,9
TGCACAGCACGCATTCCT,OXT_09,TGTAGTGCTCGGCTGCCG,8
ACGGATCATTGGATGCGG,OXT_10,AAGATGTATCGTGTGCTG,9
GCGTACCGATCCTCGCCT,OXT_24,GGGATTCGGTCATGTCCT,8
ACGCTGGTGTCGATGCGT,OXT_01,AGGCTGCGTAAGTCTGCT,11
TTGGGATAGCGGCGCGGA,OXT_02,AGGGGAGCGTGCGGAGGC,9
GGGATTAAGCTACTGTGT,OXT_24,GGGATTCGGTCATGTCCT,9
ATGGTGCTGCCTTTGCCG,OXT_10,AAGATGTATCGTGTGCTG,8
ACAGAGGGTAACGCGTCG,OXT_27,GTAGAATGGGCATCGTCG,9
TGAAGCCTTGACCTGTGC,OXT_09,TGTAGTGCTCGGCTGCCG,10
TGCAAGCGGTATGTACTT,OXT_05,GGCGGACAGACTCTAATG,10
AGCACGTAGCTTAGTGTG,OXT_04,TAGACAGGGCTGACTGTG,8
CACGGTCTGTGTACGGAA,OXT_07,GTGGGTGCATTTGCTGTA,10
AGCGAGTACGAGATCTGT,OXT_17,AGGAACTACGATCGTGAA,10
TCGGGTCTCTAGCCTCCT,OXT_01,AGGCTGCGTAAGTCTGCT,10
ACGAAGAGGCGCTAGCAG,OXT_10,AAGATGTATCGTGTGCTG,9
AAGGCACAATGTTCGCTT,OXT_15,AGGGTATAACGTCCTTTG,8
TGTGCCAGAATACGTGAG,OXT_16,ATAAACAGTCTAGCTGTG,10
TTGGTGACGACTAGGCAG,OXT_26,GGGGCATTCACTGAGCTG,10
ACATCAGGCGACGCGTCC,OXT_27,GTAGAATGGGCATCGTCG,10
GGTGATCTACGACATGCT,OXT_24,GGGATTCGGTCATGTCCT,10
TAACCAGGTCTACGTGAT,OXT_18,TAACGGGTTATCCATAAT,7
GATGGTCGCCGTGCCTTT,OXT_07,GTGGGTGCATTTGCTGTA,10
ATTAGTGGGCAGACGCGA,OXT_09,TGTAGTGCTCGGCTGCCG,9
ATGTAGTATAGGACATGG,OXT_13,TATTACACTAGTGGATGG,9
ACGTATGCTCCGTGCAGT,OXT_11,GGGTAAGGGCACAACAGT,9
ATGGTGTGCAACATGTCG,OXT_01,AGGCTGCGTAAGTCTGCT,10
GTAACCGATCGTCATTGT,OXT_15,AGGGTATAACGTCCTTTG,11
GTAAGGCCTGACTCCGCT,OXT_01,AGGCTGCGTAAGTCTGCT,9
ATAGCGGCGAGCACTGTA,OXT_07,GTGGGTGCATTTGCTGTA,9
ACAGTGGTGCAGGCAACA,OXT_08,GACGGCATTCAGGCACGT,10
ATAGGTACGAGCAGATTG,OXT_02,AGGGGAGCGTGCGGAGGC,9
ACGGGCAGGTAGCACTGG,OXT_22,ACGGGACCGCAGATCGAG,8
AGAGGGCTCTCAGCGGCA,OXT_28,AGCGGCGGCGACGGCGAA,10
ACCGAGGTCACATCGGTG,OXT_14,TTGAGCGTAACGACAGTG,10
AACCGTACTCATTGTGCG,OXT_01,AGGCTGCGTAAGTCTGCT,10
GGCGTCTTATGAGGTGCT,OXT_24,GGGATTCGGTCATGTCCT,9
AAGCAGTGACCGTCAAGT,OXT_23,AAGTAGGGACAGAATACG,8
AGGCAAGACTGTTAGTGG,OXT_15,AGGGTATAACGTCCTTTG,9
AGTACCGGGCGCCGTGTT,OXT_04,TAGACAGGGCTGACTGTG,9
ATGATCGATGTGCCCGGC,OXT_06,ATCATCATCATCATCATC,10
GTGCGGTTCGGCAGCATT,OXT_21,GAGCAACGGGTCAGCATT,7
GGGATACTACGACAGGAA,OXT_15,AGGGTATAACGTCCTTTG,10
ATGGTCACGCATCGAGCG,OXT_22,ACGGGACCGCAGATCGAG,9
GGTGCTAAGTCGACCAGG,OXT_05,GGCGGACAGACTCTAATG,10
AGGGTGCAGTATAACAGA,OXT_11,GGGTAAGGGCACAACAGT,9
GCATTGGGTAGATTATCG,OXT_03,GACTTGGGCTCATGCTGT,9
TGAGTCCGGACCGAGTGG,OXT_26,GGGGCATTCACTGAGCTG,10
TACCGCAGTGAGGGAGAG,OXT_08,GACGGCATTCAGGCACGT,8
AGGCGGACTAACACCGTG,OXT_01,AGGCTGCGTAAGTCTGCT,8
GATAGGCAGGGGACTCGA,OXT_12,AATACAGCGGTGTTTCTA,9
TGGCACACTATGACGTCG,OXT_13,TATTACACTAGTGGATGG,9
ACCAGCAATCCAATTGTG,OXT_16,ATAAACAGTCTAGCTGTG,7
TGGTGACTGCTGACGTAA,OXT_04,TAGACAGGGCTGACTGTG,9
ACGGAGTACCTCAATGTG,OXT_15,AGGGTATAACGTCCTTTG,9
GAGGTGTACCAACTTGGC,OXT_10,AAGATGTATCGTGTGCTG,10
AGGGGCAAGAATTCGTAC,OXT_15,AGGGTATAACGTCCTTTG,10
GGTGCACCAGTAGGGTGA,OXT_02,AGGGGAGCGTGCGGAGGC,11
CAAACGGATCGGTGCTCT,OXT_03,GACTTGGGCTCATGCTGT,10
AATACGTCCGGTTCTGCG,OXT_12,AATACAGCGGTGTTTCTA,9
CAGGCCGGAGAGGTGATG,OXT_23,AAGTAGGGACAGAATACG,9
AACAGCGGATGAACTCGT,OXT_03,GACTTGGGCTCATGCTGT,10
AATAGCAGTTCGACAGCT,OXT_08,GACGGCATTCAGGCACGT,9
CGCAGACACGGGTATGCG,OXT_01,AGGCTGCGTAAGTCTGCT,11
GGCGGAAGTCTAGGATGA,OXT_08,GACGGCATTCAGGCACGT,8
AGCGGAACGGGTCACATG,OXT_05,GGCGGACAGACTCTAATG,7
GATCCAGCAAATTCAAGG,OXT_13,TATTACACTAGTGGATGG,10
GCGGCGAGTAAGATGTTG,OXT_22,ACGGGACCGCAGATCGAG,10
AGCTGGTAAGCGACGTGC,OXT_15,AGGGTATAACGTCCTTTG,11
GCAAACGGAGTCTAATGG,OXT_27,GTAGAATGGGCATCGTCG,10
GCAGTTGGGTCTATTTGG,OXT_03,GACTTGGGCTCATGCTGT,10
TGCCCAGATCCTATTGCG,OXT_04,TAGACAGGGCTGACTGTG,9
GGGGAAGAGACGCGATGG,OXT_05,GGCGGACAGACTCTAATG,7
ACGTGGGCCTCGCTCGCT,OXT_22,ACGGGACCGCAGATCGAG,9
CTGCAGAAAAGGCTGTGG,OXT_10,AAGATGTATCGTGTGCTG,11
GGGCTTACTGAACATGCT,OXT_01,AGGCTGCGTAAGTCTGCT,8
GGGTACGGAACGGAGTCG,OXT_23,AAGTAGGGACAGAATACG,8
GAGGGGCCACGAACAGTC,OXT_07,GTGGGTGCATTTGCTGTA,9
GTGGGGCTGAGTTGACGT,OXT_20,AGGGCCTAGGGATGACGT,8
GGCCCGGGTGAGGGAGAA,OXT_28,AGCGGCGGCGACGGCGAA,7
GCAAGGCGAAAATTGTGA,OXT_03,GACTTGGGCTCATGCTGT,11
GGGCTAGTAGCATCGGAG,OXT_27,GTAGAATGGGCATCGTCG,9
CTGGTCGATTTCGTACAT,OXT_02,AGGGGAGCGTGCGGAGGC,11
ATAGGCTGACCATACTGT,OXT_27,GTAGAATGGGCATCGTCG,9
ACAGCAAGGCATAGGGCA,OXT_22,ACGGGACCGCAGATCGAG,9
GAGGAGGCGGCACATGAC,OXT_02,AGGGGAGCGTGCGGAGGC,11
GGGAAGTATTCACAGTGT,OXT_03,GACTTGGGCTCATGCTGT,10
GTACGCGCGTACAGTAGG,OXT_02,AGGGGAGCGTGCGGAGGC,10
AGAAGTGGTGACGTGCGA,OXT_28,AGCGGCGGCGACGGCGAA,8
GGGAAGGCCACTGTGCAT,OXT_26,GGGGCATTCACTGAGCTG,8
TAGTAGTGAGTATGATGG,OXT_03,GACTTGGGCTCATGCTGT,9
CGTAGAAGGTGGCTTGTT,OXT_04,TAGACAGGGCTGACTGTG,10
CAGGGTGCAGACCTTTTG,OXT_07,GTGGGTGCATTTGCTGTA,9
AGAGACAGATGTCTTGGG,OXT_15,AGGGTATAACGTCCTTTG,9
ACTCGCCTTTACCGGTCG,OXT_29,CCCCCCCCCCCCCCGCCC,10
ATCGCCCTTAGAATCCTA,OXT_06,ATCATCATCATCATCATC,8
ACGGCAGATCTCGGTGAG,OXT_02,AGGGGAGCGTGCGGAGGC,9
TGGACTCACATATTCGTT,OXT_24,GGGATTCGGTCATGTCCT,10
GGGGTTCATGACGAGGGC,OXT_02,AGGGGAGCGTGCGGAGGC,10
ACAGGAGTTAAACTGTTG,OXT_05,GGCGGACAGACTCTAATG,10
GGGCGCTTCACTGGATCT,OXT_26,GGGGCATTCACTGAGCTG,8
ATCTACGGCGAGCAGATG,OXT_23,AAGTAGGGACAGAATACG,8
GTAGGGACTATCTCGCTG,OXT_07,GTGGGTGCATTTGCTGTA,10
GATAGGGCAGAGGATGCG,OXT_23,AAGTAGGGACAGAATACG,8
AGGGGCTAATTCATGACA,OXT_02,AGGGGAGCGTGCGGAGGC,11
GTGTACTGGCACTCATTG,OXT_27,GTAGAATGGGCATCGTCG,8
ACATCGGCGATGATGGCG,OXT_22,ACGGGACCGCAGATCGAG,9
CTTGCGGTAGATCATGCT,OXT_07,GTGGGTGCATTTGCTGTA,11
TCCGAGCACTGTGTCGCT,OXT_03,GACTTGGGCTCATGCTGT,12
ATGGCATAAAACAGCGTG,OXT_15,AGGGTATAACGTCCTTTG,9
GCAACCCGGTTGGAGAGG,OXT_04,TAGACAGGGCTGACTGTG,11
TTGGGCTACCATCTACTA,OXT_17,AGGAACTACGATCGTGAA,9
TGGCGGAATTGTTGTGCG,OXT_01,AGGCTGCGTAAGTCTGCT,9
CAAGGGTATCAGCAAACG,OXT_23,AAGTAGGGACAGAATACG,9
GGAGGATGCAGTTATACG,OXT_26,GGGGCATTCACTGAGCTG,8
ACAGGCAGTACATGTGGA,OXT_16,ATAAACAGTCTAGCTGTG,9
GGCGATGGACCCTAGATG,OXT_11,GGGTAAGGGCACAACAGT,9
TGCCGCTGGAGCCCTACG,OXT_05,GGCGGACAGACTCTAATG,10
ACCATGGACAGCCGTGCA,OXT_17,AGGAACTACGATCGTGAA,9
TCATAGTGTGGTCTGCCT,OXT_09,TGTAGTGCTCGGCTGCCG,10
AGCGACGCAAATCTGTGA,OXT_17,AGGAACTACGATCGTGAA,10
AAGGACTGTGAGGACTGA,OXT_28,AGCGGCGGCGACGGCGAA,9
CGCGGTAGCGGATACTGG,OXT_03,GACTTGGGCTCATGCTGT,10
GTATGGTCTGCATGTTCT,OXT_27,GTAGAATGGGCATCGTCG,8
ACGCTTGCGGCGGACACT,OXT_01,AGGCTGCGTAAGTCTGCT,11
AGTTTCGTAGAGGGATAG,OXT_28,AGCGGCGGCGACGGCGAA,9
CGGGAGAAGTCCCGTCGG,OXT_02,AGGGGAGCGTGCGGAGGC,10
AGGCGGTTGCATTGGCGT,OXT_20,AGGGCCTAGGGATGACGT,8
ACGGAGCCTGATCTGTTA,OXT_10,AAGATGTATCGTGTGCTG,10
GACCCCTAAGGCCGGTAA,OXT_17,AGGAACTACGATCGTGAA,10
GGGATGTAGCCTTAGGTA,OXT_10,AAGATGTATCGTGTGCTG,8
GGACGAGGAATGTGGGAA,OXT_28,AGCGGCGGCGACGGCGAA,10
ACAGCCGTCCACGGTGCG,OXT_28,AGCGGCGGCGACGGCGAA,8
ATGGCGGCCTAGAGGTGT,OXT_02,AGGGGAGCGTGCGGAGGC,10
ATGAGTGGTCATACAAGG,OXT_14,TTGAGCGTAACGACAGTG,9
CGGGGATTTGACGTCAGC,OXT_02,AGGGGAGCGTGCGGAGGC,9
GCGGACGGATTAGAAGTG,OXT_07,GTGGGTGCATTTGCTGTA,8
ACAGCCCCAGGGATGTGC,OXT_22,ACGGGACCGCAGATCGAG,10
GCAGACGAGTAAGGGACT,OXT_27,GTAGAATGGGCATCGTCG,10
GGCTGTCGATGTACGTGG,OXT_03,GACTTGGGCTCATGCTGT,11
GTTCTGAGGGCCATGTGT,OXT_03,GACTTGGGCTCATGCTGT,10
GTGGGACAGGACCGCCAT,OXT_21,GAGCAACGGGTCAGCATT,8
AGAGGGACAGAATGTGTA,OXT_28,AGCGGCGGCGACGGCGAA,9
TCGGGGCTCTGGCGTCCT,OXT_24,GGGATTCGGTCATGTCCT,10
AAGGGTACTCTTGCTTGC,OXT_07,GTGGGTGCATTTGCTGTA,8
GGGGCATTGGACGCGGAT,OXT_26,GGGGCATTCACTGAGCTG,8
GCTAGACACGAACTTGTG,OXT_05,GGCGGACAGACTCTAATG,9
AGCATACCGGCAACGAGT,OXT_25,TGCATCGCAACAGCAGTT,9
ATGGGCAGAGGTCGACCA,OXT_20,AGGGCCTAGGGATGACGT,9
GTGTATGCAATTGTGGTC,OXT_07,GTGGGTGCATTTGCTGTA,6
GGGCTGAGCTCACAACGT,OXT_03,GACTTGGGCTCATGCTGT,8
TGCATTACCCTTGCGTGG,OXT_09,TGTAGTGCTCGGCTGCCG,10
ATGGGATACATGCGCTCA,OXT_15,AGGGTATAACGTCCTTTG,10
GGGACGGCAGACAGTACT,OXT_11,GGGTAAGGGCACAACAGT,9
GCGACATACGTGATCTGG,OXT_04,TAGACAGGGCTGACTGTG,10
TAACCCAATCATCTGTCG,OXT_09,TGTAGTGCTCGGCTGCCG,10
TGACTGGGATCAAAAGCG,OXT_25,TGCATCGCAACAGCAGTT,9
ACACAGTGATAACAGTGG,OXT_23,AAGTAGGGACAGAATACG,10
ATGCCCACAGAACCTGCG,OXT_16,ATAAACAGTCTAGCTGTG,9
ACAGCCGATAGTATCCGA,OXT_20,AGGGCCTAGGGATGACGT,10
AGGATGTCACAGGCCTGG,OXT_15,AGGGTATAACGTCCTTTG,8
AGCGGGAATATGACGTGA,OXT_08,GACGGCATTCAGGCACGT,10
TATCATCACCACGGGGCG,OXT_09,TGTAGTGCTCGGCTGCCG,11
AGCGGAGGCTGCCTATGT,OXT_02,AGGGGAGCGTGCGGAGGC,7
TATCCATTCCGTCTCGTA,OXT_04,TAGACAGGGCTGACTGTG,11
GACGCGTGAGGTACATAA,OXT_15,AGGGTATAACGTCCTTTG,11
TTGCCCGAGCAAGATTGG,OXT_04,TAGACAGGGCTGACTGTG,10
GACGGTAATTGAAGGCAG,OXT_08,GACGGCATTCAGGCACGT,10
ATATTAAGGTCACCCGTT,OXT_16,ATAAACAGTCTAGCTGTG,9
CTGGGCAGACTATCGTGT,OXT_08,GACGGCATTCAGGCACGT,10
GGATGCCACTCATGACGG,OXT_03,GACTTGGGCTCATGCTGT,9
ATGGCCGATGCGGTCGTC,OXT_14,TTGAGCGTAACGACAGTG,10
ACCTTGGGTTACAGCGTG,OXT_03,GACTTGGGCTCATGCTGT,9
GCGGTAATGAGTCAGCGT,OXT_26,GGGGCATTCACTGAGCTG,8
ATACCCTGCTTGCTGTCG,OXT_27,GTAGAATGGGCATCGTCG,10
TGCGGTACCGAGCGTCCT,OXT_09,TGTAGTGCTCGGCTGCCG,9
ATGGCGTGTCGCGATGAT,OXT_01,AGGCTGCGTAAGTCTGCT,10
CGGGCGAGAATAACGTGT,OXT_01,AGGCTGCGTAAGTCTGCT,11
GACCTTAAGCATGTAGCT,OXT_08,GACGGCATTCAGGCACGT,9
AGGGTTCGCAGCATGTCT,OXT_01,AGGCTGCGTAAGTCTGCT,9
AGGCCTGGCAGACCGGAG,OXT_01,AGGCTGCGTAAGTCTGCT,10
GACGGGATCAGAATGGTG,OXT_05,GGCGGACAGACTCTAATG,10
TGAGGACTATGTTAGGTG,OXT_26,GGGGCATTCACTGAGCTG,9
AACAGACTCCGTGTGCTG,OXT_10,AAGATGTATCGTGTGCTG,6
AGGACGGGACACGTACGA,OXT_02,AGGGGAGCGTGCGGAGGC,10
GTCAAGGCTCAGTTCGTT,OXT_01,AGGCTGCGTAAGTCTGCT,11
CGCAGGGTATCTCGCCGT,OXT_03,GACTTGGGCTCATGCTGT,9
TGGACACTGGATCGGCTT,OXT_26,GGGGCATTCACTGAGCTG,9
AATAGGCTAGGGCGTGTA,OXT_12,AATACAGCGGTGTTTCTA,9
AATGCGCCACCACATGGT,OXT_23,AAGTAGGGACAGAATACG,11
GAATGCCGTCAGCGTTGG,OXT_08,GACGGCATTCAGGCACGT,9
GAGATGTGACAAGGGTGG,OXT_10,AAGATGTATCGTGTGCTG,8
AACCATACATGTTGTGCG,OXT_13,TATTACACTAGTGGATGG,10
GAGACGTGCTAAGTGATG,OXT_10,AAGATGTATCGTGTGCTG,8
AGCGCCTGCCAGTTCTCT,OXT_28,AGCGGCGGCGACGGCGAA,9
GGGTAGGCCGACCAACTT,OXT_11,GGGTAAGGGCACAACAGT,8
TATAGGTGACCCAGCTCG,OXT_23,AAGTAGGGACAGAATACG,10
GTGAGCTTGCACGGCATG,OXT_06,ATCATCATCATCATCATC,10
CACGGTGACAATACGTGG,OXT_05,GGCGGACAGACTCTAATG,11
AACAGGCGAGTATAACAT,OXT_03,GACTTGGGCTCATGCTGT,11
ACGGCAACTTATGATGCG,OXT_22,ACGGGACCGCAGATCGAG,9
TCGGATCACACGCATTCG,OXT_05,GGCGGACAGACTCTAATG,11
AGGCGGACTCATGGATAG,OXT_13,TATTACACTAGTGGATGG,9
TACGTAAGCCGGAGTACT,OXT_04,TAGACAGGGCTGACTGTG,10
AGGGCAGAACATGGCGGA,OXT_02,AGGGGAGCGTGCGGAGGC,8
TGCCTGTACTGTGCTGTG,OXT_15,AGGGTATAACGTCCTTTG,8
TGCGGACAACACAGCTCG,OXT_22,ACGGGACCGCAGATCGAG,9
GGCTAGAGAGATATTGTG,OXT_23,AAGTAGGGACAGAATACG,9
ACGTTACATAATCGAGCT,OXT_01,AGGCTGCGTAAGTCTGCT,8
GGACACAGCGCTCTCCAA,OXT_17,AGGAACTACGATCGTGAA,9
GTGACGCCATACAGAGTT,OXT_07,GTGGGTGCATTTGCTGTA,10
CACCGTTGTGAACGTGTG,OXT_16,ATAAACAGTCTAGCTGTG,11
ACTGGGCCGACAAACGCT,OXT_22,ACGGGACCGCAGATCGAG,8
AGCGTTAGTCGTTGTTCA,OXT_15,AGGGTATAACGTCCTTTG,9
GCGGTGTAACGAAGTGCG,OXT_15,AGGGTATAACGTCCTTTG,8
TCGTGCTTTGTCGATTCA,OXT_18,TAACGGGTTATCCATAAT,10
TCATTGCGGATGTAACGG,OXT_01,AGGCTGCGTAAGTCTGCT,11
CGTGGCCATGTGCACTAT,OXT_18,TAACGGGTTATCCATAAT,11
GGGTTAGTAAAGACTAGA,OXT_11,GGGTAAGGGCACAACAGT,8
ACCGGGGCTGCTATGTGT,OXT_03,GACTTGGGCTCATGCTGT,11
GAGGTAGGAAAGGTTCGG,OXT_23,AAGTAGGGACAGAATACG,9
GGGGCGTTCTGGTGACAT,OXT_20,AGGGCCTAGGGATGACGT,7
GGGCACGAGCGGAGTCAT,OXT_11,GGGTAAGGGCACAACAGT,9
AGGCGCAGTGATGTGGGA,OXT_28,AGCGGCGGCGACGGCGAA,8
AGGTAGGGGCCCTGTATT,OXT_11,GGGTAAGGGCACAACAGT,7
AGTCGTTATTAATGTGTG,OXT_01,AGGCTGCGTAAGTCTGCT,10
AATGGTCCGGCTCGGTAT,OXT_05,GGCGGACAGACTCTAATG,11
GAGAGTGTGGTGGCGTCT,OXT_04,TAGACAGGGCTGACTGTG,10
AGGGACCTTAAGGACCGG,OXT_08,GACGGCATTCAGGCACGT,9
CGCTAGCGGTAGGTGAAC,OXT_11,GGGTAAGGGCACAACAGT,11
GGGCAGAAAAGTCGACGT,OXT_20,AGGGCCTAGGGATGACGT,9
ACGGACGGATCGTGCCAT,OXT_03,GACTTGGGCTCATGCTGT,10
GCTGCGTGGGAAGTTGAA,OXT_28,AGCGGCGGCGACGGCGAA,10
TAGGCATGTATAGGCGCT,OXT_04,TAGACAGGGCTGACTGTG,10
TGAAGGACATAGGATGCG,OXT_09,TGTAGTGCTCGGCTGCCG,10
GGAGCAGAGTGTAGGCCA,OXT_02,AGGGGAGCGTGCGGAGGC,10
AACACTAGGTCGAGACAG,OXT_04,TAGACAGGGCTGACTGTG,10
TGTCGGTATACGGGGTAC,OXT_09,TGTAGTGCTCGGCTGCCG,11
TACCTCCGACGCAATGTG,OXT_04,TAGACAGGGCTGACTGTG,9
ACGAGGGAATCCCGGTGG,OXT_02,AGGGGAGCGTGCGGAGGC,10
CTCACCATATGTCCGCTC,OXT_29,CCCCCCCCCCCCCCGCCC,9
CGCAACAGCACCGTGTAG,OXT_06,ATCATCATCATCATCATC,10
ACGGGCGAATAGCTCTCA,OXT_22,ACGGGACCGCAGATCGAG,9
ACGAACCGTGAGGAAACA,OXT_23,AAGTAGGGACAGAATACG,9
GCTGAGTCTTGTGCTGTG,OXT_07,GTGGGTGCATTTGCTGTA,8
GGATGGGACGTCCTTTAG,OXT_18,TAACGGGTTATCCATAAT,9
AGTGTATGGCCACCTGCG,OXT_15,AGGGTATAACGTCCTTTG,7
TCCGGAGTGCAACGTCCA,OXT_08,GACGGCATTCAGGCACGT,11
ACAGGGCTAATGAAGGCG,OXT_22,ACGGGACCGCAGATCGAG,9
GACCAGCGTGGACATAGG,OXT_18,TAACGGGTTATCCATAAT,10
CACCGGCGGTGATTCTAA,OXT_03,GACTTGGGCTCATGCTGT,9
GGTTGGTGTTGCTCTACC,OXT_01,AGGCTGCGTAAGTCTGCT,10
AGCCAAGCAGGGACATCA,OXT_02,AGGGGAGCGTGCGGAGGC,11
GCGGGTTGAACTCCAGTG,OXT_05,GGCGGACAGACTCTAATG,8
AAACGCATTAACACTGTG,OXT_16,ATAAACAGTCTAGCTGTG,8
CATACAGTACGACCTGTG,OXT_04,TAGACAGGGCTGACTGTG,7
GGCAGGTTCAATATGCGC,OXT_26,GGGGCATTCACTGAGCTG,9
ACTCACACTCTGGTGGTC,OXT_16,ATAAACAGTCTAGCTGTG,8
GGGACGGATCATCACGCG,OXT_09,TGTAGTGCTCGGCTGCCG,10
AGGCGATCAGGAGTAGGG,OXT_02,AGGGGAGCGTGCGGAGGC,7
TGCCCATGTGACTAGAGT,OXT_11,GGGTAAGGGCACAACAGT,9
ACACATATCGACCCGTGT,OXT_29,CCCCCCCCCCCCCCGCCC,11
GCCGTGAGGTACGGGATA,OXT_28,AGCGGCGGCGACGGCGAA,10
GTAGACGGTTCCATGCAT,OXT_27,GTAGAATGGGCATCGTCG,10
TGGTCGCACCCGTAATAG,OXT_23,AAGTAGGGACAGAATACG,11
GGTGGCGTGAGATAGGCC,OXT_02,AGGGGAGCGTGCGGAGGC,10
CAGTTAGCAGACGCGCGT,OXT_11,GGGTAAGGGCACAACAGT,10
GGGAACGACATCTTGATT,OXT_06,ATCATCATCATCATCATC,9
AGGGCAGGTTATCGTGTA,OXT_17,AGGAACTACGATCGTGAA,8
GATAGCGAGACTACATGG,OXT_14,TTGAGCGTAACGACAGTG,8
GCTCAATCGAGGGTGCGT,OXT_09,TGTAGTGCTCGGCTGCCG,11
ATGTTCAGACGGCCCAAG,OXT_15,AGGGTATAACGTCCTTTG,9
ATCCCTCAGTGCGCCCGT,OXT_19,CCCCCCCCCCCCCCCCCC,10
GCACGTGTTGGAATGGTG,OXT_09,TGTAGTGCTCGGCTGCCG,10
TAGGCACGTTCATGGGCG,OXT_24,GGGATTCGGTCATGTCCT,9
AAGCTGAGTGTTTAGACG,OXT_01,AGGCTGCGTAAGTCTGCT,9
ACACCACACATGTCCGCT,OXT_01,AGGCTGCGTAAGTCTGCT,8
TGCGACGCAGAATCTATG,OXT_25,TGCATCGCAACAGCAGTT,8
TATGGCAAGGCGTCATGT,OXT_08,GACGGCATTCAGGCACGT,8
TCGCAAGTACGGTGTCAA,OXT_04,TAGACAGGGCTGACTGTG,11
TGTGGCAGCACGGTCGAA,OXT_28,AGCGGCGGCGACGGCGAA,7
TAGGCGTACAAAGGTCGA,OXT_20,AGGGCCTAGGGATGACGT,9
TGGCGAGACGTGAACAGT,OXT_11,GGGTAAGGGCACAACAGT,8
GGGCGGTGAACAGAGTGT,OXT_26,GGGGCATTCACTGAGCTG,9
AACAAGAACCTCGCCGGG,OXT_16,ATAAACAGTCTAGCTGTG,8
ACGGGACCCTGTGTGCTG,OXT_10,AAGATGTATCGTGTGCTG,8
ATAACGACGCAGCTACTT,OXT_12,AATACAGCGGTGTTTCTA,9
GCCATACCACGTGCTGCT,OXT_25,TGCATCGCAACAGCAGTT,9
ATGCAGGAACAGTGCGGT,OXT_01,AGGCTGCGTAAGTCTGCT,9
ACAAAGGGCTATGAGACT,OXT_23,AAGTAGGGACAGAATACG,9
TCGGGCGCTATCGGTTCC,OXT_02,AGGGGAGCGTGCGGAGGC,9
AGGTGGGATCTGCTTAAT,OXT_18,TAACGGGTTATCCATAAT,8
ACTGGGTTCGACGAGCAG,OXT_26,GGGGCATTCACTGAGCTG,9
GGGACGCCAAATCCGGTA,OXT_07,GTGGGTGCATTTGCTGTA,9
TATACGTTGCATCCTGTC,OXT_04,TAGACAGGGCTGACTGTG,8
TGTGGTGTTGTACAGTCG,OXT_09,TGTAGTGCTCGGCTGCCG,7
GGGCAGAATACATGTGCA,OXT_01,AGGCTGCGTAAGTCTGCT,8
CGATGAAAACGGGGTAGT,OXT_02,AGGGGAGCGTGCGGAGGC,11
AGCATGTGTAGACGTTCA,OXT_01,AGGCTGCGTAAGTCTGCT,9
ACGACGGGTTGCTCACTG,OXT_10,AAGATGTATCGTGTGCTG,9
ATGAATCCATCACAGACG,OXT_23,AAGTAGGGACAGAATACG,10
CAACGGTGAAGACGCTTG,OXT_03,GACTTGGGCTCATGCTGT,11
ATGGGACTACAATCTCAT,OXT_22,ACGGGACCGCAGATCGAG,9
AGGCGAGCTGTAGTACGG,OXT_02,AGGGGAGCGTGCGGAGGC,8
TCATAACACACGAATGTG,OXT_04,TAGACAGGGCTGACTGTG,10
CGTGGCCCAAGTTCGGCG,OXT_09,TGTAGTGCTCGGCTGCCG,10
AGAACGACACTCGAGCGT,OXT_10,AAGATGTATCGTGTGCTG,11
CGGAGGCAATACTTACGT,OXT_20,AGGGCCTAGGGATGACGT,10
CACGACGGGAAAGCGGCG,OXT_27,GTAGAATGGGCATCGTCG,9
GACGTGGGATTAGCCGCT,OXT_03,GACTTGGGCTCATGCTGT,7
AGCAGCAACGGTCACTAG,OXT_17,AGGAACTACGATCGTGAA,8
AGCACAGGTCTCTGGCGA,OXT_12,AATACAGCGGTGTTTCTA,9
TGCACCACAAGCTCGGCG,OXT_25,TGCATCGCAACAGCAGTT,8
ATAGCGCATCGTCGAGGT,OXT_20,AGGGCCTAGGGATGACGT,9
TGGCTGTATTAGAGCGTG,OXT_01,AGGCTGCGTAAGTCTGCT,9
GTGGGAACAAGGCTGGCT,OXT_07,GTGGGTGCATTTGCTGTA,10
AGGTGGAACTTGATGCAG,OXT_10,AAGATGTATCGTGTGCTG,10
TGGTGGCACTTGAATTAT,OXT_18,TAACGGGTTATCCATAAT,10
TACATGCGGAGTGCGCGA,OXT_10,AAGATGTATCGTGTGCTG,9
AGGAGATGTACGAGTACG,OXT_01,AGGCTGCGTAAGTCTGCT,9
GCCAGATCGTACCGTGTC,OXT_02,AGGGGAGCGTGCGGAGGC,9
GACGAGGGAGTGGGGACT,OXT_21,GAGCAACGGGTCAGCATT,9
ACGGTGAGGAGGCTCTGT,OXT_01,AGGCTGCGTAAGTCTGCT,10
TACAGGCGGAACACTCGT,OXT_01,AGGCTGCGTAAGTCTGCT,10
ACAGCATACAATGATGTG,OXT_26,GGGGCATTCACTGAGCTG,7
GAGGACGTCGGAAGACTG,OXT_20,AGGGCCTAGGGATGACGT,9
GGCAGGTGAACTACGGAG,OXT_14,TTGAGCGTAACGACAGTG,9
GGGTAGGAGCAAACGCGG,OXT_11,GGGTAAGGGCACAACAGT,7
AGGCTAGTTAACATACGT,OXT_01,AGGCTGCGTAAGTCTGCT,9
AGCGGTCATACGATAGCT,OXT_05,GGCGGACAGACTCTAATG,8
ATGCAGGCGCGAATTGTG,OXT_04,TAGACAGGGCTGACTGTG,9
ACCGGTGGACCTGTTTCT,OXT_07,GTGGGTGCATTTGCTGTA,10
GCGTGGCATTCATGGTAG,OXT_03,GACTTGGGCTCATGCTGT,9
GCAGACGGTGCGACGGCT,OXT_27,GTAGAATGGGCATCGTCG,8
GGATAGAGACCTTGCGTG,OXT_03,GACTTGGGCTCATGCTGT,10
GGACGGCAATCATGCAGA,OXT_03,GACTTGGGCTCATGCTGT,9
TGGCCAACATCGTGGAAG,OXT_26,GGGGCATTCACTGAGCTG,11
ATGGCCTCAGAGGGACAG,OXT_20,AGGGCCTAGGGATGACGT,8
GGGAGCAGTATGGTGAAT,OXT_08,GACGGCATTCAGGCACGT,10
GTCCCTCGGGATGCCATC,OXT_21,GAGCAACGGGTCAGCATT,9
AACGGGTAGGCGCACGGA,OXT_28,AGCGGCGGCGACGGCGAA,10
ACGTCAGGGCTACAGCAT,OXT_11,GGGTAAGGGCACAACAGT,9
GGGACGAAGCTAGACGTA,OXT_04,TAGACAGGGCTGACTGTG,10
TTGGAGGCGAGATGAAGT,OXT_20,AGGGCCTAGGGATGACGT,8
GCTGTAAACGGTGGAACG,OXT_05,GGCGGACAGACTCTAATG,10
GGGATACTTGTAGAACGT,OXT_24,GGGATTCGGTCATGTCCT,9
AACGGTTAGTCGTCGTGG,OXT_27,GTAGAATGGGCATCGTCG,9
ACGGCTAGGATCACGGCT,OXT_01,AGGCTGCGTAAGTCTGCT,10
GCAAACTCCGCGTCGTAG,OXT_27,GTAGAATGGGCATCGTCG,7
TCGTAAGGGCGTTACGCA,OXT_11,GGGTAAGGGCACAACAGT,8
GGGAAGACGAGAAGGATG,OXT_21,GAGCAACGGGTCAGCATT,10
ACAGATGGGATTAGCAGA,OXT_11,GGGTAAGGGCACAACAGT,10
AGGGGCATTTGGCGTATC,OXT_02,AGGGGAGCGTGCGGAGGC,9
AGCAGATCATACTGCTGG,OXT_02,AGGGGAGCGTGCGGAGGC,9
GACGTCGACTAGACTATG,OXT_04,TAGACAGGGCTGACTGTG,10
ACACAGTGTGACAGCATG,OXT_21,GAGCAACGGGTCAGCATT,8
CGCAGGGAGACTCGTCCG,OXT_05,GGCGGACAGACTCTAATG,8
CAGTGGAAGCTAGCCTGG,OXT_03,GACTTGGGCTCATGCTGT,11
TGCGAACTGCATGGGCTA,OXT_26,GGGGCATTCACTGAGCTG,9
ACGAACAGGTCGCGTATA,OXT_17,AGGAACTACGATCGTGAA,9
ACGTGGCGACACTCCGCT,OXT_01,AGGCTGCGTAAGTCTGCT,7
ACGGGAGCACACGAGTCA,OXT_02,AGGGGAGCGTGCGGAGGC,9
GAGCCGTAAGTGGAGACG,OXT_23,AAGTAGGGACAGAATACG,9
CGCAACGAGTATGGTCGC,OXT_17,AGGAACTACGATCGTGAA,9
GCACACTGTCTGGCGTGC,OXT_16,ATAAACAGTCTAGCTGTG,9
GTACAGGATTCAGTATAG,OXT_27,GTAGAATGGGCATCGTCG,10
GTGTCACGACTGGCAATA,OXT_04,TAGACAGGGCTGACTGTG,9
TGAGCTTCAACCGTGCAT,OXT_26,GGGGCATTCACTGAGCTG,9
TGCAGGCGGAATACAGCA,OXT_01,AGGCTGCGTAAGTCTGCT,9
GTGGATGTCATGCGCGAT,OXT_07,GTGGGTGCATTTGCTGTA,10
GCCATGCGGAAGCGTAAG,OXT_01,AGGCTGCGTAAGTCTGCT,10
GGGAATGTTTCAGGTGCG,OXT_24,GGGATTCGGTCATGTCCT,7
AACTCGGCGTTCCATGCA,OXT_12,AATACAGCGGTGTTTCTA,9
ACGGCAGACGTGCAATGA,OXT_12,AATACAGCGGTGTTTCTA,10
GCATCCGAGATTTGCCCT,OXT_20,AGGGCCTAGGGATGACGT,10
CGCAGTGACTGTGAGGCT,OXT_09,TGTAGTGCTCGGCTGCCG,10
GCGGTAGCCGGAATAGCG,OXT_22,ACGGGACCGCAGATCGAG,9
AAGACGGCCCGCAAATCA,OXT_23,AAGTAGGGACAGAATACG,9
AACGGGCCAGTGCCACAT,OXT_08,GACGGCATTCAGGCACGT,9
TACGGATCAATGTGCCAT,OXT_08,GACGGCATTCAGGCACGT,11
ACGAGATACACTTCCGGT,OXT_17,AGGAACTACGATCGTGAA,10
CACTGGCTATTTAACGTG,OXT_07,GTGGGTGCATTTGCTGTA,11
AACGAGGTACTCAATTGG,OXT_23,AAGTAGGGACAGAATACG,7
ACAGTGGGCTGTGCATAT,OXT_03,GACTTGGGCTCATGCTGT,10
GGGGTCAGTTAGGCCGGT,OXT_08,GACGGCATTCAGGCACGT,7
TAGAGTGTACGCCGTCTG,OXT_09,TGTAGTGCTCGGCTGCCG,8
GATCCAGAGTAGCAATCT,OXT_11,GGGTAAGGGCACAACAGT,11
ACGCGATCCACGAAGGAG,OXT_22,ACGGGACCGCAGATCGAG,7
AGTGACAGGATAAGGAGC,OXT_06,ATCATCATCATCATCATC,10
ACGATAAAGACGGCATTC,OXT_14,TTGAGCGTAACGACAGTG,10
TGCTCCGCAAACCGTGCT,OXT_25,TGCATCGCAACAGCAGTT,8
CTCATACGTAACGGTGTT,OXT_01,AGGCTGCGTAAGTCTGCT,9
AGGTGCGGCTTCCAATCC,OXT_02,AGGGGAGCGTGCGGAGGC,9
ACGGCACACGGCATACGA,OXT_20,AGGGCCTAGGGATGACGT,8
TTGGGCACGTCATGTCGG,OXT_20,AGGGCCTAGGGATGACGT,9
AAGGAGGCGCCGTGTGAA,OXT_12,AATACAGCGGTGTTTCTA,9
ATGGCGATATGTACGGCT,OXT_07,GTGGGTGCATTTGCTGTA,10
ATCTATTCTACACTTGCT,OXT_01,AGGCTGCGTAAGTCTGCT,11
GGCAGTCGTATAGCTGTG,OXT_16,ATAAACAGTCTAGCTGTG,7
AGGGGACAAGGGCCCCGA,OXT_15,AGGGTATAACGTCCTTTG,8
ATAAGGTTCTGATCAGCT,OXT_01,AGGCTGCGTAAGTCTGCT,11
AGGCTGACCCGAGACTTG,OXT_10,AAGATGTATCGTGTGCTG,9
ATGTGGTCTACAGCATTA,OXT_07,GTGGGTGCATTTGCTGTA,10
AAGCTTGGAGTCGTCTAG,OXT_21,GAGCAACGGGTCAGCATT,10
TCGTGCATTGAAGGAGTT,OXT_08,GACGGCATTCAGGCACGT,9
GGCACACTGCATCGTAGT,OXT_05,GGCGGACAGACTCTAATG,9
GGGACAAACACCGGTGCA,OXT_17,AGGAACTACGATCGTGAA,9
ACGCGTAAGTACGTAGTG,OXT_02,AGGGGAGCGTGCGGAGGC,9
ACGGTGTAAACAGTCGTG,OXT_10,AAGATGTATCGTGTGCTG,8
AGTGCAGGTGTAGTTGCG,OXT_12,AATACAGCGGTGTTTCTA,9
TACGGTCAACTTGTATGT,OXT_08,GACGGCATTCAGGCACGT,9
TAGGGCGAAGCGACGTTT,OXT_14,TTGAGCGTAACGACAGTG,7
AGCGGCAGTCCTCTGTAG,OXT_05,GGCGGACAGACTCTAATG,9
AACGGCGAGTAAGGCTGT,OXT_03,GACTTGGGCTCATGCTGT,8
GAGGATGAACAAGGGTGG,OXT_23,AAGTAGGGACAGAATACG,10
GCGGGAGAGAGTATGGAG,OXT_22,ACGGGACCGCAGATCGAG,7
TGAGGACTAAGTTTCGCG,OXT_05,GGCGGACAGACTCTAATG,9
TACACCTAGATGGAGCTA,OXT_12,AATACAGCGGTGTTTCTA,9
GCTATCCGCGGATTGTAG,OXT_27,GTAGAATGGGCATCGTCG,10
GATCAGACGCTTCCCGCT,OXT_21,GAGCAACGGGTCAGCATT,10
GTGACTTCCAGACCACGG,OXT_20,AGGGCCTAGGGATGACGT,10
GTACGAGTGGCGCACTGG,OXT_27,GTAGAATGGGCATCGTCG,9
CGGGAGGATGATCGGACA,OXT_17,AGGAACTACGATCGTGAA,8
AGGGTCCAATATTCGGTG,OXT_15,AGGGTATAACGTCCTTTG,7
TCGGCATAAACTATTGGA,OXT_15,AGGGTATAACGTCCTTTG,10
ACCACATCTATGACAGTG,OXT_04,TAGACAGGGCTGACTGTG,8
GTGGGAGACGAGGTACAG,OXT_22,ACGGGACCGCAGATCGAG,9
TGATAGGTTTGTTCATGG,OXT_13,TATTACACTAGTGGATGG,8
ACACAGACCAAGGTGGTG,OXT_16,ATAAACAGTCTAGCTGTG,10
ATCACGAAACACGATGCG,OXT_16,ATAAACAGTCTAGCTGTG,9
GGGGCCGCAGTCAAGTCT,OXT_11,GGGTAAGGGCACAACAGT,10
AGGGCGATCCGTCGTACA,OXT_15,AGGGTATAACGTCCTTTG,9
ACAGGCGTCAGGACTGGG,OXT_14,TTGAGCGTAACGACAGTG,8
ACAGGTGCTATCCGAGGG,OXT_02,AGGGGAGCGTGCGGAGGC,8
GTCGTCTGGGATCTCATA,OXT_05,GGCGGACAGACTCTAATG,9
ACGGGTTGAAGCGAGGTA,OXT_07,GTGGGTGCATTTGCTGTA,9
TCGCCGAGGGCAATGTAG,OXT_27,GTAGAATGGGCATCGTCG,10
GATAAGAGGGCTAAGCGT,OXT_11,GGGTAAGGGCACAACAGT,10
AAGCAGAATGGCAGGCGA,OXT_10,AAGATGTATCGTGTGCTG,9
ACACGGTACGGTGCTACA,OXT_17,AGGAACTACGATCGTGAA,10
GACACAATAGTTGTAGTG,OXT_04,TAGACAGGGCTGACTGTG,10
ACGGTGCGGGTATACATG,OXT_21,GAGCAACGGGTCAGCATT,9
GTAGCGACACTATGGGCT,OXT_27,GTAGAATGGGCATCGTCG,10
TTGGCGGTACAGACGGTG,OXT_14,TTGAGCGTAACGACAGTG,6
GAACGGAACGCGTAGGGT,OXT_03,GACTTGGGCTCATGCTGT,10
AGAGACGTTTGGCCTGCG,OXT_16,ATAAACAGTCTAGCTGTG,9
GGCGGCACAGGAGATGGT,OXT_08,GACGGCATTCAGGCACGT,9
GAGCATCAGGATGTGTGT,OXT_21,GAGCAACGGGTCAGCATT,9
ACGCAGGGAAGATGCATG,OXT_23,AAGTAGGGACAGAATACG,9
AATACTTGCATCGCAGTG,OXT_04,TAGACAGGGCTGACTGTG,9
ATGACGTCGCTCGCCACT,OXT_04,TAGACAGGGCTGACTGTG,11
ACGGCGTGACATGATGGG,OXT_23,AAGTAGGGACAGAATACG,8
TAACCCATCGTGGACATT,OXT_18,TAACGGGTTATCCATAAT,9
ACAGTGCCGTACAGAGTG,OXT_22,ACGGGACCGCAGATCGAG,8
AGCATGGGAGCACCTACG,OXT_23,AAGTAGGGACAGAATACG,9
TCATGAGTAGAGGTTCGG,OXT_08,GACGGCATTCAGGCACGT,11
GGGACTAGGTGATGGGAG,OXT_24,GGGATTCGGTCATGTCCT,7
CTGGGCTGTTTAAATCTA,OXT_07,GTGGGTGCATTTGCTGTA,9
ACGGCATACTTTGGTAGT,OXT_20,AGGGCCTAGGGATGACGT,9
ATTGCCCGTGTAGGTATA,OXT_16,ATAAACAGTCTAGCTGTG,8
AAACCCGGACTTATGGCT,OXT_04,TAGACAGGGCTGACTGTG,10
CACGGAGTGGATGAGGAG,OXT_28,AGCGGCGGCGACGGCGAA,9
GGGCAGGTGAGAGAAGTG,OXT_26,GGGGCATTCACTGAGCTG,9
GCGGCGTAGTACCTGTCA,OXT_27,GTAGAATGGGCATCGTCG,11
GGGTGGGCAAACTGATCT,OXT_01,AGGCTGCGTAAGTCTGCT,10
GGGGACGGTAGGTCGATG,OXT_01,AGGCTGCGTAAGTCTGCT,10
GAGGGCCGTAGACACGCT,OXT_01,AGGCTGCGTAAGTCTGCT,10
TTCCAAGAGTCGATGCGA,OXT_12,AATACAGCGGTGTTTCTA,11
ACAACGTGATAGTGGGCT,OXT_01,AGGCTGCGTAAGTCTGCT,9
GTCACGGGAGACGGATAA,OXT_28,AGCGGCGGCGACGGCGAA,8
CGCGGGGATACAATGGGT,OXT_05,GGCGGACAGACTCTAATG,10
AGGGCACACGACTGACCG,OXT_20,AGGGCCTAGGGATGACGT,7
TAGGGCAGTAGTACACAA,OXT_08,GACGGCATTCAGGCACGT,9
ATGTACCATGGGCCGACA,OXT_17,AGGAACTACGATCGTGAA,10
AAGGTGTTCCGCCACTTG,OXT_15,AGGGTATAACGTCCTTTG,7
GGGATAGGCGGACTAGGT,OXT_02,AGGGGAGCGTGCGGAGGC,10
AGAGATGCGGTGGTGTCA,OXT_12,AATACAGCGGTGTTTCTA,9
GCCAGGGAAAGTGTGCTG,OXT_10,AAGATGTATCGTGTGCTG,7
AGGGTGAAGGAGACGCGG,OXT_20,AGGGCCTAGGGATGACGT,9
ATCAGGGAAGCTGATGAG,OXT_07,GTGGGTGCATTTGCTGTA,10
GGTAGTAAGACCGTCTCA,OXT_05,GGCGGACAGACTCTAATG,10
AGCTCGAATCACTTGTGT,OXT_01,AGGCTGCGTAAGTCTGCT,11
TACATATCCCGGCATACA,OXT_09,TGTAGTGCTCGGCTGCCG,10
TGCACGCCGTTCACAGTG,OXT_04,TAGACAGGGCTGACTGTG,8
AACGATGCAGCGTAGTCA,OXT_12,AATACAGCGGTGTTTCTA,10
CATGGCAGAACGACGCGG,OXT_08,GACGGCATTCAGGCACGT,9
GGGCGTTGACGGTGCGAG,OXT_22,ACGGGACCGCAGATCGAG,10
TGGGCACAAAAGACGCGG,OXT_26,GGGGCATTCACTGAGCTG,9
GAATGGCCTAATGCTGTG,OXT_07,GTGGGTGCATTTGCTGTA,9
GCTGGTATTGATGAGTAT,OXT_08,GACGGCATTCAGGCACGT,9
ACGTAATGGGCCCATGCT,OXT_11,GGGTAAGGGCACAACAGT,9
ACGACGGAACGGACGGAG,OXT_04,TAGACAGGGCTGACTGTG,8
GGGTACGAGCAGTGCAGG,OXT_11,GGGTAAGGGCACAACAGT,6
ATACGGACGCACCATGCT,OXT_18,TAACGGGTTATCCATAAT,9
ACTGTAGGCACACTCGCT,OXT_03,GACTTGGGCTCATGCTGT,10
TCACAGACTCTGCGGTCG,OXT_09,TGTAGTGCTCGGCTGCCG,9
TGGATCAAGAGCTGAATG,OXT_20,AGGGCCTAGGGATGACGT,9
AGTGGACCAGAGGACAGG,OXT_22,ACGGGACCGCAGATCGAG,8
AGATGCAGTATGGCGCTG,OXT_16,ATAAACAGTCTAGCTGTG,7
GGACTGTCAATGTGCGGG,OXT_01,AGGCTGCGTAAGTCTGCT,10
AAGGGCTCCTTGACTTGG,OXT_04,TAGACAGGGCTGACTGTG,10
GCTACTGAGACGGGACCA,OXT_12,AATACAGCGGTGTTTCTA,10
ATGGAGCCCATACATTAT,OXT_18,TAACGGGTTATCCATAAT,10
GCGGTACAAGACAGAGCG,OXT_22,ACGGGACCGCAGATCGAG,9
GCACACGAAAGCTGGGAG,OXT_13,TATTACACTAGTGGATGG,12
ACAAACTGCTACTGTGTG,OXT_16,ATAAACAGTCTAGCTGTG,8
GTGGGGATCAACGCGGAA,OXT_07,GTGGGTGCATTTGCTGTA,9
AAGCGGGACTTCGAGGAT,OXT_18,TAACGGGTTATCCATAAT,8
GGGTGCAACGACGGAAGT,OXT_08,GACGGCATTCAGGCACGT,9
GCGGGATACCTGCAGATG,OXT_26,GGGGCATTCACTGAGCTG,8
ATGGTAGAGACAGGCGAC,OXT_02,AGGGGAGCGTGCGGAGGC,8
TAGGTGCCGCTGGTACGT,OXT_08,GACGGCATTCAGGCACGT,9
AGGATGGTGCTGGACCGG,OXT_10,AAGATGTATCGTGTGCTG,9
ACGTTCTACACATGAGGT,OXT_20,AGGGCCTAGGGATGACGT,7
ACTCGTGCCGTTCTAACA,OXT_09,TGTAGTGCTCGGCTGCCG,10
ATGGTGGCATACAACCTG,OXT_23,AAGTAGGGACAGAATACG,9
TATAGGATGGCTAATGCA,OXT_04,TAGACAGGGCTGACTGTG,11
GCGGAGGCTAATGAGCGA,OXT_26,GGGGCATTCACTGAGCTG,9
ACTGCCTGGCACGACGCT,OXT_28,AGCGGCGGCGACGGCGAA,9
AAACAGAACTGAGATGCG,OXT_16,ATAAACAGTCTAGCTGTG,9
CGCTGTTGTCGGCATCTT,OXT_09,TGTAGTGCTCGGCTGCCG,9
ACAGGCCACGTGACTGCA,OXT_17,AGGAACTACGATCGTGAA,10
GCGAGACTGCTGACGTTG,OXT_04,TAGACAGGGCTGACTGTG,7
GCAGGGCGTCGACTGGAG,OXT_22,ACGGGACCGCAGATCGAG,9
AGCACGAGAAGGTCTACG,OXT_01,AGGCTGCGTAAGTCTGCT,8
CTATGGGAAGTGACGTGC,OXT_14,TTGAGCGTAACGACAGTG,11
TACAGCCGTTAGGGCGAG,OXT_28,AGCGGCGGCGACGGCGAA,8
TGCGCACTCAGTGGGCAG,OXT_26,GGGGCATTCACTGAGCTG,6
TGGGCAACCACCTTGTGT,OXT_26,GGGGCATTCACTGAGCTG,9
TGAAACACCTGTCGCGAT,OXT_17,AGGAACTACGATCGTGAA,8
GAGGACCTTCGGTTCGCT,OXT_08,GACGGCATTCAGGCACGT,9
TGGGCAGAATGAGGCGCG,OXT_02,AGGGGAGCGTGCGGAGGC,8
ATGGAGCCTACACTAAGA,OXT_05,GGCGGACAGACTCTAATG,10
GGCGGGAAGCGACATATA,OXT_05,GGCGGACAGACTCTAATG,8
AATGTGTTGATTTCGCGA,OXT_10,AAGATGTATCGTGTGCTG,10
AGTCGGCACGCGATATTG,OXT_05,GGCGGACAGACTCTAATG,9
ACGGACGGACACCAAACG,OXT_23,AAGTAGGGACAGAATACG,6
CGTGGCGTTACGACTGTG,OXT_14,TTGAGCGTAACGACAGTG,6
TGGACAGACGGCGCTTGT,OXT_02,AGGGGAGCGTGCGGAGGC,10
CAATTGGTCGACTGACTA,OXT_03,GACTTGGGCTCATGCTGT,10
ACGACAGCTCGATGGGAA,OXT_02,AGGGGAGCGTGCGGAGGC,10
ACGCAGTTCCACGTGGAC,OXT_10,AAGATGTATCGTGTGCTG,10
GGGGCAAGAGGTGGGTGA,OXT_26,GGGGCATTCACTGAGCTG,9
GCGGGAATACTCTTACGT,OXT_08,GACGGCATTCAGGCACGT,8
TGGCGAGTAATGTGCACT,OXT_18,TAACGGGTTATCCATAAT,9
GGCGCGGGTGCAGAATTG,OXT_26,GGGGCATTCACTGAGCTG,9
GAGGAGTGGACGAGTAGC,OXT_21,GAGCAACGGGTCAGCATT,9
GCTGTACGGCAGACGGCG,OXT_22,ACGGGACCGCAGATCGAG,7
ACAGACGTCAATCCATTG,OXT_14,TTGAGCGTAACGACAGTG,10
ACCATACGATGGAAGGTG,OXT_04,TAGACAGGGCTGACTGTG,10
GGTAACCGTCAGGGACAG,OXT_08,GACGGCATTCAGGCACGT,9
AGCCCATGATATCGTGAG,OXT_17,AGGAACTACGATCGTGAA,8
AGGCCAGAATAGTCCGAT,OXT_01,AGGCTGCGTAAGTCTGCT,8
AGGCGTGTACCATGATGG,OXT_02,AGGGGAGCGTGCGGAGGC,10
AGCTGGGTATCTAGCCTT,OXT_03,GACTTGGGCTCATGCTGT,9
AGGCGGGCTGCAGTTACT,OXT_01,AGGCTGCGTAAGTCTGCT,9
GGGCAGAAACTAGTTAGG,OXT_16,ATAAACAGTCTAGCTGTG,10
ACTGTAGCCAAGTCGCGT,OXT_01,AGGCTGCGTAAGTCTGCT,10
GGACAACGCGGCTCGGGC,OXT_27,GTAGAATGGGCATCGTCG,9
GATGTGGGCAAAAAGAGG,OXT_03,GACTTGGGCTCATGCTGT,9
CATGCAGCTTAGGAGGGA,OXT_02,AGGGGAGCGTGCGGAGGC,10
CTGCTTCGGCCATCGTGT,OXT_24,GGGATTCGGTCATGTCCT,8
GGGGATAACTGTGCATGC,OXT_02,AGGGGAGCGTGCGGAGGC,9
ACACTGTACTTCGCTGCT,OXT_01,AGGCTGCGTAAGTCTGCT,9
GGCTATTAAGCATGTGTG,OXT_17,AGGAACTACGATCGTGAA,10
AAAGGGAAATGATGACGG,OXT_20,AGGGCCTAGGGATGACGT,8
ACAGACGAAGTTACGTGT,OXT_15,AGGGTATAACGTCCTTTG,11
ATGGTACATGCGAATGCT,OXT_01,AGGCTGCGTAAGTCTGCT,8
GAGGTTCTTGGTCCTTGG,OXT_15,AGGGTATAACGTCCTTTG,8
GGGGACAGGATGGAAGCG,OXT_16,ATAAACAGTCTAGCTGTG,10
AACGGAGCGATCGACTAG,OXT_02,AGGGGAGCGTGCGGAGGC,9
GGCCAGTCGCATTGGTAT,OXT_03,GACTTGGGCTCATGCTGT,11
GCGGTATACCAACGTGTG,OXT_15,AGGGTATAACGTCCTTTG,7
AATCTACGGCAACCAATG,OXT_04,TAGACAGGGCTGACTGTG,10
TACGAGCGGTAGATTAGG,OXT_23,AAGTAGGGACAGAATACG,8
ATCCTGCGTCAGCTAGTG,OXT_01,AGGCTGCGTAAGTCTGCT,8
GTGCGGATACCGTAAGTA,OXT_14,TTGAGCGTAACGACAGTG,8
CTGCATCCCAACATGGAG,OXT_22,ACGGGACCGCAGATCGAG,9
CAGGTAGAGACACCAGTG,OXT_05,GGCGGACAGACTCTAATG,8
TGGGCGGGTAGAGGCATA,OXT_28,AGCGGCGGCGACGGCGAA,10
TGCTCTGTACGGGACAAC,OXT_09,TGTAGTGCTCGGCTGCCG,11
ATGGGGCCTCTCCTCCCG,OXT_22,ACGGGACCGCAGATCGAG,8
AAGCAGGATTTCATGTGC,OXT_10,AAGATGTATCGTGTGCTG,10
GATGCGACTACGAGGTTA,OXT_13,TATTACACTAGTGGATGG,10
AGGTTGGGAAAAGGATTA,OXT_25,TGCATCGCAACAGCAGTT,9
ACGGGAGTTAATTGTCGT,OXT_01,AGGCTGCGTAAGTCTGCT,10
GTGTGCACACCCAAGGTT,OXT_14,TTGAGCGTAACGACAGTG,9
ACACATCCATCCGGCGTG,OXT_02,AGGGGAGCGTGCGGAGGC,11
CAACAAGAGGTGCGAACA,OXT_21,GAGCAACGGGTCAGCATT,9
ATGGCATCATCGCGGTGT,OXT_02,AGGGGAGCGTGCGGAGGC,10
AGGGCAGCAAGAATCGGT,OXT_02,AGGGGAGCGTGCGGAGGC,8
ACATTGCTGGTCTTGTGG,OXT_27,GTAGAATGGGCATCGTCG,11
AACATACAGTGTAGCGTG,OXT_10,AAGATGTATCGTGTGCTG,9
GACCGCCGGTACACGTGC,OXT_08,GACGGCATTCAGGCACGT,10
TAGTGTCGCATTGTGTCC,OXT_13,TATTACACTAGTGGATGG,11
GTGCTATCGGCGATTCAT,OXT_12,AATACAGCGGTGTTTCTA,10
TACGGCCGTGCACTCCTG,OXT_05,GGCGGACAGACTCTAATG,9
AGGCACGGCTAATGCTCT,OXT_03,GACTTGGGCTCATGCTGT,8
ATGCGGCCCAGGATATCT,OXT_01,AGGCTGCGTAAGTCTGCT,9
AACCGCTAGCGGGTGGCG,OXT_10,AAGATGTATCGTGTGCTG,8
GTGGTAACCTAGGACGTT,OXT_07,GTGGGTGCATTTGCTGTA,9
GCACAGGTAGCAGTATGG,OXT_27,GTAGAATGGGCATCGTCG,10
GACCTCCGACTCTGCATG,OXT_21,GAGCAACGGGTCAGCATT,7
GCGGATGGGACTGAGCGA,OXT_26,GGGGCATTCACTGAGCTG,8
TCCACAACTGATCTAATG,OXT_05,GGCGGACAGACTCTAATG,9
GCGGTAGGCACACAGCAC,OXT_26,GGGGCATTCACTGAGCTG,8
TACTTGGACCGCGTATGG,OXT_03,GACTTGGGCTCATGCTGT,9
AGGCCTAGAACCCGTGAT,OXT_01,AGGCTGCGTAAGTCTGCT,9
ATCGGCTCCAGCAGACGG,OXT_02,AGGGGAGCGTGCGGAGGC,9
AAGCGGTAAAAGCGTGCC,OXT_01,AGGCTGCGTAAGTCTGCT,8
GTTCAACCGTAACCACTG,OXT_05,GGCGGACAGACTCTAATG,10
AGGGGCAATACAAGCCGT,OXT_20,AGGGCCTAGGGATGACGT,7
GCAGGTAGTCTGCTGGAT,OXT_08,GACGGCATTCAGGCACGT,10
GTGGCCCCGGAGCGGATC,OXT_21,GAGCAACGGGTCAGCATT,10
TATCAGGTTCCGTCGTGC,OXT_03,GACTTGGGCTCATGCTGT,11
ACAACCATGTCGTGCGTG,OXT_14,TTGAGCGTAACGACAGTG,10
ATGTTGTCATTTCCCGAT,OXT_07,GTGGGTGCATTTGCTGTA,9
GGGACCCGGCTCGCATTT,OXT_04,TAGACAGGGCTGACTGTG,9
ACACTTTACTTGACGGCA,OXT_01,AGGCTGCGTAAGTCTGCT,11
GTAGGGACAGAGACTCAT,OXT_08,GACGGCATTCAGGCACGT,9
ATGGGCCCATTATCTGAG,OXT_07,GTGGGTGCATTTGCTGTA,7
ACGAACCGAAGGACTGTG,OXT_14,TTGAGCGTAACGACAGTG,7
GAGCGGTAACGTCGGTAT,OXT_10,AAGATGTATCGTGTGCTG,9
AGACATCCGGCCGTGTGA,OXT_02,AGGGGAGCGTGCGGAGGC,11
TTCGGCTTAGCTAAGTGA,OXT_14,TTGAGCGTAACGACAGTG,10
GGTAGATCGCACAGTCGT,OXT_11,GGGTAAGGGCACAACAGT,8
AGCTGAGGCAGCCTGTGT,OXT_02,AGGGGAGCGTGCGGAGGC,10
GCTAGCACAGCCGTCTGG,OXT_13,TATTACACTAGTGGATGG,10
GGCTGAACTCCCGGCTGT,OXT_03,GACTTGGGCTCATGCTGT,9
AAGGTGGCTAACCCGAGG,OXT_01,AGGCTGCGTAAGTCTGCT,10
AATAGCACGTAACGTATG,OXT_12,AATACAGCGGTGTTTCTA,10
GCCGCTGTGCAATAGATG,OXT_26,GGGGCATTCACTGAGCTG,10
TCTAGGTCTAGATAACTG,OXT_09,TGTAGTGCTCGGCTGCCG,9
GGAGGACAGGGAAACGAG,OXT_22,ACGGGACCGCAGATCGAG,8
TGTCCCTTAACGATGTGT,OXT_14,TTGAGCGTAACGACAGTG,10
ACATGTCGCATGTTATGT,OXT_01,AGGCTGCGTAAGTCTGCT,11
ACTGGCTCGAAGGGTTAG,OXT_22,ACGGGACCGCAGATCGAG,8
AGATAGCGATCCTCTAGT,OXT_01,AGGCTGCGTAAGTCTGCT,9
ATGGACGGACTGCGCACA,OXT_23,AAGTAGGGACAGAATACG,8
TGGTATCAGGAGCGGACG,OXT_09,TGTAGTGCTCGGCTGCCG,10
AACGGGACACACGATGGG,OXT_08,GACGGCATTCAGGCACGT,9
GGAGTACACAGCCTGTTG,OXT_05,GGCGGACAGACTCTAATG,7
GGGCAAGACACGGCAGTA,OXT_14,TTGAGCGTAACGACAGTG,9
ATAGAGTTCCACATGTTC,OXT_06,ATCATCATCATCATCATC,9
CCACAATCATGTCCTGTG,OXT_15,AGGGTATAACGTCCTTTG,8
AACGGAGCGACCTGGTTT,OXT_02,AGGGGAGCGTGCGGAGGC,9
AGAGGGTTACACGATGCA,OXT_28,AGCGGCGGCGACGGCGAA,9
AGTCAGTGAGCCACGGGT,OXT_01,AGGCTGCGTAAGTCTGCT,10
GGGGACAGATGCACTCTA,OXT_07,GTGGGTGCATTTGCTGTA,9
ACGCGGGTAGAGTGCAAT,OXT_01,AGGCTGCGTAAGTCTGCT,10
AAGGCAATACGATGGGCT,OXT_20,AGGGCCTAGGGATGACGT,9
AGCACGAGGGAATATTCG,OXT_01,AGGCTGCGTAAGTCTGCT,10
AAGACTGCTTACTTGGCT,OXT_01,AGGCTGCGTAAGTCTGCT,10
ACAGAAAGATATGATGTG,OXT_16,ATAAACAGTCTAGCTGTG,8
TACCACCTATCCTCATGG,OXT_13,TATTACACTAGTGGATGG,10
TAGGTGCTAGTACAGCTG,OXT_10,AAGATGTATCGTGTGCTG,10
ACGGTGGGATATGAAGCG,OXT_23,AAGTAGGGACAGAATACG,8
ACTGACATGGCATATGCT,OXT_20,AGGGCCTAGGGATGACGT,10
TACCGCGGTGAGGAGCTG,OXT_08,GACGGCATTCAGGCACGT,9
GTTCTGCCGCTGCTGACT,OXT_09,TGTAGTGCTCGGCTGCCG,10
TGTGCGGTACGTTCGCTC,OXT_09,TGTAGTGCTCGGCTGCCG,10
AAGGTGACTTACGAATTA,OXT_02,AGGGGAGCGTGCGGAGGC,10
GGGAAACTAACAACGACG,OXT_14,TTGAGCGTAACGACAGTG,9
ACGGGACCTACGCACGTA,OXT_22,ACGGGACCGCAGATCGAG,7
GCCAAGCGGAGTAACCTG,OXT_05,GGCGGACAGACTCTAATG,10
GACACATTGTCACTCGCG,OXT_05,GGCGGACAGACTCTAATG,10
GGTAGCCTTGTAAAGTCG,OXT_09,TGTAGTGCTCGGCTGCCG,10
ACGGCAGTAGTCTACGTT,OXT_12,AATACAGCGGTGTTTCTA,10
AGCGGCCATCGATACGCT,OXT_20,AGGGCCTAGGGATGACGT,9
AATGGGTATCCATGTTAG,OXT_10,AAGATGTATCGTGTGCTG,10
AGCGGCATCGTGACTCCT,OXT_08,GACGGCATTCAGGCACGT,8
ACATACGGCTAGTGTGTT,OXT_01,AGGCTGCGTAAGTCTGCT,10
GGCCATCGCATGGCTGTG,OXT_01,AGGCTGCGTAAGTCTGCT,9
GGCATGGCGAAAACTGTG,OXT_25,TGCATCGCAACAGCAGTT,7
GGAGATCTACGGACTTGG,OXT_15,AGGGTATAACGTCCTTTG,9
GTCGTTGCCTTGTGTACT,OXT_03,GACTTGGGCTCATGCTGT,9
GATCCATGTTCCGCTGGT,OXT_01,AGGCTGCGTAAGTCTGCT,11
GGCAGGGCAGTGGAATGC,OXT_02,AGGGGAGCGTGCGGAGGC,10
GCATAGTCAGCGCGTATG,OXT_23,AAGTAGGGACAGAATACG,10
ATGGTAGAGTCTCAGTAG,OXT_15,AGGGTATAACGTCCTTTG,8
TGCCAAGAGAACACGTGT,OXT_11,GGGTAAGGGCACAACAGT,8
GGTATAAGGTACTCGCTG,OXT_24,GGGATTCGGTCATGTCCT,9
AGGTGGCAGTGTGACCAT,OXT_02,AGGGGAGCGTGCGGAGGC,10
GGCAGTTGAGTGGGATAG,OXT_28,AGCGGCGGCGACGGCGAA,10
TGCAGGACGCCTTCCTCT,OXT_25,TGCATCGCAACAGCAGTT,10
GCACGGGTCATTGTAACG,OXT_18,TAACGGGTTATCCATAAT,9
CTACGCTCGTCCTATCTA,OXT_07,GTGGGTGCATTTGCTGTA,11
ACGGACGATGAGGATGTG,OXT_16,ATAAACAGTCTAGCTGTG,9
TGGTGGATTGCTCCAGTG,OXT_14,TTGAGCGTAACGACAGTG,8
ACGGACGAAAGGCCAGTG,OXT_14,TTGAGCGTAACGACAGTG,7
CCACGACGTGTGTGAATG,OXT_21,GAGCAACGGGTCAGCATT,9
GGGCAGGATTCCAGTTAT,OXT_03,GACTTGGGCTCATGCTGT,10
GTGTGCGTCAAACCCGTC,OXT_14,TTGAGCGTAACGACAGTG,8
ATCGATAACACTATAGTG,OXT_05,GGCGGACAGACTCTAATG,8
GATGTGTAGGTAACGCGT,OXT_20,AGGGCCTAGGGATGACGT,9
GGGATGAGTCTGGACCGG,OXT_10,AAGATGTATCGTGTGCTG,9
GGGAGACGCATACGGTAC,OXT_24,GGGATTCGGTCATGTCCT,10
GAAACTGATGGCGTTGAG,OXT_10,AAGATGTATCGTGTGCTG,10
GGGCACGATACTGTAGCT,OXT_25,TGCATCGCAACAGCAGTT,9
ACTGGTCGCTTTGTGTTA,OXT_07,GTGGGTGCATTTGCTGTA,9
GTGGAGGCGGCTATGCTT,OXT_07,GTGGGTGCATTTGCTGTA,10
ATAAGGCGTAGCGGTAAG,OXT_16,ATAAACAGTCTAGCTGTG,9
GGGACCAGAACGCCAATG,OXT_14,TTGAGCGTAACGACAGTG,7
GCCGCAGGTGGACATACT,OXT_11,GGGTAAGGGCACAACAGT,11
AGCTAGATGGCAACGGCG,OXT_27,GTAGAATGGGCATCGTCG,9
GAGACAAGACCGGATGAA,OXT_04,TAGACAGGGCTGACTGTG,8
AGGGACGTCGGAACTGGG,OXT_17,AGGAACTACGATCGTGAA,9
GCGGGCAATAAAGCTACT,OXT_08,GACGGCATTCAGGCACGT,8
GATGGCATATGACAGGAG,OXT_08,GACGGCATTCAGGCACGT,11
TGGATGGATAAGACGCGC,OXT_01,AGGCTGCGTAAGTCTGCT,9
AACGGCATGAGTTCAGCA,OXT_08,GACGGCATTCAGGCACGT,9
CGGCCTAGATGGTTAGTG,OXT_01,AGGCTGCGTAAGTCTGCT,11
GCGCGTGTGGTTAACCGT,OXT_11,GGGTAAGGGCACAACAGT,9
TGCGAATACCCACGCGGT,OXT_03,GACTTGGGCTCATGCTGT,10
GGTACGTGCCGAGATTTG,OXT_26,GGGGCATTCACTGAGCTG,9
CCGGGAGGTGACCACTAG,OXT_22,ACGGGACCGCAGATCGAG,9
TGGTGGTGCAGGCGCTAT,OXT_03,GACTTGGGCTCATGCTGT,10
AAGCGGCACATTCAAGCT,OXT_01,AGGCTGCGTAAGTCTGCT,9
GCTGTGCTGTGCATACGG,OXT_02,AGGGGAGCGTGCGGAGGC,11
AAGCATTACAGTCGGCCA,OXT_17,AGGAACTACGATCGTGAA,8
CTACTCTCAGCGGGTACT,OXT_25,TGCATCGCAACAGCAGTT,11
ATCACGGCTGGGGATGAG,OXT_12,AATACAGCGGTGTTTCTA,10
GGAGGTAAAGCTTGTACT,OXT_24,GGGATTCGGTCATGTCCT,9
AAGCACAGACATTGGCTT,OXT_10,AAGATGTATCGTGTGCTG,10
GAGGTTTCGCAAAGCGCG,OXT_22,ACGGGACCGCAGATCGAG,8
CTGGTAATGGGTCGTGCT,OXT_15,AGGGTATAACGTCCTTTG,10
AGGCAGGCTGTATGCGCT,OXT_01,AGGCTGCGTAAGTCTGCT,8
ATGCTGCCAAGAGTGTAC,OXT_10,AAGATGTATCGTGTGCTG,10
AACCGAGTACAGCCAGCG,OXT_08,GACGGCATTCAGGCACGT,9
GTCTGGCGATGGCAGATG,OXT_05,GGCGGACAGACTCTAATG,10
CGGGCTGATGGTATGAGT,OXT_20,AGGGCCTAGGGATGACGT,9
AGGCAGGGTCACGCAACT,OXT_01,AGGCTGCGTAAGTCTGCT,7
AAGCGTTAGCAAAAGACG,OXT_23,AAGTAGGGACAGAATACG,8
ATGGCAGGTGCTAACTAG,OXT_22,ACGGGACCGCAGATCGAG,10
ACCACGGCAACGTGCTCG,OXT_03,GACTTGGGCTCATGCTGT,10
AGGCATATATGGACCGTG,OXT_14,TTGAGCGTAACGACAGTG,9
GTGCACGGTTTCCTGCGG,OXT_09,TGTAGTGCTCGGCTGCCG,11
GCGGGCAAGAGAGCGGAG,OXT_22,ACGGGACCGCAGATCGAG,10
GGTGCAAGATTTACCTTG,OXT_15,AGGGTATAACGTCCTTTG,9
CACGGGCAGGAATCGGCG,OXT_27,GTAGAATGGGCATCGTCG,9
CGCACGGAGGAGGCGTGA,OXT_12,AATACAGCGGTGTTTCTA,11
GGAGGTGGTTCACATTTG,OXT_05,GGCGGACAGACTCTAATG,10
GGAGGATAAACTGGGTGC,OXT_26,GGGGCATTCACTGAGCTG,8
GACGGGATGATGAACCAT,OXT_08,GACGGCATTCAGGCACGT,8
AAGATGACGACTTGATTG,OXT_10,AAGATGTATCGTGTGCTG,9
AACGGGAGCAGGGAGCGT,OXT_08,GACGGCATTCAGGCACGT,8
CGACGGCTCCTGGGAGCT,OXT_01,AGGCTGCGTAAGTCTGCT,10
GCAGAGGATGTGTGTAAG,OXT_18,TAACGGGTTATCCATAAT,10
GGGCTAGCAACGTGACCT,OXT_24,GGGATTCGGTCATGTCCT,8
ACCTACACCAGGTATGTG,OXT_13,TATTACACTAGTGGATGG,10
GTGACCAGCTAACATTTG,OXT_16,ATAAACAGTCTAGCTGTG,9
AACGTCGCTGTCATACGG,OXT_06,ATCATCATCATCATCATC,10
GTGCCAACCGTGTTATAG,OXT_12,AATACAGCGGTGTTTCTA,10
GGGGCCTATCACGTCCTG,OXT_10,AAGATGTATCGTGTGCTG,8
ATGGGAGAGAAAAGACGC,OXT_02,AGGGGAGCGTGCGGAGGC,7
GGGCAAGTCGACAAGGCA,OXT_11,GGGTAAGGGCACAACAGT,8
AAGTTGGGCCGATTAACA,OXT_23,AAGTAGGGACAGAATACG,8
ATAGTGGTCTAAGGTCCG,OXT_03,GACTTGGGCTCATGCTGT,11
GCGGAGTAGGGAAGGACG,OXT_27,GTAGAATGGGCATCGTCG,8
GACGCGCAAGGAATGTGA,OXT_03,GACTTGGGCTCATGCTGT,11
AGGCAGCTATCATGTCGA,OXT_24,GGGATTCGGTCATGTCCT,8
AACGGCACTCCGCAGACT,OXT_08,GACGGCATTCAGGCACGT,8
GGGACGTATTGTAGACTG,OXT_10,AAGATGTATCGTGTGCTG,7
AGGGACCGACCGGAAGGA,OXT_02,AGGGGAGCGTGCGGAGGC,10
AGGGCACACTCATGACAA,OXT_20,AGGGCCTAGGGATGACGT,7
TTACAGTCCAGTTAGTCG,OXT_27,GTAGAATGGGCATCGTCG,9
GACGGGACGGAACCTACG,OXT_05,GGCGGACAGACTCTAATG,10
ACTGGGTATGCGAACCAT,OXT_22,ACGGGACCGCAGATCGAG,10
TGGTGCCGAGTATGTGGG,OXT_20,AGGGCCTAGGGATGACGT,10
CTCGAAGGATTTGACGTG,OXT_07,GTGGGTGCATTTGCTGTA,8
GAAGTCACTCAGACTGGG,OXT_08,GACGGCATTCAGGCACGT,7
GGAGCCACGTGAATGAAG,OXT_05,GGCGGACAGACTCTAATG,11
GTAGCACTCGGAGCCATT,OXT_21,GAGCAACGGGTCAGCATT,10
TCGGGAGCACGGCGAAGT,OXT_02,AGGGGAGCGTGCGGAGGC,8
AAGGTACGGACGCTGTTG,OXT_05,GGCGGACAGACTCTAATG,8
ACGTGTTCAATGTCGGCG,OXT_01,AGGCTGCGTAAGTCTGCT,10
GCAGAAGGTCACTCTATG,OXT_11,GGGTAAGGGCACAACAGT,9
GTGACGAGTGAGTGCCTG,OXT_01,AGGCTGCGTAAGTCTGCT,11
ACTGCCGTCCATCGTGTA,OXT_17,AGGAACTACGATCGTGAA,8
TGGAGCAACAGCTGGTTA,OXT_17,AGGAACTACGATCGTGAA,10
TGGAGGCGACCCCATACA,OXT_23,AAGTAGGGACAGAATACG,9
ACCTAGGTGAGGACGATG,OXT_23,AAGTAGGGACAGAATACG,9
AGTAACCTGGTCCGTACG,OXT_17,AGGAACTACGATCGTGAA,9
GGGGTCATGGGTTCCACT,OXT_20,AGGGCCTAGGGATGACGT,9
AGCTGGTCGAAGTCGGCT,OXT_01,AGGCTGCGTAAGTCTGCT,7
GCCGAGAGGTATAGGGAT,OXT_03,GACTTGGGCTCATGCTGT,11
GGGTATAGCAACGAGACT,OXT_11,GGGTAAGGGCACAACAGT,7
ATGCAGCATCCGTTATCG,OXT_01,AGGCTGCGTAAGTCTGCT,9
AGTGCCGGAGGTAGGACA,OXT_28,AGCGGCGGCGACGGCGAA,9
ATAGCCAATCGGAGGGCA,OXT_16,ATAAACAGTCTAGCTGTG,10
AGGCGGCAAAAGTGGCTT,OXT_01,AGGCTGCGTAAGTCTGCT,7
AAATCTGAGTAGGACGTG,OXT_04,TAGACAGGGCTGACTGTG,10
ATTGGACCTGTAATGTGG,OXT_22,ACGGGACCGCAGATCGAG,9
ACCGTGGTGCTCAATCCT,OXT_18,TAACGGGTTATCCATAAT,10
TGAGGCGGTGAGCTAGGT,OXT_08,GACGGCATTCAGGCACGT,9
GATAACGCCTCCAATGCT,OXT_03,GACTTGGGCTCATGCTGT,11
AGTATCAGACACTTCGCG,OXT_01,AGGCTGCGTAAGTCTGCT,10
TAATGCACGGGAAAAGCA,OXT_13,TATTACACTAGTGGATGG,10
ACGGTATGCCAGTGACGT,OXT_20,AGGGCCTAGGGATGACGT,8
AGGACGCTAGTCCATATG,OXT_15,AGGGTATAACGTCCTTTG,10
TCGATGGCGGTATTATTT,OXT_12,AATACAGCGGTGTTTCTA,9
GGGTCAGTAACCCTAGTG,OXT_05,GGCGGACAGACTCTAATG,8
GCTGGGGAGCAGGGAAGG,OXT_08,GACGGCATTCAGGCACGT,9
AAAGGCAAGGCAAGGTGC,OXT_20,AGGGCCTAGGGATGACGT,9
AGGCCACCATGACGCGTG,OXT_02,AGGGGAGCGTGCGGAGGC,9
GACGTACTCTATACAGCT,OXT_08,GACGGCATTCAGGCACGT,9
ACCGAGTGGTGGTTTGTC,OXT_01,AGGCTGCGTAAGTCTGCT,11
GACGAGTGTAAAGCGACG,OXT_27,GTAGAATGGGCATCGTCG,8
TGGCGACTTTAACATGAT,OXT_18,TAACGGGTTATCCATAAT,8
ACGAGGTGGACAGTTCAG,OXT_10,AAGATGTATCGTGTGCTG,9
ATCCAGACGTCATGCTAA,OXT_03,GACTTGGGCTCATGCTGT,9
TGTAGCCGGAGAGGGCAA,OXT_09,TGTAGTGCTCGGCTGCCG,10
TACGATGCCGCTCGCCCT,OXT_03,GACTTGGGCTCATGCTGT,10
ACAGGCTTAATGACTGTG,OXT_14,TTGAGCGTAACGACAGTG,7
GGACTCGGTTAGAGGCAG,OXT_01,AGGCTGCGTAAGTCTGCT,11
GACGACGGAACAGGGTAG,OXT_03,GACTTGGGCTCATGCTGT,9
AGCTGCCACCATCTTCCT,OXT_17,AGGAACTACGATCGTGAA,9
ACGGCGGGAATGGTGCGG,OXT_10,AAGATGTATCGTGTGCTG,10
TGGAACAACAAGCCGCGT,OXT_17,AGGAACTACGATCGTGAA,9
ACGGACAAAGGACGGTGG,OXT_20,AGGGCCTAGGGATGACGT,8
AGCTTGGGTAAAGCTGCG,OXT_01,AGGCTGCGTAAGTCTGCT,6
ACGCAGGGCTAGGCATCT,OXT_01,AGGCTGCGTAAGTCTGCT,8
GGAGAGGCGCAGCAGGAT,OXT_11,GGGTAAGGGCACAACAGT,9
CATCGGCGGGAATAGGGC,OXT_01,AGGCTGCGTAAGTCTGCT,11
ACGGCGATCTTAGTTAAG,OXT_06,ATCATCATCATCATCATC,11
GGGCTAATTCCGCATGTA,OXT_01,AGGCTGCGTAAGTCTGCT,10
GCAAGGTGCTAGGTTTTT,OXT_03,GACTTGGGCTCATGCTGT,11
AGGACGGTAGGGATCGAT,OXT_14,TTGAGCGTAACGACAGTG,10
AGGTGCTGCATCCAGGTA,OXT_17,AGGAACTACGATCGTGAA,9
GCGGGTGCAACTCCGCAG,OXT_07,GTGGGTGCATTTGCTGTA,8
ATACTGTCCAGACCCGCT,OXT_01,AGGCTGCGTAAGTCTGCT,9
ACAGCAGTTTGACGAGCG,OXT_02,AGGGGAGCGTGCGGAGGC,9
GCAGGGTATTGCAGTGCG,OXT_02,AGGGGAGCGTGCGGAGGC,11
AGGCGCGTAGAGAGGGAG,OXT_14,TTGAGCGTAACGACAGTG,8
GACGGGTAAGTCTAACTG,OXT_05,GGCGGACAGACTCTAATG,10
GTGGGATTAGAGCGTGCC,OXT_07,GTGGGTGCATTTGCTGTA,10
TGACCGGCCAGGAAGATT,OXT_18,TAACGGGTTATCCATAAT,9
GGTGTACGTGACTTTGGA,OXT_01,AGGCTGCGTAAGTCTGCT,9
GACGGAAGTCCGTGATGG,OXT_08,GACGGCATTCAGGCACGT,7
GGGGCATCTCAATACACT,OXT_11,GGGTAAGGGCACAACAGT,8
AGCAGGCACAAAGGGTTT,OXT_25,TGCATCGCAACAGCAGTT,10
GTGGCACAGGATAGAGCT,OXT_20,AGGGCCTAGGGATGACGT,9
GGCCTAGATTAAGGGTGT,OXT_03,GACTTGGGCTCATGCTGT,8
AGCGGTCGTACAGCTTAT,OXT_01,AGGCTGCGTAAGTCTGCT,9
GGATACGCATCCTTAATT,OXT_25,TGCATCGCAACAGCAGTT,9
GTACTCACAAGTGCGGGC,OXT_07,GTGGGTGCATTTGCTGTA,10
AATCAGCGTGTCTGGTGA,OXT_21,GAGCAACGGGTCAGCATT,9
GGCCAAAGCGGTTATGGT,OXT_11,GGGTAAGGGCACAACAGT,10
ATGTCGCACCAGTGGATG,OXT_23,AAGTAGGGACAGAATACG,9
TGGCAGGACAGTCGGAGC,OXT_17,AGGAACTACGATCGTGAA,10
GACATGGGATGATGTGCG,OXT_03,GACTTGGGCTCATGCTGT,7
ACGGCCAAAAGGTGTGCT,OXT_20,AGGGCCTAGGGATGACGT,8
AGGGCGTGACACGAGTAT,OXT_11,GGGTAAGGGCACAACAGT,10
TGTGGAGTTCGATGCGTT,OXT_02,AGGGGAGCGTGCGGAGGC,10
GATAAGTCCTCTGAGCGG,OXT_26,GGGGCATTCACTGAGCTG,8
CAGGGTATCCAACGTCCG,OXT_08,GACGGCATTCAGGCACGT,10
TGGAGCTACCAACACATA,OXT_17,AGGAACTACGATCGTGAA,8
GAGGCGGCTGTATGAGCT,OXT_20,AGGGCCTAGGGATGACGT,9
AAGCACCGAGATGCTGTG,OXT_16,ATAAACAGTCTAGCTGTG,8
AGCATGGCCGAACGGGTG,OXT_17,AGGAACTACGATCGTGAA,9
GCAGGATGTATCATGCGG,OXT_26,GGGGCATTCACTGAGCTG,10
ACAGCGGTAGACATGTCG,OXT_23,AAGTAGGGACAGAATACG,10
AGGCGATAACGTACGTCT,OXT_15,AGGGTATAACGTCCTTTG,6
AGGATGGGACGTTGATGG,OXT_15,AGGGTATAACGTCCTTTG,8
AGCACATTACCCGGTGCG,OXT_15,AGGGTATAACGTCCTTTG,10
GGCTGGGGCAATGAGTGT,OXT_03,GACTTGGGCTCATGCTGT,8
ATGGTGCTGCAGTAGTGT,OXT_01,AGGCTGCGTAAGTCTGCT,9
CAGGAGTTCACGCAAGGC,OXT_26,GGGGCATTCACTGAGCTG,10
ATGTGCGGAGCCGAATCG,OXT_14,TTGAGCGTAACGACAGTG,9
AAGGCAGACATGGTGCGA,OXT_12,AATACAGCGGTGTTTCTA,8
ATAGGCGGATGGCATGGC,OXT_02,AGGGGAGCGTGCGGAGGC,9
AAACCTGAGCACTTCGGG,OXT_22,ACGGGACCGCAGATCGAG,10
GGGCAATTCACTAGACGT,OXT_26,GGGGCATTCACTGAGCTG,7
AGTGTACGGTAGACACGG,OXT_22,ACGGGACCGCAGATCGAG,9
AACCCGTGATAACGTGTT,OXT_01,AGGCTGCGTAAGTCTGCT,10
ACCGAGTGAGAGCATGTG,OXT_23,AAGTAGGGACAGAATACG,8
GACGGGTGCAACCGGAGG,OXT_03,GACTTGGGCTCATGCTGT,10
TGCGGGTGCAGGCAAACA,OXT_05,GGCGGACAGACTCTAATG,10
TGGTAGGCATCTGAGCTC,OXT_26,GGGGCATTCACTGAGCTG,9
ATGGGCACCTTTCGAGCA,OXT_07,GTGGGTGCATTTGCTGTA,8
AGGCCTCTGGTGTTTCAT,OXT_12,AATACAGCGGTGTTTCTA,8
ATGTAGTGAGTGGGGCCA,OXT_23,AAGTAGGGACAGAATACG,9
GGAGTAGTATGCGACCAG,OXT_26,GGGGCATTCACTGAGCTG,9
TAGCGTAGTGGATGAGAA,OXT_13,TATTACACTAGTGGATGG,11
TGCGAATGCCGGTAGTCG,OXT_27,GTAGAATGGGCATCGTCG,8
AGCGAAGACTGATATGTG,OXT_15,AGGGTATAACGTCCTTTG,9
ACGGGACCATGTTGCGTG,OXT_22,ACGGGACCGCAGATCGAG,7
AGCCCGCTACGGAATGTG,OXT_23,AAGTAGGGACAGAATACG,9
GTGGCTATGTAAAGTGCG,OXT_24,GGGATTCGGTCATGTCCT,9
TGTAGTACCGGGATCGTC,OXT_09,TGTAGTGCTCGGCTGCCG,8
GGCATGATTTGGCGGGAG,OXT_09,TGTAGTGCTCGGCTGCCG,10
ATGTGCGGCGTTATATAT,OXT_28,AGCGGCGGCGACGGCGAA,10
GAGGACCCATCCAACGCT,OXT_21,GAGCAACGGGTCAGCATT,9
GAGGCGGTAATGGGGCGT,OXT_08,GACGGCATTCAGGCACGT,9
AGGCTAGCACCGGTTAGG,OXT_15,AGGGTATAACGTCCTTTG,9
GGGGTACTGCATGTGTCC,OXT_26,GGGGCATTCACTGAGCTG,9
CACGGGAGAACGATGCGT,OXT_08,GACGGCATTCAGGCACGT,9
AGTACTCCATGACGCGAG,OXT_09,TGTAGTGCTCGGCTGCCG,10
CTGCAGGTAGGAGCTGTG,OXT_07,GTGGGTGCATTTGCTGTA,9
GACGGTGTGACTCGACAG,OXT_05,GGCGGACAGACTCTAATG,7
AACAGCACGAAACGGTGG,OXT_13,TATTACACTAGTGGATGG,9
GCAACTGTGACTGAATGG,OXT_26,GGGGCATTCACTGAGCTG,9
ACAGGAGAGATGGGACTG,OXT_02,AGGGGAGCGTGCGGAGGC,9
CGGGCCCAGCGGATCGTA,OXT_22,ACGGGACCGCAGATCGAG,8
AAGGCACGGCGAAGAGCA,OXT_02,AGGGGAGCGTGCGGAGGC,9
ACACGTCTTGGGGCTATA,OXT_01,AGGCTGCGTAAGTCTGCT,11
AGCGGGCAAGAAATGTTC,OXT_05,GGCGGACAGACTCTAATG,10
ACGATGGGCAACGTAATT,OXT_06,ATCATCATCATCATCATC,9
TAGCGGGATATGAACGTG,OXT_04,TAGACAGGGCTGACTGTG,8
GTGGCAGGTGAGACATGG,OXT_04,TAGACAGGGCTGACTGTG,9
ATGTACGCCCATATGTGT,OXT_11,GGGTAAGGGCACAACAGT,9
GCGGAAGAAGCCACGGTA,OXT_07,GTGGGTGCATTTGCTGTA,9
GGAGGCCGCCCGCAGGAT,OXT_28,AGCGGCGGCGACGGCGAA,10
GAGAGCATTGATATGTGC,OXT_08,GACGGCATTCAGGCACGT,9
AAGGAGCTTCAGCCCTGA,OXT_08,GACGGCATTCAGGCACGT,9
ACAGCCTGCCGCGTGTTG,OXT_10,AAGATGTATCGTGTGCTG,9
AGCACTAGAGGGTTACTA,OXT_12,AATACAGCGGTGTTTCTA,8
GGCGGTATTGGCGCGGCA,OXT_08,GACGGCATTCAGGCACGT,9
ATCAGGTCGCTCTGACAT,OXT_20,AGGGCCTAGGGATGACGT,10
TAATTGTTCGTCATGTGG,OXT_03,GACTTGGGCTCATGCTGT,11
AGCAGGACACAAGGTGGA,OXT_28,AGCGGCGGCGACGGCGAA,9
TGACCAGCTGCTATTCCG,OXT_09,TGTAGTGCTCGGCTGCCG,9
ACGGTACCAGTAGCGGTG,OXT_07,GTGGGTGCATTTGCTGTA,9
ACGTGGTGTTCTAAGCCT,OXT_10,AAGATGTATCGTGTGCTG,10
AGGGTAGCTGTGCAGGTG,OXT_15,AGGGTATAACGTCCTTTG,9
ACGGGATCCACGCTGTCG,OXT_22,ACGGGACCGCAGATCGAG,8
AGGGCAGTGTATATGGTG,OXT_22,ACGGGACCGCAGATCGAG,8
AGGACGGACGTTGATCTA,OXT_12,AATACAGCGGTGTTTCTA,8
GTGAACGTCAGACGCGCA,OXT_17,AGGAACTACGATCGTGAA,9
ATGTGGCAAACAGTCGCG,OXT_14,TTGAGCGTAACGACAGTG,10
ATGACCGTGCTGCTACAA,OXT_12,AATACAGCGGTGTTTCTA,8
GGGATAGTCAAAATACGT,OXT_11,GGGTAAGGGCACAACAGT,9
GGGCAAATCGAACGTGGC,OXT_17,AGGAACTACGATCGTGAA,8
GGGGCCGGAAAGTATCGA,OXT_01,AGGCTGCGTAAGTCTGCT,10
AGGATACACCGTGTGCTA,OXT_10,AAGATGTATCGTGTGCTG,5
TGCCGAGGGTTCAACTTA,OXT_11,GGGTAAGGGCACAACAGT,9
GTGCTGGTGATAAGGTCG,OXT_27,GTAGAATGGGCATCGTCG,10
ACGGCGTACCCTGATGTG,OXT_26,GGGGCATTCACTGAGCTG,7
AGGCAGAAGCACGATGTT,OXT_01,AGGCTGCGTAAGTCTGCT,9
AACCCTGACAGGATTGGT,OXT_01,AGGCTGCGTAAGTCTGCT,11
TGGAGGGTTGCATTCGAG,OXT_14,TTGAGCGTAACGACAGTG,9
AGGTAGCACCATCGCAGT,OXT_11,GGGTAAGGGCACAACAGT,8
AGCGTGAGGTATTCATAA,OXT_01,AGGCTGCGTAAGTCTGCT,10
AGGGATGGTGACCGGAGT,OXT_11,GGGTAAGGGCACAACAGT,8
GTTGGATGCGCTTGGAGT,OXT_27,GTAGAATGGGCATCGTCG,8
ACGCGACGTAGGACCGTG,OXT_22,ACGGGACCGCAGATCGAG,7
GGGTAGAAAGGCCGCTTG,OXT_15,AGGGTATAACGTCCTTTG,9
ATACGGGCTTCTGTATGT,OXT_02,AGGGGAGCGTGCGGAGGC,10
AGGCAAAGTGTCTCCGTG,OXT_16,ATAAACAGTCTAGCTGTG,8
GGTGAGGAGGATCTGTGC,OXT_05,GGCGGACAGACTCTAATG,10
GGGACGCATAACGATGTG,OXT_01,AGGCTGCGTAAGTCTGCT,9
GATGGGTAACACTCGTCT,OXT_08,GACGGCATTCAGGCACGT,10
AAGGGGTTGATCTGCCCG,OXT_20,AGGGCCTAGGGATGACGT,10
AGAGCAGCCGACGATTCG,OXT_28,AGCGGCGGCGACGGCGAA,9
TCGGAGCAGTGCGTAGTA,OXT_02,AGGGGAGCGTGCGGAGGC,9
AGGCGAACGTTGAGGCTG,OXT_02,AGGGGAGCGTGCGGAGGC,9
AGCAAGTATGATCCTAGT,OXT_17,AGGAACTACGATCGTGAA,7
GCACTGGACTCCGATCGG,OXT_03,GACTTGGGCTCATGCTGT,10
AGGGAAGGCGGAGAAGAG,OXT_02,AGGGGAGCGTGCGGAGGC,8
CGGAGCATGTCGATGGCG,OXT_14,TTGAGCGTAACGACAGTG,8
TAGACAACACTATGTCGG,OXT_04,TAGACAGGGCTGACTGTG,8
GCCGTGCTGTGGTGTACG,OXT_24,GGGATTCGGTCATGTCCT,9
GCTGGTACGCAAGGTCGA,OXT_08,GACGGCATTCAGGCACGT,9
AGAGCCAGTGAAGATGTG,OXT_16,ATAAACAGTCTAGCTGTG,6
AGGTGCGTATGCCCTCGG,OXT_02,AGGGGAGCGTGCGGAGGC,9
TGGTGACTAGAGCATGTT,OXT_01,AGGCTGCGTAAGTCTGCT,10
AGAGCCGCGCAGAGAGTG,OXT_22,ACGGGACCGCAGATCGAG,8
TGGGCGTGCGATGTCCTT,OXT_26,GGGGCATTCACTGAGCTG,8
AGCTCAAGGGCAGTCGCT,OXT_28,AGCGGCGGCGACGGCGAA,10
GGTGAGATGCGTGCTAGC,OXT_08,GACGGCATTCAGGCACGT,10
ACACAACCCTGATGTGTG,OXT_16,ATAAACAGTCTAGCTGTG,10
GGGGTGCATGCCGTAGGA,OXT_02,AGGGGAGCGTGCGGAGGC,10
AACCGTGCGGCTGGATTA,OXT_02,AGGGGAGCGTGCGGAGGC,10
ATACGGGACACGATAGGA,OXT_14,TTGAGCGTAACGACAGTG,9
ATGCGGCGAGTCCAGACA,OXT_18,TAACGGGTTATCCATAAT,10
GCGACGGAACACGAGGTG,OXT_10,AAGATGTATCGTGTGCTG,9
GCGAGAGTCAGTCGTATT,OXT_05,GGCGGACAGACTCTAATG,10
GGGATCAAGAATGGCAGG,OXT_05,GGCGGACAGACTCTAATG,10
AATATGACCATCGCTCGT,OXT_06,ATCATCATCATCATCATC,10
ACATGTCGTGACTAAGTG,OXT_01,AGGCTGCGTAAGTCTGCT,11
GCAAGGTAACATTGCGTG,OXT_10,AAGATGTATCGTGTGCTG,10
ATAGTGCAAACAGCGTGC,OXT_27,GTAGAATGGGCATCGTCG,10
TAGGGACTGATAGAGACG,OXT_26,GGGGCATTCACTGAGCTG,9
TACAGGCTTCTATGCGAT,OXT_18,TAACGGGTTATCCATAAT,9
TGGTGGCGCTCTAACTTC,OXT_03,GACTTGGGCTCATGCTGT,10
TGCGGACGATGACCGTGG,OXT_15,AGGGTATAACGTCCTTTG,9
GGGTCGTCATATTCATAA,OXT_07,GTGGGTGCATTTGCTGTA,10
GTACCGTAAGGCAGCGCT,OXT_21,GAGCAACGGGTCAGCATT,10
CCGGGGCACCAACATAAA,OXT_17,AGGAACTACGATCGTGAA,10
ACGTCAGACAGCTGCTCT,OXT_03,GACTTGGGCTCATGCTGT,10
GGGCCAGTGTCTCATGCA,OXT_26,GGGGCATTCACTGAGCTG,9
ACCCAGACCTCGGCGTTG,OXT_29,CCCCCCCCCCCCCCGCCC,10
GCCATTCGTCAGTGTGCA,OXT_01,AGGCTGCGTAAGTCTGCT,8
ATGTGGTAGACACGCTTG,OXT_05,GGCGGACAGACTCTAATG,10
ATGGGCTCAACGCGCTGT,OXT_14,TTGAGCGTAACGACAGTG,10
ACACAGACATTGCCGTGT,OXT_01,AGGCTGCGTAAGTCTGCT,12
ATGGATAGGCGACGGGCT,OXT_16,ATAAACAGTCTAGCTGTG,10
AGCGGTAAGTTGATGACT,OXT_05,GGCGGACAGACTCTAATG,10
TTGGAGGTGTCACGAGTC,OXT_02,AGGGGAGCGTGCGGAGGC,9
GGACCCGTATAATCTGTG,OXT_07,GTGGGTGCATTTGCTGTA,10
AGGGCTCCCGTAGCTTGG,OXT_07,GTGGGTGCATTTGCTGTA,10
GGCATGCAGTGGAAGGCG,OXT_24,GGGATTCGGTCATGTCCT,10
ACGGAGAGTGACGTAGCG,OXT_01,AGGCTGCGTAAGTCTGCT,10
GCTGCTACGACCTGTGCT,OXT_24,GGGATTCGGTCATGTCCT,9
AACGTGGCGTAGCAGTGA,OXT_03,GACTTGGGCTCATGCTGT,10
GATAAGCGGAGAGGCTTA,OXT_21,GAGCAACGGGTCAGCATT,9
GGATGGGAATGGCCCGTG,OXT_07,GTGGGTGCATTTGCTGTA,10
TATATTACGCCTTGTACT,OXT_24,GGGATTCGGTCATGTCCT,8
AAGGTAGCTGTCGTTAAG,OXT_12,AATACAGCGGTGTTTCTA,9
GGAGGTATAGACCGTGCG,OXT_28,AGCGGCGGCGACGGCGAA,10
GATCACGGTGCAGATCGA,OXT_03,GACTTGGGCTCATGCTGT,11
GTAGGTGCAAGACGTAGT,OXT_07,GTGGGTGCATTTGCTGTA,9
CTGGAGGCCGAGCGTCAG,OXT_17,AGGAACTACGATCGTGAA,9
GGTACATGGGAAGGCGCT,OXT_24,GGGATTCGGTCATGTCCT,9
AAGGAGCCTGATCCTAGA,OXT_17,AGGAACTACGATCGTGAA,9
ACTGGTCACCGGCAACGG,OXT_09,TGTAGTGCTCGGCTGCCG,9
GCATTACGTTGGCTGGAG,OXT_22,ACGGGACCGCAGATCGAG,10
CAGGTGGAGTAGCAGCTG,OXT_10,AAGATGTATCGTGTGCTG,9
TAGCATCGATACCGTCAG,OXT_21,GAGCAACGGGTCAGCATT,10
ACAGCACTTCCTCCCTTA,OXT_15,AGGGTATAACGTCCTTTG,9
GTGGACACATGCCTCGCG,OXT_07,GTGGGTGCATTTGCTGTA,10
GACCTGAAACCCTACGTG,OXT_03,GACTTGGGCTCATGCTGT,10
CATCAGGTTATTAACGTG,OXT_18,TAACGGGTTATCCATAAT,9
GGGCACTCTTAGCCGCTT,OXT_01,AGGCTGCGTAAGTCTGCT,10
GGGCCATTGGAGCAGGTA,OXT_26,GGGGCATTCACTGAGCTG,8
ACGGGACAACGACTAGAG,OXT_22,ACGGGACCGCAGATCGAG,6
ATACGTCTCGAGTGTGAG,OXT_01,AGGCTGCGTAAGTCTGCT,10
TAGACCAGAGACATGGCG,OXT_04,TAGACAGGGCTGACTGTG,9
CGCAGGATAGACGCCACG,OXT_28,AGCGGCGGCGACGGCGAA,10
TGCTGGTGCCATGTACGT,OXT_08,GACGGCATTCAGGCACGT,9
GAACGGTGCGAAATTAGT,OXT_03,GACTTGGGCTCATGCTGT,10
ATGAAGCCACTCGCGTCA,OXT_07,GTGGGTGCATTTGCTGTA,10
ATCTGGGATGGGTCTACA,OXT_01,AGGCTGCGTAAGTCTGCT,10
AGGAAAACACTGGGAAGT,OXT_02,AGGGGAGCGTGCGGAGGC,9
AGCGGGTCAACACGTTAT,OXT_15,AGGGTATAACGTCCTTTG,10
TTGTGGCAGCAAGCAATG,OXT_05,GGCGGACAGACTCTAATG,10
TAGACCTATGACGACGCT,OXT_17,AGGAACTACGATCGTGAA,10
GGGCAGGTGATGGATCTC,OXT_26,GGGGCATTCACTGAGCTG,9
GATAGGTTCGATCACTGG,OXT_03,GACTTGGGCTCATGCTGT,11
AAGGCTGCTCAGTCTTGG,OXT_04,TAGACAGGGCTGACTGTG,9
TCCGGTCTAATGGCTATT,OXT_07,GTGGGTGCATTTGCTGTA,9
ACGCAGTGTGGTGTTCCT,OXT_10,AAGATGTATCGTGTGCTG,8
GCGGGAAGGCTGCATATT,OXT_04,TAGACAGGGCTGACTGTG,9
GCATTGTGTGTTTCGGTA,OXT_27,GTAGAATGGGCATCGTCG,10
TGGTGAGGATAGAGCTGT,OXT_11,GGGTAAGGGCACAACAGT,7
ATCATGTCGCCAGACCGT,OXT_03,GACTTGGGCTCATGCTGT,10
AGGACGGGTATGTTCTGC,OXT_01,AGGCTGCGTAAGTCTGCT,9
AGGGTCCACAAAGGCCGG,OXT_20,AGGGCCTAGGGATGACGT,8
ATGAGGGTCATACATAGT,OXT_18,TAACGGGTTATCCATAAT,7
GCAGACCATGACTCGCGG,OXT_27,GTAGAATGGGCATCGTCG,9
GATCGAGTGAATTCGCGT,OXT_08,GACGGCATTCAGGCACGT,9
GGGTCAATAGGTGCAATA,OXT_26,GGGGCATTCACTGAGCTG,9
GTGCCAGCACATCGGATG,OXT_07,GTGGGTGCATTTGCTGTA,10
ACGGACGCATTCGTTAGG,OXT_02,AGGGGAGCGTGCGGAGGC,9
GGTGCAGCGTCCAGTAGT,OXT_02,AGGGGAGCGTGCGGAGGC,8
GTAGACCTGGTGACTGCT,OXT_27,GTAGAATGGGCATCGTCG,9
TGATCATGCGGCGATGTC,OXT_26,GGGGCATTCACTGAGCTG,10
CAGGGGACTGTTACTGCA,OXT_07,GTGGGTGCATTTGCTGTA,8
ATGTGCACCGTCTACTGA,OXT_06,ATCATCATCATCATCATC,10
TTACATTGCGCCAGTGCA,OXT_17,AGGAACTACGATCGTGAA,10
TAAGGACACGTATGGCTT,OXT_20,AGGGCCTAGGGATGACGT,10
GGCACACATTTACCAGTG,OXT_05,GGCGGACAGACTCTAATG,8
AGGCTGCCTAGTCAGTGC,OXT_01,AGGCTGCGTAAGTCTGCT,9
GCATAGGTTATGTGCGCT,OXT_01,AGGCTGCGTAAGTCTGCT,10
TGGGTGAGAGCAGACTCG,OXT_27,GTAGAATGGGCATCGTCG,10
TGAGCTGGACAGGACATG,OXT_23,AAGTAGGGACAGAATACG,9
AGGGCGGTGAATGTTCTA,OXT_26,GGGGCATTCACTGAGCTG,8
AGCAACCGCGACCGTGTT,OXT_17,AGGAACTACGATCGTGAA,6
ATAGGGTCTTCCGTATGG,OXT_02,AGGGGAGCGTGCGGAGGC,9
GCTGCAAGATTACCGTGG,OXT_27,GTAGAATGGGCATCGTCG,9
GCACGACGTGCAAGACAT,OXT_21,GAGCAACGGGTCAGCATT,9
AGGAGGACTGGGAAACGG,OXT_09,TGTAGTGCTCGGCTGCCG,9
AACGGGTGTTTACACAGG,OXT_03,GACTTGGGCTCATGCTGT,10
GGCCCGTGGAAAGCTGGA,OXT_01,AGGCTGCGTAAGTCTGCT,9
AGAGGTGTTCACCGCTGG,OXT_28,AGCGGCGGCGACGGCGAA,9
TAGCGTAGAACAACGTGG,OXT_14,TTGAGCGTAACGACAGTG,9
TCATCGAGTGGACTACAA,OXT_09,TGTAGTGCTCGGCTGCCG,12
GGGTGACTGTTCGTGGTA,OXT_02,AGGGGAGCGTGCGGAGGC,9
AAGTGTTCATGTGACTGA,OXT_07,GTGGGTGCATTTGCTGTA,9
AAGGTACTAGCACGAACT,OXT_20,AGGGCCTAGGGATGACGT,10
TGGGTAACGACGTCCCCT,OXT_01,AGGCTGCGTAAGTCTGCT,9
GCTGCGCGATATGGCGTG,OXT_07,GTGGGTGCATTTGCTGTA,10
TACAGCGATTGGCGGCAA,OXT_09,TGTAGTGCTCGGCTGCCG,8
GGCGAAGGAGTGTTGAGA,OXT_11,GGGTAAGGGCACAACAGT,10
GTACCGGGAATTCCGGTG,OXT_07,GTGGGTGCATTTGCTGTA,9
TGCACGCCCGAACTTCCG,OXT_09,TGTAGTGCTCGGCTGCCG,9
AGATACGCGTTCCATGTG,OXT_16,ATAAACAGTCTAGCTGTG,9
AGCGGATGTGCGGTGTGC,OXT_02,AGGGGAGCGTGCGGAGGC,10
AGCGGAGAGCATCGATGC,OXT_02,AGGGGAGCGTGCGGAGGC,7
CTGCTTGGAACTCGTAAC,OXT_07,GTGGGTGCATTTGCTGTA,11
ACCGGAGAACGGGCCGCA,OXT_22,ACGGGACCGCAGATCGAG,9
AGGGTATGCGCGCCAGTT,OXT_15,AGGGTATAACGTCCTTTG,8
GCAGGGACCGGCTTGACG,OXT_27,GTAGAATGGGCATCGTCG,10
ACGGCGTACTGTTAGAGA,OXT_20,AGGGCCTAGGGATGACGT,9
ATGAGGTTGGTGCCTATG,OXT_04,TAGACAGGGCTGACTGTG,9
TGACCGTGTTCTAACGAT,OXT_18,TAACGGGTTATCCATAAT,10
GACTGCATAGATAGACGG,OXT_08,GACGGCATTCAGGCACGT,7
GCAGGGCTTTGACAATAT,OXT_18,TAACGGGTTATCCATAAT,9
TGCGTTGTGGAGAGGGAG,OXT_28,AGCGGCGGCGACGGCGAA,9
AGGTGAATGTGATTCGCT,OXT_02,AGGGGAGCGTGCGGAGGC,9
GACTGCGTTTCGAGTTTG,OXT_03,GACTTGGGCTCATGCTGT,9
GGGACTTGTGGATCGTTG,OXT_27,GTAGAATGGGCATCGTCG,8
GCGTGGTGTATTGGGTAA,OXT_07,GTGGGTGCATTTGCTGTA,11
ACGGAACGCAATGGAGTG,OXT_22,ACGGGACCGCAGATCGAG,9
ACCAACCCGATTTAGTCG,OXT_13,TATTACACTAGTGGATGG,11
ACGAACGATCCAATGCCG,OXT_10,AAGATGTATCGTGTGCTG,8
TAGCTGGTAGTCCCGCGG,OXT_18,TAACGGGTTATCCATAAT,9
TAGGGCAGTCAAGCTGTG,OXT_16,ATAAACAGTCTAGCTGTG,6
CGTGCAACGGGTTCCGTG,OXT_12,AATACAGCGGTGTTTCTA,10
GGCAGGAGCGAGCAACTT,OXT_08,GACGGCATTCAGGCACGT,9
AACCAGCATGTTGTGGTT,OXT_10,AAGATGTATCGTGTGCTG,8
GGATGGTGACTTACGGCT,OXT_01,AGGCTGCGTAAGTCTGCT,11
ATTCCGGATGGTGTATCA,OXT_10,AAGATGTATCGTGTGCTG,10
ACGTATCCTGGGCACGAA,OXT_22,ACGGGACCGCAGATCGAG,9
AGGCCCGGCGAAGGTTCA,OXT_28,AGCGGCGGCGACGGCGAA,7
GTCGGATCCATGGTATGA,OXT_05,GGCGGACAGACTCTAATG,10
ACTGGATTATAGCCTGAG,OXT_22,ACGGGACCGCAGATCGAG,8
ACAGCTGCAGTAGGTGGA,OXT_07,GTGGGTGCATTTGCTGTA,8
AGCAGCGTCGCAAGGTGC,OXT_28,AGCGGCGGCGACGGCGAA,9
ACAGGGTATCCTGCTTCT,OXT_15,AGGGTATAACGTCCTTTG,9
ACGGGAGCAGCTGATCAT,OXT_07,GTGGGTGCATTTGCTGTA,9
ACGCGTGGTAATCGGCGG,OXT_09,TGTAGTGCTCGGCTGCCG,10
AGTCACACGTAGTCCGCA,OXT_01,AGGCTGCGTAAGTCTGCT,9
ACGCGTGCAGGACAAGGT,OXT_02,AGGGGAGCGTGCGGAGGC,9
GCAGGATGGACCAGGACG,OXT_27,GTAGAATGGGCATCGTCG,7
ATGCCGTAATGGGTTCGT,OXT_10,AAGATGTATCGTGTGCTG,9
GACGAGTTTCAGCGAGTA,OXT_08,GACGGCATTCAGGCACGT,8
AGGGCTAAATGACATATC,OXT_15,AGGGTATAACGTCCTTTG,8
TGTCGACTACAGCGTGTT,OXT_01,AGGCTGCGTAAGTCTGCT,10
AGGACTTGTACATGCGCT,OXT_24,GGGATTCGGTCATGTCCT,7
AGCACGGAAACGTCTGCA,OXT_01,AGGCTGCGTAAGTCTGCT,8
GCGACTAGTATGATGGTG,OXT_04,TAGACAGGGCTGACTGTG,8
GTACGGTGGCAATCGGGT,OXT_27,GTAGAATGGGCATCGTCG,8
ACTAGAGACAAGTCAGTG,OXT_14,TTGAGCGTAACGACAGTG,8
GCGAGGCTAACACACGAT,OXT_14,TTGAGCGTAACGACAGTG,10
CACGCGAATGGGTAGTCG,OXT_10,AAGATGTATCGTGTGCTG,11
ACCCGACGGTGTTAGGCG,OXT_22,ACGGGACCGCAGATCGAG,10
AACGGTGGTTTGGTTATT,OXT_07,GTGGGTGCATTTGCTGTA,9
GATGGTGAAGACGCTAAG,OXT_07,GTGGGTGCATTTGCTGTA,9
AGGAGTACCGCTCGTCAG,OXT_17,AGGAACTACGATCGTGAA,7
GCGGTAGCGCATCCTTGT,OXT_15,AGGGTATAACGTCCTTTG,8
ATGACCACTGATACTCCG,OXT_16,ATAAACAGTCTAGCTGTG,9
AACGGTCCAGTGCAAGGC,OXT_02,AGGGGAGCGTGCGGAGGC,10
ACCGGGTGAAGTGGGATG,OXT_10,AAGATGTATCGTGTGCTG,9
GGGCTGAGGGATGCATTA,OXT_01,AGGCTGCGTAAGTCTGCT,10
GCGGGAGAGCGGCATTGT,OXT_11,GGGTAAGGGCACAACAGT,9
AGTAGGGATGAGCGCAGT,OXT_09,TGTAGTGCTCGGCTGCCG,10
GCACGTGACCCTGTGTCG,OXT_09,TGTAGTGCTCGGCTGCCG,10
ACGGTAACCATGTGCGTG,OXT_22,ACGGGACCGCAGATCGAG,8
GGCGTACGTAGGATTATA,OXT_05,GGCGGACAGACTCTAATG,8
GCGAGGAGGCCAAGTGCT,OXT_24,GGGATTCGGTCATGTCCT,7
GCAGGCAGTTATACGTGC,OXT_08,GACGGCATTCAGGCACGT,9
GCGGTGACAAGGACTGCG,OXT_01,AGGCTGCGTAAGTCTGCT,9
GGACACGGCTCATTTGTA,OXT_03,GACTTGGGCTCATGCTGT,10
ACCAGGTGCGCGGCTTGT,OXT_03,GACTTGGGCTCATGCTGT,10
TGACGCATGGACATCGTT,OXT_06,ATCATCATCATCATCATC,10
TGCACTCATTCTGTGTCG,OXT_09,TGTAGTGCTCGGCTGCCG,9
AGCATTCGGTTCCTTGTG,OXT_24,GGGATTCGGTCATGTCCT,9
AGCGGAAGGAGTAGGCTG,OXT_05,GGCGGACAGACTCTAATG,8
AGCACTTGCGAGACGATG,OXT_04,TAGACAGGGCTGACTGTG,10
GGCGGCACGAAACGGTGT,OXT_08,GACGGCATTCAGGCACGT,9
AGGCCTGGAAGACAATCG,OXT_15,AGGGTATAACGTCCTTTG,10
AAGGATTGGCTGAGGTTG,OXT_04,TAGACAGGGCTGACTGTG,8
TGACCGGCGCCACTAACT,OXT_09,TGTAGTGCTCGGCTGCCG,10
GCGGGAAGAACTGGCGGT,OXT_02,AGGGGAGCGTGCGGAGGC,10
ATGGCAGGCCCATATAGG,OXT_23,AAGTAGGGACAGAATACG,9
GGGCCAAGGGCAAACAGT,OXT_11,GGGTAAGGGCACAACAGT,6
AGCAGGGAGTGTACGATG,OXT_05,GGCGGACAGACTCTAATG,9
GTGGATGAACTCCTACGG,OXT_07,GTGGGTGCATTTGCTGTA,10
GGCAACGCTCGTTGACAG,OXT_09,TGTAGTGCTCGGCTGCCG,9
GTAGGAACATAAGAGCGG,OXT_07,GTGGGTGCATTTGCTGTA,10
ACATCGGGCCACTGTGCA,OXT_23,AAGTAGGGACAGAATACG,9
GGACTAGAGGCAGTTCGG,OXT_05,GGCGGACAGACTCTAATG,10
GCCTGACCCTTGTCTGTG,OXT_07,GTGGGTGCATTTGCTGTA,9
ACGAACATCGGTGACGTG,OXT_16,ATAAACAGTCTAGCTGTG,9
AGACGCGCTGTTAGTACG,OXT_18,TAACGGGTTATCCATAAT,10
AAGGTTCCGATCGTTGTA,OXT_07,GTGGGTGCATTTGCTGTA,8
ATGTGGGATACCCTGCCT,OXT_09,TGTAGTGCTCGGCTGCCG,10
GTGTCAGGTAAGCGGCGT,OXT_11,GGGTAAGGGCACAACAGT,9
GGTAGAAGGACAGATTAT,OXT_24,GGGATTCGGTCATGTCCT,9
GACAGTACGGTGCTGAGT,OXT_08,GACGGCATTCAGGCACGT,10
TCGGTGGTAAACCGTGGA,OXT_18,TAACGGGTTATCCATAAT,10
GAAGAGGAGCGGAGGATG,OXT_23,AAGTAGGGACAGAATACG,9
ACGGGCGAAGATCATCTA,OXT_17,AGGAACTACGATCGTGAA,8
ACACGTGACTCTATCGGA,OXT_07,GTGGGTGCATTTGCTGTA,11
GACTAGGGTGTTGGTTAG,OXT_03,GACTTGGGCTCATGCTGT,9
AACCTGACAAGACTGGTG,OXT_10,AAGATGTATCGTGTGCTG,9
ATGGGCCCAGCTCAAGGT,OXT_02,AGGGGAGCGTGCGGAGGC,10
TTAGCAGGGCCCAACCAT,OXT_11,GGGTAAGGGCACAACAGT,8
AAGATCAACCGTCCGTGT,OXT_10,AAGATGTATCGTGTGCTG,8
GAGGAGTGGCGAAGATGG,OXT_20,AGGGCCTAGGGATGACGT,9
CAGGGTCGCGAGACCAGT,OXT_21,GAGCAACGGGTCAGCATT,9
CTGGCGTACAGCGGCTCT,OXT_20,AGGGCCTAGGGATGACGT,10
GGACTGGTGCCCACAGGT,OXT_11,GGGTAAGGGCACAACAGT,9
GTGGCAAGATCCGACCGG,OXT_26,GGGGCATTCACTGAGCTG,8
GGGGCCCAAGTCCAAGTT,OXT_20,AGGGCCTAGGGATGACGT,9
GTACTGCCTAGCTCTCCT,OXT_01,AGGCTGCGTAAGTCTGCT,7
GCGGCGAGTCTATCAGGG,OXT_16,ATAAACAGTCTAGCTGTG,9
TGCGGCATCTCTCTCGTG,OXT_05,GGCGGACAGACTCTAATG,8
GATACACACTGGGAGGCT,OXT_26,GGGGCATTCACTGAGCTG,11
GTGGGACTGGAAAGCCGT,OXT_21,GAGCAACGGGTCAGCATT,8
AGGGCCGCGTAATGCTTA,OXT_20,AGGGCCTAGGGATGACGT,8
ATTGCTTGCCAAATGGTG,OXT_16,ATAAACAGTCTAGCTGTG,10
GGCATGTCGCTAGCTAGT,OXT_25,TGCATCGCAACAGCAGTT,9
GTGAGGCCACGTAGGTCA,OXT_07,GTGGGTGCATTTGCTGTA,10
ACCAACGGATACCTGTGG,OXT_23,AAGTAGGGACAGAATACG,11
GACGGTGGCAAGATCAGT,OXT_03,GACTTGGGCTCATGCTGT,9
CATGCTGGGTCCTCATGT,OXT_03,GACTTGGGCTCATGCTGT,9
GCGGCTATAGACACAGTG,OXT_14,TTGAGCGTAACGACAGTG,9
GAACCGATCAAGCTGTGC,OXT_08,GACGGCATTCAGGCACGT,11
ATGATGCAGCAAACTCGG,OXT_10,AAGATGTATCGTGTGCTG,9
CGGGAATGAGGGACGGCG,OXT_27,GTAGAATGGGCATCGTCG,8
GGGTAGAGCTAGCGATGT,OXT_03,GACTTGGGCTCATGCTGT,8
GTGGGCAGTCTTATGCTT,OXT_08,GACGGCATTCAGGCACGT,9
ATAGCGGGACTACATTTG,OXT_16,ATAAACAGTCTAGCTGTG,8
CAGAGGACGAAGAAGATG,OXT_23,AAGTAGGGACAGAATACG,9
AAGCCAAATGTGGGTGCT,OXT_01,AGGCTGCGTAAGTCTGCT,9
CAAGCTGGATAGAGACGG,OXT_23,AAGTAGGGACAGAATACG,10
ACGGCATTCTGTGTGCTA,OXT_26,GGGGCATTCACTGAGCTG,6
GGCGGCTAGACTGGAAGT,OXT_05,GGCGGACAGACTCTAATG,6
ACGAAACACAAAGGGGAG,OXT_17,AGGAACTACGATCGTGAA,8
CACACGTCAGTGGGCGCG,OXT_04,TAGACAGGGCTGACTGTG,11
ATGCGCGTAACGACTGTG,OXT_14,TTGAGCGTAACGACAGTG,3
GTAGGCCTTGAGACGTTT,OXT_08,GACGGCATTCAGGCACGT,8
GCACGCACTATACATGGT,OXT_18,TAACGGGTTATCCATAAT,8
GGCAAACGAAAAGTGTGA,OXT_05,GGCGGACAGACTCTAATG,11
GGCAGTCAACACACGTGG,OXT_05,GGCGGACAGACTCTAATG,11
GACCGGGGATGAATGTCG,OXT_03,GACTTGGGCTCATGCTGT,9
GGGATGATGGGTGTCTGT,OXT_10,AAGATGTATCGTGTGCTG,10
ACACCAGGATATGGGTCG,OXT_23,AAGTAGGGACAGAATACG,11
ATGGCCAACGGGACAGAA,OXT_17,AGGAACTACGATCGTGAA,9
ACAGGAAGTCGCTGTCGA,OXT_02,AGGGGAGCGTGCGGAGGC,10
GTTACCATATAGCGTGCT,OXT_08,GACGGCATTCAGGCACGT,11
GCCAGGCCGATGTGAGGT,OXT_01,AGGCTGCGTAAGTCTGCT,11
ACAGAGATATGGGTGCGG,OXT_10,AAGATGTATCGTGTGCTG,10
GCGCGGAATCATCGTGTC,OXT_17,AGGAACTACGATCGTGAA,10
AGCACGGAGTTACGCGCG,OXT_02,AGGGGAGCGTGCGGAGGC,11
GGGAAGAAGGGTGTATCT,OXT_10,AAGATGTATCGTGTGCTG,10
GACGGTATACAGCTACTG,OXT_08,GACGGCATTCAGGCACGT,6
ATGGCCAAAAGACATGTG,OXT_15,AGGGTATAACGTCCTTTG,8
AGGCGCAACGGCGGGTCT,OXT_20,AGGGCCTAGGGATGACGT,9
TCGACGTTACTCTTTTCG,OXT_04,TAGACAGGGCTGACTGTG,10
ATGGCGCACCAAATGACT,OXT_22,ACGGGACCGCAGATCGAG,10
AGGGTTAGGTCAGATTGT,OXT_24,GGGATTCGGTCATGTCCT,7
GAACTCAGAGTATGCTGT,OXT_03,GACTTGGGCTCATGCTGT,7
AAAGCTGCGCAGGTTTGG,OXT_12,AATACAGCGGTGTTTCTA,9
ATGTGCATGTGGATTAAG,OXT_22,ACGGGACCGCAGATCGAG,9
TCCCAGGGATGATGAGTT,OXT_03,GACTTGGGCTCATGCTGT,9
TATGGTGCGCAGCTTGCT,OXT_09,TGTAGTGCTCGGCTGCCG,7
GCTGCAGCTAAGAGTGTC,OXT_04,TAGACAGGGCTGACTGTG,10
TCACGGACACTGGCTGCT,OXT_01,AGGCTGCGTAAGTCTGCT,10
AAGCAGAATCTCTCCGTG,OXT_16,ATAAACAGTCTAGCTGTG,8
AGGAGCAGGAGGAGGACG,OXT_09,TGTAGTGCTCGGCTGCCG,10
AACATGTCTCAGGGTGTG,OXT_10,AAGATGTATCGTGTGCTG,7
GGTAGGATTTCGATAATT,OXT_05,GGCGGACAGACTCTAATG,10
GGTAGGGAACTGTCGGTG,OXT_04,TAGACAGGGCTGACTGTG,9
CACTGTGTGAAGGACGTG,OXT_14,TTGAGCGTAACGACAGTG,10
GGAGAGGAGTTACGTCGG,OXT_20,AGGGCCTAGGGATGACGT,10
ATGCACAGAGAACGGTCG,OXT_27,GTAGAATGGGCATCGTCG,9
AGTAGACGCATACGAACA,OXT_05,GGCGGACAGACTCTAATG,10
TGGTTAGGTGTCCCGCAT,OXT_11,GGGTAAGGGCACAACAGT,10
ACGTGGTAACTGATTTCG,OXT_23,AAGTAGGGACAGAATACG,7
GGATACAGACATTAACGG,OXT_11,GGGTAAGGGCACAACAGT,9
AACTAGCAGTGCTGGAGA,OXT_03,GACTTGGGCTCATGCTGT,10
ATGTGGTCATACCGCTCT,OXT_02,AGGGGAGCGTGCGGAGGC,11
GGGCACCAAATCGCGGAG,OXT_01,AGGCTGCGTAAGTCTGCT,11
ACAGAGTACTGGTAATGT,OXT_20,AGGGCCTAGGGATGACGT,9
AGGTCCTTAGGGTTAATG,OXT_20,AGGGCCTAGGGATGACGT,8
GGGCCGGACGTATATCCT,OXT_20,AGGGCCTAGGGATGACGT,9
GAGTTCGTCAACGAGTCT,OXT_03,GACTTGGGCTCATGCTGT,10
GCAGGGAACACACTGTGG,OXT_05,GGCGGACAGACTCTAATG,9
ACCACGTAGTAGTCGGCG,OXT_01,AGGCTGCGTAAGTCTGCT,10
TACCTGCAGTTCGGAATG,OXT_21,GAGCAACGGGTCAGCATT,9
GCCCAACAGGCTATTGGT,OXT_05,GGCGGACAGACTCTAATG,9
AACGGACCTGTTCGCTGA,OXT_28,AGCGGCGGCGACGGCGAA,10
AACGCGTTGTGTGACTGC,OXT_02,AGGGGAGCGTGCGGAGGC,10
GGATGGGATAGGAGGCTG,OXT_09,TGTAGTGCTCGGCTGCCG,9
GCGCAGATAGGTGCCGAT,OXT_07,GTGGGTGCATTTGCTGTA,11
TAGGGATGTTGACAGCCT,OXT_09,TGTAGTGCTCGGCTGCCG,10
AGGCATCAACGTGTGGCA,OXT_10,AAGATGTATCGTGTGCTG,9
TGGGCTCAGCGTGAGATC,OXT_26,GGGGCATTCACTGAGCTG,9
TGACGATATCTATGTGTA,OXT_16,ATAAACAGTCTAGCTGTG,10
GGGCATCGTGCGTCAAAC,OXT_01,AGGCTGCGTAAGTCTGCT,9
GGCACCTTCCAGACGGCT,OXT_08,GACGGCATTCAGGCACGT,9
GTGGTAGACGAACGGGCG,OXT_27,GTAGAATGGGCATCGTCG,9
ATCGGAGCGAAGGAGAGT,OXT_02,AGGGGAGCGTGCGGAGGC,9
AACCCGGGTTAGGATTGG,OXT_23,AAGTAGGGACAGAATACG,8
AGACGGTGCGATACATGC,OXT_01,AGGCTGCGTAAGTCTGCT,11
GGACATGACAACAGTGGG,OXT_11,GGGTAAGGGCACAACAGT,10
AGCACTGGAAGACGCCAT,OXT_20,AGGGCCTAGGGATGACGT,10
TTGGCGAGGAGTGCGACT,OXT_01,AGGCTGCGTAAGTCTGCT,11
GGGCGCCATGACGTTATA,OXT_05,GGCGGACAGACTCTAATG,10
ATGGAGCAATGCGCAATG,OXT_15,AGGGTATAACGTCCTTTG,9
GTCACACCAAAGACGGCT,OXT_01,AGGCTGCGTAAGTCTGCT,10
AAGCGGGCGCACAAGTTA,OXT_23,AAGTAGGGACAGAATACG,9
ATGACACTCGTAGCTTAG,OXT_16,ATAAACAGTCTAGCTGTG,9
ATCCGGGGATGAAGGGTG,OXT_14,TTGAGCGTAACGACAGTG,10
AGGAGCAACAAACATGAA,OXT_17,AGGAACTACGATCGTGAA,5
AGGGCGCTTATCGTCCTA,OXT_26,GGGGCATTCACTGAGCTG,9
TGGGCAGACTCTTGCTCT,OXT_03,GACTTGGGCTCATGCTGT,9
AAGCCCGTAACGTTTTGT,OXT_01,AGGCTGCGTAAGTCTGCT,10
TGGCGGTCAGCCTGGTTA,OXT_02,AGGGGAGCGTGCGGAGGC,12
CTGAGATCCCATTGTCCG,OXT_17,AGGAACTACGATCGTGAA,10
TGTAAAGGCCCATGATGT,OXT_03,GACTTGGGCTCATGCTGT,8
ATAGTGCGCCTCGGTCAG,OXT_16,ATAAACAGTCTAGCTGTG,9
AGGTAGGATCGGACAGCG,OXT_23,AAGTAGGGACAGAATACG,7
CGAGATTGGCGTAGACTT,OXT_20,AGGGCCTAGGGATGACGT,9
ACCAGTGGCTATAGTGGA,OXT_28,AGCGGCGGCGACGGCGAA,8
AAGTGGGGAAGGCTCGCC,OXT_23,AAGTAGGGACAGAATACG,8
GCGCGCGATAGTGCAAGG,OXT_13,TATTACACTAGTGGATGG,9
AGAGAGGAGATAGAAGCG,OXT_02,AGGGGAGCGTGCGGAGGC,10
AGCAAGGTATTGTCGTCA,OXT_01,AGGCTGCGTAAGTCTGCT,11
TCCTCAGACTGTTGCGGT,OXT_03,GACTTGGGCTCATGCTGT,8
ACGGGTGACTACAAGTGG,OXT_02,AGGGGAGCGTGCGGAGGC,10
AAGACTGCAACAGACGCG,OXT_25,TGCATCGCAACAGCAGTT,9
ACGCCATTGTGCCTTGGG,OXT_02,AGGGGAGCGTGCGGAGGC,9
GGCGAGAGTAGGAAGGTG,OXT_26,GGGGCATTCACTGAGCTG,10
GGCCGGAAGAGTACAGTG,OXT_05,GGCGGACAGACTCTAATG,7
AATGAGATGCGCACCGAT,OXT_22,ACGGGACCGCAGATCGAG,10
AGGCCTTGTATGGGGAGA,OXT_01,AGGCTGCGTAAGTCTGCT,10
ACAGGTGACTGTACGGCG,OXT_07,GTGGGTGCATTTGCTGTA,10
CGAAGGGCCGTTATCAAC,OXT_06,ATCATCATCATCATCATC,10
CTGGCTGGGTAACACGAT,OXT_11,GGGTAAGGGCACAACAGT,10
AGGACGAGTAGGTGGCTG,OXT_10,AAGATGTATCGTGTGCTG,8
GTGTGGTCTCGATACTGC,OXT_03,GACTTGGGCTCATGCTGT,10
GGATGTAGGAAACGTGTA,OXT_24,GGGATTCGGTCATGTCCT,10
ACATGTCCATACGGTGCG,OXT_02,AGGGGAGCGTGCGGAGGC,10
GAGGGAAAGTAGTGCCTG,OXT_22,ACGGGACCGCAGATCGAG,9
AACGTCAACGATATGGCG,OXT_06,ATCATCATCATCATCATC,10
AGGACGGTATTAGTCGCG,OXT_02,AGGGGAGCGTGCGGAGGC,11
AGGCGAGTACGACATGGA,OXT_02,AGGGGAGCGTGCGGAGGC,9
GGCACGGACTACAGTAGG,OXT_03,GACTTGGGCTCATGCTGT,10
AGGGCAGAATAGTGAGCG,OXT_02,AGGGGAGCGTGCGGAGGC,8
GTTGCTGCAGTGAACGAT,OXT_07,GTGGGTGCATTTGCTGTA,9
GTGGACACGATACAGTTA,OXT_07,GTGGGTGCATTTGCTGTA,10
ACGGGAAGTCACTTCTCG,OXT_22,ACGGGACCGCAGATCGAG,7
GGCAGTAGGAAGCGTCGA,OXT_24,GGGATTCGGTCATGTCCT,9
AAGCGGTACATGGAGTGC,OXT_10,AAGATGTATCGTGTGCTG,10
ATTACGCCACGTCGCTAG,OXT_15,AGGGTATAACGTCCTTTG,10
TTGCTCTCACAAGTGTGT,OXT_25,TGCATCGCAACAGCAGTT,10
TGTGGTGTACGAGTTGTT,OXT_07,GTGGGTGCATTTGCTGTA,9
TAGGGCAGCCAGACTAAG,OXT_04,TAGACAGGGCTGACTGTG,8
GAGGGGCGCCTATCACTT,OXT_08,GACGGCATTCAGGCACGT,9
GGCAACCCTGCATATGCT,OXT_24,GGGATTCGGTCATGTCCT,8
ACCAACGGTTCGGAGTGG,OXT_16,ATAAACAGTCTAGCTGTG,10
AGGAGAGAGCATGCGGAG,OXT_22,ACGGGACCGCAGATCGAG,8
GGGATGAGGGATTACCTT,OXT_24,GGGATTCGGTCATGTCCT,8
CGTGGTGAAGACAATCCT,OXT_09,TGTAGTGCTCGGCTGCCG,11
TGGCTGAAACGTCTTGGT,OXT_15,AGGGTATAACGTCCTTTG,8
GGGGATGTGCACTAAATG,OXT_11,GGGTAAGGGCACAACAGT,7
ATCGGCGTATATGTCGTG,OXT_07,GTGGGTGCATTTGCTGTA,8
TAGGGTGCTTGTATGATG,OXT_09,TGTAGTGCTCGGCTGCCG,8
ACTGGGACGTGACAGTAT,OXT_02,AGGGGAGCGTGCGGAGGC,11
GCGTTGCGATATAGAAGT,OXT_03,GACTTGGGCTCATGCTGT,9
ACAGTGGAGGGATCGTCG,OXT_27,GTAGAATGGGCATCGTCG,7
GGGGCCAAGAGAGTTCCG,OXT_20,AGGGCCTAGGGATGACGT,8
AACATAGAGACTGATGTG,OXT_04,TAGACAGGGCTGACTGTG,9
AAAGGTCTCGTGCTTTTA,OXT_12,AATACAGCGGTGTTTCTA,9
GAACCAAACTGGTACTCG,OXT_03,GACTTGGGCTCATGCTGT,11
ACCTCGTGTGTGACGCTG,OXT_04,TAGACAGGGCTGACTGTG,10
CACGGGGAGAAATGTCGA,OXT_03,GACTTGGGCTCATGCTGT,10
AGGGGACCGCAACCATCG,OXT_22,ACGGGACCGCAGATCGAG,7
TACAGCAGAGACGTGTAT,OXT_28,AGCGGCGGCGACGGCGAA,9
AGGCGTGGATTCGTGCAG,OXT_02,AGGGGAGCGTGCGGAGGC,10
GTGGCTCATCACTCTAAA,OXT_07,GTGGGTGCATTTGCTGTA,10
TGCAGTGCGATCATTCTT,OXT_09,TGTAGTGCTCGGCTGCCG,9
AGGGCCGTTAAACCATCA,OXT_01,AGGCTGCGTAAGTCTGCT,10
AGGGGCATCCTCGGACTC,OXT_02,AGGGGAGCGTGCGGAGGC,8
GGCGGCCAGGACTTAGTT,OXT_05,GGCGGACAGACTCTAATG,7
ATCAGGGTGTCAAGGCCT,OXT_24,GGGATTCGGTCATGTCCT,9
ACAGGCGTAACATGTGCT,OXT_14,TTGAGCGTAACGACAGTG,10
TAGAGGGAGGACATGGCG,OXT_04,TAGACAGGGCTGACTGTG,9
GGTGGAAGTCTCGGCAGA,OXT_11,GGGTAAGGGCACAACAGT,9
CGCATGGGATGAGACTAG,OXT_03,GACTTGGGCTCATGCTGT,9
ACAGGCCGTGACGCTCGA,OXT_28,AGCGGCGGCGACGGCGAA,8
ACGACGAAGGCAGTGTGG,OXT_10,AAGATGTATCGTGTGCTG,9
GCGCAGTGACCAGCGGTA,OXT_07,GTGGGTGCATTTGCTGTA,10
TAGCAGCGGTTTAGTGCG,OXT_04,TAGACAGGGCTGACTGTG,8
ATACCGATATCGATGGCG,OXT_14,TTGAGCGTAACGACAGTG,10
AGGGCCATGGGTGATTAC,OXT_20,AGGGCCTAGGGATGACGT,9
AGTGGAGGGCCTGAAGCA,OXT_02,AGGGGAGCGTGCGGAGGC,8
GTAAGTGCTCATTCGTTC,OXT_07,GTGGGTGCATTTGCTGTA,9
GTGGATTCGCAGCACTCG,OXT_22,ACGGGACCGCAGATCGAG,9
ATCGCCGGCACAGGGTAT,OXT_28,AGCGGCGGCGACGGCGAA,8
AGGGACTAGACGACGCGG,OXT_20,AGGGCCTAGGGATGACGT,8
AGACTAGCAATGTCTGGA,OXT_01,AGGCTGCGTAAGTCTGCT,8
ACAAGGTCTTACTTGGTG,OXT_10,AAGATGTATCGTGTGCTG,9
ATGGGTATGGCACGCTCA,OXT_27,GTAGAATGGGCATCGTCG,10
ACGGGCCACTCCCAATCT,OXT_19,CCCCCCCCCCCCCCCCCC,10
GGCGGCTTCGTATGGAGG,OXT_20,AGGGCCTAGGGATGACGT,9
GTGGAACACAGTCTACTG,OXT_05,GGCGGACAGACTCTAATG,6
ACCTCGTAGGGTGATTTG,OXT_10,AAGATGTATCGTGTGCTG,9
AGGAGGAATACGTAACGG,OXT_01,AGGCTGCGTAAGTCTGCT,10
TGACGGCTGCAGACCTGT,OXT_01,AGGCTGCGTAAGTCTGCT,10
TCGGCAGTAAACGTGTCG,OXT_26,GGGGCATTCACTGAGCTG,9
AAGTAATGGTTCGATGCG,OXT_23,AAGTAGGGACAGAATACG,8
GGCAGTATAACCGTAGTG,OXT_05,GGCGGACAGACTCTAATG,8
GGATGGTTCTACACATTG,OXT_14,TTGAGCGTAACGACAGTG,11
TGCGGCATCACGTCTCCT,OXT_08,GACGGCATTCAGGCACGT,8
AGAGGAGCCGAGATAGGT,OXT_02,AGGGGAGCGTGCGGAGGC,8
GACGGCAAAGTTGCGGCG,OXT_07,GTGGGTGCATTTGCTGTA,9
AGGCACGGGCTAAGATCT,OXT_11,GGGTAAGGGCACAACAGT,9
GAGGGCTGTATGCTGTCG,OXT_09,TGTAGTGCTCGGCTGCCG,10
GGACAGCGGAGTGGAGAG,OXT_05,GGCGGACAGACTCTAATG,10
AACGAATCGTGTTCTCAT,OXT_12,AATACAGCGGTGTTTCTA,10
ACAGGACGACGCGTTACA,OXT_22,ACGGGACCGCAGATCGAG,10
TTATCACCAGGTACGAGT,OXT_11,GGGTAAGGGCACAACAGT,12
GACGTTCATAGTGCTCAC,OXT_08,GACGGCATTCAGGCACGT,10
AGCTATTCTGGAGTTCAT,OXT_20,AGGGCCTAGGGATGACGT,10
GGGGCTAACAACTGCCGT,OXT_20,AGGGCCTAGGGATGACGT,8
CGGCAGATCTCACCTGTG,OXT_16,ATAAACAGTCTAGCTGTG,10
AAGCAGATACATGTGTTA,OXT_10,AAGATGTATCGTGTGCTG,8
AGGCATTAATTGACGGGT,OXT_01,AGGCTGCGTAAGTCTGCT,10
GGGCAAACGTCGAATGGT,OXT_11,GGGTAAGGGCACAACAGT,8
ATAGGTGCCCTTCCACTT,OXT_07,GTGGGTGCATTTGCTGTA,8
TAGTGCCAAGACTACGCT,OXT_01,AGGCTGCGTAAGTCTGCT,11
ACCACCGTACAGAAGACG,OXT_23,AAGTAGGGACAGAATACG,7
AAGCAGGGGCATTGTACT,OXT_23,AAGTAGGGACAGAATACG,6
GGAGTACAGTATCCGCGT,OXT_05,GGCGGACAGACTCTAATG,9
TCGCTGGGCAGTGCTACT,OXT_01,AGGCTGCGTAAGTCTGCT,8
CGGAGGTGTCATGTACAT,OXT_10,AAGATGTATCGTGTGCTG,8
TGCGATCCTCGCGGCTAG,OXT_13,TATTACACTAGTGGATGG,9
TATACTGCCGATTGGAGG,OXT_09,TGTAGTGCTCGGCTGCCG,10
TGTGCTCGATGCACCTGG,OXT_15,AGGGTATAACGTCCTTTG,11
GCTTAGGACCAATCTGTG,OXT_16,ATAAACAGTCTAGCTGTG,10
CGTCGTTACGTACAGTGG,OXT_09,TGTAGTGCTCGGCTGCCG,11
AAACGGCGCTGTTTGGTA,OXT_10,AAGATGTATCGTGTGCTG,10
ATGGGCAGGCATTCCTCT,OXT_01,AGGCTGCGTAAGTCTGCT,10
ACGGGACACAAGCTCTTA,OXT_22,ACGGGACCGCAGATCGAG,7
GAGGGTTGTGCCGTGAGC,OXT_02,AGGGGAGCGTGCGGAGGC,11
AAGGCGACATGACGCGTT,OXT_02,AGGGGAGCGTGCGGAGGC,10
AATGGCGACAACTGATGA,OXT_28,AGCGGCGGCGACGGCGAA,8
CATACCAATGTCGCTGCA,OXT_16,ATAAACAGTCTAGCTGTG,9
ATCAGCCGTAGTGTGCGA,OXT_10,AAGATGTATCGTGTGCTG,9
TCGATAGTCGATTTGCTG,OXT_10,AAGATGTATCGTGTGCTG,9
GCAGGAAGGTAATAGGCG,OXT_27,GTAGAATGGGCATCGTCG,7
GGGAGTAGATAATATGTC,OXT_24,GGGATTCGGTCATGTCCT,8
GGGTAGCAGCACATGATC,OXT_11,GGGTAAGGGCACAACAGT,7
ACCGGGCATCGACGTGAT,OXT_22,ACGGGACCGCAGATCGAG,10
AACGAACGGTCAAGCGTG,OXT_21,GAGCAACGGGTCAGCATT,8
GATGCGCTTATATCATAA,OXT_08,GACGGCATTCAGGCACGT,11
GCTGTGCGGACGTGAGCA,OXT_01,AGGCTGCGTAAGTCTGCT,9
GTGCACACGGGCCTATCC,OXT_02,AGGGGAGCGTGCGGAGGC,11
GAGATCAGTTCTTGAGCT,OXT_24,GGGATTCGGTCATGTCCT,7
GGGCTGATGCAGTATGCT,OXT_01,AGGCTGCGTAAGTCTGCT,6
GGGATCGGATTACTGCGG,OXT_24,GGGATTCGGTCATGTCCT,9
GGGTGTTGACTCTGGGCT,OXT_24,GGGATTCGGTCATGTCCT,9
GCCAGCTGGCTACTGCGA,OXT_08,GACGGCATTCAGGCACGT,11
ACCTAGAGAGTGGGTATG,OXT_23,AAGTAGGGACAGAATACG,8
ACGGGGAACGGAGAAGAG,OXT_02,AGGGGAGCGTGCGGAGGC,10
ACTGGTACGGTAAGTATT,OXT_12,AATACAGCGGTGTTTCTA,10
TAGAGGGACTCAGGTGCT,OXT_03,GACTTGGGCTCATGCTGT,9
CTAGTGGGAACCCTTGCG,OXT_01,AGGCTGCGTAAGTCTGCT,11
GCTGTCGCAACGTGTAAC,OXT_25,TGCATCGCAACAGCAGTT,11
TGCCCAGTGAGGAAGGTG,OXT_04,TAGACAGGGCTGACTGTG,8
GAGAGGTGATGCCGCCGA,OXT_03,GACTTGGGCTCATGCTGT,10
GTGGTAAATTCGTGTTAC,OXT_24,GGGATTCGGTCATGTCCT,10
ATGCATTCAAGCCGCGTT,OXT_21,GAGCAACGGGTCAGCATT,10
ATGGTGTAGGCGCTTGCA,OXT_17,AGGAACTACGATCGTGAA,9
ATTAGCAACATGCTGGAG,OXT_06,ATCATCATCATCATCATC,9
TCGTGGACCTAATCTACG,OXT_23,AAGTAGGGACAGAATACG,10
TCGACAGATTCATGCGCT,OXT_24,GGGATTCGGTCATGTCCT,9
AGCCAGGTAGTGATGCGT,OXT_12,AATACAGCGGTGTTTCTA,11
GGGGCATGACAACACGTA,OXT_11,GGGTAAGGGCACAACAGT,9
AACGCGTTAGAGGGCAGC,OXT_08,GACGGCATTCAGGCACGT,10
TATGTCGCCCGATGCCGA,OXT_03,GACTTGGGCTCATGCTGT,9
TTGGGCTCTGCTCCTTCT,OXT_07,GTGGGTGCATTTGCTGTA,10
ATAGTTCATACGTAAAGT,OXT_01,AGGCTGCGTAAGTCTGCT,10
AGTGAGAGTCGACGCGTA,OXT_16,ATAAACAGTCTAGCTGTG,9
ATGCAGTGGAAGGCCGGA,OXT_01,AGGCTGCGTAAGTCTGCT,8
AGGAGGTGGCGTGTGAGG,OXT_10,AAGATGTATCGTGTGCTG,6
AACCACTCCGCTCGGAGG,OXT_17,AGGAACTACGATCGTGAA,9
GAGGCTCGGCTTGAGTCT,OXT_21,GAGCAACGGGTCAGCATT,10
GGGCTAGCGTTACCCATG,OXT_21,GAGCAACGGGTCAGCATT,9
CACGGGACCAGGTCGTCG,OXT_08,GACGGCATTCAGGCACGT,11
GCTGGCAGATGAGTATGG,OXT_13,TATTACACTAGTGGATGG,9
GGTGCACAGATGTGACTG,OXT_05,GGCGGACAGACTCTAATG,7
AGGAGACATTACGGGGCG,OXT_02,AGGGGAGCGTGCGGAGGC,8
TTCACATGAGGTGCACAG,OXT_04,TAGACAGGGCTGACTGTG,11
TCCCGGAGTTCATGTTGG,OXT_03,GACTTGGGCTCATGCTGT,8
AGGCGGGCTTTGAATCCA,OXT_01,AGGCTGCGTAAGTCTGCT,9
ATGACGATCAACGTGCGT,OXT_06,ATCATCATCATCATCATC,9
GGCACAAGGCTCTTGCGA,OXT_12,AATACAGCGGTGTTTCTA,9
GGGCACCAGGTCGATTGG,OXT_21,GAGCAACGGGTCAGCATT,9
AGGCCTGTGCCGAATATG,OXT_04,TAGACAGGGCTGACTGTG,8
GGGACGGATTCGCGCACT,OXT_24,GGGATTCGGTCATGTCCT,9
CACGGGGACAAACGCGAG,OXT_28,AGCGGCGGCGACGGCGAA,8
AGGCACGAGGTAGAACGA,OXT_20,AGGGCCTAGGGATGACGT,7
ATGGACATGCACGACGCG,OXT_16,ATAAACAGTCTAGCTGTG,9
TTGCGGGCAATGCACACT,OXT_18,TAACGGGTTATCCATAAT,7
GCAAGCTTGAGTGGGCAA,OXT_26,GGGGCATTCACTGAGCTG,10
TGGAGGAACAGGCCGTAT,OXT_09,TGTAGTGCTCGGCTGCCG,10
AGACACTGAGTTACCGGG,OXT_16,ATAAACAGTCTAGCTGTG,9
GGGTCCACGAAGGTTGAG,OXT_22,ACGGGACCGCAGATCGAG,9
ATGGGGCCATCCGTCGAC,OXT_02,AGGGGAGCGTGCGGAGGC,8
CGCAAGGTTGTTCAGTGT,OXT_18,TAACGGGTTATCCATAAT,10
AGGCGTAGTGAATGATTT,OXT_01,AGGCTGCGTAAGTCTGCT,9
ACGGGTTATTCCCAAATG,OXT_05,GGCGGACAGACTCTAATG,9
AACCGACATACTGGTGCG,OXT_05,GGCGGACAGACTCTAATG,9
CTCAGGAGAGGGATCTGC,OXT_06,ATCATCATCATCATCATC,10
AAATAGGATCGGTCGGAA,OXT_10,AAGATGTATCGTGTGCTG,10
ACCTGGCGGTTAAGTAGA,OXT_03,GACTTGGGCTCATGCTGT,10
GGGAGTCAGCACCTGGAC,OXT_22,ACGGGACCGCAGATCGAG,9
ATCGGCTAGAGTTGGAGT,OXT_20,AGGGCCTAGGGATGACGT,7
GGGGCGTGTACTGGTGGA,OXT_26,GGGGCATTCACTGAGCTG,8
AGAGGTGGATTTACATCG,OXT_07,GTGGGTGCATTTGCTGTA,9
CCATAGTGGACGGATCTT,OXT_23,AAGTAGGGACAGAATACG,11
ATCCGTTCGAGCGCTCGT,OXT_02,AGGGGAGCGTGCGGAGGC,10
AGGGCATGGCAGCTACTT,OXT_20,AGGGCCTAGGGATGACGT,8
TGATGTGAGTCTACTCTT,OXT_07,GTGGGTGCATTTGCTGTA,10
ACGGCATCCGTCTATGTG,OXT_12,AATACAGCGGTGTTTCTA,9
GATATGGGACTGACGTGG,OXT_04,TAGACAGGGCTGACTGTG,8
AAGATCTTGGACTTAGCA,OXT_17,AGGAACTACGATCGTGAA,9
GAGGAGGCGTTATATGCT,OXT_07,GTGGGTGCATTTGCTGTA,9
GGCATTCGCGCGACTTTT,OXT_24,GGGATTCGGTCATGTCCT,8
GTCGTCACTCGAGGCATT,OXT_08,GACGGCATTCAGGCACGT,9
GGGCTCGATCGATCTGTG,OXT_15,AGGGTATAACGTCCTTTG,8
AACCAGGTGATGCACATG,OXT_18,TAACGGGTTATCCATAAT,8
TATGGTCGCATCGGTATG,OXT_18,TAACGGGTTATCCATAAT,10
CTGGAGACGGGCCTGTCA,OXT_27,GTAGAATGGGCATCGTCG,10
AGCTCAAGCGACGGCAGG,OXT_28,AGCGGCGGCGACGGCGAA,7
GACGGGTGAAAGACCGAG,OXT_22,ACGGGACCGCAGATCGAG,9
GGGCCATGTCTTCTAGAA,OXT_17,AGGAACTACGATCGTGAA,10
ATGGGATAAGACGCGTAG,OXT_15,AGGGTATAACGTCCTTTG,8
TCATGAGAGCGGAAAGTA,OXT_04,TAGACAGGGCTGACTGTG,9
CGATGTAGTTGACGTGCA,OXT_24,GGGATTCGGTCATGTCCT,10
AGCTTTACGCGGGAACTG,OXT_09,TGTAGTGCTCGGCTGCCG,10
ATGATCGCACGCTATCGT,OXT_20,AGGGCCTAGGGATGACGT,10
ACCCTGTTTGACGTTGCT,OXT_01,AGGCTGCGTAAGTCTGCT,8
ATGTGATAACGAAGCTCG,OXT_15,AGGGTATAACGTCCTTTG,8
GATGGGGAAACGTGTCGA,OXT_03,GACTTGGGCTCATGCTGT,10
ACACAATATACTGTGTGG,OXT_10,AAGATGTATCGTGTGCTG,9
ATCAACAGCGTCCAGGTG,OXT_16,ATAAACAGTCTAGCTGTG,7
GGAGCGATAGCGGAGGAG,OXT_26,GGGGCATTCACTGAGCTG,8
GGTAGACGATGGTGTGTG,OXT_24,GGGATTCGGTCATGTCCT,9
CGGCACTACCAGATCCGA,OXT_17,AGGAACTACGATCGTGAA,9
TAGTTACCGTCGCTCCCG,OXT_22,ACGGGACCGCAGATCGAG,9
TAGCGGGAGTAACGCCGT,OXT_03,GACTTGGGCTCATGCTGT,9
ACGACTGTAAGGATCGCG,OXT_14,TTGAGCGTAACGACAGTG,8
TGCCGACCGTTACTGTCG,OXT_05,GGCGGACAGACTCTAATG,9
TCGGCGGATGTGGTACGT,OXT_20,AGGGCCTAGGGATGACGT,9
AGTGGGTTAGCCAAGCGA,OXT_26,GGGGCATTCACTGAGCTG,10
GGGCAGGATCAAGGTGGC,OXT_01,AGGCTGCGTAAGTCTGCT,10
ATTGACAAGATGAAGTGG,OXT_13,TATTACACTAGTGGATGG,10
TGCCCAATCCCTATACCG,OXT_26,GGGGCATTCACTGAGCTG,9
GCGGTGTCAAGCGGTCGT,OXT_02,AGGGGAGCGTGCGGAGGC,10
TGTGGACAGTGTTCACGG,OXT_05,GGCGGACAGACTCTAATG,8
TGGAGTGGCGATGGTTAT,OXT_17,AGGAACTACGATCGTGAA,8
CGCATTTAAAGACGTGCA,OXT_17,AGGAACTACGATCGTGAA,9
AGCTGTGCAGGCATTCGT,OXT_02,AGGGGAGCGTGCGGAGGC,10
GGGCACGGGATTTCAGTT,OXT_01,AGGCTGCGTAAGTCTGCT,9
GTACGGACCTACTTAGTG,OXT_07,GTGGGTGCATTTGCTGTA,11
CACCACGGGGTCATACTG,OXT_21,GAGCAACGGGTCAGCATT,8
GTGGCGCTACCCATGAGA,OXT_11,GGGTAAGGGCACAACAGT,11
ACGAGGGGACTCCGGTAT,OXT_18,TAACGGGTTATCCATAAT,10
TTACAGACTCGAACGCTG,OXT_16,ATAAACAGTCTAGCTGTG,8
ACGGTGCGACTTACTGAT,OXT_01,AGGCTGCGTAAGTCTGCT,8
GACCCGACTGCAGGACGT,OXT_08,GACGGCATTCAGGCACGT,8
ACGGCAGATCTGACATGT,OXT_04,TAGACAGGGCTGACTGTG,9
GACCCAAATGTCGGTCGA,OXT_08,GACGGCATTCAGGCACGT,10
GCTAGCGTAACTGCCGAT,OXT_14,TTGAGCGTAACGACAGTG,8
ACGGCTGGTACGGGACGC,OXT_02,AGGGGAGCGTGCGGAGGC,9
CGGTAGCAGTTAGTCGCG,OXT_22,ACGGGACCGCAGATCGAG,11
GAGCCACGTAGCCCGATT,OXT_21,GAGCAACGGGTCAGCATT,7
TAATCCGTGTGAATCCCT,OXT_03,GACTTGGGCTCATGCTGT,11
TCTAGGCGGCTTAAACTG,OXT_04,TAGACAGGGCTGACTGTG,9
GTACACCACACGGCTGCT,OXT_01,AGGCTGCGTAAGTCTGCT,9
AGGCAGAAGCGATCGGCG,OXT_01,AGGCTGCGTAAGTCTGCT,9
ACCGGGGCGCATAGAGCT,OXT_22,ACGGGACCGCAGATCGAG,8
ACCAGAGGGTATACGGCG,OXT_04,TAGACAGGGCTGACTGTG,9
ACATGGTGTAGATAGCCG,OXT_10,AAGATGTATCGTGTGCTG,10
AGGACCCTGATCCGGCTA,OXT_06,ATCATCATCATCATCATC,10
ACGGAGTGTAAGCTTCGA,OXT_01,AGGCTGCGTAAGTCTGCT,9
CGAGGGCCTAGCTGAGCT,OXT_01,AGGCTGCGTAAGTCTGCT,9
TAGGTAGGTAGCTGTATG,OXT_04,TAGACAGGGCTGACTGTG,9
TGGACCCGACTCTATGCG,OXT_04,TAGACAGGGCTGACTGTG,8
AATACGTAGACTGGGTCT,OXT_10,AAGATGTATCGTGTGCTG,9
ACTGACTGCAGGACTGTG,OXT_16,ATAAACAGTCTAGCTGTG,9
ACACGTTCGTCGGTCTAC,OXT_22,ACGGGACCGCAGATCGAG,9
GGGAGTGGCCCATTGCAG,OXT_09,TGTAGTGCTCGGCTGCCG,8
TACGGCACTCAAAGATGT,OXT_08,GACGGCATTCAGGCACGT,6
TAATGGCAAAACTACGGT,OXT_18,TAACGGGTTATCCATAAT,9
TCGGTCCGTCACTCGACG,OXT_01,AGGCTGCGTAAGTCTGCT,9
TGACGACTTCTATTTGCT,OXT_01,AGGCTGCGTAAGTCTGCT,9
GGTAGATGGGATTCCGCT,OXT_27,GTAGAATGGGCATCGTCG,9
AAGGCGTAGACGTTAGTC,OXT_20,AGGGCCTAGGGATGACGT,9
ATAGCGGCACGGAATCGT,OXT_23,AAGTAGGGACAGAATACG,9
AGTGGACCATCGACATTG,OXT_05,GGCGGACAGACTCTAATG,9
TATGACGGAAGGGAGCTA,OXT_13,TATTACACTAGTGGATGG,10
ACGGCCGCAGGAGTGGCA,OXT_02,AGGGGAGCGTGCGGAGGC,10
GATGCATGTGTCCGGACG,OXT_21,GAGCAACGGGTCAGCATT,9
GTGCTGGTTGCATGGTCG,OXT_27,GTAGAATGGGCATCGTCG,8
ACGGTGACACGTAGGCTG,OXT_10,AAGATGTATCGTGTGCTG,7
GACTATCTGCTAGTTGGT,OXT_08,GACGGCATTCAGGCACGT,10
AGGCGTGAAGTGTGCTCC,OXT_01,AGGCTGCGTAAGTCTGCT,11
GGGCTGGACTGGCGATTA,OXT_03,GACTTGGGCTCATGCTGT,10
AGGAGGACTACTGTCGTT,OXT_10,AAGATGTATCGTGTGCTG,9
ACGCTATGTCAGACTGTA,OXT_01,AGGCTGCGTAAGTCTGCT,7
GTGCCGGAATTCGTAGTG,OXT_07,GTGGGTGCATTTGCTGTA,8
CGGGGAAAAGGATGGACG,OXT_20,AGGGCCTAGGGATGACGT,9
GTAGGTGGCTGAGAAGCG,OXT_07,GTGGGTGCATTTGCTGTA,9
ACCCTGGCAGTCGTGGTG,OXT_10,AAGATGTATCGTGTGCTG,10
GTACGAGGACCCAATACG,OXT_23,AAGTAGGGACAGAATACG,8
ACGGGAAACGTAACTAAA,OXT_17,AGGAACTACGATCGTGAA,10
AGTGACGGCGACGAATTG,OXT_28,AGCGGCGGCGACGGCGAA,7
TGGCTATCTTGTCGTGAA,OXT_17,AGGAACTACGATCGTGAA,8
AGGCGGCTACAGTCTGTG,OXT_01,AGGCTGCGTAAGTCTGCT,6
ACAAAGGCACGGGAATTG,OXT_23,AAGTAGGGACAGAATACG,9
ACTACATTCCGTAGAGGG,OXT_02,AGGGGAGCGTGCGGAGGC,11
TGCGATACGTTGCGTGTA,OXT_07,GTGGGTGCATTTGCTGTA,9
GGGACAGGGATATATGCG,OXT_04,TAGACAGGGCTGACTGTG,7
GCACGCTCCCCAGACTGC,OXT_19,CCCCCCCCCCCCCCCCCC,9
GCGGAAAGGCGATTGTGC,OXT_27,GTAGAATGGGCATCGTCG,8
GCTAGAACCGACTCTGTG,OXT_12,AATACAGCGGTGTTTCTA,10
ATCGCGAGTCTGCTGCAA,OXT_08,GACGGCATTCAGGCACGT,11
GACGTGGAACTCGTTATA,OXT_07,GTGGGTGCATTTGCTGTA,9
TCACGGGATCTTTCATTA,OXT_18,TAACGGGTTATCCATAAT,10
ACGGGTAAGGCTAGTATC,OXT_05,GGCGGACAGACTCTAATG,10
TGGGCAGTTGCACCGTTG,OXT_26,GGGGCATTCACTGAGCTG,8
GCAGGGGAAATTCCTCGA,OXT_07,GTGGGTGCATTTGCTGTA,8
AGGGAGTACGACCGCGGT,OXT_17,AGGAACTACGATCGTGAA,6
GTCGGAATCCGCACATGG,OXT_08,GACGGCATTCAGGCACGT,8
ACACACTTCATCCGCACT,OXT_06,ATCATCATCATCATCATC,9
ACGGACGGGACAGACGGA,OXT_28,AGCGGCGGCGACGGCGAA,9
GGTGGATCCACGATGCTA,OXT_26,GGGGCATTCACTGAGCTG,7
ATACGACGTCCATGTGTA,OXT_16,ATAAACAGTCTAGCTGTG,8
AGGGTCACTAGTAAGCAG,OXT_10,AAGATGTATCGTGTGCTG,9
GTGACCAGTTCAGGGCGA,OXT_24,GGGATTCGGTCATGTCCT,9
ATGAGGCTTGAGCTGGAG,OXT_22,ACGGGACCGCAGATCGAG,8
ATCAGCGGACAGGATTTG,OXT_16,ATAAACAGTCTAGCTGTG,8
ATCAGGGCAACGTGGATA,OXT_14,TTGAGCGTAACGACAGTG,9
ATCCATGGCGCGACGGCT,OXT_01,AGGCTGCGTAAGTCTGCT,10
TAGACGCGTTGGGACAGA,OXT_04,TAGACAGGGCTGACTGTG,11
GGACACGTGGAGTAGACG,OXT_27,GTAGAATGGGCATCGTCG,9
CCCCCCCCCCCTCCCCCC,OXT_19,CCCCCCCCCCCCCCCCCC,1
GAGGCAGGATTGGAAGTG,OXT_04,TAGACAGGGCTGACTGTG,7
CCTAATGAATGCTCATGC,OXT_02,AGGGGAGCGTGCGGAGGC,11
GACAGCGAATCCATGTTG,OXT_14,TTGAGCGTAACGACAGTG,9
TCGTACGAGTTGGTTTTG,OXT_04,TAGACAGGGCTGACTGTG,9
GACGTGTAGGGATTGATA,OXT_10,AAGATGTATCGTGTGCTG,9
GCAAGAAGAGGCGGCGTA,OXT_28,AGCGGCGGCGACGGCGAA,9
TCCTTCATGAACTCATGG,OXT_13,TATTACACTAGTGGATGG,9
ATCCACGTCCTCATGCTC,OXT_06,ATCATCATCATCATCATC,6
TGTTCCGACGGTCATAGC,OXT_17,AGGAACTACGATCGTGAA,10
ACACGAGCCAATCATGTG,OXT_18,TAACGGGTTATCCATAAT,10
AAGAATTCGGCCACGATA,OXT_21,GAGCAACGGGTCAGCATT,9
GGCAGTCGATCAGGTACG,OXT_24,GGGATTCGGTCATGTCCT,6
TACCCGGGGTAATACAGT,OXT_03,GACTTGGGCTCATGCTGT,7
ACAAGAATCGACGTGCTA,OXT_06,ATCATCATCATCATCATC,10
TAAAGGTGATAAGCCGTG,OXT_16,ATAAACAGTCTAGCTGTG,9
GACATCGTCAGACATCGG,OXT_03,GACTTGGGCTCATGCTGT,10
AAACGCGGACTTACGACG,OXT_23,AAGTAGGGACAGAATACG,8
AGGTTCGCACTCTTAAGG,OXT_02,AGGGGAGCGTGCGGAGGC,10
ACGCATCCACTGTGTGCT,OXT_01,AGGCTGCGTAAGTCTGCT,8
GTGGGAATCGACGATTCG,OXT_26,GGGGCATTCACTGAGCTG,9
TTAGTGTGGTGAAGGGTA,OXT_27,GTAGAATGGGCATCGTCG,10
GCACGTTGAGGTGACGGG,OXT_07,GTGGGTGCATTTGCTGTA,11
AGTCCGAATGGAGTGCAT,OXT_10,AAGATGTATCGTGTGCTG,9
ACGCAGTCGGCTGCTGAT,OXT_17,AGGAACTACGATCGTGAA,9
ACAGGTGCAGTTATGTCG,OXT_07,GTGGGTGCATTTGCTGTA,10
ACGGCGATGAGTGTTGTA,OXT_07,GTGGGTGCATTTGCTGTA,10
GTGGCCTTCCATTCTGCA,OXT_07,GTGGGTGCATTTGCTGTA,9
AGTGGGTTGCACGACTAG,OXT_22,ACGGGACCGCAGATCGAG,9
AGGACACTAGGGCCAACG,OXT_15,AGGGTATAACGTCCTTTG,9
GGATGGCGTGACGTCCTT,OXT_11,GGGTAAGGGCACAACAGT,10
GGGCTCCTGTGCGAAAGG,OXT_02,AGGGGAGCGTGCGGAGGC,9
TACGAGAGCGCGGTTCTA,OXT_12,AATACAGCGGTGTTTCTA,10
GGAGGCGCCTCTTCTAAG,OXT_07,GTGGGTGCATTTGCTGTA,9
AGGAGCAGGTCTCGTACG,OXT_24,GGGATTCGGTCATGTCCT,8
AGGGTGTTGGTGAGGCAT,OXT_20,AGGGCCTAGGGATGACGT,8
TAGACGGCCCCTCTTCTG,OXT_04,TAGACAGGGCTGACTGTG,8
GCCAGGCGTACTTAACGT,OXT_03,GACTTGGGCTCATGCTGT,10
ACCTAACGACACTGTGCA,OXT_23,AAGTAGGGACAGAATACG,9
TCACGTGGTCCCACAATC,OXT_14,TTGAGCGTAACGACAGTG,10
GCATTACGCCATACTTCT,OXT_01,AGGCTGCGTAAGTCTGCT,10
GAGCTGATCAGAGCCCGT,OXT_03,GACTTGGGCTCATGCTGT,9
GGGGCAAATAGTGGCCCG,OXT_26,GGGGCATTCACTGAGCTG,7
ACCGGGATGCATACAGTA,OXT_08,GACGGCATTCAGGCACGT,9
TCCAGAAACGGCGTGCCA,OXT_09,TGTAGTGCTCGGCTGCCG,10
ATGGGGATATCGACAGGA,OXT_14,TTGAGCGTAACGACAGTG,7
ATGTTGGACCATCAATGG,OXT_15,AGGGTATAACGTCCTTTG,9
TAGTCGGGACAGTTCGAT,OXT_23,AAGTAGGGACAGAATACG,8
AGTGGTGACTGAGTAGCG,OXT_02,AGGGGAGCGTGCGGAGGC,8
ACAATACGTGGCGAACTG,OXT_10,AAGATGTATCGTGTGCTG,9
GGAGGGAGTAAGGACTAT,OXT_08,GACGGCATTCAGGCACGT,9
AACCGCAGGTGAACGTGG,OXT_03,GACTTGGGCTCATGCTGT,11
ACGATAGATGTCGTGTGA,OXT_10,AAGATGTATCGTGTGCTG,9
AGGAGTAGGGATTAGTTT,OXT_24,GGGATTCGGTCATGTCCT,10
GATCGCAGGATAATGACG,OXT_21,GAGCAACGGGTCAGCATT,10
ACACGACTTGATCCTGCG,OXT_01,AGGCTGCGTAAGTCTGCT,9
ACGTCACGTGCGTGGCAG,OXT_22,ACGGGACCGCAGATCGAG,10
GGAGCATGGGAGAGCGTT,OXT_21,GAGCAACGGGTCAGCATT,8
GGGGCGGCCACTAGAGAT,OXT_26,GGGGCATTCACTGAGCTG,9
GGGAAGGACAACAGGCAG,OXT_17,AGGAACTACGATCGTGAA,9
GGCGGCACTATTGCGAAG,OXT_05,GGCGGACAGACTCTAATG,9
GCAGTGTCGTTCGATTTG,OXT_07,GTGGGTGCATTTGCTGTA,10
TGGGTATCGCCGTCTGTG,OXT_04,TAGACAGGGCTGACTGTG,7
ACGGGACGGTAGAGGCTC,OXT_22,ACGGGACCGCAGATCGAG,7
ACCAGAGTTGACGCGTGT,OXT_08,GACGGCATTCAGGCACGT,9
AGGCCAAGCGGAGGATTG,OXT_20,AGGGCCTAGGGATGACGT,9
GCAAGAGGTCGAGCACAA,OXT_08,GACGGCATTCAGGCACGT,10
ACGACCGGGAATAGGAGT,OXT_11,GGGTAAGGGCACAACAGT,9
GCCATAGGTCCGAGTTAT,OXT_03,GACTTGGGCTCATGCTGT,9
CGGTCCATCATCTTCGCT,OXT_06,ATCATCATCATCATCATC,9
GCACGACGCGACTATCCT,OXT_01,AGGCTGCGTAAGTCTGCT,10
TGGAGCTTAGGGCACTTG,OXT_14,TTGAGCGTAACGACAGTG,8
AGAGCGGACAGTGACTGG,OXT_26,GGGGCATTCACTGAGCTG,9
ACGGAGCTGGCAGTTGTC,OXT_22,ACGGGACCGCAGATCGAG,10
ATGCTTCAGCCTCGTCGG,OXT_15,AGGGTATAACGTCCTTTG,9
TATGGGCGAATAGTCTAG,OXT_13,TATTACACTAGTGGATGG,11
CACGGTGGACACTCTGAA,OXT_28,AGCGGCGGCGACGGCGAA,8
AGGGGCAGAGGGTGCTAT,OXT_20,AGGGCCTAGGGATGACGT,8
AAGGGCATTCCCTCATTA,OXT_08,GACGGCATTCAGGCACGT,8
GATGACGGAGCCCTGCAG,OXT_27,GTAGAATGGGCATCGTCG,10
ACTGGTGCGTAAGCAGGT,OXT_02,AGGGGAGCGTGCGGAGGC,7
GCCGCCGTCATTACGTGG,OXT_26,GGGGCATTCACTGAGCTG,9
ACGGTACAACGCAATGTG,OXT_15,AGGGTATAACGTCCTTTG,6
AAGGTCCGCAGACATCCG,OXT_01,AGGCTGCGTAAGTCTGCT,10
ACATGCTGTATAATGTGC,OXT_06,ATCATCATCATCATCATC,11
ACGACAGTATCTGGAGTG,OXT_14,TTGAGCGTAACGACAGTG,8
CCCGGGGATATAGCGGCT,OXT_25,TGCATCGCAACAGCAGTT,10
TCGAACTCGTATCGTACT,OXT_17,AGGAACTACGATCGTGAA,8
ACGGCAGTCTACCGAGGT,OXT_02,AGGGGAGCGTGCGGAGGC,7
GACCCTGGTAGTGATGGT,OXT_18,TAACGGGTTATCCATAAT,10
AGGTGCCGATGTCAATGT,OXT_02,AGGGGAGCGTGCGGAGGC,10
AGGAACATCACTGGCGTA,OXT_17,AGGAACTACGATCGTGAA,7
AGGACACTTGGTGGCAAG,OXT_10,AAGATGTATCGTGTGCTG,10
GTGGGTGCACCAAGCGAT,OXT_07,GTGGGTGCATTTGCTGTA,8
GAGGACAGGCGCGACGGC,OXT_11,GGGTAAGGGCACAACAGT,8
GGTCCAACCAGCAGACAG,OXT_13,TATTACACTAGTGGATGG,10
ACCTCAACACGTCTGGTG,OXT_15,AGGGTATAACGTCCTTTG,9
TGTCCCGACTCCTTCGCT,OXT_19,CCCCCCCCCCCCCCCCCC,10
ACCGGAGAAAGGACGGTG,OXT_14,TTGAGCGTAACGACAGTG,8
GAGGATGTGTCACTAGGG,OXT_02,AGGGGAGCGTGCGGAGGC,10
TCGGTTCGCGCGATATTG,OXT_14,TTGAGCGTAACGACAGTG,10
GCAGCGGCTCGCGGATGA,OXT_02,AGGGGAGCGTGCGGAGGC,9
ACGAACGTATACTGTGTG,OXT_14,TTGAGCGTAACGACAGTG,9
GACCCATTAGTTCAGTGA,OXT_26,GGGGCATTCACTGAGCTG,10
GCATACAAATGCTCGGCG,OXT_27,GTAGAATGGGCATCGTCG,10
ATGCTGATTCAGGTTGTG,OXT_01,AGGCTGCGTAAGTCTGCT,8
ACAAGCATTCAGTGGTGA,OXT_08,GACGGCATTCAGGCACGT,9
CGGGTAGACACTCGACAT,OXT_05,GGCGGACAGACTCTAATG,9
GAGATATCCAGCGTGTCT,OXT_10,AAGATGTATCGTGTGCTG,9
ACGGCAATTGACGTGGCG,OXT_22,ACGGGACCGCAGATCGAG,9
AGCACAAGGTGTGATGTG,OXT_04,TAGACAGGGCTGACTGTG,9
TGGCGTTGGTAGGAGCCA,OXT_09,TGTAGTGCTCGGCTGCCG,10
CGGAGGTGAACGGTGGAT,OXT_01,AGGCTGCGTAAGTCTGCT,10
GGCATTCCATTGACGGCT,OXT_24,GGGATTCGGTCATGTCCT,9
CACGGCATGACGACAAGG,OXT_08,GACGGCATTCAGGCACGT,7
GCACGGGGCGCTGATTGA,OXT_03,GACTTGGGCTCATGCTGT,10
TATGGTCGCTCACACGGG,OXT_03,GACTTGGGCTCATGCTGT,10
GCAGAGGGTCACTATGCG,OXT_23,AAGTAGGGACAGAATACG,8
AACGAGTGGGAAAGAACG,OXT_23,AAGTAGGGACAGAATACG,8
CGGGTAACGTCGTGTCTC,OXT_24,GGGATTCGGTCATGTCCT,8
GAAATGGTAGCATTGCGG,OXT_03,GACTTGGGCTCATGCTGT,9
AGAGGGAAGCCTATGACG,OXT_05,GGCGGACAGACTCTAATG,8
CACTAGGTGGTAACGCAG,OXT_04,TAGACAGGGCTGACTGTG,11
GGTGAGTCCAACGTCGGT,OXT_11,GGGTAAGGGCACAACAGT,10
GGGAGTTGCATGTTACCA,OXT_24,GGGATTCGGTCATGTCCT,9
ATCGGGATCTCACGCGGA,OXT_03,GACTTGGGCTCATGCTGT,9
ACAAGCGAACTCGTTCAT,OXT_16,ATAAACAGTCTAGCTGTG,10
AAGACATGATAATTGTCG,OXT_27,GTAGAATGGGCATCGTCG,9
GATCGCTTGTGATCAGTT,OXT_08,GACGGCATTCAGGCACGT,10
GGGAATGGCAATACCGTG,OXT_04,TAGACAGGGCTGACTGTG,9
AGCATTATCGGTGCTGTG,OXT_15,AGGGTATAACGTCCTTTG,9
ACATATGCATCGGGCGCT,OXT_02,AGGGGAGCGTGCGGAGGC,11
GACGCGTGCTGACCCACT,OXT_03,GACTTGGGCTCATGCTGT,8
ACCACAGACGCTGCTTCG,OXT_15,AGGGTATAACGTCCTTTG,10
AAGGTGATAAACGATATT,OXT_18,TAACGGGTTATCCATAAT,9
AGGTCATCAGTGCACCGG,OXT_12,AATACAGCGGTGTTTCTA,10
ATGGCCATTGGGTGTGAC,OXT_20,AGGGCCTAGGGATGACGT,9
ACACCAAACATGAGGGTG,OXT_04,TAGACAGGGCTGACTGTG,10
AATGGGACCGCCAACGTG,OXT_22,ACGGGACCGCAGATCGAG,10
ATGGTAGACACGGACATG,OXT_26,GGGGCATTCACTGAGCTG,8
ACGGCCTGATGAACGTGG,OXT_15,AGGGTATAACGTCCTTTG,9
AGGACGCCGCAGGGAGGT,OXT_02,AGGGGAGCGTGCGGAGGC,8
TACTGACCGTCAGCCTAT,OXT_03,GACTTGGGCTCATGCTGT,9
GGTATCGGAGTGCCCAGT,OXT_11,GGGTAAGGGCACAACAGT,10
GACATCCACGCCGTGACT,OXT_06,ATCATCATCATCATCATC,10
ATAGCGCCGTGGAACCAT,OXT_22,ACGGGACCGCAGATCGAG,9
ATACAGGGCACGGAATTT,OXT_01,AGGCTGCGTAAGTCTGCT,11
AACCTTGCTTACTGTGTG,OXT_01,AGGCTGCGTAAGTCTGCT,10
TCGACTGTGTACCGCGCG,OXT_04,TAGACAGGGCTGACTGTG,10
GTGGCATAGAGCTGAGCA,OXT_20,AGGGCCTAGGGATGACGT,8
GCTAGCGAATCGTGTGAT,OXT_14,TTGAGCGTAACGACAGTG,10
GCGGTGAAGGTATTTGAG,OXT_22,ACGGGACCGCAGATCGAG,10
TGGGACGCCATTCCCGCT,OXT_25,TGCATCGCAACAGCAGTT,9
AGCGGAACGTCGGATGTG,OXT_02,AGGGGAGCGTGCGGAGGC,8
TTGGCCACGACGTACATG,OXT_14,TTGAGCGTAACGACAGTG,9
GGCCGACCGGGTATCCAT,OXT_05,GGCGGACAGACTCTAATG,9
GGCGCTAGGACGGTCACT,OXT_05,GGCGGACAGACTCTAATG,9
AGGGGCGGAAACCACTCA,OXT_28,AGCGGCGGCGACGGCGAA,7
ACGATTGCGCGATGTGTG,OXT_04,TAGACAGGGCTGACTGTG,9
AGGAGGGATAACGTTACG,OXT_01,AGGCTGCGTAAGTCTGCT,9
AGGGATGCGGACGTACGA,OXT_02,AGGGGAGCGTGCGGAGGC,7
GTGCGGTATCCATGTATT,OXT_24,GGGATTCGGTCATGTCCT,10
CAGGTGCCATCCTAAGTG,OXT_02,AGGGGAGCGTGCGGAGGC,11
AAGGGGCTCGGTTGGTAA,OXT_17,AGGAACTACGATCGTGAA,10
GTAGGACGTGAATCGAAG,OXT_27,GTAGAATGGGCATCGTCG,6
TAGCGGCGGATGATCCGT,OXT_21,GAGCAACGGGTCAGCATT,8
GCTACGGTTCACGGCGAT,OXT_28,AGCGGCGGCGACGGCGAA,10
GCGGAGAATGGGAGGACG,OXT_23,AAGTAGGGACAGAATACG,10
GGGCAGAGAGAGGCGTAT,OXT_01,AGGCTGCGTAAGTCTGCT,9
GAACAGCGGCTCATGGTT,OXT_21,GAGCAACGGGTCAGCATT,6
GGTGACACAGCAAGTACG,OXT_27,GTAGAATGGGCATCGTCG,10
TGCCAGCGTCAGTATTCG,OXT_01,AGGCTGCGTAAGTCTGCT,7
CATAACCAGACACTTCCG,OXT_05,GGCGGACAGACTCTAATG,10
AAACTGCACAGGTGGCTT,OXT_01,AGGCTGCGTAAGTCTGCT,9
ATGGGTGAAATCCACGGT,OXT_07,GTGGGTGCATTTGCTGTA,9
GCTGCGTAGTGGACCTGT,OXT_20,AGGGCCTAGGGATGACGT,10
TGGACTAACATGCTGCTT,OXT_09,TGTAGTGCTCGGCTGCCG,9
GGCAATCGGCCTTAGTGC,OXT_24,GGGATTCGGTCATGTCCT,9
ATCAGTGGGCAGCGACGA,OXT_08,GACGGCATTCAGGCACGT,10
AATCAGGTGCAGATGGCT,OXT_23,AAGTAGGGACAGAATACG,8
GGGGAGGTCTAGCCAAAG,OXT_23,AAGTAGGGACAGAATACG,10
TGCGGAAACAATCGGAGG,OXT_05,GGCGGACAGACTCTAATG,7
ACGATACAGTTAGATGTG,OXT_04,TAGACAGGGCTGACTGTG,9
GTTCTAACGTGTGCGAGA,OXT_07,GTGGGTGCATTTGCTGTA,10
AGCGCCGTAAGAGACGTG,OXT_25,TGCATCGCAACAGCAGTT,8
ACACCTCGGAAAGATGTG,OXT_16,ATAAACAGTCTAGCTGTG,9
TGCGGCGACACATGTTCT,OXT_03,GACTTGGGCTCATGCTGT,9
TGACGCTCGTACCACTAA,OXT_18,TAACGGGTTATCCATAAT,10
AGGGAGAAGAAGATGGTG,OXT_22,ACGGGACCGCAGATCGAG,8
GGCGGTGCTGGAATGGCT,OXT_09,TGTAGTGCTCGGCTGCCG,8
TGGTCCATAGTTCGGTAG,OXT_13,TATTACACTAGTGGATGG,10
CAGACGTGACTCACTGCG,OXT_04,TAGACAGGGCTGACTGTG,6
AGACACCACAATCTTGGG,OXT_17,AGGAACTACGATCGTGAA,7
TACCGAATCCTATGAGTG,OXT_04,TAGACAGGGCTGACTGTG,10
ACGGAGGACGTCGTTACA,OXT_17,AGGAACTACGATCGTGAA,10
AGGCAGCCAACGACGTTT,OXT_01,AGGCTGCGTAAGTCTGCT,8
TATCGCACGCTCGGGTAA,OXT_13,TATTACACTAGTGGATGG,9
ATCGGGTCGATTGTTGCG,OXT_07,GTGGGTGCATTTGCTGTA,9
GTTGGGCAGTGTAAATGT,OXT_05,GGCGGACAGACTCTAATG,10
ACAGTCGGTCGTTTAGGT,OXT_20,AGGGCCTAGGGATGACGT,10
GCAGCAAAACTGACGGAG,OXT_04,TAGACAGGGCTGACTGTG,9
AGCCGGCAACTTTGTAGC,OXT_01,AGGCTGCGTAAGTCTGCT,11
ACACGCAATCAGTGTGTG,OXT_16,ATAAACAGTCTAGCTGTG,8
GATGCGTGCTAGATGTCG,OXT_23,AAGTAGGGACAGAATACG,10
ACGCGGGAAAGGATGCAG,OXT_10,AAGATGTATCGTGTGCTG,9
ACGGCCCAACGGTGGTGA,OXT_20,AGGGCCTAGGGATGACGT,8
GGCAGAAGACACATATGC,OXT_11,GGGTAAGGGCACAACAGT,9
AGGGCGAGGACGTGTTCA,OXT_01,AGGCTGCGTAAGTCTGCT,8
TGCACACTCGTTCATCGT,OXT_26,GGGGCATTCACTGAGCTG,10
GATGTCGAGAGTGATGTT,OXT_07,GTGGGTGCATTTGCTGTA,10
ATCACGATCCTGAATGTA,OXT_06,ATCATCATCATCATCATC,8
AGTGTCATCGTCGCGTGG,OXT_06,ATCATCATCATCATCATC,10
AACGGGACGTTCCGAGAG,OXT_02,AGGGGAGCGTGCGGAGGC,8
GTGCGGTGGCACTCGTTC,OXT_27,GTAGAATGGGCATCGTCG,9
GGTTACCGGCCTCCTGTT,OXT_05,GGCGGACAGACTCTAATG,10
AGCCGCTGCCTCTACCAT,OXT_28,AGCGGCGGCGACGGCGAA,8
AATATCATCAGGTATGTG,OXT_06,ATCATCATCATCATCATC,9
TAGACGGGCGAATTAGGA,OXT_03,GACTTGGGCTCATGCTGT,10
ATGTCAGTGGCTGCGGAC,OXT_02,AGGGGAGCGTGCGGAGGC,10
GCATTATACGGGCCTCAC,OXT_15,AGGGTATAACGTCCTTTG,10
AGGCTTGTTGCGGTTATG,OXT_01,AGGCTGCGTAAGTCTGCT,10
AGCGTGTCAAGGCCCGAT,OXT_01,AGGCTGCGTAAGTCTGCT,9
GTAGGGCAACGTAGAGGA,OXT_07,GTGGGTGCATTTGCTGTA,10
AGGGCTACCGTACATCAT,OXT_20,AGGGCCTAGGGATGACGT,9
AGACGTTGGTGTGCTGGC,OXT_02,AGGGGAGCGTGCGGAGGC,8
ACCGTCAACTAGATCGTG,OXT_06,ATCATCATCATCATCATC,8
ATGAGGTGCTACTGGTTA,OXT_17,AGGAACTACGATCGTGAA,10
CGCGGGTACGGACAGTGT,OXT_20,AGGGCCTAGGGATGACGT,9
GACTATGAGATACTGTGT,OXT_03,GACTTGGGCTCATGCTGT,9
AGTCAAGCGAGTCCCGTG,OXT_15,AGGGTATAACGTCCTTTG,9
AGGACGGATGTCGCCGCG,OXT_01,AGGCTGCGTAAGTCTGCT,10
GATGGGAGACAGCTACCT,OXT_08,GACGGCATTCAGGCACGT,7
GGGACTGAACAGTGTGCG,OXT_04,TAGACAGGGCTGACTGTG,9
GGAGTGGAAATATCTGTA,OXT_07,GTGGGTGCATTTGCTGTA,8
GTGGACCCCCAGTACGCG,OXT_22,ACGGGACCGCAGATCGAG,8
GGGAATGGAGTACATGCG,OXT_23,AAGTAGGGACAGAATACG,9
ATCGAACAGTCGGCATTT,OXT_05,GGCGGACAGACTCTAATG,9
AGTGCACAGGAGTGTTTG,OXT_12,AATACAGCGGTGTTTCTA,8
ACAGCGACTATGCCGGTG,OXT_16,ATAAACAGTCTAGCTGTG,9
GTGTGCGAGCGAATGTTT,OXT_11,GGGTAAGGGCACAACAGT,10
ATGGACTCAAACGCGTAA,OXT_07,GTGGGTGCATTTGCTGTA,10
ACGCACTGCTTGGCGCGG,OXT_16,ATAAACAGTCTAGCTGTG,10
ACCGGTGGCGCGCGTAGT,OXT_28,AGCGGCGGCGACGGCGAA,9
AGCGGACGACTGGAAGTA,OXT_28,AGCGGCGGCGACGGCGAA,9
ACTTGACGCGACGGTAAG,OXT_28,AGCGGCGGCGACGGCGAA,8
AGCATAGAGACAGTCGCG,OXT_25,TGCATCGCAACAGCAGTT,8
ATGACAGGAGTGAGCCGA,OXT_12,AATACAGCGGTGTTTCTA,8
TACAGGCTAGACGGTAGA,OXT_18,TAACGGGTTATCCATAAT,10
GGCAGCAATGCCTGTTGT,OXT_03,GACTTGGGCTCATGCTGT,10
GTAGGCGCCGATCTGATG,OXT_05,GGCGGACAGACTCTAATG,9
ACTTGGTAATACACTGTG,OXT_15,AGGGTATAACGTCCTTTG,10
GGGTGGGAACAGCCCGGA,OXT_11,GGGTAAGGGCACAACAGT,9
AGCGACTCGATTCAGCGG,OXT_26,GGGGCATTCACTGAGCTG,9
TGCAGCAGACGATCCTAT,OXT_25,TGCATCGCAACAGCAGTT,9
ATGGTACCAGGTGACAGG,OXT_15,AGGGTATAACGTCCTTTG,9
AAGCACCCAGACTCAGCT,OXT_01,AGGCTGCGTAAGTCTGCT,8
ACCGGTGGATAACTTTTT,OXT_07,GTGGGTGCATTTGCTGTA,10
AAGGTTGCGTCCACTTGT,OXT_02,AGGGGAGCGTGCGGAGGC,9
CGGTTCCGCTGTGTTCGC,OXT_24,GGGATTCGGTCATGTCCT,10
ATCACAGGTGGTCGATAA,OXT_17,AGGAACTACGATCGTGAA,10
AGCCGGGCAGCGGTTGAC,OXT_28,AGCGGCGGCGACGGCGAA,9
TGGTGGGCATGAGCGCAT,OXT_25,TGCATCGCAACAGCAGTT,9
ATCGGCTCCGTCACATGG,OXT_06,ATCATCATCATCATCATC,10
GGGCTGTTCGGCAGGTTT,OXT_21,GAGCAACGGGTCAGCATT,9
ACACCAGGATGAAGTGTG,OXT_04,TAGACAGGGCTGACTGTG,9
GCCATTGCCGGACGGCTA,OXT_09,TGTAGTGCTCGGCTGCCG,10
AGTTGGCGAAGGCTGGTG,OXT_09,TGTAGTGCTCGGCTGCCG,9
GCGGTGTGATCTAGCGTA,OXT_07,GTGGGTGCATTTGCTGTA,9
CGGGAAGGGAATATGGCA,OXT_11,GGGTAAGGGCACAACAGT,9
ATGTGGACGTCCGAAGCG,OXT_02,AGGGGAGCGTGCGGAGGC,8
ATGGCATACGTACACTGA,OXT_20,AGGGCCTAGGGATGACGT,9
CATAAGGTATCGCCCGTG,OXT_14,TTGAGCGTAACGACAGTG,8
GAACAGGGAGCGTGAATA,OXT_21,GAGCAACGGGTCAGCATT,9
TACAGGGCTAGCGTAGGG,OXT_13,TATTACACTAGTGGATGG,8
ACGACTGGCATACATCCT,OXT_24,GGGATTCGGTCATGTCCT,9
ACCCGGAGTGCTCAGCGT,OXT_08,GACGGCATTCAGGCACGT,11
ATAACTCGCCAGACGGTG,OXT_04,TAGACAGGGCTGACTGTG,8
AAGCTGAGTGCAGTGATA,OXT_10,AAGATGTATCGTGTGCTG,8
ACGTGAGCTCAGGGTGTC,OXT_02,AGGGGAGCGTGCGGAGGC,8
GGGCAAGCTGATATCGAG,OXT_22,ACGGGACCGCAGATCGAG,8
ACGGTGAATCGAGTTACT,OXT_10,AAGATGTATCGTGTGCTG,8
TACACCAGGGCTAAGTGT,OXT_03,GACTTGGGCTCATGCTGT,11
GGGCAGTCCTTGCGCAAG,OXT_17,AGGAACTACGATCGTGAA,10
AGCGGACACTGTACGCGG,OXT_05,GGCGGACAGACTCTAATG,9
ACGGACCACGATCCTAGT,OXT_17,AGGAACTACGATCGTGAA,7
AACGTGTGATGAAGTGCT,OXT_03,GACTTGGGCTCATGCTGT,9
GCAGATCACGTACGGCAA,OXT_17,AGGAACTACGATCGTGAA,10
ATGTAGGAATTGACTGCT,OXT_23,AAGTAGGGACAGAATACG,7
GCGGACTGACAAGGGAGA,OXT_11,GGGTAAGGGCACAACAGT,10
TGGTACACAGCGCGTATG,OXT_13,TATTACACTAGTGGATGG,10
TAGTCACTAGTATTGGTG,OXT_04,TAGACAGGGCTGACTGTG,9
AGAGGCATGCGTTGCGCT,OXT_20,AGGGCCTAGGGATGACGT,9
AGAGCGCATGCATATGGA,OXT_20,AGGGCCTAGGGATGACGT,9
CAGACAGTGTGTGCTACG,OXT_04,TAGACAGGGCTGACTGTG,8
TAACTAATCGTGCGGTAT,OXT_18,TAACGGGTTATCCATAAT,9
ATGGAGTGCCATCTGAAT,OXT_17,AGGAACTACGATCGTGAA,9
TATGGTGGATGTTCCGAG,OXT_07,GTGGGTGCATTTGCTGTA,9
AACTGCGTACAGCGTCTG,OXT_23,AAGTAGGGACAGAATACG,8
GTGGGCAAATGCGACGTC,OXT_07,GTGGGTGCATTTGCTGTA,8
GTGAAGAGCCTTCGTTTG,OXT_16,ATAAACAGTCTAGCTGTG,8
GTGCACGCGATCAGCAAG,OXT_21,GAGCAACGGGTCAGCATT,7
TGGACCACGAATATGTCG,OXT_09,TGTAGTGCTCGGCTGCCG,10
CCGTAGCGAACTTGTGCT,OXT_01,AGGCTGCGTAAGTCTGCT,8
TCACCTAACAGGATGGAG,OXT_09,TGTAGTGCTCGGCTGCCG,11
ACTGCAATATTCGCTGTG,OXT_07,GTGGGTGCATTTGCTGTA,9
AGACGCTCAGGTCCACGT,OXT_20,AGGGCCTAGGGATGACGT,8
AGCTCCAAGCAGAATACG,OXT_23,AAGTAGGGACAGAATACG,7
ACTGGGTACTACGGCTAG,OXT_28,AGCGGCGGCGACGGCGAA,8
GAGGCGTATCCGATCCAA,OXT_10,AAGATGTATCGTGTGCTG,9
AATGTACGCCTCTGGTAT,OXT_03,GACTTGGGCTCATGCTGT,10
TGCCCTGCAGCTTCTGTG,OXT_25,TGCATCGCAACAGCAGTT,8
ACGAGGCAAGTGGATGGA,OXT_07,GTGGGTGCATTTGCTGTA,10
GACGGCAGATGAACCAGA,OXT_08,GACGGCATTCAGGCACGT,9
TGGACCATGTTGAAGGTG,OXT_04,TAGACAGGGCTGACTGTG,7
GCGGGCCAGGTTGCATAC,OXT_05,GGCGGACAGACTCTAATG,10
GACGGGAGTCTAGATGCC,OXT_08,GACGGCATTCAGGCACGT,9
GTCTAGTGATATGTTTTG,OXT_07,GTGGGTGCATTTGCTGTA,10
AAGACTAGAGACTTGTGA,OXT_12,AATACAGCGGTGTTTCTA,10
GATGGATCGCATATGGTC,OXT_22,ACGGGACCGCAGATCGAG,8
AGGTGGACCTCGACGGTA,OXT_07,GTGGGTGCATTTGCTGTA,10
TACCTTAAAAATGATGCT,OXT_01,AGGCTGCGTAAGTCTGCT,10
GGTGCGGGATTTCACGTG,OXT_07,GTGGGTGCATTTGCTGTA,9
AGGCCTAGATACGGTTTG,OXT_15,AGGGTATAACGTCCTTTG,10
TCATAGTGCCCGCGATCG,OXT_23,AAGTAGGGACAGAATACG,10
GTGAACGCTGATCTCGTG,OXT_17,AGGAACTACGATCGTGAA,9
ACAGGGGATCATTGCGTG,OXT_22,ACGGGACCGCAGATCGAG,9
ACGTAAGGCACCCGTATG,OXT_23,AAGTAGGGACAGAATACG,9
ATACATGACGGTGACACT,OXT_11,GGGTAAGGGCACAACAGT,12
GGGTAAACCGTACGACTG,OXT_21,GAGCAACGGGTCAGCATT,10
GCTGATGGCTTTCAAGCT,OXT_07,GTGGGTGCATTTGCTGTA,10
GGGCGAAAATCACGTCAA,OXT_24,GGGATTCGGTCATGTCCT,9
ACCGCCAGGTATCCTGTG,OXT_16,ATAAACAGTCTAGCTGTG,9
ACTAGATGTGATGGTGAT,OXT_17,AGGAACTACGATCGTGAA,8
AGCGGAGAAGGCAGCGTC,OXT_02,AGGGGAGCGTGCGGAGGC,7
ACACCGAGGGAGAGCATA,OXT_21,GAGCAACGGGTCAGCATT,9
ATAGATAAGCCCAACGGT,OXT_11,GGGTAAGGGCACAACAGT,9
GGCAGTGCACAGTCATTG,OXT_09,TGTAGTGCTCGGCTGCCG,9
AGCGTCATCGTTCATGCT,OXT_17,AGGAACTACGATCGTGAA,9
CTACACGTCAAGCCGGTG,OXT_14,TTGAGCGTAACGACAGTG,8
AGCACCATTGACTGGGCA,OXT_28,AGCGGCGGCGACGGCGAA,8
GGGGCACTATCGCAGCAT,OXT_26,GGGGCATTCACTGAGCTG,7
ACGGTGGCAGCCGAACGT,OXT_02,AGGGGAGCGTGCGGAGGC,9
TACAGTTAGTCCTGAGTG,OXT_05,GGCGGACAGACTCTAATG,10
ACGCAGGTAGCCGGAGTG,OXT_14,TTGAGCGTAACGACAGTG,9
GACTGGAGACACTGTTTG,OXT_03,GACTTGGGCTCATGCTGT,9
AGGGACTTGTGACATGCA,OXT_17,AGGAACTACGATCGTGAA,8
ACGCGGTATATCCTTACT,OXT_18,TAACGGGTTATCCATAAT,7
AGGGTAACACTACGGAGC,OXT_02,AGGGGAGCGTGCGGAGGC,9
AGCACTACACCCGGTGGT,OXT_25,TGCATCGCAACAGCAGTT,9
ATAGCGACATATACTGTG,OXT_07,GTGGGTGCATTTGCTGTA,8
AGTGGTTAGTCCTCGCGA,OXT_20,AGGGCCTAGGGATGACGT,9
AGCACGGATCAGAGTGCG,OXT_23,AAGTAGGGACAGAATACG,8
CAGGCATCATAGACCGAT,OXT_22,ACGGGACCGCAGATCGAG,8
GCATCCGAACAGCCTCTG,OXT_04,TAGACAGGGCTGACTGTG,10
ATAGCGGACTATCCTATG,OXT_15,AGGGTATAACGTCCTTTG,9
GGCTCACTCGGGACTTTG,OXT_04,TAGACAGGGCTGACTGTG,10
GCAGGAGGCAATGGCTAA,OXT_28,AGCGGCGGCGACGGCGAA,7
CATGAGGGTACTCAGGCT,OXT_18,TAACGGGTTATCCATAAT,10
AGGCAGGGAACAGGCCGA,OXT_03,GACTTGGGCTCATGCTGT,10
AGGGCTTGTGAACGACTC,OXT_20,AGGGCCTAGGGATGACGT,7
GACGTTGAATACCATGTG,OXT_07,GTGGGTGCATTTGCTGTA,9
AGGAGGAATTATGCGGCT,OXT_01,AGGCTGCGTAAGTCTGCT,8
ACAGGCGTACGTATATGT,OXT_08,GACGGCATTCAGGCACGT,10
AGGGCTGATAATACTCCG,OXT_01,AGGCTGCGTAAGTCTGCT,9
TACGGCGCTCATCTCACT,OXT_08,GACGGCATTCAGGCACGT,9
GGACACAGTGTGCATTGG,OXT_16,ATAAACAGTCTAGCTGTG,9
AGGGGCTTGATAGTCTCA,OXT_20,AGGGCCTAGGGATGACGT,10
ACGGCGGTCCGTAAGGAG,OXT_22,ACGGGACCGCAGATCGAG,9
GGTGTAATGGCACATAAG,OXT_05,GGCGGACAGACTCTAATG,9
ACGCGTCAATTCCGTGTG,OXT_07,GTGGGTGCATTTGCTGTA,9
ATGGTGCGAGAACAGTGG,OXT_15,AGGGTATAACGTCCTTTG,10
CAGGGTATCGAATGCGTG,OXT_28,AGCGGCGGCGACGGCGAA,10
AGCAGGACTGAGAGGCCG,OXT_09,TGTAGTGCTCGGCTGCCG,8
AGGGTCCGAAGCCGTGCT,OXT_01,AGGCTGCGTAAGTCTGCT,7
ACACCGGCAACGTATGCA,OXT_01,AGGCTGCGTAAGTCTGCT,9
GTGGCAGTCTAGTCAGCA,OXT_07,GTGGGTGCATTTGCTGTA,9
ACGACCGGCACGACGAAG,OXT_14,TTGAGCGTAACGACAGTG,8
AGGGACCTACCGCCGTGA,OXT_15,AGGGTATAACGTCCTTTG,9
AGACGATGCCAAAGCGGT,OXT_11,GGGTAAGGGCACAACAGT,9
GAGAAGGCCACCTTGTCG,OXT_03,GACTTGGGCTCATGCTGT,10
GTGGTCATCATTTGCACG,OXT_06,ATCATCATCATCATCATC,8
ACACGGGAGAAGCGACTA,OXT_05,GGCGGACAGACTCTAATG,11
GCGCAATCGTGCCGTTGG,OXT_02,AGGGGAGCGTGCGGAGGC,9
ACGGAGCTGGATAAGTGG,OXT_22,ACGGGACCGCAGATCGAG,9
GCACGGGAAGTGGCACTA,OXT_07,GTGGGTGCATTTGCTGTA,9
GGCTAGTTAGCGTCTGAA,OXT_17,AGGAACTACGATCGTGAA,10
ACATCGGGGCATAACATC,OXT_11,GGGTAAGGGCACAACAGT,8
TGGCAGACTTCGCGTTAT,OXT_01,AGGCTGCGTAAGTCTGCT,10
ACACGTCAGGCTGTGCTG,OXT_05,GGCGGACAGACTCTAATG,9
GGAGTACAGAGACGGGAA,OXT_05,GGCGGACAGACTCTAATG,9
GTAGGCAGGATGTCAGCT,OXT_08,GACGGCATTCAGGCACGT,9
AACAACGATCTACGTGAG,OXT_16,ATAAACAGTCTAGCTGTG,7
AGCCGTTAGTGTGCAGTA,OXT_02,AGGGGAGCGTGCGGAGGC,9
TGAGGCGGAGCCGAGGTA,OXT_28,AGCGGCGGCGACGGCGAA,7
AGCACAAACACGGCACTA,OXT_25,TGCATCGCAACAGCAGTT,9
AAACGATCATCCGGAATG,OXT_02,AGGGGAGCGTGCGGAGGC,9
GCGAAGGCTGACGATCGG,OXT_11,GGGTAAGGGCACAACAGT,10
GCGAAGACGTGGACGTTA,OXT_04,TAGACAGGGCTGACTGTG,11
ACGATGGATTGTTGGCGT,OXT_10,AAGATGTATCGTGTGCTG,7
GAGGCGCGTATCGGACAT,OXT_21,GAGCAACGGGTCAGCATT,9
ACGGTACGTAGACAGTGT,OXT_01,AGGCTGCGTAAGTCTGCT,10
GGGACAGTACCGATCCGT,OXT_11,GGGTAAGGGCACAACAGT,8
AGGTAGGCGCACTAGGTT,OXT_11,GGGTAAGGGCACAACAGT,7
GCTAATTGGGCTTGGTGT,OXT_27,GTAGAATGGGCATCGTCG,8
TCATAACGTCTGGAGTTG,OXT_16,ATAAACAGTCTAGCTGTG,9
GGTCCGAGGCTGGTACTA,OXT_12,AATACAGCGGTGTTTCTA,9
AGTAGGCCAGTCGTGTAG,OXT_09,TGTAGTGCTCGGCTGCCG,10
TGTAGCACAGTCAGACCG,OXT_09,TGTAGTGCTCGGCTGCCG,9
CTCTAGGTCGCAGTAGAG,OXT_03,GACTTGGGCTCATGCTGT,11
GGCAGTGCAGAATAACGT,OXT_25,TGCATCGCAACAGCAGTT,9
AATAGGAACCACGCCCGA,OXT_08,GACGGCATTCAGGCACGT,9
GCCGTGTGCAGAGGCTTG,OXT_03,GACTTGGGCTCATGCTGT,8
ATGGCCCGCTATGGTGGT,OXT_17,AGGAACTACGATCGTGAA,9
GCGGTGGAAGAAGGCGAG,OXT_28,AGCGGCGGCGACGGCGAA,9
CTGGCCGTCCAGCCATGT,OXT_08,GACGGCATTCAGGCACGT,8
GGATGCTGTTACATGGCT,OXT_11,GGGTAAGGGCACAACAGT,10
GGGGATACTACACGTATA,OXT_05,GGCGGACAGACTCTAATG,10
TTGACCCGACTTCAGCCT,OXT_29,CCCCCCCCCCCCCCGCCC,10
GGCGTACATGCAGTGAGT,OXT_05,GGCGGACAGACTCTAATG,8
AGGCTGTCCTAAGCGTTG,OXT_10,AAGATGTATCGTGTGCTG,9
GATTGCCCAGTTGTCGAT,OXT_07,GTGGGTGCATTTGCTGTA,10
GTGCACCTAAGGCTATCG,OXT_14,TTGAGCGTAACGACAGTG,9
AAGCGCATCCTCTTCCCT,OXT_06,ATCATCATCATCATCATC,9
GGTCCGTAATCGCTGACG,OXT_05,GGCGGACAGACTCTAATG,10
GTTGGACGCGCACATACT,OXT_27,GTAGAATGGGCATCGTCG,9
GTTGGGCAATCGACTCAG,OXT_07,GTGGGTGCATTTGCTGTA,10
ACAGCTGCAGACGCCCTA,OXT_07,GTGGGTGCATTTGCTGTA,9
AGAGGGCAACAGTTCGAG,OXT_22,ACGGGACCGCAGATCGAG,6
ATCATGGGTTATAGCATT,OXT_03,GACTTGGGCTCATGCTGT,9
TACCGGGCAACGGCATTT,OXT_25,TGCATCGCAACAGCAGTT,6
ATGACACCACCCGTTACG,OXT_22,ACGGGACCGCAGATCGAG,10
GACCTAGTAGCACTGCCG,OXT_27,GTAGAATGGGCATCGTCG,10
TACTCCCGAAAGTCCCAG,OXT_01,AGGCTGCGTAAGTCTGCT,11
GTGGTGACGACTGGATTT,OXT_05,GGCGGACAGACTCTAATG,10
GTGGCAGGCGAAAGGTAG,OXT_27,GTAGAATGGGCATCGTCG,8
GCGAGTAAGGCAATGTCG,OXT_27,GTAGAATGGGCATCGTCG,9
GGGGAACTAGGGACTGCG,OXT_15,AGGGTATAACGTCCTTTG,9
ACCGCATTCTCACGTGTG,OXT_26,GGGGCATTCACTGAGCTG,9
CGCACAGCGTCGGATAAC,OXT_02,AGGGGAGCGTGCGGAGGC,10
GCGGGTGTATATCCACGG,OXT_07,GTGGGTGCATTTGCTGTA,8
AGACGCCTGATGACGATG,OXT_14,TTGAGCGTAACGACAGTG,9
GTCGCGATAGGTCCACAG,OXT_08,GACGGCATTCAGGCACGT,10
TGGTAACCAGGAATTGCT,OXT_01,AGGCTGCGTAAGTCTGCT,11
GGGTTAGTATTAGGCTGG,OXT_03,GACTTGGGCTCATGCTGT,8
AACACGTGTCTGTGTAGT,OXT_01,AGGCTGCGTAAGTCTGCT,10
GAAGTATGGCTTCGGTCA,OXT_27,GTAGAATGGGCATCGTCG,8
GGGCATTCAATTAGTGAG,OXT_07,GTGGGTGCATTTGCTGTA,9
GGGGAACAACACGGGCCT,OXT_11,GGGTAAGGGCACAACAGT,9
GTAGCGAGACGAGGCGGA,OXT_16,ATAAACAGTCTAGCTGTG,10
ATTCCCAGTGCCCGGCTA,OXT_29,CCCCCCCCCCCCCCGCCC,10
ACGACGTGACAACCAGTG,OXT_04,TAGACAGGGCTGACTGTG,9
AGGTGAGCCTGGTCTGTG,OXT_02,AGGGGAGCGTGCGGAGGC,8
AGGCAGTGTGTCGACGGT,OXT_01,AGGCTGCGTAAGTCTGCT,9
TGGGTAGCGGATGCATGA,OXT_02,AGGGGAGCGTGCGGAGGC,8
AACGGAGCCCCAGATTCT,OXT_03,GACTTGGGCTCATGCTGT,10
AGCAATCTCTTCGCGTGG,OXT_06,ATCATCATCATCATCATC,11
CAATGGTAGACGGATGCT,OXT_18,TAACGGGTTATCCATAAT,10
GAGGACTAGGCAACCGCT,OXT_27,GTAGAATGGGCATCGTCG,8
ATAGGCATACACAAGGTG,OXT_14,TTGAGCGTAACGACAGTG,9
ATAGGCGCTCAATTGGCT,OXT_09,TGTAGTGCTCGGCTGCCG,10
CAGGACGTGTCCTTGCAT,OXT_20,AGGGCCTAGGGATGACGT,11
TTGACGGCTGGCAACTTA,OXT_04,TAGACAGGGCTGACTGTG,11
AGGGGAAGGGATGATGCG,OXT_02,AGGGGAGCGTGCGGAGGC,9
GCAGTATCAGAGCGTACA,OXT_15,AGGGTATAACGTCCTTTG,11
TGCAACATCGGGCATGAA,OXT_17,AGGAACTACGATCGTGAA,7
AGTGGTGAACGTACGCTC,OXT_15,AGGGTATAACGTCCTTTG,8
TGGATGGACAAAGAGACG,OXT_10,AAGATGTATCGTGTGCTG,10
ATACGGACACTCGCATCG,OXT_16,ATAAACAGTCTAGCTGTG,9
ACAAGTGGATTGGAGCTG,OXT_07,GTGGGTGCATTTGCTGTA,10
ATGGCGTCCAGATCTGGG,OXT_20,AGGGCCTAGGGATGACGT,9
GATAGCACGGTGTAAACG,OXT_12,AATACAGCGGTGTTTCTA,9
AAGGCGGTGTCTCATGCT,OXT_18,TAACGGGTTATCCATAAT,10
TCATGATATGCCGTTGTG,OXT_05,GGCGGACAGACTCTAATG,11
ACACCGGGGCAAACTGTT,OXT_04,TAGACAGGGCTGACTGTG,8
ACGAGGAACGGCGCTGTA,OXT_17,AGGAACTACGATCGTGAA,9
ACGGCTCCTAGACGTTGG,OXT_13,TATTACACTAGTGGATGG,10
TGCAAAGCATAGTTCAGA,OXT_11,GGGTAAGGGCACAACAGT,10
GGTGCGGTGAGAGGAGAC,OXT_02,AGGGGAGCGTGCGGAGGC,8
GAGTGCACTGGTTAGTGT,OXT_13,TATTACACTAGTGGATGG,8
GGCATACAACCCAATTAG,OXT_15,AGGGTATAACGTCCTTTG,9
AACCATGTCCATGTGGTG,OXT_10,AAGATGTATCGTGTGCTG,9
GCACAGTGTCAGCGATTG,OXT_16,ATAAACAGTCTAGCTGTG,11
AGGAGGTACCGTATTTAG,OXT_10,AAGATGTATCGTGTGCTG,7
GTGGCGTACTCTGAGGCG,OXT_26,GGGGCATTCACTGAGCTG,6
AGTGAGTCGTACGGAAGT,OXT_02,AGGGGAGCGTGCGGAGGC,7
AGGCAGCCAGGATCGATG,OXT_01,AGGCTGCGTAAGTCTGCT,10
GCAGGGAAGTGAGTGCTG,OXT_10,AAGATGTATCGTGTGCTG,9
AGAGGGAGAAGGGAGGCG,OXT_01,AGGCTGCGTAAGTCTGCT,10
ACGTGGATAGTGCTGTGC,OXT_06,ATCATCATCATCATCATC,12
ATGTGGCAATACGAGCTT,OXT_10,AAGATGTATCGTGTGCTG,10
GGCGGTAGGAAGCGGCCT,OXT_08,GACGGCATTCAGGCACGT,9
GTACTGGCGGACATTAAG,OXT_18,TAACGGGTTATCCATAAT,10
GTAGTGGATCCAGGTCTG,OXT_10,AAGATGTATCGTGTGCTG,9
AGGGACAGCAAGTCACGA,OXT_01,AGGCTGCGTAAGTCTGCT,9
AGGAGGCATCCAGAGCAA,OXT_10,AAGATGTATCGTGTGCTG,8
AGACTGTGTGATGCGCTT,OXT_01,AGGCTGCGTAAGTCTGCT,8
ACGGACGGATACCGGGAG,OXT_28,AGCGGCGGCGACGGCGAA,8
AAAGTGACACCTATGCAG,OXT_10,AAGATGTATCGTGTGCTG,8
GATGCAGCAGTTCTGACG,OXT_12,AATACAGCGGTGTTTCTA,9
CTGTTACGCTTAACGTGT,OXT_03,GACTTGGGCTCATGCTGT,9
GGAGGAAGGGTCACATCG,OXT_27,GTAGAATGGGCATCGTCG,7
GGTCACGTAATTGGGAAG,OXT_13,TATTACACTAGTGGATGG,10
TACACAGCAGATGGGTGG,OXT_13,TATTACACTAGTGGATGG,9
AACGGGCATAGTATCAAT,OXT_05,GGCGGACAGACTCTAATG,9
CACGGGAAGGCTGGACCA,OXT_05,GGCGGACAGACTCTAATG,10
GAGCAGCCGGGGACATTG,OXT_21,GAGCAACGGGTCAGCATT,8
TAAGTGGACCGCTATCAG,OXT_18,TAACGGGTTATCCATAAT,9
AGGGTTGTGGGGATGCGA,OXT_20,AGGGCCTAGGGATGACGT,9
TCGGCAAGATTGTATGGT,OXT_04,TAGACAGGGCTGACTGTG,9
CACAGCGTTTGAGGAGGT,OXT_08,GACGGCATTCAGGCACGT,8
GAGGTTGTCACATAGTGG,OXT_03,GACTTGGGCTCATGCTGT,8
AAGGGAATGCAGCATGGT,OXT_08,GACGGCATTCAGGCACGT,8
GATGGGTGTAAGCAGCTG,OXT_26,GGGGCATTCACTGAGCTG,9
TGGACTGTAGAGTACGTG,OXT_14,TTGAGCGTAACGACAGTG,8
AGGGCACTCAAACGCATT,OXT_26,GGGGCATTCACTGAGCTG,9
GGGTACGAGAAGACTGCG,OXT_23,AAGTAGGGACAGAATACG,8
ATGCGCCGGGCAGTATAT,OXT_20,AGGGCCTAGGGATGACGT,10
ATGATATGGACGCCGCTT,OXT_01,AGGCTGCGTAAGTCTGCT,10
AGACATCGACGGGCGCAA,OXT_01,AGGCTGCGTAAGTCTGCT,11
AGGTACAGACTATCGCTA,OXT_16,ATAAACAGTCTAGCTGTG,8
ATTCGGCTATGAATCTTG,OXT_06,ATCATCATCATCATCATC,11
ACGGCGATGATCATGGCT,OXT_06,ATCATCATCATCATCATC,10
ACACAGGATCATCCGTGG,OXT_10,AAGATGTATCGTGTGCTG,10
AGGGACCACAACATCTTG,OXT_06,ATCATCATCATCATCATC,9
GGGGTTCCAACGATAAGC,OXT_05,GGCGGACAGACTCTAATG,9
TAACCGGAAGGGACGCCG,OXT_04,TAGACAGGGCTGACTGTG,10
GTGGTGTCTCAAACCTCT,OXT_01,AGGCTGCGTAAGTCTGCT,10
GGGCCGTTAGAATCTCCT,OXT_01,AGGCTGCGTAAGTCTGCT,8
GTCAGGTCGTAATTATGG,OXT_03,GACTTGGGCTCATGCTGT,10
AGCCGGAGTGGTATCGGG,OXT_28,AGCGGCGGCGACGGCGAA,10
AGGACTGTGGCGACTGGC,OXT_04,TAGACAGGGCTGACTGTG,8
GGGGCACTTTCGAGGCTA,OXT_26,GGGGCATTCACTGAGCTG,7
AGGCCGAAGCCGGTATGG,OXT_10,AAGATGTATCGTGTGCTG,10
GCGGGATCACATGTTGGT,OXT_07,GTGGGTGCATTTGCTGTA,8
AGGGGCGTCGTAAAGGTT,OXT_28,AGCGGCGGCGACGGCGAA,9
GCTAAGCGGTCTGCGACA,OXT_24,GGGATTCGGTCATGTCCT,10
ACCGGGAGACGAAATGGG,OXT_23,AAGTAGGGACAGAATACG,9
AAGGTGCGTAGCTTGCCG,OXT_10,AAGATGTATCGTGTGCTG,7
GGCAGGCAGCAATCGTGA,OXT_03,GACTTGGGCTCATGCTGT,11
ATTACACATATGCAGGCT,OXT_01,AGGCTGCGTAAGTCTGCT,10
GATGGGAAGAGACGCACG,OXT_05,GGCGGACAGACTCTAATG,9
AGGGTCGCCTGATCTAGT,OXT_20,AGGGCCTAGGGATGACGT,8
TCCCGACAGGAAGGTGTT,OXT_21,GAGCAACGGGTCAGCATT,10
GAATGTAGGCGGACTGGG,OXT_04,TAGACAGGGCTGACTGTG,8
GTGGCATCCAAGGCTAGT,OXT_26,GGGGCATTCACTGAGCTG,9
CACTTCGTGCCGTGTTAT,OXT_03,GACTTGGGCTCATGCTGT,8
CTCTCGTCGTGCTGTCGT,OXT_20,AGGGCCTAGGGATGACGT,9
ACGTTGAACTAGCGTGTA,OXT_17,AGGAACTACGATCGTGAA,8
ACGCAACGACTCGCAGTG,OXT_16,ATAAACAGTCTAGCTGTG,8
AGAGTGGTTGTAGACGTC,OXT_16,ATAAACAGTCTAGCTGTG,10
TACGCTGCATGCCTTCCT,OXT_09,TGTAGTGCTCGGCTGCCG,9
ATGGAGTCGGTAATGTTG,OXT_27,GTAGAATGGGCATCGTCG,8
TACGCGGCTACACGTTAG,OXT_18,TAACGGGTTATCCATAAT,9
GGTCGTTACAAAGGTTTG,OXT_26,GGGGCATTCACTGAGCTG,10
ATGTGGTGCAAACCAGCG,OXT_01,AGGCTGCGTAAGTCTGCT,9
GGTACTGGATTAAAGGGA,OXT_07,GTGGGTGCATTTGCTGTA,10
ACGCGGTGAGAGATACCT,OXT_01,AGGCTGCGTAAGTCTGCT,9
GTTGAACGGGCGATACAA,OXT_27,GTAGAATGGGCATCGTCG,9
CAACCGGTACACGTGTAG,OXT_18,TAACGGGTTATCCATAAT,10
GTGCAGGTGGTAGTACCG,OXT_27,GTAGAATGGGCATCGTCG,10
AGACTGTTCTCCAATGAG,OXT_18,TAACGGGTTATCCATAAT,10
ATCACTGGATACATGGTG,OXT_04,TAGACAGGGCTGACTGTG,10
TAGGGGACGTAGAGGCTA,OXT_22,ACGGGACCGCAGATCGAG,10
AACGCCGGGGCAGCATCT,OXT_20,AGGGCCTAGGGATGACGT,9
ACATGCTACGATACGGTT,OXT_17,AGGAACTACGATCGTGAA,9
AGCATGGCTATGAGGTGT,OXT_01,AGGCTGCGTAAGTCTGCT,10
CGCTAACGTCGGTTGTAA,OXT_09,TGTAGTGCTCGGCTGCCG,11
ACGGGAGGTACGGGCCCA,OXT_28,AGCGGCGGCGACGGCGAA,9
ATGGGTTATCGACCAATG,OXT_15,AGGGTATAACGTCCTTTG,7
ACGGCAAGCTGACGTCAG,OXT_15,AGGGTATAACGTCCTTTG,10
ACAGTGCATCGCGATGTG,OXT_10,AAGATGTATCGTGTGCTG,8
ACGGTACTATGGTGGCTT,OXT_15,AGGGTATAACGTCCTTTG,10
ATAGCACGGGTACCGACA,OXT_27,GTAGAATGGGCATCGTCG,7
TCTACCGAGGCTATGTTG,OXT_04,TAGACAGGGCTGACTGTG,10
GTAGACGCGTGTTGATAC,OXT_02,AGGGGAGCGTGCGGAGGC,9
GATGGGATACTTCGGTTA,OXT_07,GTGGGTGCATTTGCTGTA,10
AGGGAGTCTCAGTGCTAG,OXT_22,ACGGGACCGCAGATCGAG,8
GGGGCAATCCCAGCACAG,OXT_26,GGGGCATTCACTGAGCTG,6
AGCCCGGAAACGGCGACG,OXT_01,AGGCTGCGTAAGTCTGCT,10
AGTTCGTGTGCTACCAGG,OXT_11,GGGTAAGGGCACAACAGT,11
GGCGAAGCATGACGACGG,OXT_02,AGGGGAGCGTGCGGAGGC,8
CGGGTAAACAATAGGTAG,OXT_15,AGGGTATAACGTCCTTTG,9
ACGGTACGAACAATGGCG,OXT_22,ACGGGACCGCAGATCGAG,8
AAACTACGACGGTGCCCA,OXT_01,AGGCTGCGTAAGTCTGCT,10
AGCAGCAGACGGCCGCGA,OXT_08,GACGGCATTCAGGCACGT,9
GCTAAGGCTCGACGCGTA,OXT_09,TGTAGTGCTCGGCTGCCG,10
GTGCCATTAGGTGCGATG,OXT_26,GGGGCATTCACTGAGCTG,7
GCCTGAGGGTACTGTACG,OXT_11,GGGTAAGGGCACAACAGT,9
ACAGCAACGACTCGCGGT,OXT_02,AGGGGAGCGTGCGGAGGC,10
GCTGTAGCGATGACACGG,OXT_04,TAGACAGGGCTGACTGTG,10
AGGGCACGGATTTATGGT,OXT_01,AGGCTGCGTAAGTCTGCT,8
ACGCAAGGTCATCGCGTG,OXT_22,ACGGGACCGCAGATCGAG,9
GTCAACAGGAAAGGGCAT,OXT_08,GACGGCATTCAGGCACGT,10
TGGAGTCAGTACAATCGT,OXT_24,GGGATTCGGTCATGTCCT,8
TCCCTAGCCTACACAGTG,OXT_25,TGCATCGCAACAGCAGTT,9
ACATGTCAGCAGGGCGGA,OXT_22,ACGGGACCGCAGATCGAG,8
AGGGCTGGGCATACCGTA,OXT_04,TAGACAGGGCTGACTGTG,8
CGAGGCAGCGGGATACAG,OXT_28,AGCGGCGGCGACGGCGAA,10
AGGTAACCATTGCGTGTA,OXT_07,GTGGGTGCATTTGCTGTA,9
AGTAGCGGGCATAGCATT,OXT_11,GGGTAAGGGCACAACAGT,8
AACGAGGGCGTTTATGTG,OXT_23,AAGTAGGGACAGAATACG,9
ATGTAAACTGGGCCCCCT,OXT_01,AGGCTGCGTAAGTCTGCT,11
AGGTGGTACCAACCAACG,OXT_15,AGGGTATAACGTCCTTTG,9
TGATCAAGTGCGGGAGAG,OXT_13,TATTACACTAGTGGATGG,10
ACAGCAACGAGGAGGTGG,OXT_22,ACGGGACCGCAGATCGAG,9
TCATGGAGGCACAGTTCG,OXT_23,AAGTAGGGACAGAATACG,9
ACGGGCACTAGCACATGA,OXT_02,AGGGGAGCGTGCGGAGGC,9
GTGCAGGACAGGAGCTTG,OXT_14,TTGAGCGTAACGACAGTG,10
AGACACGTCAGTGCATGG,OXT_13,TATTACACTAGTGGATGG,8
GGCCCAGATTACATGGTG,OXT_05,GGCGGACAGACTCTAATG,10
ACTCCGCGGATTGGCGAG,OXT_22,ACGGGACCGCAGATCGAG,10
ACGGATGAACATAACGTG,OXT_22,ACGGGACCGCAGATCGAG,8
GGCACGGAGGAGTACTGG,OXT_03,GACTTGGGCTCATGCTGT,10
GCGGAGAGGATTGTGCGA,OXT_26,GGGGCATTCACTGAGCTG,10
GTTCGAGTGCGTCTGGTG,OXT_05,GGCGGACAGACTCTAATG,9
TGCGAGGTAGTCCACTGT,OXT_18,TAACGGGTTATCCATAAT,9
GACTAGTGCAGACTATGT,OXT_03,GACTTGGGCTCATGCTGT,7
AATTTGACAAGATGGTCG,OXT_13,TATTACACTAGTGGATGG,8
GAGGGAAACCTAGTAGTG,OXT_05,GGCGGACAGACTCTAATG,9
TGAGCTCACTTACCGTGT,OXT_20,AGGGCCTAGGGATGACGT,11
GAGGACACGTCATACTAG,OXT_27,GTAGAATGGGCATCGTCG,9
GGGTAAGTGTCTGGAGTA,OXT_02,AGGGGAGCGTGCGGAGGC,8
GAACAACAGCCGGCATCA,OXT_27,GTAGAATGGGCATCGTCG,9
AAACTCGCAAGACGTTTG,OXT_15,AGGGTATAACGTCCTTTG,9
CTACGTGCCGGACAGTAA,OXT_09,TGTAGTGCTCGGCTGCCG,11
GCAGCTGTGTACCGGTTC,OXT_02,AGGGGAGCGTGCGGAGGC,11
AACTGCGGATGGCCTGAG,OXT_23,AAGTAGGGACAGAATACG,9
TCGACTCTGTGGTGGATG,OXT_04,TAGACAGGGCTGACTGTG,10
AGGTTGGCCAGGACGTAG,OXT_01,AGGCTGCGTAAGTCTGCT,10
CAGAGGCCAGATGGGGCG,OXT_10,AAGATGTATCGTGTGCTG,10
ACTGGGCCTACTGTACTT,OXT_05,GGCGGACAGACTCTAATG,9
TAACGGCGCATGGTCAAC,OXT_18,TAACGGGTTATCCATAAT,8
TCACATGCCATGTCGGTG,OXT_04,TAGACAGGGCTGACTGTG,10
ATTCGGGCATACTTTAGT,OXT_18,TAACGGGTTATCCATAAT,10
ATCCATTGGCGCTGTTGC,OXT_02,AGGGGAGCGTGCGGAGGC,11
TAAGCACCTGAACGTGTA,OXT_12,AATACAGCGGTGTTTCTA,10
GCAGGACTAGGACGGTGA,OXT_27,GTAGAATGGGCATCGTCG,10
TGACGAGTGCAGCTGTCG,OXT_09,TGTAGTGCTCGGCTGCCG,7
TGTAATGCACCTCATGTA,OXT_07,GTGGGTGCATTTGCTGTA,9
ATCAACGCGTGCTCCCCT,OXT_19,CCCCCCCCCCCCCCCCCC,10
AATGTAGAGGTCAGACGG,OXT_02,AGGGGAGCGTGCGGAGGC,9
AGGCTGATTCTTAGTGCT,OXT_01,AGGCTGCGTAAGTCTGCT,7
GCACAGCTAGCGTTGGTG,OXT_27,GTAGAATGGGCATCGTCG,10
AGCGGTCAACTGGCAATT,OXT_05,GGCGGACAGACTCTAATG,9
AAGGATCGAGTGTTGCCA,OXT_12,AATACAGCGGTGTTTCTA,9
AACGGTCTAGCTCGTCGA,OXT_05,GGCGGACAGACTCTAATG,11
AGCCGTGTCCCAAACCCT,OXT_19,CCCCCCCCCCCCCCCCCC,10
TGTGGGTATGTACCTCAG,OXT_09,TGTAGTGCTCGGCTGCCG,10
GGGGAAAACGTCAGATCG,OXT_21,GAGCAACGGGTCAGCATT,9
GGCAGCATTCACCTGGTG,OXT_08,GACGGCATTCAGGCACGT,9
AGGTCAATTCCGGAGGTG,OXT_26,GGGGCATTCACTGAGCTG,7
GTAGTGGCTATCTAATCT,OXT_18,TAACGGGTTATCCATAAT,9
TGGAGCAGCAACGTATGG,OXT_13,TATTACACTAGTGGATGG,9
ATGGGCCATGTTAGCGCT,OXT_17,AGGAACTACGATCGTGAA,10
AGGTATCGATACGCTGTG,OXT_01,AGGCTGCGTAAGTCTGCT,9
AAACGGACGTGTGTGGAA,OXT_02,AGGGGAGCGTGCGGAGGC,10
GGGTAATCTGGACGCAAT,OXT_11,GGGTAAGGGCACAACAGT,9
TTGCAGGCTCATGTAGCT,OXT_01,AGGCTGCGTAAGTCTGCT,10
GCCGGAGAGGTGTTGCAG,OXT_05,GGCGGACAGACTCTAATG,9
GTGGCATGGATCACAGTT,OXT_04,TAGACAGGGCTGACTGTG,8
GGCAGAGTTGGATTCTAG,OXT_09,TGTAGTGCTCGGCTGCCG,10
AGACATGATAGTCGGCGG,OXT_09,TGTAGTGCTCGGCTGCCG,9
GTGCAGAATGCTACTGTG,OXT_16,ATAAACAGTCTAGCTGTG,9
CCAGAAGGTTCGACGTTG,OXT_27,GTAGAATGGGCATCGTCG,8
AATGACGTCTTTGCCCCT,OXT_08,GACGGCATTCAGGCACGT,10
ACGGCTGGTACAGGCGAG,OXT_28,AGCGGCGGCGACGGCGAA,9
ACACAGGTATGGACAGCG,OXT_14,TTGAGCGTAACGACAGTG,9
AGGCGTGCAGGGTCTATC,OXT_07,GTGGGTGCATTTGCTGTA,9
AGTCGACGCGCATTCTGA,OXT_03,GACTTGGGCTCATGCTGT,10
ACACTTGGCCTAATGCAG,OXT_09,TGTAGTGCTCGGCTGCCG,11
ACAGACTGAGAGGACGGT,OXT_28,AGCGGCGGCGACGGCGAA,9
GATCATAGACGACCAACG,OXT_23,AAGTAGGGACAGAATACG,10
CGTACCGTGATCTTCCTT,OXT_12,AATACAGCGGTGTTTCTA,8
ATTGGTAAATATCGCGTG,OXT_07,GTGGGTGCATTTGCTGTA,9
AGTGCTTGATCGTGTGTC,OXT_24,GGGATTCGGTCATGTCCT,10
AGTGCTTAGACGACCTGT,OXT_20,AGGGCCTAGGGATGACGT,9
CAGTGCTGGAATGACTGG,OXT_13,TATTACACTAGTGGATGG,9
GGGTAGCTGACCGATGTG,OXT_26,GGGGCATTCACTGAGCTG,8
AGGAGCGGGATAATGGCG,OXT_04,TAGACAGGGCTGACTGTG,9
GGTATGTACACACGTAAG,OXT_17,AGGAACTACGATCGTGAA,9
AAAGGACCAGTGACTTCA,OXT_12,AATACAGCGGTGTTTCTA,9
GCGGGAGAAGACGCTCGA,OXT_07,GTGGGTGCATTTGCTGTA,8
GGCACATAGGAGGAGTGT,OXT_11,GGGTAAGGGCACAACAGT,10
AGGGTGAGATTGGGCGTA,OXT_07,GTGGGTGCATTTGCTGTA,9
GGAAACGGGTTACTGGCG,OXT_16,ATAAACAGTCTAGCTGTG,9
ACGGCTAAACTGTGCGTG,OXT_22,ACGGGACCGCAGATCGAG,9
ATGTGAGGCTCGGTAGAC,OXT_02,AGGGGAGCGTGCGGAGGC,8
AGGAGAGCACTCGGACCT,OXT_02,AGGGGAGCGTGCGGAGGC,7
AAACGGGACGTAGTCAGG,OXT_18,TAACGGGTTATCCATAAT,10
GTCGTGCAGAAGTAGCGG,OXT_05,GGCGGACAGACTCTAATG,10
GTGACCATAGAGTGTGCG,OXT_14,TTGAGCGTAACGACAGTG,9
ACATCACACCGGGTGGCT,OXT_22,ACGGGACCGCAGATCGAG,10
ATGCGGGCTGTGCCATTA,OXT_07,GTGGGTGCATTTGCTGTA,9
AATGGAACGCATCGCCAG,OXT_22,ACGGGACCGCAGATCGAG,7
GCGGACATAGTCAGCCGG,OXT_21,GAGCAACGGGTCAGCATT,9
GGGGCGGTATCACGCGTT,OXT_03,GACTTGGGCTCATGCTGT,9
ATTACGGACGTTCGGGCG,OXT_17,AGGAACTACGATCGTGAA,9
GCACATGTGACACGGGCG,OXT_27,GTAGAATGGGCATCGTCG,9
GGGATAACCTGTACGCTG,OXT_26,GGGGCATTCACTGAGCTG,8
GGGGTATCGCGCTCGTCC,OXT_15,AGGGTATAACGTCCTTTG,8
ATGGCGTGACCCGAGATG,OXT_26,GGGGCATTCACTGAGCTG,8
ACGGTCAAGACGCATGAG,OXT_22,ACGGGACCGCAGATCGAG,9
AACGACGAGATGTGGTGT,OXT_20,AGGGCCTAGGGATGACGT,9
TCGACGGTGTATCACTAT,OXT_18,TAACGGGTTATCCATAAT,10
AACGTCGGTCCGATGGTG,OXT_04,TAGACAGGGCTGACTGTG,9
GGCGTAACCAGACCGATG,OXT_05,GGCGGACAGACTCTAATG,8
ACGCCCAGATTGCGTGTG,OXT_04,TAGACAGGGCTGACTGTG,9
GCAATCCGGGGTCCAATG,OXT_05,GGCGGACAGACTCTAATG,9
ATTGGCAGTTAAACGGCT,OXT_16,ATAAACAGTCTAGCTGTG,9
TGGCAAGCGACGTGTCCT,OXT_24,GGGATTCGGTCATGTCCT,8
AACCTAGTAGAACGTCCG,OXT_23,AAGTAGGGACAGAATACG,10
TCCTGCCTCATCGTGATG,OXT_06,ATCATCATCATCATCATC,8
AGGTTGGACGGGTTCGCG,OXT_01,AGGCTGCGTAAGTCTGCT,9
GCGGTAAGGTTGTTCGCG,OXT_22,ACGGGACCGCAGATCGAG,8
AGCAATGTAGGTGCGTCA,OXT_07,GTGGGTGCATTTGCTGTA,11
ACGGCATACGTCGCTACA,OXT_15,AGGGTATAACGTCCTTTG,10
GTTGCCGCAACGGACCAT,OXT_25,TGCATCGCAACAGCAGTT,10
GTGGTGTTGTTACGCCAG,OXT_24,GGGATTCGGTCATGTCCT,10
GCCACGGCGAAGAGATAT,OXT_03,GACTTGGGCTCATGCTGT,11
CTGCAAGTGCGAAGTGTG,OXT_04,TAGACAGGGCTGACTGTG,8
GCCGGCCTCAATATGTGC,OXT_05,GGCGGACAGACTCTAATG,10
GGCGCAATTACAGACTGT,OXT_26,GGGGCATTCACTGAGCTG,8
GGGGTTAGGGGATAACGG,OXT_20,AGGGCCTAGGGATGACGT,7
GAGGGCCCATGCTGGTTT,OXT_02,AGGGGAGCGTGCGGAGGC,10
AGGGAAGTAACTGCAGTG,OXT_14,TTGAGCGTAACGACAGTG,7
ACGGGTACCATAGATGTG,OXT_07,GTGGGTGCATTTGCTGTA,8
AAGCTGAGGTTGAGTCGT,OXT_01,AGGCTGCGTAAGTCTGCT,9
ATGGAGAGTTACCTGTGA,OXT_01,AGGCTGCGTAAGTCTGCT,12
GCGGGGAGATCAGATGAA,OXT_07,GTGGGTGCATTTGCTGTA,8
GAGGGTTAACCGTAGCAT,OXT_08,GACGGCATTCAGGCACGT,10
GCCTGGTGCTCCACTACG,OXT_03,GACTTGGGCTCATGCTGT,10
GTGAACCTTTCCGTGCGT,OXT_08,GACGGCATTCAGGCACGT,10
CACTTACACATGCTCGGT,OXT_03,GACTTGGGCTCATGCTGT,10
GGGCGAGCATCGTACTGT,OXT_03,GACTTGGGCTCATGCTGT,9
AATGTATCGATTAATCCG,OXT_12,AATACAGCGGTGTTTCTA,9
AGGCGGCTTAGACGTCGA,OXT_01,AGGCTGCGTAAGTCTGCT,9
GAGCAGTCTGGAAGGTGA,OXT_13,TATTACACTAGTGGATGG,10
GGGCATGACTGTCATAGG,OXT_11,GGGTAAGGGCACAACAGT,10
ACGAGCCGAACAGTGTGA,OXT_14,TTGAGCGTAACGACAGTG,11
ACACGCCAAACGACTATG,OXT_14,TTGAGCGTAACGACAGTG,8
ATGAGGCCAGCGGTGTGT,OXT_10,AAGATGTATCGTGTGCTG,11
TCGGGGCGATGAGGTACA,OXT_07,GTGGGTGCATTTGCTGTA,10
AAGCAGAAGTATAGGTGC,OXT_02,AGGGGAGCGTGCGGAGGC,11
ACCATACTGCTCACGGTG,OXT_04,TAGACAGGGCTGACTGTG,8
AAGGGACGAGGAGCTACT,OXT_01,AGGCTGCGTAAGTCTGCT,10
GGAGGATCTTCATGGACT,OXT_27,GTAGAATGGGCATCGTCG,8
TGAAGGACCGTAACGCCG,OXT_09,TGTAGTGCTCGGCTGCCG,9
AGGCAGGACGAGAGATCG,OXT_23,AAGTAGGGACAGAATACG,8
GGAAAGGGGAGACGTCCT,OXT_24,GGGATTCGGTCATGTCCT,7
GGCGCGCCACGTAGTGTC,OXT_07,GTGGGTGCATTTGCTGTA,10
GTCGAGGAAAGGTTAGTG,OXT_05,GGCGGACAGACTCTAATG,9
GAGGTCTCATCCATGTAG,OXT_10,AAGATGTATCGTGTGCTG,11
TTCCCTCGGCATCGCGAT,OXT_19,CCCCCCCCCCCCCCCCCC,11
AGGGCAAAGATGGGGCCA,OXT_20,AGGGCCTAGGGATGACGT,9
TCGGTAGTCTAAAGATAG,OXT_22,ACGGGACCGCAGATCGAG,10
GACCGTCAGGAGGGCTGT,OXT_08,GACGGCATTCAGGCACGT,9
ATATCAACAATCATTCCG,OXT_06,ATCATCATCATCATCATC,10
CTTGGACGCTGCGTAAGG,OXT_02,AGGGGAGCGTGCGGAGGC,9
AATGGGCCATCGAACGCA,OXT_22,ACGGGACCGCAGATCGAG,9
GAGGAGGAGGAAGAGGCG,OXT_23,AAGTAGGGACAGAATACG,9
AGGAGGCATAAGTGCGGC,OXT_01,AGGCTGCGTAAGTCTGCT,7
ACTAGGGCAGTTAACCGT,OXT_12,AATACAGCGGTGTTTCTA,10
AGACGCGGCAGACAAGGA,OXT_28,AGCGGCGGCGACGGCGAA,9
GAGGTGTGAGAGCGTGCA,OXT_01,AGGCTGCGTAAGTCTGCT,9
GTGGGAGACTCTATTATG,OXT_05,GGCGGACAGACTCTAATG,7
ATAGTGAGAGCAGTATGG,OXT_27,GTAGAATGGGCATCGTCG,9
ATGGCAGCGATGGAGTTA,OXT_12,AATACAGCGGTGTTTCTA,8
TAGCACGCCACCCATCCT,OXT_18,TAACGGGTTATCCATAAT,8
TGTACGCACAGTGGACAA,OXT_13,TATTACACTAGTGGATGG,10
ATCCGCTCCCGACCTTCA,OXT_19,CCCCCCCCCCCCCCCCCC,9
TGCCGGCCTTAGGGTAGC,OXT_01,AGGCTGCGTAAGTCTGCT,10
AGATTGCGACTCGAGGCT,OXT_01,AGGCTGCGTAAGTCTGCT,9
GGCTAGTGTGCCCGGTAG,OXT_27,GTAGAATGGGCATCGTCG,9
GGGTGATGGCCTTGTGTA,OXT_24,GGGATTCGGTCATGTCCT,9
TCACCGTAGTCGCTTCCG,OXT_09,TGTAGTGCTCGGCTGCCG,11
AGTGCGGTTAATGACGTG,OXT_26,GGGGCATTCACTGAGCTG,8
ACAGTCTACTGCGCGTTG,OXT_15,AGGGTATAACGTCCTTTG,8
AATGGGACGCGCTCTTAT,OXT_02,AGGGGAGCGTGCGGAGGC,11
ATCGTCACACGGGCCATT,OXT_06,ATCATCATCATCATCATC,9
ATGTGCAGGGCCCGATGT,OXT_20,AGGGCCTAGGGATGACGT,9
ACGGGTAACGAGACGTGG,OXT_22,ACGGGACCGCAGATCGAG,9
GGCCAAGTCTAGGTTGTG,OXT_26,GGGGCATTCACTGAGCTG,10
AAGGGGACACCCTGTAGA,OXT_02,AGGGGAGCGTGCGGAGGC,10
AAGGGCACACGTTTGAGG,OXT_10,AAGATGTATCGTGTGCTG,9
GCATCATACGCTGTGTGT,OXT_26,GGGGCATTCACTGAGCTG,9
GCAACCAGACTCGTGTTA,OXT_16,ATAAACAGTCTAGCTGTG,9
GTACAACATAGACGCATT,OXT_21,GAGCAACGGGTCAGCATT,8
GCAGCATACTCGACAGTC,OXT_26,GGGGCATTCACTGAGCTG,10
ACGGAACACTCCACGCGG,OXT_22,ACGGGACCGCAGATCGAG,10
GGAACTGGTCAGGTACGC,OXT_08,GACGGCATTCAGGCACGT,9
GCGGTGTCAACTACGGTT,OXT_07,GTGGGTGCATTTGCTGTA,9
TTGGTCAGTCGACGTGTT,OXT_16,ATAAACAGTCTAGCTGTG,8
ACAGAGGGGCAGAGGACG,OXT_23,AAGTAGGGACAGAATACG,6
AGGACAGCGGATGCGGCA,OXT_02,AGGGGAGCGTGCGGAGGC,9
TACTGCACAATAGGCGGT,OXT_13,TATTACACTAGTGGATGG,8
GTGGAACGGTAATACTCT,OXT_27,GTAGAATGGGCATCGTCG,7
GTGCAAGCAGAGATGGCT,OXT_11,GGGTAAGGGCACAACAGT,10
TAGCTAAGGCCTGGGTAT,OXT_21,GAGCAACGGGTCAGCATT,10
GGCATAGAGAATATACTG,OXT_05,GGCGGACAGACTCTAATG,6
AACACGATCATGAGTGTG,OXT_04,TAGACAGGGCTGACTGTG,8
ATATGCCAATACGGTGCG,OXT_16,ATAAACAGTCTAGCTGTG,10
GGGCAGGAGATGACGCGT,OXT_11,GGGTAAGGGCACAACAGT,9
CAAGGTGAGTATTGGAAG,OXT_05,GGCGGACAGACTCTAATG,11
AAACGTGCAGCACTGTGT,OXT_03,GACTTGGGCTCATGCTGT,11
GCCTCGTGATGCAGGTGA,OXT_03,GACTTGGGCTCATGCTGT,9
ATGAGGCAGACTATGCGC,OXT_10,AAGATGTATCGTGTGCTG,9
AGGCAGCGTGACGGTATT,OXT_01,AGGCTGCGTAAGTCTGCT,7
GTGGGACAAGTAGCTGTG,OXT_07,GTGGGTGCATTTGCTGTA,6
GCCACGGAGCATGAGGTG,OXT_10,AAGATGTATCGTGTGCTG,9
CTGCGAGTTCTCATTCCG,OXT_04,TAGACAGGGCTGACTGTG,10
GCAGTGGTTGAGCGCTAG,OXT_03,GACTTGGGCTCATGCTGT,11
TCTGCAAGCCGCTCATGG,OXT_13,TATTACACTAGTGGATGG,10
ACCTCCGTGGTGCAACAT,OXT_12,AATACAGCGGTGTTTCTA,10
GCGGAAACGCACTCATGG,OXT_11,GGGTAAGGGCACAACAGT,9
GCACGTTCAACCACGGTG,OXT_14,TTGAGCGTAACGACAGTG,9
ACAGGCGATAGCGGACCT,OXT_02,AGGGGAGCGTGCGGAGGC,9
AGTGGCTAGGCAGTGCAT,OXT_20,AGGGCCTAGGGATGACGT,7
AAGCATACCGGGCGATCA,OXT_13,TATTACACTAGTGGATGG,10
CGAGGTGTACGCCAATGG,OXT_02,AGGGGAGCGTGCGGAGGC,10
TGCGGGATGGTGAAGGCG,OXT_04,TAGACAGGGCTGACTGTG,11
AGAGGCATTGGAGTCGCA,OXT_28,AGCGGCGGCGACGGCGAA,8
GCAGTACCATCGTGTGTG,OXT_07,GTGGGTGCATTTGCTGTA,10
AGGCGGAACTTGGCGATT,OXT_01,AGGCTGCGTAAGTCTGCT,10
GATGGACTTTGACTGTGG,OXT_05,GGCGGACAGACTCTAATG,10
ACTGTGCTTCGACTTGCG,OXT_01,AGGCTGCGTAAGTCTGCT,10
ACACGGGTAAAGGCCACG,OXT_23,AAGTAGGGACAGAATACG,9
AACCAAATATTGACGTTG,OXT_04,TAGACAGGGCTGACTGTG,10
GCGCAGTCCGATCCCAAG,OXT_17,AGGAACTACGATCGTGAA,9
GGGACGTGGAATAACGCG,OXT_11,GGGTAAGGGCACAACAGT,9
TTAGATAACCAGCTGTGT,OXT_08,GACGGCATTCAGGCACGT,11
GACACGAACTGTGTCGCT,OXT_03,GACTTGGGCTCATGCTGT,10
ATTGGATCTAGCCGATGT,OXT_02,AGGGGAGCGTGCGGAGGC,8
AAGTGGTATGAATAGCAA,OXT_10,AAGATGTATCGTGTGCTG,9
ATTCCGGCCTGTGACGGT,OXT_02,AGGGGAGCGTGCGGAGGC,10
ATTGGAGGTATGCATCCG,OXT_09,TGTAGTGCTCGGCTGCCG,9
GTAGCGGATGGAGCTGCT,OXT_07,GTGGGTGCATTTGCTGTA,10
TGGTATGCCGACCGTTCA,OXT_17,AGGAACTACGATCGTGAA,8
GCACATGGTACAGGCATC,OXT_21,GAGCAACGGGTCAGCATT,10
GCAGGTATTTACACGTAG,OXT_08,GACGGCATTCAGGCACGT,10
GCAGACGCGGATTGGACG,OXT_27,GTAGAATGGGCATCGTCG,8
GCTGGACCCGTGGATAGG,OXT_22,ACGGGACCGCAGATCGAG,10
GACGTGGCTTGTCACCGG,OXT_03,GACTTGGGCTCATGCTGT,9
AGCCGTTCCTCCAGGCGA,OXT_02,AGGGGAGCGTGCGGAGGC,10
TGGATACAAGGCCGTGCA,OXT_17,AGGAACTACGATCGTGAA,8
TGGTCCCTCGTTAGTTCT,OXT_17,AGGAACTACGATCGTGAA,10
GACCTTATGCAGGGAGCA,OXT_08,GACGGCATTCAGGCACGT,8
GCGGACCAGGGTAGACGT,OXT_20,AGGGCCTAGGGATGACGT,6
TCCTGACATTTACGTGTT,OXT_05,GGCGGACAGACTCTAATG,11
AACACCTCCCTGTTTGCT,OXT_12,AATACAGCGGTGTTTCTA,8
GGGATGATAAGATTGGTC,OXT_06,ATCATCATCATCATCATC,10
GGGTACCACGCAGTAAGT,OXT_20,AGGGCCTAGGGATGACGT,9
GCGCTCAGACTTACCAGA,OXT_11,GGGTAAGGGCACAACAGT,10
GTGACGAAGAACATATGT,OXT_11,GGGTAAGGGCACAACAGT,10
GCATATTGTGTGGGCACG,OXT_21,GAGCAACGGGTCAGCATT,10
ACACGTGCCAGGCCTGAT,OXT_18,TAACGGGTTATCCATAAT,9
CGGGAGACGCCCGCTATG,OXT_15,AGGGTATAACGTCCTTTG,10
GGGTGATCGACTAAACGC,OXT_26,GGGGCATTCACTGAGCTG,8
ATGGATGATCACCAGCGT,OXT_11,GGGTAAGGGCACAACAGT,9
TCTGCAAGTGAAGATGGG,OXT_16,ATAAACAGTCTAGCTGTG,10
GTGACAAGCTAGACGGGT,OXT_04,TAGACAGGGCTGACTGTG,9
GTATGGGCCTACATCTCG,OXT_03,GACTTGGGCTCATGCTGT,10
GGCAGGGATAGAGCTGCG,OXT_25,TGCATCGCAACAGCAGTT,9
AGACACCTGGTCCGTAAT,OXT_18,TAACGGGTTATCCATAAT,8
AGGTGAGCGTTCTCGGCG,OXT_02,AGGGGAGCGTGCGGAGGC,7
ACATACCACTAGCGGTCG,OXT_17,AGGAACTACGATCGTGAA,10
CAGGACGGTACGAATTGG,OXT_23,AAGTAGGGACAGAATACG,8
GGAGTAATGCGGCATGCG,OXT_15,AGGGTATAACGTCCTTTG,9
GGTACTGCAGCTAATGTC,OXT_07,GTGGGTGCATTTGCTGTA,9
TGGTGGCATGAGTCAATA,OXT_01,AGGCTGCGTAAGTCTGCT,9
GCGCCCGTTAATGGTGAG,OXT_17,AGGAACTACGATCGTGAA,10
GGTGCGGCCGTCAGCATA,OXT_21,GAGCAACGGGTCAGCATT,9
GGTGTCGCGATAGGATCG,OXT_13,TATTACACTAGTGGATGG,9
ACAGGGATCATTCCTGGA,OXT_07,GTGGGTGCATTTGCTGTA,10
GATCCGGACTACTTGCGG,OXT_03,GACTTGGGCTCATGCTGT,10
ACGACAGGCAATTGTGTA,OXT_17,AGGAACTACGATCGTGAA,8
TACCGGTGAGACGAGAAG,OXT_18,TAACGGGTTATCCATAAT,9
ATGGTTGCTGACATTTGC,OXT_02,AGGGGAGCGTGCGGAGGC,10
ACGACGCACGATCCCATG,OXT_17,AGGAACTACGATCGTGAA,9
GATACAGGGCCGGCGAAA,OXT_04,TAGACAGGGCTGACTGTG,8
ACGGCGGATGTACGTGAA,OXT_17,AGGAACTACGATCGTGAA,8
AATGACTCTGTCAGCGTA,OXT_21,GAGCAACGGGTCAGCATT,9
AGACACATGGTGGCTGCA,OXT_16,ATAAACAGTCTAGCTGTG,8
ATGCTCCCATGGTGCCTG,OXT_01,AGGCTGCGTAAGTCTGCT,11
AGGGCTTACGAAGTTGGA,OXT_17,AGGAACTACGATCGTGAA,7
GCATTATCAGGTCGGCAA,OXT_15,AGGGTATAACGTCCTTTG,11
GTACCTGCATTAGTAGCT,OXT_07,GTGGGTGCATTTGCTGTA,8
GGTGCTGCTAGACGGCGC,OXT_09,TGTAGTGCTCGGCTGCCG,8
TACGGTACTCATACACTG,OXT_08,GACGGCATTCAGGCACGT,7
AGACGGCGCGTTTAACTG,OXT_01,AGGCTGCGTAAGTCTGCT,11
GTATAAGACGTATGGCCT,OXT_27,GTAGAATGGGCATCGTCG,8
ACGCTCACTAATGGCACT,OXT_01,AGGCTGCGTAAGTCTGCT,9
GGGCCACTAACCAGACTA,OXT_26,GGGGCATTCACTGAGCTG,8
AGGCGGTATACGCGTTCT,OXT_01,AGGCTGCGTAAGTCTGCT,7
GGGGAAGGAAAGGGATGT,OXT_11,GGGTAAGGGCACAACAGT,8
GTTGACGGACGCCAGTGA,OXT_11,GGGTAAGGGCACAACAGT,10
GGTACCGGTAGGCACGAT,OXT_09,TGTAGTGCTCGGCTGCCG,10
GACGAATGATGCGGATCT,OXT_02,AGGGGAGCGTGCGGAGGC,10
GCAAGTTGATTGTGGCCG,OXT_24,GGGATTCGGTCATGTCCT,9
AGGTACAGCAGGGACCGG,OXT_13,TATTACACTAGTGGATGG,9
AATCGGGATGGCCGTAAT,OXT_18,TAACGGGTTATCCATAAT,6
TCCAGATTACTGTTGTGC,OXT_09,TGTAGTGCTCGGCTGCCG,11
AGGGCGTGTACACGAGTC,OXT_20,AGGGCCTAGGGATGACGT,9
GGCGGACCGAGGGATGAT,OXT_02,AGGGGAGCGTGCGGAGGC,9
AGGTATGGAACAGCCTAG,OXT_23,AAGTAGGGACAGAATACG,10
ACACGTCATGCCAGGGTA,OXT_21,GAGCAACGGGTCAGCATT,11
ACACGTAGTCTTGTGATA,OXT_16,ATAAACAGTCTAGCTGTG,9
GGAGGCTGCCGGAACGTT,OXT_11,GGGTAAGGGCACAACAGT,10
GCACGGTAGGCGATCCTG,OXT_05,GGCGGACAGACTCTAATG,10
GTAGTGGCCATATATCCT,OXT_03,GACTTGGGCTCATGCTGT,10
TAACAGGTCTAATGCTAG,OXT_03,GACTTGGGCTCATGCTGT,8
AAGGAGACGCCACATGTG,OXT_16,ATAAACAGTCTAGCTGTG,9
GATCGAAGGCAGCATAGG,OXT_11,GGGTAAGGGCACAACAGT,9
AGGCTGTAATCTGACGCT,OXT_01,AGGCTGCGTAAGTCTGCT,9
AACATTCAGCCTTCCGCC,OXT_19,CCCCCCCCCCCCCCCCCC,10
CACAGCGGTAGGAAAGCT,OXT_14,TTGAGCGTAACGACAGTG,9
TGGAGTGACGCGGAGACG,OXT_09,TGTAGTGCTCGGCTGCCG,8
ACGAGGTGCGCGAGAGTT,OXT_14,TTGAGCGTAACGACAGTG,9
ACACACGTGATGGGCCTT,OXT_21,GAGCAACGGGTCAGCATT,10
TAGAGGCCAATGTCCGCT,OXT_01,AGGCTGCGTAAGTCTGCT,8
ACGGCATGATAGGTGAGG,OXT_22,ACGGGACCGCAGATCGAG,9
AAGGTAGCAGGTGTCTAA,OXT_15,AGGGTATAACGTCCTTTG,9
TTGGTGTGACTCACGGCT,OXT_01,AGGCTGCGTAAGTCTGCT,10
ACACCGGTGGGATGCTGT,OXT_20,AGGGCCTAGGGATGACGT,8
GATGGACTAGTACTTGCT,OXT_05,GGCGGACAGACTCTAATG,11
AGGGTGACACTGGCTCTC,OXT_15,AGGGTATAACGTCCTTTG,8
ACCGGGTAGATGCTATAG,OXT_05,GGCGGACAGACTCTAATG,8
GGTACGGCGTATCTTCAT,OXT_12,AATACAGCGGTGTTTCTA,9
CGGCGGCAACCAATATGG,OXT_05,GGCGGACAGACTCTAATG,10
AGGGGAACCGCTACAACA,OXT_02,AGGGGAGCGTGCGGAGGC,10
AGTGGCTAATTGCGCGCT,OXT_17,AGGAACTACGATCGTGAA,10
AAGGGTATGGGACGGCAG,OXT_20,AGGGCCTAGGGATGACGT,9
AGGCATGAAGTGTCGGGA,OXT_01,AGGCTGCGTAAGTCTGCT,10
GACGGTGCCTATTGCAGT,OXT_03,GACTTGGGCTCATGCTGT,7
GATATGCCAAGTGACGGT,OXT_13,TATTACACTAGTGGATGG,10
GGGGAGGAGTTGGATTAT,OXT_07,GTGGGTGCATTTGCTGTA,10
CTGGCGGTTAAATGACGA,OXT_20,AGGGCCTAGGGATGACGT,9
GCCAACAAGGCTGGTGCG,OXT_17,AGGAACTACGATCGTGAA,9
GCGGGAGTACGTCTGAGT,OXT_05,GGCGGACAGACTCTAATG,10
ATGATCCTATCGGGAGCA,OXT_14,TTGAGCGTAACGACAGTG,8
TGGGTAAACCTGTTACAA,OXT_12,AATACAGCGGTGTTTCTA,11
AGAAGTGCGGCATGCGGG,OXT_02,AGGGGAGCGTGCGGAGGC,9
AGAGGGTGATGAGCGCTA,OXT_07,GTGGGTGCATTTGCTGTA,10
ACCGGCTTCAATAGGGAT,OXT_28,AGCGGCGGCGACGGCGAA,8
AACCGGTAACCACTGGAG,OXT_10,AAGATGTATCGTGTGCTG,9
AAGTAGACACGGCGACGC,OXT_13,TATTACACTAGTGGATGG,9
GCGGGATCAGTCCAGCAA,OXT_07,GTGGGTGCATTTGCTGTA,10
CAGGGGAGAGTTTGTTGG,OXT_03,GACTTGGGCTCATGCTGT,11
TGTGGTCGATCCTACACT,OXT_24,GGGATTCGGTCATGTCCT,9
TGGGTAAAAGGATCCGCT,OXT_15,AGGGTATAACGTCCTTTG,9
ACTTGATGAGAGTGCTCT,OXT_01,AGGCTGCGTAAGTCTGCT,11
AAACATGTCAGGCTGTTA,OXT_09,TGTAGTGCTCGGCTGCCG,11
AGGCTAGCTTTCTGGGCA,OXT_02,AGGGGAGCGTGCGGAGGC,8
GGGCTGTACGGTGACCCG,OXT_10,AAGATGTATCGTGTGCTG,8
GCGGGACGAGACACGGTT,OXT_21,GAGCAACGGGTCAGCATT,8
GGGGAGTACGAGAAGTTG,OXT_26,GGGGCATTCACTGAGCTG,8
GCAGGGATGTTCCTTAGG,OXT_18,TAACGGGTTATCCATAAT,9
CAGAGGTAGGCTGCTCCT,OXT_10,AAGATGTATCGTGTGCTG,9
CGGGATGATGCGGGCGAG,OXT_28,AGCGGCGGCGACGGCGAA,9
ACAGGTGCAGTTATGTCT,OXT_07,GTGGGTGCATTTGCTGTA,10
ATATGAGGTAATCAGGTG,OXT_16,ATAAACAGTCTAGCTGTG,10
AGGAACTTCCCGCAGGTG,OXT_17,AGGAACTACGATCGTGAA,8
GCGGATGGCAATAGAGTG,OXT_07,GTGGGTGCATTTGCTGTA,10
GGGGCACACAAGGGCACA,OXT_26,GGGGCATTCACTGAGCTG,9
GGTAGCAAAGATGTAGTT,OXT_25,TGCATCGCAACAGCAGTT,9
GCACTAGCGATGGTGATA,OXT_12,AATACAGCGGTGTTTCTA,9
GGAGCGGTAGCTATGTTG,OXT_26,GGGGCATTCACTGAGCTG,8
CCAACACGCTCGGTCCGG,OXT_19,CCCCCCCCCCCCCCCCCC,10
TGTCGAGTTTCAGGCGGT,OXT_02,AGGGGAGCGTGCGGAGGC,9
AGATGGGTGGAAACTGCT,OXT_01,AGGCTGCGTAAGTCTGCT,9
ACAGGCAGTGACACATGG,OXT_08,GACGGCATTCAGGCACGT,9
TTCGGATGTATCGTCTCT,OXT_06,ATCATCATCATCATCATC,11
AGATCGCAAGACGCGTTG,OXT_15,AGGGTATAACGTCCTTTG,10
GGGGAGCTGGCCCGATAA,OXT_05,GGCGGACAGACTCTAATG,10
GGCGAATGTGAGACGTGC,OXT_27,GTAGAATGGGCATCGTCG,8
TGGGCCCATAAATGTACT,OXT_01,AGGCTGCGTAAGTCTGCT,8
GGGCGCGGAGAGAGTTGA,OXT_28,AGCGGCGGCGACGGCGAA,9
GATCAGAGTTTTGTGGTA,OXT_07,GTGGGTGCATTTGCTGTA,10
AAGGTGATGGATATCCAG,OXT_22,ACGGGACCGCAGATCGAG,8
GTCAGGCACCTAGGGTTT,OXT_03,GACTTGGGCTCATGCTGT,10
AGGGCACGGTGTCTACAG,OXT_05,GGCGGACAGACTCTAATG,8
GGAGGACCTTCAATGCGT,OXT_05,GGCGGACAGACTCTAATG,10
TCGAGATTGTTGGTGAAT,OXT_22,ACGGGACCGCAGATCGAG,10
TTGGTGAATGCTTGCGGA,OXT_03,GACTTGGGCTCATGCTGT,11
TGGTAACATGGCTCGGAA,OXT_17,AGGAACTACGATCGTGAA,10
TTGCGTGCCGGGACGATT,OXT_14,TTGAGCGTAACGACAGTG,9
GTTAGCAAAGACGCTGTG,OXT_16,ATAAACAGTCTAGCTGTG,8
TGTGAACGCCGTCCTCTT,OXT_15,AGGGTATAACGTCCTTTG,8
CAGGTCCTATGACCTGTG,OXT_15,AGGGTATAACGTCCTTTG,8
AGAGGGAGCAACCGAAGA,OXT_28,AGCGGCGGCGACGGCGAA,8
CAAGGGATATAGGAACTT,OXT_08,GACGGCATTCAGGCACGT,7
GGCAAGCCTCAACGCAGT,OXT_11,GGGTAAGGGCACAACAGT,9
TAATGGCAACCGCAATCA,OXT_23,AAGTAGGGACAGAATACG,10
GTGCGCACGATTGTTGTG,OXT_07,GTGGGTGCATTTGCTGTA,7
TGCGTTACCGAAGACGGT,OXT_25,TGCATCGCAACAGCAGTT,9
CGGCAGGGGCGAAAGGTT,OXT_11,GGGTAAGGGCACAACAGT,8
CTGCAGTGAGTCCGGGAT,OXT_21,GAGCAACGGGTCAGCATT,9
GTGCAGAGTTCATCATAG,OXT_27,GTAGAATGGGCATCGTCG,8
AGCGACCACCGTCACGTG,OXT_15,AGGGTATAACGTCCTTTG,8
TTCACGATCTGCATGTGA,OXT_06,ATCATCATCATCATCATC,9
TCACGGGCCCTGCTACCT,OXT_09,TGTAGTGCTCGGCTGCCG,8
ACATAGCTTGCCGGTGCT,OXT_01,AGGCTGCGTAAGTCTGCT,10
CTGAAGTGGCGGTGTATT,OXT_04,TAGACAGGGCTGACTGTG,10
AGGTACATGATACACGCT,OXT_11,GGGTAAGGGCACAACAGT,10
GATGCAGGAGCTCCACTA,OXT_12,AATACAGCGGTGTTTCTA,9
GGGGAAATCAACACAAGC,OXT_11,GGGTAAGGGCACAACAGT,8
ATCATCCCTCAGACTTGG,OXT_16,ATAAACAGTCTAGCTGTG,9
AACGGACCGAGCATGTAG,OXT_22,ACGGGACCGCAGATCGAG,7
TGGGGGAGAGAGACGGCA,OXT_01,AGGCTGCGTAAGTCTGCT,9
ATGGAGCCGATCTGATGT,OXT_02,AGGGGAGCGTGCGGAGGC,9
GATACACGCTCCGGTTGG,OXT_03,GACTTGGGCTCATGCTGT,9
AGGGTGTTTAACAGCCTA,OXT_01,AGGCTGCGTAAGTCTGCT,10
ATGTTGAAGGGTACCATT,OXT_06,ATCATCATCATCATCATC,10
GCATCACGTCGGTGACAT,OXT_08,GACGGCATTCAGGCACGT,11
AACAGTCGGACCTAAGAG,OXT_05,GGCGGACAGACTCTAATG,10
TCATGCGAGTCCGGTCTT,OXT_02,AGGGGAGCGTGCGGAGGC,11
TACACGGCCGACAGGAGT,OXT_03,GACTTGGGCTCATGCTGT,10
ACGGGCTAGGCACTTCGT,OXT_20,AGGGCCTAGGGATGACGT,6
GCATATGGTGAATCCGGG,OXT_27,GTAGAATGGGCATCGTCG,9
GCTGATCTGGATATTGTG,OXT_22,ACGGGACCGCAGATCGAG,9
GCGCGGAAGCTATGTGAG,OXT_22,ACGGGACCGCAGATCGAG,10
GATAGCATATGTCAGCGG,OXT_08,GACGGCATTCAGGCACGT,10
AGGTGAGCATCCATGTGG,OXT_02,AGGGGAGCGTGCGGAGGC,8
ACGTGTGCACCTAGATGT,OXT_02,AGGGGAGCGTGCGGAGGC,10
TCCTGCTCCTGGCCCTAT,OXT_19,CCCCCCCCCCCCCCCCCC,10
ACTGGCGGTGTAACCTGA,OXT_28,AGCGGCGGCGACGGCGAA,9
GACCCTGGTAGATAGATT,OXT_03,GACTTGGGCTCATGCTGT,10
GGACCATGGGATCTCCTG,OXT_05,GGCGGACAGACTCTAATG,9
GTGTGCATACGGGAATGT,OXT_08,GACGGCATTCAGGCACGT,7
AGGGTAACGCTTGACCAG,OXT_22,ACGGGACCGCAGATCGAG,8
ATGAGGATGTTGTTCCCG,OXT_06,ATCATCATCATCATCATC,10
TAATGGGATACGAACTGT,OXT_18,TAACGGGTTATCCATAAT,8
GCGTAGCAGTTCGACGGG,OXT_11,GGGTAAGGGCACAACAGT,9
GGGGCAGACGAGAGCTCA,OXT_28,AGCGGCGGCGACGGCGAA,9
TGAGTCGTCGTGGAGATG,OXT_26,GGGGCATTCACTGAGCTG,9
TAGTTCCGAAGTCGGAGG,OXT_13,TATTACACTAGTGGATGG,8
AGCGGACCGGCAGTTTTG,OXT_05,GGCGGACAGACTCTAATG,7
ATCGGGCGACTGTACCTT,OXT_01,AGGCTGCGTAAGTCTGCT,11
GGCAGACCATGGTTGTTC,OXT_05,GGCGGACAGACTCTAATG,10
ACTACGAGTGATACAGGT,OXT_01,AGGCTGCGTAAGTCTGCT,10
GCCGGGGGCAGTTTGGTT,OXT_03,GACTTGGGCTCATGCTGT,10
GTGCAGAAGACGGTGCCA,OXT_10,AAGATGTATCGTGTGCTG,11
AAGGTGAGCATCTCCAAT,OXT_01,AGGCTGCGTAAGTCTGCT,9
ATTCGACCACGTGAGCGG,OXT_09,TGTAGTGCTCGGCTGCCG,10
GCACAGTGCAGGAAGTCG,OXT_27,GTAGAATGGGCATCGTCG,9
ATGGGTGACAGGATACTG,OXT_14,TTGAGCGTAACGACAGTG,8
TGCCGCCAGGCCATGTAG,OXT_05,GGCGGACAGACTCTAATG,9
GGGGCGCGATAACGATAA,OXT_24,GGGATTCGGTCATGTCCT,10
ATGGCGGCCCGTGAGTGT,OXT_02,AGGGGAGCGTGCGGAGGC,10
AAGGCGTGCAGCTGATGC,OXT_20,AGGGCCTAGGGATGACGT,8
GACAGTGCTGGGATGAGT,OXT_09,TGTAGTGCTCGGCTGCCG,8
GGCGAGATCGCCCTTCCG,OXT_05,GGCGGACAGACTCTAATG,10
AAGTCGCTCACTGGAGTG,OXT_26,GGGGCATTCACTGAGCTG,8
ATCACGGGATGCTTCGAA,OXT_28,AGCGGCGGCGACGGCGAA,9
ATGGGTAGACTACTGAGG,OXT_16,ATAAACAGTCTAGCTGTG,10
AAGAGCCGGCTGGTGTGC,OXT_04,TAGACAGGGCTGACTGTG,10
ATAGGCCCGTAATGTCGT,OXT_20,AGGGCCTAGGGATGACGT,8
GGAGGAGTTACGAGACGT,OXT_08,GACGGCATTCAGGCACGT,8
GACGGGAGACATGAGGCG,OXT_08,GACGGCATTCAGGCACGT,9
CAAGACGGCTGACCTTGG,OXT_03,GACTTGGGCTCATGCTGT,10
TAGCTAGCCCCTGCGGAG,OXT_04,TAGACAGGGCTGACTGTG,9
AAGCGGATCAGATATCGG,OXT_18,TAACGGGTTATCCATAAT,10
GAGTAACCGCGGCGGATT,OXT_21,GAGCAACGGGTCAGCATT,7
TCGCATCCAGGGTCTTTA,OXT_07,GTGGGTGCATTTGCTGTA,10
AACACGCCTCTAGTGTGA,OXT_10,AAGATGTATCGTGTGCTG,9
TACGGTCATGGCTGAGGA,OXT_02,AGGGGAGCGTGCGGAGGC,10
CAGGATGATATGTGTGCA,OXT_01,AGGCTGCGTAAGTCTGCT,10
GGACGTGCTGAAACGATG,OXT_09,TGTAGTGCTCGGCTGCCG,10
ACCGGAGTGGATGACGTA,OXT_28,AGCGGCGGCGACGGCGAA,7
GTGGACTACACGCGGAAT,OXT_17,AGGAACTACGATCGTGAA,9
AGAGTGCTTTACTGGTGT,OXT_01,AGGCTGCGTAAGTCTGCT,9
GGGGCTTCGGCGTCTACT,OXT_24,GGGATTCGGTCATGTCCT,8
GGCACACGAGACTGTACG,OXT_24,GGGATTCGGTCATGTCCT,9
AACACTAAGATGTTGCGG,OXT_12,AATACAGCGGTGTTTCTA,8
GAAGACGGACGATCCACC,OXT_27,GTAGAATGGGCATCGTCG,9
GGACGTGAGATTGCCCGG,OXT_05,GGCGGACAGACTCTAATG,10
AGGCAACGACGGGCGTAA,OXT_15,AGGGTATAACGTCCTTTG,9
AGGTCACATCATGGCTCT,OXT_01,AGGCTGCGTAAGTCTGCT,10
CGACAGGAGTTCACTTGG,OXT_04,TAGACAGGGCTGACTGTG,11
AGTGGATGAGATTGCTGT,OXT_20,AGGGCCTAGGGATGACGT,9
GGGACGTCAGGCAGGTAG,OXT_10,AAGATGTATCGTGTGCTG,11
AGCCGCGTATAGACGTTG,OXT_14,TTGAGCGTAACGACAGTG,8
TGGGAGGGGATACACTAG,OXT_11,GGGTAAGGGCACAACAGT,10
GCTCCCCAGGTAACGTCT,OXT_21,GAGCAACGGGTCAGCATT,10
GTGCCCAGTATCCAAGTG,OXT_16,ATAAACAGTCTAGCTGTG,9
AAAGCGGTTCCTCGGGCG,OXT_10,AAGATGTATCGTGTGCTG,10
TGGACGTGTGAGGTGTGT,OXT_01,AGGCTGCGTAAGTCTGCT,10
TGGTACTTAGTGTGCGGT,OXT_20,AGGGCCTAGGGATGACGT,9
ACCTGGAACATCGTAGGC,OXT_06,ATCATCATCATCATCATC,9
GCATGTAAGGGTGAACCG,OXT_05,GGCGGACAGACTCTAATG,11
GCTATGGGGTGAGAACTG,OXT_10,AAGATGTATCGTGTGCTG,10
GGCGCATAGTGACTAGTG,OXT_05,GGCGGACAGACTCTAATG,6
GGCCGGCGTACCATGACA,OXT_05,GGCGGACAGACTCTAATG,9
ATCGGGGCAAGTCACTGT,OXT_02,AGGGGAGCGTGCGGAGGC,11
ACCTACGTGGGACCGCAA,OXT_17,AGGAACTACGATCGTGAA,11
AAGGGGATTATCTCTACC,OXT_18,TAACGGGTTATCCATAAT,8
GGGCGTATCTTGACGCGA,OXT_07,GTGGGTGCATTTGCTGTA,10
AGGTAGGAAGCCGCCCTG,OXT_10,AAGATGTATCGTGTGCTG,10
GAGGCGGCAGGTTAAACG,OXT_23,AAGTAGGGACAGAATACG,9
ACGTAGGAGACTGCTGCT,OXT_01,AGGCTGCGTAAGTCTGCT,9
AGGCGTAGTTAGTCTAAC,OXT_01,AGGCTGCGTAAGTCTGCT,7
ATGCCGTTAGTCATGAGT,OXT_06,ATCATCATCATCATCATC,10
GGTAGGCCAATGAACGTG,OXT_14,TTGAGCGTAACGACAGTG,9
ACTGCCAAGTAGTCGTGT,OXT_20,AGGGCCTAGGGATGACGT,9
ATGGTGTTCGCGCACGTG,OXT_26,GGGGCATTCACTGAGCTG,9
ATGGGTTGAGACGATGCC,OXT_07,GTGGGTGCATTTGCTGTA,9
TCTCGTCCCATACGTAGG,OXT_18,TAACGGGTTATCCATAAT,10
AACTGCAGAATGTGACTT,OXT_08,GACGGCATTCAGGCACGT,9
AAGATTAGTGCGTATACA,OXT_01,AGGCTGCGTAAGTCTGCT,9
TCGTGCAATGTTACGTGG,OXT_13,TATTACACTAGTGGATGG,9
GCAGCCTGACGGAGGTAT,OXT_20,AGGGCCTAGGGATGACGT,11
GGTACTCGTTCTCTGTGT,OXT_24,GGGATTCGGTCATGTCCT,9
GGCAGTGTGGGATATCGG,OXT_24,GGGATTCGGTCATGTCCT,9
GCCATAAGGTCGTAGACG,OXT_24,GGGATTCGGTCATGTCCT,9
ATGGCAAGCGGTCATATA,OXT_15,AGGGTATAACGTCCTTTG,9
GGCTCCTCCAGATGGCGG,OXT_20,AGGGCCTAGGGATGACGT,8
AGGTATGACTCTGCAGCT,OXT_02,AGGGGAGCGTGCGGAGGC,10
CAATCAGAGACGTCAAGC,OXT_04,TAGACAGGGCTGACTGTG,11
ATAACGGTCAAGCAGGTG,OXT_14,TTGAGCGTAACGACAGTG,9
GTGGGACATGACGCCTTG,OXT_05,GGCGGACAGACTCTAATG,10
GGCGGGAAGCAATCTGAG,OXT_05,GGCGGACAGACTCTAATG,10
ATGGGTACTAGACGCTTC,OXT_02,AGGGGAGCGTGCGGAGGC,10
AAGGCACGGACGGGACTG,OXT_26,GGGGCATTCACTGAGCTG,8
AGATAGCGAGACAGTGCG,OXT_23,AAGTAGGGACAGAATACG,7
TTACGGTCTTTAGGCACT,OXT_18,TAACGGGTTATCCATAAT,9
TCCGGGATATGCCACACT,OXT_18,TAACGGGTTATCCATAAT,9
GGAGTCCGTCGCAGTAGA,OXT_11,GGGTAAGGGCACAACAGT,10
GCAGGGCAGATTACTGTA,OXT_07,GTGGGTGCATTTGCTGTA,8
TTCGGTATGATGCCAGCT,OXT_08,GACGGCATTCAGGCACGT,9
GGGTGAGGACAAGGGTAT,OXT_11,GGGTAAGGGCACAACAGT,8
AGACCAGACCGTGTACGC,OXT_02,AGGGGAGCGTGCGGAGGC,9
GGAGAGGTGACAAACGGC,OXT_11,GGGTAAGGGCACAACAGT,9
AGGAACTCGAAGCTCTAG,OXT_17,AGGAACTACGATCGTGAA,8
GTGAGAGGTAGAGAAGCG,OXT_14,TTGAGCGTAACGACAGTG,9
GCACAACAGTATGACGTG,OXT_05,GGCGGACAGACTCTAATG,10
GCTGAGAGTCAGGGAGCG,OXT_08,GACGGCATTCAGGCACGT,9
AGTGGGAAGTCATCGGTA,OXT_02,AGGGGAGCGTGCGGAGGC,11
GACATACGAATATGCTTG,OXT_03,GACTTGGGCTCATGCTGT,8
GGCCCGTGATGGTGCTTG,OXT_03,GACTTGGGCTCATGCTGT,9
ACGATACGTGTACTGATA,OXT_10,AAGATGTATCGTGTGCTG,10
ACATGAGCCTGGTCTGTG,OXT_02,AGGGGAGCGTGCGGAGGC,10
TGGGTAAAAGCTAAATCG,OXT_15,AGGGTATAACGTCCTTTG,8
CAGTCGCGTTGGAGGCAT,OXT_01,AGGCTGCGTAAGTCTGCT,11
CGCAAATTACTGCCGTGT,OXT_15,AGGGTATAACGTCCTTTG,10
GAGGCTCCTATGCCGTTG,OXT_04,TAGACAGGGCTGACTGTG,10
GCATCAAGCGGTATAGCG,OXT_27,GTAGAATGGGCATCGTCG,11
ATACGTCACACCGATGTG,OXT_16,ATAAACAGTCTAGCTGTG,10
CGATGGTGTTCAGAGGCG,OXT_27,GTAGAATGGGCATCGTCG,10
ACATATGGGATAACGTCG,OXT_27,GTAGAATGGGCATCGTCG,8
ATGCCTGCTGATGAGTCG,OXT_07,GTGGGTGCATTTGCTGTA,11
GATGACATGCGGATGGTG,OXT_04,TAGACAGGGCTGACTGTG,10
CGGCATCCGACTGACAGA,OXT_11,GGGTAAGGGCACAACAGT,10
TAGTGCCAGCTGGTCGAT,OXT_22,ACGGGACCGCAGATCGAG,8
TGGTATGTAGTTCTGTCG,OXT_09,TGTAGTGCTCGGCTGCCG,9
TGGACATCGATCGTTGCT,OXT_04,TAGACAGGGCTGACTGTG,9
GATTCCCAGCGACCGTCT,OXT_29,CCCCCCCCCCCCCCGCCC,10
AGGTCGACTCTTGGTGCT,OXT_01,AGGCTGCGTAAGTCTGCT,9
CCATGGGTGCCTACTTCG,OXT_23,AAGTAGGGACAGAATACG,10
CACCAAGTCGAGAGCGTG,OXT_21,GAGCAACGGGTCAGCATT,9
ACGCCCGTGCAAACCCAA,OXT_22,ACGGGACCGCAGATCGAG,9
CGAGGAAGTGTTGGCATG,OXT_05,GGCGGACAGACTCTAATG,10
AGGTTAGACTAAGCTGCG,OXT_01,AGGCTGCGTAAGTCTGCT,9
CGCAGGGCATCAGGTGTC,OXT_25,TGCATCGCAACAGCAGTT,7
ACCTATATAAGCCGAGCT,OXT_13,TATTACACTAGTGGATGG,11
AGTGGGTGAGGAAAGCGT,OXT_20,AGGGCCTAGGGATGACGT,8
ACTCGGTGCCTGTCGTAC,OXT_01,AGGCTGCGTAAGTCTGCT,11
ATGTGGATGGAATCTTAT,OXT_01,AGGCTGCGTAAGTCTGCT,10
AATGCCGAAGTGCCTGCT,OXT_12,AATACAGCGGTGTTTCTA,9
TTGAGCAAGATGGTGCAT,OXT_14,TTGAGCGTAACGACAGTG,10
GACGGCTGAACAGTACTT,OXT_08,GACGGCATTCAGGCACGT,8
GGGCAAGCCGTAGACAGG,OXT_11,GGGTAAGGGCACAACAGT,8
GCTGGTGGATGTCGCATA,OXT_07,GTGGGTGCATTTGCTGTA,8
ACGGAGATTGAATGTGTA,OXT_17,AGGAACTACGATCGTGAA,9
AGCAGTACATTGCGTCGG,OXT_09,TGTAGTGCTCGGCTGCCG,9
AAGGAGCATTCAAGGTGG,OXT_03,GACTTGGGCTCATGCTGT,10
AGCGGGTCCTTTCTGCCT,OXT_09,TGTAGTGCTCGGCTGCCG,10
GTACGCACGGACCTATGA,OXT_08,GACGGCATTCAGGCACGT,11
AGAGGAGAGTGCAGGCTT,OXT_02,AGGGGAGCGTGCGGAGGC,7
ACGGTAGCCGCTACAGGT,OXT_02,AGGGGAGCGTGCGGAGGC,9
GAGGACAGTATCGGTGCG,OXT_16,ATAAACAGTCTAGCTGTG,8
GGTAGGGCTTTGATGCTT,OXT_09,TGTAGTGCTCGGCTGCCG,7
CGTGCTCTTCTGATTAAC,OXT_09,TGTAGTGCTCGGCTGCCG,11
ACGTGCTAGGTACGCAGG,OXT_20,AGGGCCTAGGGATGACGT,8
GACGGCGTCCTCGCATGT,OXT_08,GACGGCATTCAGGCACGT,5
GGGGTATGTTACTCTAGC,OXT_01,AGGCTGCGTAAGTCTGCT,9
GGCGGCTCTGTTCGCTAT,OXT_28,AGCGGCGGCGACGGCGAA,9
TGCAACTCCGATTGTTGG,OXT_17,AGGAACTACGATCGTGAA,7
ACGGGACGCTGATGTTTA,OXT_02,AGGGGAGCGTGCGGAGGC,10
GGGCGGGTGACTAAGCGA,OXT_26,GGGGCATTCACTGAGCTG,8
AGGGCAGGGGTTGCCGAT,OXT_28,AGCGGCGGCGACGGCGAA,8
GAGGAGCAATGGTACTAT,OXT_03,GACTTGGGCTCATGCTGT,10
AGGCATCCTGCGATTGTT,OXT_01,AGGCTGCGTAAGTCTGCT,8
GGCATGATCTGGAGTTGG,OXT_03,GACTTGGGCTCATGCTGT,9
GGGGCGAGTATGTTCATG,OXT_01,AGGCTGCGTAAGTCTGCT,10
CTAAAGTGGGACAGGCGG,OXT_27,GTAGAATGGGCATCGTCG,9
TAGACCGTGAGGATAAAT,OXT_14,TTGAGCGTAACGACAGTG,8
ACGCTCTTACTGGCACTT,OXT_08,GACGGCATTCAGGCACGT,9
ACGCAGAATACCCCGGTG,OXT_01,AGGCTGCGTAAGTCTGCT,10
AACAATGCGTACGTGAGT,OXT_02,AGGGGAGCGTGCGGAGGC,10
AGGCAGTTTGCGGAAGGT,OXT_01,AGGCTGCGTAAGTCTGCT,9
TGCCGAAGTGGGTATGCG,OXT_01,AGGCTGCGTAAGTCTGCT,9
AGTGCAGCGTCCTCTGTG,OXT_02,AGGGGAGCGTGCGGAGGC,8
CGATACTCGATCCGCGGT,OXT_11,GGGTAAGGGCACAACAGT,10
GTAAGATGTACCAGACTG,OXT_14,TTGAGCGTAACGACAGTG,9
ATGAGCCCGGAGTAGCGT,OXT_20,AGGGCCTAGGGATGACGT,9
AACGACAGAGAGTGTGCG,OXT_23,AAGTAGGGACAGAATACG,8
ATGGGAGACGGCGCTCCA,OXT_02,AGGGGAGCGTGCGGAGGC,9
CACTCGCGAATGGTCGTT,OXT_01,AGGCTGCGTAAGTCTGCT,11
TGGAGCATACTACGCCGG,OXT_09,TGTAGTGCTCGGCTGCCG,10
ATGGGCGATATTGACCTG,OXT_07,GTGGGTGCATTTGCTGTA,9
AACGTCACGTCGTGCTGG,OXT_03,GACTTGGGCTCATGCTGT,8
GTGGCGCTGAGTACACAT,OXT_20,AGGGCCTAGGGATGACGT,10
AATACTGATGGAGATGGA,OXT_12,AATACAGCGGTGTTTCTA,9
ACAACGCATGATACTGGT,OXT_01,AGGCTGCGTAAGTCTGCT,9
GAGCCGTACGTTTATGGT,OXT_17,AGGAACTACGATCGTGAA,10
GACAGGAAAATACCGGTG,OXT_05,GGCGGACAGACTCTAATG,10
CATAGACAACGACTTATG,OXT_05,GGCGGACAGACTCTAATG,9
ACACCGTAGGACGCGTAG,OXT_27,GTAGAATGGGCATCGTCG,10
CGGTATGGCGCATAGTGC,OXT_03,GACTTGGGCTCATGCTGT,9
AAGGGTCTGACACACTGG,OXT_05,GGCGGACAGACTCTAATG,10
ACGATGGATCCGTACGCG,OXT_01,AGGCTGCGTAAGTCTGCT,9
TAGCAAGGGGCTGGTGCT,OXT_21,GAGCAACGGGTCAGCATT,8
AAGGTGACAGGACTTGGG,OXT_15,AGGGTATAACGTCCTTTG,9
TACTCGGCGCGTACGTTA,OXT_04,TAGACAGGGCTGACTGTG,9
CGACTGTGGTGTAGTATC,OXT_15,AGGGTATAACGTCCTTTG,11
AACGGCACACACGATGCT,OXT_08,GACGGCATTCAGGCACGT,8
TTATTCTCCTGTCGCTCG,OXT_13,TATTACACTAGTGGATGG,9
ATCCATAGTGGAAGCGGT,OXT_16,ATAAACAGTCTAGCTGTG,10
TGATGAAGCCTCCTTGGT,OXT_11,GGGTAAGGGCACAACAGT,10
GCAGAAACGCACAGGTGG,OXT_11,GGGTAAGGGCACAACAGT,9
AACACCGAGTATGTGCTG,OXT_10,AAGATGTATCGTGTGCTG,7
ACTAGTCATCGACGCGTA,OXT_09,TGTAGTGCTCGGCTGCCG,10
ATGGGTGGTCCGCCATTG,OXT_14,TTGAGCGTAACGACAGTG,8
GGAGTCCATTCGCCAGTG,OXT_05,GGCGGACAGACTCTAATG,8
ATCACACTTCCGATCCTT,OXT_06,ATCATCATCATCATCATC,9
AGGTAGCTGAGTATCAGG,OXT_11,GGGTAAGGGCACAACAGT,9
ATGCGATAGGTCGACTGT,OXT_21,GAGCAACGGGTCAGCATT,9
ACACTACCTCCACTCGCG,OXT_22,ACGGGACCGCAGATCGAG,8
TACGTAAACAGGCTTGCT,OXT_01,AGGCTGCGTAAGTCTGCT,11
GGGAGACGTGCGAGCGTA,OXT_21,GAGCAACGGGTCAGCATT,8
ATTGCGAGCCCAGCCATG,OXT_16,ATAAACAGTCTAGCTGTG,8
GGCGGACGTAGCTTCCAA,OXT_05,GGCGGACAGACTCTAATG,9
ATGCATCTGGGCGCTGTA,OXT_07,GTGGGTGCATTTGCTGTA,9
AGCCTGGAAAAGTAGTGT,OXT_01,AGGCTGCGTAAGTCTGCT,8
GCCTGGGTAGAGAAGGTG,OXT_14,TTGAGCGTAACGACAGTG,9
AGGAAGGGACGAGGCGGA,OXT_02,AGGGGAGCGTGCGGAGGC,9
AGGCAGTGATCGTTGATT,OXT_01,AGGCTGCGTAAGTCTGCT,9
AGGTAGTGAGGACGCGAC,OXT_17,AGGAACTACGATCGTGAA,8
AGTAGGAGTATTTCAGTG,OXT_16,ATAAACAGTCTAGCTGTG,8
TATCGAGGTACGGTACTT,OXT_08,GACGGCATTCAGGCACGT,10
GAGCCCACGTTAAGACGG,OXT_20,AGGGCCTAGGGATGACGT,9
TAGGCAGGGCCGCAGAAT,OXT_04,TAGACAGGGCTGACTGTG,8
AAGGAGCGTCCAACAAGT,OXT_23,AAGTAGGGACAGAATACG,9
GGAAAGTCTCACGGCACT,OXT_11,GGGTAAGGGCACAACAGT,9
TGGAGGCACAGTGGCACG,OXT_05,GGCGGACAGACTCTAATG,10
ACGATCGAGCCCCGTCGT,OXT_20,AGGGCCTAGGGATGACGT,9
TCTGACCGAGCTCCAAGT,OXT_05,GGCGGACAGACTCTAATG,11
AATGCCCGTACGTTTCCT,OXT_01,AGGCTGCGTAAGTCTGCT,8
AGGTGAGAGCAAACGTGT,OXT_11,GGGTAAGGGCACAACAGT,7
GGGTAACTGCACTGAGCG,OXT_11,GGGTAAGGGCACAACAGT,8
GGGTAGAAGTCCAGCGTG,OXT_11,GGGTAAGGGCACAACAGT,9
GTGCTGCAGTGGCTACCG,OXT_05,GGCGGACAGACTCTAATG,10
GATAAACAAAGTGCGGTG,OXT_10,AAGATGTATCGTGTGCTG,9
CACGGGAGGAAGTATGTG,OXT_01,AGGCTGCGTAAGTCTGCT,10
AGGACGGCCCAGTAGGAG,OXT_22,ACGGGACCGCAGATCGAG,9
GGGGCATACCCACACTAG,OXT_26,GGGGCATTCACTGAGCTG,7
GCGGCAGAGAATCATGAG,OXT_05,GGCGGACAGACTCTAATG,9
ACCAACGAGCTATCGGGT,OXT_16,ATAAACAGTCTAGCTGTG,9
GGGCGGCAAAGGATGACT,OXT_01,AGGCTGCGTAAGTCTGCT,9
GGTAGACATCCGTATACT,OXT_24,GGGATTCGGTCATGTCCT,9
ATGGCAATCAGACTGTAA,OXT_26,GGGGCATTCACTGAGCTG,10
ATACCCGGCGTTCATTGT,OXT_18,TAACGGGTTATCCATAAT,10
AACCGTCGAGGCAAGCAG,OXT_21,GAGCAACGGGTCAGCATT,11
GGAGTGAAGGACTGGGCA,OXT_27,GTAGAATGGGCATCGTCG,10
TAGGCTGATGTACGGTTC,OXT_04,TAGACAGGGCTGACTGTG,11
GGATCCCTATGTTCGGAG,OXT_26,GGGGCATTCACTGAGCTG,11
GGGCCGTTGAACTTGTAT,OXT_01,AGGCTGCGTAAGTCTGCT,10
GAGGATGCAATGACCCGG,OXT_07,GTGGGTGCATTTGCTGTA,9
AGGAACAGTTGAGTGCTG,OXT_10,AAGATGTATCGTGTGCTG,7
GGCAGACGGCATGTCCCT,OXT_05,GGCGGACAGACTCTAATG,9
AGGGCAGGAATTCGGCGG,OXT_26,GGGGCATTCACTGAGCTG,8
CAGGATCCCGCTACGTGT,OXT_21,GAGCAACGGGTCAGCATT,11
AGGCCGCAAACTCGATCG,OXT_05,GGCGGACAGACTCTAATG,9
TGGCTATTATGTCGACGA,OXT_15,AGGGTATAACGTCCTTTG,9
GGCCCGAGATATGTGACG,OXT_05,GGCGGACAGACTCTAATG,11
TGGAGGCAACATGGCGGC,OXT_02,AGGGGAGCGTGCGGAGGC,10
ATAAGCGAGGTATATGTG,OXT_16,ATAAACAGTCTAGCTGTG,7
GGCGGGAACGTACCTCGG,OXT_05,GGCGGACAGACTCTAATG,10
AACGGGACAGTGTCAATA,OXT_12,AATACAGCGGTGTTTCTA,9
ATGTCCAGTGGTCAGCTA,OXT_10,AAGATGTATCGTGTGCTG,10
GTGGGACGACGGATGGTG,OXT_22,ACGGGACCGCAGATCGAG,7
GAGCCTATGTGGGTAACG,OXT_08,GACGGCATTCAGGCACGT,11
CACGAGCAAGCGTGTACT,OXT_23,AAGTAGGGACAGAATACG,10
TGAGGCACTCCGGAGGAG,OXT_09,TGTAGTGCTCGGCTGCCG,9
GGACCGTGGAAAGAGTTG,OXT_26,GGGGCATTCACTGAGCTG,8
GGGATCCGTTCACCTGAG,OXT_24,GGGATTCGGTCATGTCCT,7
GATCCTGCCTAGTATCGG,OXT_12,AATACAGCGGTGTTTCTA,9
TTCGCTGCGGTCGATGAG,OXT_07,GTGGGTGCATTTGCTGTA,9
ATGCACGGCTGATGGTAG,OXT_03,GACTTGGGCTCATGCTGT,10
GACGGCCTTAGACCGGAG,OXT_08,GACGGCATTCAGGCACGT,9
GCGGCTCGCTTGGATAGT,OXT_07,GTGGGTGCATTTGCTGTA,10
TCGCACAACTTTACTGTG,OXT_04,TAGACAGGGCTGACTGTG,9
AGATGGGGACAGAAACCT,OXT_23,AAGTAGGGACAGAATACG,6
GGACAGTATTAATGCGGG,OXT_03,GACTTGGGCTCATGCTGT,10
GGGGAGAATCAAGAGGTA,OXT_10,AAGATGTATCGTGTGCTG,10
TGGCAGTCGATGAAGGTC,OXT_04,TAGACAGGGCTGACTGTG,10
GGGTAGAAATGAGTGCGA,OXT_10,AAGATGTATCGTGTGCTG,10
ACACGTGACCGTTAGGCG,OXT_09,TGTAGTGCTCGGCTGCCG,10
GAGGCAGTGTCAGATGAG,OXT_26,GGGGCATTCACTGAGCTG,8
GGCAACCGTAATCGACGG,OXT_05,GGCGGACAGACTCTAATG,9
GGGGTACCATGTCTCCCT,OXT_15,AGGGTATAACGTCCTTTG,9
ACATGTCCGGGATATGGA,OXT_02,AGGGGAGCGTGCGGAGGC,11
ATCAGCCCGTTCAACCTA,OXT_06,ATCATCATCATCATCATC,8
GGGGGAACAAAGAGTGCG,OXT_22,ACGGGACCGCAGATCGAG,8
GGGCACGGATCGACGGTA,OXT_14,TTGAGCGTAACGACAGTG,8
GGTGGTTTTCCTCACAAG,OXT_05,GGCGGACAGACTCTAATG,9
TTCGAGTGACCAAGGATG,OXT_27,GTAGAATGGGCATCGTCG,9
TAGGACTACTATACCGCT,OXT_17,AGGAACTACGATCGTGAA,9
TTGTAGAGGCATATGACT,OXT_11,GGGTAAGGGCACAACAGT,8
GTAGCCAGGACTAAGGCG,OXT_27,GTAGAATGGGCATCGTCG,8
AGGGCTTAGGGTCCCTGG,OXT_15,AGGGTATAACGTCCTTTG,6
CATCAAGGGGAGAAGATA,OXT_21,GAGCAACGGGTCAGCATT,8
GTATTCGGTTATGTTTGA,OXT_03,GACTTGGGCTCATGCTGT,10
AGGTGTGGTTGTGCGGAG,OXT_02,AGGGGAGCGTGCGGAGGC,9
TATCGGGCGTAAGGCGGA,OXT_02,AGGGGAGCGTGCGGAGGC,9
GCAGGTAGGAATGGCACG,OXT_05,GGCGGACAGACTCTAATG,10
TCGCGAGCGTAACGTGAG,OXT_22,ACGGGACCGCAGATCGAG,8
GCGCAGTCAAGAACGTGG,OXT_27,GTAGAATGGGCATCGTCG,10
TACTCCAACGTACAATGG,OXT_13,TATTACACTAGTGGATGG,9
TGGACGCCGGTTAGTGCT,OXT_04,TAGACAGGGCTGACTGTG,9
CGGAGGAGGATCAACGTG,OXT_04,TAGACAGGGCTGACTGTG,9
AAAGTGTGGGCTGTAATA,OXT_10,AAGATGTATCGTGTGCTG,9
GGTCGACTCGAATCCGCG,OXT_01,AGGCTGCGTAAGTCTGCT,10
GGTCCGGTAGTCCTATGT,OXT_18,TAACGGGTTATCCATAAT,10
CGTGGCTGAGCAGGCAGG,OXT_28,AGCGGCGGCGACGGCGAA,9
ACGCCGTAACACAGTGTG,OXT_15,AGGGTATAACGTCCTTTG,9
GCGAGCCACACCGTATGC,OXT_05,GGCGGACAGACTCTAATG,10
ACGGACGTAGTTCCAGCT,OXT_07,GTGGGTGCATTTGCTGTA,10
GCAACAACAAGACGTCTG,OXT_12,AATACAGCGGTGTTTCTA,11
ACAGGCCTCTGTCGTGTG,OXT_15,AGGGTATAACGTCCTTTG,10
GCGGGTACAGAGGCCTAC,OXT_07,GTGGGTGCATTTGCTGTA,9
TGCACTCCAGACTCATCT,OXT_25,TGCATCGCAACAGCAGTT,9
ATGTCAATTCATGTCGCT,OXT_22,ACGGGACCGCAGATCGAG,10
TTGCAATCTGGCAGGTCG,OXT_27,GTAGAATGGGCATCGTCG,9
ACGCTGGGGAACCGAACA,OXT_01,AGGCTGCGTAAGTCTGCT,9
GCCGGGTAACTGTGCGCG,OXT_22,ACGGGACCGCAGATCGAG,10
GTGGCTCACTGCAAACGT,OXT_20,AGGGCCTAGGGATGACGT,9
GTGGCGTTCATCAAGGTG,OXT_26,GGGGCATTCACTGAGCTG,6
AGCTAGGGAAAGGTGCTG,OXT_23,AAGTAGGGACAGAATACG,8
CGGGGTCTACTCCACGCT,OXT_07,GTGGGTGCATTTGCTGTA,11
CAAGTGGACAAAGCGGCT,OXT_01,AGGCTGCGTAAGTCTGCT,10
ATCCCGACGGCCAATCTG,OXT_12,AATACAGCGGTGTTTCTA,10
AGCAGCAGGAAGTGTGCG,OXT_01,AGGCTGCGTAAGTCTGCT,8
TCGCACGATTGTGGGCCG,OXT_10,AAGATGTATCGTGTGCTG,9
ACTAGATCGACGTTGCCA,OXT_12,AATACAGCGGTGTTTCTA,7
ATTAGGCTGCTTCATGCT,OXT_18,TAACGGGTTATCCATAAT,10
GCATGGGGACCAGAACTG,OXT_23,AAGTAGGGACAGAATACG,10
GCTAAGAAGCGTGATTTG,OXT_10,AAGATGTATCGTGTGCTG,9
TGCGGATAGTGTTGCGTG,OXT_05,GGCGGACAGACTCTAATG,8
AAACGGATAGCAGTCCTG,OXT_10,AAGATGTATCGTGTGCTG,10
AGGTCGTGCAAGTTCTGT,OXT_01,AGGCTGCGTAAGTCTGCT,8
ACACATTGCGACGACGCT,OXT_28,AGCGGCGGCGACGGCGAA,9
AGCGATCATGACTGGAGT,OXT_20,AGGGCCTAGGGATGACGT,9
AGGAAGGGAAGCAGGAGG,OXT_23,AAGTAGGGACAGAATACG,8
ACAGTCCTGGCGTAGATG,OXT_27,GTAGAATGGGCATCGTCG,10
AGGGATAGCGCTCAACGG,OXT_26,GGGGCATTCACTGAGCTG,9
GGGATCAAGGCAGTTGCT,OXT_24,GGGATTCGGTCATGTCCT,7
AGCGGAGGCTATCACTGT,OXT_28,AGCGGCGGCGACGGCGAA,8
ATGGATGGTGAACTTGCA,OXT_17,AGGAACTACGATCGTGAA,9
GATAGCGTATAACGTGGA,OXT_07,GTGGGTGCATTTGCTGTA,10
GCAGGAGGGAAAGAGTCC,OXT_27,GTAGAATGGGCATCGTCG,8
ATGCTCAATCAGACAATG,OXT_14,TTGAGCGTAACGACAGTG,9
TACGAGCGGTCTGTATCT,OXT_03,GACTTGGGCTCATGCTGT,10
ACAGGCTACTCAGTCGTG,OXT_16,ATAAACAGTCTAGCTGTG,10
ACGAAGGCTGCACGTATG,OXT_16,ATAAACAGTCTAGCTGTG,10
TGCGAAATGGTAGTTGGT,OXT_02,AGGGGAGCGTGCGGAGGC,11
ACAGGGTATGTTACTCCG,OXT_10,AAGATGTATCGTGTGCTG,10
TGCGTAGAACACAGGCAG,OXT_15,AGGGTATAACGTCCTTTG,10
ACGGCGATCTATGCTGGA,OXT_07,GTGGGTGCATTTGCTGTA,9
AGGGACGAACTGATTCAG,OXT_23,AAGTAGGGACAGAATACG,8
CGGTGGGGAGCAGCCTAT,OXT_03,GACTTGGGCTCATGCTGT,9
ATCCATTTGAGACCTGCG,OXT_16,ATAAACAGTCTAGCTGTG,10
GGGGACGTTATCGTGAGG,OXT_26,GGGGCATTCACTGAGCTG,9
ACGGTGCAAGCCGGTGTA,OXT_07,GTGGGTGCATTTGCTGTA,10
GTGGACGGAAGGTCCCTT,OXT_14,TTGAGCGTAACGACAGTG,9
AAAGGTGTCCGGTATAAG,OXT_18,TAACGGGTTATCCATAAT,9
AGCATTCGCAGAATACGG,OXT_06,ATCATCATCATCATCATC,10
GCACCCGCTATCCGACAA,OXT_18,TAACGGGTTATCCATAAT,9
GTGGTTGCACGTAACAGT,OXT_11,GGGTAAGGGCACAACAGT,8
GGCGGGACAATAGGGTTA,OXT_07,GTGGGTGCATTTGCTGTA,9
AGCTGGTGTGAGTAAGCA,OXT_01,AGGCTGCGTAAGTCTGCT,8
ACGACTCTATATTGGTGC,OXT_24,GGGATTCGGTCATGTCCT,11
CAGGTGTTCAGATACGTA,OXT_26,GGGGCATTCACTGAGCTG,10
AGGCGGAGAGTACGAAGG,OXT_20,AGGGCCTAGGGATGACGT,10
CTAGACTGGGTACTGCTT,OXT_27,GTAGAATGGGCATCGTCG,8
AACGGGCTAGGGCTCCTA,OXT_12,AATACAGCGGTGTTTCTA,10
GTCACTAACTCTGCTCGT,OXT_07,GTGGGTGCATTTGCTGTA,10
CTGGGGACAGCATGGCAT,OXT_20,AGGGCCTAGGGATGACGT,10
TCTTTCGCCCGTCCGCCT,OXT_09,TGTAGTGCTCGGCTGCCG,8
GGCGGGAGATATCAGTCG,OXT_05,GGCGGACAGACTCTAATG,10
TGCAGCGTAAATGGTGTG,OXT_14,TTGAGCGTAACGACAGTG,7
ATGGCACACCATCACGGT,OXT_22,ACGGGACCGCAGATCGAG,9
CACGGGGTAAGCTACGTC,OXT_18,TAACGGGTTATCCATAAT,10
AAAGAGGCCATTTCCCGT,OXT_03,GACTTGGGCTCATGCTGT,10
GGACGGGCACGAACATGG,OXT_02,AGGGGAGCGTGCGGAGGC,11
AGGTATGAGTTGGACCGA,OXT_11,GGGTAAGGGCACAACAGT,9
ATGGCATGCTAGACGCGG,OXT_26,GGGGCATTCACTGAGCTG,9
ACAGCGTCGGATCACAGA,OXT_17,AGGAACTACGATCGTGAA,11
GGTTAGACCGTTGTGTGA,OXT_13,TATTACACTAGTGGATGG,9
AGGGCTTGTTAAGTAGGT,OXT_20,AGGGCCTAGGGATGACGT,8
AACACACAGGAATGGAGG,OXT_20,AGGGCCTAGGGATGACGT,9
AACTTGTCTAAAACGTGG,OXT_03,GACTTGGGCTCATGCTGT,10
AGGCGAACGTGTATACTA,OXT_02,AGGGGAGCGTGCGGAGGC,8
TGGTCAGCACGCCAGTCG,OXT_09,TGTAGTGCTCGGCTGCCG,8
AGGGCAATAGCGTGTTCG,OXT_15,AGGGTATAACGTCCTTTG,9
AGGGGCAGTCCACCGTTA,OXT_15,AGGGTATAACGTCCTTTG,9
ACGGTAGGCAATGCGGCG,OXT_01,AGGCTGCGTAAGTCTGCT,9
CACACGAAGTTCATGTGT,OXT_03,GACTTGGGCTCATGCTGT,11
GGCACGGCGGCTCTTAAT,OXT_05,GGCGGACAGACTCTAATG,9
ATCAAGGCGACGTGTAAG,OXT_12,AATACAGCGGTGTTTCTA,10
GGTAACCGTTGTCCTTCG,OXT_09,TGTAGTGCTCGGCTGCCG,10
GGGGTCATAGATATCCTC,OXT_06,ATCATCATCATCATCATC,9
GCGGTGTAAGTGTGGATA,OXT_07,GTGGGTGCATTTGCTGTA,11
GAGGCACAAGGGCAACCG,OXT_05,GGCGGACAGACTCTAATG,10
TCAGCGCTATCCGTTCAT,OXT_18,TAACGGGTTATCCATAAT,10
ACTTGGCAACTTCCGACT,OXT_15,AGGGTATAACGTCCTTTG,11
AGGGTTCTGACAACAAAG,OXT_05,GGCGGACAGACTCTAATG,9
GTGAGTTAGGCCACGCAG,OXT_27,GTAGAATGGGCATCGTCG,9
AGGAGGCCACAGTACGCG,OXT_22,ACGGGACCGCAGATCGAG,7
GGCCAGTGACGACCATGT,OXT_03,GACTTGGGCTCATGCTGT,10
CAGAGGTGATAGAGCGTG,OXT_04,TAGACAGGGCTGACTGTG,9
ACATCAGGTGGGTCGTGC,OXT_27,GTAGAATGGGCATCGTCG,10
TGCGACCGGGCGAACTGT,OXT_11,GGGTAAGGGCACAACAGT,9
AGCGGGTTGAGAGAAGGG,OXT_02,AGGGGAGCGTGCGGAGGC,8
ACGGCTTAACACGGGGAT,OXT_17,AGGAACTACGATCGTGAA,10
TACAGGACGCCCGGTAGG,OXT_13,TATTACACTAGTGGATGG,10
ACTCGTTTCGTGTCAATG,OXT_12,AATACAGCGGTGTTTCTA,11
AGGAAGAGTTGGTGTAGG,OXT_01,AGGCTGCGTAAGTCTGCT,9
AAGCGGGTACATATTAGG,OXT_23,AAGTAGGGACAGAATACG,6
AGAGCCATCTGTATCGGG,OXT_06,ATCATCATCATCATCATC,10
AAGGTTAGTACATTCGGT,OXT_01,AGGCTGCGTAAGTCTGCT,9
TAGACCTTGCAGGCGGCT,OXT_04,TAGACAGGGCTGACTGTG,8
ATACGGCATGTTTCGGTG,OXT_16,ATAAACAGTCTAGCTGTG,9
CTGGTTGTCGAATCTGCT,OXT_01,AGGCTGCGTAAGTCTGCT,9
TGCACCACCTGACGTAGT,OXT_20,AGGGCCTAGGGATGACGT,10
TATGGGTACGTCCGATCG,OXT_13,TATTACACTAGTGGATGG,11
AGGCCGTGGGCATCTCAT,OXT_20,AGGGCCTAGGGATGACGT,7
AGTGCGGTAGCATACGTG,OXT_26,GGGGCATTCACTGAGCTG,10
CAGGGTTGAGCAATACCT,OXT_20,AGGGCCTAGGGATGACGT,10
AACATATGGGTAGCTGAG,OXT_04,TAGACAGGGCTGACTGTG,8
AACCAAGTGAACTATGTG,OXT_04,TAGACAGGGCTGACTGTG,10
ATAGGTCAGGCGCGCTCG,OXT_27,GTAGAATGGGCATCGTCG,9
TCCGCCGGCAACGGAAGT,OXT_28,AGCGGCGGCGACGGCGAA,8
GAGGGTCCTAAACAGCTG,OXT_26,GGGGCATTCACTGAGCTG,9
TCACGGCGAGCGATCCTT,OXT_21,GAGCAACGGGTCAGCATT,10
ACGGCCATGGGCTGCTAT,OXT_20,AGGGCCTAGGGATGACGT,7
TGCGGCATAGAGTTTTGT,OXT_08,GACGGCATTCAGGCACGT,8
GTGCTTACGGAGCTACGT,OXT_08,GACGGCATTCAGGCACGT,10
GCAGGCAGCGAAGGTCAT,OXT_28,AGCGGCGGCGACGGCGAA,8
GAGGAGGATTTCCTGACT,OXT_18,TAACGGGTTATCCATAAT,9
TCGGTACAGTCAGGTAGA,OXT_24,GGGATTCGGTCATGTCCT,9
TGATACGATCTTGACGTG,OXT_16,ATAAACAGTCTAGCTGTG,8
GGGACTAAAAGACTGATG,OXT_05,GGCGGACAGACTCTAATG,9
AACACTCCACAAGGTGCT,OXT_24,GGGATTCGGTCATGTCCT,10
ATGGGTAGAATGTAGTAG,OXT_07,GTGGGTGCATTTGCTGTA,11
AAAGGAAGTTGGTAACGA,OXT_08,GACGGCATTCAGGCACGT,9
ACGCTGATAGCAGATGTG,OXT_16,ATAAACAGTCTAGCTGTG,10
GGAGCCGGTTAATATTAG,OXT_27,GTAGAATGGGCATCGTCG,10
ATGCAGACTCGGAGAAGT,OXT_13,TATTACACTAGTGGATGG,10
GTTGGGAATGCCGAGGTG,OXT_26,GGGGCATTCACTGAGCTG,10
GTGGGACATTAAGCTAAG,OXT_07,GTGGGTGCATTTGCTGTA,9
GCGGCACACGGTACAGCT,OXT_20,AGGGCCTAGGGATGACGT,10
TTGCGTCAGAACGCGCTG,OXT_14,TTGAGCGTAACGACAGTG,10
TTTAGAGCCAGCAGCGTG,OXT_14,TTGAGCGTAACGACAGTG,8
GTACGACGTGTTCCCCTT,OXT_21,GAGCAACGGGTCAGCATT,8
ACGGGAGAATTGCTCCTG,OXT_22,ACGGGACCGCAGATCGAG,8
ACGTGCCCACAGTGAGGT,OXT_22,ACGGGACCGCAGATCGAG,8
ACATGGCTCAGACAGTGA,OXT_18,TAACGGGTTATCCATAAT,11
AATAATCAAAACAGCGGT,OXT_21,GAGCAACGGGTCAGCATT,10
GGAGGAAGGAGGTTGATG,OXT_05,GGCGGACAGACTCTAATG,7
TACGAATGGGTGACCAGT,OXT_21,GAGCAACGGGTCAGCATT,7
ACGGCACATGACGATGCT,OXT_01,AGGCTGCGTAAGTCTGCT,9
TACTGGAGAAATACCGGT,OXT_03,GACTTGGGCTCATGCTGT,10
AGCGGTGTAACCAAGCGG,OXT_26,GGGGCATTCACTGAGCTG,9
ACGACCGTGGTCCACTCT,OXT_06,ATCATCATCATCATCATC,11
AGAGGTTAAGTGCTCTCT,OXT_15,AGGGTATAACGTCCTTTG,10
AGGGACGGCACGCGGCAA,OXT_17,AGGAACTACGATCGTGAA,8
ATGACGCGGCAGTAATGG,OXT_23,AAGTAGGGACAGAATACG,9
TACCCAGCCGCAGTATGC,OXT_03,GACTTGGGCTCATGCTGT,10
TCCGACAAACACCTGTGC,OXT_29,CCCCCCCCCCCCCCGCCC,10
TGGCTACGAGAGCAGACG,OXT_01,AGGCTGCGTAAGTCTGCT,9
ACCCTAATGGACGTTTTA,OXT_06,ATCATCATCATCATCATC,10
ACCATGGCTAGAGCGTGG,OXT_10,AAGATGTATCGTGTGCTG,9
GCACGACGGGTCATTAGT,OXT_21,GAGCAACGGGTCAGCATT,6
GAAGGTTGGTGATCTAGG,OXT_27,GTAGAATGGGCATCGTCG,8
ACCGAGCAGCGAGAAGTG,OXT_05,GGCGGACAGACTCTAATG,10
GGCCCGTGCACACATAAT,OXT_18,TAACGGGTTATCCATAAT,9
AGCATGGTGACAACTTGT,OXT_25,TGCATCGCAACAGCAGTT,8
GCAGGACGAGGAACTGTT,OXT_07,GTGGGTGCATTTGCTGTA,10
GTGGGGAAATCAACTGCG,OXT_07,GTGGGTGCATTTGCTGTA,8
GATCGGCATACACAATCA,OXT_05,GGCGGACAGACTCTAATG,10
AACGCGTACCAAGCGGTG,OXT_10,AAGATGTATCGTGTGCTG,8
ATACAATCCACTGTGTGC,OXT_26,GGGGCATTCACTGAGCTG,10
GGAGAGGGGCAAGTACGG,OXT_11,GGGTAAGGGCACAACAGT,9
GGTACACGACCATGTGCG,OXT_24,GGGATTCGGTCATGTCCT,7
GGAGCACGGAAAGGGCGT,OXT_20,AGGGCCTAGGGATGACGT,9
AGGGCTATGCACGTGACC,OXT_02,AGGGGAGCGTGCGGAGGC,10
GGGCGGACGATTGCATAC,OXT_02,AGGGGAGCGTGCGGAGGC,10
GATCGATCTCCAGATGGG,OXT_08,GACGGCATTCAGGCACGT,11
GGTGGACTGAAACATTGG,OXT_05,GGCGGACAGACTCTAATG,8
AGCCTAGCTTCATGGGTT,OXT_25,TGCATCGCAACAGCAGTT,8
TTCCGGGCCTTTGAGCAA,OXT_07,GTGGGTGCATTTGCTGTA,9
CTGGGGTATCGACCTACA,OXT_15,AGGGTATAACGTCCTTTG,9
GTGAGCGGAGATCGGCCT,OXT_17,AGGAACTACGATCGTGAA,10
GGGCTAGGTCTTCCGAAG,OXT_15,AGGGTATAACGTCCTTTG,9
ATACACTCTAAGGTGGGT,OXT_01,AGGCTGCGTAAGTCTGCT,10
GGGTATCAGTCCGTCAAT,OXT_11,GGGTAAGGGCACAACAGT,8
TACCAATGCCCACGTGCG,OXT_04,TAGACAGGGCTGACTGTG,10
TGCCAGGGGTAAGGACAG,OXT_28,AGCGGCGGCGACGGCGAA,10
AGGGCACGGCAATACACT,OXT_11,GGGTAAGGGCACAACAGT,7
GGCGGCTACGTAGGCTGA,OXT_28,AGCGGCGGCGACGGCGAA,7
TTGCGCCAGACAGTACTG,OXT_05,GGCGGACAGACTCTAATG,8
GCAACAGATGAGTAGGTG,OXT_04,TAGACAGGGCTGACTGTG,10
TGCCGACATGTGAGTGTG,OXT_04,TAGACAGGGCTGACTGTG,9
ACGAGAGTCAGGAGTGTG,OXT_14,TTGAGCGTAACGACAGTG,7
AAGGTAGGCAACACAGGG,OXT_02,AGGGGAGCGTGCGGAGGC,9
ACAGCACTAAGGAATGGA,OXT_22,ACGGGACCGCAGATCGAG,10
GTGTGTCTAACCTTTGAT,OXT_07,GTGGGTGCATTTGCTGTA,10
GACGGAGAGGAGGCTTTA,OXT_07,GTGGGTGCATTTGCTGTA,9
CGACGGTTAAGGGCTGTA,OXT_01,AGGCTGCGTAAGTCTGCT,10
TTACGGTGCTTAGGGACT,OXT_18,TAACGGGTTATCCATAAT,10
AACTGGTACACCGCTCTG,OXT_10,AAGATGTATCGTGTGCTG,9
GGCCCGATCTCCGTAGAG,OXT_26,GGGGCATTCACTGAGCTG,10
GCCGCGGGATGTGCGGTG,OXT_07,GTGGGTGCATTTGCTGTA,8
AGGGCCATCCGGGACCGA,OXT_08,GACGGCATTCAGGCACGT,9
GACGTGAAGCTGTCGTAT,OXT_08,GACGGCATTCAGGCACGT,9
AAGGGGGACACACGGGAG,OXT_17,AGGAACTACGATCGTGAA,10
TATCTAGAGGTCTAGTTG,OXT_12,AATACAGCGGTGTTTCTA,9
GGGGACTAAGATGTACAA,OXT_17,AGGAACTACGATCGTGAA,7
GGGGACATGGCGTGCGTA,OXT_17,AGGAACTACGATCGTGAA,10
GCGGCAGCAGTAGACGAT,OXT_07,GTGGGTGCATTTGCTGTA,9
ACGTATGCGCCGATCATG,OXT_22,ACGGGACCGCAGATCGAG,7
TCGGGTGTGGGTGTCAAG,OXT_22,ACGGGACCGCAGATCGAG,9
GGACCAGACCGGTATTTG,OXT_15,AGGGTATAACGTCCTTTG,9
ATGTACTAGACGTGTGAT,OXT_17,AGGAACTACGATCGTGAA,8
GCAAGGCACACTTCATTG,OXT_05,GGCGGACAGACTCTAATG,8
ACGGCGCTCTTCACTAAC,OXT_06,ATCATCATCATCATCATC,10
ACGGTGACTAACAGTGCG,OXT_01,AGGCTGCGTAAGTCTGCT,8
AAGGCACCTGAGAGTCGT,OXT_12,AATACAGCGGTGTTTCTA,9
TCGGGAGACTGTTCGTTT,OXT_15,AGGGTATAACGTCCTTTG,9
GTGCAGGCAGTTAACGGG,OXT_07,GTGGGTGCATTTGCTGTA,9
ATGGGCATCCAACACGTA,OXT_28,AGCGGCGGCGACGGCGAA,9
TACCGATGATCGTCTGTA,OXT_04,TAGACAGGGCTGACTGTG,9
AGCACGGGTAACGGATGC,OXT_02,AGGGGAGCGTGCGGAGGC,9
AGGGCCGAGACATGGCGT,OXT_20,AGGGCCTAGGGATGACGT,4
GCTCGATAATTGGAGTAT,OXT_07,GTGGGTGCATTTGCTGTA,12
GATCACATCGTCGGCCAA,OXT_21,GAGCAACGGGTCAGCATT,9
TGCCATCCCGACCCATAG,OXT_19,CCCCCCCCCCCCCCCCCC,10
GGTGATGGGATACGGTGA,OXT_27,GTAGAATGGGCATCGTCG,10
CGGAGGCCCTAATCCTAG,OXT_22,ACGGGACCGCAGATCGAG,10
GCAAGAGGCGGGCACGTC,OXT_04,TAGACAGGGCTGACTGTG,11
GCGGTTGGACGATCCACT,OXT_24,GGGATTCGGTCATGTCCT,9
GGGGAACGAAGGCCACTA,OXT_05,GGCGGACAGACTCTAATG,9
AGACGGCTGACGTGATGC,OXT_01,AGGCTGCGTAAGTCTGCT,10
AGGGTGATGACGCTGGCT,OXT_01,AGGCTGCGTAAGTCTGCT,8
GGGTAGGAGTTGATCGCG,OXT_11,GGGTAAGGGCACAACAGT,9
GATGGTCCTCTTCGGGCT,OXT_09,TGTAGTGCTCGGCTGCCG,9
GTGTGTATAGCTTGGTGT,OXT_03,GACTTGGGCTCATGCTGT,10
ACACCCTAACTCGGAGCA,OXT_16,ATAAACAGTCTAGCTGTG,11
GCTACCGTGTCACCAGTG,OXT_14,TTGAGCGTAACGACAGTG,8
GGTAGATAGTGGCTCCAT,OXT_09,TGTAGTGCTCGGCTGCCG,9
AGGAAGTCGACGTCCCCT,OXT_01,AGGCTGCGTAAGTCTGCT,8
CGACAGCCGGGTAATGCG,OXT_01,AGGCTGCGTAAGTCTGCT,11
GGCCCGAGGAGATCCGTT,OXT_01,AGGCTGCGTAAGTCTGCT,9
GGGACAGGACAGGTTGAT,OXT_04,TAGACAGGGCTGACTGTG,8
CGCGGAACGGATATGTGC,OXT_02,AGGGGAGCGTGCGGAGGC,10
GGGATGCTTCATGCGGAG,OXT_10,AAGATGTATCGTGTGCTG,8
ATAGGACGTGTCCCATGG,OXT_27,GTAGAATGGGCATCGTCG,9
GGGCAGTAGAAGAGTACG,OXT_23,AAGTAGGGACAGAATACG,8
CACGAGATCAGTGGCATG,OXT_13,TATTACACTAGTGGATGG,9
ACCGAGGTAGAGACGGCG,OXT_23,AAGTAGGGACAGAATACG,8
GGGTGGAAAGCCGAGGCG,OXT_26,GGGGCATTCACTGAGCTG,10
AGAGCATACTACGCTCGG,OXT_15,AGGGTATAACGTCCTTTG,9
GGCGAGACTACGATTGGG,OXT_05,GGCGGACAGACTCTAATG,10
GGCAGTATGGATCACGTT,OXT_05,GGCGGACAGACTCTAATG,10
AGGGAGTAGGTGAAGGTG,OXT_04,TAGACAGGGCTGACTGTG,10
ACGTACCGTTGCCCTGGT,OXT_01,AGGCTGCGTAAGTCTGCT,9
TGTAATGGCATGGACGGG,OXT_04,TAGACAGGGCTGACTGTG,10
AGAGGACAGGACGTGCTA,OXT_05,GGCGGACAGACTCTAATG,9
GGACGTCGAATTGCGGTT,OXT_07,GTGGGTGCATTTGCTGTA,8
GCAGTAACCGCAAGTGCG,OXT_27,GTAGAATGGGCATCGTCG,9
GACCGGACGATGGTGTAG,OXT_05,GGCGGACAGACTCTAATG,11
GGAGGCGTCCCCACATTG,OXT_14,TTGAGCGTAACGACAGTG,8
GACATAGCTGGTTTTGTG,OXT_12,AATACAGCGGTGTTTCTA,8
CACGTGTGCTATGTCCTC,OXT_10,AAGATGTATCGTGTGCTG,9
ACGGAGCACTAGGGAAGA,OXT_02,AGGGGAGCGTGCGGAGGC,10
AGGCGTTATGACGGATGG,OXT_02,AGGGGAGCGTGCGGAGGC,9
GTCCCTGGTGCTAGTCCA,OXT_24,GGGATTCGGTCATGTCCT,10
TGGTCTATCCTACGTCCT,OXT_24,GGGATTCGGTCATGTCCT,9
GCAGGCTGAACAGGTAGA,OXT_07,GTGGGTGCATTTGCTGTA,11
TGGGAGGCGCACGATAGT,OXT_11,GGGTAAGGGCACAACAGT,6
GGAACAAGCCATAAGACG,OXT_11,GGGTAAGGGCACAACAGT,9
GGGCGGCAGATTTATGGC,OXT_01,AGGCTGCGTAAGTCTGCT,9
ACGCCGGCATGGTCGATG,OXT_23,AAGTAGGGACAGAATACG,10
ACTGGATTCCTAGCCGAG,OXT_22,ACGGGACCGCAGATCGAG,8
TAGAATAGTACCTGTGCT,OXT_24,GGGATTCGGTCATGTCCT,8
GATACCGTGTTCAGCAGT,OXT_21,GAGCAACGGGTCAGCATT,8
ACGGCATCGAATGGAGAT,OXT_02,AGGGGAGCGTGCGGAGGC,8
TCGCGGTATAGAGGTTCG,OXT_10,AAGATGTATCGTGTGCTG,10
GGGCAGAAAGACACTTGT,OXT_11,GGGTAAGGGCACAACAGT,9
GAGCGCATATCGGAATGG,OXT_08,GACGGCATTCAGGCACGT,8
ATTCGGGCGAACGGAGCT,OXT_02,AGGGGAGCGTGCGGAGGC,8
GCAGCCAGAGACAAGGTG,OXT_16,ATAAACAGTCTAGCTGTG,11
GACGGAATTCATTTGGTC,OXT_08,GACGGCATTCAGGCACGT,8
CATGGTAAGACGGCCTCT,OXT_08,GACGGCATTCAGGCACGT,10
TGTGCCATCCCTCGTGTT,OXT_17,AGGAACTACGATCGTGAA,10
ACGCTATCACGTAACGTG,OXT_15,AGGGTATAACGTCCTTTG,7
TAGACCTGCAACGTGTTA,OXT_10,AAGATGTATCGTGTGCTG,10
GGGGACTGTGACGTGCCG,OXT_26,GGGGCATTCACTGAGCTG,9
AGGAGTAACTGCAGACTG,OXT_02,AGGGGAGCGTGCGGAGGC,9
AGCAGACGGACGTGGTAG,OXT_05,GGCGGACAGACTCTAATG,9
AGGCGTTAATGCAGCAGT,OXT_02,AGGGGAGCGTGCGGAGGC,9
TACGCAACCCACTCGTGA,OXT_08,GACGGCATTCAGGCACGT,10
GTACGGGAAGCGGACGTA,OXT_07,GTGGGTGCATTTGCTGTA,9
ACATTGGTGTCTGCCTTG,OXT_03,GACTTGGGCTCATGCTGT,10
GATGGTAAGCGGACTACG,OXT_04,TAGACAGGGCTGACTGTG,10
ATGGGACGCCGTACTGCA,OXT_07,GTGGGTGCATTTGCTGTA,9
TGACCTCCTAATGTCGCG,OXT_01,AGGCTGCGTAAGTCTGCT,10
GCACAGAGTCATACGGTG,OXT_16,ATAAACAGTCTAGCTGTG,8
GGCGGAACCAGTAGAAGT,OXT_05,GGCGGACAGACTCTAATG,8
AGGAGCTACATCGTATGC,OXT_02,AGGGGAGCGTGCGGAGGC,9
TGGGAACGGTCACACGCG,OXT_24,GGGATTCGGTCATGTCCT,9
AGGAGACGTGATAGCTGG,OXT_22,ACGGGACCGCAGATCGAG,9
AAGATCGAGGAGTCGCAT,OXT_12,AATACAGCGGTGTTTCTA,9
AGCCGGGAATCGGACCGT,OXT_03,GACTTGGGCTCATGCTGT,10
ACGGGGAGAAGCACCGGA,OXT_02,AGGGGAGCGTGCGGAGGC,10
TAAGCAGGGATGAGCTGA,OXT_04,TAGACAGGGCTGACTGTG,8
AGGCATGGTTAATACGGG,OXT_01,AGGCTGCGTAAGTCTGCT,9
ATCGGAGTACAGCATCGT,OXT_08,GACGGCATTCAGGCACGT,8
TTTGCAGGGCTTAGGCTC,OXT_04,TAGACAGGGCTGACTGTG,8
AGGAGGGTATAGGATCCG,OXT_23,AAGTAGGGACAGAATACG,7
GCGGAGGTTAAGATACGT,OXT_08,GACGGCATTCAGGCACGT,8
ATCACGTAGTAGCGTCGG,OXT_17,AGGAACTACGATCGTGAA,10
AGGCTGGTATACAGTCTG,OXT_23,AAGTAGGGACAGAATACG,9
TGGAGCACATGTAATCTG,OXT_14,TTGAGCGTAACGACAGTG,9
CGGTGCTGTTGCTACGGG,OXT_02,AGGGGAGCGTGCGGAGGC,10
AGGGCATGTGTGCGTTGG,OXT_15,AGGGTATAACGTCCTTTG,8
ACGAACGTTCATCTTGCG,OXT_17,AGGAACTACGATCGTGAA,8
ACGCAGTATCCGGCCGAA,OXT_01,AGGCTGCGTAAGTCTGCT,10
GAACTGAGTGCCCACGGT,OXT_03,GACTTGGGCTCATGCTGT,9
GGGGCAGATGAGGTGTGG,OXT_26,GGGGCATTCACTGAGCTG,9
AGTGCCATCAGTCAGGTA,OXT_26,GGGGCATTCACTGAGCTG,8
GGGTACACATAGGCAGCT,OXT_08,GACGGCATTCAGGCACGT,9
CACGGACATCAACACGTG,OXT_05,GGCGGACAGACTCTAATG,9
ACTGGTCAATGACAGCGG,OXT_09,TGTAGTGCTCGGCTGCCG,10
TCGACAGCAGGGAAAGTG,OXT_04,TAGACAGGGCTGACTGTG,7
GGCCATTCTGTAACGTGT,OXT_27,GTAGAATGGGCATCGTCG,10
TTGGCTACCATCGGACGT,OXT_02,AGGGGAGCGTGCGGAGGC,10
GCGGGAAGAAGGAGGCCT,OXT_08,GACGGCATTCAGGCACGT,11
TTGTGACAATGGACGTAG,OXT_14,TTGAGCGTAACGACAGTG,9
ACAGGGCTGGTATGAGTC,OXT_02,AGGGGAGCGTGCGGAGGC,10
GGGCCATTCGCTCTACCG,OXT_26,GGGGCATTCACTGAGCTG,6
ATGGCCGTCAACATGTGG,OXT_06,ATCATCATCATCATCATC,9
AGCACGGTGTAGCCTATG,OXT_04,TAGACAGGGCTGACTGTG,9
ACGCAGAAGGTTGTGAAA,OXT_10,AAGATGTATCGTGTGCTG,10
GGGGCATACGAGTGCTTG,OXT_26,GGGGCATTCACTGAGCTG,8
GCTCAGGTGCAGATGTCA,OXT_23,AAGTAGGGACAGAATACG,10
GGCGAAAGCAGAGGTGTA,OXT_28,AGCGGCGGCGACGGCGAA,9
GGGACACGCATCTCTCTT,OXT_24,GGGATTCGGTCATGTCCT,8
ACGAGGGCTAGCTGAAAT,OXT_02,AGGGGAGCGTGCGGAGGC,9
AAGGCAAGTGACTTGGAC,OXT_22,ACGGGACCGCAGATCGAG,10
GATCGGATTGCACCAGCG,OXT_08,GACGGCATTCAGGCACGT,10
GTGGGCATTCAGTGAGCG,OXT_08,GACGGCATTCAGGCACGT,7
CCTGGGTACCACGACGCG,OXT_22,ACGGGACCGCAGATCGAG,10
GGAGGATATGGGAGCCCG,OXT_09,TGTAGTGCTCGGCTGCCG,10
TGACGGACGACCTGTTCA,OXT_18,TAACGGGTTATCCATAAT,10
ACAGGACGGTCAACATAG,OXT_22,ACGGGACCGCAGATCGAG,8
TTACAGAGGCATTGTTCT,OXT_01,AGGCTGCGTAAGTCTGCT,10
ATTGGGTATCGCCACGTC,OXT_10,AAGATGTATCGTGTGCTG,10
AGACCCGTTTACGATTGG,OXT_18,TAACGGGTTATCCATAAT,10
ACGGGCCTGAGGTAACTA,OXT_20,AGGGCCTAGGGATGACGT,9
GCACGGCGGTAGTTGTAG,OXT_22,ACGGGACCGCAGATCGAG,9
GGGCACACACATACGGCT,OXT_01,AGGCTGCGTAAGTCTGCT,10
ACCATGAGGCATGATGTG,OXT_16,ATAAACAGTCTAGCTGTG,8
AACAACACTGATTCGTGG,OXT_13,TATTACACTAGTGGATGG,8
GTATGGTCAGCACCCCGG,OXT_27,GTAGAATGGGCATCGTCG,9
TGGCTAGTCTTCCCATGT,OXT_02,AGGGGAGCGTGCGGAGGC,10
TTGGCAGCATCGTTTCGG,OXT_12,AATACAGCGGTGTTTCTA,9
ACTGGTCAGATCGAATGG,OXT_02,AGGGGAGCGTGCGGAGGC,10
GCAAGCAGAAGGCAACCA,OXT_08,GACGGCATTCAGGCACGT,11
ACGGCATCTATATCTGGG,OXT_01,AGGCTGCGTAAGTCTGCT,10
ATAGGTGCCAAGCTAGCG,OXT_09,TGTAGTGCTCGGCTGCCG,9
ACAGCTACAAGTTGTGTG,OXT_07,GTGGGTGCATTTGCTGTA,10
TGAGGCGGTACTCTTCAT,OXT_18,TAACGGGTTATCCATAAT,8
AGTGGGTACGGCATGAGA,OXT_20,AGGGCCTAGGGATGACGT,10
AGGGAGTTGTGGAAACAT,OXT_20,AGGGCCTAGGGATGACGT,8
ACGTCGTATCTGATGGCT,OXT_10,AAGATGTATCGTGTGCTG,9
TGCACAGGCTAGTTGACG,OXT_09,TGTAGTGCTCGGCTGCCG,9
ATAAGCACCGTGACGAGA,OXT_06,ATCATCATCATCATCATC,9
GGGCAGTACAATGTCTAT,OXT_17,AGGAACTACGATCGTGAA,9
GTGGCACACTTGGACCAA,OXT_26,GGGGCATTCACTGAGCTG,9
GAAGCTGAGGTGTGTGTG,OXT_04,TAGACAGGGCTGACTGTG,8
GACGTAACGGCGGACATT,OXT_21,GAGCAACGGGTCAGCATT,9
AGGGACACGGGCTCACTT,OXT_20,AGGGCCTAGGGATGACGT,6
TGGAGACACTGGCATCGT,OXT_09,TGTAGTGCTCGGCTGCCG,10
TGGAGGTAGGATCAGCGG,OXT_10,AAGATGTATCGTGTGCTG,9
AGCGCCTGTTCCTTCGAT,OXT_28,AGCGGCGGCGACGGCGAA,8
GGACAACGTGCGCTTGTA,OXT_01,AGGCTGCGTAAGTCTGCT,10
TGGAGCCACATCTTGCAG,OXT_09,TGTAGTGCTCGGCTGCCG,10
ACGCCATTGGGTCTGTAG,OXT_15,AGGGTATAACGTCCTTTG,9
GAACACCAGCGTGTGGCT,OXT_10,AAGATGTATCGTGTGCTG,10
TCGCGGCGCATGTAATGG,OXT_01,AGGCTGCGTAAGTCTGCT,10
AGGAACCGTAGGTGAGTG,OXT_01,AGGCTGCGTAAGTCTGCT,8
CGGACAGGGTGTATCGGT,OXT_11,GGGTAAGGGCACAACAGT,8
GATGTGTGCTGAACTTCG,OXT_03,GACTTGGGCTCATGCTGT,9
CTGGGTATGGACTGGTAA,OXT_28,AGCGGCGGCGACGGCGAA,10
TCAAGCAGACGTCGAGTA,OXT_14,TTGAGCGTAACGACAGTG,10
TACGGAGACGACAGTGTC,OXT_28,AGCGGCGGCGACGGCGAA,8
ACAGCACGTGTGTTAATG,OXT_12,AATACAGCGGTGTTTCTA,9
ACGGAGACAGGTTGACGT,OXT_20,AGGGCCTAGGGATGACGT,7
GGCATACTCGTGCGTAAA,OXT_17,AGGAACTACGATCGTGAA,9
ACTCGGGAATACCAGAGG,OXT_18,TAACGGGTTATCCATAAT,10
AGCCAAGCAGTGTGACGG,OXT_12,AATACAGCGGTGTTTCTA,9
CGAACGCTAGTGACGGTA,OXT_04,TAGACAGGGCTGACTGTG,10
AAGGAGACTGACGAAGCG,OXT_23,AAGTAGGGACAGAATACG,9
GCACAGGGTCTACACTAG,OXT_18,TAACGGGTTATCCATAAT,9
TGCGGATTTGACGTGGCG,OXT_28,AGCGGCGGCGACGGCGAA,9
GACGCGGTCGACACATCT,OXT_08,GACGGCATTCAGGCACGT,9
TCGGGAGTCACGCTCTGT,OXT_14,TTGAGCGTAACGACAGTG,10
ACGTGTAGAACGGGCGAT,OXT_22,ACGGGACCGCAGATCGAG,10
GGGTCAACAAACCTCGGT,OXT_11,GGGTAAGGGCACAACAGT,8
AAGAGGACCGTGTGGTAG,OXT_12,AATACAGCGGTGTTTCTA,10
AGTGTGTGTCAATAGCTG,OXT_10,AAGATGTATCGTGTGCTG,8
AAGCAGTCAGACGGCTGT,OXT_21,GAGCAACGGGTCAGCATT,9
TTGAGGTAGCATCGCGTG,OXT_10,AAGATGTATCGTGTGCTG,9
GACACCAGTAGTGCACTT,OXT_08,GACGGCATTCAGGCACGT,7
TACGGCCCGGTAACACTT,OXT_08,GACGGCATTCAGGCACGT,9
GGGGTACGTTCGATGCCA,OXT_24,GGGATTCGGTCATGTCCT,8
GCTGATGGGAGGAGCAGA,OXT_11,GGGTAAGGGCACAACAGT,9
GCAGACATTGGCCGGTGA,OXT_13,TATTACACTAGTGGATGG,10
ACGGTAGACGCGAATTCG,OXT_15,AGGGTATAACGTCCTTTG,9
AAGAGGTTCGTCTGAAGG,OXT_20,AGGGCCTAGGGATGACGT,10
TATGATACTCCCGAATGG,OXT_13,TATTACACTAGTGGATGG,6
AGCGGTGTCAGAGAAGTT,OXT_25,TGCATCGCAACAGCAGTT,8
TACATACAGGTGACTGTT,OXT_04,TAGACAGGGCTGACTGTG,6
AGTGGGTTCAACACACGT,OXT_08,GACGGCATTCAGGCACGT,9
GTAGATCAGACTGCTTCA,OXT_27,GTAGAATGGGCATCGTCG,8
TATTAGGGAAAGTAAACA,OXT_23,AAGTAGGGACAGAATACG,6
AGGGTAGGATGCGCATAT,OXT_02,AGGGGAGCGTGCGGAGGC,7
GGACCGGACAGTACGGTG,OXT_26,GGGGCATTCACTGAGCTG,9
AGGGCCATTTATTCCCGA,OXT_08,GACGGCATTCAGGCACGT,9
GATGCACGCAGCGTCTGG,OXT_13,TATTACACTAGTGGATGG,10
ATCGCATGAGACGTCACA,OXT_28,AGCGGCGGCGACGGCGAA,8
GATAAGGTGTGACAGATT,OXT_18,TAACGGGTTATCCATAAT,10
AGTCGGACACAAGGTAGG,OXT_23,AAGTAGGGACAGAATACG,10
AGTAGTAGCAGACTCTGG,OXT_09,TGTAGTGCTCGGCTGCCG,9
TGTGGCGACACGATAGAT,OXT_14,TTGAGCGTAACGACAGTG,8
ATCGAGGCGCGTCCCCTG,OXT_15,AGGGTATAACGTCCTTTG,9
TCGGCAGACATCAATGCT,OXT_04,TAGACAGGGCTGACTGTG,9
TCGGTATGGATATCACAG,OXT_27,GTAGAATGGGCATCGTCG,9
ACGCGGTCTGACACGTAT,OXT_01,AGGCTGCGTAAGTCTGCT,10
ACGGACCCATTGTGCGTG,OXT_22,ACGGGACCGCAGATCGAG,8
CAGGGATACGAACTTCCG,OXT_15,AGGGTATAACGTCCTTTG,10
CAAAGGCATGCGGGCAAT,OXT_18,TAACGGGTTATCCATAAT,10
GGAGACCGCCGGAGCATG,OXT_21,GAGCAACGGGTCAGCATT,9
AGGAAGCAATGTGGCCAT,OXT_10,AAGATGTATCGTGTGCTG,9
TGGCTGAGACGTAGTGCG,OXT_01,AGGCTGCGTAAGTCTGCT,9
GGTGACCCACGTACAACG,OXT_05,GGCGGACAGACTCTAATG,10
CGCTGGGTCCGAAGCCGT,OXT_03,GACTTGGGCTCATGCTGT,8
AGAAGACGTGCTCAAGTG,OXT_05,GGCGGACAGACTCTAATG,8
GCTTACGGGTGACCAATT,OXT_11,GGGTAAGGGCACAACAGT,10
GGGCAGTGCCATAGAGCA,OXT_17,AGGAACTACGATCGTGAA,8
GTGGCACTTCTTCATCTA,OXT_26,GGGGCATTCACTGAGCTG,8
AGGGCTAGCCGTACCTGT,OXT_15,AGGGTATAACGTCCTTTG,9
GGGTAGATTACAGACTTA,OXT_26,GGGGCATTCACTGAGCTG,9
ACTGTTCTATCCGATATG,OXT_07,GTGGGTGCATTTGCTGTA,11
TAGCAGGTCTCGAGCGAT,OXT_03,GACTTGGGCTCATGCTGT,9
AGGAGGCATGAGTGTGCG,OXT_01,AGGCTGCGTAAGTCTGCT,6
AAGACAACAGACAGCTAG,OXT_22,ACGGGACCGCAGATCGAG,9
AGGCTGAGTGATGCGTGA,OXT_01,AGGCTGCGTAAGTCTGCT,8
AGACGGTCGATCAGTTGG,OXT_02,AGGGGAGCGTGCGGAGGC,10
TACCTGCTGACCTGGGAT,OXT_18,TAACGGGTTATCCATAAT,9
AAGCGGACCGAAGTGTGT,OXT_03,GACTTGGGCTCATGCTGT,11
ATTGCTGCGACGGGTGCT,OXT_02,AGGGGAGCGTGCGGAGGC,10
AGGTGCAGCCAGAACACG,OXT_23,AAGTAGGGACAGAATACG,6
ATACACCCCGGGTGGATG,OXT_16,ATAAACAGTCTAGCTGTG,11
CACGGGAGATCGCAATGG,OXT_03,GACTTGGGCTCATGCTGT,10
AAGCCGCACAGGTACGGG,OXT_01,AGGCTGCGTAAGTCTGCT,9
AGGTTGCAGCATACAGGG,OXT_01,AGGCTGCGTAAGTCTGCT,9
AGCACGGGAATCTTTTCT,OXT_01,AGGCTGCGTAAGTCTGCT,9
ATAGCGAAATCTCCGTGC,OXT_15,AGGGTATAACGTCCTTTG,10
AGCCTCGTATCCGCTCCT,OXT_25,TGCATCGCAACAGCAGTT,8
ATGGGCATTCGAGCGAGG,OXT_08,GACGGCATTCAGGCACGT,8
ACCAATACCTAAAGCGTG,OXT_06,ATCATCATCATCATCATC,10
ACTGACAGTGGCAGTGCG,OXT_16,ATAAACAGTCTAGCTGTG,9
ACGACTGAACACCGCGGG,OXT_17,AGGAACTACGATCGTGAA,10
AGGCGAGAAAGAGCTGCT,OXT_01,AGGCTGCGTAAGTCTGCT,8
GGGCATTCACGATGGAGG,OXT_20,AGGGCCTAGGGATGACGT,10
TAGCGACGATATGCTCGG,OXT_04,TAGACAGGGCTGACTGTG,10
AGAAGGACGACAATGTTG,OXT_05,GGCGGACAGACTCTAATG,10
GGGGATATATCATGTAGT,OXT_24,GGGATTCGGTCATGTCCT,7
GTTGGGTGATCAACGACG,OXT_27,GTAGAATGGGCATCGTCG,7
AGGGGCTGTACGAAAAGG,OXT_14,TTGAGCGTAACGACAGTG,9
CGCAGGGGACTAGGTGTA,OXT_07,GTGGGTGCATTTGCTGTA,9
CAGGGAAGAGAAATGTAG,OXT_22,ACGGGACCGCAGATCGAG,9
GTGGAGGATCAGAGGCCG,OXT_23,AAGTAGGGACAGAATACG,8
AGGGACGGTGCGCGGACT,OXT_01,AGGCTGCGTAAGTCTGCT,10
GCCCTAAGGAGTACGTGG,OXT_27,GTAGAATGGGCATCGTCG,10
ACAGGCTAGGGAGGCTGT,OXT_20,AGGGCCTAGGGATGACGT,6
GCCGAATGGAGGACTCTT,OXT_04,TAGACAGGGCTGACTGTG,10
ATGCCTGCTGTACGGGAA,OXT_07,GTGGGTGCATTTGCTGTA,10
ACCTTGGGATATGCGTTG,OXT_03,GACTTGGGCTCATGCTGT,10
GGGAACGTGCCTGATGCG,OXT_26,GGGGCATTCACTGAGCTG,9
ATGGGACTAACTGCACTG,OXT_14,TTGAGCGTAACGACAGTG,7
AGGCCGGCATCACGGTAT,OXT_03,GACTTGGGCTCATGCTGT,10
GGACACGTAACCGGTCGG,OXT_26,GGGGCATTCACTGAGCTG,10
GGGATAAGAACGTGTCTA,OXT_24,GGGATTCGGTCATGTCCT,7
GATCGCTCTCAAGTGTCT,OXT_08,GACGGCATTCAGGCACGT,9
GCTATCCGTGACTGTATC,OXT_21,GAGCAACGGGTCAGCATT,10
TGGTCCTATGAATCGTGT,OXT_20,AGGGCCTAGGGATGACGT,7
TGACGTATGGTCAGGCTT,OXT_21,GAGCAACGGGTCAGCATT,9
GCGGGAACCACGTTGGAG,OXT_22,ACGGGACCGCAGATCGAG,7
ATAAGAAGTCCTCTCGCT,OXT_16,ATAAACAGTCTAGCTGTG,9
ACAAGCAGGGCGCAGCAA,OXT_12,AATACAGCGGTGTTTCTA,11
TGACAGATACTGGCAAGG,OXT_08,GACGGCATTCAGGCACGT,10
AAGCAAAGACTCCAAGCT,OXT_21,GAGCAACGGGTCAGCATT,9
ACTCAGGTAGTGGGTGCT,OXT_01,AGGCTGCGTAAGTCTGCT,10
GAGACAGACGCGACTCCT,OXT_04,TAGACAGGGCTGACTGTG,8
TGTCAGCAGTAGGTCTAG,OXT_22,ACGGGACCGCAGATCGAG,10
TGGCGAAGACAGCTTATG,OXT_04,TAGACAGGGCTGACTGTG,9
AGGCAGGTATGGCAACGG,OXT_23,AAGTAGGGACAGAATACG,9
GGGATATGCCACATAGTG,OXT_04,TAGACAGGGCTGACTGTG,9
GGGCAGAGGGAGTCACGA,OXT_01,AGGCTGCGTAAGTCTGCT,9
ATGTGGTGCGTCGCGGTC,OXT_07,GTGGGTGCATTTGCTGTA,10
TATTAAGAGACGGGTTTA,OXT_12,AATACAGCGGTGTTTCTA,9
GTGGGAACGGCCTCGTCG,OXT_27,GTAGAATGGGCATCGTCG,5
ACAGTGAGCGATGGCCAT,OXT_28,AGCGGCGGCGACGGCGAA,8
TCAATTTAGACTGTGGTG,OXT_10,AAGATGTATCGTGTGCTG,8
TGGTGACTACAGCGCTGG,OXT_22,ACGGGACCGCAGATCGAG,9
ATATTGCCCTCGATTGGT,OXT_01,AGGCTGCGTAAGTCTGCT,10
AAGGACGAATTGTGTTCT,OXT_23,AAGTAGGGACAGAATACG,9
TTGTAAGTGGCCGTAGCA,OXT_02,AGGGGAGCGTGCGGAGGC,10
TGATGCATTAGACGGCCT,OXT_09,TGTAGTGCTCGGCTGCCG,9
GGCCGAGCCCAAAAGGGT,OXT_11,GGGTAAGGGCACAACAGT,8
GCGGTGTGTCCTCTTCCT,OXT_10,AAGATGTATCGTGTGCTG,9
GAGGATGATCTTGACGCT,OXT_07,GTGGGTGCATTTGCTGTA,9
AGCAGGGCAAGGTATGCT,OXT_01,AGGCTGCGTAAGTCTGCT,8
AGGGTAAGGAGAGGCTAG,OXT_02,AGGGGAGCGTGCGGAGGC,9
AAGGCGTGTAAATTGTTA,OXT_10,AAGATGTATCGTGTGCTG,9
GTACCGGATGAGACCTAG,OXT_27,GTAGAATGGGCATCGTCG,11
ATAGACGCGTGATGTTTA,OXT_02,AGGGGAGCGTGCGGAGGC,10
TATATGTTGGATTCATGA,OXT_12,AATACAGCGGTGTTTCTA,11
CAGGCGGTGCACATATCA,OXT_23,AAGTAGGGACAGAATACG,10
GTAGCAGTACGAGCCGTT,OXT_07,GTGGGTGCATTTGCTGTA,9
CAGGTATTGCAGGCGGCG,OXT_04,TAGACAGGGCTGACTGTG,9
TGTGGTCGACATGTCCCT,OXT_09,TGTAGTGCTCGGCTGCCG,9
AGGGCCATAAGAGCGTGT,OXT_20,AGGGCCTAGGGATGACGT,8
ACACACGTACGGGATGCT,OXT_23,AAGTAGGGACAGAATACG,9
GTGCGGAATCGCCGTCAT,OXT_18,TAACGGGTTATCCATAAT,9
ACCATGCGGTGATGGCCT,OXT_24,GGGATTCGGTCATGTCCT,6
ATCCCGGTCAGCCAGCGG,OXT_18,TAACGGGTTATCCATAAT,10
TAGGGCACGAACTTCTGT,OXT_08,GACGGCATTCAGGCACGT,10
ACATTGCGCTAAATTGGT,OXT_01,AGGCTGCGTAAGTCTGCT,9
AGGATCCGGATGGGACGA,OXT_20,AGGGCCTAGGGATGACGT,9
AAGCCTGGGTAACGTCTT,OXT_24,GGGATTCGGTCATGTCCT,8
GGACCTGGAGGGAAAGCA,OXT_23,AAGTAGGGACAGAATACG,11
GGTATCGAGGGCCCTAGT,OXT_11,GGGTAAGGGCACAACAGT,10
GCGTCACATTGGTCAGGT,OXT_01,AGGCTGCGTAAGTCTGCT,10
TGGGCATCTGCTAGGCGT,OXT_20,AGGGCCTAGGGATGACGT,8
ATAGGTTGCGTGCGGGCC,OXT_27,GTAGAATGGGCATCGTCG,10
TAGTGTACATGAGATGCG,OXT_07,GTGGGTGCATTTGCTGTA,9
ATGGGCCGGATGATGTAG,OXT_22,ACGGGACCGCAGATCGAG,7
GGGTAGCCAATTACCGTT,OXT_07,GTGGGTGCATTTGCTGTA,9
AGCAGACGACATTAAACG,OXT_05,GGCGGACAGACTCTAATG,9
CGGGCAGTTTGCTGAAGT,OXT_02,AGGGGAGCGTGCGGAGGC,7
AGGACCTGTGGTATGGCG,OXT_10,AAGATGTATCGTGTGCTG,8
GGGCGACATAATCCGAGG,OXT_05,GGCGGACAGACTCTAATG,7
TGCAGAGACGCCACTCTC,OXT_04,TAGACAGGGCTGACTGTG,10
AAGTGACATCATTCAGTA,OXT_01,AGGCTGCGTAAGTCTGCT,10
AGTCAAGGGTCTAATCGG,OXT_11,GGGTAAGGGCACAACAGT,9
GCTGACGATCAGAGCGTG,OXT_22,ACGGGACCGCAGATCGAG,9
GAGGGAAAGGCTGAATGT,OXT_05,GGCGGACAGACTCTAATG,9
GCATAGTGGCTGCATCCT,OXT_23,AAGTAGGGACAGAATACG,9
GCGGTTACGACGATCATG,OXT_22,ACGGGACCGCAGATCGAG,8
AAGGCGACTACGTATGAG,OXT_01,AGGCTGCGTAAGTCTGCT,9
ACAGGAACCTTCGTGAAT,OXT_02,AGGGGAGCGTGCGGAGGC,10
GTATCACCAGGCACGTGG,OXT_27,GTAGAATGGGCATCGTCG,9
GGGTAACCTATCCATCAA,OXT_11,GGGTAAGGGCACAACAGT,10
ACGTGGGCAGCAAGTCGA,OXT_23,AAGTAGGGACAGAATACG,10
GCGAGGTCAGAAATGTGG,OXT_22,ACGGGACCGCAGATCGAG,10
ACCGACAATCGGCATGTG,OXT_16,ATAAACAGTCTAGCTGTG,8
ATGGGCTCATCTCGGCTC,OXT_07,GTGGGTGCATTTGCTGTA,9
GGCTTCGACCGAGATCTG,OXT_10,AAGATGTATCGTGTGCTG,10
TGTAATGCCGTGACGTAG,OXT_09,TGTAGTGCTCGGCTGCCG,8
GGTGTCTATTCGGGCCTT,OXT_08,GACGGCATTCAGGCACGT,10
TGGGGCATATACCGCGCT,OXT_28,AGCGGCGGCGACGGCGAA,9
GGAAGGATGGCTTCAGGA,OXT_05,GGCGGACAGACTCTAATG,11
GTCAACCAGGTCACGGCT,OXT_21,GAGCAACGGGTCAGCATT,9
ACTGGGCACTTCCTTCCG,OXT_05,GGCGGACAGACTCTAATG,11
TCTCGGGACAGGCAGGCT,OXT_09,TGTAGTGCTCGGCTGCCG,9
GGGACGCAAAAGTGTGAC,OXT_01,AGGCTGCGTAAGTCTGCT,8
TAGCACTGCTAGGATCGA,OXT_17,AGGAACTACGATCGTGAA,10
ATGGGATTCGCGCGTCCA,OXT_17,AGGAACTACGATCGTGAA,9
CACACTGGGGAAACGCAT,OXT_04,TAGACAGGGCTGACTGTG,10
ACAGGGTCAACCGCGGAT,OXT_25,TGCATCGCAACAGCAGTT,10
ACGCGATCCTTTTAGTGC,OXT_02,AGGGGAGCGTGCGGAGGC,10
TGGTGCCAAGACTTTAGT,OXT_11,GGGTAAGGGCACAACAGT,10
GGTAGGCAGTTGTAGAGG,OXT_05,GGCGGACAGACTCTAATG,10
GCGGGGACAGATACTGAG,OXT_07,GTGGGTGCATTTGCTGTA,8
AGGTGCCACTCAGTATCG,OXT_05,GGCGGACAGACTCTAATG,10
CAGCGCACTGGGTCACAT,OXT_08,GACGGCATTCAGGCACGT,8
TGGCAGCATGACCTTGTG,OXT_01,AGGCTGCGTAAGTCTGCT,9
TCCGGGACAAAAGTGCTG,OXT_25,TGCATCGCAACAGCAGTT,10
ATGGCCGATAAGACATGG,OXT_14,TTGAGCGTAACGACAGTG,8
GACACGCGAAGGTAGGGA,OXT_01,AGGCTGCGTAAGTCTGCT,11
GTGCTCTTTACCTTTTCA,OXT_01,AGGCTGCGTAAGTCTGCT,10
GCAGCTCGTCAAGTGCGT,OXT_08,GACGGCATTCAGGCACGT,9
GACCGGAAGGGAGGAGAC,OXT_02,AGGGGAGCGTGCGGAGGC,10
GAGCGGAGTTTGAAGTCA,OXT_23,AAGTAGGGACAGAATACG,10
AGGGGACTACTACCCGTG,OXT_15,AGGGTATAACGTCCTTTG,7
ATACTGTGTGGTAAGAGT,OXT_10,AAGATGTATCGTGTGCTG,10
TCAGGATAGGACGTCGCT,OXT_22,ACGGGACCGCAGATCGAG,9
GCGGTAGACCGACAACAG,OXT_15,AGGGTATAACGTCCTTTG,9
TACATCGAGAGGATTGTT,OXT_04,TAGACAGGGCTGACTGTG,8
ATCGCAGGCCAGACATGT,OXT_08,GACGGCATTCAGGCACGT,9
ACGCAGTTGGCGTGCTCT,OXT_01,AGGCTGCGTAAGTCTGCT,10
TGCCACGGGATGAGTAAG,OXT_04,TAGACAGGGCTGACTGTG,9
AGGCACATCCCGTGGCGA,OXT_17,AGGAACTACGATCGTGAA,10
GAGACGCGAGGTAACGGG,OXT_04,TAGACAGGGCTGACTGTG,10
ATGTGATCCACAGACGCG,OXT_26,GGGGCATTCACTGAGCTG,9
TGCGGCTAGTTGCAATTC,OXT_05,GGCGGACAGACTCTAATG,9
GCGGCAATGCTGGTAGCT,OXT_08,GACGGCATTCAGGCACGT,9
CGATACAACACTCCGTGG,OXT_13,TATTACACTAGTGGATGG,9
ACATGATCGTGCGTATCT,OXT_02,AGGGGAGCGTGCGGAGGC,8
GTAGTGGAAGCGCTAATC,OXT_05,GGCGGACAGACTCTAATG,9
ATGTGGACAGGACGAATG,OXT_02,AGGGGAGCGTGCGGAGGC,11
ATGCAGACTTCCAACATG,OXT_06,ATCATCATCATCATCATC,10
CAACGGGCGATCTCAAAT,OXT_18,TAACGGGTTATCCATAAT,6
ATGGTGTGATCATCTCTG,OXT_15,AGGGTATAACGTCCTTTG,8
CAGGGCATGAGTGCTGCG,OXT_07,GTGGGTGCATTTGCTGTA,10
AGGGACACAGAGTGCACG,OXT_23,AAGTAGGGACAGAATACG,9
ACGACGTCATCCAGGTGG,OXT_02,AGGGGAGCGTGCGGAGGC,11
ATGGCTGTCCGCACTCGG,OXT_04,TAGACAGGGCTGACTGTG,10
GCAAGCGCATGCTCAGTT,OXT_25,TGCATCGCAACAGCAGTT,8
GAGGGTATACACGCCTAG,OXT_08,GACGGCATTCAGGCACGT,8
AGTTGACAATGTCTGGCT,OXT_05,GGCGGACAGACTCTAATG,10
ACGCGTTATTAAACGGTG,OXT_10,AAGATGTATCGTGTGCTG,10
ATGTAGCTGTCCAATGCT,OXT_23,AAGTAGGGACAGAATACG,9
GCCTATGGCGGGATCGTT,OXT_03,GACTTGGGCTCATGCTGT,10
GCGGTAGAGACGGTGTGT,OXT_05,GGCGGACAGACTCTAATG,10
AAGGCCCTGTGTGGTGTG,OXT_02,AGGGGAGCGTGCGGAGGC,9
GGTACCCATCACTCCCTG,OXT_19,CCCCCCCCCCCCCCCCCC,10
ACTGGACTGGCCTGTCGT,OXT_20,AGGGCCTAGGGATGACGT,9
AGGCCAACGTGATAGGTG,OXT_02,AGGGGAGCGTGCGGAGGC,9
GGAAGGTTGAGATGGCAG,OXT_20,AGGGCCTAGGGATGACGT,10
AAGAAGCACTTGAAGGCG,OXT_23,AAGTAGGGACAGAATACG,8
ATCGTAGTGTATGGGACT,OXT_02,AGGGGAGCGTGCGGAGGC,10
GGCATTACGCTTGTGCGG,OXT_09,TGTAGTGCTCGGCTGCCG,9
GCGAACCTCCCGTGCTCT,OXT_24,GGGATTCGGTCATGTCCT,9
ACGGGGACAAGCAGAGGG,OXT_02,AGGGGAGCGTGCGGAGGC,7
TCGCGGTACACAGGTCGC,OXT_20,AGGGCCTAGGGATGACGT,11
CGTGGCACCGCTTAAGCG,OXT_05,GGCGGACAGACTCTAATG,11
TGCGGATCAATAAAGACG,OXT_05,GGCGGACAGACTCTAATG,10
ACGCGACCCACGATGGTG,OXT_22,ACGGGACCGCAGATCGAG,6
AACTGACGTGCCCATGCG,OXT_23,AAGTAGGGACAGAATACG,10
TTGGGAAGGGAGACGCGG,OXT_04,TAGACAGGGCTGACTGTG,9
ATGCGATCGATCTCGTTT,OXT_21,GAGCAACGGGTCAGCATT,10
AGTGTCGGCAGTCGTCTA,OXT_15,AGGGTATAACGTCCTTTG,9
GGACTGGTTAAGACAATG,OXT_01,AGGCTGCGTAAGTCTGCT,9
CGGGTAGTACACATGGGA,OXT_11,GGGTAAGGGCACAACAGT,9
AAGTACAAGCCGCGTTTG,OXT_15,AGGGTATAACGTCCTTTG,9
AAGTCGCTCAGGATGGCA,OXT_01,AGGCTGCGTAAGTCTGCT,10
AGTGGTAGAGTCGTGTCC,OXT_28,AGCGGCGGCGACGGCGAA,10
ACCTGACACACGGGTGGA,OXT_28,AGCGGCGGCGACGGCGAA,10
CACAGGTAAAAGGTAGCG,OXT_10,AAGATGTATCGTGTGCTG,10
AGGTTAGACGTTCGACCT,OXT_17,AGGAACTACGATCGTGAA,9
CATGGCGTCGAACGTGCA,OXT_28,AGCGGCGGCGACGGCGAA,8
CGGGTGGCGCAAATAAGG,OXT_11,GGGTAAGGGCACAACAGT,9
TGTAGAGCAGCCCAGCGG,OXT_09,TGTAGTGCTCGGCTGCCG,7
GGCCGAGGACGATGGTAA,OXT_03,GACTTGGGCTCATGCTGT,10
GTCGCTCACGGTTCTCAT,OXT_20,AGGGCCTAGGGATGACGT,10
AGACGGTCATGACAGTTG,OXT_15,AGGGTATAACGTCCTTTG,9
AGGGCTTACTGTACCTGG,OXT_15,AGGGTATAACGTCCTTTG,7
ATGTGGTGAACGAAATGA,OXT_14,TTGAGCGTAACGACAGTG,9
AAAGCGCACCAGACGTAA,OXT_22,ACGGGACCGCAGATCGAG,10
AGGGAATCGTACAGCTAT,OXT_02,AGGGGAGCGTGCGGAGGC,8
GTGTGCCTCCGTGGCGTA,OXT_07,GTGGGTGCATTTGCTGTA,9
ACGAACTGGGTAGTCGAA,OXT_17,AGGAACTACGATCGTGAA,8
GACGGGGAATAGAAAGTG,OXT_14,TTGAGCGTAACGACAGTG,9
GTCTATGCGTACGGGACA,OXT_07,GTGGGTGCATTTGCTGTA,10
GTTGGGATAGATGTAGCT,OXT_08,GACGGCATTCAGGCACGT,9
TCACGAGGGAAACATTGT,OXT_18,TAACGGGTTATCCATAAT,8
GTAGCGGTCAACAGTCGT,OXT_18,TAACGGGTTATCCATAAT,10
ACGCGGCGACTGGCTGTG,OXT_01,AGGCTGCGTAAGTCTGCT,8
TGGTAGACGAATTCTTGG,OXT_13,TATTACACTAGTGGATGG,8
GACTCGGATCAGGCTGTA,OXT_04,TAGACAGGGCTGACTGTG,9
AACGCGGACCAAAGCATG,OXT_23,AAGTAGGGACAGAATACG,9
TGCTGCGAATGACGTGTA,OXT_25,TGCATCGCAACAGCAGTT,9
TGGGTTCGAAGTCTACGT,OXT_05,GGCGGACAGACTCTAATG,10
GCAGAAGGAGTAGCGCAT,OXT_27,GTAGAATGGGCATCGTCG,8
ACACGGGACTGACGTGCT,OXT_18,TAACGGGTTATCCATAAT,10
ACGACATCACGGTGGTAG,OXT_15,AGGGTATAACGTCCTTTG,9
AGCGAGGCCGTTGCAGGT,OXT_02,AGGGGAGCGTGCGGAGGC,9
AGCACCCGCCAAATTGCT,OXT_01,AGGCTGCGTAAGTCTGCT,9
GGGCAGGCAACCTTGTCT,OXT_01,AGGCTGCGTAAGTCTGCT,10
AACGGTCAACGTGTAGCA,OXT_05,GGCGGACAGACTCTAATG,10
TAGTGCATGGCTCGATCG,OXT_13,TATTACACTAGTGGATGG,8
GACTGGCCCGGATCACTT,OXT_03,GACTTGGGCTCATGCTGT,9
ACATGGGACTTTCACTGG,OXT_03,GACTTGGGCTCATGCTGT,10
CATGCGGCTATCGGATGA,OXT_13,TATTACACTAGTGGATGG,8
TGCGTCGTAGTCACGGAA,OXT_28,AGCGGCGGCGACGGCGAA,8
GTGGCAATCGTAAGGCAC,OXT_26,GGGGCATTCACTGAGCTG,9
ATGGGCTTCAACTTCTCC,OXT_06,ATCATCATCATCATCATC,8
GTACCAGCTGTGGGTGAG,OXT_04,TAGACAGGGCTGACTGTG,10
TGAGACGGCTAACGGTGT,OXT_03,GACTTGGGCTCATGCTGT,9
GACGGCTGACTGCTGTTA,OXT_08,GACGGCATTCAGGCACGT,10
TGAGGTAGACGGCCCTTC,OXT_15,AGGGTATAACGTCCTTTG,9
ATAGTGCTGGCGACAGAG,OXT_14,TTGAGCGTAACGACAGTG,9
TTGGGACCCAGACGAGCA,OXT_02,AGGGGAGCGTGCGGAGGC,9
CAGGCACTATGACGGGAT,OXT_02,AGGGGAGCGTGCGGAGGC,11
ATAGCCCAGTTCACGTGT,OXT_20,AGGGCCTAGGGATGACGT,10
AGGTGCGGAACGGCTGCT,OXT_01,AGGCTGCGTAAGTCTGCT,7
ACGCGGTGAAACGTGTAG,OXT_10,AAGATGTATCGTGTGCTG,10
GCTGGGCCAACAGGGGAT,OXT_25,TGCATCGCAACAGCAGTT,10
GAGGTGAGCATGATAGTC,OXT_06,ATCATCATCATCATCATC,9
AGGCGAGAGATGGTGGTG,OXT_02,AGGGGAGCGTGCGGAGGC,9
AGGCGTGGATGCTCTCCT,OXT_01,AGGCTGCGTAAGTCTGCT,8
CGGAGGAAGGAGTGCCTG,OXT_20,AGGGCCTAGGGATGACGT,10
GACAGGCCATAGGGAGGA,OXT_08,GACGGCATTCAGGCACGT,9
AAGCGCACGTGTCAGTCT,OXT_02,AGGGGAGCGTGCGGAGGC,11
AGCATACCAGACGATGTG,OXT_25,TGCATCGCAACAGCAGTT,9
GGCCACATAGGGACGGAG,OXT_14,TTGAGCGTAACGACAGTG,10
ACAGAATGCGGAGGTCTA,OXT_16,ATAAACAGTCTAGCTGTG,10
GGACACGGGTGAACAGCC,OXT_02,AGGGGAGCGTGCGGAGGC,10
AATAGAACGACTGTGTGA,OXT_12,AATACAGCGGTGTTTCTA,9
ATGGAGCAGCATACTCTT,OXT_15,AGGGTATAACGTCCTTTG,9
AAACGGGACCAGGTGCTG,OXT_10,AAGATGTATCGTGTGCTG,7
CCAGTGGCATAGACGGCG,OXT_22,ACGGGACCGCAGATCGAG,10
ACAGGTAATGGTAGTTCA,OXT_15,AGGGTATAACGTCCTTTG,11
TGAGCGGAGCGCCTGTCT,OXT_09,TGTAGTGCTCGGCTGCCG,9
TGGGCCAAATATGCGGAG,OXT_07,GTGGGTGCATTTGCTGTA,10
GGAGAGTGACTTCTTGTG,OXT_15,AGGGTATAACGTCCTTTG,8
GCAACGTAGCCATTGTGG,OXT_27,GTAGAATGGGCATCGTCG,8
TCCTACTGGGACTCGCGA,OXT_27,GTAGAATGGGCATCGTCG,10
GGGTAACAAGGTTATGGG,OXT_15,AGGGTATAACGTCCTTTG,9
GGCAGTTAGGAGCATGTG,OXT_05,GGCGGACAGACTCTAATG,9
AGGAAAGCGGATTAGCGG,OXT_11,GGGTAAGGGCACAACAGT,9
AACGTAGTAATCGTGATG,OXT_06,ATCATCATCATCATCATC,8
GTTGAGCCTAATGTCGCG,OXT_13,TATTACACTAGTGGATGG,10
AGGGGATAGAAGCAGCTG,OXT_26,GGGGCATTCACTGAGCTG,7
ATCAGGATATGCGGACCT,OXT_02,AGGGGAGCGTGCGGAGGC,10
AGGCTGACCCACGCCGTG,OXT_01,AGGCTGCGTAAGTCTGCT,9
ACGTACAGACATGATTTG,OXT_23,AAGTAGGGACAGAATACG,7
AAGGCGGTAAAGGCACGT,OXT_08,GACGGCATTCAGGCACGT,7
AACGCAGCTGTCATCGAG,OXT_22,ACGGGACCGCAGATCGAG,8
ACGGTGTACAACATCGTG,OXT_22,ACGGGACCGCAGATCGAG,8
GGGGTTGATGAGACGAGG,OXT_11,GGGTAAGGGCACAACAGT,10
AAGCATGAGCAGGGTAGA,OXT_23,AAGTAGGGACAGAATACG,8
GCGAGGTGTCCTAAGTAG,OXT_10,AAGATGTATCGTGTGCTG,9
AACCAGGCGGGAGATGAG,OXT_23,AAGTAGGGACAGAATACG,10
AGCACGAGGGAACTTATG,OXT_05,GGCGGACAGACTCTAATG,10
ATCAGGTTGGTCACATCG,OXT_06,ATCATCATCATCATCATC,10
GACACTATCCATCCCGAT,OXT_08,GACGGCATTCAGGCACGT,9
TGCTAGAGCGGGCAGAAA,OXT_17,AGGAACTACGATCGTGAA,11
AGCGTGTGGATGCTTGTC,OXT_01,AGGCTGCGTAAGTCTGCT,9
GCGGAGTGAGACGAGGCA,OXT_23,AAGTAGGGACAGAATACG,10
GTGGCAAAGGCCATGTAG,OXT_27,GTAGAATGGGCATCGTCG,8
ACGTCGGATCAATATGAG,OXT_23,AAGTAGGGACAGAATACG,8
AAACACGCCTTCCGCTCC,OXT_19,CCCCCCCCCCCCCCCCCC,9
ACCATCAGGTTGGGCTGT,OXT_03,GACTTGGGCTCATGCTGT,9
AACCGGTCGCAGGAGAAG,OXT_22,ACGGGACCGCAGATCGAG,9
TACGGTACGATGGTGCCA,OXT_09,TGTAGTGCTCGGCTGCCG,9
CTCTGGGTCATTCAGGCG,OXT_18,TAACGGGTTATCCATAAT,10
TGCGGGTACAGTGTACGA,OXT_05,GGCGGACAGACTCTAATG,9
TGGATGCCCAGTCCGTGG,OXT_15,AGGGTATAACGTCCTTTG,9
TGACGCATGCAATAGGTT,OXT_08,GACGGCATTCAGGCACGT,11
GCACCGCTCATGTGGGCT,OXT_01,AGGCTGCGTAAGTCTGCT,9
GCCGGCGAAGAAGGGTTA,OXT_28,AGCGGCGGCGACGGCGAA,8
ACGGCATGATGTTCGAAG,OXT_15,AGGGTATAACGTCCTTTG,8
GAACCACGGTGTAGCGTT,OXT_21,GAGCAACGGGTCAGCATT,6
ATAGAGGAGCACTGGCGT,OXT_20,AGGGCCTAGGGATGACGT,9
ACTATGTCGGAGGACGCA,OXT_12,AATACAGCGGTGTTTCTA,10
AGGCGTGCAAGCAATGTT,OXT_02,AGGGGAGCGTGCGGAGGC,9
ACAGGAGAAGACGGCATC,OXT_28,AGCGGCGGCGACGGCGAA,8
AGGCGAATACCGAGTGTA,OXT_14,TTGAGCGTAACGACAGTG,9
TGGAGGTACAAACGGTAT,OXT_17,AGGAACTACGATCGTGAA,8
GGCTCGAACGTAAATACT,OXT_03,GACTTGGGCTCATGCTGT,11
GGGACTGACTTAGTGACT,OXT_24,GGGATTCGGTCATGTCCT,9
GGCTGTTCCTTGGTGCTA,OXT_07,GTGGGTGCATTTGCTGTA,9
GAGTGGACTGCAGCCGTG,OXT_07,GTGGGTGCATTTGCTGTA,10
GCTGGGACACTCATATGG,OXT_22,ACGGGACCGCAGATCGAG,10
CAGGAACTAGTGTGCACT,OXT_21,GAGCAACGGGTCAGCATT,7
GGACGGTATCTGTGCACA,OXT_01,AGGCTGCGTAAGTCTGCT,11
AGAGGCAGTGAAGCGTCT,OXT_08,GACGGCATTCAGGCACGT,9
CGTGGGACTGAGTACGCT,OXT_01,AGGCTGCGTAAGTCTGCT,9
AGGAGCCTCCCTACGTGA,OXT_14,TTGAGCGTAACGACAGTG,10
GCCGGATACCGATGTGTA,OXT_15,AGGGTATAACGTCCTTTG,10
TGGCCCAGTCGGAGTACT,OXT_01,AGGCTGCGTAAGTCTGCT,9
TATATCACCAGGTGCGTG,OXT_13,TATTACACTAGTGGATGG,8
GGGGACGTAGGTATGCTG,OXT_26,GGGGCATTCACTGAGCTG,8
GTAGTAGGTGACTATTTT,OXT_27,GTAGAATGGGCATCGTCG,9
ACGTGGCCAGAAATGGTC,OXT_22,ACGGGACCGCAGATCGAG,8
GGCATACTCTTACCGGAC,OXT_06,ATCATCATCATCATCATC,11
ACATACCATGCAGGTGCG,OXT_16,ATAAACAGTCTAGCTGTG,8
GTGGTAGTGTTAGCGTTT,OXT_07,GTGGGTGCATTTGCTGTA,8
AGGAACAGCACGACTCTT,OXT_01,AGGCTGCGTAAGTCTGCT,9
TCGCCGGAGGACGATCAT,OXT_18,TAACGGGTTATCCATAAT,9
AAGGTGTGATGCGTCGAG,OXT_10,AAGATGTATCGTGTGCTG,8
AGGGCCACGTTAAGGGTA,OXT_02,AGGGGAGCGTGCGGAGGC,9
GCCGAAAGCGGCATTGCG,OXT_27,GTAGAATGGGCATCGTCG,10
CAACGGGATCCTAATCGG,OXT_18,TAACGGGTTATCCATAAT,9
ACTATCGAACAGTTAGTG,OXT_14,TTGAGCGTAACGACAGTG,9
GCGGCGGACGCGGCTATT,OXT_07,GTGGGTGCATTTGCTGTA,10
ATGGGAACGGGAGACGGC,OXT_02,AGGGGAGCGTGCGGAGGC,6
GACACAGCTGCGTAGTGC,OXT_12,AATACAGCGGTGTTTCTA,9
GTGGGCAGAGAGCAACGT,OXT_08,GACGGCATTCAGGCACGT,7
ACAGGTCTCCGCAGTGTT,OXT_22,ACGGGACCGCAGATCGAG,10
AAGCAATAGGTAGCAGGT,OXT_20,AGGGCCTAGGGATGACGT,8
AAGACAGCGGTATGCGTA,OXT_12,AATACAGCGGTGTTTCTA,5
ATCAACGACCTGTCCGCT,OXT_16,ATAAACAGTCTAGCTGTG,9
CGAGGGGAAAGAAGGCCG,OXT_09,TGTAGTGCTCGGCTGCCG,10
ATGACCGAGTTTGCTGCG,OXT_04,TAGACAGGGCTGACTGTG,8
GCGAGGCGAAGCGTATGC,OXT_02,AGGGGAGCGTGCGGAGGC,10
GAGGCATGTGACGCGATA,OXT_21,GAGCAACGGGTCAGCATT,9
GAAGGCCCATCATGGTCG,OXT_27,GTAGAATGGGCATCGTCG,8
ACAGATCGCGCCTTCGAT,OXT_28,AGCGGCGGCGACGGCGAA,9
GAGGTGATTCGACTACGT,OXT_08,GACGGCATTCAGGCACGT,7
GGGCGCTTGATCCGAAGG,OXT_05,GGCGGACAGACTCTAATG,9
GGCGTGCAAAAGGTGATA,OXT_05,GGCGGACAGACTCTAATG,8
CTAGGGATAGAGCGCAGT,OXT_08,GACGGCATTCAGGCACGT,10
AAGCAGGGTGCAGACAGG,OXT_23,AAGTAGGGACAGAATACG,8
GATACATCTCATGTTGCT,OXT_10,AAGATGTATCGTGTGCTG,10
GATGTGTCACAAGCGGCT,OXT_08,GACGGCATTCAGGCACGT,10
ACGAAGAGAGGGACCGCG,OXT_23,AAGTAGGGACAGAATACG,8
GGGAGGAAGCTGCGGTAG,OXT_09,TGTAGTGCTCGGCTGCCG,10
AAATCAGAGGTCGCGGGG,OXT_04,TAGACAGGGCTGACTGTG,9
AACAGCGCCCTTGGTGAT,OXT_28,AGCGGCGGCGACGGCGAA,8
AATCACATGGATGGCTTT,OXT_13,TATTACACTAGTGGATGG,9
ATGGTGGTAGAGTATACT,OXT_23,AAGTAGGGACAGAATACG,7
GAGCAGGGAGATGTTTGA,OXT_23,AAGTAGGGACAGAATACG,9
GGGGACAAGACATTCGGC,OXT_20,AGGGCCTAGGGATGACGT,9
AGGGAATGTTACGGGACG,OXT_02,AGGGGAGCGTGCGGAGGC,9
AAGGGCTCAATTAACAGT,OXT_06,ATCATCATCATCATCATC,11
AAGCAGGAACCTGATGTG,OXT_23,AAGTAGGGACAGAATACG,7
GCTCATTCGTCAACTGGT,OXT_24,GGGATTCGGTCATGTCCT,10
AGTGGAATTGTTACACGG,OXT_08,GACGGCATTCAGGCACGT,9
AGGTAAATGACACTGGCG,OXT_05,GGCGGACAGACTCTAATG,10
AGAATGTGGTAGATGTCG,OXT_01,AGGCTGCGTAAGTCTGCT,10
AACGGTGATCGACAGCGC,OXT_09,TGTAGTGCTCGGCTGCCG,9
ACCTGGGCGGAAGTTGCT,OXT_22,ACGGGACCGCAGATCGAG,10
ACCAAGTGGTATCCGGAG,OXT_17,AGGAACTACGATCGTGAA,9
AGTGGCGCTTAGATTTAA,OXT_22,ACGGGACCGCAGATCGAG,9
TGGTAATGGCCTGGCTAG,OXT_11,GGGTAAGGGCACAACAGT,9
ACTCGAAGGGAATAAGCG,OXT_22,ACGGGACCGCAGATCGAG,10
AACGGTTCGATTTTCGCT,OXT_22,ACGGGACCGCAGATCGAG,10
ATGATTATCAGGGCAGGT,OXT_14,TTGAGCGTAACGACAGTG,9
AAGGTCCGTTTAACTTGG,OXT_16,ATAAACAGTCTAGCTGTG,9
CTCGCTGGCTGGCTGATT,OXT_09,TGTAGTGCTCGGCTGCCG,11
AGGCAGTGAGGAGGCTGG,OXT_20,AGGGCCTAGGGATGACGT,9
ACGGGACCATGGCGTGTA,OXT_02,AGGGGAGCGTGCGGAGGC,8
ACTGGGCTAAGCAGGTTG,OXT_14,TTGAGCGTAACGACAGTG,11
GGGGCTTCGAAGCTCGTC,OXT_22,ACGGGACCGCAGATCGAG,9
CGGGCAGGTTGTGCTATG,OXT_15,AGGGTATAACGTCCTTTG,8
GTGAAGGCCACTGAAGCG,OXT_14,TTGAGCGTAACGACAGTG,9
GACGGAACGTATGCTTCT,OXT_08,GACGGCATTCAGGCACGT,8
GCTTCAGGACGACGCGTA,OXT_03,GACTTGGGCTCATGCTGT,11
AGGGACGCACGTGACAGA,OXT_02,AGGGGAGCGTGCGGAGGC,9
ATGATGCTCTATCCTCGC,OXT_01,AGGCTGCGTAAGTCTGCT,10
CATTGGGGCTCCAATGCT,OXT_03,GACTTGGGCTCATGCTGT,9
ACTGACATAGGAGGTGCG,OXT_16,ATAAACAGTCTAGCTGTG,9
ATGTCCAGCCGAGTTCGA,OXT_16,ATAAACAGTCTAGCTGTG,9
AACAGGAGTCAAGGAGTG,OXT_16,ATAAACAGTCTAGCTGTG,7
GAGGTATGTTGACGTTTA,OXT_15,AGGGTATAACGTCCTTTG,8
GTGGGGATCAAGACGATT,OXT_08,GACGGCATTCAGGCACGT,9
AAGCGGAAGTAGGCTACG,OXT_23,AAGTAGGGACAGAATACG,8
TGATAGATCCGTGTGCCC,OXT_09,TGTAGTGCTCGGCTGCCG,10
CAGGGCATGAATCACCGT,OXT_08,GACGGCATTCAGGCACGT,8
AGGTGGACAGTGCATCCG,OXT_23,AAGTAGGGACAGAATACG,8
GGCGAGGATGTGACGTGC,OXT_08,GACGGCATTCAGGCACGT,11
GGGGCATCAAGGCTACCG,OXT_26,GGGGCATTCACTGAGCTG,8
TATCGGCACGGGTTAATC,OXT_05,GGCGGACAGACTCTAATG,11
CGCATGGTGGGAGTGCTG,OXT_10,AAGATGTATCGTGTGCTG,8
AGACAGGTGGAGCCTAAT,OXT_18,TAACGGGTTATCCATAAT,8
AGAGTGTATACTTGCGCT,OXT_01,AGGCTGCGTAAGTCTGCT,8
AGGCAGTTACTTGTCGCT,OXT_01,AGGCTGCGTAAGTCTGCT,10
TGCGGCGTTGTGCACATT,OXT_18,TAACGGGTTATCCATAAT,8
GCGGAAGACGGGAGCCGT,OXT_11,GGGTAAGGGCACAACAGT,9
GTGTGGATGCATGATTGG,OXT_08,GACGGCATTCAGGCACGT,10
CTGGGTACAGGGAACGCT,OXT_07,GTGGGTGCATTTGCTGTA,10
AGCTGACTGATGTCGCGG,OXT_05,GGCGGACAGACTCTAATG,10
ACACGGTTGCATCTTGGG,OXT_22,ACGGGACCGCAGATCGAG,9
GCATCACTCTACGATGTG,OXT_26,GGGGCATTCACTGAGCTG,9
GCAGACTGTATCGCGTGC,OXT_27,GTAGAATGGGCATCGTCG,9
AACGGAACAATGCCGGTG,OXT_04,TAGACAGGGCTGACTGTG,10
TCCTATGAGTGTGTCAGG,OXT_13,TATTACACTAGTGGATGG,10
ACAGAGGACGGCAGTTGT,OXT_20,AGGGCCTAGGGATGACGT,10
TTGACCTGTGTTGCGTGT,OXT_16,ATAAACAGTCTAGCTGTG,10
AGCATGTCAAGATGTCGG,OXT_20,AGGGCCTAGGGATGACGT,9
GGGCCTGAGGAGTAGGTG,OXT_04,TAGACAGGGCTGACTGTG,10
GCACAGTCGTGTCTTGGA,OXT_07,GTGGGTGCATTTGCTGTA,11
CAACGGATATCGCGTCAT,OXT_18,TAACGGGTTATCCATAAT,8
ACCACAACGGACACCGTG,OXT_22,ACGGGACCGCAGATCGAG,8
ACGGATCTGACTGTCTGG,OXT_22,ACGGGACCGCAGATCGAG,9
GGGCACATCCGTATGGGT,OXT_11,GGGTAAGGGCACAACAGT,10
AGCCCTGATTCGACGTGC,OXT_29,CCCCCCCCCCCCCCGCCC,11
GGGGGAGATAGAGACGTG,OXT_26,GGGGCATTCACTGAGCTG,8
AATGACGGGCTGACGACG,OXT_23,AAGTAGGGACAGAATACG,7
ATGGGAAGAGAACGCTCA,OXT_28,AGCGGCGGCGACGGCGAA,9
AGGTGATGGATCGCAGGG,OXT_02,AGGGGAGCGTGCGGAGGC,7
GGCATGCCCGGCAATGTG,OXT_06,ATCATCATCATCATCATC,11
TGGCTATATGTCGCACGG,OXT_10,AAGATGTATCGTGTGCTG,10
AGGAAGGTCACTGACTAG,OXT_26,GGGGCATTCACTGAGCTG,8
GGACGCCTAAGTTGTGCA,OXT_01,AGGCTGCGTAAGTCTGCT,10
ACCGGGCGAGCCATTGAT,OXT_22,ACGGGACCGCAGATCGAG,9
ATGGCGATCAGCCGATGC,OXT_02,AGGGGAGCGTGCGGAGGC,9
TGACGGGCTTTGTAACCG,OXT_09,TGTAGTGCTCGGCTGCCG,8
GGCGGAGACGATACGGGA,OXT_28,AGCGGCGGCGACGGCGAA,8
ACGCTCAGGCAATCGGCG,OXT_01,AGGCTGCGTAAGTCTGCT,8
TGCGGTAAAATCCCTTGG,OXT_15,AGGGTATAACGTCCTTTG,9
GCAGTGCTAGTCCGATCT,OXT_18,TAACGGGTTATCCATAAT,11
ACTGGTCCCCGTGTTCTC,OXT_07,GTGGGTGCATTTGCTGTA,10
ATAGGCTGGGTATCACGT,OXT_20,AGGGCCTAGGGATGACGT,6
ACGTGTGTAGGGACGCCT,OXT_09,TGTAGTGCTCGGCTGCCG,10
GCCGCAGGATTTACGGGT,OXT_07,GTGGGTGCATTTGCTGTA,9
ATGACGGTAAGGCATTGG,OXT_14,TTGAGCGTAACGACAGTG,9
GCTGCACGCAGGGAAACG,OXT_26,GGGGCATTCACTGAGCTG,9
GGGCAGCCCATGAGTACA,OXT_01,AGGCTGCGTAAGTCTGCT,9
GAAGCGCAATAGGTGTAG,OXT_10,AAGATGTATCGTGTGCTG,11
GCGACAGCATGACACGTG,OXT_04,TAGACAGGGCTGACTGTG,10
AGGGTGCGGGAGCAACGT,OXT_01,AGGCTGCGTAAGTCTGCT,8
ACGTAACGGCCAGGTGCA,OXT_24,GGGATTCGGTCATGTCCT,9
GGGACAATCTTCTACGTT,OXT_26,GGGGCATTCACTGAGCTG,9
GCGGCCTACAGTGGCAAG,OXT_26,GGGGCATTCACTGAGCTG,8
GGAGGAGGTGGAGGCGCT,OXT_28,AGCGGCGGCGACGGCGAA,8
GGGAGTAGGCCTGTGAGA,OXT_05,GGCGGACAGACTCTAATG,10
ACAGACTGCAGAAAGACG,OXT_27,GTAGAATGGGCATCGTCG,9
TTGATAAGATCAAAGAGG,OXT_14,TTGAGCGTAACGACAGTG,10
ATGGCACTCGCACGGATA,OXT_26,GGGGCATTCACTGAGCTG,9
GCAGATGGCATTACATGT,OXT_03,GACTTGGGCTCATGCTGT,11
ACGTGCGTAGAGAAGCCG,OXT_23,AAGTAGGGACAGAATACG,7
GCAGAGGCGATACTACGT,OXT_05,GGCGGACAGACTCTAATG,11
AGCGCTGGGAGGTCCGTA,OXT_28,AGCGGCGGCGACGGCGAA,9
TGTACATAGTCGAGCGCA,OXT_04,TAGACAGGGCTGACTGTG,10
GTGAACTCGGGATAACGT,OXT_20,AGGGCCTAGGGATGACGT,6
GGCAAGGGACAATGGTCA,OXT_03,GACTTGGGCTCATGCTGT,9
ATTGGGCGACACTGAAGA,OXT_28,AGCGGCGGCGACGGCGAA,10
AATTGAGTTAGGCAATGG,OXT_13,TATTACACTAGTGGATGG,8
GCGGAAGTCGACGCGTGG,OXT_26,GGGGCATTCACTGAGCTG,9
AGGCTGTCAATGCATGGA,OXT_01,AGGCTGCGTAAGTCTGCT,8
CTCGTGGGTTCAATGTTG,OXT_03,GACTTGGGCTCATGCTGT,9
GGGGTACGCGGTGCGACT,OXT_26,GGGGCATTCACTGAGCTG,9
AGGTGATACTGGACTCTA,OXT_15,AGGGTATAACGTCCTTTG,8
TGCAGGTATAGCGCTCCG,OXT_09,TGTAGTGCTCGGCTGCCG,9
GTGGTGCACACGAGGAAA,OXT_05,GGCGGACAGACTCTAATG,11
GGGGCGAAAATCGTAATC,OXT_05,GGCGGACAGACTCTAATG,9
TCGGAGTGCTGAGCGGTG,OXT_10,AAGATGTATCGTGTGCTG,10
AGCCTCTCTTGACGTGCG,OXT_01,AGGCTGCGTAAGTCTGCT,10
ACCGGGCCGAACGTGTAA,OXT_22,ACGGGACCGCAGATCGAG,8
GGCAGCAGGAAGGGATCT,OXT_08,GACGGCATTCAGGCACGT,8
AGATACGTCTGGCCTGAG,OXT_17,AGGAACTACGATCGTGAA,9
TGTACGGCTTGAGGCGTG,OXT_09,TGTAGTGCTCGGCTGCCG,9
GTGTAGGTAATCCATGGA,OXT_07,GTGGGTGCATTTGCTGTA,9
AGGAGCAGGGATTGACGG,OXT_20,AGGGCCTAGGGATGACGT,7
GACGTAGGCCACGATTCG,OXT_23,AAGTAGGGACAGAATACG,9
AAGCAGAGCTTGGCAGAT,OXT_01,AGGCTGCGTAAGTCTGCT,9
AGCGGGCAGTTTCCACGT,OXT_05,GGCGGACAGACTCTAATG,8
GACAGGTTGATCAATGCG,OXT_18,TAACGGGTTATCCATAAT,9
ATGCGGTCACGACAGACT,OXT_23,AAGTAGGGACAGAATACG,10
TGTATGGGAATGCTCGGC,OXT_09,TGTAGTGCTCGGCTGCCG,10
GCCGGGCCGGAGAGCTTT,OXT_22,ACGGGACCGCAGATCGAG,8
TGCATCCCGTGGAATCGG,OXT_09,TGTAGTGCTCGGCTGCCG,10
AGGGCAGTATGCAGACCA,OXT_02,AGGGGAGCGTGCGGAGGC,7
GGACGGGAAGAGTGTATG,OXT_23,AAGTAGGGACAGAATACG,10
GGGTCTCAGTTTAGGGCG,OXT_24,GGGATTCGGTCATGTCCT,9
CGTGGGAATAAGCGGAGG,OXT_05,GGCGGACAGACTCTAATG,10
GTAGGAGGAGAGCACATA,OXT_07,GTGGGTGCATTTGCTGTA,10
TTTGGTGCCTGTGCAGTT,OXT_07,GTGGGTGCATTTGCTGTA,6
GGCGGGGATACTCGCCCT,OXT_05,GGCGGACAGACTCTAATG,8
TCTAGGTGGAATCATACT,OXT_18,TAACGGGTTATCCATAAT,9
AGCGGACTTGGCATTGCG,OXT_22,ACGGGACCGCAGATCGAG,9
GGCGGCAGAGACGGCATG,OXT_28,AGCGGCGGCGACGGCGAA,6
CTACGCGTAGGATGCGTG,OXT_14,TTGAGCGTAACGACAGTG,9
AGGACATAAGAGGAGCGG,OXT_26,GGGGCATTCACTGAGCTG,8
ACGTAGCTATACGTTGCT,OXT_01,AGGCTGCGTAAGTCTGCT,9
CGCATTACCGGGTGTCGT,OXT_24,GGGATTCGGTCATGTCCT,9
ATCGCTAACGTGTGTAGG,OXT_20,AGGGCCTAGGGATGACGT,10
TGGCACGAAGGAAGGCGT,OXT_20,AGGGCCTAGGGATGACGT,7
GGGGAAGAACCGTACGAG,OXT_11,GGGTAAGGGCACAACAGT,9
GACGACGCGTGCTATGTC,OXT_02,AGGGGAGCGTGCGGAGGC,9
ATGAGGACGGTACTTCGG,OXT_12,AATACAGCGGTGTTTCTA,9
ACGTAGTGCTTGACCGAT,OXT_01,AGGCTGCGTAAGTCTGCT,10
GCCATACGATCGAATAGG,OXT_23,AAGTAGGGACAGAATACG,10
GCCGTTCAACAAGGGATG,OXT_05,GGCGGACAGACTCTAATG,10
GCGGGTCCAAAATCTCAG,OXT_07,GTGGGTGCATTTGCTGTA,9
TATCGTTGCTGAGCTCTA,OXT_07,GTGGGTGCATTTGCTGTA,10
ACGCCACAATTACGGTCG,OXT_15,AGGGTATAACGTCCTTTG,10
CTTAAGGTTTAAGGTGTG,OXT_16,ATAAACAGTCTAGCTGTG,8
AACTAATATGACTGCGTT,OXT_21,GAGCAACGGGTCAGCATT,9
GCAGCGGTATTGGAGTGG,OXT_26,GGGGCATTCACTGAGCTG,10
GAGGGTATGCCTTCTGGT,OXT_08,GACGGCATTCAGGCACGT,8
ACAGGAGTAGCCTAGTTG,OXT_27,GTAGAATGGGCATCGTCG,9
TAAGTAGCCTTAGGTTCT,OXT_03,GACTTGGGCTCATGCTGT,9
CTGACACTTCATGTCGCT,OXT_22,ACGGGACCGCAGATCGAG,10
AGCGGGAACCGGATCGTG,OXT_22,ACGGGACCGCAGATCGAG,8
AGGCAGAAGACGGACCAC,OXT_01,AGGCTGCGTAAGTCTGCT,11
GGGCGTCAACGTACGAGA,OXT_07,GTGGGTGCATTTGCTGTA,10
GGGCTTGAGTACACGTGC,OXT_11,GGGTAAGGGCACAACAGT,9
TGAACGGCTGAACAGGTG,OXT_09,TGTAGTGCTCGGCTGCCG,9
GGGCATCATCAGGGCGCG,OXT_01,AGGCTGCGTAAGTCTGCT,9
GCTATTACCGCATGCTCT,OXT_03,GACTTGGGCTCATGCTGT,8
CAGGGAACTGAGGGACGG,OXT_08,GACGGCATTCAGGCACGT,7
GGTCAATCGGCGACTAGT,OXT_11,GGGTAAGGGCACAACAGT,9
AACCACCCATTCCGCTAC,OXT_19,CCCCCCCCCCCCCCCCCC,9
ACGTGTGCCAATTCGACC,OXT_01,AGGCTGCGTAAGTCTGCT,11
GAAGGCCCGGATAGACGT,OXT_08,GACGGCATTCAGGCACGT,8
GAATGTCTATCCCTAATG,OXT_05,GGCGGACAGACTCTAATG,8
GGGCGGTGACACACATAT,OXT_11,GGGTAAGGGCACAACAGT,9
GACAAGTGCTCTGATCTG,OXT_26,GGGGCATTCACTGAGCTG,8
AGGTAGTGTGTACTAATG,OXT_10,AAGATGTATCGTGTGCTG,10
ATGACTTGTGACATGCTG,OXT_10,AAGATGTATCGTGTGCTG,8
GCTGGCAATCATTTGTGG,OXT_08,GACGGCATTCAGGCACGT,9
ACGAGCTGAGTATGTGGA,OXT_17,AGGAACTACGATCGTGAA,8
AGGGAGGGTAGAAGGACC,OXT_23,AAGTAGGGACAGAATACG,9
TGCGGAACTGTATCGGAG,OXT_27,GTAGAATGGGCATCGTCG,10
ATGGCATACGTCACTGGA,OXT_17,AGGAACTACGATCGTGAA,9
CGAGTGGCGAGACGTATG,OXT_05,GGCGGACAGACTCTAATG,10
AGGAGGTGGCTCGACAGT,OXT_11,GGGTAAGGGCACAACAGT,7
GGAGTGGCTGATAAGCGT,OXT_11,GGGTAAGGGCACAACAGT,10
AGGAGAGGTACTTTGTCG,OXT_09,TGTAGTGCTCGGCTGCCG,9
GTTGTCGAAGGGCGCGGA,OXT_28,AGCGGCGGCGACGGCGAA,10
CTCGTCGGGACACTATTG,OXT_05,GGCGGACAGACTCTAATG,8
ACGACGTCAGAGTGCTTA,OXT_12,AATACAGCGGTGTTTCTA,9
ACAGAGGTATGTGGAGTT,OXT_02,AGGGGAGCGTGCGGAGGC,9
GAGGCAGAAGATGTGAGG,OXT_26,GGGGCATTCACTGAGCTG,9
GGCGTACAAGGCGTGAGG,OXT_05,GGCGGACAGACTCTAATG,8
TGGCGGATCGCAGGACGG,OXT_20,AGGGCCTAGGGATGACGT,10
CCGGCACGCGTGGGTAAG,OXT_04,TAGACAGGGCTGACTGTG,10
ATACCGGCAGCCTACCGG,OXT_12,AATACAGCGGTGTTTCTA,11
GATTAGGTCCATACGTGG,OXT_23,AAGTAGGGACAGAATACG,9
ACGACAAGTTGGGCAGTT,OXT_04,TAGACAGGGCTGACTGTG,9
ACGGTGCGCTTAGGGTGC,OXT_03,GACTTGGGCTCATGCTGT,9
TCCTAACCGACCTCACGT,OXT_19,CCCCCCCCCCCCCCCCCC,10
GATGCGAACAACCAATGG,OXT_13,TATTACACTAGTGGATGG,10
TGTACACAGTCGCCACGG,OXT_05,GGCGGACAGACTCTAATG,9
GTGTCGTAAGATATGTGC,OXT_10,AAGATGTATCGTGTGCTG,11
TCCCAATTGGACTATGTG,OXT_04,TAGACAGGGCTGACTGTG,11
GGGGCATGACAAACGGCT,OXT_11,GGGTAAGGGCACAACAGT,9
GTGACATCCTATGGCGCA,OXT_07,GTGGGTGCATTTGCTGTA,9
AGGTGGTTCGATCCTGCT,OXT_17,AGGAACTACGATCGTGAA,7
TCGAGGCGATCCTGCTGG,OXT_03,GACTTGGGCTCATGCTGT,9
CAGGCGGCGTCCACGATA,OXT_04,TAGACAGGGCTGACTGTG,10
ATGGGGAAAGCTGCACCT,OXT_07,GTGGGTGCATTTGCTGTA,10
ACGTGTAATGTGGTTTCA,OXT_07,GTGGGTGCATTTGCTGTA,11
TACCTCCATGACGTGTCA,OXT_10,AAGATGTATCGTGTGCTG,11
AGCACTGATCTTGATCAG,OXT_10,AAGATGTATCGTGTGCTG,9
TGTGTGTGAGTGTAGCCT,OXT_01,AGGCTGCGTAAGTCTGCT,10
AATGGTCCAGTCGAGCCG,OXT_09,TGTAGTGCTCGGCTGCCG,10
CTCGTAGGGAAACGGTGT,OXT_03,GACTTGGGCTCATGCTGT,9
GAACTGACCTTAATTGTG,OXT_16,ATAAACAGTCTAGCTGTG,10
GGAGGACTGGGAGAGAGT,OXT_02,AGGGGAGCGTGCGGAGGC,10
CATCGGGATATTGTGTGT,OXT_18,TAACGGGTTATCCATAAT,9
ACGGCATTGGACATGAGA,OXT_22,ACGGGACCGCAGATCGAG,9
GTTTAGGGGACCCCATGA,OXT_03,GACTTGGGCTCATGCTGT,10
GCGTCAGACAAGAAGGTG,OXT_26,GGGGCATTCACTGAGCTG,8
AGTGACGGTGCAAGAGGA,OXT_28,AGCGGCGGCGACGGCGAA,8
ACGGACCATGGCCATACG,OXT_15,AGGGTATAACGTCCTTTG,10
GCACCAGGCCTAATGGGA,OXT_04,TAGACAGGGCTGACTGTG,10
TGTAGCCCATAGTGGAGG,OXT_09,TGTAGTGCTCGGCTGCCG,9
GAGAGGTGAAACTGAGCT,OXT_01,AGGCTGCGTAAGTCTGCT,9
GGCATTCGAGGCCATATG,OXT_05,GGCGGACAGACTCTAATG,10
AGGCTAGTTTCCGATGAC,OXT_02,AGGGGAGCGTGCGGAGGC,8
TCGTAGTGTACCGGGCGG,OXT_13,TATTACACTAGTGGATGG,9
AGCCTATGCCATCGTATG,OXT_15,AGGGTATAACGTCCTTTG,7
TGGCGAGAGAGCTGCTGT,OXT_02,AGGGGAGCGTGCGGAGGC,8
AGCCAAGTACTTGGTGCG,OXT_15,AGGGTATAACGTCCTTTG,10
AGCAGTCCCAGCCTTGCG,OXT_09,TGTAGTGCTCGGCTGCCG,8
AGCGAACCCCTGAGGGAT,OXT_22,ACGGGACCGCAGATCGAG,8
AGCGACTACGGAACGTGC,OXT_20,AGGGCCTAGGGATGACGT,8
CAGGTGGTGTCCACGATG,OXT_04,TAGACAGGGCTGACTGTG,10
ACAACTTCGCATCCTGTG,OXT_04,TAGACAGGGCTGACTGTG,9
AGCCATCGTCATGCGTGT,OXT_01,AGGCTGCGTAAGTCTGCT,9
GTGGGAAGCTCGGCAATA,OXT_07,GTGGGTGCATTTGCTGTA,8
AAGGTTCCACTGGTTAGG,OXT_22,ACGGGACCGCAGATCGAG,9
GCCGAGAGGTGCAATCTG,OXT_11,GGGTAAGGGCACAACAGT,11
TCGCGTGAGGATACTTGT,OXT_04,TAGACAGGGCTGACTGTG,11
CGCGGTGTCAACGCTGTT,OXT_28,AGCGGCGGCGACGGCGAA,8
TGCATGTACCGGGATGTA,OXT_10,AAGATGTATCGTGTGCTG,9
TTCATCAGCTCACTCGTG,OXT_06,ATCATCATCATCATCATC,8
GCCGAAGCCATTAACGTG,OXT_26,GGGGCATTCACTGAGCTG,9
GTGCGATGAATAGAGCTG,OXT_26,GGGGCATTCACTGAGCTG,7
AGGTGTTGAGGAGTGTGT,OXT_20,AGGGCCTAGGGATGACGT,9
ACGGTGGATGAGACTGAT,OXT_01,AGGCTGCGTAAGTCTGCT,7
CAGTGGTAAATCGGACAG,OXT_10,AAGATGTATCGTGTGCTG,10
TTCCGATAGTATTCGGGG,OXT_27,GTAGAATGGGCATCGTCG,10
GCGGAGTAACTAAGCGTG,OXT_15,AGGGTATAACGTCCTTTG,10
ACAGCCTGACCATGAGTG,OXT_16,ATAAACAGTCTAGCTGTG,9
GGGCCAAGAGCAGACGCG,OXT_26,GGGGCATTCACTGAGCTG,9
GGGTACGAAGGCGCGAAT,OXT_11,GGGTAAGGGCACAACAGT,9
GTACTGACTCAGTACGTG,OXT_01,AGGCTGCGTAAGTCTGCT,10
TAGGCGTAGATAGGTCGA,OXT_20,AGGGCCTAGGGATGACGT,8
TCGGGAGGATGGTCGCCG,OXT_09,TGTAGTGCTCGGCTGCCG,9
GGTGCGTATACGTCGCGT,OXT_20,AGGGCCTAGGGATGACGT,9
TCACGTGCTAGTAAGGTG,OXT_09,TGTAGTGCTCGGCTGCCG,9
GGATTGGGTGATAAGTCC,OXT_11,GGGTAAGGGCACAACAGT,10
GTGTGCCACTGTACACGA,OXT_07,GTGGGTGCATTTGCTGTA,10
TGCGATGATTCACGGGTA,OXT_25,TGCATCGCAACAGCAGTT,10
ACGGGCAATGTGTAGCAC,OXT_20,AGGGCCTAGGGATGACGT,10
AGTAGTAAGACCGCGCTG,OXT_05,GGCGGACAGACTCTAATG,10
ACGGTGTGTAATATGTCG,OXT_10,AAGATGTATCGTGTGCTG,8
ACAACACACGTAGCTCGT,OXT_12,AATACAGCGGTGTTTCTA,10
AAGCCGATGTCGTTTCTA,OXT_12,AATACAGCGGTGTTTCTA,7
ATGGATCCTGGTGCACTA,OXT_07,GTGGGTGCATTTGCTGTA,8
ATGGGCGATCATACTGCA,OXT_07,GTGGGTGCATTTGCTGTA,8
GGGACACAAAGACTAAAG,OXT_05,GGCGGACAGACTCTAATG,7
TTAACACGGTGGTTGCGT,OXT_12,AATACAGCGGTGTTTCTA,10
CCATAAAGCAGTGCCTGT,OXT_13,TATTACACTAGTGGATGG,9
AGCATCAGATGGTCAGAG,OXT_25,TGCATCGCAACAGCAGTT,9
GCGGTGCGTAACAGATTC,OXT_01,AGGCTGCGTAAGTCTGCT,10
GCCAACGGGGCATGATGT,OXT_03,GACTTGGGCTCATGCTGT,7
ACAGGGGCTACGCTGCAA,OXT_09,TGTAGTGCTCGGCTGCCG,9
TCTAAGCTGGGATGGTTA,OXT_12,AATACAGCGGTGTTTCTA,11
AGATGGCACTTGGCGCGT,OXT_01,AGGCTGCGTAAGTCTGCT,11
AGTAGAGTGATGCCGGCG,OXT_09,TGTAGTGCTCGGCTGCCG,8
GCTCGAATGGCAATGTAT,OXT_27,GTAGAATGGGCATCGTCG,10
GCGGTGTTCCATGGATAT,OXT_08,GACGGCATTCAGGCACGT,10
TCATGGTTCGCTCTTACG,OXT_18,TAACGGGTTATCCATAAT,10
ATCACCTACACACTTCCT,OXT_06,ATCATCATCATCATCATC,10
ACGAGGTCTGTACGTTCG,OXT_17,AGGAACTACGATCGTGAA,10
GGAAGGAGATTTCTAGAT,OXT_05,GGCGGACAGACTCTAATG,11
GGTAGGTAGCAGATGTCG,OXT_09,TGTAGTGCTCGGCTGCCG,8
TGGGTCCACATCTCGCTG,OXT_26,GGGGCATTCACTGAGCTG,9
ACGGCATGGACAGGATTG,OXT_26,GGGGCATTCACTGAGCTG,8
AGGGCAGAATCTTAGACG,OXT_26,GGGGCATTCACTGAGCTG,8
GACGAGGTTATGGACGTG,OXT_08,GACGGCATTCAGGCACGT,10
TACGGTGAACAGCATACT,OXT_23,AAGTAGGGACAGAATACG,8
ATCGCGACACTGTGTTCT,OXT_01,AGGCTGCGTAAGTCTGCT,11
AACTTGGAGACGTCTGGC,OXT_01,AGGCTGCGTAAGTCTGCT,9
AGGGTCAGGCTTACAAGT,OXT_11,GGGTAAGGGCACAACAGT,9
GGGACGGGATCGGGAGTA,OXT_07,GTGGGTGCATTTGCTGTA,9
TCGCCCGAATTCCGCTGT,OXT_03,GACTTGGGCTCATGCTGT,11
AGACATAGTCGCGTAAGG,OXT_16,ATAAACAGTCTAGCTGTG,9
TGCGGAATTGGACGGGAT,OXT_28,AGCGGCGGCGACGGCGAA,10
GGGCAGTACCAGTGTCTT,OXT_01,AGGCTGCGTAAGTCTGCT,9
CGGGGCAGAGACTACCGT,OXT_11,GGGTAAGGGCACAACAGT,9
CGACACTAGCAGTCGACG,OXT_27,GTAGAATGGGCATCGTCG,9
GACACTAATCCGCCATAG,OXT_08,GACGGCATTCAGGCACGT,9
GGAGGACAGGTACGTGCT,OXT_05,GGCGGACAGACTCTAATG,9
CTTGCGTCCTAGGAGCTG,OXT_26,GGGGCATTCACTGAGCTG,8
TCAGGGTAGGATGCAGTG,OXT_05,GGCGGACAGACTCTAATG,10
ACACGAGGGCGCTGTGCT,OXT_02,AGGGGAGCGTGCGGAGGC,9
GGCGTGTACAGAAGTCGT,OXT_20,AGGGCCTAGGGATGACGT,8
TCCATGGCTCGGCCTGAA,OXT_09,TGTAGTGCTCGGCTGCCG,9
ATGGCACGAGAGGAAAGT,OXT_11,GGGTAAGGGCACAACAGT,10
ACGCCGACTACTTTAGTG,OXT_01,AGGCTGCGTAAGTCTGCT,10
TAGCTGGCATATCGGTAG,OXT_03,GACTTGGGCTCATGCTGT,11
GACGGTGCATAATGATCG,OXT_03,GACTTGGGCTCATGCTGT,9
TGGCGTAACGTTAAATGG,OXT_13,TATTACACTAGTGGATGG,11
GTGGTACTTATACCTATG,OXT_05,GGCGGACAGACTCTAATG,9
GCGGGATAGGGATGTGGA,OXT_20,AGGGCCTAGGGATGACGT,7
GAGGGTACACCTTGCACA,OXT_07,GTGGGTGCATTTGCTGTA,9
AGGGAAGTGTGCCCGGGC,OXT_02,AGGGGAGCGTGCGGAGGC,5
TATGCGGGCCAAGGGCGT,OXT_03,GACTTGGGCTCATGCTGT,9
TTACGAATGCCATATGCG,OXT_27,GTAGAATGGGCATCGTCG,9
ACAGGGTCGAAGCGTGAT,OXT_22,ACGGGACCGCAGATCGAG,8
AGGCCAGTTCCAGGCAGT,OXT_11,GGGTAAGGGCACAACAGT,9
AAACGAACGCAGGGCGTG,OXT_22,ACGGGACCGCAGATCGAG,7
ATGGCTACTAATGCGTCT,OXT_01,AGGCTGCGTAAGTCTGCT,10
TACGCTAGAGACGGTCTG,OXT_28,AGCGGCGGCGACGGCGAA,10
AACAGGGTGACCGTCCTG,OXT_06,ATCATCATCATCATCATC,9
AGGCAGTGACCGATGTAC,OXT_23,AAGTAGGGACAGAATACG,9
ACGCGCAGAAGGCGGACA,OXT_01,AGGCTGCGTAAGTCTGCT,11
TCATGGAACAGGCGCGGC,OXT_13,TATTACACTAGTGGATGG,11
GCAAAGACGGTGCTGCAC,OXT_12,AATACAGCGGTGTTTCTA,10
GTCCCTCTCATTAGGGTG,OXT_26,GGGGCATTCACTGAGCTG,9
TGGTTGCACGAGTAGTGT,OXT_01,AGGCTGCGTAAGTCTGCT,9
AGGCCATGCAGTCATGCT,OXT_01,AGGCTGCGTAAGTCTGCT,8
CTTGGGATGGACGACTTA,OXT_28,AGCGGCGGCGACGGCGAA,10
AACCTTATGCTCTCCCAT,OXT_06,ATCATCATCATCATCATC,10
TCATGTAGCTCCTCTTGC,OXT_03,GACTTGGGCTCATGCTGT,10
GGCGGCGTTTGACTGTAC,OXT_09,TGTAGTGCTCGGCTGCCG,10
ACCAGTACTGGAAGACGT,OXT_20,AGGGCCTAGGGATGACGT,9
ATGCCGAGACGGTGCCCT,OXT_01,AGGCTGCGTAAGTCTGCT,9
GGCCCTAGCCATAGATAG,OXT_28,AGCGGCGGCGACGGCGAA,11
ACGAGCAGTTCAAGACGG,OXT_14,TTGAGCGTAACGACAGTG,10
ACGGGGAGCTAGTCGCCA,OXT_01,AGGCTGCGTAAGTCTGCT,9
GCAGCGGGCTTCACAGTT,OXT_04,TAGACAGGGCTGACTGTG,10
AGGGAAGGACGTCGCGCG,OXT_15,AGGGTATAACGTCCTTTG,7
TAATGTGTGGAGTCTTCT,OXT_18,TAACGGGTTATCCATAAT,10
GGGCGTACGGCACAGAAT,OXT_24,GGGATTCGGTCATGTCCT,10
ACACCAACGCTATTGTGC,OXT_12,AATACAGCGGTGTTTCTA,10
GCAGCCTGGTCCCGTGAT,OXT_24,GGGATTCGGTCATGTCCT,10
AGACGCTTGCACTCTTTG,OXT_15,AGGGTATAACGTCCTTTG,9
ATAAGACGACGTACTGCA,OXT_16,ATAAACAGTCTAGCTGTG,9
GGCCCGCTTAGTTCTGCT,OXT_01,AGGCTGCGTAAGTCTGCT,6
TCTGCAGGTACCGCTATG,OXT_04,TAGACAGGGCTGACTGTG,9
GCGGCGATGACATAGGTG,OXT_26,GGGGCATTCACTGAGCTG,7
GGAAGCGGGTCTCAAGTA,OXT_05,GGCGGACAGACTCTAATG,9
GGGAAAGACACTTCATGG,OXT_05,GGCGGACAGACTCTAATG,9
TTATACTGTGACGTGGTG,OXT_16,ATAAACAGTCTAGCTGTG,8
GGATAATCCGTCGTGGAA,OXT_17,AGGAACTACGATCGTGAA,10
GGGATGTGCGCAAATAGA,OXT_24,GGGATTCGGTCATGTCCT,9
GAGTGTGGAGCGAAAGTA,OXT_14,TTGAGCGTAACGACAGTG,8
GCTGGGGCATTGATGTCC,OXT_07,GTGGGTGCATTTGCTGTA,10
AAGGGGCCAATGCAGGTT,OXT_01,AGGCTGCGTAAGTCTGCT,10
GGTGTAGACATGCAGCGG,OXT_26,GGGGCATTCACTGAGCTG,8
AGGACGGGCAACTTCACA,OXT_01,AGGCTGCGTAAGTCTGCT,9
ATAGCTAGTGGGACGTAG,OXT_27,GTAGAATGGGCATCGTCG,9
GCGGAGTAAGGGATGCGC,OXT_10,AAGATGTATCGTGTGCTG,10
CGAGGGAAAACGTCATTG,OXT_05,GGCGGACAGACTCTAATG,9
ACCGAGTATGCCAATGGA,OXT_17,AGGAACTACGATCGTGAA,10
AGAGCGTGAGACCATTGT,OXT_15,AGGGTATAACGTCCTTTG,10
TAGCTAAGCCCTGTTGCG,OXT_04,TAGACAGGGCTGACTGTG,9
ATAGTGTAGTAGTCATTG,OXT_15,AGGGTATAACGTCCTTTG,9
GGAGCCGCCGTAATTGAG,OXT_28,AGCGGCGGCGACGGCGAA,10
GTGTGCGATTAATACCCT,OXT_03,GACTTGGGCTCATGCTGT,10
ACGGCTTCAAGACTGCTG,OXT_10,AAGATGTATCGTGTGCTG,9
GTGGCTTGGCTCGTTCGT,OXT_07,GTGGGTGCATTTGCTGTA,10
ACGTGGCGTCAGACCGGA,OXT_22,ACGGGACCGCAGATCGAG,7
AGGCTGGGCGATCCAATA,OXT_01,AGGCTGCGTAAGTCTGCT,9
CGTTCGGGCATAACGTCA,OXT_03,GACTTGGGCTCATGCTGT,11
ATGCGGACCAGGTGCGTT,OXT_01,AGGCTGCGTAAGTCTGCT,9
ACGGGTGCAAAGAGGACG,OXT_22,ACGGGACCGCAGATCGAG,8
GGCAGTCCTCGAATTGCA,OXT_09,TGTAGTGCTCGGCTGCCG,8
CGGGTGGACGCTTCGGAA,OXT_17,AGGAACTACGATCGTGAA,9
TGTCGGGTAGAAGTCGCG,OXT_09,TGTAGTGCTCGGCTGCCG,10
TTCGGCGCTATCACTAAT,OXT_18,TAACGGGTTATCCATAAT,7
ACCGGGGATCACGCGCTA,OXT_08,GACGGCATTCAGGCACGT,9
ACGCAGAAGAAGCCTGAG,OXT_01,AGGCTGCGTAAGTCTGCT,8
AGGCATGGATACGCTGTG,OXT_07,GTGGGTGCATTTGCTGTA,8
AGGAGTGAACATACGCCG,OXT_09,TGTAGTGCTCGGCTGCCG,8
GGCATCGAAGGCATTAGT,OXT_06,ATCATCATCATCATCATC,10
GCAGTGCGAGATTGCAAA,OXT_28,AGCGGCGGCGACGGCGAA,10
GTGCGCTTAATACCGGTT,OXT_14,TTGAGCGTAACGACAGTG,8
GGGTGACCTAACAATGCT,OXT_01,AGGCTGCGTAAGTCTGCT,8
TGATGGGTTCCGATATTA,OXT_14,TTGAGCGTAACGACAGTG,9
GGGTAGCATTTATGTCTT,OXT_24,GGGATTCGGTCATGTCCT,7
ATTACAGGCTCCCGTCGA,OXT_12,AATACAGCGGTGTTTCTA,9
GGGGTAAGGTGACATTGC,OXT_02,AGGGGAGCGTGCGGAGGC,9
GCTAGTTGAGACTTGGTG,OXT_09,TGTAGTGCTCGGCTGCCG,11
ACGTACTTGGACGTCGGT,OXT_11,GGGTAAGGGCACAACAGT,9
AACATGACGTAAACGGCG,OXT_01,AGGCTGCGTAAGTCTGCT,11
TGACGGTGGATACTATCC,OXT_18,TAACGGGTTATCCATAAT,10
ACTAGGAGTGTGCGAACG,OXT_09,TGTAGTGCTCGGCTGCCG,10
GGTAGCCTCAGATGTTAG,OXT_24,GGGATTCGGTCATGTCCT,10
AGTGACCTTTTGCAGCAT,OXT_08,GACGGCATTCAGGCACGT,11
GGTTGGCATTGGGATCCT,OXT_01,AGGCTGCGTAAGTCTGCT,10
AGGCCTGATGCGACGCCG,OXT_09,TGTAGTGCTCGGCTGCCG,9
GCAGGGCAGGTCGCGAAG,OXT_05,GGCGGACAGACTCTAATG,10
CCGGTGGTATCCGAAGTG,OXT_14,TTGAGCGTAACGACAGTG,9
ATCGCCATGGCTGAAGTG,OXT_26,GGGGCATTCACTGAGCTG,9
GGCAGTGTAGTGTAGCCG,OXT_09,TGTAGTGCTCGGCTGCCG,8
GCGGAGTTGAAGACGTGT,OXT_08,GACGGCATTCAGGCACGT,10
ATACGGGTACGCGAGGAT,OXT_18,TAACGGGTTATCCATAAT,8
TAGTGTCTGACGCGTACA,OXT_18,TAACGGGTTATCCATAAT,10
ATAGGAGATTGGTTGTAT,OXT_02,AGGGGAGCGTGCGGAGGC,11
AGTGGGAAAGGACGCGAT,OXT_20,AGGGCCTAGGGATGACGT,9
TTGGTGCCAGTTCCGTCG,OXT_15,AGGGTATAACGTCCTTTG,9
AAGCACAGTTCGACTAAT,OXT_01,AGGCTGCGTAAGTCTGCT,9
GTGCGCACGGTGTAGGCA,OXT_07,GTGGGTGCATTTGCTGTA,10
ATGTGTACGGTGACGGCC,OXT_07,GTGGGTGCATTTGCTGTA,10
ATCAAGGCGCAGTGTGCT,OXT_01,AGGCTGCGTAAGTCTGCT,9
GGGGCATTGCAACAGGTT,OXT_26,GGGGCATTCACTGAGCTG,7
GTATGTGCACTACGGCAT,OXT_07,GTGGGTGCATTTGCTGTA,10
ACGGCATGAACCGTCGGA,OXT_02,AGGGGAGCGTGCGGAGGC,10
AGACCAACGCTAATTCCG,OXT_12,AATACAGCGGTGTTTCTA,9
GCGGCAGGTACGGATCGG,OXT_26,GGGGCATTCACTGAGCTG,7
TAGGGCTTACTCATGTCG,OXT_14,TTGAGCGTAACGACAGTG,10
AGGCCCAGTGGTGCTCTG,OXT_16,ATAAACAGTCTAGCTGTG,8
TCTACAGTCTCGCGTGTG,OXT_04,TAGACAGGGCTGACTGTG,8
TGGTCCAGGATGTGGATG,OXT_04,TAGACAGGGCTGACTGTG,9
GAGGCGACTAATCAACGG,OXT_08,GACGGCATTCAGGCACGT,9
AGAGGTAGCATGGCCTGG,OXT_16,ATAAACAGTCTAGCTGTG,10
CATACGGATACGGCGGCT,OXT_01,AGGCTGCGTAAGTCTGCT,10
GCTGTATCTATGGCGTGG,OXT_13,TATTACACTAGTGGATGG,10
AAATCCCGGTCCGTTGTG,OXT_16,ATAAACAGTCTAGCTGTG,9
GCGCAGACGTAATTGATG,OXT_21,GAGCAACGGGTCAGCATT,11
ACGGGATGGCAAGTGCGA,OXT_22,ACGGGACCGCAGATCGAG,8
TACGCTAACTAGCATGGG,OXT_04,TAGACAGGGCTGACTGTG,11
AATATATCTAATCGGGCA,OXT_17,AGGAACTACGATCGTGAA,9
GCACAAGGCTACGACGTG,OXT_11,GGGTAAGGGCACAACAGT,9
GTATGCCCAGACGCGTTA,OXT_07,GTGGGTGCATTTGCTGTA,9
GTGAGCAGACGATACGGA,OXT_16,ATAAACAGTCTAGCTGTG,10
ACACCCTACGATAATGGC,OXT_17,AGGAACTACGATCGTGAA,8
CACGATGTCGCTGCGTTG,OXT_26,GGGGCATTCACTGAGCTG,9
GCTAGCCCCGTCTAGGAC,OXT_29,CCCCCCCCCCCCCCGCCC,10
CACGTAGGGATCTCTTAA,OXT_04,TAGACAGGGCTGACTGTG,10
ACTGAGTCTACCCTAGTG,OXT_05,GGCGGACAGACTCTAATG,10
ACTAGTCCCGCCGTATGC,OXT_02,AGGGGAGCGTGCGGAGGC,10
AGGCAGAAGTTCAGCGGG,OXT_02,AGGGGAGCGTGCGGAGGC,9
AAGCGTAGACGACTGGCA,OXT_09,TGTAGTGCTCGGCTGCCG,10
GCTCAGCACACAATGTCG,OXT_27,GTAGAATGGGCATCGTCG,10
AAGTTGCCCAGACGACGG,OXT_13,TATTACACTAGTGGATGG,9
ACGGACCTCCCATCGGTA,OXT_16,ATAAACAGTCTAGCTGTG,10
AATGTGGCGGTCTTCGCT,OXT_12,AATACAGCGGTGTTTCTA,8
AGGGATACATTGTGACCG,OXT_02,AGGGGAGCGTGCGGAGGC,10
AGCGGCATTCAGTAGGCT,OXT_08,GACGGCATTCAGGCACGT,7
GTGCGTACACTACACGTG,OXT_07,GTGGGTGCATTTGCTGTA,8
TGTACTGGACGGCTATGT,OXT_09,TGTAGTGCTCGGCTGCCG,7
TCAGGCATGGTTCGCGCA,OXT_28,AGCGGCGGCGACGGCGAA,10
ACCCAACTTCGCTCGGTG,OXT_16,ATAAACAGTCTAGCTGTG,10
ACGCACGTAACGCTCGGC,OXT_14,TTGAGCGTAACGACAGTG,9
GGGTATGAAGAGCGTACG,OXT_23,AAGTAGGGACAGAATACG,7
AGGATATCGCATGTGCTG,OXT_10,AAGATGTATCGTGTGCTG,5
ATCAGGATGGGTACTATG,OXT_06,ATCATCATCATCATCATC,9
ACATGCTACATCTCGTGT,OXT_20,AGGGCCTAGGGATGACGT,11
GGCACACTGGTGACGTCT,OXT_04,TAGACAGGGCTGACTGTG,10
ACCGGAGAGCAACAGTGT,OXT_11,GGGTAAGGGCACAACAGT,10
TACACGGTGGACCGCTCT,OXT_03,GACTTGGGCTCATGCTGT,10
AGAACACACGAGGCCTGG,OXT_15,AGGGTATAACGTCCTTTG,11
AGGGCACTGACGGGACTG,OXT_26,GGGGCATTCACTGAGCTG,6
GGGCACAGATGAGATCTG,OXT_16,ATAAACAGTCTAGCTGTG,9
AGGTAATCCCTTTAACGG,OXT_26,GGGGCATTCACTGAGCTG,9
CGTAGTCGAGATACGGAG,OXT_09,TGTAGTGCTCGGCTGCCG,11
GGGCGAACGCATGGTCTG,OXT_26,GGGGCATTCACTGAGCTG,9
GGTCAGACGATTATGTTC,OXT_05,GGCGGACAGACTCTAATG,11
TTGGGAGTACACCTTATG,OXT_14,TTGAGCGTAACGACAGTG,9
AACGGTAGCTCGACGAGT,OXT_08,GACGGCATTCAGGCACGT,9
CGGGGGCGCAAACAGAAT,OXT_01,AGGCTGCGTAAGTCTGCT,10
GCAACTGTGCATTTAGTG,OXT_04,TAGACAGGGCTGACTGTG,10
GCGGGTGATGACGAGGTT,OXT_07,GTGGGTGCATTTGCTGTA,9
ACACACTGCTGTGCCTGG,OXT_13,TATTACACTAGTGGATGG,10
TTGCACCCGGAGAGACTT,OXT_21,GAGCAACGGGTCAGCATT,8
GAGGTAGCCTACTCGATG,OXT_07,GTGGGTGCATTTGCTGTA,10
GGCGAGACCGGGACAGGG,OXT_08,GACGGCATTCAGGCACGT,10
ACACCAGAAGGCGGCACA,OXT_28,AGCGGCGGCGACGGCGAA,10
ACCGTGTGGGCAGCCTTA,OXT_27,GTAGAATGGGCATCGTCG,9
GACGGGAGTCGTCTATAA,OXT_08,GACGGCATTCAGGCACGT,9
ACACAGACTGCGCTAGCT,OXT_01,AGGCTGCGTAAGTCTGCT,10
GCTGGGTTGACTTCAGTG,OXT_05,GGCGGACAGACTCTAATG,8
GTAATTGCAACTGGTCGT,OXT_07,GTGGGTGCATTTGCTGTA,9
TAGGCAATCCCCTAGCGG,OXT_26,GGGGCATTCACTGAGCTG,7
AGGTGACCTTGACTGCTG,OXT_09,TGTAGTGCTCGGCTGCCG,8
TGCAGGGTCAGTCGTGCT,OXT_18,TAACGGGTTATCCATAAT,9
GAGGTAACGAAGGCACGG,OXT_08,GACGGCATTCAGGCACGT,7
AACGGGCATATTGGTGCA,OXT_01,AGGCTGCGTAAGTCTGCT,10
AGCGATATTGCGCCGAAG,OXT_05,GGCGGACAGACTCTAATG,11
ACGGGTCATTCTGCGCTC,OXT_07,GTGGGTGCATTTGCTGTA,9
AGGTCCAATGTGGGCCGA,OXT_20,AGGGCCTAGGGATGACGT,8
ACTGGGTGCTACGGTGAA,OXT_28,AGCGGCGGCGACGGCGAA,6
ACGGGTACGTTCGCTCAT,OXT_07,GTGGGTGCATTTGCTGTA,8
GCAACAGAAGGGCGATGG,OXT_15,AGGGTATAACGTCCTTTG,11
AGCGGTCGACGTGCGTGT,OXT_15,AGGGTATAACGTCCTTTG,9
AATGGGTAACGGGATCTG,OXT_10,AAGATGTATCGTGTGCTG,7
TAGGCAATCGACCGCATT,OXT_21,GAGCAACGGGTCAGCATT,8
AATGCCGTGTACAATGTG,OXT_04,TAGACAGGGCTGACTGTG,9
AGGGAAGCGACTGTCCAA,OXT_02,AGGGGAGCGTGCGGAGGC,9
AGGGCCTTAGTACCAGCT,OXT_20,AGGGCCTAGGGATGACGT,7
ATGGCGGCACAACACCTT,OXT_23,AAGTAGGGACAGAATACG,10
AGGCAGAGTGGAGGTGAC,OXT_01,AGGCTGCGTAAGTCTGCT,9
TGGCGTGTCTCACTAAGA,OXT_02,AGGGGAGCGTGCGGAGGC,11
ACACGGTAGGATGTGCTA,OXT_10,AAGATGTATCGTGTGCTG,8
ATGGTAGCGCCAGAGAGG,OXT_02,AGGGGAGCGTGCGGAGGC,9
AGCAGGAGACGCCTTTCG,OXT_09,TGTAGTGCTCGGCTGCCG,9
GGGTGGTTCTGGCATATG,OXT_26,GGGGCATTCACTGAGCTG,9
TTACCGGGTATCGAGGGT,OXT_18,TAACGGGTTATCCATAAT,7
TGCGAGTTGACGAGCGGT,OXT_03,GACTTGGGCTCATGCTGT,11
AGGGGCACCCGGGACTAC,OXT_02,AGGGGAGCGTGCGGAGGC,9
AAGGTCAACATATGTGTA,OXT_17,AGGAACTACGATCGTGAA,9
GAGTGATAAAAGTGCGCT,OXT_01,AGGCTGCGTAAGTCTGCT,10
GTAGCCAAATCTCCGTGT,OXT_27,GTAGAATGGGCATCGTCG,10
TGACGACGAGTGCGCGGA,OXT_21,GAGCAACGGGTCAGCATT,10
ACGCGGGATACTGGTACT,OXT_01,AGGCTGCGTAAGTCTGCT,9
GTGTGAGGTGCAATGTCA,OXT_27,GTAGAATGGGCATCGTCG,8
GTGTGGAGAGTGTAACAG,OXT_23,AAGTAGGGACAGAATACG,10
ACAGGTGGAAGCCTGCTG,OXT_09,TGTAGTGCTCGGCTGCCG,9
ACAGGCGCTAGATTCATG,OXT_22,ACGGGACCGCAGATCGAG,10
GGCAAGCAGATGACAGTG,OXT_05,GGCGGACAGACTCTAATG,8
ATCATACTGTGTGTGTAC,OXT_06,ATCATCATCATCATCATC,10
AGCAGAGTGATACGGCTT,OXT_05,GGCGGACAGACTCTAATG,10
ATACGGGATGTACGTAAG,OXT_18,TAACGGGTTATCCATAAT,7
GCAGACAAGCAGGTAGAG,OXT_22,ACGGGACCGCAGATCGAG,8
ACGGCATACATCAGGAGT,OXT_20,AGGGCCTAGGGATGACGT,9
GGCGGTTTACAGACTAGC,OXT_08,GACGGCATTCAGGCACGT,8
ACTGGGAATGACCAGATG,OXT_05,GGCGGACAGACTCTAATG,11
GGTTGCCAGATATGAGCT,OXT_20,AGGGCCTAGGGATGACGT,9
CGGATGTCGAACGTGTGG,OXT_10,AAGATGTATCGTGTGCTG,9
AAGCAGGAGTACGGCTGA,OXT_02,AGGGGAGCGTGCGGAGGC,9
ACAAGACGTGTCTACAGC,OXT_21,GAGCAACGGGTCAGCATT,10
GGCATAAAGGACTTGGTA,OXT_05,GGCGGACAGACTCTAATG,10
GCATAGCGTTCGATATCT,OXT_03,GACTTGGGCTCATGCTGT,10
ACTCGTTGGTGACTTCGG,OXT_09,TGTAGTGCTCGGCTGCCG,10
GGGGGGGAACCAGCCGCA,OXT_07,GTGGGTGCATTTGCTGTA,8
TACACGGGCATGACGTGG,OXT_04,TAGACAGGGCTGACTGTG,7
AACAACACTGTGCATGGG,OXT_16,ATAAACAGTCTAGCTGTG,8
ACGTGAAGTCATAACGTG,OXT_22,ACGGGACCGCAGATCGAG,7
CTGGGGAGACGCAACGCA,OXT_23,AAGTAGGGACAGAATACG,10
GGTCCAGGTCGATCCATG,OXT_04,TAGACAGGGCTGACTGTG,10
AACGTCCATGACCGCTCT,OXT_28,AGCGGCGGCGACGGCGAA,9
ACAATGCACATTGCGGCT,OXT_01,AGGCTGCGTAAGTCTGCT,9
CGGGACGACGATCCACTG,OXT_17,AGGAACTACGATCGTGAA,8
AGTACCATGCTCTGTGCT,OXT_12,AATACAGCGGTGTTTCTA,10
GTGGCTGGCCAACGATGT,OXT_03,GACTTGGGCTCATGCTGT,9
CACGAAGGGAGAGTGCTA,OXT_12,AATACAGCGGTGTTTCTA,10
GACGAGTCACTGGTCAAG,OXT_22,ACGGGACCGCAGATCGAG,10
AGGTACTTGGCCCTAACG,OXT_05,GGCGGACAGACTCTAATG,10
ACTCAGTCCGCATGGAGC,OXT_03,GACTTGGGCTCATGCTGT,11
GGTAGGCGATGGCTCCAG,OXT_09,TGTAGTGCTCGGCTGCCG,8
ACGGGCTAATCCGCGGTT,OXT_07,GTGGGTGCATTTGCTGTA,9
AGCAGGTCTACACGGCGT,OXT_09,TGTAGTGCTCGGCTGCCG,10
AAGTACCGGGTGACGACG,OXT_23,AAGTAGGGACAGAATACG,7
ACACAGATGGCGTCTGAG,OXT_01,AGGCTGCGTAAGTCTGCT,10
GTAGTATAGCGACAGGCG,OXT_27,GTAGAATGGGCATCGTCG,7
GGGCACTGGATCATAACT,OXT_21,GAGCAACGGGTCAGCATT,7
ATGCGGTAGGACCTGGTG,OXT_10,AAGATGTATCGTGTGCTG,9
CAAGGAGAGATATGGCTG,OXT_05,GGCGGACAGACTCTAATG,10
CAGGAGGCAGCATCTCGT,OXT_03,GACTTGGGCTCATGCTGT,10
AACTCCCTAAGACTCGCG,OXT_06,ATCATCATCATCATCATC,11
GCGGGATCGTACCTTGGT,OXT_02,AGGGGAGCGTGCGGAGGC,8
AGGCAGTATGTTGCTCCT,OXT_01,AGGCTGCGTAAGTCTGCT,8
GCACGGCGACTAGCAGTA,OXT_07,GTGGGTGCATTTGCTGTA,9
AACTCCCTGCATTACGCT,OXT_01,AGGCTGCGTAAGTCTGCT,11
ACCGACCTTATGCGCTGC,OXT_06,ATCATCATCATCATCATC,10
TGGGGAGCCGGACTGTAT,OXT_09,TGTAGTGCTCGGCTGCCG,9
GTAGGGCAATCCGACCTG,OXT_05,GGCGGACAGACTCTAATG,10
AGGGCGGTACGAACGTGT,OXT_15,AGGGTATAACGTCCTTTG,9
TGAGGACGTCAGGGTGTG,OXT_04,TAGACAGGGCTGACTGTG,9
ACGTGGACTGCAGGTTGG,OXT_13,TATTACACTAGTGGATGG,9
ACATCATGCATCGTGTAG,OXT_26,GGGGCATTCACTGAGCTG,10
ATCGGACTTACGTTCTGA,OXT_05,GGCGGACAGACTCTAATG,10
TAGCGGGGACCTCTGTCA,OXT_09,TGTAGTGCTCGGCTGCCG,10
AGCGCTGCAGTTCGTCGT,OXT_20,AGGGCCTAGGGATGACGT,9
AACCGGTTAGCTGGGATG,OXT_10,AAGATGTATCGTGTGCTG,9
ATTCCATCGATGGCGGCT,OXT_01,AGGCTGCGTAAGTCTGCT,10
ATGGGAACAGCAATGCCT,OXT_22,ACGGGACCGCAGATCGAG,10
ACATAGAGGCTGGTGCGC,OXT_16,ATAAACAGTCTAGCTGTG,10
AGCGGGCACATGGTTTAG,OXT_05,GGCGGACAGACTCTAATG,9
AACCACCATACGCTTGCT,OXT_01,AGGCTGCGTAAGTCTGCT,8
GCATCGCTTATAACAGTG,OXT_14,TTGAGCGTAACGACAGTG,10
CGGTGGGAAATCCGCCTG,OXT_05,GGCGGACAGACTCTAATG,11
GTGGGATACGGCTGATTC,OXT_02,AGGGGAGCGTGCGGAGGC,9
AGGGCCATAGTAGCGAGT,OXT_20,AGGGCCTAGGGATGACGT,8
GGAGTACACGTGACAGGG,OXT_05,GGCGGACAGACTCTAATG,10
AAGGAGGCAGACGTTCCC,OXT_23,AAGTAGGGACAGAATACG,8
ACTCGTGTTGTGATCCGT,OXT_09,TGTAGTGCTCGGCTGCCG,10
ACGAGGAGACATGTACTG,OXT_10,AAGATGTATCGTGTGCTG,7
TGGAGAGCACGGTGTTTG,OXT_04,TAGACAGGGCTGACTGTG,8
TCTGGGCCGATGTAGACG,OXT_09,TGTAGTGCTCGGCTGCCG,10
AGCGTAATGTACACGTCG,OXT_15,AGGGTATAACGTCCTTTG,10
GCGACTCGACTGCCGTGG,OXT_04,TAGACAGGGCTGACTGTG,9
GCCTGAGCATTACGGAGG,OXT_03,GACTTGGGCTCATGCTGT,10
TGCGCTGCTCTCTACGTG,OXT_04,TAGACAGGGCTGACTGTG,10
GAGGCGTGTACTGATGCT,OXT_26,GGGGCATTCACTGAGCTG,8
GCACGCGGTGATATGAGT,OXT_11,GGGTAAGGGCACAACAGT,10
TTGGTGTTCGCAGTGTCG,OXT_27,GTAGAATGGGCATCGTCG,8
AGGACGGTCAATGCATAG,OXT_26,GGGGCATTCACTGAGCTG,9
AGGGCGTGATCTAGGAGT,OXT_20,AGGGCCTAGGGATGACGT,9
GGACGGCATAACGATGCG,OXT_01,AGGCTGCGTAAGTCTGCT,8
TGGGAATACATGGTGTCC,OXT_26,GGGGCATTCACTGAGCTG,9
AAGCAGAAGACGCCGATT,OXT_01,AGGCTGCGTAAGTCTGCT,10
ACCAGCAGTTCTAGCCGG,OXT_03,GACTTGGGCTCATGCTGT,11
GATTGCCCCATAACCCGT,OXT_03,GACTTGGGCTCATGCTGT,10
GGAAGGCGTACCACGGAT,OXT_01,AGGCTGCGTAAGTCTGCT,9
GGAGCCAGCTTATCGAGT,OXT_03,GACTTGGGCTCATGCTGT,10
GATACTGGTCCAGCGTTG,OXT_04,TAGACAGGGCTGACTGTG,9
ACGAGGGATCGACATGCG,OXT_09,TGTAGTGCTCGGCTGCCG,9
GGCACACTCCTGGTTGTC,OXT_04,TAGACAGGGCTGACTGTG,9
GACTCGGTGTGTTGTTCG,OXT_03,GACTTGGGCTCATGCTGT,8
CAAGCGCCAAACGTGATG,OXT_05,GGCGGACAGACTCTAATG,11
AACCGATTCGGCGCTGGA,OXT_28,AGCGGCGGCGACGGCGAA,9
ATGCCTAGAGACGAGATG,OXT_23,AAGTAGGGACAGAATACG,10
GTGCTGAGACATGTTCCT,OXT_01,AGGCTGCGTAAGTCTGCT,9
TACGCCAAAGTGTGTCTT,OXT_12,AATACAGCGGTGTTTCTA,9
ATCTCGCCGTTGAGGGAT,OXT_22,ACGGGACCGCAGATCGAG,10
AAGCAGACACTGCAGGCG,OXT_23,AAGTAGGGACAGAATACG,7
ACGTGTGTCACCGAGTCA,OXT_26,GGGGCATTCACTGAGCTG,10
AGGAGCTGGGACGCACTT,OXT_20,AGGGCCTAGGGATGACGT,8
AGGACGGGAAGACTCTCT,OXT_01,AGGCTGCGTAAGTCTGCT,10
ACGACGACTGTAGCATGG,OXT_16,ATAAACAGTCTAGCTGTG,9
ATGGAGGATCGGCGCCCT,OXT_09,TGTAGTGCTCGGCTGCCG,10
ACTCTATCACCGGGTGGA,OXT_02,AGGGGAGCGTGCGGAGGC,11
AACATGTCTCAGAATGTG,OXT_10,AAGATGTATCGTGTGCTG,8
CATACTGCGTAATTGGAG,OXT_12,AATACAGCGGTGTTTCTA,9
CGCTCGATGGACAACCAG,OXT_11,GGGTAAGGGCACAACAGT,10
AGGCAGAACGGCATCATT,OXT_21,GAGCAACGGGTCAGCATT,8
ACGGGCAAATACGGAGAT,OXT_02,AGGGGAGCGTGCGGAGGC,8
ACCAGTATGAAATGTGTG,OXT_16,ATAAACAGTCTAGCTGTG,10
CGTGTACAGACGCCTATG,OXT_05,GGCGGACAGACTCTAATG,6
AGGTGTGTGGCCTACATT,OXT_11,GGGTAAGGGCACAACAGT,8
GTGGAAAGGTTTAGGTAT,OXT_21,GAGCAACGGGTCAGCATT,8
TGATGTCGGAGGCCCGGA,OXT_01,AGGCTGCGTAAGTCTGCT,11
GCCAGCGTGTGGAGCGCA,OXT_14,TTGAGCGTAACGACAGTG,10
ACTGTGCGAGCTAGATGG,OXT_03,GACTTGGGCTCATGCTGT,11
TCCGGAAGACGTCTCACT,OXT_05,GGCGGACAGACTCTAATG,10
AGGGTTAGCGCGGAGTGC,OXT_26,GGGGCATTCACTGAGCTG,10
AGGGGAATGGAAGACCTG,OXT_26,GGGGCATTCACTGAGCTG,8
AAATCGCTATGGATGGCG,OXT_23,AAGTAGGGACAGAATACG,9
GGGCAAAAAGGAGGGAGG,OXT_20,AGGGCCTAGGGATGACGT,10
GATGGAGTACACTCGAAG,OXT_08,GACGGCATTCAGGCACGT,10
GGAGGAGTGCGGTGTGTA,OXT_02,AGGGGAGCGTGCGGAGGC,9
CGGGAGAGATGGGCGTCA,OXT_01,AGGCTGCGTAAGTCTGCT,11
GTGGACAGCGCCGTGTAA,OXT_27,GTAGAATGGGCATCGTCG,9
ACATGCCATCGAATGTGC,OXT_10,AAGATGTATCGTGTGCTG,11
TGGCTCGGTAAGCAAAAT,OXT_01,AGGCTGCGTAAGTCTGCT,8
GGGCCCTGGACTATTGCT,OXT_01,AGGCTGCGTAAGTCTGCT,9
AGTGGGACAAAGAGCCGG,OXT_22,ACGGGACCGCAGATCGAG,9
ACAATACACGGCATTGTG,OXT_06,ATCATCATCATCATCATC,10
ACCACTCTAACTCGGCGG,OXT_26,GGGGCATTCACTGAGCTG,10
AATCATTGTGGCTCAAGT,OXT_20,AGGGCCTAGGGATGACGT,10
GCTCACCGGGCAAACGTC,OXT_21,GAGCAACGGGTCAGCATT,8
GACACGAGGGCTGTGTAA,OXT_03,GACTTGGGCTCATGCTGT,11
GAGGTGTCTTGGAGACTG,OXT_10,AAGATGTATCGTGTGCTG,8
GAGGTCATCTCAATGCAA,OXT_26,GGGGCATTCACTGAGCTG,10
CAATGGGATTTACGCGTG,OXT_03,GACTTGGGCTCATGCTGT,10
GGATAGCCAGGTGACTGA,OXT_13,TATTACACTAGTGGATGG,10
GTGTCACGTTTGGCCCCT,OXT_01,AGGCTGCGTAAGTCTGCT,10
TGGGGAGAATGGCCCTGG,OXT_15,AGGGTATAACGTCCTTTG,7
ACGACCGGATAGTCGGCG,OXT_01,AGGCTGCGTAAGTCTGCT,9
GGGGGAGGAAGTGTTGTG,OXT_07,GTGGGTGCATTTGCTGTA,7
TGGTACGTTAAGCCCTGT,OXT_11,GGGTAAGGGCACAACAGT,9
GCAGACGAGGTATGCGTG,OXT_27,GTAGAATGGGCATCGTCG,9
TGGGAGGAGCTCCATCCG,OXT_23,AAGTAGGGACAGAATACG,9
ATGCACTTGCATACGGAG,OXT_17,AGGAACTACGATCGTGAA,9
GTGACTTGATTCATCATG,OXT_06,ATCATCATCATCATCATC,9
ATACGGCAGGGACCATTG,OXT_05,GGCGGACAGACTCTAATG,10
TTTGTGCACTACCGATAG,OXT_03,GACTTGGGCTCATGCTGT,12
AGGGACGGCTATCAAACT,OXT_11,GGGTAAGGGCACAACAGT,9
TTGGATGCCGCAATCTCG,OXT_27,GTAGAATGGGCATCGTCG,9
GTGTCGGATTCAGAACGC,OXT_03,GACTTGGGCTCATGCTGT,10
CAGCCGTCAGGAGTGTTG,OXT_10,AAGATGTATCGTGTGCTG,8
TGAAGAGCGCAAGGTGAG,OXT_02,AGGGGAGCGTGCGGAGGC,9
TACCCACACAGTGCTCGT,OXT_08,GACGGCATTCAGGCACGT,11
AACGGGGCAGACCCACGA,OXT_08,GACGGCATTCAGGCACGT,9
GTGGCACACAGGACTAGT,OXT_01,AGGCTGCGTAAGTCTGCT,11
GCCTAGTGCGACGTGCGA,OXT_28,AGCGGCGGCGACGGCGAA,10
GAGGGAAGTGTGAATGAC,OXT_04,TAGACAGGGCTGACTGTG,9
AGAGCTCTCACTGTTGAT,OXT_26,GGGGCATTCACTGAGCTG,9
ACGGTGTGTGCGCAGTGA,OXT_01,AGGCTGCGTAAGTCTGCT,11
TGGTAGGAATGCCGTGTC,OXT_02,AGGGGAGCGTGCGGAGGC,9
CTCAAGGGACGCGGTCTA,OXT_16,ATAAACAGTCTAGCTGTG,10
GACGGCTCACATTGCTCT,OXT_08,GACGGCATTCAGGCACGT,9
GACGGAGGTTGTCGCACT,OXT_03,GACTTGGGCTCATGCTGT,9
GGGGGCACACCGATACTC,OXT_08,GACGGCATTCAGGCACGT,9
GAAGGACCGCAGCTAGGT,OXT_22,ACGGGACCGCAGATCGAG,7
TAGATGCGGCGCTAATAT,OXT_24,GGGATTCGGTCATGTCCT,10
GGTATGGGCTACATGGTT,OXT_03,GACTTGGGCTCATGCTGT,10
CACGTGGGGAATTTCGCG,OXT_01,AGGCTGCGTAAGTCTGCT,10
GGTGGCACCGGAATCTAG,OXT_22,ACGGGACCGCAGATCGAG,10
ACGGATCGATCATGTATG,OXT_24,GGGATTCGGTCATGTCCT,8
GGTAAGTGTCGAAGGTCG,OXT_09,TGTAGTGCTCGGCTGCCG,9
TAGGCGGTAAGCAGTCGA,OXT_18,TAACGGGTTATCCATAAT,10
GGGCAAGAGGGAACGGAG,OXT_27,GTAGAATGGGCATCGTCG,9
AACGGCGTCGGCTGATTC,OXT_28,AGCGGCGGCGACGGCGAA,8
AGCTTGCTAATCCTCGTG,OXT_06,ATCATCATCATCATCATC,8
GCAGCGTCACAATCTGTG,OXT_07,GTGGGTGCATTTGCTGTA,10
GCACGTATAGGGCTGTAT,OXT_09,TGTAGTGCTCGGCTGCCG,11
TGCACGTTCAGACAAGGC,OXT_25,TGCATCGCAACAGCAGTT,10
GGCGACAGAGAGATTGGC,OXT_08,GACGGCATTCAGGCACGT,10
AGCAGAATCGACACATGT,OXT_08,GACGGCATTCAGGCACGT,9
CATTCCACACGAGACGCT,OXT_13,TATTACACTAGTGGATGG,10
TGGTGCCCATTCAATTCG,OXT_23,AAGTAGGGACAGAATACG,10
AAGGGCCTATGATCACCA,OXT_20,AGGGCCTAGGGATGACGT,9
GAAGCAGACTCCTGCGGT,OXT_03,GACTTGGGCTCATGCTGT,7
AATGTGGATTTGGCCCAG,OXT_10,AAGATGTATCGTGTGCTG,9
GAGGGCACGATACGCAAT,OXT_21,GAGCAACGGGTCAGCATT,9
TCGTTCCAAGACTGCCTT,OXT_20,AGGGCCTAGGGATGACGT,10
GGGTAGAGTCGACGTCAG,OXT_16,ATAAACAGTCTAGCTGTG,10
ACGGGACGACGGATAGCA,OXT_22,ACGGGACCGCAGATCGAG,6
TGCGGATGAGTGTCGTGA,OXT_27,GTAGAATGGGCATCGTCG,9
ACAAGATTCACGGAGGAG,OXT_26,GGGGCATTCACTGAGCTG,8
GGCCGGTTGCAGGGGCCT,OXT_08,GACGGCATTCAGGCACGT,8
TCTAGAGGGTATCCGGCT,OXT_04,TAGACAGGGCTGACTGTG,10
TATACCCGCCGACGTATC,OXT_04,TAGACAGGGCTGACTGTG,10
TGAGGTGCAGCGTTCAGA,OXT_09,TGTAGTGCTCGGCTGCCG,10
GGCATCTCAGAGACCGCT,OXT_25,TGCATCGCAACAGCAGTT,8
GGTGCATTCCAGAGGGTA,OXT_26,GGGGCATTCACTGAGCTG,8
GGGTCCAGCGTGCAGATA,OXT_26,GGGGCATTCACTGAGCTG,10
CAGCGCGGTACGGTTCGA,OXT_08,GACGGCATTCAGGCACGT,10
AAAGGTAGCCGTACAGTG,OXT_16,ATAAACAGTCTAGCTGTG,9
ACTACATCACAGTAGTGG,OXT_12,AATACAGCGGTGTTTCTA,10
TCGAAGGCTGACATGCTG,OXT_09,TGTAGTGCTCGGCTGCCG,9
GTACGGTTATCAGCTCAT,OXT_07,GTGGGTGCATTTGCTGTA,10
CGCAGGGCAAAACGTCGT,OXT_25,TGCATCGCAACAGCAGTT,9
GAGTTCGCGAAAAGAGGT,OXT_03,GACTTGGGCTCATGCTGT,9
AGGCGGACAAATACGTTG,OXT_15,AGGGTATAACGTCCTTTG,9
ATACGGTGCGCGCTATTG,OXT_27,GTAGAATGGGCATCGTCG,10
GAGCGGGATGTAGTTGTG,OXT_07,GTGGGTGCATTTGCTGTA,9
GATGCGAAGGCGGACTAT,OXT_03,GACTTGGGCTCATGCTGT,11
GGTGCAACTACGTGGAGT,OXT_26,GGGGCATTCACTGAGCTG,10
GCTGGAGGACAGCAGGTG,OXT_22,ACGGGACCGCAGATCGAG,9
GGTGGCGCGGTAACGGTA,OXT_07,GTGGGTGCATTTGCTGTA,8
GGTATGACGATGCAGTGC,OXT_09,TGTAGTGCTCGGCTGCCG,11
GAGCCCAGACATCCACCT,OXT_08,GACGGCATTCAGGCACGT,8
ACGTGGTGAGTAGCAAGT,OXT_20,AGGGCCTAGGGATGACGT,10
TAGGGTCCAATCATCATG,OXT_21,GAGCAACGGGTCAGCATT,9
GGCTAGAACAATGACGCT,OXT_11,GGGTAAGGGCACAACAGT,10
GGGCATACCATATTGTCA,OXT_24,GGGATTCGGTCATGTCCT,11
GTGGCAGAAGTGTCCAGG,OXT_04,TAGACAGGGCTGACTGTG,10
GTGTGGCTTGAATGTAGG,OXT_01,AGGCTGCGTAAGTCTGCT,11
AAGCCGGAACGTCGAGAT,OXT_10,AAGATGTATCGTGTGCTG,10
AGGCACTGGAGAGGTTTA,OXT_17,AGGAACTACGATCGTGAA,9
AGGCTAAGAGACAGTGTA,OXT_01,AGGCTGCGTAAGTCTGCT,9
CACTGGTGGTAAGAGCGA,OXT_03,GACTTGGGCTCATGCTGT,10
GGGGATATGAGCCGCACT,OXT_11,GGGTAAGGGCACAACAGT,9
ACAGACGTCTTTGCTGGT,OXT_07,GTGGGTGCATTTGCTGTA,9
AACTACTGTGTTGCTGCG,OXT_16,ATAAACAGTCTAGCTGTG,7
ACGGGGAACCCCGTGATG,OXT_10,AAGATGTATCGTGTGCTG,8
CAGCTGGGTGAGACGTGA,OXT_01,AGGCTGCGTAAGTCTGCT,9
AGTGGTATGATGGTTGTT,OXT_07,GTGGGTGCATTTGCTGTA,10
TGGCGGAAAGTAGCCCCT,OXT_01,AGGCTGCGTAAGTCTGCT,11
ACGGGGCACAGGACTAGT,OXT_01,AGGCTGCGTAAGTCTGCT,9
ACACCCACATTCCCAGCT,OXT_19,CCCCCCCCCCCCCCCCCC,9
CACGGACTGCGAAGAGCT,OXT_02,AGGGGAGCGTGCGGAGGC,10
TAACCCCGAAAAGTAGTG,OXT_25,TGCATCGCAACAGCAGTT,9
GGACGCGGTGAGTAAGAG,OXT_28,AGCGGCGGCGACGGCGAA,9
GTCGACGGAATATCTGTC,OXT_07,GTGGGTGCATTTGCTGTA,8
GCGGAAAGCGCACAGTGT,OXT_27,GTAGAATGGGCATCGTCG,8
AGCGGGACGTAATTTAGT,OXT_02,AGGGGAGCGTGCGGAGGC,10
ATGGTACCAACGGTGTGG,OXT_22,ACGGGACCGCAGATCGAG,9
ATTCACGCCCACACCGAT,OXT_28,AGCGGCGGCGACGGCGAA,9
GCTAGGGAGTTCTACTCG,OXT_03,GACTTGGGCTCATGCTGT,11
AATGAGGCTTGACGTCAG,OXT_09,TGTAGTGCTCGGCTGCCG,10
ACATGACCTAAGGGAGTG,OXT_22,ACGGGACCGCAGATCGAG,8
GGGCCGTGTCGAGCATCT,OXT_01,AGGCTGCGTAAGTCTGCT,9
GCGTATTAGGACACGTGC,OXT_11,GGGTAAGGGCACAACAGT,9
GGACAGTGCCTGGCCAAT,OXT_11,GGGTAAGGGCACAACAGT,10
GGGGCCCTTATGGCAGCT,OXT_01,AGGCTGCGTAAGTCTGCT,8
ACTGGTACGACGATAGCG,OXT_22,ACGGGACCGCAGATCGAG,7
GCAGCGGCGAACAGGATG,OXT_05,GGCGGACAGACTCTAATG,11
TAACAGGTAGGTGCTCAT,OXT_18,TAACGGGTTATCCATAAT,8
GGGAAGCGGTATCCTAGA,OXT_11,GGGTAAGGGCACAACAGT,9
GCCACTGGTCGAAGTTGG,OXT_03,GACTTGGGCTCATGCTGT,10
GAGATCACACAGACGAGG,OXT_08,GACGGCATTCAGGCACGT,9
ATGGCTGCAATACGGGTT,OXT_07,GTGGGTGCATTTGCTGTA,8
AGCCTCTTGATCCACGTG,OXT_06,ATCATCATCATCATCATC,8
GGGTGTATTGGACAGGTG,OXT_09,TGTAGTGCTCGGCTGCCG,10
ATCCCTGGCAAGACATGT,OXT_01,AGGCTGCGTAAGTCTGCT,10
AACACGGGTCAGCGCACA,OXT_23,AAGTAGGGACAGAATACG,8
AGCCAGTACCGACGCGGC,OXT_17,AGGAACTACGATCGTGAA,9
AGAGCGTCTCGAGAGCGG,OXT_10,AAGATGTATCGTGTGCTG,8
CGTCGGCGTAACATATGA,OXT_01,AGGCTGCGTAAGTCTGCT,10
TGGTACGGAGACGTCTAT,OXT_11,GGGTAAGGGCACAACAGT,8
GTGCGGTCAGATGATGTC,OXT_07,GTGGGTGCATTTGCTGTA,7
GATGCAAGGGTGAGTCCG,OXT_04,TAGACAGGGCTGACTGTG,8
TGGGACGAAGAGCTCAAT,OXT_17,AGGAACTACGATCGTGAA,9
ATCCACACACCGCTCGAG,OXT_22,ACGGGACCGCAGATCGAG,9
TAGCCTGGTGGTTATGAG,OXT_04,TAGACAGGGCTGACTGTG,9
AGCAGGAGACGACGCGTA,OXT_28,AGCGGCGGCGACGGCGAA,9
ACGGAGGAAATGCCGGTG,OXT_14,TTGAGCGTAACGACAGTG,9
TTGTTGCGACCGTGCCTG,OXT_03,GACTTGGGCTCATGCTGT,10
AGGAGGTCCCGAAGAGGG,OXT_02,AGGGGAGCGTGCGGAGGC,8
AGCAACTCCGATCCAAGG,OXT_17,AGGAACTACGATCGTGAA,7
CGAGGTGCGTATCATGGA,OXT_07,GTGGGTGCATTTGCTGTA,8
TCGGGATTGGTAACAGAG,OXT_22,ACGGGACCGCAGATCGAG,8
CGGAGGTCACCGCCATGT,OXT_14,TTGAGCGTAACGACAGTG,10
ACAGCGTAGACTGTCGTG,OXT_05,GGCGGACAGACTCTAATG,9
GCCAGGAGGACGAACGGG,OXT_14,TTGAGCGTAACGACAGTG,10
GGCTACTTGACGGGCGTA,OXT_25,TGCATCGCAACAGCAGTT,10
GCCAGTGCTGATGTGCCT,OXT_09,TGTAGTGCTCGGCTGCCG,8
ATCACCGTATGGTCGTCT,OXT_14,TTGAGCGTAACGACAGTG,10
GCGGTCGACACCAGACTT,OXT_14,TTGAGCGTAACGACAGTG,10
AAGGCCAGAACCGATCCG,OXT_23,AAGTAGGGACAGAATACG,9
GCAGGGAATCAACTGGCT,OXT_08,GACGGCATTCAGGCACGT,10
ATGGCACGTAGGACATCG,OXT_01,AGGCTGCGTAAGTCTGCT,9
GATCTCGGACCACTGGTG,OXT_25,TGCATCGCAACAGCAGTT,10
TCACAGTGATCGCTTGTG,OXT_04,TAGACAGGGCTGACTGTG,11
TGCCCAGGACAATGAGTG,OXT_04,TAGACAGGGCTGACTGTG,9
ACCAGGGAGTAGTGAGGA,OXT_02,AGGGGAGCGTGCGGAGGC,9
TAGTGGACACTTTAGTTT,OXT_07,GTGGGTGCATTTGCTGTA,11
ACGACTGGCTAACGTATG,OXT_04,TAGACAGGGCTGACTGTG,10
GCGAGATTGCGGATACTG,OXT_22,ACGGGACCGCAGATCGAG,8
GGCAGCGGCTATGGTCTG,OXT_28,AGCGGCGGCGACGGCGAA,8
ACAGGCAGCACTCATGGC,OXT_16,ATAAACAGTCTAGCTGTG,11
TAGGGTACCATTAACTAA,OXT_07,GTGGGTGCATTTGCTGTA,10
GAAGGTGCCGCAGTGCTT,OXT_07,GTGGGTGCATTTGCTGTA,10
AGAGCACGTCTGCATCGG,OXT_04,TAGACAGGGCTGACTGTG,10
AGGGAGTGCACGACAAGG,OXT_23,AAGTAGGGACAGAATACG,9
ATGACGACCGATCATGAG,OXT_17,AGGAACTACGATCGTGAA,7
AGGCTAGTTGCGTAGACG,OXT_01,AGGCTGCGTAAGTCTGCT,9
TAGCCAGCGTATGTGCGC,OXT_02,AGGGGAGCGTGCGGAGGC,9
GTGTGGGTAAACCTTTGG,OXT_14,TTGAGCGTAACGACAGTG,10
ACGGGAGTGTGATGTACG,OXT_02,AGGGGAGCGTGCGGAGGC,8
GATAGGCGACTAGGTGGG,OXT_16,ATAAACAGTCTAGCTGTG,9
AATGCATGTGGCCCTAAT,OXT_15,AGGGTATAACGTCCTTTG,10
AAATGCCGTGATCTGATT,OXT_05,GGCGGACAGACTCTAATG,11
AACGAGGGCATCACGTCG,OXT_23,AAGTAGGGACAGAATACG,9
ATGGCGCATCGTATTGCT,OXT_01,AGGCTGCGTAAGTCTGCT,9
AGGAGGTATGTATTTGTA,OXT_17,AGGAACTACGATCGTGAA,8
GGGAAGCGGATGTTCCTG,OXT_21,GAGCAACGGGTCAGCATT,9
ACGGCAGTTGAAGCGTGC,OXT_02,AGGGGAGCGTGCGGAGGC,10
ATGGCGTATTATGCGTGA,OXT_10,AAGATGTATCGTGTGCTG,9
GTGGGTGACTGAACGGTG,OXT_07,GTGGGTGCATTTGCTGTA,7
AGGAGGGATGGTGATTGC,OXT_02,AGGGGAGCGTGCGGAGGC,9
AGCAATTGGGACGAGGCG,OXT_28,AGCGGCGGCGACGGCGAA,9
ACAGCCACTGACTCGAGT,OXT_08,GACGGCATTCAGGCACGT,10
AGGAAGGTGGACGGATGC,OXT_02,AGGGGAGCGTGCGGAGGC,7
GCGGGAGCCCTTTGCAAA,OXT_07,GTGGGTGCATTTGCTGTA,9
AATGTGAGTCGCGTACAC,OXT_10,AAGATGTATCGTGTGCTG,8
ACACGAGGTGTGCTTGTG,OXT_04,TAGACAGGGCTGACTGTG,9
AGGGCCCGTGCACCGTAA,OXT_17,AGGAACTACGATCGTGAA,10
GGGACTACTCCGACGCGT,OXT_08,GACGGCATTCAGGCACGT,9
ACACCAGGGTCAATGTTG,OXT_27,GTAGAATGGGCATCGTCG,9
GCGACGCGTGAATCCCCT,OXT_01,AGGCTGCGTAAGTCTGCT,8
ACGTGGTTCATCCAGTGT,OXT_18,TAACGGGTTATCCATAAT,9
GCACATTCAGACACGACT,OXT_21,GAGCAACGGGTCAGCATT,10
GGTGGCAATACGCATGTA,OXT_05,GGCGGACAGACTCTAATG,9
GATGCAATAGATTGTGGA,OXT_12,AATACAGCGGTGTTTCTA,10
TGGCATACACCCGTGGCA,OXT_09,TGTAGTGCTCGGCTGCCG,10
AGAGGTGAAGGATTGCTG,OXT_09,TGTAGTGCTCGGCTGCCG,9
GGGAATGAAGAACGATGA,OXT_17,AGGAACTACGATCGTGAA,8
GCGCGACATTCGAAGACG,OXT_05,GGCGGACAGACTCTAATG,10
GGAGGAAGGAACTCGTCT,OXT_27,GTAGAATGGGCATCGTCG,7
AGTGGTGCCCTCAGGTTG,OXT_09,TGTAGTGCTCGGCTGCCG,9
GGTAGCGTCGTAAGTGTG,OXT_14,TTGAGCGTAACGACAGTG,9
ATGGACCGATGCGCAATG,OXT_16,ATAAACAGTCTAGCTGTG,9
GCAGGTTGTGTCCCTGTG,OXT_07,GTGGGTGCATTTGCTGTA,9
GAAAGGTGTTTGAGATGT,OXT_03,GACTTGGGCTCATGCTGT,9
GAAGGAACGGTCTTCTGG,OXT_27,GTAGAATGGGCATCGTCG,9
TACATCGATCGGAATGTG,OXT_04,TAGACAGGGCTGACTGTG,7
TGGTTGTCAGCTTGATCT,OXT_03,GACTTGGGCTCATGCTGT,10
GACACAGTAGACGTTCCT,OXT_12,AATACAGCGGTGTTTCTA,9
GGGCAGCTAGACTTGACT,OXT_01,AGGCTGCGTAAGTCTGCT,9
TCAACGGAGGAATAGAGT,OXT_20,AGGGCCTAGGGATGACGT,10
GAGGCAGCTTAATGGACT,OXT_03,GACTTGGGCTCATGCTGT,10
GAGGTGCAGTAAAGGAAT,OXT_21,GAGCAACGGGTCAGCATT,9
ACGCTGGTGCCATGTAAC,OXT_24,GGGATTCGGTCATGTCCT,10
AACTTACGTTACGCATGG,OXT_03,GACTTGGGCTCATGCTGT,10
AGGCTGAGGGCACGGCAT,OXT_24,GGGATTCGGTCATGTCCT,8
ATGCAGGGACGCTGGACA,OXT_23,AAGTAGGGACAGAATACG,8
ACCGCCGTGACGGTGGAA,OXT_28,AGCGGCGGCGACGGCGAA,9
GGTGGACAGGCCGCGACT,OXT_05,GGCGGACAGACTCTAATG,8
GAACGCGTATCTGACGGT,OXT_03,GACTTGGGCTCATGCTGT,10
GGGGCACAGGGAGGTTCG,OXT_20,AGGGCCTAGGGATGACGT,8
CGTGGCGAATACGGCTGA,OXT_28,AGCGGCGGCGACGGCGAA,7
ATAGCGATGGTTGACATT,OXT_06,ATCATCATCATCATCATC,10
GGCGGTATTCCAGAGCAG,OXT_08,GACGGCATTCAGGCACGT,8
AGTGTGGATATGAATGAT,OXT_01,AGGCTGCGTAAGTCTGCT,8
CACACAGGTTGGCAGGTG,OXT_04,TAGACAGGGCTGACTGTG,8
ACGAACGAGTAGCCGTGA,OXT_17,AGGAACTACGATCGTGAA,9
TACGATGCTGCAGGTCGA,OXT_13,TATTACACTAGTGGATGG,10
GGTGTAGTCGATTCATTA,OXT_15,AGGGTATAACGTCCTTTG,10
AAGTATTCAGATTCTGGT,OXT_17,AGGAACTACGATCGTGAA,9
GCTAGCTCCTTTCATGTG,OXT_07,GTGGGTGCATTTGCTGTA,9
GGGTCGCGCACTGCCTGG,OXT_26,GGGGCATTCACTGAGCTG,8
TGTAGGATGGTGCCGATG,OXT_09,TGTAGTGCTCGGCTGCCG,9
GGGAGGCTACCATCACGA,OXT_24,GGGATTCGGTCATGTCCT,9
GTGCACGTACAAGGATGT,OXT_08,GACGGCATTCAGGCACGT,9
GGGGCAGAGACACATTGT,OXT_05,GGCGGACAGACTCTAATG,9
AGCAATCCAAGGTTTGTG,OXT_01,AGGCTGCGTAAGTCTGCT,10
GTTGACGCATACGAGAAG,OXT_07,GTGGGTGCATTTGCTGTA,10
GCAGGGCGATATGGCAAA,OXT_28,AGCGGCGGCGACGGCGAA,9
TGGGCGTAGGTAGATGCA,OXT_20,AGGGCCTAGGGATGACGT,9
GGAGGAACCGGTACCATA,OXT_05,GGCGGACAGACTCTAATG,10
GTAAGGGTCACGGATGCA,OXT_14,TTGAGCGTAACGACAGTG,9
CAAGGGTAAGCGCAGATT,OXT_18,TAACGGGTTATCCATAAT,10
CACTGGGTAACTCGGTAT,OXT_03,GACTTGGGCTCATGCTGT,9
AGCCAGTTAGGGATTGCT,OXT_01,AGGCTGCGTAAGTCTGCT,9
GGCGTGCGTATGAGGAGG,OXT_01,AGGCTGCGTAAGTCTGCT,10
GGGTACAATGTCACGACT,OXT_11,GGGTAAGGGCACAACAGT,9
GAGGCCGATAACAGTGCG,OXT_04,TAGACAGGGCTGACTGTG,10
ACAGGGTGAGCCTGTGCA,OXT_28,AGCGGCGGCGACGGCGAA,9
AGAAGGGAGTTCCCTCGT,OXT_18,TAACGGGTTATCCATAAT,9
AGGACGCTACACGGACGA,OXT_02,AGGGGAGCGTGCGGAGGC,10
TGGGCTCGAACATTGACA,OXT_24,GGGATTCGGTCATGTCCT,9
AGCGGTCCTTGGCTAACA,OXT_09,TGTAGTGCTCGGCTGCCG,8
AAGGATACAGCGTCGTCT,OXT_27,GTAGAATGGGCATCGTCG,9
GCACAGTTCTAATTGGGT,OXT_03,GACTTGGGCTCATGCTGT,10
ATGCATGCGGAGTATATG,OXT_23,AAGTAGGGACAGAATACG,8
ACGTTGGTCGAATGTCGT,OXT_03,GACTTGGGCTCATGCTGT,8
TGGAGGCACGTAGCTGTC,OXT_04,TAGACAGGGCTGACTGTG,10
GAGGGAGGACGAATCGTG,OXT_04,TAGACAGGGCTGACTGTG,8
GGTTTGTACGAATCTGCG,OXT_01,AGGCTGCGTAAGTCTGCT,9
TGGGGCAAGATCATTCGT,OXT_20,AGGGCCTAGGGATGACGT,9
ACGGACGAAACGTGGAGT,OXT_20,AGGGCCTAGGGATGACGT,9
CAGCATGGCAGCCGACGG,OXT_13,TATTACACTAGTGGATGG,10
GCGACGGAACAAACAGTG,OXT_04,TAGACAGGGCTGACTGTG,8
GCAGCATAGACGTGACTC,OXT_05,GGCGGACAGACTCTAATG,9
AACGTGCTCCACGGTGAT,OXT_28,AGCGGCGGCGACGGCGAA,8
GAGCCCAGGTACTCTCCT,OXT_24,GGGATTCGGTCATGTCCT,8
AACCAAGGCAGACGATTT,OXT_03,GACTTGGGCTCATGCTGT,9
AAAGGTTCGTTAATTGCA,OXT_07,GTGGGTGCATTTGCTGTA,9
GGGGACAGCTAGTCGTAG,OXT_27,GTAGAATGGGCATCGTCG,9
AGGAATCGGGAATGCGGT,OXT_24,GGGATTCGGTCATGTCCT,7
GGCGAATATAACCGTGTA,OXT_17,AGGAACTACGATCGTGAA,8
GGGGTATGAGCGCGTCTG,OXT_15,AGGGTATAACGTCCTTTG,7
TCCACAAAGGGCTCCGGT,OXT_20,AGGGCCTAGGGATGACGT,10
AGCTATCAAGCTGGAGCA,OXT_17,AGGAACTACGATCGTGAA,9
GGGACGGTAATGTGCGCA,OXT_01,AGGCTGCGTAAGTCTGCT,10
TACCGCAACAGACTAAGC,OXT_05,GGCGGACAGACTCTAATG,10
CTGGGAGCATATCCCGTG,OXT_07,GTGGGTGCATTTGCTGTA,6
GGTCGATATCAATGGTCT,OXT_27,GTAGAATGGGCATCGTCG,10
ACAGAGGCGTCCCATGTG,OXT_02,AGGGGAGCGTGCGGAGGC,10
AAGAGGGGCTTACGCCTG,OXT_03,GACTTGGGCTCATGCTGT,9
TGGAGTAGACACAATGCC,OXT_23,AAGTAGGGACAGAATACG,9
AGGCTGGCGTGACCTGGA,OXT_02,AGGGGAGCGTGCGGAGGC,8
ACGGACATGTGGCTATTT,OXT_20,AGGGCCTAGGGATGACGT,10
GGGGTACCACCCCTAACG,OXT_05,GGCGGACAGACTCTAATG,7
ACACGCTGCTAGCATGGG,OXT_17,AGGAACTACGATCGTGAA,10
ACTGTATCACGTGGACCA,OXT_15,AGGGTATAACGTCCTTTG,9
TCAACCGGTTAGTGTGGT,OXT_01,AGGCTGCGTAAGTCTGCT,10
CCAGGGAAGGAGTCAGGG,OXT_08,GACGGCATTCAGGCACGT,10
GCGATGGAGTTTCTGACT,OXT_10,AAGATGTATCGTGTGCTG,10
CGGGGACCAGCGTACTCT,OXT_22,ACGGGACCGCAGATCGAG,10
CACGTGAGAGGGTGAAAG,OXT_03,GACTTGGGCTCATGCTGT,11
GGCGCGCTGACTGTCAAG,OXT_05,GGCGGACAGACTCTAATG,6
GGACCACGATGGACAGGA,OXT_01,AGGCTGCGTAAGTCTGCT,11
GTGTGGACAGTACAATAG,OXT_07,GTGGGTGCATTTGCTGTA,11
AGACGTGATGAGACTCCA,OXT_01,AGGCTGCGTAAGTCTGCT,9
TTGGGTAGACGTTCCCCT,OXT_07,GTGGGTGCATTTGCTGTA,10
GCAAGGGCTCCTGGACCT,OXT_08,GACGGCATTCAGGCACGT,10
GGGGCACCAGATCTAGTC,OXT_05,GGCGGACAGACTCTAATG,8
GGGCGATGCTTTAACATG,OXT_21,GAGCAACGGGTCAGCATT,8
CGTAACAGTCAGTCGGTG,OXT_16,ATAAACAGTCTAGCTGTG,7
AGGGCACCATTTGCACGA,OXT_02,AGGGGAGCGTGCGGAGGC,8
ACAACAGCCGCTGTGACA,OXT_12,AATACAGCGGTGTTTCTA,9
GCGAAGAATCAGAGCGGT,OXT_11,GGGTAAGGGCACAACAGT,9
GAACCATGACCGGCTCGG,OXT_04,TAGACAGGGCTGACTGTG,9
AGGTCGATGCAGCTCGCT,OXT_01,AGGCTGCGTAAGTCTGCT,9
GGGCCATGTGACGCGACA,OXT_01,AGGCTGCGTAAGTCTGCT,10
GTGTCCGTAAGTAGCACT,OXT_11,GGGTAAGGGCACAACAGT,10
GCGGCGGCGAATACATGC,OXT_02,AGGGGAGCGTGCGGAGGC,10
GCCGATAAGTTCAGTGAT,OXT_21,GAGCAACGGGTCAGCATT,10
AGCATGACCTCGAATAGT,OXT_03,GACTTGGGCTCATGCTGT,10
AGGAGGCAGGAGACGGCG,OXT_01,AGGCTGCGTAAGTCTGCT,8
ACGGGCTCATTACCGTTG,OXT_15,AGGGTATAACGTCCTTTG,8
GCACATGTGGTACTCGTT,OXT_21,GAGCAACGGGTCAGCATT,9
TGACGGCATAGGATCTGG,OXT_09,TGTAGTGCTCGGCTGCCG,10
TTGACCAAGGATGGTGTG,OXT_17,AGGAACTACGATCGTGAA,8
TGCAGCAGGAAGTTCGGG,OXT_14,TTGAGCGTAACGACAGTG,10
AGCTGCGGAGTCGAACGG,OXT_28,AGCGGCGGCGACGGCGAA,8
GCCAGATGGGCGGTTTGA,OXT_12,AATACAGCGGTGTTTCTA,10
CATGGGAGGAAAAAGCGC,OXT_08,GACGGCATTCAGGCACGT,11
ACGGGTGGAAACGTCATG,OXT_22,ACGGGACCGCAGATCGAG,9
AATGGGCGAAACACTGGA,OXT_01,AGGCTGCGTAAGTCTGCT,9
ATGAGCCCGGCACCGTAT,OXT_27,GTAGAATGGGCATCGTCG,10
GCATCCCACGTTCCGCCG,OXT_29,CCCCCCCCCCCCCCGCCC,8
TGCCGTATCCAGTCGCTT,OXT_08,GACGGCATTCAGGCACGT,8
TCTAGGGTAACAGTGAAG,OXT_14,TTGAGCGTAACGACAGTG,9
GGAGGAACCTCTGATTGG,OXT_26,GGGGCATTCACTGAGCTG,8
AGCAGGCAGAAGGGGGAG,OXT_22,ACGGGACCGCAGATCGAG,9
AGCGAGGGCTGCACTCTA,OXT_28,AGCGGCGGCGACGGCGAA,9
AGGCGCATAGAGCTCCTG,OXT_14,TTGAGCGTAACGACAGTG,10
GGGAGTACATCAAGCTTT,OXT_24,GGGATTCGGTCATGTCCT,8
TGTGGGACAACCAAGCGG,OXT_09,TGTAGTGCTCGGCTGCCG,10
GCGGGCTTGATAAGCGGT,OXT_20,AGGGCCTAGGGATGACGT,9
AGGCTACTGATCTTTGGT,OXT_01,AGGCTGCGTAAGTCTGCT,7
AGATTGGCGAAGAAGGTG,OXT_23,AAGTAGGGACAGAATACG,9
ACTGTGGGGACAATCCCT,OXT_03,GACTTGGGCTCATGCTGT,10
TCAAGGATAGCTGGTACT,OXT_18,TAACGGGTTATCCATAAT,10
TGCAGTTCACCGTCCATT,OXT_25,TGCATCGCAACAGCAGTT,8
GCAGGAAGGCTGAAGGTT,OXT_04,TAGACAGGGCTGACTGTG,9
ATGAACCATGCCGATCGG,OXT_16,ATAAACAGTCTAGCTGTG,9
GCACAGCATCACGGTGTG,OXT_16,ATAAACAGTCTAGCTGTG,9
TACGTTGCTCAATACGCT,OXT_03,GACTTGGGCTCATGCTGT,10
CAACGGTGCGAGAGCGGT,OXT_03,GACTTGGGCTCATGCTGT,10
AAGGACACGACCGGTGCG,OXT_02,AGGGGAGCGTGCGGAGGC,9
ATGGGCAGGGTGCACATG,OXT_06,ATCATCATCATCATCATC,10
GTGGCACGCTTCCGTAGT,OXT_21,GAGCAACGGGTCAGCATT,8
TGGAGAGCTACCGTAATG,OXT_05,GGCGGACAGACTCTAATG,8
ACCGGGACATACGAGGCG,OXT_02,AGGGGAGCGTGCGGAGGC,10
GGCGATCGGCTCTGGCTT,OXT_21,GAGCAACGGGTCAGCATT,8
AACGGGATTACCCGCTGG,OXT_03,GACTTGGGCTCATGCTGT,10
GAACGGGTAGCGCAAAGC,OXT_18,TAACGGGTTATCCATAAT,8
ACGGCAGTGCTCTTTCCT,OXT_12,AATACAGCGGTGTTTCTA,8
GGGCACCACTTGATCTCT,OXT_21,GAGCAACGGGTCAGCATT,9
GTGCAGTGCGGAGTTCAA,OXT_17,AGGAACTACGATCGTGAA,10
TACCAGGAATCGTGCCAT,OXT_03,GACTTGGGCTCATGCTGT,8
GGACCGTCACCATAGGCT,OXT_27,GTAGAATGGGCATCGTCG,10
ATCGTTGGCCCAGACATG,OXT_03,GACTTGGGCTCATGCTGT,10
ATCTCCGGTATGCTTGCT,OXT_01,AGGCTGCGTAAGTCTGCT,9
TGCGGATATACGGTGCCA,OXT_05,GGCGGACAGACTCTAATG,9
AGCAGACGATACGTGTGG,OXT_02,AGGGGAGCGTGCGGAGGC,10
AGGCAGATGGTGTGGGCA,OXT_01,AGGCTGCGTAAGTCTGCT,9
TCAAGGTCAGTACACAGT,OXT_18,TAACGGGTTATCCATAAT,9
GTTAGGCGTGCGCTGCTG,OXT_09,TGTAGTGCTCGGCTGCCG,8
GCAGGCAATAGGTAGGTT,OXT_08,GACGGCATTCAGGCACGT,10
GGGATGTTTACATATAGT,OXT_24,GGGATTCGGTCATGTCCT,8
GGGGCCGACATGTACCGT,OXT_20,AGGGCCTAGGGATGACGT,8
GGCCGATACGTGTGTACT,OXT_21,GAGCAACGGGTCAGCATT,10
AAAGCTGTGCGGTGACTG,OXT_12,AATACAGCGGTGTTTCTA,9
TGACGCAGCAGTCCGAGT,OXT_18,TAACGGGTTATCCATAAT,10
GCGGAGTTCGACAGCTGG,OXT_11,GGGTAAGGGCACAACAGT,10
ACGGTAAACAGGGGCAGA,OXT_02,AGGGGAGCGTGCGGAGGC,10
TGGACGTAGGTGTGAATG,OXT_20,AGGGCCTAGGGATGACGT,8
GCACGTCGACAACGGTGG,OXT_27,GTAGAATGGGCATCGTCG,11
GAGGGTGACAACTATGAA,OXT_07,GTGGGTGCATTTGCTGTA,9
AGGCCGTGCAACCTAGGG,OXT_01,AGGCTGCGTAAGTCTGCT,9
TGGGTCTGCAGAGATCCG,OXT_26,GGGGCATTCACTGAGCTG,8
GAGCGACTGGTATGTGCA,OXT_21,GAGCAACGGGTCAGCATT,8
AGCGGTTCAGTATCTGCT,OXT_07,GTGGGTGCATTTGCTGTA,9
AACCATCCAGATCTGGTG,OXT_05,GGCGGACAGACTCTAATG,11
GCGGAAGACATGTGTGAG,OXT_04,TAGACAGGGCTGACTGTG,10
ACAGCCTGTCCAACTGTG,OXT_16,ATAAACAGTCTAGCTGTG,6
GGTGGTACAGCTAAACAT,OXT_05,GGCGGACAGACTCTAATG,11
ACTGGCGGCATTTAGGTC,OXT_28,AGCGGCGGCGACGGCGAA,10
GGCATACCATACTTCGAT,OXT_22,ACGGGACCGCAGATCGAG,10
AAGCAAGAAGACGCTGGT,OXT_01,AGGCTGCGTAAGTCTGCT,10
CAGTATTCCAGACTGTTC,OXT_10,AAGATGTATCGTGTGCTG,11
ATGTGGTCGCACCATTTA,OXT_15,AGGGTATAACGTCCTTTG,10
TATGGCACACTAGGAGTT,OXT_25,TGCATCGCAACAGCAGTT,8
GGGGCAAGGGAGTAGTAG,OXT_27,GTAGAATGGGCATCGTCG,8
ATGGGCCTCCACCATGCG,OXT_22,ACGGGACCGCAGATCGAG,9
GCAGGTCCATTCGTGATA,OXT_07,GTGGGTGCATTTGCTGTA,7
GGTTCACCACTACTCGGG,OXT_22,ACGGGACCGCAGATCGAG,10
AGCACACCCGACGTACTG,OXT_12,AATACAGCGGTGTTTCTA,9
ATAGTGCTTCAAGCGTGT,OXT_08,GACGGCATTCAGGCACGT,9
ACGTACGAAGAGGCGGGC,OXT_17,AGGAACTACGATCGTGAA,10
ACCGATAGTACAGACGCT,OXT_16,ATAAACAGTCTAGCTGTG,10
TCCGGTAGTATTCGCGTG,OXT_05,GGCGGACAGACTCTAATG,10
AACCATAGCCTAATGACG,OXT_23,AAGTAGGGACAGAATACG,9
TGGCGAGAAACTGCTCGT,OXT_25,TGCATCGCAACAGCAGTT,9
GGCCAGGGAAACTGGGTA,OXT_28,AGCGGCGGCGACGGCGAA,9
CAGCCTAGATGCTCTTCT,OXT_01,AGGCTGCGTAAGTCTGCT,10
ATAGCGCGACATCTTCCG,OXT_23,AAGTAGGGACAGAATACG,9
GGACGCGGCCTTAGTCGA,OXT_28,AGCGGCGGCGACGGCGAA,10
ACTCCATATCCGTGCCTG,OXT_10,AAGATGTATCGTGTGCTG,10
ATCGGGAAGATGGAGACG,OXT_05,GGCGGACAGACTCTAATG,10
ATGTACTGGTTAGAAGCT,OXT_16,ATAAACAGTCTAGCTGTG,9
TAGGGCAGAAGCGAATTG,OXT_13,TATTACACTAGTGGATGG,8
CGTGGTTTGCCGTCGCGT,OXT_08,GACGGCATTCAGGCACGT,9
ATGGACTACCACGCCGGT,OXT_17,AGGAACTACGATCGTGAA,9
GCATAAGACCCATTCTCT,OXT_03,GACTTGGGCTCATGCTGT,8
GGGCCCGAGGATCTGACA,OXT_17,AGGAACTACGATCGTGAA,9
ATGGAGTCATACTTCCCG,OXT_22,ACGGGACCGCAGATCGAG,10
AACCGGGTAGATCTACGT,OXT_08,GACGGCATTCAGGCACGT,9
AGGGCGAGGTGGGTGAGG,OXT_02,AGGGGAGCGTGCGGAGGC,9
TCGGGATGGCCTTGGTGT,OXT_27,GTAGAATGGGCATCGTCG,9
TCACCGTATCCCTAATGT,OXT_18,TAACGGGTTATCCATAAT,10
AGCCGAAGGTCGCGCCAG,OXT_05,GGCGGACAGACTCTAATG,10
AAGCGGACTGTTAGGTGA,OXT_13,TATTACACTAGTGGATGG,10
ATCACCCCGCTCTCGTCA,OXT_29,CCCCCCCCCCCCCCGCCC,8
GAGGTAGAGGCGCTCCGT,OXT_03,GACTTGGGCTCATGCTGT,10
TAGGGGATGGGCCAAAGA,OXT_18,TAACGGGTTATCCATAAT,9
ACACGTAGATTACCTGTG,OXT_16,ATAAACAGTCTAGCTGTG,7
GCACAATGTCGGGAATTC,OXT_16,ATAAACAGTCTAGCTGTG,11
AGTAATCCGGCACGCGAT,OXT_17,AGGAACTACGATCGTGAA,9
GGCGGTACAGTATCGGCG,OXT_07,GTGGGTGCATTTGCTGTA,9
AGACCCGGAGGTGGTAAG,OXT_28,AGCGGCGGCGACGGCGAA,9
GCAACACGGACGTGTGGT,OXT_24,GGGATTCGGTCATGTCCT,8
ACGGCTGTCCACACTGTG,OXT_04,TAGACAGGGCTGACTGTG,8
GGCGCGGTGTATAACACG,OXT_11,GGGTAAGGGCACAACAGT,9
TACCACGGTCCATAGTGT,OXT_03,GACTTGGGCTCATGCTGT,8
GAGGTCTATCCGATTAGT,OXT_08,GACGGCATTCAGGCACGT,9
ACGTAGCGTCGAGGTACC,OXT_23,AAGTAGGGACAGAATACG,8
ATCAGGTATGAGGCGGCG,OXT_10,AAGATGTATCGTGTGCTG,9
GCCAGGCGTAGACTGGAG,OXT_05,GGCGGACAGACTCTAATG,10
ATGATGCCAGCCAAGTGT,OXT_01,AGGCTGCGTAAGTCTGCT,12
TACGGAGAAGCGCGCTGT,OXT_03,GACTTGGGCTCATGCTGT,9
TTAACTGGGAAGACTATT,OXT_04,TAGACAGGGCTGACTGTG,7
TGTTGAAGGTTAGGCGCT,OXT_02,AGGGGAGCGTGCGGAGGC,10
GGCCTGAGTCGGTTAGTT,OXT_01,AGGCTGCGTAAGTCTGCT,8
GACGAAGTGGTCACACAG,OXT_21,GAGCAACGGGTCAGCATT,9
AGGGAAGGTAAGCTGCTG,OXT_09,TGTAGTGCTCGGCTGCCG,9
CGGGCAAAAGGCCGTGTT,OXT_15,AGGGTATAACGTCCTTTG,8
GTACCCAAAGAGCGCTCG,OXT_27,GTAGAATGGGCATCGTCG,11
GGAAGTATTACCCTAATT,OXT_05,GGCGGACAGACTCTAATG,8
GCAAGCAGAACATGTTCT,OXT_24,GGGATTCGGTCATGTCCT,8
GAGGCACCTGTGATCTCG,OXT_22,ACGGGACCGCAGATCGAG,8
AGGGTGACATACACGGGA,OXT_02,AGGGGAGCGTGCGGAGGC,9
ACCGGGCATACCTTGGCG,OXT_05,GGCGGACAGACTCTAATG,9
ACGCCAGACGGTGATGCC,OXT_02,AGGGGAGCGTGCGGAGGC,10
GCTGGTGGGTCTGATCGC,OXT_07,GTGGGTGCATTTGCTGTA,9
GACGGCGGCTCTATCGGT,OXT_03,GACTTGGGCTCATGCTGT,7
ATGGGAGAAGCAGCTTGA,OXT_07,GTGGGTGCATTTGCTGTA,8
CGGTAGCGGAAGGGCTGT,OXT_11,GGGTAAGGGCACAACAGT,8
ACCATAGGCCGTGTTCTC,OXT_10,AAGATGTATCGTGTGCTG,8
GGACGAGGTGGAAGGATT,OXT_21,GAGCAACGGGTCAGCATT,8
GGGGCGGTACCCATCCTT,OXT_11,GGGTAAGGGCACAACAGT,9
ATGGACGCCTAGGAAATG,OXT_23,AAGTAGGGACAGAATACG,9
AGGGACGGAAAATCATGT,OXT_20,AGGGCCTAGGGATGACGT,8
AGGTGACTGTCTTAGGCA,OXT_02,AGGGGAGCGTGCGGAGGC,10
TGCTGATGCGGCCCTCTG,OXT_15,AGGGTATAACGTCCTTTG,9
GGTGGTACACATTTACGG,OXT_08,GACGGCATTCAGGCACGT,9
AACGGGCAGTCATGCTCA,OXT_03,GACTTGGGCTCATGCTGT,8
ATCATGGGCCTGGGTGGT,OXT_03,GACTTGGGCTCATGCTGT,9
TTGTTCATGATATAAGTG,OXT_14,TTGAGCGTAACGACAGTG,8
TGCAAGGCGCTGTTGATG,OXT_09,TGTAGTGCTCGGCTGCCG,8
GTGGACAAAGCGATGTGT,OXT_27,GTAGAATGGGCATCGTCG,10
TGGCCGCACGATCTCGCT,OXT_01,AGGCTGCGTAAGTCTGCT,9
AACGGATCTCTCGCTGTG,OXT_16,ATAAACAGTCTAGCTGTG,8
GACGGGCCAGAGCATGCA,OXT_07,GTGGGTGCATTTGCTGTA,10
GCGGGAATGCATACGCTA,OXT_08,GACGGCATTCAGGCACGT,9
AGCTACCTGAGGCTAGTG,OXT_05,GGCGGACAGACTCTAATG,8
GACACGGGTGACGGCAAT,OXT_28,AGCGGCGGCGACGGCGAA,8
AGGGACGGTGCTGAGCTG,OXT_26,GGGGCATTCACTGAGCTG,7
GTGCCACGAGTAGGACCA,OXT_21,GAGCAACGGGTCAGCATT,9
GCGGCATCGTTGGTGAGA,OXT_02,AGGGGAGCGTGCGGAGGC,10
AGCAGTGGCGATCTGTGT,OXT_28,AGCGGCGGCGACGGCGAA,9
TCAAGGGATACAGTTACG,OXT_18,TAACGGGTTATCCATAAT,9
ACACCGGTATATCTAGTG,OXT_14,TTGAGCGTAACGACAGTG,11
GCAGATGGTGAGGCTCTT,OXT_08,GACGGCATTCAGGCACGT,9
GGGCATACTAATATCGCT,OXT_01,AGGCTGCGTAAGTCTGCT,9
GGACTGATACCACGGATG,OXT_05,GGCGGACAGACTCTAATG,11
AACGTTCAGATGTGAGCT,OXT_01,AGGCTGCGTAAGTCTGCT,9
TAGTCTGCCTACCGGGCT,OXT_02,AGGGGAGCGTGCGGAGGC,11
GGACGTCGAGTTGATGCG,OXT_07,GTGGGTGCATTTGCTGTA,9
TCTAATGGTCACCTGTAG,OXT_09,TGTAGTGCTCGGCTGCCG,7
ATGGTACATTGGGAAGCG,OXT_02,AGGGGAGCGTGCGGAGGC,9
GGGCGGGCAGCGGATGTT,OXT_07,GTGGGTGCATTTGCTGTA,8
TACGCTGTTGATGGTCTT,OXT_08,GACGGCATTCAGGCACGT,9
ACGAAGAGTGATGGTGCT,OXT_01,AGGCTGCGTAAGTCTGCT,8
TCGTGGGGAACTAGTGGA,OXT_14,TTGAGCGTAACGACAGTG,9
AACAGGCTAGTTGGCGCG,OXT_28,AGCGGCGGCGACGGCGAA,10
ATGGATGTCACCGAGGTC,OXT_26,GGGGCATTCACTGAGCTG,8
AGGACCTGCTCTCCCTGT,OXT_17,AGGAACTACGATCGTGAA,9
AAGCGAACAGGGATCGGA,OXT_22,ACGGGACCGCAGATCGAG,8
GAACAGGGATAGATGAGA,OXT_23,AAGTAGGGACAGAATACG,8
AGGAAGGTATACTGGTGT,OXT_02,AGGGGAGCGTGCGGAGGC,10
ACACGCGTGTCCTGTCCT,OXT_24,GGGATTCGGTCATGTCCT,9
TGGCGTCGAGTCTAGTGT,OXT_21,GAGCAACGGGTCAGCATT,10
GGGGGGCTGTCACGTGTA,OXT_24,GGGATTCGGTCATGTCCT,8
AGTGCCTCGATTTCACCT,OXT_20,AGGGCCTAGGGATGACGT,7
ATGTGGGAAAACTTGGCG,OXT_23,AAGTAGGGACAGAATACG,9
AGATGAACGCTATAGGAG,OXT_22,ACGGGACCGCAGATCGAG,9
ACGCTAGGACCAAGGGTG,OXT_04,TAGACAGGGCTGACTGTG,9
GGGTACCGCCAGCGCTAG,OXT_11,GGGTAAGGGCACAACAGT,9
GCAGAATGACACGATGGG,OXT_11,GGGTAAGGGCACAACAGT,9
TTGGTGTCAGCAGCGTCG,OXT_27,GTAGAATGGGCATCGTCG,7
GTCGTAAAGACAGATGTG,OXT_05,GGCGGACAGACTCTAATG,8
CACGACGTACCAATCGTG,OXT_14,TTGAGCGTAACGACAGTG,9
AATGGCGTCGTTCGCAAT,OXT_28,AGCGGCGGCGACGGCGAA,8
AGGTCGCAACAAGTGTCA,OXT_10,AAGATGTATCGTGTGCTG,10
ATAGCGATTTCCGGTGCA,OXT_16,ATAAACAGTCTAGCTGTG,10
AACGTCCCACAAACGTGT,OXT_08,GACGGCATTCAGGCACGT,9
GCTGATAGTGCGGAGTCG,OXT_27,GTAGAATGGGCATCGTCG,8
ACACTCACACTTAGCGCT,OXT_06,ATCATCATCATCATCATC,11
GCCACTCGTCTTGAGGTG,OXT_16,ATAAACAGTCTAGCTGTG,9
AGGGACGTCAAGGCCCGG,OXT_08,GACGGCATTCAGGCACGT,9
ACTGGAAGTGGTGAGTGA,OXT_13,TATTACACTAGTGGATGG,10
AAGAATGCCCGATATGTG,OXT_04,TAGACAGGGCTGACTGTG,9
AGGATAGCCATGGACGTG,OXT_04,TAGACAGGGCTGACTGTG,9
AGCATCGCTTGATACTGG,OXT_03,GACTTGGGCTCATGCTGT,9
CGTAGGGCTGCGAATTGA,OXT_09,TGTAGTGCTCGGCTGCCG,10
AGCGGACTGTATGCTATT,OXT_05,GGCGGACAGACTCTAATG,8
AAGGCGCCGGTCTTATCA,OXT_12,AATACAGCGGTGTTTCTA,8
GTGGTACACGAGACGGCA,OXT_01,AGGCTGCGTAAGTCTGCT,10
TTCGGAAGAATCGCCCCG,OXT_06,ATCATCATCATCATCATC,11
GGCCCAGACGTACGGTCG,OXT_27,GTAGAATGGGCATCGTCG,10
AGGCCCGAATGACGTGCT,OXT_20,AGGGCCTAGGGATGACGT,8
TGAGGAGACCGCCCGTTA,OXT_15,AGGGTATAACGTCCTTTG,8
ACATGTCGTGTATTGTGT,OXT_03,GACTTGGGCTCATGCTGT,11
GCACTGCCATCCTCTGGT,OXT_01,AGGCTGCGTAAGTCTGCT,9
TGAGCACTTTGCGGTCAG,OXT_02,AGGGGAGCGTGCGGAGGC,10
ACGCATGACACGATAGTG,OXT_14,TTGAGCGTAACGACAGTG,8
TCATCGCGTGTTGAGGCT,OXT_01,AGGCTGCGTAAGTCTGCT,11
ACCATCATATGGCCGACG,OXT_06,ATCATCATCATCATCATC,10
TATACGGTTCGCACGCAG,OXT_09,TGTAGTGCTCGGCTGCCG,8
GTTGTGGTTAGGTAGCTC,OXT_26,GGGGCATTCACTGAGCTG,10
AAGCCGTACTTACCGTGT,OXT_03,GACTTGGGCTCATGCTGT,10
GGAAGGGCAGTTGTAATG,OXT_05,GGCGGACAGACTCTAATG,9
GGCGACCGCATACGATTG,OXT_05,GGCGGACAGACTCTAATG,8
GTGCGTCTAAGGCTACGT,OXT_08,GACGGCATTCAGGCACGT,10
AGCCATGTTCAACTTCCT,OXT_09,TGTAGTGCTCGGCTGCCG,9
TGATCGCTCACATCGTAT,OXT_03,GACTTGGGCTCATGCTGT,10
AGGCTGATGTTACGGCTA,OXT_24,GGGATTCGGTCATGTCCT,10
AGCGATGCATCGGCGCGT,OXT_25,TGCATCGCAACAGCAGTT,9
AGGTAGGGAACCGAACAT,OXT_11,GGGTAAGGGCACAACAGT,9
GCGGGGAAAGGGCATTGG,OXT_15,AGGGTATAACGTCCTTTG,9
GGGGATTCATCAATCGCA,OXT_07,GTGGGTGCATTTGCTGTA,9
TGGACCCGGAGCCCTGTA,OXT_04,TAGACAGGGCTGACTGTG,8
TAGCATGGAACGCGTTGC,OXT_23,AAGTAGGGACAGAATACG,10
GCAGGGTAGAGTGCATGT,OXT_05,GGCGGACAGACTCTAATG,10
GCGCAAGTTATGAGCGTG,OXT_21,GAGCAACGGGTCAGCATT,8
TGCACGACGGCTGGCGGT,OXT_25,TGCATCGCAACAGCAGTT,9
ATGACTGTAGTGCCATGC,OXT_14,TTGAGCGTAACGACAGTG,9
GACAGGGCGTGCACTCAG,OXT_04,TAGACAGGGCTGACTGTG,10
AGCGCGAGGTGAAGGATG,OXT_20,AGGGCCTAGGGATGACGT,10
AATGGGCAGTAGTCTCGT,OXT_01,AGGCTGCGTAAGTCTGCT,9
TCGACAGCCCGTGACACT,OXT_11,GGGTAAGGGCACAACAGT,10
ACAGCAGGTAAACGACGT,OXT_20,AGGGCCTAGGGATGACGT,9
AGGGTTCATATAGACCGG,OXT_10,AAGATGTATCGTGTGCTG,10
CTGCAGGGATGCAAGACA,OXT_23,AAGTAGGGACAGAATACG,8
AACCGGTCGAGCGTAGAC,OXT_02,AGGGGAGCGTGCGGAGGC,8
ACGGTCAGTCTGTGTCAA,OXT_01,AGGCTGCGTAAGTCTGCT,10
GTGTCCGAATCCCTGTTG,OXT_14,TTGAGCGTAACGACAGTG,10
AGGCGACGTGACCCTTGT,OXT_01,AGGCTGCGTAAGTCTGCT,7
GTAGAGCGTGCTCAGTAG,OXT_27,GTAGAATGGGCATCGTCG,7
TAAGAGCGCCACTCCGTG,OXT_04,TAGACAGGGCTGACTGTG,10
AGCCAAATTCGTGTGCCT,OXT_10,AAGATGTATCGTGTGCTG,9
TACAGGGGAACGCCAGCG,OXT_14,TTGAGCGTAACGACAGTG,6
TCGGTAAGCCGTCGTGCT,OXT_15,AGGGTATAACGTCCTTTG,9
CGGGGAGTAAACGCGCAT,OXT_26,GGGGCATTCACTGAGCTG,9
ACGATCGTAATGGGATGT,OXT_14,TTGAGCGTAACGACAGTG,9
GGGACTCAACGTAATCTG,OXT_15,AGGGTATAACGTCCTTTG,8
TGCGGGTAATCACGCTGT,OXT_03,GACTTGGGCTCATGCTGT,8
CAGATTACCCGGCCGTGG,OXT_09,TGTAGTGCTCGGCTGCCG,9
GGACAACGGGAACACTGT,OXT_11,GGGTAAGGGCACAACAGT,7
GCATACCAACCGGCTGGT,OXT_08,GACGGCATTCAGGCACGT,10
GGCGTGATACAGGCGTGA,OXT_08,GACGGCATTCAGGCACGT,7
AGTAGGCGACGACTGGTA,OXT_09,TGTAGTGCTCGGCTGCCG,9
ATACGGTTAGGTGACAGT,OXT_18,TAACGGGTTATCCATAAT,10
GCCCTGCATCCGGGTGTA,OXT_01,AGGCTGCGTAAGTCTGCT,10
TGTGGTAGGACAACACGA,OXT_05,GGCGGACAGACTCTAATG,11
GGGAACAATATGCCCGCT,OXT_01,AGGCTGCGTAAGTCTGCT,9
TAGCAGGTGTAATGCACT,OXT_03,GACTTGGGCTCATGCTGT,9
ACGCGGACTGCCTAAGGT,OXT_01,AGGCTGCGTAAGTCTGCT,10
TCAGGAGCTACATATTCG,OXT_27,GTAGAATGGGCATCGTCG,9
AGCATGATATATGCTGGT,OXT_01,AGGCTGCGTAAGTCTGCT,9
ACACAGCAGACAGACATA,OXT_05,GGCGGACAGACTCTAATG,11
GCACTAGAATGGTCGACG,OXT_27,GTAGAATGGGCATCGTCG,10
GCGGGCCATAGCTTACCT,OXT_20,AGGGCCTAGGGATGACGT,9
CTTGGGCGAAACGTATTC,OXT_05,GGCGGACAGACTCTAATG,11
CAGACGTTGCATCACCAT,OXT_10,AAGATGTATCGTGTGCTG,10
TATGGGTACGGCTCGATG,OXT_10,AAGATGTATCGTGTGCTG,10
ACGAATGACTGGGCCGTT,OXT_07,GTGGGTGCATTTGCTGTA,10
ATATGGCCTAATGCCGTG,OXT_16,ATAAACAGTCTAGCTGTG,9
GTAACACTGTAACTGGCT,OXT_24,GGGATTCGGTCATGTCCT,10
GTGTACTCGCTCTCACTA,OXT_07,GTGGGTGCATTTGCTGTA,10
GAGGACAGCCAGCCCGAT,OXT_08,GACGGCATTCAGGCACGT,8
GCAGCGGCATGCAATGGT,OXT_02,AGGGGAGCGTGCGGAGGC,10
GGTGCGACAGTGCCGAAG,OXT_09,TGTAGTGCTCGGCTGCCG,11
GGGCAGATAGTGAGGCGT,OXT_21,GAGCAACGGGTCAGCATT,9
GGGTACTACTGTACGCGG,OXT_26,GGGGCATTCACTGAGCTG,9
CTCCATGGATGCACGAGG,OXT_11,GGGTAAGGGCACAACAGT,11
AAGGATAGTCTGACCATG,OXT_04,TAGACAGGGCTGACTGTG,8
ACAATGCCCGATGCTGTG,OXT_16,ATAAACAGTCTAGCTGTG,9
AAGGTTGGACACTTAGCT,OXT_01,AGGCTGCGTAAGTCTGCT,9
CGGCAAGGGATTCAGCAG,OXT_26,GGGGCATTCACTGAGCTG,9
GGGCCGCGAAACAGTACT,OXT_01,AGGCTGCGTAAGTCTGCT,7
ATGGCTGTTGACTGTGCT,OXT_01,AGGCTGCGTAAGTCTGCT,9
ACGGTCTATCGGTGGAAG,OXT_10,AAGATGTATCGTGTGCTG,8
GGTAGACTATGGATCGTA,OXT_14,TTGAGCGTAACGACAGTG,10
CGGCAGGCAGGAGTGAGT,OXT_02,AGGGGAGCGTGCGGAGGC,11
GCGGTGCCTGAGAAGTGC,OXT_22,ACGGGACCGCAGATCGAG,10
GGACCGGGAAAATGTCAT,OXT_01,AGGCTGCGTAAGTCTGCT,9
GTGTGATGGGTCGAACAT,OXT_11,GGGTAAGGGCACAACAGT,9
GGGGCCCTCGCTATGCAT,OXT_26,GGGGCATTCACTGAGCTG,7
AGTAGGTTACACCGTATG,OXT_15,AGGGTATAACGTCCTTTG,9
ATCACGGTTAACTATGGG,OXT_01,AGGCTGCGTAAGTCTGCT,10
TTACAGGCAACCAAAGTG,OXT_14,TTGAGCGTAACGACAGTG,7
CGCCTACGAGCATCGTGC,OXT_27,GTAGAATGGGCATCGTCG,9
ACGAGGGTATTCGCAGCA,OXT_07,GTGGGTGCATTTGCTGTA,8
TGGGAATGGGCACGCGAC,OXT_17,AGGAACTACGATCGTGAA,9
GGATGGCCCCCGCTAAGG,OXT_05,GGCGGACAGACTCTAATG,8
ACGGCGATTACTGCAGTG,OXT_26,GGGGCATTCACTGAGCTG,8
ATCGTGGACGTATCGTGT,OXT_03,GACTTGGGCTCATGCTGT,8
TCATGAGGTGATCCGGCG,OXT_09,TGTAGTGCTCGGCTGCCG,10
GCGGGAGATGGCGGAACA,OXT_02,AGGGGAGCGTGCGGAGGC,8
GAGACTCGTATAGGTCAG,OXT_24,GGGATTCGGTCATGTCCT,8
GATGTGGAATAACAGCAA,OXT_03,GACTTGGGCTCATGCTGT,11
GGGATGCGACTGTTTCAT,OXT_24,GGGATTCGGTCATGTCCT,7
AGGTTACCAGCTGTAGTG,OXT_05,GGCGGACAGACTCTAATG,9
TGATGCACGCCTAGGGAG,OXT_13,TATTACACTAGTGGATGG,10
GCAGGTGCTACCGTTGGA,OXT_07,GTGGGTGCATTTGCTGTA,8
ACCAGACGGACAACATGG,OXT_05,GGCGGACAGACTCTAATG,9
TGGGAGATGCGTATACCA,OXT_09,TGTAGTGCTCGGCTGCCG,11
GAGGGCAACAGGGAGTAT,OXT_08,GACGGCATTCAGGCACGT,9
GTATACTAATGGCTCCGT,OXT_20,AGGGCCTAGGGATGACGT,11
AATGGCCTGCACTGTGCG,OXT_22,ACGGGACCGCAGATCGAG,9
TTCGGAACCAGGGCGCTC,OXT_08,GACGGCATTCAGGCACGT,10
TCGCATGTGCAAGGGTAT,OXT_11,GGGTAAGGGCACAACAGT,11
TGGCTGGCCTGTCATGCT,OXT_01,AGGCTGCGTAAGTCTGCT,9
ATGGGGAAACACCTGCGC,OXT_10,AAGATGTATCGTGTGCTG,10
GGGGACTGTTTTCCATGT,OXT_08,GACGGCATTCAGGCACGT,10
ACCGGTGCATGATGTGTT,OXT_07,GTGGGTGCATTTGCTGTA,8
TGCACCGCAGTCGATGCT,OXT_25,TGCATCGCAACAGCAGTT,7
AGACGCTCTATCGGTATG,OXT_16,ATAAACAGTCTAGCTGTG,9
TAAGACATACGTGATCAG,OXT_13,TATTACACTAGTGGATGG,9
GATGTGCACACCTCTGGT,OXT_01,AGGCTGCGTAAGTCTGCT,9
AGTGTGTTCACGAGGTAA,OXT_26,GGGGCATTCACTGAGCTG,10
TTGACAAATACTCCCGCT,OXT_14,TTGAGCGTAACGACAGTG,10
ACAGTCATAGTGTGCTAG,OXT_06,ATCATCATCATCATCATC,11
AACAGGGCGATAACTAAC,OXT_18,TAACGGGTTATCCATAAT,9
AGGCGGCGGAAGGCGTGA,OXT_01,AGGCTGCGTAAGTCTGCT,7
AGGGCAGCGACGTTGAGT,OXT_02,AGGGGAGCGTGCGGAGGC,9
ACACGGAGAGATGGTGCA,OXT_28,AGCGGCGGCGACGGCGAA,9
GCCATGACTGGGACTGGG,OXT_01,AGGCTGCGTAAGTCTGCT,11
GGCACATATCTGGAGCGT,OXT_08,GACGGCATTCAGGCACGT,9
ATCCGAATTGGTGAATGG,OXT_13,TATTACACTAGTGGATGG,9
AGGATGGAAACGTGTTCG,OXT_01,AGGCTGCGTAAGTCTGCT,8
ATGAGAGGTGAGCTTGTA,OXT_12,AATACAGCGGTGTTTCTA,8
GGTCAGCTCTTCGAGGGA,OXT_26,GGGGCATTCACTGAGCTG,11
TGGCGCACTCGTTTATCG,OXT_09,TGTAGTGCTCGGCTGCCG,8
ACGGCATTGTTGACTTGG,OXT_04,TAGACAGGGCTGACTGTG,8
TGGTACACGACGACACTG,OXT_14,TTGAGCGTAACGACAGTG,7
ACAGGCACGAGTCGTCAA,OXT_17,AGGAACTACGATCGTGAA,10
GGAGCGCGCAGACTAGTA,OXT_05,GGCGGACAGACTCTAATG,9
GGACGCAACGCACTGTGG,OXT_05,GGCGGACAGACTCTAATG,10
GTCGATATGGAGCCCTTG,OXT_27,GTAGAATGGGCATCGTCG,9
ACTCGTGACGAAGCGGCT,OXT_28,AGCGGCGGCGACGGCGAA,10
TGGTTCACAACTGCTCTG,OXT_25,TGCATCGCAACAGCAGTT,7
AGGGCAAGGGCGATGGAA,OXT_22,ACGGGACCGCAGATCGAG,8
GTGAGGACGGATGGAGGG,OXT_02,AGGGGAGCGTGCGGAGGC,9
GCGCATAGGGTCGAGCAG,OXT_21,GAGCAACGGGTCAGCATT,9
GCTGTGTGCTCAGCCGCT,OXT_03,GACTTGGGCTCATGCTGT,8
ATGCATTCGTGACTTTGT,OXT_20,AGGGCCTAGGGATGACGT,10
GGCGGGACTCTATGCTCA,OXT_03,GACTTGGGCTCATGCTGT,10
GCAGCGGAACGGTACTGA,OXT_03,GACTTGGGCTCATGCTGT,11
ACGTAGCAGCTCCAGCGG,OXT_10,AAGATGTATCGTGTGCTG,10
TGGTTGCGTATCGGTGAG,OXT_01,AGGCTGCGTAAGTCTGCT,8
GTGAAGGGCGAGAGCTAG,OXT_23,AAGTAGGGACAGAATACG,9
ACGGGAAGGTGTAACGTC,OXT_02,AGGGGAGCGTGCGGAGGC,8
ATGGAGGACAACTTTACT,OXT_01,AGGCTGCGTAAGTCTGCT,9
TAGCGTCCTGACTGTCAT,OXT_18,TAACGGGTTATCCATAAT,9
TGGATCTGGGATCGAGCG,OXT_17,AGGAACTACGATCGTGAA,7
ACAGGGATGAGTTCGCTG,OXT_10,AAGATGTATCGTGTGCTG,10
CATGGTATTTACTCGCCT,OXT_08,GACGGCATTCAGGCACGT,8
AGGTGCCCAGTTCCGGAT,OXT_17,AGGAACTACGATCGTGAA,9
GACACGCTGTCGGGTGCA,OXT_24,GGGATTCGGTCATGTCCT,9
GTGAGGCAAGCCGAGCAG,OXT_10,AAGATGTATCGTGTGCTG,10
GCACGGGTTGCCATTGAC,OXT_18,TAACGGGTTATCCATAAT,8
TATGATGGAGGACTTGGG,OXT_09,TGTAGTGCTCGGCTGCCG,10
TCAGGGCTAGAATTACGT,OXT_08,GACGGCATTCAGGCACGT,10
CATGACGTGATGCTGCGA,OXT_12,AATACAGCGGTGTTTCTA,9
ACACGTGTCGCGTAACAG,OXT_14,TTGAGCGTAACGACAGTG,11
ATAGGCTGGGAAGAGTAT,OXT_27,GTAGAATGGGCATCGTCG,8
TCACACACCACGTTTGCT,OXT_01,AGGCTGCGTAAGTCTGCT,10
CAACGAATTCCTCTTCCT,OXT_18,TAACGGGTTATCCATAAT,9
AAGGGACTCAAGCATTCT,OXT_01,AGGCTGCGTAAGTCTGCT,9
GGAGGTGACAACTGCAGG,OXT_28,AGCGGCGGCGACGGCGAA,9
ATAGGTGGACTGACTGCT,OXT_07,GTGGGTGCATTTGCTGTA,8
TGACCAGGAACTCATGCG,OXT_04,TAGACAGGGCTGACTGTG,10
CGTGCACGAGAGACAAGT,OXT_11,GGGTAAGGGCACAACAGT,10
AGCAAAGACAGCCCGGTG,OXT_15,AGGGTATAACGTCCTTTG,9
GGGACGGCTTGTGTGCCT,OXT_09,TGTAGTGCTCGGCTGCCG,8
ACCGACAGACAATGTGCG,OXT_16,ATAAACAGTCTAGCTGTG,8
AACGGGCAGTACATCACT,OXT_22,ACGGGACCGCAGATCGAG,9
ACAGGGGAGTCTGAGCCG,OXT_10,AAGATGTATCGTGTGCTG,10
GAGGGGATGGGACACGAG,OXT_22,ACGGGACCGCAGATCGAG,10
AGTGGAGAGTGTCGGAGG,OXT_02,AGGGGAGCGTGCGGAGGC,7
GTACAGCCTATGGAGCGT,OXT_18,TAACGGGTTATCCATAAT,10
GCGGTGAATGTTCGGACT,OXT_10,AAGATGTATCGTGTGCTG,11
AGCCGCCAGTAGTATGCT,OXT_01,AGGCTGCGTAAGTCTGCT,7
GCTCAACAACGCCGTGCT,OXT_21,GAGCAACGGGTCAGCATT,10
AATCGAGATAGTTCGTCG,OXT_09,TGTAGTGCTCGGCTGCCG,10
GCGGATCAGCAGGAGAGT,OXT_11,GGGTAAGGGCACAACAGT,8
GGGCAGCATCCATCTCCT,OXT_01,AGGCTGCGTAAGTCTGCT,7
AACACGACGCAACGATCT,OXT_03,GACTTGGGCTCATGCTGT,11
AGAGGACTCATTGATATG,OXT_26,GGGGCATTCACTGAGCTG,7
GGTAACCCCAACATAGCT,OXT_25,TGCATCGCAACAGCAGTT,10
AGAATCCAGACTGCTTCG,OXT_15,AGGGTATAACGTCCTTTG,9
GACGGCCACTCCCATCAA,OXT_05,GGCGGACAGACTCTAATG,10
AAGCAATCACTTGTAGTG,OXT_10,AAGATGTATCGTGTGCTG,8
AATGTCGCGACTTAGCAT,OXT_12,AATACAGCGGTGTTTCTA,10
TTGGGACCCACGAGGCCT,OXT_14,TTGAGCGTAACGACAGTG,10
GGTAGTCAGAATCACAAT,OXT_05,GGCGGACAGACTCTAATG,8
GTTGACCGTGCTGTAACA,OXT_05,GGCGGACAGACTCTAATG,10
GGCATACAGGTGGATCCG,OXT_24,GGGATTCGGTCATGTCCT,9
GCGGGATCGACGATTGCG,OXT_22,ACGGGACCGCAGATCGAG,6
AGGCATAGACCGACGTAT,OXT_01,AGGCTGCGTAAGTCTGCT,10
GCTGGAGCGGACGCCATG,OXT_22,ACGGGACCGCAGATCGAG,9
AACACGCTGAAAACTGTG,OXT_04,TAGACAGGGCTGACTGTG,8
CAGCGGCTTGCGACAGTG,OXT_14,TTGAGCGTAACGACAGTG,7
GCCAAGGTGGCTGATCTA,OXT_12,AATACAGCGGTGTTTCTA,10
GGGCACAAGGCGCTACGG,OXT_05,GGCGGACAGACTCTAATG,9
CGATAGACAGACAATGCG,OXT_23,AAGTAGGGACAGAATACG,8
TAGTGCGCGCTGAGGTTT,OXT_04,TAGACAGGGCTGACTGTG,8
GAGGACGTTCACACAGCG,OXT_08,GACGGCATTCAGGCACGT,8
AAGCTGATACGTCGTGTG,OXT_15,AGGGTATAACGTCCTTTG,7
TGGGGGGATTCCAAGCGA,OXT_02,AGGGGAGCGTGCGGAGGC,10
GCTCAAGAGGTGGTCACG,OXT_21,GAGCAACGGGTCAGCATT,9
ACGTGCCATGGATCCAAT,OXT_20,AGGGCCTAGGGATGACGT,9
GAAGTGGGACACGGTCTG,OXT_23,AAGTAGGGACAGAATACG,9
AGGAAGGCAAGACGCGAG,OXT_17,AGGAACTACGATCGTGAA,9
GCGGAGGCAAGGGACAGG,OXT_23,AAGTAGGGACAGAATACG,9
ATCACGGCACGTCATGCT,OXT_23,AAGTAGGGACAGAATACG,10
ACGGTGGACACGGCTAAG,OXT_01,AGGCTGCGTAAGTCTGCT,10
ATCGCGGGACGTCAATGC,OXT_15,AGGGTATAACGTCCTTTG,10
GTAGGCGCAGAGCTATGG,OXT_08,GACGGCATTCAGGCACGT,10
TCAGGACGTGAACCTCCG,OXT_27,GTAGAATGGGCATCGTCG,9
ACAGGTACACGACGTTTG,OXT_15,AGGGTATAACGTCCTTTG,8
GTACACCGTCATGCCGCT,OXT_16,ATAAACAGTCTAGCTGTG,8
ACGCCAGAGGGCTTACCG,OXT_20,AGGGCCTAGGGATGACGT,8
GGATAGCGATGCCGTGTG,OXT_15,AGGGTATAACGTCCTTTG,11
ACTCGTATGATCTGGTCA,OXT_06,ATCATCATCATCATCATC,12
TTCGACTGAGGGACAGGG,OXT_14,TTGAGCGTAACGACAGTG,8
TGGCGGTAAGTGTGGACC,OXT_01,AGGCTGCGTAAGTCTGCT,11
AGGAGGACACAGGATTAG,OXT_23,AAGTAGGGACAGAATACG,8
GCGTGGCAACATTTGGCT,OXT_01,AGGCTGCGTAAGTCTGCT,10
GAGAGCGGTGCTAGAACG,OXT_14,TTGAGCGTAACGACAGTG,9
AAGCGGATAACGTAGACT,OXT_01,AGGCTGCGTAAGTCTGCT,9
ACGCAGGGTCGATGGCTC,OXT_10,AAGATGTATCGTGTGCTG,9
TGGGCTCTAGGGAATCGT,OXT_20,AGGGCCTAGGGATGACGT,9
GGGTGAGCTAGGAACCGT,OXT_11,GGGTAAGGGCACAACAGT,7
TGGCGGACGATTCTAACG,OXT_05,GGCGGACAGACTCTAATG,8
CACGATTTTGTGTCGGCG,OXT_27,GTAGAATGGGCATCGTCG,9
GAGGTACGGACGTCTATC,OXT_01,AGGCTGCGTAAGTCTGCT,9
CAACGGTTCCAGAGTGAG,OXT_18,TAACGGGTTATCCATAAT,10
GGTGGACAGATAACGGCT,OXT_05,GGCGGACAGACTCTAATG,9
ATCGTCAGACTATATGCC,OXT_16,ATAAACAGTCTAGCTGTG,8
ACCAGAAGGACCAAGGGG,OXT_22,ACGGGACCGCAGATCGAG,10
GGGCCGAGACCTTACGCA,OXT_01,AGGCTGCGTAAGTCTGCT,10
GCAGCGAATGACTGGGAT,OXT_20,AGGGCCTAGGGATGACGT,11
GACGTATCCTTAACATGG,OXT_03,GACTTGGGCTCATGCTGT,9
GTGGACACCAGTAGGCTG,OXT_26,GGGGCATTCACTGAGCTG,8
TTCGCAAGCGGCGGGATA,OXT_28,AGCGGCGGCGACGGCGAA,9
GCTGGGTTGTAGCCACGT,OXT_08,GACGGCATTCAGGCACGT,7
ATACACGGTATACGTGCT,OXT_16,ATAAACAGTCTAGCTGTG,7
AACGACGGTTACCAGTGA,OXT_28,AGCGGCGGCGACGGCGAA,9
ATTGCCTGGTTTTGACGG,OXT_20,AGGGCCTAGGGATGACGT,7
GGGCTGCTTATATACGGA,OXT_01,AGGCTGCGTAAGTCTGCT,8
GCGTTGGATGCCACAATG,OXT_14,TTGAGCGTAACGACAGTG,10
ATGCTGAGCGTGTTGGCG,OXT_01,AGGCTGCGTAAGTCTGCT,8
ACTACGCTCAGAGCTCTT,OXT_01,AGGCTGCGTAAGTCTGCT,11
GTAGTGAAGATGCGTCGC,OXT_05,GGCGGACAGACTCTAATG,12
GCCCAAAGCGTATAGTGG,OXT_27,GTAGAATGGGCATCGTCG,8
AGCGAATAACACATGGGT,OXT_11,GGGTAAGGGCACAACAGT,9
ATGCCTCTCATTGGGTCG,OXT_26,GGGGCATTCACTGAGCTG,9
ATAGTCCATGGTGCACGT,OXT_20,AGGGCCTAGGGATGACGT,8
GAGGCCAGAAGGGTGAGG,OXT_08,GACGGCATTCAGGCACGT,10
TAACGGGTTAAGGCCCTT,OXT_18,TAACGGGTTATCCATAAT,7
AATGGCGTGAACTATGCT,OXT_18,TAACGGGTTATCCATAAT,9
AGGGACGTCATGGTTCAA,OXT_17,AGGAACTACGATCGTGAA,9
GCGGGCAAGTACTCACAT,OXT_08,GACGGCATTCAGGCACGT,8
AGGTAGATGCATCGGTAG,OXT_17,AGGAACTACGATCGTGAA,9
TAGGAACCGTAGCGGTGG,OXT_22,ACGGGACCGCAGATCGAG,9
ACGTAAACTTGTTGCGTG,OXT_13,TATTACACTAGTGGATGG,9
ACGAGTTCGGCGCGCCTT,OXT_12,AATACAGCGGTGTTTCTA,10
GTGTACCCTCCGCATGTC,OXT_16,ATAAACAGTCTAGCTGTG,10
GGTGATCGCATGTGATTG,OXT_05,GGCGGACAGACTCTAATG,10
GCCGTGATCAGTATTCAG,OXT_06,ATCATCATCATCATCATC,10
GCGCGGTAAAAGGGAGTG,OXT_14,TTGAGCGTAACGACAGTG,9
ATGACAGTAGCGGTCGGA,OXT_12,AATACAGCGGTGTTTCTA,9
TCACCGGAGACTGGGTGG,OXT_13,TATTACACTAGTGGATGG,10
CTGATGGATGGTATATGT,OXT_10,AAGATGTATCGTGTGCTG,9
ATGGCGGTGCACTTATCA,OXT_02,AGGGGAGCGTGCGGAGGC,11
TACACAGTAACGTAGGCT,OXT_14,TTGAGCGTAACGACAGTG,9
GAGGAGTTTTAGCTCTTG,OXT_10,AAGATGTATCGTGTGCTG,10
AGGGTACTTCAAGTGTGC,OXT_02,AGGGGAGCGTGCGGAGGC,10
GGAGGGACTCAATCGACC,OXT_08,GACGGCATTCAGGCACGT,10
TGGCCTAAGAACGTGGTG,OXT_26,GGGGCATTCACTGAGCTG,10
AGAGCATGGAGGCTCGAT,OXT_22,ACGGGACCGCAGATCGAG,9
AAGGCTGGAAATGCAACT,OXT_23,AAGTAGGGACAGAATACG,9
AGGGAACGGAGAAGATGG,OXT_02,AGGGGAGCGTGCGGAGGC,8
GGCAAACCTACGCGTGCA,OXT_01,AGGCTGCGTAAGTCTGCT,10
AACGGTAGAATAGTGCTG,OXT_10,AAGATGTATCGTGTGCTG,10
AAGGGGATCACTTCACAG,OXT_26,GGGGCATTCACTGAGCTG,9
GAGGCGAGAGCGGCTATT,OXT_04,TAGACAGGGCTGACTGTG,10
GGCTCGTAGAGTATCGGG,OXT_05,GGCGGACAGACTCTAATG,9
GTGGGGTCGTTAGTGCGG,OXT_07,GTGGGTGCATTTGCTGTA,9
TACGGTAATTCGGAGCGT,OXT_08,GACGGCATTCAGGCACGT,7
CAGGAGGGAGCGCCTCAT,OXT_23,AAGTAGGGACAGAATACG,9
CGAGGAGGAGCCTGTGGA,OXT_28,AGCGGCGGCGACGGCGAA,8
AACTGTCGTCCTTCCTTG,OXT_03,GACTTGGGCTCATGCTGT,10
TGGGAGGGACCCTCGCAG,OXT_23,AAGTAGGGACAGAATACG,10
ATACGGTATCACATTACT,OXT_18,TAACGGGTTATCCATAAT,9
GGGACAGTAACGCCGATT,OXT_14,TTGAGCGTAACGACAGTG,8
GATGGGGCACAACCCGTT,OXT_07,GTGGGTGCATTTGCTGTA,9
ACGTGGGCAGCAGTGAGT,OXT_02,AGGGGAGCGTGCGGAGGC,11
AGGTGGGTCAGCTTGCAT,OXT_18,TAACGGGTTATCCATAAT,10
GGAGGACCGGAGCGTACC,OXT_05,GGCGGACAGACTCTAATG,9
GGGACAACAACAGGACGT,OXT_25,TGCATCGCAACAGCAGTT,8
ATATGAGTTACCGGGCCA,OXT_02,AGGGGAGCGTGCGGAGGC,11
ATCACCTCGCTTTGACGG,OXT_20,AGGGCCTAGGGATGACGT,8
TAGCTAGGGACGATCTAT,OXT_04,TAGACAGGGCTGACTGTG,9
TGGGCAGGATAGTCGTAG,OXT_04,TAGACAGGGCTGACTGTG,9
GCTATGGGAGCGATCATG,OXT_14,TTGAGCGTAACGACAGTG,10
AGGAGGTTTATCATTCGG,OXT_10,AAGATGTATCGTGTGCTG,9
AGTGTGGTGAATCGAAGC,OXT_02,AGGGGAGCGTGCGGAGGC,9
ACGATTCGACTCCCAGCT,OXT_01,AGGCTGCGTAAGTCTGCT,9
GCTATCGAGAGCCATGTG,OXT_04,TAGACAGGGCTGACTGTG,11
TAACCTCGTATGCTTGTG,OXT_04,TAGACAGGGCTGACTGTG,8
CATGAAGGTGAATGGGCT,OXT_27,GTAGAATGGGCATCGTCG,9
AAGGAGCAGGACTTCGTG,OXT_22,ACGGGACCGCAGATCGAG,8
GATGCGTTACTCGTCAGT,OXT_08,GACGGCATTCAGGCACGT,10
AGTCATGCAGTGCTGGAT,OXT_09,TGTAGTGCTCGGCTGCCG,9
ATGACATACTTAGCTCAG,OXT_16,ATAAACAGTCTAGCTGTG,9
ACGCAGGAATTCGAGTGT,OXT_02,AGGGGAGCGTGCGGAGGC,11
CGGGATATGACGGTTCCG,OXT_26,GGGGCATTCACTGAGCTG,9
TTATATCGCTGGAGCCGG,OXT_03,GACTTGGGCTCATGCTGT,11
ATACTCCATGCTTGAGCT,OXT_01,AGGCTGCGTAAGTCTGCT,9
ACGTTGGGTGCCGTGATT,OXT_10,AAGATGTATCGTGTGCTG,9
TTGGTGTCATTCGCGTTG,OXT_07,GTGGGTGCATTTGCTGTA,8
AGGTAGCGACAATCCTAT,OXT_01,AGGCTGCGTAAGTCTGCT,8
AAGATCCCGCAACCCACT,OXT_01,AGGCTGCGTAAGTCTGCT,10
ATGGCATAAATCCACGGG,OXT_15,AGGGTATAACGTCCTTTG,9
ATAGCACTTGCTGGTATG,OXT_26,GGGGCATTCACTGAGCTG,9
CTTGGCAATCAGAAGCGG,OXT_08,GACGGCATTCAGGCACGT,8
AGGGCATCACGTTTCCAG,OXT_15,AGGGTATAACGTCCTTTG,7
AGCTGCCGACGACCTTGG,OXT_15,AGGGTATAACGTCCTTTG,8
ACGTTGATGACGGACGAT,OXT_01,AGGCTGCGTAAGTCTGCT,10
GTAGCGGAAACGTTTGCA,OXT_07,GTGGGTGCATTTGCTGTA,10
TGGGCCTCTGCTCAATCA,OXT_17,AGGAACTACGATCGTGAA,10
GTACGGGCTCCGGGCGCT,OXT_01,AGGCTGCGTAAGTCTGCT,11
AACAGGTATTCACTAGCG,OXT_10,AAGATGTATCGTGTGCTG,9
GAGGCGTTGGTGGACCAG,OXT_26,GGGGCATTCACTGAGCTG,8
AGGAAGGTCACGCTGATG,OXT_14,TTGAGCGTAACGACAGTG,9
GCACGGTGAAAGGTGTCG,OXT_27,GTAGAATGGGCATCGTCG,10
TACAGTGGCTTCCGCGCG,OXT_28,AGCGGCGGCGACGGCGAA,9
GCGGCACTGATGGAGCAA,OXT_26,GGGGCATTCACTGAGCTG,7
ATGCCGGTGAACATTGGA,OXT_01,AGGCTGCGTAAGTCTGCT,10
AGGGCAGCACATTAGAGT,OXT_11,GGGTAAGGGCACAACAGT,8
GCGTATGCAACCGGCGGT,OXT_11,GGGTAAGGGCACAACAGT,9
GGATCAGGGTCACGTGCA,OXT_24,GGGATTCGGTCATGTCCT,8
GGGTACGATACAGGCGAG,OXT_13,TATTACACTAGTGGATGG,10
GGCACAACCTCCACTGGA,OXT_02,AGGGGAGCGTGCGGAGGC,11
ATCGCTCGGAGCAGTCAT,OXT_20,AGGGCCTAGGGATGACGT,10
GGGACGTGAGTAAGGAGC,OXT_20,AGGGCCTAGGGATGACGT,10
GCGGTATATGCTAGGTAA,OXT_15,AGGGTATAACGTCCTTTG,10
TAGTCGCATGTGTACACT,OXT_01,AGGCTGCGTAAGTCTGCT,10
ATGTCGCCTTCGGTACGG,OXT_10,AAGATGTATCGTGTGCTG,10
AGCTAAGCCCAGCCCTGT,OXT_11,GGGTAAGGGCACAACAGT,8
GGGCAGTTGATTGGTACG,OXT_26,GGGGCATTCACTGAGCTG,9
GTGGTAACCAAACCATGT,OXT_08,GACGGCATTCAGGCACGT,10
AGGCGGCGAATTCAGTGC,OXT_01,AGGCTGCGTAAGTCTGCT,10
GGGCAACCGTCGTCACCT,OXT_24,GGGATTCGGTCATGTCCT,7
AGCAGACATGTGTTGCGG,OXT_09,TGTAGTGCTCGGCTGCCG,9
ACACGGTCTACTTGTGTG,OXT_01,AGGCTGCGTAAGTCTGCT,10
GCGTTCAACGACGTACTG,OXT_10,AAGATGTATCGTGTGCTG,10
ATGCGGAATAAGTTGTAT,OXT_01,AGGCTGCGTAAGTCTGCT,8
GCAAGGATACGGCGGTGT,OXT_08,GACGGCATTCAGGCACGT,10
CGGGGACATGGGATATGG,OXT_05,GGCGGACAGACTCTAATG,9
GACGTGTCTTACGTGGCG,OXT_10,AAGATGTATCGTGTGCTG,9
ACCTGGGCTCCACCGTGA,OXT_03,GACTTGGGCTCATGCTGT,10
GGATACCGGAGCTATTGG,OXT_11,GGGTAAGGGCACAACAGT,9
ATACGCGGCGTTCCGTCA,OXT_27,GTAGAATGGGCATCGTCG,10
GCAACGCGACTAATGGTG,OXT_04,TAGACAGGGCTGACTGTG,9
GCATTCGCCTAGTCGTGT,OXT_03,GACTTGGGCTCATGCTGT,8
GGGGCCGAACGATCGAAT,OXT_20,AGGGCCTAGGGATGACGT,8
ACGGTAGTAGCAACGGAG,OXT_14,TTGAGCGTAACGACAGTG,9
TTGCTACTACTACGAGCT,OXT_01,AGGCTGCGTAAGTCTGCT,11
GCTGGCCGCTATCCTGTG,OXT_07,GTGGGTGCATTTGCTGTA,9
AGGCTAGCGTCCTTCGCT,OXT_02,AGGGGAGCGTGCGGAGGC,8
ACACTCGTGGTATCCAGC,OXT_06,ATCATCATCATCATCATC,10
GGGATCGTTAGAGGTATA,OXT_25,TGCATCGCAACAGCAGTT,9
GAGCTGAGGGCGCTAGGA,OXT_01,AGGCTGCGTAAGTCTGCT,11
GATATAGGAGCTGTTTCT,OXT_03,GACTTGGGCTCATGCTGT,10
TGGGGCATCAGCGTACAC,OXT_02,AGGGGAGCGTGCGGAGGC,9
ACATCAGGGTAGATCGTG,OXT_22,ACGGGACCGCAGATCGAG,7
AGGGCATGAGAGCTTAGC,OXT_15,AGGGTATAACGTCCTTTG,9
CAGGGTCACCACTGTGCT,OXT_01,AGGCTGCGTAAGTCTGCT,10
AGGGGGCAAAACTCAACC,OXT_01,AGGCTGCGTAAGTCTGCT,8
ACGACCGGTGTATCGCAG,OXT_16,ATAAACAGTCTAGCTGTG,9
GGAGCCAGGAAGTGTAGG,OXT_20,AGGGCCTAGGGATGACGT,10
CGACGTGGGTAAAGTGCA,OXT_24,GGGATTCGGTCATGTCCT,9
ACGTGGATCCATCCGGGA,OXT_17,AGGAACTACGATCGTGAA,10
CAAAGGGCAAAGACGCGA,OXT_14,TTGAGCGTAACGACAGTG,10
GGGAGTGTATCGGCTATA,OXT_07,GTGGGTGCATTTGCTGTA,6
ACATTCGTCGAAAGTGTG,OXT_16,ATAAACAGTCTAGCTGTG,10
GGCATCGGCAGTAGGTTA,OXT_03,GACTTGGGCTCATGCTGT,10
TGACGATACTAGCTTCCT,OXT_09,TGTAGTGCTCGGCTGCCG,10
GAACTCTGGAAACGCTCT,OXT_03,GACTTGGGCTCATGCTGT,9
TCGGGCATGGTTACTGGA,OXT_07,GTGGGTGCATTTGCTGTA,9
ATGGACGTCCAGACCGCT,OXT_14,TTGAGCGTAACGACAGTG,9
AGGATCCCCATCTTGGCT,OXT_01,AGGCTGCGTAAGTCTGCT,8
CTGGCGGTGTACAACTGG,OXT_11,GGGTAAGGGCACAACAGT,9
GGGATCGGGACCAAGCCA,OXT_24,GGGATTCGGTCATGTCCT,8
AAGCCGGGGACAGCATCA,OXT_01,AGGCTGCGTAAGTCTGCT,10
ACCAAGCCGTGTGGTGAT,OXT_02,AGGGGAGCGTGCGGAGGC,10
AATCGGTTGTCATGAAAG,OXT_03,GACTTGGGCTCATGCTGT,11
ATCTGGCATACTCAACCG,OXT_05,GGCGGACAGACTCTAATG,8
TAGAGCGCGGTGTATGGT,OXT_04,TAGACAGGGCTGACTGTG,8
CTGGATCTCACGTGAGCG,OXT_14,TTGAGCGTAACGACAGTG,9
TCGTACAGTGTGTGAAGT,OXT_13,TATTACACTAGTGGATGG,9
ACAGCACATGACTTCCGT,OXT_20,AGGGCCTAGGGATGACGT,9
CGGGAGGCAGCAGGTAGT,OXT_02,AGGGGAGCGTGCGGAGGC,10
ATGTGTGGGACGTAGCGA,OXT_11,GGGTAAGGGCACAACAGT,11
AGGGCGACCCGAATTTGA,OXT_15,AGGGTATAACGTCCTTTG,10
TAGGGCTCACCGTTCATG,OXT_14,TTGAGCGTAACGACAGTG,9
GCATCCACGGTGAGATAA,OXT_12,AATACAGCGGTGTTTCTA,11
TAACGGTATGATAAGGCG,OXT_10,AAGATGTATCGTGTGCTG,10
AGTACACTGAACCATGGT,OXT_01,AGGCTGCGTAAGTCTGCT,10
GGCATAGGCGATCAACAA,OXT_17,AGGAACTACGATCGTGAA,9
GTACGGTCAGAGGCCCCA,OXT_07,GTGGGTGCATTTGCTGTA,10
TGAGGGAAGTATACAGCG,OXT_05,GGCGGACAGACTCTAATG,10
CGTATACCCAGACGTCTG,OXT_09,TGTAGTGCTCGGCTGCCG,10
AGCTGGCAGTACCAGGTG,OXT_05,GGCGGACAGACTCTAATG,9
AATGCAGGCAGACATGCG,OXT_04,TAGACAGGGCTGACTGTG,10
AGGCAGCAGTGACAAGGT,OXT_20,AGGGCCTAGGGATGACGT,8
ACTCGATGTCCATGTGCG,OXT_01,AGGCTGCGTAAGTCTGCT,10
AACCACAGGTCTGCCGAT,OXT_16,ATAAACAGTCTAGCTGTG,10
TGGCCAAGGAGAAGAGTG,OXT_04,TAGACAGGGCTGACTGTG,8
AGCGCGGAACTGCCTGGT,OXT_15,AGGGTATAACGTCCTTTG,9
AGAATGTCGCTAGCCTGT,OXT_16,ATAAACAGTCTAGCTGTG,10
ACGGAAACTTGCGAGGTG,OXT_02,AGGGGAGCGTGCGGAGGC,8
AGCACGGAGTAGAGGGAG,OXT_04,TAGACAGGGCTGACTGTG,10
TCGAGATGGTATTACGTG,OXT_04,TAGACAGGGCTGACTGTG,9
ATCCCGATATCCATGTTG,OXT_06,ATCATCATCATCATCATC,9
ACGTTGGTGTTGGCTGCG,OXT_01,AGGCTGCGTAAGTCTGCT,9
ACACACGTGGCTTGGGCT,OXT_27,GTAGAATGGGCATCGTCG,10
TACTGGGCATGTCACGTT,OXT_03,GACTTGGGCTCATGCTGT,10
TACTGCGCCGTAGGGCCT,OXT_03,GACTTGGGCTCATGCTGT,10
GCGGCATCAAACGGCGCT,OXT_02,AGGGGAGCGTGCGGAGGC,10
GTACGGCGATGGGTGTGT,OXT_03,GACTTGGGCTCATGCTGT,11
GAGGGACGAGCCAAAGTG,OXT_21,GAGCAACGGGTCAGCATT,8
TCACGGAGACCACAGACG,OXT_18,TAACGGGTTATCCATAAT,10
GAAGTACGGCAATGGTTG,OXT_27,GTAGAATGGGCATCGTCG,7
TGGGCCGTGTAGGAAGCT,OXT_02,AGGGGAGCGTGCGGAGGC,9
TCAGCGGGACTGATTTGA,OXT_04,TAGACAGGGCTGACTGTG,9
CGGAGTAAGGTGCCAATG,OXT_05,GGCGGACAGACTCTAATG,9
AGGGGATCAGCACTTCAT,OXT_15,AGGGTATAACGTCCTTTG,9
ACTTCCCACCATATGGCG,OXT_22,ACGGGACCGCAGATCGAG,9
ATGAGGTGGTAATTTTGA,OXT_24,GGGATTCGGTCATGTCCT,10
GGGCACTGTTGATAGCTT,OXT_20,AGGGCCTAGGGATGACGT,9
TACTTCCCGACGTGAGGG,OXT_13,TATTACACTAGTGGATGG,8
TACAGGGTCTAGTGCATA,OXT_03,GACTTGGGCTCATGCTGT,9
GAGTCGTAACGGATGCTG,OXT_10,AAGATGTATCGTGTGCTG,6
ATAGACCTGCACGTGTCG,OXT_27,GTAGAATGGGCATCGTCG,9
GCGAGATTGAGCAGAGCG,OXT_02,AGGGGAGCGTGCGGAGGC,9
GTGGGATAAGTCGCTGGA,OXT_07,GTGGGTGCATTTGCTGTA,6
GAGGTACAGTCGATGTTG,OXT_05,GGCGGACAGACTCTAATG,8
ACAGCAACCTGTCAGTGA,OXT_02,AGGGGAGCGTGCGGAGGC,11
GAGGAACGGACATGGCAG,OXT_27,GTAGAATGGGCATCGTCG,7
ACTAGTATCCAGGCCGGT,OXT_08,GACGGCATTCAGGCACGT,8
AGGACCGTTTGTGTGCTA,OXT_10,AAGATGTATCGTGTGCTG,7
ACGGGTTCAATTCGTGCG,OXT_07,GTGGGTGCATTTGCTGTA,8
GACACACTACGGATCTCG,OXT_04,TAGACAGGGCTGACTGTG,10
GGCATACTCCCAGCCGGA,OXT_25,TGCATCGCAACAGCAGTT,9
GGGCACCGAGAAGACAGT,OXT_11,GGGTAAGGGCACAACAGT,7
AAGGGAAGCGCATGTTGT,OXT_03,GACTTGGGCTCATGCTGT,8
CAGGGACGAGGTGAGATG,OXT_26,GGGGCATTCACTGAGCTG,9
TGATGGTAGAGTGTGCGT,OXT_10,AAGATGTATCGTGTGCTG,9
CGGAGCCTATCAGCGGAG,OXT_14,TTGAGCGTAACGACAGTG,8
TGGGACGACGCGTAACTG,OXT_14,TTGAGCGTAACGACAGTG,9
ACGGGCTTAGTAGTTCTT,OXT_20,AGGGCCTAGGGATGACGT,9
TGCGGACACCCGGTGAGG,OXT_05,GGCGGACAGACTCTAATG,7
AGGGCAGAGGACGTGCAA,OXT_28,AGCGGCGGCGACGGCGAA,8
AGGATGCCAACATTCCGA,OXT_24,GGGATTCGGTCATGTCCT,9
ATGGTGCAAGGCGGAAGT,OXT_20,AGGGCCTAGGGATGACGT,8
GCACGGGACTGAGGTGAG,OXT_02,AGGGGAGCGTGCGGAGGC,11
GCACAGAGAACGGGTGAG,OXT_16,ATAAACAGTCTAGCTGTG,10
ATGGTGCAACGAAACGCT,OXT_01,AGGCTGCGTAAGTCTGCT,10
GTACGTACTCACGGTGAA,OXT_07,GTGGGTGCATTTGCTGTA,9
AGGCCCGTCTATCGAGAT,OXT_17,AGGAACTACGATCGTGAA,7
GGGACAAGAAAGGGCACT,OXT_11,GGGTAAGGGCACAACAGT,9
TGTGGCCAACGCTCGTAT,OXT_15,AGGGTATAACGTCCTTTG,10
ACGAGGAGTACCGACGGG,OXT_16,ATAAACAGTCTAGCTGTG,10
ACGGGATATAGCATGGCG,OXT_22,ACGGGACCGCAGATCGAG,8
GGGAGGAGAGTATACCAG,OXT_24,GGGATTCGGTCATGTCCT,10
AGGCGACATCAACGTTGG,OXT_15,AGGGTATAACGTCCTTTG,8
TATGCCCTTGTGCCCTGT,OXT_08,GACGGCATTCAGGCACGT,9
GGTAGCGGAGCAAGCGAT,OXT_28,AGCGGCGGCGACGGCGAA,8
TACGCGAGTAGTGGCAGG,OXT_13,TATTACACTAGTGGATGG,7
AGCCGGGCACGACGATTT,OXT_25,TGCATCGCAACAGCAGTT,9
ACGTAGCTAGACGGCACA,OXT_23,AAGTAGGGACAGAATACG,9
TCGGGCCATGTGTACTAT,OXT_22,ACGGGACCGCAGATCGAG,10
ATGGGCTGTATCACCGGT,OXT_01,AGGCTGCGTAAGTCTGCT,10
GGGATCAGGTCTGTAGGG,OXT_24,GGGATTCGGTCATGTCCT,9
AATGGGCATAATAGCTCG,OXT_13,TATTACACTAGTGGATGG,10
ACGGGGCCCACATAGACG,OXT_22,ACGGGACCGCAGATCGAG,10
GGGAGGCTTATCGGACGA,OXT_02,AGGGGAGCGTGCGGAGGC,10
GCGTTGGTTAGTGCCCTG,OXT_10,AAGATGTATCGTGTGCTG,8
ATCGTCTTCGCTCCTGTC,OXT_06,ATCATCATCATCATCATC,9
GCACAAGTGCCATGTCTG,OXT_27,GTAGAATGGGCATCGTCG,9
GAGAGCCTGTACGAACAG,OXT_08,GACGGCATTCAGGCACGT,9
AAGCAGGTGCGTTTATAG,OXT_10,AAGATGTATCGTGTGCTG,9
AGATCCGTCCACACTCTT,OXT_11,GGGTAAGGGCACAACAGT,10
GGGTTCGACCATAGATAG,OXT_17,AGGAACTACGATCGTGAA,9
TCAGATGACGGCTGGCCT,OXT_20,AGGGCCTAGGGATGACGT,10
GGTGCCTAATCAGCGCTG,OXT_26,GGGGCATTCACTGAGCTG,7
ACACAATCGGCTCGGTCT,OXT_27,GTAGAATGGGCATCGTCG,8
GGACCCGTTAGCGCTCTG,OXT_26,GGGGCATTCACTGAGCTG,9
ACCCTGTAGTTCAGGATG,OXT_06,ATCATCATCATCATCATC,10
TGCCAACAACGTACGTGT,OXT_15,AGGGTATAACGTCCTTTG,9
CCAGAAGACGTTTGCCGA,OXT_12,AATACAGCGGTGTTTCTA,11
GTGGATCGATGCTGCATG,OXT_21,GAGCAACGGGTCAGCATT,8
GATCGTTAATGGTCAGCT,OXT_01,AGGCTGCGTAAGTCTGCT,11
TACGGATGCTGTGCCCTG,OXT_26,GGGGCATTCACTGAGCTG,9
GAGGGTAAGCTTCGTAAG,OXT_05,GGCGGACAGACTCTAATG,9
GCCAGACTTGTGCACGTG,OXT_05,GGCGGACAGACTCTAATG,10
ATGCCTGGACGTCTGCCT,OXT_09,TGTAGTGCTCGGCTGCCG,9
ATCTATCACCTGTAGTCG,OXT_23,AAGTAGGGACAGAATACG,10
ACCGGTCCTGTAATGTCG,OXT_22,ACGGGACCGCAGATCGAG,9
ATGGGTATACGGCCGAGC,OXT_08,GACGGCATTCAGGCACGT,10
GCGTGATCGATGCATAAC,OXT_18,TAACGGGTTATCCATAAT,10
GAAACTCGGCAGCGTACT,OXT_24,GGGATTCGGTCATGTCCT,8
ATGTGGCGTAACAACAGA,OXT_11,GGGTAAGGGCACAACAGT,8
ATTACCTGGTCCTGCTCT,OXT_24,GGGATTCGGTCATGTCCT,9
ACGTACGACCGAGGGAGT,OXT_20,AGGGCCTAGGGATGACGT,9
TCCCAATTAGTACCGTGT,OXT_27,GTAGAATGGGCATCGTCG,10
AACGGCACACTCACTCCG,OXT_08,GACGGCATTCAGGCACGT,9
GAGTGCCCATACGCCTTT,OXT_07,GTGGGTGCATTTGCTGTA,9
ACACCGGGTCTTCTGCGG,OXT_10,AAGATGTATCGTGTGCTG,9
AGCATGCGCTTGTGCTGA,OXT_03,GACTTGGGCTCATGCTGT,7
ACGTTGCTGCTCGGCTAT,OXT_21,GAGCAACGGGTCAGCATT,10
AGGCGTAGCGTGCGTAGG,OXT_17,AGGAACTACGATCGTGAA,10
ATGGACTGCAGCTATCCG,OXT_20,AGGGCCTAGGGATGACGT,10
ACAAGTGACCACTCTTGG,OXT_15,AGGGTATAACGTCCTTTG,11
ATGAACCGGTAGTGCTGT,OXT_24,GGGATTCGGTCATGTCCT,9
GCCGGTAGGAAGCAGAGG,OXT_05,GGCGGACAGACTCTAATG,9
TGTGGCGCGTAGTCCTGC,OXT_02,AGGGGAGCGTGCGGAGGC,9
ACTACACGTTAGTATGTG,OXT_01,AGGCTGCGTAAGTCTGCT,9
ACGGCGCCGTATACTCCT,OXT_01,AGGCTGCGTAAGTCTGCT,9
ATCGCAGCTCTGTACAAT,OXT_12,AATACAGCGGTGTTTCTA,10
AGGGGCCACGTAGCAGTA,OXT_28,AGCGGCGGCGACGGCGAA,8
GTAACACGGGCTACTGAT,OXT_04,TAGACAGGGCTGACTGTG,9
AGGATCAATAAGGCGGCT,OXT_01,AGGCTGCGTAAGTCTGCT,6
GGGCTCGTTGATTCCTGG,OXT_01,AGGCTGCGTAAGTCTGCT,10
AGGAGTGACAATGTGCGT,OXT_10,AAGATGTATCGTGTGCTG,9
ATCCACACTGACATGATG,OXT_06,ATCATCATCATCATCATC,8
GCGATCGAACAGTCGGCT,OXT_01,AGGCTGCGTAAGTCTGCT,9
ATCAGACGCTGCGTGTTC,OXT_06,ATCATCATCATCATCATC,9
GTGGCATAAAGCGGAACT,OXT_20,AGGGCCTAGGGATGACGT,9
GGGATGTATAGTGGTCAG,OXT_10,AAGATGTATCGTGTGCTG,6
AACTGCATCGACGGAGTT,OXT_28,AGCGGCGGCGACGGCGAA,7
GGGCACTATCATATGGAT,OXT_17,AGGAACTACGATCGTGAA,8
ACGGAATAAGGATTGCAG,OXT_20,AGGGCCTAGGGATGACGT,8
GATGCACGTCAGACACCG,OXT_08,GACGGCATTCAGGCACGT,8
TGTGGGACGCAGGCCATT,OXT_08,GACGGCATTCAGGCACGT,9
ACGCTGTCCAGTGTTCGG,OXT_10,AAGATGTATCGTGTGCTG,7
TGTGATCTCAACCCGTTG,OXT_26,GGGGCATTCACTGAGCTG,10
ACCATCCGGTAGACGGTG,OXT_04,TAGACAGGGCTGACTGTG,9
TGGCCTCTCGTGAGGTAA,OXT_17,AGGAACTACGATCGTGAA,11
ATGGGAGATGCGCTGTCC,OXT_09,TGTAGTGCTCGGCTGCCG,10
ATACCCCGTTGGTAAGCG,OXT_01,AGGCTGCGTAAGTCTGCT,9
TGACTGACGTTCGATGCT,OXT_18,TAACGGGTTATCCATAAT,9
AGCAGGAGATAGGTGTAC,OXT_28,AGCGGCGGCGACGGCGAA,10
CAGGCCGGCAAGGATGTG,OXT_04,TAGACAGGGCTGACTGTG,8
CAGAGGGGATCACTACTC,OXT_14,TTGAGCGTAACGACAGTG,10
ACCGCAGGAATCACGGTG,OXT_04,TAGACAGGGCTGACTGTG,8
GGAGGAGTGATGACAGAG,OXT_14,TTGAGCGTAACGACAGTG,8
AAGGTATAACGCGGGGAG,OXT_10,AAGATGTATCGTGTGCTG,7
ACGACGGAGGACGTGATC,OXT_10,AAGATGTATCGTGTGCTG,9
ACACGCCACATGGAGCAT,OXT_18,TAACGGGTTATCCATAAT,10
AGCACACTGCAGACCGTG,OXT_04,TAGACAGGGCTGACTGTG,7
ACACGTTTCAAGACAGTG,OXT_14,TTGAGCGTAACGACAGTG,8
AGCCACTGTGGCATTCCG,OXT_01,AGGCTGCGTAAGTCTGCT,11
AGTGGAAGGATTCGGCGA,OXT_02,AGGGGAGCGTGCGGAGGC,10
GCGGCCATTCTGAGGGTT,OXT_08,GACGGCATTCAGGCACGT,9
GTACTGGTGAAGGGAAGG,OXT_08,GACGGCATTCAGGCACGT,11
TGTGGTGACAGCTAGCCT,OXT_09,TGTAGTGCTCGGCTGCCG,8
ACGAGGCTTACTAAGTGG,OXT_10,AAGATGTATCGTGTGCTG,10
ACGGCAGCGGATGATTAG,OXT_22,ACGGGACCGCAGATCGAG,8
AGGCGTACAGAGGACGGT,OXT_01,AGGCTGCGTAAGTCTGCT,10
ATGCGATGGCGTGGGCAA,OXT_10,AAGATGTATCGTGTGCTG,9
TCTAGCGTAGATGCTGTG,OXT_14,TTGAGCGTAACGACAGTG,7
ACCGGGACTAGAGGCAAT,OXT_28,AGCGGCGGCGACGGCGAA,10
TGCCGGGTAAGGAAGCGC,OXT_09,TGTAGTGCTCGGCTGCCG,10
TCGATGAGGCCAATGTCA,OXT_24,GGGATTCGGTCATGTCCT,10
GCACAGTTGGAGACGGTG,OXT_27,GTAGAATGGGCATCGTCG,9
TCTAGTCATGGAACGCGG,OXT_09,TGTAGTGCTCGGCTGCCG,8
GCGCTCATGCACGTGACT,OXT_08,GACGGCATTCAGGCACGT,10
TAAGGAAGCGACGGTGCT,OXT_28,AGCGGCGGCGACGGCGAA,8
ACCTGAGCACGTGATACG,OXT_23,AAGTAGGGACAGAATACG,8
AAGCCGGCCTACGACTGA,OXT_02,AGGGGAGCGTGCGGAGGC,10
AGGAGAAGCATTAGGATG,OXT_06,ATCATCATCATCATCATC,9
GGTGACAAATCGTGTGAA,OXT_17,AGGAACTACGATCGTGAA,9
CAGGGGCCAGTTATGCCT,OXT_07,GTGGGTGCATTTGCTGTA,11
ATCAGCCGATCAACGCGT,OXT_14,TTGAGCGTAACGACAGTG,10
GCCGGACGTCTCCTTGTG,OXT_05,GGCGGACAGACTCTAATG,8
GGGGGAAGAGTGGCAGTG,OXT_07,GTGGGTGCATTTGCTGTA,8
GGAGGTATACGTGCGCCG,OXT_08,GACGGCATTCAGGCACGT,9
TGGGGATCAGTGTGAAGG,OXT_02,AGGGGAGCGTGCGGAGGC,9
GTGTGCGACATGCTTCGC,OXT_06,ATCATCATCATCATCATC,11
GGGGAGTCGCGTTATGTG,OXT_15,AGGGTATAACGTCCTTTG,8
TGGGCGGTGACGATTCTA,OXT_04,TAGACAGGGCTGACTGTG,9
GGGCAGAAGTGGGTAACG,OXT_05,GGCGGACAGACTCTAATG,10
TACCTGTGTATCCGTTCG,OXT_18,TAACGGGTTATCCATAAT,8
TGGGCATAAGAGTTGTGT,OXT_20,AGGGCCTAGGGATGACGT,8
AGGCAGCGGAACGAAGCG,OXT_01,AGGCTGCGTAAGTCTGCT,7
TAGTAGTCGAAAGTATAG,OXT_13,TATTACACTAGTGGATGG,8
AGGCCAGCTATCACGTGT,OXT_01,AGGCTGCGTAAGTCTGCT,10
GGCTCAAGTGACGGTGCG,OXT_28,AGCGGCGGCGACGGCGAA,9
TACCACCACAGCCACGCT,OXT_19,CCCCCCCCCCCCCCCCCC,9
TTTCGAATTGCTGGAGTC,OXT_13,TATTACACTAGTGGATGG,10
GTGGCATATTGGCGCATA,OXT_15,AGGGTATAACGTCCTTTG,10
GCTCACTTGACTGGCGGA,OXT_13,TATTACACTAGTGGATGG,10
AGGTATCGTCGACCAAGG,OXT_11,GGGTAAGGGCACAACAGT,10
GCCAGTCGTAGTGTCCGG,OXT_05,GGCGGACAGACTCTAATG,10
TAACACCGGGACCGTTAG,OXT_21,GAGCAACGGGTCAGCATT,9
GGACCCCGTGGGTTGGCG,OXT_01,AGGCTGCGTAAGTCTGCT,9
GAGGAGGTACGGTCACCG,OXT_23,AAGTAGGGACAGAATACG,8
AGTGGCTGCGTAAGGTGA,OXT_28,AGCGGCGGCGACGGCGAA,8
ACGTGAGGGCATATACCG,OXT_22,ACGGGACCGCAGATCGAG,7
TTGCGGTTCGACACTGCT,OXT_01,AGGCTGCGTAAGTCTGCT,9
GCAAGTGGCAAGGTTACG,OXT_09,TGTAGTGCTCGGCTGCCG,10
AAGACCGGATGAGCTTGG,OXT_04,TAGACAGGGCTGACTGTG,9
CACGTGCGGGACTAAAAT,OXT_21,GAGCAACGGGTCAGCATT,10
AGGTGATAGTGTGCCCCT,OXT_02,AGGGGAGCGTGCGGAGGC,9
GCTCCCCAGCACATGTTG,OXT_22,ACGGGACCGCAGATCGAG,10
GACGGTGACCGCATAATG,OXT_05,GGCGGACAGACTCTAATG,8
ATGCGCGTAGCGGTGGCT,OXT_14,TTGAGCGTAACGACAGTG,8
CATGACGAAGGTGACGTG,OXT_13,TATTACACTAGTGGATGG,10
TTCGGGCTAATGATAAGT,OXT_14,TTGAGCGTAACGACAGTG,9
ATCGGAGCCCACCATATG,OXT_05,GGCGGACAGACTCTAATG,10
GCTGGTGAAGGCAGTCGG,OXT_02,AGGGGAGCGTGCGGAGGC,11
ACAGACTGGTTCGGCTTG,OXT_16,ATAAACAGTCTAGCTGTG,9
GACAAGGTGCTAGTACTT,OXT_08,GACGGCATTCAGGCACGT,9
TCGGTAGCTATTTTGTGC,OXT_02,AGGGGAGCGTGCGGAGGC,11
GATGGTGTGATCGCCTGT,OXT_08,GACGGCATTCAGGCACGT,9
TAGGGATTGAGGTAGCCA,OXT_26,GGGGCATTCACTGAGCTG,9
TCCGGGCATCACATTCAT,OXT_22,ACGGGACCGCAGATCGAG,9
AGGTAGACACGCTAAATG,OXT_23,AAGTAGGGACAGAATACG,8
ACCACACGGTTTAGTGCG,OXT_04,TAGACAGGGCTGACTGTG,8
ATGGGCGCCGTCTCGTAT,OXT_28,AGCGGCGGCGACGGCGAA,9
GGGGAAGGATGACGTTCG,OXT_15,AGGGTATAACGTCCTTTG,8
CGAGGGGAAAAACATGCT,OXT_18,TAACGGGTTATCCATAAT,9
CAGACACGGGTGTAGTCG,OXT_04,TAGACAGGGCTGACTGTG,8
AGGTATTCGTGAATATGA,OXT_02,AGGGGAGCGTGCGGAGGC,9
AATGAATGAGGTCTTAGG,OXT_15,AGGGTATAACGTCCTTTG,8
GTCCAGAGCCCACGATCG,OXT_03,GACTTGGGCTCATGCTGT,9
ACGTGGATGGTACACGGG,OXT_22,ACGGGACCGCAGATCGAG,10
GGAGAGGTCAGTCTTCTA,OXT_26,GGGGCATTCACTGAGCTG,9
AACAGGTAGTATAGCGTA,OXT_17,AGGAACTACGATCGTGAA,9
ACGGACCGTAGAGAAGTG,OXT_16,ATAAACAGTCTAGCTGTG,8
GCGGAGCACATTTATGGT,OXT_01,AGGCTGCGTAAGTCTGCT,10
GCCAGAGTGGAAAGGTCG,OXT_27,GTAGAATGGGCATCGTCG,9
AGCAGGCTATACATCGTG,OXT_06,ATCATCATCATCATCATC,9
ACCTTGCTGAAATGTGCT,OXT_01,AGGCTGCGTAAGTCTGCT,7
GAGGCGATTTCGACGTGT,OXT_08,GACGGCATTCAGGCACGT,8
ACCCGCGGAGCTTGGGAA,OXT_28,AGCGGCGGCGACGGCGAA,7
GGGCAGGTATTGGCTTAT,OXT_07,GTGGGTGCATTTGCTGTA,9
ACACCAGGTCTACGGGCA,OXT_16,ATAAACAGTCTAGCTGTG,10
AGTGCGATGGAGGTGCTG,OXT_12,AATACAGCGGTGTTTCTA,9
GAGAGGACAAGTCGGCCA,OXT_09,TGTAGTGCTCGGCTGCCG,10
GCTACATGTTGTGGCAAG,OXT_10,AAGATGTATCGTGTGCTG,11
GGTAGTCGTAGTTCGCAT,OXT_09,TGTAGTGCTCGGCTGCCG,9
AGGCTAGTCCGAGGAGTA,OXT_02,AGGGGAGCGTGCGGAGGC,8
GACTAGGAAGAGACGCAT,OXT_23,AAGTAGGGACAGAATACG,9
TCGATCGTTGGTTATAAG,OXT_18,TAACGGGTTATCCATAAT,10
ACGATCCCGCTCGAAAAT,OXT_22,ACGGGACCGCAGATCGAG,10
AGGGCATCGGACGACCAT,OXT_20,AGGGCCTAGGGATGACGT,8
CCGATGCCATGTCGGAGG,OXT_10,AAGATGTATCGTGTGCTG,10
GCGGTGCACGACTACATT,OXT_21,GAGCAACGGGTCAGCATT,9
AGGCTGCACAATTCGGCT,OXT_01,AGGCTGCGTAAGTCTGCT,4
AATCGGCGGCATGCTTTT,OXT_01,AGGCTGCGTAAGTCTGCT,9
TTATTGCCGTCTGTTGTG,OXT_07,GTGGGTGCATTTGCTGTA,10
AGCGGAAGATGGGATACG,OXT_23,AAGTAGGGACAGAATACG,9
GTCGTAGTAATCCTTCCG,OXT_05,GGCGGACAGACTCTAATG,10
GGAGGCAGGACGGTAAGG,OXT_05,GGCGGACAGACTCTAATG,7
TAGGGCATCAAAGTGTCG,OXT_08,GACGGCATTCAGGCACGT,10
ACGACGTGGTAATGTAAG,OXT_24,GGGATTCGGTCATGTCCT,9
ACCAGGGTAGTCAGCTGC,OXT_06,ATCATCATCATCATCATC,9
GAGGTCCTGGCAGGGATT,OXT_21,GAGCAACGGGTCAGCATT,8
ACACCATGGCGCCCCTGA,OXT_15,AGGGTATAACGTCCTTTG,10
AAGATGCGTGGATTCTGT,OXT_03,GACTTGGGCTCATGCTGT,8
ATTGAGGGACACTGCATT,OXT_11,GGGTAAGGGCACAACAGT,9
CAACGGCAGAGTGTTGCT,OXT_01,AGGCTGCGTAAGTCTGCT,10
CAGGGGCCGGCCAATGTA,OXT_07,GTGGGTGCATTTGCTGTA,10
CAAGCATGGATAGCGTGT,OXT_27,GTAGAATGGGCATCGTCG,8
GTGGGGCACTTCCTACGC,OXT_02,AGGGGAGCGTGCGGAGGC,10
ATGGCAATAGACCTGTAG,OXT_15,AGGGTATAACGTCCTTTG,10
AGGTGGTATCGAGGCGCC,OXT_02,AGGGGAGCGTGCGGAGGC,9
GAAGTAGTTGCTTCCGGG,OXT_27,GTAGAATGGGCATCGTCG,9
ACGGAACGTGATAAATTG,OXT_22,ACGGGACCGCAGATCGAG,9
GGGGTAGAGCCGACTGTG,OXT_04,TAGACAGGGCTGACTGTG,6
GTCGCGGAGGAATGGCTG,OXT_20,AGGGCCTAGGGATGACGT,9
GCACGAGGCTAGAGTCTA,OXT_04,TAGACAGGGCTGACTGTG,11
AGGGCGTCTAGCACACTG,OXT_10,AAGATGTATCGTGTGCTG,9
GGGGCATTAGTAGCGGCA,OXT_26,GGGGCATTCACTGAGCTG,8
CGATGCCAGGTATGTCGC,OXT_20,AGGGCCTAGGGATGACGT,8
AGCTTCATGTCACGTGAG,OXT_17,AGGAACTACGATCGTGAA,10
GCAAAGGAAGCGATCGCT,OXT_14,TTGAGCGTAACGACAGTG,11
GCATGGGCTTCATGATGA,OXT_03,GACTTGGGCTCATGCTGT,7
TCCACCCTCATACGTTTG,OXT_06,ATCATCATCATCATCATC,10
GTGTCCATGGCTAGACCG,OXT_14,TTGAGCGTAACGACAGTG,10
ATGGTGCTTCGACTTGTC,OXT_10,AAGATGTATCGTGTGCTG,9
AGTAGTGTGTAGGTCGAT,OXT_22,ACGGGACCGCAGATCGAG,9
ACGGTACGGCAGAGAGTG,OXT_22,ACGGGACCGCAGATCGAG,5
GGGCCAGACCGAAATGCG,OXT_04,TAGACAGGGCTGACTGTG,9
ACAGGCTACTATACGGTC,OXT_17,AGGAACTACGATCGTGAA,10
GCAAAAGGCGTATCGAGG,OXT_27,GTAGAATGGGCATCGTCG,7
AGCGTAGCGTGTGTGAGC,OXT_02,AGGGGAGCGTGCGGAGGC,6
TGCCGTGCCACGATTGAA,OXT_09,TGTAGTGCTCGGCTGCCG,10
GTGAGGGACAAAGCGGTG,OXT_14,TTGAGCGTAACGACAGTG,8
ACGCCGTGAGACGCTGCT,OXT_01,AGGCTGCGTAAGTCTGCT,7
GAGGGCTAAGACGAGAGC,OXT_08,GACGGCATTCAGGCACGT,10
AGTAGCCATCAGACGTCG,OXT_09,TGTAGTGCTCGGCTGCCG,8
ATTAGCCCTTTCTATGCT,OXT_01,AGGCTGCGTAAGTCTGCT,10
CAGGGTCGTCTTCCCATG,OXT_04,TAGACAGGGCTGACTGTG,10
AGGTACCGGGTTCCTAGT,OXT_11,GGGTAAGGGCACAACAGT,9
GGGCCACAATGAACAGGT,OXT_20,AGGGCCTAGGGATGACGT,9
AGGCGTGATGAGTTCGAG,OXT_22,ACGGGACCGCAGATCGAG,8
TACCACGGTGATATTGTA,OXT_04,TAGACAGGGCTGACTGTG,10
TTCTGAATGTGCTCTCCA,OXT_02,AGGGGAGCGTGCGGAGGC,12
ATGCGGTATCGGCCGGTT,OXT_10,AAGATGTATCGTGTGCTG,8
ACGGAGTAGGACGTGTCG,OXT_10,AAGATGTATCGTGTGCTG,9
ACGAAGCGGGACGGATAG,OXT_17,AGGAACTACGATCGTGAA,10
AGTATGCGTAGTCAAGGT,OXT_01,AGGCTGCGTAAGTCTGCT,8
GATGAACAGGACACATTA,OXT_21,GAGCAACGGGTCAGCATT,8
GGCTCCTCCTAGGTGCTG,OXT_26,GGGGCATTCACTGAGCTG,8
TTGGACGAGCTCCCGGAG,OXT_04,TAGACAGGGCTGACTGTG,9
CACTATGCTGTCGTCGCG,OXT_09,TGTAGTGCTCGGCTGCCG,11
ACGGGGCTGTAGCCTGTA,OXT_22,ACGGGACCGCAGATCGAG,8
AGGTGCAAATCGGCGCTA,OXT_07,GTGGGTGCATTTGCTGTA,10
GCAGAATCGTCCACCGCT,OXT_27,GTAGAATGGGCATCGTCG,8
AGTACAGAACGGTCGATG,OXT_15,AGGGTATAACGTCCTTTG,8
TCTGGGCACAATTCACGT,OXT_08,GACGGCATTCAGGCACGT,10
GGAGAGGAGGCATGGCGA,OXT_20,AGGGCCTAGGGATGACGT,8
GGCATTAGTGCGAGGATA,OXT_24,GGGATTCGGTCATGTCCT,10
ATGGCATCCGATATTGAC,OXT_17,AGGAACTACGATCGTGAA,8
GCATGCGATAGTAAGGAG,OXT_13,TATTACACTAGTGGATGG,11
CAGCAAGACGTGCCTGAG,OXT_04,TAGACAGGGCTGACTGTG,8
ACAGTGCGATGTGTCATG,OXT_10,AAGATGTATCGTGTGCTG,9
TGGCATATACATACGGGT,OXT_11,GGGTAAGGGCACAACAGT,10
GGGCCAGAGAAAAAAGGT,OXT_11,GGGTAAGGGCACAACAGT,7
GTGCAGTGCGACTACGGC,OXT_11,GGGTAAGGGCACAACAGT,9
GTTGCACAGAAGCTGGCG,OXT_05,GGCGGACAGACTCTAATG,8
GAGGCGACCTGTACTTGT,OXT_03,GACTTGGGCTCATGCTGT,10
GGGGCAAGAGAAGCCGGG,OXT_11,GGGTAAGGGCACAACAGT,10
CGATGGGATCACGCTAAG,OXT_18,TAACGGGTTATCCATAAT,9
GGGGCATCATGCAACGAA,OXT_02,AGGGGAGCGTGCGGAGGC,9
GGACATAAACCAGGTGTG,OXT_16,ATAAACAGTCTAGCTGTG,8
GTAGACCTGGTAACGGTG,OXT_27,GTAGAATGGGCATCGTCG,7
AAGGGTCAAAATGCTGCG,OXT_07,GTGGGTGCATTTGCTGTA,8
GAGGGCACTAAGCTGAGT,OXT_08,GACGGCATTCAGGCACGT,7
ACGATGGTGCTCTGAACT,OXT_24,GGGATTCGGTCATGTCCT,10
GACTAATGGGAATGGTGC,OXT_27,GTAGAATGGGCATCGTCG,7
AGATATGAGTCGCCGGGC,OXT_02,AGGGGAGCGTGCGGAGGC,10
GATGGTGGTGACGATTTG,OXT_07,GTGGGTGCATTTGCTGTA,10
TCACAAGGTACGGATGCT,OXT_01,AGGCTGCGTAAGTCTGCT,9
ACGGCCTTGACGTGTCTG,OXT_20,AGGGCCTAGGGATGACGT,8
AGGTGGTGTTAATAGAGT,OXT_01,AGGCTGCGTAAGTCTGCT,9
TCTTAGCGTAGCGCGGAG,OXT_13,TATTACACTAGTGGATGG,9
GCGGTAGAACAGTTCGGG,OXT_22,ACGGGACCGCAGATCGAG,7
GGGAGGACCTAACATGAA,OXT_17,AGGAACTACGATCGTGAA,8
GTCCAATGGTATGCGGAG,OXT_27,GTAGAATGGGCATCGTCG,8
AGCTGTTCAATTGTGCGG,OXT_09,TGTAGTGCTCGGCTGCCG,10
AACGTACGAGCATGGAGT,OXT_03,GACTTGGGCTCATGCTGT,8
ACGGCATACATGATGTGT,OXT_20,AGGGCCTAGGGATGACGT,10
GAGCTGGCAATTTGTGCG,OXT_01,AGGCTGCGTAAGTCTGCT,9
AAAGGGACGTTCCATTGG,OXT_18,TAACGGGTTATCCATAAT,9
CGTCCTAGTTCTGCTGTG,OXT_16,ATAAACAGTCTAGCTGTG,9
CTTCATTACGCCTCGACG,OXT_27,GTAGAATGGGCATCGTCG,8
ATGAGGGCCAAGAGGGAT,OXT_14,TTGAGCGTAACGACAGTG,9
GGAGCGGGCAGTCGGATT,OXT_26,GGGGCATTCACTGAGCTG,9
CAGCAATCTTGACGGCGC,OXT_02,AGGGGAGCGTGCGGAGGC,10
GCACTTGAGCATAATGGT,OXT_11,GGGTAAGGGCACAACAGT,9
ACGGACGAACTGTGCGTG,OXT_22,ACGGGACCGCAGATCGAG,9
AGGCTCCGTGTAGGCATA,OXT_21,GAGCAACGGGTCAGCATT,8
GCCAGAGTGACCAGAGTG,OXT_14,TTGAGCGTAACGACAGTG,7
ATCCGTGTCACTCGCGGA,OXT_28,AGCGGCGGCGACGGCGAA,9
AGCGGTATCGTAACCGTG,OXT_06,ATCATCATCATCATCATC,9
GGGGACAAATTCGATACT,OXT_07,GTGGGTGCATTTGCTGTA,10
GATACGGGAATGGTTGCA,OXT_12,AATACAGCGGTGTTTCTA,8
AGGAGCTAGGCCATTCAG,OXT_17,AGGAACTACGATCGTGAA,8
ACGGTGCGTGCTTGATTG,OXT_01,AGGCTGCGTAAGTCTGCT,10
AGCGGAGTAATACAAGCG,OXT_05,GGCGGACAGACTCTAATG,9
GATATCGGCCAGACATTG,OXT_04,TAGACAGGGCTGACTGTG,8
ACACATAATAACGTGGTG,OXT_16,ATAAACAGTCTAGCTGTG,9
ACGTAAACCGTCACTGCG,OXT_04,TAGACAGGGCTGACTGTG,10
GAGGTCTAGATTCTCGCT,OXT_05,GGCGGACAGACTCTAATG,10
CAGGGCGAAGGTAGGTCC,OXT_02,AGGGGAGCGTGCGGAGGC,11
AAGGCCCGAGGTCACTCA,OXT_15,AGGGTATAACGTCCTTTG,10
ACGCTCGGACAAGGAGAT,OXT_25,TGCATCGCAACAGCAGTT,9
AGCATCGAGCTATGTAGT,OXT_20,AGGGCCTAGGGATGACGT,8
TCCGGAGTTCATCGTGCA,OXT_28,AGCGGCGGCGACGGCGAA,10
ATCCAATGTACTCGACTG,OXT_05,GGCGGACAGACTCTAATG,9
CGAGGAGCGGCGGTGCAA,OXT_12,AATACAGCGGTGTTTCTA,9
AACGATCTGTCGCTGGAA,OXT_22,ACGGGACCGCAGATCGAG,10
AGCAACGATAGTGGGTGA,OXT_13,TATTACACTAGTGGATGG,8
ATGGTCGAATATCCGGTC,OXT_07,GTGGGTGCATTTGCTGTA,8
GACGGGAAGGAGACTGGA,OXT_08,GACGGCATTCAGGCACGT,8
ATGGTCACCAACTGTACG,OXT_06,ATCATCATCATCATCATC,9
GGCGCACAACCCGATCCA,OXT_26,GGGGCATTCACTGAGCTG,9
TAGGGGAGTATGGGGCAG,OXT_08,GACGGCATTCAGGCACGT,10
ACGTACCATCGGTTCGGG,OXT_22,ACGGGACCGCAGATCGAG,8
ATGTTCGCTGCTGGGTTG,OXT_10,AAGATGTATCGTGTGCTG,9
ACGACGTTGACAGTGGTT,OXT_10,AAGATGTATCGTGTGCTG,9
GCTCGCGTGTGTTAGGAC,OXT_02,AGGGGAGCGTGCGGAGGC,11
GTGTACGGATTGGACAGC,OXT_11,GGGTAAGGGCACAACAGT,8
ACTACTGATCGCTATGTG,OXT_04,TAGACAGGGCTGACTGTG,10
ACTACGAGTGGAAAGTCA,OXT_09,TGTAGTGCTCGGCTGCCG,12
GTGGTGTCCAACTTGATT,OXT_06,ATCATCATCATCATCATC,10
GTGCTGATGTGTCGAGTC,OXT_02,AGGGGAGCGTGCGGAGGC,10
ATGTTCGTAGGCTAGTGT,OXT_20,AGGGCCTAGGGATGACGT,10
AGTAACCAGGCCTGTCTG,OXT_12,AATACAGCGGTGTTTCTA,9
GGTATGACCCAGCGTGCG,OXT_09,TGTAGTGCTCGGCTGCCG,9
ACCAGGGTGAGGAGATGT,OXT_02,AGGGGAGCGTGCGGAGGC,10
GTGGTGTCGAAAGGTATG,OXT_07,GTGGGTGCATTTGCTGTA,10
AGGGAACTGAACGCGCTT,OXT_26,GGGGCATTCACTGAGCTG,8
TACAGGGTAGTCTTCGTA,OXT_12,AATACAGCGGTGTTTCTA,9
GGGCAGTATTTGATCGGA,OXT_01,AGGCTGCGTAAGTCTGCT,11
TGAGGGATGAATCGCGCA,OXT_28,AGCGGCGGCGACGGCGAA,10
CAATGTGGTATGGCTCGG,OXT_04,TAGACAGGGCTGACTGTG,10
AGGCACTTGTGACTGAAT,OXT_20,AGGGCCTAGGGATGACGT,9
CACGGGCAGCCACACGGT,OXT_03,GACTTGGGCTCATGCTGT,10
ACACGTCCATTGGCAGTG,OXT_07,GTGGGTGCATTTGCTGTA,8
TTGCGAAAAGACTGAGTG,OXT_14,TTGAGCGTAACGACAGTG,9
AACGGGTAAGAGCGTACT,OXT_23,AAGTAGGGACAGAATACG,9
GGCCCGGGATGTAAATAC,OXT_03,GACTTGGGCTCATGCTGT,11
GTGCACTAACCTGGGGCA,OXT_17,AGGAACTACGATCGTGAA,9
GGCGACACGGCGGTAACA,OXT_05,GGCGGACAGACTCTAATG,9
ATTAGGGCCAAATGGATT,OXT_03,GACTTGGGCTCATGCTGT,11
AGCAACTAACACGCGGTG,OXT_16,ATAAACAGTCTAGCTGTG,8
AGTCACGGAATGGGTGCG,OXT_01,AGGCTGCGTAAGTCTGCT,9
GGTGTACCGGATAGTCGT,OXT_24,GGGATTCGGTCATGTCCT,9
CGCACGATCCGAATGGTG,OXT_06,ATCATCATCATCATCATC,10
GGGGAATCCAAGCAGCGG,OXT_26,GGGGCATTCACTGAGCTG,6
AGGGCTGCAACTGGTGTA,OXT_07,GTGGGTGCATTTGCTGTA,6
AGGACCCTTAGCCTTCCG,OXT_09,TGTAGTGCTCGGCTGCCG,9
GGGAGGCATTGTCGGGTC,OXT_10,AAGATGTATCGTGTGCTG,9
ACAAGCCGATGATTTGTG,OXT_16,ATAAACAGTCTAGCTGTG,8
TGACAGGCAATGGAACTC,OXT_25,TGCATCGCAACAGCAGTT,9
GACAGTGCTCCGTCCGCG,OXT_09,TGTAGTGCTCGGCTGCCG,8
TGGGTGATCCTGAGCAAA,OXT_06,ATCATCATCATCATCATC,10
TACAGGTCATCGGTCTCG,OXT_09,TGTAGTGCTCGGCTGCCG,10
AGGGCACGAGTTACCCGA,OXT_15,AGGGTATAACGTCCTTTG,10
GATGGCAGCTATGGCGAT,OXT_28,AGCGGCGGCGACGGCGAA,7
GGTGAAGAGTGGAGGAAG,OXT_02,AGGGGAGCGTGCGGAGGC,10
AGCAAGAGGTAGGTGTCG,OXT_23,AAGTAGGGACAGAATACG,10
GCACGATCTACTCCTGTG,OXT_05,GGCGGACAGACTCTAATG,9
ACCGGAAGGATAACGGTG,OXT_04,TAGACAGGGCTGACTGTG,9
GACAGGAGACATATGGAG,OXT_10,AAGATGTATCGTGTGCTG,10
ACGGCCGGACAGTTACAA,OXT_22,ACGGGACCGCAGATCGAG,9
TGCGGCGAGGAGCATCTG,OXT_05,GGCGGACAGACTCTAATG,9
AACAGGTGAGCATGCTAG,OXT_03,GACTTGGGCTCATGCTGT,8
AGGCCATTCGTACGCGGT,OXT_20,AGGGCCTAGGGATGACGT,8
GTACACCGAGCCTATAGT,OXT_21,GAGCAACGGGTCAGCATT,9
TAACCATTCGATCTTGCT,OXT_17,AGGAACTACGATCGTGAA,10
GGCGGTCACGCACTCGGT,OXT_05,GGCGGACAGACTCTAATG,8
GCAAAATGCCTGTTCGGT,OXT_11,GGGTAAGGGCACAACAGT,10
ATGGGGCTTACGGTCTGT,OXT_01,AGGCTGCGTAAGTCTGCT,10
ACGGTTGGCACATACGGA,OXT_03,GACTTGGGCTCATGCTGT,9
GAGGCTAGATGCGTGCTT,OXT_07,GTGGGTGCATTTGCTGTA,10
AGGTGCAGTTACGTCATG,OXT_28,AGCGGCGGCGACGGCGAA,9
ACGGAGGTATGCGCTGTC,OXT_02,AGGGGAGCGTGCGGAGGC,8
AGTCGACGACGTACGCTG,OXT_15,AGGGTATAACGTCCTTTG,8
TCGAGAATAGACAGAGTG,OXT_14,TTGAGCGTAACGACAGTG,7
GCACGGGTAAGAGGGATG,OXT_18,TAACGGGTTATCCATAAT,10
TATGGTACATACGTTGGC,OXT_02,AGGGGAGCGTGCGGAGGC,9
ACCAGCATAAGTAGAGCA,OXT_14,TTGAGCGTAACGACAGTG,9
ATTCTGGACCTATCTTGT,OXT_03,GACTTGGGCTCATGCTGT,9
TGACAGCAGAGAGTGTGG,OXT_13,TATTACACTAGTGGATGG,10
ACAACTCACCAGTCTGCT,OXT_01,AGGCTGCGTAAGTCTGCT,8
AACGTGCTTGCCTCCTGT,OXT_03,GACTTGGGCTCATGCTGT,8
ACTGAGGGATATCGATAA,OXT_17,AGGAACTACGATCGTGAA,10
ACGATCAGCATGATGTCG,OXT_06,ATCATCATCATCATCATC,8
CACACTGTCGAGGCGTGT,OXT_08,GACGGCATTCAGGCACGT,9
AGGATGTACAGAGTGGTT,OXT_10,AAGATGTATCGTGTGCTG,6
GCGGCACTACATCCGAGT,OXT_08,GACGGCATTCAGGCACGT,10
ATGCGGACTTACATAGCG,OXT_22,ACGGGACCGCAGATCGAG,9
AGGGTACGAAGGCGCATA,OXT_15,AGGGTATAACGTCCTTTG,8
ACGGGGCCAGGCTACCTA,OXT_22,ACGGGACCGCAGATCGAG,10
TGTGCAGGTATGGCCGCT,OXT_01,AGGCTGCGTAAGTCTGCT,9
TGGCCATAGGACGCGGTT,OXT_04,TAGACAGGGCTGACTGTG,10
GTGGGTCTCAGTTCCTGT,OXT_07,GTGGGTGCATTTGCTGTA,10
GAGGGCAAGGTGGATAGC,OXT_08,GACGGCATTCAGGCACGT,9
GGTAGCGGCGCACCATGT,OXT_03,GACTTGGGCTCATGCTGT,9
GGCGGCATTCGTTGGTTA,OXT_08,GACGGCATTCAGGCACGT,9
AATACCCTCTCCGTCCTG,OXT_06,ATCATCATCATCATCATC,9
AGGGACTGAGTGTGTTAG,OXT_17,AGGAACTACGATCGTGAA,8
GGTACGGACCGTAGTGTG,OXT_04,TAGACAGGGCTGACTGTG,9
GGTCCCCTCGTGTGGCAA,OXT_12,AATACAGCGGTGTTTCTA,10
GTGCGACAGACGAGAACG,OXT_05,GGCGGACAGACTCTAATG,7
GACAATGATCTGCGTGCT,OXT_04,TAGACAGGGCTGACTGTG,10
TAGGACAGGCATTAGTCG,OXT_23,AAGTAGGGACAGAATACG,9
GGGCAGTCTGATCCTCCT,OXT_01,AGGCTGCGTAAGTCTGCT,8
TACGGTCTAACGTATGTG,OXT_14,TTGAGCGTAACGACAGTG,8
GTGGCTCATCCACTCTCT,OXT_24,GGGATTCGGTCATGTCCT,10
AGCACATCGACACGGGTA,OXT_25,TGCATCGCAACAGCAGTT,9
TCGGGAAGCGGACCAACG,OXT_27,GTAGAATGGGCATCGTCG,10
AACACGTGAATGTGACTG,OXT_12,AATACAGCGGTGTTTCTA,9
AGCAGAATGCGGTGTCCT,OXT_24,GGGATTCGGTCATGTCCT,9
GCAGACAATGGACGTGTA,OXT_16,ATAAACAGTCTAGCTGTG,9
AGCCGTGCAACCGATTGT,OXT_25,TGCATCGCAACAGCAGTT,9
ACAAGGGTGTAGCACTGT,OXT_18,TAACGGGTTATCCATAAT,10
ACATGCTGCTCACGGTAA,OXT_03,GACTTGGGCTCATGCTGT,10
ATGGCGTGTACGGTCATC,OXT_06,ATCATCATCATCATCATC,10
GCACGTGCCCAGATGCTG,OXT_09,TGTAGTGCTCGGCTGCCG,8
ATAGAGGCTTGTACATTG,OXT_07,GTGGGTGCATTTGCTGTA,10
GACCTGTGCATCCTCGAC,OXT_06,ATCATCATCATCATCATC,9
GCATGAATGATCCAGTCG,OXT_18,TAACGGGTTATCCATAAT,10
TGCTTGGGATCAAGGTCT,OXT_03,GACTTGGGCTCATGCTGT,6
TACCCGGACACTTCACAG,OXT_03,GACTTGGGCTCATGCTGT,11
AAACCATCCCGAGTCGCA,OXT_10,AAGATGTATCGTGTGCTG,11
TTTACAGTGTAGACAGGT,OXT_04,TAGACAGGGCTGACTGTG,8
TGGTGTAGTACCTACTAT,OXT_11,GGGTAAGGGCACAACAGT,10
ACGGTACGGTATAGACTG,OXT_22,ACGGGACCGCAGATCGAG,8
ACAGGCCACACGTAGGGT,OXT_01,AGGCTGCGTAAGTCTGCT,11
GGCATCCGACCTTCCCCT,OXT_24,GGGATTCGGTCATGTCCT,7
GTGGCGACCCGGGAAGTG,OXT_26,GGGGCATTCACTGAGCTG,9
GGGACGGGCACACAGACT,OXT_24,GGGATTCGGTCATGTCCT,9
GACGACATTGTGCACCGA,OXT_08,GACGGCATTCAGGCACGT,7
GGGGGAACGGCTTTTGCA,OXT_05,GGCGGACAGACTCTAATG,9
AGTGGCCATTGCATTGAG,OXT_22,ACGGGACCGCAGATCGAG,9
AGACGACCACTCGAACCT,OXT_02,AGGGGAGCGTGCGGAGGC,10
AGATGGGGCGTGTTCGAA,OXT_28,AGCGGCGGCGACGGCGAA,7
ATGACGAGGTCGACTCGG,OXT_04,TAGACAGGGCTGACTGTG,8
TAGGTGGCGGTATACTAG,OXT_03,GACTTGGGCTCATGCTGT,10
GGCAACTGGGATGACTGG,OXT_11,GGGTAAGGGCACAACAGT,9
GCAGTGAAACGAAGGTTG,OXT_15,AGGGTATAACGTCCTTTG,9
ATAGGTAGGCGGCGGCAT,OXT_09,TGTAGTGCTCGGCTGCCG,10
ATGGGCACGATGTGTCAG,OXT_22,ACGGGACCGCAGATCGAG,9
ATTAGGTACGCGTCACGG,OXT_14,TTGAGCGTAACGACAGTG,10
AAGGCGCATCAGGTGTTG,OXT_10,AAGATGTATCGTGTGCTG,6
AGGTCGCAAAGGGAACTG,OXT_10,AAGATGTATCGTGTGCTG,9
GACACCGGGAGATAAGCG,OXT_04,TAGACAGGGCTGACTGTG,10
TGCGGAGTGAGTATGCAT,OXT_05,GGCGGACAGACTCTAATG,9
AGCGAACAAGGCCAAGTG,OXT_05,GGCGGACAGACTCTAATG,8
GCACTCGAGTCTTGGAAG,OXT_03,GACTTGGGCTCATGCTGT,11
AACGGTCCTGAACGGTGG,OXT_08,GACGGCATTCAGGCACGT,11
AATGGTGACTCGCCGTGT,OXT_03,GACTTGGGCTCATGCTGT,10
ATGAACGAGCATGGCGCG,OXT_17,AGGAACTACGATCGTGAA,8
ACGGCACTGGCACACGCT,OXT_22,ACGGGACCGCAGATCGAG,9
AACGTGACTGCATGGCGC,OXT_03,GACTTGGGCTCATGCTGT,9
GAGGGGAAGGATGACGCG,OXT_22,ACGGGACCGCAGATCGAG,10
TCGGAGCCAAATCTAGTG,OXT_05,GGCGGACAGACTCTAATG,9
GCACGGGCATAAGTTCGG,OXT_07,GTGGGTGCATTTGCTGTA,10
TAGGGTCGCAAGCCACAT,OXT_08,GACGGCATTCAGGCACGT,9
AGCAGGGATACGCATTGG,OXT_05,GGCGGACAGACTCTAATG,10
GTCGGCGCTCAATACCGG,OXT_08,GACGGCATTCAGGCACGT,8
ATGGGATTCGACTGCAGT,OXT_20,AGGGCCTAGGGATGACGT,9
AGCATGTGACATGGGATG,OXT_10,AAGATGTATCGTGTGCTG,7
AGCATATGAGGTGTTGTG,OXT_15,AGGGTATAACGTCCTTTG,7
GAGAATTGAGGAGATCAG,OXT_10,AAGATGTATCGTGTGCTG,10
GAGTGCGCAGAGTGATCA,OXT_23,AAGTAGGGACAGAATACG,10
ACAGGGAGTCTTATGAAG,OXT_22,ACGGGACCGCAGATCGAG,9
ACCGGTTGGATCCGATCC,OXT_02,AGGGGAGCGTGCGGAGGC,10
ATGGGCCTCGAAAGCTGA,OXT_28,AGCGGCGGCGACGGCGAA,8
TGGGTCCTACGTGTTGCT,OXT_15,AGGGTATAACGTCCTTTG,9
GCGGTAGGAGTGCTGCGT,OXT_11,GGGTAAGGGCACAACAGT,11
AGGTCGCAGAAAGAACGT,OXT_20,AGGGCCTAGGGATGACGT,7
TTGGATGTGCCACGAGAG,OXT_14,TTGAGCGTAACGACAGTG,9
ATACAGGCATTTACTCGG,OXT_07,GTGGGTGCATTTGCTGTA,9
GGGGCGCTCAATAGGTCA,OXT_26,GGGGCATTCACTGAGCTG,8
GAGGAGTGGACACAGAGG,OXT_27,GTAGAATGGGCATCGTCG,8
AGAGCGTACGGAGCGTCT,OXT_20,AGGGCCTAGGGATGACGT,8
GGCGCATACTAGATAGTG,OXT_05,GGCGGACAGACTCTAATG,8
ACAGGAGGACTCGCATCT,OXT_02,AGGGGAGCGTGCGGAGGC,10
GAACAGCGAGTGCTCATT,OXT_21,GAGCAACGGGTCAGCATT,6
GAGCCGAGGTGTGAGGAT,OXT_10,AAGATGTATCGTGTGCTG,11
GCTGATGACTGCGGGACG,OXT_02,AGGGGAGCGTGCGGAGGC,11
TGAGTAAGCCGCTGAGGT,OXT_02,AGGGGAGCGTGCGGAGGC,9
ACCGTGAGCTTAACCGTG,OXT_06,ATCATCATCATCATCATC,9
ACGACAGCCCATTTCGCT,OXT_22,ACGGGACCGCAGATCGAG,8
ACTATCGACCGGTGGCTC,OXT_10,AAGATGTATCGTGTGCTG,9
AAAGACCGTAGGGTGCTC,OXT_10,AAGATGTATCGTGTGCTG,9
ACCTGAGGCGGTTCCGTG,OXT_28,AGCGGCGGCGACGGCGAA,9
GTGGCGGCAATTCACGTT,OXT_07,GTGGGTGCATTTGCTGTA,7
AGAGCATTATTTATGTCG,OXT_15,AGGGTATAACGTCCTTTG,9
GGCGAGGAGAGTAAGCGT,OXT_11,GGGTAAGGGCACAACAGT,9
ACGAGATGTCTGAGTGTA,OXT_04,TAGACAGGGCTGACTGTG,7
AGCTACTGTTGAACTGGG,OXT_16,ATAAACAGTCTAGCTGTG,8
ACGACAATGTTCTGAGTG,OXT_02,AGGGGAGCGTGCGGAGGC,9
AGCCGACCTGTGGTGTAT,OXT_22,ACGGGACCGCAGATCGAG,10
AAGGGGAGGAGGCTGCTT,OXT_10,AAGATGTATCGTGTGCTG,9
ACAGGGTACTACAACTTG,OXT_22,ACGGGACCGCAGATCGAG,10
AGGTGCGCCCGATCATAT,OXT_20,AGGGCCTAGGGATGACGT,9
CACTGTCTCCCACGTGCT,OXT_03,GACTTGGGCTCATGCTGT,10
CCAAGGGAGATGACGCTG,OXT_04,TAGACAGGGCTGACTGTG,9
ACAGGGAATCGGAAAGTG,OXT_22,ACGGGACCGCAGATCGAG,9
ACCGAGTTCAATGATGTG,OXT_26,GGGGCATTCACTGAGCTG,8
AACCGTGTAATATTGGAG,OXT_18,TAACGGGTTATCCATAAT,10
ATGAGACGTGTGACCCCT,OXT_01,AGGCTGCGTAAGTCTGCT,9
TCAAGTGTCATGGTGGCT,OXT_09,TGTAGTGCTCGGCTGCCG,9
AGGCGCACCCTTACGTGG,OXT_15,AGGGTATAACGTCCTTTG,10
GTAGATCCCAGTGTAGCT,OXT_07,GTGGGTGCATTTGCTGTA,10
GGTAGTAGCAGTTGTACG,OXT_24,GGGATTCGGTCATGTCCT,9
GCACGGTGAGGATGTACA,OXT_27,GTAGAATGGGCATCGTCG,10
AGCCGTCTCCACATTGTG,OXT_22,ACGGGACCGCAGATCGAG,9
ATACACTCTCGGTTGGTC,OXT_16,ATAAACAGTCTAGCTGTG,9
GGGCACAGTGTAGAGTCG,OXT_16,ATAAACAGTCTAGCTGTG,9
GCGATATCTGGACGTGTG,OXT_15,AGGGTATAACGTCCTTTG,9
CATGGTAACACAGGGGCT,OXT_03,GACTTGGGCTCATGCTGT,12
ACAGGGTCATGAGTATCA,OXT_02,AGGGGAGCGTGCGGAGGC,10
GACAGGGTGAGTAAATGG,OXT_05,GGCGGACAGACTCTAATG,10
GCCCTGAGATGTCGCTCG,OXT_03,GACTTGGGCTCATGCTGT,9
GGGGTTAGGTTGAGGCAG,OXT_24,GGGATTCGGTCATGTCCT,8
ATGCCACCGTGGCTAGTG,OXT_22,ACGGGACCGCAGATCGAG,8
AACCATCGCCTGACGTGT,OXT_21,GAGCAACGGGTCAGCATT,10
CGGAAGGCAACCGTCGCT,OXT_25,TGCATCGCAACAGCAGTT,8
AGCTAGGCTGAGTATGAA,OXT_01,AGGCTGCGTAAGTCTGCT,9
AGCCGTACGGTGCGGAAA,OXT_28,AGCGGCGGCGACGGCGAA,10
ATGCAGACTGCTCTTCCG,OXT_10,AAGATGTATCGTGTGCTG,10
ACAGGCATGCCTACTGTG,OXT_16,ATAAACAGTCTAGCTGTG,8
AACACGTGACGACAGCTG,OXT_10,AAGATGTATCGTGTGCTG,7
GACGCGCGGGCAAAATGT,OXT_03,GACTTGGGCTCATGCTGT,8
TGGTACAGCAAGTCGCGT,OXT_01,AGGCTGCGTAAGTCTGCT,9
AGTGTATGCTCCTCTATT,OXT_15,AGGGTATAACGTCCTTTG,9
CGGCGGGATAACAGCGCG,OXT_01,AGGCTGCGTAAGTCTGCT,9
GGCCAGGCAACTGTAGCT,OXT_25,TGCATCGCAACAGCAGTT,7
AAAGTAGCTCCCAAGTAA,OXT_18,TAACGGGTTATCCATAAT,11
GGTGCACCTTATGTAGCT,OXT_02,AGGGGAGCGTGCGGAGGC,10
TCGGCGAATATTGCTGCT,OXT_01,AGGCTGCGTAAGTCTGCT,9
ATGGGTAGAAACGTCCTG,OXT_06,ATCATCATCATCATCATC,10
ACGGGAAGCCACTGACAG,OXT_22,ACGGGACCGCAGATCGAG,8
ATTACGGTAGAGTGCGGT,OXT_12,AATACAGCGGTGTTTCTA,10
GGCATGGCTGACTGGGTG,OXT_25,TGCATCGCAACAGCAGTT,10
AGGTGACATTGGACGTGG,OXT_15,AGGGTATAACGTCCTTTG,9
GCATAGGAAATCGCCGTG,OXT_07,GTGGGTGCATTTGCTGTA,10
AACAGGTAGTCGATGCGT,OXT_10,AAGATGTATCGTGTGCTG,9
GTAGCACGGAGCCAGCCG,OXT_27,GTAGAATGGGCATCGTCG,8
GGGCAATTGAAGTGCGCA,OXT_01,AGGCTGCGTAAGTCTGCT,9
GGGGTGAAGGGTACGCGT,OXT_20,AGGGCCTAGGGATGACGT,8
GTCACGACTGGTATGGCG,OXT_09,TGTAGTGCTCGGCTGCCG,10
GCGACTGAAGTTGCAGAG,OXT_07,GTGGGTGCATTTGCTGTA,8
ACTCACCGGGTGTATTCG,OXT_01,AGGCTGCGTAAGTCTGCT,10
ACACATGTTCTCGGTGTG,OXT_16,ATAAACAGTCTAGCTGTG,7
ACGATGACGTCGATGGCT,OXT_22,ACGGGACCGCAGATCGAG,9
GGTGCACATGCTCAGCGA,OXT_26,GGGGCATTCACTGAGCTG,8
ACGGGGATGTCCGACCTA,OXT_02,AGGGGAGCGTGCGGAGGC,10
ATACTGTTAGTCGCTCTT,OXT_16,ATAAACAGTCTAGCTGTG,10
CACGGGATTCACGCTCGT,OXT_08,GACGGCATTCAGGCACGT,4
ACGCTATCAGAAGTGTTG,OXT_10,AAGATGTATCGTGTGCTG,9
GATAAAACATGCAATGCT,OXT_11,GGGTAAGGGCACAACAGT,11
AAGACCTGAGTGTGCCTT,OXT_12,AATACAGCGGTGTTTCTA,8
AGTCGTCCAGTGAGCTCT,OXT_21,GAGCAACGGGTCAGCATT,10
ATGTGGCATAGTGGTTGA,OXT_13,TATTACACTAGTGGATGG,9
ACAGTGTTGCAGCGGTAC,OXT_22,ACGGGACCGCAGATCGAG,10
TAGGCGTCGGTCTGCGCT,OXT_20,AGGGCCTAGGGATGACGT,9
GGGCGGATATACAGCTCA,OXT_11,GGGTAAGGGCACAACAGT,11
GCTATGATGTGCTGAGCG,OXT_24,GGGATTCGGTCATGTCCT,10
TATCACGCTTACAGTGCT,OXT_13,TATTACACTAGTGGATGG,10
TTGCGTCAATCCTCGGGT,OXT_07,GTGGGTGCATTTGCTGTA,10
GCGACAGGGTATCATGGA,OXT_04,TAGACAGGGCTGACTGTG,9
ACGGGGACATCGTCAGCG,OXT_14,TTGAGCGTAACGACAGTG,9
AGCAGGCGCGGCTCATGT,OXT_01,AGGCTGCGTAAGTCTGCT,10
GATGCACGAGTTCAGTCG,OXT_27,GTAGAATGGGCATCGTCG,9
GCGGCCAAGCGTGACATG,OXT_26,GGGGCATTCACTGAGCTG,9
TAGTGCACGAACTTGGCT,OXT_01,AGGCTGCGTAAGTCTGCT,11
ATAGATGGGCTCTAGTCA,OXT_27,GTAGAATGGGCATCGTCG,8
AGCCGTGTAACATAGCGA,OXT_25,TGCATCGCAACAGCAGTT,11
ATGCCAGCAAGGTGCGTA,OXT_12,AATACAGCGGTGTTTCTA,9
ATGGCACCCGATCCACTC,OXT_15,AGGGTATAACGTCCTTTG,10
ATACACAAGTCTAGTGCT,OXT_16,ATAAACAGTCTAGCTGTG,10
GAAGGGCACTGAAATTGG,OXT_03,GACTTGGGCTCATGCTGT,10
CAGGGGTCTGCTACTGTT,OXT_07,GTGGGTGCATTTGCTGTA,9
GGCTCGTTAAAGGCAGAT,OXT_08,GACGGCATTCAGGCACGT,9
TGGGCAATTGGTTAGCTA,OXT_26,GGGGCATTCACTGAGCTG,7
TATGTGCCAGGGTAGCGA,OXT_12,AATACAGCGGTGTTTCTA,10
TCAGGCGGTCTAGTGAAT,OXT_18,TAACGGGTTATCCATAAT,9
GTGGACGCAACGACTCAT,OXT_14,TTGAGCGTAACGACAGTG,8
TGCCGGAGAACGTACGAG,OXT_01,AGGCTGCGTAAGTCTGCT,10
ATGTGAGTCCTAGGCCGG,OXT_02,AGGGGAGCGTGCGGAGGC,10
GGTAGCACGCAGGCAAGG,OXT_08,GACGGCATTCAGGCACGT,7
GCTATGGCACGAGAGTTG,OXT_10,AAGATGTATCGTGTGCTG,9
AGTGGCCGACTAACTCTT,OXT_16,ATAAACAGTCTAGCTGTG,9
GGTGCAGTAATATGGTCG,OXT_26,GGGGCATTCACTGAGCTG,9
AGGGAGAGCATCACACGG,OXT_01,AGGCTGCGTAAGTCTGCT,11
ATGTAGACGGAAATCGTG,OXT_22,ACGGGACCGCAGATCGAG,8
CGAATTGACTTCGACATG,OXT_06,ATCATCATCATCATCATC,10
TGGCAAACAACGCTGGGA,OXT_09,TGTAGTGCTCGGCTGCCG,11
GGGCTAGCGATCATTGTG,OXT_04,TAGACAGGGCTGACTGTG,8
AGGACGAAGCTAAATATG,OXT_04,TAGACAGGGCTGACTGTG,8
GTGACCCATGATCGGTTT,OXT_17,AGGAACTACGATCGTGAA,9
TTACTCAAACGTGTTATC,OXT_06,ATCATCATCATCATCATC,10
AGGGGACATCGCTTGTCG,OXT_15,AGGGTATAACGTCCTTTG,8
ATTACGGTCAGCACATCT,OXT_06,ATCATCATCATCATCATC,10
AAGCGGACTCTGTGCTTG,OXT_10,AAGATGTATCGTGTGCTG,10
AACGGGCGGACACGCGGG,OXT_03,GACTTGGGCTCATGCTGT,9
GGCAGGGGTTGCCCGATG,OXT_09,TGTAGTGCTCGGCTGCCG,9
GTGTAGTATTGCTCCCCT,OXT_01,AGGCTGCGTAAGTCTGCT,11
TACGGGATACTCGGACGT,OXT_08,GACGGCATTCAGGCACGT,6
ACTATCAGACCGACAGTG,OXT_14,TTGAGCGTAACGACAGTG,7
CAGGGAGAGTATCGGGAG,OXT_02,AGGGGAGCGTGCGGAGGC,9
AAATGGTAGGTGAGACGT,OXT_20,AGGGCCTAGGGATGACGT,8
TACGGGCAGTATAGTGCA,OXT_05,GGCGGACAGACTCTAATG,11
CGGGGTCCAGAATTAGTC,OXT_02,AGGGGAGCGTGCGGAGGC,10
ATAGGGATGGTGTGTCGT,OXT_20,AGGGCCTAGGGATGACGT,9
GGAGGCTAGACGTCAAGG,OXT_05,GGCGGACAGACTCTAATG,7
GCATGGTGGCCAAACTCG,OXT_27,GTAGAATGGGCATCGTCG,8
CGGGTGAAGACGGCCGTA,OXT_01,AGGCTGCGTAAGTCTGCT,10
AGGACTGTATACGGTCCG,OXT_24,GGGATTCGGTCATGTCCT,9
AGCCCACAATCTGGTGTG,OXT_05,GGCGGACAGACTCTAATG,9
GGTGGACGAGTTAATGTG,OXT_05,GGCGGACAGACTCTAATG,9
GTAGCATGGGTGAACGGT,OXT_11,GGGTAAGGGCACAACAGT,9
GCGGTAGTGACGTCGTGG,OXT_27,GTAGAATGGGCATCGTCG,8
GGACGGCTAGCGATCGTT,OXT_14,TTGAGCGTAACGACAGTG,10
GCCTGATCCTGTCGCGTG,OXT_05,GGCGGACAGACTCTAATG,10
GGCGGATACTTGCAATTG,OXT_05,GGCGGACAGACTCTAATG,7
AGGGATGCATTATGTCTG,OXT_07,GTGGGTGCATTTGCTGTA,8
GGAGGGAGATGCCGGTTG,OXT_15,AGGGTATAACGTCCTTTG,10
ACAGACATGTGCATCAAC,OXT_06,ATCATCATCATCATCATC,8
GGGCGCCAAGTGGTGATT,OXT_21,GAGCAACGGGTCAGCATT,9
GCGGGTGTCTGAGCCTCC,OXT_07,GTGGGTGCATTTGCTGTA,9
ACGGGTAATCACACGCGG,OXT_08,GACGGCATTCAGGCACGT,9
AGGGCACGAATCCATACA,OXT_01,AGGCTGCGTAAGTCTGCT,10
ATCCGCGTTGGTACAGTG,OXT_14,TTGAGCGTAACGACAGTG,7
AGGCAGGCAGAAGACTCG,OXT_23,AAGTAGGGACAGAATACG,8
GCCGGGTACAGGCGCTAT,OXT_03,GACTTGGGCTCATGCTGT,10
GTGAGGATAGCGAAGACG,OXT_14,TTGAGCGTAACGACAGTG,8
GGCATACTACTCCCTTGT,OXT_15,AGGGTATAACGTCCTTTG,9
GGGTACTGACTGTGATTG,OXT_15,AGGGTATAACGTCCTTTG,10
GCCCAATGTTAACGTCTG,OXT_16,ATAAACAGTCTAGCTGTG,11
GACAGGCTTAGGAAGGTG,OXT_14,TTGAGCGTAACGACAGTG,9
ACGCTTTAGAGTAGTGTG,OXT_15,AGGGTATAACGTCCTTTG,8
AGGGCCTGTCATAGTCAT,OXT_17,AGGAACTACGATCGTGAA,8
AGTTAGTGGTGTTCCGTA,OXT_01,AGGCTGCGTAAGTCTGCT,11
GCGGAGGAATGTCACAGT,OXT_11,GGGTAAGGGCACAACAGT,9
AACCGCGTCATTAATGCT,OXT_18,TAACGGGTTATCCATAAT,8
CAGGAGGCCATGACGGAG,OXT_04,TAGACAGGGCTGACTGTG,9
GGATAATCCGGTGATCCG,OXT_26,GGGGCATTCACTGAGCTG,8
GCACGGTCTTAGCGTGTA,OXT_07,GTGGGTGCATTTGCTGTA,10
GAGCGGAAGAGGCGTCCT,OXT_01,AGGCTGCGTAAGTCTGCT,10
TTCGGTAAGCATACGCCG,OXT_08,GACGGCATTCAGGCACGT,10
GTGGTTAGACAGTACCGT,OXT_08,GACGGCATTCAGGCACGT,9
GGCCTTTATAGGGTGGCT,OXT_01,AGGCTGCGTAAGTCTGCT,9
GCACCCCGGAACGCATCG,OXT_19,CCCCCCCCCCCCCCCCCC,10
GGGCATGGGCGCTAGTAC,OXT_11,GGGTAAGGGCACAACAGT,8
TCAGGGCACTCTATTTGT,OXT_03,GACTTGGGCTCATGCTGT,11
AACACCTTCCAACGGGTG,OXT_17,AGGAACTACGATCGTGAA,9
ACGGTACATGAGGCGCGA,OXT_01,AGGCTGCGTAAGTCTGCT,10
AGAGAGGTGAATACCGAT,OXT_01,AGGCTGCGTAAGTCTGCT,10
GGGACAGGCGTATGATGG,OXT_03,GACTTGGGCTCATGCTGT,9
GCCTCGTGCTTCCATGCT,OXT_03,GACTTGGGCTCATGCTGT,10
ACGGCACACATCGATTCT,OXT_26,GGGGCATTCACTGAGCTG,10
ATGGTCACCACGTGCCTT,OXT_06,ATCATCATCATCATCATC,9
AACGGCATAAGGACGGTG,OXT_14,TTGAGCGTAACGACAGTG,7
CACGCGCGAACTGGTGCT,OXT_01,AGGCTGCGTAAGTCTGCT,10
GGGCGTGACAGAAGGTGG,OXT_02,AGGGGAGCGTGCGGAGGC,11
GGACGCGATGATGACAAG,OXT_28,AGCGGCGGCGACGGCGAA,9
GCAGGTGCGTCCACTCGT,OXT_07,GTGGGTGCATTTGCTGTA,9
CTGTGGCACCGTATCGCT,OXT_22,ACGGGACCGCAGATCGAG,10
TATTGAGACACAGCCCCT,OXT_03,GACTTGGGCTCATGCTGT,10
ATCGTCAAGTCCGAGTGT,OXT_02,AGGGGAGCGTGCGGAGGC,11
ACGGGAATAGATCCGCGG,OXT_15,AGGGTATAACGTCCTTTG,9
ACACATGCGCCTGGGAGT,OXT_02,AGGGGAGCGTGCGGAGGC,11
AACGCATGACGTGTTGAG,OXT_15,AGGGTATAACGTCCTTTG,8
TCCTGTCGCATTGTCGTG,OXT_05,GGCGGACAGACTCTAATG,10
ACGTAGGTACATGGGCGT,OXT_23,AAGTAGGGACAGAATACG,9
GCGAGGGTTAACTTGTCA,OXT_01,AGGCTGCGTAAGTCTGCT,11
GGACTGAACTTTGTGTGC,OXT_03,GACTTGGGCTCATGCTGT,11
TGAAGTGGTAATTAGCCT,OXT_09,TGTAGTGCTCGGCTGCCG,8
AGGACCTAAGTCGGGTGG,OXT_20,AGGGCCTAGGGATGACGT,8
ACGCTGCTAGGACTAGTG,OXT_10,AAGATGTATCGTGTGCTG,10
AGGGACGAGCTTCAAGTG,OXT_15,AGGGTATAACGTCCTTTG,8
ACTGTTCACGTTCGGTTG,OXT_15,AGGGTATAACGTCCTTTG,9
ACCACTGGGGTCCGTACT,OXT_12,AATACAGCGGTGTTTCTA,10
AACCGTAGACGTGTTGGA,OXT_07,GTGGGTGCATTTGCTGTA,10
CACCCAGTGGATCGTGAT,OXT_17,AGGAACTACGATCGTGAA,10
GTAGATGGCCTGAAGGTG,OXT_04,TAGACAGGGCTGACTGTG,9
ACGGATTCACAACCAGTG,OXT_15,AGGGTATAACGTCCTTTG,8
GGAGGCTAGCTGCAGTGT,OXT_08,GACGGCATTCAGGCACGT,10
AGGGAACACTGTAGCGGT,OXT_02,AGGGGAGCGTGCGGAGGC,8
GCGGCATCTTATGTGCTT,OXT_26,GGGGCATTCACTGAGCTG,7
GTGCGGTAACATGAGGCG,OXT_10,AAGATGTATCGTGTGCTG,9
AGTGAAGTACGGCATGCT,OXT_15,AGGGTATAACGTCCTTTG,9
AGGTACCTACTACCGTCG,OXT_15,AGGGTATAACGTCCTTTG,9
ACACGGTGGAGTCGACCT,OXT_20,AGGGCCTAGGGATGACGT,10
GTCACCATACCCCGCGTG,OXT_06,ATCATCATCATCATCATC,9
TCGAGGTAGGAGAAAGCG,OXT_14,TTGAGCGTAACGACAGTG,9
GAGGGGCCTGGTGATGAT,OXT_07,GTGGGTGCATTTGCTGTA,9
CGACAGGCCAGTCATGTG,OXT_18,TAACGGGTTATCCATAAT,10
GACCATGGGCGTACCTAT,OXT_11,GGGTAAGGGCACAACAGT,9
GATCCTCGCTACCATAAT,OXT_18,TAACGGGTTATCCATAAT,9
CTTCGCACATTGGGTCGT,OXT_07,GTGGGTGCATTTGCTGTA,10
GGGAACGTTCCAGCGTGG,OXT_16,ATAAACAGTCTAGCTGTG,9
AGACACGGACTGCAGGAG,OXT_16,ATAAACAGTCTAGCTGTG,9
GGGCAGACCGATCATGCT,OXT_17,AGGAACTACGATCGTGAA,8
GGCGGTCCACATCAGAAA,OXT_05,GGCGGACAGACTCTAATG,9
GTGCAATTCCTGACCTGG,OXT_04,TAGACAGGGCTGACTGTG,10
GGCTAGCGTGATCTCGCG,OXT_01,AGGCTGCGTAAGTCTGCT,10
ATAGCCCACGTAACTCCT,OXT_20,AGGGCCTAGGGATGACGT,9
GCGGATAGAGACTGCGCT,OXT_21,GAGCAACGGGTCAGCATT,9
AGCGCCAAGCAGGTGTGA,OXT_08,GACGGCATTCAGGCACGT,9
ACCGTTACTGGAATTCAG,OXT_22,ACGGGACCGCAGATCGAG,10
ACACGGGGATCAACTGTA,OXT_07,GTGGGTGCATTTGCTGTA,9
GGCAGACTGTCGGTTAGT,OXT_05,GGCGGACAGACTCTAATG,8
GGAGGGTGAAACGAGGCG,OXT_26,GGGGCATTCACTGAGCTG,9
AGTAACTGGACGAATCTG,OXT_04,TAGACAGGGCTGACTGTG,10
CACGACGGACGAGGTGAT,OXT_28,AGCGGCGGCGACGGCGAA,9
TGCATAGTGCAACGAGTG,OXT_25,TGCATCGCAACAGCAGTT,8
GCAGAGGGATTTAACTGT,OXT_03,GACTTGGGCTCATGCTGT,9
GGGCTAGCAGTTGAGTGT,OXT_07,GTGGGTGCATTTGCTGTA,10
AGTAGGCATAACATGGTG,OXT_10,AAGATGTATCGTGTGCTG,9
AGGTGTGACGGCTATATC,OXT_02,AGGGGAGCGTGCGGAGGC,10
AGGGAGATGGGCGCACGC,OXT_02,AGGGGAGCGTGCGGAGGC,7
AGGGACGCTATATGCACT,OXT_20,AGGGCCTAGGGATGACGT,9
GGCGGCAAGAGGTGCTAT,OXT_20,AGGGCCTAGGGATGACGT,9
ACCGATGATCTTGGTGCT,OXT_07,GTGGGTGCATTTGCTGTA,10
AGCGATATGAACCGGGAT,OXT_28,AGCGGCGGCGACGGCGAA,9
TTCCTCTTGCGGCGTTTT,OXT_15,AGGGTATAACGTCCTTTG,10
ATGGCCCGGTCTAGTCAT,OXT_24,GGGATTCGGTCATGTCCT,8
GGCTTAGTCCGAGACGGT,OXT_03,GACTTGGGCTCATGCTGT,8
AGCGAGTAGCATGGATGG,OXT_15,AGGGTATAACGTCCTTTG,9
ATTGGCGATTTCAGCAGT,OXT_02,AGGGGAGCGTGCGGAGGC,10
TACCGTGTCTAGCTTCGC,OXT_08,GACGGCATTCAGGCACGT,10
GAGCTGTTCCATTGTGTG,OXT_10,AAGATGTATCGTGTGCTG,9
ACCAAAAGTCGCGTGTTG,OXT_10,AAGATGTATCGTGTGCTG,8
AGTGGCGTTCTACTGTTG,OXT_09,TGTAGTGCTCGGCTGCCG,8
ACAGGTGGCAATAGGGCG,OXT_28,AGCGGCGGCGACGGCGAA,9
GCCGTGACGGGAATACCA,OXT_20,AGGGCCTAGGGATGACGT,11
AACAACGGTAGATGTCTG,OXT_16,ATAAACAGTCTAGCTGTG,8
TGCACGAAACGTAGCAGG,OXT_10,AAGATGTATCGTGTGCTG,11
ATCGGTGCGCCACAGATG,OXT_05,GGCGGACAGACTCTAATG,9
ACTCAGGACGACCGGATG,OXT_17,AGGAACTACGATCGTGAA,10
ATTGTGCCTTCCGTAGTT,OXT_02,AGGGGAGCGTGCGGAGGC,10
AGGTAACGGTGACGGCTC,OXT_02,AGGGGAGCGTGCGGAGGC,9
CGTGGGCTGGTATGGCTT,OXT_20,AGGGCCTAGGGATGACGT,9
GTCGTACCCCAGCCTTTG,OXT_15,AGGGTATAACGTCCTTTG,8
GGATTCGGGATCGAGAGC,OXT_11,GGGTAAGGGCACAACAGT,8
TACGCTACGAGCTGTGTG,OXT_04,TAGACAGGGCTGACTGTG,10
ACTGGGGCTGCCAATCGA,OXT_12,AATACAGCGGTGTTTCTA,10
GCAAAGAGTACAGTGTGG,OXT_16,ATAAACAGTCTAGCTGTG,9
GCAGCGACGGCAATTGCA,OXT_27,GTAGAATGGGCATCGTCG,10
ACCGTGGTAATTCGTGTG,OXT_15,AGGGTATAACGTCCTTTG,9
ATGGGACAGGACCGAGCG,OXT_02,AGGGGAGCGTGCGGAGGC,8
GCTCCTGAGTGTATTCTG,OXT_12,AATACAGCGGTGTTTCTA,10
GCCAAGCGGAAGTGTTAG,OXT_01,AGGCTGCGTAAGTCTGCT,10
ACAGGCGGAAGGTTATCG,OXT_14,TTGAGCGTAACGACAGTG,10
GGGCGTGAACATCCTAGG,OXT_15,AGGGTATAACGTCCTTTG,8
GCGGTTCAGACTGCCAGT,OXT_05,GGCGGACAGACTCTAATG,9
GGCACGCGAAGATCAAAG,OXT_05,GGCGGACAGACTCTAATG,10
ACAGGCGGTGTCAACATG,OXT_28,AGCGGCGGCGACGGCGAA,9
CGGGGCCATCTAGTCCTA,OXT_10,AAGATGTATCGTGTGCTG,10
AGGGGTGAAAAGGCGTCC,OXT_01,AGGCTGCGTAAGTCTGCT,10
AGGCGGAATGTAGGCTGG,OXT_20,AGGGCCTAGGGATGACGT,10
ACGGGTGCTGAGGATTAG,OXT_22,ACGGGACCGCAGATCGAG,8
AGGTACGGCTAGTTCTCA,OXT_23,AAGTAGGGACAGAATACG,9
ACGCGGCTAGTAGCGTGC,OXT_01,AGGCTGCGTAAGTCTGCT,12
ACAGAGGCTTGAGTAGTG,OXT_02,AGGGGAGCGTGCGGAGGC,9
ACCATACAGCGACGAATG,OXT_05,GGCGGACAGACTCTAATG,8
AATCAACATTGGTGTGTC,OXT_01,AGGCTGCGTAAGTCTGCT,10
ATCAAGAGTGTGCTGTGG,OXT_16,ATAAACAGTCTAGCTGTG,9
GGGTGACCGTCCCAGGAG,OXT_02,AGGGGAGCGTGCGGAGGC,9
ACTGTAGTGTAACGGGTG,OXT_02,AGGGGAGCGTGCGGAGGC,10
ACGGTGATGTAGGTCAGT,OXT_22,ACGGGACCGCAGATCGAG,9
AGCCCAGTGACCTATGCG,OXT_01,AGGCTGCGTAAGTCTGCT,10
TTGTGGCGAACACGATGG,OXT_14,TTGAGCGTAACGACAGTG,9
TGACGATAGGTGAGTGCG,OXT_04,TAGACAGGGCTGACTGTG,9
TGGGCGGGTTCGTCGCGT,OXT_01,AGGCTGCGTAAGTCTGCT,9
TGGGCGTATTGACGGTCC,OXT_20,AGGGCCTAGGGATGACGT,9
AACCCGATTCCAACCGCA,OXT_19,CCCCCCCCCCCCCCCCCC,10
AGGCCTATGCATGCGGTG,OXT_26,GGGGCATTCACTGAGCTG,9
TCACCACGCCTAGGGTCG,OXT_27,GTAGAATGGGCATCGTCG,10
GCGCTACTGACGGGATGT,OXT_21,GAGCAACGGGTCAGCATT,10
TGGGGCACACACGCACAG,OXT_08,GACGGCATTCAGGCACGT,8
ACGGAGGTGCCAATTGAG,OXT_22,ACGGGACCGCAGATCGAG,7
AATCGGGCATTCGGAGCT,OXT_02,AGGGGAGCGTGCGGAGGC,8
AATGGGTCTACTCAGTGG,OXT_13,TATTACACTAGTGGATGG,9
GCATGGAATATAAGGTCG,OXT_13,TATTACACTAGTGGATGG,11
AGGTGACGATGGAAGCCG,OXT_23,AAGTAGGGACAGAATACG,8
AGTGGACTAAGGAGCTAG,OXT_22,ACGGGACCGCAGATCGAG,8
AGGAAGGTCAGGCCACGA,OXT_14,TTGAGCGTAACGACAGTG,10
GGGGAAGTACGAGTAGAG,OXT_02,AGGGGAGCGTGCGGAGGC,9
ACGCAGGGTCCAGCAGTG,OXT_16,ATAAACAGTCTAGCTGTG,7
AGTCAGTTCAAGACTGCT,OXT_01,AGGCTGCGTAAGTCTGCT,6
CAGGTGCCCACTATGTTG,OXT_10,AAGATGTATCGTGTGCTG,9
AGATTAGCCTACGACTGG,OXT_02,AGGGGAGCGTGCGGAGGC,9
TGCACTGGTTCCGCACTG,OXT_25,TGCATCGCAACAGCAGTT,8
ATCGGCAAGGTATCTGGA,OXT_16,ATAAACAGTCTAGCTGTG,9
AGGTGGTAAGCGCGACGG,OXT_20,AGGGCCTAGGGATGACGT,8
ACAGAGCGTGTGTATGTG,OXT_16,ATAAACAGTCTAGCTGTG,8
TCGGTGAGCTCGCTACCT,OXT_24,GGGATTCGGTCATGTCCT,10
TGGGCCTAAATCGGAGTG,OXT_14,TTGAGCGTAACGACAGTG,9
AGGGAGACCATCTCTGCT,OXT_01,AGGCTGCGTAAGTCTGCT,7
ATGACGGAGTCGAACCGG,OXT_04,TAGACAGGGCTGACTGTG,10
CAGATGGATTCGTGCGAT,OXT_03,GACTTGGGCTCATGCTGT,8
ACGAGTGGCTCGGACTGT,OXT_03,GACTTGGGCTCATGCTGT,9
ACGGGCGTGATTAAAGGA,OXT_02,AGGGGAGCGTGCGGAGGC,9
TGGGAAGATGCGCCTGTG,OXT_04,TAGACAGGGCTGACTGTG,8
ATGAGGGATCTACCGCCT,OXT_09,TGTAGTGCTCGGCTGCCG,9
GGTCACGCTCATTGATGT,OXT_13,TATTACACTAGTGGATGG,8
TGGCGTGGCAGCTTAGCA,OXT_01,AGGCTGCGTAAGTCTGCT,10
AACGGTGTAGTCGCCCCT,OXT_08,GACGGCATTCAGGCACGT,9
ACACACTAGATGCGTGCT,OXT_17,AGGAACTACGATCGTGAA,9
AGTGAGAAGCGCTGCGTG,OXT_02,AGGGGAGCGTGCGGAGGC,10
ACGGCATCCGGTGACGTC,OXT_26,GGGGCATTCACTGAGCTG,8
TACGCCCGAGGAACACTT,OXT_20,AGGGCCTAGGGATGACGT,9
TACGGCAGCCATTTGATA,OXT_08,GACGGCATTCAGGCACGT,10
ATAGAGCGTGTCGTCTGG,OXT_16,ATAAACAGTCTAGCTGTG,9
GGACGGATAGGCCGAGCA,OXT_02,AGGGGAGCGTGCGGAGGC,11
GTGCAGTCAGTCGGCAAA,OXT_21,GAGCAACGGGTCAGCATT,8
CACGCGGGAACGAGTCTG,OXT_04,TAGACAGGGCTGACTGTG,9
TGGAAAACACGTCGGGTA,OXT_15,AGGGTATAACGTCCTTTG,9
GTGAAGCGGAATAGGGCG,OXT_01,AGGCTGCGTAAGTCTGCT,10
ACGTCACTCCTCCTAATG,OXT_05,GGCGGACAGACTCTAATG,10
TTGCAGGGAGTAATAAGT,OXT_21,GAGCAACGGGTCAGCATT,9
GGCCGGCCGGATTAGGAG,OXT_05,GGCGGACAGACTCTAATG,10
TGGGATCCTGCCACCATG,OXT_21,GAGCAACGGGTCAGCATT,9
AATGAGGCCCGTGGTTTC,OXT_13,TATTACACTAGTGGATGG,9
AGCCATGCGTTGGTGTCG,OXT_09,TGTAGTGCTCGGCTGCCG,9
TAGAGGTAGCATTAGTTG,OXT_10,AAGATGTATCGTGTGCTG,7
AGGTACTCTCCGGGCTTA,OXT_13,TATTACACTAGTGGATGG,10
TGCGGGATCTACGTTATA,OXT_28,AGCGGCGGCGACGGCGAA,9
CAATGTACTGGTGATCGT,OXT_13,TATTACACTAGTGGATGG,9
CAGGGGAACAAGGTTGTA,OXT_07,GTGGGTGCATTTGCTGTA,10
ATGGCGGGATGCAGCTGA,OXT_02,AGGGGAGCGTGCGGAGGC,9
TAGGTCAGCAGGAGGCGC,OXT_13,TATTACACTAGTGGATGG,10
GCGGCCCCATGAGTGCTG,OXT_26,GGGGCATTCACTGAGCTG,9
ATGGGCATCGTACTCGTC,OXT_06,ATCATCATCATCATCATC,7
GGCGACACGGTGTCGGTC,OXT_27,GTAGAATGGGCATCGTCG,10
AAGGCAGGGTTACGGTCT,OXT_02,AGGGGAGCGTGCGGAGGC,10
GGGTCACCAGTTACTGTG,OXT_04,TAGACAGGGCTGACTGTG,8
AACGTGGACAGGACGCCG,OXT_10,AAGATGTATCGTGTGCTG,9
ATGCATCTCCACGTCTGC,OXT_06,ATCATCATCATCATCATC,10
TACTCAGGAAGGTAATCG,OXT_23,AAGTAGGGACAGAATACG,9
GAGCAGCTCACCGACATA,OXT_21,GAGCAACGGGTCAGCATT,8
GCCACTGCGGCGCGCATG,OXT_05,GGCGGACAGACTCTAATG,10
TAGAGGAACGAGGAACTG,OXT_10,AAGATGTATCGTGTGCTG,9
AACCACTAAGACTCGCGG,OXT_20,AGGGCCTAGGGATGACGT,10
GCAGGCGGAAGAGGTGGA,OXT_07,GTGGGTGCATTTGCTGTA,9
GGGATCATGTGGCGACGG,OXT_20,AGGGCCTAGGGATGACGT,9
GTGCCCGCTTACTCCACG,OXT_19,CCCCCCCCCCCCCCCCCC,10
GGCGCCGGCTACAGATCA,OXT_28,AGCGGCGGCGACGGCGAA,7
GTGGCACCGTCTAACCGA,OXT_26,GGGGCATTCACTGAGCTG,9
GGTTCAAATGTGCCTTAG,OXT_15,AGGGTATAACGTCCTTTG,10
AGCTGGGGCAAAGCGCGG,OXT_28,AGCGGCGGCGACGGCGAA,9
ATCTGAGGTCACGGCAAT,OXT_28,AGCGGCGGCGACGGCGAA,7
GTGTACACGAGGACGCTG,OXT_14,TTGAGCGTAACGACAGTG,9
GGGCCATTACGCTCTACT,OXT_15,AGGGTATAACGTCCTTTG,9
TCGTACCCTGTGCCCGAT,OXT_22,ACGGGACCGCAGATCGAG,10
ACAAGGGTCGCACGTAAG,OXT_18,TAACGGGTTATCCATAAT,9
GTGGGTACACTTCCAGCT,OXT_07,GTGGGTGCATTTGCTGTA,6
GGCAACTACGTCGAGGAA,OXT_17,AGGAACTACGATCGTGAA,7
GTGTGGTAGAAAACGGCG,OXT_27,GTAGAATGGGCATCGTCG,9
AAATGGTTAGAACGTCTG,OXT_23,AAGTAGGGACAGAATACG,10
ACGCAGGTAGCTCAGGAT,OXT_17,AGGAACTACGATCGTGAA,10
GAGGCATTCCGGGTCCGT,OXT_08,GACGGCATTCAGGCACGT,8
TGGGACCTCACGCCTTGG,OXT_14,TTGAGCGTAACGACAGTG,9
GGGTGATACGCGCGTAAT,OXT_17,AGGAACTACGATCGTGAA,8
TGGACCTCTCCTTGGATG,OXT_10,AAGATGTATCGTGTGCTG,9
CAGCACGACACGGGGATG,OXT_14,TTGAGCGTAACGACAGTG,10
CTCCACATTGGACGTGAC,OXT_16,ATAAACAGTCTAGCTGTG,10
AGACGATAAACGGAAGTG,OXT_05,GGCGGACAGACTCTAATG,9
AATGCAGCTAGACGGGTT,OXT_02,AGGGGAGCGTGCGGAGGC,10
GAGGCATACGCGCCATGA,OXT_15,AGGGTATAACGTCCTTTG,10
TGAGGAGCAATCTTCGGC,OXT_02,AGGGGAGCGTGCGGAGGC,8
AGGGACATAGGAACGCTC,OXT_20,AGGGCCTAGGGATGACGT,9
ATGGCGGTATATGAGACT,OXT_23,AAGTAGGGACAGAATACG,9
GGGGAACCCCTACTACCT,OXT_05,GGCGGACAGACTCTAATG,10
GATAACCAAGTCCCTGCT,OXT_17,AGGAACTACGATCGTGAA,10
GGGCACGAGTATCCGGTA,OXT_17,AGGAACTACGATCGTGAA,8
GGCATGAGTGACGGTGCT,OXT_01,AGGCTGCGTAAGTCTGCT,8
TGTCGTAGGAACCGTGCT,OXT_01,AGGCTGCGTAAGTCTGCT,9
AAGCCGAAGTGTACGTTG,OXT_10,AAGATGTATCGTGTGCTG,8
ATACGAAACAATGACGGG,OXT_16,ATAAACAGTCTAGCTGTG,11
AGATGGTCACATCCGATG,OXT_15,AGGGTATAACGTCCTTTG,8
TGTGTGCTACAGGTTCTT,OXT_01,AGGCTGCGTAAGTCTGCT,10
AGGGTGGAGGAGAGGCGT,OXT_20,AGGGCCTAGGGATGACGT,7
GTGAGGTAAGCCCGGTCG,OXT_27,GTAGAATGGGCATCGTCG,9
AATGTGGGTAGACATCAT,OXT_18,TAACGGGTTATCCATAAT,8
TAGGTATCTAGGGCCGCG,OXT_01,AGGCTGCGTAAGTCTGCT,10
ATGGCCAGACATGTCACG,OXT_23,AAGTAGGGACAGAATACG,9
GTGCGCACAGTCAGATGG,OXT_13,TATTACACTAGTGGATGG,10
GACGCGGGAAACCGTGTG,OXT_04,TAGACAGGGCTGACTGTG,10
TAAATAGTGACTGGCACT,OXT_18,TAACGGGTTATCCATAAT,10
GCGGCACTGTGTGGTAAG,OXT_26,GGGGCATTCACTGAGCTG,9
CCTGGGAGAATCATGGAG,OXT_22,ACGGGACCGCAGATCGAG,10
ACTGGGAGTCCACAGTTG,OXT_16,ATAAACAGTCTAGCTGTG,10
GCTCGGTCTCTTCGTGAT,OXT_18,TAACGGGTTATCCATAAT,9
AACGGTATAGGGCACGTT,OXT_08,GACGGCATTCAGGCACGT,10
ACCGAAGCATGATTGGTG,OXT_02,AGGGGAGCGTGCGGAGGC,10
GGGTATGGACGCAGATGG,OXT_11,GGGTAAGGGCACAACAGT,7
TATGGCATAGTGGAGGCG,OXT_08,GACGGCATTCAGGCACGT,10
AGGCACACTTCTGCAATA,OXT_07,GTGGGTGCATTTGCTGTA,10
TGGCGTACATGGATCCAA,OXT_09,TGTAGTGCTCGGCTGCCG,9
GGAGGATCGGCGCGATAT,OXT_05,GGCGGACAGACTCTAATG,9
TGGAGTGGTGATGCAGGG,OXT_14,TTGAGCGTAACGACAGTG,9
GGGAAAGACACTGCACGG,OXT_26,GGGGCATTCACTGAGCTG,7
AGCAAAGACGCATAGTGC,OXT_03,GACTTGGGCTCATGCTGT,10
GCCTGATTAACGACGCGG,OXT_14,TTGAGCGTAACGACAGTG,9
ACAGAGTCTACTGTGCGG,OXT_10,AAGATGTATCGTGTGCTG,8
GGGATGCCGACTGGGTGG,OXT_24,GGGATTCGGTCATGTCCT,9
GGCACAGAGTTCGACCTG,OXT_26,GGGGCATTCACTGAGCTG,9
ACGGGCTGAGGAAACGGA,OXT_20,AGGGCCTAGGGATGACGT,9
GCAGTGACGTGCTTAATG,OXT_05,GGCGGACAGACTCTAATG,10
TGTGCATTCTAGCCGTCG,OXT_26,GGGGCATTCACTGAGCTG,9
ACATTGCTCAAGGTCATG,OXT_06,ATCATCATCATCATCATC,9
ATGGCTGGACAGAATGTG,OXT_23,AAGTAGGGACAGAATACG,6
GCGCGATGGTAGCAAGCA,OXT_22,ACGGGACCGCAGATCGAG,10
TAGGGTAGGCCCAGCAAT,OXT_21,GAGCAACGGGTCAGCATT,8
GTCCCAGGCTCGACGTGC,OXT_03,GACTTGGGCTCATGCTGT,9
AGCCAGGACTGGTCGATA,OXT_01,AGGCTGCGTAAGTCTGCT,11
GACGTACCCCGGGATGCG,OXT_22,ACGGGACCGCAGATCGAG,10
GCTCAATATTAACGTTGC,OXT_17,AGGAACTACGATCGTGAA,11
TAATGCGAACGGGCCAGA,OXT_08,GACGGCATTCAGGCACGT,10
ACCGGCGCAGGACGAGTT,OXT_25,TGCATCGCAACAGCAGTT,8
AGGCGGGTAAGTGTTCGT,OXT_01,AGGCTGCGTAAGTCTGCT,10
ATGCTGGTATGCGGCAAG,OXT_02,AGGGGAGCGTGCGGAGGC,10
GGCACAACATGGGACAGG,OXT_02,AGGGGAGCGTGCGGAGGC,11
AACGATCCAAGAGATGGT,OXT_25,TGCATCGCAACAGCAGTT,10
TGTGGTAGCATCGCCCAG,OXT_28,AGCGGCGGCGACGGCGAA,9
TGTGGGAAGACCGACTAG,OXT_05,GGCGGACAGACTCTAATG,10
GCTCTAGTGAGGGAACAT,OXT_08,GACGGCATTCAGGCACGT,11
AACGTCAGGGTCAAGGGA,OXT_28,AGCGGCGGCGACGGCGAA,9
AAGGTACATGTTCAGTCT,OXT_15,AGGGTATAACGTCCTTTG,9
GAGCTCTATAACCGTACA,OXT_17,AGGAACTACGATCGTGAA,9
AGGCGTTTGGGCCCACTG,OXT_15,AGGGTATAACGTCCTTTG,9
AGCAAGGGGCAGAGTTAT,OXT_23,AAGTAGGGACAGAATACG,8
CTGCAGTGGTGTTCCGCG,OXT_27,GTAGAATGGGCATCGTCG,9
GAGGGCCCGGCACGTTGT,OXT_20,AGGGCCTAGGGATGACGT,9
GATGAGGAGCCGACGCCA,OXT_23,AAGTAGGGACAGAATACG,10
TGGAAGGTTGACATAATG,OXT_14,TTGAGCGTAACGACAGTG,9
CGAAGGCGAGAGCGGGTT,OXT_01,AGGCTGCGTAAGTCTGCT,10
TGGGATGGAACGCGGCTC,OXT_09,TGTAGTGCTCGGCTGCCG,10
ACGTCACCGAGCCCTATG,OXT_15,AGGGTATAACGTCCTTTG,9
ATGCCCCAGCATTGCTCA,OXT_17,AGGAACTACGATCGTGAA,10
TGCGGTAAATGGTACACG,OXT_09,TGTAGTGCTCGGCTGCCG,10
TGATCGAGACACGTCTGC,OXT_11,GGGTAAGGGCACAACAGT,10
AGGCTGTTGCATCGTGAT,OXT_17,AGGAACTACGATCGTGAA,7
ACAAGAGGGACGCAGGAG,OXT_22,ACGGGACCGCAGATCGAG,9
GTAGTGCCCTTGCTTGAT,OXT_07,GTGGGTGCATTTGCTGTA,10
ACGGTAAAGTCGCGGCTC,OXT_02,AGGGGAGCGTGCGGAGGC,10
ATACGGCAGGGACACTTG,OXT_05,GGCGGACAGACTCTAATG,11
GGAGCAACGCACGTCATA,OXT_11,GGGTAAGGGCACAACAGT,9
ACATGCCGAGAGACTGTG,OXT_14,TTGAGCGTAACGACAGTG,9
TCCAGGAAGCTATGCTCG,OXT_03,GACTTGGGCTCATGCTGT,11
AAGGTGAGAGCGCACGTT,OXT_01,AGGCTGCGTAAGTCTGCT,10
CGCATAAGACCGCGTATG,OXT_15,AGGGTATAACGTCCTTTG,9
GTAGCACGGGATATGGCG,OXT_27,GTAGAATGGGCATCGTCG,7
GCGGGAGTTCAGTACCGT,OXT_08,GACGGCATTCAGGCACGT,7
ACGGTGCTGATGGACTGT,OXT_01,AGGCTGCGTAAGTCTGCT,10
GACTAGTCGCGCATGATG,OXT_10,AAGATGTATCGTGTGCTG,9
ATGCCGATCCAGATGCAT,OXT_22,ACGGGACCGCAGATCGAG,10
ACTCGATGGACAATGGCT,OXT_22,ACGGGACCGCAGATCGAG,10
ACTGCTGTCGGTGTTTTG,OXT_12,AATACAGCGGTGTTTCTA,10
AGGAGCGAACAGTATTGG,OXT_23,AAGTAGGGACAGAATACG,8
GCACTGAGTTGGCTAGTA,OXT_01,AGGCTGCGTAAGTCTGCT,11
TGTGGCATAAATTGACGG,OXT_13,TATTACACTAGTGGATGG,8
ACATAGGAGGCTGCGTCG,OXT_27,GTAGAATGGGCATCGTCG,8
ATAATCGGTAGACTATGG,OXT_16,ATAAACAGTCTAGCTGTG,9
AATGGGCCACGGTGGACT,OXT_09,TGTAGTGCTCGGCTGCCG,10
AGGTGGACATTCCGCGTA,OXT_02,AGGGGAGCGTGCGGAGGC,9
ATCGTGCTACTGGACAGA,OXT_06,ATCATCATCATCATCATC,10
AACATCGGTCAATGAATG,OXT_16,ATAAACAGTCTAGCTGTG,9
CAGAAAGAGGGTAAGGCG,OXT_04,TAGACAGGGCTGACTGTG,9
TCAGCAACTGAGTGTACG,OXT_12,AATACAGCGGTGTTTCTA,11
GCACGACAATGGGAGTAG,OXT_22,ACGGGACCGCAGATCGAG,11
ATACTACCGCTTTCGACG,OXT_27,GTAGAATGGGCATCGTCG,9
AATCAGCGGTAGTGGGCT,OXT_01,AGGCTGCGTAAGTCTGCT,7
GACAGTGGCTCTTTCTTG,OXT_03,GACTTGGGCTCATGCTGT,7
GGGGCGCAGCCATGGAGT,OXT_20,AGGGCCTAGGGATGACGT,7
ATCGGAGAGGGTGTTCGT,OXT_02,AGGGGAGCGTGCGGAGGC,9
GGGTCTATGGCGGTAGCA,OXT_24,GGGATTCGGTCATGTCCT,11
ATGTCGATTCTAGACTGG,OXT_16,ATAAACAGTCTAGCTGTG,9
GGGTGCGCACGGTTGTAG,OXT_09,TGTAGTGCTCGGCTGCCG,8
ATCGCTTCGATATTGGCG,OXT_27,GTAGAATGGGCATCGTCG,9
GGGACGGGTATGAGGGCG,OXT_04,TAGACAGGGCTGACTGTG,8
GGAAGGGATGAGCCTGTC,OXT_01,AGGCTGCGTAAGTCTGCT,10
TGACGGTTGCCTATGCAT,OXT_18,TAACGGGTTATCCATAAT,10
GGCGGGACCATCACATCA,OXT_05,GGCGGACAGACTCTAATG,11
ACGGTCAGAAGTATGGTG,OXT_10,AAGATGTATCGTGTGCTG,9
GACCGGGCAGTACTCCGA,OXT_03,GACTTGGGCTCATGCTGT,10
AACGATAGCTGCTGGCTG,OXT_03,GACTTGGGCTCATGCTGT,11
ACGAGGTACAGTTACGTG,OXT_10,AAGATGTATCGTGTGCTG,8
AAAGGAACGCATCACGTG,OXT_22,ACGGGACCGCAGATCGAG,7
GCGCGAAGGGATGAGGAT,OXT_11,GGGTAAGGGCACAACAGT,10
AGGCAGGAGGAGAACAAG,OXT_23,AAGTAGGGACAGAATACG,7
GTAGAGTTCGACCGTGAT,OXT_17,AGGAACTACGATCGTGAA,8
GCCAGCGGTAAGTTCCGT,OXT_08,GACGGCATTCAGGCACGT,8
AAGCAGAGAGGCAGTCCG,OXT_23,AAGTAGGGACAGAATACG,7
ACCGGGACGATGCATGAG,OXT_22,ACGGGACCGCAGATCGAG,8
TAATACCGTCCCAATGCA,OXT_23,AAGTAGGGACAGAATACG,9
GGCGGAGGACGTACAGAG,OXT_05,GGCGGACAGACTCTAATG,9
AGTGGACACATCCGGAGC,OXT_02,AGGGGAGCGTGCGGAGGC,9
AAGACGGGATAGAAAAGG,OXT_23,AAGTAGGGACAGAATACG,5
GACAATGATAGCGGGACG,OXT_09,TGTAGTGCTCGGCTGCCG,10
TACCGTAACTTCTCGGCT,OXT_18,TAACGGGTTATCCATAAT,11
AGGATAGTGCCTTTGCTA,OXT_10,AAGATGTATCGTGTGCTG,8
GTAGCTTGACGGCGGTGC,OXT_27,GTAGAATGGGCATCGTCG,10
ATTTGGCACGAATCGGTA,OXT_01,AGGCTGCGTAAGTCTGCT,11
GGGCATTCATCGACGACG,OXT_23,AAGTAGGGACAGAATACG,10
GACCCTGATCCATAGACT,OXT_03,GACTTGGGCTCATGCTGT,10
GCGGGGGAAGACCGCCAG,OXT_28,AGCGGCGGCGACGGCGAA,9
ACGTCCCGTTGTGTATCA,OXT_13,TATTACACTAGTGGATGG,10
GGCATACGTTTACTACCG,OXT_24,GGGATTCGGTCATGTCCT,8
AGCGGAAAGATCAACATG,OXT_05,GGCGGACAGACTCTAATG,7
GTGGAGGGGACTGGTGCT,OXT_07,GTGGGTGCATTTGCTGTA,9
TAAGGCGTACAGGAGGTT,OXT_08,GACGGCATTCAGGCACGT,8
ATCATCGCGCTCTGAGGA,OXT_02,AGGGGAGCGTGCGGAGGC,9
TCGACCCCTTTTCAAGCA,OXT_07,GTGGGTGCATTTGCTGTA,11
GAGCGGACTGTGTGCGTG,OXT_21,GAGCAACGGGTCAGCATT,9
ACGCCCGTGAAATACCGT,OXT_20,AGGGCCTAGGGATGACGT,8
AAACGCACTGCAGACTGG,OXT_13,TATTACACTAGTGGATGG,9
CGACTAGGAGTGAGCTGG,OXT_21,GAGCAACGGGTCAGCATT,10
AGGCAGCTCAATCCGTAT,OXT_01,AGGCTGCGTAAGTCTGCT,8
CGTGTGGTATACGTAGCG,OXT_02,AGGGGAGCGTGCGGAGGC,10
TGGGAACGGTCCTGATCG,OXT_24,GGGATTCGGTCATGTCCT,8
GGAGGAGAGTATGGATGA,OXT_02,AGGGGAGCGTGCGGAGGC,7
TCATGCTGTGGAGCACTG,OXT_16,ATAAACAGTCTAGCTGTG,9
GCGGGTCTAAGACGGATG,OXT_05,GGCGGACAGACTCTAATG,9
ATGCGGAACAGTGCCATG,OXT_10,AAGATGTATCGTGTGCTG,9
AAGAACGTGATGCTGTCA,OXT_12,AATACAGCGGTGTTTCTA,9
GCTAAGTGACCTTACGTG,OXT_10,AAGATGTATCGTGTGCTG,11
AGCATGCACAGATTGTGG,OXT_10,AAGATGTATCGTGTGCTG,9
ACGCCCGTGTGGTTGGCA,OXT_12,AATACAGCGGTGTTTCTA,10
AGCGGTGCGGATGATGCT,OXT_28,AGCGGCGGCGACGGCGAA,8
AAGGAGACAGGGCGCTTA,OXT_15,AGGGTATAACGTCCTTTG,10
ACGGGATGGCAGCGCACG,OXT_22,ACGGGACCGCAGATCGAG,6
AATGGGACTGACTTGCTT,OXT_12,AATACAGCGGTGTTTCTA,9
TCTATATGTGCCCTCCGA,OXT_09,TGTAGTGCTCGGCTGCCG,11
CGTGAGTGAGACGGTGAG,OXT_28,AGCGGCGGCGACGGCGAA,8
CGCTGTGGTATCGGCCTT,OXT_28,AGCGGCGGCGACGGCGAA,9
ACGTACCTTGGTGTGCAG,OXT_10,AAGATGTATCGTGTGCTG,8
TATGGCGCGTCCTCATCA,OXT_02,AGGGGAGCGTGCGGAGGC,10
TGGGATGGTTATTGGCAA,OXT_17,AGGAACTACGATCGTGAA,10
AGGCGAGACGGACGTTCT,OXT_15,AGGGTATAACGTCCTTTG,9
GAAGGACCGGAATGGTGT,OXT_27,GTAGAATGGGCATCGTCG,8
TAGCAGTAAGAACGTTGG,OXT_17,AGGAACTACGATCGTGAA,9
GGGATTAATGCAGCGATT,OXT_24,GGGATTCGGTCATGTCCT,9
ACGGATGGGATATGTGTA,OXT_07,GTGGGTGCATTTGCTGTA,9
GTTCCACTCGTCGTCTGT,OXT_21,GAGCAACGGGTCAGCATT,9
GGGATGTCCAGGAAGGTA,OXT_26,GGGGCATTCACTGAGCTG,9
ACGATTGCAGGTAGGACG,OXT_09,TGTAGTGCTCGGCTGCCG,10
GGTAGCGCCCAGTACGGA,OXT_28,AGCGGCGGCGACGGCGAA,9
ACGGACCTACTAGCCGAT,OXT_16,ATAAACAGTCTAGCTGTG,9
GCTAGCGTGTAGCTAGTA,OXT_14,TTGAGCGTAACGACAGTG,9
GGGGACAGAGAAATGCGG,OXT_11,GGGTAAGGGCACAACAGT,10
CAGCATGCACGCCATGTG,OXT_23,AAGTAGGGACAGAATACG,9
TGGAGTCGACTGCGTGTG,OXT_04,TAGACAGGGCTGACTGTG,7
AGAGGGCCAACTGGAATT,OXT_05,GGCGGACAGACTCTAATG,8
TTGCGGGTTCCGATACCG,OXT_14,TTGAGCGTAACGACAGTG,7
ACTGACAAGTGTGTGCCA,OXT_10,AAGATGTATCGTGTGCTG,10
TCGGTGTTACTCAGGATT,OXT_21,GAGCAACGGGTCAGCATT,10
GAGGGCCAAATCTGGTTG,OXT_05,GGCGGACAGACTCTAATG,10
GGGGACAAAGAGCATGCG,OXT_17,AGGAACTACGATCGTGAA,8
ACTGTAGGGTCACGATCG,OXT_27,GTAGAATGGGCATCGTCG,9
GAGGGATTATCAACGTCT,OXT_27,GTAGAATGGGCATCGTCG,8
GGGTAGAAGGCGGTAATG,OXT_05,GGCGGACAGACTCTAATG,8
TCCGGGACTAACCTCAAG,OXT_18,TAACGGGTTATCCATAAT,9
GCACAAAACGGTGCAGTG,OXT_16,ATAAACAGTCTAGCTGTG,10
GACGGGTAGTCTGCTCGG,OXT_05,GGCGGACAGACTCTAATG,9
ACGATGGCAAGGCTAGCG,OXT_09,TGTAGTGCTCGGCTGCCG,9
ATGTACGGCAACGGTAAT,OXT_28,AGCGGCGGCGACGGCGAA,8
CACCGGATCGGGAGTCCT,OXT_08,GACGGCATTCAGGCACGT,10
TATCCGGCAGTAATTCGA,OXT_12,AATACAGCGGTGTTTCTA,7
AGACTTTGGGAACTCGGA,OXT_17,AGGAACTACGATCGTGAA,10
GCTGGGTACCACTGTAAG,OXT_17,AGGAACTACGATCGTGAA,11
GATGTGGGAGACGAGATG,OXT_23,AAGTAGGGACAGAATACG,9
CATTAGGAGTGCAGACAT,OXT_02,AGGGGAGCGTGCGGAGGC,11
AGGCGGAATCCTATGTGT,OXT_10,AAGATGTATCGTGTGCTG,9
TACCGGAGTGATGGGAAT,OXT_18,TAACGGGTTATCCATAAT,9
GAGTTCGAGTAGTGAGGG,OXT_03,GACTTGGGCTCATGCTGT,9
TCGCGGGACATGTGATAG,OXT_14,TTGAGCGTAACGACAGTG,10
GGTCGCGTCCAAGCCTGT,OXT_08,GACGGCATTCAGGCACGT,8
AGCAGGAGCGGATACGTA,OXT_28,AGCGGCGGCGACGGCGAA,8
AGGGAATCGAATCAAGTG,OXT_05,GGCGGACAGACTCTAATG,8
CGTGCAGTGTAGGTGGCT,OXT_02,AGGGGAGCGTGCGGAGGC,10
GCCAAGGGTAGACTGCAT,OXT_09,TGTAGTGCTCGGCTGCCG,10
AGCGGGCCGAGGATTTAG,OXT_22,ACGGGACCGCAGATCGAG,7
GGGCGAGAGCAGTTGGTG,OXT_22,ACGGGACCGCAGATCGAG,8
ACCGTCTCGATCTAGGTG,OXT_06,ATCATCATCATCATCATC,10
ACATACTCATGTCCTGTG,OXT_15,AGGGTATAACGTCCTTTG,8
ACGATGGGACCAGTAGTA,OXT_25,TGCATCGCAACAGCAGTT,8
AAGGAGACGAGTGATGCT,OXT_01,AGGCTGCGTAAGTCTGCT,10
GGGTCCATAACGATCTGT,OXT_11,GGGTAAGGGCACAACAGT,10
TGCCTTGCTCGCAGTTCG,OXT_09,TGTAGTGCTCGGCTGCCG,8
AACATCACAGACTGGGAG,OXT_28,AGCGGCGGCGACGGCGAA,9
GTGTGCGATAGTACAGAT,OXT_14,TTGAGCGTAACGACAGTG,8
AATCACGCATCCATGTCG,OXT_23,AAGTAGGGACAGAATACG,10
AATGGGGAACTACCTGCT,OXT_07,GTGGGTGCATTTGCTGTA,10
TGTAGGTAGCATTCATTA,OXT_15,AGGGTATAACGTCCTTTG,10
TTGAGGACGCAGGACGGT,OXT_22,ACGGGACCGCAGATCGAG,9
CGGAGCCGGTGAAGCGTG,OXT_24,GGGATTCGGTCATGTCCT,9
CGGTCATGGATGAGTGTA,OXT_04,TAGACAGGGCTGACTGTG,7
GAAGGGCACTAACTTCTG,OXT_05,GGCGGACAGACTCTAATG,9
GCGTCGCGCTAGATCATG,OXT_22,ACGGGACCGCAGATCGAG,9
AACGGGTATCCACGTCCG,OXT_10,AAGATGTATCGTGTGCTG,9
GTGGGTGAGATGATCCTG,OXT_05,GGCGGACAGACTCTAATG,9
CATACCGACCTGTGCGCT,OXT_04,TAGACAGGGCTGACTGTG,10
GGGTAATCAGGACATGCA,OXT_17,AGGAACTACGATCGTGAA,9
GACAACATGGAGCACTTC,OXT_06,ATCATCATCATCATCATC,10
GTGGGCAGCGTACACCAT,OXT_28,AGCGGCGGCGACGGCGAA,10
GACGGAAGCCGGACAGTT,OXT_08,GACGGCATTCAGGCACGT,7
GTGGAATAGGCCGAGCGA,OXT_26,GGGGCATTCACTGAGCTG,8
ACGGGCGATTAGGGTATG,OXT_02,AGGGGAGCGTGCGGAGGC,10
ACAACGGGATCAGTGCAG,OXT_10,AAGATGTATCGTGTGCTG,10
GATCGTAGGCTATGTGTG,OXT_04,TAGACAGGGCTGACTGTG,9
GGCCTTGTCCAATAGGTG,OXT_26,GGGGCATTCACTGAGCTG,10
AAGGGTTGATACCATGCA,OXT_07,GTGGGTGCATTTGCTGTA,9
GCTGTGGAGTCTCAATGG,OXT_05,GGCGGACAGACTCTAATG,9
GTAGGCGTTGTGTGCGGA,OXT_28,AGCGGCGGCGACGGCGAA,9
GGCGAGGAACACAACGGG,OXT_11,GGGTAAGGGCACAACAGT,7
AGGGATGTCGACTGCATG,OXT_28,AGCGGCGGCGACGGCGAA,8
TCCGTGAAGTGATGTGGC,OXT_02,AGGGGAGCGTGCGGAGGC,10
GCGTACCCTCTTTGTGCG,OXT_13,TATTACACTAGTGGATGG,10
ACACATAGGGTTCCGGGC,OXT_16,ATAAACAGTCTAGCTGTG,10
TGCGGCAAGAGATAGATG,OXT_05,GGCGGACAGACTCTAATG,8
AAGTTGTATCCCTGGTCT,OXT_10,AAGATGTATCGTGTGCTG,8
AGCTACATGGTGGCCGAG,OXT_16,ATAAACAGTCTAGCTGTG,9
ACGGTCGCTCAGACGTAT,OXT_22,ACGGGACCGCAGATCGAG,8
TGCAAATTGCCTAGGCGG,OXT_26,GGGGCATTCACTGAGCTG,9
GGAGGACCCCGGTCATCG,OXT_27,GTAGAATGGGCATCGTCG,9
GGGAGGTGAGAGCGAAGG,OXT_17,AGGAACTACGATCGTGAA,10
AGATCACCAACGACGCAT,OXT_01,AGGCTGCGTAAGTCTGCT,11
ACCACTTAACGAGTTGTG,OXT_10,AAGATGTATCGTGTGCTG,8
GGAGAACACGGACGGCTA,OXT_05,GGCGGACAGACTCTAATG,10
AACGGCGATTCGTCGTGA,OXT_08,GACGGCATTCAGGCACGT,9
AGGTTATGTAGAATGGCA,OXT_01,AGGCTGCGTAAGTCTGCT,9
TTGGGATGATGAAGCTTG,OXT_15,AGGGTATAACGTCCTTTG,9
ATGGTAACCACTATGGCG,OXT_22,ACGGGACCGCAGATCGAG,9
GCCAGAGCAAGTGGTACT,OXT_07,GTGGGTGCATTTGCTGTA,10
GTGACGTATGTCCTAATG,OXT_10,AAGATGTATCGTGTGCTG,9
TCACCCGGTGTAAAGTTG,OXT_04,TAGACAGGGCTGACTGTG,10
TGGGCAGGGTGATTCAAG,OXT_02,AGGGGAGCGTGCGGAGGC,10
ATAGGGAAGTCTTCCAAG,OXT_05,GGCGGACAGACTCTAATG,10
ACCATTGCTGGCCGGTCT,OXT_09,TGTAGTGCTCGGCTGCCG,9
GGTATGAGGTGAACTGTG,OXT_04,TAGACAGGGCTGACTGTG,9
GGAGGCGGAAAAGTCTGT,OXT_28,AGCGGCGGCGACGGCGAA,9
AGTACGTGAGCATTCCGC,OXT_20,AGGGCCTAGGGATGACGT,9
AGCGAGCCCCGCTACGTG,OXT_22,ACGGGACCGCAGATCGAG,10
ACAGGTAAGACGCAATAT,OXT_05,GGCGGACAGACTCTAATG,10
CGACATGTACTCACGATG,OXT_04,TAGACAGGGCTGACTGTG,11
GTACCAAGTCGGCGTCGA,OXT_08,GACGGCATTCAGGCACGT,11
GTGAGCGCTCATGCAACG,OXT_07,GTGGGTGCATTTGCTGTA,9
AGGTATCCTCGTCCGGTG,OXT_15,AGGGTATAACGTCCTTTG,8
AGTGGCATACAGTGCGCT,OXT_08,GACGGCATTCAGGCACGT,9
ACAGGCGGTATCATCGAC,OXT_28,AGCGGCGGCGACGGCGAA,8
TAGCGCTCAGACTTTCGT,OXT_20,AGGGCCTAGGGATGACGT,10
GGAGTGTCTTGATGTGAT,OXT_24,GGGATTCGGTCATGTCCT,9
GATATCCGGATCGCGTAG,OXT_04,TAGACAGGGCTGACTGTG,11
GGCGTTTGGCCGGAAGAT,OXT_08,GACGGCATTCAGGCACGT,10
AGGACATCCAACGGCCGA,OXT_02,AGGGGAGCGTGCGGAGGC,9
ACCAGGAGCCTAGAGGAG,OXT_16,ATAAACAGTCTAGCTGTG,8
ATTAGGAGCGGCTCAGCG,OXT_16,ATAAACAGTCTAGCTGTG,10
AGCATGTCCCGACAGTGC,OXT_10,AAGATGTATCGTGTGCTG,10
AGGACCTATGTGTTGTGG,OXT_20,AGGGCCTAGGGATGACGT,8
CGGAGCATACGGCCGAGT,OXT_08,GACGGCATTCAGGCACGT,9
AAGACGCTGTGGACCTTA,OXT_04,TAGACAGGGCTGACTGTG,9
AGCGCTAGACTTTCGTGT,OXT_15,AGGGTATAACGTCCTTTG,10
GGGGCAATGACTCTCCCT,OXT_26,GGGGCATTCACTGAGCTG,7
TGGCCTGGAACTTGCGGT,OXT_01,AGGCTGCGTAAGTCTGCT,10
GATGGACGGAGCAAGCCT,OXT_21,GAGCAACGGGTCAGCATT,9
ACCGGGTCTGTCCGGGAA,OXT_28,AGCGGCGGCGACGGCGAA,8
AAACGGCATTGAGTTTGG,OXT_10,AAGATGTATCGTGTGCTG,9
AGGCAGTTATTGAGGATG,OXT_23,AAGTAGGGACAGAATACG,9
AGTAACTGTGCACGATCA,OXT_17,AGGAACTACGATCGTGAA,8
ATGCGGACGAAGTTTGGG,OXT_01,AGGCTGCGTAAGTCTGCT,8
GTACTGTACCTCACTCGT,OXT_18,TAACGGGTTATCCATAAT,11
AGGCACGGGATGGGCCGA,OXT_28,AGCGGCGGCGACGGCGAA,9
GGGTAGGCAAGCTGCTGG,OXT_03,GACTTGGGCTCATGCTGT,9
AGTGGCCGAATTCATTGA,OXT_15,AGGGTATAACGTCCTTTG,10
GCGGCAACGGATTGACAT,OXT_20,AGGGCCTAGGGATGACGT,8
AGCACGATTTGATGTGTG,OXT_16,ATAAACAGTCTAGCTGTG,9
AGGAGGGTGATGAGACCG,OXT_14,TTGAGCGTAACGACAGTG,8
ACAGTGGATCTAAAGGTG,OXT_10,AAGATGTATCGTGTGCTG,9
GACGGGACTTAGGGTCAA,OXT_08,GACGGCATTCAGGCACGT,7
TAGTGGATCATTGTAGCT,OXT_13,TATTACACTAGTGGATGG,10
TGCGGACTCAGGAATGTG,OXT_05,GGCGGACAGACTCTAATG,9
TGCATACCCAACTGGTCA,OXT_01,AGGCTGCGTAAGTCTGCT,11
ACGATGGAACATTGTGCT,OXT_01,AGGCTGCGTAAGTCTGCT,8
GCAACAGGCGGATCTATA,OXT_12,AATACAGCGGTGTTTCTA,9
ACACCGTGCTGCGTTAGT,OXT_18,TAACGGGTTATCCATAAT,11
GGCAAGCGAGACAGGGTG,OXT_21,GAGCAACGGGTCAGCATT,9
GGGACAGTGTAAAGCTTG,OXT_04,TAGACAGGGCTGACTGTG,9
AACCAGAGGACGCTGTGG,OXT_03,GACTTGGGCTCATGCTGT,11
GGGCCGCATAGGTATCCG,OXT_01,AGGCTGCGTAAGTCTGCT,7
AGGAGCAGGAGCAGACAG,OXT_02,AGGGGAGCGTGCGGAGGC,9
AGGGATCAAGTGAGTGTG,OXT_15,AGGGTATAACGTCCTTTG,9
ATGGACAAAAGGGTCTGG,OXT_13,TATTACACTAGTGGATGG,9
TGCAATCATGGGTGAACT,OXT_09,TGTAGTGCTCGGCTGCCG,10
TTGGTCCGCTCCCATGCT,OXT_24,GGGATTCGGTCATGTCCT,9
ACACAGATCTGGTCGTGT,OXT_01,AGGCTGCGTAAGTCTGCT,11
GCAAGAACTCGTCTGTCT,OXT_09,TGTAGTGCTCGGCTGCCG,8
CAGGCGGGAGTAAGCCAA,OXT_21,GAGCAACGGGTCAGCATT,10
GCTCGGAGATAACTGCAA,OXT_09,TGTAGTGCTCGGCTGCCG,12
GTAGGCCGCGCGTAAGGC,OXT_27,GTAGAATGGGCATCGTCG,10
GCGGATGGGAGTAATCAC,OXT_11,GGGTAAGGGCACAACAGT,10
TGACGGTAAGTAGACGCG,OXT_18,TAACGGGTTATCCATAAT,11
CAGTGTCAGTCGACGTGA,OXT_03,GACTTGGGCTCATGCTGT,12
TACAGGGTAGCTGTGGCC,OXT_14,TTGAGCGTAACGACAGTG,10
GTGGGATGGCAAACTCTT,OXT_04,TAGACAGGGCTGACTGTG,9
CTACGCTTTAACGTGCGC,OXT_08,GACGGCATTCAGGCACGT,10
AACGTGAAACACATTGTG,OXT_10,AAGATGTATCGTGTGCTG,9
AGCAAACGTGTGCAGCGA,OXT_12,AATACAGCGGTGTTTCTA,10
ACAGTATCCTGGTATGCT,OXT_01,AGGCTGCGTAAGTCTGCT,10
TAGTGGACGTGCCATGCG,OXT_02,AGGGGAGCGTGCGGAGGC,10
GAGTGGGTTAAGCCCTGT,OXT_08,GACGGCATTCAGGCACGT,8
ATCAAGCAGCGACCCGCG,OXT_16,ATAAACAGTCTAGCTGTG,9
AGAGGGATGATCAGTGCT,OXT_18,TAACGGGTTATCCATAAT,9
AGGCTGACTCGAGTGCGT,OXT_10,AAGATGTATCGTGTGCTG,7
AGGACAGCAACCCGTTTG,OXT_15,AGGGTATAACGTCCTTTG,8
TCGCGGAGTAGAGACGGT,OXT_01,AGGCTGCGTAAGTCTGCT,10
ATGATACAACAGCCCCGT,OXT_15,AGGGTATAACGTCCTTTG,9
AGGGAACTACACGAGAGG,OXT_11,GGGTAAGGGCACAACAGT,8
AACATGGCCTCACCCGTG,OXT_03,GACTTGGGCTCATGCTGT,8
AGGTGAAGGCAGCTCTCG,OXT_22,ACGGGACCGCAGATCGAG,7
TAACAGGGAGAACCTTGG,OXT_23,AAGTAGGGACAGAATACG,9
ATACTGGTCCGCACTTTG,OXT_15,AGGGTATAACGTCCTTTG,9
AGGACAGGGTGTATGAGT,OXT_11,GGGTAAGGGCACAACAGT,8
CTGAATGAGGCCGCTCTT,OXT_07,GTGGGTGCATTTGCTGTA,10
ACGTGGTAAATGTTGTCG,OXT_10,AAGATGTATCGTGTGCTG,10
GACGGCAACAACCATGGG,OXT_08,GACGGCATTCAGGCACGT,9
TGGCTGTTGGGACGACGA,OXT_20,AGGGCCTAGGGATGACGT,7
GAGAGGGTTGTCCAGTGG,OXT_18,TAACGGGTTATCCATAAT,8
GGTACATCGCTGTGGCAT,OXT_12,AATACAGCGGTGTTTCTA,8
ATAGTATCAGCGTGTCAA,OXT_12,AATACAGCGGTGTTTCTA,9
ACGGAGGTCCGATAGTGC,OXT_02,AGGGGAGCGTGCGGAGGC,11
GAGGTGCAGGACGGTGTG,OXT_21,GAGCAACGGGTCAGCATT,9
ACGGGCTGGTGGCAACAT,OXT_20,AGGGCCTAGGGATGACGT,8
GCAGAGAGGATTCGACAT,OXT_05,GGCGGACAGACTCTAATG,11
AAGCGGACACGGCTACCA,OXT_09,TGTAGTGCTCGGCTGCCG,9
ACTGAGGTTTCGAGTCCG,OXT_23,AAGTAGGGACAGAATACG,9
AGCGGTAGTCAAGTTGAC,OXT_28,AGCGGCGGCGACGGCGAA,8
TGGCTAAGATCGGTACAT,OXT_24,GGGATTCGGTCATGTCCT,10
ACAGTGACCCAAACGGTG,OXT_16,ATAAACAGTCTAGCTGTG,9
CGGGGTAGAAGCCAGGAT,OXT_02,AGGGGAGCGTGCGGAGGC,11
TATGGGCGGATGCTGAGG,OXT_05,GGCGGACAGACTCTAATG,9
ACGGCGGACACACTCATT,OXT_05,GGCGGACAGACTCTAATG,10
GAGGCATGCTATCCGAAT,OXT_26,GGGGCATTCACTGAGCTG,9
TGTGGAGCAATTAACGAG,OXT_22,ACGGGACCGCAGATCGAG,9
GGGTACGGGTAACCCCGG,OXT_11,GGGTAAGGGCACAACAGT,7
GTCGCTGGATCGGCAGCA,OXT_07,GTGGGTGCATTTGCTGTA,7
ACCGCTCGAGGTGTAGGC,OXT_02,AGGGGAGCGTGCGGAGGC,10
ACCCATAGATGTGGCGCT,OXT_28,AGCGGCGGCGACGGCGAA,11
GACTCGATGCCAGTGATA,OXT_03,GACTTGGGCTCATGCTGT,11
GATGCTGGAACAGGAGTG,OXT_25,TGCATCGCAACAGCAGTT,9
GTGGAGCGTCTTGCGCTA,OXT_07,GTGGGTGCATTTGCTGTA,8
AGCGTACTTCTGGTGCTG,OXT_10,AAGATGTATCGTGTGCTG,8
AAATCCACTGGCAACGTG,OXT_13,TATTACACTAGTGGATGG,10
ACAACGAACCAACTGGTG,OXT_10,AAGATGTATCGTGTGCTG,9
GTAGCAGCAGCCGTGCAT,OXT_26,GGGGCATTCACTGAGCTG,10
GGAAGGGTTTACGGCTCT,OXT_03,GACTTGGGCTCATGCTGT,10
TCGGGTTTACAGCCAGAT,OXT_08,GACGGCATTCAGGCACGT,9
GCGTATCGTCATCGGTAT,OXT_11,GGGTAAGGGCACAACAGT,10
TATGAAGGGGCAAAAGCG,OXT_27,GTAGAATGGGCATCGTCG,8
GACGAGGGAATTCGAGCG,OXT_05,GGCGGACAGACTCTAATG,10
ACGAGTGCGAACGGAGTA,OXT_02,AGGGGAGCGTGCGGAGGC,7
TATGGCGAAGCGTAGTTG,OXT_14,TTGAGCGTAACGACAGTG,9
AACACAGGCCCAGCGGTA,OXT_04,TAGACAGGGCTGACTGTG,8
AGCAGCAGACCTATTCCG,OXT_09,TGTAGTGCTCGGCTGCCG,10
GGTACCCATGCACGCCAT,OXT_20,AGGGCCTAGGGATGACGT,9
GACTGTATGCCCACGTTG,OXT_08,GACGGCATTCAGGCACGT,10
AGCGGAGAGTGGGTTAGT,OXT_02,AGGGGAGCGTGCGGAGGC,7
AGCAAGTTCAAAGGAGGT,OXT_17,AGGAACTACGATCGTGAA,9
ATACTCCTGCAGTTGGCT,OXT_01,AGGCTGCGTAAGTCTGCT,8
ATAGGTGCCAACTAGCGA,OXT_28,AGCGGCGGCGACGGCGAA,10
AGGTGAGGGCAGAGCGTT,OXT_11,GGGTAAGGGCACAACAGT,6
TGCAAAGGAGGAGCCCCT,OXT_25,TGCATCGCAACAGCAGTT,8
AGGTGGAATATGCGCGCT,OXT_01,AGGCTGCGTAAGTCTGCT,8
TACCAGGGACATTGGCCG,OXT_23,AAGTAGGGACAGAATACG,8
GGGGACGCTGGTTGAGTA,OXT_02,AGGGGAGCGTGCGGAGGC,9
TGCGGTCTAACTATACGT,OXT_05,GGCGGACAGACTCTAATG,8
GCAGACATCTGGGAGTTG,OXT_26,GGGGCATTCACTGAGCTG,9
TGGGCTGCATACTATCTG,OXT_07,GTGGGTGCATTTGCTGTA,9
TATGCTGGAACATGATGG,OXT_03,GACTTGGGCTCATGCTGT,9
ACCGCCGGGATGTGTAAG,OXT_04,TAGACAGGGCTGACTGTG,10
AAGATGGTAGAGGCGGAT,OXT_01,AGGCTGCGTAAGTCTGCT,9
CGAGGGGAAGTCAGCCAT,OXT_28,AGCGGCGGCGACGGCGAA,9
TGTTAACCGCCCGTGACT,OXT_11,GGGTAAGGGCACAACAGT,9
CACCGGTGTGTGTTGCTT,OXT_10,AAGATGTATCGTGTGCTG,10
AGCCCAAATACGCAGTGG,OXT_05,GGCGGACAGACTCTAATG,10
AGCTGTCGCAGGACCCGT,OXT_01,AGGCTGCGTAAGTCTGCT,10
ATGCGGCAAAGGGCTGGA,OXT_01,AGGCTGCGTAAGTCTGCT,8
TACACCGTCGGAGAAGGT,OXT_25,TGCATCGCAACAGCAGTT,8
GTGTGTTGGACGCGGCGT,OXT_24,GGGATTCGGTCATGTCCT,9
GCAGGACGCGGATGAAGT,OXT_20,AGGGCCTAGGGATGACGT,9
TGGCCAAGGAGTGTAGGT,OXT_02,AGGGGAGCGTGCGGAGGC,9
GGCATGGTATAGGGGACT,OXT_03,GACTTGGGCTCATGCTGT,10
GGGCTGAGGTGCACTGGT,OXT_01,AGGCTGCGTAAGTCTGCT,8
ATCCCGACCTTTATTGAT,OXT_06,ATCATCATCATCATCATC,10
GGAGTGGAATGCGCAACG,OXT_02,AGGGGAGCGTGCGGAGGC,10
ATAGAGAGTAGTGTATAC,OXT_13,TATTACACTAGTGGATGG,9
AGGTTACAACACGACGCG,OXT_11,GGGTAAGGGCACAACAGT,9
GGGGCAGAGAAAGGGTCA,OXT_26,GGGGCATTCACTGAGCTG,9
GGACGCAGGTATCATATG,OXT_05,GGCGGACAGACTCTAATG,9
GCAGTAGCGCCTATGGTA,OXT_22,ACGGGACCGCAGATCGAG,9
GGCAGTCTGGAGATGGCG,OXT_09,TGTAGTGCTCGGCTGCCG,9
AGGCTGACCATAGTGTGC,OXT_06,ATCATCATCATCATCATC,10
GTGGTGTTAGAACCGTAT,OXT_27,GTAGAATGGGCATCGTCG,9
GGGGCACCTAGTAGTTGA,OXT_02,AGGGGAGCGTGCGGAGGC,10
AAGCGGCGATGGCTGGCG,OXT_01,AGGCTGCGTAAGTCTGCT,9
ACCGTAGTGTAGCGATCT,OXT_02,AGGGGAGCGTGCGGAGGC,10
AGCAGCGGCGTGAGTACT,OXT_28,AGCGGCGGCGACGGCGAA,8
GCAGACTATCACTATGGA,OXT_17,AGGAACTACGATCGTGAA,10
CGTGGGACTAGGCTATAA,OXT_09,TGTAGTGCTCGGCTGCCG,9
GGTAGGTAACGATGGCCT,OXT_09,TGTAGTGCTCGGCTGCCG,9
AGGTGGAATAGAGCCGCT,OXT_01,AGGCTGCGTAAGTCTGCT,8
TGTAAACAGCACTTGTCG,OXT_09,TGTAGTGCTCGGCTGCCG,9
GGGATGTCAATCACGAAG,OXT_06,ATCATCATCATCATCATC,11
CTCTAGGGAGCGTAATGT,OXT_03,GACTTGGGCTCATGCTGT,8
ACGGTCGATGCAACGGCG,OXT_14,TTGAGCGTAACGACAGTG,10
GGCAGGATGGTGTCTGTA,OXT_12,AATACAGCGGTGTTTCTA,9
GGCAGCTCCCAAATGGTC,OXT_06,ATCATCATCATCATCATC,10
GGTAACCAGGAAACGTCG,OXT_27,GTAGAATGGGCATCGTCG,8
GTGCAACCGGCCAGTGCT,OXT_21,GAGCAACGGGTCAGCATT,6
GGGGTACAAACACCGCGT,OXT_05,GGCGGACAGACTCTAATG,9
ACGGTCTGTGAATCGAGT,OXT_20,AGGGCCTAGGGATGACGT,8
TGGTGGTATGCAACTGCG,OXT_01,AGGCTGCGTAAGTCTGCT,10
ACGATCCTACCTTCGTTG,OXT_15,AGGGTATAACGTCCTTTG,8
GCCTGACATGTAGGCGAG,OXT_22,ACGGGACCGCAGATCGAG,10
TACGAGCGTGTGTGTCTT,OXT_21,GAGCAACGGGTCAGCATT,9
TAGGGCGCTTCCCTATCG,OXT_09,TGTAGTGCTCGGCTGCCG,9
GGACAGAAGAGGCCAGTT,OXT_01,AGGCTGCGTAAGTCTGCT,10
GACGGCACTGAATCTTCA,OXT_08,GACGGCATTCAGGCACGT,8
ATCCGTGTCTCTACGGTG,OXT_14,TTGAGCGTAACGACAGTG,8
GTGGCATCTTAGTGGTCT,OXT_27,GTAGAATGGGCATCGTCG,9
TGGGCTCTAGTATCCCGG,OXT_20,AGGGCCTAGGGATGACGT,9
GTGGGATTCACTGTTGGC,OXT_26,GGGGCATTCACTGAGCTG,7
TAGCGCGATCGGTCCTAT,OXT_08,GACGGCATTCAGGCACGT,10
GAGGCGGACACTCATATG,OXT_26,GGGGCATTCACTGAGCTG,7
AGATCCGACACTAATGCA,OXT_17,AGGAACTACGATCGTGAA,9
TGTAACCGTCGTGCTGTA,OXT_16,ATAAACAGTCTAGCTGTG,7
GAGGGCAATCAGACTGCG,OXT_08,GACGGCATTCAGGCACGT,7
GGGTACGTATTAGACTCG,OXT_11,GGGTAAGGGCACAACAGT,10
CGCTCGGTCTCTCACTAG,OXT_03,GACTTGGGCTCATGCTGT,9
AGGCGTTCAAGAGTGTCA,OXT_09,TGTAGTGCTCGGCTGCCG,10
ACAGGGTGAGGAGATAGG,OXT_23,AAGTAGGGACAGAATACG,10
ACGGTACATACGTCAGTG,OXT_01,AGGCTGCGTAAGTCTGCT,8
GTAGGGTGCAACTGTTAC,OXT_27,GTAGAATGGGCATCGTCG,10
GCAGGCATACTAGCGTGT,OXT_08,GACGGCATTCAGGCACGT,7
GGCACACAAGACAGTTGC,OXT_11,GGGTAAGGGCACAACAGT,11
AACCACGACGCCGTAGTG,OXT_28,AGCGGCGGCGACGGCGAA,9
AATGACGTGACTGCTTTC,OXT_13,TATTACACTAGTGGATGG,10
AGGATGTAATATGTCGGT,OXT_10,AAGATGTATCGTGTGCTG,8
ATGTGGGTACAAGTACAT,OXT_08,GACGGCATTCAGGCACGT,10
AGGTGGTCCGAGCATCTG,OXT_17,AGGAACTACGATCGTGAA,9
AGCAGCCTGGTTCTGGAG,OXT_05,GGCGGACAGACTCTAATG,9
GACCTTGAGGAGCTTCAG,OXT_12,AATACAGCGGTGTTTCTA,10
GGGGCCAGAATTCTAGGA,OXT_05,GGCGGACAGACTCTAATG,10
CGTGGGTGCGATGCCATA,OXT_28,AGCGGCGGCGACGGCGAA,8
CAGGGACGATCTTAGGAG,OXT_22,ACGGGACCGCAGATCGAG,10
GACGGCGTTACATTCCTG,OXT_05,GGCGGACAGACTCTAATG,9
ACGGTAAGTAGCGTGGAA,OXT_02,AGGGGAGCGTGCGGAGGC,10
GAGGGACCAATCGTCATG,OXT_05,GGCGGACAGACTCTAATG,8
GCGAGTTCAGAGTTGCTA,OXT_12,AATACAGCGGTGTTTCTA,9
AGCGATGGCAGATGTGTG,OXT_28,AGCGGCGGCGACGGCGAA,9
ATAAGGACGATCTATGGG,OXT_16,ATAAACAGTCTAGCTGTG,9
ATCAGGGCCATACACTTT,OXT_06,ATCATCATCATCATCATC,9
AATGTAGCTGCGACTTCA,OXT_12,AATACAGCGGTGTTTCTA,8
GTGGATAGATAGCTGGCA,OXT_07,GTGGGTGCATTTGCTGTA,9
GAGCAGTGTGGCCTACAG,OXT_10,AAGATGTATCGTGTGCTG,9
CAGCGGGATAGGAAGTCG,OXT_23,AAGTAGGGACAGAATACG,9
ATGTGATCTCAGCCCTTG,OXT_15,AGGGTATAACGTCCTTTG,8
TGCAGTGGTTATACATCG,OXT_09,TGTAGTGCTCGGCTGCCG,9
TGGGTGAACAATGTACGT,OXT_08,GACGGCATTCAGGCACGT,10
GGCTAGTGCACAGTATGT,OXT_03,GACTTGGGCTCATGCTGT,7
GCTCGCACGTTCCTTGGA,OXT_07,GTGGGTGCATTTGCTGTA,10
GCTGATTTACAGCCTGGA,OXT_07,GTGGGTGCATTTGCTGTA,10
ACCTTCAGGCGTACGTGG,OXT_13,TATTACACTAGTGGATGG,10
ATACTCGACTAGTGGTGA,OXT_03,GACTTGGGCTCATGCTGT,10
GGACTGTCTTGATGTGTG,OXT_01,AGGCTGCGTAAGTCTGCT,10
GCTGGGCTTAGTGCACTC,OXT_08,GACGGCATTCAGGCACGT,9
TTGCGTTCTCGGATTTCG,OXT_09,TGTAGTGCTCGGCTGCCG,7
TGTCAGAGGTGGTGTGGA,OXT_01,AGGCTGCGTAAGTCTGCT,10
ACGGAGACGGCACACTGT,OXT_20,AGGGCCTAGGGATGACGT,10
CTGCGGTAGACTGCTCAT,OXT_01,AGGCTGCGTAAGTCTGCT,11
GAGGAAGGTAATGTTGGT,OXT_11,GGGTAAGGGCACAACAGT,9
ATGCCTACGGTGCTCGAT,OXT_22,ACGGGACCGCAGATCGAG,9
ACGGGTATAACAAACCTG,OXT_14,TTGAGCGTAACGACAGTG,9
TGATGCTGCTCGTCCCCG,OXT_27,GTAGAATGGGCATCGTCG,10
TAAGTGGAGTGACGTTCT,OXT_03,GACTTGGGCTCATGCTGT,9
CAGACGTTGATTCCTTCG,OXT_04,TAGACAGGGCTGACTGTG,9
AACGATCAATGTATCGTG,OXT_05,GGCGGACAGACTCTAATG,10
GGGGCACTGAGCATTGTT,OXT_05,GGCGGACAGACTCTAATG,9
GTAGGTCACTGGGATTAT,OXT_07,GTGGGTGCATTTGCTGTA,10
TTATTGCGGCACCCGGCT,OXT_01,AGGCTGCGTAAGTCTGCT,9
GGGCCTAGTAGCCATTTG,OXT_15,AGGGTATAACGTCCTTTG,10
GGCGTGTGCTCAAGTCAA,OXT_03,GACTTGGGCTCATGCTGT,8
AGGGACGACTGTACTGTA,OXT_17,AGGAACTACGATCGTGAA,7
TGATGATACGGGTGGCTG,OXT_09,TGTAGTGCTCGGCTGCCG,10
GCGGGAAGTTAGTGTGGC,OXT_02,AGGGGAGCGTGCGGAGGC,9
GCGGTCTCTCGTACAACG,OXT_15,AGGGTATAACGTCCTTTG,9
GGCGGAGGAGGGATCGTC,OXT_28,AGCGGCGGCGACGGCGAA,9
AAGTACACAGTTTCCGCT,OXT_01,AGGCTGCGTAAGTCTGCT,11
ACTAGATGCTCATCCTGG,OXT_03,GACTTGGGCTCATGCTGT,9
CCAAGGGCTAACTCATGT,OXT_18,TAACGGGTTATCCATAAT,10
AGGGCCACTTCGGGTCGT,OXT_20,AGGGCCTAGGGATGACGT,8
AAAGGCCAGACGTTGGGA,OXT_05,GGCGGACAGACTCTAATG,10
GTACGGTTTAGCCCAATG,OXT_18,TAACGGGTTATCCATAAT,8
TTGCAGGGACTCACTGTT,OXT_04,TAGACAGGGCTGACTGTG,7
AGCAAGGTCATCTGGCGG,OXT_06,ATCATCATCATCATCATC,10
TGCCCAGAAGGTGTTCCA,OXT_12,AATACAGCGGTGTTTCTA,10
AGCGGTATACGCATGGCG,OXT_09,TGTAGTGCTCGGCTGCCG,9
GGAGACACTATGGACGAT,OXT_08,GACGGCATTCAGGCACGT,10
AACGATCAATTTCGCCCG,OXT_05,GGCGGACAGACTCTAATG,11
GCAGAGTAGTGCATCGAG,OXT_22,ACGGGACCGCAGATCGAG,9
CGGGAATAGACGAATTGG,OXT_15,AGGGTATAACGTCCTTTG,9
TGGTAGGGAAAGCGGAGG,OXT_23,AAGTAGGGACAGAATACG,7
ACTATGGGCTAGCTCCGA,OXT_03,GACTTGGGCTCATGCTGT,10
CGTACCCGTGGATCTCGG,OXT_20,AGGGCCTAGGGATGACGT,9
TCGGTACCAGAGGAGCTT,OXT_22,ACGGGACCGCAGATCGAG,10
AACGACGAGATGCGACGT,OXT_20,AGGGCCTAGGGATGACGT,8
GCGACTAAGCGGGTCTAT,OXT_22,ACGGGACCGCAGATCGAG,10
GGCGGCCTAGGAACACGT,OXT_08,GACGGCATTCAGGCACGT,7
ACGCAACGAGGGGACATG,OXT_21,GAGCAACGGGTCAGCATT,8
TGGAAGGGAAGACGCGTG,OXT_14,TTGAGCGTAACGACAGTG,9
ACGGGCGAGTCTACGGTG,OXT_14,TTGAGCGTAACGACAGTG,8
ACACGGCAGCGGACGGTT,OXT_22,ACGGGACCGCAGATCGAG,9
ACGAGGAGTTTGCCGAGG,OXT_16,ATAAACAGTCTAGCTGTG,10
AGGGGAACTAAGGCGTAA,OXT_22,ACGGGACCGCAGATCGAG,9
ATGATGTGTGCACCTCGT,OXT_01,AGGCTGCGTAAGTCTGCT,9
ATAGCAAGTTTGACTGGA,OXT_16,ATAAACAGTCTAGCTGTG,8
GCAGACTACACGCCGTGT,OXT_27,GTAGAATGGGCATCGTCG,9
ACACATGATCAATGCGTG,OXT_16,ATAAACAGTCTAGCTGTG,9
TGGCACGAATCCGGTTGT,OXT_02,AGGGGAGCGTGCGGAGGC,10
GTGAGGAACGATGCGGCA,OXT_07,GTGGGTGCATTTGCTGTA,9
ATGTCGTCCAGTCTGGTG,OXT_10,AAGATGTATCGTGTGCTG,8
ATGCTATGTACCGTGCTC,OXT_10,AAGATGTATCGTGTGCTG,8
GGCGCAAGGTAGAAGGCT,OXT_11,GGGTAAGGGCACAACAGT,9
GAGAGAGCTTGGTAGTTG,OXT_09,TGTAGTGCTCGGCTGCCG,9
AACTGGGAGCGTGGCAAT,OXT_03,GACTTGGGCTCATGCTGT,10
AGCTAGACCCAGACAGCG,OXT_23,AAGTAGGGACAGAATACG,8
GGCTCTTCGTCCATTAGT,OXT_11,GGGTAAGGGCACAACAGT,9
CAGGCGGCGCATCCACTT,OXT_04,TAGACAGGGCTGACTGTG,10
GAGCAGTGAAGGATTGCG,OXT_23,AAGTAGGGACAGAATACG,7
ACAGACGCGTAACCCCTT,OXT_16,ATAAACAGTCTAGCTGTG,11
GGTGTCCTGTACTTCCTA,OXT_24,GGGATTCGGTCATGTCCT,10
ACTGCTCCGGAGTCGTAT,OXT_22,ACGGGACCGCAGATCGAG,9
AACAGCAGTCTGTGCCTT,OXT_08,GACGGCATTCAGGCACGT,8
AGTAGGTAACGCGGACTA,OXT_10,AAGATGTATCGTGTGCTG,8
GCACCAGGTGAGGGTTAC,OXT_28,AGCGGCGGCGACGGCGAA,11
TCATGCAGAGATGGGACA,OXT_28,AGCGGCGGCGACGGCGAA,10
AGCCAGTGACTCGTACCT,OXT_01,AGGCTGCGTAAGTCTGCT,11
TGGCAAGGGAAACGTCGC,OXT_11,GGGTAAGGGCACAACAGT,9
GGCGTGTAGGTATGAAGG,OXT_20,AGGGCCTAGGGATGACGT,7
CGACGTGTGAAAGCCGTG,OXT_14,TTGAGCGTAACGACAGTG,10
AACACTGGGTTACCGCGG,OXT_04,TAGACAGGGCTGACTGTG,9
TGGAGAAGGCGTCGACGT,OXT_02,AGGGGAGCGTGCGGAGGC,9
ATGGACAGCCTGGACATG,OXT_16,ATAAACAGTCTAGCTGTG,7
AACGGGCCAGCGTCTTCA,OXT_01,AGGCTGCGTAAGTCTGCT,10
GAGGGCAGGGTGTCGCTA,OXT_08,GACGGCATTCAGGCACGT,9
GAGGGTAAACAGAAGCGT,OXT_08,GACGGCATTCAGGCACGT,7
GGCCTAATTCAATGTGTC,OXT_01,AGGCTGCGTAAGTCTGCT,10
TCGTGATCACATTATCGT,OXT_11,GGGTAAGGGCACAACAGT,10
AACGTCTTGGTCTCCTGT,OXT_20,AGGGCCTAGGGATGACGT,9
ACGGGAATGCGGTCTGCG,OXT_22,ACGGGACCGCAGATCGAG,7
GTGTGGCGACAACTGTTT,OXT_03,GACTTGGGCTCATGCTGT,11
CAACCAGGTTACGGGTGA,OXT_02,AGGGGAGCGTGCGGAGGC,11
GCGAACAGGTACTAGATG,OXT_11,GGGTAAGGGCACAACAGT,9
GGGGTACACATTCCACCG,OXT_05,GGCGGACAGACTCTAATG,7
GGGTAGAGCCTTGCACAG,OXT_16,ATAAACAGTCTAGCTGTG,10
GAGGGTGTCACATGCGGG,OXT_03,GACTTGGGCTCATGCTGT,8
AGGCTATTCAGACGAAGG,OXT_15,AGGGTATAACGTCCTTTG,9
AGACGATCAGTGCACCGT,OXT_12,AATACAGCGGTGTTTCTA,11
GTTCGAGCGGTATAGGTG,OXT_12,AATACAGCGGTGTTTCTA,9
GGCATGGGCTACTCCTTT,OXT_03,GACTTGGGCTCATGCTGT,6
GTAGTGCGCATCTAGCAA,OXT_18,TAACGGGTTATCCATAAT,11
CAGGGGTTCACGGCTACT,OXT_01,AGGCTGCGTAAGTCTGCT,10
GCGGGCACATGTCTGGGT,OXT_07,GTGGGTGCATTTGCTGTA,9
AGGCCGTCCGCGTTGTCA,OXT_01,AGGCTGCGTAAGTCTGCT,10
AGCGGAATCAAGTCTGTG,OXT_01,AGGCTGCGTAAGTCTGCT,9
GCGTGGACGATGCATGTG,OXT_04,TAGACAGGGCTGACTGTG,10
AGGGCAGTGATGAGGTGG,OXT_02,AGGGGAGCGTGCGGAGGC,9
ATATGGGAGTGCCGAGTT,OXT_02,AGGGGAGCGTGCGGAGGC,8
AGGGTCCCACCGTTAGCA,OXT_01,AGGCTGCGTAAGTCTGCT,9
AGAATGCGGAACCGAGCG,OXT_01,AGGCTGCGTAAGTCTGCT,8
GGTTAGAGCAGGTAGTCG,OXT_13,TATTACACTAGTGGATGG,10
AGTGGCGTCCGGATCCGA,OXT_09,TGTAGTGCTCGGCTGCCG,9
AGTGAGCTGAGGCGACCG,OXT_05,GGCGGACAGACTCTAATG,10
TACGGGTAGTCATCCTTC,OXT_03,GACTTGGGCTCATGCTGT,9
GTGTGTTGGAACAGGGAG,OXT_11,GGGTAAGGGCACAACAGT,10
GTCAAAAGACGATCTATG,OXT_16,ATAAACAGTCTAGCTGTG,7
AGGGTACGTTGCAGCCAG,OXT_02,AGGGGAGCGTGCGGAGGC,9
GCCGGGTCACATAACGGT,OXT_22,ACGGGACCGCAGATCGAG,9
GAACAGGTGAGCTTGGCG,OXT_18,TAACGGGTTATCCATAAT,10
AGAGACTGGCAGAGCTAA,OXT_28,AGCGGCGGCGACGGCGAA,8
TGATGCCGTACACCTGGT,OXT_01,AGGCTGCGTAAGTCTGCT,9
ATGCTAATGTAGTACGCT,OXT_01,AGGCTGCGTAAGTCTGCT,8
AAGGCTAACCACACGGCG,OXT_04,TAGACAGGGCTGACTGTG,10
TAGAGCCAGATCGTGCCA,OXT_10,AAGATGTATCGTGTGCTG,10
AGAAACACGGGTTGAGCA,OXT_17,AGGAACTACGATCGTGAA,8
AGGCGAGGAGATTCTGCA,OXT_01,AGGCTGCGTAAGTCTGCT,7
CGAGTGCATAATGACGGT,OXT_01,AGGCTGCGTAAGTCTGCT,9
TGAGTAGAGACTATGCGT,OXT_05,GGCGGACAGACTCTAATG,9
CACCATGGGGATCCGGCG,OXT_27,GTAGAATGGGCATCGTCG,10
GGTAGGGGACACATGACA,OXT_09,TGTAGTGCTCGGCTGCCG,9
AAACGGAGGATAGCGCGG,OXT_16,ATAAACAGTCTAGCTGTG,9
AGGTCACGTGTTAGGATG,OXT_21,GAGCAACGGGTCAGCATT,8
AGCCAAGCAGAGAGAAGG,OXT_23,AAGTAGGGACAGAATACG,9
AGGGCTTAAGCACTCTTG,OXT_15,AGGGTATAACGTCCTTTG,7
GTGCCCACTGGGAACATA,OXT_21,GAGCAACGGGTCAGCATT,10
GGCGGCATAAGCAGGCAA,OXT_28,AGCGGCGGCGACGGCGAA,9
TGTGAGCAGAGCCAGGGA,OXT_02,AGGGGAGCGTGCGGAGGC,11
ATGCAGAGTACTAGCGGG,OXT_01,AGGCTGCGTAAGTCTGCT,10
TGTGCAGGGAATTGGACG,OXT_05,GGCGGACAGACTCTAATG,10
AGGTAGTTTACCCGGCAT,OXT_17,AGGAACTACGATCGTGAA,10
ACGGTACTCATCCGCGCT,OXT_01,AGGCTGCGTAAGTCTGCT,10
GGGGTGAATTCAGTCCCG,OXT_10,AAGATGTATCGTGTGCTG,9
CAGGGTTATTGGACACAT,OXT_08,GACGGCATTCAGGCACGT,9
TCCAAGGGTATTGAAGGA,OXT_13,TATTACACTAGTGGATGG,10
TGGCGGACGGATCAGGCA,OXT_17,AGGAACTACGATCGTGAA,10
ACTACCGGCTCTTCCCTG,OXT_12,AATACAGCGGTGTTTCTA,10
TGGGCTGTGTAGAGACTT,OXT_20,AGGGCCTAGGGATGACGT,9
ACGGGTAGCTCCGATTAG,OXT_28,AGCGGCGGCGACGGCGAA,10
GGCACGAGTACCTGGCTG,OXT_26,GGGGCATTCACTGAGCTG,9
TGGATGGCATGATGTGTA,OXT_25,TGCATCGCAACAGCAGTT,8
GGGCGGACAACCTGGTAC,OXT_02,AGGGGAGCGTGCGGAGGC,11
ATGACCGGCTTCTGACGG,OXT_20,AGGGCCTAGGGATGACGT,9
CATGCTGGATGACACGGG,OXT_03,GACTTGGGCTCATGCTGT,11
ACTGGGAGAGAGATCCGT,OXT_22,ACGGGACCGCAGATCGAG,9
AGGTAAGCAGCTGGCTGG,OXT_02,AGGGGAGCGTGCGGAGGC,9
GCAGCGTGTCTAGTGAAG,OXT_10,AAGATGTATCGTGTGCTG,10
GGCGGGTCTCTTCCCAGT,OXT_08,GACGGCATTCAGGCACGT,9
GGGTACCGTGGCGATCTA,OXT_11,GGGTAAGGGCACAACAGT,10
AAGTGGCATCGATGTCAG,OXT_10,AAGATGTATCGTGTGCTG,8
AGTGGTGACGCACGACTG,OXT_05,GGCGGACAGACTCTAATG,9
ACTGGGAAACCTCGTATT,OXT_15,AGGGTATAACGTCCTTTG,9
ACGGTGGTCAGCGTCACA,OXT_06,ATCATCATCATCATCATC,9
ACGGAGCTACGGCCGATG,OXT_15,AGGGTATAACGTCCTTTG,8
AGGCTGAAGACGGGATGC,OXT_02,AGGGGAGCGTGCGGAGGC,9
ATCGGGGTAAAGCTTCCC,OXT_23,AAGTAGGGACAGAATACG,10
GGCATAGCGTTCCTAGAG,OXT_02,AGGGGAGCGTGCGGAGGC,9
CGTGGTACTCAGGACGAG,OXT_22,ACGGGACCGCAGATCGAG,8
CTGGCGGTGCTTGCTGAT,OXT_07,GTGGGTGCATTTGCTGTA,8
GCACTGAAGGTGTAGTCG,OXT_27,GTAGAATGGGCATCGTCG,9
GACTCGACTCGGACATGT,OXT_08,GACGGCATTCAGGCACGT,7
TCGAAGCTCCGTACGTGT,OXT_10,AAGATGTATCGTGTGCTG,11
GCAGGTGCACAGCGAAGG,OXT_08,GACGGCATTCAGGCACGT,10
ACGGGCTGGAGTTGTTGC,OXT_20,AGGGCCTAGGGATGACGT,8
GGCCAAACACCAGTCGCT,OXT_25,TGCATCGCAACAGCAGTT,9
GTCCGGAAGCTGAGCTCA,OXT_21,GAGCAACGGGTCAGCATT,11
GATGTGGTGACGGCTGGT,OXT_08,GACGGCATTCAGGCACGT,9
AGAATACCGAAGGTAGTG,OXT_22,ACGGGACCGCAGATCGAG,8
ACGTTATTCGGTGCGGCT,OXT_10,AAGATGTATCGTGTGCTG,10
TATTGTCCGATAACGTGC,OXT_13,TATTACACTAGTGGATGG,10
GACCAACCGGGAACCGTG,OXT_21,GAGCAACGGGTCAGCATT,7
AACCTACGATATCCGTGT,OXT_01,AGGCTGCGTAAGTCTGCT,10
TCGACACGATAGTGGTTG,OXT_04,TAGACAGGGCTGACTGTG,9
ACATCGATCACGTGTAGT,OXT_03,GACTTGGGCTCATGCTGT,10
CAGGTCAAAGACTGTCGT,OXT_20,AGGGCCTAGGGATGACGT,8
TCCCTCCGTGGTGTTGAG,OXT_01,AGGCTGCGTAAGTCTGCT,11
GGCGGCGCAGTACTAGTG,OXT_05,GGCGGACAGACTCTAATG,8
GTGGCAAAATGGCTATGT,OXT_15,AGGGTATAACGTCCTTTG,10
AATAGGGCGTATCCTTTA,OXT_12,AATACAGCGGTGTTTCTA,8
GGTAGGACGATCGATGGG,OXT_02,AGGGGAGCGTGCGGAGGC,10
ACTGATGCAGGTCTCGTT,OXT_07,GTGGGTGCATTTGCTGTA,10
CTGGAGGATACGGCGCTG,OXT_10,AAGATGTATCGTGTGCTG,9
AGGGCTAATGCAACCCGG,OXT_20,AGGGCCTAGGGATGACGT,8
AGCTGGCACAACTGGATT,OXT_01,AGGCTGCGTAAGTCTGCT,10
TGGTGTCAGCCATGACGT,OXT_20,AGGGCCTAGGGATGACGT,7
GACTGGGCTCAAGTCATG,OXT_03,GACTTGGGCTCATGCTGT,10
TCACAGCAGTCCCATGTG,OXT_18,TAACGGGTTATCCATAAT,10
GGCATACCTGTGGATGTG,OXT_04,TAGACAGGGCTGACTGTG,10
TATGCAGGAGCGAAGGCA,OXT_04,TAGACAGGGCTGACTGTG,9
TCCTAACCGCACGTACCT,OXT_11,GGGTAAGGGCACAACAGT,10
ATAGAAGGTGATGCTCCG,OXT_16,ATAAACAGTCTAGCTGTG,8
GAAGGGACGGTCAGAGTG,OXT_21,GAGCAACGGGTCAGCATT,9
TACATGCGGCTTGCGATG,OXT_04,TAGACAGGGCTGACTGTG,8
AGTGCAATGCGAGGTCTG,OXT_15,AGGGTATAACGTCCTTTG,9
TGGAACGGCATTCATGGC,OXT_17,AGGAACTACGATCGTGAA,8
TGAGCCGGAATAGTGAGT,OXT_25,TGCATCGCAACAGCAGTT,9
AATCCTGCCGATTGGTAT,OXT_12,AATACAGCGGTGTTTCTA,10
TATAGCGAGGGTGAGCTG,OXT_10,AAGATGTATCGTGTGCTG,8
GGTAACAGGAGCTGAGTC,OXT_02,AGGGGAGCGTGCGGAGGC,10
ACGCCATTGCAACTGGTG,OXT_22,ACGGGACCGCAGATCGAG,8
TCCGAATACGACCTGTGG,OXT_27,GTAGAATGGGCATCGTCG,10
GCGGCTTGTTCAGATATG,OXT_26,GGGGCATTCACTGAGCTG,8
TAGGGCGACATGCTAAAT,OXT_18,TAACGGGTTATCCATAAT,8
GGGATGCCGAAGCCGTAA,OXT_01,AGGCTGCGTAAGTCTGCT,9
GGGTACATCCTGGGTAGC,OXT_08,GACGGCATTCAGGCACGT,10
GGGTGCTAGCAGGACCTG,OXT_11,GGGTAAGGGCACAACAGT,9
TAGGCAGGTTAAACAGGT,OXT_04,TAGACAGGGCTGACTGTG,8
AGGCGGAGTGCGAGTCTA,OXT_01,AGGCTGCGTAAGTCTGCT,9
AGCCACAAGGACTCTGTG,OXT_16,ATAAACAGTCTAGCTGTG,9
GGGACCAGAAGGTGGCGA,OXT_20,AGGGCCTAGGGATGACGT,9
TGTACGTACCTTCGCGGT,OXT_17,AGGAACTACGATCGTGAA,9
AGATGGGCAGAAGCGTGT,OXT_25,TGCATCGCAACAGCAGTT,10
GGGAACAGAATTCGGCGA,OXT_17,AGGAACTACGATCGTGAA,9
TAGGTGGTGATGTCAACT,OXT_01,AGGCTGCGTAAGTCTGCT,9
GGAGCATTTTGCGGAGTA,OXT_02,AGGGGAGCGTGCGGAGGC,8
ATGGACGACACTCGTGCT,OXT_17,AGGAACTACGATCGTGAA,7
ACTGGCTTAGTGCTGTTA,OXT_12,AATACAGCGGTGTTTCTA,10
ATAACATGGCGGTTATGA,OXT_12,AATACAGCGGTGTTTCTA,9
ATATGCAGCTCAATCGTA,OXT_06,ATCATCATCATCATCATC,9
ATGTGGATAACGTATGCT,OXT_01,AGGCTGCGTAAGTCTGCT,8
AAGGCTTCAGGATCTCTG,OXT_15,AGGGTATAACGTCCTTTG,8
GCAGGGTCGAACCGCGAG,OXT_22,ACGGGACCGCAGATCGAG,8
GCCCAACGTGCTCATTGT,OXT_21,GAGCAACGGGTCAGCATT,10
AGGAGACGCGTTAGGGTA,OXT_17,AGGAACTACGATCGTGAA,8
AAGGCTGTCGAGAGTCTG,OXT_04,TAGACAGGGCTGACTGTG,9
GTGGGCACAGGCCAAGGT,OXT_02,AGGGGAGCGTGCGGAGGC,9
CGACGGTCTAAGTGAGCT,OXT_01,AGGCTGCGTAAGTCTGCT,7
AGGATTGCATAGCGGTGC,OXT_02,AGGGGAGCGTGCGGAGGC,9
AGGAGGGACGATCTGGAG,OXT_17,AGGAACTACGATCGTGAA,6
TGGATGCATATGGTTGGG,OXT_01,AGGCTGCGTAAGTCTGCT,8
AGCACGAAACCATAATGG,OXT_20,AGGGCCTAGGGATGACGT,10
ATGAGCGATCTGTGTAGT,OXT_16,ATAAACAGTCTAGCTGTG,10
AAGCAGCGCAGATACGAT,OXT_01,AGGCTGCGTAAGTCTGCT,8
GCGACAGCCAGAAGTGTG,OXT_04,TAGACAGGGCTGACTGTG,8
TAGTGGTGTGCTCAGCTC,OXT_10,AAGATGTATCGTGTGCTG,9
AACGCCGACTCCGGTGCT,OXT_28,AGCGGCGGCGACGGCGAA,8
ATTGGGACTCTAGGACTG,OXT_16,ATAAACAGTCTAGCTGTG,8
GCAGTTAGCGCAATGTGT,OXT_03,GACTTGGGCTCATGCTGT,9
AACTGGTGTGCAAGTTGG,OXT_03,GACTTGGGCTCATGCTGT,8
CATAGGTGTCCGCAAGTG,OXT_04,TAGACAGGGCTGACTGTG,10
ACGGAGGAATCGGGTAGG,OXT_23,AAGTAGGGACAGAATACG,8
ATGGTACTCATCCTCTTC,OXT_06,ATCATCATCATCATCATC,6
GGGGCCGTACAGTCGAAT,OXT_08,GACGGCATTCAGGCACGT,9
TGGCACCAGACAGGCGAT,OXT_25,TGCATCGCAACAGCAGTT,9
GGCATAATGGATTAATGG,OXT_05,GGCGGACAGACTCTAATG,10
GGCGGATAGGGCATTGTC,OXT_05,GGCGGACAGACTCTAATG,8
ACTACCGATTTGGCCGGG,OXT_16,ATAAACAGTCTAGCTGTG,9
TTGGGGCTAACCACTGTA,OXT_14,TTGAGCGTAACGACAGTG,6
GTGGAGGGCCAGTGCTTA,OXT_03,GACTTGGGCTCATGCTGT,9
GGGGATCTATTCGTCTTG,OXT_07,GTGGGTGCATTTGCTGTA,9
GCACCGGGTCAGGATCCT,OXT_01,AGGCTGCGTAAGTCTGCT,9
ACAGGAGTGTAATTGGGC,OXT_02,AGGGGAGCGTGCGGAGGC,8
AGCATTAGGTCGGCCACA,OXT_24,GGGATTCGGTCATGTCCT,9
AGTCAGCACAGTACGACG,OXT_01,AGGCTGCGTAAGTCTGCT,10
GAATCAGTCAGGCGAGTT,OXT_03,GACTTGGGCTCATGCTGT,11
GGGAGTGGAATCCTGTCG,OXT_09,TGTAGTGCTCGGCTGCCG,8
CCGGGGAAGGATCCACGG,OXT_05,GGCGGACAGACTCTAATG,10
ACACGTGCGGCAGTCGAG,OXT_22,ACGGGACCGCAGATCGAG,8
TACACAGTGGATAGGTTG,OXT_04,TAGACAGGGCTGACTGTG,8
CTAGGACGTCGTGAGGTG,OXT_16,ATAAACAGTCTAGCTGTG,9
TCATGCTGTTGGTCCATG,OXT_14,TTGAGCGTAACGACAGTG,11
GGGGGTAACTTGCAGCCG,OXT_09,TGTAGTGCTCGGCTGCCG,9
GGGAGCAGTGAATCATGG,OXT_08,GACGGCATTCAGGCACGT,9
AGGCTTGCGAGGCTATTG,OXT_09,TGTAGTGCTCGGCTGCCG,9
AGGAGGGTGTGGCTTGGA,OXT_02,AGGGGAGCGTGCGGAGGC,8
AGCCTGCCTTCGACTGGT,OXT_01,AGGCTGCGTAAGTCTGCT,6
GGGACGGAGTACGAGCGG,OXT_11,GGGTAAGGGCACAACAGT,9
ACGGGCAAGACGCTATGA,OXT_05,GGCGGACAGACTCTAATG,9
GAGGGGCAGATGCATGTA,OXT_05,GGCGGACAGACTCTAATG,9
AGCGATCCACCCACATTT,OXT_25,TGCATCGCAACAGCAGTT,9
AGTCGCATCATGACTAGG,OXT_06,ATCATCATCATCATCATC,9
ACCGGATCCCGTGTTATA,OXT_15,AGGGTATAACGTCCTTTG,9
AACACGTGCCACGGGTGA,OXT_28,AGCGGCGGCGACGGCGAA,9
AGGTGAGTTCACGACCGA,OXT_11,GGGTAAGGGCACAACAGT,7
GCACAGGTGCAGTGTTAG,OXT_23,AAGTAGGGACAGAATACG,10
ATCACCTGTATGGTGGTG,OXT_16,ATAAACAGTCTAGCTGTG,7
ATGGCGAGGTCCACCGAA,OXT_22,ACGGGACCGCAGATCGAG,10
ACCGATTTGATAGTGCGC,OXT_06,ATCATCATCATCATCATC,11
TCCGAACCAGTACGCGAG,OXT_22,ACGGGACCGCAGATCGAG,9
GGACGAGACGCTCTGTAA,OXT_05,GGCGGACAGACTCTAATG,9
GATGGGTATTCCGATATG,OXT_05,GGCGGACAGACTCTAATG,10
TACGACTGTCGTTCCAGT,OXT_08,GACGGCATTCAGGCACGT,9
GGGCTTCAGCTCACTACT,OXT_21,GAGCAACGGGTCAGCATT,8
ACCGTCGAGCCATGTATG,OXT_05,GGCGGACAGACTCTAATG,10
TGGCCTGCGCTTTTAAAG,OXT_04,TAGACAGGGCTGACTGTG,10
GTGGAACTTCTCACTGGA,OXT_07,GTGGGTGCATTTGCTGTA,9
GGACGGCCAACTTGTAGC,OXT_05,GGCGGACAGACTCTAATG,10
ATGGTGTTAGCATCTGCA,OXT_01,AGGCTGCGTAAGTCTGCT,9
AAGGGCGATCTTAGGAGG,OXT_10,AAGATGTATCGTGTGCTG,9
AGACGGCTCTCCGATCAA,OXT_18,TAACGGGTTATCCATAAT,9
GCGTAGGGGCAGATCATC,OXT_11,GGGTAAGGGCACAACAGT,6
GGACATAGTCGGCACTCT,OXT_09,TGTAGTGCTCGGCTGCCG,10
GCAGTGTGCCTCGATCTT,OXT_26,GGGGCATTCACTGAGCTG,10
ATGGCGCAGAAGATGGTT,OXT_22,ACGGGACCGCAGATCGAG,8
TAGGCGACTACGAGACGG,OXT_13,TATTACACTAGTGGATGG,8
TGGCGGCGCCGAGAACTA,OXT_10,AAGATGTATCGTGTGCTG,11
AACGAGGAATCGACTGCG,OXT_23,AAGTAGGGACAGAATACG,7
AGTGAAGGAGAGACACGT,OXT_11,GGGTAAGGGCACAACAGT,9
AACGGTCTGCATACGTTG,OXT_22,ACGGGACCGCAGATCGAG,9
ACGGGCAGGTAATTGGCG,OXT_22,ACGGGACCGCAGATCGAG,8
AGCCCACGGCTTGTGGAG,OXT_22,ACGGGACCGCAGATCGAG,9
GCACCAGGGAAGGGCAGA,OXT_11,GGGTAAGGGCACAACAGT,9
ACGGGTTACAATAACGTC,OXT_22,ACGGGACCGCAGATCGAG,9
ATTGCAACGTGTATAGTG,OXT_02,AGGGGAGCGTGCGGAGGC,9
GAGGTGGCTAGTGTATGC,OXT_13,TATTACACTAGTGGATGG,8
TGTAGCGGCAAGAGTGGA,OXT_28,AGCGGCGGCGACGGCGAA,8
GTAGCTGTGTTCACTATG,OXT_07,GTGGGTGCATTTGCTGTA,8
GCGGACAGCGATGTATGA,OXT_08,GACGGCATTCAGGCACGT,10
AGATACGGCACACAAGTA,OXT_25,TGCATCGCAACAGCAGTT,9
TACATCCGACTGGGTAGC,OXT_04,TAGACAGGGCTGACTGTG,10
GCTGAAGGCGTTGAATAG,OXT_26,GGGGCATTCACTGAGCTG,10
GCAGGCGAAGTATGGCTA,OXT_07,GTGGGTGCATTTGCTGTA,10
GGCATACTTCAACGATCA,OXT_24,GGGATTCGGTCATGTCCT,10
GAGGACGATGCTCCTAGG,OXT_05,GGCGGACAGACTCTAATG,10
TCGAGGGGCGTGGGAAGA,OXT_28,AGCGGCGGCGACGGCGAA,10
ATGGTGGAAAGTGCAGCA,OXT_07,GTGGGTGCATTTGCTGTA,8
AGCACAGAGTTGGTTGCG,OXT_04,TAGACAGGGCTGACTGTG,8
ATTGTGACATGTACGGCG,OXT_07,GTGGGTGCATTTGCTGTA,10
AGCGGGATGTACCTGTAG,OXT_05,GGCGGACAGACTCTAATG,10
GGCGCCGAGTAGAAGCAA,OXT_28,AGCGGCGGCGACGGCGAA,10
ACTGGGAGACGGCGGCAA,OXT_09,TGTAGTGCTCGGCTGCCG,10
GGCTTACACTACTGACTT,OXT_03,GACTTGGGCTCATGCTGT,9
TAACCGAACGAACGGTGC,OXT_03,GACTTGGGCTCATGCTGT,11
ACGGGCGCTACCAAATGG,OXT_02,AGGGGAGCGTGCGGAGGC,9
TCCGCGGGAGAGAGTCGG,OXT_23,AAGTAGGGACAGAATACG,9
AAGGGTAAGTTGGCGCGA,OXT_07,GTGGGTGCATTTGCTGTA,9
GCGTCAACCAACGTCGGT,OXT_11,GGGTAAGGGCACAACAGT,9
ACCAGGGTTCCGACTGGT,OXT_08,GACGGCATTCAGGCACGT,9
TACGGCGGCCCACTCACT,OXT_03,GACTTGGGCTCATGCTGT,9
AGTGCACAGATGACGCTG,OXT_04,TAGACAGGGCTGACTGTG,9
AACACAAAAACAGGGTCA,OXT_25,TGCATCGCAACAGCAGTT,11
ACGGGCACAATGGGAAGG,OXT_02,AGGGGAGCGTGCGGAGGC,9
GGCGCGAATGGTCAAGTG,OXT_05,GGCGGACAGACTCTAATG,8
AATTGAGAACGGTAGACG,OXT_23,AAGTAGGGACAGAATACG,7
TGGGGACAGGGAGTCTCC,OXT_02,AGGGGAGCGTGCGGAGGC,9
TGACGTCAGACAGCTTGT,OXT_24,GGGATTCGGTCATGTCCT,10
GTGAGTGCAGACGAGGCT,OXT_07,GTGGGTGCATTTGCTGTA,8
GCGGAACTCGGAGTGTGG,OXT_26,GGGGCATTCACTGAGCTG,9
AGGACGACAGATGTAGTG,OXT_10,AAGATGTATCGTGTGCTG,9
GGTGGTCGAAAGAGGACG,OXT_05,GGCGGACAGACTCTAATG,10
AGGATGAGGGCAACCTGT,OXT_03,GACTTGGGCTCATGCTGT,9
AAGGTAGCACCAACATGG,OXT_15,AGGGTATAACGTCCTTTG,8
AGGAACGTTTTGCTCCGA,OXT_09,TGTAGTGCTCGGCTGCCG,10
ATCAGGACGGGCTGATGA,OXT_02,AGGGGAGCGTGCGGAGGC,9
TTGCCTCTTCCGTCCGAT,OXT_01,AGGCTGCGTAAGTCTGCT,9
TGCGGGGTTATCATGCGG,OXT_09,TGTAGTGCTCGGCTGCCG,9
TATGGGACCAGCATTTTG,OXT_13,TATTACACTAGTGGATGG,9
CGCAGTGTCCAACGTCTG,OXT_09,TGTAGTGCTCGGCTGCCG,9
GGAGGTACTGATAGTCGA,OXT_07,GTGGGTGCATTTGCTGTA,10
AGCGACGCCAATCCCTTT,OXT_25,TGCATCGCAACAGCAGTT,9
GGGGTTCATGCATCGGTG,OXT_24,GGGATTCGGTCATGTCCT,9
GGGGCAGCCAAACTATAC,OXT_02,AGGGGAGCGTGCGGAGGC,10
GGTGTACTGCTTCCGCTC,OXT_05,GGCGGACAGACTCTAATG,9
AAAGTAGGCCATGCGATG,OXT_10,AAGATGTATCGTGTGCTG,9
TCCAGACACCAGGTGGCT,OXT_22,ACGGGACCGCAGATCGAG,9
TAAGCGCAAGGGTCCCGG,OXT_20,AGGGCCTAGGGATGACGT,10
AGGCGTGTACACATTCGT,OXT_11,GGGTAAGGGCACAACAGT,9
ATATGTGCATTCAGGTAG,OXT_07,GTGGGTGCATTTGCTGTA,10
ATCGAGACTACTTCAGTG,OXT_16,ATAAACAGTCTAGCTGTG,9
CGCGGCAGACGGACCAGT,OXT_08,GACGGCATTCAGGCACGT,8
ACGCGGGTGTGCAGCTGT,OXT_02,AGGGGAGCGTGCGGAGGC,8
AAGCACCCACTAGGCGAT,OXT_21,GAGCAACGGGTCAGCATT,9
GGCTCACATCAGCCGTTT,OXT_05,GGCGGACAGACTCTAATG,10
AGGGGGACTACGCCAACG,OXT_01,AGGCTGCGTAAGTCTGCT,9
AGACGTAAGGTTTCTTCG,OXT_15,AGGGTATAACGTCCTTTG,10
AGGCGACAAGCGGAGGAG,OXT_22,ACGGGACCGCAGATCGAG,9
ACAAGGGCATTGTGGCAA,OXT_12,AATACAGCGGTGTTTCTA,9
ACAGAGGCATCAAGTGCG,OXT_23,AAGTAGGGACAGAATACG,9
AAAGCAGCAACGGCAGAT,OXT_25,TGCATCGCAACAGCAGTT,8
GACTAGGCGGCTCATCAT,OXT_03,GACTTGGGCTCATGCTGT,10
TTACCGCACGTGGTTATA,OXT_12,AATACAGCGGTGTTTCTA,10
CGGAGAGGCACACTGCGG,OXT_09,TGTAGTGCTCGGCTGCCG,9
GCGAGCGGTACTCGGGTG,OXT_14,TTGAGCGTAACGACAGTG,8
AGGTACATGCCTCGTATG,OXT_15,AGGGTATAACGTCCTTTG,9
AAGCAGGCTGGACTATGT,OXT_13,TATTACACTAGTGGATGG,10
GGCAAGGTAGACGATATC,OXT_11,GGGTAAGGGCACAACAGT,10
ACATGGTGAGTCGCTTTA,OXT_07,GTGGGTGCATTTGCTGTA,10
AAGCAAACAGTCGACGTA,OXT_21,GAGCAACGGGTCAGCATT,8
CTACACCAACAGACATGG,OXT_14,TTGAGCGTAACGACAGTG,10
AGAGCCCATCTCGCTCGG,OXT_16,ATAAACAGTCTAGCTGTG,8
TAGGGAACAAAGGCGACT,OXT_08,GACGGCATTCAGGCACGT,9
GGACAGAATGGCAGTGTT,OXT_21,GAGCAACGGGTCAGCATT,9
ACAGGAGTGAGTATGTAC,OXT_22,ACGGGACCGCAGATCGAG,9
GCGGATTGTCTTGTACTT,OXT_10,AAGATGTATCGTGTGCTG,9
GGGGCTGAACACGCTGGT,OXT_07,GTGGGTGCATTTGCTGTA,8
GGGCGCGACATTCTGAGC,OXT_05,GGCGGACAGACTCTAATG,9
AAGCGGATCACGTGCATA,OXT_06,ATCATCATCATCATCATC,10
GCAGACGAGGGGATGTTG,OXT_27,GTAGAATGGGCATCGTCG,9
ACGCTGAACGTGTTGCTT,OXT_10,AAGATGTATCGTGTGCTG,9
CGCGGCGGTAGTACTGTA,OXT_07,GTGGGTGCATTTGCTGTA,9
TAAGAGTTCATCGTCCGC,OXT_06,ATCATCATCATCATCATC,10
GACAAGGCGACTGACGAG,OXT_25,TGCATCGCAACAGCAGTT,10
CAGGGGTGTAAACCGCGT,OXT_08,GACGGCATTCAGGCACGT,9
GTAGCGTGAAAAGAAGCG,OXT_27,GTAGAATGGGCATCGTCG,9
TCTAGGAGCCATGACGTT,OXT_16,ATAAACAGTCTAGCTGTG,11
ATGATCCAGACCCCTTGG,OXT_15,AGGGTATAACGTCCTTTG,9
GATGGGCATTTCATCGTG,OXT_05,GGCGGACAGACTCTAATG,10
GTCCGGAGACGCACTGTG,OXT_16,ATAAACAGTCTAGCTGTG,9
AACGGATCCGCATTCAGT,OXT_03,GACTTGGGCTCATGCTGT,9
TGGTAGTGAGGGGCTGCT,OXT_01,AGGCTGCGTAAGTCTGCT,8
AACGTGTCGCACTTAAGG,OXT_10,AAGATGTATCGTGTGCTG,10
AGCACAATGCGGTGCGGT,OXT_20,AGGGCCTAGGGATGACGT,9
GTGGATTAACTGCTATAT,OXT_15,AGGGTATAACGTCCTTTG,10
ATAGGGACGTAGCGGGGA,OXT_02,AGGGGAGCGTGCGGAGGC,9
ACGACTGCAATATTGGTG,OXT_12,AATACAGCGGTGTTTCTA,9
ACACAGACGTACTTCCTC,OXT_06,ATCATCATCATCATCATC,11
GTGTGCTGGCAAAGCTGT,OXT_11,GGGTAAGGGCACAACAGT,7
AAGGGCCGCCGATCGTCT,OXT_01,AGGCTGCGTAAGTCTGCT,10
AAGCGGACGAGGTCAGCA,OXT_01,AGGCTGCGTAAGTCTGCT,8
CACATCTGTGGCGGTATA,OXT_10,AAGATGTATCGTGTGCTG,10
ACGACTCGCCGAGTTGTG,OXT_16,ATAAACAGTCTAGCTGTG,8
ATGCGGTCAGCTTTGGAT,OXT_01,AGGCTGCGTAAGTCTGCT,11
CAACGAAGCTCAAGGCGT,OXT_03,GACTTGGGCTCATGCTGT,9
GACGTTGGTAAATGGCTA,OXT_03,GACTTGGGCTCATGCTGT,9
GACAATGCCATACGTGCA,OXT_07,GTGGGTGCATTTGCTGTA,10
GAGGCCACGAGGGAAACA,OXT_08,GACGGCATTCAGGCACGT,10
TGCTGACCTCTATGGTGT,OXT_03,GACTTGGGCTCATGCTGT,10
GGGCCAATATGTTCAGGT,OXT_02,AGGGGAGCGTGCGGAGGC,10
GTCAGCAGCCGCCGTATG,OXT_06,ATCATCATCATCATCATC,9
AGCGGGCGAAACACTGAA,OXT_28,AGCGGCGGCGACGGCGAA,7
GGCTTTGAGAACCACGTG,OXT_05,GGCGGACAGACTCTAATG,9
TACACGTTGACTGTGCGG,OXT_10,AAGATGTATCGTGTGCTG,8
GGGCTAGTTGATGTGCAG,OXT_26,GGGGCATTCACTGAGCTG,8
GGGGGAACATACGATTCG,OXT_02,AGGGGAGCGTGCGGAGGC,9
GGACCGGGAACAGCACTA,OXT_25,TGCATCGCAACAGCAGTT,8
ATCCGGGACACACAAAGG,OXT_05,GGCGGACAGACTCTAATG,9
AGCATGACACTGTATGCT,OXT_01,AGGCTGCGTAAGTCTGCT,8
TGGAGTAGGACGTACGAA,OXT_14,TTGAGCGTAACGACAGTG,10
ACGGGATCAATCTCGTCT,OXT_15,AGGGTATAACGTCCTTTG,10
ATGACATGACAGTGCCGT,OXT_20,AGGGCCTAGGGATGACGT,9
TGTCGACGTGCTTCTACC,OXT_01,AGGCTGCGTAAGTCTGCT,9
GTGGTGAGTATTGGAGTA,OXT_07,GTGGGTGCATTTGCTGTA,8
TGCTAGACGCATCGTGTG,OXT_13,TATTACACTAGTGGATGG,10
GGTGAGTAAGATCGGGCA,OXT_17,AGGAACTACGATCGTGAA,7
GGCAGGCTTGAAAAATGG,OXT_08,GACGGCATTCAGGCACGT,10
AGTAGGGATTCGAGGGCA,OXT_09,TGTAGTGCTCGGCTGCCG,9
GGGATCCAAGGTGCGCCG,OXT_10,AAGATGTATCGTGTGCTG,8
GATCCATGTATGGGCAAC,OXT_21,GAGCAACGGGTCAGCATT,9
GGCATAGGGGCAGCATCC,OXT_25,TGCATCGCAACAGCAGTT,8
CTCGTTGTAGACTAGTGG,OXT_27,GTAGAATGGGCATCGTCG,11
AGTACCCATAGAAGACGG,OXT_20,AGGGCCTAGGGATGACGT,7
AGGGCAGCCGGTCTGCGT,OXT_20,AGGGCCTAGGGATGACGT,8
ACCGGGTCAGGATGGCGC,OXT_20,AGGGCCTAGGGATGACGT,8
CAGTACGCTCACGTGTGA,OXT_13,TATTACACTAGTGGATGG,9
TGGACAGGAAGTGGGATG,OXT_26,GGGGCATTCACTGAGCTG,8
ACGGGGCTAAATATTCCA,OXT_22,ACGGGACCGCAGATCGAG,9
AAAAGGGATCCGGTGCTC,OXT_10,AAGATGTATCGTGTGCTG,6
GGTCCCGGTAAGTGTGAG,OXT_01,AGGCTGCGTAAGTCTGCT,8
GGGGGTCCGATACATTCC,OXT_24,GGGATTCGGTCATGTCCT,9
GCAGCGTATATCGTCGGT,OXT_18,TAACGGGTTATCCATAAT,11
TGGAGGCGTCGAGAACCT,OXT_09,TGTAGTGCTCGGCTGCCG,9
GAGGGCACCTAATTGAGC,OXT_08,GACGGCATTCAGGCACGT,10
AGGCGGGAACATTGCGCG,OXT_01,AGGCTGCGTAAGTCTGCT,9
GGCGTGATACGAGAAGGT,OXT_08,GACGGCATTCAGGCACGT,8
CGCAGCACTGACGGTACT,OXT_28,AGCGGCGGCGACGGCGAA,9
GGGAGTCCAGTACATGTG,OXT_07,GTGGGTGCATTTGCTGTA,8
TGTCGTGCAGATCATGCT,OXT_09,TGTAGTGCTCGGCTGCCG,9
GGGGTAAGTCCTTCGTGC,OXT_15,AGGGTATAACGTCCTTTG,9
CAGCAGACTGGACGCACG,OXT_13,TATTACACTAGTGGATGG,10
GTGGACGACTGTGACTAT,OXT_07,GTGGGTGCATTTGCTGTA,10
ACTGGGCAGTTACGTCAG,OXT_22,ACGGGACCGCAGATCGAG,10
CGGCGGGGAGACTTAGGA,OXT_28,AGCGGCGGCGACGGCGAA,9
AGCCATGATACGACGGCG,OXT_01,AGGCTGCGTAAGTCTGCT,9
AGACTTCCGACGTATATA,OXT_01,AGGCTGCGTAAGTCTGCT,9
AAGCGGTAGGTGATGGAC,OXT_22,ACGGGACCGCAGATCGAG,9
CAGGGCCGCGTATGGACA,OXT_21,GAGCAACGGGTCAGCATT,10
GGGCTGGAGAGTACGTCA,OXT_01,AGGCTGCGTAAGTCTGCT,10
CGATCCAATTATTGGCTG,OXT_10,AAGATGTATCGTGTGCTG,11
GCCTAAGACGAGTGTGGT,OXT_03,GACTTGGGCTCATGCTGT,9
TCATGTCCAGGCGCCGTG,OXT_07,GTGGGTGCATTTGCTGTA,10
GGTAGACCTGGAGGCGCT,OXT_02,AGGGGAGCGTGCGGAGGC,10
GCATGGACTAATACGATG,OXT_05,GGCGGACAGACTCTAATG,11
CACGAAGGAGATGGGCAG,OXT_28,AGCGGCGGCGACGGCGAA,9
AAGCTCATTCCACCGGCA,OXT_01,AGGCTGCGTAAGTCTGCT,10
AAGCCGGAAGGTTATGGA,OXT_12,AATACAGCGGTGTTTCTA,10
ACAGGCGTCGGTATATTA,OXT_28,AGCGGCGGCGACGGCGAA,10
ACGCACTGTGTTACGTGG,OXT_16,ATAAACAGTCTAGCTGTG,10
GAGACAGTCGTTATGGTA,OXT_04,TAGACAGGGCTGACTGTG,8
GATTGGTGATGTTTGCTA,OXT_10,AAGATGTATCGTGTGCTG,9
GTGAGAGCGTGTCCCTGG,OXT_02,AGGGGAGCGTGCGGAGGC,9
TGTAGCGGGAAAGCAAGG,OXT_25,TGCATCGCAACAGCAGTT,8
TATCGGGTCAACCGACTG,OXT_18,TAACGGGTTATCCATAAT,8
CTACAGGGTGAGACGCGG,OXT_23,AAGTAGGGACAGAATACG,10
TCACCGGGTGTTCGCTTT,OXT_18,TAACGGGTTATCCATAAT,9
GGGGAGAGCATGTCCCGT,OXT_01,AGGCTGCGTAAGTCTGCT,9
ATGCAATGCGGATCTCGA,OXT_20,AGGGCCTAGGGATGACGT,9
TTTGCACGAACGCTAGGG,OXT_05,GGCGGACAGACTCTAATG,9
ACTCTGCTGGAAGCGGTG,OXT_01,AGGCTGCGTAAGTCTGCT,10
GACGGGCGATGCTACTAA,OXT_03,GACTTGGGCTCATGCTGT,9
AGGCGATTCGTCGACAGG,OXT_26,GGGGCATTCACTGAGCTG,9
ACGCGAGGTGACTCTTGG,OXT_01,AGGCTGCGTAAGTCTGCT,9
TGGCCCGAACTTAGGTCG,OXT_04,TAGACAGGGCTGACTGTG,10
AGGGCATGTCTGTCGTTA,OXT_15,AGGGTATAACGTCCTTTG,8
AACACGCTCGTATTCATC,OXT_06,ATCATCATCATCATCATC,7
GGACGCCAGATCCTGGTG,OXT_05,GGCGGACAGACTCTAATG,7
GGCCTAGTGTTGGCAGAG,OXT_02,AGGGGAGCGTGCGGAGGC,10
AGGGAGTTTATACCACGT,OXT_20,AGGGCCTAGGGATGACGT,8
AACCGGCTGGTCCACGTA,OXT_18,TAACGGGTTATCCATAAT,9
GTGGGCCTGACACGTATA,OXT_05,GGCGGACAGACTCTAATG,8
ACATGCGGACACACGGTG,OXT_14,TTGAGCGTAACGACAGTG,9
ATCAATAGTACCGGCGGA,OXT_16,ATAAACAGTCTAGCTGTG,9
ATGGGATTCTGACTGCGC,OXT_02,AGGGGAGCGTGCGGAGGC,9
GGATCCAGCAGGTCGTTA,OXT_26,GGGGCATTCACTGAGCTG,11
CGTATAGGTCCAGTGTCG,OXT_09,TGTAGTGCTCGGCTGCCG,8
GGCCGTCGCATCACTGGT,OXT_01,AGGCTGCGTAAGTCTGCT,9
TACTAGGGATATAGCAGA,OXT_03,GACTTGGGCTCATGCTGT,8
GCACGGGTTGGTAACTGA,OXT_18,TAACGGGTTATCCATAAT,10
GTCCAAGACGCAGTATGG,OXT_27,GTAGAATGGGCATCGTCG,9
AGAAGGGACGAGTTGATA,OXT_12,AATACAGCGGTGTTTCTA,9
TGGACAGTACGGCTTGTA,OXT_04,TAGACAGGGCTGACTGTG,7
AGGCAGAGGCCGGACATT,OXT_11,GGGTAAGGGCACAACAGT,8
AGGTCCACTTACTCATGG,OXT_13,TATTACACTAGTGGATGG,9
ACGAAGGAACAGACAGGG,OXT_23,AAGTAGGGACAGAATACG,7
ACGGACAAAGTAGCGGAG,OXT_16,ATAAACAGTCTAGCTGTG,8
GGTGGTGTCCCAACTCAC,OXT_07,GTGGGTGCATTTGCTGTA,11
CAGACGGTGGAATATAGC,OXT_12,AATACAGCGGTGTTTCTA,10
GGGACGGACGCAATGTGA,OXT_03,GACTTGGGCTCATGCTGT,10
GCTGAGGAGGTCAAGTGT,OXT_11,GGGTAAGGGCACAACAGT,9
TGCGGATGACGGGATGTT,OXT_15,AGGGTATAACGTCCTTTG,9
GGTCAACACGATGGCGCT,OXT_17,AGGAACTACGATCGTGAA,9
CTAGTGGGAGTGAGCTCT,OXT_03,GACTTGGGCTCATGCTGT,10
ATACCATGGACATGTACT,OXT_27,GTAGAATGGGCATCGTCG,8
ACACTCGTCTTGACGTTG,OXT_06,ATCATCATCATCATCATC,10
ATGTGGTAGCTTGTCAAT,OXT_10,AAGATGTATCGTGTGCTG,9
TAGTGGAGAGGAGAGTTG,OXT_10,AAGATGTATCGTGTGCTG,10
AGAAGGTGAGTGACGCGA,OXT_12,AATACAGCGGTGTTTCTA,11
AGATGGCACGATGACTTG,OXT_28,AGCGGCGGCGACGGCGAA,10
GAGCGCGCATCGGGTACA,OXT_07,GTGGGTGCATTTGCTGTA,8
GAAAAGGCCATAGTCGCT,OXT_03,GACTTGGGCTCATGCTGT,10
TTACGCCTCGAGCTTCGG,OXT_08,GACGGCATTCAGGCACGT,11
CTGGCAGGGTACACATCT,OXT_11,GGGTAAGGGCACAACAGT,9
TAGAGGCTATTGATGCGT,OXT_14,TTGAGCGTAACGACAGTG,10
GGGAACCGTGGATTGGGA,OXT_17,AGGAACTACGATCGTGAA,10
ACCGCAGTGCATGGTTGG,OXT_02,AGGGGAGCGTGCGGAGGC,10
TATCGGCACTCCAGTATG,OXT_18,TAACGGGTTATCCATAAT,10
ACGGAGTACGACGGCGCG,OXT_17,AGGAACTACGATCGTGAA,8
TCAGGTATTCGGACGTTG,OXT_09,TGTAGTGCTCGGCTGCCG,9
GATGCCTAGTATCGGTGA,OXT_17,AGGAACTACGATCGTGAA,10
ACCAGGGACGGCAACTGA,OXT_28,AGCGGCGGCGACGGCGAA,9
TACAGCTGGATCCCGACG,OXT_04,TAGACAGGGCTGACTGTG,10
GACCTCAGATGTGACGGG,OXT_03,GACTTGGGCTCATGCTGT,10
AATGGCTGGTGTTTTGCG,OXT_02,AGGGGAGCGTGCGGAGGC,11
AGTGTCGCAGATACGTCG,OXT_15,AGGGTATAACGTCCTTTG,9
GGAAGTGGGACGAAGCCT,OXT_24,GGGATTCGGTCATGTCCT,8
AGGTGGAAGACGGCTGGC,OXT_01,AGGCTGCGTAAGTCTGCT,9
ACGCTGCTAGTCGCTGTG,OXT_01,AGGCTGCGTAAGTCTGCT,9
CAGACGTGTGCCAAGAAT,OXT_18,TAACGGGTTATCCATAAT,10
GAGCGCGAGGCACATGGG,OXT_04,TAGACAGGGCTGACTGTG,11
TGCGGATGTGTGTATACA,OXT_01,AGGCTGCGTAAGTCTGCT,11
ACGAGGGTTATTGAGTGT,OXT_18,TAACGGGTTATCCATAAT,9
GGCATACGAGGCAGTTCC,OXT_24,GGGATTCGGTCATGTCCT,9
GGTGCGGGAGCATGATGA,OXT_03,GACTTGGGCTCATGCTGT,8
ACGGTCATCACTAATGGG,OXT_26,GGGGCATTCACTGAGCTG,9
GTGGTACTCAGACAGCGG,OXT_26,GGGGCATTCACTGAGCTG,7
TAATGGTTCGAAACGTAT,OXT_18,TAACGGGTTATCCATAAT,10
TTGACGTGCAGTAGGTTG,OXT_10,AAGATGTATCGTGTGCTG,9
TCGAGTTTGCGGTGTAGA,OXT_04,TAGACAGGGCTGACTGTG,11
TGACCGGAGTATAAGCAG,OXT_18,TAACGGGTTATCCATAAT,11
GGGAGCAGGATAACAGTA,OXT_14,TTGAGCGTAACGACAGTG,8
CTCGCAAACAGCTGTGTG,OXT_05,GGCGGACAGACTCTAATG,11
GATCCACGTTCAAGTGAT,OXT_21,GAGCAACGGGTCAGCATT,9
ACACCATAATCACGTGTT,OXT_15,AGGGTATAACGTCCTTTG,10
GGCATGTGGCTTCTACTG,OXT_05,GGCGGACAGACTCTAATG,8
ATCATGCGCCCATGACGG,OXT_03,GACTTGGGCTCATGCTGT,8
GGCATATGAGGACTGTAT,OXT_15,AGGGTATAACGTCCTTTG,10
GGACTGTATCGTGTGGGA,OXT_10,AAGATGTATCGTGTGCTG,7
AAGGATGCACGGATGTGG,OXT_23,AAGTAGGGACAGAATACG,8
GTGGGACATTCACCATCG,OXT_05,GGCGGACAGACTCTAATG,8
ACTAGGTGACAGGTCATG,OXT_10,AAGATGTATCGTGTGCTG,9
GTACGGCAAGAGCAATAT,OXT_18,TAACGGGTTATCCATAAT,10
AGGTAGACCACATGTATG,OXT_23,AAGTAGGGACAGAATACG,10
GATCGGCACATCGAGATG,OXT_18,TAACGGGTTATCCATAAT,9
ACTAATACACGTCACGTG,OXT_09,TGTAGTGCTCGGCTGCCG,10
ACTGGTATCAGCGGGTTG,OXT_13,TATTACACTAGTGGATGG,10
GCCTAAGGTTCGGTCGAT,OXT_03,GACTTGGGCTCATGCTGT,9
TAGCCGATGGAGGGATGT,OXT_08,GACGGCATTCAGGCACGT,9
AGCGGAGCGACTATAGCA,OXT_05,GGCGGACAGACTCTAATG,7
CGGAGGGAACCCCTTAGA,OXT_05,GGCGGACAGACTCTAATG,11
GGACGCGGCGGCTTTAGT,OXT_11,GGGTAAGGGCACAACAGT,10
AAGGACAATGCACGTCGT,OXT_20,AGGGCCTAGGGATGACGT,7
TAACGTTGTACAGAGTTG,OXT_18,TAACGGGTTATCCATAAT,10
ATGTCCAGCCACGGTATG,OXT_16,ATAAACAGTCTAGCTGTG,8
AGCCGTAGCGTGTATACT,OXT_01,AGGCTGCGTAAGTCTGCT,9
AGACGCTAGTACAACTCT,OXT_11,GGGTAAGGGCACAACAGT,10
AACAGCCAAATACACGTG,OXT_05,GGCGGACAGACTCTAATG,10
ATCAGGACGCAGCAGTAG,OXT_22,ACGGGACCGCAGATCGAG,9
GGTGGACAACGAGCGTAT,OXT_15,AGGGTATAACGTCCTTTG,9
TGGCGTTGGAGAGCCGGT,OXT_01,AGGCTGCGTAAGTCTGCT,10
GGCGGTCAGTGCGGTGTA,OXT_02,AGGGGAGCGTGCGGAGGC,8
AGTATCGTGGAGGCCTTA,OXT_12,AATACAGCGGTGTTTCTA,9
AGGGTACACCTTCGAGGC,OXT_02,AGGGGAGCGTGCGGAGGC,8
GGCCAGGGCTAGAGACGT,OXT_03,GACTTGGGCTCATGCTGT,8
TACTCGGGTTCTAAGTTC,OXT_03,GACTTGGGCTCATGCTGT,9
AACGTGGGACATGTTGCA,OXT_23,AAGTAGGGACAGAATACG,8
AGGCGGTATTTGGTCTCT,OXT_01,AGGCTGCGTAAGTCTGCT,9
CGAAGACGTCGCTACTGG,OXT_11,GGGTAAGGGCACAACAGT,10
GGGGAGCTAGACCACAGT,OXT_11,GGGTAAGGGCACAACAGT,7
TGGATACCATCCGAGGCG,OXT_25,TGCATCGCAACAGCAGTT,9
AGGGAACATGCAGGAAGG,OXT_20,AGGGCCTAGGGATGACGT,8
GAAGGACTCGTGTGGATG,OXT_21,GAGCAACGGGTCAGCATT,9
GGGCTAGTTCTACACACA,OXT_11,GGGTAAGGGCACAACAGT,9
GACGTAGCGTATCCGGTA,OXT_07,GTGGGTGCATTTGCTGTA,8
ACGCACATGACAGTGGTG,OXT_16,ATAAACAGTCTAGCTGTG,9
TACTTAGCATACTATTGG,OXT_03,GACTTGGGCTCATGCTGT,9
GCTGTAGGCCTCCAGTGC,OXT_11,GGGTAAGGGCACAACAGT,10
ACATGTGTTGTGCTCCAT,OXT_18,TAACGGGTTATCCATAAT,9
TGGACATACCATTTGGCT,OXT_17,AGGAACTACGATCGTGAA,9
AGGGTAGTAGAGCAGGAA,OXT_17,AGGAACTACGATCGTGAA,9
AGACGGATATTGCCGGAG,OXT_18,TAACGGGTTATCCATAAT,10
GCAACACTTGAACCTGTG,OXT_16,ATAAACAGTCTAGCTGTG,9
GGGGGCCAGGCAGTTAAC,OXT_05,GGCGGACAGACTCTAATG,8
ATCAGGTAGGAAGCGGTG,OXT_10,AAGATGTATCGTGTGCTG,9
TGGCTCGGATCGATGTGG,OXT_14,TTGAGCGTAACGACAGTG,9
AGTTATGGGATGCATCGA,OXT_12,AATACAGCGGTGTTTCTA,9
ATGTGACCACTGACTGTT,OXT_04,TAGACAGGGCTGACTGTG,8
TGGGCAGTCTACGTTGTA,OXT_02,AGGGGAGCGTGCGGAGGC,9
TGGCACCGAAACACGTGG,OXT_01,AGGCTGCGTAAGTCTGCT,10
ATACAGCGGTAAGAGGCT,OXT_01,AGGCTGCGTAAGTCTGCT,9
AACAGGATCATGGAAGGT,OXT_08,GACGGCATTCAGGCACGT,8
GAATAATCCACCGCTCGG,OXT_26,GGGGCATTCACTGAGCTG,9
GCGGTCAACGAGATTGCC,OXT_17,AGGAACTACGATCGTGAA,10
TGCAGCAGGTAATCATCG,OXT_24,GGGATTCGGTCATGTCCT,10
GCCAGAATCTCGTGCTGC,OXT_03,GACTTGGGCTCATGCTGT,8
GTGTGAGCGTCGAATACA,OXT_07,GTGGGTGCATTTGCTGTA,9
TAGTAGTAGCACAGGGTT,OXT_11,GGGTAAGGGCACAACAGT,9
TACGCAGTAAGTTGAGGT,OXT_02,AGGGGAGCGTGCGGAGGC,10
TGACCGTGTGTACATCGA,OXT_18,TAACGGGTTATCCATAAT,9
ATCATGGGCCGAGATGCG,OXT_16,ATAAACAGTCTAGCTGTG,8
GAGCACAACGTGTCCGGT,OXT_21,GAGCAACGGGTCAGCATT,9
GCAGACAATCAGGCTTCG,OXT_08,GACGGCATTCAGGCACGT,8
TGTTGCCCAGTGACAGTA,OXT_14,TTGAGCGTAACGACAGTG,8
GAACAAGGTGTGACGTGT,OXT_21,GAGCAACGGGTCAGCATT,8
GGAGCAACAATAGGCCGA,OXT_26,GGGGCATTCACTGAGCTG,10
CAGACTGGAGTGAGATCT,OXT_04,TAGACAGGGCTGACTGTG,9
AGTGCGGTATCTCTTGGA,OXT_07,GTGGGTGCATTTGCTGTA,10
ACGGATCTACGGTAAGGT,OXT_20,AGGGCCTAGGGATGACGT,10
AGGGGTTGACACAATAGT,OXT_11,GGGTAAGGGCACAACAGT,7
GAGGACTGAGATGGGACG,OXT_23,AAGTAGGGACAGAATACG,9
CGGTGGGAATAAGTTGCG,OXT_23,AAGTAGGGACAGAATACG,9
ACTCTAGGGGATGATCGG,OXT_12,AATACAGCGGTGTTTCTA,10
ACACCCGATTAGTGTGTG,OXT_01,AGGCTGCGTAAGTCTGCT,10
ATGGTGCATCGCTCATGC,OXT_15,AGGGTATAACGTCCTTTG,9
TTAGGATGGCCCTTGGAT,OXT_27,GTAGAATGGGCATCGTCG,8
ACGTGCGGAGATAGCGAG,OXT_28,AGCGGCGGCGACGGCGAA,7
AGCCAGGGATGTGACGTC,OXT_02,AGGGGAGCGTGCGGAGGC,10
ATCCATCGTATCGGCGCA,OXT_28,AGCGGCGGCGACGGCGAA,9
ACAGGTAGCTGTATCGTG,OXT_22,ACGGGACCGCAGATCGAG,9
CTCCGATACCTGACGTGC,OXT_29,CCCCCCCCCCCCCCGCCC,10
GGCAGGGATACGGTTCGA,OXT_05,GGCGGACAGACTCTAATG,10
GGGCACATACAGCGCTAG,OXT_17,AGGAACTACGATCGTGAA,10
TAGTTGGAGGACTATCGT,OXT_11,GGGTAAGGGCACAACAGT,9
GGCGGAGTCAGCAAGCCC,OXT_26,GGGGCATTCACTGAGCTG,8
ATGATGGACTTACCGATA,OXT_06,ATCATCATCATCATCATC,10
GCGGCAAGGAGCGGACAG,OXT_02,AGGGGAGCGTGCGGAGGC,9
TCATACGGGAGCACTGAC,OXT_04,TAGACAGGGCTGACTGTG,10
TCCGAGGGTGAACGGTAG,OXT_27,GTAGAATGGGCATCGTCG,10
TGCCGGGACATCTCTACA,OXT_18,TAACGGGTTATCCATAAT,8
GGAGATGGGGTTCGTAAG,OXT_05,GGCGGACAGACTCTAATG,10
GAGCCACTACATGCGGTG,OXT_26,GGGGCATTCACTGAGCTG,8
GAGACAAAGAGGTGGCCG,OXT_04,TAGACAGGGCTGACTGTG,10
CAGCTGTATTCGGCACTG,OXT_10,AAGATGTATCGTGTGCTG,7
TAGGGCTGATGCCAACAT,OXT_18,TAACGGGTTATCCATAAT,10
GCTCGCGCCACGAGAGCA,OXT_14,TTGAGCGTAACGACAGTG,9
TATGTGCCTTCGGAGATG,OXT_10,AAGATGTATCGTGTGCTG,10
AGGATGAACGTCTACTGT,OXT_03,GACTTGGGCTCATGCTGT,10
ACAGCAGGCCAACATGTG,OXT_04,TAGACAGGGCTGACTGTG,9
GTGGCGCGAACAAGGTGA,OXT_03,GACTTGGGCTCATGCTGT,10
GATGACGAACGCCAGTGG,OXT_13,TATTACACTAGTGGATGG,10
AACCAGTGTAATGCGGTG,OXT_10,AAGATGTATCGTGTGCTG,8
AGGGTCAGGATCATGTTC,OXT_06,ATCATCATCATCATCATC,7
ACATACTGACAGTGTGTG,OXT_16,ATAAACAGTCTAGCTGTG,8
ACATTGGCCATTCGAGTT,OXT_25,TGCATCGCAACAGCAGTT,10
AGCAAGGGTATTAGTGCA,OXT_01,AGGCTGCGTAAGTCTGCT,9
GGGCGGGAGTGTACAGAG,OXT_02,AGGGGAGCGTGCGGAGGC,9
GAGATCGGAGAGCATGGT,OXT_23,AAGTAGGGACAGAATACG,9
GCTGGCTGTTCACCGAGG,OXT_27,GTAGAATGGGCATCGTCG,9
ACACTCTGGCTGGGTCGA,OXT_16,ATAAACAGTCTAGCTGTG,10
GTAGAGGCGCGATCCTGT,OXT_27,GTAGAATGGGCATCGTCG,8
TCAGGAGCACGCACTGGT,OXT_02,AGGGGAGCGTGCGGAGGC,9
GGGGATACACTAGTTGTG,OXT_07,GTGGGTGCATTTGCTGTA,7
AAGCGGAGGACGGCGATC,OXT_01,AGGCTGCGTAAGTCTGCT,10
GAGGGCGGGAGCAGCTAT,OXT_21,GAGCAACGGGTCAGCATT,8
TCGCAGGCTGGTTAGGTA,OXT_07,GTGGGTGCATTTGCTGTA,11
TCGCCCGCTTAATTGTGG,OXT_09,TGTAGTGCTCGGCTGCCG,11
ACACTTGGCATTGACGGC,OXT_06,ATCATCATCATCATCATC,11
AATGGGACTCGACCCCTT,OXT_08,GACGGCATTCAGGCACGT,9
GCAGGACGTACGCCTGTG,OXT_05,GGCGGACAGACTCTAATG,8
CATGGATAGCGGTGTGAG,OXT_22,ACGGGACCGCAGATCGAG,9
ACGAAGATTCTGAGTGCG,OXT_16,ATAAACAGTCTAGCTGTG,8
ATGGTATGCGGAGCCAGG,OXT_15,AGGGTATAACGTCCTTTG,9
ACGGTTCTTCCGCTGTGT,OXT_22,ACGGGACCGCAGATCGAG,10
GGCACTACTTATAGGTGT,OXT_03,GACTTGGGCTCATGCTGT,11
GACGGTCTCGAGGAATCG,OXT_08,GACGGCATTCAGGCACGT,8
CTGGGGACTGTACCGCTA,OXT_07,GTGGGTGCATTTGCTGTA,9
AGCTAGACGTACAGGCTG,OXT_02,AGGGGAGCGTGCGGAGGC,11
TGTGGGATCGTGCTCTCC,OXT_09,TGTAGTGCTCGGCTGCCG,10
TACGGGCAGATGACGTGT,OXT_08,GACGGCATTCAGGCACGT,10
ACGTGTTGTGTCTGGGCA,OXT_28,AGCGGCGGCGACGGCGAA,10
AGGGCCAAAGCACGGATG,OXT_20,AGGGCCTAGGGATGACGT,8
AGGTAGGTCCTGCCGATG,OXT_23,AAGTAGGGACAGAATACG,8
ATCCATGTCTAGGCGGCT,OXT_01,AGGCTGCGTAAGTCTGCT,10
AAATAGTGGTAAAGCTTA,OXT_03,GACTTGGGCTCATGCTGT,9
ATGACTACACTGTGCTCT,OXT_12,AATACAGCGGTGTTTCTA,11
GCGCTGTACTCATCCGTC,OXT_03,GACTTGGGCTCATGCTGT,9
ACGGTGCTTGACAACGTG,OXT_22,ACGGGACCGCAGATCGAG,8
AACCTGAGTCGTGAGGCT,OXT_10,AAGATGTATCGTGTGCTG,8
GCTGACGCCAGTCCTAGT,OXT_13,TATTACACTAGTGGATGG,10
GACCATGGGACCATCTGG,OXT_03,GACTTGGGCTCATGCTGT,9
GGGACTACGAGAGATTGG,OXT_13,TATTACACTAGTGGATGG,10
AACGTACTGGAGGTATGG,OXT_08,GACGGCATTCAGGCACGT,9
AGGCGTCTATGCTCAGGG,OXT_02,AGGGGAGCGTGCGGAGGC,8
CAAGCAGAAGACTCGAAG,OXT_27,GTAGAATGGGCATCGTCG,10
CAACCTGGTTGACGGTGT,OXT_03,GACTTGGGCTCATGCTGT,9
GCGGGATGAGCTTGTATA,OXT_07,GTGGGTGCATTTGCTGTA,9
AAGCTGCTAGGGAGTCGA,OXT_01,AGGCTGCGTAAGTCTGCT,10
AGACAGGGCTCCGTGCTG,OXT_10,AAGATGTATCGTGTGCTG,10
TGCCGTGGATATATGTTG,OXT_09,TGTAGTGCTCGGCTGCCG,10
ATGGTGACGTTCATCCTG,OXT_06,ATCATCATCATCATCATC,8
GGGCAAATGTGTGACACT,OXT_11,GGGTAAGGGCACAACAGT,8
ACGTCAGGCGCTCAATCA,OXT_17,AGGAACTACGATCGTGAA,11
ACCAAGTCCGTCAGCGTT,OXT_06,ATCATCATCATCATCATC,9
ACTGTATCTCGTAAGGAT,OXT_22,ACGGGACCGCAGATCGAG,9
ACGACGAAGGTGGTACTG,OXT_10,AAGATGTATCGTGTGCTG,8
GACGGCTTTAGCTAAGCT,OXT_08,GACGGCATTCAGGCACGT,8
AAGGGGCCAGAGTCTGTT,OXT_01,AGGCTGCGTAAGTCTGCT,7
GGCGGTTAAGTGCGTCAT,OXT_17,AGGAACTACGATCGTGAA,10
AGTGACGTATGCTGAGTA,OXT_02,AGGGGAGCGTGCGGAGGC,8
CGTTAGCGGTGTACCTAT,OXT_11,GGGTAAGGGCACAACAGT,10
TAAGCTGGACCGTATACT,OXT_23,AAGTAGGGACAGAATACG,8
AGCGAATGATGGGCTAAA,OXT_15,AGGGTATAACGTCCTTTG,9
ATCGGTAGCGGCCCAGCG,OXT_28,AGCGGCGGCGACGGCGAA,9
ACGAGCAGGACGTCATGC,OXT_14,TTGAGCGTAACGACAGTG,9
GCACATCGCTAGGTAACG,OXT_23,AAGTAGGGACAGAATACG,11
AACCGATTGGCCGGACCT,OXT_02,AGGGGAGCGTGCGGAGGC,10
ACGGATCAACGCGACGTG,OXT_15,AGGGTATAACGTCCTTTG,9
AGGCGCTGCGGTGCTATG,OXT_15,AGGGTATAACGTCCTTTG,8
AGGACAGTTCATGCGCGA,OXT_10,AAGATGTATCGTGTGCTG,9
ACGTTTGGCGCTCTCCTG,OXT_10,AAGATGTATCGTGTGCTG,10
ACAACGCGGGCAGTCACT,OXT_24,GGGATTCGGTCATGTCCT,10
ATAACGCTAGGACGTGTG,OXT_16,ATAAACAGTCTAGCTGTG,9
GATGCGTCTTCCTCCATG,OXT_03,GACTTGGGCTCATGCTGT,11
GGGACGACATCAAACACG,OXT_23,AAGTAGGGACAGAATACG,10
ACGGGAAAAGCTACATTG,OXT_15,AGGGTATAACGTCCTTTG,7
AAGCTCTATCCACCGTGT,OXT_10,AAGATGTATCGTGTGCTG,9
AGCCATAGCCACGGTGTG,OXT_16,ATAAACAGTCTAGCTGTG,8
GGCAGCACGAACGAGTGT,OXT_08,GACGGCATTCAGGCACGT,9
CAATGGCCAGGGATATGT,OXT_13,TATTACACTAGTGGATGG,11
CACAGGCTACGACGGTGC,OXT_03,GACTTGGGCTCATGCTGT,11
GAGCTGGAGATGGGATAA,OXT_03,GACTTGGGCTCATGCTGT,11
ATGGACCCGCTCTGTATT,OXT_21,GAGCAACGGGTCAGCATT,8
GCGTAGAGGGCGAGTGTT,OXT_21,GAGCAACGGGTCAGCATT,8
GGAGCACCAACAGCCTGT,OXT_25,TGCATCGCAACAGCAGTT,9
AGCTTGGTACTGAGTTCG,OXT_23,AAGTAGGGACAGAATACG,7
GCCAGTGCTGATTGTGTG,OXT_07,GTGGGTGCATTTGCTGTA,9
AAGGCGGAAATAGACTGG,OXT_23,AAGTAGGGACAGAATACG,10
CATGCACGTAAGCGGTGG,OXT_13,TATTACACTAGTGGATGG,10
CGATGACATTACAGCGGG,OXT_02,AGGGGAGCGTGCGGAGGC,10
ATGCGCTGGTGCATCCTG,OXT_06,ATCATCATCATCATCATC,10
GACCTGTAGTCGTACGAG,OXT_03,GACTTGGGCTCATGCTGT,9
GCTGAGACTGGAGTAGCT,OXT_13,TATTACACTAGTGGATGG,10
AGGGTACTCATGCGGCAG,OXT_26,GGGGCATTCACTGAGCTG,8
CAACCGGTAACAGGTGTG,OXT_14,TTGAGCGTAACGACAGTG,10
GCCTTGGTACTGTCTGTG,OXT_04,TAGACAGGGCTGACTGTG,9
ACGTGTGCTAGAGCTCAG,OXT_07,GTGGGTGCATTTGCTGTA,10
GCTGGGAGTTGAACGTTA,OXT_07,GTGGGTGCATTTGCTGTA,11
CGGGGTCACTTGCTCAGG,OXT_05,GGCGGACAGACTCTAATG,9
AGGTGCTATGGCGTGATG,OXT_10,AAGATGTATCGTGTGCTG,7
AACTTGGTGTGCCGAGTT,OXT_02,AGGGGAGCGTGCGGAGGC,9
GGCTGCTGTGGCCCGCTG,OXT_09,TGTAGTGCTCGGCTGCCG,10
ATGCGGCGACGAGCATGG,OXT_15,AGGGTATAACGTCCTTTG,10
ACGTTGGAAAAGCGTATG,OXT_23,AAGTAGGGACAGAATACG,7
AGATCAGCAGACACCGTG,OXT_04,TAGACAGGGCTGACTGTG,10
ACGGGGAAACTGTATCTA,OXT_07,GTGGGTGCATTTGCTGTA,10
AGACGGCAGGCATCTTGA,OXT_01,AGGCTGCGTAAGTCTGCT,10
GTGGATAGATTCGTGCGG,OXT_07,GTGGGTGCATTTGCTGTA,9
GGCGGCTGTTCTACTCAT,OXT_08,GACGGCATTCAGGCACGT,9
GGACAACGGGCAGGTGAT,OXT_21,GAGCAACGGGTCAGCATT,8
ACGGGCTGACGTTCTAAT,OXT_15,AGGGTATAACGTCCTTTG,8
ACAGACCGTCATGCTGGA,OXT_16,ATAAACAGTCTAGCTGTG,7
AACCAGGAACCGCACGTG,OXT_23,AAGTAGGGACAGAATACG,8
GGGCACTTACTAGAGTAA,OXT_26,GGGGCATTCACTGAGCTG,10
TGGTGGTTAATCCAAACG,OXT_18,TAACGGGTTATCCATAAT,8
AGGGCTCCAATGCATTTG,OXT_15,AGGGTATAACGTCCTTTG,8
TAGCTAAGTGCTCCAGAT,OXT_01,AGGCTGCGTAAGTCTGCT,10
GCTCTCGATTGCCTATGT,OXT_03,GACTTGGGCTCATGCTGT,11
AACCACGGCTTAGGGTCG,OXT_03,GACTTGGGCTCATGCTGT,9
AGGATGGACCACATACGA,OXT_10,AAGATGTATCGTGTGCTG,9
GAAGGACGTAGGCATAGG,OXT_05,GGCGGACAGACTCTAATG,9
GCGCTCTGGCTACTTCAG,OXT_24,GGGATTCGGTCATGTCCT,10
AACACGATACATTTTGCT,OXT_01,AGGCTGCGTAAGTCTGCT,10
ACCGAGTGTTCTGAGTGT,OXT_03,GACTTGGGCTCATGCTGT,10
GGCGAGGGAGCGATATCA,OXT_23,AAGTAGGGACAGAATACG,10
GACCGGCGGACGATCGTA,OXT_05,GGCGGACAGACTCTAATG,9
GCCAGGCTTGTGTTAGTG,OXT_05,GGCGGACAGACTCTAATG,10
GGCGCAGTATGGGTCAGT,OXT_02,AGGGGAGCGTGCGGAGGC,10
GGACACAGTAACGAGGTG,OXT_16,ATAAACAGTCTAGCTGTG,8
GCTAAAGCTAGACGTTAT,OXT_13,TATTACACTAGTGGATGG,10
GGGAGAAACAGCGGGTAG,OXT_26,GGGGCATTCACTGAGCTG,9
ATAGACCATGACGTGGCC,OXT_16,ATAAACAGTCTAGCTGTG,10
GCAGAACGAGTGTGGCTG,OXT_27,GTAGAATGGGCATCGTCG,8
GATCCTGTATTGTTGTCG,OXT_09,TGTAGTGCTCGGCTGCCG,10
GTGCGTTGTATCATCCGA,OXT_21,GAGCAACGGGTCAGCATT,10
ACAGTGTCGTGTTCATCG,OXT_15,AGGGTATAACGTCCTTTG,9
CTCCAGATTGCGTACGTG,OXT_14,TTGAGCGTAACGACAGTG,11
ACCTCGGTGGATTTGCCA,OXT_12,AATACAGCGGTGTTTCTA,9
GACGGCAAGTTGGGCATC,OXT_08,GACGGCATTCAGGCACGT,9
CTGGGGTCTAAGACGTGA,OXT_01,AGGCTGCGTAAGTCTGCT,11
AGTCATGGTACCGCGTTG,OXT_16,ATAAACAGTCTAGCTGTG,10
TCCGGCATTGCGACATAG,OXT_08,GACGGCATTCAGGCACGT,8
TAGGGATCCATGGACGGC,OXT_02,AGGGGAGCGTGCGGAGGC,9
GGAGAGTGACTAATCGTG,OXT_16,ATAAACAGTCTAGCTGTG,9
GGCAAGCAGATAACGCGA,OXT_05,GGCGGACAGACTCTAATG,11
CACGGTCTCTGGTGGTAC,OXT_03,GACTTGGGCTCATGCTGT,11
GCTGGGATAGAGGTGCAT,OXT_08,GACGGCATTCAGGCACGT,8
TAACGGTGCACTTATCAA,OXT_18,TAACGGGTTATCCATAAT,8
TTACGTAAGACGGGATCT,OXT_13,TATTACACTAGTGGATGG,11
GGCAAGGGACCTGTGTGC,OXT_03,GACTTGGGCTCATGCTGT,10
TGGTAGGAACACGGCGCG,OXT_23,AAGTAGGGACAGAATACG,8
GGCCGTGTTGGAAGGCTG,OXT_09,TGTAGTGCTCGGCTGCCG,9
CACGTGAGAGACGCGATG,OXT_08,GACGGCATTCAGGCACGT,11
AGCGGCACACACTAGTCG,OXT_28,AGCGGCGGCGACGGCGAA,10
GTGTCCGATCGGGCACGA,OXT_08,GACGGCATTCAGGCACGT,8
GTAATGCGACGCGGTGTC,OXT_16,ATAAACAGTCTAGCTGTG,9
GACGGAGAGTACGTGAGA,OXT_02,AGGGGAGCGTGCGGAGGC,9
AGACATAGCTGTACGTGT,OXT_01,AGGCTGCGTAAGTCTGCT,12
GTCCATAACTTCCGTGCA,OXT_07,GTGGGTGCATTTGCTGTA,10
CACGGGAAGCACGCTAGG,OXT_08,GACGGCATTCAGGCACGT,8
TCCGGTGGACACGCTTAA,OXT_28,AGCGGCGGCGACGGCGAA,8
GGAGGTGTCCTGCGCTTA,OXT_07,GTGGGTGCATTTGCTGTA,10
CGTATGTCCCACTTGGTG,OXT_10,AAGATGTATCGTGTGCTG,9
ACAACTCAGTGCTGTCCG,OXT_24,GGGATTCGGTCATGTCCT,8
TAGCGTGACACGTGCGTT,OXT_14,TTGAGCGTAACGACAGTG,9
GGTGGTAGAAAGCGCTAG,OXT_28,AGCGGCGGCGACGGCGAA,10
GCACTGGAGACTGCTCGA,OXT_07,GTGGGTGCATTTGCTGTA,11
TGCGGTACTACACAGACT,OXT_09,TGTAGTGCTCGGCTGCCG,9
AATGATTCCGCTCAAGTT,OXT_17,AGGAACTACGATCGTGAA,10
AGGTGCAAGACAGGGTGG,OXT_13,TATTACACTAGTGGATGG,9
TGGGCACGTTCAGCTGCT,OXT_01,AGGCTGCGTAAGTCTGCT,8
ATCAAGCGATTGGCGTGG,OXT_16,ATAAACAGTCTAGCTGTG,9
GGATGAGGCCATACGTGC,OXT_11,GGGTAAGGGCACAACAGT,8
TCGGAAGGGAGTCGCGCG,OXT_02,AGGGGAGCGTGCGGAGGC,10
AGGTTCGCTGCCTATGCT,OXT_01,AGGCTGCGTAAGTCTGCT,8
TGGATCACGTATCCGATG,OXT_15,AGGGTATAACGTCCTTTG,10
TTGGCAGGGTTACGGCGG,OXT_04,TAGACAGGGCTGACTGTG,9
GGCTGGACACACAGAATG,OXT_05,GGCGGACAGACTCTAATG,10
TATGCGGTGAGTGTGATC,OXT_10,AAGATGTATCGTGTGCTG,10
AACACGATGGCTATGGTG,OXT_10,AAGATGTATCGTGTGCTG,9
TGCAGAGTAGGGCATCCT,OXT_09,TGTAGTGCTCGGCTGCCG,8
GCGGTACAATCACGCATG,OXT_05,GGCGGACAGACTCTAATG,8
ACGCTTGATGGAGAGTGC,OXT_10,AAGATGTATCGTGTGCTG,10
TGCGGCTCTATGGACTGT,OXT_08,GACGGCATTCAGGCACGT,9
TGGGTACAGGTTATATGG,OXT_05,GGCGGACAGACTCTAATG,8
ATGCGGCTAGTTAATTGC,OXT_07,GTGGGTGCATTTGCTGTA,11
CCGGGCATCAGACTGTGA,OXT_06,ATCATCATCATCATCATC,12
TTGGTGTACAGCTGGTAT,OXT_20,AGGGCCTAGGGATGACGT,10
ACACGACGTTAGCCCGAT,OXT_01,AGGCTGCGTAAGTCTGCT,8
GACGAAGGCAACATGTCG,OXT_27,GTAGAATGGGCATCGTCG,9
AGCGGGCAATCGGTGCGT,OXT_05,GGCGGACAGACTCTAATG,10
GCGGGCTCAACGACTGCA,OXT_07,GTGGGTGCATTTGCTGTA,8
GATACTAGGGGCCTGGAT,OXT_09,TGTAGTGCTCGGCTGCCG,11
GTAGGATGTCGGATGCTG,OXT_09,TGTAGTGCTCGGCTGCCG,9
ACGGTGAGCAGGACCGGA,OXT_01,AGGCTGCGTAAGTCTGCT,9
GATGGAAGCCGAAGAGGG,OXT_02,AGGGGAGCGTGCGGAGGC,10
GGCACACGCAGTCAGAAG,OXT_05,GGCGGACAGACTCTAATG,8
GATGACGCCTACTCTTTG,OXT_07,GTGGGTGCATTTGCTGTA,10
AGTACCAGTGCTTGTATG,OXT_16,ATAAACAGTCTAGCTGTG,9
CATGGAACCTTTGACGTG,OXT_07,GTGGGTGCATTTGCTGTA,9
GGAGTGTAGGATCTTATG,OXT_05,GGCGGACAGACTCTAATG,7
AGGGCAGATGAATCGACA,OXT_20,AGGGCCTAGGGATGACGT,9
TCACGAGAGCGGCCCGTG,OXT_04,TAGACAGGGCTGACTGTG,8
AGGCGACGACAGGATGTG,OXT_01,AGGCTGCGTAAGTCTGCT,8
AGACAGCGTCTGAAGTTG,OXT_16,ATAAACAGTCTAGCTGTG,9
GATGCCATCGTGCGTTCT,OXT_08,GACGGCATTCAGGCACGT,10
ATTGTTGTCCTAAGTGCG,OXT_16,ATAAACAGTCTAGCTGTG,10
ACACCGAGTGTGGAGTAG,OXT_16,ATAAACAGTCTAGCTGTG,10
GCCTGACTCAAGACGATG,OXT_05,GGCGGACAGACTCTAATG,9
TCTGGGCTTATAGGATGG,OXT_13,TATTACACTAGTGGATGG,8
ACATGGGTAAACATAACT,OXT_18,TAACGGGTTATCCATAAT,9
TGCGGAGGACCATCTGCA,OXT_25,TGCATCGCAACAGCAGTT,9
TTATGGAGCACGGCTTTT,OXT_14,TTGAGCGTAACGACAGTG,10
GGATCGTTCAGATACTAG,OXT_26,GGGGCATTCACTGAGCTG,9
TCTCGTGTTGGCAGCCGG,OXT_09,TGTAGTGCTCGGCTGCCG,9
TTATAGCGTGGAGTTATT,OXT_16,ATAAACAGTCTAGCTGTG,9
GTAGCAGAGTGCGGGATG,OXT_02,AGGGGAGCGTGCGGAGGC,9
ACTGTGCAGTCCGTAGCT,OXT_02,AGGGGAGCGTGCGGAGGC,10
AGACGGCAATCGGTCTTG,OXT_05,GGCGGACAGACTCTAATG,10
ATTGTGCTACCAAATGGA,OXT_23,AAGTAGGGACAGAATACG,11
TGTGGGAACGATACCATT,OXT_05,GGCGGACAGACTCTAATG,11
GCCGTGTGATCCGTGTAT,OXT_03,GACTTGGGCTCATGCTGT,9
ACATGGTGGTACCAGTAG,OXT_18,TAACGGGTTATCCATAAT,11
TCGGCTCATGTAGACGTG,OXT_04,TAGACAGGGCTGACTGTG,11
GGCACACGTTCACAGGCG,OXT_24,GGGATTCGGTCATGTCCT,9
GTATGACGCTGAGTGGCT,OXT_27,GTAGAATGGGCATCGTCG,10
ATGGCGCGTGAGTCCCAA,OXT_01,AGGCTGCGTAAGTCTGCT,8
ACGGATCGGATAGCTTGG,OXT_16,ATAAACAGTCTAGCTGTG,9
TGGGGCAGACAATGCGGT,OXT_20,AGGGCCTAGGGATGACGT,9
GGCATACACACGTTGTTT,OXT_05,GGCGGACAGACTCTAATG,8
GACGGTTCGACGTGTGTG,OXT_05,GGCGGACAGACTCTAATG,9
ACTGCAGGGAGCTACGTA,OXT_12,AATACAGCGGTGTTTCTA,9
GGCTAGGGAAATAAGGTG,OXT_23,AAGTAGGGACAGAATACG,8
ACTCATCGTAGACATGCG,OXT_01,AGGCTGCGTAAGTCTGCT,9
GGAGGCGTAGCGACATTA,OXT_14,TTGAGCGTAACGACAGTG,7
GGACCCCAGCTGCCGTGT,OXT_29,CCCCCCCCCCCCCCGCCC,10
TACGGCATGTAGGTTCGT,OXT_08,GACGGCATTCAGGCACGT,5
ATGCAGTGGTTTAGCGGT,OXT_21,GAGCAACGGGTCAGCATT,8
AGCGTCCCATTGTGGTGT,OXT_03,GACTTGGGCTCATGCTGT,10
TTGGACGTATAGGCCGTG,OXT_14,TTGAGCGTAACGACAGTG,6
TGCATGATGTCGAGGCAT,OXT_24,GGGATTCGGTCATGTCCT,9
AGGCGGAAGACGGTGAGT,OXT_01,AGGCTGCGTAAGTCTGCT,10
ATGCTAGGGCCGTTCTCA,OXT_01,AGGCTGCGTAAGTCTGCT,10
GGCTCACTCATACACGAT,OXT_26,GGGGCATTCACTGAGCTG,10
ACTAGAGCTTGACTGTGC,OXT_09,TGTAGTGCTCGGCTGCCG,8
ACCGGGATCGACTGAGTG,OXT_28,AGCGGCGGCGACGGCGAA,8
TCATGGCGCTAATAAGGT,OXT_03,GACTTGGGCTCATGCTGT,9
GGTAGTACGGGATGGTGA,OXT_09,TGTAGTGCTCGGCTGCCG,10
GGAGGAGATCAGGATATG,OXT_05,GGCGGACAGACTCTAATG,9
AGGATGATGATGGCCTGA,OXT_01,AGGCTGCGTAAGTCTGCT,10
GGCGATCATGTGCTTAGT,OXT_05,GGCGGACAGACTCTAATG,9
GAGCGGTTATGCGGCTAT,OXT_03,GACTTGGGCTCATGCTGT,10
ACGTGTGTGATGCTAGCG,OXT_14,TTGAGCGTAACGACAGTG,9
GCACAAACAGTGTGGGAT,OXT_21,GAGCAACGGGTCAGCATT,10
TGCGGTAGGAAAGGCGCG,OXT_28,AGCGGCGGCGACGGCGAA,8
ATGGCGTATGTGCATCCT,OXT_20,AGGGCCTAGGGATGACGT,9
GGCACTAGAGTCACGGGA,OXT_04,TAGACAGGGCTGACTGTG,11
AATCGATTTCGCTCTTAA,OXT_15,AGGGTATAACGTCCTTTG,10
ACAGGACGTGTGACTGTG,OXT_04,TAGACAGGGCTGACTGTG,8
GGCCTGGGAGAAGGAGGT,OXT_03,GACTTGGGCTCATGCTGT,8
ATGACACGGCCATGACAT,OXT_24,GGGATTCGGTCATGTCCT,7
GGCAGCAAGGGTGCGGTA,OXT_05,GGCGGACAGACTCTAATG,10
AGTAGATTGGTACCGTAG,OXT_27,GTAGAATGGGCATCGTCG,9
AACGGCGTCTGTTAATGT,OXT_03,GACTTGGGCTCATGCTGT,9
TGTAACGTCCGACGCGTA,OXT_17,AGGAACTACGATCGTGAA,9
GCGGTATGGTGAAGACAG,OXT_20,AGGGCCTAGGGATGACGT,9
TCGGGTTGCAAATCTTGG,OXT_27,GTAGAATGGGCATCGTCG,10
AGAGACCGTGTACGCATG,OXT_16,ATAAACAGTCTAGCTGTG,8
CATGAGGTATCGGCGCGG,OXT_08,GACGGCATTCAGGCACGT,10
GCTGGGACCTGTGTCGAG,OXT_22,ACGGGACCGCAGATCGAG,9
GCTTACACTGGGCAATTT,OXT_13,TATTACACTAGTGGATGG,8
GGGAACGTCGCTGCATTG,OXT_14,TTGAGCGTAACGACAGTG,8
AGGGCTCACAGTGTACCT,OXT_20,AGGGCCTAGGGATGACGT,8
ACGGGCCAACGCAATCAT,OXT_22,ACGGGACCGCAGATCGAG,9
GAGTATGGATCACGCCTG,OXT_03,GACTTGGGCTCATGCTGT,8
ATGTTACAGTTAGAGTGT,OXT_02,AGGGGAGCGTGCGGAGGC,11
CATCGTGGGTTATCGCCT,OXT_24,GGGATTCGGTCATGTCCT,9
GTGGTATCACGCATTCAG,OXT_15,AGGGTATAACGTCCTTTG,8
GGGTAAGGATACGTTGCG,OXT_11,GGGTAAGGGCACAACAGT,8
TGCAATCAGAAGCTCCGG,OXT_05,GGCGGACAGACTCTAATG,9
AACACGGACCTAGTGACG,OXT_10,AAGATGTATCGTGTGCTG,8
GAGCCGGCATAAGGTGAT,OXT_07,GTGGGTGCATTTGCTGTA,9
AGGCCATGTAGTCAGCCG,OXT_26,GGGGCATTCACTGAGCTG,7
GGTGCATCGCATCGGCAT,OXT_26,GGGGCATTCACTGAGCTG,9
GGGCAGTATGAGTGTCCG,OXT_01,AGGCTGCGTAAGTCTGCT,8
ACACCACGTTGTCTGGCT,OXT_01,AGGCTGCGTAAGTCTGCT,10
ACCGGTGATAGTGGCGAG,OXT_28,AGCGGCGGCGACGGCGAA,8
ACGGTATGGTGTCCTGTT,OXT_15,AGGGTATAACGTCCTTTG,6
CAGTGGTAGATTGCGATG,OXT_10,AAGATGTATCGTGTGCTG,8
GGTAGGTAACAGACGGCA,OXT_09,TGTAGTGCTCGGCTGCCG,10
TTGCTCACGCCTGAAGGA,OXT_13,TATTACACTAGTGGATGG,10
ACCGAGAGGCCGACTGTT,OXT_04,TAGACAGGGCTGACTGTG,9
GGGCCAACACCGAGTGCA,OXT_04,TAGACAGGGCTGACTGTG,10
GGCATAGGGCGACGAATG,OXT_05,GGCGGACAGACTCTAATG,8
AGGGGACGTCGAGGTGGA,OXT_02,AGGGGAGCGTGCGGAGGC,7
ACCAAGAAAGGTACGTGG,OXT_10,AAGATGTATCGTGTGCTG,10
TGCGAATGTGACGATTGG,OXT_11,GGGTAAGGGCACAACAGT,10
ATAGGTCATCGCTGGATT,OXT_10,AAGATGTATCGTGTGCTG,11
ACAGCGGTCGACACAAAG,OXT_28,AGCGGCGGCGACGGCGAA,10
GGAGCCGATGGAGGTGAT,OXT_20,AGGGCCTAGGGATGACGT,8
GGGGACGCGGTTCCTGGT,OXT_07,GTGGGTGCATTTGCTGTA,8
TAGTGGCGATACTTTTGG,OXT_23,AAGTAGGGACAGAATACG,9
GGCTAGTGATACCATGCG,OXT_23,AAGTAGGGACAGAATACG,8
GTACAACTAGGATACGTG,OXT_27,GTAGAATGGGCATCGTCG,9
ACTGGTGGTTTACGACGG,OXT_02,AGGGGAGCGTGCGGAGGC,10
AACGGGTTACTCCGTCTG,OXT_15,AGGGTATAACGTCCTTTG,9
AAGGAGGGTATGATGCGG,OXT_23,AAGTAGGGACAGAATACG,8
GGGGAGGAGTAGGAGCGG,OXT_11,GGGTAAGGGCACAACAGT,9
GTAGCCTCTTGAGTGCTG,OXT_10,AAGATGTATCGTGTGCTG,9
AGACTATGCAGGAGGAGG,OXT_01,AGGCTGCGTAAGTCTGCT,11
ACAGCGTCTCTGCCTGTG,OXT_16,ATAAACAGTCTAGCTGTG,8
GGGTAATACGTCTTGCTC,OXT_26,GGGGCATTCACTGAGCTG,9
GGGACCAATGACGAGAAG,OXT_17,AGGAACTACGATCGTGAA,10
TCGCGTCGACAGTATGGG,OXT_01,AGGCTGCGTAAGTCTGCT,9
GGAACTCAAGCTGCTCGG,OXT_24,GGGATTCGGTCATGTCCT,10
GGGACACGTAGAGTTCCT,OXT_24,GGGATTCGGTCATGTCCT,7
AAGGCAATTAATCCGGCA,OXT_01,AGGCTGCGTAAGTCTGCT,10
TACGATGCGATGGCGTGG,OXT_13,TATTACACTAGTGGATGG,9
GCGGGCCTCAAAATGACG,OXT_22,ACGGGACCGCAGATCGAG,9
AGCGGTACAAAGGAAGGA,OXT_02,AGGGGAGCGTGCGGAGGC,9
CAGCCGCGTGTAGTAGTG,OXT_04,TAGACAGGGCTGACTGTG,10
ATGAGCCAGGGACAGGAT,OXT_17,AGGAACTACGATCGTGAA,9
ACCGTTCCTGACGTGATG,OXT_10,AAGATGTATCGTGTGCTG,10
AGCTGGCGGCGCAGTAAA,OXT_28,AGCGGCGGCGACGGCGAA,9
AAGTTTCATACAGGGTGT,OXT_03,GACTTGGGCTCATGCTGT,9
GTGGGGATAGGCGTCGCT,OXT_07,GTGGGTGCATTTGCTGTA,10
GGGCACATACCGGACCTA,OXT_26,GGGGCATTCACTGAGCTG,9
ACCACGTCCCATGGGTGG,OXT_10,AAGATGTATCGTGTGCTG,9
GGTAGGAATGGGACGGTG,OXT_09,TGTAGTGCTCGGCTGCCG,9
AGGGCAAGCATCACGGAT,OXT_01,AGGCTGCGTAAGTCTGCT,10
ATCGGGCATTAACTCGAA,OXT_22,ACGGGACCGCAGATCGAG,9
CAGGTAAACCAGACGCGT,OXT_08,GACGGCATTCAGGCACGT,8
GGGCACGCGACTCATATA,OXT_05,GGCGGACAGACTCTAATG,9
GTGGCCCATTCATAGCGA,OXT_20,AGGGCCTAGGGATGACGT,9
CCGTGGGTAAGTTGCGAA,OXT_07,GTGGGTGCATTTGCTGTA,11
GGGCAGAGTATGTCTTAA,OXT_01,AGGCTGCGTAAGTCTGCT,7
AAGGGGTGGGAGCAGGCG,OXT_23,AAGTAGGGACAGAATACG,8
AACGGTCAGAACAGTTGT,OXT_02,AGGGGAGCGTGCGGAGGC,11
ACGTGCAACAAAGGGTGG,OXT_13,TATTACACTAGTGGATGG,9
GACAACAACGAGGACGCG,OXT_08,GACGGCATTCAGGCACGT,10
AGAGGTCACCATTCGTCG,OXT_15,AGGGTATAACGTCCTTTG,9
AAGCAAGATAGGCATACT,OXT_18,TAACGGGTTATCCATAAT,8
AGGAACCGTAGTGATCTT,OXT_01,AGGCTGCGTAAGTCTGCT,9
GCAAGATTCGACCGGCTA,OXT_17,AGGAACTACGATCGTGAA,10
ACTGGGACAAGTTCATGG,OXT_13,TATTACACTAGTGGATGG,8
CTACCGGACCACATGGCA,OXT_29,CCCCCCCCCCCCCCGCCC,10
GCTGGTGACGACCGGATG,OXT_05,GGCGGACAGACTCTAATG,10
ACTACCAGAGACGCCATA,OXT_28,AGCGGCGGCGACGGCGAA,9
TTCCCATACCAATACGTT,OXT_03,GACTTGGGCTCATGCTGT,12
TGGGCTAGTGCGGATGCG,OXT_01,AGGCTGCGTAAGTCTGCT,10
ATTCGCGGACGAATTGCT,OXT_16,ATAAACAGTCTAGCTGTG,10
ATAGTGCCTGAGGATGTG,OXT_01,AGGCTGCGTAAGTCTGCT,9
GCAGGGAGAGGGACGAGA,OXT_08,GACGGCATTCAGGCACGT,11
AGTACATGCCACCCGTTG,OXT_15,AGGGTATAACGTCCTTTG,8
TGGGCATGACCTACTAGT,OXT_15,AGGGTATAACGTCCTTTG,8
GGGATTCGCGCGACACTT,OXT_24,GGGATTCGGTCATGTCCT,7
AGCCGGCGTAGGTGTACA,OXT_01,AGGCTGCGTAAGTCTGCT,6
AAAGTGCTCAAACGGGCT,OXT_01,AGGCTGCGTAAGTCTGCT,9
AACACAAGTGCGCGAGCT,OXT_01,AGGCTGCGTAAGTCTGCT,11
ATCGGTTTTCCCGTAGCT,OXT_08,GACGGCATTCAGGCACGT,9
GTGGACCCCGTTCTGGTC,OXT_07,GTGGGTGCATTTGCTGTA,9
GAACGTACGTATGATGCG,OXT_07,GTGGGTGCATTTGCTGTA,9
GCGGGCAGAATAGCGCAT,OXT_08,GACGGCATTCAGGCACGT,9
AGCGTCATCAAGCGAAGA,OXT_06,ATCATCATCATCATCATC,9
ACACGTCGCTTACGGTAT,OXT_03,GACTTGGGCTCATGCTGT,11
AGTGCGACGGAATGGTGA,OXT_20,AGGGCCTAGGGATGACGT,8
ACGGCTGGTAAGTACTTA,OXT_01,AGGCTGCGTAAGTCTGCT,10
ACAGGTGTGAAGTAGTCG,OXT_22,ACGGGACCGCAGATCGAG,10
GATGCCATAAGTCGCTTC,OXT_13,TATTACACTAGTGGATGG,9
TCAGGCAATTTGGGCCGG,OXT_08,GACGGCATTCAGGCACGT,9
GTTAGGGCCCCATGGAGA,OXT_03,GACTTGGGCTCATGCTGT,9
CGAAAGGAGGGAACGTCG,OXT_27,GTAGAATGGGCATCGTCG,8
ACCAGTCAGGAGGGTGTT,OXT_17,AGGAACTACGATCGTGAA,10
ACCGAGGAACAAGAGTGC,OXT_23,AAGTAGGGACAGAATACG,10
GACACGTAATGTAATGCT,OXT_10,AAGATGTATCGTGTGCTG,11
GCGGGCAGTATAGAGGCG,OXT_16,ATAAACAGTCTAGCTGTG,9
TCACACGGGGACAACCGC,OXT_11,GGGTAAGGGCACAACAGT,8
AACGAGTTATCTCCGTGA,OXT_15,AGGGTATAACGTCCTTTG,10
TACCGCGGCGTGTAGAAG,OXT_18,TAACGGGTTATCCATAAT,9
AACTCGCACGACGTATGT,OXT_03,GACTTGGGCTCATGCTGT,10
GATAACACAGATACGGTG,OXT_13,TATTACACTAGTGGATGG,10
GCGGGTAAAGGGTGGCAG,OXT_20,AGGGCCTAGGGATGACGT,10
ACCATGGGCATCGGGACG,OXT_06,ATCATCATCATCATCATC,9
ATGCCGATCCCTGACTGG,OXT_26,GGGGCATTCACTGAGCTG,9
AGAGGAGTGGAGAGTTGT,OXT_02,AGGGGAGCGTGCGGAGGC,9
GATCCGGGAACCAGTAAG,OXT_18,TAACGGGTTATCCATAAT,9
CGCCATACGAGTTCATCT,OXT_13,TATTACACTAGTGGATGG,10
GAGGCGTACAACGTTGCG,OXT_26,GGGGCATTCACTGAGCTG,9
AAGCGGAATAGACGGCGA,OXT_10,AAGATGTATCGTGTGCTG,9
GACGTCTTGTGTGCACTG,OXT_08,GACGGCATTCAGGCACGT,8
GGGACCTGAGGATGACGT,OXT_20,AGGGCCTAGGGATGACGT,4
TCCAGGGGTCAAGCCGGT,OXT_08,GACGGCATTCAGGCACGT,9
GATCAATTTGGGACACTG,OXT_08,GACGGCATTCAGGCACGT,10
AAGCCTCCTGGAGTCCTG,OXT_10,AAGATGTATCGTGTGCTG,8
AGTGGTCACAGGATGGTA,OXT_05,GGCGGACAGACTCTAATG,10
ACATTCACATCGAGTCGG,OXT_13,TATTACACTAGTGGATGG,11
GGGTTATGTATGCGGTCG,OXT_01,AGGCTGCGTAAGTCTGCT,10
ACGTGGGTAGTCCAGCAA,OXT_18,TAACGGGTTATCCATAAT,9
ATGGTATGACCGCCGGTG,OXT_15,AGGGTATAACGTCCTTTG,6
AGGGTCTGAACTCCTACT,OXT_15,AGGGTATAACGTCCTTTG,7
GTGCGACCTTAAGTGTGT,OXT_02,AGGGGAGCGTGCGGAGGC,11
GGGGCGCTTGTATCCTTG,OXT_26,GGGGCATTCACTGAGCTG,10
CAACAATAAGCTGACGTG,OXT_26,GGGGCATTCACTGAGCTG,10
GCGAATCCGAATCCAGGA,OXT_07,GTGGGTGCATTTGCTGTA,10
TGGGCTACTCTCGATACT,OXT_18,TAACGGGTTATCCATAAT,10
AGCAGACGGCAACAATGG,OXT_05,GGCGGACAGACTCTAATG,9
ATACGAGGACGCGATATG,OXT_16,ATAAACAGTCTAGCTGTG,9
AAGGCAAATCAAACCGAT,OXT_22,ACGGGACCGCAGATCGAG,8
CAAGATCAGCCAGTGCAA,OXT_10,AAGATGTATCGTGTGCTG,11
CTGGGACGAGTCGGAGCG,OXT_02,AGGGGAGCGTGCGGAGGC,9
AAGCATACCTGTCTAATG,OXT_10,AAGATGTATCGTGTGCTG,10
AGCGGTATGGTAGCCGTT,OXT_28,AGCGGCGGCGACGGCGAA,9
GTCGCCGTATCAACTGGT,OXT_07,GTGGGTGCATTTGCTGTA,9
GTGGGTACACCGAACACA,OXT_07,GTGGGTGCATTTGCTGTA,9
ATTGCAGCTACAGCGGTG,OXT_16,ATAAACAGTCTAGCTGTG,9
GGAGGACTGGGAAGTGTG,OXT_05,GGCGGACAGACTCTAATG,9
GACAGTCACGACGAGTCG,OXT_28,AGCGGCGGCGACGGCGAA,11
ATGATCGCCTGGTGTAAT,OXT_17,AGGAACTACGATCGTGAA,10
GCATAGGTGATTGACGCG,OXT_11,GGGTAAGGGCACAACAGT,11
GTGCACGATGACATGGCT,OXT_11,GGGTAAGGGCACAACAGT,10
GGGACGACAGGACCCGCG,OXT_09,TGTAGTGCTCGGCTGCCG,11
AGGTAGTAGCATGCCGCA,OXT_17,AGGAACTACGATCGTGAA,8
ATGTACGTGGCACTTCTG,OXT_12,AATACAGCGGTGTTTCTA,10
GCAGGATTCGAGCATGTG,OXT_26,GGGGCATTCACTGAGCTG,9
AGACGGGTGCCCGGCTAA,OXT_28,AGCGGCGGCGACGGCGAA,8
GCTCGCACTAAGTATCGG,OXT_08,GACGGCATTCAGGCACGT,9
AGTACTCCTCTCCATTGG,OXT_09,TGTAGTGCTCGGCTGCCG,9
TAGAGGTTACACAACGTT,OXT_14,TTGAGCGTAACGACAGTG,9
GCGGAGACACTATGCAGG,OXT_03,GACTTGGGCTCATGCTGT,11
GGCATTACGTGACAGGCA,OXT_24,GGGATTCGGTCATGTCCT,9
ACCGCCGTGTCAACCGAT,OXT_22,ACGGGACCGCAGATCGAG,10
GGGACAGTTGATGACTCG,OXT_26,GGGGCATTCACTGAGCTG,8
TCGCAGAGAGGTCGAGTC,OXT_13,TATTACACTAGTGGATGG,11
GCGGTCAAGAAACTATCA,OXT_05,GGCGGACAGACTCTAATG,10
ACGCCAAGCACATGACGG,OXT_20,AGGGCCTAGGGATGACGT,9
AACTTCATGTGCTATCCT,OXT_24,GGGATTCGGTCATGTCCT,10
AGGCCTGTAAGGTACGAG,OXT_01,AGGCTGCGTAAGTCTGCT,10
AACGGCCAACAGTGTGTG,OXT_22,ACGGGACCGCAGATCGAG,9
AGGGAGGAGTACCCGGAG,OXT_02,AGGGGAGCGTGCGGAGGC,9
ACCTGGAGGGAATGTCAT,OXT_03,GACTTGGGCTCATGCTGT,10
ATGTCCCGTTGCCCACAA,OXT_19,CCCCCCCCCCCCCCCCCC,11
GGCAGGGACCTCACTCCG,OXT_04,TAGACAGGGCTGACTGTG,10
AGGGTAACAATACGACAT,OXT_20,AGGGCCTAGGGATGACGT,9
AGGACTGAACGTGATCCT,OXT_10,AAGATGTATCGTGTGCTG,9
TAACGGACGTAGTTCGCG,OXT_22,ACGGGACCGCAGATCGAG,9
GCAGAGAACAATATGTGG,OXT_05,GGCGGACAGACTCTAATG,11
TAGGATGCGTCCGTAGTG,OXT_02,AGGGGAGCGTGCGGAGGC,8
AGCAAGGACACGTAGCGG,OXT_26,GGGGCATTCACTGAGCTG,10
CACGGTGTTCGACCAGTA,OXT_08,GACGGCATTCAGGCACGT,9
GGAGACGGAAAGGAGCTA,OXT_26,GGGGCATTCACTGAGCTG,9
GAAGGTCTCCGATATGCG,OXT_24,GGGATTCGGTCATGTCCT,11
TAGGCGACAAAAGTGGTC,OXT_25,TGCATCGCAACAGCAGTT,10
CGAGATGTTCAGACCCGG,OXT_08,GACGGCATTCAGGCACGT,9
TGCGGGCTCATGATGGCA,OXT_01,AGGCTGCGTAAGTCTGCT,11
ACTAGGGGAGAGGTGCGG,OXT_09,TGTAGTGCTCGGCTGCCG,9
GGGCCGCTCGACGTAATA,OXT_21,GAGCAACGGGTCAGCATT,10
TTTCGGGACGAAAGCCTG,OXT_14,TTGAGCGTAACGACAGTG,11
ACGGGTGCAGATAGTGTA,OXT_07,GTGGGTGCATTTGCTGTA,6
ACACGGCATACATAGTCG,OXT_01,AGGCTGCGTAAGTCTGCT,10
GCGAGGTCTGAACCGGAG,OXT_17,AGGAACTACGATCGTGAA,10
GGTGAGGCAGCACAGGAT,OXT_25,TGCATCGCAACAGCAGTT,10
GACCGACTGTTCCCAATG,OXT_05,GGCGGACAGACTCTAATG,7
AGGGCCATGATTTGTGAA,OXT_17,AGGAACTACGATCGTGAA,8
AACAAGGGTCTTTCTTCG,OXT_16,ATAAACAGTCTAGCTGTG,8
AAGTAACACCGTGGATGA,OXT_13,TATTACACTAGTGGATGG,8
ATGGACCCCAGCCATGTT,OXT_17,AGGAACTACGATCGTGAA,10
AGTGGGCTCCAATGGCCG,OXT_09,TGTAGTGCTCGGCTGCCG,10
AGCCTGAGTTCGAGCGCA,OXT_01,AGGCTGCGTAAGTCTGCT,8
ACGGACCACGTATCGTCA,OXT_27,GTAGAATGGGCATCGTCG,9
GGCAAGAAGGAGTAGGTG,OXT_05,GGCGGACAGACTCTAATG,11
GCAGCCAGTCAAGCGGAG,OXT_16,ATAAACAGTCTAGCTGTG,7
GGGTGACTTCGCGCGAGC,OXT_02,AGGGGAGCGTGCGGAGGC,9
ACGATGGTTAGCGTGTGC,OXT_10,AAGATGTATCGTGTGCTG,8
GGGCGTAGATCACATCTG,OXT_24,GGGATTCGGTCATGTCCT,8
TGCTGGCCTCCCAGTGCG,OXT_09,TGTAGTGCTCGGCTGCCG,10
GATCATATCACGTGTCGT,OXT_03,GACTTGGGCTCATGCTGT,10
GCCATGACTTGTCGTTCA,OXT_03,GACTTGGGCTCATGCTGT,11
ATGGACCCCAGGACAGCT,OXT_01,AGGCTGCGTAAGTCTGCT,9
GTAGACCGACGCGGAGCA,OXT_16,ATAAACAGTCTAGCTGTG,10
ACATGTGCAGTGTGCCGG,OXT_12,AATACAGCGGTGTTTCTA,10
GTGCTACCATCTTGCGGT,OXT_03,GACTTGGGCTCATGCTGT,9
GCAGCGGCGACAGTAACA,OXT_05,GGCGGACAGACTCTAATG,10
TACGCGTACGAGAGCGTG,OXT_04,TAGACAGGGCTGACTGTG,10
CGTGGCATACTCTGCGCT,OXT_28,AGCGGCGGCGACGGCGAA,10
ATCGACGGCCGTAGTCTA,OXT_28,AGCGGCGGCGACGGCGAA,9
GATGCTATGGCCAGTGTG,OXT_04,TAGACAGGGCTGACTGTG,10
GCCATGGTGACGGTGCTC,OXT_06,ATCATCATCATCATCATC,10
ACGGGCGACCAGAACTGT,OXT_22,ACGGGACCGCAGATCGAG,8
GGCATCCGTGAGGTGAGC,OXT_08,GACGGCATTCAGGCACGT,10
TGGTGCACGACTGTATGG,OXT_13,TATTACACTAGTGGATGG,6
GGCAGCACCGCTAAAGCT,OXT_25,TGCATCGCAACAGCAGTT,9
GAGGGTAAGACCAGGCAG,OXT_05,GGCGGACAGACTCTAATG,10
AGCGGTACTTTCGATGAG,OXT_02,AGGGGAGCGTGCGGAGGC,9
AGGGCCAAGGTGACAGCG,OXT_20,AGGGCCTAGGGATGACGT,8
CACCGGGAAGAGTGCGGT,OXT_03,GACTTGGGCTCATGCTGT,9
GTCACTGTGCACGTGTGT,OXT_08,GACGGCATTCAGGCACGT,10
GCGGGTGGATCACGGAGT,OXT_03,GACTTGGGCTCATGCTGT,9
AGGCTACGTTATGGTCAT,OXT_01,AGGCTGCGTAAGTCTGCT,7
GATACGAAGGAGACGCCG,OXT_04,TAGACAGGGCTGACTGTG,10
GACAGGTGTGCATGCCGG,OXT_03,GACTTGGGCTCATGCTGT,7
ACGGATGCGTGCAGAGTG,OXT_02,AGGGGAGCGTGCGGAGGC,6
TAGCGCGAGGCAGTTAAT,OXT_18,TAACGGGTTATCCATAAT,9
ATGACCCAGACCGTGCTG,OXT_10,AAGATGTATCGTGTGCTG,8
TAGTCTGGTGTTGGTGCT,OXT_04,TAGACAGGGCTGACTGTG,9
ACGAGGATGGAAGTGCCG,OXT_10,AAGATGTATCGTGTGCTG,9
GGGCGCATCGATTACTCT,OXT_01,AGGCTGCGTAAGTCTGCT,11
ACACGGGCGTCAAGCAGA,OXT_02,AGGGGAGCGTGCGGAGGC,10
AGGAGCTATATGCTACGA,OXT_17,AGGAACTACGATCGTGAA,9
GTGAACTGGGCTGCGCTA,OXT_27,GTAGAATGGGCATCGTCG,8
GCTACGGCTACCAGTGGA,OXT_12,AATACAGCGGTGTTTCTA,11
AGCCAGACGTGTTGTGCG,OXT_01,AGGCTGCGTAAGTCTGCT,10
AGTGACAGTCAACGCGTT,OXT_16,ATAAACAGTCTAGCTGTG,8
ACAGGGCCAACTAATCGT,OXT_18,TAACGGGTTATCCATAAT,11
AAGGCTGCGGTACTCGAT,OXT_12,AATACAGCGGTGTTTCTA,9
GGCTCATGACAGACGGCA,OXT_04,TAGACAGGGCTGACTGTG,10
GGCAACACTGACAGCACT,OXT_11,GGGTAAGGGCACAACAGT,9
TACGGTAGTTGATAGTTG,OXT_03,GACTTGGGCTCATGCTGT,11
CTGGGACACGGACTTCGG,OXT_05,GGCGGACAGACTCTAATG,10
ACGGGTATGCAGACGCAG,OXT_22,ACGGGACCGCAGATCGAG,6
ATCCGATAAATGTCGCTA,OXT_12,AATACAGCGGTGTTTCTA,10
GGTAGGGTCTGCATATCC,OXT_02,AGGGGAGCGTGCGGAGGC,10
AAGGACTGGTGTACTCGG,OXT_15,AGGGTATAACGTCCTTTG,9
AGAGGATCATAGGCGACG,OXT_02,AGGGGAGCGTGCGGAGGC,10
AGGACCTATGTTACGACG,OXT_10,AAGATGTATCGTGTGCTG,9
TGCTGGGTTGACCGATTG,OXT_18,TAACGGGTTATCCATAAT,10
ACCATAGTCAGAGTGCAG,OXT_10,AAGATGTATCGTGTGCTG,9
GCACACATGTCAACGGCT,OXT_27,GTAGAATGGGCATCGTCG,9
GATACGATGTTTATGGAG,OXT_04,TAGACAGGGCTGACTGTG,10
GATGCACAGTCCAGAGGT,OXT_02,AGGGGAGCGTGCGGAGGC,9
TCCGTGGTTATGCAGTCA,OXT_18,TAACGGGTTATCCATAAT,9
GAGGTGGATGTCTGGAGC,OXT_03,GACTTGGGCTCATGCTGT,10
AACCCGCAGAACGTTGTG,OXT_01,AGGCTGCGTAAGTCTGCT,10
GCCGAGGGACTGCTGTAT,OXT_03,GACTTGGGCTCATGCTGT,11
GGGTCAATTCAGCTTCGA,OXT_08,GACGGCATTCAGGCACGT,9
AATGACTGCGGTCAGGTG,OXT_17,AGGAACTACGATCGTGAA,9
TCACGCGGCTGTATCCAA,OXT_28,AGCGGCGGCGACGGCGAA,10
ACACCCCATCTGGTCGCT,OXT_01,AGGCTGCGTAAGTCTGCT,10
ATGTACAGTACTCATGCG,OXT_16,ATAAACAGTCTAGCTGTG,8
AAGCGGTACGCTCTGGTA,OXT_10,AAGATGTATCGTGTGCTG,8
CGGAGGGTAAGCCGCTAG,OXT_14,TTGAGCGTAACGACAGTG,10
AGGAGGCAGAGGCTTTCG,OXT_01,AGGCTGCGTAAGTCTGCT,9
ATGGGCCATATCCAAAGT,OXT_18,TAACGGGTTATCCATAAT,9
GTTGTGCCATCACTACGG,OXT_05,GGCGGACAGACTCTAATG,10
GTAACGGGCCCAAAGCGT,OXT_03,GACTTGGGCTCATGCTGT,9
AGACGTGATGTGACGCGA,OXT_09,TGTAGTGCTCGGCTGCCG,10
GACGCGACGAATACGGTG,OXT_04,TAGACAGGGCTGACTGTG,10
GATCGCCCCAGACTGTGA,OXT_13,TATTACACTAGTGGATGG,10
GGTCCATACCGTCAGGAG,OXT_26,GGGGCATTCACTGAGCTG,8
GACAGCGCATTTATAAGA,OXT_07,GTGGGTGCATTTGCTGTA,9
TCGTGCTGCGTCATGGAT,OXT_28,AGCGGCGGCGACGGCGAA,10
AACAAAGGTCAAATTGTG,OXT_04,TAGACAGGGCTGACTGTG,7
CAGGGGTATTATACTGTG,OXT_07,GTGGGTGCATTTGCTGTA,9
ACCAAGGCAGAAGGTGCA,OXT_17,AGGAACTACGATCGTGAA,9
GCAACAACTACGACCTGG,OXT_04,TAGACAGGGCTGACTGTG,11
GCAACGACGGAGTGGCCT,OXT_12,AATACAGCGGTGTTTCTA,10
AAGGCGGCGGAGAGTCCA,OXT_12,AATACAGCGGTGTTTCTA,7
ATGCAGACGGCATTTCCG,OXT_27,GTAGAATGGGCATCGTCG,9
GTGCGCAGTGTTGAGATG,OXT_16,ATAAACAGTCTAGCTGTG,9
GTCGGTACTAGCACATTG,OXT_05,GGCGGACAGACTCTAATG,10
TCGGTAGCAGCCGTGTCT,OXT_25,TGCATCGCAACAGCAGTT,10
GCAGAGGCGCATAATGGA,OXT_11,GGGTAAGGGCACAACAGT,9
AAAGGGACGGAGCCTAGG,OXT_08,GACGGCATTCAGGCACGT,10
ATGGAGCACGATCCCGGA,OXT_17,AGGAACTACGATCGTGAA,7
AGGTAGAGGGTGACCCAG,OXT_23,AAGTAGGGACAGAATACG,9
TCAGCAACAGTAGGTGAG,OXT_16,ATAAACAGTCTAGCTGTG,10
ACATACGAAAATGACTGT,OXT_11,GGGTAAGGGCACAACAGT,10
AGGTGACCCGAAAACCGG,OXT_22,ACGGGACCGCAGATCGAG,8
TCACCATAATGCAGTAGA,OXT_02,AGGGGAGCGTGCGGAGGC,12
GATCCAAAGCAATCATTT,OXT_08,GACGGCATTCAGGCACGT,10
CGGGTGGGACTCTACATT,OXT_11,GGGTAAGGGCACAACAGT,8
TACGAGGCGTATAACTGA,OXT_03,GACTTGGGCTCATGCTGT,10
GCTTCGACTATTAAGGTG,OXT_13,TATTACACTAGTGGATGG,10
GATCCAACTTAGCCTAGG,OXT_08,GACGGCATTCAGGCACGT,10
ATAGACGGGATATCACTT,OXT_16,ATAAACAGTCTAGCTGTG,8
GAACACACACTTCGACGG,OXT_13,TATTACACTAGTGGATGG,8
TAGGCCTGCCCTTAGTCG,OXT_26,GGGGCATTCACTGAGCTG,8
TGGTGACTATCCTCTGTG,OXT_14,TTGAGCGTAACGACAGTG,8
GAAGGGAGGTAGCTCAGC,OXT_08,GACGGCATTCAGGCACGT,10
AGCGTGTGGCCAATAGGA,OXT_20,AGGGCCTAGGGATGACGT,10
ACACTGGATCTACACGTG,OXT_16,ATAAACAGTCTAGCTGTG,9
ACGGCTTCCGAGCGGCGT,OXT_20,AGGGCCTAGGGATGACGT,8
GTGGATATACGAGTCGGT,OXT_07,GTGGGTGCATTTGCTGTA,10
TAGGTAACAGTATGGGCT,OXT_20,AGGGCCTAGGGATGACGT,11
GGGAATGAGTAGCCGGTG,OXT_04,TAGACAGGGCTGACTGTG,9
ACCGCAGTATAGGCCACG,OXT_22,ACGGGACCGCAGATCGAG,10
GGGGCCAGGCACCATATT,OXT_11,GGGTAAGGGCACAACAGT,7
GTGGGTGAAGACGGCAGC,OXT_02,AGGGGAGCGTGCGGAGGC,9
GTAGGAGTGGCAGTATGT,OXT_27,GTAGAATGGGCATCGTCG,8
AACGATGTGACCAATGCG,OXT_23,AAGTAGGGACAGAATACG,9
GATGCAGCATCGCTAGTG,OXT_05,GGCGGACAGACTCTAATG,9
AGTGGGACGTGCACTCAG,OXT_02,AGGGGAGCGTGCGGAGGC,9
AAGGTCCTTTCCGCGTGG,OXT_08,GACGGCATTCAGGCACGT,10
AGGGCCCTCGGACATGGA,OXT_17,AGGAACTACGATCGTGAA,8
AGCCGCCGAACAAGGTGT,OXT_03,GACTTGGGCTCATGCTGT,10
GTCGCACTGGGGATAGCC,OXT_05,GGCGGACAGACTCTAATG,10
GCCCCAATGGAATCTCGT,OXT_08,GACGGCATTCAGGCACGT,9
AACGTAGCCTTGGCTCTT,OXT_12,AATACAGCGGTGTTTCTA,8
GGGCAACAGCGAGCATGT,OXT_11,GGGTAAGGGCACAACAGT,9
AATGGGCACATAATGTCA,OXT_05,GGCGGACAGACTCTAATG,12
AACGAGTCCACTCGATGG,OXT_13,TATTACACTAGTGGATGG,8
GGCGGCATTAACTGTGAT,OXT_08,GACGGCATTCAGGCACGT,8
GGGATGACACAGTATATG,OXT_23,AAGTAGGGACAGAATACG,8
GGGGCAATCTAACGCGGA,OXT_02,AGGGGAGCGTGCGGAGGC,10
ACAGGTAGACGACTGTGG,OXT_09,TGTAGTGCTCGGCTGCCG,10
TATGGTATGGCACGCGGA,OXT_28,AGCGGCGGCGACGGCGAA,11
GGGGAATATAGTACCTTT,OXT_15,AGGGTATAACGTCCTTTG,7
AGACATGTAGCCCATTCG,OXT_18,TAACGGGTTATCCATAAT,10
GCCAAGTTGACCTGTACT,OXT_24,GGGATTCGGTCATGTCCT,9
ACCAACGATGGGCCTGCA,OXT_17,AGGAACTACGATCGTGAA,8
GAGCCTAAGGGCCGAACG,OXT_21,GAGCAACGGGTCAGCATT,9
TACGGCAGGGTACAAACC,OXT_05,GGCGGACAGACTCTAATG,11
GGCTGGGTGTTCCGAGGA,OXT_02,AGGGGAGCGTGCGGAGGC,8
GCAGTCTGCGAGCATCAG,OXT_17,AGGAACTACGATCGTGAA,10
TATTACATCCTAATGCTC,OXT_06,ATCATCATCATCATCATC,9
AGGGAGCCCAAGCACGTG,OXT_22,ACGGGACCGCAGATCGAG,8
TCGCATATGCAGGGTGCA,OXT_01,AGGCTGCGTAAGTCTGCT,11
GTCCAAGAGTGTCGAGTT,OXT_05,GGCGGACAGACTCTAATG,9
GTATCCGGTGTTGCGCTA,OXT_07,GTGGGTGCATTTGCTGTA,9
AAATGCAAGGAGAGTGTA,OXT_17,AGGAACTACGATCGTGAA,9
ACGCAGAATGTCTGGGCT,OXT_01,AGGCTGCGTAAGTCTGCT,9
GGAACACATCGCGGCCTA,OXT_10,AAGATGTATCGTGTGCTG,10
AGTGGAAGTATGATCGCT,OXT_01,AGGCTGCGTAAGTCTGCT,9
AGGTGACCGAGCATTCCG,OXT_22,ACGGGACCGCAGATCGAG,8
AGGGCCAAGCAGATCGAG,OXT_22,ACGGGACCGCAGATCGAG,5
CTGGTTCGGGCTACGGAT,OXT_24,GGGATTCGGTCATGTCCT,10
TTCGGGCTTACCATTGTG,OXT_14,TTGAGCGTAACGACAGTG,8
CTCAACAGATGGCGGCAA,OXT_17,AGGAACTACGATCGTGAA,11
ACGTGATGTGCCGTGTCC,OXT_27,GTAGAATGGGCATCGTCG,10
TCGGGTATGAGTGTTGGA,OXT_07,GTGGGTGCATTTGCTGTA,9
ACGTGTTGTCACTATGTG,OXT_23,AAGTAGGGACAGAATACG,9
GTGGTGTTGGCGTAAGTA,OXT_14,TTGAGCGTAACGACAGTG,10
GTAGTCAGTCCATACGCG,OXT_16,ATAAACAGTCTAGCTGTG,8
GGTCATATGCTCTCCTGT,OXT_11,GGGTAAGGGCACAACAGT,9
TGCAGGTGAATGGCATGT,OXT_25,TGCATCGCAACAGCAGTT,8
AGGAGTTGCGGTATACGT,OXT_20,AGGGCCTAGGGATGACGT,8
ACTGTAGCCCCTACGGTG,OXT_15,AGGGTATAACGTCCTTTG,9
TTCGACGGCCCTCTACCT,OXT_19,CCCCCCCCCCCCCCCCCC,10
ACGGGCTATAGTGCTGAT,OXT_15,AGGGTATAACGTCCTTTG,9
TACAGTGAGCAGTCGCGG,OXT_09,TGTAGTGCTCGGCTGCCG,8
AAGGAGGTTGCCCTCAGA,OXT_18,TAACGGGTTATCCATAAT,10
ATCGAGCGGCAATGTGGA,OXT_01,AGGCTGCGTAAGTCTGCT,10
GCGGCAAACGTCAAGGCT,OXT_21,GAGCAACGGGTCAGCATT,10
ACTGCTCGTAGCTATGGA,OXT_01,AGGCTGCGTAAGTCTGCT,10
ATAGGCAGTCGACGTAGG,OXT_16,ATAAACAGTCTAGCTGTG,7
TCACATAAAGGTAGGCGG,OXT_13,TATTACACTAGTGGATGG,10
ATGCGGACCTCCTTGCCT,OXT_29,CCCCCCCCCCCCCCGCCC,10
AGGCGAATGGTGCAGCAG,OXT_22,ACGGGACCGCAGATCGAG,10
TCATGCATACCACTCGTG,OXT_14,TTGAGCGTAACGACAGTG,9
GCGGATCGCATATGTACG,OXT_24,GGGATTCGGTCATGTCCT,8
GACAGTGGCCAGCGCTCG,OXT_03,GACTTGGGCTCATGCTGT,9
AGTCAGGTACTCCGTGCG,OXT_23,AAGTAGGGACAGAATACG,9
GGGCGAGGAGCAGATATA,OXT_07,GTGGGTGCATTTGCTGTA,9
TCATGGGTATGAGGAGAT,OXT_02,AGGGGAGCGTGCGGAGGC,10
TAGTGGGCAGGACCCGTA,OXT_07,GTGGGTGCATTTGCTGTA,9
GGGACAGAGGACTAACGC,OXT_11,GGGTAAGGGCACAACAGT,8
TGGGCTTGCCACATGACG,OXT_09,TGTAGTGCTCGGCTGCCG,10
ACCGTTCAGAGTTCTATG,OXT_05,GGCGGACAGACTCTAATG,8
GCGGGAAGAGGCCGACGT,OXT_02,AGGGGAGCGTGCGGAGGC,9
GGTGGACCTAAGGCGCTG,OXT_26,GGGGCATTCACTGAGCTG,8
ACCTCGATAGGGACTCCG,OXT_23,AAGTAGGGACAGAATACG,9
ATCCCTGTGCCAACTCAA,OXT_04,TAGACAGGGCTGACTGTG,11
ATGTGACCATCGCATGCT,OXT_01,AGGCTGCGTAAGTCTGCT,10
AACGGATCAACGCCAGGG,OXT_05,GGCGGACAGACTCTAATG,9
ATGAGGCTACATCGGCTA,OXT_10,AAGATGTATCGTGTGCTG,9
TTAGACGCTCTCTCCTCC,OXT_16,ATAAACAGTCTAGCTGTG,10
AGAGACTACAGGATCGCG,OXT_17,AGGAACTACGATCGTGAA,10
ACTGGATCTCTGACGTTA,OXT_22,ACGGGACCGCAGATCGAG,9
GCCAATTGGCCTGGTACT,OXT_24,GGGATTCGGTCATGTCCT,8
AGGTACGATGCGGACAAG,OXT_23,AAGTAGGGACAGAATACG,9
TCGGGTTACGTAGCTCAT,OXT_07,GTGGGTGCATTTGCTGTA,10
AGCGGGATCAAGTACGGT,OXT_01,AGGCTGCGTAAGTCTGCT,9
ACTGGGATGTACCGGCGG,OXT_02,AGGGGAGCGTGCGGAGGC,10
AGGTGGATTCGGCAGCAG,OXT_09,TGTAGTGCTCGGCTGCCG,8
GGTGGTGCAATAATTCAG,OXT_07,GTGGGTGCATTTGCTGTA,9
GGTAGATGTGCAACGTCT,OXT_27,GTAGAATGGGCATCGTCG,7
TGTGAGGGATAGAGGTTC,OXT_23,AAGTAGGGACAGAATACG,10
AGACGGTCGACATGAGCA,OXT_01,AGGCTGCGTAAGTCTGCT,10
AACATCTGCGGGAGCTGA,OXT_03,GACTTGGGCTCATGCTGT,9
ACGGGCAGAGAGGAGCTA,OXT_28,AGCGGCGGCGACGGCGAA,9
CACGTGATCCAGGCGATA,OXT_08,GACGGCATTCAGGCACGT,8
CAAGCGTGTCACACGGTG,OXT_04,TAGACAGGGCTGACTGTG,9
GGCGGCGGAATCAATCCT,OXT_11,GGGTAAGGGCACAACAGT,10
ACCGGATATCACACGTTG,OXT_15,AGGGTATAACGTCCTTTG,8
AGGTAGTATCGAGGCTGT,OXT_20,AGGGCCTAGGGATGACGT,8
ACTGGCGCTATCTTCGGT,OXT_02,AGGGGAGCGTGCGGAGGC,10
TACGGGCACCAAGAACTT,OXT_08,GACGGCATTCAGGCACGT,8
ACTGTACGACATGATGTG,OXT_15,AGGGTATAACGTCCTTTG,8
TCCGGTGAGTATCTATGC,OXT_05,GGCGGACAGACTCTAATG,9
ATACGCAGGGATGGTCTT,OXT_16,ATAAACAGTCTAGCTGTG,9
AGGTTACATCCCTCGCGG,OXT_10,AAGATGTATCGTGTGCTG,9
GCCGGGATACTATTGCCT,OXT_08,GACGGCATTCAGGCACGT,9
AAGCTGTGAGGACCCGCG,OXT_01,AGGCTGCGTAAGTCTGCT,9
GGCTGCCAAAGGTCGGAC,OXT_01,AGGCTGCGTAAGTCTGCT,11
GATGACAGAGTCTTAGGT,OXT_08,GACGGCATTCAGGCACGT,10
ACAGGCTGCGTTCGTGAG,OXT_17,AGGAACTACGATCGTGAA,7
ACTTTGTGTCTTAGCGAT,OXT_01,AGGCTGCGTAAGTCTGCT,11
AAGCAGCATCGACTAGCA,OXT_10,AAGATGTATCGTGTGCTG,9
GGGAGGTGTAACGCCTCG,OXT_01,AGGCTGCGTAAGTCTGCT,9
GGGTGATAGGCGACATGA,OXT_05,GGCGGACAGACTCTAATG,10
GATGCGGGATGGGAACCA,OXT_23,AAGTAGGGACAGAATACG,10
GCCCATGAGTTCTATGTG,OXT_07,GTGGGTGCATTTGCTGTA,10
AAGCGGTGATGCTTGCTG,OXT_10,AAGATGTATCGTGTGCTG,7
ATCGGCTAGACGTGTCGA,OXT_20,AGGGCCTAGGGATGACGT,8
ACGCGTGACCTGTGGATG,OXT_04,TAGACAGGGCTGACTGTG,11
ATGGACAGCGGTGACGGA,OXT_28,AGCGGCGGCGACGGCGAA,8
CACGTAGTGACTGCGATG,OXT_05,GGCGGACAGACTCTAATG,8
TAACAATGGGTAAGCTGG,OXT_21,GAGCAACGGGTCAGCATT,7
AACGGAAGATACGCTGCA,OXT_28,AGCGGCGGCGACGGCGAA,8
TGGGAGAGACGTTTAACC,OXT_23,AAGTAGGGACAGAATACG,10
TCAGTTCAGGGCCGTATC,OXT_05,GGCGGACAGACTCTAATG,11
ACGGCATGGCATTGAGCG,OXT_22,ACGGGACCGCAGATCGAG,8
TGCGTTGTTGAAGGCGGT,OXT_28,AGCGGCGGCGACGGCGAA,8
AGGTGGGATGCGGAATGT,OXT_02,AGGGGAGCGTGCGGAGGC,10
AGGGCGCATCAACCATCA,OXT_01,AGGCTGCGTAAGTCTGCT,9
CGAGGTGACAGTGTGGTG,OXT_05,GGCGGACAGACTCTAATG,9
GGCCAGCCGTAGTGTGAA,OXT_01,AGGCTGCGTAAGTCTGCT,9
TGCTCCGGATAGTGGTGG,OXT_03,GACTTGGGCTCATGCTGT,9
AGGTTATGCGCGAAGGTG,OXT_26,GGGGCATTCACTGAGCTG,8
GATGGCACATCGGAGCCT,OXT_08,GACGGCATTCAGGCACGT,8
AGGGGCAACTGTAACATA,OXT_06,ATCATCATCATCATCATC,10
AGGGGAGAACGCCCATTG,OXT_15,AGGGTATAACGTCCTTTG,4
AACGTGGAGTGATGTCTG,OXT_03,GACTTGGGCTCATGCTGT,9
AACCGGACTTGACGGTGG,OXT_13,TATTACACTAGTGGATGG,9
TACGGTAGGTGCCCTAGA,OXT_02,AGGGGAGCGTGCGGAGGC,11
GATATACCGAGACATGCG,OXT_24,GGGATTCGGTCATGTCCT,10
GGCACGTCATTTCTGGTT,OXT_07,GTGGGTGCATTTGCTGTA,10
AGCAAAGGGAAAGGCGTG,OXT_28,AGCGGCGGCGACGGCGAA,8
CAGCGGGTGCATCGCAAT,OXT_18,TAACGGGTTATCCATAAT,8
TAGCAGCGGATCCTGGTG,OXT_21,GAGCAACGGGTCAGCATT,8
GGGATAGGTCAAGGCGCT,OXT_11,GGGTAAGGGCACAACAGT,8
GGCCAGAACTGCTATGTG,OXT_01,AGGCTGCGTAAGTCTGCT,12
ACGACCGAATGACTGTTG,OXT_10,AAGATGTATCGTGTGCTG,9
AGCGGGATGAACATGTTT,OXT_06,ATCATCATCATCATCATC,9
ACGGTAGGTAGGCATGTA,OXT_01,AGGCTGCGTAAGTCTGCT,9
GGGCCTACGATTGCGGTA,OXT_07,GTGGGTGCATTTGCTGTA,7
AACGCCGAGTGATGTAAT,OXT_20,AGGGCCTAGGGATGACGT,7
GAGGCCTCCGATCAACGT,OXT_20,AGGGCCTAGGGATGACGT,8
TAGGACGTCGGAGTCTGG,OXT_13,TATTACACTAGTGGATGG,9
TTGGCACAGCACACGTGT,OXT_11,GGGTAAGGGCACAACAGT,9
GCAAACCTAACGATAGCT,OXT_14,TTGAGCGTAACGACAGTG,8
ATGTGGCCATGCGGTGTA,OXT_07,GTGGGTGCATTTGCTGTA,7
GCATACCCATAGACGTGT,OXT_08,GACGGCATTCAGGCACGT,11
AACTTAAGACGTGCGTGT,OXT_15,AGGGTATAACGTCCTTTG,9
TATCAGGCGAGTACTCAA,OXT_12,AATACAGCGGTGTTTCTA,10
GCTGGGGAAGCTACTTCG,OXT_07,GTGGGTGCATTTGCTGTA,10
ACGGGACGCTTACGGACT,OXT_21,GAGCAACGGGTCAGCATT,10
CGGTGGTTTGGACATCCT,OXT_18,TAACGGGTTATCCATAAT,10
AGGACGTAGATCACTGCG,OXT_04,TAGACAGGGCTGACTGTG,8
GAGGGTTAGTGCACGCGG,OXT_02,AGGGGAGCGTGCGGAGGC,10
TGGGTGGAGAAGACGTAC,OXT_01,AGGCTGCGTAAGTCTGCT,10
ACGGTGTAATCCAGAGCG,OXT_02,AGGGGAGCGTGCGGAGGC,10
GGGTGCGAATCTCAAGAT,OXT_05,GGCGGACAGACTCTAATG,10
ATGCACTGACGAGACGTG,OXT_16,ATAAACAGTCTAGCTGTG,7
TAGTCGGGACACCCACAA,OXT_23,AAGTAGGGACAGAATACG,9
AGTGAAGTACGGTTGCTG,OXT_09,TGTAGTGCTCGGCTGCCG,8
ACAGGGATATCCTGCACG,OXT_02,AGGGGAGCGTGCGGAGGC,12
ACCGCTCTCGAGGTGATG,OXT_22,ACGGGACCGCAGATCGAG,10
AACGGTCACAGACTTCTG,OXT_05,GGCGGACAGACTCTAATG,8
TAATGGGATCAATGTCTG,OXT_10,AAGATGTATCGTGTGCTG,10
GGGCGAGGCGTATGAGGT,OXT_02,AGGGGAGCGTGCGGAGGC,9
GGTAGACGGCGCACGATG,OXT_04,TAGACAGGGCTGACTGTG,9
AGGGAGCATTCAGAGTCG,OXT_10,AAGATGTATCGTGTGCTG,10
AGATCCGTTTCGACGTGT,OXT_03,GACTTGGGCTCATGCTGT,11
ATGTACATGGACATACGG,OXT_06,ATCATCATCATCATCATC,10
ACATCCGACGTGAGCCGT,OXT_20,AGGGCCTAGGGATGACGT,9
ATGGAGAATGGAACGACG,OXT_27,GTAGAATGGGCATCGTCG,9
ACCAAAGGCTGCGGTCGT,OXT_02,AGGGGAGCGTGCGGAGGC,9
ACTGTGTGGTTGACAGAG,OXT_22,ACGGGACCGCAGATCGAG,9
AAGGACGAACATCACGGT,OXT_11,GGGTAAGGGCACAACAGT,9
CACGCATGTATCTCGAGG,OXT_27,GTAGAATGGGCATCGTCG,10
GGGTAGTCGTAATATCTT,OXT_24,GGGATTCGGTCATGTCCT,8
GTGCTAGCGATATCGTTT,OXT_27,GTAGAATGGGCATCGTCG,9
CGGAGTTCAGGCACTTAT,OXT_15,AGGGTATAACGTCCTTTG,10
AAGGCTGCCCATCGTGTC,OXT_07,GTGGGTGCATTTGCTGTA,9
GACGTAGCATATTCCGAT,OXT_03,GACTTGGGCTCATGCTGT,9
GAGTAGGTGTGAGACGTC,OXT_02,AGGGGAGCGTGCGGAGGC,10
ACAGTGTTTAGCGGTGAC,OXT_02,AGGGGAGCGTGCGGAGGC,10
TACGGGACAGTATCTCCT,OXT_08,GACGGCATTCAGGCACGT,10
AGTAGGGCGCAGAGTTGT,OXT_02,AGGGGAGCGTGCGGAGGC,10
CGGTGGGACCAGACGCGA,OXT_11,GGGTAAGGGCACAACAGT,10
AGTGGAACTCTTGCCATT,OXT_07,GTGGGTGCATTTGCTGTA,10
AATAGTTGCAGACTTGTG,OXT_09,TGTAGTGCTCGGCTGCCG,10
ACACTTCGACGGCCCCCT,OXT_01,AGGCTGCGTAAGTCTGCT,9
TGGGCATCCAGGCATCTG,OXT_26,GGGGCATTCACTGAGCTG,6
GAGCCTCACCGGAAGACG,OXT_23,AAGTAGGGACAGAATACG,9
ACTGAGCCGCAATCCGTG,OXT_22,ACGGGACCGCAGATCGAG,7
ACCTAGGGAGGACGGCAA,OXT_28,AGCGGCGGCGACGGCGAA,10
TGTGGGTAACCCTGGACG,OXT_09,TGTAGTGCTCGGCTGCCG,10
GGCGAGCGTACGGAAGCA,OXT_01,AGGCTGCGTAAGTCTGCT,9
ACGCGGCTCATCCTATAT,OXT_18,TAACGGGTTATCCATAAT,8
CGTGGTACACAATAGTCG,OXT_09,TGTAGTGCTCGGCTGCCG,9
GAGAGGAGGAGGTGGGCT,OXT_01,AGGCTGCGTAAGTCTGCT,9
ACGCTTCATTAACGTGCG,OXT_01,AGGCTGCGTAAGTCTGCT,8
AGGGCGCCAAAGATATTG,OXT_22,ACGGGACCGCAGATCGAG,8
CAAGGAAGATTGAGTGTG,OXT_04,TAGACAGGGCTGACTGTG,8
ATGTCTGGCCTTGAACTT,OXT_07,GTGGGTGCATTTGCTGTA,10
GATCAGGCAGTCAAGGTT,OXT_21,GAGCAACGGGTCAGCATT,8
ACGCAATGATGGGTACCG,OXT_10,AAGATGTATCGTGTGCTG,10
GTACAGTGCATCGCTCGG,OXT_16,ATAAACAGTCTAGCTGTG,9
TGGACGGCTAGAGGTGAT,OXT_25,TGCATCGCAACAGCAGTT,8
AACACGGTAGTGCTGGCA,OXT_12,AATACAGCGGTGTTTCTA,8
GACCCGAATACTTTGGCG,OXT_05,GGCGGACAGACTCTAATG,10
ACATGGGTTAGGCGTGGA,OXT_18,TAACGGGTTATCCATAAT,9
ACGTGACGTCAGTTGTGG,OXT_22,ACGGGACCGCAGATCGAG,7
ACGACACATCAGGGTGTA,OXT_04,TAGACAGGGCTGACTGTG,9
ACCGTTGGGAACATGGCG,OXT_22,ACGGGACCGCAGATCGAG,9
AGAGACGTGAAGGCTCCG,OXT_01,AGGCTGCGTAAGTCTGCT,10
GGGCTGGTTAGGAATCTT,OXT_01,AGGCTGCGTAAGTCTGCT,8
ACGCACGACAGACGAGCG,OXT_17,AGGAACTACGATCGTGAA,9
GGGGCCATTTTGCTGAGC,OXT_08,GACGGCATTCAGGCACGT,10
AGTGGTAAACAAACGCTG,OXT_15,AGGGTATAACGTCCTTTG,9
AGAAGACCTGACAGCTCG,OXT_22,ACGGGACCGCAGATCGAG,9
TCAACGATGTGAAGGTAG,OXT_04,TAGACAGGGCTGACTGTG,12
GGGCCCTAGGATTGCGCT,OXT_20,AGGGCCTAGGGATGACGT,7
GGGCCAATGTGCTCTCGT,OXT_20,AGGGCCTAGGGATGACGT,9
ACATCGTGCTAGGTGTAG,OXT_10,AAGATGTATCGTGTGCTG,11
AGCTAGTCATGCCATGTG,OXT_15,AGGGTATAACGTCCTTTG,9
AAGGAGCAGGCTACTTGG,OXT_15,AGGGTATAACGTCCTTTG,9
ACAGGTACAGGTACGTGT,OXT_07,GTGGGTGCATTTGCTGTA,11
GAAATGTCCGACGCCGCT,OXT_01,AGGCTGCGTAAGTCTGCT,11
AAGCATATAGTCTGGCGG,OXT_21,GAGCAACGGGTCAGCATT,10
AAGCAGGGACAACGTTAA,OXT_23,AAGTAGGGACAGAATACG,7
GATGTAGCCGATCATGTT,OXT_07,GTGGGTGCATTTGCTGTA,10
AAGCCGGCAGTATGGTGG,OXT_03,GACTTGGGCTCATGCTGT,10
TGGGATGGGTAGTACTGT,OXT_11,GGGTAAGGGCACAACAGT,7
ATGGGCCATACCTTGGTG,OXT_05,GGCGGACAGACTCTAATG,9
AACTGCTGAGATCAGTGG,OXT_23,AAGTAGGGACAGAATACG,10
ATAGCCCAGTCCCAGGTG,OXT_05,GGCGGACAGACTCTAATG,10
GTAGAGGACTAGGATGCT,OXT_07,GTGGGTGCATTTGCTGTA,10
GACCACGTGTGCTAGTAT,OXT_03,GACTTGGGCTCATGCTGT,10
TGTACAGGGCAGTCCTCC,OXT_04,TAGACAGGGCTGACTGTG,8
AGCGGACAGTGCACAGAT,OXT_02,AGGGGAGCGTGCGGAGGC,7
CGCCAAGCGCAGTGTGCT,OXT_01,AGGCTGCGTAAGTCTGCT,9
GATAGAGAGACCGCATGG,OXT_05,GGCGGACAGACTCTAATG,9
ACAGGGCGCATGAAGTGG,OXT_22,ACGGGACCGCAGATCGAG,10
ACGGCATGAGGCTAGGTG,OXT_15,AGGGTATAACGTCCTTTG,9
GTGGGTGGAGGAGAAGGC,OXT_02,AGGGGAGCGTGCGGAGGC,8
GGCTCCGCAACGATTATG,OXT_05,GGCGGACAGACTCTAATG,9
GGATGACCGAGACTATTG,OXT_05,GGCGGACAGACTCTAATG,6
ATAGCCTATGTGCACGAT,OXT_17,AGGAACTACGATCGTGAA,10
AGGGACGTATATCACTGG,OXT_15,AGGGTATAACGTCCTTTG,9
AAATACAAGGCGGCAGAG,OXT_16,ATAAACAGTCTAGCTGTG,9
AGGCCATGAAGTGACGTG,OXT_26,GGGGCATTCACTGAGCTG,7
CGACGGGATCCACTAGCT,OXT_09,TGTAGTGCTCGGCTGCCG,10
ACGGGACTAGAATGACTA,OXT_20,AGGGCCTAGGGATGACGT,9
AGGCCTGTGTGGCGACAT,OXT_20,AGGGCCTAGGGATGACGT,8
AGGTGTCCGACCATAGGG,OXT_02,AGGGGAGCGTGCGGAGGC,8
AGCCGTCCTGGACTTGCG,OXT_09,TGTAGTGCTCGGCTGCCG,8
ATGAAGACGGCCCGAACG,OXT_02,AGGGGAGCGTGCGGAGGC,11
GGGCAGTTGCGGCTCAGT,OXT_11,GGGTAAGGGCACAACAGT,8
AACGGCTGTACGTAGACT,OXT_01,AGGCTGCGTAAGTCTGCT,10
GGGCACTGTCTACGTACA,OXT_17,AGGAACTACGATCGTGAA,9
GCGGGACTCAATCAGCGA,OXT_26,GGGGCATTCACTGAGCTG,7
AGCAGCAGTCGGCTACGC,OXT_08,GACGGCATTCAGGCACGT,8
GGGACGGGTTGAAGGCGG,OXT_24,GGGATTCGGTCATGTCCT,9
TAGGGCAAGGTCTCGACA,OXT_20,AGGGCCTAGGGATGACGT,11
ACCGGGCATTTGATAGGG,OXT_22,ACGGGACCGCAGATCGAG,8
CATCACGGTAGTCGGCGC,OXT_13,TATTACACTAGTGGATGG,8
GATGTACAGGACTGGCCT,OXT_21,GAGCAACGGGTCAGCATT,9
AGCCGGAATGGGTAAGCA,OXT_01,AGGCTGCGTAAGTCTGCT,9
AGTAGGCCGGACGAGCGC,OXT_02,AGGGGAGCGTGCGGAGGC,9
TGCAGGTCGCAAAGTGTG,OXT_04,TAGACAGGGCTGACTGTG,9
ACTCTGAGTCCGATTGTG,OXT_01,AGGCTGCGTAAGTCTGCT,9
ACTCACGGGTCAGCACTA,OXT_16,ATAAACAGTCTAGCTGTG,10
GGGCCAGAAGAATCCCTG,OXT_15,AGGGTATAACGTCCTTTG,10
GGGGCGAGAACGGGACAA,OXT_26,GGGGCATTCACTGAGCTG,9
ACTACCGTGTTGGCTCCT,OXT_12,AATACAGCGGTGTTTCTA,8
GCGGCGGTCACTGGCTCT,OXT_26,GGGGCATTCACTGAGCTG,8
ACTAGCGAACACGTCGGA,OXT_28,AGCGGCGGCGACGGCGAA,8
ACTACTGTGGCAGCTCCT,OXT_12,AATACAGCGGTGTTTCTA,9
ACGCTGCTACCCTACGTG,OXT_01,AGGCTGCGTAAGTCTGCT,10
GGCACATCACGAACGGTG,OXT_04,TAGACAGGGCTGACTGTG,9
TGCGGCATCCGTGTTCAG,OXT_08,GACGGCATTCAGGCACGT,9
AAGGGTACCATAGCTCCT,OXT_07,GTGGGTGCATTTGCTGTA,9
ATGACCGTGCCTGCAGTA,OXT_14,TTGAGCGTAACGACAGTG,7
GTATCGATGCACTAGGAG,OXT_11,GGGTAAGGGCACAACAGT,11
AATCACGACCCGGGATGG,OXT_13,TATTACACTAGTGGATGG,8
GGATAGACAACGTGACAT,OXT_03,GACTTGGGCTCATGCTGT,11
GGGGACGGAGAGTATTGT,OXT_11,GGGTAAGGGCACAACAGT,8
GGTAGTCGTCACGTATAC,OXT_09,TGTAGTGCTCGGCTGCCG,10
GGCATCCAGTATCGTTGG,OXT_05,GGCGGACAGACTCTAATG,9
GGAGCCGTATAAGACGCG,OXT_26,GGGGCATTCACTGAGCTG,10
GGGGACGCCACGGTTACA,OXT_07,GTGGGTGCATTTGCTGTA,10
AGGTCTGACGTGCAGTAT,OXT_17,AGGAACTACGATCGTGAA,10
ACGACCATAAGGACAGTG,OXT_14,TTGAGCGTAACGACAGTG,5
GGTGGCAATGGTGAACAA,OXT_08,GACGGCATTCAGGCACGT,9
ACTGGGCACCTGTGGAAG,OXT_22,ACGGGACCGCAGATCGAG,9
AACGGTTGAAGGAATGAT,OXT_23,AAGTAGGGACAGAATACG,10
GCGGCTAAGCCTACTGTG,OXT_04,TAGACAGGGCTGACTGTG,8
ATGGGTGATATCGGACTC,OXT_02,AGGGGAGCGTGCGGAGGC,8
ACGACGACTATCAGTGCA,OXT_01,AGGCTGCGTAAGTCTGCT,10
AGGCTGGTGTGACTCGAA,OXT_02,AGGGGAGCGTGCGGAGGC,10
ACGGTCGACCATGTGCAT,OXT_10,AAGATGTATCGTGTGCTG,8
CACAGGGCAGTCAGTTCT,OXT_18,TAACGGGTTATCCATAAT,10
GCACGGAGCTTGGCTCTG,OXT_16,ATAAACAGTCTAGCTGTG,9
TAATGCATAGCCGTTTGT,OXT_08,GACGGCATTCAGGCACGT,10
ACGGAGGCATTGCGGGAT,OXT_02,AGGGGAGCGTGCGGAGGC,10
AGCCCGGTACATGCAAAG,OXT_23,AAGTAGGGACAGAATACG,10
GGCGATCGGCAAGTGAAA,OXT_05,GGCGGACAGACTCTAATG,10
AACGCGTGTGGTGTAAGC,OXT_10,AAGATGTATCGTGTGCTG,9
ACCAGCGCTTTTAGGGTG,OXT_07,GTGGGTGCATTTGCTGTA,10
GAACTGGTCAATGGCATG,OXT_03,GACTTGGGCTCATGCTGT,10
AGCGACTACACACGGTGA,OXT_17,AGGAACTACGATCGTGAA,8
ACGGGAAACAGCGTGTCT,OXT_02,AGGGGAGCGTGCGGAGGC,10
CGGGACGCGGTACGTTAT,OXT_17,AGGAACTACGATCGTGAA,9
AGGACAAATGCAAGTGCT,OXT_17,AGGAACTACGATCGTGAA,9
GCAATAGCGCGGTATGCT,OXT_04,TAGACAGGGCTGACTGTG,10
AGCGGGCCCATTACGTAG,OXT_05,GGCGGACAGACTCTAATG,10
ATAGATGCAATGGTCGTG,OXT_07,GTGGGTGCATTTGCTGTA,8
CAAGTGCATAAGACGATG,OXT_01,AGGCTGCGTAAGTCTGCT,10
GGCTAGGCCATTCTATCG,OXT_05,GGCGGACAGACTCTAATG,9
GAGGGACTTGACATCGGA,OXT_22,ACGGGACCGCAGATCGAG,8
AATACCGGATGACGCCTG,OXT_12,AATACAGCGGTGTTTCTA,10
ATGTGGCACAACTAGACT,OXT_01,AGGCTGCGTAAGTCTGCT,9
GCGGGATACATAACACAT,OXT_20,AGGGCCTAGGGATGACGT,10
GCGGAGGACACCAGTTGC,OXT_03,GACTTGGGCTCATGCTGT,10
TCAACGGGGTAAGAGACA,OXT_23,AAGTAGGGACAGAATACG,11
ACCGTAGGGACGACGCGA,OXT_04,TAGACAGGGCTGACTGTG,11
TGGCGGAAGCCGTGATTG,OXT_05,GGCGGACAGACTCTAATG,10
GGTACGAGGATTCGCTCG,OXT_05,GGCGGACAGACTCTAATG,11
GGGGCAGCCGATTGTACG,OXT_26,GGGGCATTCACTGAGCTG,9
AGCGTATGGCCAGACGCG,OXT_27,GTAGAATGGGCATCGTCG,9
GGGCCAGGTCGAATCGTG,OXT_04,TAGACAGGGCTGACTGTG,8
TTTGGCCGATTGAACGCT,OXT_14,TTGAGCGTAACGACAGTG,10
AGGATGCCTACGTGACTT,OXT_01,AGGCTGCGTAAGTCTGCT,7
TAGGGAATCCTGACGAGT,OXT_08,GACGGCATTCAGGCACGT,8
AGCCCGTAGATGACTGTG,OXT_04,TAGACAGGGCTGACTGTG,8
GGATGGAGTGCTTGTCAA,OXT_24,GGGATTCGGTCATGTCCT,10
CACGGGACGATGACAGTG,OXT_04,TAGACAGGGCTGACTGTG,9
AGTTCGTGAGCGTAATAC,OXT_20,AGGGCCTAGGGATGACGT,11
AGGCCACACAGACCTGAG,OXT_15,AGGGTATAACGTCCTTTG,8
TGGCATCCGAGAATGTCA,OXT_09,TGTAGTGCTCGGCTGCCG,10
AGGGAGTACAACCAACTG,OXT_26,GGGGCATTCACTGAGCTG,8
ACGCAGCTGTCTAGTGTA,OXT_17,AGGAACTACGATCGTGAA,10
TGAGCACTAGATTGAGTT,OXT_20,AGGGCCTAGGGATGACGT,10
AGCGGTGCGACGCGTACT,OXT_05,GGCGGACAGACTCTAATG,9
ACATGACCGGTTCACGTG,OXT_22,ACGGGACCGCAGATCGAG,8
AGAGATGCTTTATCTGCT,OXT_01,AGGCTGCGTAAGTCTGCT,9
ACGGCATGCGGCCATGGT,OXT_20,AGGGCCTAGGGATGACGT,9
GCACGGGAGATGGCAGGT,OXT_08,GACGGCATTCAGGCACGT,10
GCTGAGGTCCAGGATGGT,OXT_08,GACGGCATTCAGGCACGT,9
ATACGCAGACAGAAGCGG,OXT_23,AAGTAGGGACAGAATACG,9
CGGTGGGTGTGGCCAGCT,OXT_02,AGGGGAGCGTGCGGAGGC,9
GGGCACAGGACGGCCTGT,OXT_11,GGGTAAGGGCACAACAGT,9
TAATGGGCGCTGTACACT,OXT_18,TAACGGGTTATCCATAAT,8
AGGGTACGCTACCATACG,OXT_01,AGGCTGCGTAAGTCTGCT,9
ACGGTGTGGTTCTGATAG,OXT_02,AGGGGAGCGTGCGGAGGC,10
TAAGTAATTATATCCCCT,OXT_08,GACGGCATTCAGGCACGT,10
TACGGTCGCTTGCCAATT,OXT_05,GGCGGACAGACTCTAATG,10
GGCCACGACGGAGGAACC,OXT_20,AGGGCCTAGGGATGACGT,10
TGGACAGGTAATGCAACT,OXT_01,AGGCTGCGTAAGTCTGCT,9
AGTGCTTCACGTGGTAGT,OXT_15,AGGGTATAACGTCCTTTG,9
ACGCACTTTACGGTCAGT,OXT_01,AGGCTGCGTAAGTCTGCT,11
AGGGCATTTAGCAGTATC,OXT_02,AGGGGAGCGTGCGGAGGC,9
CGTAGGGACAGTGGTAGG,OXT_13,TATTACACTAGTGGATGG,10
AACGGCAGTCGGATATTA,OXT_08,GACGGCATTCAGGCACGT,8
GGGCAGTGACTACATCCT,OXT_23,AAGTAGGGACAGAATACG,9
GGTGCGTATGATAAGGCT,OXT_26,GGGGCATTCACTGAGCTG,10
TACCATCCACCAGTGGTG,OXT_25,TGCATCGCAACAGCAGTT,9
AGGCAGTGTGAATAGGCG,OXT_01,AGGCTGCGTAAGTCTGCT,7
CGGGAGGAGACTGGATCG,OXT_05,GGCGGACAGACTCTAATG,9
AAATTGTTCATACGGTCC,OXT_03,GACTTGGGCTCATGCTGT,10
ACACAGCGAAACTATGTG,OXT_01,AGGCTGCGTAAGTCTGCT,8
GTACGGTCAGACAGTTCG,OXT_27,GTAGAATGGGCATCGTCG,10
GGCGGAATCCAGTGATAG,OXT_08,GACGGCATTCAGGCACGT,8
TGACCGATCCGACTATAG,OXT_09,TGTAGTGCTCGGCTGCCG,11
CTGCTATCGATCCACTGT,OXT_11,GGGTAAGGGCACAACAGT,10
TTTCCACTCGTGTCCATG,OXT_04,TAGACAGGGCTGACTGTG,10
AGGGCACTTACTGAATCT,OXT_26,GGGGCATTCACTGAGCTG,7
ACCGGAGGAAGCTGGCGA,OXT_02,AGGGGAGCGTGCGGAGGC,9
AGGCGGACTATGTAGCTC,OXT_01,AGGCTGCGTAAGTCTGCT,9
GATGATTCACATCGAGCG,OXT_13,TATTACACTAGTGGATGG,10
GAGGGATAGAGGACCACG,OXT_05,GGCGGACAGACTCTAATG,9
ACAGGTGATGTGTGCTCT,OXT_20,AGGGCCTAGGGATGACGT,11
GGAGTGGGAGAAAGGCAG,OXT_27,GTAGAATGGGCATCGTCG,10
TGTCCCAATCGTGAGGTG,OXT_10,AAGATGTATCGTGTGCTG,9
AGGGAGGCTCCACCTGGT,OXT_01,AGGCTGCGTAAGTCTGCT,9
AGAAGAGAGCAGAAAGTG,OXT_04,TAGACAGGGCTGACTGTG,8
GTGGCCCACTCCTAAATT,OXT_05,GGCGGACAGACTCTAATG,10
GAGGGCACCTTTAGGATA,OXT_07,GTGGGTGCATTTGCTGTA,8
ATATCGTGGGCTACACTC,OXT_27,GTAGAATGGGCATCGTCG,10
CAGGGATATCCGTGCATG,OXT_05,GGCGGACAGACTCTAATG,10
GCAGCGGAAGGACAGTCT,OXT_27,GTAGAATGGGCATCGTCG,10
ACGGGAGAGGGAAGACGG,OXT_20,AGGGCCTAGGGATGACGT,6
GGAGCGAAGGTACTGTCG,OXT_27,GTAGAATGGGCATCGTCG,8
AGGATATGGGAGCAGGCA,OXT_17,AGGAACTACGATCGTGAA,8
TTCCACCTGATGTCTGCT,OXT_01,AGGCTGCGTAAGTCTGCT,8
ACGGGACGTGCACTGCCT,OXT_22,ACGGGACCGCAGATCGAG,10
ACGGCAGTGAAGTTGGCT,OXT_22,ACGGGACCGCAGATCGAG,8
AATACCTGAGGATCGACG,OXT_27,GTAGAATGGGCATCGTCG,9
ACGGTAGAGGGTCGCGCG,OXT_15,AGGGTATAACGTCCTTTG,8
ACAGGTGCAAAGGACTAG,OXT_22,ACGGGACCGCAGATCGAG,8
GCAGAAGTATATAGCGTG,OXT_07,GTGGGTGCATTTGCTGTA,10
ACACGTGGATGTACGGCG,OXT_07,GTGGGTGCATTTGCTGTA,10
AACGGCGCTCGTTGTATA,OXT_07,GTGGGTGCATTTGCTGTA,10
CCGGGTAGGTGAAAGGAG,OXT_22,ACGGGACCGCAGATCGAG,9
ACAGGGCATAGAACTGTA,OXT_01,AGGCTGCGTAAGTCTGCT,10
ACCAACCGCTATGGTGGT,OXT_17,AGGAACTACGATCGTGAA,8
ACGGCATACGATAGGAAG,OXT_17,AGGAACTACGATCGTGAA,8
GGTACTTCGTTCTCGCGG,OXT_09,TGTAGTGCTCGGCTGCCG,10
ACAGGTCATGCACATGTG,OXT_05,GGCGGACAGACTCTAATG,10
GTGGCAACGAGCAGGCGG,OXT_02,AGGGGAGCGTGCGGAGGC,9
GTGTACACGGCGATGCGT,OXT_11,GGGTAAGGGCACAACAGT,10
ATCGCACATAGCCTTGGC,OXT_02,AGGGGAGCGTGCGGAGGC,10
AACGGCTCATGCCTTGTG,OXT_15,AGGGTATAACGTCCTTTG,9
GGCCTTATCGACTGAGTT,OXT_28,AGCGGCGGCGACGGCGAA,10
CGATGGAGGTGTTAATGG,OXT_13,TATTACACTAGTGGATGG,10
GTGTGAGCTTGCGCTTCG,OXT_07,GTGGGTGCATTTGCTGTA,8
TTGACCCTGTATCAAGTG,OXT_14,TTGAGCGTAACGACAGTG,8
GAGGGGACCTGTCGAGTG,OXT_02,AGGGGAGCGTGCGGAGGC,9
GAACCGATGACGTGTGGA,OXT_01,AGGCTGCGTAAGTCTGCT,11
ACAGCGGTATTGTCTCCT,OXT_01,AGGCTGCGTAAGTCTGCT,10
ACCTGGCGTGAAGGTGCG,OXT_01,AGGCTGCGTAAGTCTGCT,9
AACTAAGGTGTGGCGGAA,OXT_28,AGCGGCGGCGACGGCGAA,9
GCGGAGGTTACTGCTCAG,OXT_26,GGGGCATTCACTGAGCTG,8
GTCAGTCCCTGCAGTACG,OXT_24,GGGATTCGGTCATGTCCT,10
TACAGGGTAATCCTGGAA,OXT_18,TAACGGGTTATCCATAAT,7
ACGGACGGCCATGTTGCA,OXT_17,AGGAACTACGATCGTGAA,8
GTAGGGCATCGATCCGGA,OXT_07,GTGGGTGCATTTGCTGTA,11
AGACGTAAAGTGCTGATC,OXT_05,GGCGGACAGACTCTAATG,11
ATGTAAGCGGTATGCTCT,OXT_21,GAGCAACGGGTCAGCATT,9
GGACCGTAGGTACGCGTA,OXT_17,AGGAACTACGATCGTGAA,10
GGGGCACAACTATACCCG,OXT_26,GGGGCATTCACTGAGCTG,9
TGGGCATCAACGACCTGT,OXT_14,TTGAGCGTAACGACAGTG,10
GATACAACTGTCCGCGGT,OXT_21,GAGCAACGGGTCAGCATT,9
GTGAGCGGCCTACCGTAG,OXT_16,ATAAACAGTCTAGCTGTG,9
GGACACTATTACCGTATG,OXT_17,AGGAACTACGATCGTGAA,9
TTCGAATCCCATGGGTGG,OXT_13,TATTACACTAGTGGATGG,9
TAGAATGGCTTGTTGTGG,OXT_04,TAGACAGGGCTGACTGTG,9
ACTGGTCCTAGTCCTGCT,OXT_01,AGGCTGCGTAAGTCTGCT,9
CGTGGGAAGATGTCCGCG,OXT_01,AGGCTGCGTAAGTCTGCT,10
AGGTCCGGGTATCAGTAG,OXT_11,GGGTAAGGGCACAACAGT,10
GTCGACTTGCAGTATGCT,OXT_08,GACGGCATTCAGGCACGT,9
GGGAGGTATTACGATGTG,OXT_10,AAGATGTATCGTGTGCTG,9
ACGCAGTACGAGAGGGTT,OXT_17,AGGAACTACGATCGTGAA,8
TTGCGGAAGTACACGGCG,OXT_14,TTGAGCGTAACGACAGTG,10
TGCCAAAGGGTCCGTGAG,OXT_21,GAGCAACGGGTCAGCATT,9
TGTACTCCGACTGTGCGT,OXT_09,TGTAGTGCTCGGCTGCCG,9
AGAGGCATAAAGACGGTA,OXT_14,TTGAGCGTAACGACAGTG,8
ATCGTTCGACTTCACTGT,OXT_15,AGGGTATAACGTCCTTTG,10
GGGAGCGGGCCTTCCACT,OXT_11,GGGTAAGGGCACAACAGT,8
GTGGAGCAGGTTCGGCCA,OXT_17,AGGAACTACGATCGTGAA,10
ACGGTACAAGTCAGCTCT,OXT_21,GAGCAACGGGTCAGCATT,8
CAACCAGTGCAGTGCTCG,OXT_04,TAGACAGGGCTGACTGTG,10
ATGGTAGACCCTTTGTGC,OXT_15,AGGGTATAACGTCCTTTG,9
GTAGCAACGTGTCATTGG,OXT_15,AGGGTATAACGTCCTTTG,10
TCAGGTGTGGAATTACGT,OXT_20,AGGGCCTAGGGATGACGT,9
CGTGGGTATACTGGAGAG,OXT_05,GGCGGACAGACTCTAATG,9
GGCGATAGACGTGAGCAT,OXT_08,GACGGCATTCAGGCACGT,10
CGTGGGGAAACTCGCAAT,OXT_05,GGCGGACAGACTCTAATG,9
GTAGGTACAATACGGCTG,OXT_07,GTGGGTGCATTTGCTGTA,9
GTAAAGCCGGTAATGTCG,OXT_27,GTAGAATGGGCATCGTCG,7
CTTGATGAGAAGACGGGA,OXT_07,GTGGGTGCATTTGCTGTA,11
ATGCCATATCGCACGTTG,OXT_15,AGGGTATAACGTCCTTTG,7
GCAGGACTACTGGCGGAA,OXT_07,GTGGGTGCATTTGCTGTA,9
AGGGCTTACGACGGAGCT,OXT_20,AGGGCCTAGGGATGACGT,7
AGCGGTAAAGTAGGCAGT,OXT_20,AGGGCCTAGGGATGACGT,9
ACTAAGGGTATAGAGCAT,OXT_16,ATAAACAGTCTAGCTGTG,10
TTTACGACACCTGTGTTG,OXT_10,AAGATGTATCGTGTGCTG,9
GCCGTACATCCATATGTG,OXT_05,GGCGGACAGACTCTAATG,9
AGGGCCATCAAGTGTGCT,OXT_01,AGGCTGCGTAAGTCTGCT,7
GGCGGATAGGCACTGTAG,OXT_05,GGCGGACAGACTCTAATG,6
AATCAGCAGCCAGGCGGT,OXT_03,GACTTGGGCTCATGCTGT,10
AACGAGTCTGTGCACGAT,OXT_18,TAACGGGTTATCCATAAT,10
GAGAGTGGCATACACTGG,OXT_03,GACTTGGGCTCATGCTGT,9
CTTAGGCGTGACTGCGAT,OXT_28,AGCGGCGGCGACGGCGAA,9
TGACCCACTTGCGTCAGG,OXT_13,TATTACACTAGTGGATGG,9
ATGGCGTTGCGTTACCGA,OXT_20,AGGGCCTAGGGATGACGT,8
GGGCGGCTGGAATCGGTA,OXT_01,AGGCTGCGTAAGTCTGCT,9
GGGGCAGTAGTAGTCCAA,OXT_26,GGGGCATTCACTGAGCTG,9
TGGGCTTAGGCATACCGT,OXT_20,AGGGCCTAGGGATGACGT,5
GCGAATCGTTACTGAGCT,OXT_24,GGGATTCGGTCATGTCCT,7
TAAGGGCGCTAATCGGGT,OXT_03,GACTTGGGCTCATGCTGT,9
CGTAGACAACGAGGGTCT,OXT_09,TGTAGTGCTCGGCTGCCG,10
AGCACTCTGGTTAGGTAT,OXT_17,AGGAACTACGATCGTGAA,11
AGGAGGGACGTTCTCGAA,OXT_17,AGGAACTACGATCGTGAA,6
CAGGCCGGCGATATTGTG,OXT_04,TAGACAGGGCTGACTGTG,8
ACCGGAAGGTGCCGTTTA,OXT_02,AGGGGAGCGTGCGGAGGC,9
AGGCAGTCCGTAAGTGTG,OXT_17,AGGAACTACGATCGTGAA,8
ACAGGGCGTAAGCTTTGT,OXT_01,AGGCTGCGTAAGTCTGCT,8
CGAAGAGGATCTGAGGTG,OXT_26,GGGGCATTCACTGAGCTG,9
ACGCAACAGACCATAGTG,OXT_05,GGCGGACAGACTCTAATG,8
AGTAACAGGTATACGTGG,OXT_13,TATTACACTAGTGGATGG,10
ACGGCATAACTGACTGCA,OXT_04,TAGACAGGGCTGACTGTG,8
ACTGAGGCAGGTTGTTTG,OXT_15,AGGGTATAACGTCCTTTG,9
TACACGAAGGGACTTCTG,OXT_10,AAGATGTATCGTGTGCTG,9
ATAGCCAAACCGATGTGC,OXT_06,ATCATCATCATCATCATC,11
AAACGCGACGAAAGTGCG,OXT_17,AGGAACTACGATCGTGAA,9
GATCACAGGACTAATGGC,OXT_13,TATTACACTAGTGGATGG,10
AGGCTGAAGTGATGTGTA,OXT_01,AGGCTGCGTAAGTCTGCT,9
AGCAGCGGGAATATACGG,OXT_05,GGCGGACAGACTCTAATG,9
ACCATGGACGTCACGGTG,OXT_06,ATCATCATCATCATCATC,9
AGCCGGTCAGGGTGCTGT,OXT_20,AGGGCCTAGGGATGACGT,9
ACTATGAAGTGGCTTTTG,OXT_10,AAGATGTATCGTGTGCTG,9
AAGATGGCTGATGACTTG,OXT_10,AAGATGTATCGTGTGCTG,7
GGGGAGCGGGATCGGCAG,OXT_17,AGGAACTACGATCGTGAA,9
ACGGTCCAGGAGTGCACG,OXT_22,ACGGGACCGCAGATCGAG,8
ACGGCTACTTACCTAATG,OXT_22,ACGGGACCGCAGATCGAG,10
AGGCCATCAACGCGCTCT,OXT_01,AGGCTGCGTAAGTCTGCT,10
GCTGCCGATCTCCTGGTT,OXT_09,TGTAGTGCTCGGCTGCCG,11
AAAGAGAAGGCTTTGGCG,OXT_27,GTAGAATGGGCATCGTCG,8
AGTGACTTACAGGTGCGA,OXT_08,GACGGCATTCAGGCACGT,9
AGTGGGAATCACAAGTGT,OXT_08,GACGGCATTCAGGCACGT,10
ATTGGAGGTCACATGGTC,OXT_22,ACGGGACCGCAGATCGAG,9
CGTGTGCATACCATTTGA,OXT_01,AGGCTGCGTAAGTCTGCT,11
GGAGCCTGGTTACTGCGT,OXT_20,AGGGCCTAGGGATGACGT,8
TAGGTGGCCCGCTGTAGT,OXT_03,GACTTGGGCTCATGCTGT,9
AGCGGCGACGTTTACATT,OXT_28,AGCGGCGGCGACGGCGAA,8
ACCCAGAAGTGAAGTGTG,OXT_16,ATAAACAGTCTAGCTGTG,10
ACTGCCTACCGAGTGCTT,OXT_10,AAGATGTATCGTGTGCTG,8
TGGACAAGGCTTATTGTG,OXT_04,TAGACAGGGCTGACTGTG,4
GAGCACCTTTTCTTGTGG,OXT_21,GAGCAACGGGTCAGCATT,10
TAGCGGAGCGTAGGTTCA,OXT_03,GACTTGGGCTCATGCTGT,11
ATGCATTGTGATGTGGTA,OXT_10,AAGATGTATCGTGTGCTG,9
TGAAGACGTGCACCCGTA,OXT_16,ATAAACAGTCTAGCTGTG,10
AAGGCCGTTTGATCTCCT,OXT_20,AGGGCCTAGGGATGACGT,8
CGAGCGGGATACTCGTTG,OXT_27,GTAGAATGGGCATCGTCG,10
GGAGGACCAAGGCACCGG,OXT_05,GGCGGACAGACTCTAATG,9
AGCATTCCTAGCCTGTGA,OXT_09,TGTAGTGCTCGGCTGCCG,9
AATCAATGTCAGTTGGTG,OXT_10,AAGATGTATCGTGTGCTG,9
ACACACGGATGTGTGGAA,OXT_28,AGCGGCGGCGACGGCGAA,10
ATGGTGAATAACGGGCCT,OXT_01,AGGCTGCGTAAGTCTGCT,9
CGGGATCGTTCCCACAGG,OXT_11,GGGTAAGGGCACAACAGT,9
CAGGGACGCGAGAAACTG,OXT_22,ACGGGACCGCAGATCGAG,9
TGGGCAATGACTGACTGT,OXT_26,GGGGCATTCACTGAGCTG,7
GAGGCAGACCTTGATCGG,OXT_26,GGGGCATTCACTGAGCTG,7
CTCCAGTCCGGTACGTGT,OXT_27,GTAGAATGGGCATCGTCG,11
AGTGGCAGCTTCAGTCGT,OXT_28,AGCGGCGGCGACGGCGAA,9
ATCATGGGCGGACAAGAT,OXT_03,GACTTGGGCTCATGCTGT,10
ATCGTCGCACTGTCGGAT,OXT_25,TGCATCGCAACAGCAGTT,9
AAGGGGCACGATCACTTC,OXT_15,AGGGTATAACGTCCTTTG,10
TCGTGACATGACCCGTGG,OXT_15,AGGGTATAACGTCCTTTG,11
ACACTCCCTGGATCCGAA,OXT_01,AGGCTGCGTAAGTCTGCT,10
AGTCATTGGTCATACGCG,OXT_24,GGGATTCGGTCATGTCCT,9
ACGGGATTCACACGAGGA,OXT_02,AGGGGAGCGTGCGGAGGC,9
GGAACTCCTGATTCGGTC,OXT_01,AGGCTGCGTAAGTCTGCT,11
AGGTGAACACAACGTGAG,OXT_22,ACGGGACCGCAGATCGAG,8
GTGGACGAAAGTACGCAT,OXT_07,GTGGGTGCATTTGCTGTA,10
GCCATATGACGACGGTTG,OXT_15,AGGGTATAACGTCCTTTG,8
TATACGGGCCATCTGATT,OXT_04,TAGACAGGGCTGACTGTG,10
AGCGGATACGTTAATGTG,OXT_15,AGGGTATAACGTCCTTTG,8
GTGGTCAATACATAGCGT,OXT_20,AGGGCCTAGGGATGACGT,9
AGCGGCAAGCGGTCTGCT,OXT_01,AGGCTGCGTAAGTCTGCT,9
ATGTGTGGAGAAATTTGT,OXT_23,AAGTAGGGACAGAATACG,9
AACCAGAGAATCGGTGTG,OXT_16,ATAAACAGTCTAGCTGTG,8
AGTGGCGAAAAGACACGG,OXT_14,TTGAGCGTAACGACAGTG,8
AGGGCATATGTCAACGTG,OXT_15,AGGGTATAACGTCCTTTG,9
CAGGGATGGATGAGTATA,OXT_04,TAGACAGGGCTGACTGTG,8
ATATGCAGCGATCGGATA,OXT_17,AGGAACTACGATCGTGAA,9
GCACGATGGTTCTCAGTG,OXT_27,GTAGAATGGGCATCGTCG,9
CTAATAAGCGGCTATGGA,OXT_16,ATAAACAGTCTAGCTGTG,11
GCAGTACGCATACGAATG,OXT_05,GGCGGACAGACTCTAATG,8
AACGGGCTAGAATGATTG,OXT_03,GACTTGGGCTCATGCTGT,11
TAGATCTAGATGGTTGCT,OXT_04,TAGACAGGGCTGACTGTG,9
GCAGCGAGGATTGAGCAT,OXT_26,GGGGCATTCACTGAGCTG,9
GAACCATAGGCAGGACTT,OXT_20,AGGGCCTAGGGATGACGT,8
TCTTACCGCCCAATGCAA,OXT_29,CCCCCCCCCCCCCCGCCC,10
GGCGGAACTCGTAGTGAG,OXT_22,ACGGGACCGCAGATCGAG,9
AGTGGTAGACAGGTCCGG,OXT_08,GACGGCATTCAGGCACGT,9
GGGGAGAAGTCACCGGTG,OXT_05,GGCGGACAGACTCTAATG,9
AGGTTGATATAGCTTACG,OXT_23,AAGTAGGGACAGAATACG,7
ACCTATGGGGAAAATGGA,OXT_11,GGGTAAGGGCACAACAGT,9
GAGTGGTGAGGCACGGCA,OXT_23,AAGTAGGGACAGAATACG,10
CAGTAAGGATCTCGGGTA,OXT_07,GTGGGTGCATTTGCTGTA,10
CGAGGGGTGCTGTACGTG,OXT_04,TAGACAGGGCTGACTGTG,10
GCCAAGCAGATAGATCGG,OXT_05,GGCGGACAGACTCTAATG,11
ATTAGCAATCCGTCGTCG,OXT_09,TGTAGTGCTCGGCTGCCG,9
ATACTGGTAATACGTTGC,OXT_18,TAACGGGTTATCCATAAT,9
AGGGACATCCCCTGCTGG,OXT_20,AGGGCCTAGGGATGACGT,10
ATACAGTACCGACTTGCG,OXT_16,ATAAACAGTCTAGCTGTG,9
GGCAGGTCTATGGGCACT,OXT_01,AGGCTGCGTAAGTCTGCT,11
ACCACTGGTGTCGCGCGT,OXT_08,GACGGCATTCAGGCACGT,11
GATACGTTTGATGGTGCA,OXT_17,AGGAACTACGATCGTGAA,9
GCTGAGGTGTAGTCGGAG,OXT_22,ACGGGACCGCAGATCGAG,10
ATGGGAGAATGGCAGCTA,OXT_07,GTGGGTGCATTTGCTGTA,9
CTGCAGGGCGAATAGCGG,OXT_23,AAGTAGGGACAGAATACG,10
TGTACCCTCAACGTGCTG,OXT_26,GGGGCATTCACTGAGCTG,8
ACGGGATCCATGCCAACA,OXT_22,ACGGGACCGCAGATCGAG,10
GCCCGGTATCAACGAGCG,OXT_05,GGCGGACAGACTCTAATG,11
GATCCACTGTCGTACGTC,OXT_12,AATACAGCGGTGTTTCTA,10
GGGAGGGAGAGAGTGCGC,OXT_02,AGGGGAGCGTGCGGAGGC,9
GGGGTGTCCGTAAGTCTG,OXT_26,GGGGCATTCACTGAGCTG,9
GGGTTGTACTCTTGGCCA,OXT_24,GGGATTCGGTCATGTCCT,8
GTGGCAAAGGCTAAGCTG,OXT_26,GGGGCATTCACTGAGCTG,6
TGCACACGATGTTCGGCT,OXT_01,AGGCTGCGTAAGTCTGCT,10
ATGGCATAGACTCGTCCT,OXT_20,AGGGCCTAGGGATGACGT,8
ACGTAGCGCGCGTAGTAG,OXT_23,AAGTAGGGACAGAATACG,9
GTTCAGTACGAATGAGTG,OXT_17,AGGAACTACGATCGTGAA,10
ATGGGTCCACAGGCGGCG,OXT_22,ACGGGACCGCAGATCGAG,7
GGGATTCGACCAGTCCTG,OXT_24,GGGATTCGGTCATGTCCT,7
AGTGTCAGCGGTAGTCAT,OXT_17,AGGAACTACGATCGTGAA,9
ACACAGAGTCATCCGCCG,OXT_16,ATAAACAGTCTAGCTGTG,9
GCGGGTAGATAGCGACCT,OXT_08,GACGGCATTCAGGCACGT,9
GTACCGGAAAGTCGCGTG,OXT_05,GGCGGACAGACTCTAATG,11
GCATGACGGATTAGGTTG,OXT_05,GGCGGACAGACTCTAATG,9
GACTGCAGTGAACACGGA,OXT_08,GACGGCATTCAGGCACGT,9
TGTGGGACTCTCGTTGGA,OXT_02,AGGGGAGCGTGCGGAGGC,10
TAGACACAGACGCTAATT,OXT_05,GGCGGACAGACTCTAATG,7
ATTGGAGAGGGCTTATCT,OXT_02,AGGGGAGCGTGCGGAGGC,9
GTGCAGGATATTACTTCT,OXT_01,AGGCTGCGTAAGTCTGCT,9
CAGGTAGAACTATCGGTG,OXT_04,TAGACAGGGCTGACTGTG,8
AAAGGTGTGAAATCGGCA,OXT_27,GTAGAATGGGCATCGTCG,10
TTAGGCGCACAGCCGGTA,OXT_07,GTGGGTGCATTTGCTGTA,8
ACATACGGGCTTCCGATC,OXT_16,ATAAACAGTCTAGCTGTG,9
ACGATCGATAAATGGTGG,OXT_10,AAGATGTATCGTGTGCTG,10
TCACGACGGATCGAGGCG,OXT_18,TAACGGGTTATCCATAAT,10
GGGTAAGGTGCTTGGGAG,OXT_27,GTAGAATGGGCATCGTCG,9
GGCGGACGTGATATGGCT,OXT_05,GGCGGACAGACTCTAATG,9
TCAACCGTTGCTCATCCT,OXT_18,TAACGGGTTATCCATAAT,9
GACGATCAGCGTCAGGCG,OXT_05,GGCGGACAGACTCTAATG,9
AGGACAAGATCGCGGGAT,OXT_17,AGGAACTACGATCGTGAA,10
ACGGAGGATTGGCAGAGG,OXT_23,AAGTAGGGACAGAATACG,9
GAGGCCAAAGGAGAGGCG,OXT_20,AGGGCCTAGGGATGACGT,10
GACCCAAGAACAAGCACT,OXT_21,GAGCAACGGGTCAGCATT,8
TACGGCCGGGTCATGTGC,OXT_21,GAGCAACGGGTCAGCATT,10
GGAGGAAAAGAGAGGAGA,OXT_05,GGCGGACAGACTCTAATG,11
ACAACGAGTCCTGATGTG,OXT_16,ATAAACAGTCTAGCTGTG,6
ACACTGGATGAGTCGTTG,OXT_01,AGGCTGCGTAAGTCTGCT,9
AGCACACGTCTTGGTGAT,OXT_16,ATAAACAGTCTAGCTGTG,9
ATAATCACTCAGACGTTG,OXT_16,ATAAACAGTCTAGCTGTG,7
GGATACGGTCAGCAGCTT,OXT_11,GGGTAAGGGCACAACAGT,8
CAGCAGCACGCGGAACGT,OXT_08,GACGGCATTCAGGCACGT,11
AGGGTTGCCTCCATGGAT,OXT_02,AGGGGAGCGTGCGGAGGC,9
GTATGGTTAGGCCGACCG,OXT_27,GTAGAATGGGCATCGTCG,11
ACGCACCATACGATCTTG,OXT_22,ACGGGACCGCAGATCGAG,9
TGACCAATGGAGGGTCTG,OXT_04,TAGACAGGGCTGACTGTG,10
ACGGCGGTACGTAACGTG,OXT_15,AGGGTATAACGTCCTTTG,9
GCTACGGGCGATGGACTC,OXT_12,AATACAGCGGTGTTTCTA,11
AGCAGTGTCCATACCGTG,OXT_14,TTGAGCGTAACGACAGTG,9
ACGGGACAGGAGGTACGG,OXT_22,ACGGGACCGCAGATCGAG,6
CAGTGTGTCGTCTGTGTA,OXT_07,GTGGGTGCATTTGCTGTA,9
AATGGAGGCATGGGCACG,OXT_28,AGCGGCGGCGACGGCGAA,9
CTAGGGCAGTGCCAAATT,OXT_05,GGCGGACAGACTCTAATG,9
GATCGATCGTCATCAGTG,OXT_27,GTAGAATGGGCATCGTCG,9
ACACGCTCGACAGTGTGA,OXT_27,GTAGAATGGGCATCGTCG,11
ACGTTACTCGAACGTAGG,OXT_17,AGGAACTACGATCGTGAA,10
CATGCGGACGGGACCGAG,OXT_04,TAGACAGGGCTGACTGTG,10
GTGGTTCCTGTTGCTCAT,OXT_07,GTGGGTGCATTTGCTGTA,7
GCCGTGAATTCGAAGGAG,OXT_22,ACGGGACCGCAGATCGAG,11
GGCCATACCAACTGAGTG,OXT_05,GGCGGACAGACTCTAATG,11
ACTGCAGTAGCCGCGTAG,OXT_26,GGGGCATTCACTGAGCTG,10
AGCGTAACGGTGCGTAAT,OXT_12,AATACAGCGGTGTTTCTA,10
CAAGTGATAGCAGACGCG,OXT_27,GTAGAATGGGCATCGTCG,11
TAGCAGCGGTTAGAAGGT,OXT_21,GAGCAACGGGTCAGCATT,9
ACGGGCACAACACGCGGT,OXT_02,AGGGGAGCGTGCGGAGGC,10
GGCATGTCAGTGACTGTG,OXT_04,TAGACAGGGCTGACTGTG,9
AGGGAGAGCAGACATGGG,OXT_01,AGGCTGCGTAAGTCTGCT,10
TACATTCGCCTAATGATG,OXT_04,TAGACAGGGCTGACTGTG,9
GTAGTAACCATAGTGGAG,OXT_16,ATAAACAGTCTAGCTGTG,10
GACCGTGTACGACGCGCG,OXT_09,TGTAGTGCTCGGCTGCCG,10
TGCGGAGATTATTGCGAG,OXT_28,AGCGGCGGCGACGGCGAA,8
GACGTGTGCTTGGCCCGT,OXT_03,GACTTGGGCTCATGCTGT,7
GGTGCAGTATACAGAGTG,OXT_02,AGGGGAGCGTGCGGAGGC,9
CAGGGACCGGAGATAACG,OXT_22,ACGGGACCGCAGATCGAG,6
CAAGGTATGTTAAACGCT,OXT_18,TAACGGGTTATCCATAAT,11
TAGGTGGGTTCAGTGGCC,OXT_03,GACTTGGGCTCATGCTGT,10
GCTCAGGACGCTGGTGTT,OXT_17,AGGAACTACGATCGTGAA,10
CACCGAGTAGACGTGATT,OXT_18,TAACGGGTTATCCATAAT,10
AGGGTGCCAAATTACTCG,OXT_01,AGGCTGCGTAAGTCTGCT,8
GGGCCATGGGAATGAGAA,OXT_20,AGGGCCTAGGGATGACGT,8
TCGCGAGATGTGCTGGTG,OXT_04,TAGACAGGGCTGACTGTG,9
GGGGATGTATCCATTCGG,OXT_07,GTGGGTGCATTTGCTGTA,10
TGCAGTGCCCGGTGCAGG,OXT_09,TGTAGTGCTCGGCTGCCG,7
ATGGTACACACAGGCGCT,OXT_01,AGGCTGCGTAAGTCTGCT,10
GCACATAGGATGTACGGA,OXT_11,GGGTAAGGGCACAACAGT,11
ACGCCCTTAGGCAATTGC,OXT_20,AGGGCCTAGGGATGACGT,10
ACGGCTAGTCGACGTGCA,OXT_16,ATAAACAGTCTAGCTGTG,10
ATGATCGCAAACGTGGTG,OXT_14,TTGAGCGTAACGACAGTG,8
GGGAGCCGGACGGAACCT,OXT_24,GGGATTCGGTCATGTCCT,7
TGGCTAATCGTACGTGTG,OXT_04,TAGACAGGGCTGACTGTG,10
CGGAACACTGTGAGGGTG,OXT_16,ATAAACAGTCTAGCTGTG,9
AGGGGGAGAAGCGGACTA,OXT_02,AGGGGAGCGTGCGGAGGC,8
TTTATCGAGGACATGTCT,OXT_06,ATCATCATCATCATCATC,11
GACGGAGGTAGAGCTGCT,OXT_08,GACGGCATTCAGGCACGT,9
ATGGGATTCGGACAGCTC,OXT_26,GGGGCATTCACTGAGCTG,8
ATGGGACTGAGCCGGTAG,OXT_02,AGGGGAGCGTGCGGAGGC,9
GAAGACAGGATCGTAGCT,OXT_08,GACGGCATTCAGGCACGT,10
GTAGGGACAGTTGCTGCT,OXT_07,GTGGGTGCATTTGCTGTA,6
GCGCTGTGGCTAGGCTGT,OXT_03,GACTTGGGCTCATGCTGT,8
TGACGGAAGATCAAGCCT,OXT_18,TAACGGGTTATCCATAAT,8
AGGGCCGATCTGATATTG,OXT_04,TAGACAGGGCTGACTGTG,9
TCCCGCATTCCGCTCGAA,OXT_08,GACGGCATTCAGGCACGT,10
GGTGTCCAAACATCGTCG,OXT_27,GTAGAATGGGCATCGTCG,8
GTGGCAAACAAACGTGCA,OXT_17,AGGAACTACGATCGTGAA,9
GATGCATGCTGCTACCGG,OXT_26,GGGGCATTCACTGAGCTG,9
GCGGTGAGAGTCAAAGTG,OXT_21,GAGCAACGGGTCAGCATT,10
ATAGCGGTACCTGGTGTG,OXT_07,GTGGGTGCATTTGCTGTA,9
CGTGGTAGTAGATCCATA,OXT_01,AGGCTGCGTAAGTCTGCT,12
ATGGCCGACTATAAGTTG,OXT_26,GGGGCATTCACTGAGCTG,9
ATGCGGTTGGCATACTGA,OXT_20,AGGGCCTAGGGATGACGT,10
AAGGGCGAATGAGGCCTT,OXT_20,AGGGCCTAGGGATGACGT,8
GCAAGAGATGTCTTACGG,OXT_12,AATACAGCGGTGTTTCTA,10
AGGGTAATGGCATACTTC,OXT_15,AGGGTATAACGTCCTTTG,10
GGCACGAAACTTCGCGAT,OXT_17,AGGAACTACGATCGTGAA,10
AGTCGGCACATTCTCATG,OXT_05,GGCGGACAGACTCTAATG,7
AGCAGTCTTAACGTCGTG,OXT_06,ATCATCATCATCATCATC,9
CTAGCGCTCGTCCCAAGT,OXT_18,TAACGGGTTATCCATAAT,10
AATGCGCCGACGTCGTGT,OXT_01,AGGCTGCGTAAGTCTGCT,10
GAATGACTGCTAGACGCG,OXT_22,ACGGGACCGCAGATCGAG,10
GCAGGTCTAGTCAGAGCG,OXT_07,GTGGGTGCATTTGCTGTA,11
ATGGACATCGGTACATGG,OXT_13,TATTACACTAGTGGATGG,9
CATGGCGGCTCAAGATCT,OXT_03,GACTTGGGCTCATGCTGT,8
AAGGTAGGCTGAGCAAGG,OXT_02,AGGGGAGCGTGCGGAGGC,8
CGGTAGGGATAGCGCTGT,OXT_03,GACTTGGGCTCATGCTGT,8
ACGCTGGTCATTGGATCT,OXT_01,AGGCTGCGTAAGTCTGCT,10
ATGCGGTGTCCAATGTGT,OXT_10,AAGATGTATCGTGTGCTG,10
GTGTAGTTGCAAGGGTAC,OXT_27,GTAGAATGGGCATCGTCG,10
TAACAGGAAAGGCCAGAG,OXT_14,TTGAGCGTAACGACAGTG,9
GCGTGCACAGGAGGGGAG,OXT_13,TATTACACTAGTGGATGG,10
ACGCAAGAATAAGTGTCG,OXT_23,AAGTAGGGACAGAATACG,10
ACTGTGCGTACACTTGGG,OXT_01,AGGCTGCGTAAGTCTGCT,9
AAGGGCAACCTGGCGTCA,OXT_08,GACGGCATTCAGGCACGT,9
TGCGGCTGTTTGCACGAT,OXT_28,AGCGGCGGCGACGGCGAA,9
ACCAGTTCATCGCCGTGT,OXT_09,TGTAGTGCTCGGCTGCCG,11
AGGCCGAGAGAGACGCTG,OXT_01,AGGCTGCGTAAGTCTGCT,9
GTGGGACGGCATGTGGCT,OXT_22,ACGGGACCGCAGATCGAG,8
GGCAAGACGTGACCCCGT,OXT_03,GACTTGGGCTCATGCTGT,10
AACCAGGAACGGTGATGC,OXT_03,GACTTGGGCTCATGCTGT,10
AGCTTTGGGTGTACCTCT,OXT_03,GACTTGGGCTCATGCTGT,9
GTGGCACTGTACTGAGGA,OXT_02,AGGGGAGCGTGCGGAGGC,8
ATCGGGCGTATCTTCCTC,OXT_06,ATCATCATCATCATCATC,8
ACGGTGTGAGACGCCTTG,OXT_15,AGGGTATAACGTCCTTTG,8
AAGGCGGAATAGATTGTC,OXT_23,AAGTAGGGACAGAATACG,8
TAGACCAGCTCATCGTGT,OXT_03,GACTTGGGCTCATGCTGT,8
GCTGTGGTGGAGAGGTGA,OXT_03,GACTTGGGCTCATGCTGT,11
GCATAGTGGGAACGTCCG,OXT_27,GTAGAATGGGCATCGTCG,8
AGCGGGAGATAGGTGTGT,OXT_08,GACGGCATTCAGGCACGT,9
ACGCAACCAGTGACGGCA,OXT_22,ACGGGACCGCAGATCGAG,9
GACGTGAACCAGCAAGTG,OXT_08,GACGGCATTCAGGCACGT,9
ACGTTGAGTTGGGAGGCA,OXT_01,AGGCTGCGTAAGTCTGCT,9
AGCCACCGTTTGATGGGT,OXT_01,AGGCTGCGTAAGTCTGCT,9
AGTCCTAGCCTTGGGACG,OXT_09,TGTAGTGCTCGGCTGCCG,11
TATGCGGCGAGCACCGAT,OXT_04,TAGACAGGGCTGACTGTG,10
ACGGTTAGAGTAGCCCGG,OXT_16,ATAAACAGTCTAGCTGTG,10
AGGGCCGCCTTACATAGT,OXT_20,AGGGCCTAGGGATGACGT,9
GGTGACTGCACGATTGTT,OXT_26,GGGGCATTCACTGAGCTG,10
TGTCGAGATGAGGGCTTC,OXT_28,AGCGGCGGCGACGGCGAA,10
AGCCACGCTGGATAAAGT,OXT_20,AGGGCCTAGGGATGACGT,8
TTACGTGACATTGAGGCT,OXT_18,TAACGGGTTATCCATAAT,9
TGGCCAAAAGGTGCGTCG,OXT_15,AGGGTATAACGTCCTTTG,8
GAGTTGCCTGGTGACGTT,OXT_10,AAGATGTATCGTGTGCTG,9
AGACAGCGAATGGGCACT,OXT_01,AGGCTGCGTAAGTCTGCT,8
AATGCGCTCGCTTCAACT,OXT_01,AGGCTGCGTAAGTCTGCT,11
ACGCATGGCCGTTGTAAG,OXT_23,AAGTAGGGACAGAATACG,9
ATACGGTGGCTGAAGTCC,OXT_23,AAGTAGGGACAGAATACG,10
TAGGACCAGTATACGTAG,OXT_22,ACGGGACCGCAGATCGAG,10
GGGACCGCTCCAAAAGGC,OXT_25,TGCATCGCAACAGCAGTT,9
ATAGACGCTGGCTCCCCT,OXT_20,AGGGCCTAGGGATGACGT,10
GCCGGGAACGCTAGTACT,OXT_05,GGCGGACAGACTCTAATG,10
GCTGAACACGGTATGTCT,OXT_27,GTAGAATGGGCATCGTCG,10
GGCCGGTAACCCTAAGAG,OXT_05,GGCGGACAGACTCTAATG,10
TAGGAGCCTGTTGTCACC,OXT_21,GAGCAACGGGTCAGCATT,10
GGAGGCAGACGTGACGTG,OXT_16,ATAAACAGTCTAGCTGTG,9
TGGACCTCAGTGCAACTG,OXT_14,TTGAGCGTAACGACAGTG,9
ACGCAAGAGGCAGGGAGG,OXT_02,AGGGGAGCGTGCGGAGGC,10
TGACAAGAGACCTGTTCG,OXT_27,GTAGAATGGGCATCGTCG,9
AGGGAGACATGCCTTCGT,OXT_02,AGGGGAGCGTGCGGAGGC,9
TATGCCACAGGACGTCTG,OXT_13,TATTACACTAGTGGATGG,9
ACAACTAGCAGAAGCGGG,OXT_16,ATAAACAGTCTAGCTGTG,10
TTGTCGCGCTATCGAACG,OXT_23,AAGTAGGGACAGAATACG,10
GTGCAATCCGTTCCCAGT,OXT_21,GAGCAACGGGTCAGCATT,8
AGTAGGACAGACGCTCTT,OXT_12,AATACAGCGGTGTTTCTA,10
GGAGTACATCGCGCCCTT,OXT_15,AGGGTATAACGTCCTTTG,9
TTGGGTAACCATGACGGC,OXT_07,GTGGGTGCATTTGCTGTA,10
TAGGCGTTAAACTGTAGT,OXT_18,TAACGGGTTATCCATAAT,9
TGATAGTTCAAACGCGTA,OXT_17,AGGAACTACGATCGTGAA,9
CATGTACTCGGACGGCTT,OXT_20,AGGGCCTAGGGATGACGT,11
ATTGGACCTCACCGCGTG,OXT_22,ACGGGACCGCAGATCGAG,7
AGCTGGGTACATGGCTGT,OXT_03,GACTTGGGCTCATGCTGT,9
GTGGGACCAGGTATAGCT,OXT_07,GTGGGTGCATTTGCTGTA,9
ACCGGTCAAGGGTGCACT,OXT_20,AGGGCCTAGGGATGACGT,10
AGCAGGGGACATGCTGCT,OXT_01,AGGCTGCGTAAGTCTGCT,8
GTCCAACTTCTCCGAGTG,OXT_21,GAGCAACGGGTCAGCATT,9
GCGGGGCATTATAGGTTC,OXT_05,GGCGGACAGACTCTAATG,11
TTGGTCGTAACGATAATG,OXT_14,TTGAGCGTAACGACAGTG,4
ATACCGATCACCTTGTGT,OXT_06,ATCATCATCATCATCATC,10
AGCGGAGACTGCTAACGA,OXT_02,AGGGGAGCGTGCGGAGGC,7
AGGCTATGTGACGGCGCT,OXT_01,AGGCTGCGTAAGTCTGCT,7
GTTGGCCCAGGACCTTCA,OXT_07,GTGGGTGCATTTGCTGTA,9
GATGCAATCGACTGGCGG,OXT_26,GGGGCATTCACTGAGCTG,9
GCCTGTGCAACCGTGTGT,OXT_03,GACTTGGGCTCATGCTGT,10
GGGTATCCGGTCATCTGC,OXT_11,GGGTAAGGGCACAACAGT,8
GGACATAGAGTTCTCCGA,OXT_21,GAGCAACGGGTCAGCATT,11
AGGCACCCGGTCAGACGT,OXT_20,AGGGCCTAGGGATGACGT,7
ATGCCTAGTGTGCTGTCA,OXT_01,AGGCTGCGTAAGTCTGCT,11
AGTGGATGAAGACGCGTC,OXT_02,AGGGGAGCGTGCGGAGGC,9
TAGGGCAATGTTTCGCAA,OXT_08,GACGGCATTCAGGCACGT,10
TACTGGGGATGACAAGCG,OXT_23,AAGTAGGGACAGAATACG,9
ATGTTCAGGCAGCAGCGG,OXT_23,AAGTAGGGACAGAATACG,9
AATAACAGTTCGTGAGTC,OXT_16,ATAAACAGTCTAGCTGTG,9
ACGCGGGATATTACACCA,OXT_01,AGGCTGCGTAAGTCTGCT,10
ATGCCTCTGTGGGGAATG,OXT_02,AGGGGAGCGTGCGGAGGC,10
ACGTAGCACGCGGAGTAT,OXT_17,AGGAACTACGATCGTGAA,11
TTGGGTAACGATAGCGTG,OXT_07,GTGGGTGCATTTGCTGTA,10
GTGAAGTGTGCGGCGTGT,OXT_27,GTAGAATGGGCATCGTCG,8
ATGTCGGACACGGTAGCA,OXT_14,TTGAGCGTAACGACAGTG,10
ATGATGCAGCGAAGCCGT,OXT_20,AGGGCCTAGGGATGACGT,8
GTGAGCACGTCAATGTGG,OXT_14,TTGAGCGTAACGACAGTG,10
TAGGACAACAGGGCAGCT,OXT_08,GACGGCATTCAGGCACGT,9
GTGACCCATGCTTGTGTA,OXT_17,AGGAACTACGATCGTGAA,8
TTCCTGCGTGATGGAGAT,OXT_01,AGGCTGCGTAAGTCTGCT,9
GTACCATGATCGAGGAGC,OXT_27,GTAGAATGGGCATCGTCG,10
GTTGGGTAAGCGTTGCCG,OXT_27,GTAGAATGGGCATCGTCG,8
ACCGAGATGGCGACGCGA,OXT_08,GACGGCATTCAGGCACGT,10
GGGCCGACACGTGCTAAG,OXT_15,AGGGTATAACGTCCTTTG,9
GAGGAGATGCAGGGACAG,OXT_08,GACGGCATTCAGGCACGT,7
ACGGGTCGATTAGCACGG,OXT_07,GTGGGTGCATTTGCTGTA,9
TAGGGCTACTGACCTGGA,OXT_17,AGGAACTACGATCGTGAA,9
TAGTCGAATCTACTTGCG,OXT_04,TAGACAGGGCTGACTGTG,9
GAGTGGGCTGACGTACTA,OXT_07,GTGGGTGCATTTGCTGTA,10
GGGCACGCTGGTTACTGA,OXT_11,GGGTAAGGGCACAACAGT,10
AGGCAGTACTAGGTCGTG,OXT_10,AAGATGTATCGTGTGCTG,9
GAGGCAGGAGGATCATCT,OXT_27,GTAGAATGGGCATCGTCG,8
ACACCACTGCACATTCCT,OXT_22,ACGGGACCGCAGATCGAG,9
GTCGGGACATACCGTCGG,OXT_07,GTGGGTGCATTTGCTGTA,10
ACGCGGGACTACCTTTTA,OXT_17,AGGAACTACGATCGTGAA,10
ACAGCAGGAGTAGAGCGG,OXT_26,GGGGCATTCACTGAGCTG,10
GGGAGCGTTGTCAAGGTA,OXT_14,TTGAGCGTAACGACAGTG,9
GGTAGGTCATCTCAGTCT,OXT_09,TGTAGTGCTCGGCTGCCG,10
ATGGGACGAGACTGCACA,OXT_28,AGCGGCGGCGACGGCGAA,8
GGTGAGTGCATAATCACG,OXT_27,GTAGAATGGGCATCGTCG,10
ACGAGGGATCCACACGCA,OXT_09,TGTAGTGCTCGGCTGCCG,11
GCAGTGCCTGTACTTCTG,OXT_05,GGCGGACAGACTCTAATG,11
GAGCTGGGTGAGTGTTTG,OXT_01,AGGCTGCGTAAGTCTGCT,8
AGGTTGTACAACGTCTCG,OXT_10,AAGATGTATCGTGTGCTG,9
ACAGGTGGCCATCGTGTG,OXT_28,AGCGGCGGCGACGGCGAA,9
ACCAAGACGCCATACAAT,OXT_03,GACTTGGGCTCATGCTGT,11
GATCAACAGGATGCAGCG,OXT_05,GGCGGACAGACTCTAATG,10
ATGCAGAAGACTTGTGCA,OXT_01,AGGCTGCGTAAGTCTGCT,9
AAGGGCAATTTGCGGGCG,OXT_02,AGGGGAGCGTGCGGAGGC,11
AGCGACGAACCAGAGCGG,OXT_20,AGGGCCTAGGGATGACGT,10
ACGGGGTGAACGACCCAT,OXT_22,ACGGGACCGCAGATCGAG,9
ATGGGCTGTGAATTTACC,OXT_01,AGGCTGCGTAAGTCTGCT,10
AGGGCAGTAACTAGTATC,OXT_26,GGGGCATTCACTGAGCTG,8
GCCTGAGGTTCTGGCGTG,OXT_03,GACTTGGGCTCATGCTGT,9
TGGGTTCAGCAATTGTGG,OXT_15,AGGGTATAACGTCCTTTG,10
GGGCAGTATACTACGTGG,OXT_26,GGGGCATTCACTGAGCTG,9
TGACGGAGATCAGCCCTG,OXT_16,ATAAACAGTCTAGCTGTG,10
TGGGCAACCGGGCAGCAA,OXT_26,GGGGCATTCACTGAGCTG,9
AGGCATACACATTGGCGT,OXT_20,AGGGCCTAGGGATGACGT,10
AATAGGTTCCGACCCTGT,OXT_03,GACTTGGGCTCATGCTGT,10
ATTGCGGGTGAGGCCCTT,OXT_01,AGGCTGCGTAAGTCTGCT,10
GTGTCATGCGGATGCTTG,OXT_27,GTAGAATGGGCATCGTCG,8
ACCGGGTCGACTACTGAG,OXT_22,ACGGGACCGCAGATCGAG,8
AATGTCGCCCTATGTCGC,OXT_12,AATACAGCGGTGTTTCTA,9
GTGGAATAAGGTACTTCG,OXT_15,AGGGTATAACGTCCTTTG,6
GAGGGCACAACTGACCAT,OXT_08,GACGGCATTCAGGCACGT,9
GTGTAGCTCATACATGCT,OXT_01,AGGCTGCGTAAGTCTGCT,10
TAGGAGCTTCACACCCCG,OXT_23,AAGTAGGGACAGAATACG,9
GCTGGGGACACGTTAAGC,OXT_05,GGCGGACAGACTCTAATG,9
GAGGTAGATACCGACGTG,OXT_26,GGGGCATTCACTGAGCTG,8
GACCGGCGTATTGGTACA,OXT_18,TAACGGGTTATCCATAAT,9
GAACCGTGAGGATGAACT,OXT_20,AGGGCCTAGGGATGACGT,9
TGTTCAGCGCTGTCGGAT,OXT_04,TAGACAGGGCTGACTGTG,8
GAAGGCTGTTACGGCATA,OXT_28,AGCGGCGGCGACGGCGAA,8
GCGGGAGAGACGGAGATG,OXT_05,GGCGGACAGACTCTAATG,7
GGGCAACAACATGCGACG,OXT_15,AGGGTATAACGTCCTTTG,9
AGGCGAGACAGTTAACAG,OXT_26,GGGGCATTCACTGAGCTG,9
AAGGTTCTGCAGACGTGT,OXT_08,GACGGCATTCAGGCACGT,9
AACAGATCAATCCGCATG,OXT_06,ATCATCATCATCATCATC,9
GGTAGGAACTAAGCGGTT,OXT_25,TGCATCGCAACAGCAGTT,10
GGCGGAGATATGATCGTG,OXT_05,GGCGGACAGACTCTAATG,7
ACTCCGGATAATTCGTGG,OXT_01,AGGCTGCGTAAGTCTGCT,10
TTGCGCCATCCGACTCGT,OXT_08,GACGGCATTCAGGCACGT,9
TTGGCAGGACCTGGTGAG,OXT_04,TAGACAGGGCTGACTGTG,8
ACGCATGGACGCAAAGTG,OXT_23,AAGTAGGGACAGAATACG,8
GGCATGGTCTTAATCGCT,OXT_03,GACTTGGGCTCATGCTGT,8
AACTGGTGATCGGTTGGA,OXT_03,GACTTGGGCTCATGCTGT,10
ACCGAGACAGTGTTGTCG,OXT_27,GTAGAATGGGCATCGTCG,10
GCATACGAAGTACGAGCG,OXT_16,ATAAACAGTCTAGCTGTG,11
GGGATAGTTCGCCCGCGT,OXT_09,TGTAGTGCTCGGCTGCCG,9
AGGGTACTTCCCACTCGC,OXT_15,AGGGTATAACGTCCTTTG,9
TACGGACCGGATGGAGTG,OXT_05,GGCGGACAGACTCTAATG,8
AGATCCAGGTCGCCAGGT,OXT_20,AGGGCCTAGGGATGACGT,10
ATAGCAGAATTGCCGTGA,OXT_07,GTGGGTGCATTTGCTGTA,10
GGGTAACATCACCTTGCT,OXT_11,GGGTAAGGGCACAACAGT,8
ATGGGCACGAGGTTATCT,OXT_20,AGGGCCTAGGGATGACGT,9
AGGGAACCGTGGCATCCA,OXT_02,AGGGGAGCGTGCGGAGGC,9
GACGTTCCTGACACAGGG,OXT_08,GACGGCATTCAGGCACGT,9
GCGGCGTATCAGATTGTT,OXT_22,ACGGGACCGCAGATCGAG,9
GAGGCGACGTGCATTTCC,OXT_02,AGGGGAGCGTGCGGAGGC,10
CGATCATAGTCGCGCAGG,OXT_05,GGCGGACAGACTCTAATG,10
AGGAGGATAACCCTTCCG,OXT_09,TGTAGTGCTCGGCTGCCG,10
GGGACGTAAGCCTGGCAG,OXT_20,AGGGCCTAGGGATGACGT,9
GGGACGGCGACAGAGCTA,OXT_26,GGGGCATTCACTGAGCTG,7
AGGCGCTACGGAGGGATG,OXT_20,AGGGCCTAGGGATGACGT,8
ACGGAGATTACGCTATTG,OXT_05,GGCGGACAGACTCTAATG,10
CTGCAGTTCGATGGGTAG,OXT_17,AGGAACTACGATCGTGAA,9
GCTCGTTGTGTAAAGCGG,OXT_09,TGTAGTGCTCGGCTGCCG,11
AGCCCTGTATAGAGGTGG,OXT_23,AAGTAGGGACAGAATACG,11
TGCAGACTGAACGGATCG,OXT_05,GGCGGACAGACTCTAATG,9
GCCGGATGCACTCGTGTA,OXT_05,GGCGGACAGACTCTAATG,8
AAGGTGACAGACGAATCG,OXT_23,AAGTAGGGACAGAATACG,9
ACGGGCAACGTCACTTGT,OXT_20,AGGGCCTAGGGATGACGT,10
AGGAGATACCGTGTGGTA,OXT_10,AAGATGTATCGTGTGCTG,6
GTACAGAAGATAGTCGAG,OXT_16,ATAAACAGTCTAGCTGTG,9
ACAACTTCCGTCGCCGTG,OXT_16,ATAAACAGTCTAGCTGTG,9
GTTGAACACTGGTATCGT,OXT_20,AGGGCCTAGGGATGACGT,11
AACTGGCGCTATCCGTGT,OXT_03,GACTTGGGCTCATGCTGT,8
TAGAGGGCCGGAGAGGAG,OXT_09,TGTAGTGCTCGGCTGCCG,10
CGTTACGCAGGCGGTTAT,OXT_13,TATTACACTAGTGGATGG,9
ATGGGTCCAAGGCTGCAG,OXT_09,TGTAGTGCTCGGCTGCCG,8
GTAGCGCAGACGTAAGCA,OXT_05,GGCGGACAGACTCTAATG,10
ACATGCGAACCTCGATGG,OXT_13,TATTACACTAGTGGATGG,10
AGTATCGGATGTGACGCG,OXT_25,TGCATCGCAACAGCAGTT,10
GTACCGGCTAGTTGCTGT,OXT_03,GACTTGGGCTCATGCTGT,9
TTATTCTGGACGGGAAGC,OXT_13,TATTACACTAGTGGATGG,10
AAGCGGAACGTTGGGTAG,OXT_10,AAGATGTATCGTGTGCTG,9
CAGGACGGTTACGTGGTG,OXT_10,AAGATGTATCGTGTGCTG,10
AACATACGAAACGACGGT,OXT_01,AGGCTGCGTAAGTCTGCT,10
AAGCAGTGATGGTAGGGA,OXT_23,AAGTAGGGACAGAATACG,9
ACGACGGCGAATATGTCG,OXT_22,ACGGGACCGCAGATCGAG,9
AATGGGTCCGCTGCCTTG,OXT_10,AAGATGTATCGTGTGCTG,10
GGCGGCAGGGCAATCTAT,OXT_28,AGCGGCGGCGACGGCGAA,9
CTACTTTCGCTGGGATTA,OXT_07,GTGGGTGCATTTGCTGTA,11
TGTTGTTCGACGAGCGCA,OXT_09,TGTAGTGCTCGGCTGCCG,10
ATTGGGCACGTCCCGGAT,OXT_28,AGCGGCGGCGACGGCGAA,10
CATACGTGGAAAGACGCT,OXT_01,AGGCTGCGTAAGTCTGCT,11
GTACACAGACACGGTGCA,OXT_16,ATAAACAGTCTAGCTGTG,8
TGCAGGGCCAATTCTGTA,OXT_25,TGCATCGCAACAGCAGTT,8
AAGGGATGAGGGTGACCG,OXT_20,AGGGCCTAGGGATGACGT,8
ACGAACGGCTTCCGTATG,OXT_16,ATAAACAGTCTAGCTGTG,9
TCGGGAGGATTGTCGTAG,OXT_04,TAGACAGGGCTGACTGTG,9
TTGGGAACGTACCGATGT,OXT_02,AGGGGAGCGTGCGGAGGC,7
CACTGGTAGACGCGGCAG,OXT_05,GGCGGACAGACTCTAATG,10
AGCGGATCGAGCCGGATG,OXT_05,GGCGGACAGACTCTAATG,7
CGAATGACGGGTTAAGCA,OXT_01,AGGCTGCGTAAGTCTGCT,12
ACAGTAGCTTGTGATGTG,OXT_02,AGGGGAGCGTGCGGAGGC,9
TCACTGTAGGACGACGCT,OXT_01,AGGCTGCGTAAGTCTGCT,11
AGGTCCTGTAAGACTGCT,OXT_01,AGGCTGCGTAAGTCTGCT,5
ACTACCCATCACCGCCGT,OXT_19,CCCCCCCCCCCCCCCCCC,9
AACACGGTGGCATGCACG,OXT_03,GACTTGGGCTCATGCTGT,9
GCCGGACGCGTGTTATTT,OXT_05,GGCGGACAGACTCTAATG,9
AAGGGAGGTCCTTACGAT,OXT_22,ACGGGACCGCAGATCGAG,9
GGCCCACACCGTCTTTCG,OXT_05,GGCGGACAGACTCTAATG,8
CACGGGGTAATCATGTGT,OXT_18,TAACGGGTTATCCATAAT,9
AGAGGGATTCAGAGTTGT,OXT_08,GACGGCATTCAGGCACGT,8
GGAGCAGACATTCTGTGG,OXT_05,GGCGGACAGACTCTAATG,8
GTAGACAGAAGGTGGCGC,OXT_27,GTAGAATGGGCATCGTCG,10
CTTGGGATAGTTCATTCT,OXT_18,TAACGGGTTATCCATAAT,10
TGTGCCCGCACTTGCCTT,OXT_26,GGGGCATTCACTGAGCTG,9
GGTAGTGCCGTCACCCGT,OXT_09,TGTAGTGCTCGGCTGCCG,10
GACCCTGAAGGAGGCAGC,OXT_03,GACTTGGGCTCATGCTGT,10
GGGGAAGACGCGGTTTGT,OXT_11,GGGTAAGGGCACAACAGT,10
AGCATGTACGAGTTGACG,OXT_10,AAGATGTATCGTGTGCTG,9
AATCTCTAGCGCTCCGGG,OXT_10,AAGATGTATCGTGTGCTG,10
AGAAGCGTGAGACAGTGA,OXT_02,AGGGGAGCGTGCGGAGGC,11
GCAGGTGCATCTAGGCTA,OXT_07,GTGGGTGCATTTGCTGTA,7
ATGGCGTTCGACATTGCC,OXT_06,ATCATCATCATCATCATC,10
AGGCGAGGCTGAATGACG,OXT_02,AGGGGAGCGTGCGGAGGC,10
GGCAGGGTATACTGGTCG,OXT_03,GACTTGGGCTCATGCTGT,10
GGGCCAAGAACGGGTGAC,OXT_01,AGGCTGCGTAAGTCTGCT,10
GACACGGGGATGAACCTA,OXT_04,TAGACAGGGCTGACTGTG,8
GGGACGGTAGACGTTGGG,OXT_02,AGGGGAGCGTGCGGAGGC,11
GCTGGTAGTTCACGACAA,OXT_24,GGGATTCGGTCATGTCCT,10
AGAGAAACGGCCGAGTGT,OXT_02,AGGGGAGCGTGCGGAGGC,9
TATGTACTTGTGTAGGCT,OXT_01,AGGCTGCGTAAGTCTGCT,10
GTGGGATGACACAGACGC,OXT_02,AGGGGAGCGTGCGGAGGC,9
GCCTAGCGGTGACCGTGC,OXT_03,GACTTGGGCTCATGCTGT,9
ATGCGTGACGAGACGTCG,OXT_14,TTGAGCGTAACGACAGTG,10
AGCACTCCCTGTGTGGAG,OXT_09,TGTAGTGCTCGGCTGCCG,10
GAACGCGTTAACGTGAGG,OXT_18,TAACGGGTTATCCATAAT,8
CTTCCCCGTAGTGTGCTT,OXT_10,AAGATGTATCGTGTGCTG,10
GGGACACTTGCTTGCTCG,OXT_24,GGGATTCGGTCATGTCCT,9
AGGCAGAAGGGACGCGAG,OXT_17,AGGAACTACGATCGTGAA,8
GGGGCATGTATAAGGTCA,OXT_26,GGGGCATTCACTGAGCTG,9
ACCACCGTCAGGTCTGTG,OXT_14,TTGAGCGTAACGACAGTG,8
ACATAAGGTCATACCGCT,OXT_11,GGGTAAGGGCACAACAGT,8
GGCAGGCATTAGGGTTAG,OXT_01,AGGCTGCGTAAGTCTGCT,11
GATCGGTGAATTCGGCAT,OXT_18,TAACGGGTTATCCATAAT,9
ATACCTTCAGCCATGGCT,OXT_27,GTAGAATGGGCATCGTCG,11
GTGGGGCGTCACACCTTA,OXT_07,GTGGGTGCATTTGCTGTA,10
TCACACTCGTCTGGTCAG,OXT_13,TATTACACTAGTGGATGG,10
GAGCAGCTGGCATTCGGG,OXT_21,GAGCAACGGGTCAGCATT,9
AACGACCTCCAGGAGTGG,OXT_08,GACGGCATTCAGGCACGT,8
ATGACGAGCGGTTCTGTG,OXT_16,ATAAACAGTCTAGCTGTG,8
ACGTCCAACTAGACCGTG,OXT_22,ACGGGACCGCAGATCGAG,9
ATCAGCCGGATGTACTCT,OXT_01,AGGCTGCGTAAGTCTGCT,10
ACGGGTTATCGTGTGCGT,OXT_10,AAGATGTATCGTGTGCTG,6
CAGGGCGGTAACATGGTG,OXT_14,TTGAGCGTAACGACAGTG,9
GACGGTTGTTCGGCGCAC,OXT_08,GACGGCATTCAGGCACGT,8
GTACGCACGTACGGTCTG,OXT_07,GTGGGTGCATTTGCTGTA,10
TGGCGGGAGTAATCGATG,OXT_01,AGGCTGCGTAAGTCTGCT,11
TCAAGACTGGTAGATTGG,OXT_04,TAGACAGGGCTGACTGTG,11
GCTCTGCGGGACCTGCAG,OXT_21,GAGCAACGGGTCAGCATT,11
GACGTCGTCTCTTCCTGA,OXT_03,GACTTGGGCTCATGCTGT,6
GGGCACAAGGGAACACTA,OXT_20,AGGGCCTAGGGATGACGT,8
AGGCGGTCCTCAGCGGCG,OXT_01,AGGCTGCGTAAGTCTGCT,10
TGGGCAACAGTGACACGC,OXT_02,AGGGGAGCGTGCGGAGGC,10
ACGTGTGTGTGCTTCACG,OXT_02,AGGGGAGCGTGCGGAGGC,10
ATATCGATATCTCAGTGG,OXT_26,GGGGCATTCACTGAGCTG,11
AATGGTTAACCCAGTGTG,OXT_15,AGGGTATAACGTCCTTTG,9
ACCGATATGGTGTCCGCT,OXT_01,AGGCTGCGTAAGTCTGCT,11
GAGGATTGCCAAACGCTG,OXT_26,GGGGCATTCACTGAGCTG,9
CGAACAGGGAACGCGGAG,OXT_04,TAGACAGGGCTGACTGTG,9
ATGGAGTTAAGTACATGG,OXT_15,AGGGTATAACGTCCTTTG,8
TAGACTGCCACGAGAGGT,OXT_14,TTGAGCGTAACGACAGTG,8
TCGCCCGTGATTCCATGT,OXT_14,TTGAGCGTAACGACAGTG,10
GTGGCACAATGGGCACCT,OXT_07,GTGGGTGCATTTGCTGTA,10
GCGGCATCGGACGGACCT,OXT_20,AGGGCCTAGGGATGACGT,8
TCACAGCGCGGTTCATAT,OXT_01,AGGCTGCGTAAGTCTGCT,11
ATGAGCTCCGTCCTTGTT,OXT_17,AGGAACTACGATCGTGAA,8
CATCCATGGGTATTCGTG,OXT_12,AATACAGCGGTGTTTCTA,8
CTGTAGTAGGCGATAGTG,OXT_14,TTGAGCGTAACGACAGTG,9
GCTGGACCGACGTGGTGG,OXT_05,GGCGGACAGACTCTAATG,9
TGGATGTCATGAGTGCGG,OXT_10,AAGATGTATCGTGTGCTG,7
ACGCGAGGGATTTCGGCG,OXT_01,AGGCTGCGTAAGTCTGCT,9
ATCAATGAGGTTCAGAGG,OXT_05,GGCGGACAGACTCTAATG,11
GGGCAAAGGTGAGCGCTA,OXT_21,GAGCAACGGGTCAGCATT,10
TGGCAGGTGTGAGTTTTG,OXT_02,AGGGGAGCGTGCGGAGGC,11
ATGGGCAGGAAACGCAGG,OXT_20,AGGGCCTAGGGATGACGT,10
TACCAGATTCCGCTCTGG,OXT_08,GACGGCATTCAGGCACGT,10
CGGGACTCAGTCTACGCT,OXT_20,AGGGCCTAGGGATGACGT,10
GCGGGTCAACTTGGCGTA,OXT_07,GTGGGTGCATTTGCTGTA,6
ACACCAGGACGGGCCTAT,OXT_04,TAGACAGGGCTGACTGTG,11
ACGGTAGCGTTTATCCTT,OXT_22,ACGGGACCGCAGATCGAG,8
CAATCGCACTAGTTCGGG,OXT_03,GACTTGGGCTCATGCTGT,10
ATCCTCGATGTGCAGACG,OXT_06,ATCATCATCATCATCATC,11
GCGGAGAGGTCAGTAGCG,OXT_27,GTAGAATGGGCATCGTCG,9
TTAGTGCTGGTTCACGTG,OXT_05,GGCGGACAGACTCTAATG,11
GCTAGGATCTATGCTCGG,OXT_08,GACGGCATTCAGGCACGT,9
GTGATACGCAGCGAGCAT,OXT_26,GGGGCATTCACTGAGCTG,9
GGCGGCTTCCGACTGAGT,OXT_08,GACGGCATTCAGGCACGT,9
GCGGCTCTGCTAGATGTG,OXT_04,TAGACAGGGCTGACTGTG,9
CAGGGATGATCTGGGGCG,OXT_26,GGGGCATTCACTGAGCTG,9
GTACGATAGGACGGCAGT,OXT_21,GAGCAACGGGTCAGCATT,8
ACGGTAAGCGTGTTGTAG,OXT_22,ACGGGACCGCAGATCGAG,9
ATCGCTGGTAGGCTAGCA,OXT_09,TGTAGTGCTCGGCTGCCG,10
GTGAGGTAAGACGTGTAG,OXT_10,AAGATGTATCGTGTGCTG,9
AGGTAGGGGATAGGCCCG,OXT_23,AAGTAGGGACAGAATACG,9
ATGGCGCTCTGCATAATG,OXT_06,ATCATCATCATCATCATC,9
GTGGTACGATGTTAACTG,OXT_15,AGGGTATAACGTCCTTTG,9
GCAGTCAGTGTACGCCGT,OXT_03,GACTTGGGCTCATGCTGT,10
AGCACACTACGTCAGCGA,OXT_15,AGGGTATAACGTCCTTTG,10
CACGAAGGGACTGTTGCG,OXT_05,GGCGGACAGACTCTAATG,9
AAGGCACTGTCCTCTTCT,OXT_24,GGGATTCGGTCATGTCCT,9
TGAGGAATGGGTACTGAT,OXT_02,AGGGGAGCGTGCGGAGGC,11
AGGGCGGAGTGTACGCGG,OXT_20,AGGGCCTAGGGATGACGT,8
ACAGGAGTAGCGGCTACA,OXT_07,GTGGGTGCATTTGCTGTA,10
ACCGTTTGAGTCTAGTGC,OXT_27,GTAGAATGGGCATCGTCG,11
ATGCTAGCAGCCGCAGTG,OXT_14,TTGAGCGTAACGACAGTG,8
GGCACTGGAGGAAGGTTG,OXT_03,GACTTGGGCTCATGCTGT,11
TCTGGGATTACCGGCCAG,OXT_13,TATTACACTAGTGGATGG,10
TCGCTCACTTATCGCGGT,OXT_13,TATTACACTAGTGGATGG,10
CAGGGGAACCACGGTATA,OXT_28,AGCGGCGGCGACGGCGAA,10
AATGCCGAGGCGTGGCGA,OXT_12,AATACAGCGGTGTTTCTA,7
AAACACCGATTGCTCTTG,OXT_16,ATAAACAGTCTAGCTGTG,10
GCGTAACGTGAGTGACAG,OXT_21,GAGCAACGGGTCAGCATT,10
TTGCATTACGCGCGTTCG,OXT_17,AGGAACTACGATCGTGAA,9
AATGGATGCCATGCGCGA,OXT_08,GACGGCATTCAGGCACGT,9
GGGCGCAGGTCATGTAAT,OXT_24,GGGATTCGGTCATGTCCT,6
GTGAGGGCAATTGAAGCG,OXT_07,GTGGGTGCATTTGCTGTA,7
GGGGCCACAACTGTGTTA,OXT_26,GGGGCATTCACTGAGCTG,7
AGCGACACTGACCTGAGT,OXT_08,GACGGCATTCAGGCACGT,10
ATACACACCATGAACGTG,OXT_06,ATCATCATCATCATCATC,8
TGCCAGGTGTTCGACCTA,OXT_18,TAACGGGTTATCCATAAT,10
GCGATCGGCTAGTGTCAT,OXT_24,GGGATTCGGTCATGTCCT,7
TCAGAGGACTGGGATAGG,OXT_23,AAGTAGGGACAGAATACG,10
GGCGATCACGGTATGCAT,OXT_05,GGCGGACAGACTCTAATG,10
ATAGGGTACGATCCGCTT,OXT_10,AAGATGTATCGTGTGCTG,10
GTGATCAGCGATCTCGTG,OXT_06,ATCATCATCATCATCATC,9
GCGGCAAGTCGAGTGTAA,OXT_10,AAGATGTATCGTGTGCTG,11
TGCAGCGTGTGGCCTACG,OXT_09,TGTAGTGCTCGGCTGCCG,8
AGCGTAGGGATGCAGCTG,OXT_05,GGCGGACAGACTCTAATG,9
ACGAGGATGCAGAGAGAG,OXT_22,ACGGGACCGCAGATCGAG,6
ACGGTGGCACGAGAGGCT,OXT_02,AGGGGAGCGTGCGGAGGC,10
GTACCAGGGCATATGAGG,OXT_11,GGGTAAGGGCACAACAGT,8
GGTACAAGGTGACTACGG,OXT_05,GGCGGACAGACTCTAATG,10
CCGGAGGGTTGACCGTAG,OXT_27,GTAGAATGGGCATCGTCG,10
AGCAGAAGGTACACGGCG,OXT_02,AGGGGAGCGTGCGGAGGC,10
GACTACCAAGTTGGGGCA,OXT_17,AGGAACTACGATCGTGAA,10
TGATCAATCCAACGGGCT,OXT_09,TGTAGTGCTCGGCTGCCG,12
ACGGTCGAACGTTATAGG,OXT_15,AGGGTATAACGTCCTTTG,7
AGCACGAGAGCGGTTGTG,OXT_16,ATAAACAGTCTAGCTGTG,9
GAGCGGAATGCACCATGA,OXT_08,GACGGCATTCAGGCACGT,10
AGCTACCTAGTTAGTATG,OXT_06,ATCATCATCATCATCATC,10
ACACAGATGCAGCGGTGT,OXT_08,GACGGCATTCAGGCACGT,11
GGCATGAATGGGACTGCT,OXT_01,AGGCTGCGTAAGTCTGCT,8
TGTCGCCATCAATTTGGT,OXT_01,AGGCTGCGTAAGTCTGCT,9
GACCTAGTTACTGCAGTG,OXT_25,TGCATCGCAACAGCAGTT,8
GGGCATCGAAATGTAGTG,OXT_05,GGCGGACAGACTCTAATG,9
GGCGGTACAAAACTGAGG,OXT_05,GGCGGACAGACTCTAATG,8
GCAGGCTAGTTCGTGTCC,OXT_27,GTAGAATGGGCATCGTCG,10
GTGGTGAAGCCCGGACAG,OXT_10,AAGATGTATCGTGTGCTG,10
TAGCCAGACGCCGTGTGT,OXT_03,GACTTGGGCTCATGCTGT,11
TAGGCGACCATTATCTGG,OXT_13,TATTACACTAGTGGATGG,9
TGCGTCGGCACCTGGTTC,OXT_03,GACTTGGGCTCATGCTGT,9
AAGCAGGTGAGACGGTCA,OXT_18,TAACGGGTTATCCATAAT,11
GGGGCTCTACTTTCACAT,OXT_07,GTGGGTGCATTTGCTGTA,10
CTGAGCTCTCTATGCCGA,OXT_20,AGGGCCTAGGGATGACGT,10
GTTGGGAACCATTCGATG,OXT_05,GGCGGACAGACTCTAATG,10
TACGTGCGAACGGAGGCA,OXT_01,AGGCTGCGTAAGTCTGCT,10
TGCTAGCGGTGAATGGCG,OXT_09,TGTAGTGCTCGGCTGCCG,11
AGGCTGTTGGAAGACTGG,OXT_20,AGGGCCTAGGGATGACGT,10
GCACGTGATTTCATGTCG,OXT_09,TGTAGTGCTCGGCTGCCG,10
GGTCAGTGTATCCAGCGA,OXT_18,TAACGGGTTATCCATAAT,10
GCACTAGCGGCATTTGTG,OXT_12,AATACAGCGGTGTTTCTA,9
GCGCAAGGATGGTACGGG,OXT_11,GGGTAAGGGCACAACAGT,9
CGCATAGGGTGTATCCGG,OXT_11,GGGTAAGGGCACAACAGT,10
GAAGGACCATCTGCATAT,OXT_07,GTGGGTGCATTTGCTGTA,9
AGCCTTCAGACTAAGATG,OXT_05,GGCGGACAGACTCTAATG,7
ACAAAGGGCTCTCTAATT,OXT_03,GACTTGGGCTCATGCTGT,11
CACACGATGGGGCAGCTA,OXT_12,AATACAGCGGTGTTTCTA,9
ATGCGGTGTCAAGCTGGT,OXT_01,AGGCTGCGTAAGTCTGCT,7
GCTGGGAACTGTGGTGAG,OXT_07,GTGGGTGCATTTGCTGTA,10
GGGGTGGGAAAGTGTCAG,OXT_01,AGGCTGCGTAAGTCTGCT,8
ACAGCCTGGGCATCGTAT,OXT_27,GTAGAATGGGCATCGTCG,6
GCGATACGGACAAATGGG,OXT_24,GGGATTCGGTCATGTCCT,8
ATAGAAGGAATAACGTGT,OXT_27,GTAGAATGGGCATCGTCG,8
AGGAGTGACAAGAACGTG,OXT_14,TTGAGCGTAACGACAGTG,8
GGACTTTATGGGCTGAAT,OXT_09,TGTAGTGCTCGGCTGCCG,10
AGGGGACAACATAGCAGG,OXT_22,ACGGGACCGCAGATCGAG,7
GCGGAGGACCTCGATTCG,OXT_23,AAGTAGGGACAGAATACG,9
TGGGTGAAGCGTGACTAG,OXT_15,AGGGTATAACGTCCTTTG,8
ATCCTCAACCGACCCGTA,OXT_06,ATCATCATCATCATCATC,9
AGCGAGAGGGAGAGCGTC,OXT_28,AGCGGCGGCGACGGCGAA,8
ACAGCTTGAATTTGCGTG,OXT_07,GTGGGTGCATTTGCTGTA,11
GACCGGGGACCATCCAAT,OXT_03,GACTTGGGCTCATGCTGT,7
GGACCGTGTGGGCATGAT,OXT_01,AGGCTGCGTAAGTCTGCT,9
GCAACGTGACTTCGGTTG,OXT_10,AAGATGTATCGTGTGCTG,10
ACGTCGACGCAGGGACCT,OXT_08,GACGGCATTCAGGCACGT,10
CGGCTGGAGACTGTAGTT,OXT_25,TGCATCGCAACAGCAGTT,8
GCCAGGCGGTAGTACGTG,OXT_22,ACGGGACCGCAGATCGAG,9
ACGTCATCAATGTTCGTG,OXT_22,ACGGGACCGCAGATCGAG,8
GGAACACGTTGGTAAGGG,OXT_01,AGGCTGCGTAAGTCTGCT,11
GCGGCGCGAGATGTCTGG,OXT_22,ACGGGACCGCAGATCGAG,10
GCGGACACCAATCGTGTA,OXT_17,AGGAACTACGATCGTGAA,7
GAGGAACGTCGCCTAGGG,OXT_02,AGGGGAGCGTGCGGAGGC,10
AAGGTAGCGTTGGCATGT,OXT_02,AGGGGAGCGTGCGGAGGC,7
TCTGAGGTGTACATGGCT,OXT_11,GGGTAAGGGCACAACAGT,11
GGGCGTAGGGGAGAGACA,OXT_24,GGGATTCGGTCATGTCCT,10
GAGGTCAGCAGATCTCGG,OXT_03,GACTTGGGCTCATGCTGT,10
GGGCCGCGAGTACAACTG,OXT_21,GAGCAACGGGTCAGCATT,10
TGCGGTTGTGCCGATAGA,OXT_28,AGCGGCGGCGACGGCGAA,9
AGGATGTGCGACTGAGTG,OXT_17,AGGAACTACGATCGTGAA,8
GGCTCATCAACGGTGACT,OXT_26,GGGGCATTCACTGAGCTG,9
AGAGATGGCTGTTCTCTA,OXT_07,GTGGGTGCATTTGCTGTA,9
ATGTGGTATCAGATGTGT,OXT_10,AAGATGTATCGTGTGCTG,9
TGACTGCCAAGCTCTGCT,OXT_01,AGGCTGCGTAAGTCTGCT,6
TCAAAGTTCGGACGGCCG,OXT_09,TGTAGTGCTCGGCTGCCG,10
AACGAGGCAGGTATGGTT,OXT_10,AAGATGTATCGTGTGCTG,10
AACTGGTATCGAGCGTTG,OXT_10,AAGATGTATCGTGTGCTG,6
GGATGAAGAGTGTAGGAG,OXT_27,GTAGAATGGGCATCGTCG,10
ACGACGTGATAAGTGTTG,OXT_10,AAGATGTATCGTGTGCTG,8
GCAGACCTATATACGGCG,OXT_27,GTAGAATGGGCATCGTCG,10
TACGATCCTCCCGCCTGT,OXT_08,GACGGCATTCAGGCACGT,9
GGGCTACTGCATCATTGG,OXT_15,AGGGTATAACGTCCTTTG,8
AGCGGGATCGATAAGCTA,OXT_26,GGGGCATTCACTGAGCTG,9
ATAGGGACACGCTAGGCG,OXT_02,AGGGGAGCGTGCGGAGGC,11
AGACTGTGGCATTATCCG,OXT_01,AGGCTGCGTAAGTCTGCT,8
GACAGTAACGGTAGAGCA,OXT_17,AGGAACTACGATCGTGAA,10
ACCAGCAGCAGACGGGTG,OXT_16,ATAAACAGTCTAGCTGTG,9
ATGCTGGTCCAGACGTGC,OXT_01,AGGCTGCGTAAGTCTGCT,10
GTGCAGCCGTGTACATGG,OXT_13,TATTACACTAGTGGATGG,10
GTGCGCCATTAGTACCTG,OXT_01,AGGCTGCGTAAGTCTGCT,11
TCAAGACACCGACGCGTT,OXT_22,ACGGGACCGCAGATCGAG,11
ATCGTCCAGACGTAATTC,OXT_05,GGCGGACAGACTCTAATG,9
CGTCAGGGCGGTCTCGTA,OXT_17,AGGAACTACGATCGTGAA,10
CTGCGGATACGACGCGGT,OXT_02,AGGGGAGCGTGCGGAGGC,12
AGGGATAGCATAGAGTCG,OXT_26,GGGGCATTCACTGAGCTG,9
GTATGCAGCGATGCAGTG,OXT_16,ATAAACAGTCTAGCTGTG,8
AAATGGCTCACATGTCGT,OXT_03,GACTTGGGCTCATGCTGT,8
CAAGGTATCGACATCTGC,OXT_06,ATCATCATCATCATCATC,10
AGGAGCTGCAATTCAAGT,OXT_01,AGGCTGCGTAAGTCTGCT,9
CGGCATCGAGGTGACGTA,OXT_07,GTGGGTGCATTTGCTGTA,10
GCATGGATGCCCGTGTAA,OXT_08,GACGGCATTCAGGCACGT,12
AATGCGGGCTGATACATA,OXT_03,GACTTGGGCTCATGCTGT,9
GCTCGTCTCCGCCCTATC,OXT_19,CCCCCCCCCCCCCCCCCC,9
AGACGTATTAGTGCTCAT,OXT_18,TAACGGGTTATCCATAAT,9
TAAGAGTGATGCGGGAAA,OXT_18,TAACGGGTTATCCATAAT,11
GGGGTAAGGCCAACTGGG,OXT_04,TAGACAGGGCTGACTGTG,8
AGGCACTCCTGTCGACTT,OXT_17,AGGAACTACGATCGTGAA,8
CGGGACTGGAGGATTATG,OXT_04,TAGACAGGGCTGACTGTG,10
AGACGTGTACCCCGGCGG,OXT_09,TGTAGTGCTCGGCTGCCG,9
GCTGGGCAGCCAAAACGT,OXT_05,GGCGGACAGACTCTAATG,10
AGTGGGCCCATAAAGTTA,OXT_26,GGGGCATTCACTGAGCTG,11
AACCAGTGACGGCCTGTG,OXT_15,AGGGTATAACGTCCTTTG,8
TTCCGATCACGTAGCTGT,OXT_13,TATTACACTAGTGGATGG,11
ACTGCTGGACAGGGTACG,OXT_23,AAGTAGGGACAGAATACG,7
CTGTCGACTCCTGTGGTG,OXT_10,AAGATGTATCGTGTGCTG,8
ACGGGGTCCGTGCCAACA,OXT_07,GTGGGTGCATTTGCTGTA,11
ATGCCGCACACGTGTTAT,OXT_01,AGGCTGCGTAAGTCTGCT,8
TTGGGATATTGGTCACCA,OXT_20,AGGGCCTAGGGATGACGT,10
TAGCTAGCAGACGACCTT,OXT_21,GAGCAACGGGTCAGCATT,9
ACGACGGCACTAGCGATT,OXT_25,TGCATCGCAACAGCAGTT,9
GTAGACAGGACAGTGCCG,OXT_27,GTAGAATGGGCATCGTCG,6
GTACACGGGCTTTGGTTT,OXT_21,GAGCAACGGGTCAGCATT,9
GGGCATAACAAAACTCAG,OXT_17,AGGAACTACGATCGTGAA,10
ACACCGCACGTGCAGTCG,OXT_29,CCCCCCCCCCCCCCGCCC,10
AGGGATGCAACTTACAGT,OXT_11,GGGTAAGGGCACAACAGT,9
CACGGCATGAGGACTGCT,OXT_08,GACGGCATTCAGGCACGT,8
ATGAGGAAGTGCCGCACG,OXT_02,AGGGGAGCGTGCGGAGGC,10
ACTGAGCGGACGGTTGAG,OXT_22,ACGGGACCGCAGATCGAG,8
AATGCTGGAATCCTAGTG,OXT_04,TAGACAGGGCTGACTGTG,10
GGCGTCGCAACAGTCATG,OXT_25,TGCATCGCAACAGCAGTT,6
TGCTCAGCGACGCAATGT,OXT_25,TGCATCGCAACAGCAGTT,9
GGAAGCATCTGTGCGACT,OXT_08,GACGGCATTCAGGCACGT,10
GCCAAGACATCGTGTGCG,OXT_24,GGGATTCGGTCATGTCCT,10
GTGTGGTGGAAACATGAG,OXT_23,AAGTAGGGACAGAATACG,10
AGGAGCATCGACTTGCTA,OXT_06,ATCATCATCATCATCATC,9
AGGTGGACAGAAGCATTG,OXT_15,AGGGTATAACGTCCTTTG,10
CAGGATACACGCTCAGTT,OXT_07,GTGGGTGCATTTGCTGTA,10
AACACCAAGTTGACGCGG,OXT_04,TAGACAGGGCTGACTGTG,9
TAGGGATGGTCTATTCGA,OXT_04,TAGACAGGGCTGACTGTG,10
AGCGTGTAGTCAAGTGGC,OXT_02,AGGGGAGCGTGCGGAGGC,9
CGTACATAGTTAAGGGTG,OXT_04,TAGACAGGGCTGACTGTG,9
ATGGAAACGGCGGAACGG,OXT_02,AGGGGAGCGTGCGGAGGC,9
TAGGCGGAGTCGACTGCA,OXT_04,TAGACAGGGCTGACTGTG,7
GGGACCGGACTGCGTGAT,OXT_04,TAGACAGGGCTGACTGTG,8
ACCGACGAATCTGAGGTG,OXT_07,GTGGGTGCATTTGCTGTA,10
CGATGGGCGACGCATAGA,OXT_18,TAACGGGTTATCCATAAT,9
GCGTAGCATTGAGACGTG,OXT_10,AAGATGTATCGTGTGCTG,10
GGCCAACACAAGGGGCGT,OXT_08,GACGGCATTCAGGCACGT,10
GAGCGATGATGACTCGTG,OXT_15,AGGGTATAACGTCCTTTG,10
AGACGGGATGAGACAGCG,OXT_01,AGGCTGCGTAAGTCTGCT,8
CGACAGGAGAGTTCAGGT,OXT_01,AGGCTGCGTAAGTCTGCT,10
ACAGCGGCTCAATGCTCT,OXT_03,GACTTGGGCTCATGCTGT,10
CGTCGGACGAGGACGAAA,OXT_09,TGTAGTGCTCGGCTGCCG,11
ATACCACCCGCACTCGTA,OXT_12,AATACAGCGGTGTTTCTA,10
ACTCCGCAGGCTAATGGG,OXT_22,ACGGGACCGCAGATCGAG,11
CATCACACGGCGACGGTG,OXT_04,TAGACAGGGCTGACTGTG,10
ATGTCGCACATGCCTCGG,OXT_01,AGGCTGCGTAAGTCTGCT,10
AACCTATCAAGGATGTGG,OXT_10,AAGATGTATCGTGTGCTG,10
ACCGATAGACTGCTAGTG,OXT_16,ATAAACAGTCTAGCTGTG,9
ACGGCCGATGTTTCTGTG,OXT_04,TAGACAGGGCTGACTGTG,9
TGGGAGCCATCCTGCTCA,OXT_24,GGGATTCGGTCATGTCCT,10
GGGTACTCCTCGATAGCA,OXT_17,AGGAACTACGATCGTGAA,10
TGACAGGTAGTATACTGG,OXT_18,TAACGGGTTATCCATAAT,10
TCACATAATGTTACTCTT,OXT_16,ATAAACAGTCTAGCTGTG,10
TCGCCAACAGTTTTGGAG,OXT_22,ACGGGACCGCAGATCGAG,10
AGCGACACAATCGTGTGA,OXT_06,ATCATCATCATCATCATC,10
GCACGCTCGAGTTGATGT,OXT_13,TATTACACTAGTGGATGG,9
CGGCAAGACGTACTCGTG,OXT_17,AGGAACTACGATCGTGAA,10
AGGGCGGTAACAGCCTGG,OXT_26,GGGGCATTCACTGAGCTG,9
GCCACAACATCGCGTGTA,OXT_07,GTGGGTGCATTTGCTGTA,10
GCGGACGCTACGAATGTG,OXT_14,TTGAGCGTAACGACAGTG,8
AACAGCTGTCATCCGTGC,OXT_08,GACGGCATTCAGGCACGT,9
GGGGACTATAGTCACTAT,OXT_15,AGGGTATAACGTCCTTTG,9
AAACGGACCAAAGGTGCG,OXT_01,AGGCTGCGTAAGTCTGCT,10
GGGTAATGATTGAGGGCG,OXT_23,AAGTAGGGACAGAATACG,9
TACAACGGCTATGGTATC,OXT_17,AGGAACTACGATCGTGAA,10
GGGCGCGTAGAGATTGGC,OXT_14,TTGAGCGTAACGACAGTG,9
AACCCACACAACGTGGTG,OXT_05,GGCGGACAGACTCTAATG,10
GCTGGGTCTGTACCATAG,OXT_27,GTAGAATGGGCATCGTCG,10
GCAGGACGTGAGGCCGCT,OXT_01,AGGCTGCGTAAGTCTGCT,9
GGAGGAATCGGGTACCTG,OXT_26,GGGGCATTCACTGAGCTG,8
ACGGGTACCTCTTCTCAG,OXT_07,GTGGGTGCATTTGCTGTA,9
TAATCGCACCATTTCGCT,OXT_01,AGGCTGCGTAAGTCTGCT,11
GCAGGTATGTGAGCGACG,OXT_27,GTAGAATGGGCATCGTCG,9
CACCGGGGTAAGACGGTT,OXT_01,AGGCTGCGTAAGTCTGCT,8
GGGATAACGGACAATAAA,OXT_11,GGGTAAGGGCACAACAGT,8
AGGGGCTCCCTAGGCTGG,OXT_02,AGGGGAGCGTGCGGAGGC,9
ATGGGCCGTAGTAAGTCC,OXT_01,AGGCTGCGTAAGTCTGCT,11
AGGGTACGCGCATTGTCC,OXT_27,GTAGAATGGGCATCGTCG,8
ATATGAGCGTCGGCCACT,OXT_02,AGGGGAGCGTGCGGAGGC,10
CACAGACAGTGTACGCTC,OXT_05,GGCGGACAGACTCTAATG,10
ATGCGGAGCATCGCTCTT,OXT_01,AGGCTGCGTAAGTCTGCT,9
AGCGGCTGGGACGTCCTT,OXT_28,AGCGGCGGCGACGGCGAA,6
TACGTCGATGATCTGTGA,OXT_08,GACGGCATTCAGGCACGT,11
CTCGGCTACGGAGATGTT,OXT_20,AGGGCCTAGGGATGACGT,10
TACTGGCATTGACCGGCT,OXT_01,AGGCTGCGTAAGTCTGCT,11
TCGCCATTACCCTCGCGG,OXT_26,GGGGCATTCACTGAGCTG,9
GGAGCTGTCGTATGTAGG,OXT_20,AGGGCCTAGGGATGACGT,10
ACGAGGAATTCAACTGTT,OXT_16,ATAAACAGTCTAGCTGTG,9
TAAACGTCGCATGAATGT,OXT_13,TATTACACTAGTGGATGG,10
CGGCGGTAGGGTTCATTG,OXT_15,AGGGTATAACGTCCTTTG,8
GCGTAGGAAGTAGGGAGG,OXT_23,AAGTAGGGACAGAATACG,10
AGGCGGTGTGAGACGGAT,OXT_01,AGGCTGCGTAAGTCTGCT,6
GTAGCTCTAGATCCACGG,OXT_08,GACGGCATTCAGGCACGT,10
AAGAGGCAAAACACGGTG,OXT_14,TTGAGCGTAACGACAGTG,8
GACGTGGAGACACCTTAG,OXT_03,GACTTGGGCTCATGCTGT,9
GGGAAGGGAAAAGGACCG,OXT_23,AAGTAGGGACAGAATACG,9
AGGATCGAGTTCACGTGT,OXT_02,AGGGGAGCGTGCGGAGGC,10
ATGGGATGTACCAGTTCG,OXT_27,GTAGAATGGGCATCGTCG,9
ACGGGTGTGAGATGCCTG,OXT_20,AGGGCCTAGGGATGACGT,9
GGCCTATGGTGCAGGGTA,OXT_21,GAGCAACGGGTCAGCATT,9
AACCGAACTTGTGGCCTT,OXT_02,AGGGGAGCGTGCGGAGGC,10
TGTGCAGTACAACGTCGT,OXT_20,AGGGCCTAGGGATGACGT,10
GGCGCCCTCAGGTATAGG,OXT_26,GGGGCATTCACTGAGCTG,9
CACACGCAGTGTGATGTG,OXT_10,AAGATGTATCGTGTGCTG,9
GGGAACAACGTACGCGCG,OXT_17,AGGAACTACGATCGTGAA,7
ACAGGTGGAATCCCAGCG,OXT_07,GTGGGTGCATTTGCTGTA,10
AGCGGTGAGCATTAGCAG,OXT_05,GGCGGACAGACTCTAATG,10
TTTGGGAAGTCGTTGCGT,OXT_08,GACGGCATTCAGGCACGT,11
AGCAGGATCACCAACGGT,OXT_06,ATCATCATCATCATCATC,8
ACATCACCGCAGCGTGTA,OXT_22,ACGGGACCGCAGATCGAG,8
AAGGAGCGACAGTTGCAG,OXT_23,AAGTAGGGACAGAATACG,7
AACACACGGATGGACGGC,OXT_04,TAGACAGGGCTGACTGTG,9
GGGTATGGACGGACAGAG,OXT_23,AAGTAGGGACAGAATACG,8
AGCCCAGAATATGGTGCG,OXT_02,AGGGGAGCGTGCGGAGGC,10
TACCACGGACTTTAGTGG,OXT_13,TATTACACTAGTGGATGG,10
GAACGTGACTGGACTTAT,OXT_18,TAACGGGTTATCCATAAT,10
AAATGGACCACTGACCTG,OXT_26,GGGGCATTCACTGAGCTG,9
TGGGGTAAGGCCTTGAGT,OXT_20,AGGGCCTAGGGATGACGT,9
AACCTCAAGCAGCGGACG,OXT_23,AAGTAGGGACAGAATACG,10
CACAGGTGCAGTGCCGCT,OXT_01,AGGCTGCGTAAGTCTGCT,11
TGTTTGGGGATCTGACAG,OXT_03,GACTTGGGCTCATGCTGT,11
AGGCAGGATTATTTAGCT,OXT_01,AGGCTGCGTAAGTCTGCT,7
TGCCGGACGGGATCACAC,OXT_20,AGGGCCTAGGGATGACGT,10
ACAGGACACCGAGCAGCG,OXT_22,ACGGGACCGCAGATCGAG,9
ACTGAACTAGTGCTCCGA,OXT_12,AATACAGCGGTGTTTCTA,9
ATGAGAGGACGTGACTGC,OXT_02,AGGGGAGCGTGCGGAGGC,9
CGCGGACAGGTTCGAGTG,OXT_05,GGCGGACAGACTCTAATG,5
ACGGTGAATAGCGGTGAG,OXT_10,AAGATGTATCGTGTGCTG,9
GACGGTGTTCTGAAGTCA,OXT_08,GACGGCATTCAGGCACGT,9
GGGTAACTGTCATGCCTG,OXT_24,GGGATTCGGTCATGTCCT,7
TAGGCGGAGAACCATGTC,OXT_04,TAGACAGGGCTGACTGTG,9
GCTGGGGCACATACATCC,OXT_07,GTGGGTGCATTTGCTGTA,10
AGCATGTAGAGGTGTGAG,OXT_01,AGGCTGCGTAAGTCTGCT,9
TAACGGTCGGCGAGATCA,OXT_27,GTAGAATGGGCATCGTCG,11
AGGTGCGGAGAGAAGTTC,OXT_23,AAGTAGGGACAGAATACG,8
GTGACTGAGGTAGCCTGA,OXT_07,GTGGGTGCATTTGCTGTA,9
AGGTGCACGGTTCACGGT,OXT_02,AGGGGAGCGTGCGGAGGC,10
AGCGGACTCCATACGCGG,OXT_08,GACGGCATTCAGGCACGT,9
AGACTAAATCTTGAGGCT,OXT_01,AGGCTGCGTAAGTCTGCT,10
AACATAGCGTCTTACGGT,OXT_03,GACTTGGGCTCATGCTGT,8
TATGCGATACCGACGTGC,OXT_08,GACGGCATTCAGGCACGT,10
ACGGGATACTATGCCGTG,OXT_15,AGGGTATAACGTCCTTTG,8
AGGTAATGCTATACTGTG,OXT_15,AGGGTATAACGTCCTTTG,8
ACATAGTGTAACATCGTG,OXT_16,ATAAACAGTCTAGCTGTG,10
GAAGGTTCTCAATGTTCG,OXT_27,GTAGAATGGGCATCGTCG,9
ATGGGTAAGCTCTCATCA,OXT_07,GTGGGTGCATTTGCTGTA,10
ACAGGGTATATCGATGAC,OXT_18,TAACGGGTTATCCATAAT,8
GGGTACAACTGACCGATA,OXT_17,AGGAACTACGATCGTGAA,10
TACATACTGGATGGACCT,OXT_08,GACGGCATTCAGGCACGT,10
ACCTTCGGGTATGAGTGC,OXT_03,GACTTGGGCTCATGCTGT,10
AGGCTAGTGTCGATGTTA,OXT_12,AATACAGCGGTGTTTCTA,10
ATTGCGGTGGAATGTCCG,OXT_12,AATACAGCGGTGTTTCTA,9
TATCGACGAGAAGACTTT,OXT_21,GAGCAACGGGTCAGCATT,9
AGCCACTGCAGTCTGGAT,OXT_17,AGGAACTACGATCGTGAA,8
AGGTAGGACACGTGTGTA,OXT_17,AGGAACTACGATCGTGAA,8
TCCGGTGTACCTGCTCTG,OXT_07,GTGGGTGCATTTGCTGTA,8
ATGGCAATTAGGTCATGT,OXT_08,GACGGCATTCAGGCACGT,9
GGACATCAGATCGACAGC,OXT_11,GGGTAAGGGCACAACAGT,9
TGATGTGCCGTCCCGATC,OXT_09,TGTAGTGCTCGGCTGCCG,10
TCATGTCCGCGGTGCTAT,OXT_22,ACGGGACCGCAGATCGAG,9
AGCGGCGACAAGACGGTA,OXT_28,AGCGGCGGCGACGGCGAA,7
GGGGATATCGAGAATGAG,OXT_17,AGGAACTACGATCGTGAA,9
AAGGGCTCCACGTGTGCT,OXT_01,AGGCTGCGTAAGTCTGCT,9
ACATAACGTGTTGGACCA,OXT_13,TATTACACTAGTGGATGG,11
AGGTGTGGATTAGTCTAG,OXT_07,GTGGGTGCATTTGCTGTA,10
GCGAGATGATCGTGGACT,OXT_24,GGGATTCGGTCATGTCCT,8
GGCGGAAGAGCGTCAATG,OXT_05,GGCGGACAGACTCTAATG,7
TAAGTGGTGATGATTTGG,OXT_04,TAGACAGGGCTGACTGTG,9
AGGAGGAAGGCAGCGGGG,OXT_02,AGGGGAGCGTGCGGAGGC,10
ACGGCAGGATCGAAGCGT,OXT_11,GGGTAAGGGCACAACAGT,10
GAAGCGACATGCGAGAAA,OXT_07,GTGGGTGCATTTGCTGTA,11
ACCGTCTGTTCAGGTGAG,OXT_16,ATAAACAGTCTAGCTGTG,9
GAGGCCGATGATGACGCT,OXT_08,GACGGCATTCAGGCACGT,10
AGCATACGCATCCGGACG,OXT_06,ATCATCATCATCATCATC,9
GCGTTGGCGTACTGGAGG,OXT_03,GACTTGGGCTCATGCTGT,9
ACCGTCCGAGCGTGGTTA,OXT_28,AGCGGCGGCGACGGCGAA,10
GGGCATTAGTGCGATGCT,OXT_24,GGGATTCGGTCATGTCCT,9
GGTACGGCTTTCGTCCAG,OXT_09,TGTAGTGCTCGGCTGCCG,9
ACGGTATACCCGGCTATA,OXT_15,AGGGTATAACGTCCTTTG,7
ACGAAGGCTCAATGACGG,OXT_10,AAGATGTATCGTGTGCTG,10
TCCTACCGTGACGTTCTG,OXT_16,ATAAACAGTCTAGCTGTG,10
AACACGAAGTACACGGTG,OXT_04,TAGACAGGGCTGACTGTG,9
