sequence,reads
CCCCCCCCCCCCCCCCCC,25
AGGGCCTAGGGATGACGT,12
GAGCAACGGGTCAGCATT,11
ACGGGACCGCAGATCGAG,11
AAGTAGGGACAGAATACG,9
GGGATTCGGTCATGTCCT,9
TGCATCGCAACAGCAGTT,9
GGGGCATTCACTGAGCTG,9
GTAGAATGGGCATCGTCG,9
AGCGGCGGCGACGGCGAA,9
ACACTGCGGGTAGCTTGC,9
TTAGACTGCACTTCACGA,9
GTAGGGTCATGACCAAGG,8
TACGTAGCTCAAGGGTAC,8
TGGGCAGTGCAACTGTTA,8
GAGGCAGTGACAGTGGAG,8
GCGCTGCCAGCATGCGGG,8
GGTTGGGAGCGGCACAGT,8
TGCATACGTGACGGCGCT,8
TGGGATCCATCTCAGGAA,8
CTATCGCGCGTGGACCTA,8
GCGACGATCATGACTGTT,8
ACGGGCAACGAATTAGCA,8
GTGGGATCGACACTGCCT,8
TGCGGGCAGACGCGGCAA,8
ATGGCAGGCCCACAGGTG,7
AAGCAGGAGACTTGCGTG,7
GCAGTGACACAGACAGCT,7
ATATCGGACCGTGGCGCT,7
ATGCAATGGTTCAGCGAT,7
AGGCAAAGAGTGTCGTCT,7
GATGGTAACGGTACATGG,7
GGTAGGCGCGATGAGGCT,7
ACGGACTGCTGTCAGTGG,7
TCATCCGCGTGACGTGCG,7
AGCAGAAACGGAGGCAGT,7
GACTCAATCAGAAGACTA,7
CGCGGGGCACAGGCGCGA,7
GTATTAGTGGCGTCTTGT,7
ACGGTGGCAGGTAGGTAT,7
ACGGGTTAGGAGGATTAT,7
ATCGACGTGTGAGGACTA,7
AAAGCGAGTCGGCAAGAG,7
GTGTGCGAAGAGTCTTGT,7
AGACACATGCATCGACTT,7
TACGGTGTGCTCCAGCTG,7
TGACCGGGAGAGGGCGTT,7
ACACAGCACACATCCCCT,7
AACAGGCGGTACTGGAGC,7
ACGGGAATACAGCAGATA,7
AAGCGGAATGCGGCGTGT,7
ATCCTACCGTAGCGCGTT,7
TATACGGACGTTAAGCTC,7
AGGCTGAAGATGAGAGTG,7
AGGTACATTAAAGAGGAG,7
GACACCGGTCACTGGAGC,7
GGGCCGAAAGGTCGTACG,7
GTGGTAAGTCCGCTATTG,7
TGTGCAAGCAGATACGGT,7
ACGCGTATGGAGCCATGG,7
CCCCCCCCCCCACCCCCC,7
GTGGATGTTTCGCACGTG,7
GCAGGGCAACCATCGTGT,7
GCTGGGTAGGTCAAGTGC,7
ACGGCTCGACACAGGGCT,7
GGTGAGACGACGAGTATT,7
GCCTCTGAGTTCAGTCTA,7
TATGGCACCCGATATTGC,7
AATGGTAGGGACGAGCCG,7
GCTGTGTCTACATTGGTG,7
ACGGCATAGAGCAGGCAG,7
GCTGGGATAATTTCGGCG,7
GCTGGGGCGAAGCCGCAA,7
CTGGAGAGACAGGGAGTT,6
ACCACGAGTTTGCGCGTG,6
AACGAGCCTTGGTGAATG,6
ACACGATCTAGGCAGGTG,6
TAGCACGGGCATAGGTCT,6
ACGCACTTGGGGAACCGA,6
ATGGTGCAAGCAGCGGCT,6
GGGAGCATCACTTGGCGG,6
GAAGGGCTTCAGGACAGT,6
GTGTAGGGCAATCCGAAT,6
ATGGGATTGGACGCGAGG,6
AAGCAGTGAGTGGATGCT,6
ATACGACATCAGAGTGTG,6
TTACACGGTGCGAATTAG,6
GCAGGACAGGTAGGGACG,6
GCATCTGGGATCGCCCGT,6
AGGGCCTGTCGACGTATC,6
AGGCGGTACGTCCACTGG,6
TGGGTGCAATGCCGTCTG,6
GCAGGATGTTAATCGTGT,6
AAGCATACGGCACATGCT,6
TGGTACGCAGACGGATCC,6
GATGCAAGGGCAATCGGA,6
AGGTGTGCATAACGATTG,6
TACCCAGTACCCTCCACT,6
AACCGTGGGGTAGACGCG,6
GGGACGTCGTATCAGCTG,6
ACGGTAACTGAAGACGCT,6
AAGCAGGCGATGCATGGT,6
TACCGACTTGGTTAAGTG,6
AGCCGCCGGCTATTGATG,6
ATAGGGATGCTGGCCGGA,6
TGGGGACGGAAGGGCGTA,6
GGGCTTAGATAGGACAAT,6
ACCAAGCAGGCGGCCTAA,6
GGGGCAAGGGGATCATCG,6
GCGCAGGAAGACAGGCAG,6
GCGGAGGCAGACGGGTGA,6
ATACGGGGTTAACGATTA,6
GAGGCGTGATTATTATTA,6
GGCGTGGATACAGTCTGG,6
CAAGCGGGATCTTGTGCT,6
GTGTGCGCCTGATGACAG,6
AGGCACGTTATGGGCCGA,6
ATTGGACATCCTACTGAG,6
GGTCTGACAGGATCGGTT,6
ATTGAGAGTGGTATCGTA,6
GTGGTAAGCTAAACTGCT,6
GCAGGACGCATAAAGGTG,6
TGGGCGGCATGTTGATAC,6
GATGGTACGTTCCTACTG,6
CAGGGGAGAGGTTAAGCG,6
TGACGATCCGGTGAAATG,6
GCATCGTGAATCAGCGTT,6
GCCATGACTGATCGTTCG,6
GGTGGCGAACAACTACGG,6
AATGAGGTATGACCAGCT,6
GGGTATTGTCCAGCCGTT,6
AAGCAGAGGATAGGGGCT,6
GGCCAACGTAGGTCGAAG,6
CAGGGTATGTATCTAGAT,6
GGACGTGAGTTCACGGCT,6
AGGGACGCAACGAATTCT,6
ATGTCAGTCGCTGTGACG,6
CCCCCCCCCCCCCCGCCC,6
ACACACACCACGCACCCG,6
ACATGCATCACGCGTGTG,6
AGAGCCCTCTAACCGTGG,6
AGGGACACGGTCTGGCGC,6
CACATTCGTGGGTAGTAT,6
TGGCTGGGCACCTTAATT,6
GCATACGAAGTAGACTGG,6
GGCGGGAAAGATGAGGGA,6
AGGGATAGGCTCCAGCTG,6
GAGGGCAGGTTAGTTTAG,6
AAGCCGAAGCCGATCAGT,6
CATGTATTAGCTACTGTG,6
GGGCAGACGTTGTTACCT,6
AGACTGTCAATGGCGCTT,6
AAGGCTAGGACTGTGGCG,6
AAGCAGAAATTGGCCCCT,6
AGGCCAGGAACCGGGTGT,6
ACAGTTCGGAACCATGTG,6
ATGTAGCCAACATCTGTG,6
GGACGGCAAACGCATTTC,6
GGCGTTGCCAGGAACACT,6
AGGATGCTGAAGACCGTG,6
GTATCGGCATACTGTGTG,6
AACGCGTATACTGTGATG,6
AAGGTGTCTGAGGCTGGT,6
GTGGTGAAGGCGCGGTGT,6
AAGCATCATCGGCGCTTG,6
GGAGTACGGACACGGCGT,6
GACCTGACGATGTGACTG,6
TCGCGTGATGGAACTCGG,6
AATCGCAGAGGAGATGTG,6
CGGGGACACGAGACACAA,6
AGGGTCCAGGATGTGGTA,6
GCACATTACACGACGCTG,6
ATAGACGCTCGATCCCCT,6
AGTAGGGATTCCTCTCGA,6
GAGGACGGATAGACAGAG,6
TTGCCGTCGAACGCTCTT,6
AAGGCGCGTTATGGGCAT,6
TCCGCCTCTTCAGGACCT,6
GGCACGTCAAGGCCGGAT,6
ACGGCAATCCTTGTCGTG,6
GTGGCGCATCCTACGGAT,6
ATTAGTGACGGTGAGACG,6
TGGTACGCTCCTGGGGAG,6
CGGAGACCAGCCTGATGG,6
ACACGGTACACAGGGTGG,6
AGGACGAGATTCGGCTGA,6
TCAGGCTTAGACGGTACT,6
GGTCAGCAATGCGTAACG,6
TCAAGCAGAGTACGACAT,6
CCGGGGACAGCGGTTGTT,6
CGCGCAGCACACGGCCTA,6
AGGGTATCGAAAAGCTTG,6
GGAGGTAAGCATCTCGGG,6
GGACACTTATCGCGTATG,6
GACGGTCGACATGTTTGA,6
GAAGGTGTCAACTGTTGT,6
AGCAGAATGACGACTGCG,6
AAGGCAGAATGACTCGGC,6
GAGTGGTATGAATGCCTG,6
GTGGCTGTGGAACCGTAT,6
ACGGGCTACTCAGGCTTA,6
TTAATTGGGTAGTCCCGT,6
GGGCTAAGTAGCAATATG,6
TGGAGTAGACTAGTCCCT,6
AACGTCCATACGTGTCCA,6
AGGCAGAACCATGGTGTT,6
ATGAGGATGTCAGGGCGG,6
AGAGGACGAGGACCGGCT,6
TGACACTCGCCCTCGGTC,6
GGAGGCAATATAAGTAGT,6
CCCCCCCACCCCAACCCC,6
GAGGGCCTGAACCTAGCG,6
AAGCAGAAGGCCCTAGTC,6
ACGGAACTCGTGTAGCGA,6
GAGGGCGTATCGGGTGCA,6
ACAGCAGCAGACGCACAT,6
AACGTAGCAGCTCGAGAC,6
TTGGGATGGTGACAATAT,6
TGGTCGCATCTACCTGGT,6
GGACGGTCCTACGTTGCG,6
GGCCGGATACGCACTGGT,6
AGGAGTGGCATACGCAGG,6
ACAGCGAAGGACCTGTGG,6
AACATTGTACGAATGGAG,6
ACGGGATGGCAGGCTTCA,6
AGCAGAAGACGGGATCGA,6
AAGCAGTTTGACGAATAG,6
TGCATGGTGAGGCAGATA,6
GGTGGTGAAGAGCGATGG,6
AAGGCGCAGACTGGGCAT,6
AACTATCAGCGACCTGTG,6
GGGGCACACAATGGTCCT,6
GAGGACTAAACGACGAGG,6
GATGTCCGGCTAGAAATA,6
TGCTGGAGTGAGCCATAT,6
GTACAGTAGTGCCATGCT,6
TGGGACGAGTGCTTAGTC,6
TGAGGACGAGCAAGGGTG,6
AGGACGTGAAGGGATGCG,6
ACCGGGCGCAGCGAAGGT,6
TGGTGGCACTTGCGTAAT,6
AATACACAGTCGTCGTGT,6
AGGACGTCAGCCAAAGCT,6
ACGGCATTGACATTGTGC,6
GGCTACACAAGTTGTGTG,6
TGCAGGGCTTATTGTAGT,6
ACAACGATGACCGGTGTG,6
TGGAACGCAGATGATGTG,6
AAGCAACACTGGATAGTG,6
GGCGGCGCTAATAACGTT,6
AAGGTGCTCCAGTTAATT,6
GTACGCCGCGTCACAGTG,6
AAAGGCGAGGCAGCGTTA,6
TCTGTGCCCAAGGTGGAG,6
ATACGGTCCATGCAGCTT,6
GACCCATAGCCGAAGTCG,6
GCCGCGGCAGTAGTATTA,6
AGCAGAGGGTTGGTGTGG,6
TTAACAGGCTATTCAGTG,6
GTGGGCCCTGGCATATGA,6
AGGTACGAAGAGGGCTGA,6
ACTTGCCGGAAGTCGTGC,6
ATATAGCTAGCCGCTGTG,6
GCAGGGTGACGAGGTTCT,6
AAACAGAACCTGGCGGCT,6
AGCAGTGCAAACGTGCGA,6
ACAAGGGCAGAATCAACG,6
ACGACGCGTGCACTCCCT,6
GGCCTGGACTGGACTGTA,6
TTAGTAGAAGGCATCAGT,6
GGGGCCTAAAACCTGACT,6
ACGCCACCAAACCTCCCT,6
GGCGGGAGACAAGGTGGG,6
CTGGAGGAGCAAGGTATA,6
ACACACAACCGCCTTCCG,6
ATGTGGTAGACGCATAAG,6
AAGATAGCGCGGTAGATG,5
AGGGTGTTATACCATGAT,5
AAGGAGTCGATAGCATTG,5
AGCGATGTTACATGTGCT,5
GGGAGGTACACACATCGG,5
ACGCGGAACCATGGTGTG,5
GATAGTGTTAGGCCCTCG,5
TAGGGACCAATAGTAGTG,5
GCCCGGGGACAATGTAAG,5
GCGAGGGCAATAATCCGC,5
GTTGGCCAGCGTTGTGTA,5
ATACCCTTCGCCTCGCTA,5
GCGCGGTGCGGTATGTTT,5
GTGGCATCTATGTCATGG,5
CGGCACGCAGAAGACGAT,5
GACACAGGAGCGGAGGAG,5
ACACTTGTGCTCGAGTCA,5
GAGGTAGGCACCGTGATA,5
GGGCAGTCCACCACATGT,5
ATGAGGCGGCGATAGGCA,5
ATTAGGGACGAATGTACG,5
GGGGCCACCAATCGCTTT,5
GATGTGCGCCAAGGTGTC,5
AAGCAAATATCGACAGCT,5
TAGGCAGAAGGATGGGTT,5
TGGCAGGAGACGGTGCAC,5
GTCCGGCAGCTTCGTTGT,5
TCAACCTACAACCGTGAG,5
GGGCAGTCATAATAGTCA,5
TGCGGATGAGCAGGTCAG,5
TGGAGCAACGACGCGAAT,5
ATAGAGGTACAGTACTGT,5
GCAGGGAAACAGTGAGTT,5
GGGACCTGTTTCCGGATG,5
TTAAGGTCACGCGTGTTG,5
GCTGGGATCATGACGGCA,5
ATCGTTATGGCTTGGCTT,5
AAGACGGCAATCGTGGCG,5
AGGACATGTGTCAGACCG,5
AGGTGAAGGGTGTAAGCG,5
AGACGGTCATTTTAGGCG,5
TAACGGTGCAACGTGCCC,5
GTGCGGCGTAAAATATAT,5
ACGGCGATGTATGACGTG,5
TTCGGCGCCAAAGCAATG,5
ACAGCAGACGGCGCTAGT,5
GAAGAGCGGAACGGACTG,5
AGGCTGGAGGAGACGCCG,5
AGACGACACACCTTTTTG,5
AGTGGAAGTTGCTCCTCG,5
GCACTTCTGGAGCATGTG,5
AGGGTACACGGCGCCAAT,5
GAAGCGGGATAGTATCCT,5
GAAGCGGATTGGCGCGTA,5
ATGCAGCAGTTCGTGACT,5
AATAGGCACCATCAGTCG,5
AGGGCATCACGACGTGTC,5
ATGACGCGTAAGTGTGCA,5
GACGTGAGTCAACCGCGT,5
ATGGGAATGATCGCTAGG,5
GATGCTGAGTTCCGATGG,5
ACGGCATCTATGACTGTG,5
GAAGGCCGTGACCTGTCT,5
CGTGTGCCATACGTAACG,5
GGGCACCCTCTATGGTCG,5
AGGGATGTACCACCTGTG,5
GCATAAGACGGTCATAAT,5
ATGCGGTTATTCGGCTTA,5
AAGCAGGAAGTGGACGCG,5
TGGATGCCATAATGGATG,5
GAGGTGATAGAGTTGGAG,5
ATGTACAAGCAAGTGTTG,5
GCTGGGGATCAAGCGTCT,5
GCGAGGGGAATTGATGAT,5
AATCGGCATTCGTGTATT,5
GTCAAGCATATGACGGAT,5
ACGACAGGTGGAAGTGCA,5
ACCGCTATTGACGGTGCG,5
TTACGGTCTGGGCCTGTT,5
TAGGGGCTGACGTGGGCT,5
GATGGGTAGCTAGCGTGT,5
TTCGCACCATGGCTAGCG,5
ACAGGCCAGTTCTTCGTG,5
TTCGTACGACGTCTTGCC,5
TAACGCCACCCGCATCTG,5
AGGGTGCAGAATCATCCT,5
AGCGGGAACCACCGATGG,5
AAGCCCGGGCCGATACGT,5
GGGGTCGAGTTGAAGCCA,5
ACGACATCGGATGGTAGT,5
GATGCGGCAAGCCATGTG,5
GTAAAGCAATAGGTGTCG,5
TGATCGTCAATGCTGTGT,5
TTGCGACAGCAGATGTGG,5
TGCGGGCATCCGAGTTCC,5
TAGGCTGACGCGCTTGTG,5
GTACCGTGCTCTAACGGA,5
TCGGGATCTGGCATCGTG,5
ATAGTATAGGTGCCGATC,5
AGACAGCCTTCCTCTCGA,5
CGGTGGAGGATTGTAGGG,5
ACGGGTGTGCAATACTCG,5
AGGTGGTATACGCACACA,5
GCTACTCTGGGCCGACTT,5
ATGGATCAGGTGCCGCTT,5
AGCACGTCAGTCTTTGCT,5
GCGGAGGTTGGGTCTATG,5
ACTGGCTCTCGACCTATT,5
GAGACTAAGCTGAACGTG,5
ATGGGCAACATATCTACT,5
AGGGCAACAGAAATAGGT,5
AAACCTACCGGTGCTGTG,5
GCAGGTAGACGGTGGCGC,5
GGGGTAGCATCACTAGGT,5
GGGACCAAGCAGATGATA,5
GACAAATCACGCTCCGGG,5
GTGCGGTTCGTTATTCAT,5
GCTAGTGTCAACGTAGTG,5
ATGCGGAGCTCAGCATCG,5
ACCATTCGATCCATCCGT,5
GAGAACACAGACTGAAGT,5
TGTGGCATGCGGGATCCC,5
GCTAACTTTATGCGTGTG,5
TAAGCACCGGGTACGGTA,5
ATCAGACGTTATTATTGG,5
GCCCATGATATGTCGGGA,5
TGGGTATCACACTATGGT,5
GTTTTGCCAGGCTGCGGT,5
AAGCAGGACACGCGCTGA,5
AGGCATTACGTTGACTGG,5
ACGGCTCACACGTGTTTA,5
GGGCCGCAGACATGTGTA,5
GGGGCTAGGAGACATATA,5
AGACGCGGAAGGACGAGG,5
TGCACGCAAGCAGAGACG,5
TGCATGCAAGAAACGTCG,5
ATGCGGTATGAAGTGAGA,5
GCTGGGAAAGCATACGAA,5
ACGGACGGTGCTCTGTTA,5
AGGCAAGCAGCGGTGGCG,5
ACGGCTGCATTTGTCGTG,5
ACTGCGGGTACTGCTACT,5
GGCCCTGGAGAGTTACCT,5
GAGCGTGCCTTCTGGGCT,5
ATAGGGACTGTGGAAACA,5
GTCCCGGTGATTGACCAT,5
GTTGTGGACCGTGTTAAA,5
TATTCAAGAGCGGATATT,5
TGAGCAAAGCAGCGGTGT,5
GGGGGTTGGGACGTGTGA,5
ACCGTACGAAACGTTGCT,5
ACGGGCCAGTAACGTTCA,5
ATGGGCCGGTAGAGGCGA,5
GACCCACATGGTTCTCGG,5
TGTGTAGTACTGCACGGG,5
GTACACTACAGGGGACAG,5
AGCACAGGACACAGAGCT,5
GCAGGTGGTAAATATGCG,5
AACAGGAGGATTCGTTGG,5
TAACGCGAAGAGCGCGGG,5
GCGCATACCTAGTCGGTG,5
CAGGACCCTGCTCGGTCA,5
ATCGATTGCGGGTTAGTA,5
GCCTCTAGGCGACGTTAG,5
GGCATCAACATTGGCGTA,5
AATCATGTGACATAGAGT,5
AGGGCCTTGTTGGGCAGA,5
GTAGCCGAACGCCTGTGG,5
AGGATACTAGTGTTGCGT,5
AGGGAGAAGATGGCTAGG,5
GGTGGAGTACAAGATGCG,5
AGGTAGACGTCTATCTGG,5
GGCCAGTGGCTCAACGTT,5
TAATGGATCCTACTTACA,5
GGGCTGCGGAAAGTGGAA,5
AAGGTGTCTACAGTAACT,5
GGAAGAGTAGACGGCAGG,5
TGGTCAATGGCTAAGGCT,5
ACGTCGCTCGTTTTCATA,5
GAATCCGCACCACGTAGG,5
ATAGGCATGTCGGTGATG,5
ACTGATACCGAAGGTGTG,5
GGTAACGCCCAATGTCGG,5
GGGAACGCCAATTGATTG,5
GGGACAGTAGGGTTGGGT,5
GCAGTGAGACTTCGACGT,5
TCGCAAGAGCCGCTGATG,5
ATGAGGTACAGACGAGCG,5
GCAACGACTGTTACGTGT,5
ACGCCCTAGCCAATGTTG,5
AGAAGCCGGACGAGTTTG,5
GGCGTACCGATAAACGTG,5
AGGCGACCAGCTAGTGTT,5
GCGGCAGCTAGTAGGTGT,5
AGAGGACCCGGCGCGCTA,5
AGGCCGTTTAATGTCCAT,5
GGCTGGACGAGACGAATG,5
ATCCGGATGGCGGAGCGG,5
AGTGTGGTGAGTCCTGGA,5
GTAGGGGCGTTTACTTCC,5
AGGGCTAGCATATCGTGT,5
GAGACTAATCGCCGTGTA,5
ACATCAGGAGCTCAGCGC,5
AGGCGAACGGACGGCGCA,5
ACGGAGTCTACCGCAGTG,5
AGTACTGGTGAAGAGCCG,5
GGACCAAGCGTGTGCCTT,5
AGGTGACGCTTAACTACG,5
AAGGCGGACGCGATGTTA,5
AGTGGGTACTCGAGACAA,5
GTGGAGAACGGAGGCAAT,5
ATGGGTACCGGTACTTTA,5
GTAGGAGGTCACGTTCGT,5
AGCGGAGGCGACCAGTAT,5
GGATAGCAGTAGCCGGAA,5
ATCGGGAAGGATGGTGCG,5
GGGGACAGAAAGAGTGCG,5
TACCCAGGGACAGTATCG,5
GTGGCCTAGCATATCGAG,5
GCCGGGCATGACGGAGAG,5
GGTGGTGAACTTGACGCG,5
CACTACGAGGAGGCATCG,5
GAGTGTCCATTAAGGGTG,5
AAGCAGTGTGACCTTCCG,5
ACAGATGTTAAGGGTATG,5
ACGCAGTAGATGTCGGAA,5
GTTATACCGACATGTGCT,5
GTGGAGTGGTTTGCATGT,5
AGGCGGAAGACTGCTGCA,5
CACAGGGCGACAAGGAGG,5
CTGGACGGGATTTCAACA,5
TGGCATACAGCGCTTGAT,5
GGCATAACCACCTATGTG,5
ACCAATAGTCTGTTTGCT,5
GGCGAGAGGGCATAGTGA,5
AATGGTTGATTGGAAGTT,5
TTACAGTGTCTAGTTCAG,5
AGGACGTGAAAGCATGCT,5
AGTGAGTAGCCACGTGCG,5
CAAGCAGGGATGGAGACG,5
GTGTAGCGGTCGATGTCC,5
AGCGGGATAACTCCTCTT,5
GGGGGTACAAGGCCTAGG,5
GACATGCGGCCGTGACTT,5
TAGGGCTAGCCAATCCGA,5
AGCAGGTGAGACTAGATG,5
GTGGTACTGACATCTGCA,5
ACATGGGTTACACGTCGG,5
TACGCGGAGGCTAAAGCT,5
GGGCATGTCGACGTGGCT,5
AGTTGGGCAGAGAAGGTG,5
ACGCTCGTCTATAGGTTC,5
ATCACCAAGTGAGACGCT,5
TATCGCAACGTTAGTGAT,5
GACAACCTCGGGTTTAGT,5
CCAGTGGCATGTGACGCT,5
GCGGTGCCATTTGAGGTA,5
GGCATCCATGCTAGGGCG,5
GGGGAAGCAGGATTCGTG,5
ACCAACAAGCATTAGGCG,5
GGCGCGATAGGGTGGTGT,5
GGGCGGAGTCGACGGCAA,5
ACCGGAGCGCAACTAGTG,5
GCGAGTTACGTGGGACCA,5
GACGGAAGGCATTCTGCG,5
AGCGTATGTCTCATGTGT,5
GGTAGTGAAGCAAACTTG,5
AGTACTGGTCGAGCACGG,5
TGCCGATCCCATTGCTTA,5
GGCATGCGGGGATGAGCG,5
AATGGTGATCTGCCGTTG,5
GGTGGTGTCTCACCGTCT,5
AAACAGTCAGCGACGGTG,5
GCTGGGCTAGAGACATTG,5
GATCTATTGGAGGCCCTT,5
CCTGGAGGAGACACGGTG,5
GTCGCTACTTGACTTGTG,5
TACTTATGGACAACGACG,5
GCGGGTAAGTCCATGTTT,5
ATCATACTCAGGGGTCAG,5
TTGCGGGTCAACGATGAT,5
GGGACATACGCACGCTCG,5
AAGCAGAAACATTGCTGG,5
AACGGACCCCTGTTCAGT,5
AGGTAGTTAATATCGGTT,5
ACACACACCACACGTGCT,5
ACCGATCCAGAAGGTGTG,5
AGGGGGTAACACCGAGGG,5
AGGGGCTTCAGTATAACT,5
GCGACGTAATGCTCATGA,5
AGGTAGGGGATGACAGCG,5
GTGGACGACCCCGTGTAG,5
GACAGGCGCATGGGAGTG,5
GGCCAATTTTAGGGTGTG,5
AGCATGTCATACCGTGCT,5
AGCGTGTAGAAGCGTCCT,5
GGGAGTTCAGCCCCGGTA,5
TGCGTAGACAGTAGCGTG,5
ATGGGCCCGAGACCGAGT,5
GGGATGGAAATGTTGGTG,5
ACAGGAGACGCAGGAACA,5
ATGAGGCAGACAATTGTT,5
ATGCACTCTTGCGCTCGG,5
GCACGCAGCGTGTTAGTG,5
AAGCGGTAGACAGCGGCG,5
ATCACAGCGACGTGTTGA,5
GGAGACATGGATACCGGG,5
ACTCGTAGTGGGCGCTGA,5
AACATAAGACCTAGAGTG,5
GTGAGAAGGTCACCGGTT,5
GGGTAGAATCGAGGTCTT,5
TCTGGCCAGGAGACGATA,5
ATCATAGGCGAGGATACA,5
ATGGACAGTAGAACGGTG,5
TTCGTCCGATCAAGGTAG,5
ATCAACGCGTGGGATGTT,5
GCAAGTAGAAGCGGCGCA,5
AGGAGTACCTGAGCTATG,5
GATGGCGCCGTAAATGGA,5
ACGCAGAAGCATGGCACA,5
GTGGCGTTGACGGCCGAT,5
AAGCAGGCGAGACGGATG,5
GTCAACGGTTGTCTAGGT,5
AATCTACACCGGACAGTG,5
TATGGTCAGTACCGCGCT,5
ACAGTCTGACACGTGCCG,5
GGTGCAGAGACTGTTGAT,5
ACAGACGATATGCATGTG,5
AGTGGAGGAACTTCACGG,5
TATGGGTAAACGTGTAGA,5
ACCATTTGCGCGGGACGA,5
ATAACATTACCACTCTGT,5
ATGGTTAGCAGACGACGG,5
TGGCGGTAGAGGACGGTC,5
AATAGCCCCTTGTTGCCG,5
ATGGTCTCCAACTCCGTG,5
ACGGCATAGTATGAGTGC,5
GCCCTCAGTACGTGTGAT,5
GGGCAAAAGGAGTACACG,5
ACACCAAGGTGCATTCCG,5
AATGTCCGACGGTTCATG,5
GAGGACAAAGCGTCGCTG,5
CGAGACCGTGAGGTTTCA,5
ACAGGACTGTAGACTGTG,5
AAGCCCTGTCACGTGTTA,5
CGTGCCCGCCGAGCCGAG,5
AAGGGCGTCATGGGTCCA,5
GCGGCCGCGCTTGCAGAT,5
GAGAACTGACGGACGTCG,5
GGGAGCAATGGTCATGGT,5
ACGGGGCTAAACTGTTGT,5
GGGACATGGTTACGCTCG,5
ATGCAGAAGGCGTCGCTA,5
CAACGGGATGAGTGCGTA,5
AGCGCCGACGTATTTGCA,5
TAACCGAGGCTGGGAGCA,5
GAACAGTTGCATGTCGCT,5
GACAGCATTAAGAGACGG,5
CAAGGCGATAGGTATTGA,5
ACGATGGACGGACCGTGT,5
AGGACCCTGGCGCCATTG,5
GCACAAGGGATGGCTGAA,5
AGGGCAGCGCTATGGTAT,5
CGGTGGCAAACGATCTGT,5
TGACTGGGCATTGCCGCT,5
AATGGTTAGCCCGACGCG,5
GCGGCACACGAGAGTTGT,5
AAGCACAATGCGGGTGCG,5
GGCATCGTGAAGTAGTGC,5
ATCGCCCTTGATCCGTGT,5
TTCTGACCCTTACTCGCT,5
GGACAGTCAGGTCGCTTA,5
CTGTAGTGAACGACCGTG,5
GTTGGTGAACTGTATACT,5
TGCCCGACTCCTAAGTCG,5
GGTAACTGGGCAGAACGT,5
AGGAGGTGGGTAAAGCGG,5
GTCCCTCGGTCAGCTGGT,5
TCGTCTCAGCGCGTGCAC,5
ACCGGGTTACAGACAGTG,5
ATGGTCCGTTGCGTTTCG,5
CGGTGGTAACGTCGGAGG,5
GCCACAGAGCTCTTCCGT,5
GTAGTGGAAGGACCATGG,5
GGAGGGTCTACCACTGCA,5
AGCATTCCATGAACTGTG,5
TACGGAGCCATCACTGAT,5
TAGGGATGGGAAGTACGG,5
AGATGGCTACACGATATG,5
ACACAGTGGAGTGCGCAT,5
TAGGTGACAGCCGCGTTA,5
GGTCTGACTGGGACTACA,5
TGGTTGATCTGTGCGTGG,5
GGGAGGGAGACGGACGGG,5
ATGCGCTGGGATAGGGAG,5
GGGCGCTTGAGTTGACTG,5
GACGGACAGGTATGGATA,5
TCAAGGCGTCCGTCTGGG,5
GAGGCGACGTAATGCTGA,5
AAGGTCGAGCCCGCGATG,5
ATCGGTACGGTTAGCGCG,5
TCGAACACGCGTCGTGTG,5
GTAATACCGTGCGGGTGC,5
ATGTGGCAGAGCTTGACG,5
TGGAAGACAGCCCTCGCT,5
AAGCAGGCACCGACACGT,5
ACGGTACGCTCGGTGGCA,5
TCATGGTTCCATCTCGGG,5
TGTGGGTAACCGATGCGT,5
ATGAGGTCGACGCGCTAC,5
GGGTAAGATCAAGCAGAT,5
TTTGTGGCGATGACGCTG,5
TGCGATGTTGCGGTCTGA,5
CAGCGTCGGTAGACGTGT,5
AGCGAAGACAGCCCTGAG,5
AGGGCTAAAGTTCCAACA,5
ACACACAGACATCCCGCT,5
TATCGACGATTCCATGCT,5
GTACTGAGTGTGCCAACG,5
CACGTAGAACCGTGTGCT,5
GCAGGAGAATAGACGTCG,5
GCAAGCCCGGAACGAATG,5
GTGGATACCGCGCTGACT,5
GCCGGGCAGCTTTAGGTT,5
CAAGCACAATGAAGACGA,5
AGTACCCGGGCCATGATA,5
GCACGGTGCCACTATGCT,5
GGGTAGTCAGTCTAGCTC,5
ATTCCCCGGACTGATGCT,5
TATTCCGTCTCCGGTAGT,5
TCAACACGGATAGGGTAG,5
GGCCGCAGTGTCATTCCG,5
GAGGCCACACAATGTGCT,5
TAATGTAGCCACAAGGTA,5
AGGCACTATCGGTGGCGA,5
ACATGTCCTCAACTGGTT,5
GTGGGCTTACCTACCTGG,5
AGGAGGCTAATAACGTCG,5
ATGGAGCACACAACACGT,5
TAACAGGGAATGCGCTCT,5
TCGAGGGATTCCGATGCG,5
GACCGATGGATCTAGGTG,5
ACGTGCCATGACAGAGTG,5
GCCAGGACGGTCACGTGC,5
AAGGTGCCAAGTTAAGGG,5
CATACTGGCCAACGTCTG,5
CGGACAGGAGTATGTGAG,5
AGCCGAAGGCGGTAGAGA,5
CAAGGGTTAGGTACGGAG,5
ATAGCGGAGTAGTCCTGG,5
AGGGTATGTACATTAGTG,5
TCGATAGTGGCCATGGAT,5
ACGGCACGACATCGGTCA,5
ATGGGATCAATGCAGCTC,5
ACGATAGTTAGGGTGTTA,5
GTAGGGCTGCAACAACAT,5
GGCAGGACAACCGCTGTG,5
GGAGGGAAAAGTGCCTAG,5
AGGAGGTAACTTTGGTGG,5
ATTAGGAGATGGAGTAGG,5
GGCAAGCAGACTGACCGG,5
GAAGACGCAGGATAGTGT,5
ACGGGACGTGTCACGTGA,5
GAGGGGCAACGTGTCAAA,5
ATGGGCAGTGTAGTACTC,5
TGCCTAACGTAGGGTATG,5
GGATGTGACATGTAATGC,5
GCCGGGTACTTCACTTTA,5
AGACGAATGACCTTCCCG,5
TTGGGCACTTTGGGCAAT,5
ATGGAGTGCAGCCCTCGA,5
GTCGCAGTCACTACCGAT,5
AAGTGGGCTGTTAGGCTT,5
GAAGGGCGACGCATAGCA,5
GGGCCTGTGGCTTACGCC,5
GCTACGTTCGGTCACAGT,5
CAGCAGAGGACGCCAGTA,5
TGTCAGTGGGCATCATGA,5
ACTGCCGTGACTGGTTAA,5
AGGGGCCCTACTGAACCG,5
AAGCAGCGGTGAAGAGGA,5
TAACCGTGGCCGCACGTT,5
ATATGCAGCGTGTTCTGA,5
ATGCAGAATGCGGGACCG,5
GTAGCACGATAACGTCGG,5
GACAACGATCATCTGGCT,5
ACTACCGTGCTGGAATAA,5
GGGTAATGGATTACTCGT,5
GGGCCACTATATTGAGCT,5
GCCTGCTCTAGACGCTTG,5
TAACAGGTACCGGGACTA,5
AGGGTCATCGTCACCCGG,5
GATCGTACGAACCCGGAG,5
AGGCTGGTCCTTACGCGT,5
TGGACCTGCCTGCTGTGT,5
GAGCCGCGCCAAGGTATT,5
ACGAACGGGTTCAAGTGT,5
CGGGTACAGGATTAGTTG,5
AGAAGGCAGTGAGCAGGT,5
CAAGCCGAAGTACGTCCT,5
GCGGGGCATGGATTCCGT,5
ATCCATGGGACCACGCTG,5
TTGATAGCGGATGAAGCA,5
ACGGAGAGTGAGACGCGG,5
GGCGTGATGGAATGGCGT,5
ATGTGTTGCCCGCTAGGA,5
CAGGGATCGTCGTTGCGG,5
TCGCAGCGCGTGTACTGA,5
GGCATACACGTGTCACCT,5
GCCTGAGTCATGGCGGCT,5
GCTGCCGTAGAGTACGTG,5
ACGCTCTTTCGGGCATGT,5
ACAAAGGACGAAGACGCG,5
GGAGACAGACGGCACACT,5
GGACCTCTCCGACCTAAG,5
CACAAGGAGACGACGCGG,5
AAGCAGTGTACGTCGAGC,5
CGCATGGAGTGGCAACGA,5
ATGGATTTCGTCGCAGCG,5
ACGGCTCATACTGGCGTG,5
CACGGAATCTACGTGGTG,5
TGGGCAGCGTACGGCCTA,5
AAGCAATACAAGACGGCG,5
GAAGTTGGTAGGCGCTCT,5
AGCGGGACAAGGCGCTCT,5
ATGGGAATACCGTGGCAT,5
ATCAGGGAAGCGTGGATG,5
ACACTCTGCCCTGGGATG,5
CGACCCGGGGATTGTGCA,5
GGGCTGTACAAGACCTGG,5
ACAGGACCAGTCATGATG,5
AACAGTAGGCAGAGTGCT,5
GAGGGCCTAAGGAGGAGT,5
CAGCTGGAGACGCATGCA,5
CAATCCCTTCGCACCCGT,5
CGAGGGCACAACGTCTGA,5
TTCATGAATGCGACCTGG,5
TGCGGTGTCGCACCACGG,5
TCCGATGGGGAACAGGCG,5
GAGGCGCCGTGAGTACAT,5
GGAGCATAAACCGACGTT,5
TCCTCATGGGTACATCGT,5
TACGGCATCAGATCTTGG,5
ATCAACGGGTTGGTTCAG,5
GGAGGTAATTCGTAAGTG,5
AAGATGGCGAAGCAGTGG,5
TTAGTGGCCTTAGGAGCG,5
GGGACCAATGGAGGATGT,5
GATCAACGAAGAACGGAG,5
TAGGGACACGCGGCATAC,5
ACTGCCGTTATCAAGGTG,5
TGTGGCACGAGCCGATTG,5
GCAGGAGGATCAGAGTGC,5
TGCAACACGATCCTTGGT,5
AGGTCTTGCGCCTTCGCT,5
ATTGGACATATTGCCGTG,5
TAGGACGGCTTGTAATGA,5
AAGTACATCACGCCGGCT,5
ACAGGTGCATAGGCTGCG,5
ACCACAAGACATACCGCT,5
AACAGCGATTAGTAGTGG,5
AAATGTGCACATTGGGTA,5
ATACGGACCGGACGTACT,5
GGCGCGATGCTCGAAGTG,5
GTGACGACGCGTGTACAG,5
GGAGGTCACGACAGGAGC,5
CGTGGGTCCGACTTGAAT,5
GGGATACACTCGGAGTTA,5
ACAGGGACCAGCGGACAA,5
TCAGTGTCTCGGCTGGTG,5
AGGCTGGGCATTCGGCAC,5
GAACCAGTGGCTGTCGCT,5
GTGCCGGCAACCGATGCA,5
ATCCGTTCATTATACGCT,5
AAGGAGAGATTCCCTGGG,5
CCAGCGGTAGGAGGCGGA,5
CTGGGGACAGCAAGCGCA,5
ACGACGGACCTGTGCACA,5
GGCATACAAGCAAAGACT,5
ATCCGGGCGAACTAGTGG,5
GTGGGATGAGCGGTCCCT,5
GAGGGGTTGGGGCCGAGT,5
AGGGCACACTGGGTCCGT,5
TCGATGCGCCTTGTGCTA,5
AAGCAGAGAGTCAAATTG,5
TACGGCCAGCAGTCAGTG,5
ACACATACAGTCGCAGGT,5
TGCAGGGTCCACCAGTCG,5
GCAGGGCAGAATGAGGTG,5
AGGCGAGGTCACATTGAT,5
GGGATTCGTCTGCCCGTG,5
AGGGAACGGTAGCAGGCG,5
GAGGCAAGCCATCTCGTG,5
GGCACTACGAGACGTGAT,5
AATGGACGCGTTCGAAAG,5
GCGGACGCACGGGAGAGC,5
GACGATACCACGGTGATG,5
ACGCCTGGGAATGACGGT,5
GACCCCGGCGGGACGATG,5
GGGGAGCAGAAAGCATGG,5
GAGGTACAAGCCGTCTGC,5
GGGAGTTGCGGCGCGTGT,5
AGGGCTGGATAATAGTGG,5
AGCCGCAATGCCGTGACT,5
CAGAGGGATGGTGTTTTA,5
TGAGCCTCGAATGGTGTA,5
AGGGTCCCAATATGCGTG,5
ACGGGATTAGACGCCACG,5
GTGGTAGACGCACTATCT,5
CGCAAAATGGTCAGGTCT,5
GATCCATCGGCGATTCCA,5
TAGGGGCATATACCGGAC,5
AAGGGTTACACATCCACG,5
GAGGGCCAACACATATCT,5
GGGCATGAGCACTGTTGT,5
TATAGGTGGAAACGCGAT,5
AGGGCATGGAAGGACTCA,5
GCTCCAAGCGGAAAATGG,5
AACGGGCGTTACTCTCTC,5
AGCCAGACGCTAACTCCG,5
AGGCATACTCAACGCTCG,5
GTGTGAGAGCGGACTCGG,5
GGCAAGGTCGTATCTACG,5
GCCGTAGGGCATGAGACG,5
TGGGTTGACATTGGGCAG,5
AGGGTACAGCAACTCCGT,5
AGTGGGGTTGAGGTTACG,5
TCGACGTGTGTAATCTGG,5
AGGTGCCGACTAACAGGT,5
GCACACTGCGGTTATCTA,5
AGCACGGACAGCACGTGT,5
ATGGGACCTCAGACGCTA,5
TGGCTAGAACAGCCTCGG,5
ACACCTAGGAGCGGATCG,5
TCACCGATTGGTCCTGCT,5
GACGAGGGCCACCACTCA,5
ACGGACACAAACACGGCT,5
GCTAGAGCAAGCACAGTG,5
ACCATCGCTCCTGTCGAA,5
AGAGGACAGGTCCGAAAG,5
GTGGGAGGAGACCGCGTT,5
GTGTCGCACATACGGAGT,5
GGCAAAGCGTAGGGTTCG,5
AACACGTTCAACATGTGA,5
AGACGCCATACGGAGCAG,5
ATGTGATCCCGTCTCGCG,5
GAGACGTAAATTGGACCT,5
AACCTGACTAACACGGTG,5
GGGCAGCGGCTGTATAAG,5
TAGCGGTGCTATTCGTAA,5
GTGCTCATCGACCCGCTT,5
GGGCCCGACGGCTGCCTT,5
TGCGGCATAAGTACTGGG,5
GTGGGACCGGATCGATGG,5
AAGCGAATACGGCATGTA,5
CACATTGCGATCCTACGT,5
GGAGGGAACCAGTTCTGT,5
GGGTGGACTTCCTCTGGG,5
AGGGACAAGCGGGGAAGC,5
GATTGCCGGGCACTAAGT,5
CAGGGCGATTATGCACGG,5
ACTATTGGGGCAGCTATC,5
AGGGGCCACTCTAGTTCC,5
ATGTGGTGTTCATATACG,5
GGAGGAGGCGACGAATGA,5
GGACACAGCGGGAGGCTA,5
AGGGACACATGTGGCGCA,5
AGCAGACATGACCGGCGA,5
TCATCGCTCGAGGCACTA,5
GGGCACAGGTGGCAACGT,5
GCCAACGTGTTCAGGAGC,5
AACGTATGGACATCGGCT,5
GAACAGTAGGATTCCGCT,5
TGTTAGACTGGCTATGCT,5
AAGCGGTGATAGGTCAAT,5
ACGAAGTGGAGCCGGACG,5
AGAGGAGACATCGTTCGT,5
GCAGCAGTCGGTCACTCA,5
ATGGATGAGACGCGACGT,5
GGGACGACGTAGCCAGAG,5
GGAGGTAAGAGTACAGCG,5
TCCTGGCCTCTGATCGCT,5
AGCATGGGTATCGCAGTG,5
AAGAGCAGTTGGGGACGG,5
CCCCCCCCCCCCCCCACC,5
CGCACGGCGTGTAAGTAT,5
AAGGCGCGACATGGTATG,5
ACATGCTGATGACGGTTG,5
ACGGGCAATTTTGGACTA,5
AGGGTTGAATTGCAGTGA,5
GGGGGAGTCCAGGCAGTT,5
GATGGTCGCGCATGCTTT,5
GATAGGGTCATGTTCCAG,5
TCGGGTACGGAACGTCCA,5
AGCGAGGTTGGCTTGGTG,5
GGGTAGGATTAGCAGTCG,5
ACAGGGGAGAGTTGACCG,5
AAATCCGGATAGCCGGTG,5
AGGAGTAATCAGTGCCAG,5
CAAGGGCATATGTTGGCT,5
GGTGATGACGTTGGACTG,5
ATGGGAATATGTGTGGCG,5
AACATCATGCGGTGTACA,5
GACACAGGGCCAGCATGT,5
GGAGCATGGAGGATTCGG,5
ACCAAGCCAGAAGACCCT,5
CAGCAGAAGACATGGCCT,5
GTACGGGCGGGAACAGCT,5
AAGCATTAGCCGGCTGAT,5
ATAGCCGTAGAGCCGGAG,5
TAGTCGGCTACATCGGGA,5
GTGACCGGTCAGTGAGGT,5
AACCACGCTCAGAGTGCT,5
AGGTGGAAGACCCGCCGG,5
GGGTGAGACGCTTGATAA,5
ATCAATTAGACAGTGCGC,5
ACAGCATAGAGGCCGTGC,5
CATCGCGGGGACTCGACA,5
ATAGCGGTGATGTAGCGT,5
ATACGGAGCACCTGATGG,5
TACGGATGTTGTCGTCGA,5
GAGAGTTCACACCCAGCG,5
AGCAGAAGAATCCGACAT,5
GTGGCCCATCACGTTGAT,5
ATGAAGGGCTGTAATCGA,5
CAGCAGAAGCAGCATGGT,5
AGGGCATCATTTGGCCGA,5
ATCAGTACATCGTGCGCT,5
ATGCAGAAGGCGTGTAAG,5
TAGCCGAACAGCGGGTGA,5
TGGTGACGGTATGGCCGA,5
GGATGTGCATAGCCGTCG,5
TAGGTTCCAGTAGCGGCT,5
ACTTGCTCGACGGAGATG,5
ACAGCTCAAATCGATGTG,5
AGGACTCCCATTACAGCT,5
AGTGACTGTCCACAGCTA,5
GTGTGTGCACACGCTATG,5
GGCGAAGCATGGCGGACA,5
AGATAGAGGATAGGCATT,5
GGGCAGTAAATACGAGTC,5
GGGCTATCTGACAGTGCA,5
CCCCCCCCCCACCCCCCC,5
CTAAGGGGAGACAGTGCA,5
GGCCCACGGATTGATCGT,5
ATGAAGACATGTGGTTTC,5
TCACACGACACTCTCCCT,5
AGTAGTGCAGAGTTGCGG,5
ACATGTCGCTCTATTAGT,5
GCAACGACAAGATTAGTG,5
ACACGCGATCACACGTGT,5
CTTATTTAGAGGACGTCG,5
GGACGGCTATTCCTTTGG,5
AACGGCACAGTCCAGTGA,5
GGCAGTGGGCAGACCTCT,5
GGGGAGAATACATCGGCG,5
ATGGCTAGTTGGAAAAGG,5
TGGGCATAATGACGCATA,5
GGGACGGGATCCCCTGAA,5
AAGGAGATGCAGGCGACG,5
GGGTAGGCCAGAGCCGCT,5
CAGGTGGACATAGTCTTG,5
GGCGCCAAGTGGAATGTG,5
GGATAACGTTTGCTGGAG,5
ACACGAGTCCTCATAGTG,5
ACAGCGGCAGTGGGAGTC,5
TCAGTGCTGGTGAGGTCG,5
GTCGAATGGTGTTTGGCG,5
AATGGGCTCCCCGTGCAA,5
AGCATCCCTCTGTGCTCT,5
GCCACCCGGGTGACGGTG,5
GGCTCACTGTGCCACGAT,5
ACGCAGTTCAGGACTTAG,5
ACGTGTCACTAGAGCGGG,5
ACGGAGGTAGACGCGATG,5
ACGGGGACACTCAGTCAG,5
AGGCCACTAGTCCGGTTG,5
ATTGACTGTTGCGCTGTG,5
AAGGCTAACCAGGCGGAT,5
CCCCCCACCCCCCCCCCC,5
GGGTACGATGAGAAGGCT,5
ACCGGAGGCAAAGTGTAG,5
GGATAATGATGCTCGATG,5
AGGGAGGAAGACGCGTGG,5
CGGACAGAGACGGTGCTG,5
GTGGTACGTATGCAGCAC,5
AGCAAGCAGCAGACGCCT,5
AGGTCCACTACCATTCCG,5
GATCCAGGCAACAGCTGT,5
TACTGACAATGATCGGCA,5
TTGTTGATACCTTGGGTG,5
TAGCGCGGACTGGTGTAG,5
GAGACTGTCCTCGAGTAG,5
GCCGGGCTATCGTCGGTG,5
TGCACGAGAGAACGAGCG,5
ATATCGGGTAACCTCGGG,5
ATGGTAGCAGACGAAATG,5
GCGACGCGGCTACCGAAA,5
ACGAGGCTGTGCTGTGCA,5
GACAGTGTCGCGCCTGGT,5
AAGGACTCATGACGACGG,5
AGGGCGAAAAGTGACGGA,5
GGTACACGCAGGTCGTAA,5
AGGCAACGGACCTCGCCT,5
AGAGCGGTGCATCAGGCT,5
GAGCGAACAGAGAGAGTG,5
AAACCGTGTCTGAAGTCG,5
ACGACCTCGGGTCCACCG,5
ACGTGCGCCATGGACGTG,5
GTACACGGCCACCCACTA,5
GAGAGCGCGCTAGGTATG,5
ACCGGGCAGTACAGATGG,5
AGGCGTGGCCACCGAATA,5
AGGAGCAGTACCAGGGTG,5
ACTAACGGGCTGCGGTCA,5
ATGGGGATTGGTGCCCTG,5
GACGACTTCATACGAGTA,5
TAGGGATAGCACTGACAG,5
GCTATGTCACTCGTAGAA,5
AAGATAGCTCATGTGCCT,5
TGGGAACTGATGGATGCA,5
TACAGGTGGCTCCTTGGA,5
GTGGACGAAACGTCGTAG,5
TAAGGACTCGGGCACGTT,5
TGGTAGCGTACAAAGGAT,5
GTAGCTGGATACCGCGTG,5
GAGGGACGGATACCTGTG,5
TTACGTCGGTCTAGTCCT,5
AGGCTGGGAATGGATTGC,5
ACTGGGTAAGTTACGCGG,5
AGCAGAGGACGGATCGGA,5
ACGCAGGAGTAGGGCATA,5
GCGGTAATGATGACTTGT,5
AGACATTGTATCGTTCCG,5
AGGGAAGGGCTGTGCGTG,5
ATCGAGCTTGCCCCGAGG,5
ACTATGACGTCGCTCCGG,5
GTAGCGGAGGCGTGCCAA,5
GCGTGTGCATGATACATG,5
GACGTAGGCTGGTAGGGA,5
GATGTGTCGGCGCTGTCA,5
GTGGTATCCACTGTACTG,5
TAATGACCCTGTGCTCGA,5
ATGGCGGTAAAATAGCGT,5
GGCATACCCCACTCGAGG,5
GCGAGTTGGCAAAGGGTG,5
AGGTACCGGGAACGTAGA,5
AGCGGACGAGATAGGGAG,5
CCCCCCCCCCACCAACCC,5
ACGGGCAGCCAACCTACG,5
GGGCGACGTGTGATGAAT,5
ACAGGTCATGCGGCTCGT,5
GAGGTGCCAAGGGACTAG,5
AAGGGCGCCTTCTAAGGT,5
GTACGGGTACGACTGGAG,5
TTCCGGACGCGACATGTG,5
GGGACAGGAGTTCAACTT,5
CGCAGGCAGACGACGGCA,5
AGACAGGGTGTACAACTC,5
AGAAGTTCCTAGGAGTTT,5
AGCATGGCGCCATGAATG,5
GCGATCCATACTTCGCAT,5
GAAGTACGTGTCACAGTG,5
TAGCACTATCACCTTCCG,5
ATAGGACAGATCCGTGCC,5
AACGTGAGGCGAACGCTG,5
GACCCATAGCATCACCGA,5
AGATGGGATGTGACGCGC,5
ACGGGAGATGATGAACAG,5
GGTGTCGCTCAACATATG,5
ATCGGGCTAGGACAGGTT,5
ACGCGGTTAAGTGTGAGC,5
AACAATGTACCCGATGCT,5
GCCTATCACCATCTTCCT,5
GGGCGGCGCAATTTGGTA,5
AGGCGTGAGGTAGCAACG,5
GGCACGTATGCCTTCCGG,5
ACAGCGCGTTCAAAAGTG,5
TAACGCGACGATACTGTG,5
CGGGATGTCGGATGAATG,5
ACAACGCGGAATACTATG,5
GAGGTATGTGCAACAAGG,5
ACGGCACTAAAGACGCGG,5
ATGTAAGTGGCCGACCTA,5
GGTATACGGAAATCGATT,5
ACGTGGTGGATATATTGG,5
TAGACGGACGGCAGCATA,5
AGTGGTCATTAGTGCGAG,5
AGGGAGGCATAGAAGTGG,5
AACGATCAGTTTGCTGTG,5
TTGAGCTAGACGTAAGCT,5
GGACGGAGATCAGCAGCA,5
GTGGTACAACGCTGCGCC,5
TCCCACGGAGCTTACAGT,5
ACGTGTGGGACCATTGAC,5
CATACATTCGACGCGGGT,5
AAGGTAAGGCAATGTTCA,5
TACTGCCCTGGGAAGCCT,5
GACGGCACAGATGTTGAA,5
AACGGCATTAACCTGTGT,5
TTTGCAGTTTGACGAGTG,5
TGATGGGCTACAACATGG,5
ATGCACTGCAGGTACGTG,5
TGGAGTAACCCAGGTTGA,5
ACGGCACGCTCGTACAGT,5
ACGGTGTAAAGCGCGGCT,5
GCGGAGCGCTCGGAGTCA,5
ACGGGAGTTGACAAGCAG,5
AGCAAGGTGTGAACGGGG,5
AAGCCAGGAGACACAAGG,5
TCTGGATGCACGGGTGTG,5
TCCATAGTCACTTCCTGT,5
CAGCGTGTCAGTGATGTG,5
GGGGCGTAGAGCTGAGAC,5
ACCGGGACGGCTCAATGT,5
GACAGAGGAATGGACGCG,5
TGGGCATAAGGTATAGCA,5
AGGCGTGAGCTGACCTCT,5
GCCGGGCACAGACTTGGC,5
AGAGACGGCACGTAATGG,5
ATAGGCTGCTGTACGACG,5
GAGCCCTACATTGCGCGT,5
GTGACTGGTACGCCATCG,5
TAGTCAGGATGGATTGCG,5
ACAGACCCACTGTCAGTG,5
AGGAGGTGAAGAAGCGGC,5
GGGCAAATGGGAGCCAAG,5
GTGGGACATGTCGGAAGT,5
AGCGGGAAGACTGTACTG,5
AAGCAGTATACAGCATGG,5
ACGGATCAATCGCTCGTC,5
TGCCAGGTCCAATTGGTG,5
GTAGTGCGTAGCTCTCCG,5
AGGGCCCTAGGATCTCTA,5
CACAGACGTGGACCAGCT,5
GACGGCACACTTATCCAG,5
GGCCAGTTCCTGTGGAGG,5
TCACGAAAGACTGATGTG,5
AGTGAGCGTTGGACGATG,5
AATAGGAAGGCGTTACGT,5
TGACGGTGTCACGGTCTG,5
GCCGACGGAGGTAAAGTG,5
ATGTAGCTGGGTGCCGTC,5
ACCAAGGGTCGACACGTG,5
GGGGAATTTATTACGGAT,5
TTGAGATACCGTTGTGCT,5
AGCCGCCTTACTACGTGT,5
ACTCCCGCCAGGGCCTAT,5
AGCCGTGTATGTGTGAGT,5
GGACAAGTGCTCAACGTG,5
ATGGACGTGTTGATGCGG,5
AACAGGGATACGTGTTAC,5
ACCGAATCACCCTGAGTG,5
ATAGCGGCAATCGAGTCT,5
CGACAAGCGGGACGCTAG,5
AATCAGTATGCCGCTGCT,5
CTAGCATAGGGAGGTCGC,5
GCAGCCGCAGACTAGTCG,5
TTAGCGGACTCACGTGGA,5
CAGGTGGACGACCAACAG,5
CAGCAGAAGGTTACGCGG,5
GAGTGGTATGTTTGCATG,5
AGACCGTGACTGTGCGAT,5
AACGGATCACACGTGCGG,5
GGCTGACACAATTGCGCT,5
GGCGTGAGAAGACCTGGT,5
TGGGGTCTACCATTTGTG,5
GGTACGCCTGGGATGTTC,5
AGGACGTGTACAGTCCGA,5
GATGGTGATGCCGATTGC,5
AGGCGCACAGGACATCTG,5
AGAGCGGCCCAGAGGGAT,5
TGACGATTTCAGCTCGCT,5
AATCAGGAGGCGCAACAA,5
ACGGCATGGAATGTTGTG,5
ATGACCGGCCTGCTACCG,5
ACCATACTGCGGCGCGGT,5
ACCAGCAGTTGACGGGTT,5
GCAGGGCAGGTCCATGGA,5
TGGACCTACTGATGGGAG,5
GGACCAAGGGGCGATTGT,5
GGCTCACATCGGCCAGTG,5
AGGACCGAGTTCCGGGCG,5
GTGCCAAGTTACGATGTG,5
TCTTGGGCTGGTTGTCTG,5
AAGATCGACGCGTATCCT,5
GAGCATCCAATACGTGGC,5
GAGCCCCATGCGTTGCCG,5
TCGCCTTAAACGCTCGGT,5
AGAGACCTTTCCGATCCA,5
GGCGCTGAGGACGAGGAG,5
TGCGGGAGCCAGGGTGAC,5
AGCAGGTGATAACGGCGG,5
TCGGCGAAGGCAGGGGTG,5
AGAGCAGGAGGGACAGTA,5
ACTGGGACGACATATACT,5
AAGCAGACCGGGCACTAA,5
ACTGTCGTTCACACTGTG,5
GGCTAGGAGTGCGACTGA,5
GGGGACTCCCCGTGCACT,5
GCGTAGTCTGGATAGCGA,5
AGCAGACGACGGCATGCA,5
TTGCACAGTGACTCGTTG,5
GTCCCGTTTAAGCCATGG,5
GAGAAGACGACTGCAGGG,5
GCGCAGGACGGTCATCTT,5
GGGCAGTATAGCATGGCA,5
GTGGCATACTGAACGTGT,5
ATGGGATGCAGAGAGGCA,5
GTCGGTATTGCAGCGCAG,5
GATGGGTTCTCAGCGGCA,5
AGCAGGCAAAAGCATGTG,5
TAGGGCGATAGCTAGACA,5
AACTGGAGTGAGAGGTGT,5
AGGGTAACGATGCGCCCG,5
ACTGTCCCACTGACGGTG,5
GAGCAGTGCCCGGGAAGT,5
AACGGGAGTACACTAGCG,5
GAAGGGAGACAATGTTCG,5
GTGGCATCATCCGACGTG,5
TCGGGCCACTCCCAATGT,5
GGATGAGACGCGTCCTCA,5
AAGCAGGGATGAGGTGCG,5
AGACGCTGATCATCTCCT,5
ATGCGGTATGTACTGTCG,5
GATGCGGTTGCATGTGCG,5
CAAGGGACCGCGTGTTTG,5
AGCGGAAGACCACTGGTA,5
AGGCCGATCAGAAGTGCG,5
AGAATCGATTGACTGATG,5
ATAGCTGCCCACGTGGAT,5
CGGCGCACGTGAGGTGAT,5
GGGGCATCGCTCACTAAG,5
ACGAGAACGGCCAGTACA,5
CGGCGGTTCGTACAGTCT,5
CGTTAGGGCATGTGCACT,5
AGTCGACGCACAATCATG,5
GGGATCGGTCCAATGGTG,5
ACGACAGGTTATGGTGTG,5
CAGGGTATCACGATGCCT,5
GCCGCGTGACGTGTGTGA,5
ATAGAGAGTAGACGTCCT,5
GCATGCACATGAAGGAGT,5
ACGCAGCGTTCCAGTGGA,5
TGAACGGTCTAGGCTGGC,5
AACACGGCCATAGTGTGA,5
ACGATGGCTTTAGCAGTG,5
GATTGTGGTCCGTTGACG,5
AAGTCGAACCAATCTGTG,5
GGCGGGAACACATTGCTG,5
GTTGACTACCCCTGTGCA,5
ACGGGTGAGGCTGACGAT,5
GAGGAGCAGAAGGCTGTG,5
AAGCGCGGTAGGTGTCGG,5
ACACCACACGTCTTCCAT,5
GGGGATAGACACGGTAGG,5
AAGCAGCTTGACTGGTGA,5
GAGCCTTCGAGGGAAATT,5
TACTCGGCGACTCTATAA,5
TACGGCATCCGTGTTTTG,5
AGACGGGCACCCAGTCGA,5
GCCAGGGTACACGTAGCT,5
GTGGGCATACAGAGTCTT,5
CAACGGTACAAGCAGCAG,5
ATACGCGCGTCTGCTGGT,5
ATACTCACACTTGTTGGT,5
GATCATGGTAAAGGTTGG,5
GCACATCCACAGACGTGA,5
ACACAGCACACCCTTCCT,5
GTGGCGTAACAGCTCTAA,5
ATCCGCGCATACTACGTG,5
AGGGCACACTCGGATGGT,5
GCGTAGTGCCATACATTG,5
ATCGACGTATGCGAGAGA,5
ACGGACGTTGGCCATACA,5
ATGCCATCGGAGGACACA,5
AGGCAGAGGACGCGCGCA,5
ATGAAGTACCGCAATGCT,5
ATAGGGCGTGCTAGCAGT,5
GGGCAGGAAGGTATGGCG,5
TACGGCCATTCGCAGGTG,5
TTTACGGCGCTGAGGTCT,5
ACAGGCGGGAATTCGTCT,5
GAACCTGGTGGGCATCTT,5
ACCGAGGACACGAGGGTG,5
CCCCCCCCCCCCCACCCC,5
TATGGTACCGCACTCGCG,5
GGTGCCTTAGTGTTCGAG,5
ATGTGACTATCGCATGCG,5
GATGCGGAAGCGAAGGTG,5
CTACACGGTGTGCAGGAG,5
AGACAGTTGTCGACGCAG,5
GTCGCAACCTAGACGCGT,5
GGTGAATGCTCAACTGTG,5
ACGTGATGCTTCCGAGTG,5
GTGGGAAGAACGACGTCC,5
AACACGATCCTACATGTT,5
CTATGGCCATTCCTTGTG,5
GAACGGGTCCTTCAAACG,5
GGGGTAGATGGAAGGCCT,5
GGGGCCGTATTACCATCT,5
CTTGACCTCGCTCTGTTA,5
AACAGGCCGCTATCTGTG,5
AGGGCAATCCTTTACACG,5
AGCAGTCAGTCGGCGTCA,5
TGACACACAGTGGGTCAT,5
TCGGACTAACTTTCAGTG,5
ATAGGACGTGTAAGCCTG,5
CAGAGGGCACGATCAGCA,5
GACGGTCTCCCGGTCAGT,5
GTGGTACCGATGCCATCT,5
TTGGCAGTCTTCCGAATT,5
AAGAATGCCACGTGTGCT,5
GTGGGATAGTTAGCGGCG,5
AACAGAAACCGGAGTGTG,5
GTCCGACTCGATTTGGAG,4
GTGTGGCGTTCTTCAGCA,4
ATGGTGTTAACATCAGGG,4
GTAGATCACGTTGTCCTG,4
GGGCCTCCATATCCTCTT,4
AGGCTAACTCCAGGTGCG,4
CTAGTCGACGCGGGAAAC,4
ACAGACTAAGGATGTGCG,4
TCAGGGATTCACAGCTAA,4
GCGAGACGGAGTTCAGTT,4
GATGGCAAGCGGGTTCTG,4
GGTGCAGGCCAATTGTGT,4
CGCTGGGAGCCAGAGTAT,4
AGGAGCAAACCGAGTTGG,4
AACGTGATAAGTGCAGCT,4
GGACGCCAATCACATGCT,4
AAGGCGTTAGCCTGGCGG,4
TTAGGAGTCGAGCACGTA,4
CACAGGAGAAGGCAGTGG,4
TGAAGGCTGTATGGGTAG,4
GCAGTCTATGGGTCGTCC,4
AATGGGTATGTCAATGTG,4
GAGCAGAGAGACTGGTGG,4
AAGCAGGGAAAGGCTCAA,4
AGCCAGGGCCGGTACTCT,4
ACAGCACCTTGTCGTCGT,4
TGGAGACGCCGGATCTTG,4
GAGGCAATGGTAGGCGCT,4
GATACATCATTCCGCATA,4
GGAGGCCGTCAACTGTAT,4
TCCGGGACGGATCGCGCA,4
CATAGGCGGTATTCCGTA,4
ACGGTCAGAGCGAGAGTT,4
ATGGTGGTGACGCTACTG,4
TGCCTGGGGACAGCACGA,4
AACGGAAGGCTATGGGTA,4
ACGTGGCTAGTGCTGGCA,4
GCACGTGCGCATATACAG,4
AGGCAACCAGAAGACCGT,4
AGCTAGTGAGGTAGCTGG,4
ACAAGCCATCTGCGGGTA,4
AGGTGACTGGACCATGAT,4
AGGCGGAGAGCACGGCAT,4
AGGTAGAATCTCCGTGCG,4
GCATGACAATTCTATGTG,4
GCACCTTGGTCATTGTCG,4
AACAGGCGACAGGCGGTG,4
GGCCTGAGCCTACGCGGA,4
ACAGTGGTAACCGGACGG,4
AGGTTGACAATGTGGATG,4
GTACGCAGACGAAGTTCT,4
GCATTAGCATCGGGCACG,4
TAACGGCATTCATCGCTT,4
CGGCGCGCCGAGCTGAGG,4
GACAGGGGTTGCACCTCG,4
AGGTAGGATCAGTGGAAC,4
ATGGGCCACACTGGAATT,4
TGTAGAGCCAGGTGATGT,4
ACGGATGGTGTCACAATG,4
TCCAAGGAGTATTCGCGG,4
GGTGGACCTCTTACTTAG,4
CTAGGCAGGTAGGGGACG,4
GGCGGAGTCATGCGTAAG,4
GGGGCACAGGCTAAGCGT,4
GGCATAGTGAGCGTACGG,4
AGACACACGCTCGCACGT,4
GGGCACTTGATGGCAGGA,4
GAACTGTGTATTAGTGCG,4
CAGATGGTAGGCCGAGGA,4
AGGGGAAGTACCGACCAT,4
TGGCAGGAGTTCGCTGGC,4
ATTACGGGGCACTCTGTC,4
TGCGGACCCGCATATATG,4
GCGCTGTGCCATGGGTAT,4
AACTCACCGGTGCAGTGA,4
GGGGACAGAATATGCGCT,4
TCAGCAGGGGATATAGCG,4
ACTAGATATGTTGGGATA,4
AACACGTATGAGGTGACG,4
AGCGGGACGTAACCCATG,4
CGGGGGCGGACTGATGCA,4
GGGGCAAAATCAGCATCC,4
GACTTGTCGATCGCGGTT,4
CAACCGGGTTCGCGTAGT,4
CACAGGACGACGCGTACT,4
ACAACCTAGTCATATGTG,4
GGATGGCCCGAGTTATAT,4
ACACGACGATGGCCTGTG,4
TAGCGTTCCCATGTAGTG,4
TAAGGCGGCTGGATCTGG,4
GTGGATAGTGTGTGAGCA,4
AGGCCTCAGGACTGTGCT,4
ACAGCAGGAGGTCTGGCT,4
AAGCAGGTGGTAGTCTTT,4
TCGGGCCAAGTGTGTCGC,4
AGGCGTGTAAGCAGCTGG,4
TCCGGGCATGTTACACGT,4
TGGGCACGATTGGCATGT,4
TAGGCAAAGCACGGCAGT,4
ACGGATTGCCTCTATGCT,4
GTGGTTACAGACACAGAT,4
CGTGGGGACGCTATCGAA,4
GGCCGGTATGGCGGGGTA,4
GGCATACCAACACGCTTG,4
AAGGTCACTGTTCTTCCT,4
ACTGCGTATCGGAGCCTA,4
TACCTTGGGGAGGAGCCG,4
ACAAGCATGAGACGGCAT,4
AGCTGGGAATGCTACTAA,4
TGACGAACCGTGTCCGGT,4
GTACCCAGTGGATGCGCT,4
ACCTGCAGGTAGTTGGCT,4
ATTGGTGACAGAGAAGCG,4
TTGCCGGGCGCACTGCAT,4
AGCAGAAGAGAGCAAGCA,4
GTACCCTCTGGTGGTTCA,4
TGGTGTAAAGGTCTCACG,4
AGGTGACAAGTTGCTGTG,4
TGCGGGTAGTAGGCTGGC,4
ACACTGCCGGAGTGTACT,4
AGGGGCCTTATACCGATC,4
CGCTCCGTGAGGTGATGG,4
GAGGATCAGCAGAGGTCA,4
AAAACTTTGCGGTAAGGT,4
AGTGCGCACTCATCCTAT,4
GGGCACGTTATTCGGACA,4
AGGCCATACCCTGAAGTG,4
GCTCGAGCGATACTTCAG,4
GGCGACGTCCCGTATGTG,4
AGCTGCATCAGGGCTCTG,4
AACATCTCCAATGTGGCT,4
GCGGTACTAGGGATACTG,4
TAGGACTGCCCAGTGCTT,4
GATGTGGTAGACGCTGCA,4
TAGTAGGGACTCGAACGC,4
ACCTGCTGGATGACCGTG,4
GAGGATCATTCCGCCTGG,4
TGGGTACTACAGACACCT,4
ATGCGTAGAGTCAATGTG,4
AGGGGATGAATTCGGAGG,4
GGGCGCTAGCGGACAGTG,4
ACAGCAGAAGAGGGCGAT,4
TTGGCTGCTCCCAAAGTG,4
TTCAGGGCAGTGAGACCT,4
AGGGATTATAGCGTCACT,4
ATGGTGACGATCGCTGTA,4
TTGCTTGCGAGGTCTAGT,4
GTAGATAGCCGTGTAATG,4
ACAAGTGGTACATGAGCT,4
AGGGTATCGCCCCAGTGC,4
GGAGTGACGGCAGTGTGT,4
GCGATTGGTTGACGTAGC,4
GGGCAGCAAACGAGGTCT,4
GTCGCCCTGGTATGTGCA,4
ACGGTGAACTGATCCGTG,4
AGGCGGAGCGACAAGCAT,4
ACGGAGGAGTCATTGTGT,4
GGGCCCATCCCGGATCCT,4
AGCGGCAATCAGTCGCGG,4
AGGGGAATAACGGTTGCT,4
GCAGGGTATCCGAGAGTG,4
GGACTGACAGTGTATTCT,4
TACGGACGGAGAGAGGCG,4
AAGTGGTCCTGTATCTTG,4
AGGGCAGCTCCCTCGTGA,4
TGCAGCTGTAATGCGGGG,4
TGTACCTGTGTGCATAGA,4
GCGGTCTGATACTGATAG,4
GGGTAAGGCTACACTGCA,4
GGCCCACGATTATCTGTG,4
AGCAGGTGAGCAGGACGT,4
AATTGGCTCATGGACACT,4
ACGGTATGGACTCTCGAT,4
GCGGAAATGCAGGCGGCT,4
TGGTGTCGCTATTTTGGA,4
GCCAGGATCGCGGTGCGT,4
GACCTTGGACAATGTGGA,4
GGTGAAGGCTGGAAGGTA,4
GGGGCATGATTGCACGCG,4
CACAGATAGGGTGCCGGT,4
GGGACCTGGCACACGACA,4
ACGGGATCCAGTTGGGTG,4
AACGAGCAGATGTTGTGC,4
GGCACTAGGCTGCGTGAG,4
ATGCACCTCGTAGCAAGT,4
GGTAGGGACACGGCATGT,4
TGGCGTCTATTCACATGG,4
AAAGGCATCAAGATCGCT,4
AGCATCCTCTAGACGCGG,4
ACAGCCAACCCAGGAGTG,4
GACCACAGAGACGATATG,4
GGTATAGTAGACGCGTTT,4
TCATGTGGGAACAGGTAA,4
AGGGATGGCCCGACGTGA,4
ACATACCAGAACGTGTGT,4
ACGGTACGTGTGCAAACC,4
ACATGAGGCTGACGGAGG,4
CGGGGGCAGATGGAGGAT,4
AAGAACAGTAGGGATAGT,4
GCTGGCAGAGAGGATGTG,4
GGAGCGCAGAAGCTGGCA,4
AACGGTACGGACTTGATG,4
ATGGGCAGGACGATATTT,4
TACAGGTACACGGTAATG,4
CATGGGTAGTCCGTGCGC,4
GAAACGAGTCAGGCTGCA,4
AACATGCGACAAGTGTTG,4
ATGCCGTGCCAGACGTGG,4
GGCGAGGGAAACGTTGGT,4
AGTGGCATGGTCGCCCGT,4
ATCGGGCAACGAGGTCGA,4
GTGCGCTATTCCTTTATG,4
ATTTCGGGCTTTGACGGT,4
GCGCTCATGTGTAGTGAT,4
TGCAGGGACATAGTCGCT,4
GTGCAGCCCTTACTCTTC,4
AGATGCCTGACGCCGTCG,4
ATGCGGCGATACGTGTTG,4
AGGGTTAGTCCGCGCACA,4
AATGTTGCAACAAGCGGT,4
GGGGAGGATGCGAAACCA,4
ACGCGGCAAGTGGGACTA,4
AGGCATACAGATAGCGCG,4
GAAGGCGTACAGTGCAGA,4
TAATGGCAGTTGTCTCGA,4
GGGATGGTCTACTTCCGG,4
AAGGCTCCCGTAACTGGA,4
AAGGAAGACGTCGGACTG,4
AGCTCACGTGCTATCGGA,4
GAGCGTACCTCACCGTGT,4
GCACGAAGCAGGTGATAG,4
GTGTAGCGACCGGTGTAC,4
ACACGAGACGGTAGACGG,4
GCGACGGATCAGGAGTAG,4
GTGTTCCGCATTAACATT,4
AACTAAGCCTACCGTGAG,4
AGGCGCGGAGTACACTGT,4
GCACGTATGGCCTCGTGT,4
TTGATCGAGTGTGCGTGT,4
TAGGCGCTCTCCAGTCAT,4
AGGTGGAACGCAAGAGTG,4
AACGGCAGACAATGAGTG,4
GGGGATAGGCCATGCGGA,4
AATCAGAGGATGTCGATA,4
GCCAGAGGATCTCAGGAG,4
GGCATACATCTACCCCGG,4
ACAAGTGGTACTTGGTAG,4
TGGGAAGCGGTGTTCGGA,4
GCGGCAGTCCACGTCGTA,4
GACTGCGGTGAGCCTGGT,4
GTGCCAAACTAGCTTGTG,4
TGAGCAAGCGACACGTGA,4
TGGGTACTGACATGACCT,4
AACGACGATGTTCTCCCG,4
GTATGGGCAACATCTTCT,4
TGGCCAAACGAGCTCTTC,4
TAGAGGCATATCTGCGGT,4
ACTGCCCGCCAGTGTACT,4
AGGCAGTCAACGGCGGAT,4
ACGATGTACGACTCTGCG,4
CGGAGGAATGCACGTTTG,4
AAGGTGACTCACACATGG,4
TGCTAACGAGCCGTCTGT,4
GGTAGAGCGGGCAAGACA,4
GTAGACTCATTCGGCGCT,4
ACTCGTGACGGACAATAT,4
AATACCAGGGCGATATCA,4
ATCCCCACGCTACTCGTG,4
TCACGAATTGCAGGGCGT,4
GGGGCCCGAAGAGCCAGA,4
GCGAAGTGCGTATGGCTA,4
AAGCAAGGGTATCGAGCG,4
TAGCAGGCAGGTAGACAG,4
AGATAGGGTCCGATAGCA,4
AAAGGGCAGTACGTGAGG,4
CGTGGTGCCGTAGATGAG,4
GCACTTTAGAGGGTGAAT,4
AGCGGTCTTAACCAGTGA,4
TAGGCCCTCCATGTGGCG,4
GGCAATGGGACTGTCACG,4
ACCAGGGCGGTACGGAGT,4
TAGTTGTCGGCACCATGG,4
AGCGAATTTATGCGTGCG,4
GGGGTGAATCTAGCCCCT,4
TTGAGGATGCCAGTAATG,4
CAGCGGTGCGTCCATTGG,4
GAGGGCGGACCATATTGG,4
ATCCGGGCATACTGGTCT,4
GTAGGGCTAGGCGGCGTA,4
AAGGAGCACGTAACTGAT,4
ACCGGGGATAGAGGAGAG,4
TATGAGGGCGTATCGGTG,4
GCATGTGTGGCATGGTTA,4
ACACGGTCAACATGTGCT,4
GGGTAATTTCTGCTCCAT,4
AGGGAGTGGCAGGATTTA,4
TGGGTAGGAGTAGGTTGA,4
GCACATCAGACGTACGGA,4
GGCAATATCCAGTGCTGG,4
AACGTGATACGACAAGTG,4
GGCATACCTCTTGTGCTG,4
TATACGGACTCGCAGTCT,4
GACGACTGAGGTGACTGA,4
GTACAGTGCGAGAGGTAA,4
TGCTCACCATGTGGTCGA,4
AAGTCCCCTGGTGTAATG,4
ATATGGGGACCGGACAAT,4
AGCGCGGAAGATGGTGGA,4
TTGGAAGGGACAATACCG,4
GCCAAGTAACCGGATGCT,4
GGGCCAACGAATAGTGCT,4
AGGGACATGTATCCGACT,4
ATGTGCTAGGCCCGGACG,4
AGGTGACTGCTAAGCTGA,4
AAGAGCAGTGTTGGCAAG,4
CGGTGGAGACGATCTCTG,4
TAGCTACCAATGATTGTG,4
GTGGCTTACTACACATGT,4
GCTGGTCCGATATTGTGG,4
GATCGCGACACGTGGCAA,4
GGACTGCTTGTCAGGGCG,4
GATTATGGCACTTTTGGT,4
GACATGAATAACGGTGAG,4
GCGGACGACATTGGGTGG,4
GTTGGGTATATATGTTTA,4
GGCGTAACTGGACTTCCT,4
AAACAGAAGCGGTTCGTG,4
ATCCGTCCGGAGCTGTTA,4
GCGGCGTCCAAGGATGTG,4
ACTGGGTATCATACCGGT,4
ATCACGGGGAAGAAGCTA,4
TGGTCAGGCTGTTCAGTA,4
GTGCCACGCGGTACTATC,4
AGGTGAGCGGCGTACGGT,4
ACGGCTGTGAGACGTGCA,4
ACGACGGACTACAATGGT,4
TACCCGGGATTAACACAT,4
AACGGGAACAAAGTGTGT,4
ACTGACTGGATAGTACCT,4
ATGGTGGATGGAGTGACG,4
GCGTGGACCGAATGGCTG,4
GGCACGGTGTACAGGTAC,4
ATGGTATACTCGACATGT,4
CGCAGGGCGAACAACGGT,4
GCAGATATGAGGGTGCGG,4
AGCTCGCAACAATAAGTG,4
AGGCCATAAGGTCGTCAA,4
GAGGGATTTCGTCGACCG,4
CTCGGCTAGGCACGGGAG,4
GCAGACAGAATGTGCGCT,4
ACTAGGGTCTGGAATTGG,4
GATGTTAGACATTGAGTG,4
ACGGCATGCATTGGTGCT,4
GCCCGGGAGGAGGTTGGG,4
ATGCTAGGGAGAGCTGGT,4
CAGTGGAAGGAAGGCGCG,4
AGGGTGCAGGGACGTTAA,4
TACCTGGTCACGCCTGGG,4
GAGGCTGTGAACGTGCAT,4
GGGGCAGATTGCCGTCTA,4
GGGGACACTGAACGTCTG,4
GGATGTGCAGCAATTCGA,4
GAGGTGCAATCGATTCTG,4
ATATCACCCTAACATGCT,4
GTGCTGAGGGGTCCACCG,4
GTAGGCAACGTGCGCCCT,4
GGCACGTATGGTGGAGAG,4
ACGTAACGCTTGACGTGT,4
AGTGGGACAAGCCGCCAG,4
CACGGACGCTAACATGGT,4
AGCGATGGGAACCGGTTG,4
TGGTGCCGATCGATCGCT,4
TGGCGAGACGGCGGACAC,4
GTTGACGCACGATGGGCT,4
GCGGATATCCTGGTGTCG,4
GGGGACCAAAGTGCTTAC,4
GGCATTGGAGACTGGACT,4
AGCTGTTCGACGGCCGTA,4
ACGGGTCCGTTCATACGT,4
ACATTAGTGAGTCGCAGT,4
TAGACGGGCTTTGCGGGT,4
AGGCGGGACGTGCCGAAG,4
CGAGGTGGAGACAGGGAG,4
TAGGTGGATATCGAGTCA,4
AGGGATTGACAACGTGCC,4
GCAGTGGAAAACAGTGCG,4
AACTTGCGCCTGTATGCT,4
GACCCGGGATACCTTCCG,4
GGGTAGGGCTTGGCACAT,4
GGATGGGTCAGATAGAGT,4
AACCAGTTGCACATGTGC,4
GAGTGTGGATAGTTCGGT,4
AGGGTCACGTCACTACAG,4
TTGGCGGAACACTTGACA,4
TACGCACTGACCGTGTGT,4
GGAAGCGGTAAACAGACA,4
GGTAGGAGGCGCAAATCC,4
ATTGCAGCCAGGGTGTGA,4
GTGGTGACGACGATGGTA,4
ACCAGAGAGTATGCCGTG,4
GGCATTGGCAACACGGAG,4
ACGGGAAATGTATGGTGG,4
AACGTAGTGGAGTCGCAA,4
ATGACGGCATCCGGCGCA,4
ACGTAGAAGACGTGCTTC,4
TTGTGGTGGACGTGCGCA,4
TTCCAATCACTTTGGAAG,4
ACATACGGGGACAATTGC,4
AGGGACTCAAAATACCGA,4
GAGGGACAGGATCGTACG,4
GGGGGAACGGAGCGACTG,4
TGGTCTTGGACGATGCTG,4
GGGTAGATGGATGCGGCA,4
AGGGCAATGCATCAATGG,4
AGTGACGGCAATCACGGA,4
GGTGTGCGCACACGTGGA,4
AGCATGATGCATGGTGTT,4
AGTGTAGGCGTGGTTAGC,4
AAGCCGATAGTTGCAGCG,4
ATAGCGGGAAGAGTGCGC,4
ACCAAACGTTCACGACTG,4
GCGTTGGGAGAAGGAGTG,4
AGGAAGGTGGAGGCGACC,4
TTCAGGTGACTGGAATTG,4
AGGCCGGAGGAATGTCGT,4
GTACGTGTCCGATAGCTG,4
ATGTGTGGGATGCCCGTT,4
ATAGTACGACTGCCTCTG,4
AGGGGGCTCAAGAGGCGA,4
ATACGATCCGAACCGTGT,4
CATCAAGCAGGACGGTTA,4
ACAGAGCGGTAAGTAGTT,4
GACGACTGGTCATTAGCG,4
ACCGGGGAATAGGATTGG,4
GCGGGGAAAGGAAGTGCT,4
GACTATTGGGTCTACACG,4
GGGTACCCGGACCATCCA,4
ATGGGTTACGGAACTCCT,4
GAGGGCAAGAGTCGGACG,4
AGTCAATCACCATCAGTG,4
GGCAGGCACAGGCAATCG,4
TGCCGTTGCAGCTTCGAT,4
ATCGGGCGATTCATCCCA,4
TCGAGAAGGGTCTTTGTC,4
AGGGTGCAGTTAAACCTA,4
AACGGGTCTAACCTGGGA,4
ATAGTGTAACGGGATGAG,4
GGGACCAGAGACGCTACT,4
ATACATGATGAGGTGCTT,4
ACACAACAGAACAGTGCT,4
TGTACAGAACAGCGGCTT,4
TGTGGTGAGCGCCGATGT,4
GGGGACTCATACCGGCTG,4
GCTGGAACCGAATGAGCT,4
GGCAGACGTGTTGACGTA,4
ACCAAGGGACGTGCGCTT,4
AGGAGGCGGTACAGTTTG,4
TGACGCATGGACTCAGAG,4
GTACGGTGCTCGATAACG,4
CTCCCGGGGTAAGAGGAC,4
ACACACCGTGTTGACGCT,4
ACGCAGTGCTGGTCAGCG,4
GGCTAGGTTGACGTATAA,4
TGAGCGAGCGAAGGGAGT,4
GTGGAGGGTCAGCAGTCT,4
GGGTGCGAGAACAGGACG,4
AAGCAGCACATCGGCCAA,4
AGGGGATCTGGCACTCGT,4
CTAACCAGAGTGCGTGTG,4
AGCGGTACGCCAGGGAAG,4
ACGACTCTATAGGATGTG,4
TTCAGGGCGAACGACTGC,4
TGTGGGCAAGACGTGTAG,4
AAACGGCGCTGGCATGAT,4
TGAGCAACAGGGACGACT,4
CAGCTTCCTCGGATCGGT,4
ATGGCGCTACATCGGCCT,4
GAACATCGGGCTGACATA,4
GGCGTACTGACATTGTGT,4
GGGCATGAGATTGGATCT,4
ACGCGGTACAAGGAGGCT,4
AACGGCATTGGAGGTCAC,4
ACGGAAGGCACTGACGGA,4
GGGACCAGTCCGCTATCG,4
ACGACACACCATGACGTG,4
AGTAAGACTGGAGATATT,4
ATGGAGCACCGTTCTGTG,4
GGTGACGAAGGACGGTGA,4
ACGATTCAACAGAGACGG,4
TACCAGCTTTCGAATGTG,4
ACGCAGGTCCTTGGTGTT,4
TTGCGGAAAAACAGACTG,4
GCAGAACAGAAGTGGCCG,4
CGTGGTGTTATCGTAGAG,4
ACGCATTACAGTGACGGT,4
ACCGCTATACAGACTATG,4
AGGACGTAGGATGTGCTG,4
CATGGAAGCGGCCCGACT,4
CGCGTGGGAACCATGTCG,4
TACACCTAGACCGCTGTG,4
CGATTAGGGATCTCTAGT,4
GTAGCGCCCACCCAAGTT,4
GGCAACGACAGAGCTTCG,4
AGCGGTGCTAAACTGCGA,4
AGCAGCCGACAGTGGAGT,4
GCACTCACGGCGGTATGT,4
CGAGAGGGAACGTCGATG,4
TGGGTTGACGCTCTCAGC,4
GCACTAGCTGCTCATGTT,4
ACACGAATATCCAATGCT,4
AGCGGCGTAAGGCAGCGG,4
AGCGGATTAATCAGGCGG,4
GATGTGTCTGCATCTCGG,4
TACAGGATGTTGCGGAGA,4
AGGCAGTGGATAAACGTG,4
GGATTCATACGTCTAGCA,4
ATGAGGTCTGTAACATGG,4
TGCAGCGTCTATGTATGG,4
AGACGGCGTAGCTGGCGT,4
GCAGCCACCCGAACACAT,4
CATGGGCACGAGTTAGCT,4
GTCGAGCGCCAAGGGTAG,4
AATAAGTGGCGAGTCCTA,4
AGGGCGTAAGAATCTCAG,4
GGGCCGACTAATACGTGC,4
GCTGGGGAATGTGCATCA,4
GTGATATCGACCGTGTCC,4
TCGTGGACTCAGGGACGA,4
GTCGGATTGGAAACACGG,4
GTAGTGTGCCCATCAGCT,4
TGTGCGGCGATGATCTGT,4
GTGCGGGACCCACTGTCA,4
AAGGCGGCGGAATGCATC,4
TGCATCTCGCTACAAGTG,4
ACGGTGGTACATGAGCAG,4
GCCCGAGGCTGACAGTTG,4
AACAACGCTTCATGGGAG,4
ATGTGTGTGCGCCTAGTA,4
GTGAGACGGTTGACCACT,4
ACGGCTAGGGAGGGAACA,4
AGGACTCAGCCAATGTAG,4
TAGGGTCCGGGAGACGGT,4
GCTGGGTCTCTATAGTGG,4
AAGGCAGAAGACCCATGA,4
AGGACGAACGGTGGTGCG,4
ATGGAGGTGATGACGCGG,4
TTAACAGGATCTGCCATG,4
AGCGATACAGAAGAGCGG,4
GCTGTAAGGGATCATAGT,4
ATGCCAAGGGTTAAGTGA,4
ACCGGGGCATTATAGCGA,4
AGTGGCAAAGGGAACAGT,4
GAGTCAAGCACTGGTGCT,4
ACCTATACTGGGTAAGCG,4
AAGATAGGTTGAATCGGG,4
AGAGCAAGGGAGTGTAGG,4
AACCGTCTCATCCGTTGG,4
AGCTGGCATAGGCATACG,4
GCATGACCTATCCTCGTG,4
ACGGGTGATGCTGCATGC,4
TAGGTAGTGTGCCCTCCT,4
ACGGGTTGAGACAGCGTG,4
AGGGTACATCGACCGCGC,4
ACGGCCCTCTATCGCGCT,4
AAGAGGCTACGTCCACGT,4
TTCGGTACACAGACGCTA,4
GCCGGTCCAAACGTGAAG,4
GAGGTAACGCGTATCCGG,4
TATGAGTGGTTTCGCTTA,4
ACCAAGGTCGTGACTATG,4
TTGGACAGGTTTGGCCGA,4
ATGGAGCAGTACAGCGTG,4
CAACGGGGTCACATCATG,4
ATGAAAAGGGATAAGGCG,4
TGGACGTGACACTTTGTG,4
AGCGGCAAGACGGTAGCG,4
TGCGGGCAGTCCGAATCT,4
AACTGGGCTGACCCAATG,4
TCACGGCACAGGTCGCTA,4
GGACTTGGGTAGAGGACG,4
AGTGGACCAGTCATGCGC,4
GCGGCACTGCGCAGTATG,4
AAGGCTGGAATTGGATGG,4
ACTGTGCGGAGGACTTAT,4
AAGGGTAGGTACAGCGCG,4
GAAGGACGTACCTCGACG,4
GGCACGTAGTACGGTTTG,4
ACGGCATTGACGGTTGTG,4
ATCGGCTATGCGATCGTG,4
ATGCAAGGAGCGGCTCGA,4
GTGGACAGAGTATGTGAG,4
GGAGGCTGTGAGCGTAGA,4
AGGGCCAAGCAGCAGATC,4
GGGCTTGCTCGTACTGCT,4
ACATAGCTGTGCGTTGCG,4
GGGGAACTTGTACGTTGG,4
ACCGAAGTCGCAAGGTGG,4
GGCTAGACTGCAGACGAT,4
TGGCAGGCGTCGGGTTGA,4
AAGCTCCAAGTACCTGTG,4
TAGGGCATATACTGATCG,4
GACCCGAATAAGACGTGT,4
TCGCATCGAGGCAGGATG,4
TAGCGGTTTGGTGACGAT,4
GAGGTAGACAGCCGTACG,4
ACGGGCCTTGGCTTCTCT,4
TTGACGTTGGTTCCTGTG,4
TGACCAATCCAATCTTCG,4
AGCGGGTGTGAGGAGCGT,4
AACACGACTGGGAGTAGA,4
TGGCGGGAAGGTGGGTGG,4
ACCGAAGGATGGATTGCA,4
AAGGTAGAGAATGACGTG,4
TGCGGACTGGAGTGCTGC,4
ATGAGTGTAGACAGTGTG,4
AAGCAGTAGACATTGACG,4
ACGGGAGACGCTCATTGC,4
TGGAGACTGCGGTGTAGG,4
GGGCAGAAGACGCAGCAG,4
GTGGAGTGTTATGACTTG,4
AGGAAGGGACATCAAAAG,4
GTTTGGGCATTCTCACGG,4
AGGCACAGATCAACCGCT,4
AAGATCAGACGAGGAGTA,4
TGTGTCCGCCAGACATGG,4
CAAGCACAAACGGCGTCT,4
AGGGCTGCAGGACGTTCC,4
ACGTGTGAAAGGCGCGGA,4
TGGAGCAGCGTATCTTCT,4
ATCAGGTGGTGCAGATAC,4
GGATTGGTAGATGGCGCT,4
GAGGGTATAGCCCGTCTG,4
GGAGGGTGTCGAGCGTTG,4
AGTGGCCTGTTGTAATGT,4
ACGGATTAGTTCCGGCGG,4
TAGCCTGAGCAGCCAGTG,4
TACGGGAGTATGTCCAGT,4
GACGGATTCTATACTAGG,4
GACACCTTGGTGCTCTTA,4
ACGGCTCATTACGTCGTT,4
GGATAGTCAAGTGCTCAT,4
CGCATATGTCACTCGTGT,4
AACCACATGACGCGTGCA,4
AGGGACACAGCATGGATT,4
AGGTGATAGAACCGCCGT,4
ACACAGGTTACCAGTGTG,4
CAGCGGGTCCATAACACA,4
CTAGTGGCGATGCGGAAT,4
TGCTGTACACTCATGTCG,4
TAGTTATTGGACCTTCCT,4
AAGTGGTTAGAGACGTAG,4
TACGCCGTGCAAGGTGTG,4
TGCGGTAGAACTGACGCG,4
GCACGGGAACTGACTTGG,4
GATGGGCCTCACTCTATG,4
ATCGACGTGACTCTCCCT,4
ACCCAGTGACCATCCGTG,4
CGGCGGTCCGACGATACT,4
ACAGGCAGGTTGGGAGGA,4
AGAGCGGCGACATCCATT,4
AACGTGTTGCGTACAGTG,4
ATGGCAACCATTGGCAGG,4
AACCCGGAGTGAGGTGTG,4
ACGGACCTTCCGAACGTG,4
GATACCCGGGGAACGTGT,4
AGGAAGCCGTTTGGGACG,4
GGGGCTTCGGGAATAGCA,4
TCGAGGAGCATGCATGTT,4
CGGATAGGAGGACGGACG,4
ACGAGATTGGACGTATCG,4
AAGCAGTATGCTGTGCGG,4
AGGGCTGAAGGACAGGAT,4
AGGGTGATTAACCCAGTG,4
TGGGAGAACGATACTAGT,4
ACACAATCTTGCTGTGCG,4
CGCGCGGAGGCTGGTAAT,4
GGGGAAATACTGTCCAGG,4
AGGTATGTGACGTATGTG,4
ACAAGCAGAGTACGGCTG,4
TAACGTGCGGAACAGTGC,4
GTACGCCGACGATGGTGT,4
TCCTAGGGGACACTTGAG,4
GGGTATTGATAAGCGTCA,4
CAGCACTGCTCCGATGGT,4
AGTGGCAGACTACGGCAT,4
ACTACGCAATGTCGGTCA,4
ACGATGAGCTGTCTAGTG,4
ACAGGCGATCAACATGTG,4
ACCATGCGTAAACGGGTG,4
ACGGACGAAGGAGTGACT,4
TGTGTGCAGTACTTAGGG,4
GGGCCATGGCTCGTTCAT,4
ACGGGACAATCCAGGACG,4
GGCGTAACAATGGCGTGT,4
CGGGCATTAATGGCCGAT,4
GGGGCACATTAGGCCTCG,4
TGGGCCATACTGCACGCT,4
GACTCCGCATGCTCTTCT,4
GGGACACGCGATCCAATG,4
ATCCCGGGTAGCAGGTTG,4
AAGCAGTAGACACATGAT,4
ACGGACACGCAGGTGAGG,4
GGAGCACAGCGTCGCGTA,4
TGCGGCTACGAACCTGGT,4
ATTGGGGTGAAACCATAT,4
GGCATAGCGTGCTGCAGT,4
GTGGGTACAGCGCATTGG,4
AATCGGCTAGTGAGCGCA,4
TGGAACGTCGTTGTATCG,4
GGGCAACGACACGGCCTA,4
ATGCGGTGCTTCTTGGCG,4
ATGGGATTCGGTCACTTT,4
GTAGACTCGATAATGTTG,4
GGGACTGGGAGAGCATTG,4
GGGAGGAGGAATCGCTCG,4
ACGCAGAAGGACGTACGA,4
ATGGGGATAATGTCTGCA,4
ACGTTCCGCACGTGTACG,4
TGTGGGATGCAGCACTTG,4
AGGATGCATCGCGCCCGA,4
GCGACACACGAAGTGGAG,4
TCGGTCAAGATGGACGTG,4
ACAGGACCGGTGTGTGTG,4
AGCACTGCCAACAGTGTG,4
GTCTAGGTATCAGGGCGT,4
GGTCATTGGCTGTGCTCG,4
AGGGTACCTTCGCTGTAG,4
GCATGGTGAGAATGTGGA,4
AGTGACCATAGACAGCGG,4
TGCGGAACCTAGTTAGTG,4
AATGCGCTCTATCCCCGA,4
AGGGCAACAAACAGGCTT,4
TAGTGCGGCAGCTATGGA,4
ATGGAGCAGCAGCGTAAG,4
TAGGTCCCGTGTACTGTG,4
TCGCCACTGAGACTTGTG,4
AGGTACGTCTGCATATTG,4
TAGGAGGAGGAGTTCGCG,4
GATCGCTGCTGGGTTGCT,4
CGCGGGCCATGTTTAGCG,4
GCAGGGTACACGGATCTA,4
GGGCTTACCAAGCAACGA,4
AGGGAGCTGATGCTGCTT,4
GATAACGGCCCCGTGATG,4
TCCCGATCAACTCCGGAG,4
ACTCCTAGCAGCTCTCAA,4
ATGTACAGACCGCAGCTG,4
AGGAGGCTGATTAAGGTG,4
AACTCCACAGCACCGTGT,4
TGGACTACAGCCGGTTGG,4
GATACGGCAATACTCGAT,4
GGCGTGTAGGAGCGGCTT,4
AGCCGTATTGCTGTGACG,4
GACGACATTTAACCGTGG,4
GCTCGGACATCTTTCGTG,4
TCATGGAGGACACGTTGC,4
AGAGGAACGTGGGCCAAT,4
GACATCATATTCTGGCGG,4
AAGGCACTAGAATCGGCT,4
AGCCGTAGTGTTCGAGCA,4
AAGGCCTGCATTCTCGAT,4
CTGGATCTCTTGACGCAT,4
ATTCATCGCTCCAGTGTC,4
GCCATTACGACTTCGGAG,4
GCGGCGTCAGCAGAGGTG,4
AGTGGGACCGAGACGTAG,4
AGCACTACGTCTGGCATA,4
GCGGCTCTGTCTCGGGTA,4
AAGGTCTTAGCCGGTACG,4
GAACCCACGTCTCTACCG,4
TAACGGGAACGACTCCTG,4
GGTACCGAGGTGTGATAA,4
GGTCCGGATCTCCTTGTA,4
ATGCCCTCGCTGACCAGT,4
TGGTTCGTTCGATTGGCT,4
GGGGTGGCATGAGTTAGT,4
GGCGCAAGGGGAAAGTTA,4
GGGTAACCGTAAAGCTGA,4
GCAGACCGTAAGTGTGCG,4
CTGAGACTTCACTCGTTG,4
GGGGTGTACAAAAGCGCT,4
GGAGGTAAGAGTGCACCG,4
ATACGGAAGCGGCGAGGA,4
TGTCAAGGGCTCAACGAT,4
AAATCCCACTTTGCTGTG,4
CACGGGCTGGGTCAAACT,4
AACGGCGCTTAAAGGTTT,4
AAGATGCTGGGTAAGCTG,4
GGCAATAGAAGAGTGCTA,4
ATGGGTTAGCCATGTGCA,4
ACTGGGCATTCGTATCCA,4
AGGGATGAGAGACGGCGT,4
ACCGGATTTGGCATGACG,4
GGCGGAGGCCATGATAGT,4
ACCTTGGTGAACGCCGTG,4
ACAGGCGGATAACGATAT,4
GGGATGAATACTGATGTT,4
AAGGGTGTGCAGCGCCAG,4
GCGGATAGGACAGACGTG,4
TGAGGACTAAGGGTGCAT,4
GGGTCCATGCGAGAGGCT,4
ATGTAGGGCGTCAATATG,4
ACAGACCCAGACCTGTGA,4
AGCATGGCGGCAATCTGT,4
TAACAGGGTACGGCCCTC,4
GTGCCAGACGTGGATACG,4
AACTTAAGCTGGGATCGT,4
ACGGCCCGGTTCCAGCAG,4
GATAGGGGTATGTGACCG,4
GACGGGCTAGAACGGAGG,4
CAGGGCTAGAATGGCATC,4
AGGGATGACGGGTAGTAC,4
AGACGCTGTGGACCAACT,4
CGGGGTCACTACAATCGT,4
ATCGTACTCCGACTGCGG,4
CAGGACAAACGGACTGCT,4
TCCACCTCGGGAACTATG,4
AACAGGGCGATCGGACGA,4
AGTACTGGGACCTTGCCA,4
GGCGGCAAGATCACAACT,4
ATGGTACCGGTACTTGGG,4
GGGACAACGATGTGCCGG,4
AGGTAGCTGGCCGCTGCT,4
GGATGTAGGACATTCGCT,4
AAGCTGGAATAGGAGTGC,4
GTGCGGTACGTAGAGCTG,4
TGGACCTGGAGGTGTGAG,4
GAGCTTATAGACCGATTG,4
GATGATGGATATCGCGGA,4
GCAACCGGCGTATACGAT,4
AACGTGCGGTGGTCTACT,4
TAGCCCCGGCTAATTGCG,4
AGGCAGGGAGAATAGCTG,4
ACAGGTGACGACCAGGTG,4
TAATGGCAAGGTGAAGTA,4
AGGGCTGCTGGCATTGTG,4
ATCTTATCTTGGTCATTG,4
GACGGACGGTAGAATGCG,4
GCACCCTGCGCTAAGAGG,4
GCATACCTGATGACGCGT,4
GGCGGGCACGTGTCAACA,4
TGTGACAACAGAGGTTCG,4
GATCACAATCTGCGAGCT,4
TGGCAAGCAGTCAATGGT,4
TCACGGTTGACGGACGGA,4
TGCAGGTTGGCAGATACT,4
GCTGCATACACCGCTGTG,4
AACCGCACTGACTGGTTG,4
GTATGGACACCACATGCT,4
AAATGGCGATCACGCAGT,4
AGGAGGACGATCCCGAAT,4
AGGACCATACGTGCCCGA,4
GCGGAAATACGACATGCG,4
ACTAAGCCTGACGTTGCG,4
AGCCATGTGCGGAATCGA,4
CCGGGGTATCTCCATGTC,4
GGCATGCGGCTACCGTGT,4
AGGTGCACACAGACGCCG,4
GGGGAGATAGAGGGCCCG,4
CGAGGTATATCCGTCGTG,4
GGACTAGGCTTCGGAGCG,4
ATCTATGGACGGTTTATA,4
GAGCGAGCACTGTATGGT,4
CGAGGGTATGATGCACAG,4
AGACGCCATGATACCCCT,4
ACGCCTGTTTCAGACTCG,4
ACGCCATACTGGTTCGGT,4
AATACGAAGATTGCGGCT,4
CAGGCGCGAACAGCGTGT,4
AGGAAGTTCATCGTACCG,4
TGGATAGGTTAGTCCGTG,4
TGGGTGCTTAAATCTCGT,4
ATGTGGGACCTACCGTCG,4
AGTCAACCTGGCACGCGG,4
AGCGGCCCGTAGCTGGAT,4
AACCCTGCTCCGTGTCAC,4
GGCAGGGTTGCTCTGGAG,4
CGGCCGGGCATAGATCGT,4
GATGGATATGTCCTCGTA,4
AGACTGGGTCCATGTCGA,4
AGTAGAACAGCCGCGGGT,4
GATAGGACGAGTGACCTG,4
ATCCGACGTTTTAACATG,4
AATAATCGTCAGTGGGCG,4
GGCAGCTCTTGAACGGCT,4
TACCGGTCGTCGTGAGCT,4
TTGGGACAGGTGACTAGG,4
AGGGTGATGATGACCAGT,4
TGGTCGAACCTTTCATGG,4
ACGTGGTGAGACAAGCGG,4
ACATCCTCGAGACCTGGT,4
GTTAGGGCGCCGGCTCTA,4
ACGGTGGGACATTCGTCG,4
ATCGAATTCCGCCCTGTT,4
GGGTGCAGCATGACCCTA,4
GGCCCAGGTGTGTTCTTA,4
ACGAGGACGGCTACTGCT,4
GTGGCTGTGGTGCTCGGT,4
GTGACTGGTCAAGTTCCG,4
ATTAGAGGTGGCTACACT,4
ACGGGTTACATTAGATCG,4
TAACGTCCAGCCGAATCG,4
AGGACAGGGCTAAAGGTG,4
AACGCCGTGTAGACGTGA,4
ATGGAACGGGCAAGTTGG,4
TAGCGGCGCCGGCGTAGT,4
ATGCGTCGGACAGTTGTA,4
ATAGCACGGGCACACTAG,4
GTGGTCATCTCGTCTCTA,4
AGCAGAAGGATGAGGCGA,4
ATGGGCTTCGACATTCGG,4
TTGGAGAAGCTCCAGGCG,4
CTCGACCGAGGTGGAATG,4
AAGGCGGAATTGGCCTGA,4
CTGCAGGGTTACTCCGCT,4
GCACATCTTAGGCGTGTA,4
ATGATACCGACACTTGCT,4
AATCAGTATACGGCTCGC,4
AACGGGAATCATTGCGTG,4
TGGCAGTGACACTCCCCT,4
CGGGGCCGAGTTGAATCA,4
GCACTGCTGGTTAGTCGG,4
AGGAGGCTATCATCTGCT,4
AGCGGAGGTCGTCTTCGC,4
ATGGCAAGGTGACATGCG,4
GCTCGTGCTAACAAGCAA,4
ACGATCAGCGCGTTATTG,4
GGGCGATATGATGCAATG,4
GACTGGGGAAACAGCAGC,4
ATGGACTCATGTCAATGT,4
AGCGGTGACCAACTGCGA,4
GGGAACCATGTAGACGCA,4
TGGGAACATATGCATTAT,4
GACACAGCGTGGGATCTG,4
AGGGAATAGGAATCGGCG,4
GCGGGCGACGCTGACATT,4
AGGGCCAGTGAAAGGCGT,4
AACCCGACCGATCTTCCT,4
TATGTGGCCAAAACGCTG,4
AACGGCACCGAGACCTTA,4
AGTAGACGGATGAGCGTG,4
ACATCGCGTGCTTGGTCT,4
GACACCGTGGAGAGTACA,4
GCTGGATGATGCGGGCAT,4
ACGGAGACCATGACGTGT,4
AAGGAGATGTGCTGCGTA,4
GGGGCCTATTCCATGCAT,4
ATGACCTGTAGAGTAATG,4
GGCGGAAAGGCTCTGCAA,4
GGCATGGAGTGCTATCTT,4
GCAGACGAAGTATGTGCA,4
AATACGGCACGTCGTGAT,4
ACGAAGGAATCGCACGTG,4
GGCATGCCCTATTACGCT,4
GCCGTAAAGTTGCGGGTA,4
AGGGGAACGGATAGTAGG,4
TCACGGTAGGACTGGATA,4
GCGGGAAGTGAGTACGAG,4
ACACGACGCGTACTCCCT,4
TCGAGGTGTTAAAGGGTT,4
ATGATACAGGTCGACGCA,4
ACAGCATGAGGGCCGTGA,4
GGCTAAGTGGAGACATGT,4
GGCCAACCTGCGACGTAG,4
CGGGCTGCAAGGTTCAAA,4
CGCAGAGGCGGTTGGATA,4
GTGGGGGAGACTCCTGTG,4
CAATCAGAAGGATCGGCA,4
ACTATCGAATCAAGGGTG,4
AGCGGGTAATAGCACTGT,4
ATAGTCAATTCGACGGAT,4
GCCAACTGATGTGGGGAT,4
GAGGATGATGTCATGGCG,4
GGAGCAAAGCGTAGAGGT,4
ATCGGTGAAGCAGTATGT,4
AGCAGGGCAGTAAAGATA,4
AAGGTCCTAGCGGGATTG,4
AAGCAGTCCTGATGCGTG,4
AACATCATCCTGGTGTGA,4
ATGCGACGGCGTGGAGAT,4
GGATACGCATACGTGCCG,4
GGGGATTTAGCCATGTCA,4
GGTGGCAATGAGACAGGT,4
GGGCATCAATCAGTTACT,4
ACAGGGTACCAGATCATA,4
ACGCGGAAGACGTGCATA,4
TTCGAGGATAAGTCGTCG,4
GGGCCGTTATGTAACACT,4
CGCAGGGTAGACGGCGCA,4
AGGACGCATCGACAGTAT,4
ACGGACTGCGAACGGTGT,4
GCAGTAAGACGATGACTG,4
TGAATGAGAGCGCTATGG,4
GGCGAGATGGCAAAAGTG,4
CAGGGCTCTCAGGACCGT,4
AGGCGACATTGGAGACGG,4
ATCGGGCATGACGGCGCG,4
ACGCAAGGAGTGTAGTTG,4
AGCGGCGAGGTGTATGCT,4
TCCCTCCTGGAAGTGTCG,4
GTACCCTCGATTCGCTCT,4
ATGCGGCAGGACAATGAA,4
AAAGAGGTACATACGGCG,4
AGACTGGGCTGAGTATAA,4
AGCGCAGGGAAACGGCTG,4
ACGCGATATAGAATGTGC,4
GAGGTGGTGGAGACCGCG,4
ACACCCTGCCTGTTGCCG,4
AGACGTGATTACTTGACA,4
ACAGAGCTGTACTATGTG,4
AGGGCGAGAAGGATCCGT,4
ACATGGGTAATAGGGCAT,4
TAGGGTCTGCCTCATATA,4
TCCGGGCAACTCACGACG,4
ACCAGGGTTGAATCTGCG,4
GTAGAGACAACCGAGTGT,4
GGCGGACAGGTAGATGAG,4
ATGCAGAGTATGTGGGCA,4
AATCGTACATTGACGTTG,4
TCAGGAGATTCGCTCTGT,4
GCGGGCCATTATGTGTAT,4
AGAGGTTAGTCGTACATG,4
ATCAAGCAGAACCGCCAT,4
TTGGCTAGCCCAGCTGTG,4
GACATAGGGTGCTCAGTG,4
GTGGGACTCGATCAACCT,4
AGCGGCGACGAACTGTGA,4
ACAGTGGTACGCGCTCAT,4
GCGGTCGTAGACCAACGT,4
ATAGCATGGTGGAGTCGT,4
TGGTGCCAGGTGAGAGAG,4
ACACCAGCGTTGGTGCGG,4
GGCGGCTGAGTCAATATG,4
GGGTAAAGAGGTAAACGA,4
GGGCAAACCCTGGTGTCG,4
AGGGGCCACCCATCCGTA,4
GGTGCATGGATACTACAT,4
AGGAGGCGTGAATGTATG,4
GAGACTTGACCAGGGTCG,4
AAGCGGAATATCCGGTGA,4
ATTGGGGAAAACAAACCA,4
GGGGCATACGGGGATGGT,4
CTAAGGAGCCGCAATCGG,4
ACGCCAGTCACATGGAGC,4
AACTGGAACACGCATCGG,4
GCGGTGCTCTACTCAGGA,4
GATGAGGAGCCGCGGCGA,4
GAGGGCTACTATAACAAC,4
GGGCTGACAGGACCATGA,4
GCCAAGACGTATGTGCAT,4
ATCGTACCGGTAAGATGG,4
AGGCGATGGCTAGATTCA,4
AGCGGATAGACGGCGCTT,4
ATGGCAGGCGGACATATC,4
AAGGCGCATACGAGGACT,4
CTGTCGGGTATTCATGCC,4
ACAATGCGTTGTACTGTG,4
TTGGCTACCAATCGTTGG,4
GGGGCACGACACACTACT,4
ACATGTTATCCTATGTGC,4
TATGTCCATAGTTTCAGA,4
ATGGCGCTTACGACATGG,4
TACTGGCTACCCGTGCTA,4
TAACGCTAGGTGTGCTCC,4
AGTGGCGATAAATGACTG,4
GCCCGTAGGGTTCTTCAA,4
AGCAGAGGACGCGCTGAA,4
AACATGGAACGACGCGCA,4
AGTGGATGGACGCCCTAA,4
AACGAGGGTCCGCCTGTG,4
CCAACAAGGGGAAGTACA,4
AGGGCAGATGACGCTGTG,4
ACATGCATACGGCTTGCG,4
AATGCAGCGCCGTACCGT,4
ACGGGAGGTACACAATCC,4
ACGAGTCTGCGGAACTGG,4
CCGACGGGAGAGGGAACG,4
CTAGGCGGGACCCTTTAG,4
AGCCTATGGGCCTGGACT,4
ATGCAAGTCGCGAGGTTA,4
AGCACGACTTGACTCATG,4
GCCAAGGCGATTAGAGGG,4
ACGGAGGAGTACGGACGT,4
GCTCTCTGATCGTAATGG,4
GAGGAGGATAAGACGCGT,4
CCACGGCATACTCACATG,4
ACGGGCACTGTAGCAGCT,4
AGGACGGTGACTGCGACG,4
GTGCCGACGAGAGTAATG,4
GGGGCGATGGCAACGGGA,4
GCATGGCATCGAGACTGT,4
AGGAGACAGGAAGCGGTG,4
GAGAGGGAACCGTATACA,4
ACAAGGGACGAAACAGCT,4
GCGCGGTTAATCCGTTAA,4
ACACTGTGGACGGTTTAA,4
TTCGGCTATACCAGGTAA,4
ATACGGCTAGGTCTGTCG,4
ACGACCGGTGATATTGTG,4
GAGATTGTAAATGCCCTT,4
GCCACGGGAGACAAGGTG,4
CAGTGACCCTCGTTACGA,4
TGGGGCAAGCCTCCAGCA,4
AACCGTACTTTCCGATCA,4
CGCGGGATCATTCGTAAA,4
ATGGCGGTTAATGCTGGT,4
CATCATCCGGGTCGTGTG,4
AGGACGTCAGTTCAGGGT,4
ACACGGTAGAAGGCGCGG,4
AGCGGCTAAGTGCGGTAA,4
TCAGGGATGTATGCGGCG,4
ACACGGTGTTTGGATGCG,4
GAACGCTGCTTGGATGGT,4
TAGCACAAGGCGGCTAGA,4
AAGCAGAAAGGTCAGCAG,4
CATGGGTCGTAGCTTGTA,4
ACACACTCCAGTGGGTAG,4
ACAAGGTCCGAACTGGTG,4
AGCAGGGTGAGGATGGTG,4
AGCGATGACTCTAGTGTG,4
ATACGGTACACGCGCGCA,4
ATGGCGCGAGAGGAGTCT,4
ACGTGCAGCCACGTTTGG,4
AGGTTGGGCCATGGATGA,4
TGAGGGTAGACCCGTATA,4
GCGGGAGACAATGGCGTA,4
TAGTATGCGGCGCGGCTC,4
CATAGGTAGTGACACGCG,4
GGCAGCATAGCCAGGCGA,4
AAATGAGCAGAAGGTCCT,4
ACAGGCGACCGACTACTG,4
GTCGCCCAACGGTAGGAA,4
GGGCCGGTAGAGGCACAT,4
ACGCGACTTGTTGACGTG,4
AAGCACAGCCGGTGAATG,4
ACGGTCGAAGGGTGAGAT,4
ATAGGGCATCTCCCAACG,4
AGTAGCCCACCTTACGCA,4
GATTCAACAGGAGCACAT,4
CTAGCTTCGACGGTCATA,4
AGGGCGGCACTGAACTGG,4
TAGAGCGGTAGAACGAAG,4
ATCGCATTACATGGATGG,4
GTCGCGGCTACGGTATCA,4
GGGGCACGACATACTTCC,4
TGAGGCCTCAAGATGGCG,4
AACGCACCGCCATCTGGT,4
AGAGGTGCTGTACGTCGC,4
AGGGAGCAGCCCGTATCT,4
ACAAGCAGAGGCCGGGTC,4
ACAATAGGTGGAGATGAT,4
GATCGATCTTCTATTGCT,4
ATGGTGCAGATTAGTGTG,4
GGGCAAAAGTGCTGCGGT,4
AGGCTGTACCCTTAGTCG,4
TCTGGGACAGTCGATGTG,4
ATGGCCATTGCTGATAGT,4
GGGGCATCGGCGATACTA,4
CGGTACGGCGACCATGGA,4
GCGATCCAATCGGAGTGC,4
GGCATAGATTCGGCGCAA,4
GGGGCATAGGGTAAGCGT,4
AGTCCGTGAGCTTTTTCA,4
ATAGGGAGTAAACGCGTT,4
GACCGCAGCCAGACTTAT,4
CGGGGTTAACCCTGTGCA,4
TCAGCGGAAGGGGCCACT,4
GTGGGAGACGGCGCCCTC,4
ACGGGGATAGGTTACGCT,4
TGATGACCTCGTATAGTT,4
ACATTAGCCTCGCATGTG,4
TACCGACGGGTTAGTGCG,4
GGACGATGGTGAGGGCTG,4
GAAAGGTGTATTCGCGTC,4
ACGGAAGATACGTACGTG,4
ACTTCCGTTACATTCGCG,4
TGCGGGTAACACACAGGC,4
CAAGTAGGACTTGGCGTA,4
ATGATCGTGTCAGCGTAG,4
GCTTCGCTAGAATGTACG,4
GATGGGACGCTTTCATGA,4
AGTTGCTGAACGGGTGCA,4
ATGGCGCCAGGTCATGTG,4
TACGCCATACGACACTCG,4
TAGAGGGCCTGAGCTGAG,4
GCGATGACTGTCGCCGTG,4
ATAGGAGGGCTGGGGTGT,4
ATGGGCAGTCTAGAGAGT,4
AGGGAACCTGTTGTGTAC,4
ACTGACGTTGCTCTTCTC,4
ATGCGGCGTGAATAGTAG,4
GGGTAACTACAACAATCG,4
AGACAAGAGGATGGGCTG,4
GGGCCGACAGTGCAATCT,4
GAGGTGGTTATGTACGGT,4
AACGGACTGCGGAGTGTC,4
ATTGCGGATAGATTTGTG,4
AACTCCGGGTTTTGGACG,4
TCAGGGCATATTCGGCAA,4
ACGGCTAGGTTCGCAGGT,4
GGGTACATCTGAGGACTG,4
GAGGGAATATGGCTAGAA,4
AGGGCTATGCCGTTGCTA,4
AGGGCCAAGGAGAACCGA,4
AGCAAGGCAGTATTGTAG,4
ACGGGACAGGATTTGACG,4
GTGGCATGTATCTCCTAT,4
TACGGTGATCCGACGGCG,4
GGGACGGTGCTGAGGTCT,4
TTGACTTGCCACTCGGTG,4
GAGGTGAGTTACAAGCAG,4
GGAGGTCCATGGGTTCAG,4
AGGGCCATAGTTCAAGCA,4
ATGTCGAGTAGAGGGCGG,4
AAAGCGGCGGATTCTCTG,4
TGTAGCGATAGGTGAGTG,4
AGGCAAGAGAGACGTCCT,4
AGTGAAGGCGTACTAAGT,4
AGACGAGCAGAGCCTACG,4
TGCAGTCGCGCACTTCGT,4
AGGGCAGGGAAGATTGTG,4
GTGGTATCAGAGCGCATC,4
AGGGATTGGACGCCGCGT,4
GTGGTGAGCACTCGTTCG,4
AGACGGGTAAGTGCTACG,4
GGCTCGACGATCTGCACT,4
AGGTAGCAATAATTCCGT,4
TAATTCGTGCACTGAGAT,4
GTGGGAGAGTAGAGGTTA,4
GCACATGTGACGTTATGC,4
GGGCAGGAGGACTGCACG,4
AGACGGAATGGTCGGCAT,4
GAGACGTTCGGTAGAGCA,4
ACGTGCTGTGTTCCGATC,4
GGGGAGGAGGAGGAGGCG,4
TGGAAAGGATAGGGCGGA,4
ATGCCACTATTACGTATG,4
TGTAGGACGGACGAGAAG,4
TAACGCGAGGAGCCGGTC,4
ACCAGGTACGTGACGAGT,4
CACTCATCTGGCGGGATA,4
ATGATCCTTCCGCTACTG,4
AACCAGAAACACGGCATG,4
AAGCTAAGGGGAATCGCG,4
TGGCGAACGTGATGCTGG,4
GTTGGCGGCATATAGAAA,4
TGCCGACGAAAACCCGAT,4
ACGGGTAGGAACGTCACG,4
GTACCGGACACCCGCGTA,4
ACGGCGGTGAACGGCAGT,4
ATGACAGGCGTATGGAGG,4
ATGGGCTAACTCACTTCC,4
AGCTGGCTCGACAAGGTA,4
CAATACTTACGAGGCGCT,4
GGTGACCATACTTGTACT,4
ATAGGTCAGCAGTTCATA,4
AGACCGGGAGCGTTGTCA,4
GTCAAAGCTGTGTTGGAG,4
ATGGTACTGCCAGAAGTG,4
AGACGGGATAAGATAGCG,4
ACAACGTCAGTGGGCGTT,4
GACAAGGACAGTGGATCG,4
GAACGACAAAACGCTGTG,4
AACATTAGCCGGTCTCCG,4
GGACGGAGGAAACTTACG,4
GTGGCATACGTTCCTAGT,4
AACGGACTGATCGGTAGT,4
AGGAAGCGCGACTAGGAG,4
TAATGCAGCGTTCCGACT,4
ACGGGCTGACCACTGACG,4
ACCGAGGCATTAGCGGTG,4
TAAGGCGGAACGATCGTA,4
GAGCGGGACCAACTGTTA,4
TCGTATCAACGGCGTATT,4
AAGCAGCGACGTAATGTT,4
AGTGCGGGAAGTGACGTC,4
AGCGGGAGGAAACTATCG,4
GAAGCAAAGTCCTCCTGG,4
GACCCTGATTTGGAGGAT,4
CCCCCCCACCACCAGCCC,4
GAGGTTGCGGCAATAGCC,4
TGCCACACCAGGAAGCCG,4
ACTCACGTTGGTCTTCGA,4
AACGACTTAGTGCGGTCG,4
CAGGGAGTCTACCGGAGC,4
GGCATGAGCATAGCTGCG,4
AGTGTGCGAACACGTGAG,4
ACGGGGCTAGTTCCAGGA,4
GTGGGCGTATTATAGAGC,4
AGCGGTATTGCGTATTGT,4
AGACGCGTTATTAGACGG,4
GGAGGAGGATTAGGCGAT,4
ACCGCCTGTTGTTCGGTG,4
CAGCCAACTCGTGCTGCT,4
GCGGGAGCATCTGGGCTA,4
GGCTAGGATGGCTAGGAT,4
GCTGGGTGAGTGTCAGGT,4
ACGGAGCCGCAAACTGTG,4
AGACGACGTATCTATGGT,4
ACACGTAGTGGGTCTCCA,4
AGCAGGGGAATAGGACGC,4
TGCGTACAAGACGGAGTG,4
GAATGGATACGCGTGAAT,4
ACGTGGAGACGGTCCCTA,4
AAGGCTGGTACACTTCCT,4
GAGGTGAGGGATCGACTA,4
AACAAGCGGGCACCTAGA,4
GGATGAACATCGTGTACT,4
TGCGTACGAGATGAGGCG,4
GCTAAGTGCGTGATGTGT,4
ATGGGATAGCACCTACAA,4
ATGGGCCCACTTTGCTCT,4
TGCGGTCTGCCACACTGT,4
ATGCATAATGCGCTAGTG,4
AGGATGGGACTGCTTATT,4
CAGGGGCGATAACACCCT,4
ACTACAGCATCGCGGACG,4
ATGTGTTACACACGTGTA,4
GTGGCAAATGACGATACT,4
AATGAGCGTGACGAGCGT,4
CAGCAGGGCGGTCTATTG,4
AGTAAAATAGGGACTGTG,4
AAGCGGGACATTTGGCGG,4
AGGGCATTAACACGCTAT,4
GTGGTACCGCTGAAACCG,4
TAGTACCGGCGCTTGAGA,4
ATGGGGCTAATGTGGCCA,4
AGGGCACTTGGATAGCGT,4
AGTAGGCGAGACGTTTGT,4
GCGGAGATCAGCCCATGT,4
TGCTGTGTCGGATCCGCG,4
GCCAAACGGCATCCGGTT,4
ATGGGTCGAGTTGCCATT,4
TCAAGCGGATGCCAGGTA,4
AACGTGGAATGGGAACCG,4
GGGGATGAGACGGTGACG,4
TAGTCTAACCGGTGCATA,4
ATCAGCAGTGGGACAACT,4
ACACGCAGTGTGGCCGTG,4
AGCTGAAGCGGTCTGTAT,4
AAAGTGGGGTAACGCACG,4
TTGGGGCACAACGTCATG,4
TATAGATCAACGAACGTG,4
AGTGCATTTCACGTGACG,4
ATGGCGAGTAGGAATTGG,4
ACGCATTTCAATACGTGG,4
TAAGCGGACGAGTGTTAT,4
TGAGCTGCCCTGAGTCTG,4
TGGACATTCATTCGGATT,4
AAGGGGCGACGGTGTAGA,4
ACGACGTGTTCCTTCCCT,4
TTACGTCGCTCCACTTAT,4
AGGAGTTCGGGATACTTG,4
GGGGCCATAACATACGAG,4
GAGGGAAGCGCGAGGGTA,4
AACCATGACAATGTGTGA,4
ATATGCGAAGCACATGCG,4
AACGGGTAGCCGGTCTGT,4
AGTCGACGTGTTCCCCCT,4
AACATCGGATAGGTGCTA,4
GATCGAGACCAAGTACGG,4
TCATCCGATCGTTGTACT,4
ACTACGGCTGATGGACCT,4
AGGGCAGGCTCACATGCA,4
GTGGAGAAGGTCGTGCTG,4
AGCCATGTGTTCAGGCGG,4
GGGTGGAGTGATGCTTAG,4
AGGTGGCACTAGAGGCAG,4
GAAGGGCCCGACCGCATA,4
ATCATGATAGGAGATGTG,4
GTGGACTACTGGATATAT,4
GCCGGGCCCGAGCTACTA,4
GTACGTGGGAAATCCGGT,4
GTGGAGTTGAAGCTGCTG,4
GTGCGTGGCATCAGTGAG,4
CTAATACGAGCAGTCGTG,4
GGACGGTCAAAGAGCGTG,4
ATAGTAGGGATCATGGTA,4
AAGCGCAATAGACCGTGG,4
ATGCTCAGTACTTCTGCT,4
AGCCAGTAGACTAATGTG,4
ACCACGGGGATGCCGCCA,4
TGTGGTAACGAGCGCATA,4
TCATGTCGCGTTGTCCTG,4
ATTGGCGGGTAAGATGCG,4
ATAGGGCGCGAACTAGAT,4
AAGCGGCTACTGGTTCAA,4
GAGGCAGAGAAGCGGAAG,4
ACAGGGAGATACAACGTG,4
CCGGGGATAATACGTCGT,4
TAGACCAATGCTCAGCCG,4
GGGAAGTAGAGTCTGGCG,4
AAGTGGGGTCGTGAGTTG,4
GCATAGCTTGACGGTGCA,4
ACGCAGGTGCGCCTCGTG,4
AGGGCTGTGAGATTAGCA,4
AGCGGCCCGGTTATCTCG,4
ACGGTCCAACGATCGTCG,4
GCTGTGATCCGTACGTGT,4
AGGCAGGGAGAGCTGTCG,4
GGTAGCTTACGACTCATT,4
AGCGAATGTCTTACCGTG,4
GGGGGTTACTGACACAAG,4
ACGGATCCCATTACGCCG,4
GGCACGTATCGGTCAATG,4
TGCTTAGTACTCTCCCTT,4
GAGGGATTATCCGTGCAT,4
CGGACTGGAGTGGTAGCG,4
GACGTGCAATCGGCTGTA,4
AATCGAGGCGCTTATGAT,4
TACGGCGAAACACAACAA,4
ACGGCGGATCAGACGGAC,4
ATAAGGAGGGTCATAGTG,4
AGGCACGTGAGGACCAGG,4
AGGTCGACGGTAAAGGAC,4
TCTGACGAACTCATTGTG,4
TCGGTAATGCTAGACTGG,4
GTGGCAACAACGGTCTCA,4
GGGAAGCAATCCAGTTGT,4
GCGGTACCCCTGTGTGCA,4
GCGGGACGATCTCAATGG,4
AAGCAGGGGACGACGAAG,4
AGGAGATCCGAGGTGTGG,4
TCGACATGGATAGACGCG,4
GATCGGCCTACGGAATAT,4
TAAGCGCGGTGTCTCTCT,4
GGGTACAGCAGACGTGCT,4
TAGGGACCCAACTTTCCA,4
ATGAGGTCCGCCGAATGT,4
ATTGACTGGTAGACTACG,4
TATGGGATCCCTCTGACG,4
CATGGGTGCCTGTCTCAT,4
ACGGGCAACATGTATAGT,4
AGGCCTGGTAAAGGACGA,4
GGCTCGAATCGTAATGCT,4
GGTAGGCGAATCTTGATA,4
CGGCGGTTGGTCCACTGG,4
GGTGGTCAAACCGGAGAG,4
CGTAGACGTGCTTGAGAG,4
ATCACTGCAAAGACGTAG,4
GCGGAGGCAATCTACAGT,4
TAGGGAAAGGCATGTCAT,4
GCACGGTAGGATCTCCTG,4
AGCCGGATAGTTGTGGCG,4
GCTACAAGAGCCCGGTAG,4
GCAAGGCGTGTATTAATG,4
ACGGTAGTATGAGCAGGG,4
GCAACGATGTCACATGTG,4
GTTCCCGATCCAAGTCAG,4
ACTTGGGTCCACGGTGAT,4
AGGTATTCGGATGTATGT,4
TCAGCAGTGTGGGTTTGT,4
GGGTGCCATGGACAACCG,4
AACATGTACTCACGCGAT,4
TGTGCAGCTGTGGGTGCG,4
GTAGCACGGTAGTAGTCG,4
AGGGGACCGATTACCTGG,4
TTGTGGTAACGCGACCGG,4
GGTACTCAGACAGGTCTG,4
AGAATGCCCTCGGACGTT,4
AAGGCATGTGGTGGAGAG,4
ACGGAGTTTTAAATGTGC,4
ACGATACATCCAGTCGTG,4
TGCAGCTAAGTGCGGCGT,4
GTCCAGACGTAATAGGGA,4
ATACGGGACTGGAGCGTG,4
GATACCGACAGGGCTCGA,4
ATGACGTAGTTGAACGCT,4
ATGGGATCCCATGCGTGT,4
GCAGACGACTTAGATGTG,4
TTGCGGTACATTGAGGTG,4
ACTGGAGCCTTATAGTTG,4
TCTGACCGTGTAATCGTG,4
GTGCTACCTAACAGGGTG,4
GCCACGAGCAGAGGTGTT,4
ATGAGCATTGGCTTGGTG,4
ACGCAGATCTTTAGGGTT,4
ACGTGGGACGAGTGCGTG,4
GGCCATCAATCAATGTCG,4
AGACGGAGTGTCGTAGCG,4
GGGGGATAACACGAGACG,4
GAGGGAAAGGAGGCGGCA,4
AATGGTCGCTATCGTTCT,4
TACGGGCCAATCGTATAT,4
ATCTGGACCACGCGTGCG,4
TCGGGCCGTAGTTTTTAT,4
AGGGCATCAATTGGCCGA,4
ATGGCCTCTGCACCAGTG,4
CACAGGTGCATCCGTTTA,4
GGGCTAAAAGGAACTGCG,4
GGAGGACAGCTGTAGCAA,4
TCACGCCAGTGATGTGCT,4
CGGGGACAACCGAACGCA,4
ACGGGCCACACTAGTGCT,4
AGACCCGTGTTGCGTTGA,4
AACATGAGGCGGAACAAG,4
AAGGCGTATGGGCCTGCT,4
CGGGCGGAAACTATGGTC,4
TGGGCCCAGCACAATGTT,4
GCACCGCGGGATATACTG,4
AGCGATCGAAATTGCGTG,4
CAAGGGCTGTCACTGGTG,4
GGCAGGTGAAGACGCATA,4
ACGGAAGTTATGAGGTGC,4
GTGGAGAGCGTATCTAGA,4
TGGGATTGGACACGCTTG,4
GCGATAGCTACTGAGGTA,4
AGTAGATGCCGACGCGTT,4
GGGGTTGGACACTGTTTG,4
AGGATGCGCACTAGGTGG,4
GGTGTCCTGCCTATCCGT,4
TGCGGCAGTGTCTGATCG,4
TGGGCTTGGTAGTTAGCG,4
ATGGGACCGGGACGGGAT,4
ACTGGACGCCCTTGCGTG,4
GCAGTGGAACAGTCAATG,4
AAAGGTGTCCTCGCTTGG,4
AGGCGACTCACTTCGTGT,4
AAGGCGCACTGTGACTGA,4
AATCGAAGGCGGCTATAC,4
ACAGGTCGAGACATGCGG,4
GTCGTGGAATGGACAGCT,4
ACGGGGAAAGTATCTTGG,4
ACACGCGACTGTATCGTG,4
TGGTGGTAGACGGAGCGG,4
ATTCGAGCACGTCAGGAT,4
TGAGCTATGGTAGTGCAA,4
CGAATCGAGGGGTCTCTG,4
AGGACCGAAGAAGAGTGC,4
GACACGAGTGTGCCTCTG,4
TATGGTAGTGCGGCAAGA,4
GATGGACCTATCTGACGG,4
AGGGAGAGCATGCTTCCG,4
ATCGAGTAAACGTCTGTG,4
GGCCAAGTTGACACGGTG,4
ACTGCAACGTATCTGGCT,4
GATGAGCATACAGGCAAG,4
TTTAGGCATATCCATGTG,4
ACGGGTCGAGAACAGTAG,4
TCGGTACAGGACTCAGCT,4
GGGTACGGCACGTCGCGT,4
GGCACCCCGAACACACAT,4
GGCATAGACGTGTAGAGT,4
TACTGGAGTCATGCACTA,4
AACGGGAACGGAGCTTCG,4
CACTACACAGGATGGGAG,4
AATCCCAGCAATAGCGTG,4
CGGTACGGGAGACGCATC,4
GAAGGGACCAAGCTGGCA,4
GTGGGACAGAGGTTGGCT,4
ATGGGACTGCCTCGGTAG,4
ACTCGTGTGTGACTTGTT,4
GCGGGTCAAGCGGAGATG,4
ACGGTGCATCCATCATGG,4
AACGAGACTAAACAGTGC,4
ACGGGAGGGAACACGAGT,4
AGCGGAGATATATGAGGG,4
ACCACACAGTCAGCGGCG,4
GACGCGCGGGAACTAGGT,4
AGGGTAGTAGCGCAGATC,4
ATGCAGCGGTACGTTACA,4
AGGCGCCGTGTACCTGGA,4
GAGGACATAGTCAGTGTA,4
AGCGGATAAGTACCCGAT,4
ATATGTCGCACGCGTGGC,4
ACGAGGTGGCCAACGCTT,4
GTGGCGTAACACAGTCTA,4
GACGTTGATGCCTATGGG,4
GGCTGGAGAAACGCTGTG,4
GTCACTGCAGTGGGTTGG,4
ATGGTCCAGCATGTCGCT,4
AGAGCGCGTTACCAGGGG,4
TATAGTACCATGACGTTG,4
CTGGAGGGGCTCACTATA,4
GGGCAGCGAAACTCGATA,4
ACTGACGTTAGTACTGTG,4
AACGACTCCTATGCAGTG,4
GGCGCATGTCGGAGAGAG,4
ACGGGAGTCATGTGCCGT,4
TGGCGCATAGTGTTCTCT,4
TGAGTATGGTCAGACATG,4
GCAAAGGCGTAGTCTCGG,4
TGTCAGCATGGTGTGTGG,4
CACGGCGTGTCCACTGTG,4
ACGGCAACGATTGGATCC,4
ACTGCGGAGGGATAATGG,4
ACGGTTGCAGACGCGCAT,4
GCCAGACGCATAGCCCTT,4
ACGTATCGTTGGTTGCTG,4
TGTGGGGCAGGAATGCGA,4
AGCGCATATGTCCCTGTG,4
ATGGCGTCACGTTGAATG,4
AAGACGTCAGAAGCCGGA,4
TAGGCAGGCGACACGTTC,4
TGGGTACCAGGACAATTG,4
GTTGCCGACGGACCTCGT,4
GGTGGCCAACAGATGTGC,4
TCGCATCCCATAATGGTG,4
AAGGGCAATATGACTCGT,4
GAGACAAAACAGCGCCGG,4
CAAGTGGCAGAGTGGATG,4
AAACTGAGGGCAAATCGT,4
ATGGGAAGGCTGCCCGCT,4
ATGAACAGTCAGCGCTCG,4
TAGGCTGCTGAGACTTGG,4
ATAGGGCGTCGCTCGATC,4
GGGCAGATCCCAGCACGG,4
GGGACAATTCAAGTTATG,4
ACAGCATGTAGGATGTGC,4
ACCAACTTAGTCGGATGG,4
ACGTGCAAGTGGGAATGT,4
GAGTAGACAAACTTCCGT,4
TTAGGTGCGCCGATGTGT,4
ACACATGATGAGCAGGCT,4
TCACCGGAGCCAGCGAGG,4
GGCAGCACCTTGGAGTGG,4
GCGGAGAGAGCGTATGGT,4
AGGTAGCGTGTGCTCTCC,4
GTCGGAGTAGTTAGCCAT,4
GGACATGGAGCCTACGAG,4
AAGCAAGCAGAACGGACG,4
ATAGGCAAGAAGCGCGCT,4
GGGATGGCGTACACACTT,4
AGGGATAATAAGCGACTT,4
GGGAAGGACGACGGGTAT,4
GCAGTGGTTGCAGTAAGG,4
AGTGGGATTACTAGCCTG,4
GGCGGTATCCTGCGAGCA,4
ACTTAGAGACGATGGTCG,4
CACAGGGCCGTATCCAAT,4
GTGGCGGCCCTGACATAA,4
ACGGCAGGGTCTGTTGCT,4
ATTGTGCTATGGGAATAA,4
ACGCGACGAGATATTGCT,4
ACGGAACTGTTCCGCGAG,4
GAGTATGGGTCACTCCTT,4
TTGGCCGCACTCCGAGTG,4
AAGGACTGGACATGGTTA,4
GACAGGCGACGAGTTAGT,4
TGGTACGCTGAGTTGGTG,4
AGGACGCTATGTCCGGCT,4
CAGCAGTGTGTTACGACG,4
CTAGTTGGCGTCTAGTGG,4
ACAGCCCAAGGGATGCAT,4
GATCGATCTAACCGTGCA,4
AGTAGGCGTAGGCGCTCT,4
AGGAGCAGGGCAAGGACT,4
GTGGAGAGTGACCATTGA,4
TCACGGGAGCAACGAACG,4
GGGCACGTTCATAGCACA,4
TGGCAGACCGGATAGAAT,4
CGGTAGAATACTGGGTGT,4
GGCGGGACAACCTGCAAT,4
ACAGTGTGGACTCTCGAG,4
ACAGGGACACTGTGGCCT,4
TTCGTCAATTGCGTGTTG,4
GCACAGAGAGGGAGCCAG,4
AACGTGGCCACATTGCGT,4
ATGGTCCCGTCGATGGCT,4
AATAAGCTATCCTGTGCT,4
ATCAAGAGGATTGGCAGT,4
AGGCACGAGTAAGGTGTG,4
ACGGGATACTGCATAGGG,4
GTGTTCACTAATTGCATG,4
AGGGCGCGGCGCAACGAT,4
AGGAACGAGGTGTGATGG,4
AGGTAGACAAGTGAGGCA,4
TCATGCACATACAGCGTG,4
TCGGGGAAGTATTAATTC,4
ACGAACGGTTCACGTATG,4
GAGGTCGAATGCGGGGCT,4
CGGGAGGGACGCCTGGTA,4
AGGTGCAAACGGACTGTA,4
ACAGGAAGTAGTACGTCG,4
AAAGCACTAACGGTAATG,4
AGGCAGGAGGTGGAACGT,4
ATTGGGGCATAATACTGT,4
ACAGAATAGAGAATGTGC,4
GAGTCTACGGGCAGATCA,4
GGGTGGACAGAAGACGAG,4
AACACACATAGACGGCAT,4
CGATCCCTAATAGTCCGA,4
ACCAACAGTGACGGGCTG,4
AGCCATGGTAACCGCGTG,4
AAGTGTCTGCAGGACGCG,4
AGGCAAGTTGGACGTCCG,4
GGCCTGCTGTCTCTGGTG,4
AACACGTGCAATGCTGTG,4
AAGCATCGACGCACCCCT,4
ATGTGCGGCTACAGATGT,4
ATGTGAAGGGCGTATTCT,4
AGGAGGAATCGGCTGCAT,4
GCGGCATCGATCCTATTT,4
TCCAGGAGCGCGTCACTT,4
AACGACCCACTGAACCGA,4
ATGAAGTAGTAGACGCGC,4
GATGCCTCTACTACGTGT,4
AGGGCAGACTTTGGTGTA,4
AATGATGACTGACTGCGG,4
TGCCGCGAAGTAAATGTG,4
AGCGGCCCATATTCGGCT,4
AGGAACTGGTCCGACGTA,4
GATAACGTCGTGCTGGTT,4
GCGGCAGTCACGTATGCT,4
ACGGTAATAGTAAGTGCT,4
GGAGGAGTGATTAGATGT,4
GCTCACGGCGCGTACTTA,4
CGGTGGTAAAGTCAGACG,4
TAGACAGATAGTGGGGAG,4
AGGTGAGCATCACTATAG,4
ACTGTGCGTATGCAGGTG,4
CTGTCTGTGGGAGTAAGG,4
TATGACTGAACTGTTGCT,4
TCACCCATTGACTGCTCG,4
GAAGCAAACACGGTGCAT,4
GAAGCGTGGCCTGCTCGT,4
TGATATGCGGAGTGCCAG,4
GTGCAGAGGACCCGTGTG,4
GGGCCAACAGCTACGTGT,4
ACTACCATTCTGAGTGCG,4
TGCACAGGAGGTCCTTGG,4
AGAGGAGGTGTATGAAGG,4
ACGTGGATGGGATTCCGC,4
GCAGACGGGAGGATGGCG,4
TGCGGACTTGAACTGTGT,4
TACGGGTCACGTATCCGC,4
ACGAGTGTAACCGAGTGC,4
AACGGTAGCTCATCATGT,4
GGAGGCCGATCATACTCT,4
CGGCGAAGAGATCCCGAT,4
ACGGCCGAACTAATTGTG,4
ACACCGAGGAGCAGTGTG,4
GTGGAGCAGTACGAGTAG,4
AGGTCCGTGCAATGTGTG,4
AGGGGGCTAGGATGCGAA,4
ACTGGACGTCGCACTGTG,4
AGGCGGCATTCAGGTGTT,4
AAGCTGACGTCGCATACG,4
AAGGGTATAGCCAAGCCA,4
GTGGAATGGAACGCTCTC,4
GACAGCGGAACGTTCATA,4
TGGCAGGCTAGATTGCGT,4
GGGAAGCAGTGGCGAGCG,4
TGGCGCCACATCCGTGTG,4
AGCAGGAGCGTATTCGTG,4
TGGCTCGTTCGAGTATGA,4
GCGCGGTATACAGGAATG,4
TGGGCCGGACATACAGTC,4
CAGGGGCGCACACAGGAT,4
GGCGGACCGGGACGTCTA,4
GAGGTGAGTGAGGGTAGA,4
ATACTCGTGCACTGACGT,4
GGCACAAAACGCGTGCTT,4
GGAAGGACACGGACAGGT,4
TGGGGCAAGGCAGGGTGT,4
AGAAGCACGCCTAAGTGG,4
GACAGTTCATCCCGCGGG,4
ACAGGACTTGTCTGTGAG,4
GATACGGGAACCCTACTG,4
ACGCACATCGTCAGTGAA,4
ACCGTTGGAGTAGCAATG,4
ACGGGAACAGGCTCGTAT,4
GGGCAAGGAGGAGCACGA,4
ATGGGAACAAGGGCCTGT,4
AGGCAGGTAGGAGCAAGT,4
TTCGCAAGTTCGGATGTA,4
GGTAGGATGACATTCATG,4
AGCAGACGTTATGCAAAC,4
AGATATCCGCAGCTTGTT,4
ATTAATGCAACCCGCTCT,4
GCGGTACTCGGATTGCGG,4
TGGAGACCGCGTGATGTG,4
ATTCCGACGTTACTGCTT,4
GACCCGTGGCGTTACATA,4
GAGGTTGGACGGCTATCT,4
GATGGCACAGACAGGCTT,4
TAAGGCTTGGCGTCAGTT,4
TGGCGGTAAGAGCGTTCG,4
AGGGTATTAACGGAAGCG,4
ATGACGGCCAACTATGTG,4
ACATGAATAGTCGGGATA,4
CAAGGGCTAGCTATGGCG,4
AGGGCATAGCTGTAGAGT,4
ATGGTGATACCAGACGTT,4
TCACGGGCATCTATCCGG,4
GAAGCGGCACACCGTAGG,4
CAAGCCTTCTAAATTGTG,4
ACGAGGAGCATTAGGTGG,4
GACGGATGACCAGAGTGC,4
ACGGCACCCAGTACGTGT,4
AAATTGGCGACGTACTGG,4
AATGTGGCTTAGTAAGCT,4
GCGGCGATACTATCTGTA,4
TGGGATGGATATTTGCAA,4
GTGCTACGACAGAACGTG,4
GGAGGGGAAGACGTTCCA,4
ACGACTGCGGTTGGGACG,4
GGCAACGTCACAAGGGTT,4
GATGAGTTCTCTAGACGG,4
GTGTCCGTGACAGACATG,4
GCTGCCGCCGGCACACTT,4
TGTCGATCCGAATCGTGG,4
AACGAGTATCCTAAGTGT,4
ATCACTAGTTCGTCTGCG,4
ACCAGGGAGACATGACAA,4
ATGGCTGTGCCGAGGGCA,4
AGGGCAGCACTCGGACGG,4
ATCTAGGTATATCCCGTG,4
AAGGGATAGGGAGGAGCG,4
AATGAGGTTGTTAATCAG,4
ACGGAGGCTAGGCTGCCG,4
ACAGGTAGGATCAATCGT,4
ATCGGCAGTACCTTCAGT,4
ATGCAGAGGGTTCGACGG,4
GATGCCACCCGGGAGCGT,4
GACGGGAGAGACGTATCG,4
AGGCCACAGCAAGGGATA,4
ACGCTAGCGTGTTAGTGA,4
AGGGCTAGCTTCCACAGT,4
ACTCACAGAGTGGAATCA,4
GCGGTCTCAACTGGATTT,4
GAGGCCATCAGACTGGCG,4
AGGGTACAAAGAGGACGT,4
GGAACACGCGACGACAAG,4
ACGGTTGGGAATTACATG,4
TCCAGCAGGACTCGTGAA,4
AGGTTGACAATGCGCGTG,4
ACGTAGGAAAGACGCCAT,4
TGTACACTCATTCCGATA,4
GGGGACCCTTCCCTTGGA,4
CGGAAGTACGATCTTGCG,4
AAACAGAGGATGCATGCT,4
GGCTAGGGGTAGCAGCTC,4
GCATACGACTTATTCAAT,4
TAGGGATGCTGACTTATG,4
ATGACGGAGGGTGAGAGC,4
ACGTAGTGACGGTCCCGA,4
CAGAACGGGATCAGACTG,4
TAGGACGTGTACCTGGCT,4
ACCGTCCATTCATGTGCA,4
AGCATGCTTGCCGTGCTG,4
AGGGCTACAGCATTACGT,4
ACACACGCACTTCCTGGT,4
ACGAGAGACTATGTGCAA,4
CGCAGTGTCGACAGTGCG,4
TGCTTTCCGGGTTGGCTG,4
TGCTACGCTGACTATAAT,4
GGGGTAAGACATAGCCCT,4
GGGCCATAGACGCAGCAT,4
ATGTGGCAAAGGAGCACG,4
CTGGGGACATGCACGTGC,4
GGCCCAAGCTAACTAATG,4
GTGGTACGATGCAGCAGC,4
GTCCTAATGACGCCAAAG,4
ATGTCCATAACGTGGCTG,4
AGGACCGGAGACGAGCTG,4
GGGGTATCAGGCGATTTG,4
TAGAGGGCAGAAGTGCAG,4
GGCATGAGATCACCTGTG,4
GGGGCAGGAGACGCATAG,4
AACGGGTGTAATCTCTCG,4
GTAACGTGGCGCTAGATT,4
GCATGCGGGCAAAGACTG,4
GGCGAGATCCTTAAGGGT,4
GATCGTGATGCGGGAGCT,4
GGGCGAAGGCAACTTGGT,4
GGGGCAAGGAGAGGTACT,4
TACCGATGGGAGACGCGT,4
ATGGGTACGTACTCATCG,4
TCATACATTCGTCGCTCT,4
AGGGTACCGAGGCGCGCA,4
AGGTCGGAAGAACATCAT,4
AGGACTAAGGTAACGTGG,4
GACCCATGTGCTCCAACA,4
TATATTACCGGGCAAGCA,4
ACCTGGCTTGTCCGGGTG,4
AGGCCCGCTCCGATAGTG,4
GAGGGACCAGAGAGACTT,4
ATGGATCCACGCATTAGA,4
GGACGGCTCGAAATGTGT,4
GCACGAGCAGCCAGTGTG,4
GGGTGGTAGAATGTGCAG,4
TACCAACCGACGCTCGGT,4
GGCGGCCAAAAGTCAGGT,4
ACACAGCGGCAGACATGT,4
ACGGTCCATAAGCGGGTG,4
GCAGACCGATATGCAGTG,4
AGCGGCCCGATTACATCC,4
AGGGTAGGAAACATCATC,4
CGGGCGTATGCAAATTGG,4
ACGGTCCCATGGTGCATG,4
GGCATGCGGAAGAGACGG,4
GGGATCGACTCGTTTGCG,4
ACGTTCGACATTAAGTGG,4
TGCCGATGAAACTAGGTG,4
TCCAATGTCGTCCTCGTA,4
AGAGCGGAATGTACCTCG,4
GACGGAAACGTTAATGCT,4
AGGCGTGGTACAGCTCAG,4
GACGGGATTACAGCCGCT,4
ACAGGTGGCAAACTTAGT,4
GATGGTGCAACGAATTCG,4
TGACGGGGAAGGACAGGG,4
GAGCCATTTAATCGGTCG,4
AGGCAGGAACATGCAGGT,4
AGGCAGAAGAAGGCATCC,4
AAGGCGAAGTATGCGGTG,4
GTATCTGCTGATGAAGCT,4
AACGAGTTAAACTGCGTG,4
GCGGAGGTAGGACCTTGG,4
GCAGATACGGGCAGAGGC,4
TTCGGGAACCAGAAGTCA,4
CATGTCCAACGTGCGCCT,4
ATTCAACCTGGGCTGCCT,4
ACAGTGTTCGACATGCCT,4
ATGGGCTAGACTCCTTTG,4
GCGGTACAGACGCTTGTT,4
GTAGGAGCGGAACGCGTG,4
TCTGACGCGGTGTCCAAG,4
AGTGCGGTTATAGGCTGG,4
GCCGGCTACGGGACATTG,4
AAGCAGAGGGACACCGGG,4
CACTCATGAGTCGCTCGG,4
ACGCCAGACGATAATTGG,4
TGCAGTAGGGCTAGGATA,4
GGGCAAGTCCAGCATACT,4
GGCTACTGCAGGATTGGT,4
GGCGGCACAAGAGGGCAG,4
TGGACCCGCCTCACCCTG,4
GAAGGCTGCGTGAGATGG,4
AGGTACCAGGACTGCGAT,4
GGATGAACGGGTACTCCA,4
GTGTAAGCGAACGTGCTG,4
GGGCGTGGAGTATAGTTG,4
AGGCATGCTGTGGCTGGA,4
AAGCAGAAACCCGGTAAT,4
AGAGTGGGTAACCCGACT,4
CGGGGAGTTGAGTGAGGA,4
ATGGACACCATGGTTACG,4
GGGCACCCACGACTATGT,4
GTGAGGTTTCGGTCCCCT,4
AGAGATGGATGGGTTATT,4
TGACGTGTGCAAGGATGG,4
AGGGCCCGTAGGGACTGA,4
GAGGTGCCAACGGATGCC,4
TAGCGGGCAGGTGCTGGT,4
GCAGTATCCAGTCGCGGA,4
GCCTGCTGGATGAAGGTG,4
GAGGACGGACGCTGTTTG,4
GGCCACAATGTTCACGTG,4
GGCGAACCTAATGGCTCT,4
GGCAGTAGGTCTCGCTCT,4
ACGGGAACCATTCACGTG,4
ATGCGGAGGTATACAACG,4
GTCCGGCGTTAGCTCTAT,4
GGGCATACAAACGGATGT,4
GTAGTAGGCAGTTGTAAG,4
TGGTGTCTGCCTGGGTAT,4
ACACACTATCTGACGTGT,4
ATCGTGTGCACCATCTTA,4
CGGCATGTCCTGGGTAAC,4
GGGTGGCGCGAACATATT,4
CGGGGCACAAATTCCTGT,4
GTGGGAATCCTGCATTGG,4
AGCGGCATGTCCGGTACA,4
CAGTGACCGATGGATGTG,4
AGTGAGTTCATCTGCCAG,4
GCAGGAGCAATCTACGTG,4
AAATCATGGGCCCTTGAT,4
GGCCCGTGAACAGGTAAT,4
GACGGTAGACACAGGTAG,4
ACACCAATTCGTGCGTGT,4
AATGGGCCCAATGTTTGT,4
ATCGCCGGATGGTGATGG,4
GCCGAGGAAAGGGATGAG,4
GGTAAGGACGAGTGCTGG,4
TGGCTGGGAAATTATGTT,4
ACCAACGATGGAGGCTAG,4
ACGCACGTAGTCGCACAG,4
GGACTCGTACTGTCAGGA,4
ACGTGGAGTGCCAGAGGA,4
TCGGGGTTAGTTGTCGCC,4
AAGGAGGGGACCTATACT,4
AGGTATCGACGGGTATCC,4
GCTGGCGGAAAACGCAAG,4
GTAGGCCTTGTGATGGAT,4
ATGCGGATAGTTAGACAG,4
AAGCGGCAAACAGATTGT,4
TAGAATCGTCGCATCGTA,4
ACGGGAATGCTCATGCGA,4
GTAGTTGATGGGGACTCG,4
AACGACCACTGGGACGTG,4
ATAGGGCTAGACTCTGGG,4
ACACCACAACGGCCCATA,4
GCAGGAGAGTAATTCGGG,4
GAGAGGGAAGTACGAACG,4
CATAGCCATACTCGTGTG,4
CGTGGTGGACAGCAATCA,4
ATGCAGCGGACAGAGGAG,4
ACGCAGTGATCATGGAGT,4
AACTAGGGGATTGACATA,4
AGGGCACAGAGTACACGG,4
GTAACGCATGGACCACGT,4
GCAAGGAAAAGGACGGAG,4
GTTACGGTAATGGGTATG,4
ACTCGTGGAATTCAGTAG,4
GTACGCACAGGGAGTCGA,4
AAAGGTCTTGGTAGAGAT,4
ATGGCGGATCTGTCATGG,4
GACATAGGTCAAGACTGT,4
AGGCCGGAATGTGTGCTG,4
GGCTCAGCGACTTCATAA,4
GGGGCGAATGACCAGTAT,4
AGGGACCCTATGGCCGTG,4
GCTACGTGCGGCATGATT,4
AGGACATCCCAGTGTCGG,4
ACTCTTGTGTAGACTCTG,4
ACGCGGGAGACTCGTTTG,4
ATGTCAGTGACTTACGCG,4
CACCAAGTTCGGACGATG,4
GACCTGGAAATGGCAGTG,4
ATTGTCTGTCCTCGCCTT,4
GCCGATTGTGCTTCCGGT,4
CAACGGGGTCAATCAGCA,4
TACAGGGCAGTATCTCAT,4
AGGCAACCACTTGACTGG,4
GGGGACCCTATACCGTAC,4
AACAGGGCACAGAATCCG,4
CGCCGAGTACTGCATGTG,4
ACCATGGGGACGCGACAA,4
ACGGGTCGACATCGAAAT,4
GGGCAAATAGTACGTCAT,4
ATACCGGGGATATTGACG,4
AGAGAGGTCCTTAGTGGG,4
GAGCGGTCTAGCATGTCT,4
GCGGGCGAAAGGAGGATT,4
CACGGGAGGAATAAACCG,4
GACGAGGAGGATGTATGT,4
ACACGAGACTGATTTGTG,4
AACGGGCCCAAATGGACT,4
GATGGACCCAGGCTCTGT,4
AGCGAACTGGAGTAGCAT,4
TACTCAAAAGGACGATTG,4
GGGGCTGGTGACGGAGGG,4
GGCGGTCCGATGTCAGTT,4
GGACTGGCTGGAGTGGAG,4
GGGATACGTCAATTTGGT,4
GGGGACGATCATTAGCAT,4
TGGGCGATCTGTATCACA,4
AGGACGCTCGATTAACTG,4
GATGCCATACTGCTCAGG,4
TCACGGGCATGTCACACT,4
TACCCGAAGGCATCGTGC,4
GGGGCACGCATCACCAGT,4
ACGCACTATGTACGGGCT,4
GAGTCTGTGTTGGCTGGT,4
TTGGCACTGAGCCTCCGT,4
AAGGCTGTCTTACCTGGG,4
GCTGGTTGGACGCATAAT,4
ACTAGCTGGTCAGATCCT,4
CGGGGAGAACACTCACGT,4
CAACACGGTGGATAAGGA,4
TCTCGATGGAGACTTTGG,4
AGTTAAGGACACTTAGCT,4
CACCGGGATGTGCGAATA,4
AGGCATCGGGAGTGCATG,4
CACGGTCGCGTGACGTGT,4
GGAGGCAGGGAAACGTCA,4
TGGCACCGTAGGCACGAT,4
AACACGCAAGAGGGTCGG,4
TAGGGACACGTTGCCTGC,4
AGCGTAATGATGACGTAT,4
AGGACGTGATGCAAACTG,4
AGTACGCTCCTGCCTACG,4
ATGCAGCACGGCACGTCT,4
AGGCCTACATCGTTCAGA,4
TTCGGAATCAGACATGGG,4
GTTGAGGCGAACCTTGTT,4
GGGAGGCATTTGACGTAG,4
GAGTATCGGTGAATGATG,4
GTCGAGCGGCAGGACTAT,4
ACGGTACCAGATAGCGTG,4
ATGTTGGACAGTGACACA,4
TGGAGCGGAATGCTGGTG,4
CCAAGCGGAGACGTGCAG,4
GCATCAACGTTGGATGTG,4
GCGGACAACTGAATCGTG,4
GGCGTTCATCGGACTGCT,4
CAATGCCGCCATGGAGGT,4
AGGGTAAACGGGAACACG,4
CAAGAGGAGGCAGGCAGA,4
AGGGCCGCTACCGATCCT,4
AATTGGTAACAGCGTGCA,4
TCGTTCTGTGTTGCTCCA,4
ACACAGAGGGCAACATGT,4
ACGGAGGCTCCAATGCCG,4
GGGGTCGACAAGTTGTGG,4
AGGCAGTTGGAGTTAGCT,4
TAGGATGTGGAATTAGTG,4
GACAGTGGACCATGGTCT,4
TCATGCCTATTTCGTATG,4
AACGGGTGGTTACACTCG,4
GAACGTGTCGCTCACCGG,4
GGAGGCCTTTGACGGTCA,4
ACGAAGGGTGCATGCTAT,4
GATTGGTCTAATCCTGGA,4
AAACTTCGCACGCCTGGT,4
GCAAGCAAAGACGGACTG,4
AGTATTGGAGGTGCAGCA,4
TGTACATGGCAGCGGCAT,4
GTAGGTGTGGAGGTCAGT,4
GCAGCCCGGAGGAAGGGT,4
GGGTGAGGTTGAATCGCT,4
ACGTCGTTCGATGTGGCA,4
ATTGGGCAGTAAAGGCGT,4
GGGCAGGTCCACTTTGCA,4
ACGTAGAGGGCGTCGACT,4
AGGGCGTTCGACGTCTTG,4
AAGTGGATAAAGGTTTTG,4
GCGGGCCAACGTCGTGTT,4
CCTGGGCTATTAGTGTGT,4
AAGGGCCGTCGACAGTGA,4
ATGGCAATGAAGCTCACG,4
GGCACACCGTTACGCGAG,4
ACGGGCACCAGCGCGGAA,4
ATGCCAAAGTGGGACGCT,4
AGCAGGGACGACATGCAG,4
ACTCGCCGATCAATGTTG,4
AGCTCTGTGCCTGGAGCG,4
ACGGTGCGAGCGCGAATG,4
AGGCTAGCGAACTCTGGT,4
GAGGAGGAAGTCGACACG,4
TAGAGCAATGAACGTAGT,4
AGAGGGCAGGAAGTTGAT,4
AGGCGCGGATTCTTAGGA,4
GGAGCGAAAGCAGGTTGT,4
GCCGATAAGCCGACGTGA,4
TGGAGGCTAAGGGAGGTG,4
TGATTCCACACTGACGGG,4
ACTGGTCGAATGTGATAC,4
TGTACCCAGAGTGTATGG,4
TTCGTGTGACTGGCAATT,4
GATAGGGCGGGGAGAACT,4
GGAGGCAGTACTATGTTG,4
GCTTATTAGGAGGGCTAC,4
CATTGGACAGTCCGCTAG,4
TGGAGGAGCATACGGGTG,4
AGCGAGCGGGTAAGATCG,4
GGGGGGAAGCCTACTGTG,4
CTAATGGCATGCGCATGT,4
TGTGCATACGCAGGGACG,4
ATTACGCTGCTCTCCCAT,4
GAGCAATGGATCGTGTGA,4
GGGGACTATGTGGCCTCT,4
ACAAAGCAACTCCGTCTG,4
ACACGGTCTATTCGTGAT,4
ACGCCCGTCCGTATAGCG,4
ATGACCTTGAGTGGCGGA,4
ATGTGAGGTTACGTACAT,4
AACGGGCAAAGTGAGATG,4
ATAGAGGGCGTAATTCCA,4
AGGGCGGAATACTCTGAG,4
ACGCTGGTGAAGCGTGCG,4
ACACTGGTGGGAAGAGCC,4
AGGGCTGCCACAACTACT,4
AGCGTTACTAGCCGTGAA,4
GCGGCGTATACCTGTGCG,4
AATCACCCAGGACCCGTT,4
GAGCAAGCCGATATGTGG,4
ATCACATCTGAGAGCTCA,4
GAGGCACGTTAAGAGGAT,4
ACGGCAGAGGAACGGTCG,4
AGGCGATCCCGGGATAAT,4
TAGTGGGAAAGCTAGTAC,4
GCGGTACGTGTTGTCCTA,4
TTGAGGGACGTACGCCTG,4
ACGTGTCATAGACGGAGG,4
AGTGGCAGAACTATGGCG,4
ACGGATCTGACCCACGCT,4
GTCCACTAGGAGCTCTAT,4
TCCGTGTGCCTGGCCTGA,4
ATCTCCAGCGGGATCGGA,4
GTTGACATTCGGCAGGCG,4
ACGGTACAGAGGAATGTG,4
GGAGGCACAGTAGTCACG,4
ATCGTATGGGTGTCACGT,4
ATGGGACGACAGCTGCTA,4
GTAGACCGTTAACGTGCT,4
GCTGCCCGATTCGCTACG,4
GGATCAGACCGTGAATTC,4
ACCAACGCTGGCTGTGCT,4
CATGTAGCGTGAGGTCCA,4
ATGTACACGATGGAGGTG,4
AGCTGGGAGAGACGCTGT,4
GGGGTTGTAGGGTGGCCC,4
ATATGGTCAGCAAGGTAT,4
TGGGCAATTGGTATGGGA,4
TTGCGGCGTATGCATTGT,4
TGGTAGGGTTATACGCAG,4
ACGCATATGCGTGTAACT,4
ACGTCCGCTCTATGCTCT,4
GATCAATCTTGGACTGCG,4
ATTGCTAACACCGTATGC,4
GGGGATCGATGAGCTCAT,4
ACGGCAAGATATGTCGTG,4
AACCTTGTAGACGTGCCG,4
GCCCAGAATCCGCCCTCG,4
ACCTTGCGTTCAATGGTG,4
TATGATGGACTCTGTGTG,4
AGAATACGGATACTGACT,4
GTGGAACAGACATCGATG,4
TACCGGTATCGCAGTTGG,4
ATAGCCCTGTGAATCCTG,4
AGGACACGAGGTATGCGA,4
ACGATGGGAAGAACGGTG,4
AACGACTGGTCTCTATCG,4
ACTGGACTACGTGACACG,4
AAGGAGGAACGTTCTGGA,4
AGCGGACTACTGACGCGG,4
GAGTACCTACGCACGATG,4
AAGTTGGTCAGCGACCGT,4
AAGGGCCATGCAGTCATC,4
AGGCTGGGTAAGCTGCCG,4
GGGCGTACGAAAGTGACA,4
AACGGCGAAACGACGTGA,4
GGCAAACAGACTCGCGTC,4
GTGGCGTACACAAGCCGG,4
TGGTGCACCTAGGAGTGG,4
GGTCTGCGAGACGTTACG,4
GTCACGGAGGCCATAGTA,4
GGGCGTAACCCGAGGTCT,4
GGGAGGGTAATATGGTGA,4
ATCACACGAGACTGCGTG,4
AGAGGTGCCAGGGACGTG,4
AACCCGGCAGCTAGTAGG,4
AGTGGTAGGAGAGGTCAG,4
GGGACGCCGAATGGGGAG,4
GGGAGAGAGCTGTGCGGA,4
AACACGTAAGTCGACGCG,4
CCTGGGGAAGAGATGGCT,4
AGTGCGATGCTCCTCCTG,4
ACTTGCCCAGAACATGTG,4
ACGGTCGCTCGACGTAAT,4
TGGGGCAGAGAGACGTCC,4
AACGGTGTAAGGGCCGAA,4
GAGGTATACGTAGGCGGG,4
ATGTACTCAGGACATGTG,4
ACAGTGCTGTACTAATGT,4
GCTCGCTGCAACACATGA,4
GCGGATGCTGACGGAAAT,4
TCGGCAAGGGACAGCGAG,4
AGGGGCTATACAAAAAGT,4
ACATCAGTGCAGACTCCG,4
GATGGGATGAGCAACGTT,4
ATCTACACTGACGCGTGT,4
GCAGTCAGGAGCTTCGTC,4
GAGGCGGTAATAAGTATG,4
CACTAGGTGGAAGGATCG,4
ATGGAGTCGCATCTGCAT,4
GGCAAGCAGACGCGATGG,4
AGGGGATTGTCCGTTAAA,4
CATGGGGAAGGGATGGAG,4
GAGGCAAAGGGCAGACAA,4
AACGAGGGAACTGAGCGA,4
ATGGACACGTCTCTCTCG,4
AAGCAGCGTGTCAATCTT,4
ACACGTTGAAGTTCGGCG,4
CAGACTATACGATGCGCT,4
ATGGGCGATAGTTCATAT,4
CGGGACATGTAAGTGTGC,4
ATGGGGCAAGACTTGGTA,4
GGGGACACAGAGTTGGAA,4
GATGCGGACCTGATCAAG,4
CCACGATCCTACGCTGCT,4
ACGTGTTAAGGCGGGCTG,4
CAATTATGCGTTCCTGTG,4
TGACACAGACAGCCTGCG,4
ATGAGGAGTGCCGATGCG,4
ACAGACCATGTGACTGTG,4
GGGCTATGAGTCAGTGTC,4
GAGGAGGAACATGTCGGG,4
ACACGTTGTTCTGGGCTG,4
ATGGAGAGGACCGCTCTG,4
AGAGGGAACGGTGTTGGC,4
ACTACGGCGGCGCTGTGT,4
ACGGCTTACCAGACGCGG,4
AGCGGGTATTTAATCACA,4
CGTGGTGCCGTATTACAT,4
AGTCAATGAGTTGGCGCT,4
CAGGGCTGTGTAAGTGTC,4
ATTACAGTGCGTACGTCG,4
GCGTGAGTCGCAACGATG,4
GCAGGGTTGTAACGCGGG,4
AAGGTTGGCGCGAGTCAT,4
ACAGAGGAGAATGATGTG,4
AGGCAGTTGGTCGTTAGT,4
GACGACCAGCACAGTGAG,4
AATACACCAGACTTCGTT,4
ATACATGGTGCTTCCGGA,4
AACTACCATCCGTGCCTG,4
AAGCAGTTGGCTGTTGCG,4
ACATGGTCCTTTCATGTG,4
ATAGTGGGACGGAGCGCG,4
AGCGGAACCCAGGGTCTG,4
CTACGGGACAGCGTACTT,4
AGGACCCTAGAGTGCCGA,4
GGCATATCACTAGGTTGT,4
AACCAGGAACCGGCATCT,4
AACGCCAGTCATACGTGC,4
TGGACCCGTGAGGTAGCG,4
GATGGGGACAGGACTTCC,4
TTACCGTGACTGGACGAA,4
ATGTCACCGTACGTCGCT,4
AGCATCCGAATACGGGTA,4
TGTGAAGGTTGGGCGAAC,4
GTGCGAGGAGAGATTTGT,4
GGCGTTACGCTACGTGGA,4
GGTGGTGAGGACGCCTAA,4
GCGGGAGGATCGTGGCTG,4
AGGGCATTCCTCGATGCT,4
GGCGGGATTAAGGGTCTG,4
AGGGAGAGAGGCTGTTGA,4
GCAGGGGACCTACAGACG,4
TTAGCCAGCAGCCGTAAG,4
GCCATACTTTATTGAATG,4
GGCCAGTTCAGGAAGGTG,4
AGATCGTCGACCTGCGCT,4
ACAGGACGTCAGGAGGCT,4
AATACTGATGATGAGGCG,4
ATGGTGACTTGCGGCGGG,4
GGCGGAGCCACATATGCG,4
GTACTGTGGTGAAAGATG,4
TATGGGAGCCGAGTTTAG,4
TACCGAGCTGTGAATGTG,4
AAGGCGGAGACGCGGTAT,4
TAACCGCAATGGGTGGTG,4
GTAGTGTAAGCAACAGGG,4
GGTGGTGGCAGATGGCGT,4
GCTCTGTGGGAGTTGACG,4
AAGCCAGAATCAATGTGC,4
AACACGCTGTGGTATTAT,4
TAGGGAGTACTGTCAATG,4
AGGTCCGGCTAGCGTATG,4
ACGGTGCGGACACTGTGG,4
GAGGGACGTTTGGGTCTG,4
CGCGTCCCATGGAAGCTC,4
ATTAGGCGGCAATCGGAC,4
CAGGTCCAGCACCGTGTA,4
ATGGGTCGACAACGAGTT,4
GGGGTGGAGGTGGATTAT,4
CAGAGGCATCCGTCGCAA,4
AGCAGGAGTACTCGGCTT,4
TCATCCCGGGTGTACCGT,4
AGGATGGCAGACGCAGGG,4
GGGGTACTACGTCCGAAT,4
AGCCGTGATTGATAGGCG,4
ACCGATAATCATTGTGCT,4
GTGTACCTTGCTCTCTTG,4
CGGGTAACAAGTCATGCT,4
GGGGGCAGAATTGGATCC,4
GGGCGGTAAATAGTCTTG,4
TAGGGCTAGCAACATCGG,4
GGATCGGGAGCTACCGGT,4
GAAGGGATCTCAGCTGTG,4
TTGCGGAAAACGTATCGT,4
ATCCGAATGCACCTCGAT,4
ACGGCAGTAGTGTTAGCT,4
GCGGCATGACGTTAATTG,4
ATGGCCAGCCCTCTGTGT,4
ATGGACACATTGCTGGCG,4
GTTGGCGTGATAAAGCGA,4
GATCATCGCACCGTCGCG,4
ATGGGCTACTGCCAAGGG,4
TATAGATGCACTGTGTGT,4
GTATGCGGCAGGATTGTA,4
GACTTGAGTTCGACACGT,4
AAGCAGGTGATGCTTCGG,4
ATGATAAGCGGTGTACGG,4
GAGGCGAACCGGTTGATT,4
CCACGGGATGTACATGTG,4
TAGTGGGAGTAGGCGCGT,4
ACGGTAGACTCTAACGTG,4
GACGGTAGATATTGGCGG,4
CATCAGTGGTTATAGGTG,4
GGGACATGAACTTGACTG,4
AAGGACCGTCATCCCTGG,4
GCTGGAAACTCCCGTGTA,4
ACCGGGTTCATTCGTGCA,4
AGGGCAAAGTGTGAAGTG,4
TAGTGCCCACACATTGTG,4
ACGAGGTCAGTCCCTTGT,4
AGACGCTCGAACATCAGT,4
GTGGCACTGGTTCGGGAA,4
ACGCTGGCCTATCACGTG,4
TAGCACGTTATGGAGGAG,4
AACAGCGGTAGACGGTGT,4
GGGTGACGGTCGACGCAT,4
GGTAGACTCTTGCACGGT,4
GGTCCTGATTACGATGTG,4
CACCGTAGCGTAGTGTGC,4
GTAGGTTCCAAGTCGGCG,4
AGCCCGATATCCGTGTGA,4
CTGGACATAGACTCGTGA,4
AGGCTGTTATGGACGGCG,4
TACAGGACGCAACGTTCT,4
GACCGAGGAGGGACGGAG,4
AGGGAGTATATGGTCCCG,4
GCTGAACCGTGTGCATGT,4
ATAGAGGCCGTAGATGGA,4
ACCCGTGGCGCTCATATG,4
AACAACAGGGGCCCACAA,4
ATACGGTAAGACGTTGAT,4
TGGCTCAGTCCATGCTCT,4
AAGGCAGGGTAGAACGCG,4
ACGGGCCGCGGTCCATGT,4
TGCAGTCCCCAAAGTGTG,4
ACGTGCCAACACTGGCGG,4
ATGCTCGGAGATGCGTGT,4
ACGGACAGTTGGTAGTCG,4
TGCGGCCTTACGCGTGTA,4
AGGGGCTGATAGACCCGG,4
GAACGGCGTACACACTGG,4
ATGAGAGACACGACGCGT,4
GTAGCATGTCTCGGTCCG,4
GGGCGGAGTCGAGGCTAG,4
AGGCAGGTGGCTCTGAGT,4
GGGATCGACGTTTCTGCA,4
ATGGACTATGCATCGGCA,4
TCCAATGGGGCCGACGTA,4
GATACGCTACAGACTAGG,4
TGGCGGCAACAGAATGGG,4
GCTATGGGAGGAACCTGT,4
AGGGAATCGGTGAGTGAA,4
TCGGTGGCAGGCGTATGG,4
ATGAAGGGTGTTCCAGTA,4
AAGGTGCACTCACCGGAA,4
TGGCAGTGACTGACTGCT,4
TACGGTTGCTCATCGTAT,4
CGCAAGGTTAATCGTGCG,4
AGCCCAGACTATTCCGCG,4
GTAGGAGACTCGGCAAGA,4
AGGGACAGAAGGATCCGG,4
ATGGGACAGTGAATTCGG,4
ACGGCGGATCTGTCAATG,4
CAAGCAGGATAACGGGCT,4
AGATCAAGCCGGCATTCG,4
ACCTGAAGACGCTGGTGT,4
TGCCAACAGACGTGGTTG,4
CTGATCGCCGTGGCATAG,4
GTGGAAAGTTAACGTATT,4
ACTGGCCGAATAGCGTGT,4
GTGTGAGTAACCAGGTGC,4
GCGCGTGGCTCATCTCAA,4
TGGAACTCGACGATGTCA,4
AGTCTTGTGTCATGACGG,4
ATCTACAGTGCGGATGTG,4
AATGGGCCCTAAGACAGT,4
GCACAACCGCCGTGTTAG,4
CACACACGGACATGCGCT,4
GGGCAGCATGTTCTATTC,4
AGCAGAAGACCTCGAAGG,4
GCGCTAGGTAACCGTGTA,4
ACAATGGCGGGATTGAGC,4
TGCCACGTGATCAAGTTG,4
TTCGGAGACGATTGTAGG,4
AGGCAGAATGATTAGCTA,4
CCTGCATTCGGACACGTG,4
GAGAGCGCCAGATACCGG,4
TTATGCCGTGGACCTCCT,4
AACGCCCTCTACTATGCT,4
TGGGGAAGAAGCTATATG,4
ATGGCATTTAGTTCAGGA,4
ACAGGGACAGACGATGAG,4
AGCGGAAGACTGCATGCG,4
GCGGAGGGAGATCTGGTG,4
GACATGGGGATCGCGTTG,4
TACGATTCCGACACTGCT,4
ACACATACAGTGACGCTG,4
GAGGGACTCTCAGCTTCA,4
AGCAGCGACGCCACATAG,4
AGGGTGGAAACCAGGCAG,4
AAGGTGAGAGCTCAGGAG,4
GTAGTTGTTCGTGAGGGG,4
TAGGGTGGAACACATGTG,4
AGCAGATTGGCGGCGTTC,4
GGGAAAGACGTCCTAACG,4
AGCACAAACACGTGGAGC,4
ACATGGCCTTGTCGTGTG,4
GTGGCAGCGGCAATGTAT,4
ATGTTACTCCGCTGCGTG,4
CGTATTAAACGTTGCGCT,4
AGCCGGGAAGATGCATTG,4
ATCTATGGGCACGTCCGT,4
CTGGTGTGGTTCAAGAGT,4
GGGATGATGTGACGCATG,4
TGCGGAGATATCGCGATT,4
GGGTAGAACAGAACGTCG,4
AGGGGACATCGGGCAATA,4
AGCCGGATGAATCTAGTG,4
GGCATGCATGCGGGAACG,4
TGCAAGCAACACACGGTG,4
AGGCGCAGCGAGAGTATG,4
TGCGGAGTCGCATCAAGT,4
GGACGGCCAGTGACATTT,4
GGGCCAGAACTGTTATGA,4
GTTGGGCGCCTCTTCTGA,4
AGCGTGTGCACCAGACCG,4
TCACCTCATGCGATTGTG,4
AGCCTGAGAGCTTGAGTG,4
ACAAAGATCATGGGACGG,4
AGTCATACGCAGCCGATC,4
GCGGACGGAGAAACAGGA,4
ATGTAGACGTGTGCCATC,4
GTGCGGCACGGTATAGCG,4
AGTCTGACGCCATCGAGG,4
ACAGGTGACTGTACACTG,4
AGGCGTTGACAATTCGTG,4
TCAGCATCGGCACGTGTA,4
GCAAGTGAGAGTCCCGTG,4
AACCTAATCCAGACTGCT,4
ATGCAGGGGATTCCACAG,4
ACGCGTGCACCATTCCCT,4
ATCGGGTCACTACGATCT,4
TAACTCGCGAATGCCGAT,4
AAGTATTCCGACTATTGG,4
GGGACGATGAGTAGGAAA,4
ACGAGCTAAGCCTAGTGT,4
TAGCTAACGACCATTGTG,4
GTGCGTAGGGTACATAGC,4
GGCCACGTGCCTCCGGAT,4
TCGTAGTACCGTGATCTG,4
AGCCTTAACGCTCGCACT,4
AACGTAGTCAGACGTCGG,4
ATACGTCGACTTCTAGGT,4
ATGGCAGGATCTTGCGGT,4
GCACGTGCGGAATTAAGC,4
AGGTGCCTGAGGAATCTG,4
AGCTCCGTTGGCATTCGT,4
GCACAAGGATCTCGACGT,4
GAGGGCTTAGACACGTTG,4
AGGTAGGCAAATGCGCAG,4
AATGGGGAAGCGAGTCCA,4
ACGAGCTATTCGAGTATG,4
ACCCGATTGAAGGGTGCG,4
AACCGCTGAGGAGGTTGG,4
AGGACGGCAAATCGGTGG,4
AAGCCAAAGCCGGCCAGT,4
ACACTGACCCTTGGTGCG,4
ACACGATTACGGCTGTGC,4
AGAGGCCATCTTGTTGGT,4
GGGGAGATTCTTACAATA,4
GGAGCATGCGTCGACTAA,4
GTCGATCCCAGGCCTATG,4
CGGGGAACACATGCAGAT,4
GCAGGAAGGTACTCGTTG,4
GCAAGCAGCGACATGTGA,4
AGAATACACCCGGGATTG,4
AGGGAGATCGCAGTGTTA,4
TCGGGTGTTCGACCTGGC,4
ACGGGGAATCGACCGTAT,4
ATCACGCATGATGGTTTG,4
TGAGAGGGATCCTGGGCG,4
GAGGGATTCCATTGGTTG,4
GGAGGTAGACACCTGGAA,4
GGCTGCGAAGCCGAAGTG,4
CATGCAGGATGACGCGTG,4
CGATAGGCGACTCGTAGC,4
AAGTATGACACGCCTGGT,4
GGCAGGGTTAACCTGTGC,4
AAGGCCTCGTAGGATAGT,4
ACTCGTACTTACATGGTG,4
ATGCCTGCTCTACTTCCT,4
ATGGTGGTTCCTGCCACG,4
ACGAGGGGCGTGTTGCAA,4
GAACGCCGTACGACTCTT,4
AGTAGCCGTCCCCGTGCA,4
ATGAGAGCGGTGACATTG,4
AACTCCAGGACCGGTTGG,4
ATCGAGTGTGGCCGCTAT,4
GACTGGTCCCAGTGCGTG,4
ACCGGGATTTGTCCGGTG,4
GCGACATCTTCAAGCAGA,4
AGACGCGCTGCACCTCCT,4
TACTACCACCGGTATGCT,4
GCATGCGACAACATACGG,4
CGGGATTACTTTAGGGTG,4
AGACCGTATTGTACGTCG,4
GCCATATTGGGTCAGTGC,4
TTGCGGCATATGAGTGCG,4
ATGATGTCAGCGGCATGC,4
TGTCGCCGTGAAATCTGT,4
ACAGAGGACGTGCTTGTG,4
TGATCACTTCTGTGTGCA,4
AAGGCGGTAAAGTCCGTG,4
AGCGGATCACGTACTCTG,4
CGATGCGGGACCGTGTAC,4
ACAGATAGACTATCGGTG,4
ATAGTGGCCTAGTGCCTG,4
TGCACTGTGCTGTCGTAT,4
ACGGATGAGACGGCCACT,4
GCGAGAGAGACTGGCCGT,4
GCCGGGATCACCAAGTAG,4
TGACGGAAAGGAAGGGTT,4
GCACTCGGGATAGCTTGA,4
GTCGGATCCTCAGTGCTG,4
ACCAGGTAACGTGATGCG,4
CAGCGATATTGAATGTGC,4
GGCGGATGGAAATGTCGC,4
GGTAACAAACTTGGCATG,4
AGCGGACTGGTACACGAT,4
AGGCTGCCGGAGCGATAA,4
TACCCACACGCTCGCTGC,4
TCCGGGTGAAAAGTCGGG,4
AGGGCATATGAATCGACA,4
ACATGTGAATACAGCGTG,4
ACCTGGGGCATCATCGTA,4
GGGAACAGGGCTGGCTAC,4
GGGGACTCCATCGTGACT,4
ACGGCGCGTGCTATCGTT,4
AAGGGATTCCGGGGACAT,4
CGACGTGTCATCCCAATT,4
TACACTGGCAGACCGAGG,4
GGCATCAGTTGACGGTTG,4
AAGGAGGATGCCGGGTAC,4
TAGGCGTAGTAAAGTGTG,4
GACGCCACGCCACCATAG,4
CCAGCGGTAGTAAAGGTG,4
AACGTTCACCCTGTGGAT,4
GTGGTTCTCTCACCTTTG,4
AGTGCCAGGTAGTCAGCG,4
GTGGCCCGAATAGCTCGT,4
ACGCCTCCCTATTCCGTG,4
TAGACGATCAGAGGGAGT,4
ACCGGACTCTTAAACGTG,4
TCAGAGAGGAATGTGAGG,4
ACCGTCAGGACTACGGTG,4
GAGTGGATGGGAATCATG,4
GCATCGTTAGGCGGCTGA,4
AGCACTAGAGCCGAGTAG,4
GGGTATGATGCAGACGTT,4
GACATGTGTGCACTCTGT,4
GCAAGAATGGTCGCTGCG,4
GGCCAACCAGCTTCTGTG,4
AGGAGGCTTGGTACAGGG,4
GGGACATGTAGTGTCGCT,4
TACGACGTAATGGGTGAC,4
GCGGGGAGGTATACAGTG,4
TGCGGCATCTTATCGTCT,4
CAGGAGTTCGACGTAGCA,4
ACGACGCGTGATGGTACG,4
ATGCCAGTCAAGGCGTGT,4
ATTATGTCAGCCAAGGTG,4
AAATGCTGGGTAACGATG,4
CAGCAAGGTGGTACAGGA,4
ACACTATGATACAGTGTG,4
TCGTAGCCCTCGGTGCTG,4
ACAGGGAACTGGCCATGT,4
GGGGCTGCTTGCGGGAGA,4
ACAGCTCAGTAACCCGTG,4
ATGGCGTCCACAACATGG,4
GGCTACGGGTTCATGTGT,4
AAGTGAATGCGGTCAGCG,4
GGCGATAAGCAGCGACGA,4
ATAGTACGGGCGCTGCCT,4
TAGCTATGGGACGCGGCA,4
GTGGTCAGTACTTACATG,4
GAGGTTCATGGCACTGTG,4
CACGGTGGATGAGCCAGT,4
TGCTAGTGGAATGCTGTG,4
TCGGTAGGCGTACCGTGT,4
AACCGGTCAAGGTACAGG,4
GTACGAGAGCTAGGTAGG,4
TGCAGGGAGTACAGAAGG,4
CGGGTAGGTACGTATCGT,4
TCGGGACCAGTGTGCTGA,4
AACAGTGCAGAACCTGTG,4
GATCCGGCAGACATTGGA,4
AAGGGCATGTATGCTGCG,4
GACTAGTAACCGTAGTCG,4
TGATGGTGCAGACGGTTA,4
ACGAGAACAAGGGACCAG,4
TACGGTAATAGGCCTTTG,4
AGCAGTCGAGGTGGATGT,4
ATGTCGTTCACAATTGGG,4
TGGACCCCTATGAGAGTG,4
AATGAATGTTGTATCCGA,4
ATGAGGAGCCCGCACAGT,4
GTGGATTGGCTACTACAT,4
GCAGTGCGGCGATATGAC,4
TACATAGCACACGGGAAG,4
GCATGGAGACGCTTTAGG,4
GGCTCGCCATGTTATTCT,4
AACGAGGTGAGAGTGCGG,4
GGCGGGCAATTTTACGCT,4
GCGGGGCCACATACAATC,4
AGTGGGATACGGTACCTG,4
AATGAGTTGAACGGCTTG,4
AAATGGAAGTTTCCGCTG,4
AGGCAGAAGGTGGGCCAA,4
AGTGACCGTAGACCCACG,4
GGCACGGAGTAGAGCTGG,4
ACGAAGATGAACGCTGTG,4
ATGACGGATCTGCACGCG,4
GGGCCTAGTGAGGAGAGT,4
GGGACGGATGTAACGGAT,4
GGGGAGTAGGAATGCGAG,4
TGGACAGCAGCAGTGTGG,4
GTGTTCAATACAGTGTCG,4
GTGGTACAACGGTCCTAG,4
GGGCGTTTACACGGGCAA,4
TGGGCCCGCATTATTTAG,4
AGCGGATGACGGGAGTGC,4
TAGGGCGGAAAGTGTGCA,4
GCGGGTAGAGACCAAGCG,4
ATGTGCCTCCTCGTTCGT,4
GGGGATCTAGGGACCCGG,4
TGAACTGGAGTACGTTGG,4
AGGCGCGGACAAGGATGC,4
AGCCACATAATATCCGCT,4
AGGGGAAGGCGTGTGTAG,4
TGCGGGAACAACGTTCGA,4
AGGGCGCAAGTCCCGACT,4
GCCGAACGGCAGACGAGA,4
TGGCCGCCGACTGTGAAT,4
AGGGAGGGTATATGGCAT,4
ACACTAATGGGCCCTACG,4
ACACAAGACGGGAGCTGA,4
TGCCCAGGACTTGCTGTG,4
ACAAGGCGCGTCGCGTGG,4
AGGCAGGAGGTACAGAGG,4
GGCCCGGTGGAAAAGTCC,4
GATCAGGGCTCTCTTGGT,4
AGCACAAGGAGTTCCGGG,4
AAGGATGAATAGCCGCTG,4
ACACGGAAGGAGGTTAGT,4
ACCACTAAAGACCGAGTG,4
AGGACGGATCATCGTGAG,4
TGCCGAGAGGAACGTTAG,4
GAGCGCATCATGAGAGTG,4
ATTGGGGGCACAACGCTA,4
AGGTAGCCCAAATACGTG,4
AGAGGAGTGGCACCGTGT,4
GACGTAGGTATTCATGGT,4
AGGAGGTAAATTAGTAGT,4
GATGGGGACACATCGCAT,4
AAGCAGCAACACGGCGTC,4
ACGGTGTAACTGATCGCG,4
ATCATCGAAGTAATCGTG,4
CAGGAGGCACTATTGCGG,4
TTGGCCCGGTCACTCACT,4
GCGGGCAGGCGGTGATGA,4
TCATGGAGGGCCTCCGCT,4
GTGCAGGGACAGAGGACG,4
GCCAAGCATCTCTCGGTT,4
AAGGCGTTCGAACAGGGT,4
GCGGTGCAGTCCACGGCT,4
GGAGGCGTTACTGTACGG,4
AACACGGGCCAACGCTTT,4
GCTCCACCCGGGAATGTG,4
TCGGGACCGGGTTGGTCA,4
GGGAGAGCCGTAATAGCG,4
TCGAGCGGACAGGTGGCT,4
AGTGAGCAGCCGCTCGTG,4
TGATGCCTACATGCTGTG,4
AACGCCCTTACATCCGCT,4
GGCAGGGTGTTAAGTCAT,4
GTGAGGTGAGACGCAGAT,4
ACAGCTGGAGTCGTGACG,4
TCACGCAAGCAGAGGACG,4
GCGAGGTGTATGCTGGAT,4
GGACCTCGAGCATTTCGA,4
TCAAGGGAAGCGTATTGA,4
ACCCGGAGGCTAGACCAG,4
GGACACGAAACGTACGCT,4
GAGGTAGAGGCAACGCGG,4
ACTGACCAGAGTGACGTT,4
ACGGTAGTGGGCACCTCC,4
AAGCAGGAGGTGAGACAG,4
AGCATGGTGAGACGCTTT,4
TGACGGTATAAGAGGCTA,4
ACCGACACGACGTGCACT,4
TAGGGGTTTGACGGCCCG,4
TACGGGCTCTACTCTATG,4
GAGGAGGAGCAGAGGTAA,4
ACGGGCTGACTTTTGCAT,4
TGGGCAGGTACATTTCCG,4
AGCCGTCTTAAACCGTGT,4
GCGAGGGTGGAATGAGCG,4
GTGCCACTGTCACGGTCT,4
GTTGTAAAGCCTCGTGAT,4
ATGGCGTAAGCCGTGCTG,4
GGGCGTTAGATTGTCGAG,4
ACCAGTCGGGTCAAGCGT,4
ACAATCATTGCAGACTGG,4
AAGAGCGAGTCTAGTATG,4
ACGAGCGGTTCCAGTGTC,4
GGAGCTCCTACCATCTAT,4
AGGCCTGTCTTAGCGTCG,4
GAGTCGACACCAGCGTGG,4
TTCAGGCTCTCCCGTTGT,4
GGCGCAAACCCGTCTGTG,4
AGCCACTTGCTGGAGAAT,4
ACTGCTGTCTGTACGGCT,4
ATGGCGTATCAAGTGGCA,4
AGGGCTATACTCCAGGGA,4
CAGGTGAGACGCAGTTTG,4
AGTGCCTCGTATGGGTCA,4
ATGGTTGAGGCTAGCTTG,4
GGGGCCCAGGACACTGAT,4
GCGGGCGAACGGCAGGTG,4
AGGGCGGGCAACGGACAT,4
ACGGAGTGCGCGTACCAT,4
TATCTAGGGGTAGCCAGC,4
GCAGGCTAAACTTGTGCG,4
AGGCATTTCGTCGTTGCT,4
AATACCGTCATTTGCGCT,4
GATGACATGGCCGCCGAT,4
GTGACGACGCGTGTAAGT,4
AAGCAGAAACGCGGAAGT,4
GTAGCGGGACGACATTGC,4
AACGGCATGACGGGTGCT,4
ATCGAACGAGTTAGTGCT,4
TGGTGTGATACCGGGGTG,4
GAGGACGTTGACGTGCGA,4
ATGAACCCAATGACATCT,4
TGCAGCTGCCGTCGCTCT,4
TCGAGCGTGTGTGATATA,4
TTGCTCAGGACTAGTGAT,4
GCCTGCTAAACGCGGGTT,4
AGGCATAATACGGCAGGA,4
AGGGCACACGGAACGTTA,4
TGGCAATAGGCAGAGGTG,4
GGACCAGTAGTGGAGCCT,4
AGGTGCCCAGGACCGAAT,4
CTGGTAGCCGACAGGGAG,4
AGGACGGACAGGGACGGA,4
TGCTAGTGGGCTTAGGCT,4
GCACGGCTCATTGGACCT,4
AGGCGGGGCTACTGCATC,4
ACAGAACGACCAAACGTG,4
CACGCTCCTGTGGGAGTG,4
GAGGGCAGTTAGGAATGG,4
GCAGGGATAGAGACGCCG,4
ACGACAGCCTAAGGTGTG,4
ACAGCGTGCGTCTATTCT,4
GACGTGTTAGATTAAACG,4
AACGCGGAAAGTTATGTG,4
ACACGAAGACTTGACTGG,4
ACGGTATGGTCATAATTG,4
AGGCGTGTACGATGCGAG,4
AGCGGGCGGATATGTGTG,4
GGGCTGGCAGGACGCATA,4
TGTCCAAGATAAGCGGTG,4
GGGTATGGGACCGACACG,4
GATGGCACGAGGTGGAGC,4
GCAACGCATCAACGGGTT,4
CACTAGTGCAATGACGTG,4
CAAGGGAATATAACTCCG,4
AGCCGTTCCTTGCTCATC,4
ATTGAGCTACAACCGGTG,4
ATGGGCACTGACCATGCT,4
CTGACAATGCCACGAGTG,4
ATCATCGCTCGACACAGA,4
GATCTGGATTTCAAGGTA,4
ATGTAACCGCATGTCGAT,4
ATCGTCCGTGACAGATGG,4
GGTGACCTGTGACGTTAT,4
TGCATTCCGTACGCTCGA,4
GGTGCGTAGAGAATTCCG,4
CTGTGGTGGCGCGTAACT,4
GTGGGTGAGATGCCAGCA,4
CAGTGCCAAGACGCTGTT,4
GGGCCAGCTAGGATAGCA,4
AAGGCGCGGATGGGTAAC,4
GGCATCGAAGTACGAGGT,4
CAAGCAGAAGGCGTCGAT,4
AACGGCGAGAACCTAGTG,4
GGTGTAGCAAGGTATCCA,4
TGTGTGCCAATCGTCGAA,4
GTGGGCCACAGTCGCTTT,4
GGAGTTAGCACATAGTCT,4
GATCTGGATATCCGCGGT,4
AAGCAGGGAATGTTCTCG,4
ATGCGATGGTTGCTGGGC,4
GCACATTTCGATCGTGTT,4
GAAGGTCGTACGTACGCA,4
AAGACCGTTTGCGCGGCT,4
TTGGTCGCATAGAGTATA,4
ACTGGGAACTTCGCAGTG,4
ACGCATCAGCCGTGTTTA,4
TGATGGACGACTGCTGTG,4
TCGGGTAGGGAAAGACGG,4
AACGCAACGGACGTTGAG,4
GGTGCATGTTGTCTGGAT,4
TGCGGGGACGCTGGACTT,4
TGGCTAGTTATACGGCTG,4
AATCACGCTCGCCAACTG,4
TAGCAATCGGTATGGTGT,4
TAGGAGCGGAGCGTCCTG,4
AACGGGGCACCTGTTCCG,4
GAGGGCTCGTCTTTCCTG,4
TCACCGAGACTCGTACGT,4
CTGCTCATTGTCGTCATG,4
GAGCCTAATGCGCTAGCG,4
GCGAACCATACGATTGTG,4
ATAAGGCCACCCAAGACG,4
ACGATGCGTTTAGCGGTG,4
CAGGGATTACCCGTTCAG,4
GACCGCGGTAGTATTGCG,4
TGTGGAGGGAACGGCTTA,4
ACGCAGTGGTGCGCTTAA,4
AGCGAATACACCGGTGTG,4
GTGCAATAGCGGGCCCTT,4
GCGAAGCAGACATGTACC,4
GAGGGCGAAAAGGGACCG,4
AACGAGGTATCTGGCGCT,4
GATGACCCGGTAGATATG,4
TTGTTCGGCGCATTGTAC,4
AGCACACTTTCGTGGGTT,4
GTACCGGTTCGTGTGCAG,4
AGGCGAACGGTGTGCCAT,4
GCCCAGCAGGCGTAGCAA,4
GGCATACAGAACGCAGGC,4
AGACACATTGTGAGGTCG,4
AGCAGGGATGATTGGTTG,4
AGGTAGGTTCATAGCGTG,4
GGCCCAAGTAAGCGTGAG,4
AGGCGGTAGACGCAGTGC,4
AAAGCGGGTTGCTCTAAT,4
AGGGTATGGAAGCGCATT,4
GGCCAAGCGGTGCCAAAG,4
ACCGGGTGGAATCGGCGT,4
AAGTAGATGGCGCTCATG,4
GTCGCTACGTAGGGACGG,4
TCGGGAAGATGGCGGTGT,4
GTATCCACCGCGTGAGGG,4
GATTAGGATTAGTGGGCA,4
AACCGAAGGCACTGTGGT,4
TGACAGTATGGCGGCCTG,4
CACCTGCCTGGATCTCGT,4
AGATCAGGCCTGGTACTA,4
TAACAGTGAGGTGTCCGG,4
TAAGCAGTAACAGGCGTG,4
GCGCGAGGCATACCGGTT,4
AGGCTAATAGTCTAATGG,4
ATGGGCAACAGGCCAGTT,4
GCTTTCGAGGACAGGTGG,4
GCACTCCTCGATCCAGCT,4
TCGGATCTTAACTGTCGT,4
GGGCGACTAGTGCATGGG,4
AGCAATACTCATGCCGTG,4
GGATGCAGAAGCGAGGTG,4
AGTCCAAGGCTCCGTGTG,4
GCGGGCGCAATTCGTGTA,4
GGGATGACCACACTCTTT,4
ATAGATGGGGAAGCCGGA,4
CAGAGCGATTGGGGTCAA,4
AGATGTCGCACGTCTTCT,4
GATAGACTGCCAATATCG,4
CTGAGGGTAGCGCCTCCT,4
ACATGATCCCTCACGTGG,4
ACAGGACGTAGTGCCGTG,4
ATGCTGCTCGAGGTATGT,4
GATGTGTAATGGACAGCG,4
ATCCCCGGAGAAACGTGG,4
GATGGGCGTGAGCTATAG,4
GTGGGGCATCACGGTCCA,4
GTGCCACTAGGTCCGGTA,4
GGTGTTCGTTCAAGCTCT,4
AAGGACCTACGGCGCTCT,4
TGTACTTCGCCCGTTCCT,4
AGGCACAATTCGTCGTGA,4
AGCGTGACGGTGTTACAG,4
ATGCTTGTGTCGACAGTG,4
GGCTCCACGAAATGTGCT,4
GGCCCTGATTGACGTCGT,4
GCCAAACAGGACGGCTGT,4
ATGAGTGGTGTGACGGTG,4
AGGTGGTATGACCCTACA,4
TGGGATCAGCCATGTGTT,4
AGAGGAGGACAGCATGAG,4
GATGTAACACTATCGGCG,4
TGGCGGAAATGTGTTAGT,4
GCGGGTAGTCACTCCTGT,4
AACGGAGAATGCCTGGAG,4
AGCGGGATAGAGACGGCT,4
GATCTTGAGAGCGGCGCA,4
GACCGGGGTTCGCGCTTA,4
TTCGAGGCTTTGTTTGGA,4
CAGAGAGGACCGTCGGCG,4
GGCGCAGCGGACCTCGTT,4
GCATACTCATTGTCTATG,4
GGAGCAGGTTCTATGTGG,4
AACGGGACACGACTAGAC,4
TGCGTGAGGGCTAATCGT,4
GAGGGAAGGATGTAGCCG,4
GAGGGACTGTACCATATG,4
AAGCAGAGACGCGGGTTA,4
ATGGTCCTAGTCGACGCG,4
TGTGTTAGCCAGGGATAT,4
GGCCACGTCTCAATGTCG,4
GGAGCAGATAACACGTGC,4
GACTGGGTCCAGCTCTGC,4
ACGGGCTGTATCTATAGG,4
TGTGATCCCGCACTGCGT,4
GCGAGAGCATGCGGCAGT,4
ATTTGGGCTTGATGAGTA,4
AGGGCAACACGCGGCCTT,4
GGCAGAGTACGTGCGAGT,4
AGCGGATGTATGCTTCCT,4
AGGCCATGCAACGTGTCT,4
GTGAGCTGTGTAGAAACA,4
GGCATGCGATCGAGATGG,4
GCGATCCCACGGAGAGCA,4
CGATATGATGACGAAGTG,4
TGTGGTTACATGCTGCCT,4
GGGGAGAGGATAGGACTA,4
GGCAATCATAGTGCTGGA,4
AGTGTGTAACCTGGGCCT,4
ACACGCTGTAGACGTGCT,4
TAACTGTAGGAACCTCGG,4
AGTGAGGATGCCATCGCG,4
AGCGGAGTACACGGAGTG,4
AAGCAGGTGATTACGCCG,4
TCAAGCCAGCCGCCTGGA,4
TCCTATCCGCATTGTGTG,4
GCACCGCGCAGTCGCCTG,4
GGGCTGAGCTTCTCTTCT,4
TCGCAGAGTAACCGTGCG,4
ACATGATCCTATCAGGTG,4
ATACCGTGACTGTACCTG,4
GTGAAGTCCTCAGGTCGT,4
GAGGCTAGTGCAGGGACG,4
AGGCCACGAAGTCGGCGA,4
ATCAGACCTAACGACTGT,4
CTATGGCGACCGTCTGTG,4
AGCGGGACTGCTCTTCGC,4
GGGGACCGACGCTCCAGT,4
CAGCCGAACGCTATTGTG,4
AGGGCGAATGACACTGTG,4
AGCCGATCCACATTGTAG,4
GATAAGGGATCACCGTGT,4
ATAGTGGCATATGACTTT,4
ACGGGATGGATTGGTACA,4
GGGCCCACTGCAAGCACA,4
GCGCGGACTACACGTATG,4
ATTCGGCGCGATCGTATA,4
GGGCTGGTAAGGACGAGG,4
GTGGCACGGTTAGGGTTG,4
AGGTAAGGGAAGACAGCG,4
TGTCATGGCGCTTATTGG,4
AGCACATTAGTTCGGCGA,4
AATCACGGCGTTACGATG,4
GGCATGTCTCGAGATGTG,4
GCTCGGCGTAACATTTAG,4
GGTGATAGCAAGTTAGCG,4
GGCAGCAGACTACAATGG,4
ACAGGATCTATTGACTGG,4
AAGGGTTACCGCAACTTC,4
AGGTTCCTGACCGTATCG,4
TCATCCCGTTGTCCCTCG,4
CGGGCAAACATCCGCTGT,4
GGGAGTGCCTACATCGTG,4
TAGGCGCGTTGGCAAGGT,4
TCAGGAATCACTGACTGG,4
TTAGGACCGGATATAGTG,4
GGGCAGAGGGAGGAGTCG,4
GTGGCAATACAGCCGCAG,4
TAGGCACGGACGAGAGAG,4
GCCGTGATGATGCGTGAG,4
GGCACGACTCAGTTGCTC,4
ACTTGAAAACTTGATGTG,4
TTACCGTGCTCCCGAGTG,4
TCGGCGGAGAAGCGTCGG,4
ATGAGGTCCCAGCTAATG,4
ACACAGGGGTCCGAGCTG,4
GGGGTAAATGGACATCGA,4
GTAGGCGATTCGTGCGTT,4
ATAGCATACGTGTGCACG,4
AGGTAGGCAATGTACGGG,4
GGCACGGATAGGCATTGG,4
AGGCACATTGGTAGTAGA,4
ACGTGCCCTTGCAATGTG,4
GGGCATGCATCGGACATT,4
CGGTAATTTCTCACTGTG,4
GGAAGCGTACGTTAGGCG,4
GGTGTAGACGCAGATGTC,4
AGGGAATGAGGCGGCGAG,4
ATGTGGCGCCTTAGGAGT,4
AGCAGGCATAAACGGCGA,4
ACGGACCCTCTGACGTGC,4
CTTGGCACTGTGACGTTG,4
GGTGGCGCATTCTCATCA,4
GACGGATCTTCACTGTGA,4
AATGGTCGCATCGAGCAT,4
GTGGCAGCTACCCATGCT,4
AAGGGAGTCGATGAGAGC,4
TCATGCAATCGGTGCAGA,4
ACGACGACCTTGAGTGTG,4
TCGGTCAACAATCCGTGT,4
TATCAATGGTGCTCATAT,4
AGGGACGCTACCCACATA,4
TCGAGCGGATAGGTTGTG,4
CAGGTGAGAGACGCACTG,4
GGGTGAGTCACATCTATA,4
CAGTGATTACGGTGCATA,4
GCACAGTGGCTAGGACAA,4
ACAGGGCCACTCGAGACG,4
TGGACAGCACATTCGGCG,4
AGGTAATGTGAAGAGACG,4
AGTGACTAGATTACTGCG,4
GATGGAGCTAGCTTGCCT,4
AGGCAGTCAAGAGATGTG,4
AGGGAAGCGGGATAGCAG,4
AGTGCAGTGGCGTCCATT,4
GGCGCAATTGACGGCATA,4
CGAGGGTATCTTGGCGTG,4
GGACAAGAGACTGTTGGG,4
ACACACACCACGCCCCCG,4
TAGATGGGTACTTATTGA,4
AAAACCGTGTGCACGAGT,4
TATCCGGACTGTGCGCTT,4
GACGGGATTTCGCTTATG,4
ATATCGGGATTGCTGTGA,4
CTGGGCTGACCTGTGCGA,4
ACAATCAACGGGACACGG,4
GGGCAGACTACTAAGTAG,4
GGTGGGCCAGGTGTTACA,4
GGGCTGTATCCGTGCTGT,4
GCGATTCGAGACTCAGCA,4
ACGGTGATGGCTGGCGTT,4
AACATGTGTCGCTCATCG,4
GGGGAAACAACGGCGCTG,4
TAACCCGCCTCGACGTGT,4
ACAACTGGAGACAGGGCG,4
CGCGCACAGTGTCTGGAG,4
ACGGGACGCGTTAGAAGC,4
GGGTGTTGGGACGCAATG,4
AGCGGGTAGTCGACGTGC,4
AGGTTGTTATAGGGTACG,4
GGACTGGCCCGCCGAGTA,4
GGCCCCGTCACGTGCTAG,4
GGAGACGGGGATGAGTCT,4
ATAAGCAGTCGTCTGGAT,4
AAGGAAGCTGCTGAAGGT,4
AGTACATGGATCCGGCAG,4
GGACACCAACCGCTCGGC,4
AGACAGCATATGATGTAG,4
TGCAAGCAGAAGTGGCCA,4
GGGACATAGATGGTGACG,4
CGCGGGTAGAGACGCTGG,4
AACGGCGGTGTTGCATTC,4
ATGGGGCTGATACGTCCA,4
GATGCACGATTCCAGGAG,4
GGCGGAGCGCAATCAGAG,4
ACGGCCATACGGTGTCAT,4
CGTGGATAGCTTGTGGAT,4
CAGCAGGGACGGGAAACT,4
GGCTCTCTGAACCTACTG,4
GTAGGACGTCCATGGAGT,4
GCTGGGAAAGAGATGCTT,4
GCAGCATAGAGGAGGTGG,4
GTAGGGTCGAATAGCAAG,4
TAGGGCAGAGAGACTGGT,4
AAGCGGAATCAATTAGTA,4
TAGAGCTCACATGGGTAA,4
CCAATAGTGGCTAAGGTG,4
AATCCTACAGTCATCGTG,4
TCGGAGTCCACACCGTAG,4
TTCACAGGCTGTATCTGG,4
AGCCGGTAGCGTGGGTAG,4
AACTGTCCAGGCGGAGCA,4
ACGATGTATCGCCTGGAG,4
ACAGGTAGGCATGTCAGC,4
GTGGTACATAAAGAGGCA,4
GCGGCATCAGGTTGACGT,4
GACCGGGGCTGATAGCAT,4
GGGTGGGAGTTGCTCTAG,4
GAGCAAGAGACGCAATGC,4
AATGCGTAATGTGCCCCT,4
GGGTAGTATTAACGAACT,4
GCACGGGGAGCCGAGATT,4
AGGCGTATGTCATCGAAT,4
AGGTATAGCGACACAGAG,4
TCGCGGCAAGGATGGTCT,4
GGGAACAGCCAACAAGTG,4
ACGTGGCCATCACCTGCT,4
GTTCTACCGACATGTGCG,4
ATGGCGCAGTAGATGGAA,4
ATAGCTGGAGATGCGGTG,4
AAGATTCACCCGTCGTTT,4
AGGGAATGCACGTGGCCT,4
AATACTCCTGACGCGTTG,4
AAGCAGACTTCGCGTACT,4
GGGCATCCTAAACCGTCT,4
GTGATGGCCATGGACGTG,4
GAGACTGGACTATGCTTG,4
GGGTAGAGTGTGTCGCCT,4
TACCCTGCGCACGTGACA,4
AGGGACAGAATGCGCCGA,4
TAATGCGGCTCAGCTCTC,4
AGGCACTTATTGGTCTGG,4
GAGGTGTAGCCTTGAAAG,4
ACGTGTCTGGACGTGTGA,4
AGGGTCGCACAACACTGG,4
AGGTAAGAGACGAAGTGG,4
CACTAGCGGCGGTCGTGC,4
GAACTATGCGTGTAGACT,4
GGCAGCTAACCACGCGTG,4
ACGGGGAAATTCCACCGT,4
GTGGGGGCTATACGCCGT,4
TGGCCGAGACTCGATGTT,4
GCACAGACGGCATGGCTG,4
GCAAACGGAGTGTACCAA,4
TGAGACTCCCGACTGTGA,4
AAGCCAGAAGACGAACGG,4
GGCGTAATTGCACCGGCT,4
GGACAGCCAGGTACCGTG,4
GTGTGACCGACGTTGTGA,4
TGGGAATGCGCCTGGGTA,4
AGGTGCGTGAAGATCTCG,4
ATGGCAAGGATCCTGTCG,4
ACGCGGAGTCTTGCCGAT,4
TTGGCCCATCCCGTTCTG,4
TCAGGTAGTAGCCAGTGA,4
TAGCTAGGGGTTACGAGT,4
GCAATCGGGTGCAGCGGT,4
GAGGAGCACGAGAACGAT,4
GTGAGTGTATGTGCGATT,4
TTCTGACCACTCAGCTCG,4
GGCCAGGGCGACGTAATT,4
ACCTATTGGGCTGCCGTT,4
ACTAGGGCCTAGCGGTTG,4
ACTCATTACAGCCGTATG,4
ACGATGCGGAGTGTCATA,4
GGAGGTACAGATTACGCG,4
GGCACGTAATGGACTGGT,4
GCGGTAGCAGACACTGTT,4
CAGGGGCCTGTCAGTATA,4
GGGGATCCTCTCAGATAG,4
AAGCGGCAAGACGTGCTA,4
ACGAGCCTGCACCGTGTA,4
GAGGATTAGAAGTGCGCG,4
TAACAGGTTACTGGCTAT,4
ATCGGGTATGGAGCATGT,4
AATGTCACCTGGTCGACG,4
GTTGTAGCAGAGCGGGCG,4
ACAGTCGGTCACGTGACA,4
TGCTCTGATCAACTGTCG,4
AGGGTCTACGCTGGACAT,4
AGCCGCCCTAGGTGGTCA,4
GATAGCAACGTGACCTCT,4
ACGTTCATCCGCCGTTGG,4
GAGGCATTGCTTATGGAT,4
GAGACCCTGGTGACTGTC,4
CTGCTCACGGGTCGCCGG,4
AGACTGTCTACGGCTGGA,4
GGGGCAACAGCAGTGCGA,4
GGCCGTATCTGATATGTG,4
ATGGACTTGCCCTTCCTC,4
GGACCATGTTACTCCGCT,4
CGGCATGGATCACGTGCT,4
GGGGCACAAGAACATAGT,4
AGCACTACTCAGACGCGT,4
GACCTCCATGTGCGTGTG,4
GCAGCGTGTGTGTAGGGA,4
AACCTCGTTAAGACGTGT,4
AAGCAGGATACGCCAATG,4
CACGGAGGTATGGATCGT,4
GTGGTTGGACCATCCTGG,4
CTACACGGGAAGAGCGGT,4
ATGTGGTTAGTTACGTCG,4
GTGAGGTATTGGATTTCA,4
GTGGGTGAAGGTGCTGCG,4
TGGAGCAGCCGGTATACG,4
ACGATCAGACGGTTTGCG,4
ATTGACGCGAGTCCTATG,4
ACCGGTCAGTAGTCGTCG,4
GCGGCAATCATGCGTATG,4
TGGCGCATCGTCCTTGGT,4
AGGGGTGAATGCTGGACG,4
AAGCAGGCGATGTCATAC,4
GGCAGACTGGAGGTATAG,4
GCACCGGGCAAGGGATAT,4
AGTGGTAGGTGCAATGCC,4
GTGGCTAGAGCGTGCATG,4
GAGGTAGGTACTCATATT,4
GTGGGACTGTCGCCGGAA,4
GAGGTGAGTGCCTGCAAA,4
GAGGTTAGGAAGACATCG,4
ATACGTAGTTCGAGCGCT,4
GTACAGCGTAGAAGGAGT,4
GCAGGGAACGAAAGCTCT,4
GAGGCACGAAGAGGACGG,4
TTCGGAAAGCGGTCGGCC,4
GCGACGTGGATGCTACTT,4
TGTGGCGTTTAGGCTGTG,4
GCAGGTGATGTCCGGCCG,4
GGGAATCGTTTGTGTTGA,4
GTGAGCTTGCTCAACGTG,4
GCTGGATATGCAGTGGAG,4
AACTCACTGACACGTGTA,4
ACGTAGGGATGCTCGGAT,4
GGCATGCTGCTCAGGACA,4
AGCAGTTGTGAATGTGCG,4
ACCGATAGCGTGGAGCGT,4
GCCTAGTCGGTATCAAGC,4
GCAAAGGTACCTGCCGTG,4
GCCGGGCACGATCCATGT,4
AGGGAGAGACGCGACGCG,4
GGCACACAGATTGTCCGT,4
ACACTGCAGTAATTTGTG,4
GAACGCGGCGAGAAAGCA,4
AGCCCATGCAGAGGACGG,4
TGCCAGAGGATGCTGACG,4
ACGGTAAGCATGAACGTG,4
AGGTACAGTTCAGGTTCG,4
ACCAGAGAGCACCGTGTA,4
CAGGCAAGGACGGTGATG,4
TGGAGTACAGAGCAAGCT,4
TAGTGTAGACGGCCGGTG,4
AGCAGTGAGAGCCATGGC,4
AAGCAGAGTGCGGTATAA,4
ATGAGCGTGTGCCGTCAG,4
TCGCGGAGAGAGACTGCG,4
CGAGGAGGAATACGCGTG,4
TGTCGGAGAATGAGACCG,4
GATCCACATGTGTCGTCG,4
GAGGAGGCAGCTGTCTAT,4
TGGGCGCACATATTCGTT,4
ACTAAACAGCACCGTATG,4
AGGGAGAGTTCATGCTGG,4
CCCCCCCACCACCACCCC,4
TAGGTGTGGATCCCGGCG,4
ACTTACGTGTCATGTTCG,4
AGGTAGTGACAAACTGCT,4
GTGGGCATCAACACTCTA,4
CTGGCAGACAGTGATTCT,4
ATGCCAGCGTGACGGTAG,4
ATACAATCCGTTACTGTG,4
GCGAAAGGCTGGCCTGGT,4
GTGGCATTGTAACTGGAT,4
GGCATCGACTAATAACTT,4
GGGTACAGCCATGATGCA,4
ACGCAGAAGTCATACGTG,4
AAGCAGAGCGGATTATCT,4
TGTGAGGGTAACTTGAGG,4
AAGCCGTTCATTCGCACG,4
AGGCCAGCTGCCATGTGA,4
ATGACGGTCGACATGGTA,4
ACGCCCGCTACTGGTACT,4
AGACCAAAAAGCCGGATG,4
AAGAAGGTAAGACGCTGT,4
GATCTTGCCTCTACTGGT,4
ATAGCATGAGGGCCACGT,4
GCTCGGCCACGGAGAGCT,4
GGCCTGCTTACTTATGTG,4
AAGGAGACCCGGCTGGCG,4
GTGGCAGTTTGGCGCATA,4
ACGCTGTCTCGTTGCGCT,4
GGTAAAGGGACGTCCTCT,4
GTCGCAAAGACAGAGGTG,4
TGTAGCCTGGGCTTAACA,4
AGGCAGATGGCGGACATA,4
GGGAGGTCCATGATGTAT,4
ATGAAGTGTGTTATATCG,4
AACCAGTACGCGGCAGTT,4
TAAGGGCATCAGCACATT,4
GGGGATTCACGTACGGCT,4
GAGTAGCTTGTGAACTGT,4
AGGAACAGGTCGACCGTG,4
GGGGCCTAAGAAGTGTCC,4
CTGAGTCAGACTGTGCGA,4
GGGCCGGGATCATGTGCT,4
GGTCCGGCCACAATGTCG,4
GGCCTAGGCTGCCTAGTG,4
TGGCGGCGAGCTCTCTAT,4
ACTCCGAATCCGCCATCT,4
ACATCAGGACCACGGCGG,4
TGGTAGGCACAATGTCGC,4
AGCAGAAGCGGATGGCAG,4
GAGGTAGCAGCTATATGC,4
AAGCAGGAGTACAGGTTA,4
AGCCGGAGTACAGTAGGA,4
AGGATGATCGGGAAGACT,4
ACAGCAGGAGTACTAGAG,4
GACACGGTGTATAGCCTG,4
ACTCGAGCTGAGTGATCG,4
GCAATGGTGGATTTCGCG,4
ATGTATGGGCGAGATGTG,4
AACAAATCGGTGGCGGAC,4
CACACGTATCAACTTCCG,4
GACACGCCCCATACGGTG,4
CAACAGTCGCAACGTATG,4
AGGGAATACGGAGAAGTG,4
ATGAGGAACATCACCGCT,4
GTGGACGAGTTCCGTACA,4
GTCGCCCACCCGATGCGT,4
TATGGCACAGTGTGTGGG,4
TCCGTCGACAAGTGTTGG,4
TGATAACGGGCCGTTCCT,4
ACGATGGCGGTACGTACA,4
AGGTGATGGCAATTCGAT,4
ACAAGCAAATGCGGTCGC,4
AACGATGCATACGATAAG,4
AACGCGGCATCCTCCTCT,4
ATACGGGTGCTAGGGATA,4
ATGCGGTTACCAGTTCAG,4
GGGCACTACGGGAATATG,4
GGAGGCACCGACAGCGTT,4
TCACCGAGACGAGGCTGT,4
GACGTGTTGTCATGCAGG,4
ACGGGGTGGACAACGATG,4
AAGCAGCAACGGCGATGT,4
TAGTGAGAGGTGACAGTG,4
AGGAGGTGAGCTTGGGTT,4
ATCGAACATGAGACGGCA,4
GCACAGCAGATGATGTCG,4
GCAAGCAGAGGAGGAGTG,4
GGGGAGCTAGCACACACA,4
AAGGGCGCTGGGAGTTGA,4
GTGGACAAAGACAGGCTT,4
AAGCCGAACGGCAATGTG,4
GAGGGAAGCGTCCCAAGG,4
TCACGGTGCTCACTCACG,4
CACCGCCTGACTGTTGTG,4
ACTTGGCGGAGCTGGGTG,4
GTACGGCACGTTGGGCAT,4
GCAACCGTAACGCATGTG,4
ATGGGTCATTAACAGGTG,4
AGGTGTGACCACACGATG,4
GCGGCGTAGGATCGATTG,4
CGGGGAGATCGCTCGACA,4
GGGCGGTAATATGTCTCT,4
AGGGAGAGACGCGTCCTC,4
AACGCTAGACGTACCGCT,4
ACACGGATGGTCACCGAT,4
ACAGCGATAGAGACGCGG,4
AGCGGACTTAGGCAGCGG,4
GCCTATCGAGAGGGTCAG,4
GAGACATCCAGTTGTGCT,4
GGTACACGCAGGACCGGT,4
GGACGTTCACTTCTTGGT,4
TAGGACATGATTCCTAGG,4
GTGACGAGACCCTGTGCA,4
AGGCAGGAGCAGGACGTG,4
AATAGATAAGGTGCAATT,4
AATATGCCGGACGTATTG,4
ACGGTACGCAGCACAGTG,4
AGGGCTAGAGGAGAGTCG,4
GATGGTCCAGAGTCGTTA,4
GAGCGGCTGAGCGGAAGG,4
ATGTACTCGGTAGCCATG,4
ACGGCATGACCAGCTGGA,4
GATCACTGACAGACTGAG,4
CGCTGAAGCCGTGGTGCA,4
ATGGGCACTCACCATGGA,4
GATGGGCCCAGCTTTTTG,4
TCGCTCGAGAGACGCTGA,4
AAGCGGTGAGTAGGTGCG,4
TGACTCGAGTACATACCG,4
GTGGTACAGTCTGCTCAT,4
ATAGGAGGTGCACTTCTT,4
AACGGAGGCTGTTCATCT,4
AGCGGGATCAGACCTGTT,4
CATGGGACGTGAGACCTG,4
GCTGGTAATGCGGTCGCG,4
AGGCAGTTGACGCGGTTG,4
AAGGAGTGTGGCTGCATA,4
AGTTGGCGGACGTAGCGA,4
GTAGCACCGTCAGGTGTG,4
GCGGTCCGAAACTCTTGG,4
GGCCAGTAGGTATCGGAG,4
CATGTAGCGGCTGCGGTG,4
TGGGCATGATTGTGCCGT,4
AGGAGCAGTGGGACCCCG,4
ATGCGAGTCAAGTGCTGT,4
ACGTCGTGTAATCCGCGG,4
AGCGCGACATGGAGGCTC,4
TAACGTCGACGTCATAGG,4
ATGGGATTCGATAGACCT,4
TGTTGCCACGGGTTGCTT,4
CAGGCATGGCAAGTGGCT,4
ACTCGCCATCGGCAGGTG,4
GGTATGACCTCCTTCCGG,4
ATACGGCGACAGGCATGT,4
ACAGCGAAAGACATGGCA,4
AACGGGTAAACCGGCGGA,4
TGTGCTCACCCTGGCGGT,4
TCAGGGTTGTATGGATGG,4
TCAGGGTGACGAGGTTTG,4
GTAGCTAAAACGATACGG,4
GGAGAGTGCAGACGTTGG,4
AACACTTTCGGCGCGTGC,4
GGGGCACACGGAACCTAA,4
GTGGGGCCTCTGACATCA,4
AGCGGGGATGTCGGCTAT,4
GCAACGGGCAGAGGTTAG,4
ATCGGGCTAGGCTAATGT,4
AAAGGTCAAGTACTGCTT,4
AGGACCACCCTAGTAGCT,4
AAGCGGCAAGCTTCGGAT,4
TGGCGGACACATCGAATG,4
AATGAGTACACGAGCGGG,4
TGGTGCCTAAGGAGCATG,4
AGGGGCAATCGCAAATCT,4
TTACGTATGTGTTGGAAG,4
ATGAGCAGGCTACCAGTG,4
CTAGACACGCTAGCGGCG,4
ATACGGGAGAAGCCCTGT,4
TGGCGTACCGATATTATG,4
ATGGGAGAATCAACCGGT,4
ATTCGTCGCAACGTCTGT,4
ATGACCTGAGACGAGGCG,4
AGCAGCCCGGACGACGTG,4
TAGTCCGGGTCTGCTTTA,4
ACAGTCAATGTACCTGTG,4
ACACGGTCACCAGCTCGT,4
AGAGCGGTAGAGGGACTG,4
GATGTGTCATCCGCATGC,4
GCAATGTAGCCCATGTAT,4
AGCACGAGTAAGACGTTA,4
ATGGCCGTAATGTACACT,4
ACATCGGTGGCACCTATA,4
AGCCTAGCCGGGAAGACA,4
TGCCGGTAGTAGTTCCAA,4
GGCATGGGACGACGACAT,4
GGGCACCACGAGAGAGAT,4
ACCGAAGTCCATTGGTGC,4
ATGGGCATACGACTCCTA,4
ACTGACCATGGAACGTTG,4
TCACGGATCTCACTGTAG,4
GGCGGACTCAATTGGTGT,4
GTATAGCGACATTCTGGT,4
ACAGGATACGAGTGCGCT,4
AGTGGGACTCGGCCAACT,4
AGGTGATTACCCGCTGTT,4
ACAAGTGTCTTCACTGTG,4
ACGGCCTAGACGTTGCTG,4
ATGTGGGATAACGATGTC,4
TGTACTGCCTCACCGGTG,4
ACGTTGTGTAGACGATGT,4
AGGCAGTAAGGGCTTGAT,4
GCAGGATACGGGAGCCGG,4
ATACGACAGAGGGACAGC,4
ACAGGGCCCCTGAGCAAT,4
GCGAGGCAATGAGGTGTT,4
GACGGCGGACATGGTGGA,4
AACGGCTGAGGAGGTGCC,4
ATGGTGCTACTCGCGTGT,4
ACATAGCAGTGATGTGCT,4
TATGGTGTCGACAGCTTC,4
CGGGCAGCAAACAGTGTA,4
ACATGATGTTGCACGCGG,4
GTGGCCTCTGATCCAACG,4
TGGGTGCTGACGTCGCTC,4
GAGGATCGGTGTCCAGAT,4
AGCAGGACGAGTTTAGCT,4
AATACGCTCCTCATTGGG,4
AGGTAGGTACGAGCTGCT,4
AGGTTGGGTAGCAACCGG,4
TGGCGGAAGTAGGGCACT,4
AGGCAGCGAACGGCGAGT,4
ATAACGGCGACGCTCCTA,4
TGGTCCCATGCTCTGCCA,4
GCTGGGGATGGAAGGCTC,4
ACTGCGAGGAAGACGCGT,4
ACATCAGGTCGTTTGTCA,4
AGCGGGATCAACTACCAT,4
CAAGTGGACAAGCAGATT,4
ACACGGCATACTTCCCCT,4
TGCTGCTTCATCGATGCT,4
AAGGCTGGTCAGTCTTGG,4
AGGTGGATACGACAGCGG,4
GGTATCCTGAGCGTGTCG,4
GTTGGCCCTCCGCGTGAA,4
ACGGCCTAAAGGACTGCG,4
CGGGCCCAAGCAGATCAT,4
CGGAGGGCTCGAAGGTGT,4
CAGTAGAGACTAGACGGT,4
ACAGTGAGCATAAGACGA,4
ACCACATATAGGAGCGTG,4
AACGTGCGAATCGGCCTT,4
GTCGAGAGGAGGAAAGGA,4
AATGGGATTGGCATCGCT,4
AGCGGCGAGAGAGATGCT,4
TTAACCGGGAATCTGGCG,4
GCAAGCAGACGACACTCT,4
ACTGGTTTAGACAATGCG,4
CCTACGGGTAGTCCTGTA,4
ACCGGATCCATCTGGTGC,4
ATTACGCATTCTAGTCTG,4
ATATGTGCCCATCCGCAT,4
ACAGCGGTTGCCCAGGTG,4
CGCATCGAGGGATGTCCA,4
GCAGTGCGCCATAACTTT,4
ACGGCTTGCCGGACGGTT,4
AGCAAGGACCGACGCGTT,4
TCGCAACGGACAACTGCT,4
GCGGTATCATGGCAAGCG,4
ATACTGAGCGCATCCTGG,4
CGGACGTTCGGACAGTGG,4
GGCGACCCTCATTGGATG,4
TCCCGCAGGGATATGGTA,4
AGGGGCAGGGTTGGTACA,4
CAGACTAGCAACGTTATG,4
GGGCACCCTATGCCGGAG,4
AAGCGGGAAACTAGTAAT,4
GGGTAACACTGCAGACGC,4
CATTAGCGCTTACGGTCG,4
AAGCAGAGATTACGGCCG,4
AGATCAGCACGAGACTGG,4
TGCATGGGGCTGATCACT,4
ACCGTTCGATCAGTGCTT,4
TTGATCGTGTGGTTTTCG,4
TTCATGGGCTTAGCCGTT,4
GCAGGACCTCTCACTGTG,4
GGGCTGAGAATGCTAGCG,4
AAGACTCCTCGTCGTGCG,4
GACGACAGATGGCGGCGG,4
GAAGGACGCGCGAGGTTA,4
AGGAGCAATGTTCGATGG,4
GGGGACGGTAGCGAGGCA,4
GTGGCGCCGAATGTCCAA,4
AAGAGTACAGTGCGCTCA,4
ACGTAGCGGGTGATGCAT,4
GAGGGTGCGTTGAAGGTA,4
ACGAGCTGGGCTTGGAGT,4
GTAGAGGTGACCGTTTGC,4
TCCTTATCCTCTCGTAGG,4
GGCATGCAAGTACCGGCT,4
AGTAGCAGACATGTTATT,4
GTGCGGCACCATCCAGTA,4
TCTGCAGCTTTCCATGGT,4
TGCGGAGATGCGGCGCGT,4
GATCAACAGGAACGCGCG,4
AGAGACGAGCGGCTAGCG,4
GCTGACTGTAGGTGGCTG,4
GCACACGATGGTCGTACT,4
TATGAACAAGGTGTGCGA,4
TATGGACTGGCGATAACG,4
TCGCATTCGACTCGCAGT,4
AACAATGCATGGGACGTG,4
ATAGCACCCATGTTGGCT,4
GACCGATAGACGTAAGCG,4
GAGGCGACGTTGGTGAAG,4
CGGGATCGACGTTGTAGT,4
AAGGGACACATTGCGGCG,4
ACACTCGACGGCTGGTAT,4
AGTGTTCGTGATAATGTA,4
CACTAACGGGTGGATACG,4
TCACCAGACTAACGAGTG,4
GGAGCAGGGCTGTGCGAT,4
ACTGGTCTCCGTATCCTT,4
AGGGACAAGGAGTGGCAG,4
GAGGTTCGGAACGATAGT,4
ATACAGTGATACCGTGCT,4
AGGGGAAATGCACCGTCG,4
AGGACGCGACGGGAGCAA,4
GGGCGGGCGACGAGATAT,4
TGGGGACCAAGCAGAACA,4
GAGACAATCCTCGTGTCT,4
TCGCGCGAGACCGGTGTT,4
TGGCGCAAAGGAGAAGGT,4
ACGGGAAGAGGAGACGTA,4
GGGCTACACGAGGCGCTT,4
AGAGCAAAGATGCATGTG,4
GACACAATGGCTCTTGCG,4
TGTGGCTAGAGGGTATGT,4
GGCAGTGACTTGTCCAAT,4
ATAGGTGTGCCTATAGAG,4
AGCGGCCCAGGGACAGCA,4
GGGAAGATTATGTGCACT,4
TCGGGACTCCAGCGTGAA,4
AACAAGCAGGAGGATAGG,4
ACCGGTCTGTCAGGTGTC,4
AGAACTGCAGTCGCGTCG,4
GCACGCCATACGATCGTC,4
ATGGCTGACTCGGTGCTC,4
GTGGATGACGTGACCCCT,4
ACAGGGTACTCGGTCTAA,4
GGCAGAAGAAGAGCAACG,4
GCAACGTGTGAAGACGAT,4
ACGGGTTAGGCAGCGACT,4
ATCCGTGGGAAGGAGTGC,4
GGGACCGCTCTATGGACA,4
ATAAGGAGCAGTCAGAGG,4
TATACAGGGTAAATGGTG,4
AGACTGTGAATTGACGTG,4
GAGGATTCAAGGTAAGTG,4
ATTACGGAGGCTACAAGT,4
TGCGGATAGGCAAGACTG,4
ACGGGACCGCTACACGCA,4
GGCATAAGTCCGCGCACT,4
ACGACAGGGTCTTGGGTT,4
GGCTATGTGGAAAGTGCA,4
ACGTGTAGAACTGTGCTT,4
GGGACGTCGAAGCTAGGG,4
AACACGGGAAGGTTGCAG,4
ACGCCACAAGATGGTGTG,4
CACGGTGCAGCTGTATAG,4
AGGGCTACCTGGCTCTCG,4
AGGCGTGTACGAGCAGAG,4
ATAGGTGTGTCCAGCGTA,4
CATGGCATAAGACCGGCT,4
ACAGCGCAAAGAGGTGTG,4
GTGACCGAGACTCCGTAG,4
AGGCCGATGAGTGCACAG,4
AAGGGCAATGTGCACTGA,4
AAGCGGGATAAGGCTGGC,4
TAGCGAGACCCAGTGGAT,4
GGGCAAAGCAGCTCTCCT,4
AGGCGGATTACGGCTGCA,4
AACGGACTTACCAGGTGG,4
ACACAGTGGATGCAGATG,4
TGGTGTTAGCTGTTACGG,4
ATCCATATGGTAGAGTAG,4
ATGGAACACATCCGATGC,4
GGGCGGGAGTCGTCATGT,4
TAAGGGCAGATACTCTTC,4
ACACAGCGTACTGCGTGG,4
GGGAACTCATTAGCGCGT,4
TTACCAGCGACGCGTACT,4
GGGGAACATGCGTACTTT,4
ACGCTGCTGGTAATGTTG,4
ATCGCAGTGATAGTCGGA,4
ACAGGATAGGACCTCGCG,4
TCGTGCGGATGAGCGTGA,4
ATTGGACAGCGACTGTCT,4
AGTAGTTGATGGTGCTCA,4
TGGGTGCTGGGGCATCAA,4
ATGGGCTATGATCCGGTG,4
CACCAATGGGAACGCTCG,4
GGCAGTCATACAGTGCTA,4
AGTGGGTCAACGCGCGGA,4
GGGTATACTAAGCACATG,4
AGCCAGGCACGTGTAGCT,4
GAACACGGAGAGTGCTTG,4
AGCGGTGGGCACACTGAT,4
AACAGTAGCCCAACTGTG,4
TGGTGACCGGTACCTCTG,4
GGGCCCACTTCGTCTACT,4
ATGGTAGTACTGTATTCA,4
CACGCAGAGGTTCGGTGT,4
AAGGGTAGGACCTTCGCG,4
GCAGAAGCGTTAGTGTTG,4
GAGCTGGTGTCACACGAT,4
AACTACGTGTGCTTATGG,4
CAGGGATATGTGCCGCTG,4
GAGGTGCATGCAACTTGG,4
AGTGGAACGTAGCGGCGA,4
GACAGTAGCTTTGGTAGT,4
GGGGGTTATCGTTTCAGG,4
GTGCAGGACGAGGTTCAA,4
ACAGTCCCTGACGATGCG,4
ACACCCGCTGTCAATGGA,4
ATGACCTCACTCCAATGG,4
GCAGGACGTGAGTTCGAG,4
ACAGGTGACAGGACGCAT,4
GGACTGACGATGGGCGCA,4
GCGGAAGGGGTACGGACG,4
ATTGCCACGTAGGGTTAT,4
GCATCGAGGCATCCGCGT,4
ACGCATTACGACGGGCGG,4
AGCACACGTGCGCTATCT,4
TACGACGCCTGCCCTCCG,4
TCTGACACCGTCGGGAAG,4
ATGTGGGCAGTCTAGCGT,4
GGCAATCCATTGCGCTCG,4
GGGTTAGACAGCAAGGCA,4
AAGCACGAGATGCCGACG,4
TGGTGTCCGACATGTCAT,4
CAGGAGGTGGCTGTGTTC,4
TGACCCTCCAAGGATGTG,4
GCCGCTAAGACCTCGAGT,4
AGGGCTCTTGCTCATCCA,4
GGGTACGAACCATCAGTG,4
AGGAGGCAGGTTCCAGCG,4
CACTCAAGCTTGTGTGCG,4
ATAAGTGAGAGGTCAGCG,4
CCCCCCCCCCACACCCCC,4
GGGGCCAGTGCTAAGTAT,4
AGGTGTCTGCAACGGCGA,4
ACAGTACGGATACATGTG,4
GTGAAGCTGAGCAGGTGT,4
GGGCACCAATGTTCAACT,4
ACACATTGCGAAGGGCGA,4
TCGGTGAATCCGTGCCCT,4
TCAGCCTATAGCGCTCTT,4
GGCCAGAACGGACGTAGG,4
AGGATCCGTACCGCAGTG,4
GGGCCTGCCGGGTCCTAT,4
GTGATCGAACATACTAGG,4
AATGCACACTCTTGTCTG,4
ACACATTGAGGAGCGGCT,4
ATGTGGACGCGGCCCCTG,4
TGCTCGTCTCTTTCGAGT,4
ATAGTGCACACGCTTGCG,4
GGATGGCTCAGATAATCA,4
ATGATTTATCATGGTTCA,4
TGAGGGAAGTGTCCAAGT,4
TCCTGGCAAGGCTCGGCG,4
GTACGCTGCATAATGTGC,4
ATGGGCAACAGCACACGG,4
ACGTGTTCTCGCATGTTG,4
ACGGGAGTTCCGCGCAAT,4
AATCTGACACATGTTCGG,4
CTGGATACCATGAGTGTG,4
ACAGGAGCCTGCGCTGGA,4
AAGGTGTCATACATGTAG,4
ATGTAGCCGATCCACCAT,4
TGGAGTAAAAGACACTTG,4
AGAAGAGTGGACGTGTCG,4
AGGCATACCGTACCAGCT,4
GAGATAGCGGTGTCCGGC,4
GGGAGGAGTCGCTGTCGT,4
TAAAGCGCACATGGCCGA,4
AATCGGCTGGCATTATGT,4
GGTGGACGAGTCAAAGTG,4
TATGAGCCCGGCAATTAT,4
GCAGCTGGGCGACTGATA,4
GCGAGGTACGCCGTAGCA,4
TGGCATACGGCAGCGACT,4
AAGCTGATCAAGGAGTGC,4
ATGCAGTGATGCGCGGAG,4
GGGCAACTTACGGGGTGT,4
GACCTCGAAGACGTGTTG,4
ATGGATGTATGCAAGGCG,4
CGGCCTACGAGCGTGGCA,4
GGCGTGGGTGGATTCGGT,4
TGGGCGGTCACAACTTGT,4
CGGCAATTCGTACGCGCT,4
TGGGCATCCTAAGCCGAT,4
ACCGGGGTAATGACGGCG,4
GCACTGGGTAACTTGTGC,4
GGTAGGGTATCGTATAAC,4
AACCAGGGATTGTGTTAA,4
CACGAATGGGGCCACCTA,4
GATGGCCATGTGAGTATG,4
GAGGTAGATGCTCATAAT,4
GGGCAGCAGATCGTGCAT,4
GAGCCAGGGATGAGATGG,4
GGGCATCATTACTCGGCT,4
ACCCGTTGTACTCTCCGA,4
AAACACCACGGGGCGTCT,4
ATGCAAGACACGGTGCTT,4
AAGCGGACTCGTCGGCAA,4
AAAGGAGGATAGGTGCGT,4
ACGGGCGCTGTCAGGCTA,4
TCGTGCCAGACCTGCACT,4
GTGAGCCGAGTAGAGGAG,4
GGGCAACTTACAATGACT,4
CGTGACACTCGACCTGAG,4
TCTACTATGGCTCGATAG,4
TACCGGACGCGTCACGTG,4
GCGGGAAGAGGTGACTGG,4
AGGTATGGCAGGATATAG,4
GGACGCTTGACATGTTGG,4
AACGGGAATGACGTTGCT,4
GAAGCGGCATGAGGCACT,4
GCGTATTCCCTACGTGCT,4
GGGGTAGGTCCCCAATAT,4
AATACGGAGCACAGTTGT,4
GGGATCAAACCAACGAGA,4
GGCAGAATCTATGGCGGG,4
AAGCAGATAAACAGCGGT,4
AGGGCCATGATGCATCTT,4
ATACCGCACAGTCGCCTG,4
ATCCTGACGTGTCTGATT,4
GGGAGCGACGATATGCGG,4
GGGGGTAAGCTTTTCCTG,4
AGGGCGTGAGACGCAAGG,4
GATATGCGGAGACTGTCG,4
GCAGGAGGCATGACTGCT,4
ACACACAGCCACTCCGCT,4
GGGCGTAGCAACTGATCG,4
TGCGGGAGCAGTGTGTAG,4
CGACGAGTGCCATTTTTG,4
TGGAGCAACGGCATCTGG,4
GGGATGGTCTCCGGACTG,4
AACCTGGTGAGCCACGCT,4
ATGACAGCGTGTGTGCCG,4
GCTGTAGAGTCAGGGCCT,4
ACAATACGCCTCGATGTG,4
AGCAGGAGATTGAGGCAG,4
AACATGGCGTTCTCGTAG,4
GAGCCATTCGTGCGACAG,4
GGGACATCTATGTGCTGG,4
AGGGCAGCCGAACATGTG,4
ATGGTAGACGGCGCGGTA,4
TGGATGCAGGGCAGTTGT,4
ACCGGCAGCATAGAGGTG,4
AGCACGCGGTGGAACTGT,4
AGGGCCCGTGCGCATCAT,4
GGTAACAGGCATGGGTCA,4
TGCACCGTAAGACGCGTT,4
GGAGGAGGTAATCAGGTA,4
AGCCAACATTCACGTGTG,4
TGTTCACAGGTCAATCTG,4
CTGGCCCGTTCGACTACG,4
ATAGACAACCCAGCCCTT,4
AAGGACGTGTTACGTTGT,4
GCGACGTGCCCATTGTGG,4
ACGGGACTCGAACCGTAT,4
GCAGCGGATCACTCGTTC,4
ACACGGGCAGCGGAGTGT,4
AACCCCTGCCGTGTGCAT,4
GGAGGTAACGTACGGTGC,4
GGGTACAAAGCGTGTCAA,4
AGCTGGGGCAAACAAGGG,4
GGGTGATCGACTATACTG,4
GTAGAGCGTCTAATTCTG,4
GTGGAAGTCAGCTTTCGG,4
ATTAGGGAATCGGCGTAT,4
GGTGTCAAGGAAACGGTT,4
AGGAGGTGTGAGCTAGCG,4
ATGGGACGGTGCCATCTC,4
ATGGCTTACGGTACCGAT,4
GCACGACCCTACTGCGCT,4
CAGGACTCCACGCATGTG,4
ATTGGATGTTGGCATGGG,4
GTCAAGTGCGGTCAAGTG,4
GGGGTGACGAACTGGTTA,4
ATACTGGTGCTAGCGCCG,4
TAGGCGGAGAGGGGTGTC,4
AGCGGGATTCATTCAGGA,4
AGACGGGACTGTCTGTCG,4
GACGGATGAGACAGTGTG,4
TACCGGATCATGCGGATG,4
GCATGGGTCATCTGTTAT,4
AAGGATGTTCCGACTTGG,4
ATAGGGTACCAGCACTCT,4
ACTCGCGGGAGACTCATT,4
TGGTGACGGGGCAGAGGT,4
GTGTGAGCGAAACGTGTT,4
GGCACAGTGACGCAGTGT,4
ACATGGCGGTATGGGGCG,4
TCGGTTACGTTGGGTCTA,4
ATGGTGTCCGATCCAATT,4
TGGAAGCGACTATGGTGA,4
AACGGGTATACAGCACTT,4
GGGAACTGTGTGAGAGCG,4
ACGAGGAATGACATCGGG,4
AAGCAGAGTCCGCTGATG,4
AGGGCATTCAGTGCGGTA,4
GGAGGACATCCTAAACGG,4
TGGAGCGGGCAACATGTC,4
GCAGTGCTATGTGGCTCT,4
GCAACATGGCCTGATGTG,4
GGCAAACATATCGGACGA,4
GGTACGTACAGCGGTGCT,4
GTGACCCATACCGTATGG,4
TCGTCGACTGGAGTGCTG,4
AGGCGGTATCAGCTATCG,4
GGGCGTGGATCCCTGAGG,4
GGGAGGATTGCAGGCTGT,4
AGCGGGAAACCGAGTACG,4
GGCACTGGAACATTGTGG,4
ACAGCAGTGGTGTCATTA,4
ACGACGCACAACTTTGTA,4
GCTATCGCAACTCCGGTG,4
AGCCGACTTCCGAGGTGA,4
ACGGAATACGTACAGGGA,4
AGGTGCAGTCAGTCATGG,4
ACATTCTAGGTGTAGGCT,4
TAGCAGTCCATGAATGTG,4
TTATGGCTAAAGTAGGAG,4
AGGACGATAGCGCCATCG,4
GTAGCCATACGTGTGTGG,4
AGACGGCTATGAGGGCTG,4
ACGGCAGGTGACTGAGTG,4
ACCGGACTAGTTGCGGTG,4
ACCGGTTCCGGTGGGTAA,4
GACAACACGTTGTGCGCT,4
GGTAGGCCACCAGTGAAG,4
GCTGGGCAAATAGTCGGG,4
TTACACGACGTGACTACT,4
GAGCCAATAGGTCCAAGG,4
AGCAGAGGGTGAGTCGAC,4
ACAGGAACCAGGGCAGAT,4
CATGTGCCAAGTACGGAG,4
TGTGGGGTTCGACCTCTG,4
GGGGCCGACATCGACATT,4
ACGGACAAGCGACGGTGG,4
TTACGGCAGGAGATTGTG,4
AGGATCAGTGTTGTAGCG,4
GACACAAGGGCGAAGGAG,4
TATGGTGTGCAGGTCGCC,4
TCGACGTAATTCTTCCGA,4
AGGCAGGTTTTGGGCCAA,4
CAGGTATACTCAAGTGCT,4
GGGGAGGTAAGGTGCGCC,4
ACAGGGTATAGCAGACCG,4
TAGATGCCGCCGACTGTT,4
AGCGATTCAACGTGCAGG,4
ATACACCGTTATACCGTG,4
TCCATAACCAGATATGTG,4
AGCGTCCGCTGCACTGCT,4
ACCGCAATTGTGCTTCTT,4
TGTAGCCGATCCGAGGTT,4
TGGGCCAGCTGATCATAT,4
GGCAACACGGGAATTTGG,4
GGCACGAGCACTTCAGTT,4
AGCTACCATTCTCTTCCT,4
GAGGGAAAGACTGGACCT,4
AGTGGTGACAAACAATGT,4
TTGAGACAATATGATGCG,4
ACGTACTAGCTCTGGTGC,4
GCTACGAAAGGCGGGAGT,4
ACTAGCAGGACGCAGACG,4
ATTAGCGGTACCGGTCGA,4
GCGGGAACCAGACGTGTC,4
AGCGGACCTGTGTAGCGA,4
TAGGGGAGAGCCCAATTG,4
ACACTTCAACACACGGAG,4
TGAAGACGCTCGAGCCCA,4
ACCGGGGCCAACGCTGAA,4
ATGTAGTGTATGCCCGGT,4
TCGTGGTAGACCGCGGGC,4
GATCCGGCAAAGTACGGA,4
ACGGTACGCTGTTCAGTG,4
AGTGGCATGGCGCAGATT,4
GAACAGAATATGCTTGCG,4
ATTGACAAGTGCCTGGCG,4
GGCCACCGATATTGGTCC,4
AAGGGACTGCTGGAATAG,4
GCTGGGAGATTGACGCAT,4
GCTGTGCGGAAGTCGATG,4
AGGTGCCAAGTGATGGTG,4
GGGAAGTATTCAAGAACA,4
ATGCGCCATGCGAAGGTG,4
GGGATGCGTCGAACCGGG,4
GCCGGGGAATGTTACGCC,4
ACGGAGCTGGCAGTGATT,4
ACAGCCGAGTGCGACATG,4
ACGTCCGACGTGAGATGT,4
GGAGCACAATCTTGTAGG,4
GTGATTCTAGAGTTGGTT,4
GTACAGTTCAGAGTCTCG,4
GTAGGGACTGGTGCCTGA,4
GGCAGTTGATCGGCTGTA,4
AGTTCCGTTGCGCCCGTG,4
ACGAACGGAAGACTGTGC,4
ATGGTAACGTACACCGGG,4
GCCGTGAATTCGTTAACG,4
GGGCCAAGACTGACGAGT,4
AATAGCGTGTCCTCCTCT,4
TGTGAGCCAGATATACTG,4
GGTAGATAGCACGGCGCG,4
ACATTGCGTCAGCCGGTG,4
GGCTGGTCAAGTATGTGC,4
ACATGTAGTGCGGATCTG,4
GCAGCGAGAACATGTGCG,4
GGACCCGCATCACTGTGT,4
CGTGATCATGACGCGTGC,4
CGGCGGAGGACGTCATTA,4
TACGACAGCAGTCATGTG,4
GGCGACAAAGAGTTCATA,4
ACGCGAACAATAACGGCT,4
GCAGGGCCTCACCACGGT,4
GGCCGAAGTTGGGTTAAT,4
ACGCATTCCGATTGTGTA,4
ACGCGTGTCCACACAGGT,4
AGCGGATGCAGGCTGTGA,4
GCATGCGAAGAGGGAGCG,4
ACTGTGAGTAACCTCGGG,4
AAGCTGAACGACGGGTAT,4
GAGGAGGTGAGGAGTTGG,4
AAGGCGGTGAGACGTAAG,4
TGTTCAGACAAACCGAGT,4
AGCAGAGGTAGCGCGGTG,4
GCGGTGTGAGGTGATGAG,4
ATGGGAGTACACGCGCCT,4
ACAGGACGAGTTGGGTAG,4
CACGGTGCACCACTATGG,4
ACGATGGACCAACGGCAG,4
AGGAACCGGACGAGGTAG,4
CATGGTAGCATGGCGGAG,4
ACTTAGGATACGACGCAG,4
GACGGCTAGGCGTGCTAT,4
ACGGCCCCTTGCTGTGTG,4
GAGGGATCGCATGTTACA,4
GGGATAACCTACCGCTGG,4
AAACCAGGGTATTCGGAG,4
GCGCCGGAATGACCAGTG,4
TCACAGAGGGCATAGGCA,4
GGGTTCAGCATAATCTCT,4
ACATACAGTCAGCACGCT,4
AGGTTAACATCCAGGGAG,4
AAGCGACCTGTCGCTCGG,4
GACCGGAGTTCAACACGA,4
GACGGCACGAGACTGTAG,4
GGGCATGGCAGGTCAGAG,4
GAGGGTACAGTCGGATGT,4
GCTAGTTCCCGTCACTCT,4
TGGTGGTCATCGCTTTTG,4
ACGCACCGACGCTGTCAG,4
GACGGATGAGTTTCGGCG,4
ACGTGTAGTGAGTAGGCA,4
CGGGTACGTGCACCTACG,4
ATCGGCGTAGGTGATGCT,4
AAAGCTCAACGTGTCCGG,4
AGGACTACCAGACCTGTA,4
AGGGCTCTCCGCTGTTGG,4
GGGTCTAGGTTTATTGTG,4
ACCGGGCGTCAGCAAGTA,4
ACCGCAGTATGTTCGGCG,4
AGGCGTGTGTGAAGACTG,4
GACGGCAATAGTGTTGTG,4
GTTGGGGATTAGCGCTTT,4
GCTGGACTGTACCAAATG,4
AGCAGAAGGATGGGTGCG,4
ACACCCCTAAGCTGTGTG,4
GCCTGCATCTCTAGGTGG,4
ACCCCAGGGTGCCTACGT,4
ATGGCCGTGTCACCGTTG,4
ACACCCTTCAAGCCACGT,4
AGACGCTGTGATACTTGT,4
GGCCCAGCGAAAGGTGTA,4
GCTACCAAGGACCTGTTG,4
GGCCAGAGACTTCGGTTG,4
AAGGCGTTAAGAGACTGA,4
CGACGTGAGAGCAGGGTG,4
ACCGTGGGAGTACTCCTG,4
TTCGGCTTGCTCGTTCCT,4
GCGGCCAAAATGGTCAAG,4
TACCTGACTGAGTTTGTG,4
AGGGCTCCGGTAGACTCT,4
GCTGGCCATAACTGGATG,4
GGTATTGGACGTGCCGGG,4
ACGGGAGGTACTTCATTC,4
GTGGATACGACCCGTGCC,4
GCCAAGCAGGATCCGGTG,4
ACAGCTTCGTGGGGTAGT,4
TGACAAAGGAGTGTGGCG,4
ACACAGGTACCGTATGTG,4
GTGTAGAATTCATTGGCT,4
AAGCTAAGGCTGGCCATG,4
GCGGTCACGCTTTCTACA,4
AGCACAACAAACGGTGCG,4
GTGTTCACGTCCATACGG,4
TGACACCGGCACACGTGG,4
AACCGGGTTGTCCTAGTG,4
GGGAGACACCTTCCTCGT,4
ACTCCGGTGCTAACCGAT,4
GACGTATCGCTCTCGGTG,4
ACGGTGGTACAAAACTCA,4
ACGGATGGACATCAGTGA,4
GCGGGCAGCTGGGGACTC,4
GGCAGGGACGTGGACAAG,4
TGCTGTGGGGTTCAACGA,4
GCATGAGCGCCACGTCCG,4
GCACCGTCCAGACCGATG,4
ACGAGGGTAAGCGCTCTG,4
ACTCGCGTTAGCCTAAGG,4
GACCATGGGACTCTGCTG,4
AACATCAGTTGGAGAGTG,4
ATGGCGACGTGAATCGAT,4
ACGGATGAAGTCACGTTG,4
GACCGGAATGATGTTCAG,4
AGACGTAGGACTCGGTTG,4
AGGCATCGTAAGGTGTTG,4
GGAGGTGAGTGATCCGTT,4
GTACGTATCGACGGCGCA,4
AGGGTCACTCCTAACCAT,4
TCGTGGACACTCGCGTCT,4
TGGTGAAGCATGACGAGT,4
GTGCGTATTCGCGGTGCT,4
ATGGGGAGACCTTCTACG,4
CGAACGGGATGATAGAAA,4
TGCGGCAGGAGGCTGATG,4
AGGGTAGCACATCTCCCG,4
ACGGGTTAGAATTCACGT,4
GTCAATTATCGGGCTCAT,4
TACGTAGCGCATACTGTG,4
ACAGGCTGAGGACATGTG,4
ACGGCATGCCCGACGTTA,4
GCTACGGTAATGGTGAGT,4
TGGTGGCAAACGATCAAG,4
TATGCGGTGTTCATCGTT,4
AATCGGGATGTTAAGTGG,4
AGGCGTCTGTCCCAGGTG,4
AACGAGTGCACGGTTACA,4
AGGTACAAGACGAGGGCG,4
TCAGGACCCCAGCGTGTC,4
ACGCAGGGACAGGCATTC,4
TAACGCGCTCCCGTAGGT,4
ACAGCAGGAATGTGTGCT,4
CGCGGGGCACGACGTATT,4
ACGGGCAGACAGACCGGA,4
AATGCACGGACTAGGTGT,4
GTGGGACAGACGTTATCC,4
TTAGGTGTGGCCAGACTG,4
CTGACGCGTGTCTCCTTG,4
TACAATGTGGGCTTTGCT,4
AGGGACGCGTAGAGGTAG,4
ATGCAGGATGTCGGCGCA,4
AAAGGGCTGTACATTGCT,4
AGCTAGCGACGCGGGCAG,4
GCCGTGGGTATTCGGGAG,4
TAAGGGTTCGAGCCAAGG,4
ATGGACATGTGCAGACGC,4
ATGGGAGTAGGTCAAGCC,4
TGGGACGGGACAATATCG,4
CAGGATGCGGAGATGGAG,4
GGGCTAATCTACCCTGTG,4
ACAGGCGGTGGAGAATTG,4
AAGCACAAGGTACGTGTG,4
CGGCGTACATCCGTATGA,4
GCTCAACTTTTAGGTGTG,4
ATGGACGGATTGGGCCTA,4
GAGCGGATTCAGGTGGAA,4
ACGAACAGTGTTGAGGCT,4
ACAGCTTGCAAGATTGTG,4
AGCCCCTGGTGGACAAGG,4
GCATGAGCATTGCGGGCT,4
GCACGTGATACTGGAATA,4
AGGAGCTACACGAATGGG,4
AACGGCATAGATCAGTGT,4
GGGAGGCGGCACGTTGTA,4
CGTGGGAATGGGACGCGC,4
AGCAAGCATAAGACGCTG,4
ACGAGGCTGGTCAGATGG,4
AACATCATGTGGGATCGT,4
CGCGGTGGCAGGTTTAGC,4
AACTTCGAGCGGTAAGGA,4
GAGCGGGTATTGCCATCG,4
GTCGTTTGGGAAGCTTAC,4
AACGGCTTAGACCAGTGG,4
GATGATGAGATGTGGCCT,4
ACATGTGAAGACTGGTTG,4
CAAGGGCGCTTTAACCAT,4
GCAAGTGGAAACGCTACG,4
TAGTGCGTCCTCATGCAG,4
TGGTGTGCCACATCCGTG,4
ACCGATACACTGCCGGTG,4
GCTAGGGTGACTATTCGT,4
TCAGTGACAATGGGACCG,4
TACGGCAGGATCTACACG,4
ACGTGTTGTTAGGGCTGA,4
ATGGTGTGAGTACAGCAT,4
GTGGACGAGTCGTGTTCC,4
GGTGCACGGAGTTCGTCA,4
AGGTCTAGGCACTCGGCG,4
TCAATGGGTCAGCACCGT,4
AAGTCATGACTCATTGTG,4
GGGGACCGCCTTGGTACA,4
GTAGAGGTACTATCTGTG,4
ACGCCATACGAACCGCCT,4
GACGTCATACATGCGTTG,4
CAAGACGACATACGTTCA,4
TATGGCACGACGCGGAGT,4
CACGGTGGAAGGCGAAGT,4
GCGGATAATCAGGAGGCT,4
ACGGCTGGACTACTTGTG,4
GGTAGAGGCGCGAACGTA,4
AGGATGCCCGTTATCGCT,4
AACAGTCAAGCCGGACGG,4
GGGGCTCGTATGCCTATG,4
GAGGCAAGACGTCCGGTG,4
CGGGGCCAGTCGGATGAT,4
ACGGTAGGATGTGTTCGT,4
AGGATAGTCGTCGCCCCT,4
GAGGGACGTTAGACTCTG,4
CGGGTATAGATGACGCGG,4
TCGTGTCTCGATTAGGTT,4
GACCTATAGCGCGCGTTG,4
ACGGTGTAAGCGACGATG,4
GGCACAGAGGAGACGTAG,4
TACGGCCTGTTACTGTGT,4
ACGTGCAAGCAGAAGTGC,4
AGCGGCCCGAGCTGTGAG,4
ATGACGCTGTACTCCCCT,4
ATGGGGAACCCCTTCTCT,4
GAGGAGGCACCGAGGGCA,4
GGGGACAGGACCATCGAC,4
AGGTGAGGCACAGTCTGT,4
TGGTGTTCACACAATGCT,4
GTGGAGGATGGACCCGAG,4
CATAGGCAGACGTGTTCC,4
TCTGTGATCGTTCACTGA,4
TAGCAGCCTTCAACGGTG,4
GGCAGCAAAGATGCAGTG,4
GCAGCGCGGTATTCTGAA,4
AGAGGACGTATAGGGCAG,4
ACGGATCGGACTGGGTCG,4
TTGGCAGGATGGCCATTG,4
TGTGGGACTCATGCAGTG,4
GCAGGCAACGTTCCTGGT,4
AACACGGCAACAGTGTGA,4
ACGGTGCTACACCTCATG,4
GGTCCGAGTGTGAGTAGT,4
ATTGCTACTCTTCCGATA,4
AACATACTGGCAGTGCTC,4
ACACCAGGTGGAGTACCG,4
GTTACTAGAGGTGACGTA,4
AGGTAAGCGGTCTTTGCG,4
TGCCGAGGAATCCCATGG,4
ATCCGGAGGCACGGGAGT,4
TTACCGGTGTGTAATTCG,4
AGGATCTGGACGAGGCGA,4
GGGCCTTGTAACATGATG,4
AGTAGCGGCGGCATCAAC,4
GGAGTATGGGTAGGTAGG,4
AGGGTTCCAATCTGCTCG,4
CAGGGAGTGCACTGTTAT,4
ACACAAACGCACGTGATG,4
GATACGTTCAGATTTGTG,4
TCAGGTCATCCATGAGTG,4
GTAGTAAGAACTGGAGTT,4
ATCGGACACCAGAGTGTG,4
AGCCGAAGTTAGACGCTG,4
AAGTAGAGTGCTCGTATG,4
GCGGGCAGCCTGGATAAT,4
GATTCTATCGGTGACGAT,4
ACTTTGAGCGGTGGTTAG,4
GTGGTAGACCAGCGCGAT,4
GACCGGGCAGTCTACTCG,4
ACACTCGTTGATGGGATA,4
CTGTAGCCGGTTGCCTCG,4
ACACTGATTGTCCAGGTG,4
GCTACGCATGTGGACTCA,4
GCGGGATATGACGCTGAA,4
CGGGGCGCACCGTACTAA,4
GGGTAAGCGATATCGGAG,4
CAGTGGTGTGAAGGTGCG,4
AGCAGCGGGAATGGGCGT,4
ACGGCAGAGATAGTGTGC,4
ATGGCAGTGACGTAGGAT,4
ATGGGTCGAGAGAAGGTG,4
TAGGTCTCGTCTAATGGA,4
GCCGGGCGCAGTGTATGG,4
GGGACCTTGGTATGATGA,4
GGTGGGACACAGACTATT,4
ACCTCACGAGGGGTAGGC,4
AGCCGTGCGAAGGATGTG,4
AGGCGTTCAACAATCATG,4
ACCTTGGGGAGAACGGTC,4
GCAGTCAGGATATCGGAT,4
GTAGGCGGCCTGACACTA,4
GAGGATACTCTGAAGGCT,4
AGCACGATCAGTGCGGTG,4
CATGTGTGGGTCGATGTT,4
ATGGGCCTTGAATATGCT,4
GCTGGGATTGACTGAGCG,4
ACGGAAACTCACGGCAGG,4
GGGGAAACTGACGCATCG,4
GGGAGATGGGTGAGGCCG,4
AGAGTTCATGTAGCCGTC,4
GGGTACACTTTAAGCACG,4
ATAGGGCTGACACCGTTA,4
TACGGGACACACGCTGTA,4
ACAGACGTGTTCATGTGC,4
GAGGCGACAATGAATGGA,4
CAATACTCGTACCGTGTG,4
TCCACGGTGTAATAGGTG,4
GATCAGAGGTGTGCGGAG,4
TGAAGGCGCCCGTTTTGT,4
GCGATCCGGAGTGGCGAT,4
CGCTCAAAACGGACATGT,4
ATGAGCTATCCAGATGGT,4
GGTACGGGTTCAACGGCG,4
GCAGGAAATGGAGTCGCG,4
ACGGGGACAGCACGTGAA,4
AGGCCTGGAAACTGGGCG,4
GGGGCTATAACATCGGTT,4
ACAACGCATACGATAAGA,4
TTACCGGAACAGTGATGG,4
TGGACAGGTACTGTTGCT,4
AACCAGGACAGCATCGAG,4
ATGACCGTGGACTGCGCA,4
GCGATTGTCCATGAAGTG,4
TCGTGGGAAGTACGATCG,4
AAGGGTAGCGCCAATATG,4
GTAGCGAGGTGTTCAGAG,4
GGGGCACCTATGTAACGT,4
CTATGGGTTCGACCGGTG,4
AACGGGCCAACAATGACA,4
TAGTATGGGTACGCGGCA,4
AACACAGGGCGTTGCTCT,4
ATGGCGGTATATCCTGTG,4
ACGGCACACTTCACCGGA,4
TAGCGGGAGACTGAGGGG,4
GCAGTCAGTGGACCAGTT,4
ATGTCCGGTGCCAGTGCT,4
GGCATGTCGTGGCCACCT,4
AGGCGAAGGGTGTGCCGG,4
CTGCGAATGAGAGCGGTG,4
ATGCACAGGTCTAGTGGT,4
ACAGCCCCATATTCCGCT,4
AAGGGACAATCTGCTGTG,4
ATGACGTTCGGGCATGCT,4
TCTAGCGACGCATGCGAT,4
AGGCCGTTCGATAGCGTG,4
ATGACCTATAGGATGTGC,4
ACTTGCGATCATGGTGCT,4
CAAGCGGATGACGGCAGA,4
AGGGATTGTAACGGCGCG,4
GCACTGACCCAGTGTGGG,4
AGGCGCATTGTGAACGTG,4
CGTGGTAAACGGATGCGT,4
AGGGCCAGAACGGTCCGA,4
ATTGATGCGTGACTGTTG,4
ACACCACACTACCTTCCT,4
ACGAGAATTGACGCGAGT,4
ACGGGGTCATCCGAGTGC,4
CGTGCCGTGAGACATGTT,4
GACGTGAGACCGACGGCG,4
ATACGGGACAAGCGTGTA,4
AACAAGGGTATTCGTTAG,4
AACACGTCCTGGGTTGGT,4
TGCTGGTTGGAGGAGCCT,4
GAACACTGTAACGTGCTG,4
ATCGGACGAGAGCAGCTG,4
TGGCAATCAAGCGCGGTG,4
GGAACTGGAAAGCCGTGC,4
AAGGACAGTACGTCAGTG,4
GCAGTTGCTGCGGACTCG,4
ACGAGATAGGCACGACTT,4
GGCACGAGATCTCTGCGT,4
TACAGATCGGTGTTAGCG,4
ATGATATGCATTGCGTTG,4
ATGCCGCCTACCGAGGAG,4
GGGACAGAGCACGGACCT,4
ACGAGGGCCGAGGCACGT,4
AAGCCGAGAGACGTTTGC,4
GGGGGAACTAACTTGTAT,4
GCGTGGAAAAGCCCCGAT,4
GGGCAGATACACTCATAT,4
GGTCGACAGTCATTAAGA,4
GGGCGAGAAGTGACTGGT,4
GGGGTGAAGACGGGTTGC,4
CGTGAGCAAGCAGACGCG,4
TTGACCAGGGCCCGCTAA,4
AAGGGCGTTAGGCGGCGA,4
ACACGGCATAAGTCTTCG,4
GCGCCCTGGAAGATGGTT,4
ATGGGTAGCCAAACCCCG,4
ATGAGGTGATGTATCTAG,4
GACCCGGAGGCGACGTCA,4
GGACCAATGTGTGTGCAC,4
GATGGAGTAGTGTGTGAA,4
GTACCGGGTAAGCCAAGT,4
TGCCGCACTCATCGGTGT,4
GCACACGGGTTCTGGCCG,4
AGTCATTATGAAGCCGCT,4
ATGCCACCTCGTATTGGT,4
GTGGTGCAACCTAACAGT,4
GGTGCCCAGATCTTATCG,4
AACACATAGCTGCGGAGG,4
AAGAGGCATGGTGTAGCA,4
ATGCTGAGACGTTCGGCG,4
AGCGGGAACAACTGTCGA,4
AAGGTCTGTGGACATGTA,4
ATACGCACACGATCCGAT,4
GGTGCGCAGGAGAGGATA,4
CGTGTGGCATCTCCTGTT,4
GGAAGAGAGGGAAGTAGT,4
GGGAGGGGAACGCCCAAG,4
GCTCTTGGAACCGTAGTA,4
GATGGCTGTCATTTGGGT,4
GTGTGCGGACCTAAACGG,4
CGAAGGGCAGGTAGAACT,4
AGGAGGTACATGGTAATG,4
TAGCTCCGACCTTGATCG,4
GTGGGATAGGGGGCCCAT,4
AAGGGAATGGCAGTGGCG,4
GTAGTGCGGTGACGTACT,4
AGGGGCTCATAGACGACA,4
GGCTTGAGGGTGGCATGA,4
ATGCGGCTTTGGGAAACT,4
TGCATCATGGACGGCTAG,4
TTAGCTGTAACATCGTGC,4
GAGGTGCACCCAATAGCG,4
GATACAACTGTACTCGCG,4
GGCATTACTGCCAAGTCG,4
AAGGTCGATGTGATGCAG,4
AGGCTGAAGAAAGGGTGT,4
AGGCACCGTATTGCCGAT,4
ACGAGGATATTAGGGCAA,4
GGGGCCTTACAGACATAC,4
AATAGCCGACCTGGTGCT,4
GTGGCCAGTAATCGTGCA,4
GGGCACTGGGGACACATA,4
TCGCGGGAATAACGGGCT,4
CTTGACAACTAGTATGCT,4
GGCGGTATGCAGGTGTTA,4
AGGAGGCGATAGAGATGT,4
TTCAGTACGCGTGATCGT,4
ATGGGTAACACATCTCCG,4
TCCACGGCGATAGTGTTC,4
AATATTGCACCGTCCGAT,4
ACGGGCCAAAAGTAGTGC,4
TGCGGAGTGGAGAAGCAC,4
AGGCGGATGAGCATGGCG,4
GCATACGAGGCATGACTA,4
TCGAGTTGGAGTGGATAT,4
GAGGTCTCACTGGGGATA,4
GCTCCGTGAATCGGACCT,4
ACAGATCCAGCCTGCTCT,4
AGAGTGGAAATACGTGCG,4
ATGGTAGGCTATTGGATA,4
AACCCTAGGCCGCACGTA,4
TTCCCACGCCAATCATGA,4
ATGGGATACAACGTTCTG,4
GCTCGAGTACTGCGTGAT,4
ACTGGAGCAGCGGACAGG,4
GGGGATGAACTACGTGCT,4
ACACGAACTAGTCAGTGG,4
GGCGGTATGCGCTAAGAT,4
ACTGGCACAAATTCCGCT,4
ACCGGTGCATGATGTGGC,4
ATCCCAGGAAAAGTGGTG,4
ACGTAGGCCCGCGGGTCG,4
AAATGACTCGCTGTGCGG,4
CAGTGTGGAAAGTAGTGT,4
GTGCAAGCGGTGTGTCTG,4
AGCGTAGGGAGACTCGGC,4
CGACGGAGGCAGACACAT,4
AACGCAGACACGTGAATG,4
ACTGGCTATCTGCTGGTG,4
GCACGAGGTAAGCATGCG,4
AACGGCACGTCGGCTGTA,4
AGGCTAGACGTAAACTGA,4
AGTGGCACTAGATGATGA,4
GGGTAGGCGCAGTGGATG,4
AGGTGGTTCCAGTCGACT,4
ATGGTCGATACCAGCATG,4
AGGAGAGACAGTACAAGT,4
ATAAGGTCTGTGCCAACG,4
AGCAGGAGGTGTTTGATG,4
ATGCACAGACGGATGCCA,4
ACTAGCGGTACGGCTTGG,4
AAAGGTCAGAGGTCGCGG,4
AAGGCCGTTATCATTTCG,4
CTGGGCATGTCGGCTGTA,4
ACCGACCTAAATCCTGGA,4
AAGCAGGACTTTAGGCAG,4
ACGAGTGATCTTAGGGTG,4
TAGCTAAGCCGTCGCTCG,4
TGAGGCGTCGGGTATGGG,4
ACAGCCTTGGTGCCTACG,4
ATGCCGCGTGCAGACATG,4
GGTGGCAAGGAGACGGTC,4
TCGCAGGGAGCAGACTGG,4
TGGTTACGTGTCGTGAGG,4
GCAGGGTGACGCCTGAAG,4
GAATGGGCTGATCTTCCG,4
GGGCAAGCGGTCTTGTTA,4
GGGAATGCCAGGGGAGAG,4
ACGGCATACTACTACTGG,4
ATACATTCACGTCGTCAG,4
AGGTCATCACGGACTGCT,4
ATGGCAACGATCCTATGT,4
CACAAGGTGGTTCTGAGC,4
ACGGAACACAATGACGTG,4
TGGACAACGTGGAGTGCG,4
CTGCCAAGACACCATGTG,4
ATGTCACAAGACGTGGAG,4
AGTGCAGCTACCATAGGT,4
TCGCAGTGGGTTACAGCG,4
AGGGCAGGTCGGATGCGT,4
GAGGCGAAGACGGAATGA,4
GTGGCGATATAGAGGCGA,4
TACGACGTTACGCGGCGG,4
GCCGACACATAATGGAGG,4
GGACATTCTCGTCATGGA,4
ATGCGGCGCCGTGCCCTT,4
AGCATTGCGCTCGACGTG,4
AGCCAGCTAAATGGACCT,4
GTGGTAGGAGAACAACCA,4
GGAGGGCTGGAGATGTCG,4
GGATCATGACATGTCGCT,4
GGCTGTACCATCAATGCT,4
GGAGGGTCTTAGCGCGAG,4
GGCAACAGTCGAAGCGGT,4
ATCGTGGGATGACTCCTG,4
AACAGTTAGGAGTGCCTT,4
AGGACCAGCCGATGTGTG,4
GCAACATAACGCTGTGTG,4
GGAGGTAGCGAGGTATGG,4
ACGTAGGATGCGGGGTGT,4
GGGGAATCATCGGTCACA,4
GAGGGCAGTATGGTGGAG,4
ACAGCGATCGATGCGTGC,4
GCGACCGAACGCGGAAGT,4
AACGGGATTCTACCGTGA,4
TGCGGGTTTAGCTGTCCG,4
AGGTAGACTTAACTCGGT,4
GCGGGTAGCCGTACGTAA,4
GTATCCTGCGGCCGAATG,4
GCAGAGGTGAAATGAACT,4
ACTGCGCCTTCTCATGTG,4
GTGCTGGCCTACTCTCGT,4
GGCGGAAGCATGAAGCGT,4
ATGCTATGGGTCTGCTTG,4
TGGCGGAAAGGGTACTTC,4
GCACAGTTGCCTAAGGTG,4
AGGGCATTGTGTTCCGGT,4
CTGCGACAAGGAATGGTG,4
GGATCTCGGATAATAATA,4
ACAGTACGTCGCGTTCGT,4
AACGCGCTTAAAGTGTGG,4
AGGGAGAGCGCTTCGGTG,4
AGCATAAGTACGGCTATA,4
AGTAGGCATTTGGACGTG,4
ACATCGTGGACACTGTGC,4
ATGGGATCTCATACCAGG,4
AGGCTGCATATTCTGTGG,4
AGTGGAAGACTCCGGACG,4
GAACGGGAGATCTTAGCC,4
AGCACTGGACTACGAGCT,4
TCGGAAAGACGCTCGTTC,4
AAGGTAGAGTCGGAATCT,4
GGGGCCACATCGCTTTTG,4
AGACACCTAGGACTTGCT,4
AGCACGGCGGCGACGAGC,4
GCACCGTTCAGACAGCAG,4
GGCCGAACAGACAAGGTG,4
AGCGCTCGGAGTACACGT,4
TGGGTATACATTCAACCT,4
GGGCTCCTCCAGACGCTG,4
ACACTTGCCTCACATGTG,4
AGGTGCCACAGCCGTTGT,4
ACGGCATACCTCCTGAGA,4
ACACTCCATACGTATGCT,4
AGTGCGGACATGGTCGTA,4
GAACCCGGTTAGCGACAA,4
GTGGTGCTAGTCAAGGCG,4
AAGGTGCAATAGATGAGG,4
GTGGGAACAAGAGGGTGT,4
GGGCACACACTCGGCTCT,4
GGATGGCCAGTAGGAGGT,4
GGCGAGGCATGGACTGGA,4
GCGACGGCATATGCATGT,4
CGGTGTGAGGAGTAGGCA,4
GCCAGCATATGCCTCGTG,4
GATCTGGAGGATTGGTGA,4
GACGGCACAGCTAAGGTA,4
ACAAGGCTAGACTGTATG,4
ACAGTCCCGCTCGATCGA,4
AACCAGGTATTCCATGCT,4
CCGGAAGGGCGATAGGAA,4
ACGCTGGGTACAGAGTCT,4
AACGGTGGTGATCCTCGG,4
TGGCGGTAGAAGCAGCTC,4
ATGTGCACGGAGGCCGGA,4
GCTAGGATAGGCTGCGTG,4
ACCGATCGAGATAGAGTG,4
ATGCGGGAACCGTATGAT,4
ACGCGACGTGCAAAATGT,4
GGGTCGCCAAGGTAATGC,4
ACCAAGGCCATCCGCATG,4
GTCCAGGGGACCAGCTCG,4
AGCGGGTAAGGCTTACGT,4
ACACAGGGTCACGACGTA,4
TCCGCAAGGAGAGGTACG,4
ATACGACGGGATGAGCAG,4
ACGTGCCCGTTAACGTAG,4
GATCCTGATTGCTACATC,4
TCTCAGGAGTGTGGGAGA,4
TGCAAGCATGGGACCACT,4
GGTGGAACTGACCGTTGA,4
ATGGCACAGACGCTGTCT,4
TAGAGAGGAACTGGGAGG,4
GGGCAGCAAGAAGAGTGT,4
AGGCTAGGGAGAAGGCCG,4
TCCAGGCAGTAGAGGGCA,4
TGCTGACGTGCGATGGTT,4
AACGTGACTTTGTTGTGC,4
AGTGTTATGAAGAGCGCT,4
CAAGTGTCGTCCCTCGTG,4
TGGGGCCGTAACCCTGGA,4
ATGATGCAGCGTACTCGG,4
GAGGTACCTGCATCTCGG,4
ATGTAGGTGCACCGTAGT,4
AAGAGGTGCTAACAATAT,4
AAGTTGTCGTCGATTGCG,4
TCAGCACTGCGTAGTGTG,4
GTAGGACACATAGCCGAT,4
AGCACGGGTAAAGTGCGG,4
AACCGACCATGACCTGTG,4
AAGCGGTACGTAGGTAGG,4
ACGAATACAAACACCGTG,4
AATGGGAAACGGTTATGG,4
AAGCAGATGTAAGGTAGT,4
GACGTCACGGCTGATGTG,4
GCAGCGCCAGGAGGTTTG,4
TGCGCAGGAGACCGGACG,4
TGGAGATGGTAACCGGCG,4
ACACGACGCGGGTACATG,4
ACGATGCATGAACGAGCG,4
TGACGGCATTGCAACTTG,4
TAAGGACGGTAGCAGGTC,4
TAGAGCAGCAGACAGTGC,4
AAGGGCATACCTAGTCGC,4
TGAGGAGACACCCGTGTT,4
TCCGGACACAACACGACG,4
ATGATGACCAATCATGGA,4
AGGGCATGCTCAAGATCG,4
TGCGGCAGTACGGATTCA,4
ATGAGGCTATTGTTGTTA,4
AACCAGGAGACGCCATTC,4
ATGGGTGCACACTCACGA,4
GCCAACCACCGACATGTG,4
TCCGCAAATACGCTCGCG,4
ATGGCACGCCGCACATGG,4
AACGCATTCGGCACGTGT,4
TCATGGTAACACGGTGCG,4
AAGGCGGTGATCTGTGTA,4
GGCACGTAAGTGGCTGCT,4
GTCGATTCAATACGCGAG,4
AACGGGAAGCAACGGGAG,4
GGAGCAGATGAGGGTGCG,4
AGCAGCAATCCTGGTGTA,4
ACAGTAGGTTACGGTGCT,4
GGCATCCGTATCACGTGA,4
ACAGCAAGGGTCATGCAG,4
TGGATAGAGTCACAGTCG,4
AGGAGGCGTTGATCCATA,4
TCGCGGAACGGATTGTCG,4
AGGATGCAGAGGACGCGT,4
AGGTGCATTAAGCTCTGT,4
ACCCTGGTTCAGAGAGTG,4
AGGTCGACAACGTATCGG,4
TACAGACGCAGGGTGCTG,4
AGGGAACATCCTGTCGCG,4
GGCGGTATGCGGTGCCAT,4
GTGTGCAACATGAGGAGT,4
TTGAGAACGGTCAGTCTG,4
GTATGGACGGGTTAGCCG,4
ATGGGATTGAACCACTGT,4
GGCGGAAGAGGTAATATT,4
ATGGGACAGGAGACGCCA,4
ACACGTAACACGTCGGCG,4
GGGACGCTTCCACGATGG,4
ACCGGTCAGATACGCATG,4
TGGGCACGCATTCTCAGA,4
GTGCCTGGCTGCATCGCT,4
ACATGAGCACCGGGACGG,4
ATGGCTGCAGACGTATCA,4
GGGGAGATGAGACTTCGG,4
ACCAGTGGATTTGACGAG,4
GCTGCGGGAAGAGATTGC,4
GTGGCCAATTAGACGCAG,4
AACGAGGTACTGGCTACG,4
GGCGAGACAACGAATATG,4
AGGGGCCAAGTGGAGCCA,4
AGTGGTCTATGACGTGTG,4
AGTGACTGATAATGTGCA,4
AGCGAAGACGACACCGTA,4
TACCGGTAGATACATCGT,4
AGCCGATATGACGTGCAG,4
GTGGCTACCGATACTGCG,4
ATGTGAAGCTCAACGTGC,4
AGGGATCGTTCCATCTTG,4
AAGGTCTGAATACCGGTG,4
GGGAGGTGAAAGGACGCG,4
GGCTAAGACGACATACTG,4
TATCGAGTGTGGAGCGTT,4
ACATTCCGTGGGTGCGCA,4
ACCGAGATACCGTCCGCT,4
GAGGTAAGCTTGGATTGA,4
TAGGACCTGGTGAACGCT,4
AGGGTAACATGTCCGATG,4
GGGCGGACATAAGCAAAT,4
AGGCGAGTTTCGGCATGG,4
ACACACCAAACCTCGTCG,4
AATACGGGATTGCTAATG,4
GGGCTTGACGGGAACCTC,4
AGCTATGTGTGCTCATTA,4
GTGGACTAGACGAGAATT,4
AGCCAATGTACGACTGCT,4
TAGATAGCGTATGGCGTT,4
GGCAGTTAGATCTGTGCG,4
ACAGGGTTCTACGACGAG,4
GTGGGATAACCTCGGCAT,4
ACACGGCAAGTACGTGTG,4
AACTAGGGCATACCGCGG,4
ACCAATGGAGTCGGTCAT,4
ACAAACTATCGGACGGTC,4
TGGCACTGGCCCTGCAGT,4
AAAGGGCAAGTGGGTGAT,4
AACCAGACGACGTCCGAA,4
GGGTCAACGTCCTGGTTA,4
GACGTGTACTTCCTATGG,4
TAGCGAGGTTAGTATGGG,4
TCAGCAAGAATGACGGCG,4
GAAGTTAGCGGCAGGCGG,4
AGGGAAGTGCCGGACTAT,4
AGGTGCATGGACAGCTAT,4
GTGCAAGCGCTCTACCCT,4
AACCGGGTATGCGTTAAA,4
TACCGCGACGCATGTGCT,4
GTAGTTGGCATGGAGGTA,4
TTAACCGACTTCAGTGTC,4
ATTGAGGTGTAGAGTACT,4
CACTCGCCCGACTGTCGT,4
GGACAAGCAAGCAGGAGA,4
AGCGGATCCCTGAAGCGG,4
ACAGTAGTTAGCCGCGTC,4
ATTGGCGCGTTGTAGATT,4
GGAAGCCGTACAGGTGAG,4
TCCGGGGAATTCATGACG,4
GTGGGACACCCCCTATGG,4
ACAGGGCTTGATCATGTG,4
GTGGGAAGTCCCCTAGTA,4
TAACGATCTACGGTGTGA,4
GCGGCAGTAACAACGTGG,4
AGACTGATGTCGCGTTGC,4
TCGGCGCGGCTCCGGATA,4
TCGCTCGTATATGCCTTC,4
GATGGAGAGTAGGCACGG,4
GCACTACAGAGACTGTCG,4
TGTTGGTATTGACGACTC,4
GACTAGCACATGAGAACG,4
AGTCACTCCGCTTGTCGA,4
GCAGTGACAGAGAAGCTG,4
AGGCCTGAGGGTAGCACA,4
TAACAGCGTAAACATGCG,4
TGTAGCGGGAAGTATCAT,4
ACACGGGAGTTACATATG,4
ACCATCGGTCTCAGGGTG,4
AAGGGCCGTGTGTAAGGT,4
GACTAGGCGGAGCTGTTG,4
ATGGGCCATGTGCCCGTG,4
AAGCAGGTGGAGAGGTGG,4
GAGCTATTGGAGTGCCTG,4
AGGCACGTTCACCGAAAC,4
AGGTATCCGCACGGTGTT,4
AGGCGGTCCTCCTCACGG,4
TGGATACAGGTTGCTCAG,4
GACCAAAGAGGAGTCTTG,4
GACACGGATCAGTGGCAG,4
TATCCTATGGTGGTACGT,4
AGGTGCTTAAAGGACCGA,4
TGGCGGTATGAGAGTGCG,4
AGGAGGCCTGGGACCCCT,4
TAAGTTGATCATGTCGCT,4
ATTAGCCGGGTAATGCTT,4
GATCCACAGTTGGCAATG,4
AAGCGGCATACGGCTCAT,4
ACAGCGATGGGATGGACG,4
ACCAAGGTCGCGCGTAGG,4
AGGGACTACTCAGCACCT,4
GCAACTTGTGTACGTGAT,4
GAACACTTTAGCGGGAGA,4
AGGACGTGTTTTGACCGG,4
GCAGATACAGCACAGGTG,4
GTGCGACAAGAGGAGGTT,4
GAGGAAATGTTCTAGGAG,4
AAGCAGGGCTACTGTTGA,4
AGGCAAGGGAGAGGATAG,4
GTCGATATGACAGCTGCG,4
AGGGACGAGGCGTAGAGG,4
AAAGTGGCCAGGCGCTCC,4
TGAGCCCGAACCCCAGTG,4
GCAAACGGGTCGATGGTG,4
GCAGGATGGTGAGGTGCG,4
GAGGTGTGCTAGTACGAA,4
GGGATGAGATAACCAGTG,4
CTGCTGTGTATTCGTGCG,4
GCGTTGGTAGCACATGTG,4
TACAGACGGTATCGTGTC,4
CACACGGGAATGTCAGTG,4
GTGGGTCAGAAGAGTGCA,4
ATTGGTGACCGTACTGGA,4
TAGAGTGAAGAGCAGGCG,4
TATGGAGACGCCTCTTGG,4
ATGTGCCAGTTGCACGTG,4
AGGTCGACAGTGTGCCTT,4
TCGGGATATGCGCGGACG,4
GAATAGTGCGCACTTCAA,4
AGCGGTAATCGTAGGATT,4
AGGCATGGGCTAATACCG,4
ACTGAGTGGGCTACTTCC,4
ATCGACCGCTGTGGACGA,4
ATGCTGTGTCTGGTCCCT,4
AGCAACGTCAGCGGGCAG,4
GGGAGCTCCACAAGCCGT,4
TCGTTTTAGCTCCGTGTC,4
CATGGACTCGGAGTATCG,4
AACGGGCTACCAACGCGG,4
ACACACACAACGACGCGG,4
GCGACGGATCCTGGTGTA,4
CAGAGGGTACCATTGATC,4
AAGCAGGCGTTAGCGGTC,4
AACGGGTACCTAGTTCGG,4
CAGGTAGGAATTCCGGAG,4
TGTGGGTCCGTTACGGTG,4
ACAGGCCGTGCAGGGATC,4
ACGAGTGAGCCTATTGTG,4
TGGAAGTGACACATCCGA,4
GTGGGGATAGCACGCTGG,4
GGCGGCATGCGGTTGGCA,4
GCGGTATTGACCTGAGGT,4
CGCAAGCGGGTGTACTGG,4
ACATTATGCTCCTGTAGT,4
GGTTCGAACGCAGCAGGT,4
TGCAGGGCAACTTTACCT,4
GGTGGTGTCGAAGACGGG,4
ATGTGTTCGCGCTATAGT,4
CTTAGAGCGGTACTGGTG,4
GGGGCAGAACCTGTCGCT,4
TCCGTACTGGTCAGTCTG,4
AGAGGCGCTCGAGCCAAA,4
AACGTGACACAACGGTGG,4
ATCGAGGGAAATGGCTAT,4
AGCAACAGTGCTCTCTAA,4
GTGAGCTGCATCCGATGC,4
ATAGGCAACGGCCTGTGG,4
TTGAGGGAAGACGCGTGG,4
GTGTGGTGCCGAGTTAAG,4
TATGGTGACTCTGGGGCT,4
ACCACAGACGAGCGCACA,4
ATACGTGGCTCGAAGACT,4
TGGCAAGGACGTACTAGG,4
AGGGAGCCTGTTTGGACG,4
AAGATGGATGGCAGTCTG,4
AGGAGCAACTAGGTCCGG,4
ATGCAGGATAACCGTGCG,4
TAGTCAGCCTGGCTTATG,4
GACTGGGATGAGGCTCTG,4
CTCTACAGCCTAGGTGCT,4
CGAGCCCAATCAAGGGAG,4
AAGGCAGGATCCGGTGTA,4
GGGAGAGGTGCATGACAT,4
TGTGGTTCCTAGGTACTG,4
GGGTGTCTTGATACGCGT,4
GGGTCTACATATGCACTG,4
ACCTGGTTTCATCCGTCG,4
TAGCCAGCGTGACTAGTA,4
TGGACGGGAACGAACTTG,4
AGGGTAGCCGTCGCATTA,4
CAGCCAGCGACCATGGTG,4
CAGGCCATTAGACACGTG,4
GGGGATCGCACACCTAGT,4
ACAGGATGCCTTGCTGTG,4
GTGTTCAGCGAGAGGCAG,4
TACAGAGGATTCCACGCT,4
AGGAAGTGGGACGCCTGC,4
TCAAGGCTAGAGACGGCG,4
ACGAGGTATTCGGGAGCG,4
AATGCCCCTGGGGTATGG,4
GGGTAGTCAGGCTTAGCG,4
ACAGGGACAACACTAGCG,4
ATGTCGGGCATCAATAGC,4
GCTAACGTTGTCGCTCAT,4
TCGCATAGAGGTGATTCG,4
ATGGTCTACGGCGGTACC,4
AGCCAGTCAGATGTAGCT,4
AGAGAAAAACCAATGGCG,4
ACATCGCATGTGAATGTG,4
TGATGTCACCTTCGTTGT,4
GTGGACTGCTGTCATGGG,4
TGGTAGGAAGGCTAGCAC,4
GGGACACCGGGGTAACAG,4
AACCGGCAGGTCAGGCGT,4
TGGCGGGATGTGGTGGCC,4
GGGTGACGGACGATATTG,4
AGGCAGCAGCAGTTGACG,4
GGAGTACCGTGAATGGCG,4
ACAGGTCATGTTATGTCG,4
GGCATACCAACCCGTGAT,4
AGGAGGTCCTTGTACTCG,4
TGGTAGACCCTCCTTGTG,4
GGGAGGTGGTGAGAGGCG,4
TACACTACGCCAACGTGC,4
ACGCAGTCACAGGGTGCG,4
GTGAGGCCCAGACTTAGT,4
ACTGGATGAGGGATAGGG,4
ACAGTATGTGGTGCACCG,4
TTGGGTAACCTTGGTGTG,4
AGCGGAAGGCAGGCTTAT,4
AAGAGACTCTACATCCGA,4
AAGGCGTCGACGTCATGT,4
AGCCTATTGTAGGTTGTG,4
AGACAAGGAACGTGGCGA,4
ACCGCTGGTAGGTGGTCT,4
AGGTGATAGGATCATCGG,4
AGTGCGCGACCAGTGGAA,4
ATGTACCATCACAGTGCT,4
CAATGGTGGATAAGGCAG,4
TGGCCAAGCCTCAAGGTG,4
AGCAAGGATCCGTGGCGA,4
CGCAGACCTATTACTCTT,4
GGGGAGATGACTTAGTGT,4
GCGCTGGGATAGTTGGCG,4
ATGCTCGCTGTACTCTGA,4
TCGTGGAACTTGCAATCT,4
AATAGGTGCTACGTAGGT,4
AGGGTTGGGTTGTCGCTA,4
CGGCATACAGCGTGCATA,4
AGCGCGGTTCATGGGCAA,4
AAGGCACCCGTGGATGTC,4
ACGGACTCTAGTACGCGG,4
TGGTAGTTCTGCCGTGCG,4
ACGGGGAGTGTGTGCAGC,4
GGCCATGGTGTGGACGGA,4
TGTGGCATTCCGTCGGTG,4
GTGCATGCTCTTTCGTGT,4
GGGAGCCCCTAATCATCA,4
ACGGGCCTCAAGGTGCAA,4
CGGCAATACCAGCATGGT,4
GCATACATACCGGGCAGC,4
GAGAGGCCAAAGGTGTAG,4
AAGCGGACTACAGCGGCT,4
AGAAGACGTCACCTCATC,4
AAGTCGCATGACGGCTGG,4
TGTAGGTTATCCGCTCTG,4
GAGCAGTCGGTACCGGTA,4
ACGTTACGTGTTGCCATT,4
ACGGGTACAGTGTGCTGT,4
GTCCAGGAGCTACATTGG,4
CAGGCGCATTCACCCGAT,4
GCAGCATCACATGCGGAG,4
AGTGGAAGGCGACGTGTG,4
TATAGCTGGTTTGGAGTT,4
AGGGACGCGGATCATTTT,4
AGGGCATCCGACAATAGT,4
GGGCAGTAATTGCACGTG,4
GCGTTAGTCGTGACGGCT,4
CGGGGCTTCTGTACCGGA,4
GGTAGCGTCAAGTGACTG,4
ACGGGTAACAATAGCGAA,4
CCAGGTAACCTTACGTGG,4
AATGGCAATGATAGCTCT,4
ACCGCGGGGCAAATCGCT,4
TGGAGCCTTGCCATTGCG,4
AGGTGTTCGCTGAGTATG,4
TGTAGGAACGAGCGGCTC,4
AAGGGCAGCGTGCCGATT,4
GACATTAGTCCGTGACCA,4
AGGGTGCAGGTTGACGTC,4
ATCCCATGGTGTTATGTG,4
CAAGGGTAAGCCTCGTCG,4
GGGCACGCAATGTCGGAG,4
GTGGAAGTAGGCGCTAGT,4
TAATGTAGTGAAATGTAG,4
AGGGCTCTAACCGACCGG,4
GGCAAGGACAGACTGGCT,4
ACGGGAGAAGCCCAGTAA,4
AAGCAGTGCGGTGCTGAA,4
AGGTGTGTGCACTCTCGC,4
GGCTAGCGGCAAACTATG,4
AGCAGATGACCGGCACAG,4
ACCGGAATGTAGGTCGTA,4
TACGGCAGTGCATGTTGA,4
GAGTAGGCCGTAATAGCT,4
GATGGGGTAAGACGCGAG,4
AATTCGTGAAACGTGTTG,4
GGAGGATCCATCGTGGAA,4
AGCTGGACGTGGACTAGG,4
GTGGCTGCACCGGTCCAG,4
ACCAGGTTACTTGTGTGC,4
GGGTGGTCACTGTGACAG,4
GGGCAGAACAATTTGGTG,4
GGCGCTCGGTATCGTATG,4
AGGAGGAAGATGTATGCG,4
ACACATGTAACGTTGGGT,4
TGCGGAGATACACAGAGC,4
AAGGGAACATCACAATGA,4
GCGGGTAACATTCTCACG,4
CGGTGATACGTGAATGCG,4
ACCTGATTTGTCACGGCG,4
GGTAGATCTGGACTGACG,4
CGCAGGGAGAGTGCAGCA,4
GAATGGACAAGTTGTGGG,4
ACGTGATGCTAAGTCCGT,4
GCCACTCTGGTGGCTGCG,4
AACATGGACGCTCAAGGC,4
ATGTGGTTCCAATACGTT,4
CTTCACAACCGTAGTGTG,4
AGGGTAGACCACAGTTCG,4
ATTCCGTGACCGACTGGG,4
ATCGGCAAAATGCTAGTG,4
ACTAAGGTTGCGGTGGCT,4
ACGCATGGGACCATGAGA,4
CTGGGAGTGTATCGTTGT,4
AGACAAGATCGCGTGTGG,4
GGGGACGGTTACTGTGTG,4
AATCATGTCCTGGAAGTG,4
ACCGCTGGGAATATGTAG,4
GCATGACGGTGAGTAGCT,4
ATGCGTGCAGCGGAGGCT,4
GAGGCAGGACTAGTGGTA,4
ACGGGTAAACTGGGAAGC,4
GGAGGCATCTCAGTCAAG,4
GGGCATGCACTTTTGAGT,4
AGGTATGAGCTGCGACTT,4
GGTATCGGGAGTGCTCGA,4
GCGGGTAGACAGAGATGC,4
GGGGCGCAGGAAATGCAA,4
GGGACAGCAGCTACAGGG,4
ACAGGTGCCAAACCGTGA,4
CATGGCCAGCGTCTTTCG,4
GATGCCCGGAGTAGACTG,4
GCACGGGTATAACAAGCG,4
AGCCGGGCAGAACAAGCG,4
GCAGGGTACACGCATATA,4
TGGCGTGGGGTTAACCCG,4
CACAGAGCATGCGTGTGT,4
ACGACTCGATTGGCTGAG,4
GGACATTATCAGCGTTTG,4
ACGACTAGTCGGAGGAAG,4
AACGTACAGACTAAGTGC,4
TCGTGGAACCCACGGCAT,4
ACATGGGCAGCACCTTGT,4
ACCGAATGCTACGTGTCG,4
ATGCTGTGCTCATATCCG,4
TGGGAAATCGTTACTGGG,4
AAGCTCCATCCCTAGGTG,4
GGGGCTTCACACGTCTAG,4
ATGGGATGCGAGCGCCCT,4
AGCAGATGTGCCTCCGAG,4
GGAGGACGGTCATAGGTG,4
TGGTACATACACGCGGCG,4
ACACGCGTTTAACGTGCG,4
TCGGGTCCTATCGACTAT,4
AAGCCGGCAAGGCATGCT,4
ACCTCGCATAGACGTTCG,4
AAGCATAAGGACGCAGAT,4
GGGCCAGTCTTGGTATAG,4
GGGCTGGAGAGGCGTTAT,4
TCCCGAGGAAACCGTGGC,4
ATGACGAGAGGCGCAGTG,4
ACCAAACCTCACAGTGCG,4
CTCAGGGATGTCGCGCCG,4
ACACGGGATAACGTATGG,4
GCGGTGGCAAACGGTAAG,4
AGGTATTGGTGCGTCATT,4
TGAACGCGTAGTGACCGG,4
GAGGGGCACCAAGTACGG,4
AGGTGTCTCACTATTCGT,4
AGGCCATAGTGGTAGTGA,4
GCGGAGAGATGACGATTG,4
ACGTGCGGCATCCATTGC,4
GGCAGGCAGTGGAGGAGA,4
TGACTCGTTATATCTGCT,4
GCGGCAAGCTTGGTCACT,4
ATCATTCCGTCGACGTGA,4
TGGCCGACGTTATCATAT,4
GAAGGGCCGAAGAGAACT,4
GGCGTACTTCGGGTATGG,4
AACGTGTCGTAGTAGTGA,4
GCGACCGGAGTCCGTATA,4
GAGGGACATGGCTGAGGA,4
GTAGGGTCCCGTACGTCA,4
CGATCCACTCAGGGCACT,4
GCGTAGCGGACTCGAGCG,4
TGGCATAGCACCCTGTGT,4
AGGGCATGATCACTACAG,4
GTGGTCATCGAAGCGTTA,4
GGTACAAGCGACTGGTGG,4
GCGGGGTAGGGCAATGTG,4
GAGCCCGTCCCATTTCAG,4
ATGCCGATGTCGATGTGT,4
ACCGTACATTCTGGGTGT,4
ACACGACCAGACCTGGCT,4
ATGTATGAGGGACGCTCT,4
GACTCGGAAAGGATCGGG,4
GGGCGGACAACCTCATCG,4
AGACGTTAGCATGATCCT,4
ATGGGCCCACAGCGCATG,4
AAGCGGTAACGGGACGGG,4
ATACCGGGAACCATCGCG,4
TTCCGGAATTCGAGGTGG,4
ATTTCCCTCGTTCACGTG,4
TCGCCCGACACCACAATG,4
AGAGACAGTGTAGGTGCG,4
AGGGCACTAGTCGCCAGT,4
ATGGAGCAAGCCACGATG,4
ATGTCGCACGGTGCCATG,4
ATCGAAGTCTATCGGTGT,4
GTAAACCCTCGCATGTGG,4
GGGGAAAAGGATCGGTGC,4
GCTCACGCTAGTTTAATG,4
GTGCCGGACCGCGTACTG,4
TGGCACTCGATGGCGTTA,4
GATGCGACAGGACCTCTG,4
GATTGTGAGCTGCTTGTG,4
TTAATGTTCGCGTTCCGT,4
GCAGTAACGACGGACGGA,4
GGGCAGAGTGCTACAGCG,4
GAGGTGTTCGAAGGCTGT,4
AAGGCGGTGTAGAAGCGG,4
ATGGCCCCAGGGTGTAGC,4
AGTAAGCGGTACCGCGTG,4
GAACACAATGAGGGCATA,4
TAGACGCCAATGGTCAGA,4
GTGAGGGCTTATGTGGCG,4
GGGTCCACTGAATCCATG,4
AACGCGCAGCGAAAGGTG,4
ACAAGGGTGAACTGCGTG,4
AGAGGTGTTGTACGCCGG,4
AAGCGGGATAAACGGCTG,4
AGGTTTCGTCGAGGATCG,4
CAAAGTCTAGCTCGTCGA,4
GGACAATCGATAACTGTG,4
GCAGGGAACCCAACGATG,4
GGGGCACAACGACCATGA,4
TCACCGTGCATCAAGTCG,4
GACCAGGAGTACAGCCTT,4
AATGACCGCGGTGTATAA,4
TAGATGCAGCTTAATGTG,4
TGATGGGTAACCTGTGCA,4
ACGACATCTATGGTTGTG,4
ACAGGTACAGTGTAGGCG,4
TGGGGACTGGTAATCATG,4
GTAGCCCGTCTGAGGTCG,4
TAGGGTGCTGCCTGATGT,4
GGGCAACTTGATTCCACT,4
AAGGACTCTAGTGCTGAG,4
GTAGTACCGTGTTCTAGG,4
ACACAGAGGAAGACGGCG,4
GGCAAGACAGAGGAGGGA,4
ACGTCCATAAGTAACGTG,4
AGACACGACATGCCAGTG,4
GGCCCGGACCAGGATTTG,4
ACATAGGAAAGTCAGTGA,4
ATACGCTCCGTGTGTGGA,4
AGGACGCCTAGACGACTG,4
AGGTGACTAGACGCGTAT,4
ACGTATTACGATCGGTTA,4
ATGGTGAGACGCGACTTG,4
GGCGGTATTATCGCGGCT,4
GATAAGCTCAGCCCACAC,4
TACCCTGCCAACCGCGTG,4
ATAGGTCACTGCACGTCG,4
AAGGGCCTGAGCATTCTT,4
GGTAAGGTTGTCTATGCT,4
ACCGCAGTGCAATGAGGT,4
GACTCGCAGTCTAGTGAA,4
AACATGGACGCGTATCTT,4
CGGGTAGTCACATGAGCT,4
GGGCAGGTAAGATAGCGG,4
GCTGGTCAAGGCTTAGCA,4
TCGAGGAGTCATGTAGAG,4
ATGGAGCATGCCGCTTTT,4
ACGGTGGCTGACGGCATC,4
TGGGGCTCAATGCAACGG,4
ACAGTAGAACGAGCGGAG,4
AGCAATAGGGCGTTGCAA,4
GACAAGCAGAAGAGGTGA,4
GCTAGAGCTAACATGTTG,4
GTCCTCGGGTTGATGCGT,4
TACAGGTAGCCGTGCGGT,4
ACTAGCGGCATAGCGTGT,4
ACATGGCAGACGAGGTGA,4
GAGGAGCAAGTACATGTA,4
AGACGCGGCTGCATACGT,4
TTAGCGCAGCCTAAGTGT,4
AGCAGGGCTTGACCGCGA,4
GAGCAACAATTCCGCTCA,4
GCACGTGGACTGTCTGAG,4
ATACGGTCGCTAAATACA,4
GTAGAGACAACGCTCCTG,4
TTCCGGGTACAGCCCTTT,4
GAGGGACCATCAGTGTGA,4
TGCGGGCAATGCATGACA,4
ACACGATTGATCAGTTGG,4
GGGGACATCGATGCGTCT,4
ATTCCTAGTCCTTCGTGT,4
GGCAGGTGGTATTGGCGG,4
GAGGGCGCACAGCACAGT,4
ACGGCGTGGCCAACTGTG,4
GCGATAATGGGTTCGAGG,4
TTGGCGACCCGGGATCGG,4
AGGGTGATGGCCGAGTAG,4
TATAGCGTACATCCGATC,4
AACTGGTCCCAGGTGAGC,4
AACACGGCTTACGTATGA,4
GATGAGCGGCGATGATGC,4
GGGGACAATCGACTGCCG,4
ACCTAGCTGGTGACGCTG,4
GGGCAGCGTACGCGATAT,4
GCGGGCCGTCTCTACCAT,4
GTTATGACGTCACGGTCT,4
AGGGTGTCCTAACATTGT,4
AGCCGCCCGTGCAGGGTG,4
GCAGGCAGGAATCACGAG,4
CATGGCTGCTCGATTCCG,4
ACCCGGGCAGGGTGCTAA,4
AGGGACGAAAGTCGGAGG,4
AAGCTCGAAGAGTGCGCA,4
GGGCATTCTCCAGACTAT,4
GCACGATGGTTGAGACGG,4
TAGGAGGTACAGGAGGCT,4
AGAGGCCGATTCAGGACA,4
ATGCGATTCTAGGCGGCT,4
AGTGCCTGTGTACCAACT,4
GTGCTGGGAAGAGGGATG,4
AGGGTGATCGACATGTCC,4
AGGAGACTTGGGTATGTA,4
GCCAGAGTACAGCCGCTT,4
ATGAGGTTGAATGTGCGT,4
GGACGGCGAATACTGCTA,4
TGCAGAGCGCTGATGTGT,4
GGCAGCCGTGTAGAAGAT,4
GGTATTATAATGCCGCGT,4
AACACCGGAATAACAGTG,4
CCGAGGGTGTTAACCGGT,4
GGGCTATACGTGAAACAT,4
GGTGGAACATTAGGGCGA,4
ATGTAGGGTAAATGTTGT,4
TTGGACACCGGGTCGTTG,4
TGGTGGATGGACACGCTT,4
ATGGTGGACGTAGACGCG,4
GCTGCGCGAGCTCAGTAT,4
GAGGGTAATAGTCTTGCT,4
ACGGGAATGCGTGCGATG,4
AACACAGGAGACGCGAGC,4
TCGTACCACACGTGGGCT,4
TAGCGGATATAAAGGCGT,4
GGGACATTCATCCTCAGG,4
GTGTGCGCTCAACATGTA,4
ACATGAGGGCATAAGAGG,4
GCTGGAGGCTGATTTGCT,4
GAAGCGGTAGGTTAACGT,4
TCGAGGTGGAATTTGCCG,4
GGTACAGTGATATTGGTA,4
GGGCCACATCGTTATGCG,4
GCAGGACGATTGTACGAG,4
TACGGTACGATCTTCATG,4
CATGATCAGTACCGTGTA,4
AGCGTGATGGAGTCCTGT,4
AGGATCGGTGCCGTTCTA,4
TAGGCGGATATGAGGAGG,4
GAAGGGACAGAGGCATCA,4
AGCCGTGCTAACCTGCGA,4
GGTACGTCACGCGTTGCT,4
GGGAGCTGTGTGAGCATG,4
CGCACTGACATGTAAGCT,4
AGACCGAAGAAGCGTGTG,4
TACAGCTGGTCTGTGGGA,4
AGGACACTGTGTGTCGTG,4
GGGGCGCTACTGTACGGT,4
AGACGATGCACCCATTTG,4
GGCGGAGCATGATGTCAG,4
TCGAGATGAGACGTCGTA,4
CAACGAGAGTCGGACGCT,4
ATAACAAGCAGCAGACGG,4
TTGGGATGAGCACGGTGG,4
AGGCGTAGGCTGGTAGGT,4
GTTACGGCGTGAGTAAGG,4
AGTAAGCAGAAGAGCGGG,4
ACAGGTGTTCCGACTGCA,4
ACCGGAACGGGGGGGATA,4
AAGGAGCATATCAGGTCA,4
ACGTCACGTGTCAGTGTT,4
GGGGCAGCGCTGTGCATT,4
GACGAGGAGTACCAGCTG,4
ATAGGTGAAGAACGATGT,4
TGGAGACACTCAGGACGT,4
CAGGTAGTGATGATGGTG,4
GTAGGGACATCAACGTTG,4
GGATAGAGGCTGGACGCT,4
ACCGCAAGATTGGATGGG,4
TAGGGACCAGGACTGTAA,4
GTGTTCGCATTTAGTCGA,4
TCGACCAGCTACGTCGTG,4
AGGTAACGTGCAAGAGAG,4
ACACGGGAGCGGGAAAGG,4
GCATGATCAGCGGTTTCT,4
GGTGCGGCTTACTCTGGA,4
GGAGGCAATTACGATGAG,4
CAGTCCCCAGGACGCGTG,4
AGCCTACTCATACGGCGG,4
GCAACGGTGCAAAGTGTA,4
TCTGGCGTGTTCAGTAGT,4
AAGCAGAACAGTGCGGTG,4
CGGCGGGGATACACGCGG,4
TGGCCAGCGGAGCGTGAT,4
GTCGTACCCTCGATCGGG,4
GCCACACGGTAGGACTGG,4
ACAGTTGTGGCTAGTAGG,4
TGTGGATACTCAGTCGCG,4
ATGGACGGCAATTCGTAG,4
TGGGATAATGTAACACTG,4
ATGAAGCAGTGTCGAGTG,4
TTCAAGGTAGTGATGTAA,4
TTGGTATCAGCACGGTGC,4
AGGGCTGAGCACTGCTTT,4
AAGGCAGATGTGACGGGC,4
TGGGTAGGACACAGGTAA,4
AGCGGATAAGGGGCTACT,4
CTAGTCCCTAGATGCGTG,4
TCGCGGTGAATGAAGCTG,4
GCTGGAACCACCAACGTG,4
GGGGCAGGGACAGAGCAA,4
GAACATAGATGGACGGCG,4
AGGGAAGCCAAGTGCGGT,4
ACATGATCAGGAGCAGTG,4
ATGAGGTACCCTGGAAGG,4
GGGGAGGTCAACCGCGCG,4
ACAGGTCTAAGTCTTGTG,4
ATGCACGGAGTGGAATGT,4
GTGGGACCGACCCGTTAT,4
AGTTGGACGTTGAACGCT,4
TTGCCTAATACGCACGGT,4
ACCATCGTGCTGGAGTCG,4
ACGGAACGTTGTGCAGTG,4
CGGGCGGACAGCATCCTA,4
AACACCGATACCCATGTG,4
TGGACAGCCGCTTCGGTA,4
ATGAACACATAGGCGCGT,4
GGGTGAAGGCTGTTATGC,4
AAGTGATGCGGCTGTCCA,4
ATCGCATCACCGTGGTTG,4
GTGGAACCGACAAAGCCG,4
ATGCCGATATGCGCTCCG,4
GGTCGAGTACAGACTGGG,4
ACATCTGGCAAGAAGGTG,4
GGGCCAATTCCGCTCTTG,4
ACGCCCGGTCATCACCTG,4
TTGGGTTATCACAGTTAG,4
TAGGCGCAGTTTATTCGG,4
TACCCGGGATTACGGTAG,4
TCGGTACGGTCCAATAGG,4
ACGAGGGTGATATCGGCG,4
GGACTGAGCGTGACTAGC,4
ACGAGGCATCACGGGTTT,4
TCACGGGTCATCCTTATC,4
TATGGGCCCTGAACATAG,4
GGTTACCGTGAGCCTAGG,4
ATACGCCACAGTGACTCT,4
ACACCCGTGCAAGTCGTG,4
ACAGGGCAGATAATAGCG,4
AACGGCTACCAACTAGTG,4
GGGAACGGTGTCCAGATA,4
GGGCACAGATGGCGTACT,4
ACCGCAGTGACTGCTGTT,4
AACGGGCCCAAAGTGTGA,4
TGGGCTCCTGCCTCATGA,4
GCCCGGATGGAGGGACAT,4
GGAGGACTCAGGCGGTAT,4
GACGGTGCCAACGGAGGA,4
TGCAGGCAGACGCGATCC,4
GCAGAAGAAGGAGGTCGA,4
CATGGACCTGTACGTTCG,4
GTCCGGGATCGAGAATGG,4
ACGGGAACCACCGACGCG,4
GGAGGATTACCTTGGGCG,4
GAGGCAGGTGCAGAGTGT,4
ACGGCTCATGCGGGAGCA,4
ACGGGGAGCTCAGGCTTT,4
CTACCGTCATACGAGGCT,4
AATTCGAGGCGTAATCAT,4
GGGGCAAGAACCATAGCG,4
GTGCGTTGATAGGGCCGG,4
GGAGGCGAGAGACAACAT,4
ACCGGTGGAAGCGGCGTA,4
GAAGGCTGCGGCATGTGT,4
AGTAGGGCCACGTATCTA,4
CGGTGGGAAGAGACTTAG,4
GCGAGAGAGTACATAGTG,4
AAGGCATACTCATCCTGA,4
GAGCAGAAGACTCGGAAT,4
TTGGGATATGCGCATGGG,4
ACACCCTTGTAATAACCA,4
AGGGCACTAGTCGCGCGT,4
AGGTCACTCGTAGCTCGT,4
AAAGAGCTGACAGGACGG,4
TCGGCCGAGGTGAACGGG,4
GCTGCAGACGTAGAGTTG,4
TAGTGTGGTTACGGTTGT,4
GCGACCAGAACAGGTGTG,4
AGGGAAGACAGGGGAAGA,4
TGCGGTCCAGATGAAGCT,4
GCTGGATGAGACGCTGTG,4
GGGTATCAAGGCCCCGAA,4
GCCACGGCGTTGAGTTCT,4
ATAGAGAACAGCCGCTGT,4
GGACGAGACGTGCACATG,4
GGTGCTCTGTACCGTGTC,4
AGCACGATAAGGCTGGCG,4
TACACCAAACGTTGGAGC,4
ACGCCAATTGTGGTGTGC,4
GCATCCGCAGGTTTGCAA,4
ACGGATCAGGACGGACCT,4
ACTGAGATACACCTTCCG,4
AAGCCGGGAAGCGAATCT,4
GGGGAACTATCGTACCGG,4
ATGTCTAGTGTTCGTCGG,4
TCCGGGCTGCGTTGATCT,4
GGTGGTAACCTACTATAG,4
GGGGATGAGTGACGGTGT,4
TCAACGGGCAAAGTACGA,4
AAGCAGGGGAAGAGCGCT,4
AGCCACGATTTGGTTCAG,4
AGGTGATAATGGTCCGTG,4
TACGGTAAGGTCCCTGTG,4
TCCACATGTGTGCCGCTG,4
GGTGGATACAACAGGCAG,4
CTCGCCATGACGGTGTGC,4
AACGGCAGCATACAAGTG,4
GTACCTGGTGTCGACTTC,4
GAGGTGACTTCATCCGCT,4
ATGGACCGTAGCCTTCGG,4
TGCGGCAAAGTCGGTATG,4
GTAGGTCAGATTACAGTG,4
GAGGGATGCCCGACGGTA,4
ACGTGATAACTGCATGTG,4
GGGGCATTGCAGCATGGG,4
TCGCCTCAGTCGTCCAAG,4
TCTGGTACCACGTGCTAG,4
GACGGCTGCTACGAAATC,4
CTAGGTAAGGTGGGATTA,4
ACGGTACAGTTGGTGACG,4
AGGGCAGAATACGTAACT,4
AGGTCGCGTATGCCCACG,4
AGCGGACGTCTCATGTTG,4
GAGGGCAATGTGACGGCG,4
AATACGGCGACCATAGCT,4
ATCACGCATGAGGACGGT,4
GAGGGCAGAGCAATCCAA,4
AGGGAGATAGCGTGCTTG,4
TGCTACGAGTTGCAGGCT,4
GCGTGGACAGTGTTGCTA,4
ATCGGCAGTAGACACGCT,4
GCGGGAAGGACAGTGAAG,4
GGGGCTAGGCTATAGTCG,4
TAGCACGTGCACTCTAAG,4
GAGGCCTCGACGTAGCAG,4
AGATTCACATCCGGAGAT,4
AAGGGCACATTGTATGAT,4
AGGTAGCAACCCCGTATG,4
CACGGGGCATGTTACCGA,4
AAGCAGAATACGAAGTTA,4
ACGAGAGGATGACGATTG,4
GGACATGCAGTTGAGGCG,4
GGGCATGAGGTAAGAAAG,4
AGGTGAATCGTCCTGTTG,4
AGAGGCCAGTACAATGCT,4
ACTCAGTTGGGATGCTCT,4
TTCACAGTGGTAATGCGG,4
AAGGTCGCACATTGGGTT,4
TAATGATCCCTGACCTTG,4
TCGGGACGCAGGGCTAAT,4
AGGATGGACACGACGCCG,4
ACGGCGTCCAGTGGTGTA,4
GTGCATTCCGCTCACTCA,4
AACGTCACGGCATCGTGG,4
AGGGCGTTAGCGTTGGAG,4
GCGGAGGCTCTAAGTGCT,4
TCGCTGTGGCTGCCACTG,4
GATGTCCATGAAGCTGTG,4
CGGGGAGAAGGTATGGCG,4
TGGTCAACGGATGAGGAT,4
ATGCAGGTCGAAGCAAGT,4
ACATCACGTCAGTGTTTG,4
GGCTGAGCTCTTGATTTT,4
AGGCTGTCACTGCTTCGT,4
AAAGCGGCACAATGTGTT,4
AATAACACGTCCACTGTG,4
GCGCGTGACAGTGGGACG,4
ACGGGATGTGAGTTTAGA,4
GCAGCATTCCTACGGCGG,4
ATGTCCAAACGTTATGTG,4
CATGGAGTCTCTAGGGCA,4
ACCGGAATGTCAACGGTG,4
ATTCGACATGTCGGTGCT,4
ACCGAGCAGTCTAAGGGT,4
CGTGTAGTCGCCATGTGA,4
AAGCAGACCACTTGGCCT,4
GGGAAGGTTCTGATTAGG,4
GGGTAGGAAATTGGACTC,4
GAGGCAAGATAACGAATT,4
GAGGATACTGGGTATGCT,4
GATCCTATGGTCCCTAAG,4
GGGATGGTAGGCACCGCT,4
ACAGTGCGCGAGGGAATA,4
CGATTAACGAACTGCGCT,4
AGGCCGAGGTTAACGTGT,4
ATAGGCGGTATTCAGTTG,4
ACTGGCGCACTTTACGAT,4
AGGGCGAAATCTCAGACG,4
TAGCCACCCGATATTGTA,4
GACGGGAACACATATTCT,4
ATTGGGTAGGTCCCGTAT,4
GGGAACGAGGTGTGCATG,4
AACACAGGAGTTGGCGCT,4
AAGGTGTAACAGCTTGGA,4
AACCTATCGGGCACGCGT,4
ATCCTCGCTCGCCTCATT,4
CTCGGGATCGTGCGTGTG,4
AGGCTATCCGTGCGCACT,4
ATGCGGTCGCACGCAGTG,4
GGCAGGTTAATCTCGTAG,4
TGGGGTTTAGTCATCTCC,4
GGGACAGGGAGATTGAGC,4
GGCAGCCGTCTATGTGGA,4
GGGCAACGCTTACGATGT,4
AACGGTAGAGGTGTGAGG,4
TGCAGACGTGTGCACATG,4
GGGAGGAGGTGAACTCAG,4
GACGGGAACGTGAGGAGG,4
GGCCAGCGGGTACTACTC,4
GAGCTGACCGTCTGGCTT,4
GGGAGCACACACAGCAGT,4
GATGTAATACGTAATGGT,4
TAGTGCGAAGGACTAGTG,4
GGAGGCATAGCTTAGTGA,4
GGGCAAGATGTGTGCATG,4
TACGAATTGGTTAAGACC,4
AACGACCTACCTATGGTG,4
GGGGCTTGTGAGACGAGT,4
GATCACGACAGACGGTCA,4
CGGACTAGGGCGGAAAAG,4
GCATATGGGATAATGGGA,4
AAGGGTGTACGCTGGCTG,4
GAGGCAAGAGCCGAGGTG,4
GTGCAAGCTTGGGTATCT,4
GTAGGAAGGGAATCTGCT,4
AACAGGCAGTGACTGTGA,4
AGTGGATGGCAGCCAGTA,4
AAAGGCAAGACATGGTGT,4
GCGAGGCGAATCGAGTAT,4
ATGGGTAGGTCAACGCGG,4
GTTGACTATCTCTTCGAT,4
TCGACGGGAATCGAGCGG,4
GAATGAGTCAGAACCTGG,4
GGCAATAGTCGTTAGTCG,4
GGTGCGGTGTTATGCTGT,4
AACAGCAGTACGGGATGG,4
TGTGCGATTGGCGGTGAA,4
ACCGACAGTCTGCCAGTG,4
GAGGACATGGTGCAATTG,4
AGCGTACGGTTACTGGCG,4
TAGGCCAGGATACTCGGT,4
ATGACCGATCGCTCTTCA,4
GAGCACAGACCGCGGTAG,4
TGGGCATCATGTCACGCG,4
TGTGTGTGCACGACGTTG,4
ATAACACATGGACGGCGA,4
TGGCCTCGACATCGGGAA,4
AGCTAGGGTCACCAGTTA,4
AGCAATAAAATCCTATGT,4
ATGCATTCATCCGTGAAG,4
GATCGAGTGTTCTGTGCT,4
AACGGCACCCTCCTGTAG,4
GTACAGTGTCGCTTGGTT,4
GTACCGTCATGAGAGCTG,4
AAGGGCATCACGAACGAG,4
ACAGCATTCGGTGGTGTG,4
GCTACTATGAGGCAGCTG,4
AGGCATTCAGTGAGACGA,4
GGCATGATCTCTTCTCGA,4
TCCGGACTACTGAGGTTG,4
GTAGCCCGTAGTAGACCG,4
AAGTTGAGGGTGCGGACT,4
GTGTGCTTGCTATGCCCT,4
GGTATGCGAGGCTGGGTT,4
ACGGACGTGTACATTCCT,4
GAACGGGAGTAGAATTGA,4
GGGGTGGTAGGACCAGCG,4
CGGTGGAGGTACTAGGTT,4
GTAGCTTAAGAACGTATG,4
GGGCTGTGACACACAGTT,4
GAGGTGGAATACCTAGCG,4
TTCCGTTACATGTGCCCG,4
GTTGGATCTCTCCAAAGG,4
ACGGCCTTAGACGTGCAG,4
CGCATAGATAGTGCCGAT,4
AGTCGTAAGGTCTATAAA,4
ACTGACTGTAGCGGCGTG,4
ACTGGCGAAGACATGTGT,4
GGGCCAACTCCATGCGGT,4
GAAGGGCGATAGGTGGCG,4
GCGAAGACGTGCATGTGC,4
ACTAGATTTCGCCAGGAG,4
AGGGCTAGGGGAGACGGG,4
GGCTTACGGGACGCTGCA,4
AGGTGGACAGACGCTCAG,4
ACAGTAGGTTCCGCGTGC,4
AACTCGTCTGATGTGTGA,4
AAGCTAGAGTAGTTGGCT,4
ATGGGACTGTAGTGGGCG,4
GACCCATGACGCAACGTT,4
AGCAGGCCTCCGATGCAA,4
AGTACGTGCATTCGGGTG,4
ACACCGATGGAGGTTGTA,4
GTATGGACATATCACGCT,4
GCTCGGTACATTCGGCAG,4
AGGGAAGAGAGGCGCTAC,4
GCACAGGTATTCGGTGTA,4
ACACAGTTGTACGACGTG,4
ACACAACCTCCATGCGCT,4
AGGAGCGATAACCATATG,4
AATACGGGTAACACGGCG,4
GCACCGCGGGACTATAAC,4
AATGCAGTTTACCGACGG,4
GCTACCGTGTCGACATCG,4
AAGTGTTTGGGATACTCT,4
ACAGGGCAAGGCGGCGCT,4
TGCGCGAGGAGTGTTATT,4
GAGGCAACATCAGGTGGT,4
TACACCTCCTACCGAGCT,4
GGCAGGACGGGCCATATT,4
GTACGTAGTGGCTTCGAA,4
GACCCTGGTAGTGACTTT,4
GGCGGCAACTGTACCAGA,4
ATAAAGCCACACGTTATG,4
GAGCGGCGGGTGAATTGT,4
AGGCTGTCATCAGGTCTG,4
GGGGCAATGGTGGACGAA,4
ACGAGTGCCGGTTATGCG,4
GTGGTTGCAGAGTGGCTG,4
CGTGGGCCCGACGTGAAT,4
TGGCGGACGCGGCCCAAT,4
GACGCACGGGTGATAATG,4
AAGCTGAGTCTGAGTATG,4
ACAGGAAGTGAGACGCGA,4
AAAGTGTAACGTCAGGAG,4
TAGCTACTACAAAGTGCT,4
GATCCCGATAAGGTAGGA,4
GCCAGGAGCAGACTGAGC,4
GACCATCCAAGACGAGTG,4
GCAGGCTTTCGGAGTATG,4
AGCCCGTGAACATGTGCT,4
CGATGTGTCCAGCCGACG,4
GGAGGACAAAGTGGTGCG,4
GTGATACCAGACGCGACG,4
GCAAACTCGATTTGACGG,4
GAGTTGAGTCAATGCTGT,4
ATCGAGGGGCTGTCACGT,4
ATGAGCATGCACACGGTA,4
TAGGCACAGCTCGCTTCA,4
GGGAGCGGAAAGCTAGTT,4
TTATGCGGCAGTCAAGCT,4
TCACATATCACTTAAGTG,4
ACAGGCAGTAGTGTTCCT,4
TGTTGCGGTATGAGGGTG,4
GGCAGAGATCTCGGATGT,4
ATCAGGATGGATTAGGGT,4
GGGGACCAGGGCATAGTA,4
ATACCTTAACGCTCATGT,4
ATAGACACTCTGTTCAGA,4
AGGAGGATAAACACAGTG,4
CTGGGCTCGAGGCAATCA,4
GCAGCAACACGGCATGCA,4
GGACTCAACATTCCGTGT,4
GTGGCGTCAATTCGTGAA,4
ACCAACCTGGAGTGCGGT,4
ACAGGGACCTCCGCTGTG,4
ACGTAGCGGGAGCCCTGT,4
GACATGTGATTTTGCGCT,4
GGCGTACGAGACCAGTCT,4
GTAGAGGTGCTCCGGATG,4
TCAGATGAGGCGCTGCTG,4
GTAGGAAGGCGCCGGTCT,4
GACGATTGTATGGTGCGA,4
CAGGCCAATGGAGCACTT,4
AAACGCGGTAGCGGAGGT,4
ATCCGTACGATACTGTGG,4
TGGTGCTAAGCGGTCCAG,4
TATGGCATAACTCACGTG,4
GTGAGACACGTATCACGG,4
GTGCTTACCGACCCTACT,4
GCAGGATGCCAGGCTAGG,4
GAACGGGTGACGCGATGA,4
AGACGACAGTCATGTTGC,4
AGGCAGCCGTGTAGTCAA,4
CGGGAGTATCACATTGCT,4
ATCAGGTGGTAACGGCGG,4
AATCCACCGTGTGCCTCA,4
AGGGTGCTGTAAGGGTAA,4
ATCGACGTGCACAGCAAT,4
GCCAAGTCAGACCGTGAG,4
AAGGTGCAATCCTTTGGA,4
AGGGCGATCAAGCCTGGT,4
CAGGGCATACAACGTGCA,4
CGGAGGTCACAACGGGAT,4
ATGGGCACTTCGCGTAGT,4
TTTCAACCCTTCGCTCGT,4
ACGGTGTGGAGTTTCCGA,4
GTGTGTTCACCATACGAT,4
GCTGGAGCGTTCGAATAC,4
ATAGGGACAATCTCTACG,4
GCGCTGGGGATACGTATA,4
TTGGTACGACTTCATACT,4
ATGGCGACTGTTCCGTGA,4
AATCGGCGACAGCAGTGA,4
ACAACGCCTTTGAGTGTG,4
AGGACGTAACACTCTCCG,4
GAGCGGCAACTAATATTA,4
GCGGACGAAGGAGGGTAT,4
ACGACGACCTTTCTTGCT,4
GTCGGTCAAGGTAATGCG,4
ACAGGCTGAAGATGACGT,4
TGCAGCTCAGTACTGTCT,4
CACAGTGGGATCAGCCGT,4
ACAGGCTGCTAGACTGGG,4
AGACGGATGCTACCCTCG,4
GGGAACACTAAGCGACGT,4
AAGCAGATTCACGGCATA,4
GTAGAGCATGCGATTGGA,4
GGGCAGGGAGGGCCGTTA,4
GTGACGGTGGATAGATGG,4
GGAAGATGACATGGTGCG,4
GGAGCTCATATGACATCG,4
ATGGCCACGATGGAGGTA,4
GAGGCAGGTACTGGATAT,4
GTGGCGGCACATTGGCAA,4
AAGCAGTAGACGACAGTC,4
ACAAGCGGTAACGGTGCG,4
ACAAGCACGTAGGTGTGT,4
GCTGGGAGAGTGTTTCGG,4
TCGTGCGCGCATTTGGGT,4
AACGGTGCTACGTCCTGG,4
GGGTTGCGTCGCTAGAGT,4
AACACTGTCAGTGATGGA,4
GAGTCGAATAGTAGTGTA,4
GGCAGGGCGATTGTTCAG,4
CGCGCGTGACGGCAGTAG,4
GAGCATAGACGACATACT,4
TATCTACGTGTGCCAGCT,4
CCCCCCCACCCCCCCCCC,4
TCGAGGTCAGCACAGTGT,4
CGGGGAGAGATGTGAGCG,4
GAGGCGCGGAGACCAGCA,4
CACGAGACAAGGTCACTG,4
GGGGGTAGCATGCGAGTC,4
AGTGGACGGCAACTGGCA,4
AGCGTATGGACAGATCTG,4
AGGGAGACACCGTGAAAG,4
CAACATCCAACGCGGGTA,4
AGGTAGTCGTTAGCGTAA,4
AAGCCGAACCCAGGGCTG,4
AGGGCAAACGTCCACTGT,4
TATGACGAAGACGGGCGC,4
AGGGTCTACGCACACTTT,4
ACATGGGCTGAGTGTAAC,4
ACGGACAGCTGGAGTGCT,4
AGGTAGTCCGACCCGTGT,4
TCCGGGATGCATAGGTCG,4
CATAGTTAACAGAGGGTG,4
GCTACGGGTACATCTAGT,4
ACGTAGAGGATGACATGG,4
GAGGGTGAAACTCCTGCG,4
AGTAGGTACGAGCGCATG,4
TCGCGGGAAATATCGTTA,4
GCAGTGGACATGGTAGTG,4
GGCGGTGCGTATCGAGGA,4
TCGTTCCGCGCGACGTAG,4
GGTGAGGCATGTTGATGG,4
GCCGGGTCACAAACATGG,4
GGCGTGATGATAACCATT,4
GCGCGTTGTCAAACGGTA,4
AAAGGACCACGGATGGTT,4
AGCTGATTATGCGGCGTT,4
AGTGCCACCGACATGCTG,4
AAGCAGATGAGACGGATG,4
ATGGGGAGTTGGTGGAGC,4
TCACGGCACTCCAGATGG,4
CTACGGGGATAGCCCGGA,4
TACGGTATAGGAGCTACG,4
TTGGGTGCAGACAGGTGT,4
AGGCTGTTACGCATTGTG,4
ACTCGCTTAGGGTTGCAC,4
TGTGGAGTTCACAACTCG,4
GGGGATGCACATAACCGG,4
TATGGTGTGATCAACGAG,4
TGGACGCGGACCGATGTT,4
CGCTATGCGATGGGCAAC,4
GGCAACGTGCTAATCGCT,4
GGTAGCATGACATGGCGG,4
GGCACTATGTTCGCTCGC,4
ATCGATACAGTCGACGGG,4
ATGTCCGATCCAGCCTCG,4
GGGCTTGGTCCAATACGT,4
ATACGGCGTCACCCGGTG,4
CAAGTGGAGACGAGGCAT,4
GGAGGCCGACTAGGTTAG,4
AGACGGCAATCATCAGTG,4
ACAAAGCGGTATAGGCGG,4
GAGGGTAATGCGCTGCTG,4
TGGCGGCCATGACGGTTG,4
AGACAGCAAGACCTGTGA,4
GGGCAGGACCTGGATACT,4
AACATGTTGTCAGGCGCA,4
ACCTAATCGTGTGCTTGT,4
ATGGCTAGAGCGGAGCGG,4
TAATGTGTGGTAATAACG,4
GCTACGCGATGGCGCCAA,4
GACCCATGCAATTACGTG,4
ATAGGGATGAAGGCAGTG,4
TGGCGACTGTCTAGTGTA,4
GGCAGGGCAGCCTATTGT,4
GGCTGACCTAGAGGCGGT,4
AACAGGGACCCACTTAAG,4
TGGACTCGGAGCTCCTAA,4
GTGGCGACATCTGTTCCT,4
ACAGCCAATCATCGTGTG,4
ATGGAGCGTTACCAGCCA,4
AGCGCTGGGTCATTGCGT,4
GCCGAAGTGTGGGTAATC,4
AGTAAGCGACGGCACAAT,4
GTAGACCGGTCAAGGCAG,4
AAGACGGCGACTGGTAGG,4
ACGACATACAAGCAGCAG,4
GCGAGGGGAGAAGGAATC,4
CGTGGGATATCACAGACG,4
AACGTCTTTCTCGGCGTG,4
ATCTAGCTGCCCGTGAGC,4
GACTTGCTGTCACGTGCT,4
TACATGCGCGCATCGTAG,4
GGGTAATCATCTCTATCT,4
GAGGCATGGGATATGGCG,4
TCTAAATCTTCCGACGCG,4
TGCAAGTGCACGGGAGTA,4
TTGGGAATCGGAAACTGT,4
TGGGAGAGAGGCCGCCTG,4
AGTGAAGTCTGACGCTGT,4
AGCCGTGTTACCTCTCGG,4
TGGCTACACAGTACGGTG,4
TGACGGTGCCTGATTGCG,4
ACACCAACTACACATGTG,4
GGGTACCGAGTAGCGTGT,4
TTGTGGAAGATGGGTAAG,4
GGTGCAACTTTGCGGGAA,4
TTCGCAGGCCGCTAGTTA,4
TTCCGCGGTCCTGTTCAG,4
GGTGAGGAATGATCATTG,4
GGATAGGTAGCGGCTCCT,4
TTAGCGTCAACGGTGCTG,4
GCTACGCTGACCTTGCGA,4
ACGGTCGGATTATCAGGT,4
AGGGCACTGTATCTGGCG,4
ATCAGGGTTTGCTCCACG,4
ACGGAGGAGTAAGGCTAG,4
TACCGGTAGCAAATGCGT,4
GCGGCAAGAAGACGGAGC,4
CAGAGGGAAATCGAGCGG,4
ACAGGGAGTTCTGACGCG,4
TATGAGGCTCAGACCGCG,4
GGGTGGCTCCTCGAACTA,4
TGAGGTATGGTAAGGACG,4
GGCGGCGACGTTAGCTCA,4
GAGCTGTAGCCCTCGGAG,4
TACCAGGGAAAGCGTCCG,4
GGCTCTCTGCTTAAAACT,4
ATGACAAATGAGGCGCTT,4
GGGGATTTGCTCATTCGG,4
GACACAAGCACAGGACGG,4
AGGATGGCATCACAGTGG,4
GGTGGGGAAACGGCCATA,4
ACAGCAGAGGACGGTCCG,4
ATAGGCTGGGACTCTATG,4
AGGGTTACGCGAAAATGT,4
GTGTGACGCGAACGTACG,4
GTAGGTGGCGTAACTGGT,4
AGACGTCATGTGTCGGCA,4
AGGGACGAAGTTGCGACG,4
CAAGGGAAAACGGCAAGT,4
ATGCACCAGACGATTGAT,4
GGCATCGGACGCGTACCT,4
ACCGTGGTTACAAGTGCG,4
AGGTGTCCGAAGAGGGTG,4
CAAATCGCTAGTGTGCCA,4
ATACGGCATACACAAACT,4
ATGAGTCTACCGGGCAGT,4
GCGCGGTGTGAAGAGTTT,4
AAGCAGATAGATCGCATG,4
CTACCCGGCACATGTGCT,4
GGCGGAGATCATGAAGGG,4
GGCTGAGCGTACTAGTGG,4
TACATGTCAATGTGTGCG,4
GCACTACCAGACGCTTGT,4
AGCGGGATGCAACGCGAG,4
ATGGACTCTCACTGTCTA,4
GGCAAATTAGGGACGGTG,4
TGGCATACAGGACGTGTC,4
ACTGAGGCCAGCTGTGCT,4
GGGTGGATCCTCAGCCCG,4
ACGAAGGTAACCTTAGTG,4
TCGTCAATACGTGTAGAC,4
ACACCAAGTAGTCATGTG,4
GGCCTCCACATCCGTTTG,4
GCGGGCCAACTGTAACTG,4
GATCGAGACGACATACCT,4
GCTACTTAAACTGCGTGT,4
GTCGCTACCCGACATCTG,4
AGTCCGGTCCGTGGATTA,4
ACGGTATGTGCTCGTCGA,4
AGCAGGCGTGGACTGCGA,4
GCAAGACGTTACGCTGTG,4
ACGGTAGAGCTGCAGATG,4
TCTCCATACCAATCGTCG,4
ACCATACGTGGTTCGTCG,4
ATGACGAACGCCGTGCAA,4
GCCATGGATGCATCGAGG,4
GGGGTACCTCATGGACCG,4
ACAGAGTGAACAGTGGCG,4
AAGGTGTTGACAATGCTG,4
GACCGGCTCGTAGCTACG,4
AGTAGGGGAATACCCACG,4
GGGCTATCAGACTGTCAT,4
CGGGGACAATGAAGGGTG,4
TGTAGGATTCAGCACGTC,4
AGTAGTGTTGTAGCTGTC,4
ATCGGGGCATTCCAATCT,4
AGGGCCTCGGACTATGCT,4
GACAAGTTCTTGTTCGCT,4
ACAAGCAAGACGTCAAGG,4
AGCGGGCATCTCCTTGTA,4
GATACTCAGACAGTGGCG,4
ATAACGCGGGATCGAGTC,4
ACGCCGATCGGAGGTCTT,4
TAGCAGGCGATCCCCGTG,4
GACGGGCAACAGGCGATA,4
AGCTCGGAGCACTGTTTG,4
TGGGCATTCAGTGAACTT,4
ATACACGGAGGCTGCTAA,4
GACAGCTTGCCCATGTGA,4
GGGGCGGACAGGGAAGTA,4
TCGTATCGGCCTGTGTCC,4
ACGAAGCCAGGAACTGTG,4
CAGGACGAATAAGGTGTA,4
GGGCAAATACAGACAGTG,4
TCCGACATTCCGCTTGCT,4
AGTGGACCAAACCAGTCG,4
ACCGCAAGCCAGCCGGAG,4
CAAGAGGGCTTATAATCG,4
ATGATGACTGTGATATCG,4
ACAGGACTGACATGCGTG,4
GCGTGGAACGTTCGCATT,4
GATACCGGTGCAACGTGT,4
GGGTAACCGATGTAGACG,4
AGGATCGTTCCCTGTCGT,4
GGGCGGTCACCATCCACT,4
AATGGGCGACTAGCTGTA,4
AAGCAGCAGACGTCTTCC,4
ACCTCCATAACCTGTGTG,4
TCAACCTCTACCCGTGTT,4
GGGACGTGAGTAGACTGT,4
ATGCAGCGTATCCGGGTG,4
ACAGGAGGTCTCACTTGG,4
GGGGCCTTGAACCAGGTA,4
CATGGGTTCCGCGTATAT,4
AAGCAGGGGCCACTCGCA,4
ACAGGACCATACTAAGTG,4
GACGTACCAGACGTCGCT,4
TCGCGTGTGTACAGTCTT,4
TAGCAGGCTAAGGGTAGC,4
ACAGACAGCCCCGAGGTG,4
GGGACCATGTGCGATTTA,4
ATGGAAGGGAGCAACATA,4
CTTCAACGCTGGGTCGTA,4
GATGGAGAGGGTGACGCG,4
ATTACAGAGCACTAGTGC,4
ACGCAGACTGTCATTGGT,4
TGTTGCGCCACGTGATGC,4
TGGCCACACTTGCTCATG,4
AGGCATGTTACGGCTCGA,4
TACGGGTTACGTAGGTTG,4
ACACGACGTAGTAGCGTG,4
ACAGAGGCGATTCTGGTG,4
GGGGACATTAATGTGCGC,4
AGGACATTCGCACGTGTG,4
AACGCGGGTGTGTGGACT,4
TAGCGGGCTACAGATCGC,4
GCCGTATCGCGCGTTAGG,4
GGGTACCACAATATGTAG,4
GGAGGCATTAAGCGTTAT,4
ATCGGGAACCTGGGGCCT,4
GTGGAAATACCTGATGTG,4
TGGCCGTAGCCTGGAGTA,4
TACGGGCGCGCAGATGAT,4
GACGGAGGAGCGCATAGC,4
ACTCGGAGCTATGGACCG,4
ACTGGTGCTATCCTACGT,4
GTGAGGCTGTATTCGGAT,4
ACCTATCCGGTTCAGGTG,4
CACGGACGCCCGCTATAG,4
GATCGTTACGCTCTTTTG,4
GGCAGGGAAACATGATGC,4
GATGGTAGGCGTCCGCAA,4
ATAACTGCGCCCTGTGCT,4
TTAGTGGATGCGGACTCG,4
TGTCGTAGGCAGACGGAG,4
ATCAGGCACAGGACTGGT,4
ATGACGATACTCGGCTCG,4
GGGGTACGGAATAGCGCG,4
CTGTTCGCATGGGGACCG,4
AACCAAGCAGCAGCCGGA,4
TCGTGAGCGTCAAGTATT,4
ATGTGTGGACCCGTCGTG,4
GGGTATGAGACGTGTTCC,4
TGCGGTTTCCAAGGGCAG,4
GGTGGAGAACACGTCGTC,4
GCATTACAATTCCGTATG,4
AGCGTTGCGTCCTCGGCG,4
ACGGAGTGCCTTGGAGTT,4
CACTGGGAGACGCATTAA,4
GGCATCTAGACGACGTGT,4
ATTCCGCAGTTGAGGAGT,4
ACTGGATCGGTCCAGAGG,4
TCAACGGGTTACACGGTG,4
AACGGGACTGGGCCTGTT,4
ACACGGTCAGATGTGGAT,4
TCAGAGCGTGCCGCGGAG,4
ACAGGTCATGCTACTCCG,4
GCGTGGGAGCATTATCGG,4
GTAGGCGTCGATCATCAT,4
GAAGGTTATGTGACGTTG,4
TTGCTGATAGCTCTCGGA,4
TGCCTGGTAGGGAGATTG,4
GTAGTTAGACACCCAGTG,4
TATCGTTGGTCAGTCTAC,4
CGTAGATACAATGCCGAT,4
TGCCCCGACTAACGAGTG,4
GGTGCACGGTTAAGGTGG,4
AGGACAGCGGATGACGTG,4
GGCTGCAGAGGACGGAAG,4
AATGGTACGGCCATTGGA,4
TAGCGGTAGGCTGTATGT,4
GAGGAGTGATGAAACATG,4
AGGGATCGGTTGGACCAT,4
AGATGCGAGCAACGGAGT,4
GCATATCGACGTGTAGCC,4
AGAGAGGGTAACGGATGA,4
GTGCGTAGTCATTGAGGA,4
GGTCCTGATCGTGCTGCA,4
CGCAGGAAATGGGAACGG,4
GGGGGTAACCACCGACGT,4
ACAGGTTCATTCGTTCGG,4
ATCGGCGGATAAGCAGTG,4
GACCGCTACTGAGTGTGC,4
CTAACACGGGGCAGGTTA,4
ATTTGCGGAGATGGACGT,4
ACTGGGCGCTGGCAGATG,4
CAATGCGGAACGGTGATG,4
GGCTCGCCTGTGGATAGG,4
AAGCAGAAGATTCGAGCG,4
TGGGGGACAGGAGGAAGC,4
TTCGGTATCAATCTCGGG,4
GACATCATTGTTAGAGTG,4
ATACAACGTGACGCGGCT,4
GAGAGGACTCCAGTAGCG,4
GGCCCGTATCGGACAGTG,4
AGGATCTCACAGACGCGA,4
GGATGGACCACAGACACG,4
ACGCCACTGATGACGGAG,4
ATGGGCGATCAGCACAGT,4
GAAGTCCGCATCGGGATA,4
GTGCATCTGCAACACGGT,4
TACGAAGACGCACGTTTA,4
GGACGCTACGAATGGAGT,4
ACTGCGTTGGGTTCACAG,4
TGAGCGGGCGATCCACAT,4
TAGGGACCCACACAAGAG,4
ACGGCTGACAAGGGACGT,4
GGGAACCGCCTCGTTGCG,4
AACGATTCGGTGCGCTGG,4
ATGCACCAGCCGCGGTAG,4
AAATGTGGTTCAGCGGCG,4
GCGCGCGCAAAGGTGGAT,4
AGACGTATGTTCCTGATG,4
ATCCGAAGAGGCAATGGT,4
AAGCAGCACGAGGCAGCG,4
ATGGACCAAGTACATGCG,4
AACAGGCGGTATGATCTA,4
AGTGAGTGATGTACTGGT,4
AGGTATCGCGATAGACCG,4
ATAGCGAGGGTTAACTAG,4
GTAATTCGTGGCATGTCG,4
TGGACCAGCGGCAGTTGA,4
AGCCGTGGCAAGATGGCA,4
CATGCGGTAATCGACTGG,4
TAGACGCGGCTAACTTCC,4
GAGAGGTGGACATGGAGG,4
TGAAGGCGGAATGTCTTA,4
CACGGGATGAGGGTGCTC,4
GAGATGTGCGACCGCGTT,4
GGAGGCTGAACACGGTGC,4
AGTCGCTCAGAACGCAGT,4
AGCAGATGCGAGGCGCCT,4
AGTGGCCGAACGGGTGAG,4
GTGCCAGGTTAGCGCGAT,4
GGTACGGGCGCCGCATTA,4
AGGTAGGTGGAGTGACAG,4
ACAGAAGGTGTGCCACGG,4
TTGAGAACCATGACGAGG,4
GCTGCTGCGTTTTCGCGG,4
GCGGCTAGCAAGCAGAGT,4
GGCGTGGAATCGAAGGCG,4
GACTGCCGGCAGAATGGG,4
GCACAAGCAGAAACGCGG,4
AGGCATATACTCATACGG,4
ACACCCACACACATACCG,4
AATGGCGTTAGTGGACCT,4
ACCAACTAGTGGGAGCCA,4
GTCACGGTGAGACATGCG,4
AACGGGACGCCTAGGTGC,4
AGGGAAGGTGAATCCATG,4
ACACACACCGATCCACCT,4
ACTGGGTAGAGTGTTCAT,4
AGCGTAGGCATACATGCG,4
CAGCGGGGAATTGCATAT,4
TCATTGCGCAAATGTTCG,4
GATCGTACGTGCTGCAGG,4
AGGTTCGACCCTATTTCG,4
GTGTTACACGGACAATCG,4
AGGCGGGTACAAACCTAA,4
GAGGCAGATTCAGACTCG,4
GATGAGGGGAAAGCATGC,4
ACAGACACTCGACGCATT,4
GCGGTGGTGTGCTCCCCT,4
GGGAACGGGATTAATTAG,4
AGTGTTGTCGGGAGTCCA,4
ACGGGATACTGAGGGCCT,4
ACAGAGAGATTGGTGCAG,4
ATTCATCATGTGTGCTCA,4
TGCGTGCAGGAATCGATG,4
GCTGCGGGCATCCCAACT,4
TGGTAGAGAGCAGGGTGC,4
GGGCAGCTGTCAGTTCCG,4
TCGAACGTGCAGCAATGT,4
GGCGATGAACTGACGGTG,4
CAAGCAGGAAACATTGTG,4
AGGACGGAAGAGCTATCT,4
GCGGGAAACCCATGTCGC,4
AGGCGTGTAAGAGGGCGT,4
AACGTGCCATACGTGTGG,4
CTCTCGTTGGCCCAGTGG,4
GCGGTGAAAGTCTGTGCG,4
ACGGGGCTTTCCCATTGG,4
TGGTCATCCGCGCGGCTA,4
GTTGGTCGCCCAGCCCAT,4
ATCACCATCCGGAGTGTG,4
ATGGGACCTGCCGAGGTG,4
GCGGAACGTCGGGCCACA,4
TGCGGATGGCGCTTAGTG,4
AATGGTCGCTAATGTGGA,4
TGCCCAGACCTTATGTCT,4
GGGTCTTCTCGGCATCTT,4
GAGCACCGATGACGCCTG,4
ACGGAAGGAGTGCTGACG,4
ACGAATCTCGGGATGGTG,4
GGTGGAAACCTCAGGCGA,4
GGGACGATCCATTCCGCC,4
GGCAGGGAGATCACAGCG,4
TGGCTGGCCCAGACATTG,4
GGGCAGGGTTCATCCCAA,4
TGGGAATAGGTAGATTGA,4
ACGGGTTCAACGCGCATG,4
AGGAAGTACAGTCGCTGC,4
AGGGTAGGCAATTCCCCT,4
ATGGTGTCGAAACATGGA,4
GGAGCCTAGCCCCGTAGT,4
AGGCACTCACCCTTTGCT,4
GGCACTCGTTTCGCGGTC,4
ACGGGCCTATCGTCTGTG,4
AGGCTAGGTGTACGGCTA,4
TGCTCCCTCGACTATCCG,4
GGCAAAGAGCGGATGTAT,4
ATGGCGCTACCTTAGGTC,4
GCACGAGTCGTCTGAATG,4
GTGCGGGATCCAGACTCT,4
AAGATGCCATGCTGCGCT,4
TACTCAGGGAATACTGGA,4
CAGTGCAGGGCATGTAGC,4
TGTACAATGTATGCGTCG,4
TGATGGTGAGTCGCTGTA,4
ACGACGTATATGTGCTTG,4
GTGCCACTACGGCTGCCG,4
ACGGCAAGAGATGGCGTG,4
ACGTACGGTGTGTAGTCG,4
AGAGGAAGTAGGGGTGCG,4
ATAACAGGCTGATGCGTG,4
TACCCATCATCATGTGCT,4
GCGTCAAGACCATTGTGG,4
ATCGACTGGACTGGCATG,4
GCGACTCGATAGACGATG,4
GGTCCCGGAACGTCACAG,4
AGGGCAAGGACGAGTACA,4
GGGATCCGGTACGCTATG,4
GTCACGTGCAGGTGATGG,4
TTGACAGGTAGTACATAT,4
AGGGACACACTGAGGATG,4
ACTAGTGACTGGTAGCCT,4
GTCGCGACGTAGACATAT,4
GGCAGATCGAGGCTTCGA,4
GGAGGTATAGTAACAGCT,4
ACGGGCAGTATCTCTCGT,4
TTAGGACGACGGGCTGCT,4
GATCAGCACACGACGTTG,4
AAGGGAAGGCAAAGACGG,4
GGTAGGCGCGCTGAATAG,4
AGCGAGTAAAGAGCTGTG,4
AAGCAGGACTGGCATTGG,4
TTAACAATGTGTCGCGTA,4
GGTGGCAGAAGGTGGTTG,4
AGGCGGTAGATGAGCAAG,4
AGCACATTGACGGTACAG,4
ATGACGGCAGAACTAGGT,4
ACGCAGTGTAGGTTTCGT,4
AAGGCAGCGTACGGTATA,4
CACGAGACGTGTCTGCCT,4
AGGGGCATGCAGGTCTCT,4
ACGCTGCTGGAGACAGTG,4
CAGTGGGAGCGGCCTGTA,4
AGGACACTAGACTGGGCT,4
GGGTAGAGGACGGAGGGA,4
CCACGTGGGGTATCAGCA,4
GACTTCGGATAAGAGTGG,4
GAAGCCAGACGCGTGTCG,4
ACAGAAGCCATAACTGTG,4
ACGGGAATACGGTGAGCG,4
GGGCACTGGTTCTCGAGT,4
GGGAGCCAACTCCTTATG,4
GTACAGACGCTGTGTCCT,4
ATGTGCGTACGTACCGTG,4
CGAGGGGACACCATTCAG,4
GCGGGAGAGGATGTGTCG,4
GTGGATCTTCACGGTGCT,4
ACAGGGAAGCACGCCGTA,4
GACGGCACAACAATCATG,4
TGAACGACTTTGTGCCAT,4
TGGAGTGCCGAATGCTGT,4
TGGGTGCAGGCTGATTGA,4
TAGAAGAGGAGTGTTGAG,4
GTCAATCAGACGCGACGG,4
GTAGTACTAACGCGCTCT,4
ACACGAAGGATCAGTGCG,4
ACGCGGTTCCAGAGATTG,4
TCCGAGTATAGAGTGGCT,4
GGGTAGAGACTGTGATGC,4
GGTCCGGTACTCGAGCAG,4
AACCGGAAGGCGCGTCGG,4
ACATCTGTGGGACTCTTT,4
AGGGCCTTTGGGACATTA,4
GCGGCGAAGTGATGATGG,4
CGTGGGGATAAATGTAGT,4
GATGGGTAAGCACTATTA,4
GGAGTGCAACATACATCG,4
TTCCAGGCGCATAGTTGG,4
ACGGACCGCCGTCATGTG,4
ACTGTCACCGTGCGCTAC,4
AACGAGACGGTGACGAGG,4
AGGCATGCGGCATGTACT,4
ATGGGCCCATCATGTGCT,4
CTCAACTGGAGCACTTCG,4
ACACATTATCGCAACGTG,4
AGGGCTATATATCTCTTG,4
TAGCCTCCACTGACCGTG,4
GTGGAGACGCGAACAAAT,4
GCAGAAGGAAGTTCAGCG,4
AAGCAGGACACCAGCATA,4
ACCGGGCACATGACGGTA,4
TCAAGGTTGGGATCGCGG,4
ACAGGCGCCTAGCGTGTA,4
ACGTGAGTGCAAACCGTG,4
GGACATCCGCCTCGGCGA,4
GAGGGACTATGCGTTACA,4
TGGGTCGCTCACTATAGC,4
ATGCTGGGATCGGAGGCG,4
AGGGACTAAGTGGGAGCG,4
GGAGAGCCCAGCGGTATA,4
GGGGCGGAGGCCAAATTG,4
GGAGGTTGCGGCACATGC,4
TCGCAATAATGTCGCGTT,4
GAGGCCGTTAAAGGTGTG,4
CGGGTTACTGCTGGGTGC,4
GGGCAATGAGACGACTCA,4
CAGCGGGTAAATATGTGT,4
AGGCACAACGCAGCGTGG,4
GCAGAACGAGGCGATGCT,4
ACGAGGGACAAAAGGCAT,4
TGTCGATGAATGGAGCAT,4
TCTGTGGAGATGCTTCTT,4
ATCACTGGAATAACGCGG,4
ACGGCATTGCATGGCGGA,4
GATCCTGTGATCATCGTA,4
AGAAGACCGACTACTTAC,4
TGACGGCATTGACCGGCT,4
AATAGGAGGCTACGGCAT,4
AGGCGACCTATGGATGCT,4
AGGTGGTATACGCCACGG,4
TGAGGTATCGACTAAGCG,4
AAGCAGATCCCAATGTTC,4
AAGCAGAAGCCTAGCAGC,4
AGCACGCAGAAAGCTGGA,4
TATGCAGGCACAGCAGAG,4
CTGGTGTGCATGAGGACG,4
AGGACGTAAAACTGGAGC,4
GCGTCCCGAAAGACGGTG,4
GACAGGCGACATCACACA,4
GTTCGATCGTTAGACTTG,4
AACGTGTGCGGTGACGTG,4
TAGCGACTGATCAGGTGT,4
AAGCAGGCATAGGGGCAG,4
GGGTGCAGACGTATACAG,4
ACAGGATGGTGAGAGGCG,4
AGACGTCTGCAGTTATGG,4
TTGGCTAGTATTCTGCGT,4
ATGCTATTCATGCGCGGT,4
GGGGACCAAGATGAGAGG,4
GGTACGGAAGTAAGCGGG,4
AGGAGCCTAGGACGAACG,4
ACGGCGCACTGTGATTCT,4
GAACGGGACAACCCAGTG,4
ACGGGCACACGACACTTG,4
GGGATAGACAGAGAGGTG,4
GAGGTGTGCAGCTACGAC,4
GGTTGGTACAGTGATCCA,4
GGAGCTATGGGCAAGACA,4
ATTGGCGAACACTGATGG,4
GAACCTGTATGGGTGAGG,4
ACATAGACCATCGATGTG,4
TGAGTTCGAATCTGCTTG,4
AACGGGTCTACCCTATGG,4
TGGACAGAGCAACAGTCG,4
AATGCGCCGTGTTCTGCA,4
TGGCAGGTAGGTAGAAGG,4
AGACTCACGTCAGGCGTG,4
ACGTACGCTCCAGAGTGT,4
GCGAGGCGTAGCTTATTG,4
GGCATACACCTTCGTAGT,4
TCGGTCCAAAGACGGATG,4
GTCTCGACGAGTGATCTT,4
AGGGGAGAGGAGGCGGTG,4
GGGAGCAGATGCAAAGTT,4
TGAACACAGGGTGATCAG,4
GGTTATGCGCACAGTGTG,4
CCTGGCGGAAGCAATGCT,4
AGGTGAGCGTCCAGGCTG,4
GCAGGAGGTGTTAAAGGC,4
GCGGCGCTTAGAAGAGAT,4
AGCGGGAAGAGATGCCAT,4
GATAGACGTCGTACTGTG,4
GCAGCATGGGAAGGGATG,4
GCCTATGTCGCACGTACG,4
GCAGGCTGGTTGGTTGTA,4
GGAAGGCAGGAAAGGAGG,4
ATGGCAATCGAAGCGTGT,4
TGACGGTCAGGCCAGTAC,4
GTACAGTATGTAACGAGG,4
AGATCGGCAGGTTAAGGG,4
ACGGCACGTTCTTGGAGT,4
TGAGGAGCTCCCTCAACG,4
ATACAGTCAGGCCAGCGT,4
AGGCGTCGCAGTAATGTA,4
GGTGCGCAACTGTGATAG,4
AGAGGGCGCCACCTTGCT,4
GAAGTGGTGAAGGAGGCG,4
GGGTAGGGGACTTGGCAT,4
ATACGGACGGCCTACGTA,4
ACGGTCTTTGTGCTGTGC,4
TAGCAACGCAGGGTGTCG,4
ACTCGAGTGGTGTCCGGA,4
CCTGGGGTAAATCAGTGT,4
ACAGCAGCTGGACTTCAG,4
AGGTAGCCATTGAAGCCG,4
TGGAGCCTGGCTAAGCTA,4
AGCGGTGTATTCCAACGG,4
GATGGGTTCAAACCGGTT,4
GTGGCGTTAGACGTCTCC,4
TCGGCACACTGGGTAGGT,4
ACTGTCGGAGGTAGAGCG,4
AGGCGGGAAGTATTAATG,4
AGCGATGAGGTAAACGTG,4
AACGAACCAGCGAACGTG,4
GGCCGGAAGAAGGACGTG,4
GGCAAGTTGACCTGGCGG,4
AATGGTAGGTTCCGGAAG,4
ACAGGTGCTAACAATGTG,4
GCAGGAGGCGCAACGGTA,4
AAGCCGAATATGCGCATG,4
TAGAGTCGCACAATGTGG,4
ACAGCCTTATTACCTGTG,4
CACGGGGTACAGCCGTTG,4
GACTAGGATCACATGTCT,4
AAGATGTACCGCGTGTTG,4
CAATCCGATAGTAGTGTG,4
ATGGGAGTGCACACGTTA,4
AGTGGACAGGTACTCTAG,4
ACACCTGTTACATGTGTG,4
GGCAGCGTGTTTATGTCT,4
GAGTCTAACACGAGGGAA,4
GGGATGAACCAGGTGGAG,4
AACACTGAGCTACGCGTG,4
GTGCGGATCAAATACGGT,4
GCAGGTTGGCAACATCAG,4
AGGAGTTGTGAACGTCGA,4
AGGGAGTGTCGCCGACGG,4
TAAGGCGAGAGACGCGTA,4
ATGGACGGCCAAATGTGA,4
GCGGGACCTGTACTGCAA,4
AAGAGGCTAGATGGCGTA,4
AAGCAGTAGGGAGCCGAG,4
AACGGTCTAGAACGTCTG,4
TCACGTGGAGTCTACAGT,4
AACTGCGGCGTGTTGATG,4
AGCTGGACAGACGGCGTA,4
ACTACACGGAAAGACGTG,4
GCTTGAACTCTGTACGGT,4
ACAGGGTATGATAGACGA,4
AGCAAACGTGTGCACCGG,4
GGGGCCTGTTCCCTAACT,4
AGAGGTACAGACTGACGG,4
GATGACGTCCAGATGGTG,4
CAGTGAGGGTTGAGCTTG,4
AGGCGTTCATCGTGCCGA,4
ACAACGTGTGCGCGGACA,4
GTGCCCGATTATCAGTCG,4
ACCGGAACAGCGACGTGT,4
AAGGGAAGACGTGCACTA,4
ATGGGATGACTTGTCCTG,4
GACCTGTTGAAGGGACGT,4
ACGACTGCCCTGCCGGGT,4
ACCCGAATCCAATGGTCA,4
GGCAAACAGATGGCGGCA,4
GCAGTAGAAATACGGATG,4
AGTAGCAGAGCGGATGTG,4
ACAGAGGAGTGAGGCACG,4
TACACTGGGACAATGGAC,4
GATGGGAGATCTGGGTGT,4
ACGGTGTGAGTGAGGAGA,4
GGCGGAGACGGGTATAGA,4
AAGGACCTGGTAGATGTG,4
ACGGGTCAAGATCGCCAT,4
GCCGCGGGTGATCTTGGA,4
TCGCCTTCCGATACCGGT,4
AGATGAGTTGATCAGCGA,4
ACGGGCTCGTAAACCAGG,4
TGGACAGGATTCGTTGCT,4
AAGGTGCGCTTCATCCGG,4
ACGTCGACAATCTGATCG,4
CTGTGGGGAACTCGGCAG,4
ACCCTGTGGGTAGTAATG,4
GCAGAGAGAGATGCCGAT,4
ACATAGCGACAATATGTG,4
ACAGGTGGAATCCGGCGT,4
ATCGTGACACGTTCGAGA,4
AGGAGTAATGGTGGATTG,4
TGTGGGCTAGGCTCAACA,4
ATCAGGTTGTGTGATCGT,4
AGCGGGTAAGGGATGTCG,4
ACAATTCGTCAGTGAGCA,4
TCGCAGACGTGCAGCGCT,4
TTGCACGGTCCATGTAGG,4
ACCGACCGAGACTTTGTG,4
AGGGAAGACTGACGTGGC,4
GGGTGATCCAGGCCTGTT,4
CAGACTGGGATTGATGGT,4
TGGGCCCAAATGTAGGAG,4
GGTGATGACTGTATGTGC,4
ACGGGCAGTTACGCGGTA,4
CGGGCAACGATAGGTCGT,4
AGGCAGTGCACGAGTGTA,4
AGGGATGACAGATCACGG,4
GCTGCTGTGTCAGGTCTA,4
ATGTGCCCACCACTGGCT,4
TGCTGACTGCTTCCTGTG,4
TATGCCGTCATAGTGTGT,4
GTGGTTAAGATGCGCTAT,4
ATGGCGTCGAGCAGGCTA,4
AGGGCCACCCTTTAGTTG,4
GCACAGGACGGTGCTGCT,4
GAACGGGCGAAACGGCTA,4
AGGTGAGCGTTTCGTCTT,4
AGCACATGTCAAGCGGTG,4
TTCGGATGCCGGGCTCAG,4
GCAGGGACACAAGGTAAG,4
TGAGAGCCTGCCTGTAGT,4
TAGCACGGGTAACTACCT,4
GTGGGAGATGAGACCACG,4
TTGAATATGTATCGTGCG,4
CCAACGTAACGTGATGCT,4
ACCGAGCAGACTAATGCG,4
GCAGAGGTAGTATGACGG,4
TGCGGGATGACTATTCTT,4
GTAGGCGGAGATTATTGC,4
AACGGATCTCGAATGCCG,4
GGAGGGACCGACACTGCA,4
ACGGGCAAGGCACAGTGT,4
GTGGGACCCGACGTTGCA,4
AGCGGATGACGAGAGCGG,4
TCAGTAATCTATTGTGCG,4
ACTGGTTACGCGCTCTCT,4
AGGACTCAGAAGACTGCG,4
GATGCCTAGAGTCTGGTC,4
ATGGGTATAATCCCACGG,4
ACGAGGGAGGTATGTCAT,4
CGGAGGGATATGGAGATG,4
ACTCGCTCAAGAGTGGCG,4
ATTGTGGTAGACATCTGC,4
GGACTAGGGTTAGGGATG,4
GGGCACACTGACCTAAGT,4
GGTGGCAGATGGCTTATC,4
CATTAGTTAATGTCGGCT,4
AGTAGTACAGGTGAGAGG,4
ACGGGCATACAGCCAGTG,4
GAGACCCAACGGTGTGTG,4
GCCATAGTCGTGATCCTG,4
TTGAGACAAGCGGCTACA,4
ACGGGCACCTTAGTTTTA,4
GATCCAGCTGTCATGAGA,4
GTATACTATCGACTGTGG,4
AGGGCAGTCGGCTGTCCT,4
TAGATGAAGCACGTGTAT,4
AAGCAGGTAGAGGGGACG,4
TTAGCTCCGATTGCAGTG,4
GCAGGCAGGGTATGGAAA,4
AGGGCCACTATGTACCTG,4
AACTAGTACGCCGGATGT,4
TCCTATGCTGAGGCGCGG,4
AGGGAGAGCAAGTGAGCG,4
GTGGACTCTCACAGGCAT,4
AGAGGATAATTGTCGGCG,4
GAGGCGGTAAGGACAAGG,4
AGGTGCAGCCGTGCAATA,4
ATGTGGGCGTCGTCACAT,4
ATGGACGTTCGTGAGCAA,4
GCGAGAAGCGTTATTGTG,4
ACCTAAGGCATTGACGTG,4
GACTGTCGACCGCAGGTG,4
AAAGGTATCGCGCAAACA,4
AGGCGGGACGTGAGCTTA,4
GGTGTAGGAGACGTGTTG,4
ACAGGCTGAGACTTGGCG,4
CGACATGTGATCCCTGTG,4
ACAGACGACAAGACTGGA,4
AGAGGTGGAACGCCTCGG,4
GATGGCTTGACACAGGTT,4
ATGCGGAATGTGTGTTGG,4
AACGACTATGCTGATGTG,4
ATGGGGTTCCATGAAGCG,4
TGCTACGTTCAGCGTATG,4
AGGGACGAAGGTTCATTG,4
CAGTGATTGTAGACTGCT,4
CACGAGTACAACGATGTG,4
AGTGCGGTAAAACCTGTG,4
GGGACGTAGGGTAGCTTG,4
TTAGGCGGTAACTCCGTG,4
CGGGGAGAAGTCCAGATG,4
GTACGGACGGTGAACGGG,4
ATAACGACCGACGGCATG,4
GGACCGACGATCTCGTAG,4
AAGGGATTGCGCTTGATC,4
ACACAGCGGCGGAGTCAA,4
GGGCACGGGCAAAGATGG,4
ATACGGTGCGCGACTACA,4
ACCACGCTAGTCTCAGTG,4
TGGGCAGTGGCTTCTGCT,4
ACAAGCAGGCGGCACGAT,4
ACAACCAGCTATGGTGTG,4
GGTGGACACGAGCACTGG,4
ACGTTAGCAGCACGTTGT,4
GTCGATGTACCCGTGTGT,4
AGAGGAAGACTGGCCACA,4
ATGGATCATTCCTTGATG,4
TTGTGGGATACGACAGGA,4
GGCAGGGACCGCCCGTAT,4
GAAGGGACTGTTCTTCGG,4
ACGTGCCTTGGTACTGGG,4
GACGGGCGAAAGGGCTAT,4
ATCACTTCGACAGCGGTG,4
AACGTGTTGGCGTTCTGT,4
GCACGTTGGAGTGGCACT,4
ATGACGTACAAGTGTTCT,4
CAGCATGAGGGGTACAGT,4
TCGTCCTTGTCTACTGCT,4
GGGCTGCCATTCGCTCGG,4
GCGACGAGAACCAGGGAG,4
TCGGCGGAGTGAGGTCTG,4
TCGGGCTCGGTTCCAATG,4
AGAGCGTCCTCGTGATAA,4
GACTACCATGCGCACGTG,4
TTCAGCTGAGGGTTCCGT,4
TGAGGCATGATACACGGT,4
GGCGCCAATCAAGAACAT,4
GAGGAGGAAATAAGGATG,4
GAGGTAAGGCCTTGCTGT,4
GAATGGGCTGCCTACTGT,4
GAGGTACGATGAGCGCTT,4
GCGGTGGATACCGAGCGT,4
AGGTGGCACGTAGACCTA,4
ACAGGTCATGTCGTTCCG,4
ATGGCCTCACGTAGGGTA,4
GGACAGGGATGACATGTG,4
ACAATGTCGACGTGGACT,4
GGGCAGGGTACGCCCGAT,4
GCTTATACGCAAGGTGCT,4
CAGGGGACACCGAGGACA,4
ACAGTTCGTCATTGTGCG,4
AAGGGTCGCTCTGAACAG,4
TAGTTGCGCGGTCCATCG,4
AGCGCGGTAGCAAGACGT,4
ATCATCATCATCATCATC,4
ACGGTTGGATACGGAACT,4
GAGCGCACAGACTGAGGT,4
AGGGGACAAGGTGGCGAT,4
GGGCAGTGACAGGGGATG,4
ATACTTGGTCAGGACGCT,4
TCCGGGACATAGCGATAG,4
TCATGGGCATAGCGCGTT,4
AAACAGGTGTTGGCATGT,4
GGCAATACCAGATGTCGT,4
CGCTAGGCAGAAGTACGG,4
GTATGTCGACCTGGTATT,4
GAGGGATAGGCACTCTGG,4
AAGCTCCAAACGGGTGAT,4
ACCAACCCAACACGCGTG,4
AAGCAGAACCGCCAACGA,4
GACGGGATGTTGGCTGTG,4
TGCAGTCCTATACAGTGT,4
TGGACCCACTCTGCCTCT,4
GCCTTGGAGTAGTTCGTG,4
ATACCCAAACGTGAAGTG,4
GGGGCTAAACTCCACACA,4
AAGGACGTGCCCATAGAT,4
AAGCGACGTCAGACTAGT,4
ATGTGCAGCGTAAATGTG,4
GACCATGCGGAAGAGGCA,4
TGAGGCCTGCAGGTGCTT,4
AGTCTTCCGGTGCTACCT,4
TGGCAGGCAGTCACGTAT,4
TGTATACGACCACGGTTG,4
TCGGCCTTGTTCGGAGGT,4
GGCATAGTGCTTGGACGG,4
CATGCAGGGTATAGCTGT,4
GTGGGTTATCGAGTACCA,4
GGCATCGAATGTCCAGCG,4
GGGGTATCAGTCCGCACA,4
ATGTGACGGTTACTGTTG,4
TCGTTTGTGTACGGGCAA,4
AGCGGACTGGTTAGGTCG,4
GAGGACAAAGGTGAGGCT,4
ATCATCGTACATGATGGT,4
TGGTAGACGTGCGATTAG,4
AGCGACTCTTAGGTGTGA,4
GGAGGATGAGTACGACGT,4
AAGGCAGGTTATTGATCG,4
CATGGGAGATGACGGATG,4
ACGACGTGTATGTACTTC,4
CGGGGATATCCCAGGTGT,4
GCAGAACGATGTGATGTG,4
AAGGAGAGTGCGGCCACG,4
ACACCATACAACGTGGCT,4
TAACCTGGCACCACTGCT,4
GGATAGGGTAGAAGCATT,4
ATTCGGGTAGTGAGCCAG,4
AAGATGCCAGGTGACGTT,4
AACGGGCCCGCTATAGGA,4
TCAACGTCTCTGTGTGCC,4
TGCGAGGCAGGTGTCAAA,4
ATCACGTCGCAGAAGGCG,4
GGAGGCGGACCGTTAGTG,4
ACACACTACTCCATTCCG,4
AAGGTAAGGGTAGAATGC,4
TGGCGGACACTTCTTGCG,4
GGAGGCTAATTACGCAGT,4
GCAAGGCTAGTGATAGCT,4
GGGCACAGTAGGTGTTAG,4
GAGGCTGCAGGACGCGGA,4
AGAGCAGGTAGGGGCCGA,4
AGGTCCAAACCGTCAGCT,4
GCGGGATGTATAATGACG,4
AGTGGTAGCACGCGCTGC,4
GGGGCAAACCATAATCGT,4
GGGCAAATAGGGTACGCA,4
GGGGTCACATTCAGGGGT,4
AATATGGATCTAATGGTG,4
GGCGGGCTATAGGGACGA,4
AACTTGACGGTGCCAGCT,4
AGAGCGTATGCAGGGTGG,4
GTCCATACGATGTGCTTT,4
ATGATGTGGTAGCGCCAG,4
ACGGCGGTGGAGAATGCA,4
GTTGGGCCGGCTCAACAT,4
AAGGACAAAGCGTACTCG,4
ACATGTCGACATTGTGTG,4
GGGCTGGATGTGAGCGCA,4
TATCCAGTCGTGCATGAT,4
TCTACGGGTACTAGGACG,4
ACCGAGTGATAAGTGCTG,4
CGTGGAATAGCGGTTCGG,4
AGTACTGGCATTTCCTGA,4
ATTACCATTTGACGTACG,4
TTAGCGCAGTGTCGTCCT,4
GGGCCGATGCAAAGCTAG,4
AGGCACAGCGGCACTCGG,4
GCTGGGATAGTTGTGCAG,4
GTGAGGCGGTAAGTAACG,4
TAAGTCCGGACGCTGTGT,4
GAGGTGGTAATAACGAGG,4
AACGCTAATTACGCTGGG,4
GATAGAGCGATCACGTGC,4
GGCTCGCTGCCATCTGTA,4
GGGAATGGTACTTAGAGG,4
ACGGCGATACGCGTGCTG,4
GTGGATGGCACCGACAGT,4
TCGACTTGCTATCAGTGT,4
ATAAGAGCATCGCATGGA,4
GCGAACTATGGTTTGCAA,4
TCGCAGCGATCGTTGTGG,4
AGGGCTAAGGCGGCGACT,4
GAGTGGCATACTGGGTCA,4
ACCGGGTCTGGAGCTATT,4
ATCTCGCATGTGGGCAGA,4
GCGAGATCGGCACTAGAG,4
CGGGCAGATATGGATAGT,4
CAACGGTAGCGTTCAGTG,4
AGCAACGACCTCTTGCGG,4
ACGTGGGAGAGTTCATTG,4
GTAACCAGACGGCATACA,4
AGGGTAACGTATTCCTGT,4
ATGGGTTGAACTATCTCG,4
AGCGACTGGGTACATACG,4
GAGTGCCTGTAGACATAG,4
AGCGACAATTCTGCTGGT,4
TACATTCGGCGCTGTTCT,4
GCTCGGCATTGCTTCGTG,4
GGACGCAATTGTGATGAG,4
GCAGCAGAATACGCCTTG,4
ATACGGGCTTCAACGGCG,4
TCGGCTGGTTCGAGTCTT,4
GCGGGATGGTAATGATTG,4
GTGTACAACTTGTGCGCG,4
CGGGATGGATCGCTACCG,4
ATGGATAATGCGACGGAG,4
AGGGATCGTACGCGCAAA,4
ATCCGGGGTAGAGATGTG,4
AGTCGTCAGTGGTGATGT,4
ATCGAGTGGGAAACTGAG,4
AGTTCATACACTACCGCT,4
AAGGTAAACCGCGGGCAG,4
GAGGCGATTTCACCGGTA,4
GGACATCATACCCGTGCA,4
AGCGACAGACGGTGTGCA,4
AGCAGGTCCACACCGTGT,4
ATGCGGAGCGTCGGAGCG,4
AGACAACTTCGGTGGCTG,4
GAGCCAGCCTACATCGTG,4
TGCACTCGGGGATAGGTG,4
GATCGCCAGCGTGACGTG,4
AAGGAGCAAGACGGCACA,4
ACGGAAGGTACGACGCGG,4
ATGTGGACGTACATTTGC,4
GGCATTTAACAGGATGTG,4
GGACAGGGTGATCGGTGA,4
TGGCGTATTTGCCCAATG,4
AGCATGGCTGGAGCACGC,4
GTACAAACAAATCTCGCT,4
GCACGAGCTGGAAAGTAG,4
AGTAGACCACACGATGGA,4
ACAGCGGATTGTCGACGG,4
AGGGCGACGCGTGAAGTT,4
AGCGAGATGGGGTACCTG,4
TGCTGACTAGGCCAATGT,4
ATGAATGGTCTTGGATTA,4
AAGCAGTAGAGGACATCC,4
AGCGTATGTCACTGTGCG,4
TCAGACTGTCGATACGCG,4
ACCAGATGCTAGTCGACG,4
AGTGGGTAAATGACGCTT,4
GCCGAAGAGCCTAGGAGT,4
ATGCCCGAAGACGGCAGA,4
TATCGGGAGAGACGGCTG,4
GGCATACCAAGTTGCTGG,4
GTGGGTCGAAGTCGCGTA,4
ACCAAGTGGCATCGTAAG,4
ATGAGGTGTGCCCGTAAA,4
ACGGTGACCGACCATGAG,4
TTGGGCACTACATGGAAT,4
GGCAGGGAAGTGGCGCAT,4
ATGGGCTTGCCACTTCCG,4
TATGGCGTAATCGGCTGG,4
ACCGAAGCTAGGAGTGTC,4
AGGCGGACTGAGCAATGG,4
GCTTAAGTGGCTGGTTAT,4
GGGACGTGACGCTCTTGA,4
GGGTCGTCTCAGATGCGT,4
ACCGAGTGTAATGGTAGG,4
AAAGCCAAGCGTCGGATG,4
GCGGGACCGAGCAAGTTA,4
TCAGGACCTGGAGTACTG,4
GGCTCGATTGCTAATTAT,4
GTGTCGACAGAATGACGT,4
ACGTGACGACCAAACGGA,4
AGTCACTAATGTCCTCGT,4
AAGTGGAAAGACGCGTCA,4
CATGGGCTAGCAACAGGT,4
TGCAGCGAAATGATGGCT,4
GCAGCAGACACTCATACG,4
GATCCAAGCCCATTCGTG,4
AAGGGATACCTCTAGCGG,4
GAGGGACTGCAGTGTGGG,4
AGGCAGCAGGATGGGGAG,4
GAGGACCGGAAGACTGTG,4
ATGGGAAAGCACTAACGG,4
GCGGGTAAGCCTGTGTTC,4
AGGGGAATGATAGCTGAG,4
ACTTGGTTCACACCGTGG,4
TAAGCGGGATCACATAGG,4
ATGTCGCAAGATGTTCTA,4
TGGAGTGTGAGTACCAAG,4
TCGGCATGTACCGGGCTT,4
GCCGGGAGAAGTTCGGAG,4
ATCCGACGTGTTGCCCCT,4
ACAGAAGTGAGATGTCTG,4
AGCCACGTGACTGCCGTT,4
GCATGGGATCACTATCAG,4
ATGCTGCGAACTGCTCGG,4
CGCATCCTGGTCGCTAAT,4
GCAGAATAGGCAGGGCTG,4
TGGCTAGGAGACTGTACG,4
ATAGGCAAGATCGACGCG,4
GGTACTCAGCGGCCGTGA,4
AAGCAGACAGACTCCGCG,4
AGGACGGTTTGGAGGCTG,4
ACACGCTTCAGCCTTGCG,4
ATCGCCTGTAGTTCCCAG,4
AGCATACGAGACGAGTGC,4
AGGACCTCGACTTGCTTA,4
GGCGTATGCATGCGTGTC,4
ATGGCAAGGACGTCTGAC,4
ATGGCAACGATTCGACGT,4
GCAGCATGGATGGTCTCT,4
AGCTCGAAACTGGGTACG,4
AATGCCGTAATGGCTCGT,4
GCAAGCAAATACGGGCCG,4
TTGGGAACTGGTGGACGC,4
GGTGGTTGATAATGACCT,4
AAGCAATAGATCAGGCAT,4
ACTCGTGCTAGACAGCGG,4
ATGTACATGGTCTCCGCG,4
CGAACGGGCCGACTCAGT,4
ACACAGGCATGACGTGTG,4
ACTCAGGAAGACTAAGTG,4
GGGGCATCATGAGCACGG,4
AGCGGCGAGCGGCATGAT,4
AGGTACTACGTGTAGCAT,4
ACGGCGAGGGACTGTGCA,4
ACGGGAGTGGAAGAAGCG,4
GCCAAGGGTCATTCAGTG,4
ACGGTCGGTATTGAGCTA,4
ACGGTAGGCGTGGATGCT,4
ACGTAGCCTGAGTCCGGT,4
AAGCACAGATACGTGAGT,4
AATGGAGCACACTTGCCT,4
AGCGATACCTATGGCGTG,4
GCCGATCACTATCTCGTG,4
CGTGGCCACTCACACGTA,4
ACGGCAGGACACAATGTG,4
AGTGCAGGTACGGAACGG,4
CGGGAGCATGAGGGAGTG,4
GTGAGAAGTCTCATGGTA,4
TAGGGCTAAGAGGACTGG,4
AGTGACCGTTCGCACAAT,4
GCGTGGCTGTCAAATGCG,4
GCCACCGGCCGGTGGAAG,4
GGTCAGTTAACACGGCTA,4
CGGGCATTGAGGGTTTGA,4
ATGGTATGGATGGCTGCA,4
AGATTCGTGGGCATCAGT,4
AGACGATGACCGGACTGG,4
GCATAATAGCGGACATAA,4
TTCGGGCCTAGCTATGGA,4
TGGACAGTGCTGGAGACG,4
GCGAACAGGAATCACGGG,4
AGGGCCGCTCGTCCTGTA,4
GGGAATTCAAACCTCTGC,4
TCACGCTTAGGTGCAATG,4
TGCCCAGACCACTTGTGG,4
ACGATACGACTAGTGTGG,4
CACGCATGCGTGATGTCG,4
ATGGAGCCTGCAAGTATG,4
GCAGGCCCGGTATAGTTG,4
TAGGCAACAGACTACGGG,4
CGGTGAAGGTGTCAAGGT,4
ACGGGAGTATTCCATGGG,4
ACAGGGCTGAAGCGTGAC,4
ACAGCTGTTAGATGTGTG,4
GGCATGACGTGCGGATTG,4
TGGTATCGGAGTTTGGTC,4
TGTGGTGTCCTTGACGTA,4
ACGGGGACATAGGAGGCG,4
ACACACATCAGCACCGAT,4
ACAGCGCACAAGGGGTAT,4
TGGCGTAGTGACCAAGTG,4
TTGAATGTCGAGCCTAAT,4
AACGAGTGTAACGTGTGA,4
GGGACGGCCTCTATCCTG,4
ACTGGATTCGGACATGTT,4
GCGACGGCAAGGGACGTA,4
ATGATGGGCTACTCGCGT,4
ATGAGACGGGTAGAGCGG,4
GGCGGTAGTCGAAAGCAT,4
AATCAACAGTGAGCGTGT,4
AAGACGTGGGGTTAGCGC,4
ACCACGTGACTGATCGGG,4
GAGGTCGCACGATGAGTT,4
CATTGGCAGCGTGGGTGA,4
GGGGGAGATGACCGTAGT,4
ATGGAGTGTTAACATGGT,4
GCGGTGCCAAACAGATGA,4
GTGGTAGAGGTTTTGCGG,4
GGGTCGATAAAGGTGGGC,4
AGCCGGAATACGGTAGGT,4
AGGTACCGATCAGTATGT,4
AGGCAGTGACTGTCGATA,4
ATCGCGATGTAGGCACTA,4
TTGCGATGTGCTTGCTCT,4
AAACTATCCACACGTTTG,4
GACACGGCGCTGAAGATG,4
AGGGCCTGAAGTTGATTA,4
AACCATTGTGAGTGTCCT,4
GGCATAAGGTCAGCATAT,4
GTACTGATCGGCTGTGCT,4
GGAGCCGACGAGTGAACA,4
GTGGATTGTCAGCTGGCT,4
TAGTCCCTCCAATGCTCT,4
AAGACGGCGCATTTTCCT,4
GATCGACATTACGTTATG,4
GGCAGATGACGTCGATCT,4
AAGCAGAGGTCGCTGCTG,4
GCAAGGGATGCCTCTGGT,4
GACACCCATTACGCATGA,4
AGGCGGTAATGGAAGCGT,4
CGAGGTCACGATGGCTGT,4
AGCGGCCCTAGGTCGCGA,4
TCGGCAGGTAGAACGTCG,4
AGCGGAGGAGGCATCCTT,4
ATGGGATGCAACCGGTAG,4
GTCCGGGAGTGGTCTGAT,4
GAAGCGTAACGTAGGTGC,4
ATGTACCTGGAGATAGGT,4
GCTGCGGAGTCGGCTCAT,4
GAGGCCAATGGGAGGAGG,4
AAGGGCCCCAAGACTTCG,4
GCCGAAGGGAAGTGTACA,4
AGCCGAGAAAGCGGGTCG,4
TCCACGGCATGGAGGAGT,4
GAGCATGACCGACCAGTG,4
GTGGTGCAGCTTAAGGTT,4
AGACACCTTCAGACACAG,4
ACGACAGGAGATGAGACG,4
CAAGCAGCACAGACGAGA,4
CGCGGGATTCTAGCGAGG,4
AGGGTGTAATACTCCTTG,4
ACACTCGTTGACGTTCAG,4
CACGGGAGCATAACATCG,4
GGCGATGGAGAGGTCTAG,4
GATGAGGCTGAATCGGTG,4
TGGTCACAGGATTATGAG,4
GATAGGTTAGTGCGGTTA,4
TTAACCGCATTCTCGACG,4
AGGGCAGCGACACTGTGA,4
ACCACATGGTGTCCGGTT,4
GCGGAGGTGAGCGGCAGT,4
ACGGCGTATGATGAGGCG,4
TGTCGTGTGATGCTGTGG,4
TAGGCCGCGAGTGTGCTT,4
ACGATCGTGGAAGAGCGC,4
GTGGTTTGAGACGGTTGT,4
CGTGGTAGATCACGTGCT,4
TCCGGTACGACGCTCCTG,4
ACCGGGTCCAGGAGGTTT,4
CTGAGGGCCTAGTAGTCT,4
CCGGGAGGTGCAGGGAGT,4
ACGACTGGACTCGTTCGG,4
AGGCATAGAACAGTGAGT,4
AGCAGCTCCAGCCATGCG,4
ATGTGTGTTCTCCCATGT,4
ACGAAGGGGGAGGCTCTA,4
CTCGAGGGTGCCGGCTAT,4
AGGAGTCGTATGGAGGCG,4
GGCAACATGTACTAGGGT,4
GGGCCAAGGAACGATGCT,4
ACAAGCAGGGCCACGACG,4
ACACCCACACTCTGCACA,4
AGCGGGATCCAAGCTTCT,4
ATCCAGCAACGGGCGGAA,4
GGCTGCCCGGTACACTCC,4
AGGGTACGACGGCACGAT,4
AGCGGGCATGTGCTTGAT,4
TCAGGTGACAGGCATATG,4
TCATGAGACCATCGTTTA,4
AGGCTCGCTATGTCATGT,4
AAGCAGACGATACGGTAA,4
GGGCATGAAGGACGTACT,4
AAGCGGTATGATCGAGCA,4
CGCATCCCACTCCCTGCG,4
ATGGCGGGTATACATGTG,4
GGAGGACCTAGAGTGTGG,4
GCTCGACCTGCGGTATTG,4
AGCGGTAGTTCCCACGTG,4
GCGTGGCACCGAGTCTAT,4
ATGATGTTCGCCAAGAGT,4
GGTAGTGCACTTGACTTA,4
ATTAACATGGATGACAGT,4
AGGACATGAACTTGCGGG,4
CTAATCAGGATGTTGGAG,4
AACTGGGTCACCGCGCAG,4
GGGCTATAGTGGTCCCGT,4
CGGGCGGCCCACTGCATT,4
ACTTGGTGGTGCGATCAT,4
TGACGATCACCATGTCCT,4
AATGGGAAATAGACTACG,4
CAATGGGAAACGGATAGT,4
TGGTAGACTTAGCATAGG,4
TGAGAGTACACAGCGCTG,4
CAGCGGGATTCGTAATGA,4
GCGGTCTACATGGAAACT,4
ATGGCAATGACATACGGA,4
TCGGGCCACAAGATTCTT,4
AGCGGTAGAGTTAGAGTG,4
GACGTAGCAGCCAGTGTT,4
TTGCATAGAGGAGGTACG,4
ACGGTGTGAACGGATAGA,4
ACACTCCCTTTTAGCCTT,4
AGGCGGATGATCAGATGC,4
ACGCCGGCATAAAGATCT,4
TCGGGCTTAGCACTGTGT,4
ACAGCGGTAGATGGAGCC,4
GCGGGAAGAGGACTCCTG,4
ATCTGAACTGCCTGAGCT,4
TAGCCGGACTGGGGATCC,4
GTAAGCCGGGAACTCTCT,4
ACAGACGTAACCTGTGCT,4
ACGAGGGCATTCCTGTAT,4
TTGCAAAGGTGTGCATAC,4
ACGGGGTTTTGGCCACCT,4
CAGGACGAGGAGTGGACG,4
GTACTGGGTGACGCGCCT,4
AGTGACAGGGAGGTAAGC,4
AGTAGGGATGAGATACTG,4
TTGGGACTGGACCCGCTA,4
GTGCGACGTGCGTTCCAT,4
GACTAGGGGTATTAAAGA,4
AGGGTATGGATTGCGCGG,4
AGTGAGCTTTAGACACGG,4
ACCAAGGGGCTTGATTGA,4
ACGACACTTGAGACCTGG,4
TGGAGGAATAATTAGTTG,4
ACAGGACGGATGACCTGG,4
AGTGGTACATCATAACAT,4
ACCTAGGGGACAATAACG,4
GGCATCTATCTGACGGCA,4
ATGGTGGCCTACATCCCT,4
ACAACGGTAACATGTCTG,4
AGGGTCATTGCGCAATAT,4
AAGGAGAGGACATTCAAT,4
GTAGCGGGCTGGAGACTG,4
AGACCAGCTGAACGTGCG,4
ATGACGCATCATTCGGGA,4
TATGGGCAGGAGTGGCGT,4
GCGAGATTGCACAGGCGG,4
GTTCGGTACTCACAGCGT,4
AAGCGGACTACGCTCGGT,4
ATAGTGTGCAGCCGTAGC,4
AAGGCGTTAGTGACTGAA,4
ATGGTTACAGGGGAGCTA,4
GTACCTTAGAAGTGTCGG,4
GCTGGTGCACGGAGGATG,4
ATGGGCCTATTGGTAGCG,4
GTACATTCGCGGGCGAGT,4
CAGCCAGGGATATTTGTG,4
GTCAGGAGTGTAGCCGCT,4
ACTGTGCGGATGGATGGT,4
AGGTGGCAATGTACGCGT,4
GTGGGTAGCGATGGACCG,4
GGAGCGGTCACATGTGTC,4
AGAGGCGAGTCGTAAGCA,4
TAGCCACTGACTTCGGTT,4
GGAGGGAGTAATCGCGGA,4
ACAATAGCGGAAGGTCGC,4
GATAGCGCCCTCAGTCGT,4
GCTCCAAGTACCGGATCT,4
TGCGGGCTCACAGGTATA,4
ATTTGCATTGGTACTGTG,4
ACAGCGGTAACCGGTGCA,4
AGTACGGCAACGGTTCGG,4
ACAGCGGGTTATACGGTG,4
AACGAACCATATAACGTG,4
GAACGGTGCAAAGGTGAT,4
TGCGGCCTGGGCATCACA,4
AATAGGGCATAGTCGGAA,4
GGTGGGAACGGAGGATTG,4
GGATCCGTCAGAAGCAGG,4
AGATGGTAGTGGTGGAGC,4
GCCGTGTACTCTGAGTGG,4
TGGACAACGAATCTTGTG,4
GCAAGTCGTTCGTAGCGT,4
TGAGGTGGAAAGGAGACG,4
AGCGATCCACGTGCCGGT,4
AACAGGGATGTATGCGCG,4
AGGGCTCGTCTTGCTGGA,4
ACGGGACTACCATGGGCA,4
AATCTGTAGGCGGTACGT,4
GAGGCGTTACATGACTGG,4
TACGGCCTAACAAATGCT,4
AGACGGATGGTCGTGAAA,4
AGGGCACGGTGATTGATT,4
ACGCATGATAATGTGTAG,4
GGGCGATAAGGACATTGA,4
AAAGAGTACGCCATCCGA,4
CGTGGTGTCAACTGAGTG,4
CGTAGGGAGATCTACTAG,4
GGCAATACGCATTGTGTG,4
GAAGTAGGGATCGGTTGA,4
GGAGGTCACCCATGATAG,4
ATGGTGTTGATTAACGCG,4
AGGCAGAGGTAGGCACAA,4
CACTGGAGCAGTGGCTTA,4
CGTCATAACTAGTGCTCT,4
TTCAGGAGATTTGCTCAG,4
GCTGGGCCAAACATGATG,4
GAAGACGTGTACGAGCCG,4
GGTAATTGCAGGCAGTGT,4
GGGTAACGAGCTCACCGG,4
GCACGGGTTGAAATGACT,4
GTGGCCTAAACCATGCTG,4
AGGCGGCAACACATGCGA,4
TGGATCCAGACGCGCTCC,4
CACGATGCCATCGGGGCG,4
GGGGATGCACTAGGAATT,4
TTCCGTCCCTATGCTCTT,4
TATCCGCCCCTAAATGTT,4
ATGAGGGATTATCTGGTG,4
AGGGCACTGCGATAACAT,4
GCATGGGTTCAGTGCTAC,4
TTGGTTACTGTCCATGGT,4
GGCGGGAATCAGTATGGT,4
CAAGGGTACTGATTCTAT,4
AGGGAAGCCTCCACTGTG,4
ACGGCACAAGTGACATGG,4
TGGCACGGGATAGACGCT,4
ACGGATGACAAGCAGTAG,4
AAGCAGTGGCGGCTGTCG,4
GTGCCCTAGGGCATGGCG,4
GCGACCGGTGTACGTGCG,4
GACGAGAGGTAGTGTGCG,4
GGGACGGGAAAGCTGTAC,4
ATGGTAGTGCGACTTCGG,4
GGTGGACAGACACGATAG,4
AACAGGAACGATAGTGTG,4
ACACAAGTATGCGTGGAG,4
AGGGATGGGGACGCTACC,4
AAACGTGTGTTGCCTTGC,4
GCGAGAGCGAAACGTGCT,4
AGGGATGTATTCCTTGAA,4
GACCAGTAAGCCGACGTG,4
AAGGACGAATGTACTGGA,4
ACGGCAAGGGAAATACGG,4
ATGGCGAATTCACATGGA,4
GGCGTCGTACAGACGGGA,4
TGGACAGGACTGGGTCGA,4
GAGTAGCAGCGCAAGACG,4
TTGGGGACCTAGTAGTCA,4
AGGAGTGGACTAATGGAT,4
CATGGTAGACGACAGCAG,4
ACGATCAGTCCGACCGTG,4
ATGGGTTACCCCGAGACG,4
AGACGACGCTGCTCCCCT,4
GGGTAGCCGTTAGTGGTG,4
TGGACCACAATGGACGTG,4
GATTGGACCATGTTAGTG,4
AACCTAGGTCCACGTGCT,4
GTCACGAGACTCCTGGAG,4
TATGGAGCCCCTCTCCAT,4
GCTAAGGCACGACGATCG,4
GAGGTGTGGAAGTCGGTG,4
CAGGCCTGTGCGGATAAG,4
AAAGGGCGCATCACTTTA,4
AGGCACTAGGGCAGTCGA,4
GGAGCTCACTGGGTACGT,4
GGGGCGTAAGCTATAGGG,4
ATAGACGGGATCCCATGG,4
GGCGGGCAGGGACGATGA,4
AGCGGTATCGGGCGACCT,4
GGACCCAGGGCCGAGTTC,4
ATCGCCCTCATCAGGGAT,4
CAAGGGGCTGCAGGTCGT,4
AGGAGAAGTCGGATGCTG,4
GGTGTGCATGGAACTCCT,4
AGGGGCTGGACATTATCT,4
TGCAGTACGGAGTCTCGG,4
GCAGTCATGGTGATATCA,4
GGGGAGAGCAGCATCTAG,4
ACGTAACGTGTCACATGG,4
CACGATATGGTGCAGTTC,4
GAACGCCGTGGACATGGT,4
CGGCGTTCATGCGATGTT,4
TCGGACGGCGATCATCTT,4
GGACAGCTAGCCTTGTGC,4
GTGGGTCCTGCAAGTGCA,4
CAGGCGATAGACGGCGCA,4
GTGGACTCTTGCCGTCAG,4
ATGGGCAGTTCATCCAGA,4
CAGGCAGGGAGAGGCCGT,4
ACATGGACGCCCATTGGT,4
ACAATGGGCTTATCCTGG,4
ATCACCCTGATACGTCTG,4
AACAAGGGAGCGTCTGTA,4
GTGGGCCCGCGCGTGTGA,4
TGAGCATTATCCTTGGTG,4
ACAGGACCACGTGTGCCG,4
CACTGGGCAGTATAATGG,4
ACGATAGGACAGTTCATT,4
AGGAGGTCGCTTGCAGAT,4
GGGACGTTCATGAAGGCT,4
GGGAACCAACGACATGGA,4
AGGGTACGACCGCCTCTT,4
GTTAATGTGTGTCGCACG,4
GTGGCGTGACTACACATT,4
GATGGGCCAATACTGCTT,4
TCCGCAGTCTGAGGCCGG,4
AGGGAAGCGGTGAGTGGC,4
AGCAAGCGGTTGATGTGG,4
ATCAGCCAGGCGCGAGTG,4
GCTGGGTAAGCACAACGG,4
AGGTGCGCCAACCTTCCG,4
AGGTAGTCGACCTATACT,4
GTGCCACCGTGCTTACCG,4
GTGTGTGTAGACATGACG,4
GGTATCCGGGATGTGCCG,4
AACCAGAGTGACGAGGAG,4
GACACAGGTCCACGGTGT,4
ACTGGGTACCGCTTCATG,4
GAGGGCCCAGTATTGTAG,4
TAGGCGGCGTTGGACTTA,4
TCTTATGCTCTCCAGGTG,4
ATGGTCTATGTGGCGCTT,4
TGGGTCACGAACGGTCTT,4
ATAGGCCTGGACGCATCG,4
AAGCAGAGATACGATGCA,4
AGGTACGTCAATGCCTGG,4
CAATGAGTCGCAGCCGCA,4
CTGCCTCCAATCGACGTG,4
AAGCAGAGACGACTATCC,4
TATCGGACCAAATCTGTA,4
TGCGGGGAGTATGAGCGT,4
GGGACCGAATTCGCTATG,4
ACGGTTCCCAACGCGATG,4
ATGCAGGAGACGGCGTGT,4
TCCCGTACACGCGTGCTA,4
ATCATGTTACACTAGGCT,4
GGATGGGCTGGCTAGGGA,4
GGGGTATTGAACAGCTGA,4
TGCGGCATCGGTACAGGT,4
GATCAGACCACGTTGTGC,4
GAAGGTACACCGGCACGG,4
ACTGATGTTCCGCCGCCG,4
TCGGGCATAATCGCTGTG,4
ATACGAGGTGAACGCTGG,4
GCAGGGTTACCTGTGTGC,4
AGGGCGACAGGAACGGGT,4
GCTCGACTATGACGGTCA,4
GGGACGAGTCGGGAACAT,4
TATGCGACTCGATGCTGA,4
GGCACTGTGTCCGGCGAC,4
CGGGGACAGTCGAGTTTG,4
ACAGGACAGGTGGGTACG,4
AAGCATCCCGTAGGGGCG,4
AGGATCTCATCGTAGTGA,4
GTGGAGCATCCCTGTGCA,4
TGGCACAGTGACCTTTGG,4
TCCAGTCCACGTTGCGTG,4
TGGGGCCAACGTGTACGA,4
AACCTCCGCTCAGGTGAG,4
GGCTGAATCCATCTTCCG,4
TGCCACACGTTGTGCATA,4
TGACGACCTGTGTCCGCT,4
ATAGGGACCGCAGTCATT,4
TGGTATCGATCATAGCGT,4
AGCAAGTCCTTCAGCCGT,4
CAGTGATGATCAGACGTG,4
ACGCAAGCAAAGCCGGAG,4
ACGGGAGCAGCATGTTCG,4
GGGTACTTCCCTTGACTG,4
ACAGTCACTGGAGACGCG,4
CAAGAGGTAGAGACTTGG,4
TCGAGGCCCCGGTGTGTA,4
GTAGCGGAATCGTATCCT,4
AAGGGTGAACAGCCACTG,4
TATGCGGATTACGTAGCG,4
GGGGTAATGGACGAAGCA,4
GAGTACCATGCCTGGCGT,4
AGGAGGCTTTACTGGGCA,4
TCCGAGGGACGGCTCGTA,4
GGCGGCCAGGTCCTACCA,4
AACACGGTCTTGGGTTAA,4
TTCGTGTCATCCCGTCGT,4
TCACGGATGGTCAATACT,4
GGAGTCCTGACGACGGCA,4
AGCGGTGAACAACTGCGG,4
GAGTGCGAACACGTAGGT,4
ATCGTAACTGTCAGGCGT,4
TAGGGCTCCGACTATTGT,4
AGACATATAGAGCGGTGT,4
GGGCAGAACACTGTAGTG,4
GCAGGACGTATTCAAGTG,4
GCACGACACGGATGGCAA,4
AATCCAGCTCGCCTTCGT,4
ACCAGCAGGTCTCGAGTG,4
ACGTGCTCCTCCCGTACA,4
GCACCGAACGGGAGATGA,4
TGGTAGGAGCAGGGAGCG,4
TCACGGCACAGGCAGGGT,4
GTCAGGGGACTTGTGCCC,4
ACACGTTCAAACCTGGCT,4
AGTAGACGGCCGCCAACG,4
GCCAAACGAGACTGCCTT,4
ACGGGACCCGTCACGTGA,4
TCTGGGACGTAAGAATGC,4
AGGGCGGAACGTACTGTG,4
ACACGACATGTTGTGCGG,4
TGCTTACGGGATGGAGAG,4
GACCTGGGCTCGGCATAC,4
TCTGGATCAGGTACTGTA,4
GATGCACGGTGGACTATG,4
GGGCCCTCCCATTGAGCT,4
AGGGAAGCACAATCCCGG,4
GCACGTTAGTATAGTGCT,4
AAGCCGAAGACACTGTTG,4
GCGGGTACTCGTTGGACA,4
GCAGGATGGCATGCTGCG,4
ATGTGCCAGTGATGGTAT,4
GCCAAGGCCCCAGGGATG,4
GACCTTGGAAATGCGTGT,4
GGCCAGGTCAGTAGGTAG,4
GGGATAGTCGCTGCAAGT,4
GGGGGCACAAAAGGGACC,4
AGATCAGGACTGACGCTG,4
GGGTAAAGGTCCCTGTTG,4
CACGTAATGTTGGGCGTA,4
GTGTAGGTACAACGAGCG,4
CTGCTATCGACATCTGCT,4
GGCATGGCAAACATGTCG,4
ACAACGGCATACTCTGAT,4
ACGGGACGTGATCACAAT,4
GCTCGAGCAGATTGCAAT,4
TTAACGCCCGACCTACCG,4
GGTGTAAGGACTAGGGAG,4
TGCCGGTACGAAACAGCT,4
CGGGTACTGGGAACTGGC,4
TAATGTTTGCTGTGCTGT,4
ACGACCGAGTTTGGGTAG,4
TGCAACATAAATGTGGCT,4
AGGACGGTAAAGGGATGC,4
GTGCGGAGGCAGGCTGTT,4
GGGAAACGTGTGGTCCCG,4
GTGCCCAGGCGATGCTGT,4
CGAGCCAGTACGAGGGAT,4
TTAGCTGCGCATCGAGCT,4
AAGGCACGTGAGAGGCGT,4
GGGAGTTGAAGAGAGCCG,4
GAGGGTTGACAGGTGGCT,4
AGCTGGGCCATACGATGC,4
GATGCTCAGGGACCCGCA,4
GCATGGAGAACCGTGTGG,4
GGTGCGAGCCAAGAGTGT,4
GTGTGTACCTCTATAGCT,4
CAGGAGGTGTTAGAGACG,4
GCAGGCGCATCACTGGAT,4
TAGGAGCGCATACGTTGG,4
GGGGCCGTACGATGGTCA,4
AAGGGATGCGTTACCTTG,4
GGGCAAAATTGGACACTG,4
ATCGGTGCTGCGTGTTTC,4
AGGGAGACTGAAGCGTGC,4
GCACAGTCGGGACCGCGT,4
TAGCCTCGGGTACTAACG,4
ATGGCATTGGATGTTGCT,4
CTGGAGAAGATGGCCGAG,4
ACGGGCTAAGAGGTCCTC,4
GGATATTTACATCAGGTG,4
ACGTAGGCTTGACATGTG,4
ATACAGCGGCTCGACGTT,4
TAGAGCGTCGTGAGCTAG,4
AGGAGATTCCAGTATGAG,4
TCCGTGTGCATCAGCCAG,4
GGAGTTAGGACGCGACTG,4
ACGAGCAGGCGCCTATGG,4
CTATGGGCAGGGTTATCC,4
AATGCAGTTGACGCTCTT,4
AAGCGGAAACGGCAGACT,4
ACTGGCGGCAACATGGCA,4
GGCAGTCGGCTCATGCAA,4
ACCGGAGCCAATCAGGTG,4
GCACTTCGCCTAACAGAG,4
AAGGGCTCAGAGCGTTTG,4
ATGGCCTACATGACTGGT,4
GTGGTGGATTCGGATCCT,4
ACGGTGGCTCATATCCCT,4
TGGCGGCATCACACTTGT,4
GGGGAGAGTTCCCACCGT,4
CGACGGCTTGACGATAGT,4
AGCGGAAGGAGAGTTGTT,4
CAGAGTGTGCCCTCTCGA,4
GGGCTAGTGCACCATGTG,4
TCGAACTGATCATGGCGT,4
TAGTGGGTGCAGGGACGT,4
ACTAGCTCCAGAAGGGTG,4
ACCGGGAAGACGGCTCAT,4
TACACTGGTGGTATTCAT,4
CAGGCTGCCAATAGTGTG,4
AGAGTACAGTCGCAAGCG,4
AGACAGCAGTTTGCCGCT,4
AGAGTTAGGACGTGGGAT,4
GCAGTAGCGGCTTACACT,4
AGCGGACTAAACAGGTTG,4
ATGGGGTCATACGTACGT,4
AGGGAATCGCTGACTCGT,4
TACACGCACCCTGGATCT,4
ATCATTCCAGTGTCGGAC,4
CGATCTGTAGCATCAGGT,4
GGTGTGGGACGCTATCCT,4
GGAGCGACAAGAGGTGTG,4
AAGGAGCAGAAGATTCAG,4
ATGCTGCCGCCATACATG,4
AAGCTCAGCGCTTGCGAT,4
GAGGAGCGACTGTACATG,4
GGTCAGCACCAGACTGAG,4
TACACGGAGTACGGCATA,4
ATTGATGGTAGTACGTAT,4
AGGTAGATGCACATGGAT,4
GTGGATAATGAATGCGTG,4
AGCAGGGTACTACTGCGG,4
TATGCGGATTCGAACTAG,4
AGGAGAGGACGGAGTACA,4
TCTACTGCAGCCGAATGG,4
ATCGGACCAGTGTGATCG,4
TGTGCTCCCGCATGTGCG,4
GGTATAGAGATAACGAGG,4
GGCAACGATCGGTGACAG,4
CGCAGAGGTAGATAGACG,4
AAGCAGTGATAGCGTGTG,4
ACCGGTGTCGAACAGGTG,4
AGTCCTAGCCTTCCCGAT,4
GGGGACATAAACCATGGG,4
GCAGAAGTGCAGGCCGAT,4
AGGCGTTAATCCGGATAG,4
GGCACGTTATGTGACTGG,4
TTATGCCAAGTCGGACGT,4
GGGCACACAGACAGGAGT,4
TACAAAGCGATGGTGGCG,4
TACCCGCACCACTCCTGT,4
GAGGGGACAGGCTAAGAG,4
GTGGGATCGTACAAAGTG,4
AGTGGGCTAGTTTCAGTG,4
ATTGTGAAGTACAATGTG,4
ACGGGTCAAGACTGTGCG,4
AAGGGACTCGCTCTGTCT,4
GCGCTGCTGTTGGTACTA,4
ACGGCGGCGGAAAGCTGG,4
ACACCTGGGGCTATACTT,4
ACCACGATGGCACTCGGT,4
AGACGGCTTCTGGACGCG,4
AGCCATGGTACGTCGGCA,4
GCCAAAGGCACTCACGGT,4
GCGGTGCAGACCATATAG,4
GACGTACCGACGGCTAGT,4
ATATGCAGTCCTGGTATT,4
AGGACGGTGTTGCCTGCG,4
TGGTCTACGACGACTGGA,4
AACCGGTCCCATCCCGAT,4
ACGCCTAGCATGGTAGTG,4
TCATAGACTCGCCAGGAG,4
GGCATACGATCGATGCGG,4
GAGTGGTGGCTGTTAGCG,4
ATGACCGCTTCAGAGGCT,4
GGAGCCTTTTGGGTGCCG,4
GAGTAGGAGAATCGTGTG,4
TGGAGGAGTGAATGTGTT,4
ACCGGTGTGCCGGGTATA,4
AACACCAATTCCGACGTG,4
GGGCAGGGAACTAGAACC,4
GGGGATGGAATGACTTCG,4
ATAGGGTACGTTCCGTCG,4
AGCGGTACAGATTGCGGC,4
TGGGGAACAGCCTACCTA,4
GGTATGGCAGCCGAGCGT,4
GAGGCAGGATACATGTGG,4
TCTTGGTTGAAGTGCCTG,4
GAGACCCTTGAATGCCGT,4
GATGGCAGTGGCATGATC,4
ACCGTCCAGTCGTAGGTG,4
TCAGATACTCGCGTCAGG,4
TTAGCGTAGATTGTGCTG,4
GCAGTGCACGTGTGGAAG,4
TGGGGTGAATATGCTAGG,4
TGGAGAGGGAGCATCGAG,4
AGCGTCATGGCTTACGTG,4
ACAGCGGGCTACGGTCTA,4
TCCCGGTAGTGGAGCGTG,4
AATGCCACCAGACACGCT,4
GAGGAGACGCGGAACACA,4
ACAGGGATACGGCTGCCT,4
CTGGTCATGCATCCGTTG,4
AGCAACGGGACGCTACGA,4
ACCAAAGTGCGCCCGTCG,4
GATCGCGAATTACGGAGC,4
GGCGGACGGACATCAGCA,4
ATGTGACTCCGTGCTCCT,4
GTGAGGGCAGATGTCAGG,4
AAGGAACATAGTGCTATA,4
TGGGCCAGCTTTTCACCA,4
AGGGGCTGTCTACCATTC,4
ACAAGCAGTGATGGGCCG,4
CAACTAGGTGATGGCCGT,4
GAACTGCTGTGTGGTGTC,4
TGATGGTAACACAGGATG,4
GGGATGATTAGAGGTGTC,4
ACCTGAAGGAACGTGCCG,4
GCGGTATGCATTCATGGT,4
ATGGCGAAAAACTGCGAT,4
GGCCTTCGCCCACACCTA,4
AGGTCGAAGTGTAGTATG,4
ACAGACGGCCGAAGTTCA,4
ATCCCGAATACTGGGGTG,4
GGAGATATGTACGTGTGA,4
TTCGCCCGCACAGTATCT,4
AGCCTAGCATTCGTGTCG,4
AAGTGGCAGACCGAAGCG,4
ATCCCACACCCACAATGG,4
ATGGAGTAACGACCGTGA,4
GACGGCTGTAGATGACTG,4
CATGGGGATACGGTATAC,4
GGCGAGCTCACTGATATG,4
GGGAGGAGAGTGGCAACA,4
GGGCACAATGGGCAATGT,4
ATGGTAAATCAGGTATGT,4
GAAGGGTGGTTTTGGCCG,4
AAGGTGCGGAGGATAAGT,4
TGGAGCAAGAAGAAGACG,4
AAGGTCGCGAACGTATCT,4
TGAAGGGTTATCAGAGTT,4
AAGTGCCTGGGCTCGACA,4
CGTGCAACCTGCCGTGAG,4
CGGACGGCAGGGTGAAGG,4
GGGCACACTCCTAGATGG,4
AGGGCGCACTGTGCAACT,4
AGGCTCAGGACCTAAGTG,4
GGGCATGGATGGGACGTG,4
ATGCGCACGTCGGGACGT,4
ACTGGAGTGGAACAAACA,4
CGAGGGTATTTGGGTGAG,4
ACCGACCTAACCGATGCT,4
TGGTACACCGGGACATCG,4
ACTCACGTGAGTATAGAT,4
AGCAGACTACCAGCTCTT,4
AGCACAAGCAGAGGGCAG,4
GGGTGAGGCTGTTGGGAC,4
CGTGGCTCCAGACAGTGT,4
TCCGAGGAGTTTGACCGA,4
GGCGACTTAGTACGTGAG,4
CGACACACAAGACTGGTG,4
ATGGTCTCATGTGTGTTG,4
ACAGGATAGCAGTGTCGG,4
AGGACGTGGCTCCTGTCT,4
ACCAGAGAGCATCCGGTG,4
GGCGGGAATGAGTGTAGT,4
CACATCGACCTGACGTGT,4
GAGGGTATGGGAACGCGT,4
TCACGCTCGTCATTGTCG,4
TGGCGAAATTGTGGTCCT,4
GGCGTGCCACGTATAGGT,4
GCAACGGGTTGAAGAGGC,4
AGCAGACTGTGCCGCGTG,4
ACCATTCAGCTTAGGGTG,4
CAACCAGTTCGACGGCTC,4
AGAGCCGTCCTGCTGGTT,4
ACACGACGATTGCTACTG,4
TTGGATGTGATCAGTGCG,4
AGAGGCTGTCAGACTCGG,4
TGCAGTGGTCATCAAGTA,4
GGGACTAGGTTATGACAG,4
AGTAACCGAAGGCGAGGG,4
AGTACACGAGACGCGAGC,4
GGAAAGACGGCAGAGTCG,4
GCGGGAAGCATGAGGTAG,4
ACAGGAGTACGGAAGACG,4
TAGGCGGAGACATGAGGG,4
ATCATACAGGATGGTGTA,4
CCGGGCGGATCATGTGCA,4
GTGGGACAACTCTTGGCG,4
AACGGGTGCAAAAGGGCT,4
GCAGTCTGGTCATGGGAG,4
GGATTGGGCACCCACTGT,4
TAGACGCGTACCTTCCCT,4
ATACACAGGTGGACGGCG,4
GGGGCAGTAGCTCCGAGT,4
AAAGTGGTGAGTTACCGT,4
CAGCCGACAGGGGATGAG,4
TCGCCGTCGTCATCAATG,4
ACGGGGTATATACCAGCT,4
GGAGGGGACACTGCATAG,4
TGGTTGTAGAGATACCGA,4
TAGACCTCTTTTGGTGCT,4
AGACGGCGCTTATACTTC,4
AGGGCGACGTAGTGGGAT,4
GGGCAACTGGAGGCCATA,4
AGCCGGAGTATCTGGTGA,4
GCTATAAGGACGGCTTAG,4
ATGTCGCATGAACGATGT,4
AGCTCTAGTCATATGCAA,4
TGAGCTTCATTGTGTGGT,4
TGGGCGAACATAGTCGTT,4
AAGGCACTGGATCGTTGG,4
ACTCCAACTCCATCTAGT,4
GAACAGTCAAAGCGTGTG,4
ACTGGAGGAGACGCTGAT,4
TCGACGCGAAAGGGAAGT,4
ATCGCTTGGTACAGGGAG,4
AGGGCATCAATACCGTGA,4
CTGGATCGACGCGGAAGG,4
TAGTGCAACTAGGCCGTG,4
AACGGTGCTACAGCGTGA,4
ACGCGTCGTACTCCGAAG,4
TAATGGTCCACGCATAGT,4
AAGGGAACACAGAGATTA,4
ACCGGGGATCACAACAGG,4
GCGGCGGACCTGAGTCTT,4
GCAGAGGCTGATATAGGT,4
ACCTGGGAGTGGGTCAAA,4
GCATCCGTGAGCGTGTAA,4
TGGCTATGAGTAAGCGTG,4
ACGCCCGTAACTTCCCGT,4
ACTGGTATCGCGGCTCCT,4
GATACGCATCTATGGGAG,4
ATACAACTCGATCTGTGG,4
GGATCGCAACGGTCTTAT,4
ACGGTCTCGGCACTGTGC,4
GCAGGGCTCGTTCCAAGA,4
ACACTGGGATCGCCCGCT,4
CAGGTGGAGCAACTTCTG,4
TGGGAACGGTACATGAGT,4
AGAGGATTCGAACGATAG,4
ACACCCTCCTAGGAGCTA,4
AGATACGGTCAAGTCGCT,4
AGAGCGCCGGAGGTTACA,4
GCACGGTGTTAAAGTGTG,4
AGAGAAGGTTAGATGGTG,4
GAGATTCGTCTAATTTCG,4
GGCAGCGCTCAGTACGAT,4
GTTCCTCCCTGGAGCGTG,4
ACGATGTGTGTCAGGCGT,4
AGGAGGCATATCGCGAGA,4
ATCGACGAGTGCTATTGA,4
ACTGTGACGCACGGGTGA,4
GATGGGCACGATAGTCAT,4
GGCGATGATGATGGGCAG,4
GTCAGAGGGCATTGCTTT,4
ATCCTTCTTCAGACGTGT,4
CGTAGGGCGCAACTGTGT,4
AACGACGACACTCTTGAT,4
ATTGGGCGATAGCAACCT,4
TGCTACGCGCCTCGTCTG,4
TGCAGGTTCCATCGTGGC,4
ACAGCCTTCCAAGTCGCT,4
AGCAGTAGGAGTCGAGCG,4
GCAGGCCGACACGTGTAG,4
CAGTGTGCCCGGTACTCT,4
ATGACAGAAAGGAATGGA,4
ATGCCACTGACATGCGCT,4
AACGGACCACGCTATCTG,4
GAGGCGGTCCGTACTATC,4
ATCGGTGACATGTGTACG,4
TCCGGAATATGGAGTCTG,4
AACCAGACGCCAGGCATA,4
AACGCTTCGTGTTTGCCT,4
GGGCAGGATTCTGGAGTT,4
ATGTCGGATTCCCGTGTT,4
TGCAGGGATCGGCGCTGA,4
TCCTTACTTGCGCGGTGT,4
TCAGCGCTGGAGTGTGGC,4
GGGAAGCGTTCGATTCTG,4
TGACGGCAATCGGACTTG,4
GAGGCATTGGTCCCTGGG,4
GCTGCAAAGCTGTGGTTG,4
ACGGTACATCCGTGCGCA,4
TAGCGAGGGACGACGCGG,4
ACGCACGGAGTGGGCCAG,4
GGGCAACGTGCTACATAT,4
AGGAGGTGGAGACGTTCC,4
GCACGTGGAGTACGACGA,4
GCGAAGAACGGATCAGTG,4
AAGACGTATGTCGCTCGG,4
GCAGTAGGATAACTGTGG,4
GGCACGATGATACAAGCT,4
GTTATGCTCACCCGGGTT,4
ATGGTGAGTACGCCCTTC,4
GGCGTCAGGCAGTGCATA,4
ACGCCCAGTACATCGTGG,4
GGCTGAAGAGAATACGCT,4
ATACGGCACTAAGTATGG,4
ATGGAAGGGTAAATCTTG,4
GCACGGTGTGGATCCGAG,4
GGGCTATGTTACCGGCCT,4
ATGGGCGTTCCCCGTCAG,4
ACACGTGCCCAATGTGTG,4
GTGGCATTAGGAGGGCTA,4
ACGGTGATGTACTGGCGG,4
GAGGGATACGTGTAGCAG,4
GCAGCAGATCGGCACGAA,4
AGGGAATATCAGCGTGTT,4
AACGGATACGCGGTTCGC,4
GTGCATTGTTATCTGTGT,4
AGGACAGGATGACGTCGC,4
GATACAGAGTGCAGTGTG,4
TGGGCTCGACGTGTGTGT,4
TAGGCCAGGACTTGACCG,4
AAGGAACGGGTCACAGCT,4
TACGGCACAGACGGCAAT,4
AACCAGCACAGATCGTGT,4
TCGGCGGATAATCTGGTG,4
AACTGCGAAAGCCACGTG,4
GGCAAGAATCGGGAATCG,4
ACGGGCACATAGTCTGGA,4
TTGGGAGCCTTCAACGCA,4
AGGGTGAGAAGAGTGCAG,4
ATCTGTGGTATGGAGTCG,4
AGGAGTACGAAGACATTG,4
ACGATCCTGCCATCGGTG,4
GGATTTACTCCACTGGCG,4
ACGAATCAACATGAGGTG,4
TAGCTGCCTGGTTGACTG,4
ATGTGTCGTGTCACTTGG,4
AGTACTTCCAGTGTGCTC,4
CACAGGGCACAGCGACTT,4
AAGCTGCGTCAGCGGTTG,4
AGCTAAGGCGGTGGCGGA,4
GTGCGGGTACATATGCAG,4
CGAGGGACCAGAAGTGCA,4
ATAGGGCGATTAGGTACT,4
ACGGGACGGCATGGTGCG,4
GCGTGAATCCTGGGCATA,4
ACTACGTCGTCGGAGTGG,4
GCCACTGGTGGCTGTACG,4
AGTGTGTGGCGACTGCGT,4
ATGGAAGGGAACGTCGCT,4
GGGTTGAAGTCCTTCCTG,4
GTGAGAGATCAGCCTGTG,4
AGCAGGCCGACCCTTGTT,4
AGGCAGTAGGACGCTTTG,4
ATGGGAACGTGATGAATT,4
ACACGGGAAATATCAATG,4
TGGCGAAGCTTGTCGGCT,4
AAGCAACGACGGTCAGCA,4
AAGCAGAGACTGTGCAGA,4
TATACCTCAGGATGAGCT,4
ACGATGCAACGAGGGATG,4
TGGTAACGCGTAACTGGT,4
GTGTCCAGAGAGGCACTG,4
AAGCAGAGGTGATACGAG,4
GGGCTAGGAGTTAGGCTA,4
GTGCGGAGGACCCGTAGC,4
GCAGAGGTTTAGAGCTCG,4
ACTGGAGGTTACTGTTCG,4
GAGGGACGTCGTGAGATC,4
ATGGGTCTAGGATATCTG,4
AACGGCCAGACAGCGTGA,4
ATCGTGTAGCCCTCTTGA,4
GAACGACTTCCGGTAGGG,4
AGGAGGAACAGAGCACTG,4
ACGACGGTCTCGGGATGG,4
GATACGTTAAAAGCTCGT,4
TAGGGCTCGACCAGATTT,4
GACACGGTGTCACATCAT,4
GTGCAACGGCATTAGTTA,4
GCTTATCGTGCCTTGTCT,4
GCAGCGCTGTAGTTCAAT,4
ATGTGGACCAGCGGTTTG,4
TTCGGATCCCGCCATGAA,4
GTGGGAGTGCGCTGTATG,4
TACGGTACAGCATCAGTT,4
GGGCAGATTAGGAGTGTG,4
AGGGCTGAACTGTCATGT,4
TACGGGCCACATACACTT,4
GCAAAGGGTGAGTACATG,4
TGGCATGCGCCAGTTGCA,4
CAGGGTTGTCCCTTAGGG,4
GTTCCAGTTGCGGCGTGT,4
CTAGCGTCGGAATAGTGG,4
AACACGGTACGTATGGCT,4
ACGTGTGCAAATACATGA,4
AGGTGTAGCTGATAAATG,4
AGTGGATATGAGCTTCTA,4
ATATGGGAAGTGGGAGTT,4
GGGGTAAGCGAAAATGCC,4
ATGGCGTACACTGTTGGT,4
GACTGGTTCAGCGATGCT,4
AACGGGCTTGACCAGTGA,4
AGGCGGAAGCACGGGATG,4
ACTAGTGCATGGGACGCT,4
AACGGAGAGGTGAGTAGT,4
GGGGTATCGCTACTGTTT,4
AAGATTGCCCAGTATCGG,4
GCACATGCACTGAGGTGG,4
ACATGGGATACATGTGGA,4
GTAGTTCAGGAGAGCGCC,4
AGATGCCTACTCGCAGTG,4
ATGAAGGACTGGCTCGCT,4
AGACGTACTGGTGCTGCA,4
ACGGATCGGATGTGGCAG,4
GCGGAGAGGGAATACGCG,4
TTGGGATATTCCTATGTC,4
TGGGATCAGCCGGAGGTA,4
AATGGTTGGATGTCACTT,4
TGACATTAGACAGTCGGT,4
TACACCTAGCCGCGGGTG,4
CGGGCAACACGAGACGGT,4
ACGGGAATGATGGGACCT,4
GACAGGGCGTACTGTGCT,4
CATGTACTCTGGTGCGTG,4
ATGCAGGCCGGTCTTATT,4
ACACGTGGCGCGATTGAT,4
GTGTAGCGGTAACCACTG,4
AGGGATTAGTATTCTGTT,4
ACACGTGTTCATCCTTGT,4
GCAAAGGTCAGAACGCTG,4
ACGTCCAAATGTGCTGTG,4
GGGGTACATCGACAGCGG,4
GCAATTGGCCACCCGATG,4
GCCAAGGTCGAGCGGTGA,4
CGAGGACACGGTGGAACG,4
AGCAGGGTTTCGGCGAAT,4
AGGTGGCCATCATGTGTA,4
ACGGACACGGTTCGAGGA,4
CACGGGTACATTCACGAT,4
TTGCCCGGAGAATTGTCG,4
GGCAGATCGACTTGGCAA,4
CGTAAGTAGTACACTGTG,4
GGGGCAACTCACATCCCT,4
AATGCGGAACTGGCTTCT,4
CATAGGTAGCGGCGGTTA,4
TATAAGGCTGCTCACGTG,4
GGGTAGAGCGTGACTAAA,4
GACAGCCCAGTTATCGTG,4
ACGTCGATCCTGGGGCTT,4
GCGATGTGTCGGCTGCCG,4
TGGTAGTACAAGTATCAT,4
ACAGTGGCAGTCAGTGCT,4
ATCAACAGTGTGGAATCG,4
GACAGGATTCGTCATCTG,4
TCAATACGCCGTGACCGT,4
CATCCCTCCAACGACGCG,4
AGTAACCGGGAACAAGCG,4
GGGCTTCGGGAGTGGACG,4
CTCGGGCACGAAGGGTAG,4
AGGGGAACAAATTGTGGC,4
TACAGGTGGATCAATGCG,4
ACTGACTGATCAGGGTGT,4
TGTGGAGAACCTTCGTTT,4
ACGGTACTGTGTGCATGT,4
GAGGACGTACGCTCATCA,4
GTGGTGCACAGCTGGAGA,4
AATATTACCGGACCTGCG,4
TCGGGTATATGTGCCGCG,4
ACGGCTGTGGTCTAACCA,4
ACACGCTAGGTGGCCGAC,4
GGCGGTACGGTATGGCCG,4
GGCTGTGGGAGATGCCTA,4
TTAGGCCAATATGGTGCT,4
GCCATCCTTCACCCGTGT,4
CACAGACGTCCGATGGCT,4
GCTAGGAAAAGTGGCGGC,4
ATAGGGGATCATATAGTC,4
GCAGGACGACAGCATTGC,4
ATGACGACGATGTGTGTA,4
GGGACCTAAGTCGTTGGT,4
AGGAGCTGGCTATCAATG,4
AGGAGGTTTACCATTCGA,4
TGCAAGCCTAATCCGTGT,4
GGTTGAGGTGTTACATGT,4
AGCGGGTTGTAGAGGCGG,4
GGGGAACGGTGTAGCTTA,4
GGGGACGATGCACGCAGG,4
ACGGGATCTAAGGGTCAC,4
ATAGCGGGCACTAATCAT,4
TGACGCCCAGGACGTGGT,4
GCAAGGCGCTAACCTGTG,4
AGCGGAGCACATGGACCT,4
AGACGTCCCGTAGCGTTG,4
AGCGGTGATGAGGACGAG,4
AAGCAGGGTGACTCTGGC,4
ACGGAGCATTATTGTCAG,4
ACGGGCTTAGTGAAGTCA,4
CGGACCGAAGCCGTATTG,4
ATGGGAGACTTCGCGTAG,4
GCGGGACAGTAGAGGCGT,4
ACGAGTGCTCCTGTGTAT,4
AGACGGGACTGTCCAACA,4
TGGGGAGACTATATCTGG,4
ATCCTTGTGGCAGACGCG,4
CATTCGAGAGTAATGCTG,4
ACTAGCATTAACCTTCCG,4
AGGGCGGATCCCAGATTA,4
TGGCACCGTGTGTCATGA,4
ACGGGCATCGTACATGGA,4
AGGCAGTGCGAAGAGCGT,4
ACGCCTGATCATGAGGTG,4
GATTGGTGCACAGGCTGT,4
GACTAGGGATTTCATGAG,4
ACAGTGTGTTCGAGAATG,4
GAAGCCGACTGTCGCACT,4
AGGGACGAATCGGACCGA,4
AAGCAGTGGGCAGGTATA,4
ATCTTACCGACTGTGAGG,4
GTGGTAGCGCACTCTCTG,4
GACACATGGTCAGCAGCT,4
GGGTACGAGGGAGCTCTA,4
ATGGAGGTGGTCACCGCG,4
ACGCCGTGCAGTCTAGTG,4
GGGCATGGCGTACATAGT,4
AGGTAGACGCTGATCGAT,4
AGGAACGTAGGCTCACGG,4
ACGGTGACGAGGGAAGGC,4
GGCGGAAGTGTACAGGTG,4
AACCACATGACGGTGCCG,4
GGGTTGCGAATCGAAGTG,4
AGCACGGCACGGCAATAG,4
GTGGCTCAAGCTCTCATG,4
GGGCAGGTATGAAACGTA,4
AGCCATGACCATGTGCAT,4
GGACGCACGGGTAATGGG,4
CGGGCTGAGGAAAGTGCT,4
GCACCAGCTCAGGGAGTC,4
ATGGGATGATGCCGGTTA,4
CCACGAAATAATGGCGCT,4
AGCGGGACGATGATGGCA,4
GGGACGGAAAGCCAGGTG,4
GTGACACGGTGATCTATG,4
ATTAGCATTATAGTCGAT,4
TTGGGGACTTAGCGGCTA,4
GTAGACCGCTTTGTGTGG,4
ACACCTAGTGGTAAAGGT,4
GTGGCTAGTCTTAACGCA,4
TACACGAACAGGGTGGAT,4
ATAGGGTACTGTACGTCA,4
ACAGTGACAGGGCGTACA,4
ACACCGTCAGTGCTGATG,4
GCGGTAATGGCCCTGAAG,4
ACCGCAGCCACCATGGAG,4
ATGCTGTGCTCCTACCCT,4
GGAGGATCGAAGACTCAT,4
GGCACGGCTACAAGTGTA,4
TCACGGTTGGTTCTGACG,4
AACGGCTGCACGATTTGT,4
ACGGACGGAACGGACGGG,4
TGAGTAATAGATACCGCG,4
ATAGTCATCACGATCGCT,4
GTAAGCGGAGAGAGCAGG,4
GGGCCAATGACTGTGACA,4
CACGGCGGCTTAACTGAT,4
AGACAGTGTATCTGCCGA,4
AAGGATGCATCATGGCGT,4
AGGCACGAAGACGGACTC,4
TCATGGACACAATCGGCT,4
GCGGCAGAAGTATCTGTG,4
AAGGCCAGTGTTTGTTAT,4
ACGGCTAGGCGGCATCGT,4
TAGGTGTACCAACAAGCT,4
AACGGGAGGACTCAGTAG,4
AACAGGGAACGACTCGCG,4
TCAATGCAGCTTGACGGC,4
GCCGTGCGGAAAAGGTGG,4
GAACCGGCACCCGTCGAT,4
AGTGAATGAGACCGGAAA,4
ACGGACCGGATTACTGCT,4
GGCATGTTCACACGACGG,4
ACACGAAGCATGCAGACG,4
AGGGCACACGGGATGACG,4
GACGAGGAACAGTTCATG,4
GGCAGGTCCAGAGGCTCT,4
GGGCATGAGAATATGGTA,4
AATGCGGTGTTGACTGCG,4
ATTCGGTGCTCTTCCCCA,4
CGCGAGTCCGACCTGTAG,4
ATTCGCACGTTTCCCCCT,4
ACGGAGGATTCACTGTGT,4
AGTGCACGAGACGGTCCG,4
AACCACTACGCGTGCGGT,4
AGCTGACTTGTTCAACGG,4
ATACAAGCAGGAAGGTCT,4
AAGCAGTAGTTGGTAGTG,4
GACGAGAACAGGAGCGGT,4
GCACGGGAAGTGAGCACG,4
CGGGGATTCGACTGCAGG,4
ATGGCAACATAGGCTGCG,4
ATTGGGACCGCATTCTGT,4
ACTGGCAGTACAACGCGT,4
ATAGCAATCGTACAGGAG,4
ACAGGACTCAGCCAGGCT,4
GCAACGTTGATAATGTGG,4
AGGGTATGGTTGCAGTAG,4
GAGCGGTCCACGCGTGTT,4
ACGGACACCAGTCGAGTG,4
GTGCTTACAGTTCAGAGT,4
GACCCGATTGGACGAGCA,4
GAACTCGTCCCAAGGGCG,4
ATGGGTCATGCAACCATG,4
TGTATGGGGATAATGTAG,4
GCATAGGCAATGTCCGTG,4
CAGGGAACAGCGTCGGAA,4
GGGAGGAGTACGATGCGT,4
AAGGTAGGAACAGCTTGT,4
AGCGACCCTATACATCCG,4
GCTAGCTTGGCGGGAGCA,4
ACCAAGGTAGCCGATGGG,4
TACGCGCCCATCGACAGG,4
AGGGTATGCAACAAACCG,4
GGCATTGCTAATCTAGTG,4
TTCAACACAGGTACCGTG,4
GACGGCGCTCTTATATTG,4
ATGGCGACTCCGCTCTGT,4
GCGGACGCAAGGAGTCGA,4
GGTATCTCTTAACGGGTT,4
CATGTGCCGCACCTGTGG,4
AGGCGATGTGCAGCCAGT,4
ATGGGACAGCAGACTTGG,4
TATGGGACTGATTCAGAT,4
TACTGGAGGATGTGCACT,4
ACGGCGTAATGACGTGGA,4
ATGGACACAGTCGTATGG,4
GGATGGTAACATGCTTTT,4
ATCGCCTAGTGCTCATGG,4
ACGGTGTGGTATAAAATG,4
ACAGATCTCGGTGACTTG,4
AGGGGCAAGAAGGAGCGG,4
TTGCAAAGGGTTAGCATG,4
GCTAACGAAACGGGACGT,4
TAGCGGCATCACGCGGTG,4
TGGTGTAGAGTTGGTAGC,4
TCAAGATCTAGTGCTCAT,4
GCAGGCTCGTGTTACGCT,4
ATGGCAGTTGGTTGGTGC,4
GCTCTAATTCGGGCAATG,4
TGCGGTAATAATTGCGCT,4
ATGGTGTGTTATTCCTGT,4
CAGTCTACGGGGACTACT,4
AAAGACGGGAATAGACAG,4
CACGGCGCTCATGTGTCA,4
AGGCGGCGTAATAGTACT,4
TTGGTAACACGAACGGAG,4
CAGCGGGTGAAGACGTAT,4
GCACACAACAGCGTGGCA,4
CAGCGGAAGTGGTGGAGA,4
AGGGGCACTTCCAGCCTT,4
ACCAGTGTCCAGCGTGCT,4
AACAGCATTTTTGACGTG,4
AACGTGTGGGCATGCGAA,4
GTGTAGCAACGTCATGCT,4
AGCCCGGAAGGAGTGGTA,4
AAAGGGGATCAATGTGTG,4
GAGGCGGATTGTTAGGAC,4
AGAACGGCACAGCACGGA,4
TAGGGACAAGATGAGTGG,4
ATAAGGGCCTAGCTGCGT,4
AATGGGCAGATTCAATAA,4
AGGTGAACCGCCCAGTGG,4
GGTAGACCTGCAATACAG,4
AAGGCACTTCATACCTGG,4
AGGTGATGGACCGCTCTT,4
ACGACCGCCGATATGGAG,4
ATCGTGACATCGTGTTGA,4
ACGGAGTCCATCGGGTTC,4
ACGGACTGTCAGACGTCG,4
ATGACTGTAAGTACTTGG,4
GAGGGTACACAACCAGCA,4
AAGCAGAGTGCATGACGG,4
AGGATGTGGTGTACCTTT,4
AAGTCGTGTTGTTGTGCT,4
TCGCCAAGCAGGACGGAA,4
ACTGTGGCAGGGCGCGAT,4
GCGTGTAGTAGTGGGATG,4
CAAGCTGAGGGTAACGTT,4
TGCATACTGAGCTGTTGG,4
GAAGTGTCAACTGGGTGC,4
AAGTTGTAACGAGTGCTT,4
ATGGTTGAGGAGCACTAG,4
GACGGGAGAACTCCACTG,4
ACTGGACTCGTCAGTGAT,4
TTCCAGGTGATCGCCGTT,4
TGTATACTACTCCGTGCT,4
TTGGTTCTGTAGCCATGG,4
ATCCATCGACAGACGGTG,4
GGGGAGCAAGACTCACCT,4
ATGAAGCGGCACAGGTCA,4
GGCCTGACTGTCTTCCAT,4
GGCACGGATTTGCAGACA,4
AGGGACGGTACGCTGTAG,4
GGGAAAGCTTTCGAGATG,4
TTAGTTCGCTCGATGGAT,4
AAGCAGATACCGGCGCGA,4
GATTGATTCAACCTCGCG,4
ACCGGGATGCATGGGACT,4
GATGGTTCTATTGCTTGT,4
GGGTAGCCGAAGTGATGG,4
AGAGGCCTAGGGACGTGA,4
ACTTCATCTGTGATCGGC,4
GCAGTGGCTTCCGTGTGG,4
ACGGCGGCCAGGACTGTT,4
TAGTGGAGAGTTAACATG,4
GACCTAGCTGTGGGAGCA,4
GGCGGTACTAAGTATCTT,4
AGGTGTCCCAAGCAGGCG,4
ATACCCGACGATGATGCT,4
GAGGGACACTACTTGACG,4
AAGGAGAGGAAGGTGAGG,4
ATGCCGTGGATAATGTGG,4
AGGGGCTCATGAGAGGCG,4
AACGGGACGCGGGATGTG,4
CGTGCAGAGAGGGATGGG,4
ACGCGTATCGCTTGGCTA,4
GGTACCGAAGGAACGCGG,4
AGCCCGGCCTATAGTGAT,4
AGAGTTGTTGGTTCGTCG,4
GTGGGAGATGGTCATCGG,4
AGCAGTGCTGTAACTGTG,4
CTACGGATACCGCTAGTG,4
GGGCAGGAGCAGATAGGT,4
TACGTACGGCTGCCTGCG,4
AGCGAAGGCCATGTGCTA,4
GCCATACGTGCATGACTG,4
TCCCAAACATCTCGTAGG,4
GTTGGACGTGTCCTCTGG,4
TGAGCATCAGTAGTGTTA,4
AACTCCCGCCTGCAAGTG,4
GTAGGTGATGAGGAGCCG,4
AATGTGAATCCGGTTGGT,4
AGTTGGTCATCCGCGTTA,4
GGGAGCGAACGATTGCTG,4
AAGGCATTAAACATCGGT,4
GGGAACACATGTGCTTAT,4
AAGGGCAAGTGTAGGGCA,4
GCGCCCCATTTGTGCACT,4
AGGGTATGCAGACTAACC,4
TGTAAACGAAGGGAATGT,4
GGCAGAGGTATAGAGGCG,4
GAGCATTGGTACAGAGGT,4
AACGACGTGCCTCATCTG,4
TGGCGGTCAAATCTGTGT,4
TACTGTGGGTCCCGATAT,4
GTCGACGTTTCCCAATGT,4
AGCTGAGTAGACATGCGG,4
AGGCCTGACAGTGTGACG,4
AACATCGGGGAAGAACTG,4
GATGATGCGGGTCCAACG,4
GATAGGGTTGCCGACGTG,4
TCCACAACGGGAAGCTGG,4
ATGGGCACACGCTATACG,4
ACACGACTTCAGCATATG,4
ATGCAGCTCGGTCTTCCT,4
GTGCAAGAGACGTGCAAT,4
GGTAGGCCACGCGTTATG,4
AATCGCGTGTTGAGGCTA,4
ACAGTGCATTGGCCTGGA,4
GGAGGCAGACATTGGAGC,4
AGGGAGAGCGTACGACGG,4
AGACGATGTGCTTTGTTA,4
ACACTGCTTGGTAAGGTG,4
AGGGGACAACACGCTGCT,4
AGGAGTGGCTTGCTGTGA,4
GCCGGGATGAAACTGTCT,4
AAACCTGGCAGATGGTAA,4
AAGAGGAGACGACGCGGA,4
ATGTAGAGGATGCGTACT,4
ACCGAGTGTCGATACGTG,4
GTGGCTGCCCAAGATGTG,4
CACTAGGCGTATCCTGTG,4
GCCAGACGTATTTTGCTG,4
AGCGGAGAGCCTGGTGTG,4
TGCGGGCAAGCTCACATT,4
ATGCAGCGTCAAACGTGG,4
TGGCATGTGCACCGGTGT,4
GATGGGCTGTGAACCTTT,4
AGTGGCGCCTAGTCACGA,4
ACACGGAGTGCGCTTCTG,4
TAGCGGCATTCTGGGCGA,4
TGCAAGGAGAAGACGGGT,4
ACTGGCTCTACACCTGTG,4
GGGCCACTGGAGTCAGAG,4
ACGACAGGAACCTTGGGT,4
AGGAGTCAACCGTCCATG,4
AAGGCCGGATTGAGTCGT,4
GGCATACCTCCATATCCT,4
TGCGCGTAATGGCATGCT,4
ACGGAGATATTGGAGTAG,4
CGTGATGGACCTCCCTGT,4
TTGGGAAGAGTTGTGTGG,4
AGACCGTGACAGCTACTG,4
GGTTGCCAAGTGTACCTG,4
TCCTGGCCGCCTATTCCG,4
TACTTCGCACGAACTAGG,4
AGGCATGCGAATGGTGCG,4
GGCATTCGAGCCCGTAAC,4
ATAAGGGGCTATGGCCGA,4
AGGCAGCATGGACTGGTG,4
AGGCACATGGCATGGGAA,4
TCACGAAGAGTGCGGTAT,4
GTGCTCTATAAGGGTGCG,4
AGTACGGAAGCGGACTGG,4
TCGTGGGCGCAGCAAGAT,4
GGCGGTAAACAGACGGAT,4
GAGCCTCGAGAGTGTACT,4
GGGCTATTCGTTTCGCGA,4
ACAGATACGCATAGTGTG,4
GTGAGCAGATCGACGTCT,4
ATCCTAGGCGACGTGATG,4
CGTGCCTGTCGTGCTGTG,4
ATGTAGTTCGACCATGCT,4
TACGGGGTAGTCAACACC,4
GGCACCAATCTCGGTCAT,4
AGGAGGAACATGACGAGT,4
ACGCATCGGCATACGAGG,4
ACGCGGGATGAGAGGCTG,4
ACGTGTGGTGAGCTTGAA,4
GGCGTCCTATCGAGTGCG,4
GTTGGAAGGTATGCATCT,4
GTGGGTAACAATTCATGT,4
GACAACATACGACCCGCT,4
GAGGGTAAGAGAGCTTGG,4
TGCTCCGCACGAAGATTG,4
AGGGTACAATCCTATATG,4
CATTGACGTAATAACGGG,4
AACGGGCCAATCGGTGAA,4
ACAGGCGATACGTCAGAG,4
ACGGCATACTATTGAAGC,4
CATGTCGCTAACGTTTAA,4
AGCAAGTCAGCGCAGGAG,4
CGGGGAGATAAAGAGGGA,4
ACCGCATAGTCGGTGCAT,4
CGTGGGGCTAAGGTTCCA,4
AGGGGTGCGACCGGTGAT,4
TGGCCGTGAAACCAGCGT,4
ACGATGGGGGACAGCTCT,4
AAGGAGGAGAAGGCTAGC,4
GATGCTATCCGCCAGGCT,4
ACACAACTTCGTCGAGCT,4
GTGGTTTACACCTATGTA,4
ACGAGTTTGCCACGTGCT,4
TGGCAATTAGATGGGTAG,4
GGGTATTCAATCTAGGAT,4
GGATTACAACGACGCTTG,4
GCCACACAACGACATGTG,4
AAGACCTGTCTTCGCGCT,4
ATCGCTGCAGCAGGGTCA,4
ATGCGGAACCCAAAGGTG,4
GGGCCAAGTCGTACAGTG,4
AGTGGTTGTAAGGCGCGG,4
ATAGTAGGTAAGCCTGGT,4
TACTGGAAAGCGCATGCT,4
AGGCTAGTGATACTATGT,4
GGACTGGGACGCGCTCAT,4
GACGCCAGTCCAATTGCT,4
TCTGAGGGGTTACCACAT,4
GCGATGTACAAGCAGACG,4
GGGGATGTGTCCATCAGT,4
AGCGGTCGGTAGTCAGGT,4
GGCGAGGTAGCAATCGAG,4
AACGCCATTACCGGTGCA,4
AAGCACATTGACGGTGCC,4
ACGGGATTTGATACTGTA,4
TTGCGGGCTAGATAACGT,4
AACGGCAGCATACGACAT,4
GTAAACGCACGGTGCATT,4
TGCGGTGAATCGAGACTT,4
ATGGGTATAAGACTATCA,4
TGGTTGGACAGTCGGTAG,4
GCGCGGTGTGCCGTTACT,4
TTGCAACGCCTGTGGGAG,4
GATGCATTGCAAATCGTG,4
ATCAAATGTCGTCCGTCT,4
AAGCAGTACGGCTGCCGG,4
ATGCGGGCAAAGAGGCAT,4
TGACATCGTTCGGGATAT,4
GTGGACGAGCTAGAGCGG,4
AGGCGTACCCTACAGCGG,4
TGTGAGTATGCCGAGTGC,4
GCATGCTCGACGGCTGCG,4
GCGATCCGATGAGCGTAG,4
ATAGTGACAGTCATCGTT,4
AACAATTGCCGACGCTGG,4
AGACCGCATACAAGGGCG,4
TTGCACGGCCACATTATG,4
GGGGGACAAGGGCGCACC,4
GGGCCAACGTACTGTGCT,4
ACAAACAGGGATTAGGCG,4
GTGACGCAGTTCGATGGC,4
GTAAAGGTACTTAACACG,4
GGCCCACGCATTGGAGAG,4
GCTGCGCGCTACAAGGTA,4
GAGAGTGGCTACCTATCG,4
AAGCAGCGGCAAGTCGTA,4
TGGACGAGAGTACAGGTA,4
TCCGGAGCAGATCGGCGT,4
GGGGACCCGATGACCATT,4
ACATGGGAGGCATGATCT,4
GCAGCAAGTTCAGTGTGT,4
AAGCAGCCGTATATATGT,4
GGGGACCGGCCTTGTCAG,4
ACGGACCATGAACGCGTG,4
TAGTGGTGCGAACGGTGC,4
GCGGTGTCGCTTGATGTG,4
ACGCGTGTGCTAAATTCT,4
AGGTACCCGTTGTTGCGG,4
GTTGACGTATGCATTCCG,4
AGGGCGGAAGATGACGTG,4
ACTGGAGAGTCGCATGAT,4
ATTCCTGGAGTGTCGAAT,4
TACACAGGTGTCCTCTCT,4
TGGAGTCTGGTGCAGGCG,4
TAGGCAGCGGCAAGGAGC,4
CGGTGTATCGCCAGTGAG,4
GACGGACGTGACTGATGG,4
GCACGTGATGCAGCGACG,4
ACAATGGCGGTTATGAAC,4
AGCCGATCACTAAGGCGA,4
GATAGGGCCATCTTCGTT,4
AAAAGGCTCCTCAACGCT,4
TCACCCATATTGCCGCCG,4
GAGCACGCCGTTACAGGA,4
GCGGATCTGTAATCAGTG,4
AATATCGTACGTGCGCGA,4
GGGTATGCGCGATATCGG,4
AGGCCATGCTTGTGGCGT,4
ACCAGGGTTAGATCGGCG,4
CTGTGGGTACAACCGATG,4
GTGTAAGGCAGCGGGCAG,4
ATGGGTATGGGTTCCCCA,4
AGGGCTCAACGAGGGCTG,4
ACGCAACGGCAGACTCGT,4
CAAGCAGATGCGTCTGTG,4
TAGACCCATCCTTTGGCT,4
AACAGGCATCCGTGTTGG,4
ATGGTGATCCAGGCGGTT,4
AGGGTAGCCTTCATATGT,4
ACATGCATCTAGTATGTG,4
AAGGGCTAGTAGAGGGCG,4
AATGCACCTCCAACATGT,4
ACACATACTCGCTCGAGA,4
ACGAGCGGGATTCACGGA,4
GACTGGCGATCGGGGACG,4
ACGGAGCAGAATACGGCG,4
CAGTGGAGAGTCGTGACG,4
AGTGGATCCCCGTGGAAG,4
AGAGGCCTCGATGCTACT,4
CCAGCGTATCGTGGGTTG,4
AGGTTGACGCTGGCACTG,4
GCACCCCGCGACACCATT,4
GTAGTGCGGCATACACGT,4
ACGTACCCTGGGGACGGA,4
GCAGGACACGGACCAAGG,4
AGAGCGGACACAACGACT,4
AGTAGTCCATGATCAGCG,4
ACAGGGCACTGGATTGGG,4
ACGGTATACAGACGCGCA,4
GGTTGAGTAGTGGAGGAT,4
AAAGCCTTCTCGTGTCAT,4
ACAGGTAAGCGGTGCGGG,4
CAGGATCGCGATAGTCGG,4
AGGCGAGAGGAATGGCGG,4
GTACAGGGAATGGGCAGC,4
AGATAGCGGGTTTCGAGT,4
AATCCACAATCGGGCGAT,4
GCTGAAGTTCAGAGGATG,4
TAGGAGGTCTGCTATTTG,4
GGGCAGGTTGAATGAATG,4
CGCCACAAGCAGAAGTCG,4
AAGTTGGGATTCCTCGAT,4
GCGTCGTCATTTAATGGA,4
GTAGTGCTCTATACCTGC,4
GGGGCATCCAACCATGAA,4
GTGCGAGAGCAGGTTGTG,4
AGGCATGGTAAGGCTATA,4
CGGTGGAGTAGACGTCTT,4
CCGGGGAATTCGAATGCG,4
AGGTCGTATGCGCTGCTC,4
ATAGCGATCCTACCCTGG,4
ACAGAAGTAGCGTGTCTC,4
TAGTGGCTGACGGTCTCC,4
AGGGGCGACCTAGAGCTG,4
AGGGCTCAAGTAAGGGAT,4
TATGGTCCAATACTGATG,4
CAGAGGGGATACTCATTA,4
GTGATACGATGACGGTGC,4
GCCTGGCGGGATAGCAGT,4
AGTAACCTTGGCAGCGGT,4
ATCACCGGGCAAACGTGG,4
ACACAAGGACCGGAGTTC,4
AGGCCTTAGACGTCCGAT,4
TGGCAGCTAAGTTCGGCT,4
TTGGAGTAGTTTGTATGC,4
CATACTCGAGTTGGTTCG,4
TCCGGGATATAGGCTTAG,4
CGGGGAGAAGATGGGACG,4
ACCAGTAACGTTGTTGCT,4
AAGCAGAAAACTACGGCG,4
ACCGTGTATAGTGGACAT,4
AAATGGCTACTCCTCGTC,4
AGCCAGGATCTTCTGTGG,4
GGGACGGAGCCGTGCTAA,4
GGCTGGGCATCATCAACA,4
ATAGGTTCACACGCAGTG,4
ACAGCAGAAGGCTGGAGT,4
TCGTACACGGTGAGACTA,4
AAGGCGGAGACGGCACTT,4
AACGCGCGTTGTCCATTT,4
AAGGGCATGAGGCTTGGT,4
AAGCCCACCGTTACGTGT,4
TTATGGAATGCCGCCGCT,4
ATTCGTGTGAGGCCAAAT,4
TCCTAGAGGTACTGGCGT,4
CTAGAGCTGGATCGGCCG,4
ATGGGTAAGGATGAACTG,4
TGTCGCATCACGATAATG,4
GGGACGCGATGATGCGTG,4
GGGCGGGCCAGCATGTTA,4
AAGGCCCAACAAGGTATG,4
ACCGGGTAGGTGGCCATA,4
GGCATAACGACGTGACCA,4
GTGGGTAATCTAGGGTTG,4
ACGGAAAGGGTGGACCTC,4
GACACGACTCCTAGTGCT,4
CGGCATCTCGTGATCATC,4
ATCGGCATCCAGTCTTCT,4
GAGGATCGAATGGGGGCA,4
GGACCTCGTGATGATCTT,4
AGGTGGTACCGACGGAGA,4
AGGGGACCGAGTGCGAAG,4
GTGGACCTTTAGGGTATC,4
CCAGGGTCCTTAGTGCTT,4
GTGGGACTAGAGAACGCG,4
GGCAGGATAGACATGGTG,4
GACAGGCTACATAATGCG,4
GTCCTATTCGGCGGCCAT,4
ACACTACGACAAGGCGCT,4
CGTACGGTAGACCACAGG,4
TGAGGCTAGGCGCATGTG,4
ACTAGGACTGTAGTCAGA,4
TGTCGTATCGCGTCCTTA,4
TGGGAGGGAGTAGCATAG,4
ACAGCAGTATCCATGGAG,4
TCAAGGTCCGCGCGTGAG,4
GGGGACAAGGTTGCACAT,4
ATGGGCCAGCAACGGACG,4
ACTACTGCGGTGCGAAGG,4
ACTGGGACACTGCCTAAG,4
GTGTATGAGGCCTGGTTT,4
GGGGTAATCGTTCGTCAT,4
ACGTCCATCCTATGTGCT,4
GGAAGCGGACGTTCGTGG,4
GTGTCGAATTCCATACTG,4
AACAAGGCTGTATCTGTG,4
GCAGCCGGAGATGAGTAT,4
ACGTGGATGAGGCATGAT,4
AGCCAAGGATGCGCTGTG,4
GAGTACCACAACACAGTG,4
TTGCGGATGGTGCGTAGA,4
TGCATCCGCTATGTTGTG,4
ATGGGTAACGTTGCACGG,4
ACCTCAATGCGAAACGTG,4
GTGGGCAAGCTGATCCGG,4
GCCAATGGTAAGGCGTGT,4
TCCGTGTGGACTACAGCT,4
AGTAGTGAGAGCAGTTCA,4
AAGGGCGATCATACCTAT,4
TTGCAGAGGGTGCCGTTC,4
CTGCATGCCCAGAGTATG,4
GATCATAGATCGCGTACA,4
AATGGGTACAGTCCGCTA,4
ACTGGCGATTGCGGAGTA,4
AACAGCATACTGTGTGAG,4
ACGGTGTATACTAGCGTG,4
GCGCAGCGGCATTGTGAT,4
ATGGCGGCAAACAACTGT,4
AGCAGGTTAATTCATGCG,4
TACGGAGTATGAGTGGGA,4
AGGTCAGCGATAGTGATG,4
ACCGATGGGTAGGATAGT,4
TCGGGTACTACAGTTGCG,4
CGTGATCGCTACATTCAA,4
AGTTGCGACCAGTGACGA,4
ACGACCAAGCGTAAGGCG,4
GGCATGAACAAAGGTGCT,4
GAGGCGTGAGCATTAGTG,4
GAGGTGCTACATAAGGAG,4
ACGTAGCCAGTGGACTGT,4
ACAAGGTTCCGCGTGATA,4
AGTGGCACTCGCGTCTCT,4
ACACGGCATAAGGTGCGT,4
CAAGCAGATGATCGTCCG,4
TGCGGTAACGACAATAGT,4
GGTTCTACCACGGAGCTA,4
TGATGGGATCCGTGAGCG,4
GTCGAACACATCTCGTGC,4
AGCCCGCTGCTTAAGTCG,4
TAACGACTGGAGGGCGTT,4
GCATATGCAGTGGTTCAA,4
TACAATGCCGGGTAGCTT,4
ACGCAGGCCGAGGTTAGT,4
GTAACATCAACACGTGTA,4
GTCGAGGGTAATCGTGCG,4
GGGGCAGCACTTCCACGT,4
TTGCCAGATGAGGACGCT,4
TAACCCACATGCTCGGTA,4
ATATAACCACGGTGGATG,4
TGTGGATCAGGTAAGGCG,4
GTGACCTTACGAGGTGTG,4
GAGGCTGGTGAACAACGG,4
ACTCTTGAAGTCAGGCTT,4
ACAAGAGCGCCATGGTCT,4
TATTGCGAGCTTGCGAGT,4
AGGCTGCATTGACTTGTG,4
ATAACCCTCGAGGCGCGG,4
TGGGAACATGCAAGCAGA,4
GTGCCATGAGACGTTAAG,4
ACCGTCACACGTGTGGCT,4
ATCTATCTGAGGGCTATT,4
ACAACGTCTAGGGATGCT,4
GCAGTGGTTCAACTATGT,4
CAGCGTGGGTAAAAGCGA,4
GTGGCTGGTGCCCGACTA,4
GGCATGCGACAGAATGTG,4
ACCACAGCTGGGCTGGTA,4
GGCACATTTCTCTATGCT,4
GGGCCGTAGCACAAGGAT,4
GTGCTATATGACCGGTAT,4
ATGGCAGATGTTCAGGTA,4
GGCAATCATGTGCGGCGA,4
AAGGAGTGGAATTCATGG,4
ACGGACGTGAGGACAGTG,4
TAGGGCGTGCACAAGAAG,4
AGGGCCGTAGACACTGTG,4
ACAGGCGAGACATCACGG,4
GGCGCCGTCCGGTACTCT,4
ACTAGTCAGCCGAAAGTG,4
AATAGAGCAGCAGTGCGT,4
ACGGGATACAAGGGACGT,4
GACGGGAGGAGAGGCCGT,4
AGAGTAGGCATTACTCGT,4
GGCACACAAGCTAGCGAT,4
AAGCAGGCGGTACTGGAC,4
GGCGGCATAATGTCAGAG,4
ATGGCCTGGGCCTTGCAT,4
TACGAGTGTGTGCGCTTA,4
ATCTGGAATGGACAGACG,4
CACGCCATGGTCAAGGTG,4
GGCGCGTAGAACTTGGTG,4
GTACTGACTAGACGGGCG,4
GTAGGGATAGGTCCAGAG,4
ACTCACGACGTGTTGCGT,4
AGAATCCTGCACGCCCTG,4
GGCACACGCTTTAGTTGC,4
TGGGACCTGGTGTGATAG,4
AGCAGAGACGACCAAGGG,4
GACTGGTATGGTATCTCG,4
CATGGGTGATGCGAGGCG,4
GGGGCAGGTATGATGCGT,4
AGTGCAACGCCCATGTGC,4
AGTACCTTCCTCAGTGTG,4
GCCGAATAAACCGGTGCT,4
AGCGATGCATTTTCGGTG,4
GCCTTGGTAAGGCGAGTG,4
AGTAAGGCAACGACGGAG,4
TACCAGAGGGCGGAGCGT,4
AGTGGCTATACGAGATGT,4
AGGGCAGCGACGGTACGT,4
GAGGGAGGACAGCCCATG,4
AGTGGTGATGATGACGTC,4
ATAACGCTGGTAGTTGTG,4
ATGGTGTCGACTATTGGT,4
GCGGGACCACCTTACGGC,4
AGGCTCAGAGTAGAGGGT,4
ACGTAGCTGGATCGTGTT,4
AGGGCCTAGTGCGTGCAT,4
AGTAGCAGGTTTGGATGT,4
AGCAGATTGCAGCTCCTG,4
CAGAGCGACATCGGTGGA,4
GAGGGCCACGCTAATGTT,4
AACAGGTGGAGGATCGAG,4
GAGGAAGGGCCAAAGGAT,4
GCGGGCATAGAATGGTGG,4
ACGGGCATATAGTTCACT,4
GAGGCAAGCAGAGGCGAG,4
ATTCATTGTACTACTCGG,4
AACAGATGTGTTCGCGTA,4
AGAGCGTGATCGTTGTGA,4
ATATACGGCGTGTATCAG,4
CACCTAACTATTCGTGCT,4
GGAGAGTGCTGTCGTGTG,4
GCAGTCCTAGCCCAGGGT,4
AAAGCGGGATGGAAGTCG,4
GGCGAATTGGCGTGACAT,4
ACGTGACCGTTAGACCTG,4
ACACAACTTGTTGGGTGT,4
GGGATCACGAAGTTTCGT,4
GGGACATCGGCATCCTAG,4
AGGGACTGGTAAGGGCGC,4
ATGAGACGTGCAGCCCCT,4
AGGTGGGAGAAGACGCGA,4
GTGTCACTTGATGGATCT,4
TAGAGCGGAGTGACGTAG,4
AGTGAGCCGACGTGTGAG,4
AGGGAGCTGGCAACTGGT,4
ACACGCCAAGCAGAACGT,4
AGGGTATTACCAAGCGCT,4
GGGGCGTATCAAGACTGT,4
ACGCCCGGTCGCATAACA,4
GGGCACACACGGGAGTAG,4
CAGGGGCGTTTAATAGTT,4
GTAGGACGACCATGCACT,4
AGCGACACACGGGTACTT,4
GCGAGGTATGCCTTATGG,4
ACTCAGAGATTTAGTGCG,4
CACAGCGTGCAAGGTGTG,4
AGTGCGGTGCCGAGGTGT,4
GAGGTGGATGATGTGCCG,4
AAGACATGGATCGCGCGT,4
TGATGACATCTGACGCGT,4
GCTCGGCTACAGTCTGGC,4
GACGGCACAGCAGACGGA,4
CACGGAGAATACGGCATG,4
AATCGGGTCAACAGAATG,4
CAGGACCGGGGCATGTCT,4
TAGATGATGCAGTGGTGT,4
GACATGGGTCTACGCGTA,4
AGGATAGGCACTGCTCCG,4
AGGGAAGCGGTTAGTCAG,4
AACTCACTGTGAGGTGCT,4
GCGTAGGCAGTTCCTGGT,4
ACAGGGTAGGATCATCAT,4
ATGGCACAGAGGGACGCA,4
GAGGGAAGGACGCTCTGA,4
TCAGCATGGCATACGATA,4
GGGCTGTGATGTCACGCT,4
TATAACAATAAGCGTGCT,4
TACATGACACTGTGGTCT,4
GCGAATGAGGGAGACTGG,4
ACGACAGTGGTGTGTCCG,4
ATGGACGCACGGTGGTAT,4
AGGGCGTCCCCCGCTCGG,4
GCATGGCCAGTGATGACG,4
AGCGGTATAGCAGGCGTG,4
ACGGGCGCATACCACTCT,4
AGGGCGGAGTACTACGGG,4
GGAGCGTGGTTCCTCGGT,4
GGTGCTGCGATCTTCCGA,4
AGGATGTAGAGCTCATGA,4
GCACCAGACTGTGTGGCA,4
AGGGTACGTAAGGGAGTC,4
ATGGTGGCAGGAATGTTA,4
TGGAGCCCCATTTCTCGT,4
ACGTCTATGGGTACCGGT,4
GTAGCAGTGGCAGGCCGG,4
TCTACAGCATGGAGCTTT,4
GGGGCAACTGTCACGGTA,4
GCCAGAGTGTGTGCGTGC,4
ACGGACGTAGTACTGTGT,4
GTAGACCGTAAACCGTGC,4
ACTGCTTCACTCAGTGTG,4
ATGGTGGCGACAGGGTGT,4
AGGGCATAGGGGACGGCC,4
ACTGGTGTCCAACATGAG,4
ATACACGGACGTGGATAG,4
TCCTGGAGAAGCGGCTAT,4
ATCGGTGACGAACATGTA,4
GCTAGTTCGGCTCTACCG,4
ATGAGGTGAGCTGCAGTT,4
AATGGGTTACAGCCATGA,4
TAGCGAGGGCTCTGTGTA,4
TGCGGATGCCTGCGGCTG,4
GGTGCTGGAGTATAGTAG,4
AGCAGATGATGCCATGTG,4
ACACGGCTACGGCGGTCT,4
GGCGGGTTACGCACTGGT,4
TACTTTGCCTAAATGTAG,4
GGCTAGAGTCGTATAGCT,4
GGCAGCGCGAGAAAGTGA,4
ATTTGTGAGGTAATAGGT,4
ACGATCGATGAGAGCAGT,4
GGGGCAACACCAGTCCCA,4
TTGCAGGAACTTGCAAGG,4
TGGGCAATAGCATAGTTT,4
AGCGGGAAAATACCACGG,4
TGACGGATGGAAGGATAC,4
AAGCGGACTCAGGAATCA,4
TGGAGACTCTGTATGGGC,4
GACCAGGGGACTACTCTG,4
AGGGCCAAGTGGACTGCA,4
TAGTGGCAGCTGGAGTTC,4
AGGAGGCCACTCCCGGTT,4
GATCCACAACATCGGAAG,4
ACTGGTAACACCTGTGCA,4
GAGGGCTAATAGGTTAGA,4
GGGTGGGAAAAGTGTGAA,4
GGCCCAAGTGGACGTGAG,4
CGCTAGCGGGCAGTTGAG,4
TGGGTCGTACTCCCCGTG,4
AGGTACGGCACGTTCCGA,4
TGCAGTAGGAGGATCGCT,4
AGTACCGGGATGACACTG,4
GGGCATAAGACACTGGAA,4
GAGTTCAAGACATGTGTT,4
GGCTATACGTGCGGTCTT,4
GTCCCAACGTGTGCCGTT,4
ATACAGTGGTGGCGAGTA,4
ATGGCAGACGTACTCGTG,4
TACCGTGTGTCCAATGTC,4
ATGAGTGGTGAAGTTGTG,4
TACGTTGGAGCTCCGTAA,4
GCGGGAACCAGTAAGTAG,4
GGTAGTATACCTTGCGTG,4
ATAGGGAGGGCCTAAGGT,4
ACACAATGGTGGACTTTG,4
GGCTGATAGATGTCGGTG,4
ACGTGAACAGGGATGATG,4
ATGGAGCGTGCGAACTAG,4
AGGGCTGTAGTAAAGGTA,4
GCAGGAGAAGGGACATCG,4
AGTGAACGAAAGTAACGG,4
TGGGTAGAAGGTGAATCG,4
AGCGGTATACTGCCAGCG,4
AGGAAATGATCGCCGCAG,4
GCGGGAGCGTTAAGGTTA,4
ACGGCCCAGATAAATGTG,4
TCCTGCGGCAGTCGTCAG,4
AAGCACATGGAACCCGTT,4
GACGGCAAACATGGGGCA,4
AGGCTACGAACGAGTGTA,4
GCGGCACACGAAGACCGG,4
ATAGAGGGTACTACGGCT,4
CTTGGGGGCACGGTACTC,4
GAGGCGAAAGAGGACCAG,4
ACTAGAGTGGCAGACGCG,4
GGGCAGTACTCGTTAGCG,4
ATGGCGGATCCTACTTCG,4
ACTCGAGGTGGTAGACTG,4
ATGGTGAGTAGACCACGG,4
GTAGGTGACCGTGATGAG,4
ATGGGCGTGACCTCGATT,4
ACTGGGCACTAGAGACGT,4
ACATGCCACCAGCCGCGT,4
GGCATGACAGACAAGAGG,4
GGACCTGGGACGGCGTAT,4
GGGCTGTCTGAAGTCCGG,4
TTGGAGACATACCATGTA,4
GCTAGGGTTATTACCGCT,4
ACAGGCACAGACGGCGGA,4
GGCACCGTTCAGTGTCTG,4
GGTGTGATGGCAACTGCT,4
ACGGCTCGAACGCTAGTG,4
GAGCACGGTAAAGAGTCG,4
ACACTTGGCGGTCGAAAG,4
TTGTCGGCGATTCGCTTA,4
GACGGTAGCTCGAAAGTG,4
GGACAAGTGGACCTCATG,4
AGCGGGACGTGGCCGAAC,4
GCTTTACGAAAACAGGTG,4
AGGATATGCAAGTTGTAT,4
ATGGTGTCTGACGTGCCA,4
AACGAGTCACGTGGCTGT,4
GCCAGGGGACTATGTGCG,4
AGCAAGGAGAAGTGGCAT,4
AGGGCACCCTAGTTATAG,4
AAGTAGCGGGTAAGGATT,4
GGCAGTGCGGATCGAATA,4
AGGGCGCCTGATGGTAAA,4
GTCCAAAGCGTAGTGTGA,4
ACGCGCCCGATGCGTGTG,4
TGGGGAACCGAATACCCA,4
GCTGTCAGACCGCCGAGA,4
CAAACGGGATTAGATGCT,4
GGGGTTCGCTGCATGATG,4
TGTATGCACGTATTCGGC,4
AGGAACAGCACGCTACGG,4
TGACGGACTTCACGTTAA,4
AGGGTGATACGATACCTT,4
TACGATAAGACGCTCATG,4
ATGGGTGTGCTCAAATAG,4
ACACGGATGATAGACTGG,4
GGGGTTCCTGCACTCCCT,4
GTGGGGAGACGCGTTGTA,4
AGCGGACCTATACGAGCG,4
TTGTCTGCTCGCGTGCAA,4
GCTAGGCTCACCGCGTGC,4
GATGGGTAAAATCAATGA,4
AATGGATCGTCTCCCCTT,4
TACCGGAGCTAAGATCGG,4
ACCAGGAGTACTCGTAGT,4
TGCCGGCGTCACGATTCT,4
AGACAGTGCATCTGGCGA,4
CGCCGTGGGTGACGATTT,4
AGACGGTGGCTGATGCAT,4
GTGGCAAGAAGACGATAG,4
GCGTACTGGATACGTGCT,4
TGGTAAGTACGTTAGATG,4
CAGGGCCAGTTATATCCT,4
AGGGCACTACTGGATAAT,4
GTAGGAGGCACTATCGCT,4
TAGGACATACAGCTGGGT,4
ACACCCGGTACTGGACAC,4
ACGTTGGCGTAGAACGTG,4
TCCGTGGAGGAGACGTAG,4
TACCTGTAGATTCCGTGG,4
TGACCCGACCCAGTGTAT,4
ACCAGAAGGTACGTGCAG,4
ACGCAGAGCAACGGACCT,4
ATACTGCAGTCAGTACGG,4
AGGGTGAATACGAACGCG,4
GTAGGTTGTGAATAGTGG,4
GCAGGGTATCCATCAAGG,4
AAAGATTTGCCGCTGAGT,4
GAAGCCAATGTTGAGGTG,4
ACCAGTGCGCTCTATGTG,4
GGTATCGTGTAGATCTGG,4
GTAGCTGGTCGAACATGC,4
GCTCCTAACTCTATGTAC,4
CGGGGTGAGACATTATGG,4
GCAATAAATCGTCGTTTG,4
ACGGGATGGTCACAGCAG,4
CGTAGTCGTTCTCAGTTA,4
ACGATGATGAGTGGGTAT,4
ACGGGAATCAAAGTGTAC,4
TTCAGCGTATCCAATGGG,4
AACGAGGTGCAGAGCGCT,4
GACTGAGAATGACGCCGT,4
GAGCATACGATCAACACG,4
GGGTAGATGCGACCTGTT,4
GTACACCTTCCGATCGTG,4
TAGGCAGACTGTGGCCAG,4
AGGCCGATAGCGTGTGTA,4
AGGAGGTAACCAACTGGC,4
GCCTGGCAGCAGAAGTGT,4
GGCACTCACAGTCGTCTG,4
AGGGCTTACAACTCCCGT,4
GACCAGAGGAGCAATGTG,4
GCATACAGAGATAACCGC,4
AGGCATACAGTGACGTGA,4
TACAGGTCGTCGAACCGT,4
ACGGTGAGTGCTGGAAGG,4
ATCGCGGAGCAATGGACT,4
GATCCAGATGTGGACCCG,4
CACAGGGTCTAGATTCGT,4
GGGTCAGCCATGGGTAGG,4
AGGCATTAGCAACTGGCT,4
AGCAGGTGTAGGCCGCGA,4
AGGTCAAGCTTAATGGCT,4
AGCGGAGGTAAGTACATG,4
GGGCCATACGTCGTGTGT,4
TGTGACGATGACAGTGTG,4
ACGCAGCAGACGGCAATT,4
GGGATGCAGGGATGGCGA,4
AGGGTAAGATAGGTGCCG,4
ATGGTACAGACTGTAACG,4
ACGGGTGTTATCTGTCCT,4
GGGCGAAGGGAAGCGGCT,4
CGCAGGGATTCAGGCGCT,4
GAGGGATAAGGCATGGAT,4
AGGTACGCTAGATGTTGG,4
ATCGGACAGGTACGACGG,4
AGGTGCGCATTCGTATGA,4
AACAAGCGTGATTCGGCG,4
GGTGGAGAAGTAGACGCG,4
ATACGAAGAGAGTAGTCG,4
ACACACCAAGTCGTGTAG,4
AGGGCATACACGGACGGG,4
CACATCCACAACGCTGTG,4
ACTGGGATGCATTCGTTG,4
GCGGTTCGACACAGTACT,4
GATCGACAGCCTTTCCAG,4
AGAACGAGTGCAACTGAG,4
ATGAGATGCCCGCAGGTA,4
TAGGCGAGATCAGCGGAG,4
TTGGTCACGACTGTCGTT,4
ACTGCTGAATGGACGGAG,4
AGGTGACGTACAGCCGTT,4
TGGCATACCAATGACAGG,4
AGGTGGCAAGATGCGATA,4
ATGGCGGTACCCAGCAGG,4
CGGACGGTGCTAGGCAGG,4
AGAGCGCGCAACGGATTG,4
ATAGGAGCAGCATTGGAT,4
GTAGCTGTTACGGGAACT,4
ACGGGATGATAGGCCTGT,4
TGGCGGGAGTCTAGTCAA,4
ATGGGAGGAAGAGCGAGC,4
ACATCAGGCGGTAATCGA,4
GTGGTGAGATCGAGGTTG,4
GCTCCTTTGTCACTTGAG,4
GGGTGCTACGAGACTCTA,4
AGGGTGTACATCGCGCGG,4
TGGTGAGGGACATGGTGA,4
TCAGGTGGTGAGACCGGT,4
GCGATGCGTACAACATTG,4
GCAGCGGAATGCAGGGCT,4
GTAGCTACAGGGGATACG,4
ATAGACCTAGACCGGATG,4
ATGGTAACGCTGCGTTGA,4
ACTCGGTCAGAGCCAGCT,4
TTGGGAACGACGTTATCT,4
GCGGTGTACAGAGAGGCG,4
TCATGGTCACCACTTCGT,4
GCATGCTTGTTGTGCGCT,4
ATTGGCCGTATGTCTCCT,4
GTGCCCATGGAAGACGCG,4
GCACGCAAACCGGCCGAT,4
AGACGGGAGCTGCGGATG,4
ACAGCTAACGGCCACGTG,4
GTGCCGGTTGAACCCTAT,4
AGGGTCCAGCAATCGGAG,4
GACGTCAACACTCGATTG,4
GGAGGTTGCATTGTGTGG,4
AACGTAATCCACGCTGCT,4
ATTATGTGTCATGTGACT,4
TCCGGGTGTTAGACGTCG,4
ACTGTATTGGCAGTGTCT,4
GAAGGACCTGAGTGTATG,4
AGCAGTAGCATCGAGTTG,4
GCAAGCACTCGGCTCGAT,4
ACGACAACGGACCACGTG,4
AGCAGGTAGGGTCTGAGG,4
GCGGAGTCGTTTAACAGT,4
GAGTAACACCCGCTGTAG,4
TGGGTGATAGGCGACTGT,4
TGGACCATACTGCAGTCG,4
ACACGACCTGGCGGGTGG,4
ACGCGGAACCATCCATGT,4
GGAGGAGGGACACTGAAG,4
AGCCAGGGGAACGCTCGA,4
TGCGGCATGCGGACAGCA,4
ACAGAGTGAGACGTTAAT,4
TGGGATGGGACCCGGGAG,4
GCTAGCCCGCTACTGTTG,4
TTGACCGATCAGTATGCT,4
ACACGGCCTGTACGTGTA,4
AGGACAGATCGACGGACA,4
GTACGGTTAGCGCTTCCG,4
GGCCCATGCTGTGGTATG,4
TGAAGGACAGCCCGACTG,4
TCGATCCGTTAGTCCGCT,4
CAGGAGAACGTCATCGTG,4
AGGCAGCACATGTATTCT,4
ACAGGCTATTCGTGTGCA,4
ACGGTGTGGGAGCCCTGA,4
ATGGGTCCAACCCTACTG,4
CAGAACAGGTCACGGTGT,4
ATGAAGCAAATGGTGGAG,4
AGGGAGGCGACGCGAAGT,4
AGGATGAACGCTCTCCGC,4
ACACAGGATACCGTGTTG,4
GCATGTCCGACCTCTATG,4
GAGGCTAGAGAGGTGTGA,4
GGCAGACGATCGGTTACT,4
AGGGCCGAAAAGTGTTCT,4
ATCGAGGGATGAGTCATT,4
ACAACTATTCAGATGTGG,4
ACGCATACGTTTGAGTAG,4
GGCCCAGAACTCTTCACT,4
GGGCTCAGTAATACGCGT,4
CGAACCGAGAACACTGTG,4
AGGTGGGATGTAGCGTCG,4
TGCGAGTAGATATCAGGG,4
ATCGGCCGAGTGAACTGT,4
ACTGGTACTGCCTTTGTG,4
AACCAAAGACTGGCTGTG,4
GGCCTAGGATGGTAAGCA,4
ACGTGCCGTAGTGGTGCA,4
CTGGTCAAGAGAGCGACG,4
GTGGCTAGAGGAGGTATT,4
AACACCGATCAATGTGCG,4
AAGGGCATCTGGACCTGA,4
GTCGTCTGTTAGATGTCG,4
AGGTCGATGCACCAAGTG,4
GCGCCAATCGTAGGGTAA,4
AGGGATCGAGGGAATTGC,4
ATATGCCACTGGGTGTGC,4
AGGTGTCAATAGAGGATA,4
ACCGGAGCTGACAAGAGT,4
AGGTAGCTTTCACCTTGG,4
CGTTGGGAACCGCTGTGG,4
GCTGAACTGATACGGCTG,4
ATTGTCAGGACATGCGCT,4
AGGGCAGCCTGACATGAG,4
AGGGAAGGGTACAACGCG,4
TGGGCACATCGGACAGCT,4
AGGATGCGATAGCCGATG,4
TAACCGGACAAGATTGGT,3
TATCGGCACGTCAGTGCT,3
AGGCGGTGAAAGTCGCTG,3
CTAGGGAGTTGGATATGG,3
ACGGGCGATGAGATAGGT,3
TTGGTTGGAAGCGAGTAT,3
ACGGACAGACTATGCAAT,3
ACAGCCTGTCATGCGGAG,3
ATGGTTGGGACGTGCTGG,3
AGGGCACATACCGGCTCA,3
AGCAGGGAAACCATGCGG,3
TTTGGGACGACTGAGACT,3
ACAATGGATCACACAGCT,3
GATAGTTGGCATCCTGGA,3
AAGTACGTCAGGCTTGGT,3
AAGGGCCCACGCACGTAC,3
AACGAGACCTAAACTGTG,3
GAGCTAGTTACCGGCGTG,3
TCGAGGGATACTTCCACG,3
ATGGAACAGCTTGTAGTG,3
TCAACGACGCGGTCTGAA,3
GATGGTGCAATGGGCGTA,3
AGGTGGCAGACGGTACTT,3
AGGGGACACATATACACG,3
TTGCGTCATGCTCAGCGG,3
TACTGCTCGAATTCGGAT,3
GCATACAGTGAGGTGTGT,3
AAACGCAGATCAAGTCGA,3
TACGGCTTGTCATTCGTG,3
AACCAGTTCTATGTGGCT,3
TGCGTAGTCCTTCACTCT,3
AACAGTAGTGCTAGCGCG,3
AGGCAGCCAATACGTGAT,3
GCTACCGCATAGAGGGTA,3
GTAGTGACAAGATGTTCG,3
TCGATGTCAGGACTACTC,3
TCTGCAGGGCGTATGCGA,3
GGACCAACATTGCACTGC,3
GCAGTGTCGAGTCACGAT,3
GGGACGTGTACAGGTATC,3
ACAGCGGGTCCGGATGCG,3
ATGTGTAGCTGTGCGATT,3
ACCGAGTAGTTGGGCCAT,3
GCGCGGTGTAGTTGCACA,3
GATAAGACACTCGCGTGG,3
ATGATCGCCAACGCGTTG,3
GCAGATTGGTAACATGTG,3
AGGAGCCGCTGCGTTCGA,3
GGCAATGATACCGTCGCT,3
ATAGCAGCGGGTCAACGT,3
ATCATAGACATGGGATGC,3
ATGGCCATCCGTGCCGTG,3
CTGCAGGTATTCATGGCG,3
GGGAACAGTATGTGCACA,3
AGGTTACTCACGCGTCCT,3
AGAGGGACACTGCGCGCG,3
AGGAGGGACCGCGCTCTG,3
GGCCATTCTTCCGGAGTT,3
ACGTGGGATCTCGACACG,3
AGCAGTAGTCGGTCCATG,3
TGGTGGGAAGGATGACGG,3
ATCGACTATTCAAACGTG,3
ACAGTGCTGCGGATGAGA,3
AGACGTGACAGACCTGTG,3
AGGCCTCAAGCATGGGTA,3
GGGCATGTGTGTACACCA,3
AGGCGTTCAAGGACTGTG,3
GCGGTGTAGCTTACTGGA,3
GTCAACGATGCTATTGGT,3
AGGGCTGCTAAGCTATTA,3
GACGTAGCGCAAAGGGAG,3
TCACAATAGGACCGGCTG,3
ATGGCAGTTAGAGGTCGT,3
ACATCGCTACTGGTGTGC,3
ACGGCAGTCATGAGGTGT,3
TCGGGCACTGGGAGGCGA,3
GTACAGTGACACGTTCCT,3
ACGACCAGACACCATACT,3
GCACATACGACGCGTTGG,3
TAGGCGAGGTGACTGTTG,3
ATATGCGAGACGTTCGCG,3
TGCACAGCACGCATTCCT,3
ACGGATCATTGGATGCGG,3
GCGTACCGATCCTCGCCT,3
ACGCTGGTGTCGATGCGT,3
TTGGGATAGCGGCGCGGA,3
GGGATTAAGCTACTGTGT,3
ATGGTGCTGCCTTTGCCG,3
ACAGAGGGTAACGCGTCG,3
TGAAGCCTTGACCTGTGC,3
TGCAAGCGGTATGTACTT,3
AGCACGTAGCTTAGTGTG,3
CACGGTCTGTGTACGGAA,3
AGCGAGTACGAGATCTGT,3
TCGGGTCTCTAGCCTCCT,3
ACGAAGAGGCGCTAGCAG,3
AAGGCACAATGTTCGCTT,3
TGTGCCAGAATACGTGAG,3
TTGGTGACGACTAGGCAG,3
ACATCAGGCGACGCGTCC,3
GGTGATCTACGACATGCT,3
TAACCAGGTCTACGTGAT,3
GATGGTCGCCGTGCCTTT,3
ATTAGTGGGCAGACGCGA,3
ATGTAGTATAGGACATGG,3
ACGTATGCTCCGTGCAGT,3
ATGGTGTGCAACATGTCG,3
GTAACCGATCGTCATTGT,3
GTAAGGCCTGACTCCGCT,3
ATAGCGGCGAGCACTGTA,3
ACAGTGGTGCAGGCAACA,3
ATAGGTACGAGCAGATTG,3
ACGGGCAGGTAGCACTGG,3
AGAGGGCTCTCAGCGGCA,3
ACCGAGGTCACATCGGTG,3
AACCGTACTCATTGTGCG,3
GGCGTCTTATGAGGTGCT,3
AAGCAGTGACCGTCAAGT,3
AGGCAAGACTGTTAGTGG,3
AGTACCGGGCGCCGTGTT,3
ATGATCGATGTGCCCGGC,3
GTGCGGTTCGGCAGCATT,3
GGGATACTACGACAGGAA,3
ATGGTCACGCATCGAGCG,3
GGTGCTAAGTCGACCAGG,3
AGGGTGCAGTATAACAGA,3
GCATTGGGTAGATTATCG,3
TGAGTCCGGACCGAGTGG,3
TACCGCAGTGAGGGAGAG,3
AGGCGGACTAACACCGTG,3
GATAGGCAGGGGACTCGA,3
TGGCACACTATGACGTCG,3
ACCAGCAATCCAATTGTG,3
TGGTGACTGCTGACGTAA,3
ACGGAGTACCTCAATGTG,3
GAGGTGTACCAACTTGGC,3
AGGGGCAAGAATTCGTAC,3
GGTGCACCAGTAGGGTGA,3
CAAACGGATCGGTGCTCT,3
AATACGTCCGGTTCTGCG,3
CAGGCCGGAGAGGTGATG,3
AACAGCGGATGAACTCGT,3
AATAGCAGTTCGACAGCT,3
CGCAGACACGGGTATGCG,3
GGCGGAAGTCTAGGATGA,3
AGCGGAACGGGTCACATG,3
GATCCAGCAAATTCAAGG,3
GCGGCGAGTAAGATGTTG,3
AGCTGGTAAGCGACGTGC,3
GCAAACGGAGTCTAATGG,3
GCAGTTGGGTCTATTTGG,3
TGCCCAGATCCTATTGCG,3
GGGGAAGAGACGCGATGG,3
ACGTGGGCCTCGCTCGCT,3
CTGCAGAAAAGGCTGTGG,3
GGGCTTACTGAACATGCT,3
GGGTACGGAACGGAGTCG,3
GAGGGGCCACGAACAGTC,3
GTGGGGCTGAGTTGACGT,3
GGCCCGGGTGAGGGAGAA,3
GCAAGGCGAAAATTGTGA,3
GGGCTAGTAGCATCGGAG,3
CTGGTCGATTTCGTACAT,3
ATAGGCTGACCATACTGT,3
ACAGCAAGGCATAGGGCA,3
GAGGAGGCGGCACATGAC,3
GGGAAGTATTCACAGTGT,3
GTACGCGCGTACAGTAGG,3
AGAAGTGGTGACGTGCGA,3
GGGAAGGCCACTGTGCAT,3
TAGTAGTGAGTATGATGG,3
CGTAGAAGGTGGCTTGTT,3
CAGGGTGCAGACCTTTTG,3
AGAGACAGATGTCTTGGG,3
ACTCGCCTTTACCGGTCG,3
ATCGCCCTTAGAATCCTA,3
ACGGCAGATCTCGGTGAG,3
TGGACTCACATATTCGTT,3
GGGGTTCATGACGAGGGC,3
ACAGGAGTTAAACTGTTG,3
GGGCGCTTCACTGGATCT,3
ATCTACGGCGAGCAGATG,3
GTAGGGACTATCTCGCTG,3
GATAGGGCAGAGGATGCG,3
AGGGGCTAATTCATGACA,3
GTGTACTGGCACTCATTG,3
ACATCGGCGATGATGGCG,3
CTTGCGGTAGATCATGCT,3
TCCGAGCACTGTGTCGCT,3
ATGGCATAAAACAGCGTG,3
GCAACCCGGTTGGAGAGG,3
TTGGGCTACCATCTACTA,3
TGGCGGAATTGTTGTGCG,3
CAAGGGTATCAGCAAACG,3
GGAGGATGCAGTTATACG,3
ACAGGCAGTACATGTGGA,3
GGCGATGGACCCTAGATG,3
TGCCGCTGGAGCCCTACG,3
ACCATGGACAGCCGTGCA,3
TCATAGTGTGGTCTGCCT,3
AGCGACGCAAATCTGTGA,3
AAGGACTGTGAGGACTGA,3
CGCGGTAGCGGATACTGG,3
GTATGGTCTGCATGTTCT,3
ACGCTTGCGGCGGACACT,3
AGTTTCGTAGAGGGATAG,3
CGGGAGAAGTCCCGTCGG,3
AGGCGGTTGCATTGGCGT,3
ACGGAGCCTGATCTGTTA,3
GACCCCTAAGGCCGGTAA,3
GGGATGTAGCCTTAGGTA,3
GGACGAGGAATGTGGGAA,3
ACAGCCGTCCACGGTGCG,3
ATGGCGGCCTAGAGGTGT,3
ATGAGTGGTCATACAAGG,3
CGGGGATTTGACGTCAGC,3
GCGGACGGATTAGAAGTG,3
ACAGCCCCAGGGATGTGC,3
GCAGACGAGTAAGGGACT,3
GGCTGTCGATGTACGTGG,3
GTTCTGAGGGCCATGTGT,3
GTGGGACAGGACCGCCAT,3
AGAGGGACAGAATGTGTA,3
TCGGGGCTCTGGCGTCCT,3
AAGGGTACTCTTGCTTGC,3
GGGGCATTGGACGCGGAT,3
GCTAGACACGAACTTGTG,3
AGCATACCGGCAACGAGT,3
ATGGGCAGAGGTCGACCA,3
GTGTATGCAATTGTGGTC,3
GGGCTGAGCTCACAACGT,3
TGCATTACCCTTGCGTGG,3
ATGGGATACATGCGCTCA,3
GGGACGGCAGACAGTACT,3
GCGACATACGTGATCTGG,3
TAACCCAATCATCTGTCG,3
TGACTGGGATCAAAAGCG,3
ACACAGTGATAACAGTGG,3
ATGCCCACAGAACCTGCG,3
ACAGCCGATAGTATCCGA,3
AGGATGTCACAGGCCTGG,3
AGCGGGAATATGACGTGA,3
TATCATCACCACGGGGCG,3
AGCGGAGGCTGCCTATGT,3
TATCCATTCCGTCTCGTA,3
GACGCGTGAGGTACATAA,3
TTGCCCGAGCAAGATTGG,3
GACGGTAATTGAAGGCAG,3
ATATTAAGGTCACCCGTT,3
CTGGGCAGACTATCGTGT,3
GGATGCCACTCATGACGG,3
ATGGCCGATGCGGTCGTC,3
ACCTTGGGTTACAGCGTG,3
GCGGTAATGAGTCAGCGT,3
ATACCCTGCTTGCTGTCG,3
TGCGGTACCGAGCGTCCT,3
ATGGCGTGTCGCGATGAT,3
CGGGCGAGAATAACGTGT,3
GACCTTAAGCATGTAGCT,3
AGGGTTCGCAGCATGTCT,3
AGGCCTGGCAGACCGGAG,3
GACGGGATCAGAATGGTG,3
TGAGGACTATGTTAGGTG,3
AACAGACTCCGTGTGCTG,3
AGGACGGGACACGTACGA,3
GTCAAGGCTCAGTTCGTT,3
CGCAGGGTATCTCGCCGT,3
TGGACACTGGATCGGCTT,3
AATAGGCTAGGGCGTGTA,3
AATGCGCCACCACATGGT,3
GAATGCCGTCAGCGTTGG,3
GAGATGTGACAAGGGTGG,3
AACCATACATGTTGTGCG,3
GAGACGTGCTAAGTGATG,3
AGCGCCTGCCAGTTCTCT,3
GGGTAGGCCGACCAACTT,3
TATAGGTGACCCAGCTCG,3
GTGAGCTTGCACGGCATG,3
CACGGTGACAATACGTGG,3
AACAGGCGAGTATAACAT,3
ACGGCAACTTATGATGCG,3
TCGGATCACACGCATTCG,3
AGGCGGACTCATGGATAG,3
TACGTAAGCCGGAGTACT,3
AGGGCAGAACATGGCGGA,3
TGCCTGTACTGTGCTGTG,3
TGCGGACAACACAGCTCG,3
GGCTAGAGAGATATTGTG,3
ACGTTACATAATCGAGCT,3
GGACACAGCGCTCTCCAA,3
GTGACGCCATACAGAGTT,3
CACCGTTGTGAACGTGTG,3
ACTGGGCCGACAAACGCT,3
AGCGTTAGTCGTTGTTCA,3
GCGGTGTAACGAAGTGCG,3
TCGTGCTTTGTCGATTCA,3
TCATTGCGGATGTAACGG,3
CGTGGCCATGTGCACTAT,3
GGGTTAGTAAAGACTAGA,3
ACCGGGGCTGCTATGTGT,3
GAGGTAGGAAAGGTTCGG,3
GGGGCGTTCTGGTGACAT,3
GGGCACGAGCGGAGTCAT,3
AGGCGCAGTGATGTGGGA,3
AGGTAGGGGCCCTGTATT,3
AGTCGTTATTAATGTGTG,3
AATGGTCCGGCTCGGTAT,3
GAGAGTGTGGTGGCGTCT,3
AGGGACCTTAAGGACCGG,3
CGCTAGCGGTAGGTGAAC,3
GGGCAGAAAAGTCGACGT,3
ACGGACGGATCGTGCCAT,3
GCTGCGTGGGAAGTTGAA,3
TAGGCATGTATAGGCGCT,3
TGAAGGACATAGGATGCG,3
GGAGCAGAGTGTAGGCCA,3
AACACTAGGTCGAGACAG,3
TGTCGGTATACGGGGTAC,3
TACCTCCGACGCAATGTG,3
ACGAGGGAATCCCGGTGG,3
CTCACCATATGTCCGCTC,3
CGCAACAGCACCGTGTAG,3
ACGGGCGAATAGCTCTCA,3
ACGAACCGTGAGGAAACA,3
GCTGAGTCTTGTGCTGTG,3
GGATGGGACGTCCTTTAG,3
AGTGTATGGCCACCTGCG,3
TCCGGAGTGCAACGTCCA,3
ACAGGGCTAATGAAGGCG,3
GACCAGCGTGGACATAGG,3
CACCGGCGGTGATTCTAA,3
GGTTGGTGTTGCTCTACC,3
AGCCAAGCAGGGACATCA,3
GCGGGTTGAACTCCAGTG,3
AAACGCATTAACACTGTG,3
CATACAGTACGACCTGTG,3
GGCAGGTTCAATATGCGC,3
ACTCACACTCTGGTGGTC,3
GGGACGGATCATCACGCG,3
AGGCGATCAGGAGTAGGG,3
TGCCCATGTGACTAGAGT,3
ACACATATCGACCCGTGT,3
GCCGTGAGGTACGGGATA,3
GTAGACGGTTCCATGCAT,3
TGGTCGCACCCGTAATAG,3
GGTGGCGTGAGATAGGCC,3
CAGTTAGCAGACGCGCGT,3
GGGAACGACATCTTGATT,3
AGGGCAGGTTATCGTGTA,3
GATAGCGAGACTACATGG,3
GCTCAATCGAGGGTGCGT,3
ATGTTCAGACGGCCCAAG,3
ATCCCTCAGTGCGCCCGT,3
GCACGTGTTGGAATGGTG,3
TAGGCACGTTCATGGGCG,3
AAGCTGAGTGTTTAGACG,3
ACACCACACATGTCCGCT,3
TGCGACGCAGAATCTATG,3
TATGGCAAGGCGTCATGT,3
TCGCAAGTACGGTGTCAA,3
TGTGGCAGCACGGTCGAA,3
TAGGCGTACAAAGGTCGA,3
TGGCGAGACGTGAACAGT,3
GGGCGGTGAACAGAGTGT,3
AACAAGAACCTCGCCGGG,3
ACGGGACCCTGTGTGCTG,3
ATAACGACGCAGCTACTT,3
GCCATACCACGTGCTGCT,3
ATGCAGGAACAGTGCGGT,3
ACAAAGGGCTATGAGACT,3
TCGGGCGCTATCGGTTCC,3
AGGTGGGATCTGCTTAAT,3
ACTGGGTTCGACGAGCAG,3
GGGACGCCAAATCCGGTA,3
TATACGTTGCATCCTGTC,3
TGTGGTGTTGTACAGTCG,3
GGGCAGAATACATGTGCA,3
CGATGAAAACGGGGTAGT,3
AGCATGTGTAGACGTTCA,3
ACGACGGGTTGCTCACTG,3
ATGAATCCATCACAGACG,3
CAACGGTGAAGACGCTTG,3
ATGGGACTACAATCTCAT,3
AGGCGAGCTGTAGTACGG,3
TCATAACACACGAATGTG,3
CGTGGCCCAAGTTCGGCG,3
AGAACGACACTCGAGCGT,3
CGGAGGCAATACTTACGT,3
CACGACGGGAAAGCGGCG,3
GACGTGGGATTAGCCGCT,3
AGCAGCAACGGTCACTAG,3
AGCACAGGTCTCTGGCGA,3
TGCACCACAAGCTCGGCG,3
ATAGCGCATCGTCGAGGT,3
TGGCTGTATTAGAGCGTG,3
GTGGGAACAAGGCTGGCT,3
AGGTGGAACTTGATGCAG,3
TGGTGGCACTTGAATTAT,3
TACATGCGGAGTGCGCGA,3
AGGAGATGTACGAGTACG,3
GCCAGATCGTACCGTGTC,3
GACGAGGGAGTGGGGACT,3
ACGGTGAGGAGGCTCTGT,3
TACAGGCGGAACACTCGT,3
ACAGCATACAATGATGTG,3
GAGGACGTCGGAAGACTG,3
GGCAGGTGAACTACGGAG,3
GGGTAGGAGCAAACGCGG,3
AGGCTAGTTAACATACGT,3
AGCGGTCATACGATAGCT,3
ATGCAGGCGCGAATTGTG,3
ACCGGTGGACCTGTTTCT,3
GCGTGGCATTCATGGTAG,3
GCAGACGGTGCGACGGCT,3
GGATAGAGACCTTGCGTG,3
GGACGGCAATCATGCAGA,3
TGGCCAACATCGTGGAAG,3
ATGGCCTCAGAGGGACAG,3
GGGAGCAGTATGGTGAAT,3
GTCCCTCGGGATGCCATC,3
AACGGGTAGGCGCACGGA,3
ACGTCAGGGCTACAGCAT,3
GGGACGAAGCTAGACGTA,3
TTGGAGGCGAGATGAAGT,3
GCTGTAAACGGTGGAACG,3
GGGATACTTGTAGAACGT,3
AACGGTTAGTCGTCGTGG,3
ACGGCTAGGATCACGGCT,3
GCAAACTCCGCGTCGTAG,3
TCGTAAGGGCGTTACGCA,3
GGGAAGACGAGAAGGATG,3
ACAGATGGGATTAGCAGA,3
AGGGGCATTTGGCGTATC,3
AGCAGATCATACTGCTGG,3
GACGTCGACTAGACTATG,3
ACACAGTGTGACAGCATG,3
CGCAGGGAGACTCGTCCG,3
CAGTGGAAGCTAGCCTGG,3
TGCGAACTGCATGGGCTA,3
ACGAACAGGTCGCGTATA,3
ACGTGGCGACACTCCGCT,3
ACGGGAGCACACGAGTCA,3
GAGCCGTAAGTGGAGACG,3
CGCAACGAGTATGGTCGC,3
GCACACTGTCTGGCGTGC,3
GTACAGGATTCAGTATAG,3
GTGTCACGACTGGCAATA,3
TGAGCTTCAACCGTGCAT,3
TGCAGGCGGAATACAGCA,3
GTGGATGTCATGCGCGAT,3
GCCATGCGGAAGCGTAAG,3
GGGAATGTTTCAGGTGCG,3
AACTCGGCGTTCCATGCA,3
ACGGCAGACGTGCAATGA,3
GCATCCGAGATTTGCCCT,3
CGCAGTGACTGTGAGGCT,3
GCGGTAGCCGGAATAGCG,3
AAGACGGCCCGCAAATCA,3
AACGGGCCAGTGCCACAT,3
TACGGATCAATGTGCCAT,3
ACGAGATACACTTCCGGT,3
CACTGGCTATTTAACGTG,3
AACGAGGTACTCAATTGG,3
ACAGTGGGCTGTGCATAT,3
GGGGTCAGTTAGGCCGGT,3
TAGAGTGTACGCCGTCTG,3
GATCCAGAGTAGCAATCT,3
ACGCGATCCACGAAGGAG,3
AGTGACAGGATAAGGAGC,3
ACGATAAAGACGGCATTC,3
TGCTCCGCAAACCGTGCT,3
CTCATACGTAACGGTGTT,3
AGGTGCGGCTTCCAATCC,3
ACGGCACACGGCATACGA,3
TTGGGCACGTCATGTCGG,3
AAGGAGGCGCCGTGTGAA,3
ATGGCGATATGTACGGCT,3
ATCTATTCTACACTTGCT,3
GGCAGTCGTATAGCTGTG,3
AGGGGACAAGGGCCCCGA,3
ATAAGGTTCTGATCAGCT,3
AGGCTGACCCGAGACTTG,3
ATGTGGTCTACAGCATTA,3
AAGCTTGGAGTCGTCTAG,3
TCGTGCATTGAAGGAGTT,3
GGCACACTGCATCGTAGT,3
GGGACAAACACCGGTGCA,3
ACGCGTAAGTACGTAGTG,3
ACGGTGTAAACAGTCGTG,3
AGTGCAGGTGTAGTTGCG,3
TACGGTCAACTTGTATGT,3
TAGGGCGAAGCGACGTTT,3
AGCGGCAGTCCTCTGTAG,3
AACGGCGAGTAAGGCTGT,3
GAGGATGAACAAGGGTGG,3
GCGGGAGAGAGTATGGAG,3
TGAGGACTAAGTTTCGCG,3
TACACCTAGATGGAGCTA,3
GCTATCCGCGGATTGTAG,3
GATCAGACGCTTCCCGCT,3
GTGACTTCCAGACCACGG,3
GTACGAGTGGCGCACTGG,3
CGGGAGGATGATCGGACA,3
AGGGTCCAATATTCGGTG,3
TCGGCATAAACTATTGGA,3
ACCACATCTATGACAGTG,3
GTGGGAGACGAGGTACAG,3
TGATAGGTTTGTTCATGG,3
ACACAGACCAAGGTGGTG,3
ATCACGAAACACGATGCG,3
GGGGCCGCAGTCAAGTCT,3
AGGGCGATCCGTCGTACA,3
ACAGGCGTCAGGACTGGG,3
ACAGGTGCTATCCGAGGG,3
GTCGTCTGGGATCTCATA,3
ACGGGTTGAAGCGAGGTA,3
TCGCCGAGGGCAATGTAG,3
GATAAGAGGGCTAAGCGT,3
AAGCAGAATGGCAGGCGA,3
ACACGGTACGGTGCTACA,3
GACACAATAGTTGTAGTG,3
ACGGTGCGGGTATACATG,3
GTAGCGACACTATGGGCT,3
TTGGCGGTACAGACGGTG,3
GAACGGAACGCGTAGGGT,3
AGAGACGTTTGGCCTGCG,3
GGCGGCACAGGAGATGGT,3
GAGCATCAGGATGTGTGT,3
ACGCAGGGAAGATGCATG,3
AATACTTGCATCGCAGTG,3
ATGACGTCGCTCGCCACT,3
ACGGCGTGACATGATGGG,3
TAACCCATCGTGGACATT,3
ACAGTGCCGTACAGAGTG,3
AGCATGGGAGCACCTACG,3
TCATGAGTAGAGGTTCGG,3
GGGACTAGGTGATGGGAG,3
CTGGGCTGTTTAAATCTA,3
ACGGCATACTTTGGTAGT,3
ATTGCCCGTGTAGGTATA,3
AAACCCGGACTTATGGCT,3
CACGGAGTGGATGAGGAG,3
GGGCAGGTGAGAGAAGTG,3
GCGGCGTAGTACCTGTCA,3
GGGTGGGCAAACTGATCT,3
GGGGACGGTAGGTCGATG,3
GAGGGCCGTAGACACGCT,3
TTCCAAGAGTCGATGCGA,3
ACAACGTGATAGTGGGCT,3
GTCACGGGAGACGGATAA,3
CGCGGGGATACAATGGGT,3
AGGGCACACGACTGACCG,3
TAGGGCAGTAGTACACAA,3
ATGTACCATGGGCCGACA,3
AAGGTGTTCCGCCACTTG,3
GGGATAGGCGGACTAGGT,3
AGAGATGCGGTGGTGTCA,3
GCCAGGGAAAGTGTGCTG,3
AGGGTGAAGGAGACGCGG,3
ATCAGGGAAGCTGATGAG,3
GGTAGTAAGACCGTCTCA,3
AGCTCGAATCACTTGTGT,3
TACATATCCCGGCATACA,3
TGCACGCCGTTCACAGTG,3
AACGATGCAGCGTAGTCA,3
CATGGCAGAACGACGCGG,3
GGGCGTTGACGGTGCGAG,3
TGGGCACAAAAGACGCGG,3
GAATGGCCTAATGCTGTG,3
GCTGGTATTGATGAGTAT,3
ACGTAATGGGCCCATGCT,3
ACGACGGAACGGACGGAG,3
GGGTACGAGCAGTGCAGG,3
ATACGGACGCACCATGCT,3
ACTGTAGGCACACTCGCT,3
TCACAGACTCTGCGGTCG,3
TGGATCAAGAGCTGAATG,3
AGTGGACCAGAGGACAGG,3
AGATGCAGTATGGCGCTG,3
GGACTGTCAATGTGCGGG,3
AAGGGCTCCTTGACTTGG,3
GCTACTGAGACGGGACCA,3
ATGGAGCCCATACATTAT,3
GCGGTACAAGACAGAGCG,3
GCACACGAAAGCTGGGAG,3
ACAAACTGCTACTGTGTG,3
GTGGGGATCAACGCGGAA,3
AAGCGGGACTTCGAGGAT,3
GGGTGCAACGACGGAAGT,3
GCGGGATACCTGCAGATG,3
ATGGTAGAGACAGGCGAC,3
TAGGTGCCGCTGGTACGT,3
AGGATGGTGCTGGACCGG,3
ACGTTCTACACATGAGGT,3
ACTCGTGCCGTTCTAACA,3
ATGGTGGCATACAACCTG,3
TATAGGATGGCTAATGCA,3
GCGGAGGCTAATGAGCGA,3
ACTGCCTGGCACGACGCT,3
AAACAGAACTGAGATGCG,3
CGCTGTTGTCGGCATCTT,3
ACAGGCCACGTGACTGCA,3
GCGAGACTGCTGACGTTG,3
GCAGGGCGTCGACTGGAG,3
AGCACGAGAAGGTCTACG,3
CTATGGGAAGTGACGTGC,3
TACAGCCGTTAGGGCGAG,3
TGCGCACTCAGTGGGCAG,3
TGGGCAACCACCTTGTGT,3
TGAAACACCTGTCGCGAT,3
GAGGACCTTCGGTTCGCT,3
TGGGCAGAATGAGGCGCG,3
ATGGAGCCTACACTAAGA,3
GGCGGGAAGCGACATATA,3
AATGTGTTGATTTCGCGA,3
AGTCGGCACGCGATATTG,3
ACGGACGGACACCAAACG,3
CGTGGCGTTACGACTGTG,3
TGGACAGACGGCGCTTGT,3
CAATTGGTCGACTGACTA,3
ACGACAGCTCGATGGGAA,3
ACGCAGTTCCACGTGGAC,3
GGGGCAAGAGGTGGGTGA,3
GCGGGAATACTCTTACGT,3
TGGCGAGTAATGTGCACT,3
GGCGCGGGTGCAGAATTG,3
GAGGAGTGGACGAGTAGC,3
GCTGTACGGCAGACGGCG,3
ACAGACGTCAATCCATTG,3
ACCATACGATGGAAGGTG,3
GGTAACCGTCAGGGACAG,3
AGCCCATGATATCGTGAG,3
AGGCCAGAATAGTCCGAT,3
AGGCGTGTACCATGATGG,3
AGCTGGGTATCTAGCCTT,3
AGGCGGGCTGCAGTTACT,3
GGGCAGAAACTAGTTAGG,3
ACTGTAGCCAAGTCGCGT,3
GGACAACGCGGCTCGGGC,3
GATGTGGGCAAAAAGAGG,3
CATGCAGCTTAGGAGGGA,3
CTGCTTCGGCCATCGTGT,3
GGGGATAACTGTGCATGC,3
ACACTGTACTTCGCTGCT,3
GGCTATTAAGCATGTGTG,3
AAAGGGAAATGATGACGG,3
ACAGACGAAGTTACGTGT,3
ATGGTACATGCGAATGCT,3
GAGGTTCTTGGTCCTTGG,3
GGGGACAGGATGGAAGCG,3
AACGGAGCGATCGACTAG,3
GGCCAGTCGCATTGGTAT,3
GCGGTATACCAACGTGTG,3
AATCTACGGCAACCAATG,3
TACGAGCGGTAGATTAGG,3
ATCCTGCGTCAGCTAGTG,3
GTGCGGATACCGTAAGTA,3
CTGCATCCCAACATGGAG,3
CAGGTAGAGACACCAGTG,3
TGGGCGGGTAGAGGCATA,3
TGCTCTGTACGGGACAAC,3
ATGGGGCCTCTCCTCCCG,3
AAGCAGGATTTCATGTGC,3
GATGCGACTACGAGGTTA,3
AGGTTGGGAAAAGGATTA,3
ACGGGAGTTAATTGTCGT,3
GTGTGCACACCCAAGGTT,3
ACACATCCATCCGGCGTG,3
CAACAAGAGGTGCGAACA,3
ATGGCATCATCGCGGTGT,3
AGGGCAGCAAGAATCGGT,3
ACATTGCTGGTCTTGTGG,3
AACATACAGTGTAGCGTG,3
GACCGCCGGTACACGTGC,3
TAGTGTCGCATTGTGTCC,3
GTGCTATCGGCGATTCAT,3
TACGGCCGTGCACTCCTG,3
AGGCACGGCTAATGCTCT,3
ATGCGGCCCAGGATATCT,3
AACCGCTAGCGGGTGGCG,3
GTGGTAACCTAGGACGTT,3
GCACAGGTAGCAGTATGG,3
GACCTCCGACTCTGCATG,3
GCGGATGGGACTGAGCGA,3
TCCACAACTGATCTAATG,3
GCGGTAGGCACACAGCAC,3
TACTTGGACCGCGTATGG,3
AGGCCTAGAACCCGTGAT,3
ATCGGCTCCAGCAGACGG,3
AAGCGGTAAAAGCGTGCC,3
GTTCAACCGTAACCACTG,3
AGGGGCAATACAAGCCGT,3
GCAGGTAGTCTGCTGGAT,3
GTGGCCCCGGAGCGGATC,3
TATCAGGTTCCGTCGTGC,3
ACAACCATGTCGTGCGTG,3
ATGTTGTCATTTCCCGAT,3
GGGACCCGGCTCGCATTT,3
ACACTTTACTTGACGGCA,3
GTAGGGACAGAGACTCAT,3
ATGGGCCCATTATCTGAG,3
ACGAACCGAAGGACTGTG,3
GAGCGGTAACGTCGGTAT,3
AGACATCCGGCCGTGTGA,3
TTCGGCTTAGCTAAGTGA,3
GGTAGATCGCACAGTCGT,3
AGCTGAGGCAGCCTGTGT,3
GCTAGCACAGCCGTCTGG,3
GGCTGAACTCCCGGCTGT,3
AAGGTGGCTAACCCGAGG,3
AATAGCACGTAACGTATG,3
GCCGCTGTGCAATAGATG,3
TCTAGGTCTAGATAACTG,3
GGAGGACAGGGAAACGAG,3
TGTCCCTTAACGATGTGT,3
ACATGTCGCATGTTATGT,3
ACTGGCTCGAAGGGTTAG,3
AGATAGCGATCCTCTAGT,3
ATGGACGGACTGCGCACA,3
TGGTATCAGGAGCGGACG,3
AACGGGACACACGATGGG,3
GGAGTACACAGCCTGTTG,3
GGGCAAGACACGGCAGTA,3
ATAGAGTTCCACATGTTC,3
CCACAATCATGTCCTGTG,3
AACGGAGCGACCTGGTTT,3
AGAGGGTTACACGATGCA,3
AGTCAGTGAGCCACGGGT,3
GGGGACAGATGCACTCTA,3
ACGCGGGTAGAGTGCAAT,3
AAGGCAATACGATGGGCT,3
AGCACGAGGGAATATTCG,3
AAGACTGCTTACTTGGCT,3
ACAGAAAGATATGATGTG,3
TACCACCTATCCTCATGG,3
TAGGTGCTAGTACAGCTG,3
ACGGTGGGATATGAAGCG,3
ACTGACATGGCATATGCT,3
TACCGCGGTGAGGAGCTG,3
GTTCTGCCGCTGCTGACT,3
TGTGCGGTACGTTCGCTC,3
AAGGTGACTTACGAATTA,3
GGGAAACTAACAACGACG,3
ACGGGACCTACGCACGTA,3
GCCAAGCGGAGTAACCTG,3
GACACATTGTCACTCGCG,3
GGTAGCCTTGTAAAGTCG,3
ACGGCAGTAGTCTACGTT,3
AGCGGCCATCGATACGCT,3
AATGGGTATCCATGTTAG,3
AGCGGCATCGTGACTCCT,3
ACATACGGCTAGTGTGTT,3
GGCCATCGCATGGCTGTG,3
GGCATGGCGAAAACTGTG,3
GGAGATCTACGGACTTGG,3
GTCGTTGCCTTGTGTACT,3
GATCCATGTTCCGCTGGT,3
GGCAGGGCAGTGGAATGC,3
GCATAGTCAGCGCGTATG,3
ATGGTAGAGTCTCAGTAG,3
TGCCAAGAGAACACGTGT,3
GGTATAAGGTACTCGCTG,3
AGGTGGCAGTGTGACCAT,3
GGCAGTTGAGTGGGATAG,3
TGCAGGACGCCTTCCTCT,3
GCACGGGTCATTGTAACG,3
CTACGCTCGTCCTATCTA,3
ACGGACGATGAGGATGTG,3
TGGTGGATTGCTCCAGTG,3
ACGGACGAAAGGCCAGTG,3
CCACGACGTGTGTGAATG,3
GGGCAGGATTCCAGTTAT,3
GTGTGCGTCAAACCCGTC,3
ATCGATAACACTATAGTG,3
GATGTGTAGGTAACGCGT,3
GGGATGAGTCTGGACCGG,3
GGGAGACGCATACGGTAC,3
GAAACTGATGGCGTTGAG,3
GGGCACGATACTGTAGCT,3
ACTGGTCGCTTTGTGTTA,3
GTGGAGGCGGCTATGCTT,3
ATAAGGCGTAGCGGTAAG,3
GGGACCAGAACGCCAATG,3
GCCGCAGGTGGACATACT,3
AGCTAGATGGCAACGGCG,3
GAGACAAGACCGGATGAA,3
AGGGACGTCGGAACTGGG,3
GCGGGCAATAAAGCTACT,3
GATGGCATATGACAGGAG,3
TGGATGGATAAGACGCGC,3
AACGGCATGAGTTCAGCA,3
CGGCCTAGATGGTTAGTG,3
GCGCGTGTGGTTAACCGT,3
TGCGAATACCCACGCGGT,3
GGTACGTGCCGAGATTTG,3
CCGGGAGGTGACCACTAG,3
TGGTGGTGCAGGCGCTAT,3
AAGCGGCACATTCAAGCT,3
GCTGTGCTGTGCATACGG,3
AAGCATTACAGTCGGCCA,3
CTACTCTCAGCGGGTACT,3
ATCACGGCTGGGGATGAG,3
GGAGGTAAAGCTTGTACT,3
AAGCACAGACATTGGCTT,3
GAGGTTTCGCAAAGCGCG,3
CTGGTAATGGGTCGTGCT,3
AGGCAGGCTGTATGCGCT,3
ATGCTGCCAAGAGTGTAC,3
AACCGAGTACAGCCAGCG,3
GTCTGGCGATGGCAGATG,3
CGGGCTGATGGTATGAGT,3
AGGCAGGGTCACGCAACT,3
AAGCGTTAGCAAAAGACG,3
ATGGCAGGTGCTAACTAG,3
ACCACGGCAACGTGCTCG,3
AGGCATATATGGACCGTG,3
GTGCACGGTTTCCTGCGG,3
GCGGGCAAGAGAGCGGAG,3
GGTGCAAGATTTACCTTG,3
CACGGGCAGGAATCGGCG,3
CGCACGGAGGAGGCGTGA,3
GGAGGTGGTTCACATTTG,3
GGAGGATAAACTGGGTGC,3
GACGGGATGATGAACCAT,3
AAGATGACGACTTGATTG,3
AACGGGAGCAGGGAGCGT,3
CGACGGCTCCTGGGAGCT,3
GCAGAGGATGTGTGTAAG,3
GGGCTAGCAACGTGACCT,3
ACCTACACCAGGTATGTG,3
GTGACCAGCTAACATTTG,3
AACGTCGCTGTCATACGG,3
GTGCCAACCGTGTTATAG,3
GGGGCCTATCACGTCCTG,3
ATGGGAGAGAAAAGACGC,3
GGGCAAGTCGACAAGGCA,3
AAGTTGGGCCGATTAACA,3
ATAGTGGTCTAAGGTCCG,3
GCGGAGTAGGGAAGGACG,3
GACGCGCAAGGAATGTGA,3
AGGCAGCTATCATGTCGA,3
AACGGCACTCCGCAGACT,3
GGGACGTATTGTAGACTG,3
AGGGACCGACCGGAAGGA,3
AGGGCACACTCATGACAA,3
TTACAGTCCAGTTAGTCG,3
GACGGGACGGAACCTACG,3
ACTGGGTATGCGAACCAT,3
TGGTGCCGAGTATGTGGG,3
CTCGAAGGATTTGACGTG,3
GAAGTCACTCAGACTGGG,3
GGAGCCACGTGAATGAAG,3
GTAGCACTCGGAGCCATT,3
TCGGGAGCACGGCGAAGT,3
AAGGTACGGACGCTGTTG,3
ACGTGTTCAATGTCGGCG,3
GCAGAAGGTCACTCTATG,3
GTGACGAGTGAGTGCCTG,3
ACTGCCGTCCATCGTGTA,3
TGGAGCAACAGCTGGTTA,3
TGGAGGCGACCCCATACA,3
ACCTAGGTGAGGACGATG,3
AGTAACCTGGTCCGTACG,3
GGGGTCATGGGTTCCACT,3
AGCTGGTCGAAGTCGGCT,3
GCCGAGAGGTATAGGGAT,3
GGGTATAGCAACGAGACT,3
ATGCAGCATCCGTTATCG,3
AGTGCCGGAGGTAGGACA,3
ATAGCCAATCGGAGGGCA,3
AGGCGGCAAAAGTGGCTT,3
AAATCTGAGTAGGACGTG,3
ATTGGACCTGTAATGTGG,3
ACCGTGGTGCTCAATCCT,3
TGAGGCGGTGAGCTAGGT,3
GATAACGCCTCCAATGCT,3
AGTATCAGACACTTCGCG,3
TAATGCACGGGAAAAGCA,3
ACGGTATGCCAGTGACGT,3
AGGACGCTAGTCCATATG,3
TCGATGGCGGTATTATTT,3
GGGTCAGTAACCCTAGTG,3
GCTGGGGAGCAGGGAAGG,3
AAAGGCAAGGCAAGGTGC,3
AGGCCACCATGACGCGTG,3
GACGTACTCTATACAGCT,3
ACCGAGTGGTGGTTTGTC,3
GACGAGTGTAAAGCGACG,3
TGGCGACTTTAACATGAT,3
ACGAGGTGGACAGTTCAG,3
ATCCAGACGTCATGCTAA,3
TGTAGCCGGAGAGGGCAA,3
TACGATGCCGCTCGCCCT,3
ACAGGCTTAATGACTGTG,3
GGACTCGGTTAGAGGCAG,3
GACGACGGAACAGGGTAG,3
AGCTGCCACCATCTTCCT,3
ACGGCGGGAATGGTGCGG,3
TGGAACAACAAGCCGCGT,3
ACGGACAAAGGACGGTGG,3
AGCTTGGGTAAAGCTGCG,3
ACGCAGGGCTAGGCATCT,3
GGAGAGGCGCAGCAGGAT,3
CATCGGCGGGAATAGGGC,3
ACGGCGATCTTAGTTAAG,3
GGGCTAATTCCGCATGTA,3
GCAAGGTGCTAGGTTTTT,3
AGGACGGTAGGGATCGAT,3
AGGTGCTGCATCCAGGTA,3
GCGGGTGCAACTCCGCAG,3
ATACTGTCCAGACCCGCT,3
ACAGCAGTTTGACGAGCG,3
GCAGGGTATTGCAGTGCG,3
AGGCGCGTAGAGAGGGAG,3
GACGGGTAAGTCTAACTG,3
GTGGGATTAGAGCGTGCC,3
TGACCGGCCAGGAAGATT,3
GGTGTACGTGACTTTGGA,3
GACGGAAGTCCGTGATGG,3
GGGGCATCTCAATACACT,3
AGCAGGCACAAAGGGTTT,3
GTGGCACAGGATAGAGCT,3
GGCCTAGATTAAGGGTGT,3
AGCGGTCGTACAGCTTAT,3
GGATACGCATCCTTAATT,3
GTACTCACAAGTGCGGGC,3
AATCAGCGTGTCTGGTGA,3
GGCCAAAGCGGTTATGGT,3
ATGTCGCACCAGTGGATG,3
TGGCAGGACAGTCGGAGC,3
GACATGGGATGATGTGCG,3
ACGGCCAAAAGGTGTGCT,3
AGGGCGTGACACGAGTAT,3
TGTGGAGTTCGATGCGTT,3
GATAAGTCCTCTGAGCGG,3
CAGGGTATCCAACGTCCG,3
TGGAGCTACCAACACATA,3
GAGGCGGCTGTATGAGCT,3
AAGCACCGAGATGCTGTG,3
AGCATGGCCGAACGGGTG,3
GCAGGATGTATCATGCGG,3
ACAGCGGTAGACATGTCG,3
AGGCGATAACGTACGTCT,3
AGGATGGGACGTTGATGG,3
AGCACATTACCCGGTGCG,3
GGCTGGGGCAATGAGTGT,3
ATGGTGCTGCAGTAGTGT,3
CAGGAGTTCACGCAAGGC,3
ATGTGCGGAGCCGAATCG,3
AAGGCAGACATGGTGCGA,3
ATAGGCGGATGGCATGGC,3
AAACCTGAGCACTTCGGG,3
GGGCAATTCACTAGACGT,3
AGTGTACGGTAGACACGG,3
AACCCGTGATAACGTGTT,3
ACCGAGTGAGAGCATGTG,3
GACGGGTGCAACCGGAGG,3
TGCGGGTGCAGGCAAACA,3
TGGTAGGCATCTGAGCTC,3
ATGGGCACCTTTCGAGCA,3
AGGCCTCTGGTGTTTCAT,3
ATGTAGTGAGTGGGGCCA,3
GGAGTAGTATGCGACCAG,3
TAGCGTAGTGGATGAGAA,3
TGCGAATGCCGGTAGTCG,3
AGCGAAGACTGATATGTG,3
ACGGGACCATGTTGCGTG,3
AGCCCGCTACGGAATGTG,3
GTGGCTATGTAAAGTGCG,3
TGTAGTACCGGGATCGTC,3
GGCATGATTTGGCGGGAG,3
ATGTGCGGCGTTATATAT,3
GAGGACCCATCCAACGCT,3
GAGGCGGTAATGGGGCGT,3
AGGCTAGCACCGGTTAGG,3
GGGGTACTGCATGTGTCC,3
CACGGGAGAACGATGCGT,3
AGTACTCCATGACGCGAG,3
CTGCAGGTAGGAGCTGTG,3
GACGGTGTGACTCGACAG,3
AACAGCACGAAACGGTGG,3
GCAACTGTGACTGAATGG,3
ACAGGAGAGATGGGACTG,3
CGGGCCCAGCGGATCGTA,3
AAGGCACGGCGAAGAGCA,3
ACACGTCTTGGGGCTATA,3
AGCGGGCAAGAAATGTTC,3
ACGATGGGCAACGTAATT,3
TAGCGGGATATGAACGTG,3
GTGGCAGGTGAGACATGG,3
ATGTACGCCCATATGTGT,3
GCGGAAGAAGCCACGGTA,3
GGAGGCCGCCCGCAGGAT,3
GAGAGCATTGATATGTGC,3
AAGGAGCTTCAGCCCTGA,3
ACAGCCTGCCGCGTGTTG,3
AGCACTAGAGGGTTACTA,3
GGCGGTATTGGCGCGGCA,3
ATCAGGTCGCTCTGACAT,3
TAATTGTTCGTCATGTGG,3
AGCAGGACACAAGGTGGA,3
TGACCAGCTGCTATTCCG,3
ACGGTACCAGTAGCGGTG,3
ACGTGGTGTTCTAAGCCT,3
AGGGTAGCTGTGCAGGTG,3
ACGGGATCCACGCTGTCG,3
AGGGCAGTGTATATGGTG,3
AGGACGGACGTTGATCTA,3
GTGAACGTCAGACGCGCA,3
ATGTGGCAAACAGTCGCG,3
ATGACCGTGCTGCTACAA,3
GGGATAGTCAAAATACGT,3
GGGCAAATCGAACGTGGC,3
GGGGCCGGAAAGTATCGA,3
AGGATACACCGTGTGCTA,3
TGCCGAGGGTTCAACTTA,3
GTGCTGGTGATAAGGTCG,3
ACGGCGTACCCTGATGTG,3
AGGCAGAAGCACGATGTT,3
AACCCTGACAGGATTGGT,3
TGGAGGGTTGCATTCGAG,3
AGGTAGCACCATCGCAGT,3
AGCGTGAGGTATTCATAA,3
AGGGATGGTGACCGGAGT,3
GTTGGATGCGCTTGGAGT,3
ACGCGACGTAGGACCGTG,3
GGGTAGAAAGGCCGCTTG,3
ATACGGGCTTCTGTATGT,3
AGGCAAAGTGTCTCCGTG,3
GGTGAGGAGGATCTGTGC,3
GGGACGCATAACGATGTG,3
GATGGGTAACACTCGTCT,3
AAGGGGTTGATCTGCCCG,3
AGAGCAGCCGACGATTCG,3
TCGGAGCAGTGCGTAGTA,3
AGGCGAACGTTGAGGCTG,3
AGCAAGTATGATCCTAGT,3
GCACTGGACTCCGATCGG,3
AGGGAAGGCGGAGAAGAG,3
CGGAGCATGTCGATGGCG,3
TAGACAACACTATGTCGG,3
GCCGTGCTGTGGTGTACG,3
GCTGGTACGCAAGGTCGA,3
AGAGCCAGTGAAGATGTG,3
AGGTGCGTATGCCCTCGG,3
TGGTGACTAGAGCATGTT,3
AGAGCCGCGCAGAGAGTG,3
TGGGCGTGCGATGTCCTT,3
AGCTCAAGGGCAGTCGCT,3
GGTGAGATGCGTGCTAGC,3
ACACAACCCTGATGTGTG,3
GGGGTGCATGCCGTAGGA,3
AACCGTGCGGCTGGATTA,3
ATACGGGACACGATAGGA,3
ATGCGGCGAGTCCAGACA,3
GCGACGGAACACGAGGTG,3
GCGAGAGTCAGTCGTATT,3
GGGATCAAGAATGGCAGG,3
AATATGACCATCGCTCGT,3
ACATGTCGTGACTAAGTG,3
GCAAGGTAACATTGCGTG,3
ATAGTGCAAACAGCGTGC,3
TAGGGACTGATAGAGACG,3
TACAGGCTTCTATGCGAT,3
TGGTGGCGCTCTAACTTC,3
TGCGGACGATGACCGTGG,3
GGGTCGTCATATTCATAA,3
GTACCGTAAGGCAGCGCT,3
CCGGGGCACCAACATAAA,3
ACGTCAGACAGCTGCTCT,3
GGGCCAGTGTCTCATGCA,3
ACCCAGACCTCGGCGTTG,3
GCCATTCGTCAGTGTGCA,3
ATGTGGTAGACACGCTTG,3
ATGGGCTCAACGCGCTGT,3
ACACAGACATTGCCGTGT,3
ATGGATAGGCGACGGGCT,3
AGCGGTAAGTTGATGACT,3
TTGGAGGTGTCACGAGTC,3
GGACCCGTATAATCTGTG,3
AGGGCTCCCGTAGCTTGG,3
GGCATGCAGTGGAAGGCG,3
ACGGAGAGTGACGTAGCG,3
GCTGCTACGACCTGTGCT,3
AACGTGGCGTAGCAGTGA,3
GATAAGCGGAGAGGCTTA,3
GGATGGGAATGGCCCGTG,3
TATATTACGCCTTGTACT,3
AAGGTAGCTGTCGTTAAG,3
GGAGGTATAGACCGTGCG,3
GATCACGGTGCAGATCGA,3
GTAGGTGCAAGACGTAGT,3
CTGGAGGCCGAGCGTCAG,3
GGTACATGGGAAGGCGCT,3
AAGGAGCCTGATCCTAGA,3
ACTGGTCACCGGCAACGG,3
GCATTACGTTGGCTGGAG,3
CAGGTGGAGTAGCAGCTG,3
TAGCATCGATACCGTCAG,3
ACAGCACTTCCTCCCTTA,3
GTGGACACATGCCTCGCG,3
GACCTGAAACCCTACGTG,3
CATCAGGTTATTAACGTG,3
GGGCACTCTTAGCCGCTT,3
GGGCCATTGGAGCAGGTA,3
ACGGGACAACGACTAGAG,3
ATACGTCTCGAGTGTGAG,3
TAGACCAGAGACATGGCG,3
CGCAGGATAGACGCCACG,3
TGCTGGTGCCATGTACGT,3
GAACGGTGCGAAATTAGT,3
ATGAAGCCACTCGCGTCA,3
ATCTGGGATGGGTCTACA,3
AGGAAAACACTGGGAAGT,3
AGCGGGTCAACACGTTAT,3
TTGTGGCAGCAAGCAATG,3
TAGACCTATGACGACGCT,3
GGGCAGGTGATGGATCTC,3
GATAGGTTCGATCACTGG,3
AAGGCTGCTCAGTCTTGG,3
TCCGGTCTAATGGCTATT,3
ACGCAGTGTGGTGTTCCT,3
GCGGGAAGGCTGCATATT,3
GCATTGTGTGTTTCGGTA,3
TGGTGAGGATAGAGCTGT,3
ATCATGTCGCCAGACCGT,3
AGGACGGGTATGTTCTGC,3
AGGGTCCACAAAGGCCGG,3
ATGAGGGTCATACATAGT,3
GCAGACCATGACTCGCGG,3
GATCGAGTGAATTCGCGT,3
GGGTCAATAGGTGCAATA,3
GTGCCAGCACATCGGATG,3
ACGGACGCATTCGTTAGG,3
GGTGCAGCGTCCAGTAGT,3
GTAGACCTGGTGACTGCT,3
TGATCATGCGGCGATGTC,3
CAGGGGACTGTTACTGCA,3
ATGTGCACCGTCTACTGA,3
TTACATTGCGCCAGTGCA,3
TAAGGACACGTATGGCTT,3
GGCACACATTTACCAGTG,3
AGGCTGCCTAGTCAGTGC,3
GCATAGGTTATGTGCGCT,3
TGGGTGAGAGCAGACTCG,3
TGAGCTGGACAGGACATG,3
AGGGCGGTGAATGTTCTA,3
AGCAACCGCGACCGTGTT,3
ATAGGGTCTTCCGTATGG,3
GCTGCAAGATTACCGTGG,3
GCACGACGTGCAAGACAT,3
AGGAGGACTGGGAAACGG,3
AACGGGTGTTTACACAGG,3
GGCCCGTGGAAAGCTGGA,3
AGAGGTGTTCACCGCTGG,3
TAGCGTAGAACAACGTGG,3
TCATCGAGTGGACTACAA,3
GGGTGACTGTTCGTGGTA,3
AAGTGTTCATGTGACTGA,3
AAGGTACTAGCACGAACT,3
TGGGTAACGACGTCCCCT,3
GCTGCGCGATATGGCGTG,3
TACAGCGATTGGCGGCAA,3
GGCGAAGGAGTGTTGAGA,3
GTACCGGGAATTCCGGTG,3
TGCACGCCCGAACTTCCG,3
AGATACGCGTTCCATGTG,3
AGCGGATGTGCGGTGTGC,3
AGCGGAGAGCATCGATGC,3
CTGCTTGGAACTCGTAAC,3
ACCGGAGAACGGGCCGCA,3
AGGGTATGCGCGCCAGTT,3
GCAGGGACCGGCTTGACG,3
ACGGCGTACTGTTAGAGA,3
ATGAGGTTGGTGCCTATG,3
TGACCGTGTTCTAACGAT,3
GACTGCATAGATAGACGG,3
GCAGGGCTTTGACAATAT,3
TGCGTTGTGGAGAGGGAG,3
AGGTGAATGTGATTCGCT,3
GACTGCGTTTCGAGTTTG,3
GGGACTTGTGGATCGTTG,3
GCGTGGTGTATTGGGTAA,3
ACGGAACGCAATGGAGTG,3
ACCAACCCGATTTAGTCG,3
ACGAACGATCCAATGCCG,3
TAGCTGGTAGTCCCGCGG,3
TAGGGCAGTCAAGCTGTG,3
CGTGCAACGGGTTCCGTG,3
GGCAGGAGCGAGCAACTT,3
AACCAGCATGTTGTGGTT,3
GGATGGTGACTTACGGCT,3
ATTCCGGATGGTGTATCA,3
ACGTATCCTGGGCACGAA,3
AGGCCCGGCGAAGGTTCA,3
GTCGGATCCATGGTATGA,3
ACTGGATTATAGCCTGAG,3
ACAGCTGCAGTAGGTGGA,3
AGCAGCGTCGCAAGGTGC,3
ACAGGGTATCCTGCTTCT,3
ACGGGAGCAGCTGATCAT,3
ACGCGTGGTAATCGGCGG,3
AGTCACACGTAGTCCGCA,3
ACGCGTGCAGGACAAGGT,3
GCAGGATGGACCAGGACG,3
ATGCCGTAATGGGTTCGT,3
GACGAGTTTCAGCGAGTA,3
AGGGCTAAATGACATATC,3
TGTCGACTACAGCGTGTT,3
AGGACTTGTACATGCGCT,3
AGCACGGAAACGTCTGCA,3
GCGACTAGTATGATGGTG,3
GTACGGTGGCAATCGGGT,3
ACTAGAGACAAGTCAGTG,3
GCGAGGCTAACACACGAT,3
CACGCGAATGGGTAGTCG,3
ACCCGACGGTGTTAGGCG,3
AACGGTGGTTTGGTTATT,3
GATGGTGAAGACGCTAAG,3
AGGAGTACCGCTCGTCAG,3
GCGGTAGCGCATCCTTGT,3
ATGACCACTGATACTCCG,3
AACGGTCCAGTGCAAGGC,3
ACCGGGTGAAGTGGGATG,3
GGGCTGAGGGATGCATTA,3
GCGGGAGAGCGGCATTGT,3
AGTAGGGATGAGCGCAGT,3
GCACGTGACCCTGTGTCG,3
ACGGTAACCATGTGCGTG,3
GGCGTACGTAGGATTATA,3
GCGAGGAGGCCAAGTGCT,3
GCAGGCAGTTATACGTGC,3
GCGGTGACAAGGACTGCG,3
GGACACGGCTCATTTGTA,3
ACCAGGTGCGCGGCTTGT,3
TGACGCATGGACATCGTT,3
TGCACTCATTCTGTGTCG,3
AGCATTCGGTTCCTTGTG,3
AGCGGAAGGAGTAGGCTG,3
AGCACTTGCGAGACGATG,3
GGCGGCACGAAACGGTGT,3
AGGCCTGGAAGACAATCG,3
AAGGATTGGCTGAGGTTG,3
TGACCGGCGCCACTAACT,3
GCGGGAAGAACTGGCGGT,3
ATGGCAGGCCCATATAGG,3
GGGCCAAGGGCAAACAGT,3
AGCAGGGAGTGTACGATG,3
GTGGATGAACTCCTACGG,3
GGCAACGCTCGTTGACAG,3
GTAGGAACATAAGAGCGG,3
ACATCGGGCCACTGTGCA,3
GGACTAGAGGCAGTTCGG,3
GCCTGACCCTTGTCTGTG,3
ACGAACATCGGTGACGTG,3
AGACGCGCTGTTAGTACG,3
AAGGTTCCGATCGTTGTA,3
ATGTGGGATACCCTGCCT,3
GTGTCAGGTAAGCGGCGT,3
GGTAGAAGGACAGATTAT,3
GACAGTACGGTGCTGAGT,3
TCGGTGGTAAACCGTGGA,3
GAAGAGGAGCGGAGGATG,3
ACGGGCGAAGATCATCTA,3
ACACGTGACTCTATCGGA,3
GACTAGGGTGTTGGTTAG,3
AACCTGACAAGACTGGTG,3
ATGGGCCCAGCTCAAGGT,3
TTAGCAGGGCCCAACCAT,3
AAGATCAACCGTCCGTGT,3
GAGGAGTGGCGAAGATGG,3
CAGGGTCGCGAGACCAGT,3
CTGGCGTACAGCGGCTCT,3
GGACTGGTGCCCACAGGT,3
GTGGCAAGATCCGACCGG,3
GGGGCCCAAGTCCAAGTT,3
GTACTGCCTAGCTCTCCT,3
GCGGCGAGTCTATCAGGG,3
TGCGGCATCTCTCTCGTG,3
GATACACACTGGGAGGCT,3
GTGGGACTGGAAAGCCGT,3
AGGGCCGCGTAATGCTTA,3
ATTGCTTGCCAAATGGTG,3
GGCATGTCGCTAGCTAGT,3
GTGAGGCCACGTAGGTCA,3
ACCAACGGATACCTGTGG,3
GACGGTGGCAAGATCAGT,3
CATGCTGGGTCCTCATGT,3
GCGGCTATAGACACAGTG,3
GAACCGATCAAGCTGTGC,3
ATGATGCAGCAAACTCGG,3
CGGGAATGAGGGACGGCG,3
GGGTAGAGCTAGCGATGT,3
GTGGGCAGTCTTATGCTT,3
ATAGCGGGACTACATTTG,3
CAGAGGACGAAGAAGATG,3
AAGCCAAATGTGGGTGCT,3
CAAGCTGGATAGAGACGG,3
ACGGCATTCTGTGTGCTA,3
GGCGGCTAGACTGGAAGT,3
ACGAAACACAAAGGGGAG,3
CACACGTCAGTGGGCGCG,3
ATGCGCGTAACGACTGTG,3
GTAGGCCTTGAGACGTTT,3
GCACGCACTATACATGGT,3
GGCAAACGAAAAGTGTGA,3
GGCAGTCAACACACGTGG,3
GACCGGGGATGAATGTCG,3
GGGATGATGGGTGTCTGT,3
ACACCAGGATATGGGTCG,3
ATGGCCAACGGGACAGAA,3
ACAGGAAGTCGCTGTCGA,3
GTTACCATATAGCGTGCT,3
GCCAGGCCGATGTGAGGT,3
ACAGAGATATGGGTGCGG,3
GCGCGGAATCATCGTGTC,3
AGCACGGAGTTACGCGCG,3
GGGAAGAAGGGTGTATCT,3
GACGGTATACAGCTACTG,3
ATGGCCAAAAGACATGTG,3
AGGCGCAACGGCGGGTCT,3
TCGACGTTACTCTTTTCG,3
ATGGCGCACCAAATGACT,3
AGGGTTAGGTCAGATTGT,3
GAACTCAGAGTATGCTGT,3
AAAGCTGCGCAGGTTTGG,3
ATGTGCATGTGGATTAAG,3
TCCCAGGGATGATGAGTT,3
TATGGTGCGCAGCTTGCT,3
GCTGCAGCTAAGAGTGTC,3
TCACGGACACTGGCTGCT,3
AAGCAGAATCTCTCCGTG,3
AGGAGCAGGAGGAGGACG,3
AACATGTCTCAGGGTGTG,3
GGTAGGATTTCGATAATT,3
GGTAGGGAACTGTCGGTG,3
CACTGTGTGAAGGACGTG,3
GGAGAGGAGTTACGTCGG,3
ATGCACAGAGAACGGTCG,3
AGTAGACGCATACGAACA,3
TGGTTAGGTGTCCCGCAT,3
ACGTGGTAACTGATTTCG,3
GGATACAGACATTAACGG,3
AACTAGCAGTGCTGGAGA,3
ATGTGGTCATACCGCTCT,3
GGGCACCAAATCGCGGAG,3
ACAGAGTACTGGTAATGT,3
AGGTCCTTAGGGTTAATG,3
GGGCCGGACGTATATCCT,3
GAGTTCGTCAACGAGTCT,3
GCAGGGAACACACTGTGG,3
ACCACGTAGTAGTCGGCG,3
TACCTGCAGTTCGGAATG,3
GCCCAACAGGCTATTGGT,3
AACGGACCTGTTCGCTGA,3
AACGCGTTGTGTGACTGC,3
GGATGGGATAGGAGGCTG,3
GCGCAGATAGGTGCCGAT,3
TAGGGATGTTGACAGCCT,3
AGGCATCAACGTGTGGCA,3
TGGGCTCAGCGTGAGATC,3
TGACGATATCTATGTGTA,3
GGGCATCGTGCGTCAAAC,3
GGCACCTTCCAGACGGCT,3
GTGGTAGACGAACGGGCG,3
ATCGGAGCGAAGGAGAGT,3
AACCCGGGTTAGGATTGG,3
AGACGGTGCGATACATGC,3
GGACATGACAACAGTGGG,3
AGCACTGGAAGACGCCAT,3
TTGGCGAGGAGTGCGACT,3
GGGCGCCATGACGTTATA,3
ATGGAGCAATGCGCAATG,3
GTCACACCAAAGACGGCT,3
AAGCGGGCGCACAAGTTA,3
ATGACACTCGTAGCTTAG,3
ATCCGGGGATGAAGGGTG,3
AGGAGCAACAAACATGAA,3
AGGGCGCTTATCGTCCTA,3
TGGGCAGACTCTTGCTCT,3
AAGCCCGTAACGTTTTGT,3
TGGCGGTCAGCCTGGTTA,3
CTGAGATCCCATTGTCCG,3
TGTAAAGGCCCATGATGT,3
ATAGTGCGCCTCGGTCAG,3
AGGTAGGATCGGACAGCG,3
CGAGATTGGCGTAGACTT,3
ACCAGTGGCTATAGTGGA,3
AAGTGGGGAAGGCTCGCC,3
GCGCGCGATAGTGCAAGG,3
AGAGAGGAGATAGAAGCG,3
AGCAAGGTATTGTCGTCA,3
TCCTCAGACTGTTGCGGT,3
ACGGGTGACTACAAGTGG,3
AAGACTGCAACAGACGCG,3
ACGCCATTGTGCCTTGGG,3
GGCGAGAGTAGGAAGGTG,3
GGCCGGAAGAGTACAGTG,3
AATGAGATGCGCACCGAT,3
AGGCCTTGTATGGGGAGA,3
ACAGGTGACTGTACGGCG,3
CGAAGGGCCGTTATCAAC,3
CTGGCTGGGTAACACGAT,3
AGGACGAGTAGGTGGCTG,3
GTGTGGTCTCGATACTGC,3
GGATGTAGGAAACGTGTA,3
ACATGTCCATACGGTGCG,3
GAGGGAAAGTAGTGCCTG,3
AACGTCAACGATATGGCG,3
AGGACGGTATTAGTCGCG,3
AGGCGAGTACGACATGGA,3
GGCACGGACTACAGTAGG,3
AGGGCAGAATAGTGAGCG,3
GTTGCTGCAGTGAACGAT,3
GTGGACACGATACAGTTA,3
ACGGGAAGTCACTTCTCG,3
GGCAGTAGGAAGCGTCGA,3
AAGCGGTACATGGAGTGC,3
ATTACGCCACGTCGCTAG,3
TTGCTCTCACAAGTGTGT,3
TGTGGTGTACGAGTTGTT,3
TAGGGCAGCCAGACTAAG,3
GAGGGGCGCCTATCACTT,3
GGCAACCCTGCATATGCT,3
ACCAACGGTTCGGAGTGG,3
AGGAGAGAGCATGCGGAG,3
GGGATGAGGGATTACCTT,3
CGTGGTGAAGACAATCCT,3
TGGCTGAAACGTCTTGGT,3
GGGGATGTGCACTAAATG,3
ATCGGCGTATATGTCGTG,3
TAGGGTGCTTGTATGATG,3
ACTGGGACGTGACAGTAT,3
GCGTTGCGATATAGAAGT,3
ACAGTGGAGGGATCGTCG,3
GGGGCCAAGAGAGTTCCG,3
AACATAGAGACTGATGTG,3
AAAGGTCTCGTGCTTTTA,3
GAACCAAACTGGTACTCG,3
ACCTCGTGTGTGACGCTG,3
CACGGGGAGAAATGTCGA,3
AGGGGACCGCAACCATCG,3
TACAGCAGAGACGTGTAT,3
AGGCGTGGATTCGTGCAG,3
GTGGCTCATCACTCTAAA,3
TGCAGTGCGATCATTCTT,3
AGGGCCGTTAAACCATCA,3
AGGGGCATCCTCGGACTC,3
GGCGGCCAGGACTTAGTT,3
ATCAGGGTGTCAAGGCCT,3
ACAGGCGTAACATGTGCT,3
TAGAGGGAGGACATGGCG,3
GGTGGAAGTCTCGGCAGA,3
CGCATGGGATGAGACTAG,3
ACAGGCCGTGACGCTCGA,3
ACGACGAAGGCAGTGTGG,3
GCGCAGTGACCAGCGGTA,3
TAGCAGCGGTTTAGTGCG,3
ATACCGATATCGATGGCG,3
AGGGCCATGGGTGATTAC,3
AGTGGAGGGCCTGAAGCA,3
GTAAGTGCTCATTCGTTC,3
GTGGATTCGCAGCACTCG,3
ATCGCCGGCACAGGGTAT,3
AGGGACTAGACGACGCGG,3
AGACTAGCAATGTCTGGA,3
ACAAGGTCTTACTTGGTG,3
ATGGGTATGGCACGCTCA,3
ACGGGCCACTCCCAATCT,3
GGCGGCTTCGTATGGAGG,3
GTGGAACACAGTCTACTG,3
ACCTCGTAGGGTGATTTG,3
AGGAGGAATACGTAACGG,3
TGACGGCTGCAGACCTGT,3
TCGGCAGTAAACGTGTCG,3
AAGTAATGGTTCGATGCG,3
GGCAGTATAACCGTAGTG,3
GGATGGTTCTACACATTG,3
TGCGGCATCACGTCTCCT,3
AGAGGAGCCGAGATAGGT,3
GACGGCAAAGTTGCGGCG,3
AGGCACGGGCTAAGATCT,3
GAGGGCTGTATGCTGTCG,3
GGACAGCGGAGTGGAGAG,3
AACGAATCGTGTTCTCAT,3
ACAGGACGACGCGTTACA,3
TTATCACCAGGTACGAGT,3
GACGTTCATAGTGCTCAC,3
AGCTATTCTGGAGTTCAT,3
GGGGCTAACAACTGCCGT,3
CGGCAGATCTCACCTGTG,3
AAGCAGATACATGTGTTA,3
AGGCATTAATTGACGGGT,3
GGGCAAACGTCGAATGGT,3
ATAGGTGCCCTTCCACTT,3
TAGTGCCAAGACTACGCT,3
ACCACCGTACAGAAGACG,3
AAGCAGGGGCATTGTACT,3
GGAGTACAGTATCCGCGT,3
TCGCTGGGCAGTGCTACT,3
CGGAGGTGTCATGTACAT,3
TGCGATCCTCGCGGCTAG,3
TATACTGCCGATTGGAGG,3
TGTGCTCGATGCACCTGG,3
GCTTAGGACCAATCTGTG,3
CGTCGTTACGTACAGTGG,3
AAACGGCGCTGTTTGGTA,3
ATGGGCAGGCATTCCTCT,3
ACGGGACACAAGCTCTTA,3
GAGGGTTGTGCCGTGAGC,3
AAGGCGACATGACGCGTT,3
AATGGCGACAACTGATGA,3
CATACCAATGTCGCTGCA,3
ATCAGCCGTAGTGTGCGA,3
TCGATAGTCGATTTGCTG,3
GCAGGAAGGTAATAGGCG,3
GGGAGTAGATAATATGTC,3
GGGTAGCAGCACATGATC,3
ACCGGGCATCGACGTGAT,3
AACGAACGGTCAAGCGTG,3
GATGCGCTTATATCATAA,3
GCTGTGCGGACGTGAGCA,3
GTGCACACGGGCCTATCC,3
GAGATCAGTTCTTGAGCT,3
GGGCTGATGCAGTATGCT,3
GGGATCGGATTACTGCGG,3
GGGTGTTGACTCTGGGCT,3
GCCAGCTGGCTACTGCGA,3
ACCTAGAGAGTGGGTATG,3
ACGGGGAACGGAGAAGAG,3
ACTGGTACGGTAAGTATT,3
TAGAGGGACTCAGGTGCT,3
CTAGTGGGAACCCTTGCG,3
GCTGTCGCAACGTGTAAC,3
TGCCCAGTGAGGAAGGTG,3
GAGAGGTGATGCCGCCGA,3
GTGGTAAATTCGTGTTAC,3
ATGCATTCAAGCCGCGTT,3
ATGGTGTAGGCGCTTGCA,3
ATTAGCAACATGCTGGAG,3
TCGTGGACCTAATCTACG,3
TCGACAGATTCATGCGCT,3
AGCCAGGTAGTGATGCGT,3
GGGGCATGACAACACGTA,3
AACGCGTTAGAGGGCAGC,3
TATGTCGCCCGATGCCGA,3
TTGGGCTCTGCTCCTTCT,3
ATAGTTCATACGTAAAGT,3
AGTGAGAGTCGACGCGTA,3
ATGCAGTGGAAGGCCGGA,3
AGGAGGTGGCGTGTGAGG,3
AACCACTCCGCTCGGAGG,3
GAGGCTCGGCTTGAGTCT,3
GGGCTAGCGTTACCCATG,3
CACGGGACCAGGTCGTCG,3
GCTGGCAGATGAGTATGG,3
GGTGCACAGATGTGACTG,3
AGGAGACATTACGGGGCG,3
TTCACATGAGGTGCACAG,3
TCCCGGAGTTCATGTTGG,3
AGGCGGGCTTTGAATCCA,3
ATGACGATCAACGTGCGT,3
GGCACAAGGCTCTTGCGA,3
GGGCACCAGGTCGATTGG,3
AGGCCTGTGCCGAATATG,3
GGGACGGATTCGCGCACT,3
CACGGGGACAAACGCGAG,3
AGGCACGAGGTAGAACGA,3
ATGGACATGCACGACGCG,3
TTGCGGGCAATGCACACT,3
GCAAGCTTGAGTGGGCAA,3
TGGAGGAACAGGCCGTAT,3
AGACACTGAGTTACCGGG,3
GGGTCCACGAAGGTTGAG,3
ATGGGGCCATCCGTCGAC,3
CGCAAGGTTGTTCAGTGT,3
AGGCGTAGTGAATGATTT,3
ACGGGTTATTCCCAAATG,3
AACCGACATACTGGTGCG,3
CTCAGGAGAGGGATCTGC,3
AAATAGGATCGGTCGGAA,3
ACCTGGCGGTTAAGTAGA,3
GGGAGTCAGCACCTGGAC,3
ATCGGCTAGAGTTGGAGT,3
GGGGCGTGTACTGGTGGA,3
AGAGGTGGATTTACATCG,3
CCATAGTGGACGGATCTT,3
ATCCGTTCGAGCGCTCGT,3
AGGGCATGGCAGCTACTT,3
TGATGTGAGTCTACTCTT,3
ACGGCATCCGTCTATGTG,3
GATATGGGACTGACGTGG,3
AAGATCTTGGACTTAGCA,3
GAGGAGGCGTTATATGCT,3
GGCATTCGCGCGACTTTT,3
GTCGTCACTCGAGGCATT,3
GGGCTCGATCGATCTGTG,3
AACCAGGTGATGCACATG,3
TATGGTCGCATCGGTATG,3
CTGGAGACGGGCCTGTCA,3
AGCTCAAGCGACGGCAGG,3
GACGGGTGAAAGACCGAG,3
GGGCCATGTCTTCTAGAA,3
ATGGGATAAGACGCGTAG,3
TCATGAGAGCGGAAAGTA,3
CGATGTAGTTGACGTGCA,3
AGCTTTACGCGGGAACTG,3
ATGATCGCACGCTATCGT,3
ACCCTGTTTGACGTTGCT,3
ATGTGATAACGAAGCTCG,3
GATGGGGAAACGTGTCGA,3
ACACAATATACTGTGTGG,3
ATCAACAGCGTCCAGGTG,3
GGAGCGATAGCGGAGGAG,3
GGTAGACGATGGTGTGTG,3
CGGCACTACCAGATCCGA,3
TAGTTACCGTCGCTCCCG,3
TAGCGGGAGTAACGCCGT,3
ACGACTGTAAGGATCGCG,3
TGCCGACCGTTACTGTCG,3
TCGGCGGATGTGGTACGT,3
AGTGGGTTAGCCAAGCGA,3
GGGCAGGATCAAGGTGGC,3
ATTGACAAGATGAAGTGG,3
TGCCCAATCCCTATACCG,3
GCGGTGTCAAGCGGTCGT,3
TGTGGACAGTGTTCACGG,3
TGGAGTGGCGATGGTTAT,3
CGCATTTAAAGACGTGCA,3
AGCTGTGCAGGCATTCGT,3
GGGCACGGGATTTCAGTT,3
GTACGGACCTACTTAGTG,3
CACCACGGGGTCATACTG,3
GTGGCGCTACCCATGAGA,3
ACGAGGGGACTCCGGTAT,3
TTACAGACTCGAACGCTG,3
ACGGTGCGACTTACTGAT,3
GACCCGACTGCAGGACGT,3
ACGGCAGATCTGACATGT,3
GACCCAAATGTCGGTCGA,3
GCTAGCGTAACTGCCGAT,3
ACGGCTGGTACGGGACGC,3
CGGTAGCAGTTAGTCGCG,3
GAGCCACGTAGCCCGATT,3
TAATCCGTGTGAATCCCT,3
TCTAGGCGGCTTAAACTG,3
GTACACCACACGGCTGCT,3
AGGCAGAAGCGATCGGCG,3
ACCGGGGCGCATAGAGCT,3
ACCAGAGGGTATACGGCG,3
ACATGGTGTAGATAGCCG,3
AGGACCCTGATCCGGCTA,3
ACGGAGTGTAAGCTTCGA,3
CGAGGGCCTAGCTGAGCT,3
TAGGTAGGTAGCTGTATG,3
TGGACCCGACTCTATGCG,3
AATACGTAGACTGGGTCT,3
ACTGACTGCAGGACTGTG,3
ACACGTTCGTCGGTCTAC,3
GGGAGTGGCCCATTGCAG,3
TACGGCACTCAAAGATGT,3
TAATGGCAAAACTACGGT,3
TCGGTCCGTCACTCGACG,3
TGACGACTTCTATTTGCT,3
GGTAGATGGGATTCCGCT,3
AAGGCGTAGACGTTAGTC,3
ATAGCGGCACGGAATCGT,3
AGTGGACCATCGACATTG,3
TATGACGGAAGGGAGCTA,3
ACGGCCGCAGGAGTGGCA,3
GATGCATGTGTCCGGACG,3
GTGCTGGTTGCATGGTCG,3
ACGGTGACACGTAGGCTG,3
GACTATCTGCTAGTTGGT,3
AGGCGTGAAGTGTGCTCC,3
GGGCTGGACTGGCGATTA,3
AGGAGGACTACTGTCGTT,3
ACGCTATGTCAGACTGTA,3
GTGCCGGAATTCGTAGTG,3
CGGGGAAAAGGATGGACG,3
GTAGGTGGCTGAGAAGCG,3
ACCCTGGCAGTCGTGGTG,3
GTACGAGGACCCAATACG,3
ACGGGAAACGTAACTAAA,3
AGTGACGGCGACGAATTG,3
TGGCTATCTTGTCGTGAA,3
AGGCGGCTACAGTCTGTG,3
ACAAAGGCACGGGAATTG,3
ACTACATTCCGTAGAGGG,3
TGCGATACGTTGCGTGTA,3
GGGACAGGGATATATGCG,3
GCACGCTCCCCAGACTGC,3
GCGGAAAGGCGATTGTGC,3
GCTAGAACCGACTCTGTG,3
ATCGCGAGTCTGCTGCAA,3
GACGTGGAACTCGTTATA,3
TCACGGGATCTTTCATTA,3
ACGGGTAAGGCTAGTATC,3
TGGGCAGTTGCACCGTTG,3
GCAGGGGAAATTCCTCGA,3
AGGGAGTACGACCGCGGT,3
GTCGGAATCCGCACATGG,3
ACACACTTCATCCGCACT,3
ACGGACGGGACAGACGGA,3
GGTGGATCCACGATGCTA,3
ATACGACGTCCATGTGTA,3
AGGGTCACTAGTAAGCAG,3
GTGACCAGTTCAGGGCGA,3
ATGAGGCTTGAGCTGGAG,3
ATCAGCGGACAGGATTTG,3
ATCAGGGCAACGTGGATA,3
ATCCATGGCGCGACGGCT,3
TAGACGCGTTGGGACAGA,3
GGACACGTGGAGTAGACG,3
CCCCCCCCCCCTCCCCCC,3
GAGGCAGGATTGGAAGTG,3
CCTAATGAATGCTCATGC,3
GACAGCGAATCCATGTTG,3
TCGTACGAGTTGGTTTTG,3
GACGTGTAGGGATTGATA,3
GCAAGAAGAGGCGGCGTA,3
TCCTTCATGAACTCATGG,3
ATCCACGTCCTCATGCTC,3
TGTTCCGACGGTCATAGC,3
ACACGAGCCAATCATGTG,3
AAGAATTCGGCCACGATA,3
GGCAGTCGATCAGGTACG,3
TACCCGGGGTAATACAGT,3
ACAAGAATCGACGTGCTA,3
TAAAGGTGATAAGCCGTG,3
GACATCGTCAGACATCGG,3
AAACGCGGACTTACGACG,3
AGGTTCGCACTCTTAAGG,3
ACGCATCCACTGTGTGCT,3
GTGGGAATCGACGATTCG,3
TTAGTGTGGTGAAGGGTA,3
GCACGTTGAGGTGACGGG,3
AGTCCGAATGGAGTGCAT,3
ACGCAGTCGGCTGCTGAT,3
ACAGGTGCAGTTATGTCG,3
ACGGCGATGAGTGTTGTA,3
GTGGCCTTCCATTCTGCA,3
AGTGGGTTGCACGACTAG,3
AGGACACTAGGGCCAACG,3
GGATGGCGTGACGTCCTT,3
GGGCTCCTGTGCGAAAGG,3
TACGAGAGCGCGGTTCTA,3
GGAGGCGCCTCTTCTAAG,3
AGGAGCAGGTCTCGTACG,3
AGGGTGTTGGTGAGGCAT,3
TAGACGGCCCCTCTTCTG,3
GCCAGGCGTACTTAACGT,3
ACCTAACGACACTGTGCA,3
TCACGTGGTCCCACAATC,3
GCATTACGCCATACTTCT,3
GAGCTGATCAGAGCCCGT,3
GGGGCAAATAGTGGCCCG,3
ACCGGGATGCATACAGTA,3
TCCAGAAACGGCGTGCCA,3
ATGGGGATATCGACAGGA,3
ATGTTGGACCATCAATGG,3
TAGTCGGGACAGTTCGAT,3
AGTGGTGACTGAGTAGCG,3
ACAATACGTGGCGAACTG,3
GGAGGGAGTAAGGACTAT,3
AACCGCAGGTGAACGTGG,3
ACGATAGATGTCGTGTGA,3
AGGAGTAGGGATTAGTTT,3
GATCGCAGGATAATGACG,3
ACACGACTTGATCCTGCG,3
ACGTCACGTGCGTGGCAG,3
GGAGCATGGGAGAGCGTT,3
GGGGCGGCCACTAGAGAT,3
GGGAAGGACAACAGGCAG,3
GGCGGCACTATTGCGAAG,3
GCAGTGTCGTTCGATTTG,3
TGGGTATCGCCGTCTGTG,3
ACGGGACGGTAGAGGCTC,3
ACCAGAGTTGACGCGTGT,3
AGGCCAAGCGGAGGATTG,3
GCAAGAGGTCGAGCACAA,3
ACGACCGGGAATAGGAGT,3
GCCATAGGTCCGAGTTAT,3
CGGTCCATCATCTTCGCT,3
GCACGACGCGACTATCCT,3
TGGAGCTTAGGGCACTTG,3
AGAGCGGACAGTGACTGG,3
ACGGAGCTGGCAGTTGTC,3
ATGCTTCAGCCTCGTCGG,3
TATGGGCGAATAGTCTAG,3
CACGGTGGACACTCTGAA,3
AGGGGCAGAGGGTGCTAT,3
AAGGGCATTCCCTCATTA,3
GATGACGGAGCCCTGCAG,3
ACTGGTGCGTAAGCAGGT,3
GCCGCCGTCATTACGTGG,3
ACGGTACAACGCAATGTG,3
AAGGTCCGCAGACATCCG,3
ACATGCTGTATAATGTGC,3
ACGACAGTATCTGGAGTG,3
CCCGGGGATATAGCGGCT,3
TCGAACTCGTATCGTACT,3
ACGGCAGTCTACCGAGGT,3
GACCCTGGTAGTGATGGT,3
AGGTGCCGATGTCAATGT,3
AGGAACATCACTGGCGTA,3
AGGACACTTGGTGGCAAG,3
GTGGGTGCACCAAGCGAT,3
GAGGACAGGCGCGACGGC,3
GGTCCAACCAGCAGACAG,3
ACCTCAACACGTCTGGTG,3
TGTCCCGACTCCTTCGCT,3
ACCGGAGAAAGGACGGTG,3
GAGGATGTGTCACTAGGG,3
TCGGTTCGCGCGATATTG,3
GCAGCGGCTCGCGGATGA,3
ACGAACGTATACTGTGTG,3
GACCCATTAGTTCAGTGA,3
GCATACAAATGCTCGGCG,3
ATGCTGATTCAGGTTGTG,3
ACAAGCATTCAGTGGTGA,3
CGGGTAGACACTCGACAT,3
GAGATATCCAGCGTGTCT,3
ACGGCAATTGACGTGGCG,3
AGCACAAGGTGTGATGTG,3
TGGCGTTGGTAGGAGCCA,3
CGGAGGTGAACGGTGGAT,3
GGCATTCCATTGACGGCT,3
CACGGCATGACGACAAGG,3
GCACGGGGCGCTGATTGA,3
TATGGTCGCTCACACGGG,3
GCAGAGGGTCACTATGCG,3
AACGAGTGGGAAAGAACG,3
CGGGTAACGTCGTGTCTC,3
GAAATGGTAGCATTGCGG,3
AGAGGGAAGCCTATGACG,3
CACTAGGTGGTAACGCAG,3
GGTGAGTCCAACGTCGGT,3
GGGAGTTGCATGTTACCA,3
ATCGGGATCTCACGCGGA,3
ACAAGCGAACTCGTTCAT,3
AAGACATGATAATTGTCG,3
GATCGCTTGTGATCAGTT,3
GGGAATGGCAATACCGTG,3
AGCATTATCGGTGCTGTG,3
ACATATGCATCGGGCGCT,3
GACGCGTGCTGACCCACT,3
ACCACAGACGCTGCTTCG,3
AAGGTGATAAACGATATT,3
AGGTCATCAGTGCACCGG,3
ATGGCCATTGGGTGTGAC,3
ACACCAAACATGAGGGTG,3
AATGGGACCGCCAACGTG,3
ATGGTAGACACGGACATG,3
ACGGCCTGATGAACGTGG,3
AGGACGCCGCAGGGAGGT,3
TACTGACCGTCAGCCTAT,3
GGTATCGGAGTGCCCAGT,3
GACATCCACGCCGTGACT,3
ATAGCGCCGTGGAACCAT,3
ATACAGGGCACGGAATTT,3
AACCTTGCTTACTGTGTG,3
TCGACTGTGTACCGCGCG,3
GTGGCATAGAGCTGAGCA,3
GCTAGCGAATCGTGTGAT,3
GCGGTGAAGGTATTTGAG,3
TGGGACGCCATTCCCGCT,3
AGCGGAACGTCGGATGTG,3
TTGGCCACGACGTACATG,3
GGCCGACCGGGTATCCAT,3
GGCGCTAGGACGGTCACT,3
AGGGGCGGAAACCACTCA,3
ACGATTGCGCGATGTGTG,3
AGGAGGGATAACGTTACG,3
AGGGATGCGGACGTACGA,3
GTGCGGTATCCATGTATT,3
CAGGTGCCATCCTAAGTG,3
AAGGGGCTCGGTTGGTAA,3
GTAGGACGTGAATCGAAG,3
TAGCGGCGGATGATCCGT,3
GCTACGGTTCACGGCGAT,3
GCGGAGAATGGGAGGACG,3
GGGCAGAGAGAGGCGTAT,3
GAACAGCGGCTCATGGTT,3
GGTGACACAGCAAGTACG,3
TGCCAGCGTCAGTATTCG,3
CATAACCAGACACTTCCG,3
AAACTGCACAGGTGGCTT,3
ATGGGTGAAATCCACGGT,3
GCTGCGTAGTGGACCTGT,3
TGGACTAACATGCTGCTT,3
GGCAATCGGCCTTAGTGC,3
ATCAGTGGGCAGCGACGA,3
AATCAGGTGCAGATGGCT,3
GGGGAGGTCTAGCCAAAG,3
TGCGGAAACAATCGGAGG,3
ACGATACAGTTAGATGTG,3
GTTCTAACGTGTGCGAGA,3
AGCGCCGTAAGAGACGTG,3
ACACCTCGGAAAGATGTG,3
TGCGGCGACACATGTTCT,3
TGACGCTCGTACCACTAA,3
AGGGAGAAGAAGATGGTG,3
GGCGGTGCTGGAATGGCT,3
TGGTCCATAGTTCGGTAG,3
CAGACGTGACTCACTGCG,3
AGACACCACAATCTTGGG,3
TACCGAATCCTATGAGTG,3
ACGGAGGACGTCGTTACA,3
AGGCAGCCAACGACGTTT,3
TATCGCACGCTCGGGTAA,3
ATCGGGTCGATTGTTGCG,3
GTTGGGCAGTGTAAATGT,3
ACAGTCGGTCGTTTAGGT,3
GCAGCAAAACTGACGGAG,3
AGCCGGCAACTTTGTAGC,3
ACACGCAATCAGTGTGTG,3
GATGCGTGCTAGATGTCG,3
ACGCGGGAAAGGATGCAG,3
ACGGCCCAACGGTGGTGA,3
GGCAGAAGACACATATGC,3
AGGGCGAGGACGTGTTCA,3
TGCACACTCGTTCATCGT,3
GATGTCGAGAGTGATGTT,3
ATCACGATCCTGAATGTA,3
AGTGTCATCGTCGCGTGG,3
AACGGGACGTTCCGAGAG,3
GTGCGGTGGCACTCGTTC,3
GGTTACCGGCCTCCTGTT,3
AGCCGCTGCCTCTACCAT,3
AATATCATCAGGTATGTG,3
TAGACGGGCGAATTAGGA,3
ATGTCAGTGGCTGCGGAC,3
GCATTATACGGGCCTCAC,3
AGGCTTGTTGCGGTTATG,3
AGCGTGTCAAGGCCCGAT,3
GTAGGGCAACGTAGAGGA,3
AGGGCTACCGTACATCAT,3
AGACGTTGGTGTGCTGGC,3
ACCGTCAACTAGATCGTG,3
ATGAGGTGCTACTGGTTA,3
CGCGGGTACGGACAGTGT,3
GACTATGAGATACTGTGT,3
AGTCAAGCGAGTCCCGTG,3
AGGACGGATGTCGCCGCG,3
GATGGGAGACAGCTACCT,3
GGGACTGAACAGTGTGCG,3
GGAGTGGAAATATCTGTA,3
GTGGACCCCCAGTACGCG,3
GGGAATGGAGTACATGCG,3
ATCGAACAGTCGGCATTT,3
AGTGCACAGGAGTGTTTG,3
ACAGCGACTATGCCGGTG,3
GTGTGCGAGCGAATGTTT,3
ATGGACTCAAACGCGTAA,3
ACGCACTGCTTGGCGCGG,3
ACCGGTGGCGCGCGTAGT,3
AGCGGACGACTGGAAGTA,3
ACTTGACGCGACGGTAAG,3
AGCATAGAGACAGTCGCG,3
ATGACAGGAGTGAGCCGA,3
TACAGGCTAGACGGTAGA,3
GGCAGCAATGCCTGTTGT,3
GTAGGCGCCGATCTGATG,3
ACTTGGTAATACACTGTG,3
GGGTGGGAACAGCCCGGA,3
AGCGACTCGATTCAGCGG,3
TGCAGCAGACGATCCTAT,3
ATGGTACCAGGTGACAGG,3
AAGCACCCAGACTCAGCT,3
ACCGGTGGATAACTTTTT,3
AAGGTTGCGTCCACTTGT,3
CGGTTCCGCTGTGTTCGC,3
ATCACAGGTGGTCGATAA,3
AGCCGGGCAGCGGTTGAC,3
TGGTGGGCATGAGCGCAT,3
ATCGGCTCCGTCACATGG,3
GGGCTGTTCGGCAGGTTT,3
ACACCAGGATGAAGTGTG,3
GCCATTGCCGGACGGCTA,3
AGTTGGCGAAGGCTGGTG,3
GCGGTGTGATCTAGCGTA,3
CGGGAAGGGAATATGGCA,3
ATGTGGACGTCCGAAGCG,3
ATGGCATACGTACACTGA,3
CATAAGGTATCGCCCGTG,3
GAACAGGGAGCGTGAATA,3
TACAGGGCTAGCGTAGGG,3
ACGACTGGCATACATCCT,3
ACCCGGAGTGCTCAGCGT,3
ATAACTCGCCAGACGGTG,3
AAGCTGAGTGCAGTGATA,3
ACGTGAGCTCAGGGTGTC,3
GGGCAAGCTGATATCGAG,3
ACGGTGAATCGAGTTACT,3
TACACCAGGGCTAAGTGT,3
GGGCAGTCCTTGCGCAAG,3
AGCGGACACTGTACGCGG,3
ACGGACCACGATCCTAGT,3
AACGTGTGATGAAGTGCT,3
GCAGATCACGTACGGCAA,3
ATGTAGGAATTGACTGCT,3
GCGGACTGACAAGGGAGA,3
TGGTACACAGCGCGTATG,3
TAGTCACTAGTATTGGTG,3
AGAGGCATGCGTTGCGCT,3
AGAGCGCATGCATATGGA,3
CAGACAGTGTGTGCTACG,3
TAACTAATCGTGCGGTAT,3
ATGGAGTGCCATCTGAAT,3
TATGGTGGATGTTCCGAG,3
AACTGCGTACAGCGTCTG,3
GTGGGCAAATGCGACGTC,3
GTGAAGAGCCTTCGTTTG,3
GTGCACGCGATCAGCAAG,3
TGGACCACGAATATGTCG,3
CCGTAGCGAACTTGTGCT,3
TCACCTAACAGGATGGAG,3
ACTGCAATATTCGCTGTG,3
AGACGCTCAGGTCCACGT,3
AGCTCCAAGCAGAATACG,3
ACTGGGTACTACGGCTAG,3
GAGGCGTATCCGATCCAA,3
AATGTACGCCTCTGGTAT,3
TGCCCTGCAGCTTCTGTG,3
ACGAGGCAAGTGGATGGA,3
GACGGCAGATGAACCAGA,3
TGGACCATGTTGAAGGTG,3
GCGGGCCAGGTTGCATAC,3
GACGGGAGTCTAGATGCC,3
GTCTAGTGATATGTTTTG,3
AAGACTAGAGACTTGTGA,3
GATGGATCGCATATGGTC,3
AGGTGGACCTCGACGGTA,3
TACCTTAAAAATGATGCT,3
GGTGCGGGATTTCACGTG,3
AGGCCTAGATACGGTTTG,3
TCATAGTGCCCGCGATCG,3
GTGAACGCTGATCTCGTG,3
ACAGGGGATCATTGCGTG,3
ACGTAAGGCACCCGTATG,3
ATACATGACGGTGACACT,3
GGGTAAACCGTACGACTG,3
GCTGATGGCTTTCAAGCT,3
GGGCGAAAATCACGTCAA,3
ACCGCCAGGTATCCTGTG,3
ACTAGATGTGATGGTGAT,3
AGCGGAGAAGGCAGCGTC,3
ACACCGAGGGAGAGCATA,3
ATAGATAAGCCCAACGGT,3
GGCAGTGCACAGTCATTG,3
AGCGTCATCGTTCATGCT,3
CTACACGTCAAGCCGGTG,3
AGCACCATTGACTGGGCA,3
GGGGCACTATCGCAGCAT,3
ACGGTGGCAGCCGAACGT,3
TACAGTTAGTCCTGAGTG,3
ACGCAGGTAGCCGGAGTG,3
GACTGGAGACACTGTTTG,3
AGGGACTTGTGACATGCA,3
ACGCGGTATATCCTTACT,3
AGGGTAACACTACGGAGC,3
AGCACTACACCCGGTGGT,3
ATAGCGACATATACTGTG,3
AGTGGTTAGTCCTCGCGA,3
AGCACGGATCAGAGTGCG,3
CAGGCATCATAGACCGAT,3
GCATCCGAACAGCCTCTG,3
ATAGCGGACTATCCTATG,3
GGCTCACTCGGGACTTTG,3
GCAGGAGGCAATGGCTAA,3
CATGAGGGTACTCAGGCT,3
AGGCAGGGAACAGGCCGA,3
AGGGCTTGTGAACGACTC,3
GACGTTGAATACCATGTG,3
AGGAGGAATTATGCGGCT,3
ACAGGCGTACGTATATGT,3
AGGGCTGATAATACTCCG,3
TACGGCGCTCATCTCACT,3
GGACACAGTGTGCATTGG,3
AGGGGCTTGATAGTCTCA,3
ACGGCGGTCCGTAAGGAG,3
GGTGTAATGGCACATAAG,3
ACGCGTCAATTCCGTGTG,3
ATGGTGCGAGAACAGTGG,3
CAGGGTATCGAATGCGTG,3
AGCAGGACTGAGAGGCCG,3
AGGGTCCGAAGCCGTGCT,3
ACACCGGCAACGTATGCA,3
GTGGCAGTCTAGTCAGCA,3
ACGACCGGCACGACGAAG,3
AGGGACCTACCGCCGTGA,3
AGACGATGCCAAAGCGGT,3
GAGAAGGCCACCTTGTCG,3
GTGGTCATCATTTGCACG,3
ACACGGGAGAAGCGACTA,3
GCGCAATCGTGCCGTTGG,3
ACGGAGCTGGATAAGTGG,3
GCACGGGAAGTGGCACTA,3
GGCTAGTTAGCGTCTGAA,3
ACATCGGGGCATAACATC,3
TGGCAGACTTCGCGTTAT,3
ACACGTCAGGCTGTGCTG,3
GGAGTACAGAGACGGGAA,3
GTAGGCAGGATGTCAGCT,3
AACAACGATCTACGTGAG,3
AGCCGTTAGTGTGCAGTA,3
TGAGGCGGAGCCGAGGTA,3
AGCACAAACACGGCACTA,3
AAACGATCATCCGGAATG,3
GCGAAGGCTGACGATCGG,3
GCGAAGACGTGGACGTTA,3
ACGATGGATTGTTGGCGT,3
GAGGCGCGTATCGGACAT,3
ACGGTACGTAGACAGTGT,3
GGGACAGTACCGATCCGT,3
AGGTAGGCGCACTAGGTT,3
GCTAATTGGGCTTGGTGT,3
TCATAACGTCTGGAGTTG,3
GGTCCGAGGCTGGTACTA,3
AGTAGGCCAGTCGTGTAG,3
TGTAGCACAGTCAGACCG,3
CTCTAGGTCGCAGTAGAG,3
GGCAGTGCAGAATAACGT,3
AATAGGAACCACGCCCGA,3
GCCGTGTGCAGAGGCTTG,3
ATGGCCCGCTATGGTGGT,3
GCGGTGGAAGAAGGCGAG,3
CTGGCCGTCCAGCCATGT,3
GGATGCTGTTACATGGCT,3
GGGGATACTACACGTATA,3
TTGACCCGACTTCAGCCT,3
GGCGTACATGCAGTGAGT,3
AGGCTGTCCTAAGCGTTG,3
GATTGCCCAGTTGTCGAT,3
GTGCACCTAAGGCTATCG,3
AAGCGCATCCTCTTCCCT,3
GGTCCGTAATCGCTGACG,3
GTTGGACGCGCACATACT,3
GTTGGGCAATCGACTCAG,3
ACAGCTGCAGACGCCCTA,3
AGAGGGCAACAGTTCGAG,3
ATCATGGGTTATAGCATT,3
TACCGGGCAACGGCATTT,3
ATGACACCACCCGTTACG,3
GACCTAGTAGCACTGCCG,3
TACTCCCGAAAGTCCCAG,3
GTGGTGACGACTGGATTT,3
GTGGCAGGCGAAAGGTAG,3
GCGAGTAAGGCAATGTCG,3
GGGGAACTAGGGACTGCG,3
ACCGCATTCTCACGTGTG,3
CGCACAGCGTCGGATAAC,3
GCGGGTGTATATCCACGG,3
AGACGCCTGATGACGATG,3
GTCGCGATAGGTCCACAG,3
TGGTAACCAGGAATTGCT,3
GGGTTAGTATTAGGCTGG,3
AACACGTGTCTGTGTAGT,3
GAAGTATGGCTTCGGTCA,3
GGGCATTCAATTAGTGAG,3
GGGGAACAACACGGGCCT,3
GTAGCGAGACGAGGCGGA,3
ATTCCCAGTGCCCGGCTA,3
ACGACGTGACAACCAGTG,3
AGGTGAGCCTGGTCTGTG,3
AGGCAGTGTGTCGACGGT,3
TGGGTAGCGGATGCATGA,3
AACGGAGCCCCAGATTCT,3
AGCAATCTCTTCGCGTGG,3
CAATGGTAGACGGATGCT,3
GAGGACTAGGCAACCGCT,3
ATAGGCATACACAAGGTG,3
ATAGGCGCTCAATTGGCT,3
CAGGACGTGTCCTTGCAT,3
TTGACGGCTGGCAACTTA,3
AGGGGAAGGGATGATGCG,3
GCAGTATCAGAGCGTACA,3
TGCAACATCGGGCATGAA,3
AGTGGTGAACGTACGCTC,3
TGGATGGACAAAGAGACG,3
ATACGGACACTCGCATCG,3
ACAAGTGGATTGGAGCTG,3
ATGGCGTCCAGATCTGGG,3
GATAGCACGGTGTAAACG,3
AAGGCGGTGTCTCATGCT,3
TCATGATATGCCGTTGTG,3
ACACCGGGGCAAACTGTT,3
ACGAGGAACGGCGCTGTA,3
ACGGCTCCTAGACGTTGG,3
TGCAAAGCATAGTTCAGA,3
GGTGCGGTGAGAGGAGAC,3
GAGTGCACTGGTTAGTGT,3
GGCATACAACCCAATTAG,3
AACCATGTCCATGTGGTG,3
GCACAGTGTCAGCGATTG,3
AGGAGGTACCGTATTTAG,3
GTGGCGTACTCTGAGGCG,3
AGTGAGTCGTACGGAAGT,3
AGGCAGCCAGGATCGATG,3
GCAGGGAAGTGAGTGCTG,3
AGAGGGAGAAGGGAGGCG,3
ACGTGGATAGTGCTGTGC,3
ATGTGGCAATACGAGCTT,3
GGCGGTAGGAAGCGGCCT,3
GTACTGGCGGACATTAAG,3
GTAGTGGATCCAGGTCTG,3
AGGGACAGCAAGTCACGA,3
AGGAGGCATCCAGAGCAA,3
AGACTGTGTGATGCGCTT,3
ACGGACGGATACCGGGAG,3
AAAGTGACACCTATGCAG,3
GATGCAGCAGTTCTGACG,3
CTGTTACGCTTAACGTGT,3
GGAGGAAGGGTCACATCG,3
GGTCACGTAATTGGGAAG,3
TACACAGCAGATGGGTGG,3
AACGGGCATAGTATCAAT,3
CACGGGAAGGCTGGACCA,3
GAGCAGCCGGGGACATTG,3
TAAGTGGACCGCTATCAG,3
AGGGTTGTGGGGATGCGA,3
TCGGCAAGATTGTATGGT,3
CACAGCGTTTGAGGAGGT,3
GAGGTTGTCACATAGTGG,3
AAGGGAATGCAGCATGGT,3
GATGGGTGTAAGCAGCTG,3
TGGACTGTAGAGTACGTG,3
AGGGCACTCAAACGCATT,3
GGGTACGAGAAGACTGCG,3
ATGCGCCGGGCAGTATAT,3
ATGATATGGACGCCGCTT,3
AGACATCGACGGGCGCAA,3
AGGTACAGACTATCGCTA,3
ATTCGGCTATGAATCTTG,3
ACGGCGATGATCATGGCT,3
ACACAGGATCATCCGTGG,3
AGGGACCACAACATCTTG,3
GGGGTTCCAACGATAAGC,3
TAACCGGAAGGGACGCCG,3
GTGGTGTCTCAAACCTCT,3
GGGCCGTTAGAATCTCCT,3
GTCAGGTCGTAATTATGG,3
AGCCGGAGTGGTATCGGG,3
AGGACTGTGGCGACTGGC,3
GGGGCACTTTCGAGGCTA,3
AGGCCGAAGCCGGTATGG,3
GCGGGATCACATGTTGGT,3
AGGGGCGTCGTAAAGGTT,3
GCTAAGCGGTCTGCGACA,3
ACCGGGAGACGAAATGGG,3
AAGGTGCGTAGCTTGCCG,3
GGCAGGCAGCAATCGTGA,3
ATTACACATATGCAGGCT,3
GATGGGAAGAGACGCACG,3
AGGGTCGCCTGATCTAGT,3
TCCCGACAGGAAGGTGTT,3
GAATGTAGGCGGACTGGG,3
GTGGCATCCAAGGCTAGT,3
CACTTCGTGCCGTGTTAT,3
CTCTCGTCGTGCTGTCGT,3
ACGTTGAACTAGCGTGTA,3
ACGCAACGACTCGCAGTG,3
AGAGTGGTTGTAGACGTC,3
TACGCTGCATGCCTTCCT,3
ATGGAGTCGGTAATGTTG,3
TACGCGGCTACACGTTAG,3
GGTCGTTACAAAGGTTTG,3
ATGTGGTGCAAACCAGCG,3
GGTACTGGATTAAAGGGA,3
ACGCGGTGAGAGATACCT,3
GTTGAACGGGCGATACAA,3
CAACCGGTACACGTGTAG,3
GTGCAGGTGGTAGTACCG,3
AGACTGTTCTCCAATGAG,3
ATCACTGGATACATGGTG,3
TAGGGGACGTAGAGGCTA,3
AACGCCGGGGCAGCATCT,3
ACATGCTACGATACGGTT,3
AGCATGGCTATGAGGTGT,3
CGCTAACGTCGGTTGTAA,3
ACGGGAGGTACGGGCCCA,3
ATGGGTTATCGACCAATG,3
ACGGCAAGCTGACGTCAG,3
ACAGTGCATCGCGATGTG,3
ACGGTACTATGGTGGCTT,3
ATAGCACGGGTACCGACA,3
TCTACCGAGGCTATGTTG,3
GTAGACGCGTGTTGATAC,3
GATGGGATACTTCGGTTA,3
AGGGAGTCTCAGTGCTAG,3
GGGGCAATCCCAGCACAG,3
AGCCCGGAAACGGCGACG,3
AGTTCGTGTGCTACCAGG,3
GGCGAAGCATGACGACGG,3
CGGGTAAACAATAGGTAG,3
ACGGTACGAACAATGGCG,3
AAACTACGACGGTGCCCA,3
AGCAGCAGACGGCCGCGA,3
GCTAAGGCTCGACGCGTA,3
GTGCCATTAGGTGCGATG,3
GCCTGAGGGTACTGTACG,3
ACAGCAACGACTCGCGGT,3
GCTGTAGCGATGACACGG,3
AGGGCACGGATTTATGGT,3
ACGCAAGGTCATCGCGTG,3
GTCAACAGGAAAGGGCAT,3
TGGAGTCAGTACAATCGT,3
TCCCTAGCCTACACAGTG,3
ACATGTCAGCAGGGCGGA,3
AGGGCTGGGCATACCGTA,3
CGAGGCAGCGGGATACAG,3
AGGTAACCATTGCGTGTA,3
AGTAGCGGGCATAGCATT,3
AACGAGGGCGTTTATGTG,3
ATGTAAACTGGGCCCCCT,3
AGGTGGTACCAACCAACG,3
TGATCAAGTGCGGGAGAG,3
ACAGCAACGAGGAGGTGG,3
TCATGGAGGCACAGTTCG,3
ACGGGCACTAGCACATGA,3
GTGCAGGACAGGAGCTTG,3
AGACACGTCAGTGCATGG,3
GGCCCAGATTACATGGTG,3
ACTCCGCGGATTGGCGAG,3
ACGGATGAACATAACGTG,3
GGCACGGAGGAGTACTGG,3
GCGGAGAGGATTGTGCGA,3
GTTCGAGTGCGTCTGGTG,3
TGCGAGGTAGTCCACTGT,3
GACTAGTGCAGACTATGT,3
AATTTGACAAGATGGTCG,3
GAGGGAAACCTAGTAGTG,3
TGAGCTCACTTACCGTGT,3
GAGGACACGTCATACTAG,3
GGGTAAGTGTCTGGAGTA,3
GAACAACAGCCGGCATCA,3
AAACTCGCAAGACGTTTG,3
CTACGTGCCGGACAGTAA,3
GCAGCTGTGTACCGGTTC,3
AACTGCGGATGGCCTGAG,3
TCGACTCTGTGGTGGATG,3
AGGTTGGCCAGGACGTAG,3
CAGAGGCCAGATGGGGCG,3
ACTGGGCCTACTGTACTT,3
TAACGGCGCATGGTCAAC,3
TCACATGCCATGTCGGTG,3
ATTCGGGCATACTTTAGT,3
ATCCATTGGCGCTGTTGC,3
TAAGCACCTGAACGTGTA,3
GCAGGACTAGGACGGTGA,3
TGACGAGTGCAGCTGTCG,3
TGTAATGCACCTCATGTA,3
ATCAACGCGTGCTCCCCT,3
AATGTAGAGGTCAGACGG,3
AGGCTGATTCTTAGTGCT,3
GCACAGCTAGCGTTGGTG,3
AGCGGTCAACTGGCAATT,3
AAGGATCGAGTGTTGCCA,3
AACGGTCTAGCTCGTCGA,3
AGCCGTGTCCCAAACCCT,3
TGTGGGTATGTACCTCAG,3
GGGGAAAACGTCAGATCG,3
GGCAGCATTCACCTGGTG,3
AGGTCAATTCCGGAGGTG,3
GTAGTGGCTATCTAATCT,3
TGGAGCAGCAACGTATGG,3
ATGGGCCATGTTAGCGCT,3
AGGTATCGATACGCTGTG,3
AAACGGACGTGTGTGGAA,3
GGGTAATCTGGACGCAAT,3
TTGCAGGCTCATGTAGCT,3
GCCGGAGAGGTGTTGCAG,3
GTGGCATGGATCACAGTT,3
GGCAGAGTTGGATTCTAG,3
AGACATGATAGTCGGCGG,3
GTGCAGAATGCTACTGTG,3
CCAGAAGGTTCGACGTTG,3
AATGACGTCTTTGCCCCT,3
ACGGCTGGTACAGGCGAG,3
ACACAGGTATGGACAGCG,3
AGGCGTGCAGGGTCTATC,3
AGTCGACGCGCATTCTGA,3
ACACTTGGCCTAATGCAG,3
ACAGACTGAGAGGACGGT,3
GATCATAGACGACCAACG,3
CGTACCGTGATCTTCCTT,3
ATTGGTAAATATCGCGTG,3
AGTGCTTGATCGTGTGTC,3
AGTGCTTAGACGACCTGT,3
CAGTGCTGGAATGACTGG,3
GGGTAGCTGACCGATGTG,3
AGGAGCGGGATAATGGCG,3
GGTATGTACACACGTAAG,3
AAAGGACCAGTGACTTCA,3
GCGGGAGAAGACGCTCGA,3
GGCACATAGGAGGAGTGT,3
AGGGTGAGATTGGGCGTA,3
GGAAACGGGTTACTGGCG,3
ACGGCTAAACTGTGCGTG,3
ATGTGAGGCTCGGTAGAC,3
AGGAGAGCACTCGGACCT,3
AAACGGGACGTAGTCAGG,3
GTCGTGCAGAAGTAGCGG,3
GTGACCATAGAGTGTGCG,3
ACATCACACCGGGTGGCT,3
ATGCGGGCTGTGCCATTA,3
AATGGAACGCATCGCCAG,3
GCGGACATAGTCAGCCGG,3
GGGGCGGTATCACGCGTT,3
ATTACGGACGTTCGGGCG,3
GCACATGTGACACGGGCG,3
GGGATAACCTGTACGCTG,3
GGGGTATCGCGCTCGTCC,3
ATGGCGTGACCCGAGATG,3
ACGGTCAAGACGCATGAG,3
AACGACGAGATGTGGTGT,3
TCGACGGTGTATCACTAT,3
AACGTCGGTCCGATGGTG,3
GGCGTAACCAGACCGATG,3
ACGCCCAGATTGCGTGTG,3
GCAATCCGGGGTCCAATG,3
ATTGGCAGTTAAACGGCT,3
TGGCAAGCGACGTGTCCT,3
AACCTAGTAGAACGTCCG,3
TCCTGCCTCATCGTGATG,3
AGGTTGGACGGGTTCGCG,3
GCGGTAAGGTTGTTCGCG,3
AGCAATGTAGGTGCGTCA,3
ACGGCATACGTCGCTACA,3
GTTGCCGCAACGGACCAT,3
GTGGTGTTGTTACGCCAG,3
GCCACGGCGAAGAGATAT,3
CTGCAAGTGCGAAGTGTG,3
GCCGGCCTCAATATGTGC,3
GGCGCAATTACAGACTGT,3
GGGGTTAGGGGATAACGG,3
GAGGGCCCATGCTGGTTT,3
AGGGAAGTAACTGCAGTG,3
ACGGGTACCATAGATGTG,3
AAGCTGAGGTTGAGTCGT,3
ATGGAGAGTTACCTGTGA,3
GCGGGGAGATCAGATGAA,3
GAGGGTTAACCGTAGCAT,3
GCCTGGTGCTCCACTACG,3
GTGAACCTTTCCGTGCGT,3
CACTTACACATGCTCGGT,3
GGGCGAGCATCGTACTGT,3
AATGTATCGATTAATCCG,3
AGGCGGCTTAGACGTCGA,3
GAGCAGTCTGGAAGGTGA,3
GGGCATGACTGTCATAGG,3
ACGAGCCGAACAGTGTGA,3
ACACGCCAAACGACTATG,3
ATGAGGCCAGCGGTGTGT,3
TCGGGGCGATGAGGTACA,3
AAGCAGAAGTATAGGTGC,3
ACCATACTGCTCACGGTG,3
AAGGGACGAGGAGCTACT,3
GGAGGATCTTCATGGACT,3
TGAAGGACCGTAACGCCG,3
AGGCAGGACGAGAGATCG,3
GGAAAGGGGAGACGTCCT,3
GGCGCGCCACGTAGTGTC,3
GTCGAGGAAAGGTTAGTG,3
GAGGTCTCATCCATGTAG,3
TTCCCTCGGCATCGCGAT,3
AGGGCAAAGATGGGGCCA,3
TCGGTAGTCTAAAGATAG,3
GACCGTCAGGAGGGCTGT,3
ATATCAACAATCATTCCG,3
CTTGGACGCTGCGTAAGG,3
AATGGGCCATCGAACGCA,3
GAGGAGGAGGAAGAGGCG,3
AGGAGGCATAAGTGCGGC,3
ACTAGGGCAGTTAACCGT,3
AGACGCGGCAGACAAGGA,3
GAGGTGTGAGAGCGTGCA,3
GTGGGAGACTCTATTATG,3
ATAGTGAGAGCAGTATGG,3
ATGGCAGCGATGGAGTTA,3
TAGCACGCCACCCATCCT,3
TGTACGCACAGTGGACAA,3
ATCCGCTCCCGACCTTCA,3
TGCCGGCCTTAGGGTAGC,3
AGATTGCGACTCGAGGCT,3
GGCTAGTGTGCCCGGTAG,3
GGGTGATGGCCTTGTGTA,3
TCACCGTAGTCGCTTCCG,3
AGTGCGGTTAATGACGTG,3
ACAGTCTACTGCGCGTTG,3
AATGGGACGCGCTCTTAT,3
ATCGTCACACGGGCCATT,3
ATGTGCAGGGCCCGATGT,3
ACGGGTAACGAGACGTGG,3
GGCCAAGTCTAGGTTGTG,3
AAGGGGACACCCTGTAGA,3
AAGGGCACACGTTTGAGG,3
GCATCATACGCTGTGTGT,3
GCAACCAGACTCGTGTTA,3
GTACAACATAGACGCATT,3
GCAGCATACTCGACAGTC,3
ACGGAACACTCCACGCGG,3
GGAACTGGTCAGGTACGC,3
GCGGTGTCAACTACGGTT,3
TTGGTCAGTCGACGTGTT,3
ACAGAGGGGCAGAGGACG,3
AGGACAGCGGATGCGGCA,3
TACTGCACAATAGGCGGT,3
GTGGAACGGTAATACTCT,3
GTGCAAGCAGAGATGGCT,3
TAGCTAAGGCCTGGGTAT,3
GGCATAGAGAATATACTG,3
AACACGATCATGAGTGTG,3
ATATGCCAATACGGTGCG,3
GGGCAGGAGATGACGCGT,3
CAAGGTGAGTATTGGAAG,3
AAACGTGCAGCACTGTGT,3
GCCTCGTGATGCAGGTGA,3
ATGAGGCAGACTATGCGC,3
AGGCAGCGTGACGGTATT,3
GTGGGACAAGTAGCTGTG,3
GCCACGGAGCATGAGGTG,3
CTGCGAGTTCTCATTCCG,3
GCAGTGGTTGAGCGCTAG,3
TCTGCAAGCCGCTCATGG,3
ACCTCCGTGGTGCAACAT,3
GCGGAAACGCACTCATGG,3
GCACGTTCAACCACGGTG,3
ACAGGCGATAGCGGACCT,3
AGTGGCTAGGCAGTGCAT,3
AAGCATACCGGGCGATCA,3
CGAGGTGTACGCCAATGG,3
TGCGGGATGGTGAAGGCG,3
AGAGGCATTGGAGTCGCA,3
GCAGTACCATCGTGTGTG,3
AGGCGGAACTTGGCGATT,3
GATGGACTTTGACTGTGG,3
ACTGTGCTTCGACTTGCG,3
ACACGGGTAAAGGCCACG,3
AACCAAATATTGACGTTG,3
GCGCAGTCCGATCCCAAG,3
GGGACGTGGAATAACGCG,3
TTAGATAACCAGCTGTGT,3
GACACGAACTGTGTCGCT,3
ATTGGATCTAGCCGATGT,3
AAGTGGTATGAATAGCAA,3
ATTCCGGCCTGTGACGGT,3
ATTGGAGGTATGCATCCG,3
GTAGCGGATGGAGCTGCT,3
TGGTATGCCGACCGTTCA,3
GCACATGGTACAGGCATC,3
GCAGGTATTTACACGTAG,3
GCAGACGCGGATTGGACG,3
GCTGGACCCGTGGATAGG,3
GACGTGGCTTGTCACCGG,3
AGCCGTTCCTCCAGGCGA,3
TGGATACAAGGCCGTGCA,3
TGGTCCCTCGTTAGTTCT,3
GACCTTATGCAGGGAGCA,3
GCGGACCAGGGTAGACGT,3
TCCTGACATTTACGTGTT,3
AACACCTCCCTGTTTGCT,3
GGGATGATAAGATTGGTC,3
GGGTACCACGCAGTAAGT,3
GCGCTCAGACTTACCAGA,3
GTGACGAAGAACATATGT,3
GCATATTGTGTGGGCACG,3
ACACGTGCCAGGCCTGAT,3
CGGGAGACGCCCGCTATG,3
GGGTGATCGACTAAACGC,3
ATGGATGATCACCAGCGT,3
TCTGCAAGTGAAGATGGG,3
GTGACAAGCTAGACGGGT,3
GTATGGGCCTACATCTCG,3
GGCAGGGATAGAGCTGCG,3
AGACACCTGGTCCGTAAT,3
AGGTGAGCGTTCTCGGCG,3
ACATACCACTAGCGGTCG,3
CAGGACGGTACGAATTGG,3
GGAGTAATGCGGCATGCG,3
GGTACTGCAGCTAATGTC,3
TGGTGGCATGAGTCAATA,3
GCGCCCGTTAATGGTGAG,3
GGTGCGGCCGTCAGCATA,3
GGTGTCGCGATAGGATCG,3
ACAGGGATCATTCCTGGA,3
GATCCGGACTACTTGCGG,3
ACGACAGGCAATTGTGTA,3
TACCGGTGAGACGAGAAG,3
ATGGTTGCTGACATTTGC,3
ACGACGCACGATCCCATG,3
GATACAGGGCCGGCGAAA,3
ACGGCGGATGTACGTGAA,3
AATGACTCTGTCAGCGTA,3
AGACACATGGTGGCTGCA,3
ATGCTCCCATGGTGCCTG,3
AGGGCTTACGAAGTTGGA,3
GCATTATCAGGTCGGCAA,3
GTACCTGCATTAGTAGCT,3
GGTGCTGCTAGACGGCGC,3
TACGGTACTCATACACTG,3
AGACGGCGCGTTTAACTG,3
GTATAAGACGTATGGCCT,3
ACGCTCACTAATGGCACT,3
GGGCCACTAACCAGACTA,3
AGGCGGTATACGCGTTCT,3
GGGGAAGGAAAGGGATGT,3
GTTGACGGACGCCAGTGA,3
GGTACCGGTAGGCACGAT,3
GACGAATGATGCGGATCT,3
GCAAGTTGATTGTGGCCG,3
AGGTACAGCAGGGACCGG,3
AATCGGGATGGCCGTAAT,3
TCCAGATTACTGTTGTGC,3
AGGGCGTGTACACGAGTC,3
GGCGGACCGAGGGATGAT,3
AGGTATGGAACAGCCTAG,3
ACACGTCATGCCAGGGTA,3
ACACGTAGTCTTGTGATA,3
GGAGGCTGCCGGAACGTT,3
GCACGGTAGGCGATCCTG,3
GTAGTGGCCATATATCCT,3
TAACAGGTCTAATGCTAG,3
AAGGAGACGCCACATGTG,3
GATCGAAGGCAGCATAGG,3
AGGCTGTAATCTGACGCT,3
AACATTCAGCCTTCCGCC,3
CACAGCGGTAGGAAAGCT,3
TGGAGTGACGCGGAGACG,3
ACGAGGTGCGCGAGAGTT,3
ACACACGTGATGGGCCTT,3
TAGAGGCCAATGTCCGCT,3
ACGGCATGATAGGTGAGG,3
AAGGTAGCAGGTGTCTAA,3
TTGGTGTGACTCACGGCT,3
ACACCGGTGGGATGCTGT,3
GATGGACTAGTACTTGCT,3
AGGGTGACACTGGCTCTC,3
ACCGGGTAGATGCTATAG,3
GGTACGGCGTATCTTCAT,3
CGGCGGCAACCAATATGG,3
AGGGGAACCGCTACAACA,3
AGTGGCTAATTGCGCGCT,3
AAGGGTATGGGACGGCAG,3
AGGCATGAAGTGTCGGGA,3
GACGGTGCCTATTGCAGT,3
GATATGCCAAGTGACGGT,3
GGGGAGGAGTTGGATTAT,3
CTGGCGGTTAAATGACGA,3
GCCAACAAGGCTGGTGCG,3
GCGGGAGTACGTCTGAGT,3
ATGATCCTATCGGGAGCA,3
TGGGTAAACCTGTTACAA,3
AGAAGTGCGGCATGCGGG,3
AGAGGGTGATGAGCGCTA,3
ACCGGCTTCAATAGGGAT,3
AACCGGTAACCACTGGAG,3
AAGTAGACACGGCGACGC,3
GCGGGATCAGTCCAGCAA,3
CAGGGGAGAGTTTGTTGG,3
TGTGGTCGATCCTACACT,3
TGGGTAAAAGGATCCGCT,3
ACTTGATGAGAGTGCTCT,3
AAACATGTCAGGCTGTTA,3
AGGCTAGCTTTCTGGGCA,3
GGGCTGTACGGTGACCCG,3
GCGGGACGAGACACGGTT,3
GGGGAGTACGAGAAGTTG,3
GCAGGGATGTTCCTTAGG,3
CAGAGGTAGGCTGCTCCT,3
CGGGATGATGCGGGCGAG,3
ACAGGTGCAGTTATGTCT,3
ATATGAGGTAATCAGGTG,3
AGGAACTTCCCGCAGGTG,3
GCGGATGGCAATAGAGTG,3
GGGGCACACAAGGGCACA,3
GGTAGCAAAGATGTAGTT,3
GCACTAGCGATGGTGATA,3
GGAGCGGTAGCTATGTTG,3
CCAACACGCTCGGTCCGG,3
TGTCGAGTTTCAGGCGGT,3
AGATGGGTGGAAACTGCT,3
ACAGGCAGTGACACATGG,3
TTCGGATGTATCGTCTCT,3
AGATCGCAAGACGCGTTG,3
GGGGAGCTGGCCCGATAA,3
GGCGAATGTGAGACGTGC,3
TGGGCCCATAAATGTACT,3
GGGCGCGGAGAGAGTTGA,3
GATCAGAGTTTTGTGGTA,3
AAGGTGATGGATATCCAG,3
GTCAGGCACCTAGGGTTT,3
AGGGCACGGTGTCTACAG,3
GGAGGACCTTCAATGCGT,3
TCGAGATTGTTGGTGAAT,3
TTGGTGAATGCTTGCGGA,3
TGGTAACATGGCTCGGAA,3
TTGCGTGCCGGGACGATT,3
GTTAGCAAAGACGCTGTG,3
TGTGAACGCCGTCCTCTT,3
CAGGTCCTATGACCTGTG,3
AGAGGGAGCAACCGAAGA,3
CAAGGGATATAGGAACTT,3
GGCAAGCCTCAACGCAGT,3
TAATGGCAACCGCAATCA,3
GTGCGCACGATTGTTGTG,3
TGCGTTACCGAAGACGGT,3
CGGCAGGGGCGAAAGGTT,3
CTGCAGTGAGTCCGGGAT,3
GTGCAGAGTTCATCATAG,3
AGCGACCACCGTCACGTG,3
TTCACGATCTGCATGTGA,3
TCACGGGCCCTGCTACCT,3
ACATAGCTTGCCGGTGCT,3
CTGAAGTGGCGGTGTATT,3
AGGTACATGATACACGCT,3
GATGCAGGAGCTCCACTA,3
GGGGAAATCAACACAAGC,3
ATCATCCCTCAGACTTGG,3
AACGGACCGAGCATGTAG,3
TGGGGGAGAGAGACGGCA,3
ATGGAGCCGATCTGATGT,3
GATACACGCTCCGGTTGG,3
AGGGTGTTTAACAGCCTA,3
ATGTTGAAGGGTACCATT,3
GCATCACGTCGGTGACAT,3
AACAGTCGGACCTAAGAG,3
TCATGCGAGTCCGGTCTT,3
TACACGGCCGACAGGAGT,3
ACGGGCTAGGCACTTCGT,3
GCATATGGTGAATCCGGG,3
GCTGATCTGGATATTGTG,3
GCGCGGAAGCTATGTGAG,3
GATAGCATATGTCAGCGG,3
AGGTGAGCATCCATGTGG,3
ACGTGTGCACCTAGATGT,3
TCCTGCTCCTGGCCCTAT,3
ACTGGCGGTGTAACCTGA,3
GACCCTGGTAGATAGATT,3
GGACCATGGGATCTCCTG,3
GTGTGCATACGGGAATGT,3
AGGGTAACGCTTGACCAG,3
ATGAGGATGTTGTTCCCG,3
TAATGGGATACGAACTGT,3
GCGTAGCAGTTCGACGGG,3
GGGGCAGACGAGAGCTCA,3
TGAGTCGTCGTGGAGATG,3
TAGTTCCGAAGTCGGAGG,3
AGCGGACCGGCAGTTTTG,3
ATCGGGCGACTGTACCTT,3
GGCAGACCATGGTTGTTC,3
ACTACGAGTGATACAGGT,3
GCCGGGGGCAGTTTGGTT,3
GTGCAGAAGACGGTGCCA,3
AAGGTGAGCATCTCCAAT,3
ATTCGACCACGTGAGCGG,3
GCACAGTGCAGGAAGTCG,3
ATGGGTGACAGGATACTG,3
TGCCGCCAGGCCATGTAG,3
GGGGCGCGATAACGATAA,3
ATGGCGGCCCGTGAGTGT,3
AAGGCGTGCAGCTGATGC,3
GACAGTGCTGGGATGAGT,3
GGCGAGATCGCCCTTCCG,3
AAGTCGCTCACTGGAGTG,3
ATCACGGGATGCTTCGAA,3
ATGGGTAGACTACTGAGG,3
AAGAGCCGGCTGGTGTGC,3
ATAGGCCCGTAATGTCGT,3
GGAGGAGTTACGAGACGT,3
GACGGGAGACATGAGGCG,3
CAAGACGGCTGACCTTGG,3
TAGCTAGCCCCTGCGGAG,3
AAGCGGATCAGATATCGG,3
GAGTAACCGCGGCGGATT,3
TCGCATCCAGGGTCTTTA,3
AACACGCCTCTAGTGTGA,3
TACGGTCATGGCTGAGGA,3
CAGGATGATATGTGTGCA,3
GGACGTGCTGAAACGATG,3
ACCGGAGTGGATGACGTA,3
GTGGACTACACGCGGAAT,3
AGAGTGCTTTACTGGTGT,3
GGGGCTTCGGCGTCTACT,3
GGCACACGAGACTGTACG,3
AACACTAAGATGTTGCGG,3
GAAGACGGACGATCCACC,3
GGACGTGAGATTGCCCGG,3
AGGCAACGACGGGCGTAA,3
AGGTCACATCATGGCTCT,3
CGACAGGAGTTCACTTGG,3
AGTGGATGAGATTGCTGT,3
GGGACGTCAGGCAGGTAG,3
AGCCGCGTATAGACGTTG,3
TGGGAGGGGATACACTAG,3
GCTCCCCAGGTAACGTCT,3
GTGCCCAGTATCCAAGTG,3
AAAGCGGTTCCTCGGGCG,3
TGGACGTGTGAGGTGTGT,3
TGGTACTTAGTGTGCGGT,3
ACCTGGAACATCGTAGGC,3
GCATGTAAGGGTGAACCG,3
GCTATGGGGTGAGAACTG,3
GGCGCATAGTGACTAGTG,3
GGCCGGCGTACCATGACA,3
ATCGGGGCAAGTCACTGT,3
ACCTACGTGGGACCGCAA,3
AAGGGGATTATCTCTACC,3
GGGCGTATCTTGACGCGA,3
AGGTAGGAAGCCGCCCTG,3
GAGGCGGCAGGTTAAACG,3
ACGTAGGAGACTGCTGCT,3
AGGCGTAGTTAGTCTAAC,3
ATGCCGTTAGTCATGAGT,3
GGTAGGCCAATGAACGTG,3
ACTGCCAAGTAGTCGTGT,3
ATGGTGTTCGCGCACGTG,3
ATGGGTTGAGACGATGCC,3
TCTCGTCCCATACGTAGG,3
AACTGCAGAATGTGACTT,3
AAGATTAGTGCGTATACA,3
TCGTGCAATGTTACGTGG,3
GCAGCCTGACGGAGGTAT,3
GGTACTCGTTCTCTGTGT,3
GGCAGTGTGGGATATCGG,3
GCCATAAGGTCGTAGACG,3
ATGGCAAGCGGTCATATA,3
GGCTCCTCCAGATGGCGG,3
AGGTATGACTCTGCAGCT,3
CAATCAGAGACGTCAAGC,3
ATAACGGTCAAGCAGGTG,3
GTGGGACATGACGCCTTG,3
GGCGGGAAGCAATCTGAG,3
ATGGGTACTAGACGCTTC,3
AAGGCACGGACGGGACTG,3
AGATAGCGAGACAGTGCG,3
TTACGGTCTTTAGGCACT,3
TCCGGGATATGCCACACT,3
GGAGTCCGTCGCAGTAGA,3
GCAGGGCAGATTACTGTA,3
TTCGGTATGATGCCAGCT,3
GGGTGAGGACAAGGGTAT,3
AGACCAGACCGTGTACGC,3
GGAGAGGTGACAAACGGC,3
AGGAACTCGAAGCTCTAG,3
GTGAGAGGTAGAGAAGCG,3
GCACAACAGTATGACGTG,3
GCTGAGAGTCAGGGAGCG,3
AGTGGGAAGTCATCGGTA,3
GACATACGAATATGCTTG,3
GGCCCGTGATGGTGCTTG,3
ACGATACGTGTACTGATA,3
ACATGAGCCTGGTCTGTG,3
TGGGTAAAAGCTAAATCG,3
CAGTCGCGTTGGAGGCAT,3
CGCAAATTACTGCCGTGT,3
GAGGCTCCTATGCCGTTG,3
GCATCAAGCGGTATAGCG,3
ATACGTCACACCGATGTG,3
CGATGGTGTTCAGAGGCG,3
ACATATGGGATAACGTCG,3
ATGCCTGCTGATGAGTCG,3
GATGACATGCGGATGGTG,3
CGGCATCCGACTGACAGA,3
TAGTGCCAGCTGGTCGAT,3
TGGTATGTAGTTCTGTCG,3
TGGACATCGATCGTTGCT,3
GATTCCCAGCGACCGTCT,3
AGGTCGACTCTTGGTGCT,3
CCATGGGTGCCTACTTCG,3
CACCAAGTCGAGAGCGTG,3
ACGCCCGTGCAAACCCAA,3
CGAGGAAGTGTTGGCATG,3
AGGTTAGACTAAGCTGCG,3
CGCAGGGCATCAGGTGTC,3
ACCTATATAAGCCGAGCT,3
AGTGGGTGAGGAAAGCGT,3
ACTCGGTGCCTGTCGTAC,3
ATGTGGATGGAATCTTAT,3
AATGCCGAAGTGCCTGCT,3
TTGAGCAAGATGGTGCAT,3
GACGGCTGAACAGTACTT,3
GGGCAAGCCGTAGACAGG,3
GCTGGTGGATGTCGCATA,3
ACGGAGATTGAATGTGTA,3
AGCAGTACATTGCGTCGG,3
AAGGAGCATTCAAGGTGG,3
AGCGGGTCCTTTCTGCCT,3
GTACGCACGGACCTATGA,3
AGAGGAGAGTGCAGGCTT,3
ACGGTAGCCGCTACAGGT,3
GAGGACAGTATCGGTGCG,3
GGTAGGGCTTTGATGCTT,3
CGTGCTCTTCTGATTAAC,3
ACGTGCTAGGTACGCAGG,3
GACGGCGTCCTCGCATGT,3
GGGGTATGTTACTCTAGC,3
GGCGGCTCTGTTCGCTAT,3
TGCAACTCCGATTGTTGG,3
ACGGGACGCTGATGTTTA,3
GGGCGGGTGACTAAGCGA,3
AGGGCAGGGGTTGCCGAT,3
GAGGAGCAATGGTACTAT,3
AGGCATCCTGCGATTGTT,3
GGCATGATCTGGAGTTGG,3
GGGGCGAGTATGTTCATG,3
CTAAAGTGGGACAGGCGG,3
TAGACCGTGAGGATAAAT,3
ACGCTCTTACTGGCACTT,3
ACGCAGAATACCCCGGTG,3
AACAATGCGTACGTGAGT,3
AGGCAGTTTGCGGAAGGT,3
TGCCGAAGTGGGTATGCG,3
AGTGCAGCGTCCTCTGTG,3
CGATACTCGATCCGCGGT,3
GTAAGATGTACCAGACTG,3
ATGAGCCCGGAGTAGCGT,3
AACGACAGAGAGTGTGCG,3
ATGGGAGACGGCGCTCCA,3
CACTCGCGAATGGTCGTT,3
TGGAGCATACTACGCCGG,3
ATGGGCGATATTGACCTG,3
AACGTCACGTCGTGCTGG,3
GTGGCGCTGAGTACACAT,3
AATACTGATGGAGATGGA,3
ACAACGCATGATACTGGT,3
GAGCCGTACGTTTATGGT,3
GACAGGAAAATACCGGTG,3
CATAGACAACGACTTATG,3
ACACCGTAGGACGCGTAG,3
CGGTATGGCGCATAGTGC,3
AAGGGTCTGACACACTGG,3
ACGATGGATCCGTACGCG,3
TAGCAAGGGGCTGGTGCT,3
AAGGTGACAGGACTTGGG,3
TACTCGGCGCGTACGTTA,3
CGACTGTGGTGTAGTATC,3
AACGGCACACACGATGCT,3
TTATTCTCCTGTCGCTCG,3
ATCCATAGTGGAAGCGGT,3
TGATGAAGCCTCCTTGGT,3
GCAGAAACGCACAGGTGG,3
AACACCGAGTATGTGCTG,3
ACTAGTCATCGACGCGTA,3
ATGGGTGGTCCGCCATTG,3
GGAGTCCATTCGCCAGTG,3
ATCACACTTCCGATCCTT,3
AGGTAGCTGAGTATCAGG,3
ATGCGATAGGTCGACTGT,3
ACACTACCTCCACTCGCG,3
TACGTAAACAGGCTTGCT,3
GGGAGACGTGCGAGCGTA,3
ATTGCGAGCCCAGCCATG,3
GGCGGACGTAGCTTCCAA,3
ATGCATCTGGGCGCTGTA,3
AGCCTGGAAAAGTAGTGT,3
GCCTGGGTAGAGAAGGTG,3
AGGAAGGGACGAGGCGGA,3
AGGCAGTGATCGTTGATT,3
AGGTAGTGAGGACGCGAC,3
AGTAGGAGTATTTCAGTG,3
TATCGAGGTACGGTACTT,3
GAGCCCACGTTAAGACGG,3
TAGGCAGGGCCGCAGAAT,3
AAGGAGCGTCCAACAAGT,3
GGAAAGTCTCACGGCACT,3
TGGAGGCACAGTGGCACG,3
ACGATCGAGCCCCGTCGT,3
TCTGACCGAGCTCCAAGT,3
AATGCCCGTACGTTTCCT,3
AGGTGAGAGCAAACGTGT,3
GGGTAACTGCACTGAGCG,3
GGGTAGAAGTCCAGCGTG,3
GTGCTGCAGTGGCTACCG,3
GATAAACAAAGTGCGGTG,3
CACGGGAGGAAGTATGTG,3
AGGACGGCCCAGTAGGAG,3
GGGGCATACCCACACTAG,3
GCGGCAGAGAATCATGAG,3
ACCAACGAGCTATCGGGT,3
GGGCGGCAAAGGATGACT,3
GGTAGACATCCGTATACT,3
ATGGCAATCAGACTGTAA,3
ATACCCGGCGTTCATTGT,3
AACCGTCGAGGCAAGCAG,3
GGAGTGAAGGACTGGGCA,3
TAGGCTGATGTACGGTTC,3
GGATCCCTATGTTCGGAG,3
GGGCCGTTGAACTTGTAT,3
GAGGATGCAATGACCCGG,3
AGGAACAGTTGAGTGCTG,3
GGCAGACGGCATGTCCCT,3
AGGGCAGGAATTCGGCGG,3
CAGGATCCCGCTACGTGT,3
AGGCCGCAAACTCGATCG,3
TGGCTATTATGTCGACGA,3
GGCCCGAGATATGTGACG,3
TGGAGGCAACATGGCGGC,3
ATAAGCGAGGTATATGTG,3
GGCGGGAACGTACCTCGG,3
AACGGGACAGTGTCAATA,3
ATGTCCAGTGGTCAGCTA,3
GTGGGACGACGGATGGTG,3
GAGCCTATGTGGGTAACG,3
CACGAGCAAGCGTGTACT,3
TGAGGCACTCCGGAGGAG,3
GGACCGTGGAAAGAGTTG,3
GGGATCCGTTCACCTGAG,3
GATCCTGCCTAGTATCGG,3
TTCGCTGCGGTCGATGAG,3
ATGCACGGCTGATGGTAG,3
GACGGCCTTAGACCGGAG,3
GCGGCTCGCTTGGATAGT,3
TCGCACAACTTTACTGTG,3
AGATGGGGACAGAAACCT,3
GGACAGTATTAATGCGGG,3
GGGGAGAATCAAGAGGTA,3
TGGCAGTCGATGAAGGTC,3
GGGTAGAAATGAGTGCGA,3
ACACGTGACCGTTAGGCG,3
GAGGCAGTGTCAGATGAG,3
GGCAACCGTAATCGACGG,3
GGGGTACCATGTCTCCCT,3
ACATGTCCGGGATATGGA,3
ATCAGCCCGTTCAACCTA,3
GGGGGAACAAAGAGTGCG,3
GGGCACGGATCGACGGTA,3
GGTGGTTTTCCTCACAAG,3
TTCGAGTGACCAAGGATG,3
TAGGACTACTATACCGCT,3
TTGTAGAGGCATATGACT,3
GTAGCCAGGACTAAGGCG,3
AGGGCTTAGGGTCCCTGG,3
CATCAAGGGGAGAAGATA,3
GTATTCGGTTATGTTTGA,3
AGGTGTGGTTGTGCGGAG,3
TATCGGGCGTAAGGCGGA,3
GCAGGTAGGAATGGCACG,3
TCGCGAGCGTAACGTGAG,3
GCGCAGTCAAGAACGTGG,3
TACTCCAACGTACAATGG,3
TGGACGCCGGTTAGTGCT,3
CGGAGGAGGATCAACGTG,3
AAAGTGTGGGCTGTAATA,3
GGTCGACTCGAATCCGCG,3
GGTCCGGTAGTCCTATGT,3
CGTGGCTGAGCAGGCAGG,3
ACGCCGTAACACAGTGTG,3
GCGAGCCACACCGTATGC,3
ACGGACGTAGTTCCAGCT,3
GCAACAACAAGACGTCTG,3
ACAGGCCTCTGTCGTGTG,3
GCGGGTACAGAGGCCTAC,3
TGCACTCCAGACTCATCT,3
ATGTCAATTCATGTCGCT,3
TTGCAATCTGGCAGGTCG,3
ACGCTGGGGAACCGAACA,3
GCCGGGTAACTGTGCGCG,3
GTGGCTCACTGCAAACGT,3
GTGGCGTTCATCAAGGTG,3
AGCTAGGGAAAGGTGCTG,3
CGGGGTCTACTCCACGCT,3
CAAGTGGACAAAGCGGCT,3
ATCCCGACGGCCAATCTG,3
AGCAGCAGGAAGTGTGCG,3
TCGCACGATTGTGGGCCG,3
ACTAGATCGACGTTGCCA,3
ATTAGGCTGCTTCATGCT,3
GCATGGGGACCAGAACTG,3
GCTAAGAAGCGTGATTTG,3
TGCGGATAGTGTTGCGTG,3
AAACGGATAGCAGTCCTG,3
AGGTCGTGCAAGTTCTGT,3
ACACATTGCGACGACGCT,3
AGCGATCATGACTGGAGT,3
AGGAAGGGAAGCAGGAGG,3
ACAGTCCTGGCGTAGATG,3
AGGGATAGCGCTCAACGG,3
GGGATCAAGGCAGTTGCT,3
AGCGGAGGCTATCACTGT,3
ATGGATGGTGAACTTGCA,3
GATAGCGTATAACGTGGA,3
GCAGGAGGGAAAGAGTCC,3
ATGCTCAATCAGACAATG,3
TACGAGCGGTCTGTATCT,3
ACAGGCTACTCAGTCGTG,3
ACGAAGGCTGCACGTATG,3
TGCGAAATGGTAGTTGGT,3
ACAGGGTATGTTACTCCG,3
TGCGTAGAACACAGGCAG,3
ACGGCGATCTATGCTGGA,3
AGGGACGAACTGATTCAG,3
CGGTGGGGAGCAGCCTAT,3
ATCCATTTGAGACCTGCG,3
GGGGACGTTATCGTGAGG,3
ACGGTGCAAGCCGGTGTA,3
GTGGACGGAAGGTCCCTT,3
AAAGGTGTCCGGTATAAG,3
AGCATTCGCAGAATACGG,3
GCACCCGCTATCCGACAA,3
GTGGTTGCACGTAACAGT,3
GGCGGGACAATAGGGTTA,3
AGCTGGTGTGAGTAAGCA,3
ACGACTCTATATTGGTGC,3
CAGGTGTTCAGATACGTA,3
AGGCGGAGAGTACGAAGG,3
CTAGACTGGGTACTGCTT,3
AACGGGCTAGGGCTCCTA,3
GTCACTAACTCTGCTCGT,3
CTGGGGACAGCATGGCAT,3
TCTTTCGCCCGTCCGCCT,3
GGCGGGAGATATCAGTCG,3
TGCAGCGTAAATGGTGTG,3
ATGGCACACCATCACGGT,3
CACGGGGTAAGCTACGTC,3
AAAGAGGCCATTTCCCGT,3
GGACGGGCACGAACATGG,3
AGGTATGAGTTGGACCGA,3
ATGGCATGCTAGACGCGG,3
ACAGCGTCGGATCACAGA,3
GGTTAGACCGTTGTGTGA,3
AGGGCTTGTTAAGTAGGT,3
AACACACAGGAATGGAGG,3
AACTTGTCTAAAACGTGG,3
AGGCGAACGTGTATACTA,3
TGGTCAGCACGCCAGTCG,3
AGGGCAATAGCGTGTTCG,3
AGGGGCAGTCCACCGTTA,3
ACGGTAGGCAATGCGGCG,3
CACACGAAGTTCATGTGT,3
GGCACGGCGGCTCTTAAT,3
ATCAAGGCGACGTGTAAG,3
GGTAACCGTTGTCCTTCG,3
GGGGTCATAGATATCCTC,3
GCGGTGTAAGTGTGGATA,3
GAGGCACAAGGGCAACCG,3
TCAGCGCTATCCGTTCAT,3
ACTTGGCAACTTCCGACT,3
AGGGTTCTGACAACAAAG,3
GTGAGTTAGGCCACGCAG,3
AGGAGGCCACAGTACGCG,3
GGCCAGTGACGACCATGT,3
CAGAGGTGATAGAGCGTG,3
ACATCAGGTGGGTCGTGC,3
TGCGACCGGGCGAACTGT,3
AGCGGGTTGAGAGAAGGG,3
ACGGCTTAACACGGGGAT,3
TACAGGACGCCCGGTAGG,3
ACTCGTTTCGTGTCAATG,3
AGGAAGAGTTGGTGTAGG,3
AAGCGGGTACATATTAGG,3
AGAGCCATCTGTATCGGG,3
AAGGTTAGTACATTCGGT,3
TAGACCTTGCAGGCGGCT,3
ATACGGCATGTTTCGGTG,3
CTGGTTGTCGAATCTGCT,3
TGCACCACCTGACGTAGT,3
TATGGGTACGTCCGATCG,3
AGGCCGTGGGCATCTCAT,3
AGTGCGGTAGCATACGTG,3
CAGGGTTGAGCAATACCT,3
AACATATGGGTAGCTGAG,3
AACCAAGTGAACTATGTG,3
ATAGGTCAGGCGCGCTCG,3
TCCGCCGGCAACGGAAGT,3
GAGGGTCCTAAACAGCTG,3
TCACGGCGAGCGATCCTT,3
ACGGCCATGGGCTGCTAT,3
TGCGGCATAGAGTTTTGT,3
GTGCTTACGGAGCTACGT,3
GCAGGCAGCGAAGGTCAT,3
GAGGAGGATTTCCTGACT,3
TCGGTACAGTCAGGTAGA,3
TGATACGATCTTGACGTG,3
GGGACTAAAAGACTGATG,3
AACACTCCACAAGGTGCT,3
ATGGGTAGAATGTAGTAG,3
AAAGGAAGTTGGTAACGA,3
ACGCTGATAGCAGATGTG,3
GGAGCCGGTTAATATTAG,3
ATGCAGACTCGGAGAAGT,3
GTTGGGAATGCCGAGGTG,3
GTGGGACATTAAGCTAAG,3
GCGGCACACGGTACAGCT,3
TTGCGTCAGAACGCGCTG,3
TTTAGAGCCAGCAGCGTG,3
GTACGACGTGTTCCCCTT,3
ACGGGAGAATTGCTCCTG,3
ACGTGCCCACAGTGAGGT,3
ACATGGCTCAGACAGTGA,3
AATAATCAAAACAGCGGT,3
GGAGGAAGGAGGTTGATG,3
TACGAATGGGTGACCAGT,3
ACGGCACATGACGATGCT,3
TACTGGAGAAATACCGGT,3
AGCGGTGTAACCAAGCGG,3
ACGACCGTGGTCCACTCT,3
AGAGGTTAAGTGCTCTCT,3
AGGGACGGCACGCGGCAA,3
ATGACGCGGCAGTAATGG,3
TACCCAGCCGCAGTATGC,3
TCCGACAAACACCTGTGC,3
TGGCTACGAGAGCAGACG,3
ACCCTAATGGACGTTTTA,3
ACCATGGCTAGAGCGTGG,3
GCACGACGGGTCATTAGT,3
GAAGGTTGGTGATCTAGG,3
ACCGAGCAGCGAGAAGTG,3
GGCCCGTGCACACATAAT,3
AGCATGGTGACAACTTGT,3
GCAGGACGAGGAACTGTT,3
GTGGGGAAATCAACTGCG,3
GATCGGCATACACAATCA,3
AACGCGTACCAAGCGGTG,3
ATACAATCCACTGTGTGC,3
GGAGAGGGGCAAGTACGG,3
GGTACACGACCATGTGCG,3
GGAGCACGGAAAGGGCGT,3
AGGGCTATGCACGTGACC,3
GGGCGGACGATTGCATAC,3
GATCGATCTCCAGATGGG,3
GGTGGACTGAAACATTGG,3
AGCCTAGCTTCATGGGTT,3
TTCCGGGCCTTTGAGCAA,3
CTGGGGTATCGACCTACA,3
GTGAGCGGAGATCGGCCT,3
GGGCTAGGTCTTCCGAAG,3
ATACACTCTAAGGTGGGT,3
GGGTATCAGTCCGTCAAT,3
TACCAATGCCCACGTGCG,3
TGCCAGGGGTAAGGACAG,3
AGGGCACGGCAATACACT,3
GGCGGCTACGTAGGCTGA,3
TTGCGCCAGACAGTACTG,3
GCAACAGATGAGTAGGTG,3
TGCCGACATGTGAGTGTG,3
ACGAGAGTCAGGAGTGTG,3
AAGGTAGGCAACACAGGG,3
ACAGCACTAAGGAATGGA,3
GTGTGTCTAACCTTTGAT,3
GACGGAGAGGAGGCTTTA,3
CGACGGTTAAGGGCTGTA,3
TTACGGTGCTTAGGGACT,3
AACTGGTACACCGCTCTG,3
GGCCCGATCTCCGTAGAG,3
GCCGCGGGATGTGCGGTG,3
AGGGCCATCCGGGACCGA,3
GACGTGAAGCTGTCGTAT,3
AAGGGGGACACACGGGAG,3
TATCTAGAGGTCTAGTTG,3
GGGGACTAAGATGTACAA,3
GGGGACATGGCGTGCGTA,3
GCGGCAGCAGTAGACGAT,3
ACGTATGCGCCGATCATG,3
TCGGGTGTGGGTGTCAAG,3
GGACCAGACCGGTATTTG,3
ATGTACTAGACGTGTGAT,3
GCAAGGCACACTTCATTG,3
ACGGCGCTCTTCACTAAC,3
ACGGTGACTAACAGTGCG,3
AAGGCACCTGAGAGTCGT,3
TCGGGAGACTGTTCGTTT,3
GTGCAGGCAGTTAACGGG,3
ATGGGCATCCAACACGTA,3
TACCGATGATCGTCTGTA,3
AGCACGGGTAACGGATGC,3
AGGGCCGAGACATGGCGT,3
GCTCGATAATTGGAGTAT,3
GATCACATCGTCGGCCAA,3
TGCCATCCCGACCCATAG,3
GGTGATGGGATACGGTGA,3
CGGAGGCCCTAATCCTAG,3
GCAAGAGGCGGGCACGTC,3
GCGGTTGGACGATCCACT,3
GGGGAACGAAGGCCACTA,3
AGACGGCTGACGTGATGC,3
AGGGTGATGACGCTGGCT,3
GGGTAGGAGTTGATCGCG,3
GATGGTCCTCTTCGGGCT,3
GTGTGTATAGCTTGGTGT,3
ACACCCTAACTCGGAGCA,3
GCTACCGTGTCACCAGTG,3
GGTAGATAGTGGCTCCAT,3
AGGAAGTCGACGTCCCCT,3
CGACAGCCGGGTAATGCG,3
GGCCCGAGGAGATCCGTT,3
GGGACAGGACAGGTTGAT,3
CGCGGAACGGATATGTGC,3
GGGATGCTTCATGCGGAG,3
ATAGGACGTGTCCCATGG,3
GGGCAGTAGAAGAGTACG,3
CACGAGATCAGTGGCATG,3
ACCGAGGTAGAGACGGCG,3
GGGTGGAAAGCCGAGGCG,3
AGAGCATACTACGCTCGG,3
GGCGAGACTACGATTGGG,3
GGCAGTATGGATCACGTT,3
AGGGAGTAGGTGAAGGTG,3
ACGTACCGTTGCCCTGGT,3
TGTAATGGCATGGACGGG,3
AGAGGACAGGACGTGCTA,3
GGACGTCGAATTGCGGTT,3
GCAGTAACCGCAAGTGCG,3
GACCGGACGATGGTGTAG,3
GGAGGCGTCCCCACATTG,3
GACATAGCTGGTTTTGTG,3
CACGTGTGCTATGTCCTC,3
ACGGAGCACTAGGGAAGA,3
AGGCGTTATGACGGATGG,3
GTCCCTGGTGCTAGTCCA,3
TGGTCTATCCTACGTCCT,3
GCAGGCTGAACAGGTAGA,3
TGGGAGGCGCACGATAGT,3
GGAACAAGCCATAAGACG,3
GGGCGGCAGATTTATGGC,3
ACGCCGGCATGGTCGATG,3
ACTGGATTCCTAGCCGAG,3
TAGAATAGTACCTGTGCT,3
GATACCGTGTTCAGCAGT,3
ACGGCATCGAATGGAGAT,3
TCGCGGTATAGAGGTTCG,3
GGGCAGAAAGACACTTGT,3
GAGCGCATATCGGAATGG,3
ATTCGGGCGAACGGAGCT,3
GCAGCCAGAGACAAGGTG,3
GACGGAATTCATTTGGTC,3
CATGGTAAGACGGCCTCT,3
TGTGCCATCCCTCGTGTT,3
ACGCTATCACGTAACGTG,3
TAGACCTGCAACGTGTTA,3
GGGGACTGTGACGTGCCG,3
AGGAGTAACTGCAGACTG,3
AGCAGACGGACGTGGTAG,3
AGGCGTTAATGCAGCAGT,3
TACGCAACCCACTCGTGA,3
GTACGGGAAGCGGACGTA,3
ACATTGGTGTCTGCCTTG,3
GATGGTAAGCGGACTACG,3
ATGGGACGCCGTACTGCA,3
TGACCTCCTAATGTCGCG,3
GCACAGAGTCATACGGTG,3
GGCGGAACCAGTAGAAGT,3
AGGAGCTACATCGTATGC,3
TGGGAACGGTCACACGCG,3
AGGAGACGTGATAGCTGG,3
AAGATCGAGGAGTCGCAT,3
AGCCGGGAATCGGACCGT,3
ACGGGGAGAAGCACCGGA,3
TAAGCAGGGATGAGCTGA,3
AGGCATGGTTAATACGGG,3
ATCGGAGTACAGCATCGT,3
TTTGCAGGGCTTAGGCTC,3
AGGAGGGTATAGGATCCG,3
GCGGAGGTTAAGATACGT,3
ATCACGTAGTAGCGTCGG,3
AGGCTGGTATACAGTCTG,3
TGGAGCACATGTAATCTG,3
CGGTGCTGTTGCTACGGG,3
AGGGCATGTGTGCGTTGG,3
ACGAACGTTCATCTTGCG,3
ACGCAGTATCCGGCCGAA,3
GAACTGAGTGCCCACGGT,3
GGGGCAGATGAGGTGTGG,3
AGTGCCATCAGTCAGGTA,3
GGGTACACATAGGCAGCT,3
CACGGACATCAACACGTG,3
ACTGGTCAATGACAGCGG,3
TCGACAGCAGGGAAAGTG,3
GGCCATTCTGTAACGTGT,3
TTGGCTACCATCGGACGT,3
GCGGGAAGAAGGAGGCCT,3
TTGTGACAATGGACGTAG,3
ACAGGGCTGGTATGAGTC,3
GGGCCATTCGCTCTACCG,3
ATGGCCGTCAACATGTGG,3
AGCACGGTGTAGCCTATG,3
ACGCAGAAGGTTGTGAAA,3
GGGGCATACGAGTGCTTG,3
GCTCAGGTGCAGATGTCA,3
GGCGAAAGCAGAGGTGTA,3
GGGACACGCATCTCTCTT,3
ACGAGGGCTAGCTGAAAT,3
AAGGCAAGTGACTTGGAC,3
GATCGGATTGCACCAGCG,3
GTGGGCATTCAGTGAGCG,3
CCTGGGTACCACGACGCG,3
GGAGGATATGGGAGCCCG,3
TGACGGACGACCTGTTCA,3
ACAGGACGGTCAACATAG,3
TTACAGAGGCATTGTTCT,3
ATTGGGTATCGCCACGTC,3
AGACCCGTTTACGATTGG,3
ACGGGCCTGAGGTAACTA,3
GCACGGCGGTAGTTGTAG,3
GGGCACACACATACGGCT,3
ACCATGAGGCATGATGTG,3
AACAACACTGATTCGTGG,3
GTATGGTCAGCACCCCGG,3
TGGCTAGTCTTCCCATGT,3
TTGGCAGCATCGTTTCGG,3
ACTGGTCAGATCGAATGG,3
GCAAGCAGAAGGCAACCA,3
ACGGCATCTATATCTGGG,3
ATAGGTGCCAAGCTAGCG,3
ACAGCTACAAGTTGTGTG,3
TGAGGCGGTACTCTTCAT,3
AGTGGGTACGGCATGAGA,3
AGGGAGTTGTGGAAACAT,3
ACGTCGTATCTGATGGCT,3
TGCACAGGCTAGTTGACG,3
ATAAGCACCGTGACGAGA,3
GGGCAGTACAATGTCTAT,3
GTGGCACACTTGGACCAA,3
GAAGCTGAGGTGTGTGTG,3
GACGTAACGGCGGACATT,3
AGGGACACGGGCTCACTT,3
TGGAGACACTGGCATCGT,3
TGGAGGTAGGATCAGCGG,3
AGCGCCTGTTCCTTCGAT,3
GGACAACGTGCGCTTGTA,3
TGGAGCCACATCTTGCAG,3
ACGCCATTGGGTCTGTAG,3
GAACACCAGCGTGTGGCT,3
TCGCGGCGCATGTAATGG,3
AGGAACCGTAGGTGAGTG,3
CGGACAGGGTGTATCGGT,3
GATGTGTGCTGAACTTCG,3
CTGGGTATGGACTGGTAA,3
TCAAGCAGACGTCGAGTA,3
TACGGAGACGACAGTGTC,3
ACAGCACGTGTGTTAATG,3
ACGGAGACAGGTTGACGT,3
GGCATACTCGTGCGTAAA,3
ACTCGGGAATACCAGAGG,3
AGCCAAGCAGTGTGACGG,3
CGAACGCTAGTGACGGTA,3
AAGGAGACTGACGAAGCG,3
GCACAGGGTCTACACTAG,3
TGCGGATTTGACGTGGCG,3
GACGCGGTCGACACATCT,3
TCGGGAGTCACGCTCTGT,3
ACGTGTAGAACGGGCGAT,3
GGGTCAACAAACCTCGGT,3
AAGAGGACCGTGTGGTAG,3
AGTGTGTGTCAATAGCTG,3
AAGCAGTCAGACGGCTGT,3
TTGAGGTAGCATCGCGTG,3
GACACCAGTAGTGCACTT,3
TACGGCCCGGTAACACTT,3
GGGGTACGTTCGATGCCA,3
GCTGATGGGAGGAGCAGA,3
GCAGACATTGGCCGGTGA,3
ACGGTAGACGCGAATTCG,3
AAGAGGTTCGTCTGAAGG,3
TATGATACTCCCGAATGG,3
AGCGGTGTCAGAGAAGTT,3
TACATACAGGTGACTGTT,3
AGTGGGTTCAACACACGT,3
GTAGATCAGACTGCTTCA,3
TATTAGGGAAAGTAAACA,3
AGGGTAGGATGCGCATAT,3
GGACCGGACAGTACGGTG,3
AGGGCCATTTATTCCCGA,3
GATGCACGCAGCGTCTGG,3
ATCGCATGAGACGTCACA,3
GATAAGGTGTGACAGATT,3
AGTCGGACACAAGGTAGG,3
AGTAGTAGCAGACTCTGG,3
TGTGGCGACACGATAGAT,3
ATCGAGGCGCGTCCCCTG,3
TCGGCAGACATCAATGCT,3
TCGGTATGGATATCACAG,3
ACGCGGTCTGACACGTAT,3
ACGGACCCATTGTGCGTG,3
CAGGGATACGAACTTCCG,3
CAAAGGCATGCGGGCAAT,3
GGAGACCGCCGGAGCATG,3
AGGAAGCAATGTGGCCAT,3
TGGCTGAGACGTAGTGCG,3
GGTGACCCACGTACAACG,3
CGCTGGGTCCGAAGCCGT,3
AGAAGACGTGCTCAAGTG,3
GCTTACGGGTGACCAATT,3
GGGCAGTGCCATAGAGCA,3
GTGGCACTTCTTCATCTA,3
AGGGCTAGCCGTACCTGT,3
GGGTAGATTACAGACTTA,3
ACTGTTCTATCCGATATG,3
TAGCAGGTCTCGAGCGAT,3
AGGAGGCATGAGTGTGCG,3
AAGACAACAGACAGCTAG,3
AGGCTGAGTGATGCGTGA,3
AGACGGTCGATCAGTTGG,3
TACCTGCTGACCTGGGAT,3
AAGCGGACCGAAGTGTGT,3
ATTGCTGCGACGGGTGCT,3
AGGTGCAGCCAGAACACG,3
ATACACCCCGGGTGGATG,3
CACGGGAGATCGCAATGG,3
AAGCCGCACAGGTACGGG,3
AGGTTGCAGCATACAGGG,3
AGCACGGGAATCTTTTCT,3
ATAGCGAAATCTCCGTGC,3
AGCCTCGTATCCGCTCCT,3
ATGGGCATTCGAGCGAGG,3
ACCAATACCTAAAGCGTG,3
ACTGACAGTGGCAGTGCG,3
ACGACTGAACACCGCGGG,3
AGGCGAGAAAGAGCTGCT,3
GGGCATTCACGATGGAGG,3
TAGCGACGATATGCTCGG,3
AGAAGGACGACAATGTTG,3
GGGGATATATCATGTAGT,3
GTTGGGTGATCAACGACG,3
AGGGGCTGTACGAAAAGG,3
CGCAGGGGACTAGGTGTA,3
CAGGGAAGAGAAATGTAG,3
GTGGAGGATCAGAGGCCG,3
AGGGACGGTGCGCGGACT,3
GCCCTAAGGAGTACGTGG,3
ACAGGCTAGGGAGGCTGT,3
GCCGAATGGAGGACTCTT,3
ATGCCTGCTGTACGGGAA,3
ACCTTGGGATATGCGTTG,3
GGGAACGTGCCTGATGCG,3
ATGGGACTAACTGCACTG,3
AGGCCGGCATCACGGTAT,3
GGACACGTAACCGGTCGG,3
GGGATAAGAACGTGTCTA,3
GATCGCTCTCAAGTGTCT,3
GCTATCCGTGACTGTATC,3
TGGTCCTATGAATCGTGT,3
TGACGTATGGTCAGGCTT,3
GCGGGAACCACGTTGGAG,3
ATAAGAAGTCCTCTCGCT,3
ACAAGCAGGGCGCAGCAA,3
TGACAGATACTGGCAAGG,3
AAGCAAAGACTCCAAGCT,3
ACTCAGGTAGTGGGTGCT,3
GAGACAGACGCGACTCCT,3
TGTCAGCAGTAGGTCTAG,3
TGGCGAAGACAGCTTATG,3
AGGCAGGTATGGCAACGG,3
GGGATATGCCACATAGTG,3
GGGCAGAGGGAGTCACGA,3
ATGTGGTGCGTCGCGGTC,3
TATTAAGAGACGGGTTTA,3
GTGGGAACGGCCTCGTCG,3
ACAGTGAGCGATGGCCAT,3
TCAATTTAGACTGTGGTG,3
TGGTGACTACAGCGCTGG,3
ATATTGCCCTCGATTGGT,3
AAGGACGAATTGTGTTCT,3
TTGTAAGTGGCCGTAGCA,3
TGATGCATTAGACGGCCT,3
GGCCGAGCCCAAAAGGGT,3
GCGGTGTGTCCTCTTCCT,3
GAGGATGATCTTGACGCT,3
AGCAGGGCAAGGTATGCT,3
AGGGTAAGGAGAGGCTAG,3
AAGGCGTGTAAATTGTTA,3
GTACCGGATGAGACCTAG,3
ATAGACGCGTGATGTTTA,3
TATATGTTGGATTCATGA,3
CAGGCGGTGCACATATCA,3
GTAGCAGTACGAGCCGTT,3
CAGGTATTGCAGGCGGCG,3
TGTGGTCGACATGTCCCT,3
AGGGCCATAAGAGCGTGT,3
ACACACGTACGGGATGCT,3
GTGCGGAATCGCCGTCAT,3
ACCATGCGGTGATGGCCT,3
ATCCCGGTCAGCCAGCGG,3
TAGGGCACGAACTTCTGT,3
ACATTGCGCTAAATTGGT,3
AGGATCCGGATGGGACGA,3
AAGCCTGGGTAACGTCTT,3
GGACCTGGAGGGAAAGCA,3
GGTATCGAGGGCCCTAGT,3
GCGTCACATTGGTCAGGT,3
TGGGCATCTGCTAGGCGT,3
ATAGGTTGCGTGCGGGCC,3
TAGTGTACATGAGATGCG,3
ATGGGCCGGATGATGTAG,3
GGGTAGCCAATTACCGTT,3
AGCAGACGACATTAAACG,3
CGGGCAGTTTGCTGAAGT,3
AGGACCTGTGGTATGGCG,3
GGGCGACATAATCCGAGG,3
TGCAGAGACGCCACTCTC,3
AAGTGACATCATTCAGTA,3
AGTCAAGGGTCTAATCGG,3
GCTGACGATCAGAGCGTG,3
GAGGGAAAGGCTGAATGT,3
GCATAGTGGCTGCATCCT,3
GCGGTTACGACGATCATG,3
AAGGCGACTACGTATGAG,3
ACAGGAACCTTCGTGAAT,3
GTATCACCAGGCACGTGG,3
GGGTAACCTATCCATCAA,3
ACGTGGGCAGCAAGTCGA,3
GCGAGGTCAGAAATGTGG,3
ACCGACAATCGGCATGTG,3
ATGGGCTCATCTCGGCTC,3
GGCTTCGACCGAGATCTG,3
TGTAATGCCGTGACGTAG,3
GGTGTCTATTCGGGCCTT,3
TGGGGCATATACCGCGCT,3
GGAAGGATGGCTTCAGGA,3
GTCAACCAGGTCACGGCT,3
ACTGGGCACTTCCTTCCG,3
TCTCGGGACAGGCAGGCT,3
GGGACGCAAAAGTGTGAC,3
TAGCACTGCTAGGATCGA,3
ATGGGATTCGCGCGTCCA,3
CACACTGGGGAAACGCAT,3
ACAGGGTCAACCGCGGAT,3
ACGCGATCCTTTTAGTGC,3
TGGTGCCAAGACTTTAGT,3
GGTAGGCAGTTGTAGAGG,3
GCGGGGACAGATACTGAG,3
AGGTGCCACTCAGTATCG,3
CAGCGCACTGGGTCACAT,3
TGGCAGCATGACCTTGTG,3
TCCGGGACAAAAGTGCTG,3
ATGGCCGATAAGACATGG,3
GACACGCGAAGGTAGGGA,3
GTGCTCTTTACCTTTTCA,3
GCAGCTCGTCAAGTGCGT,3
GACCGGAAGGGAGGAGAC,3
GAGCGGAGTTTGAAGTCA,3
AGGGGACTACTACCCGTG,3
ATACTGTGTGGTAAGAGT,3
TCAGGATAGGACGTCGCT,3
GCGGTAGACCGACAACAG,3
TACATCGAGAGGATTGTT,3
ATCGCAGGCCAGACATGT,3
ACGCAGTTGGCGTGCTCT,3
TGCCACGGGATGAGTAAG,3
AGGCACATCCCGTGGCGA,3
GAGACGCGAGGTAACGGG,3
ATGTGATCCACAGACGCG,3
TGCGGCTAGTTGCAATTC,3
GCGGCAATGCTGGTAGCT,3
CGATACAACACTCCGTGG,3
ACATGATCGTGCGTATCT,3
GTAGTGGAAGCGCTAATC,3
ATGTGGACAGGACGAATG,3
ATGCAGACTTCCAACATG,3
CAACGGGCGATCTCAAAT,3
ATGGTGTGATCATCTCTG,3
CAGGGCATGAGTGCTGCG,3
AGGGACACAGAGTGCACG,3
ACGACGTCATCCAGGTGG,3
ATGGCTGTCCGCACTCGG,3
GCAAGCGCATGCTCAGTT,3
GAGGGTATACACGCCTAG,3
AGTTGACAATGTCTGGCT,3
ACGCGTTATTAAACGGTG,3
ATGTAGCTGTCCAATGCT,3
GCCTATGGCGGGATCGTT,3
GCGGTAGAGACGGTGTGT,3
AAGGCCCTGTGTGGTGTG,3
GGTACCCATCACTCCCTG,3
ACTGGACTGGCCTGTCGT,3
AGGCCAACGTGATAGGTG,3
GGAAGGTTGAGATGGCAG,3
AAGAAGCACTTGAAGGCG,3
ATCGTAGTGTATGGGACT,3
GGCATTACGCTTGTGCGG,3
GCGAACCTCCCGTGCTCT,3
ACGGGGACAAGCAGAGGG,3
TCGCGGTACACAGGTCGC,3
CGTGGCACCGCTTAAGCG,3
TGCGGATCAATAAAGACG,3
ACGCGACCCACGATGGTG,3
AACTGACGTGCCCATGCG,3
TTGGGAAGGGAGACGCGG,3
ATGCGATCGATCTCGTTT,3
AGTGTCGGCAGTCGTCTA,3
GGACTGGTTAAGACAATG,3
CGGGTAGTACACATGGGA,3
AAGTACAAGCCGCGTTTG,3
AAGTCGCTCAGGATGGCA,3
AGTGGTAGAGTCGTGTCC,3
ACCTGACACACGGGTGGA,3
CACAGGTAAAAGGTAGCG,3
AGGTTAGACGTTCGACCT,3
CATGGCGTCGAACGTGCA,3
CGGGTGGCGCAAATAAGG,3
TGTAGAGCAGCCCAGCGG,3
GGCCGAGGACGATGGTAA,3
GTCGCTCACGGTTCTCAT,3
AGACGGTCATGACAGTTG,3
AGGGCTTACTGTACCTGG,3
ATGTGGTGAACGAAATGA,3
AAAGCGCACCAGACGTAA,3
AGGGAATCGTACAGCTAT,3
GTGTGCCTCCGTGGCGTA,3
ACGAACTGGGTAGTCGAA,3
GACGGGGAATAGAAAGTG,3
GTCTATGCGTACGGGACA,3
GTTGGGATAGATGTAGCT,3
TCACGAGGGAAACATTGT,3
GTAGCGGTCAACAGTCGT,3
ACGCGGCGACTGGCTGTG,3
TGGTAGACGAATTCTTGG,3
GACTCGGATCAGGCTGTA,3
AACGCGGACCAAAGCATG,3
TGCTGCGAATGACGTGTA,3
TGGGTTCGAAGTCTACGT,3
GCAGAAGGAGTAGCGCAT,3
ACACGGGACTGACGTGCT,3
ACGACATCACGGTGGTAG,3
AGCGAGGCCGTTGCAGGT,3
AGCACCCGCCAAATTGCT,3
GGGCAGGCAACCTTGTCT,3
AACGGTCAACGTGTAGCA,3
TAGTGCATGGCTCGATCG,3
GACTGGCCCGGATCACTT,3
ACATGGGACTTTCACTGG,3
CATGCGGCTATCGGATGA,3
TGCGTCGTAGTCACGGAA,3
GTGGCAATCGTAAGGCAC,3
ATGGGCTTCAACTTCTCC,3
GTACCAGCTGTGGGTGAG,3
TGAGACGGCTAACGGTGT,3
GACGGCTGACTGCTGTTA,3
TGAGGTAGACGGCCCTTC,3
ATAGTGCTGGCGACAGAG,3
TTGGGACCCAGACGAGCA,3
CAGGCACTATGACGGGAT,3
ATAGCCCAGTTCACGTGT,3
AGGTGCGGAACGGCTGCT,3
ACGCGGTGAAACGTGTAG,3
GCTGGGCCAACAGGGGAT,3
GAGGTGAGCATGATAGTC,3
AGGCGAGAGATGGTGGTG,3
AGGCGTGGATGCTCTCCT,3
CGGAGGAAGGAGTGCCTG,3
GACAGGCCATAGGGAGGA,3
AAGCGCACGTGTCAGTCT,3
AGCATACCAGACGATGTG,3
GGCCACATAGGGACGGAG,3
ACAGAATGCGGAGGTCTA,3
GGACACGGGTGAACAGCC,3
AATAGAACGACTGTGTGA,3
ATGGAGCAGCATACTCTT,3
AAACGGGACCAGGTGCTG,3
CCAGTGGCATAGACGGCG,3
ACAGGTAATGGTAGTTCA,3
TGAGCGGAGCGCCTGTCT,3
TGGGCCAAATATGCGGAG,3
GGAGAGTGACTTCTTGTG,3
GCAACGTAGCCATTGTGG,3
TCCTACTGGGACTCGCGA,3
GGGTAACAAGGTTATGGG,3
GGCAGTTAGGAGCATGTG,3
AGGAAAGCGGATTAGCGG,3
AACGTAGTAATCGTGATG,3
GTTGAGCCTAATGTCGCG,3
AGGGGATAGAAGCAGCTG,3
ATCAGGATATGCGGACCT,3
AGGCTGACCCACGCCGTG,3
ACGTACAGACATGATTTG,3
AAGGCGGTAAAGGCACGT,3
AACGCAGCTGTCATCGAG,3
ACGGTGTACAACATCGTG,3
GGGGTTGATGAGACGAGG,3
AAGCATGAGCAGGGTAGA,3
GCGAGGTGTCCTAAGTAG,3
AACCAGGCGGGAGATGAG,3
AGCACGAGGGAACTTATG,3
ATCAGGTTGGTCACATCG,3
GACACTATCCATCCCGAT,3
TGCTAGAGCGGGCAGAAA,3
AGCGTGTGGATGCTTGTC,3
GCGGAGTGAGACGAGGCA,3
GTGGCAAAGGCCATGTAG,3
ACGTCGGATCAATATGAG,3
AAACACGCCTTCCGCTCC,3
ACCATCAGGTTGGGCTGT,3
AACCGGTCGCAGGAGAAG,3
TACGGTACGATGGTGCCA,3
CTCTGGGTCATTCAGGCG,3
TGCGGGTACAGTGTACGA,3
TGGATGCCCAGTCCGTGG,3
TGACGCATGCAATAGGTT,3
GCACCGCTCATGTGGGCT,3
GCCGGCGAAGAAGGGTTA,3
ACGGCATGATGTTCGAAG,3
GAACCACGGTGTAGCGTT,3
ATAGAGGAGCACTGGCGT,3
ACTATGTCGGAGGACGCA,3
AGGCGTGCAAGCAATGTT,3
ACAGGAGAAGACGGCATC,3
AGGCGAATACCGAGTGTA,3
TGGAGGTACAAACGGTAT,3
GGCTCGAACGTAAATACT,3
GGGACTGACTTAGTGACT,3
GGCTGTTCCTTGGTGCTA,3
GAGTGGACTGCAGCCGTG,3
GCTGGGACACTCATATGG,3
CAGGAACTAGTGTGCACT,3
GGACGGTATCTGTGCACA,3
AGAGGCAGTGAAGCGTCT,3
CGTGGGACTGAGTACGCT,3
AGGAGCCTCCCTACGTGA,3
GCCGGATACCGATGTGTA,3
TGGCCCAGTCGGAGTACT,3
TATATCACCAGGTGCGTG,3
GGGGACGTAGGTATGCTG,3
GTAGTAGGTGACTATTTT,3
ACGTGGCCAGAAATGGTC,3
GGCATACTCTTACCGGAC,3
ACATACCATGCAGGTGCG,3
GTGGTAGTGTTAGCGTTT,3
AGGAACAGCACGACTCTT,3
TCGCCGGAGGACGATCAT,3
AAGGTGTGATGCGTCGAG,3
AGGGCCACGTTAAGGGTA,3
GCCGAAAGCGGCATTGCG,3
CAACGGGATCCTAATCGG,3
ACTATCGAACAGTTAGTG,3
GCGGCGGACGCGGCTATT,3
ATGGGAACGGGAGACGGC,3
GACACAGCTGCGTAGTGC,3
GTGGGCAGAGAGCAACGT,3
ACAGGTCTCCGCAGTGTT,3
AAGCAATAGGTAGCAGGT,3
AAGACAGCGGTATGCGTA,3
ATCAACGACCTGTCCGCT,3
CGAGGGGAAAGAAGGCCG,3
ATGACCGAGTTTGCTGCG,3
GCGAGGCGAAGCGTATGC,3
GAGGCATGTGACGCGATA,3
GAAGGCCCATCATGGTCG,3
ACAGATCGCGCCTTCGAT,3
GAGGTGATTCGACTACGT,3
GGGCGCTTGATCCGAAGG,3
GGCGTGCAAAAGGTGATA,3
CTAGGGATAGAGCGCAGT,3
AAGCAGGGTGCAGACAGG,3
GATACATCTCATGTTGCT,3
GATGTGTCACAAGCGGCT,3
ACGAAGAGAGGGACCGCG,3
GGGAGGAAGCTGCGGTAG,3
AAATCAGAGGTCGCGGGG,3
AACAGCGCCCTTGGTGAT,3
AATCACATGGATGGCTTT,3
ATGGTGGTAGAGTATACT,3
GAGCAGGGAGATGTTTGA,3
GGGGACAAGACATTCGGC,3
AGGGAATGTTACGGGACG,3
AAGGGCTCAATTAACAGT,3
AAGCAGGAACCTGATGTG,3
GCTCATTCGTCAACTGGT,3
AGTGGAATTGTTACACGG,3
AGGTAAATGACACTGGCG,3
AGAATGTGGTAGATGTCG,3
AACGGTGATCGACAGCGC,3
ACCTGGGCGGAAGTTGCT,3
ACCAAGTGGTATCCGGAG,3
AGTGGCGCTTAGATTTAA,3
TGGTAATGGCCTGGCTAG,3
ACTCGAAGGGAATAAGCG,3
AACGGTTCGATTTTCGCT,3
ATGATTATCAGGGCAGGT,3
AAGGTCCGTTTAACTTGG,3
CTCGCTGGCTGGCTGATT,3
AGGCAGTGAGGAGGCTGG,3
ACGGGACCATGGCGTGTA,3
ACTGGGCTAAGCAGGTTG,3
GGGGCTTCGAAGCTCGTC,3
CGGGCAGGTTGTGCTATG,3
GTGAAGGCCACTGAAGCG,3
GACGGAACGTATGCTTCT,3
GCTTCAGGACGACGCGTA,3
AGGGACGCACGTGACAGA,3
ATGATGCTCTATCCTCGC,3
CATTGGGGCTCCAATGCT,3
ACTGACATAGGAGGTGCG,3
ATGTCCAGCCGAGTTCGA,3
AACAGGAGTCAAGGAGTG,3
GAGGTATGTTGACGTTTA,3
GTGGGGATCAAGACGATT,3
AAGCGGAAGTAGGCTACG,3
TGATAGATCCGTGTGCCC,3
CAGGGCATGAATCACCGT,3
AGGTGGACAGTGCATCCG,3
GGCGAGGATGTGACGTGC,3
GGGGCATCAAGGCTACCG,3
TATCGGCACGGGTTAATC,3
CGCATGGTGGGAGTGCTG,3
AGACAGGTGGAGCCTAAT,3
AGAGTGTATACTTGCGCT,3
AGGCAGTTACTTGTCGCT,3
TGCGGCGTTGTGCACATT,3
GCGGAAGACGGGAGCCGT,3
GTGTGGATGCATGATTGG,3
CTGGGTACAGGGAACGCT,3
AGCTGACTGATGTCGCGG,3
ACACGGTTGCATCTTGGG,3
GCATCACTCTACGATGTG,3
GCAGACTGTATCGCGTGC,3
AACGGAACAATGCCGGTG,3
TCCTATGAGTGTGTCAGG,3
ACAGAGGACGGCAGTTGT,3
TTGACCTGTGTTGCGTGT,3
AGCATGTCAAGATGTCGG,3
GGGCCTGAGGAGTAGGTG,3
GCACAGTCGTGTCTTGGA,3
CAACGGATATCGCGTCAT,3
ACCACAACGGACACCGTG,3
ACGGATCTGACTGTCTGG,3
GGGCACATCCGTATGGGT,3
AGCCCTGATTCGACGTGC,3
GGGGGAGATAGAGACGTG,3
AATGACGGGCTGACGACG,3
ATGGGAAGAGAACGCTCA,3
AGGTGATGGATCGCAGGG,3
GGCATGCCCGGCAATGTG,3
TGGCTATATGTCGCACGG,3
AGGAAGGTCACTGACTAG,3
GGACGCCTAAGTTGTGCA,3
ACCGGGCGAGCCATTGAT,3
ATGGCGATCAGCCGATGC,3
TGACGGGCTTTGTAACCG,3
GGCGGAGACGATACGGGA,3
ACGCTCAGGCAATCGGCG,3
TGCGGTAAAATCCCTTGG,3
GCAGTGCTAGTCCGATCT,3
ACTGGTCCCCGTGTTCTC,3
ATAGGCTGGGTATCACGT,3
ACGTGTGTAGGGACGCCT,3
GCCGCAGGATTTACGGGT,3
ATGACGGTAAGGCATTGG,3
GCTGCACGCAGGGAAACG,3
GGGCAGCCCATGAGTACA,3
GAAGCGCAATAGGTGTAG,3
GCGACAGCATGACACGTG,3
AGGGTGCGGGAGCAACGT,3
ACGTAACGGCCAGGTGCA,3
GGGACAATCTTCTACGTT,3
GCGGCCTACAGTGGCAAG,3
GGAGGAGGTGGAGGCGCT,3
GGGAGTAGGCCTGTGAGA,3
ACAGACTGCAGAAAGACG,3
TTGATAAGATCAAAGAGG,3
ATGGCACTCGCACGGATA,3
GCAGATGGCATTACATGT,3
ACGTGCGTAGAGAAGCCG,3
GCAGAGGCGATACTACGT,3
AGCGCTGGGAGGTCCGTA,3
TGTACATAGTCGAGCGCA,3
GTGAACTCGGGATAACGT,3
GGCAAGGGACAATGGTCA,3
ATTGGGCGACACTGAAGA,3
AATTGAGTTAGGCAATGG,3
GCGGAAGTCGACGCGTGG,3
AGGCTGTCAATGCATGGA,3
CTCGTGGGTTCAATGTTG,3
GGGGTACGCGGTGCGACT,3
AGGTGATACTGGACTCTA,3
TGCAGGTATAGCGCTCCG,3
GTGGTGCACACGAGGAAA,3
GGGGCGAAAATCGTAATC,3
TCGGAGTGCTGAGCGGTG,3
AGCCTCTCTTGACGTGCG,3
ACCGGGCCGAACGTGTAA,3
GGCAGCAGGAAGGGATCT,3
AGATACGTCTGGCCTGAG,3
TGTACGGCTTGAGGCGTG,3
GTGTAGGTAATCCATGGA,3
AGGAGCAGGGATTGACGG,3
GACGTAGGCCACGATTCG,3
AAGCAGAGCTTGGCAGAT,3
AGCGGGCAGTTTCCACGT,3
GACAGGTTGATCAATGCG,3
ATGCGGTCACGACAGACT,3
TGTATGGGAATGCTCGGC,3
GCCGGGCCGGAGAGCTTT,3
TGCATCCCGTGGAATCGG,3
AGGGCAGTATGCAGACCA,3
GGACGGGAAGAGTGTATG,3
GGGTCTCAGTTTAGGGCG,3
CGTGGGAATAAGCGGAGG,3
GTAGGAGGAGAGCACATA,3
TTTGGTGCCTGTGCAGTT,3
GGCGGGGATACTCGCCCT,3
TCTAGGTGGAATCATACT,3
AGCGGACTTGGCATTGCG,3
GGCGGCAGAGACGGCATG,3
CTACGCGTAGGATGCGTG,3
AGGACATAAGAGGAGCGG,3
ACGTAGCTATACGTTGCT,3
CGCATTACCGGGTGTCGT,3
ATCGCTAACGTGTGTAGG,3
TGGCACGAAGGAAGGCGT,3
GGGGAAGAACCGTACGAG,3
GACGACGCGTGCTATGTC,3
ATGAGGACGGTACTTCGG,3
ACGTAGTGCTTGACCGAT,3
GCCATACGATCGAATAGG,3
GCCGTTCAACAAGGGATG,3
GCGGGTCCAAAATCTCAG,3
TATCGTTGCTGAGCTCTA,3
ACGCCACAATTACGGTCG,3
CTTAAGGTTTAAGGTGTG,3
AACTAATATGACTGCGTT,3
GCAGCGGTATTGGAGTGG,3
GAGGGTATGCCTTCTGGT,3
ACAGGAGTAGCCTAGTTG,3
TAAGTAGCCTTAGGTTCT,3
CTGACACTTCATGTCGCT,3
AGCGGGAACCGGATCGTG,3
AGGCAGAAGACGGACCAC,3
GGGCGTCAACGTACGAGA,3
GGGCTTGAGTACACGTGC,3
TGAACGGCTGAACAGGTG,3
GGGCATCATCAGGGCGCG,3
GCTATTACCGCATGCTCT,3
CAGGGAACTGAGGGACGG,3
GGTCAATCGGCGACTAGT,3
AACCACCCATTCCGCTAC,3
ACGTGTGCCAATTCGACC,3
GAAGGCCCGGATAGACGT,3
GAATGTCTATCCCTAATG,3
GGGCGGTGACACACATAT,3
GACAAGTGCTCTGATCTG,3
AGGTAGTGTGTACTAATG,3
ATGACTTGTGACATGCTG,3
GCTGGCAATCATTTGTGG,3
ACGAGCTGAGTATGTGGA,3
AGGGAGGGTAGAAGGACC,3
TGCGGAACTGTATCGGAG,3
ATGGCATACGTCACTGGA,3
CGAGTGGCGAGACGTATG,3
AGGAGGTGGCTCGACAGT,3
GGAGTGGCTGATAAGCGT,3
AGGAGAGGTACTTTGTCG,3
GTTGTCGAAGGGCGCGGA,3
CTCGTCGGGACACTATTG,3
ACGACGTCAGAGTGCTTA,3
ACAGAGGTATGTGGAGTT,3
GAGGCAGAAGATGTGAGG,3
GGCGTACAAGGCGTGAGG,3
TGGCGGATCGCAGGACGG,3
CCGGCACGCGTGGGTAAG,3
ATACCGGCAGCCTACCGG,3
GATTAGGTCCATACGTGG,3
ACGACAAGTTGGGCAGTT,3
ACGGTGCGCTTAGGGTGC,3
TCCTAACCGACCTCACGT,3
GATGCGAACAACCAATGG,3
TGTACACAGTCGCCACGG,3
GTGTCGTAAGATATGTGC,3
TCCCAATTGGACTATGTG,3
GGGGCATGACAAACGGCT,3
GTGACATCCTATGGCGCA,3
AGGTGGTTCGATCCTGCT,3
TCGAGGCGATCCTGCTGG,3
CAGGCGGCGTCCACGATA,3
ATGGGGAAAGCTGCACCT,3
ACGTGTAATGTGGTTTCA,3
TACCTCCATGACGTGTCA,3
AGCACTGATCTTGATCAG,3
TGTGTGTGAGTGTAGCCT,3
AATGGTCCAGTCGAGCCG,3
CTCGTAGGGAAACGGTGT,3
GAACTGACCTTAATTGTG,3
GGAGGACTGGGAGAGAGT,3
CATCGGGATATTGTGTGT,3
ACGGCATTGGACATGAGA,3
GTTTAGGGGACCCCATGA,3
GCGTCAGACAAGAAGGTG,3
AGTGACGGTGCAAGAGGA,3
ACGGACCATGGCCATACG,3
GCACCAGGCCTAATGGGA,3
TGTAGCCCATAGTGGAGG,3
GAGAGGTGAAACTGAGCT,3
GGCATTCGAGGCCATATG,3
AGGCTAGTTTCCGATGAC,3
TCGTAGTGTACCGGGCGG,3
AGCCTATGCCATCGTATG,3
TGGCGAGAGAGCTGCTGT,3
AGCCAAGTACTTGGTGCG,3
AGCAGTCCCAGCCTTGCG,3
AGCGAACCCCTGAGGGAT,3
AGCGACTACGGAACGTGC,3
CAGGTGGTGTCCACGATG,3
ACAACTTCGCATCCTGTG,3
AGCCATCGTCATGCGTGT,3
GTGGGAAGCTCGGCAATA,3
AAGGTTCCACTGGTTAGG,3
GCCGAGAGGTGCAATCTG,3
TCGCGTGAGGATACTTGT,3
CGCGGTGTCAACGCTGTT,3
TGCATGTACCGGGATGTA,3
TTCATCAGCTCACTCGTG,3
GCCGAAGCCATTAACGTG,3
GTGCGATGAATAGAGCTG,3
AGGTGTTGAGGAGTGTGT,3
ACGGTGGATGAGACTGAT,3
CAGTGGTAAATCGGACAG,3
TTCCGATAGTATTCGGGG,3
GCGGAGTAACTAAGCGTG,3
ACAGCCTGACCATGAGTG,3
GGGCCAAGAGCAGACGCG,3
GGGTACGAAGGCGCGAAT,3
GTACTGACTCAGTACGTG,3
TAGGCGTAGATAGGTCGA,3
TCGGGAGGATGGTCGCCG,3
GGTGCGTATACGTCGCGT,3
TCACGTGCTAGTAAGGTG,3
GGATTGGGTGATAAGTCC,3
GTGTGCCACTGTACACGA,3
TGCGATGATTCACGGGTA,3
ACGGGCAATGTGTAGCAC,3
AGTAGTAAGACCGCGCTG,3
ACGGTGTGTAATATGTCG,3
ACAACACACGTAGCTCGT,3
AAGCCGATGTCGTTTCTA,3
ATGGATCCTGGTGCACTA,3
ATGGGCGATCATACTGCA,3
GGGACACAAAGACTAAAG,3
TTAACACGGTGGTTGCGT,3
CCATAAAGCAGTGCCTGT,3
AGCATCAGATGGTCAGAG,3
GCGGTGCGTAACAGATTC,3
GCCAACGGGGCATGATGT,3
ACAGGGGCTACGCTGCAA,3
TCTAAGCTGGGATGGTTA,3
AGATGGCACTTGGCGCGT,3
AGTAGAGTGATGCCGGCG,3
GCTCGAATGGCAATGTAT,3
GCGGTGTTCCATGGATAT,3
TCATGGTTCGCTCTTACG,3
ATCACCTACACACTTCCT,3
ACGAGGTCTGTACGTTCG,3
GGAAGGAGATTTCTAGAT,3
GGTAGGTAGCAGATGTCG,3
TGGGTCCACATCTCGCTG,3
ACGGCATGGACAGGATTG,3
AGGGCAGAATCTTAGACG,3
GACGAGGTTATGGACGTG,3
TACGGTGAACAGCATACT,3
ATCGCGACACTGTGTTCT,3
AACTTGGAGACGTCTGGC,3
AGGGTCAGGCTTACAAGT,3
GGGACGGGATCGGGAGTA,3
TCGCCCGAATTCCGCTGT,3
AGACATAGTCGCGTAAGG,3
TGCGGAATTGGACGGGAT,3
GGGCAGTACCAGTGTCTT,3
CGGGGCAGAGACTACCGT,3
CGACACTAGCAGTCGACG,3
GACACTAATCCGCCATAG,3
GGAGGACAGGTACGTGCT,3
CTTGCGTCCTAGGAGCTG,3
TCAGGGTAGGATGCAGTG,3
ACACGAGGGCGCTGTGCT,3
GGCGTGTACAGAAGTCGT,3
TCCATGGCTCGGCCTGAA,3
ATGGCACGAGAGGAAAGT,3
ACGCCGACTACTTTAGTG,3
TAGCTGGCATATCGGTAG,3
GACGGTGCATAATGATCG,3
TGGCGTAACGTTAAATGG,3
GTGGTACTTATACCTATG,3
GCGGGATAGGGATGTGGA,3
GAGGGTACACCTTGCACA,3
AGGGAAGTGTGCCCGGGC,3
TATGCGGGCCAAGGGCGT,3
TTACGAATGCCATATGCG,3
ACAGGGTCGAAGCGTGAT,3
AGGCCAGTTCCAGGCAGT,3
AAACGAACGCAGGGCGTG,3
ATGGCTACTAATGCGTCT,3
TACGCTAGAGACGGTCTG,3
AACAGGGTGACCGTCCTG,3
AGGCAGTGACCGATGTAC,3
ACGCGCAGAAGGCGGACA,3
TCATGGAACAGGCGCGGC,3
GCAAAGACGGTGCTGCAC,3
GTCCCTCTCATTAGGGTG,3
TGGTTGCACGAGTAGTGT,3
AGGCCATGCAGTCATGCT,3
CTTGGGATGGACGACTTA,3
AACCTTATGCTCTCCCAT,3
TCATGTAGCTCCTCTTGC,3
GGCGGCGTTTGACTGTAC,3
ACCAGTACTGGAAGACGT,3
ATGCCGAGACGGTGCCCT,3
GGCCCTAGCCATAGATAG,3
ACGAGCAGTTCAAGACGG,3
ACGGGGAGCTAGTCGCCA,3
GCAGCGGGCTTCACAGTT,3
AGGGAAGGACGTCGCGCG,3
TAATGTGTGGAGTCTTCT,3
GGGCGTACGGCACAGAAT,3
ACACCAACGCTATTGTGC,3
GCAGCCTGGTCCCGTGAT,3
AGACGCTTGCACTCTTTG,3
ATAAGACGACGTACTGCA,3
GGCCCGCTTAGTTCTGCT,3
TCTGCAGGTACCGCTATG,3
GCGGCGATGACATAGGTG,3
GGAAGCGGGTCTCAAGTA,3
GGGAAAGACACTTCATGG,3
TTATACTGTGACGTGGTG,3
GGATAATCCGTCGTGGAA,3
GGGATGTGCGCAAATAGA,3
GAGTGTGGAGCGAAAGTA,3
GCTGGGGCATTGATGTCC,3
AAGGGGCCAATGCAGGTT,3
GGTGTAGACATGCAGCGG,3
AGGACGGGCAACTTCACA,3
ATAGCTAGTGGGACGTAG,3
GCGGAGTAAGGGATGCGC,3
CGAGGGAAAACGTCATTG,3
ACCGAGTATGCCAATGGA,3
AGAGCGTGAGACCATTGT,3
TAGCTAAGCCCTGTTGCG,3
ATAGTGTAGTAGTCATTG,3
GGAGCCGCCGTAATTGAG,3
GTGTGCGATTAATACCCT,3
ACGGCTTCAAGACTGCTG,3
GTGGCTTGGCTCGTTCGT,3
ACGTGGCGTCAGACCGGA,3
AGGCTGGGCGATCCAATA,3
CGTTCGGGCATAACGTCA,3
ATGCGGACCAGGTGCGTT,3
ACGGGTGCAAAGAGGACG,3
GGCAGTCCTCGAATTGCA,3
CGGGTGGACGCTTCGGAA,3
TGTCGGGTAGAAGTCGCG,3
TTCGGCGCTATCACTAAT,3
ACCGGGGATCACGCGCTA,3
ACGCAGAAGAAGCCTGAG,3
AGGCATGGATACGCTGTG,3
AGGAGTGAACATACGCCG,3
GGCATCGAAGGCATTAGT,3
GCAGTGCGAGATTGCAAA,3
GTGCGCTTAATACCGGTT,3
GGGTGACCTAACAATGCT,3
TGATGGGTTCCGATATTA,3
GGGTAGCATTTATGTCTT,3
ATTACAGGCTCCCGTCGA,3
GGGGTAAGGTGACATTGC,3
GCTAGTTGAGACTTGGTG,3
ACGTACTTGGACGTCGGT,3
AACATGACGTAAACGGCG,3
TGACGGTGGATACTATCC,3
ACTAGGAGTGTGCGAACG,3
GGTAGCCTCAGATGTTAG,3
AGTGACCTTTTGCAGCAT,3
GGTTGGCATTGGGATCCT,3
AGGCCTGATGCGACGCCG,3
GCAGGGCAGGTCGCGAAG,3
CCGGTGGTATCCGAAGTG,3
ATCGCCATGGCTGAAGTG,3
GGCAGTGTAGTGTAGCCG,3
GCGGAGTTGAAGACGTGT,3
ATACGGGTACGCGAGGAT,3
TAGTGTCTGACGCGTACA,3
ATAGGAGATTGGTTGTAT,3
AGTGGGAAAGGACGCGAT,3
TTGGTGCCAGTTCCGTCG,3
AAGCACAGTTCGACTAAT,3
GTGCGCACGGTGTAGGCA,3
ATGTGTACGGTGACGGCC,3
ATCAAGGCGCAGTGTGCT,3
GGGGCATTGCAACAGGTT,3
GTATGTGCACTACGGCAT,3
ACGGCATGAACCGTCGGA,3
AGACCAACGCTAATTCCG,3
GCGGCAGGTACGGATCGG,3
TAGGGCTTACTCATGTCG,3
AGGCCCAGTGGTGCTCTG,3
TCTACAGTCTCGCGTGTG,3
TGGTCCAGGATGTGGATG,3
GAGGCGACTAATCAACGG,3
AGAGGTAGCATGGCCTGG,3
CATACGGATACGGCGGCT,3
GCTGTATCTATGGCGTGG,3
AAATCCCGGTCCGTTGTG,3
GCGCAGACGTAATTGATG,3
ACGGGATGGCAAGTGCGA,3
TACGCTAACTAGCATGGG,3
AATATATCTAATCGGGCA,3
GCACAAGGCTACGACGTG,3
GTATGCCCAGACGCGTTA,3
GTGAGCAGACGATACGGA,3
ACACCCTACGATAATGGC,3
CACGATGTCGCTGCGTTG,3
GCTAGCCCCGTCTAGGAC,3
CACGTAGGGATCTCTTAA,3
ACTGAGTCTACCCTAGTG,3
ACTAGTCCCGCCGTATGC,3
AGGCAGAAGTTCAGCGGG,3
AAGCGTAGACGACTGGCA,3
GCTCAGCACACAATGTCG,3
AAGTTGCCCAGACGACGG,3
ACGGACCTCCCATCGGTA,3
AATGTGGCGGTCTTCGCT,3
AGGGATACATTGTGACCG,3
AGCGGCATTCAGTAGGCT,3
GTGCGTACACTACACGTG,3
TGTACTGGACGGCTATGT,3
TCAGGCATGGTTCGCGCA,3
ACCCAACTTCGCTCGGTG,3
ACGCACGTAACGCTCGGC,3
GGGTATGAAGAGCGTACG,3
AGGATATCGCATGTGCTG,3
ATCAGGATGGGTACTATG,3
ACATGCTACATCTCGTGT,3
GGCACACTGGTGACGTCT,3
ACCGGAGAGCAACAGTGT,3
TACACGGTGGACCGCTCT,3
AGAACACACGAGGCCTGG,3
AGGGCACTGACGGGACTG,3
GGGCACAGATGAGATCTG,3
AGGTAATCCCTTTAACGG,3
CGTAGTCGAGATACGGAG,3
GGGCGAACGCATGGTCTG,3
GGTCAGACGATTATGTTC,3
TTGGGAGTACACCTTATG,3
AACGGTAGCTCGACGAGT,3
CGGGGGCGCAAACAGAAT,3
GCAACTGTGCATTTAGTG,3
GCGGGTGATGACGAGGTT,3
ACACACTGCTGTGCCTGG,3
TTGCACCCGGAGAGACTT,3
GAGGTAGCCTACTCGATG,3
GGCGAGACCGGGACAGGG,3
ACACCAGAAGGCGGCACA,3
ACCGTGTGGGCAGCCTTA,3
GACGGGAGTCGTCTATAA,3
ACACAGACTGCGCTAGCT,3
GCTGGGTTGACTTCAGTG,3
GTAATTGCAACTGGTCGT,3
TAGGCAATCCCCTAGCGG,3
AGGTGACCTTGACTGCTG,3
TGCAGGGTCAGTCGTGCT,3
GAGGTAACGAAGGCACGG,3
AACGGGCATATTGGTGCA,3
AGCGATATTGCGCCGAAG,3
ACGGGTCATTCTGCGCTC,3
AGGTCCAATGTGGGCCGA,3
ACTGGGTGCTACGGTGAA,3
ACGGGTACGTTCGCTCAT,3
GCAACAGAAGGGCGATGG,3
AGCGGTCGACGTGCGTGT,3
AATGGGTAACGGGATCTG,3
TAGGCAATCGACCGCATT,3
AATGCCGTGTACAATGTG,3
AGGGAAGCGACTGTCCAA,3
AGGGCCTTAGTACCAGCT,3
ATGGCGGCACAACACCTT,3
AGGCAGAGTGGAGGTGAC,3
TGGCGTGTCTCACTAAGA,3
ACACGGTAGGATGTGCTA,3
ATGGTAGCGCCAGAGAGG,3
AGCAGGAGACGCCTTTCG,3
GGGTGGTTCTGGCATATG,3
TTACCGGGTATCGAGGGT,3
TGCGAGTTGACGAGCGGT,3
AGGGGCACCCGGGACTAC,3
AAGGTCAACATATGTGTA,3
GAGTGATAAAAGTGCGCT,3
GTAGCCAAATCTCCGTGT,3
TGACGACGAGTGCGCGGA,3
ACGCGGGATACTGGTACT,3
GTGTGAGGTGCAATGTCA,3
GTGTGGAGAGTGTAACAG,3
ACAGGTGGAAGCCTGCTG,3
ACAGGCGCTAGATTCATG,3
GGCAAGCAGATGACAGTG,3
ATCATACTGTGTGTGTAC,3
AGCAGAGTGATACGGCTT,3
ATACGGGATGTACGTAAG,3
GCAGACAAGCAGGTAGAG,3
ACGGCATACATCAGGAGT,3
GGCGGTTTACAGACTAGC,3
ACTGGGAATGACCAGATG,3
GGTTGCCAGATATGAGCT,3
CGGATGTCGAACGTGTGG,3
AAGCAGGAGTACGGCTGA,3
ACAAGACGTGTCTACAGC,3
GGCATAAAGGACTTGGTA,3
GCATAGCGTTCGATATCT,3
ACTCGTTGGTGACTTCGG,3
GGGGGGGAACCAGCCGCA,3
TACACGGGCATGACGTGG,3
AACAACACTGTGCATGGG,3
ACGTGAAGTCATAACGTG,3
CTGGGGAGACGCAACGCA,3
GGTCCAGGTCGATCCATG,3
AACGTCCATGACCGCTCT,3
ACAATGCACATTGCGGCT,3
CGGGACGACGATCCACTG,3
AGTACCATGCTCTGTGCT,3
GTGGCTGGCCAACGATGT,3
CACGAAGGGAGAGTGCTA,3
GACGAGTCACTGGTCAAG,3
AGGTACTTGGCCCTAACG,3
ACTCAGTCCGCATGGAGC,3
GGTAGGCGATGGCTCCAG,3
ACGGGCTAATCCGCGGTT,3
AGCAGGTCTACACGGCGT,3
AAGTACCGGGTGACGACG,3
ACACAGATGGCGTCTGAG,3
GTAGTATAGCGACAGGCG,3
GGGCACTGGATCATAACT,3
ATGCGGTAGGACCTGGTG,3
CAAGGAGAGATATGGCTG,3
CAGGAGGCAGCATCTCGT,3
AACTCCCTAAGACTCGCG,3
GCGGGATCGTACCTTGGT,3
AGGCAGTATGTTGCTCCT,3
GCACGGCGACTAGCAGTA,3
AACTCCCTGCATTACGCT,3
ACCGACCTTATGCGCTGC,3
TGGGGAGCCGGACTGTAT,3
GTAGGGCAATCCGACCTG,3
AGGGCGGTACGAACGTGT,3
TGAGGACGTCAGGGTGTG,3
ACGTGGACTGCAGGTTGG,3
ACATCATGCATCGTGTAG,3
ATCGGACTTACGTTCTGA,3
TAGCGGGGACCTCTGTCA,3
AGCGCTGCAGTTCGTCGT,3
AACCGGTTAGCTGGGATG,3
ATTCCATCGATGGCGGCT,3
ATGGGAACAGCAATGCCT,3
ACATAGAGGCTGGTGCGC,3
AGCGGGCACATGGTTTAG,3
AACCACCATACGCTTGCT,3
GCATCGCTTATAACAGTG,3
CGGTGGGAAATCCGCCTG,3
GTGGGATACGGCTGATTC,3
AGGGCCATAGTAGCGAGT,3
GGAGTACACGTGACAGGG,3
AAGGAGGCAGACGTTCCC,3
ACTCGTGTTGTGATCCGT,3
ACGAGGAGACATGTACTG,3
TGGAGAGCACGGTGTTTG,3
TCTGGGCCGATGTAGACG,3
AGCGTAATGTACACGTCG,3
GCGACTCGACTGCCGTGG,3
GCCTGAGCATTACGGAGG,3
TGCGCTGCTCTCTACGTG,3
GAGGCGTGTACTGATGCT,3
GCACGCGGTGATATGAGT,3
TTGGTGTTCGCAGTGTCG,3
AGGACGGTCAATGCATAG,3
AGGGCGTGATCTAGGAGT,3
GGACGGCATAACGATGCG,3
TGGGAATACATGGTGTCC,3
AAGCAGAAGACGCCGATT,3
ACCAGCAGTTCTAGCCGG,3
GATTGCCCCATAACCCGT,3
GGAAGGCGTACCACGGAT,3
GGAGCCAGCTTATCGAGT,3
GATACTGGTCCAGCGTTG,3
ACGAGGGATCGACATGCG,3
GGCACACTCCTGGTTGTC,3
GACTCGGTGTGTTGTTCG,3
CAAGCGCCAAACGTGATG,3
AACCGATTCGGCGCTGGA,3
ATGCCTAGAGACGAGATG,3
GTGCTGAGACATGTTCCT,3
TACGCCAAAGTGTGTCTT,3
ATCTCGCCGTTGAGGGAT,3
AAGCAGACACTGCAGGCG,3
ACGTGTGTCACCGAGTCA,3
AGGAGCTGGGACGCACTT,3
AGGACGGGAAGACTCTCT,3
ACGACGACTGTAGCATGG,3
ATGGAGGATCGGCGCCCT,3
ACTCTATCACCGGGTGGA,3
AACATGTCTCAGAATGTG,3
CATACTGCGTAATTGGAG,3
CGCTCGATGGACAACCAG,3
AGGCAGAACGGCATCATT,3
ACGGGCAAATACGGAGAT,3
ACCAGTATGAAATGTGTG,3
CGTGTACAGACGCCTATG,3
AGGTGTGTGGCCTACATT,3
GTGGAAAGGTTTAGGTAT,3
TGATGTCGGAGGCCCGGA,3
GCCAGCGTGTGGAGCGCA,3
ACTGTGCGAGCTAGATGG,3
TCCGGAAGACGTCTCACT,3
AGGGTTAGCGCGGAGTGC,3
AGGGGAATGGAAGACCTG,3
AAATCGCTATGGATGGCG,3
GGGCAAAAAGGAGGGAGG,3
GATGGAGTACACTCGAAG,3
GGAGGAGTGCGGTGTGTA,3
CGGGAGAGATGGGCGTCA,3
GTGGACAGCGCCGTGTAA,3
ACATGCCATCGAATGTGC,3
TGGCTCGGTAAGCAAAAT,3
GGGCCCTGGACTATTGCT,3
AGTGGGACAAAGAGCCGG,3
ACAATACACGGCATTGTG,3
ACCACTCTAACTCGGCGG,3
AATCATTGTGGCTCAAGT,3
GCTCACCGGGCAAACGTC,3
GACACGAGGGCTGTGTAA,3
GAGGTGTCTTGGAGACTG,3
GAGGTCATCTCAATGCAA,3
CAATGGGATTTACGCGTG,3
GGATAGCCAGGTGACTGA,3
GTGTCACGTTTGGCCCCT,3
TGGGGAGAATGGCCCTGG,3
ACGACCGGATAGTCGGCG,3
GGGGGAGGAAGTGTTGTG,3
TGGTACGTTAAGCCCTGT,3
GCAGACGAGGTATGCGTG,3
TGGGAGGAGCTCCATCCG,3
ATGCACTTGCATACGGAG,3
GTGACTTGATTCATCATG,3
ATACGGCAGGGACCATTG,3
TTTGTGCACTACCGATAG,3
AGGGACGGCTATCAAACT,3
TTGGATGCCGCAATCTCG,3
GTGTCGGATTCAGAACGC,3
CAGCCGTCAGGAGTGTTG,3
TGAAGAGCGCAAGGTGAG,3
TACCCACACAGTGCTCGT,3
AACGGGGCAGACCCACGA,3
GTGGCACACAGGACTAGT,3
GCCTAGTGCGACGTGCGA,3
GAGGGAAGTGTGAATGAC,3
AGAGCTCTCACTGTTGAT,3
ACGGTGTGTGCGCAGTGA,3
TGGTAGGAATGCCGTGTC,3
CTCAAGGGACGCGGTCTA,3
GACGGCTCACATTGCTCT,3
GACGGAGGTTGTCGCACT,3
GGGGGCACACCGATACTC,3
GAAGGACCGCAGCTAGGT,3
TAGATGCGGCGCTAATAT,3
GGTATGGGCTACATGGTT,3
CACGTGGGGAATTTCGCG,3
GGTGGCACCGGAATCTAG,3
ACGGATCGATCATGTATG,3
GGTAAGTGTCGAAGGTCG,3
TAGGCGGTAAGCAGTCGA,3
GGGCAAGAGGGAACGGAG,3
AACGGCGTCGGCTGATTC,3
AGCTTGCTAATCCTCGTG,3
GCAGCGTCACAATCTGTG,3
GCACGTATAGGGCTGTAT,3
TGCACGTTCAGACAAGGC,3
GGCGACAGAGAGATTGGC,3
AGCAGAATCGACACATGT,3
CATTCCACACGAGACGCT,3
TGGTGCCCATTCAATTCG,3
AAGGGCCTATGATCACCA,3
GAAGCAGACTCCTGCGGT,3
AATGTGGATTTGGCCCAG,3
GAGGGCACGATACGCAAT,3
TCGTTCCAAGACTGCCTT,3
GGGTAGAGTCGACGTCAG,3
ACGGGACGACGGATAGCA,3
TGCGGATGAGTGTCGTGA,3
ACAAGATTCACGGAGGAG,3
GGCCGGTTGCAGGGGCCT,3
TCTAGAGGGTATCCGGCT,3
TATACCCGCCGACGTATC,3
TGAGGTGCAGCGTTCAGA,3
GGCATCTCAGAGACCGCT,3
GGTGCATTCCAGAGGGTA,3
GGGTCCAGCGTGCAGATA,3
CAGCGCGGTACGGTTCGA,3
AAAGGTAGCCGTACAGTG,3
ACTACATCACAGTAGTGG,3
TCGAAGGCTGACATGCTG,3
GTACGGTTATCAGCTCAT,3
CGCAGGGCAAAACGTCGT,3
GAGTTCGCGAAAAGAGGT,3
AGGCGGACAAATACGTTG,3
ATACGGTGCGCGCTATTG,3
GAGCGGGATGTAGTTGTG,3
GATGCGAAGGCGGACTAT,3
GGTGCAACTACGTGGAGT,3
GCTGGAGGACAGCAGGTG,3
GGTGGCGCGGTAACGGTA,3
GGTATGACGATGCAGTGC,3
GAGCCCAGACATCCACCT,3
ACGTGGTGAGTAGCAAGT,3
TAGGGTCCAATCATCATG,3
GGCTAGAACAATGACGCT,3
GGGCATACCATATTGTCA,3
GTGGCAGAAGTGTCCAGG,3
GTGTGGCTTGAATGTAGG,3
AAGCCGGAACGTCGAGAT,3
AGGCACTGGAGAGGTTTA,3
AGGCTAAGAGACAGTGTA,3
CACTGGTGGTAAGAGCGA,3
GGGGATATGAGCCGCACT,3
ACAGACGTCTTTGCTGGT,3
AACTACTGTGTTGCTGCG,3
ACGGGGAACCCCGTGATG,3
CAGCTGGGTGAGACGTGA,3
AGTGGTATGATGGTTGTT,3
TGGCGGAAAGTAGCCCCT,3
ACGGGGCACAGGACTAGT,3
ACACCCACATTCCCAGCT,3
CACGGACTGCGAAGAGCT,3
TAACCCCGAAAAGTAGTG,3
GGACGCGGTGAGTAAGAG,3
GTCGACGGAATATCTGTC,3
GCGGAAAGCGCACAGTGT,3
AGCGGGACGTAATTTAGT,3
ATGGTACCAACGGTGTGG,3
ATTCACGCCCACACCGAT,3
GCTAGGGAGTTCTACTCG,3
AATGAGGCTTGACGTCAG,3
ACATGACCTAAGGGAGTG,3
GGGCCGTGTCGAGCATCT,3
GCGTATTAGGACACGTGC,3
GGACAGTGCCTGGCCAAT,3
GGGGCCCTTATGGCAGCT,3
ACTGGTACGACGATAGCG,3
GCAGCGGCGAACAGGATG,3
TAACAGGTAGGTGCTCAT,3
GGGAAGCGGTATCCTAGA,3
GCCACTGGTCGAAGTTGG,3
GAGATCACACAGACGAGG,3
ATGGCTGCAATACGGGTT,3
AGCCTCTTGATCCACGTG,3
GGGTGTATTGGACAGGTG,3
ATCCCTGGCAAGACATGT,3
AACACGGGTCAGCGCACA,3
AGCCAGTACCGACGCGGC,3
AGAGCGTCTCGAGAGCGG,3
CGTCGGCGTAACATATGA,3
TGGTACGGAGACGTCTAT,3
GTGCGGTCAGATGATGTC,3
GATGCAAGGGTGAGTCCG,3
TGGGACGAAGAGCTCAAT,3
ATCCACACACCGCTCGAG,3
TAGCCTGGTGGTTATGAG,3
AGCAGGAGACGACGCGTA,3
ACGGAGGAAATGCCGGTG,3
TTGTTGCGACCGTGCCTG,3
AGGAGGTCCCGAAGAGGG,3
AGCAACTCCGATCCAAGG,3
CGAGGTGCGTATCATGGA,3
TCGGGATTGGTAACAGAG,3
CGGAGGTCACCGCCATGT,3
ACAGCGTAGACTGTCGTG,3
GCCAGGAGGACGAACGGG,3
GGCTACTTGACGGGCGTA,3
GCCAGTGCTGATGTGCCT,3
ATCACCGTATGGTCGTCT,3
GCGGTCGACACCAGACTT,3
AAGGCCAGAACCGATCCG,3
GCAGGGAATCAACTGGCT,3
ATGGCACGTAGGACATCG,3
GATCTCGGACCACTGGTG,3
TCACAGTGATCGCTTGTG,3
TGCCCAGGACAATGAGTG,3
ACCAGGGAGTAGTGAGGA,3
TAGTGGACACTTTAGTTT,3
ACGACTGGCTAACGTATG,3
GCGAGATTGCGGATACTG,3
GGCAGCGGCTATGGTCTG,3
ACAGGCAGCACTCATGGC,3
TAGGGTACCATTAACTAA,3
GAAGGTGCCGCAGTGCTT,3
AGAGCACGTCTGCATCGG,3
AGGGAGTGCACGACAAGG,3
ATGACGACCGATCATGAG,3
AGGCTAGTTGCGTAGACG,3
TAGCCAGCGTATGTGCGC,3
GTGTGGGTAAACCTTTGG,3
ACGGGAGTGTGATGTACG,3
GATAGGCGACTAGGTGGG,3
AATGCATGTGGCCCTAAT,3
AAATGCCGTGATCTGATT,3
AACGAGGGCATCACGTCG,3
ATGGCGCATCGTATTGCT,3
AGGAGGTATGTATTTGTA,3
GGGAAGCGGATGTTCCTG,3
ACGGCAGTTGAAGCGTGC,3
ATGGCGTATTATGCGTGA,3
GTGGGTGACTGAACGGTG,3
AGGAGGGATGGTGATTGC,3
AGCAATTGGGACGAGGCG,3
ACAGCCACTGACTCGAGT,3
AGGAAGGTGGACGGATGC,3
GCGGGAGCCCTTTGCAAA,3
AATGTGAGTCGCGTACAC,3
ACACGAGGTGTGCTTGTG,3
AGGGCCCGTGCACCGTAA,3
GGGACTACTCCGACGCGT,3
ACACCAGGGTCAATGTTG,3
GCGACGCGTGAATCCCCT,3
ACGTGGTTCATCCAGTGT,3
GCACATTCAGACACGACT,3
GGTGGCAATACGCATGTA,3
GATGCAATAGATTGTGGA,3
TGGCATACACCCGTGGCA,3
AGAGGTGAAGGATTGCTG,3
GGGAATGAAGAACGATGA,3
GCGCGACATTCGAAGACG,3
GGAGGAAGGAACTCGTCT,3
AGTGGTGCCCTCAGGTTG,3
GGTAGCGTCGTAAGTGTG,3
ATGGACCGATGCGCAATG,3
GCAGGTTGTGTCCCTGTG,3
GAAAGGTGTTTGAGATGT,3
GAAGGAACGGTCTTCTGG,3
TACATCGATCGGAATGTG,3
TGGTTGTCAGCTTGATCT,3
GACACAGTAGACGTTCCT,3
GGGCAGCTAGACTTGACT,3
TCAACGGAGGAATAGAGT,3
GAGGCAGCTTAATGGACT,3
GAGGTGCAGTAAAGGAAT,3
ACGCTGGTGCCATGTAAC,3
AACTTACGTTACGCATGG,3
AGGCTGAGGGCACGGCAT,3
ATGCAGGGACGCTGGACA,3
ACCGCCGTGACGGTGGAA,3
GGTGGACAGGCCGCGACT,3
GAACGCGTATCTGACGGT,3
GGGGCACAGGGAGGTTCG,3
CGTGGCGAATACGGCTGA,3
ATAGCGATGGTTGACATT,3
GGCGGTATTCCAGAGCAG,3
AGTGTGGATATGAATGAT,3
CACACAGGTTGGCAGGTG,3
ACGAACGAGTAGCCGTGA,3
TACGATGCTGCAGGTCGA,3
GGTGTAGTCGATTCATTA,3
AAGTATTCAGATTCTGGT,3
GCTAGCTCCTTTCATGTG,3
GGGTCGCGCACTGCCTGG,3
TGTAGGATGGTGCCGATG,3
GGGAGGCTACCATCACGA,3
GTGCACGTACAAGGATGT,3
GGGGCAGAGACACATTGT,3
AGCAATCCAAGGTTTGTG,3
GTTGACGCATACGAGAAG,3
GCAGGGCGATATGGCAAA,3
TGGGCGTAGGTAGATGCA,3
GGAGGAACCGGTACCATA,3
GTAAGGGTCACGGATGCA,3
CAAGGGTAAGCGCAGATT,3
CACTGGGTAACTCGGTAT,3
AGCCAGTTAGGGATTGCT,3
GGCGTGCGTATGAGGAGG,3
GGGTACAATGTCACGACT,3
GAGGCCGATAACAGTGCG,3
ACAGGGTGAGCCTGTGCA,3
AGAAGGGAGTTCCCTCGT,3
AGGACGCTACACGGACGA,3
TGGGCTCGAACATTGACA,3
AGCGGTCCTTGGCTAACA,3
AAGGATACAGCGTCGTCT,3
GCACAGTTCTAATTGGGT,3
ATGCATGCGGAGTATATG,3
ACGTTGGTCGAATGTCGT,3
TGGAGGCACGTAGCTGTC,3
GAGGGAGGACGAATCGTG,3
GGTTTGTACGAATCTGCG,3
TGGGGCAAGATCATTCGT,3
ACGGACGAAACGTGGAGT,3
CAGCATGGCAGCCGACGG,3
GCGACGGAACAAACAGTG,3
GCAGCATAGACGTGACTC,3
AACGTGCTCCACGGTGAT,3
GAGCCCAGGTACTCTCCT,3
AACCAAGGCAGACGATTT,3
AAAGGTTCGTTAATTGCA,3
GGGGACAGCTAGTCGTAG,3
AGGAATCGGGAATGCGGT,3
GGCGAATATAACCGTGTA,3
GGGGTATGAGCGCGTCTG,3
TCCACAAAGGGCTCCGGT,3
AGCTATCAAGCTGGAGCA,3
GGGACGGTAATGTGCGCA,3
TACCGCAACAGACTAAGC,3
CTGGGAGCATATCCCGTG,3
GGTCGATATCAATGGTCT,3
ACAGAGGCGTCCCATGTG,3
AAGAGGGGCTTACGCCTG,3
TGGAGTAGACACAATGCC,3
AGGCTGGCGTGACCTGGA,3
ACGGACATGTGGCTATTT,3
GGGGTACCACCCCTAACG,3
ACACGCTGCTAGCATGGG,3
ACTGTATCACGTGGACCA,3
TCAACCGGTTAGTGTGGT,3
CCAGGGAAGGAGTCAGGG,3
GCGATGGAGTTTCTGACT,3
CGGGGACCAGCGTACTCT,3
CACGTGAGAGGGTGAAAG,3
GGCGCGCTGACTGTCAAG,3
GGACCACGATGGACAGGA,3
GTGTGGACAGTACAATAG,3
AGACGTGATGAGACTCCA,3
TTGGGTAGACGTTCCCCT,3
GCAAGGGCTCCTGGACCT,3
GGGGCACCAGATCTAGTC,3
GGGCGATGCTTTAACATG,3
CGTAACAGTCAGTCGGTG,3
AGGGCACCATTTGCACGA,3
ACAACAGCCGCTGTGACA,3
GCGAAGAATCAGAGCGGT,3
GAACCATGACCGGCTCGG,3
AGGTCGATGCAGCTCGCT,3
GGGCCATGTGACGCGACA,3
GTGTCCGTAAGTAGCACT,3
GCGGCGGCGAATACATGC,3
GCCGATAAGTTCAGTGAT,3
AGCATGACCTCGAATAGT,3
AGGAGGCAGGAGACGGCG,3
ACGGGCTCATTACCGTTG,3
GCACATGTGGTACTCGTT,3
TGACGGCATAGGATCTGG,3
TTGACCAAGGATGGTGTG,3
TGCAGCAGGAAGTTCGGG,3
AGCTGCGGAGTCGAACGG,3
GCCAGATGGGCGGTTTGA,3
CATGGGAGGAAAAAGCGC,3
ACGGGTGGAAACGTCATG,3
AATGGGCGAAACACTGGA,3
ATGAGCCCGGCACCGTAT,3
GCATCCCACGTTCCGCCG,3
TGCCGTATCCAGTCGCTT,3
TCTAGGGTAACAGTGAAG,3
GGAGGAACCTCTGATTGG,3
AGCAGGCAGAAGGGGGAG,3
AGCGAGGGCTGCACTCTA,3
AGGCGCATAGAGCTCCTG,3
GGGAGTACATCAAGCTTT,3
TGTGGGACAACCAAGCGG,3
GCGGGCTTGATAAGCGGT,3
AGGCTACTGATCTTTGGT,3
AGATTGGCGAAGAAGGTG,3
ACTGTGGGGACAATCCCT,3
TCAAGGATAGCTGGTACT,3
TGCAGTTCACCGTCCATT,3
GCAGGAAGGCTGAAGGTT,3
ATGAACCATGCCGATCGG,3
GCACAGCATCACGGTGTG,3
TACGTTGCTCAATACGCT,3
CAACGGTGCGAGAGCGGT,3
AAGGACACGACCGGTGCG,3
ATGGGCAGGGTGCACATG,3
GTGGCACGCTTCCGTAGT,3
TGGAGAGCTACCGTAATG,3
ACCGGGACATACGAGGCG,3
GGCGATCGGCTCTGGCTT,3
AACGGGATTACCCGCTGG,3
GAACGGGTAGCGCAAAGC,3
ACGGCAGTGCTCTTTCCT,3
GGGCACCACTTGATCTCT,3
GTGCAGTGCGGAGTTCAA,3
TACCAGGAATCGTGCCAT,3
GGACCGTCACCATAGGCT,3
ATCGTTGGCCCAGACATG,3
ATCTCCGGTATGCTTGCT,3
TGCGGATATACGGTGCCA,3
AGCAGACGATACGTGTGG,3
AGGCAGATGGTGTGGGCA,3
TCAAGGTCAGTACACAGT,3
GTTAGGCGTGCGCTGCTG,3
GCAGGCAATAGGTAGGTT,3
GGGATGTTTACATATAGT,3
GGGGCCGACATGTACCGT,3
GGCCGATACGTGTGTACT,3
AAAGCTGTGCGGTGACTG,3
TGACGCAGCAGTCCGAGT,3
GCGGAGTTCGACAGCTGG,3
ACGGTAAACAGGGGCAGA,3
TGGACGTAGGTGTGAATG,3
GCACGTCGACAACGGTGG,3
GAGGGTGACAACTATGAA,3
AGGCCGTGCAACCTAGGG,3
TGGGTCTGCAGAGATCCG,3
GAGCGACTGGTATGTGCA,3
AGCGGTTCAGTATCTGCT,3
AACCATCCAGATCTGGTG,3
GCGGAAGACATGTGTGAG,3
ACAGCCTGTCCAACTGTG,3
GGTGGTACAGCTAAACAT,3
ACTGGCGGCATTTAGGTC,3
GGCATACCATACTTCGAT,3
AAGCAAGAAGACGCTGGT,3
CAGTATTCCAGACTGTTC,3
ATGTGGTCGCACCATTTA,3
TATGGCACACTAGGAGTT,3
GGGGCAAGGGAGTAGTAG,3
ATGGGCCTCCACCATGCG,3
GCAGGTCCATTCGTGATA,3
GGTTCACCACTACTCGGG,3
AGCACACCCGACGTACTG,3
ATAGTGCTTCAAGCGTGT,3
ACGTACGAAGAGGCGGGC,3
ACCGATAGTACAGACGCT,3
TCCGGTAGTATTCGCGTG,3
AACCATAGCCTAATGACG,3
TGGCGAGAAACTGCTCGT,3
GGCCAGGGAAACTGGGTA,3
CAGCCTAGATGCTCTTCT,3
ATAGCGCGACATCTTCCG,3
GGACGCGGCCTTAGTCGA,3
ACTCCATATCCGTGCCTG,3
ATCGGGAAGATGGAGACG,3
ATGTACTGGTTAGAAGCT,3
TAGGGCAGAAGCGAATTG,3
CGTGGTTTGCCGTCGCGT,3
ATGGACTACCACGCCGGT,3
GCATAAGACCCATTCTCT,3
GGGCCCGAGGATCTGACA,3
ATGGAGTCATACTTCCCG,3
AACCGGGTAGATCTACGT,3
AGGGCGAGGTGGGTGAGG,3
TCGGGATGGCCTTGGTGT,3
TCACCGTATCCCTAATGT,3
AGCCGAAGGTCGCGCCAG,3
AAGCGGACTGTTAGGTGA,3
ATCACCCCGCTCTCGTCA,3
GAGGTAGAGGCGCTCCGT,3
TAGGGGATGGGCCAAAGA,3
ACACGTAGATTACCTGTG,3
GCACAATGTCGGGAATTC,3
AGTAATCCGGCACGCGAT,3
GGCGGTACAGTATCGGCG,3
AGACCCGGAGGTGGTAAG,3
GCAACACGGACGTGTGGT,3
ACGGCTGTCCACACTGTG,3
GGCGCGGTGTATAACACG,3
TACCACGGTCCATAGTGT,3
GAGGTCTATCCGATTAGT,3
ACGTAGCGTCGAGGTACC,3
ATCAGGTATGAGGCGGCG,3
GCCAGGCGTAGACTGGAG,3
ATGATGCCAGCCAAGTGT,3
TACGGAGAAGCGCGCTGT,3
TTAACTGGGAAGACTATT,3
TGTTGAAGGTTAGGCGCT,3
GGCCTGAGTCGGTTAGTT,3
GACGAAGTGGTCACACAG,3
AGGGAAGGTAAGCTGCTG,3
CGGGCAAAAGGCCGTGTT,3
GTACCCAAAGAGCGCTCG,3
GGAAGTATTACCCTAATT,3
GCAAGCAGAACATGTTCT,3
GAGGCACCTGTGATCTCG,3
AGGGTGACATACACGGGA,3
ACCGGGCATACCTTGGCG,3
ACGCCAGACGGTGATGCC,3
GCTGGTGGGTCTGATCGC,3
GACGGCGGCTCTATCGGT,3
ATGGGAGAAGCAGCTTGA,3
CGGTAGCGGAAGGGCTGT,3
ACCATAGGCCGTGTTCTC,3
GGACGAGGTGGAAGGATT,3
GGGGCGGTACCCATCCTT,3
ATGGACGCCTAGGAAATG,3
AGGGACGGAAAATCATGT,3
AGGTGACTGTCTTAGGCA,3
TGCTGATGCGGCCCTCTG,3
GGTGGTACACATTTACGG,3
AACGGGCAGTCATGCTCA,3
ATCATGGGCCTGGGTGGT,3
TTGTTCATGATATAAGTG,3
TGCAAGGCGCTGTTGATG,3
GTGGACAAAGCGATGTGT,3
TGGCCGCACGATCTCGCT,3
AACGGATCTCTCGCTGTG,3
GACGGGCCAGAGCATGCA,3
GCGGGAATGCATACGCTA,3
AGCTACCTGAGGCTAGTG,3
GACACGGGTGACGGCAAT,3
AGGGACGGTGCTGAGCTG,3
GTGCCACGAGTAGGACCA,3
GCGGCATCGTTGGTGAGA,3
AGCAGTGGCGATCTGTGT,3
TCAAGGGATACAGTTACG,3
ACACCGGTATATCTAGTG,3
GCAGATGGTGAGGCTCTT,3
GGGCATACTAATATCGCT,3
GGACTGATACCACGGATG,3
AACGTTCAGATGTGAGCT,3
TAGTCTGCCTACCGGGCT,3
GGACGTCGAGTTGATGCG,3
TCTAATGGTCACCTGTAG,3
ATGGTACATTGGGAAGCG,3
GGGCGGGCAGCGGATGTT,3
TACGCTGTTGATGGTCTT,3
ACGAAGAGTGATGGTGCT,3
TCGTGGGGAACTAGTGGA,3
AACAGGCTAGTTGGCGCG,3
ATGGATGTCACCGAGGTC,3
AGGACCTGCTCTCCCTGT,3
AAGCGAACAGGGATCGGA,3
GAACAGGGATAGATGAGA,3
AGGAAGGTATACTGGTGT,3
ACACGCGTGTCCTGTCCT,3
TGGCGTCGAGTCTAGTGT,3
GGGGGGCTGTCACGTGTA,3
AGTGCCTCGATTTCACCT,3
ATGTGGGAAAACTTGGCG,3
AGATGAACGCTATAGGAG,3
ACGCTAGGACCAAGGGTG,3
GGGTACCGCCAGCGCTAG,3
GCAGAATGACACGATGGG,3
TTGGTGTCAGCAGCGTCG,3
GTCGTAAAGACAGATGTG,3
CACGACGTACCAATCGTG,3
AATGGCGTCGTTCGCAAT,3
AGGTCGCAACAAGTGTCA,3
ATAGCGATTTCCGGTGCA,3
AACGTCCCACAAACGTGT,3
GCTGATAGTGCGGAGTCG,3
ACACTCACACTTAGCGCT,3
GCCACTCGTCTTGAGGTG,3
AGGGACGTCAAGGCCCGG,3
ACTGGAAGTGGTGAGTGA,3
AAGAATGCCCGATATGTG,3
AGGATAGCCATGGACGTG,3
AGCATCGCTTGATACTGG,3
CGTAGGGCTGCGAATTGA,3
AGCGGACTGTATGCTATT,3
AAGGCGCCGGTCTTATCA,3
GTGGTACACGAGACGGCA,3
TTCGGAAGAATCGCCCCG,3
GGCCCAGACGTACGGTCG,3
AGGCCCGAATGACGTGCT,3
TGAGGAGACCGCCCGTTA,3
ACATGTCGTGTATTGTGT,3
GCACTGCCATCCTCTGGT,3
TGAGCACTTTGCGGTCAG,3
ACGCATGACACGATAGTG,3
TCATCGCGTGTTGAGGCT,3
ACCATCATATGGCCGACG,3
TATACGGTTCGCACGCAG,3
GTTGTGGTTAGGTAGCTC,3
AAGCCGTACTTACCGTGT,3
GGAAGGGCAGTTGTAATG,3
GGCGACCGCATACGATTG,3
GTGCGTCTAAGGCTACGT,3
AGCCATGTTCAACTTCCT,3
TGATCGCTCACATCGTAT,3
AGGCTGATGTTACGGCTA,3
AGCGATGCATCGGCGCGT,3
AGGTAGGGAACCGAACAT,3
GCGGGGAAAGGGCATTGG,3
GGGGATTCATCAATCGCA,3
TGGACCCGGAGCCCTGTA,3
TAGCATGGAACGCGTTGC,3
GCAGGGTAGAGTGCATGT,3
GCGCAAGTTATGAGCGTG,3
TGCACGACGGCTGGCGGT,3
ATGACTGTAGTGCCATGC,3
GACAGGGCGTGCACTCAG,3
AGCGCGAGGTGAAGGATG,3
AATGGGCAGTAGTCTCGT,3
TCGACAGCCCGTGACACT,3
ACAGCAGGTAAACGACGT,3
AGGGTTCATATAGACCGG,3
CTGCAGGGATGCAAGACA,3
AACCGGTCGAGCGTAGAC,3
ACGGTCAGTCTGTGTCAA,3
GTGTCCGAATCCCTGTTG,3
AGGCGACGTGACCCTTGT,3
GTAGAGCGTGCTCAGTAG,3
TAAGAGCGCCACTCCGTG,3
AGCCAAATTCGTGTGCCT,3
TACAGGGGAACGCCAGCG,3
TCGGTAAGCCGTCGTGCT,3
CGGGGAGTAAACGCGCAT,3
ACGATCGTAATGGGATGT,3
GGGACTCAACGTAATCTG,3
TGCGGGTAATCACGCTGT,3
CAGATTACCCGGCCGTGG,3
GGACAACGGGAACACTGT,3
GCATACCAACCGGCTGGT,3
GGCGTGATACAGGCGTGA,3
AGTAGGCGACGACTGGTA,3
ATACGGTTAGGTGACAGT,3
GCCCTGCATCCGGGTGTA,3
TGTGGTAGGACAACACGA,3
GGGAACAATATGCCCGCT,3
TAGCAGGTGTAATGCACT,3
ACGCGGACTGCCTAAGGT,3
TCAGGAGCTACATATTCG,3
AGCATGATATATGCTGGT,3
ACACAGCAGACAGACATA,3
GCACTAGAATGGTCGACG,3
GCGGGCCATAGCTTACCT,3
CTTGGGCGAAACGTATTC,3
CAGACGTTGCATCACCAT,3
TATGGGTACGGCTCGATG,3
ACGAATGACTGGGCCGTT,3
ATATGGCCTAATGCCGTG,3
GTAACACTGTAACTGGCT,3
GTGTACTCGCTCTCACTA,3
GAGGACAGCCAGCCCGAT,3
GCAGCGGCATGCAATGGT,3
GGTGCGACAGTGCCGAAG,3
GGGCAGATAGTGAGGCGT,3
GGGTACTACTGTACGCGG,3
CTCCATGGATGCACGAGG,3
AAGGATAGTCTGACCATG,3
ACAATGCCCGATGCTGTG,3
AAGGTTGGACACTTAGCT,3
CGGCAAGGGATTCAGCAG,3
GGGCCGCGAAACAGTACT,3
ATGGCTGTTGACTGTGCT,3
ACGGTCTATCGGTGGAAG,3
GGTAGACTATGGATCGTA,3
CGGCAGGCAGGAGTGAGT,3
GCGGTGCCTGAGAAGTGC,3
GGACCGGGAAAATGTCAT,3
GTGTGATGGGTCGAACAT,3
GGGGCCCTCGCTATGCAT,3
AGTAGGTTACACCGTATG,3
ATCACGGTTAACTATGGG,3
TTACAGGCAACCAAAGTG,3
CGCCTACGAGCATCGTGC,3
ACGAGGGTATTCGCAGCA,3
TGGGAATGGGCACGCGAC,3
GGATGGCCCCCGCTAAGG,3
ACGGCGATTACTGCAGTG,3
ATCGTGGACGTATCGTGT,3
TCATGAGGTGATCCGGCG,3
GCGGGAGATGGCGGAACA,3
GAGACTCGTATAGGTCAG,3
GATGTGGAATAACAGCAA,3
GGGATGCGACTGTTTCAT,3
AGGTTACCAGCTGTAGTG,3
TGATGCACGCCTAGGGAG,3
GCAGGTGCTACCGTTGGA,3
ACCAGACGGACAACATGG,3
TGGGAGATGCGTATACCA,3
GAGGGCAACAGGGAGTAT,3
GTATACTAATGGCTCCGT,3
AATGGCCTGCACTGTGCG,3
TTCGGAACCAGGGCGCTC,3
TCGCATGTGCAAGGGTAT,3
TGGCTGGCCTGTCATGCT,3
ATGGGGAAACACCTGCGC,3
GGGGACTGTTTTCCATGT,3
ACCGGTGCATGATGTGTT,3
TGCACCGCAGTCGATGCT,3
AGACGCTCTATCGGTATG,3
TAAGACATACGTGATCAG,3
GATGTGCACACCTCTGGT,3
AGTGTGTTCACGAGGTAA,3
TTGACAAATACTCCCGCT,3
ACAGTCATAGTGTGCTAG,3
AACAGGGCGATAACTAAC,3
AGGCGGCGGAAGGCGTGA,3
AGGGCAGCGACGTTGAGT,3
ACACGGAGAGATGGTGCA,3
GCCATGACTGGGACTGGG,3
GGCACATATCTGGAGCGT,3
ATCCGAATTGGTGAATGG,3
AGGATGGAAACGTGTTCG,3
ATGAGAGGTGAGCTTGTA,3
GGTCAGCTCTTCGAGGGA,3
TGGCGCACTCGTTTATCG,3
ACGGCATTGTTGACTTGG,3
TGGTACACGACGACACTG,3
ACAGGCACGAGTCGTCAA,3
GGAGCGCGCAGACTAGTA,3
GGACGCAACGCACTGTGG,3
GTCGATATGGAGCCCTTG,3
ACTCGTGACGAAGCGGCT,3
TGGTTCACAACTGCTCTG,3
AGGGCAAGGGCGATGGAA,3
GTGAGGACGGATGGAGGG,3
GCGCATAGGGTCGAGCAG,3
GCTGTGTGCTCAGCCGCT,3
ATGCATTCGTGACTTTGT,3
GGCGGGACTCTATGCTCA,3
GCAGCGGAACGGTACTGA,3
ACGTAGCAGCTCCAGCGG,3
TGGTTGCGTATCGGTGAG,3
GTGAAGGGCGAGAGCTAG,3
ACGGGAAGGTGTAACGTC,3
ATGGAGGACAACTTTACT,3
TAGCGTCCTGACTGTCAT,3
TGGATCTGGGATCGAGCG,3
ACAGGGATGAGTTCGCTG,3
CATGGTATTTACTCGCCT,3
AGGTGCCCAGTTCCGGAT,3
GACACGCTGTCGGGTGCA,3
GTGAGGCAAGCCGAGCAG,3
GCACGGGTTGCCATTGAC,3
TATGATGGAGGACTTGGG,3
TCAGGGCTAGAATTACGT,3
CATGACGTGATGCTGCGA,3
ACACGTGTCGCGTAACAG,3
ATAGGCTGGGAAGAGTAT,3
TCACACACCACGTTTGCT,3
CAACGAATTCCTCTTCCT,3
AAGGGACTCAAGCATTCT,3
GGAGGTGACAACTGCAGG,3
ATAGGTGGACTGACTGCT,3
TGACCAGGAACTCATGCG,3
CGTGCACGAGAGACAAGT,3
AGCAAAGACAGCCCGGTG,3
GGGACGGCTTGTGTGCCT,3
ACCGACAGACAATGTGCG,3
AACGGGCAGTACATCACT,3
ACAGGGGAGTCTGAGCCG,3
GAGGGGATGGGACACGAG,3
AGTGGAGAGTGTCGGAGG,3
GTACAGCCTATGGAGCGT,3
GCGGTGAATGTTCGGACT,3
AGCCGCCAGTAGTATGCT,3
GCTCAACAACGCCGTGCT,3
AATCGAGATAGTTCGTCG,3
GCGGATCAGCAGGAGAGT,3
GGGCAGCATCCATCTCCT,3
AACACGACGCAACGATCT,3
AGAGGACTCATTGATATG,3
GGTAACCCCAACATAGCT,3
AGAATCCAGACTGCTTCG,3
GACGGCCACTCCCATCAA,3
AAGCAATCACTTGTAGTG,3
AATGTCGCGACTTAGCAT,3
TTGGGACCCACGAGGCCT,3
GGTAGTCAGAATCACAAT,3
GTTGACCGTGCTGTAACA,3
GGCATACAGGTGGATCCG,3
GCGGGATCGACGATTGCG,3
AGGCATAGACCGACGTAT,3
GCTGGAGCGGACGCCATG,3
AACACGCTGAAAACTGTG,3
CAGCGGCTTGCGACAGTG,3
GCCAAGGTGGCTGATCTA,3
GGGCACAAGGCGCTACGG,3
CGATAGACAGACAATGCG,3
TAGTGCGCGCTGAGGTTT,3
GAGGACGTTCACACAGCG,3
AAGCTGATACGTCGTGTG,3
TGGGGGGATTCCAAGCGA,3
GCTCAAGAGGTGGTCACG,3
ACGTGCCATGGATCCAAT,3
GAAGTGGGACACGGTCTG,3
AGGAAGGCAAGACGCGAG,3
GCGGAGGCAAGGGACAGG,3
ATCACGGCACGTCATGCT,3
ACGGTGGACACGGCTAAG,3
ATCGCGGGACGTCAATGC,3
GTAGGCGCAGAGCTATGG,3
TCAGGACGTGAACCTCCG,3
ACAGGTACACGACGTTTG,3
GTACACCGTCATGCCGCT,3
ACGCCAGAGGGCTTACCG,3
GGATAGCGATGCCGTGTG,3
ACTCGTATGATCTGGTCA,3
TTCGACTGAGGGACAGGG,3
TGGCGGTAAGTGTGGACC,3
AGGAGGACACAGGATTAG,3
GCGTGGCAACATTTGGCT,3
GAGAGCGGTGCTAGAACG,3
AAGCGGATAACGTAGACT,3
ACGCAGGGTCGATGGCTC,3
TGGGCTCTAGGGAATCGT,3
GGGTGAGCTAGGAACCGT,3
TGGCGGACGATTCTAACG,3
CACGATTTTGTGTCGGCG,3
GAGGTACGGACGTCTATC,3
CAACGGTTCCAGAGTGAG,3
GGTGGACAGATAACGGCT,3
ATCGTCAGACTATATGCC,3
ACCAGAAGGACCAAGGGG,3
GGGCCGAGACCTTACGCA,3
GCAGCGAATGACTGGGAT,3
GACGTATCCTTAACATGG,3
GTGGACACCAGTAGGCTG,3
TTCGCAAGCGGCGGGATA,3
GCTGGGTTGTAGCCACGT,3
ATACACGGTATACGTGCT,3
AACGACGGTTACCAGTGA,3
ATTGCCTGGTTTTGACGG,3
GGGCTGCTTATATACGGA,3
GCGTTGGATGCCACAATG,3
ATGCTGAGCGTGTTGGCG,3
ACTACGCTCAGAGCTCTT,3
GTAGTGAAGATGCGTCGC,3
GCCCAAAGCGTATAGTGG,3
AGCGAATAACACATGGGT,3
ATGCCTCTCATTGGGTCG,3
ATAGTCCATGGTGCACGT,3
GAGGCCAGAAGGGTGAGG,3
TAACGGGTTAAGGCCCTT,3
AATGGCGTGAACTATGCT,3
AGGGACGTCATGGTTCAA,3
GCGGGCAAGTACTCACAT,3
AGGTAGATGCATCGGTAG,3
TAGGAACCGTAGCGGTGG,3
ACGTAAACTTGTTGCGTG,3
ACGAGTTCGGCGCGCCTT,3
GTGTACCCTCCGCATGTC,3
GGTGATCGCATGTGATTG,3
GCCGTGATCAGTATTCAG,3
GCGCGGTAAAAGGGAGTG,3
ATGACAGTAGCGGTCGGA,3
TCACCGGAGACTGGGTGG,3
CTGATGGATGGTATATGT,3
ATGGCGGTGCACTTATCA,3
TACACAGTAACGTAGGCT,3
GAGGAGTTTTAGCTCTTG,3
AGGGTACTTCAAGTGTGC,3
GGAGGGACTCAATCGACC,3
TGGCCTAAGAACGTGGTG,3
AGAGCATGGAGGCTCGAT,3
AAGGCTGGAAATGCAACT,3
AGGGAACGGAGAAGATGG,3
GGCAAACCTACGCGTGCA,3
AACGGTAGAATAGTGCTG,3
AAGGGGATCACTTCACAG,3
GAGGCGAGAGCGGCTATT,3
GGCTCGTAGAGTATCGGG,3
GTGGGGTCGTTAGTGCGG,3
TACGGTAATTCGGAGCGT,3
CAGGAGGGAGCGCCTCAT,3
CGAGGAGGAGCCTGTGGA,3
AACTGTCGTCCTTCCTTG,3
TGGGAGGGACCCTCGCAG,3
ATACGGTATCACATTACT,3
GGGACAGTAACGCCGATT,3
GATGGGGCACAACCCGTT,3
ACGTGGGCAGCAGTGAGT,3
AGGTGGGTCAGCTTGCAT,3
GGAGGACCGGAGCGTACC,3
GGGACAACAACAGGACGT,3
ATATGAGTTACCGGGCCA,3
ATCACCTCGCTTTGACGG,3
TAGCTAGGGACGATCTAT,3
TGGGCAGGATAGTCGTAG,3
GCTATGGGAGCGATCATG,3
AGGAGGTTTATCATTCGG,3
AGTGTGGTGAATCGAAGC,3
ACGATTCGACTCCCAGCT,3
GCTATCGAGAGCCATGTG,3
TAACCTCGTATGCTTGTG,3
CATGAAGGTGAATGGGCT,3
AAGGAGCAGGACTTCGTG,3
GATGCGTTACTCGTCAGT,3
AGTCATGCAGTGCTGGAT,3
ATGACATACTTAGCTCAG,3
ACGCAGGAATTCGAGTGT,3
CGGGATATGACGGTTCCG,3
TTATATCGCTGGAGCCGG,3
ATACTCCATGCTTGAGCT,3
ACGTTGGGTGCCGTGATT,3
TTGGTGTCATTCGCGTTG,3
AGGTAGCGACAATCCTAT,3
AAGATCCCGCAACCCACT,3
ATGGCATAAATCCACGGG,3
ATAGCACTTGCTGGTATG,3
CTTGGCAATCAGAAGCGG,3
AGGGCATCACGTTTCCAG,3
AGCTGCCGACGACCTTGG,3
ACGTTGATGACGGACGAT,3
GTAGCGGAAACGTTTGCA,3
TGGGCCTCTGCTCAATCA,3
GTACGGGCTCCGGGCGCT,3
AACAGGTATTCACTAGCG,3
GAGGCGTTGGTGGACCAG,3
AGGAAGGTCACGCTGATG,3
GCACGGTGAAAGGTGTCG,3
TACAGTGGCTTCCGCGCG,3
GCGGCACTGATGGAGCAA,3
ATGCCGGTGAACATTGGA,3
AGGGCAGCACATTAGAGT,3
GCGTATGCAACCGGCGGT,3
GGATCAGGGTCACGTGCA,3
GGGTACGATACAGGCGAG,3
GGCACAACCTCCACTGGA,3
ATCGCTCGGAGCAGTCAT,3
GGGACGTGAGTAAGGAGC,3
GCGGTATATGCTAGGTAA,3
TAGTCGCATGTGTACACT,3
ATGTCGCCTTCGGTACGG,3
AGCTAAGCCCAGCCCTGT,3
GGGCAGTTGATTGGTACG,3
GTGGTAACCAAACCATGT,3
AGGCGGCGAATTCAGTGC,3
GGGCAACCGTCGTCACCT,3
AGCAGACATGTGTTGCGG,3
ACACGGTCTACTTGTGTG,3
GCGTTCAACGACGTACTG,3
ATGCGGAATAAGTTGTAT,3
GCAAGGATACGGCGGTGT,3
CGGGGACATGGGATATGG,3
GACGTGTCTTACGTGGCG,3
ACCTGGGCTCCACCGTGA,3
GGATACCGGAGCTATTGG,3
ATACGCGGCGTTCCGTCA,3
GCAACGCGACTAATGGTG,3
GCATTCGCCTAGTCGTGT,3
GGGGCCGAACGATCGAAT,3
ACGGTAGTAGCAACGGAG,3
TTGCTACTACTACGAGCT,3
GCTGGCCGCTATCCTGTG,3
AGGCTAGCGTCCTTCGCT,3
ACACTCGTGGTATCCAGC,3
GGGATCGTTAGAGGTATA,3
GAGCTGAGGGCGCTAGGA,3
GATATAGGAGCTGTTTCT,3
TGGGGCATCAGCGTACAC,3
ACATCAGGGTAGATCGTG,3
AGGGCATGAGAGCTTAGC,3
CAGGGTCACCACTGTGCT,3
AGGGGGCAAAACTCAACC,3
ACGACCGGTGTATCGCAG,3
GGAGCCAGGAAGTGTAGG,3
CGACGTGGGTAAAGTGCA,3
ACGTGGATCCATCCGGGA,3
CAAAGGGCAAAGACGCGA,3
GGGAGTGTATCGGCTATA,3
ACATTCGTCGAAAGTGTG,3
GGCATCGGCAGTAGGTTA,3
TGACGATACTAGCTTCCT,3
GAACTCTGGAAACGCTCT,3
TCGGGCATGGTTACTGGA,3
ATGGACGTCCAGACCGCT,3
AGGATCCCCATCTTGGCT,3
CTGGCGGTGTACAACTGG,3
GGGATCGGGACCAAGCCA,3
AAGCCGGGGACAGCATCA,3
ACCAAGCCGTGTGGTGAT,3
AATCGGTTGTCATGAAAG,3
ATCTGGCATACTCAACCG,3
TAGAGCGCGGTGTATGGT,3
CTGGATCTCACGTGAGCG,3
TCGTACAGTGTGTGAAGT,3
ACAGCACATGACTTCCGT,3
CGGGAGGCAGCAGGTAGT,3
ATGTGTGGGACGTAGCGA,3
AGGGCGACCCGAATTTGA,3
TAGGGCTCACCGTTCATG,3
GCATCCACGGTGAGATAA,3
TAACGGTATGATAAGGCG,3
AGTACACTGAACCATGGT,3
GGCATAGGCGATCAACAA,3
GTACGGTCAGAGGCCCCA,3
TGAGGGAAGTATACAGCG,3
CGTATACCCAGACGTCTG,3
AGCTGGCAGTACCAGGTG,3
AATGCAGGCAGACATGCG,3
AGGCAGCAGTGACAAGGT,3
ACTCGATGTCCATGTGCG,3
AACCACAGGTCTGCCGAT,3
TGGCCAAGGAGAAGAGTG,3
AGCGCGGAACTGCCTGGT,3
AGAATGTCGCTAGCCTGT,3
ACGGAAACTTGCGAGGTG,3
AGCACGGAGTAGAGGGAG,3
TCGAGATGGTATTACGTG,3
ATCCCGATATCCATGTTG,3
ACGTTGGTGTTGGCTGCG,3
ACACACGTGGCTTGGGCT,3
TACTGGGCATGTCACGTT,3
TACTGCGCCGTAGGGCCT,3
GCGGCATCAAACGGCGCT,3
GTACGGCGATGGGTGTGT,3
GAGGGACGAGCCAAAGTG,3
TCACGGAGACCACAGACG,3
GAAGTACGGCAATGGTTG,3
TGGGCCGTGTAGGAAGCT,3
TCAGCGGGACTGATTTGA,3
CGGAGTAAGGTGCCAATG,3
AGGGGATCAGCACTTCAT,3
ACTTCCCACCATATGGCG,3
ATGAGGTGGTAATTTTGA,3
GGGCACTGTTGATAGCTT,3
TACTTCCCGACGTGAGGG,3
TACAGGGTCTAGTGCATA,3
GAGTCGTAACGGATGCTG,3
ATAGACCTGCACGTGTCG,3
GCGAGATTGAGCAGAGCG,3
GTGGGATAAGTCGCTGGA,3
GAGGTACAGTCGATGTTG,3
ACAGCAACCTGTCAGTGA,3
GAGGAACGGACATGGCAG,3
ACTAGTATCCAGGCCGGT,3
AGGACCGTTTGTGTGCTA,3
ACGGGTTCAATTCGTGCG,3
GACACACTACGGATCTCG,3
GGCATACTCCCAGCCGGA,3
GGGCACCGAGAAGACAGT,3
AAGGGAAGCGCATGTTGT,3
CAGGGACGAGGTGAGATG,3
TGATGGTAGAGTGTGCGT,3
CGGAGCCTATCAGCGGAG,3
TGGGACGACGCGTAACTG,3
ACGGGCTTAGTAGTTCTT,3
TGCGGACACCCGGTGAGG,3
AGGGCAGAGGACGTGCAA,3
AGGATGCCAACATTCCGA,3
ATGGTGCAAGGCGGAAGT,3
GCACGGGACTGAGGTGAG,3
GCACAGAGAACGGGTGAG,3
ATGGTGCAACGAAACGCT,3
GTACGTACTCACGGTGAA,3
AGGCCCGTCTATCGAGAT,3
GGGACAAGAAAGGGCACT,3
TGTGGCCAACGCTCGTAT,3
ACGAGGAGTACCGACGGG,3
ACGGGATATAGCATGGCG,3
GGGAGGAGAGTATACCAG,3
AGGCGACATCAACGTTGG,3
TATGCCCTTGTGCCCTGT,3
GGTAGCGGAGCAAGCGAT,3
TACGCGAGTAGTGGCAGG,3
AGCCGGGCACGACGATTT,3
ACGTAGCTAGACGGCACA,3
TCGGGCCATGTGTACTAT,3
ATGGGCTGTATCACCGGT,3
GGGATCAGGTCTGTAGGG,3
AATGGGCATAATAGCTCG,3
ACGGGGCCCACATAGACG,3
GGGAGGCTTATCGGACGA,3
GCGTTGGTTAGTGCCCTG,3
ATCGTCTTCGCTCCTGTC,3
GCACAAGTGCCATGTCTG,3
GAGAGCCTGTACGAACAG,3
AAGCAGGTGCGTTTATAG,3
AGATCCGTCCACACTCTT,3
GGGTTCGACCATAGATAG,3
TCAGATGACGGCTGGCCT,3
GGTGCCTAATCAGCGCTG,3
ACACAATCGGCTCGGTCT,3
GGACCCGTTAGCGCTCTG,3
ACCCTGTAGTTCAGGATG,3
TGCCAACAACGTACGTGT,3
CCAGAAGACGTTTGCCGA,3
GTGGATCGATGCTGCATG,3
GATCGTTAATGGTCAGCT,3
TACGGATGCTGTGCCCTG,3
GAGGGTAAGCTTCGTAAG,3
GCCAGACTTGTGCACGTG,3
ATGCCTGGACGTCTGCCT,3
ATCTATCACCTGTAGTCG,3
ACCGGTCCTGTAATGTCG,3
ATGGGTATACGGCCGAGC,3
GCGTGATCGATGCATAAC,3
GAAACTCGGCAGCGTACT,3
ATGTGGCGTAACAACAGA,3
ATTACCTGGTCCTGCTCT,3
ACGTACGACCGAGGGAGT,3
TCCCAATTAGTACCGTGT,3
AACGGCACACTCACTCCG,3
GAGTGCCCATACGCCTTT,3
ACACCGGGTCTTCTGCGG,3
AGCATGCGCTTGTGCTGA,3
ACGTTGCTGCTCGGCTAT,3
AGGCGTAGCGTGCGTAGG,3
ATGGACTGCAGCTATCCG,3
ACAAGTGACCACTCTTGG,3
ATGAACCGGTAGTGCTGT,3
GCCGGTAGGAAGCAGAGG,3
TGTGGCGCGTAGTCCTGC,3
ACTACACGTTAGTATGTG,3
ACGGCGCCGTATACTCCT,3
ATCGCAGCTCTGTACAAT,3
AGGGGCCACGTAGCAGTA,3
GTAACACGGGCTACTGAT,3
AGGATCAATAAGGCGGCT,3
GGGCTCGTTGATTCCTGG,3
AGGAGTGACAATGTGCGT,3
ATCCACACTGACATGATG,3
GCGATCGAACAGTCGGCT,3
ATCAGACGCTGCGTGTTC,3
GTGGCATAAAGCGGAACT,3
GGGATGTATAGTGGTCAG,3
AACTGCATCGACGGAGTT,3
GGGCACTATCATATGGAT,3
ACGGAATAAGGATTGCAG,3
GATGCACGTCAGACACCG,3
TGTGGGACGCAGGCCATT,3
ACGCTGTCCAGTGTTCGG,3
TGTGATCTCAACCCGTTG,3
ACCATCCGGTAGACGGTG,3
TGGCCTCTCGTGAGGTAA,3
ATGGGAGATGCGCTGTCC,3
ATACCCCGTTGGTAAGCG,3
TGACTGACGTTCGATGCT,3
AGCAGGAGATAGGTGTAC,3
CAGGCCGGCAAGGATGTG,3
CAGAGGGGATCACTACTC,3
ACCGCAGGAATCACGGTG,3
GGAGGAGTGATGACAGAG,3
AAGGTATAACGCGGGGAG,3
ACGACGGAGGACGTGATC,3
ACACGCCACATGGAGCAT,3
AGCACACTGCAGACCGTG,3
ACACGTTTCAAGACAGTG,3
AGCCACTGTGGCATTCCG,3
AGTGGAAGGATTCGGCGA,3
GCGGCCATTCTGAGGGTT,3
GTACTGGTGAAGGGAAGG,3
TGTGGTGACAGCTAGCCT,3
ACGAGGCTTACTAAGTGG,3
ACGGCAGCGGATGATTAG,3
AGGCGTACAGAGGACGGT,3
ATGCGATGGCGTGGGCAA,3
TCTAGCGTAGATGCTGTG,3
ACCGGGACTAGAGGCAAT,3
TGCCGGGTAAGGAAGCGC,3
TCGATGAGGCCAATGTCA,3
GCACAGTTGGAGACGGTG,3
TCTAGTCATGGAACGCGG,3
GCGCTCATGCACGTGACT,3
TAAGGAAGCGACGGTGCT,3
ACCTGAGCACGTGATACG,3
AAGCCGGCCTACGACTGA,3
AGGAGAAGCATTAGGATG,3
GGTGACAAATCGTGTGAA,3
CAGGGGCCAGTTATGCCT,3
ATCAGCCGATCAACGCGT,3
GCCGGACGTCTCCTTGTG,3
GGGGGAAGAGTGGCAGTG,3
GGAGGTATACGTGCGCCG,3
TGGGGATCAGTGTGAAGG,3
GTGTGCGACATGCTTCGC,3
GGGGAGTCGCGTTATGTG,3
TGGGCGGTGACGATTCTA,3
GGGCAGAAGTGGGTAACG,3
TACCTGTGTATCCGTTCG,3
TGGGCATAAGAGTTGTGT,3
AGGCAGCGGAACGAAGCG,3
TAGTAGTCGAAAGTATAG,3
AGGCCAGCTATCACGTGT,3
GGCTCAAGTGACGGTGCG,3
TACCACCACAGCCACGCT,3
TTTCGAATTGCTGGAGTC,3
GTGGCATATTGGCGCATA,3
GCTCACTTGACTGGCGGA,3
AGGTATCGTCGACCAAGG,3
GCCAGTCGTAGTGTCCGG,3
TAACACCGGGACCGTTAG,3
GGACCCCGTGGGTTGGCG,3
GAGGAGGTACGGTCACCG,3
AGTGGCTGCGTAAGGTGA,3
ACGTGAGGGCATATACCG,3
TTGCGGTTCGACACTGCT,3
GCAAGTGGCAAGGTTACG,3
AAGACCGGATGAGCTTGG,3
CACGTGCGGGACTAAAAT,3
AGGTGATAGTGTGCCCCT,3
GCTCCCCAGCACATGTTG,3
GACGGTGACCGCATAATG,3
ATGCGCGTAGCGGTGGCT,3
CATGACGAAGGTGACGTG,3
TTCGGGCTAATGATAAGT,3
ATCGGAGCCCACCATATG,3
GCTGGTGAAGGCAGTCGG,3
ACAGACTGGTTCGGCTTG,3
GACAAGGTGCTAGTACTT,3
TCGGTAGCTATTTTGTGC,3
GATGGTGTGATCGCCTGT,3
TAGGGATTGAGGTAGCCA,3
TCCGGGCATCACATTCAT,3
AGGTAGACACGCTAAATG,3
ACCACACGGTTTAGTGCG,3
ATGGGCGCCGTCTCGTAT,3
GGGGAAGGATGACGTTCG,3
CGAGGGGAAAAACATGCT,3
CAGACACGGGTGTAGTCG,3
AGGTATTCGTGAATATGA,3
AATGAATGAGGTCTTAGG,3
GTCCAGAGCCCACGATCG,3
ACGTGGATGGTACACGGG,3
GGAGAGGTCAGTCTTCTA,3
AACAGGTAGTATAGCGTA,3
ACGGACCGTAGAGAAGTG,3
GCGGAGCACATTTATGGT,3
GCCAGAGTGGAAAGGTCG,3
AGCAGGCTATACATCGTG,3
ACCTTGCTGAAATGTGCT,3
GAGGCGATTTCGACGTGT,3
ACCCGCGGAGCTTGGGAA,3
GGGCAGGTATTGGCTTAT,3
ACACCAGGTCTACGGGCA,3
AGTGCGATGGAGGTGCTG,3
GAGAGGACAAGTCGGCCA,3
GCTACATGTTGTGGCAAG,3
GGTAGTCGTAGTTCGCAT,3
AGGCTAGTCCGAGGAGTA,3
GACTAGGAAGAGACGCAT,3
TCGATCGTTGGTTATAAG,3
ACGATCCCGCTCGAAAAT,3
AGGGCATCGGACGACCAT,3
CCGATGCCATGTCGGAGG,3
GCGGTGCACGACTACATT,3
AGGCTGCACAATTCGGCT,3
AATCGGCGGCATGCTTTT,3
TTATTGCCGTCTGTTGTG,3
AGCGGAAGATGGGATACG,3
GTCGTAGTAATCCTTCCG,3
GGAGGCAGGACGGTAAGG,3
TAGGGCATCAAAGTGTCG,3
ACGACGTGGTAATGTAAG,3
ACCAGGGTAGTCAGCTGC,3
GAGGTCCTGGCAGGGATT,3
ACACCATGGCGCCCCTGA,3
AAGATGCGTGGATTCTGT,3
ATTGAGGGACACTGCATT,3
CAACGGCAGAGTGTTGCT,3
CAGGGGCCGGCCAATGTA,3
CAAGCATGGATAGCGTGT,3
GTGGGGCACTTCCTACGC,3
ATGGCAATAGACCTGTAG,3
AGGTGGTATCGAGGCGCC,3
GAAGTAGTTGCTTCCGGG,3
ACGGAACGTGATAAATTG,3
GGGGTAGAGCCGACTGTG,3
GTCGCGGAGGAATGGCTG,3
GCACGAGGCTAGAGTCTA,3
AGGGCGTCTAGCACACTG,3
GGGGCATTAGTAGCGGCA,3
CGATGCCAGGTATGTCGC,3
AGCTTCATGTCACGTGAG,3
GCAAAGGAAGCGATCGCT,3
GCATGGGCTTCATGATGA,3
TCCACCCTCATACGTTTG,3
GTGTCCATGGCTAGACCG,3
ATGGTGCTTCGACTTGTC,3
AGTAGTGTGTAGGTCGAT,3
ACGGTACGGCAGAGAGTG,3
GGGCCAGACCGAAATGCG,3
ACAGGCTACTATACGGTC,3
GCAAAAGGCGTATCGAGG,3
AGCGTAGCGTGTGTGAGC,3
TGCCGTGCCACGATTGAA,3
GTGAGGGACAAAGCGGTG,3
ACGCCGTGAGACGCTGCT,3
GAGGGCTAAGACGAGAGC,3
AGTAGCCATCAGACGTCG,3
ATTAGCCCTTTCTATGCT,3
CAGGGTCGTCTTCCCATG,3
AGGTACCGGGTTCCTAGT,3
GGGCCACAATGAACAGGT,3
AGGCGTGATGAGTTCGAG,3
TACCACGGTGATATTGTA,3
TTCTGAATGTGCTCTCCA,3
ATGCGGTATCGGCCGGTT,3
ACGGAGTAGGACGTGTCG,3
ACGAAGCGGGACGGATAG,3
AGTATGCGTAGTCAAGGT,3
GATGAACAGGACACATTA,3
GGCTCCTCCTAGGTGCTG,3
TTGGACGAGCTCCCGGAG,3
CACTATGCTGTCGTCGCG,3
ACGGGGCTGTAGCCTGTA,3
AGGTGCAAATCGGCGCTA,3
GCAGAATCGTCCACCGCT,3
AGTACAGAACGGTCGATG,3
TCTGGGCACAATTCACGT,3
GGAGAGGAGGCATGGCGA,3
GGCATTAGTGCGAGGATA,3
ATGGCATCCGATATTGAC,3
GCATGCGATAGTAAGGAG,3
CAGCAAGACGTGCCTGAG,3
ACAGTGCGATGTGTCATG,3
TGGCATATACATACGGGT,3
GGGCCAGAGAAAAAAGGT,3
GTGCAGTGCGACTACGGC,3
GTTGCACAGAAGCTGGCG,3
GAGGCGACCTGTACTTGT,3
GGGGCAAGAGAAGCCGGG,3
CGATGGGATCACGCTAAG,3
GGGGCATCATGCAACGAA,3
GGACATAAACCAGGTGTG,3
GTAGACCTGGTAACGGTG,3
AAGGGTCAAAATGCTGCG,3
GAGGGCACTAAGCTGAGT,3
ACGATGGTGCTCTGAACT,3
GACTAATGGGAATGGTGC,3
AGATATGAGTCGCCGGGC,3
GATGGTGGTGACGATTTG,3
TCACAAGGTACGGATGCT,3
ACGGCCTTGACGTGTCTG,3
AGGTGGTGTTAATAGAGT,3
TCTTAGCGTAGCGCGGAG,3
GCGGTAGAACAGTTCGGG,3
GGGAGGACCTAACATGAA,3
GTCCAATGGTATGCGGAG,3
AGCTGTTCAATTGTGCGG,3
AACGTACGAGCATGGAGT,3
ACGGCATACATGATGTGT,3
GAGCTGGCAATTTGTGCG,3
AAAGGGACGTTCCATTGG,3
CGTCCTAGTTCTGCTGTG,3
CTTCATTACGCCTCGACG,3
ATGAGGGCCAAGAGGGAT,3
GGAGCGGGCAGTCGGATT,3
CAGCAATCTTGACGGCGC,3
GCACTTGAGCATAATGGT,3
ACGGACGAACTGTGCGTG,3
AGGCTCCGTGTAGGCATA,3
GCCAGAGTGACCAGAGTG,3
ATCCGTGTCACTCGCGGA,3
AGCGGTATCGTAACCGTG,3
GGGGACAAATTCGATACT,3
GATACGGGAATGGTTGCA,3
AGGAGCTAGGCCATTCAG,3
ACGGTGCGTGCTTGATTG,3
AGCGGAGTAATACAAGCG,3
GATATCGGCCAGACATTG,3
ACACATAATAACGTGGTG,3
ACGTAAACCGTCACTGCG,3
GAGGTCTAGATTCTCGCT,3
CAGGGCGAAGGTAGGTCC,3
AAGGCCCGAGGTCACTCA,3
ACGCTCGGACAAGGAGAT,3
AGCATCGAGCTATGTAGT,3
TCCGGAGTTCATCGTGCA,3
ATCCAATGTACTCGACTG,3
CGAGGAGCGGCGGTGCAA,3
AACGATCTGTCGCTGGAA,3
AGCAACGATAGTGGGTGA,3
ATGGTCGAATATCCGGTC,3
GACGGGAAGGAGACTGGA,3
ATGGTCACCAACTGTACG,3
GGCGCACAACCCGATCCA,3
TAGGGGAGTATGGGGCAG,3
ACGTACCATCGGTTCGGG,3
ATGTTCGCTGCTGGGTTG,3
ACGACGTTGACAGTGGTT,3
GCTCGCGTGTGTTAGGAC,3
GTGTACGGATTGGACAGC,3
ACTACTGATCGCTATGTG,3
ACTACGAGTGGAAAGTCA,3
GTGGTGTCCAACTTGATT,3
GTGCTGATGTGTCGAGTC,3
ATGTTCGTAGGCTAGTGT,3
AGTAACCAGGCCTGTCTG,3
GGTATGACCCAGCGTGCG,3
ACCAGGGTGAGGAGATGT,3
GTGGTGTCGAAAGGTATG,3
AGGGAACTGAACGCGCTT,3
TACAGGGTAGTCTTCGTA,3
GGGCAGTATTTGATCGGA,3
TGAGGGATGAATCGCGCA,3
CAATGTGGTATGGCTCGG,3
AGGCACTTGTGACTGAAT,3
CACGGGCAGCCACACGGT,3
ACACGTCCATTGGCAGTG,3
TTGCGAAAAGACTGAGTG,3
AACGGGTAAGAGCGTACT,3
GGCCCGGGATGTAAATAC,3
GTGCACTAACCTGGGGCA,3
GGCGACACGGCGGTAACA,3
ATTAGGGCCAAATGGATT,3
AGCAACTAACACGCGGTG,3
AGTCACGGAATGGGTGCG,3
GGTGTACCGGATAGTCGT,3
CGCACGATCCGAATGGTG,3
GGGGAATCCAAGCAGCGG,3
AGGGCTGCAACTGGTGTA,3
AGGACCCTTAGCCTTCCG,3
GGGAGGCATTGTCGGGTC,3
ACAAGCCGATGATTTGTG,3
TGACAGGCAATGGAACTC,3
GACAGTGCTCCGTCCGCG,3
TGGGTGATCCTGAGCAAA,3
TACAGGTCATCGGTCTCG,3
AGGGCACGAGTTACCCGA,3
GATGGCAGCTATGGCGAT,3
GGTGAAGAGTGGAGGAAG,3
AGCAAGAGGTAGGTGTCG,3
GCACGATCTACTCCTGTG,3
ACCGGAAGGATAACGGTG,3
GACAGGAGACATATGGAG,3
ACGGCCGGACAGTTACAA,3
TGCGGCGAGGAGCATCTG,3
AACAGGTGAGCATGCTAG,3
AGGCCATTCGTACGCGGT,3
GTACACCGAGCCTATAGT,3
TAACCATTCGATCTTGCT,3
GGCGGTCACGCACTCGGT,3
GCAAAATGCCTGTTCGGT,3
ATGGGGCTTACGGTCTGT,3
ACGGTTGGCACATACGGA,3
GAGGCTAGATGCGTGCTT,3
AGGTGCAGTTACGTCATG,3
ACGGAGGTATGCGCTGTC,3
AGTCGACGACGTACGCTG,3
TCGAGAATAGACAGAGTG,3
GCACGGGTAAGAGGGATG,3
TATGGTACATACGTTGGC,3
ACCAGCATAAGTAGAGCA,3
ATTCTGGACCTATCTTGT,3
TGACAGCAGAGAGTGTGG,3
ACAACTCACCAGTCTGCT,3
AACGTGCTTGCCTCCTGT,3
ACTGAGGGATATCGATAA,3
ACGATCAGCATGATGTCG,3
CACACTGTCGAGGCGTGT,3
AGGATGTACAGAGTGGTT,3
GCGGCACTACATCCGAGT,3
ATGCGGACTTACATAGCG,3
AGGGTACGAAGGCGCATA,3
ACGGGGCCAGGCTACCTA,3
TGTGCAGGTATGGCCGCT,3
TGGCCATAGGACGCGGTT,3
GTGGGTCTCAGTTCCTGT,3
GAGGGCAAGGTGGATAGC,3
GGTAGCGGCGCACCATGT,3
GGCGGCATTCGTTGGTTA,3
AATACCCTCTCCGTCCTG,3
AGGGACTGAGTGTGTTAG,3
GGTACGGACCGTAGTGTG,3
GGTCCCCTCGTGTGGCAA,3
GTGCGACAGACGAGAACG,3
GACAATGATCTGCGTGCT,3
TAGGACAGGCATTAGTCG,3
GGGCAGTCTGATCCTCCT,3
TACGGTCTAACGTATGTG,3
GTGGCTCATCCACTCTCT,3
AGCACATCGACACGGGTA,3
TCGGGAAGCGGACCAACG,3
AACACGTGAATGTGACTG,3
AGCAGAATGCGGTGTCCT,3
GCAGACAATGGACGTGTA,3
AGCCGTGCAACCGATTGT,3
ACAAGGGTGTAGCACTGT,3
ACATGCTGCTCACGGTAA,3
ATGGCGTGTACGGTCATC,3
GCACGTGCCCAGATGCTG,3
ATAGAGGCTTGTACATTG,3
GACCTGTGCATCCTCGAC,3
GCATGAATGATCCAGTCG,3
TGCTTGGGATCAAGGTCT,3
TACCCGGACACTTCACAG,3
AAACCATCCCGAGTCGCA,3
TTTACAGTGTAGACAGGT,3
TGGTGTAGTACCTACTAT,3
ACGGTACGGTATAGACTG,3
ACAGGCCACACGTAGGGT,3
GGCATCCGACCTTCCCCT,3
GTGGCGACCCGGGAAGTG,3
GGGACGGGCACACAGACT,3
GACGACATTGTGCACCGA,3
GGGGGAACGGCTTTTGCA,3
AGTGGCCATTGCATTGAG,3
AGACGACCACTCGAACCT,3
AGATGGGGCGTGTTCGAA,3
ATGACGAGGTCGACTCGG,3
TAGGTGGCGGTATACTAG,3
GGCAACTGGGATGACTGG,3
GCAGTGAAACGAAGGTTG,3
ATAGGTAGGCGGCGGCAT,3
ATGGGCACGATGTGTCAG,3
ATTAGGTACGCGTCACGG,3
AAGGCGCATCAGGTGTTG,3
AGGTCGCAAAGGGAACTG,3
GACACCGGGAGATAAGCG,3
TGCGGAGTGAGTATGCAT,3
AGCGAACAAGGCCAAGTG,3
GCACTCGAGTCTTGGAAG,3
AACGGTCCTGAACGGTGG,3
AATGGTGACTCGCCGTGT,3
ATGAACGAGCATGGCGCG,3
ACGGCACTGGCACACGCT,3
AACGTGACTGCATGGCGC,3
GAGGGGAAGGATGACGCG,3
TCGGAGCCAAATCTAGTG,3
GCACGGGCATAAGTTCGG,3
TAGGGTCGCAAGCCACAT,3
AGCAGGGATACGCATTGG,3
GTCGGCGCTCAATACCGG,3
ATGGGATTCGACTGCAGT,3
AGCATGTGACATGGGATG,3
AGCATATGAGGTGTTGTG,3
GAGAATTGAGGAGATCAG,3
GAGTGCGCAGAGTGATCA,3
ACAGGGAGTCTTATGAAG,3
ACCGGTTGGATCCGATCC,3
ATGGGCCTCGAAAGCTGA,3
TGGGTCCTACGTGTTGCT,3
GCGGTAGGAGTGCTGCGT,3
AGGTCGCAGAAAGAACGT,3
TTGGATGTGCCACGAGAG,3
ATACAGGCATTTACTCGG,3
GGGGCGCTCAATAGGTCA,3
GAGGAGTGGACACAGAGG,3
AGAGCGTACGGAGCGTCT,3
GGCGCATACTAGATAGTG,3
ACAGGAGGACTCGCATCT,3
GAACAGCGAGTGCTCATT,3
GAGCCGAGGTGTGAGGAT,3
GCTGATGACTGCGGGACG,3
TGAGTAAGCCGCTGAGGT,3
ACCGTGAGCTTAACCGTG,3
ACGACAGCCCATTTCGCT,3
ACTATCGACCGGTGGCTC,3
AAAGACCGTAGGGTGCTC,3
ACCTGAGGCGGTTCCGTG,3
GTGGCGGCAATTCACGTT,3
AGAGCATTATTTATGTCG,3
GGCGAGGAGAGTAAGCGT,3
ACGAGATGTCTGAGTGTA,3
AGCTACTGTTGAACTGGG,3
ACGACAATGTTCTGAGTG,3
AGCCGACCTGTGGTGTAT,3
AAGGGGAGGAGGCTGCTT,3
ACAGGGTACTACAACTTG,3
AGGTGCGCCCGATCATAT,3
CACTGTCTCCCACGTGCT,3
CCAAGGGAGATGACGCTG,3
ACAGGGAATCGGAAAGTG,3
ACCGAGTTCAATGATGTG,3
AACCGTGTAATATTGGAG,3
ATGAGACGTGTGACCCCT,3
TCAAGTGTCATGGTGGCT,3
AGGCGCACCCTTACGTGG,3
GTAGATCCCAGTGTAGCT,3
GGTAGTAGCAGTTGTACG,3
GCACGGTGAGGATGTACA,3
AGCCGTCTCCACATTGTG,3
ATACACTCTCGGTTGGTC,3
GGGCACAGTGTAGAGTCG,3
GCGATATCTGGACGTGTG,3
CATGGTAACACAGGGGCT,3
ACAGGGTCATGAGTATCA,3
GACAGGGTGAGTAAATGG,3
GCCCTGAGATGTCGCTCG,3
GGGGTTAGGTTGAGGCAG,3
ATGCCACCGTGGCTAGTG,3
AACCATCGCCTGACGTGT,3
CGGAAGGCAACCGTCGCT,3
AGCTAGGCTGAGTATGAA,3
AGCCGTACGGTGCGGAAA,3
ATGCAGACTGCTCTTCCG,3
ACAGGCATGCCTACTGTG,3
AACACGTGACGACAGCTG,3
GACGCGCGGGCAAAATGT,3
TGGTACAGCAAGTCGCGT,3
AGTGTATGCTCCTCTATT,3
CGGCGGGATAACAGCGCG,3
GGCCAGGCAACTGTAGCT,3
AAAGTAGCTCCCAAGTAA,3
GGTGCACCTTATGTAGCT,3
TCGGCGAATATTGCTGCT,3
ATGGGTAGAAACGTCCTG,3
ACGGGAAGCCACTGACAG,3
ATTACGGTAGAGTGCGGT,3
GGCATGGCTGACTGGGTG,3
AGGTGACATTGGACGTGG,3
GCATAGGAAATCGCCGTG,3
AACAGGTAGTCGATGCGT,3
GTAGCACGGAGCCAGCCG,3
GGGCAATTGAAGTGCGCA,3
GGGGTGAAGGGTACGCGT,3
GTCACGACTGGTATGGCG,3
GCGACTGAAGTTGCAGAG,3
ACTCACCGGGTGTATTCG,3
ACACATGTTCTCGGTGTG,3
ACGATGACGTCGATGGCT,3
GGTGCACATGCTCAGCGA,3
ACGGGGATGTCCGACCTA,3
ATACTGTTAGTCGCTCTT,3
CACGGGATTCACGCTCGT,3
ACGCTATCAGAAGTGTTG,3
GATAAAACATGCAATGCT,3
AAGACCTGAGTGTGCCTT,3
AGTCGTCCAGTGAGCTCT,3
ATGTGGCATAGTGGTTGA,3
ACAGTGTTGCAGCGGTAC,3
TAGGCGTCGGTCTGCGCT,3
GGGCGGATATACAGCTCA,3
GCTATGATGTGCTGAGCG,3
TATCACGCTTACAGTGCT,3
TTGCGTCAATCCTCGGGT,3
GCGACAGGGTATCATGGA,3
ACGGGGACATCGTCAGCG,3
AGCAGGCGCGGCTCATGT,3
GATGCACGAGTTCAGTCG,3
GCGGCCAAGCGTGACATG,3
TAGTGCACGAACTTGGCT,3
ATAGATGGGCTCTAGTCA,3
AGCCGTGTAACATAGCGA,3
ATGCCAGCAAGGTGCGTA,3
ATGGCACCCGATCCACTC,3
ATACACAAGTCTAGTGCT,3
GAAGGGCACTGAAATTGG,3
CAGGGGTCTGCTACTGTT,3
GGCTCGTTAAAGGCAGAT,3
TGGGCAATTGGTTAGCTA,3
TATGTGCCAGGGTAGCGA,3
TCAGGCGGTCTAGTGAAT,3
GTGGACGCAACGACTCAT,3
TGCCGGAGAACGTACGAG,3
ATGTGAGTCCTAGGCCGG,3
GGTAGCACGCAGGCAAGG,3
GCTATGGCACGAGAGTTG,3
AGTGGCCGACTAACTCTT,3
GGTGCAGTAATATGGTCG,3
AGGGAGAGCATCACACGG,3
ATGTAGACGGAAATCGTG,3
CGAATTGACTTCGACATG,3
TGGCAAACAACGCTGGGA,3
GGGCTAGCGATCATTGTG,3
AGGACGAAGCTAAATATG,3
GTGACCCATGATCGGTTT,3
TTACTCAAACGTGTTATC,3
AGGGGACATCGCTTGTCG,3
ATTACGGTCAGCACATCT,3
AAGCGGACTCTGTGCTTG,3
AACGGGCGGACACGCGGG,3
GGCAGGGGTTGCCCGATG,3
GTGTAGTATTGCTCCCCT,3
TACGGGATACTCGGACGT,3
ACTATCAGACCGACAGTG,3
CAGGGAGAGTATCGGGAG,3
AAATGGTAGGTGAGACGT,3
TACGGGCAGTATAGTGCA,3
CGGGGTCCAGAATTAGTC,3
ATAGGGATGGTGTGTCGT,3
GGAGGCTAGACGTCAAGG,3
GCATGGTGGCCAAACTCG,3
CGGGTGAAGACGGCCGTA,3
AGGACTGTATACGGTCCG,3
AGCCCACAATCTGGTGTG,3
GGTGGACGAGTTAATGTG,3
GTAGCATGGGTGAACGGT,3
GCGGTAGTGACGTCGTGG,3
GGACGGCTAGCGATCGTT,3
GCCTGATCCTGTCGCGTG,3
GGCGGATACTTGCAATTG,3
AGGGATGCATTATGTCTG,3
GGAGGGAGATGCCGGTTG,3
ACAGACATGTGCATCAAC,3
GGGCGCCAAGTGGTGATT,3
GCGGGTGTCTGAGCCTCC,3
ACGGGTAATCACACGCGG,3
AGGGCACGAATCCATACA,3
ATCCGCGTTGGTACAGTG,3
AGGCAGGCAGAAGACTCG,3
GCCGGGTACAGGCGCTAT,3
GTGAGGATAGCGAAGACG,3
GGCATACTACTCCCTTGT,3
GGGTACTGACTGTGATTG,3
GCCCAATGTTAACGTCTG,3
GACAGGCTTAGGAAGGTG,3
ACGCTTTAGAGTAGTGTG,3
AGGGCCTGTCATAGTCAT,3
AGTTAGTGGTGTTCCGTA,3
GCGGAGGAATGTCACAGT,3
AACCGCGTCATTAATGCT,3
CAGGAGGCCATGACGGAG,3
GGATAATCCGGTGATCCG,3
GCACGGTCTTAGCGTGTA,3
GAGCGGAAGAGGCGTCCT,3
TTCGGTAAGCATACGCCG,3
GTGGTTAGACAGTACCGT,3
GGCCTTTATAGGGTGGCT,3
GCACCCCGGAACGCATCG,3
GGGCATGGGCGCTAGTAC,3
TCAGGGCACTCTATTTGT,3
AACACCTTCCAACGGGTG,3
ACGGTACATGAGGCGCGA,3
AGAGAGGTGAATACCGAT,3
GGGACAGGCGTATGATGG,3
GCCTCGTGCTTCCATGCT,3
ACGGCACACATCGATTCT,3
ATGGTCACCACGTGCCTT,3
AACGGCATAAGGACGGTG,3
CACGCGCGAACTGGTGCT,3
GGGCGTGACAGAAGGTGG,3
GGACGCGATGATGACAAG,3
GCAGGTGCGTCCACTCGT,3
CTGTGGCACCGTATCGCT,3
TATTGAGACACAGCCCCT,3
ATCGTCAAGTCCGAGTGT,3
ACGGGAATAGATCCGCGG,3
ACACATGCGCCTGGGAGT,3
AACGCATGACGTGTTGAG,3
TCCTGTCGCATTGTCGTG,3
ACGTAGGTACATGGGCGT,3
GCGAGGGTTAACTTGTCA,3
GGACTGAACTTTGTGTGC,3
TGAAGTGGTAATTAGCCT,3
AGGACCTAAGTCGGGTGG,3
ACGCTGCTAGGACTAGTG,3
AGGGACGAGCTTCAAGTG,3
ACTGTTCACGTTCGGTTG,3
ACCACTGGGGTCCGTACT,3
AACCGTAGACGTGTTGGA,3
CACCCAGTGGATCGTGAT,3
GTAGATGGCCTGAAGGTG,3
ACGGATTCACAACCAGTG,3
GGAGGCTAGCTGCAGTGT,3
AGGGAACACTGTAGCGGT,3
GCGGCATCTTATGTGCTT,3
GTGCGGTAACATGAGGCG,3
AGTGAAGTACGGCATGCT,3
AGGTACCTACTACCGTCG,3
ACACGGTGGAGTCGACCT,3
GTCACCATACCCCGCGTG,3
TCGAGGTAGGAGAAAGCG,3
GAGGGGCCTGGTGATGAT,3
CGACAGGCCAGTCATGTG,3
GACCATGGGCGTACCTAT,3
GATCCTCGCTACCATAAT,3
CTTCGCACATTGGGTCGT,3
GGGAACGTTCCAGCGTGG,3
AGACACGGACTGCAGGAG,3
GGGCAGACCGATCATGCT,3
GGCGGTCCACATCAGAAA,3
GTGCAATTCCTGACCTGG,3
GGCTAGCGTGATCTCGCG,3
ATAGCCCACGTAACTCCT,3
GCGGATAGAGACTGCGCT,3
AGCGCCAAGCAGGTGTGA,3
ACCGTTACTGGAATTCAG,3
ACACGGGGATCAACTGTA,3
GGCAGACTGTCGGTTAGT,3
GGAGGGTGAAACGAGGCG,3
AGTAACTGGACGAATCTG,3
CACGACGGACGAGGTGAT,3
TGCATAGTGCAACGAGTG,3
GCAGAGGGATTTAACTGT,3
GGGCTAGCAGTTGAGTGT,3
AGTAGGCATAACATGGTG,3
AGGTGTGACGGCTATATC,3
AGGGAGATGGGCGCACGC,3
AGGGACGCTATATGCACT,3
GGCGGCAAGAGGTGCTAT,3
ACCGATGATCTTGGTGCT,3
AGCGATATGAACCGGGAT,3
TTCCTCTTGCGGCGTTTT,3
ATGGCCCGGTCTAGTCAT,3
GGCTTAGTCCGAGACGGT,3
AGCGAGTAGCATGGATGG,3
ATTGGCGATTTCAGCAGT,3
TACCGTGTCTAGCTTCGC,3
GAGCTGTTCCATTGTGTG,3
ACCAAAAGTCGCGTGTTG,3
AGTGGCGTTCTACTGTTG,3
ACAGGTGGCAATAGGGCG,3
GCCGTGACGGGAATACCA,3
AACAACGGTAGATGTCTG,3
TGCACGAAACGTAGCAGG,3
ATCGGTGCGCCACAGATG,3
ACTCAGGACGACCGGATG,3
ATTGTGCCTTCCGTAGTT,3
AGGTAACGGTGACGGCTC,3
CGTGGGCTGGTATGGCTT,3
GTCGTACCCCAGCCTTTG,3
GGATTCGGGATCGAGAGC,3
TACGCTACGAGCTGTGTG,3
ACTGGGGCTGCCAATCGA,3
GCAAAGAGTACAGTGTGG,3
GCAGCGACGGCAATTGCA,3
ACCGTGGTAATTCGTGTG,3
ATGGGACAGGACCGAGCG,3
GCTCCTGAGTGTATTCTG,3
GCCAAGCGGAAGTGTTAG,3
ACAGGCGGAAGGTTATCG,3
GGGCGTGAACATCCTAGG,3
GCGGTTCAGACTGCCAGT,3
GGCACGCGAAGATCAAAG,3
ACAGGCGGTGTCAACATG,3
CGGGGCCATCTAGTCCTA,3
AGGGGTGAAAAGGCGTCC,3
AGGCGGAATGTAGGCTGG,3
ACGGGTGCTGAGGATTAG,3
AGGTACGGCTAGTTCTCA,3
ACGCGGCTAGTAGCGTGC,3
ACAGAGGCTTGAGTAGTG,3
ACCATACAGCGACGAATG,3
AATCAACATTGGTGTGTC,3
ATCAAGAGTGTGCTGTGG,3
GGGTGACCGTCCCAGGAG,3
ACTGTAGTGTAACGGGTG,3
ACGGTGATGTAGGTCAGT,3
AGCCCAGTGACCTATGCG,3
TTGTGGCGAACACGATGG,3
TGACGATAGGTGAGTGCG,3
TGGGCGGGTTCGTCGCGT,3
TGGGCGTATTGACGGTCC,3
AACCCGATTCCAACCGCA,3
AGGCCTATGCATGCGGTG,3
TCACCACGCCTAGGGTCG,3
GCGCTACTGACGGGATGT,3
TGGGGCACACACGCACAG,3
ACGGAGGTGCCAATTGAG,3
AATCGGGCATTCGGAGCT,3
AATGGGTCTACTCAGTGG,3
GCATGGAATATAAGGTCG,3
AGGTGACGATGGAAGCCG,3
AGTGGACTAAGGAGCTAG,3
AGGAAGGTCAGGCCACGA,3
GGGGAAGTACGAGTAGAG,3
ACGCAGGGTCCAGCAGTG,3
AGTCAGTTCAAGACTGCT,3
CAGGTGCCCACTATGTTG,3
AGATTAGCCTACGACTGG,3
TGCACTGGTTCCGCACTG,3
ATCGGCAAGGTATCTGGA,3
AGGTGGTAAGCGCGACGG,3
ACAGAGCGTGTGTATGTG,3
TCGGTGAGCTCGCTACCT,3
TGGGCCTAAATCGGAGTG,3
AGGGAGACCATCTCTGCT,3
ATGACGGAGTCGAACCGG,3
CAGATGGATTCGTGCGAT,3
ACGAGTGGCTCGGACTGT,3
ACGGGCGTGATTAAAGGA,3
TGGGAAGATGCGCCTGTG,3
ATGAGGGATCTACCGCCT,3
GGTCACGCTCATTGATGT,3
TGGCGTGGCAGCTTAGCA,3
AACGGTGTAGTCGCCCCT,3
ACACACTAGATGCGTGCT,3
AGTGAGAAGCGCTGCGTG,3
ACGGCATCCGGTGACGTC,3
TACGCCCGAGGAACACTT,3
TACGGCAGCCATTTGATA,3
ATAGAGCGTGTCGTCTGG,3
GGACGGATAGGCCGAGCA,3
GTGCAGTCAGTCGGCAAA,3
CACGCGGGAACGAGTCTG,3
TGGAAAACACGTCGGGTA,3
GTGAAGCGGAATAGGGCG,3
ACGTCACTCCTCCTAATG,3
TTGCAGGGAGTAATAAGT,3
GGCCGGCCGGATTAGGAG,3
TGGGATCCTGCCACCATG,3
AATGAGGCCCGTGGTTTC,3
AGCCATGCGTTGGTGTCG,3
TAGAGGTAGCATTAGTTG,3
AGGTACTCTCCGGGCTTA,3
TGCGGGATCTACGTTATA,3
CAATGTACTGGTGATCGT,3
CAGGGGAACAAGGTTGTA,3
ATGGCGGGATGCAGCTGA,3
TAGGTCAGCAGGAGGCGC,3
GCGGCCCCATGAGTGCTG,3
ATGGGCATCGTACTCGTC,3
GGCGACACGGTGTCGGTC,3
AAGGCAGGGTTACGGTCT,3
GGGTCACCAGTTACTGTG,3
AACGTGGACAGGACGCCG,3
ATGCATCTCCACGTCTGC,3
TACTCAGGAAGGTAATCG,3
GAGCAGCTCACCGACATA,3
GCCACTGCGGCGCGCATG,3
TAGAGGAACGAGGAACTG,3
AACCACTAAGACTCGCGG,3
GCAGGCGGAAGAGGTGGA,3
GGGATCATGTGGCGACGG,3
GTGCCCGCTTACTCCACG,3
GGCGCCGGCTACAGATCA,3
GTGGCACCGTCTAACCGA,3
GGTTCAAATGTGCCTTAG,3
AGCTGGGGCAAAGCGCGG,3
ATCTGAGGTCACGGCAAT,3
GTGTACACGAGGACGCTG,3
GGGCCATTACGCTCTACT,3
TCGTACCCTGTGCCCGAT,3
ACAAGGGTCGCACGTAAG,3
GTGGGTACACTTCCAGCT,3
GGCAACTACGTCGAGGAA,3
GTGTGGTAGAAAACGGCG,3
AAATGGTTAGAACGTCTG,3
ACGCAGGTAGCTCAGGAT,3
GAGGCATTCCGGGTCCGT,3
TGGGACCTCACGCCTTGG,3
GGGTGATACGCGCGTAAT,3
TGGACCTCTCCTTGGATG,3
CAGCACGACACGGGGATG,3
CTCCACATTGGACGTGAC,3
AGACGATAAACGGAAGTG,3
AATGCAGCTAGACGGGTT,3
GAGGCATACGCGCCATGA,3
TGAGGAGCAATCTTCGGC,3
AGGGACATAGGAACGCTC,3
ATGGCGGTATATGAGACT,3
GGGGAACCCCTACTACCT,3
GATAACCAAGTCCCTGCT,3
GGGCACGAGTATCCGGTA,3
GGCATGAGTGACGGTGCT,3
TGTCGTAGGAACCGTGCT,3
AAGCCGAAGTGTACGTTG,3
ATACGAAACAATGACGGG,3
AGATGGTCACATCCGATG,3
TGTGTGCTACAGGTTCTT,3
AGGGTGGAGGAGAGGCGT,3
GTGAGGTAAGCCCGGTCG,3
AATGTGGGTAGACATCAT,3
TAGGTATCTAGGGCCGCG,3
ATGGCCAGACATGTCACG,3
GTGCGCACAGTCAGATGG,3
GACGCGGGAAACCGTGTG,3
TAAATAGTGACTGGCACT,3
GCGGCACTGTGTGGTAAG,3
CCTGGGAGAATCATGGAG,3
ACTGGGAGTCCACAGTTG,3
GCTCGGTCTCTTCGTGAT,3
AACGGTATAGGGCACGTT,3
ACCGAAGCATGATTGGTG,3
GGGTATGGACGCAGATGG,3
TATGGCATAGTGGAGGCG,3
AGGCACACTTCTGCAATA,3
TGGCGTACATGGATCCAA,3
GGAGGATCGGCGCGATAT,3
TGGAGTGGTGATGCAGGG,3
GGGAAAGACACTGCACGG,3
AGCAAAGACGCATAGTGC,3
GCCTGATTAACGACGCGG,3
ACAGAGTCTACTGTGCGG,3
GGGATGCCGACTGGGTGG,3
GGCACAGAGTTCGACCTG,3
ACGGGCTGAGGAAACGGA,3
GCAGTGACGTGCTTAATG,3
TGTGCATTCTAGCCGTCG,3
ACATTGCTCAAGGTCATG,3
ATGGCTGGACAGAATGTG,3
GCGCGATGGTAGCAAGCA,3
TAGGGTAGGCCCAGCAAT,3
GTCCCAGGCTCGACGTGC,3
AGCCAGGACTGGTCGATA,3
GACGTACCCCGGGATGCG,3
GCTCAATATTAACGTTGC,3
TAATGCGAACGGGCCAGA,3
ACCGGCGCAGGACGAGTT,3
AGGCGGGTAAGTGTTCGT,3
ATGCTGGTATGCGGCAAG,3
GGCACAACATGGGACAGG,3
AACGATCCAAGAGATGGT,3
TGTGGTAGCATCGCCCAG,3
TGTGGGAAGACCGACTAG,3
GCTCTAGTGAGGGAACAT,3
AACGTCAGGGTCAAGGGA,3
AAGGTACATGTTCAGTCT,3
GAGCTCTATAACCGTACA,3
AGGCGTTTGGGCCCACTG,3
AGCAAGGGGCAGAGTTAT,3
CTGCAGTGGTGTTCCGCG,3
GAGGGCCCGGCACGTTGT,3
GATGAGGAGCCGACGCCA,3
TGGAAGGTTGACATAATG,3
CGAAGGCGAGAGCGGGTT,3
TGGGATGGAACGCGGCTC,3
ACGTCACCGAGCCCTATG,3
ATGCCCCAGCATTGCTCA,3
TGCGGTAAATGGTACACG,3
TGATCGAGACACGTCTGC,3
AGGCTGTTGCATCGTGAT,3
ACAAGAGGGACGCAGGAG,3
GTAGTGCCCTTGCTTGAT,3
ACGGTAAAGTCGCGGCTC,3
ATACGGCAGGGACACTTG,3
GGAGCAACGCACGTCATA,3
ACATGCCGAGAGACTGTG,3
TCCAGGAAGCTATGCTCG,3
AAGGTGAGAGCGCACGTT,3
CGCATAAGACCGCGTATG,3
GTAGCACGGGATATGGCG,3
GCGGGAGTTCAGTACCGT,3
ACGGTGCTGATGGACTGT,3
GACTAGTCGCGCATGATG,3
ATGCCGATCCAGATGCAT,3
ACTCGATGGACAATGGCT,3
ACTGCTGTCGGTGTTTTG,3
AGGAGCGAACAGTATTGG,3
GCACTGAGTTGGCTAGTA,3
TGTGGCATAAATTGACGG,3
ACATAGGAGGCTGCGTCG,3
ATAATCGGTAGACTATGG,3
AATGGGCCACGGTGGACT,3
AGGTGGACATTCCGCGTA,3
ATCGTGCTACTGGACAGA,3
AACATCGGTCAATGAATG,3
CAGAAAGAGGGTAAGGCG,3
TCAGCAACTGAGTGTACG,3
GCACGACAATGGGAGTAG,3
ATACTACCGCTTTCGACG,3
AATCAGCGGTAGTGGGCT,3
GACAGTGGCTCTTTCTTG,3
GGGGCGCAGCCATGGAGT,3
ATCGGAGAGGGTGTTCGT,3
GGGTCTATGGCGGTAGCA,3
ATGTCGATTCTAGACTGG,3
GGGTGCGCACGGTTGTAG,3
ATCGCTTCGATATTGGCG,3
GGGACGGGTATGAGGGCG,3
GGAAGGGATGAGCCTGTC,3
TGACGGTTGCCTATGCAT,3
GGCGGGACCATCACATCA,3
ACGGTCAGAAGTATGGTG,3
GACCGGGCAGTACTCCGA,3
AACGATAGCTGCTGGCTG,3
ACGAGGTACAGTTACGTG,3
AAAGGAACGCATCACGTG,3
GCGCGAAGGGATGAGGAT,3
AGGCAGGAGGAGAACAAG,3
GTAGAGTTCGACCGTGAT,3
GCCAGCGGTAAGTTCCGT,3
AAGCAGAGAGGCAGTCCG,3
ACCGGGACGATGCATGAG,3
TAATACCGTCCCAATGCA,3
GGCGGAGGACGTACAGAG,3
AGTGGACACATCCGGAGC,3
AAGACGGGATAGAAAAGG,3
GACAATGATAGCGGGACG,3
TACCGTAACTTCTCGGCT,3
AGGATAGTGCCTTTGCTA,3
GTAGCTTGACGGCGGTGC,3
ATTTGGCACGAATCGGTA,3
GGGCATTCATCGACGACG,3
GACCCTGATCCATAGACT,3
GCGGGGGAAGACCGCCAG,3
ACGTCCCGTTGTGTATCA,3
GGCATACGTTTACTACCG,3
AGCGGAAAGATCAACATG,3
GTGGAGGGGACTGGTGCT,3
TAAGGCGTACAGGAGGTT,3
ATCATCGCGCTCTGAGGA,3
TCGACCCCTTTTCAAGCA,3
GAGCGGACTGTGTGCGTG,3
ACGCCCGTGAAATACCGT,3
AAACGCACTGCAGACTGG,3
CGACTAGGAGTGAGCTGG,3
AGGCAGCTCAATCCGTAT,3
CGTGTGGTATACGTAGCG,3
TGGGAACGGTCCTGATCG,3
GGAGGAGAGTATGGATGA,3
TCATGCTGTGGAGCACTG,3
GCGGGTCTAAGACGGATG,3
ATGCGGAACAGTGCCATG,3
AAGAACGTGATGCTGTCA,3
GCTAAGTGACCTTACGTG,3
AGCATGCACAGATTGTGG,3
ACGCCCGTGTGGTTGGCA,3
AGCGGTGCGGATGATGCT,3
AAGGAGACAGGGCGCTTA,3
ACGGGATGGCAGCGCACG,3
AATGGGACTGACTTGCTT,3
TCTATATGTGCCCTCCGA,3
CGTGAGTGAGACGGTGAG,3
CGCTGTGGTATCGGCCTT,3
ACGTACCTTGGTGTGCAG,3
TATGGCGCGTCCTCATCA,3
TGGGATGGTTATTGGCAA,3
AGGCGAGACGGACGTTCT,3
GAAGGACCGGAATGGTGT,3
TAGCAGTAAGAACGTTGG,3
GGGATTAATGCAGCGATT,3
ACGGATGGGATATGTGTA,3
GTTCCACTCGTCGTCTGT,3
GGGATGTCCAGGAAGGTA,3
ACGATTGCAGGTAGGACG,3
GGTAGCGCCCAGTACGGA,3
ACGGACCTACTAGCCGAT,3
GCTAGCGTGTAGCTAGTA,3
GGGGACAGAGAAATGCGG,3
CAGCATGCACGCCATGTG,3
TGGAGTCGACTGCGTGTG,3
AGAGGGCCAACTGGAATT,3
TTGCGGGTTCCGATACCG,3
ACTGACAAGTGTGTGCCA,3
TCGGTGTTACTCAGGATT,3
GAGGGCCAAATCTGGTTG,3
GGGGACAAAGAGCATGCG,3
ACTGTAGGGTCACGATCG,3
GAGGGATTATCAACGTCT,3
GGGTAGAAGGCGGTAATG,3
TCCGGGACTAACCTCAAG,3
GCACAAAACGGTGCAGTG,3
GACGGGTAGTCTGCTCGG,3
ACGATGGCAAGGCTAGCG,3
ATGTACGGCAACGGTAAT,3
CACCGGATCGGGAGTCCT,3
TATCCGGCAGTAATTCGA,3
AGACTTTGGGAACTCGGA,3
GCTGGGTACCACTGTAAG,3
GATGTGGGAGACGAGATG,3
CATTAGGAGTGCAGACAT,3
AGGCGGAATCCTATGTGT,3
TACCGGAGTGATGGGAAT,3
GAGTTCGAGTAGTGAGGG,3
TCGCGGGACATGTGATAG,3
GGTCGCGTCCAAGCCTGT,3
AGCAGGAGCGGATACGTA,3
AGGGAATCGAATCAAGTG,3
CGTGCAGTGTAGGTGGCT,3
GCCAAGGGTAGACTGCAT,3
AGCGGGCCGAGGATTTAG,3
GGGCGAGAGCAGTTGGTG,3
ACCGTCTCGATCTAGGTG,3
ACATACTCATGTCCTGTG,3
ACGATGGGACCAGTAGTA,3
AAGGAGACGAGTGATGCT,3
GGGTCCATAACGATCTGT,3
TGCCTTGCTCGCAGTTCG,3
AACATCACAGACTGGGAG,3
GTGTGCGATAGTACAGAT,3
AATCACGCATCCATGTCG,3
AATGGGGAACTACCTGCT,3
TGTAGGTAGCATTCATTA,3
TTGAGGACGCAGGACGGT,3
CGGAGCCGGTGAAGCGTG,3
CGGTCATGGATGAGTGTA,3
GAAGGGCACTAACTTCTG,3
GCGTCGCGCTAGATCATG,3
AACGGGTATCCACGTCCG,3
GTGGGTGAGATGATCCTG,3
CATACCGACCTGTGCGCT,3
GGGTAATCAGGACATGCA,3
GACAACATGGAGCACTTC,3
GTGGGCAGCGTACACCAT,3
GACGGAAGCCGGACAGTT,3
GTGGAATAGGCCGAGCGA,3
ACGGGCGATTAGGGTATG,3
ACAACGGGATCAGTGCAG,3
GATCGTAGGCTATGTGTG,3
GGCCTTGTCCAATAGGTG,3
AAGGGTTGATACCATGCA,3
GCTGTGGAGTCTCAATGG,3
GTAGGCGTTGTGTGCGGA,3
GGCGAGGAACACAACGGG,3
AGGGATGTCGACTGCATG,3
TCCGTGAAGTGATGTGGC,3
GCGTACCCTCTTTGTGCG,3
ACACATAGGGTTCCGGGC,3
TGCGGCAAGAGATAGATG,3
AAGTTGTATCCCTGGTCT,3
AGCTACATGGTGGCCGAG,3
ACGGTCGCTCAGACGTAT,3
TGCAAATTGCCTAGGCGG,3
GGAGGACCCCGGTCATCG,3
GGGAGGTGAGAGCGAAGG,3
AGATCACCAACGACGCAT,3
ACCACTTAACGAGTTGTG,3
GGAGAACACGGACGGCTA,3
AACGGCGATTCGTCGTGA,3
AGGTTATGTAGAATGGCA,3
TTGGGATGATGAAGCTTG,3
ATGGTAACCACTATGGCG,3
GCCAGAGCAAGTGGTACT,3
GTGACGTATGTCCTAATG,3
TCACCCGGTGTAAAGTTG,3
TGGGCAGGGTGATTCAAG,3
ATAGGGAAGTCTTCCAAG,3
ACCATTGCTGGCCGGTCT,3
GGTATGAGGTGAACTGTG,3
GGAGGCGGAAAAGTCTGT,3
AGTACGTGAGCATTCCGC,3
AGCGAGCCCCGCTACGTG,3
ACAGGTAAGACGCAATAT,3
CGACATGTACTCACGATG,3
GTACCAAGTCGGCGTCGA,3
GTGAGCGCTCATGCAACG,3
AGGTATCCTCGTCCGGTG,3
AGTGGCATACAGTGCGCT,3
ACAGGCGGTATCATCGAC,3
TAGCGCTCAGACTTTCGT,3
GGAGTGTCTTGATGTGAT,3
GATATCCGGATCGCGTAG,3
GGCGTTTGGCCGGAAGAT,3
AGGACATCCAACGGCCGA,3
ACCAGGAGCCTAGAGGAG,3
ATTAGGAGCGGCTCAGCG,3
AGCATGTCCCGACAGTGC,3
AGGACCTATGTGTTGTGG,3
CGGAGCATACGGCCGAGT,3
AAGACGCTGTGGACCTTA,3
AGCGCTAGACTTTCGTGT,3
GGGGCAATGACTCTCCCT,3
TGGCCTGGAACTTGCGGT,3
GATGGACGGAGCAAGCCT,3
ACCGGGTCTGTCCGGGAA,3
AAACGGCATTGAGTTTGG,3
AGGCAGTTATTGAGGATG,3
AGTAACTGTGCACGATCA,3
ATGCGGACGAAGTTTGGG,3
GTACTGTACCTCACTCGT,3
AGGCACGGGATGGGCCGA,3
GGGTAGGCAAGCTGCTGG,3
AGTGGCCGAATTCATTGA,3
GCGGCAACGGATTGACAT,3
AGCACGATTTGATGTGTG,3
AGGAGGGTGATGAGACCG,3
ACAGTGGATCTAAAGGTG,3
GACGGGACTTAGGGTCAA,3
TAGTGGATCATTGTAGCT,3
TGCGGACTCAGGAATGTG,3
TGCATACCCAACTGGTCA,3
ACGATGGAACATTGTGCT,3
GCAACAGGCGGATCTATA,3
ACACCGTGCTGCGTTAGT,3
GGCAAGCGAGACAGGGTG,3
GGGACAGTGTAAAGCTTG,3
AACCAGAGGACGCTGTGG,3
GGGCCGCATAGGTATCCG,3
AGGAGCAGGAGCAGACAG,3
AGGGATCAAGTGAGTGTG,3
ATGGACAAAAGGGTCTGG,3
TGCAATCATGGGTGAACT,3
TTGGTCCGCTCCCATGCT,3
ACACAGATCTGGTCGTGT,3
GCAAGAACTCGTCTGTCT,3
CAGGCGGGAGTAAGCCAA,3
GCTCGGAGATAACTGCAA,3
GTAGGCCGCGCGTAAGGC,3
GCGGATGGGAGTAATCAC,3
TGACGGTAAGTAGACGCG,3
CAGTGTCAGTCGACGTGA,3
TACAGGGTAGCTGTGGCC,3
GTGGGATGGCAAACTCTT,3
CTACGCTTTAACGTGCGC,3
AACGTGAAACACATTGTG,3
AGCAAACGTGTGCAGCGA,3
ACAGTATCCTGGTATGCT,3
TAGTGGACGTGCCATGCG,3
GAGTGGGTTAAGCCCTGT,3
ATCAAGCAGCGACCCGCG,3
AGAGGGATGATCAGTGCT,3
AGGCTGACTCGAGTGCGT,3
AGGACAGCAACCCGTTTG,3
TCGCGGAGTAGAGACGGT,3
ATGATACAACAGCCCCGT,3
AGGGAACTACACGAGAGG,3
AACATGGCCTCACCCGTG,3
AGGTGAAGGCAGCTCTCG,3
TAACAGGGAGAACCTTGG,3
ATACTGGTCCGCACTTTG,3
AGGACAGGGTGTATGAGT,3
CTGAATGAGGCCGCTCTT,3
ACGTGGTAAATGTTGTCG,3
GACGGCAACAACCATGGG,3
TGGCTGTTGGGACGACGA,3
GAGAGGGTTGTCCAGTGG,3
GGTACATCGCTGTGGCAT,3
ATAGTATCAGCGTGTCAA,3
ACGGAGGTCCGATAGTGC,3
GAGGTGCAGGACGGTGTG,3
ACGGGCTGGTGGCAACAT,3
GCAGAGAGGATTCGACAT,3
AAGCGGACACGGCTACCA,3
ACTGAGGTTTCGAGTCCG,3
AGCGGTAGTCAAGTTGAC,3
TGGCTAAGATCGGTACAT,3
ACAGTGACCCAAACGGTG,3
CGGGGTAGAAGCCAGGAT,3
TATGGGCGGATGCTGAGG,3
ACGGCGGACACACTCATT,3
GAGGCATGCTATCCGAAT,3
TGTGGAGCAATTAACGAG,3
GGGTACGGGTAACCCCGG,3
GTCGCTGGATCGGCAGCA,3
ACCGCTCGAGGTGTAGGC,3
ACCCATAGATGTGGCGCT,3
GACTCGATGCCAGTGATA,3
GATGCTGGAACAGGAGTG,3
GTGGAGCGTCTTGCGCTA,3
AGCGTACTTCTGGTGCTG,3
AAATCCACTGGCAACGTG,3
ACAACGAACCAACTGGTG,3
GTAGCAGCAGCCGTGCAT,3
GGAAGGGTTTACGGCTCT,3
TCGGGTTTACAGCCAGAT,3
GCGTATCGTCATCGGTAT,3
TATGAAGGGGCAAAAGCG,3
GACGAGGGAATTCGAGCG,3
ACGAGTGCGAACGGAGTA,3
TATGGCGAAGCGTAGTTG,3
AACACAGGCCCAGCGGTA,3
AGCAGCAGACCTATTCCG,3
GGTACCCATGCACGCCAT,3
GACTGTATGCCCACGTTG,3
AGCGGAGAGTGGGTTAGT,3
AGCAAGTTCAAAGGAGGT,3
ATACTCCTGCAGTTGGCT,3
ATAGGTGCCAACTAGCGA,3
AGGTGAGGGCAGAGCGTT,3
TGCAAAGGAGGAGCCCCT,3
AGGTGGAATATGCGCGCT,3
TACCAGGGACATTGGCCG,3
GGGGACGCTGGTTGAGTA,3
TGCGGTCTAACTATACGT,3
GCAGACATCTGGGAGTTG,3
TGGGCTGCATACTATCTG,3
TATGCTGGAACATGATGG,3
ACCGCCGGGATGTGTAAG,3
AAGATGGTAGAGGCGGAT,3
CGAGGGGAAGTCAGCCAT,3
TGTTAACCGCCCGTGACT,3
CACCGGTGTGTGTTGCTT,3
AGCCCAAATACGCAGTGG,3
AGCTGTCGCAGGACCCGT,3
ATGCGGCAAAGGGCTGGA,3
TACACCGTCGGAGAAGGT,3
GTGTGTTGGACGCGGCGT,3
GCAGGACGCGGATGAAGT,3
TGGCCAAGGAGTGTAGGT,3
GGCATGGTATAGGGGACT,3
GGGCTGAGGTGCACTGGT,3
ATCCCGACCTTTATTGAT,3
GGAGTGGAATGCGCAACG,3
ATAGAGAGTAGTGTATAC,3
AGGTTACAACACGACGCG,3
GGGGCAGAGAAAGGGTCA,3
GGACGCAGGTATCATATG,3
GCAGTAGCGCCTATGGTA,3
GGCAGTCTGGAGATGGCG,3
AGGCTGACCATAGTGTGC,3
GTGGTGTTAGAACCGTAT,3
GGGGCACCTAGTAGTTGA,3
AAGCGGCGATGGCTGGCG,3
ACCGTAGTGTAGCGATCT,3
AGCAGCGGCGTGAGTACT,3
GCAGACTATCACTATGGA,3
CGTGGGACTAGGCTATAA,3
GGTAGGTAACGATGGCCT,3
AGGTGGAATAGAGCCGCT,3
TGTAAACAGCACTTGTCG,3
GGGATGTCAATCACGAAG,3
CTCTAGGGAGCGTAATGT,3
ACGGTCGATGCAACGGCG,3
GGCAGGATGGTGTCTGTA,3
GGCAGCTCCCAAATGGTC,3
GGTAACCAGGAAACGTCG,3
GTGCAACCGGCCAGTGCT,3
GGGGTACAAACACCGCGT,3
ACGGTCTGTGAATCGAGT,3
TGGTGGTATGCAACTGCG,3
ACGATCCTACCTTCGTTG,3
GCCTGACATGTAGGCGAG,3
TACGAGCGTGTGTGTCTT,3
TAGGGCGCTTCCCTATCG,3
GGACAGAAGAGGCCAGTT,3
GACGGCACTGAATCTTCA,3
ATCCGTGTCTCTACGGTG,3
GTGGCATCTTAGTGGTCT,3
TGGGCTCTAGTATCCCGG,3
GTGGGATTCACTGTTGGC,3
TAGCGCGATCGGTCCTAT,3
GAGGCGGACACTCATATG,3
AGATCCGACACTAATGCA,3
TGTAACCGTCGTGCTGTA,3
GAGGGCAATCAGACTGCG,3
GGGTACGTATTAGACTCG,3
CGCTCGGTCTCTCACTAG,3
AGGCGTTCAAGAGTGTCA,3
ACAGGGTGAGGAGATAGG,3
ACGGTACATACGTCAGTG,3
GTAGGGTGCAACTGTTAC,3
GCAGGCATACTAGCGTGT,3
GGCACACAAGACAGTTGC,3
AACCACGACGCCGTAGTG,3
AATGACGTGACTGCTTTC,3
AGGATGTAATATGTCGGT,3
ATGTGGGTACAAGTACAT,3
AGGTGGTCCGAGCATCTG,3
AGCAGCCTGGTTCTGGAG,3
GACCTTGAGGAGCTTCAG,3
GGGGCCAGAATTCTAGGA,3
CGTGGGTGCGATGCCATA,3
CAGGGACGATCTTAGGAG,3
GACGGCGTTACATTCCTG,3
ACGGTAAGTAGCGTGGAA,3
GAGGGACCAATCGTCATG,3
GCGAGTTCAGAGTTGCTA,3
AGCGATGGCAGATGTGTG,3
ATAAGGACGATCTATGGG,3
ATCAGGGCCATACACTTT,3
AATGTAGCTGCGACTTCA,3
GTGGATAGATAGCTGGCA,3
GAGCAGTGTGGCCTACAG,3
CAGCGGGATAGGAAGTCG,3
ATGTGATCTCAGCCCTTG,3
TGCAGTGGTTATACATCG,3
TGGGTGAACAATGTACGT,3
GGCTAGTGCACAGTATGT,3
GCTCGCACGTTCCTTGGA,3
GCTGATTTACAGCCTGGA,3
ACCTTCAGGCGTACGTGG,3
ATACTCGACTAGTGGTGA,3
GGACTGTCTTGATGTGTG,3
GCTGGGCTTAGTGCACTC,3
TTGCGTTCTCGGATTTCG,3
TGTCAGAGGTGGTGTGGA,3
ACGGAGACGGCACACTGT,3
CTGCGGTAGACTGCTCAT,3
GAGGAAGGTAATGTTGGT,3
ATGCCTACGGTGCTCGAT,3
ACGGGTATAACAAACCTG,3
TGATGCTGCTCGTCCCCG,3
TAAGTGGAGTGACGTTCT,3
CAGACGTTGATTCCTTCG,3
AACGATCAATGTATCGTG,3
GGGGCACTGAGCATTGTT,3
GTAGGTCACTGGGATTAT,3
TTATTGCGGCACCCGGCT,3
GGGCCTAGTAGCCATTTG,3
GGCGTGTGCTCAAGTCAA,3
AGGGACGACTGTACTGTA,3
TGATGATACGGGTGGCTG,3
GCGGGAAGTTAGTGTGGC,3
GCGGTCTCTCGTACAACG,3
GGCGGAGGAGGGATCGTC,3
AAGTACACAGTTTCCGCT,3
ACTAGATGCTCATCCTGG,3
CCAAGGGCTAACTCATGT,3
AGGGCCACTTCGGGTCGT,3
AAAGGCCAGACGTTGGGA,3
GTACGGTTTAGCCCAATG,3
TTGCAGGGACTCACTGTT,3
AGCAAGGTCATCTGGCGG,3
TGCCCAGAAGGTGTTCCA,3
AGCGGTATACGCATGGCG,3
GGAGACACTATGGACGAT,3
AACGATCAATTTCGCCCG,3
GCAGAGTAGTGCATCGAG,3
CGGGAATAGACGAATTGG,3
TGGTAGGGAAAGCGGAGG,3
ACTATGGGCTAGCTCCGA,3
CGTACCCGTGGATCTCGG,3
TCGGTACCAGAGGAGCTT,3
AACGACGAGATGCGACGT,3
GCGACTAAGCGGGTCTAT,3
GGCGGCCTAGGAACACGT,3
ACGCAACGAGGGGACATG,3
TGGAAGGGAAGACGCGTG,3
ACGGGCGAGTCTACGGTG,3
ACACGGCAGCGGACGGTT,3
ACGAGGAGTTTGCCGAGG,3
AGGGGAACTAAGGCGTAA,3
ATGATGTGTGCACCTCGT,3
ATAGCAAGTTTGACTGGA,3
GCAGACTACACGCCGTGT,3
ACACATGATCAATGCGTG,3
TGGCACGAATCCGGTTGT,3
GTGAGGAACGATGCGGCA,3
ATGTCGTCCAGTCTGGTG,3
ATGCTATGTACCGTGCTC,3
GGCGCAAGGTAGAAGGCT,3
GAGAGAGCTTGGTAGTTG,3
AACTGGGAGCGTGGCAAT,3
AGCTAGACCCAGACAGCG,3
GGCTCTTCGTCCATTAGT,3
CAGGCGGCGCATCCACTT,3
GAGCAGTGAAGGATTGCG,3
ACAGACGCGTAACCCCTT,3
GGTGTCCTGTACTTCCTA,3
ACTGCTCCGGAGTCGTAT,3
AACAGCAGTCTGTGCCTT,3
AGTAGGTAACGCGGACTA,3
GCACCAGGTGAGGGTTAC,3
TCATGCAGAGATGGGACA,3
AGCCAGTGACTCGTACCT,3
TGGCAAGGGAAACGTCGC,3
GGCGTGTAGGTATGAAGG,3
CGACGTGTGAAAGCCGTG,3
AACACTGGGTTACCGCGG,3
TGGAGAAGGCGTCGACGT,3
ATGGACAGCCTGGACATG,3
AACGGGCCAGCGTCTTCA,3
GAGGGCAGGGTGTCGCTA,3
GAGGGTAAACAGAAGCGT,3
GGCCTAATTCAATGTGTC,3
TCGTGATCACATTATCGT,3
AACGTCTTGGTCTCCTGT,3
ACGGGAATGCGGTCTGCG,3
GTGTGGCGACAACTGTTT,3
CAACCAGGTTACGGGTGA,3
GCGAACAGGTACTAGATG,3
GGGGTACACATTCCACCG,3
GGGTAGAGCCTTGCACAG,3
GAGGGTGTCACATGCGGG,3
AGGCTATTCAGACGAAGG,3
AGACGATCAGTGCACCGT,3
GTTCGAGCGGTATAGGTG,3
GGCATGGGCTACTCCTTT,3
GTAGTGCGCATCTAGCAA,3
CAGGGGTTCACGGCTACT,3
GCGGGCACATGTCTGGGT,3
AGGCCGTCCGCGTTGTCA,3
AGCGGAATCAAGTCTGTG,3
GCGTGGACGATGCATGTG,3
AGGGCAGTGATGAGGTGG,3
ATATGGGAGTGCCGAGTT,3
AGGGTCCCACCGTTAGCA,3
AGAATGCGGAACCGAGCG,3
GGTTAGAGCAGGTAGTCG,3
AGTGGCGTCCGGATCCGA,3
AGTGAGCTGAGGCGACCG,3
TACGGGTAGTCATCCTTC,3
GTGTGTTGGAACAGGGAG,3
GTCAAAAGACGATCTATG,3
AGGGTACGTTGCAGCCAG,3
GCCGGGTCACATAACGGT,3
GAACAGGTGAGCTTGGCG,3
AGAGACTGGCAGAGCTAA,3
TGATGCCGTACACCTGGT,3
ATGCTAATGTAGTACGCT,3
AAGGCTAACCACACGGCG,3
TAGAGCCAGATCGTGCCA,3
AGAAACACGGGTTGAGCA,3
AGGCGAGGAGATTCTGCA,3
CGAGTGCATAATGACGGT,3
TGAGTAGAGACTATGCGT,3
CACCATGGGGATCCGGCG,3
GGTAGGGGACACATGACA,3
AAACGGAGGATAGCGCGG,3
AGGTCACGTGTTAGGATG,3
AGCCAAGCAGAGAGAAGG,3
AGGGCTTAAGCACTCTTG,3
GTGCCCACTGGGAACATA,3
GGCGGCATAAGCAGGCAA,3
TGTGAGCAGAGCCAGGGA,3
ATGCAGAGTACTAGCGGG,3
TGTGCAGGGAATTGGACG,3
AGGTAGTTTACCCGGCAT,3
ACGGTACTCATCCGCGCT,3
GGGGTGAATTCAGTCCCG,3
CAGGGTTATTGGACACAT,3
TCCAAGGGTATTGAAGGA,3
TGGCGGACGGATCAGGCA,3
ACTACCGGCTCTTCCCTG,3
TGGGCTGTGTAGAGACTT,3
ACGGGTAGCTCCGATTAG,3
GGCACGAGTACCTGGCTG,3
TGGATGGCATGATGTGTA,3
GGGCGGACAACCTGGTAC,3
ATGACCGGCTTCTGACGG,3
CATGCTGGATGACACGGG,3
ACTGGGAGAGAGATCCGT,3
AGGTAAGCAGCTGGCTGG,3
GCAGCGTGTCTAGTGAAG,3
GGCGGGTCTCTTCCCAGT,3
GGGTACCGTGGCGATCTA,3
AAGTGGCATCGATGTCAG,3
AGTGGTGACGCACGACTG,3
ACTGGGAAACCTCGTATT,3
ACGGTGGTCAGCGTCACA,3
ACGGAGCTACGGCCGATG,3
AGGCTGAAGACGGGATGC,3
ATCGGGGTAAAGCTTCCC,3
GGCATAGCGTTCCTAGAG,3
CGTGGTACTCAGGACGAG,3
CTGGCGGTGCTTGCTGAT,3
GCACTGAAGGTGTAGTCG,3
GACTCGACTCGGACATGT,3
TCGAAGCTCCGTACGTGT,3
GCAGGTGCACAGCGAAGG,3
ACGGGCTGGAGTTGTTGC,3
GGCCAAACACCAGTCGCT,3
GTCCGGAAGCTGAGCTCA,3
GATGTGGTGACGGCTGGT,3
AGAATACCGAAGGTAGTG,3
ACGTTATTCGGTGCGGCT,3
TATTGTCCGATAACGTGC,3
GACCAACCGGGAACCGTG,3
AACCTACGATATCCGTGT,3
TCGACACGATAGTGGTTG,3
ACATCGATCACGTGTAGT,3
CAGGTCAAAGACTGTCGT,3
TCCCTCCGTGGTGTTGAG,3
GGCGGCGCAGTACTAGTG,3
GTGGCAAAATGGCTATGT,3
AATAGGGCGTATCCTTTA,3
GGTAGGACGATCGATGGG,3
ACTGATGCAGGTCTCGTT,3
CTGGAGGATACGGCGCTG,3
AGGGCTAATGCAACCCGG,3
AGCTGGCACAACTGGATT,3
TGGTGTCAGCCATGACGT,3
GACTGGGCTCAAGTCATG,3
TCACAGCAGTCCCATGTG,3
GGCATACCTGTGGATGTG,3
TATGCAGGAGCGAAGGCA,3
TCCTAACCGCACGTACCT,3
ATAGAAGGTGATGCTCCG,3
GAAGGGACGGTCAGAGTG,3
TACATGCGGCTTGCGATG,3
AGTGCAATGCGAGGTCTG,3
TGGAACGGCATTCATGGC,3
TGAGCCGGAATAGTGAGT,3
AATCCTGCCGATTGGTAT,3
TATAGCGAGGGTGAGCTG,3
GGTAACAGGAGCTGAGTC,3
ACGCCATTGCAACTGGTG,3
TCCGAATACGACCTGTGG,3
GCGGCTTGTTCAGATATG,3
TAGGGCGACATGCTAAAT,3
GGGATGCCGAAGCCGTAA,3
GGGTACATCCTGGGTAGC,3
GGGTGCTAGCAGGACCTG,3
TAGGCAGGTTAAACAGGT,3
AGGCGGAGTGCGAGTCTA,3
AGCCACAAGGACTCTGTG,3
GGGACCAGAAGGTGGCGA,3
TGTACGTACCTTCGCGGT,3
AGATGGGCAGAAGCGTGT,3
GGGAACAGAATTCGGCGA,3
TAGGTGGTGATGTCAACT,3
GGAGCATTTTGCGGAGTA,3
ATGGACGACACTCGTGCT,3
ACTGGCTTAGTGCTGTTA,3
ATAACATGGCGGTTATGA,3
ATATGCAGCTCAATCGTA,3
ATGTGGATAACGTATGCT,3
AAGGCTTCAGGATCTCTG,3
GCAGGGTCGAACCGCGAG,3
GCCCAACGTGCTCATTGT,3
AGGAGACGCGTTAGGGTA,3
AAGGCTGTCGAGAGTCTG,3
GTGGGCACAGGCCAAGGT,3
CGACGGTCTAAGTGAGCT,3
AGGATTGCATAGCGGTGC,3
AGGAGGGACGATCTGGAG,3
TGGATGCATATGGTTGGG,3
AGCACGAAACCATAATGG,3
ATGAGCGATCTGTGTAGT,3
AAGCAGCGCAGATACGAT,3
GCGACAGCCAGAAGTGTG,3
TAGTGGTGTGCTCAGCTC,3
AACGCCGACTCCGGTGCT,3
ATTGGGACTCTAGGACTG,3
GCAGTTAGCGCAATGTGT,3
AACTGGTGTGCAAGTTGG,3
CATAGGTGTCCGCAAGTG,3
ACGGAGGAATCGGGTAGG,3
ATGGTACTCATCCTCTTC,3
GGGGCCGTACAGTCGAAT,3
TGGCACCAGACAGGCGAT,3
GGCATAATGGATTAATGG,3
GGCGGATAGGGCATTGTC,3
ACTACCGATTTGGCCGGG,3
TTGGGGCTAACCACTGTA,3
GTGGAGGGCCAGTGCTTA,3
GGGGATCTATTCGTCTTG,3
GCACCGGGTCAGGATCCT,3
ACAGGAGTGTAATTGGGC,3
AGCATTAGGTCGGCCACA,3
AGTCAGCACAGTACGACG,3
GAATCAGTCAGGCGAGTT,3
GGGAGTGGAATCCTGTCG,3
CCGGGGAAGGATCCACGG,3
ACACGTGCGGCAGTCGAG,3
TACACAGTGGATAGGTTG,3
CTAGGACGTCGTGAGGTG,3
TCATGCTGTTGGTCCATG,3
GGGGGTAACTTGCAGCCG,3
GGGAGCAGTGAATCATGG,3
AGGCTTGCGAGGCTATTG,3
AGGAGGGTGTGGCTTGGA,3
AGCCTGCCTTCGACTGGT,3
GGGACGGAGTACGAGCGG,3
ACGGGCAAGACGCTATGA,3
GAGGGGCAGATGCATGTA,3
AGCGATCCACCCACATTT,3
AGTCGCATCATGACTAGG,3
ACCGGATCCCGTGTTATA,3
AACACGTGCCACGGGTGA,3
AGGTGAGTTCACGACCGA,3
GCACAGGTGCAGTGTTAG,3
ATCACCTGTATGGTGGTG,3
ATGGCGAGGTCCACCGAA,3
ACCGATTTGATAGTGCGC,3
TCCGAACCAGTACGCGAG,3
GGACGAGACGCTCTGTAA,3
GATGGGTATTCCGATATG,3
TACGACTGTCGTTCCAGT,3
GGGCTTCAGCTCACTACT,3
ACCGTCGAGCCATGTATG,3
TGGCCTGCGCTTTTAAAG,3
GTGGAACTTCTCACTGGA,3
GGACGGCCAACTTGTAGC,3
ATGGTGTTAGCATCTGCA,3
AAGGGCGATCTTAGGAGG,3
AGACGGCTCTCCGATCAA,3
GCGTAGGGGCAGATCATC,3
GGACATAGTCGGCACTCT,3
GCAGTGTGCCTCGATCTT,3
ATGGCGCAGAAGATGGTT,3
TAGGCGACTACGAGACGG,3
TGGCGGCGCCGAGAACTA,3
AACGAGGAATCGACTGCG,3
AGTGAAGGAGAGACACGT,3
AACGGTCTGCATACGTTG,3
ACGGGCAGGTAATTGGCG,3
AGCCCACGGCTTGTGGAG,3
GCACCAGGGAAGGGCAGA,3
ACGGGTTACAATAACGTC,3
ATTGCAACGTGTATAGTG,3
GAGGTGGCTAGTGTATGC,3
TGTAGCGGCAAGAGTGGA,3
GTAGCTGTGTTCACTATG,3
GCGGACAGCGATGTATGA,3
AGATACGGCACACAAGTA,3
TACATCCGACTGGGTAGC,3
GCTGAAGGCGTTGAATAG,3
GCAGGCGAAGTATGGCTA,3
GGCATACTTCAACGATCA,3
GAGGACGATGCTCCTAGG,3
TCGAGGGGCGTGGGAAGA,3
ATGGTGGAAAGTGCAGCA,3
AGCACAGAGTTGGTTGCG,3
ATTGTGACATGTACGGCG,3
AGCGGGATGTACCTGTAG,3
GGCGCCGAGTAGAAGCAA,3
ACTGGGAGACGGCGGCAA,3
GGCTTACACTACTGACTT,3
TAACCGAACGAACGGTGC,3
ACGGGCGCTACCAAATGG,3
TCCGCGGGAGAGAGTCGG,3
AAGGGTAAGTTGGCGCGA,3
GCGTCAACCAACGTCGGT,3
ACCAGGGTTCCGACTGGT,3
TACGGCGGCCCACTCACT,3
AGTGCACAGATGACGCTG,3
AACACAAAAACAGGGTCA,3
ACGGGCACAATGGGAAGG,3
GGCGCGAATGGTCAAGTG,3
AATTGAGAACGGTAGACG,3
TGGGGACAGGGAGTCTCC,3
TGACGTCAGACAGCTTGT,3
GTGAGTGCAGACGAGGCT,3
GCGGAACTCGGAGTGTGG,3
AGGACGACAGATGTAGTG,3
GGTGGTCGAAAGAGGACG,3
AGGATGAGGGCAACCTGT,3
AAGGTAGCACCAACATGG,3
AGGAACGTTTTGCTCCGA,3
ATCAGGACGGGCTGATGA,3
TTGCCTCTTCCGTCCGAT,3
TGCGGGGTTATCATGCGG,3
TATGGGACCAGCATTTTG,3
CGCAGTGTCCAACGTCTG,3
GGAGGTACTGATAGTCGA,3
AGCGACGCCAATCCCTTT,3
GGGGTTCATGCATCGGTG,3
GGGGCAGCCAAACTATAC,3
GGTGTACTGCTTCCGCTC,3
AAAGTAGGCCATGCGATG,3
TCCAGACACCAGGTGGCT,3
TAAGCGCAAGGGTCCCGG,3
AGGCGTGTACACATTCGT,3
ATATGTGCATTCAGGTAG,3
ATCGAGACTACTTCAGTG,3
CGCGGCAGACGGACCAGT,3
ACGCGGGTGTGCAGCTGT,3
AAGCACCCACTAGGCGAT,3
GGCTCACATCAGCCGTTT,3
AGGGGGACTACGCCAACG,3
AGACGTAAGGTTTCTTCG,3
AGGCGACAAGCGGAGGAG,3
ACAAGGGCATTGTGGCAA,3
ACAGAGGCATCAAGTGCG,3
AAAGCAGCAACGGCAGAT,3
GACTAGGCGGCTCATCAT,3
TTACCGCACGTGGTTATA,3
CGGAGAGGCACACTGCGG,3
GCGAGCGGTACTCGGGTG,3
AGGTACATGCCTCGTATG,3
AAGCAGGCTGGACTATGT,3
GGCAAGGTAGACGATATC,3
ACATGGTGAGTCGCTTTA,3
AAGCAAACAGTCGACGTA,3
CTACACCAACAGACATGG,3
AGAGCCCATCTCGCTCGG,3
TAGGGAACAAAGGCGACT,3
GGACAGAATGGCAGTGTT,3
ACAGGAGTGAGTATGTAC,3
GCGGATTGTCTTGTACTT,3
GGGGCTGAACACGCTGGT,3
GGGCGCGACATTCTGAGC,3
AAGCGGATCACGTGCATA,3
GCAGACGAGGGGATGTTG,3
ACGCTGAACGTGTTGCTT,3
CGCGGCGGTAGTACTGTA,3
TAAGAGTTCATCGTCCGC,3
GACAAGGCGACTGACGAG,3
CAGGGGTGTAAACCGCGT,3
GTAGCGTGAAAAGAAGCG,3
TCTAGGAGCCATGACGTT,3
ATGATCCAGACCCCTTGG,3
GATGGGCATTTCATCGTG,3
GTCCGGAGACGCACTGTG,3
AACGGATCCGCATTCAGT,3
TGGTAGTGAGGGGCTGCT,3
AACGTGTCGCACTTAAGG,3
AGCACAATGCGGTGCGGT,3
GTGGATTAACTGCTATAT,3
ATAGGGACGTAGCGGGGA,3
ACGACTGCAATATTGGTG,3
ACACAGACGTACTTCCTC,3
GTGTGCTGGCAAAGCTGT,3
AAGGGCCGCCGATCGTCT,3
AAGCGGACGAGGTCAGCA,3
CACATCTGTGGCGGTATA,3
ACGACTCGCCGAGTTGTG,3
ATGCGGTCAGCTTTGGAT,3
CAACGAAGCTCAAGGCGT,3
GACGTTGGTAAATGGCTA,3
GACAATGCCATACGTGCA,3
GAGGCCACGAGGGAAACA,3
TGCTGACCTCTATGGTGT,3
GGGCCAATATGTTCAGGT,3
GTCAGCAGCCGCCGTATG,3
AGCGGGCGAAACACTGAA,3
GGCTTTGAGAACCACGTG,3
TACACGTTGACTGTGCGG,3
GGGCTAGTTGATGTGCAG,3
GGGGGAACATACGATTCG,3
GGACCGGGAACAGCACTA,3
ATCCGGGACACACAAAGG,3
AGCATGACACTGTATGCT,3
TGGAGTAGGACGTACGAA,3
ACGGGATCAATCTCGTCT,3
ATGACATGACAGTGCCGT,3
TGTCGACGTGCTTCTACC,3
GTGGTGAGTATTGGAGTA,3
TGCTAGACGCATCGTGTG,3
GGTGAGTAAGATCGGGCA,3
GGCAGGCTTGAAAAATGG,3
AGTAGGGATTCGAGGGCA,3
GGGATCCAAGGTGCGCCG,3
GATCCATGTATGGGCAAC,3
GGCATAGGGGCAGCATCC,3
CTCGTTGTAGACTAGTGG,3
AGTACCCATAGAAGACGG,3
AGGGCAGCCGGTCTGCGT,3
ACCGGGTCAGGATGGCGC,3
CAGTACGCTCACGTGTGA,3
TGGACAGGAAGTGGGATG,3
ACGGGGCTAAATATTCCA,3
AAAAGGGATCCGGTGCTC,3
GGTCCCGGTAAGTGTGAG,3
GGGGGTCCGATACATTCC,3
GCAGCGTATATCGTCGGT,3
TGGAGGCGTCGAGAACCT,3
GAGGGCACCTAATTGAGC,3
AGGCGGGAACATTGCGCG,3
GGCGTGATACGAGAAGGT,3
CGCAGCACTGACGGTACT,3
GGGAGTCCAGTACATGTG,3
TGTCGTGCAGATCATGCT,3
GGGGTAAGTCCTTCGTGC,3
CAGCAGACTGGACGCACG,3
GTGGACGACTGTGACTAT,3
ACTGGGCAGTTACGTCAG,3
CGGCGGGGAGACTTAGGA,3
AGCCATGATACGACGGCG,3
AGACTTCCGACGTATATA,3
AAGCGGTAGGTGATGGAC,3
CAGGGCCGCGTATGGACA,3
GGGCTGGAGAGTACGTCA,3
CGATCCAATTATTGGCTG,3
GCCTAAGACGAGTGTGGT,3
TCATGTCCAGGCGCCGTG,3
GGTAGACCTGGAGGCGCT,3
GCATGGACTAATACGATG,3
CACGAAGGAGATGGGCAG,3
AAGCTCATTCCACCGGCA,3
AAGCCGGAAGGTTATGGA,3
ACAGGCGTCGGTATATTA,3
ACGCACTGTGTTACGTGG,3
GAGACAGTCGTTATGGTA,3
GATTGGTGATGTTTGCTA,3
GTGAGAGCGTGTCCCTGG,3
TGTAGCGGGAAAGCAAGG,3
TATCGGGTCAACCGACTG,3
CTACAGGGTGAGACGCGG,3
TCACCGGGTGTTCGCTTT,3
GGGGAGAGCATGTCCCGT,3
ATGCAATGCGGATCTCGA,3
TTTGCACGAACGCTAGGG,3
ACTCTGCTGGAAGCGGTG,3
GACGGGCGATGCTACTAA,3
AGGCGATTCGTCGACAGG,3
ACGCGAGGTGACTCTTGG,3
TGGCCCGAACTTAGGTCG,3
AGGGCATGTCTGTCGTTA,3
AACACGCTCGTATTCATC,3
GGACGCCAGATCCTGGTG,3
GGCCTAGTGTTGGCAGAG,3
AGGGAGTTTATACCACGT,3
AACCGGCTGGTCCACGTA,3
GTGGGCCTGACACGTATA,3
ACATGCGGACACACGGTG,3
ATCAATAGTACCGGCGGA,3
ATGGGATTCTGACTGCGC,3
GGATCCAGCAGGTCGTTA,3
CGTATAGGTCCAGTGTCG,3
GGCCGTCGCATCACTGGT,3
TACTAGGGATATAGCAGA,3
GCACGGGTTGGTAACTGA,3
GTCCAAGACGCAGTATGG,3
AGAAGGGACGAGTTGATA,3
TGGACAGTACGGCTTGTA,3
AGGCAGAGGCCGGACATT,3
AGGTCCACTTACTCATGG,3
ACGAAGGAACAGACAGGG,3
ACGGACAAAGTAGCGGAG,3
GGTGGTGTCCCAACTCAC,3
CAGACGGTGGAATATAGC,3
GGGACGGACGCAATGTGA,3
GCTGAGGAGGTCAAGTGT,3
TGCGGATGACGGGATGTT,3
GGTCAACACGATGGCGCT,3
CTAGTGGGAGTGAGCTCT,3
ATACCATGGACATGTACT,3
ACACTCGTCTTGACGTTG,3
ATGTGGTAGCTTGTCAAT,3
TAGTGGAGAGGAGAGTTG,3
AGAAGGTGAGTGACGCGA,3
AGATGGCACGATGACTTG,3
GAGCGCGCATCGGGTACA,3
GAAAAGGCCATAGTCGCT,3
TTACGCCTCGAGCTTCGG,3
CTGGCAGGGTACACATCT,3
TAGAGGCTATTGATGCGT,3
GGGAACCGTGGATTGGGA,3
ACCGCAGTGCATGGTTGG,3
TATCGGCACTCCAGTATG,3
ACGGAGTACGACGGCGCG,3
TCAGGTATTCGGACGTTG,3
GATGCCTAGTATCGGTGA,3
ACCAGGGACGGCAACTGA,3
TACAGCTGGATCCCGACG,3
GACCTCAGATGTGACGGG,3
AATGGCTGGTGTTTTGCG,3
AGTGTCGCAGATACGTCG,3
GGAAGTGGGACGAAGCCT,3
AGGTGGAAGACGGCTGGC,3
ACGCTGCTAGTCGCTGTG,3
CAGACGTGTGCCAAGAAT,3
GAGCGCGAGGCACATGGG,3
TGCGGATGTGTGTATACA,3
ACGAGGGTTATTGAGTGT,3
GGCATACGAGGCAGTTCC,3
GGTGCGGGAGCATGATGA,3
ACGGTCATCACTAATGGG,3
GTGGTACTCAGACAGCGG,3
TAATGGTTCGAAACGTAT,3
TTGACGTGCAGTAGGTTG,3
TCGAGTTTGCGGTGTAGA,3
TGACCGGAGTATAAGCAG,3
GGGAGCAGGATAACAGTA,3
CTCGCAAACAGCTGTGTG,3
GATCCACGTTCAAGTGAT,3
ACACCATAATCACGTGTT,3
GGCATGTGGCTTCTACTG,3
ATCATGCGCCCATGACGG,3
GGCATATGAGGACTGTAT,3
GGACTGTATCGTGTGGGA,3
AAGGATGCACGGATGTGG,3
GTGGGACATTCACCATCG,3
ACTAGGTGACAGGTCATG,3
GTACGGCAAGAGCAATAT,3
AGGTAGACCACATGTATG,3
GATCGGCACATCGAGATG,3
ACTAATACACGTCACGTG,3
ACTGGTATCAGCGGGTTG,3
GCCTAAGGTTCGGTCGAT,3
TAGCCGATGGAGGGATGT,3
AGCGGAGCGACTATAGCA,3
CGGAGGGAACCCCTTAGA,3
GGACGCGGCGGCTTTAGT,3
AAGGACAATGCACGTCGT,3
TAACGTTGTACAGAGTTG,3
ATGTCCAGCCACGGTATG,3
AGCCGTAGCGTGTATACT,3
AGACGCTAGTACAACTCT,3
AACAGCCAAATACACGTG,3
ATCAGGACGCAGCAGTAG,3
GGTGGACAACGAGCGTAT,3
TGGCGTTGGAGAGCCGGT,3
GGCGGTCAGTGCGGTGTA,3
AGTATCGTGGAGGCCTTA,3
AGGGTACACCTTCGAGGC,3
GGCCAGGGCTAGAGACGT,3
TACTCGGGTTCTAAGTTC,3
AACGTGGGACATGTTGCA,3
AGGCGGTATTTGGTCTCT,3
CGAAGACGTCGCTACTGG,3
GGGGAGCTAGACCACAGT,3
TGGATACCATCCGAGGCG,3
AGGGAACATGCAGGAAGG,3
GAAGGACTCGTGTGGATG,3
GGGCTAGTTCTACACACA,3
GACGTAGCGTATCCGGTA,3
ACGCACATGACAGTGGTG,3
TACTTAGCATACTATTGG,3
GCTGTAGGCCTCCAGTGC,3
ACATGTGTTGTGCTCCAT,3
TGGACATACCATTTGGCT,3
AGGGTAGTAGAGCAGGAA,3
AGACGGATATTGCCGGAG,3
GCAACACTTGAACCTGTG,3
GGGGGCCAGGCAGTTAAC,3
ATCAGGTAGGAAGCGGTG,3
TGGCTCGGATCGATGTGG,3
AGTTATGGGATGCATCGA,3
ATGTGACCACTGACTGTT,3
TGGGCAGTCTACGTTGTA,3
TGGCACCGAAACACGTGG,3
ATACAGCGGTAAGAGGCT,3
AACAGGATCATGGAAGGT,3
GAATAATCCACCGCTCGG,3
GCGGTCAACGAGATTGCC,3
TGCAGCAGGTAATCATCG,3
GCCAGAATCTCGTGCTGC,3
GTGTGAGCGTCGAATACA,3
TAGTAGTAGCACAGGGTT,3
TACGCAGTAAGTTGAGGT,3
TGACCGTGTGTACATCGA,3
ATCATGGGCCGAGATGCG,3
GAGCACAACGTGTCCGGT,3
GCAGACAATCAGGCTTCG,3
TGTTGCCCAGTGACAGTA,3
GAACAAGGTGTGACGTGT,3
GGAGCAACAATAGGCCGA,3
CAGACTGGAGTGAGATCT,3
AGTGCGGTATCTCTTGGA,3
ACGGATCTACGGTAAGGT,3
AGGGGTTGACACAATAGT,3
GAGGACTGAGATGGGACG,3
CGGTGGGAATAAGTTGCG,3
ACTCTAGGGGATGATCGG,3
ACACCCGATTAGTGTGTG,3
ATGGTGCATCGCTCATGC,3
TTAGGATGGCCCTTGGAT,3
ACGTGCGGAGATAGCGAG,3
AGCCAGGGATGTGACGTC,3
ATCCATCGTATCGGCGCA,3
ACAGGTAGCTGTATCGTG,3
CTCCGATACCTGACGTGC,3
GGCAGGGATACGGTTCGA,3
GGGCACATACAGCGCTAG,3
TAGTTGGAGGACTATCGT,3
GGCGGAGTCAGCAAGCCC,3
ATGATGGACTTACCGATA,3
GCGGCAAGGAGCGGACAG,3
TCATACGGGAGCACTGAC,3
TCCGAGGGTGAACGGTAG,3
TGCCGGGACATCTCTACA,3
GGAGATGGGGTTCGTAAG,3
GAGCCACTACATGCGGTG,3
GAGACAAAGAGGTGGCCG,3
CAGCTGTATTCGGCACTG,3
TAGGGCTGATGCCAACAT,3
GCTCGCGCCACGAGAGCA,3
TATGTGCCTTCGGAGATG,3
AGGATGAACGTCTACTGT,3
ACAGCAGGCCAACATGTG,3
GTGGCGCGAACAAGGTGA,3
GATGACGAACGCCAGTGG,3
AACCAGTGTAATGCGGTG,3
AGGGTCAGGATCATGTTC,3
ACATACTGACAGTGTGTG,3
ACATTGGCCATTCGAGTT,3
AGCAAGGGTATTAGTGCA,3
GGGCGGGAGTGTACAGAG,3
GAGATCGGAGAGCATGGT,3
GCTGGCTGTTCACCGAGG,3
ACACTCTGGCTGGGTCGA,3
GTAGAGGCGCGATCCTGT,3
TCAGGAGCACGCACTGGT,3
GGGGATACACTAGTTGTG,3
AAGCGGAGGACGGCGATC,3
GAGGGCGGGAGCAGCTAT,3
TCGCAGGCTGGTTAGGTA,3
TCGCCCGCTTAATTGTGG,3
ACACTTGGCATTGACGGC,3
AATGGGACTCGACCCCTT,3
GCAGGACGTACGCCTGTG,3
CATGGATAGCGGTGTGAG,3
ACGAAGATTCTGAGTGCG,3
ATGGTATGCGGAGCCAGG,3
ACGGTTCTTCCGCTGTGT,3
GGCACTACTTATAGGTGT,3
GACGGTCTCGAGGAATCG,3
CTGGGGACTGTACCGCTA,3
AGCTAGACGTACAGGCTG,3
TGTGGGATCGTGCTCTCC,3
TACGGGCAGATGACGTGT,3
ACGTGTTGTGTCTGGGCA,3
AGGGCCAAAGCACGGATG,3
AGGTAGGTCCTGCCGATG,3
ATCCATGTCTAGGCGGCT,3
AAATAGTGGTAAAGCTTA,3
ATGACTACACTGTGCTCT,3
GCGCTGTACTCATCCGTC,3
ACGGTGCTTGACAACGTG,3
AACCTGAGTCGTGAGGCT,3
GCTGACGCCAGTCCTAGT,3
GACCATGGGACCATCTGG,3
GGGACTACGAGAGATTGG,3
AACGTACTGGAGGTATGG,3
AGGCGTCTATGCTCAGGG,3
CAAGCAGAAGACTCGAAG,3
CAACCTGGTTGACGGTGT,3
GCGGGATGAGCTTGTATA,3
AAGCTGCTAGGGAGTCGA,3
AGACAGGGCTCCGTGCTG,3
TGCCGTGGATATATGTTG,3
ATGGTGACGTTCATCCTG,3
GGGCAAATGTGTGACACT,3
ACGTCAGGCGCTCAATCA,3
ACCAAGTCCGTCAGCGTT,3
ACTGTATCTCGTAAGGAT,3
ACGACGAAGGTGGTACTG,3
GACGGCTTTAGCTAAGCT,3
AAGGGGCCAGAGTCTGTT,3
GGCGGTTAAGTGCGTCAT,3
AGTGACGTATGCTGAGTA,3
CGTTAGCGGTGTACCTAT,3
TAAGCTGGACCGTATACT,3
AGCGAATGATGGGCTAAA,3
ATCGGTAGCGGCCCAGCG,3
ACGAGCAGGACGTCATGC,3
GCACATCGCTAGGTAACG,3
AACCGATTGGCCGGACCT,3
ACGGATCAACGCGACGTG,3
AGGCGCTGCGGTGCTATG,3
AGGACAGTTCATGCGCGA,3
ACGTTTGGCGCTCTCCTG,3
ACAACGCGGGCAGTCACT,3
ATAACGCTAGGACGTGTG,3
GATGCGTCTTCCTCCATG,3
GGGACGACATCAAACACG,3
ACGGGAAAAGCTACATTG,3
AAGCTCTATCCACCGTGT,3
AGCCATAGCCACGGTGTG,3
GGCAGCACGAACGAGTGT,3
CAATGGCCAGGGATATGT,3
CACAGGCTACGACGGTGC,3
GAGCTGGAGATGGGATAA,3
ATGGACCCGCTCTGTATT,3
GCGTAGAGGGCGAGTGTT,3
GGAGCACCAACAGCCTGT,3
AGCTTGGTACTGAGTTCG,3
GCCAGTGCTGATTGTGTG,3
AAGGCGGAAATAGACTGG,3
CATGCACGTAAGCGGTGG,3
CGATGACATTACAGCGGG,3
ATGCGCTGGTGCATCCTG,3
GACCTGTAGTCGTACGAG,3
GCTGAGACTGGAGTAGCT,3
AGGGTACTCATGCGGCAG,3
CAACCGGTAACAGGTGTG,3
GCCTTGGTACTGTCTGTG,3
ACGTGTGCTAGAGCTCAG,3
GCTGGGAGTTGAACGTTA,3
CGGGGTCACTTGCTCAGG,3
AGGTGCTATGGCGTGATG,3
AACTTGGTGTGCCGAGTT,3
GGCTGCTGTGGCCCGCTG,3
ATGCGGCGACGAGCATGG,3
ACGTTGGAAAAGCGTATG,3
AGATCAGCAGACACCGTG,3
ACGGGGAAACTGTATCTA,3
AGACGGCAGGCATCTTGA,3
GTGGATAGATTCGTGCGG,3
GGCGGCTGTTCTACTCAT,3
GGACAACGGGCAGGTGAT,3
ACGGGCTGACGTTCTAAT,3
ACAGACCGTCATGCTGGA,3
AACCAGGAACCGCACGTG,3
GGGCACTTACTAGAGTAA,3
TGGTGGTTAATCCAAACG,3
AGGGCTCCAATGCATTTG,3
TAGCTAAGTGCTCCAGAT,3
GCTCTCGATTGCCTATGT,3
AACCACGGCTTAGGGTCG,3
AGGATGGACCACATACGA,3
GAAGGACGTAGGCATAGG,3
GCGCTCTGGCTACTTCAG,3
AACACGATACATTTTGCT,3
ACCGAGTGTTCTGAGTGT,3
GGCGAGGGAGCGATATCA,3
GACCGGCGGACGATCGTA,3
GCCAGGCTTGTGTTAGTG,3
GGCGCAGTATGGGTCAGT,3
GGACACAGTAACGAGGTG,3
GCTAAAGCTAGACGTTAT,3
GGGAGAAACAGCGGGTAG,3
ATAGACCATGACGTGGCC,3
GCAGAACGAGTGTGGCTG,3
GATCCTGTATTGTTGTCG,3
GTGCGTTGTATCATCCGA,3
ACAGTGTCGTGTTCATCG,3
CTCCAGATTGCGTACGTG,3
ACCTCGGTGGATTTGCCA,3
GACGGCAAGTTGGGCATC,3
CTGGGGTCTAAGACGTGA,3
AGTCATGGTACCGCGTTG,3
TCCGGCATTGCGACATAG,3
TAGGGATCCATGGACGGC,3
GGAGAGTGACTAATCGTG,3
GGCAAGCAGATAACGCGA,3
CACGGTCTCTGGTGGTAC,3
GCTGGGATAGAGGTGCAT,3
TAACGGTGCACTTATCAA,3
TTACGTAAGACGGGATCT,3
GGCAAGGGACCTGTGTGC,3
TGGTAGGAACACGGCGCG,3
GGCCGTGTTGGAAGGCTG,3
CACGTGAGAGACGCGATG,3
AGCGGCACACACTAGTCG,3
GTGTCCGATCGGGCACGA,3
GTAATGCGACGCGGTGTC,3
GACGGAGAGTACGTGAGA,3
AGACATAGCTGTACGTGT,3
GTCCATAACTTCCGTGCA,3
CACGGGAAGCACGCTAGG,3
TCCGGTGGACACGCTTAA,3
GGAGGTGTCCTGCGCTTA,3
CGTATGTCCCACTTGGTG,3
ACAACTCAGTGCTGTCCG,3
TAGCGTGACACGTGCGTT,3
GGTGGTAGAAAGCGCTAG,3
GCACTGGAGACTGCTCGA,3
TGCGGTACTACACAGACT,3
AATGATTCCGCTCAAGTT,3
AGGTGCAAGACAGGGTGG,3
TGGGCACGTTCAGCTGCT,3
ATCAAGCGATTGGCGTGG,3
GGATGAGGCCATACGTGC,3
TCGGAAGGGAGTCGCGCG,3
AGGTTCGCTGCCTATGCT,3
TGGATCACGTATCCGATG,3
TTGGCAGGGTTACGGCGG,3
GGCTGGACACACAGAATG,3
TATGCGGTGAGTGTGATC,3
AACACGATGGCTATGGTG,3
TGCAGAGTAGGGCATCCT,3
GCGGTACAATCACGCATG,3
ACGCTTGATGGAGAGTGC,3
TGCGGCTCTATGGACTGT,3
TGGGTACAGGTTATATGG,3
ATGCGGCTAGTTAATTGC,3
CCGGGCATCAGACTGTGA,3
TTGGTGTACAGCTGGTAT,3
ACACGACGTTAGCCCGAT,3
GACGAAGGCAACATGTCG,3
AGCGGGCAATCGGTGCGT,3
GCGGGCTCAACGACTGCA,3
GATACTAGGGGCCTGGAT,3
GTAGGATGTCGGATGCTG,3
ACGGTGAGCAGGACCGGA,3
GATGGAAGCCGAAGAGGG,3
GGCACACGCAGTCAGAAG,3
GATGACGCCTACTCTTTG,3
AGTACCAGTGCTTGTATG,3
CATGGAACCTTTGACGTG,3
GGAGTGTAGGATCTTATG,3
AGGGCAGATGAATCGACA,3
TCACGAGAGCGGCCCGTG,3
AGGCGACGACAGGATGTG,3
AGACAGCGTCTGAAGTTG,3
GATGCCATCGTGCGTTCT,3
ATTGTTGTCCTAAGTGCG,3
ACACCGAGTGTGGAGTAG,3
GCCTGACTCAAGACGATG,3
TCTGGGCTTATAGGATGG,3
ACATGGGTAAACATAACT,3
TGCGGAGGACCATCTGCA,3
TTATGGAGCACGGCTTTT,3
GGATCGTTCAGATACTAG,3
TCTCGTGTTGGCAGCCGG,3
TTATAGCGTGGAGTTATT,3
GTAGCAGAGTGCGGGATG,3
ACTGTGCAGTCCGTAGCT,3
AGACGGCAATCGGTCTTG,3
ATTGTGCTACCAAATGGA,3
TGTGGGAACGATACCATT,3
GCCGTGTGATCCGTGTAT,3
ACATGGTGGTACCAGTAG,3
TCGGCTCATGTAGACGTG,3
GGCACACGTTCACAGGCG,3
GTATGACGCTGAGTGGCT,3
ATGGCGCGTGAGTCCCAA,3
ACGGATCGGATAGCTTGG,3
TGGGGCAGACAATGCGGT,3
GGCATACACACGTTGTTT,3
GACGGTTCGACGTGTGTG,3
ACTGCAGGGAGCTACGTA,3
GGCTAGGGAAATAAGGTG,3
ACTCATCGTAGACATGCG,3
GGAGGCGTAGCGACATTA,3
GGACCCCAGCTGCCGTGT,3
TACGGCATGTAGGTTCGT,3
ATGCAGTGGTTTAGCGGT,3
AGCGTCCCATTGTGGTGT,3
TTGGACGTATAGGCCGTG,3
TGCATGATGTCGAGGCAT,3
AGGCGGAAGACGGTGAGT,3
ATGCTAGGGCCGTTCTCA,3
GGCTCACTCATACACGAT,3
ACTAGAGCTTGACTGTGC,3
ACCGGGATCGACTGAGTG,3
TCATGGCGCTAATAAGGT,3
GGTAGTACGGGATGGTGA,3
GGAGGAGATCAGGATATG,3
AGGATGATGATGGCCTGA,3
GGCGATCATGTGCTTAGT,3
GAGCGGTTATGCGGCTAT,3
ACGTGTGTGATGCTAGCG,3
GCACAAACAGTGTGGGAT,3
TGCGGTAGGAAAGGCGCG,3
ATGGCGTATGTGCATCCT,3
GGCACTAGAGTCACGGGA,3
AATCGATTTCGCTCTTAA,3
ACAGGACGTGTGACTGTG,3
GGCCTGGGAGAAGGAGGT,3
ATGACACGGCCATGACAT,3
GGCAGCAAGGGTGCGGTA,3
AGTAGATTGGTACCGTAG,3
AACGGCGTCTGTTAATGT,3
TGTAACGTCCGACGCGTA,3
GCGGTATGGTGAAGACAG,3
TCGGGTTGCAAATCTTGG,3
AGAGACCGTGTACGCATG,3
CATGAGGTATCGGCGCGG,3
GCTGGGACCTGTGTCGAG,3
GCTTACACTGGGCAATTT,3
GGGAACGTCGCTGCATTG,3
AGGGCTCACAGTGTACCT,3
ACGGGCCAACGCAATCAT,3
GAGTATGGATCACGCCTG,3
ATGTTACAGTTAGAGTGT,3
CATCGTGGGTTATCGCCT,3
GTGGTATCACGCATTCAG,3
GGGTAAGGATACGTTGCG,3
TGCAATCAGAAGCTCCGG,3
AACACGGACCTAGTGACG,3
GAGCCGGCATAAGGTGAT,3
AGGCCATGTAGTCAGCCG,3
GGTGCATCGCATCGGCAT,3
GGGCAGTATGAGTGTCCG,3
ACACCACGTTGTCTGGCT,3
ACCGGTGATAGTGGCGAG,3
ACGGTATGGTGTCCTGTT,3
CAGTGGTAGATTGCGATG,3
GGTAGGTAACAGACGGCA,3
TTGCTCACGCCTGAAGGA,3
ACCGAGAGGCCGACTGTT,3
GGGCCAACACCGAGTGCA,3
GGCATAGGGCGACGAATG,3
AGGGGACGTCGAGGTGGA,3
ACCAAGAAAGGTACGTGG,3
TGCGAATGTGACGATTGG,3
ATAGGTCATCGCTGGATT,3
ACAGCGGTCGACACAAAG,3
GGAGCCGATGGAGGTGAT,3
GGGGACGCGGTTCCTGGT,3
TAGTGGCGATACTTTTGG,3
GGCTAGTGATACCATGCG,3
GTACAACTAGGATACGTG,3
ACTGGTGGTTTACGACGG,3
AACGGGTTACTCCGTCTG,3
AAGGAGGGTATGATGCGG,3
GGGGAGGAGTAGGAGCGG,3
GTAGCCTCTTGAGTGCTG,3
AGACTATGCAGGAGGAGG,3
ACAGCGTCTCTGCCTGTG,3
GGGTAATACGTCTTGCTC,3
GGGACCAATGACGAGAAG,3
TCGCGTCGACAGTATGGG,3
GGAACTCAAGCTGCTCGG,3
GGGACACGTAGAGTTCCT,3
AAGGCAATTAATCCGGCA,3
TACGATGCGATGGCGTGG,3
GCGGGCCTCAAAATGACG,3
AGCGGTACAAAGGAAGGA,3
CAGCCGCGTGTAGTAGTG,3
ATGAGCCAGGGACAGGAT,3
ACCGTTCCTGACGTGATG,3
AGCTGGCGGCGCAGTAAA,3
AAGTTTCATACAGGGTGT,3
GTGGGGATAGGCGTCGCT,3
GGGCACATACCGGACCTA,3
ACCACGTCCCATGGGTGG,3
GGTAGGAATGGGACGGTG,3
AGGGCAAGCATCACGGAT,3
ATCGGGCATTAACTCGAA,3
CAGGTAAACCAGACGCGT,3
GGGCACGCGACTCATATA,3
GTGGCCCATTCATAGCGA,3
CCGTGGGTAAGTTGCGAA,3
GGGCAGAGTATGTCTTAA,3
AAGGGGTGGGAGCAGGCG,3
AACGGTCAGAACAGTTGT,3
ACGTGCAACAAAGGGTGG,3
GACAACAACGAGGACGCG,3
AGAGGTCACCATTCGTCG,3
AAGCAAGATAGGCATACT,3
AGGAACCGTAGTGATCTT,3
GCAAGATTCGACCGGCTA,3
ACTGGGACAAGTTCATGG,3
CTACCGGACCACATGGCA,3
GCTGGTGACGACCGGATG,3
ACTACCAGAGACGCCATA,3
TTCCCATACCAATACGTT,3
TGGGCTAGTGCGGATGCG,3
ATTCGCGGACGAATTGCT,3
ATAGTGCCTGAGGATGTG,3
GCAGGGAGAGGGACGAGA,3
AGTACATGCCACCCGTTG,3
TGGGCATGACCTACTAGT,3
GGGATTCGCGCGACACTT,3
AGCCGGCGTAGGTGTACA,3
AAAGTGCTCAAACGGGCT,3
AACACAAGTGCGCGAGCT,3
ATCGGTTTTCCCGTAGCT,3
GTGGACCCCGTTCTGGTC,3
GAACGTACGTATGATGCG,3
GCGGGCAGAATAGCGCAT,3
AGCGTCATCAAGCGAAGA,3
ACACGTCGCTTACGGTAT,3
AGTGCGACGGAATGGTGA,3
ACGGCTGGTAAGTACTTA,3
ACAGGTGTGAAGTAGTCG,3
GATGCCATAAGTCGCTTC,3
TCAGGCAATTTGGGCCGG,3
GTTAGGGCCCCATGGAGA,3
CGAAAGGAGGGAACGTCG,3
ACCAGTCAGGAGGGTGTT,3
ACCGAGGAACAAGAGTGC,3
GACACGTAATGTAATGCT,3
GCGGGCAGTATAGAGGCG,3
TCACACGGGGACAACCGC,3
AACGAGTTATCTCCGTGA,3
TACCGCGGCGTGTAGAAG,3
AACTCGCACGACGTATGT,3
GATAACACAGATACGGTG,3
GCGGGTAAAGGGTGGCAG,3
ACCATGGGCATCGGGACG,3
ATGCCGATCCCTGACTGG,3
AGAGGAGTGGAGAGTTGT,3
GATCCGGGAACCAGTAAG,3
CGCCATACGAGTTCATCT,3
GAGGCGTACAACGTTGCG,3
AAGCGGAATAGACGGCGA,3
GACGTCTTGTGTGCACTG,3
GGGACCTGAGGATGACGT,3
TCCAGGGGTCAAGCCGGT,3
GATCAATTTGGGACACTG,3
AAGCCTCCTGGAGTCCTG,3
AGTGGTCACAGGATGGTA,3
ACATTCACATCGAGTCGG,3
GGGTTATGTATGCGGTCG,3
ACGTGGGTAGTCCAGCAA,3
ATGGTATGACCGCCGGTG,3
AGGGTCTGAACTCCTACT,3
GTGCGACCTTAAGTGTGT,3
GGGGCGCTTGTATCCTTG,3
CAACAATAAGCTGACGTG,3
GCGAATCCGAATCCAGGA,3
TGGGCTACTCTCGATACT,3
AGCAGACGGCAACAATGG,3
ATACGAGGACGCGATATG,3
AAGGCAAATCAAACCGAT,3
CAAGATCAGCCAGTGCAA,3
CTGGGACGAGTCGGAGCG,3
AAGCATACCTGTCTAATG,3
AGCGGTATGGTAGCCGTT,3
GTCGCCGTATCAACTGGT,3
GTGGGTACACCGAACACA,3
ATTGCAGCTACAGCGGTG,3
GGAGGACTGGGAAGTGTG,3
GACAGTCACGACGAGTCG,3
ATGATCGCCTGGTGTAAT,3
GCATAGGTGATTGACGCG,3
GTGCACGATGACATGGCT,3
GGGACGACAGGACCCGCG,3
AGGTAGTAGCATGCCGCA,3
ATGTACGTGGCACTTCTG,3
GCAGGATTCGAGCATGTG,3
AGACGGGTGCCCGGCTAA,3
GCTCGCACTAAGTATCGG,3
AGTACTCCTCTCCATTGG,3
TAGAGGTTACACAACGTT,3
GCGGAGACACTATGCAGG,3
GGCATTACGTGACAGGCA,3
ACCGCCGTGTCAACCGAT,3
GGGACAGTTGATGACTCG,3
TCGCAGAGAGGTCGAGTC,3
GCGGTCAAGAAACTATCA,3
ACGCCAAGCACATGACGG,3
AACTTCATGTGCTATCCT,3
AGGCCTGTAAGGTACGAG,3
AACGGCCAACAGTGTGTG,3
AGGGAGGAGTACCCGGAG,3
ACCTGGAGGGAATGTCAT,3
ATGTCCCGTTGCCCACAA,3
GGCAGGGACCTCACTCCG,3
AGGGTAACAATACGACAT,3
AGGACTGAACGTGATCCT,3
TAACGGACGTAGTTCGCG,3
GCAGAGAACAATATGTGG,3
TAGGATGCGTCCGTAGTG,3
AGCAAGGACACGTAGCGG,3
CACGGTGTTCGACCAGTA,3
GGAGACGGAAAGGAGCTA,3
GAAGGTCTCCGATATGCG,3
TAGGCGACAAAAGTGGTC,3
CGAGATGTTCAGACCCGG,3
TGCGGGCTCATGATGGCA,3
ACTAGGGGAGAGGTGCGG,3
GGGCCGCTCGACGTAATA,3
TTTCGGGACGAAAGCCTG,3
ACGGGTGCAGATAGTGTA,3
ACACGGCATACATAGTCG,3
GCGAGGTCTGAACCGGAG,3
GGTGAGGCAGCACAGGAT,3
GACCGACTGTTCCCAATG,3
AGGGCCATGATTTGTGAA,3
AACAAGGGTCTTTCTTCG,3
AAGTAACACCGTGGATGA,3
ATGGACCCCAGCCATGTT,3
AGTGGGCTCCAATGGCCG,3
AGCCTGAGTTCGAGCGCA,3
ACGGACCACGTATCGTCA,3
GGCAAGAAGGAGTAGGTG,3
GCAGCCAGTCAAGCGGAG,3
GGGTGACTTCGCGCGAGC,3
ACGATGGTTAGCGTGTGC,3
GGGCGTAGATCACATCTG,3
TGCTGGCCTCCCAGTGCG,3
GATCATATCACGTGTCGT,3
GCCATGACTTGTCGTTCA,3
ATGGACCCCAGGACAGCT,3
GTAGACCGACGCGGAGCA,3
ACATGTGCAGTGTGCCGG,3
GTGCTACCATCTTGCGGT,3
GCAGCGGCGACAGTAACA,3
TACGCGTACGAGAGCGTG,3
CGTGGCATACTCTGCGCT,3
ATCGACGGCCGTAGTCTA,3
GATGCTATGGCCAGTGTG,3
GCCATGGTGACGGTGCTC,3
ACGGGCGACCAGAACTGT,3
GGCATCCGTGAGGTGAGC,3
TGGTGCACGACTGTATGG,3
GGCAGCACCGCTAAAGCT,3
GAGGGTAAGACCAGGCAG,3
AGCGGTACTTTCGATGAG,3
AGGGCCAAGGTGACAGCG,3
CACCGGGAAGAGTGCGGT,3
GTCACTGTGCACGTGTGT,3
GCGGGTGGATCACGGAGT,3
AGGCTACGTTATGGTCAT,3
GATACGAAGGAGACGCCG,3
GACAGGTGTGCATGCCGG,3
ACGGATGCGTGCAGAGTG,3
TAGCGCGAGGCAGTTAAT,3
ATGACCCAGACCGTGCTG,3
TAGTCTGGTGTTGGTGCT,3
ACGAGGATGGAAGTGCCG,3
GGGCGCATCGATTACTCT,3
ACACGGGCGTCAAGCAGA,3
AGGAGCTATATGCTACGA,3
GTGAACTGGGCTGCGCTA,3
GCTACGGCTACCAGTGGA,3
AGCCAGACGTGTTGTGCG,3
AGTGACAGTCAACGCGTT,3
ACAGGGCCAACTAATCGT,3
AAGGCTGCGGTACTCGAT,3
GGCTCATGACAGACGGCA,3
GGCAACACTGACAGCACT,3
TACGGTAGTTGATAGTTG,3
CTGGGACACGGACTTCGG,3
ACGGGTATGCAGACGCAG,3
ATCCGATAAATGTCGCTA,3
GGTAGGGTCTGCATATCC,3
AAGGACTGGTGTACTCGG,3
AGAGGATCATAGGCGACG,3
AGGACCTATGTTACGACG,3
TGCTGGGTTGACCGATTG,3
ACCATAGTCAGAGTGCAG,3
GCACACATGTCAACGGCT,3
GATACGATGTTTATGGAG,3
GATGCACAGTCCAGAGGT,3
TCCGTGGTTATGCAGTCA,3
GAGGTGGATGTCTGGAGC,3
AACCCGCAGAACGTTGTG,3
GCCGAGGGACTGCTGTAT,3
GGGTCAATTCAGCTTCGA,3
AATGACTGCGGTCAGGTG,3
TCACGCGGCTGTATCCAA,3
ACACCCCATCTGGTCGCT,3
ATGTACAGTACTCATGCG,3
AAGCGGTACGCTCTGGTA,3
CGGAGGGTAAGCCGCTAG,3
AGGAGGCAGAGGCTTTCG,3
ATGGGCCATATCCAAAGT,3
GTTGTGCCATCACTACGG,3
GTAACGGGCCCAAAGCGT,3
AGACGTGATGTGACGCGA,3
GACGCGACGAATACGGTG,3
GATCGCCCCAGACTGTGA,3
GGTCCATACCGTCAGGAG,3
GACAGCGCATTTATAAGA,3
TCGTGCTGCGTCATGGAT,3
AACAAAGGTCAAATTGTG,3
CAGGGGTATTATACTGTG,3
ACCAAGGCAGAAGGTGCA,3
GCAACAACTACGACCTGG,3
GCAACGACGGAGTGGCCT,3
AAGGCGGCGGAGAGTCCA,3
ATGCAGACGGCATTTCCG,3
GTGCGCAGTGTTGAGATG,3
GTCGGTACTAGCACATTG,3
TCGGTAGCAGCCGTGTCT,3
GCAGAGGCGCATAATGGA,3
AAAGGGACGGAGCCTAGG,3
ATGGAGCACGATCCCGGA,3
AGGTAGAGGGTGACCCAG,3
TCAGCAACAGTAGGTGAG,3
ACATACGAAAATGACTGT,3
AGGTGACCCGAAAACCGG,3
TCACCATAATGCAGTAGA,3
GATCCAAAGCAATCATTT,3
CGGGTGGGACTCTACATT,3
TACGAGGCGTATAACTGA,3
GCTTCGACTATTAAGGTG,3
GATCCAACTTAGCCTAGG,3
ATAGACGGGATATCACTT,3
GAACACACACTTCGACGG,3
TAGGCCTGCCCTTAGTCG,3
TGGTGACTATCCTCTGTG,3
GAAGGGAGGTAGCTCAGC,3
AGCGTGTGGCCAATAGGA,3
ACACTGGATCTACACGTG,3
ACGGCTTCCGAGCGGCGT,3
GTGGATATACGAGTCGGT,3
TAGGTAACAGTATGGGCT,3
GGGAATGAGTAGCCGGTG,3
ACCGCAGTATAGGCCACG,3
GGGGCCAGGCACCATATT,3
GTGGGTGAAGACGGCAGC,3
GTAGGAGTGGCAGTATGT,3
AACGATGTGACCAATGCG,3
GATGCAGCATCGCTAGTG,3
AGTGGGACGTGCACTCAG,3
AAGGTCCTTTCCGCGTGG,3
AGGGCCCTCGGACATGGA,3
AGCCGCCGAACAAGGTGT,3
GTCGCACTGGGGATAGCC,3
GCCCCAATGGAATCTCGT,3
AACGTAGCCTTGGCTCTT,3
GGGCAACAGCGAGCATGT,3
AATGGGCACATAATGTCA,3
AACGAGTCCACTCGATGG,3
GGCGGCATTAACTGTGAT,3
GGGATGACACAGTATATG,3
GGGGCAATCTAACGCGGA,3
ACAGGTAGACGACTGTGG,3
TATGGTATGGCACGCGGA,3
GGGGAATATAGTACCTTT,3
AGACATGTAGCCCATTCG,3
GCCAAGTTGACCTGTACT,3
ACCAACGATGGGCCTGCA,3
GAGCCTAAGGGCCGAACG,3
TACGGCAGGGTACAAACC,3
GGCTGGGTGTTCCGAGGA,3
GCAGTCTGCGAGCATCAG,3
TATTACATCCTAATGCTC,3
AGGGAGCCCAAGCACGTG,3
TCGCATATGCAGGGTGCA,3
GTCCAAGAGTGTCGAGTT,3
GTATCCGGTGTTGCGCTA,3
AAATGCAAGGAGAGTGTA,3
ACGCAGAATGTCTGGGCT,3
GGAACACATCGCGGCCTA,3
AGTGGAAGTATGATCGCT,3
AGGTGACCGAGCATTCCG,3
AGGGCCAAGCAGATCGAG,3
CTGGTTCGGGCTACGGAT,3
TTCGGGCTTACCATTGTG,3
CTCAACAGATGGCGGCAA,3
ACGTGATGTGCCGTGTCC,3
TCGGGTATGAGTGTTGGA,3
ACGTGTTGTCACTATGTG,3
GTGGTGTTGGCGTAAGTA,3
GTAGTCAGTCCATACGCG,3
GGTCATATGCTCTCCTGT,3
TGCAGGTGAATGGCATGT,3
AGGAGTTGCGGTATACGT,3
ACTGTAGCCCCTACGGTG,3
TTCGACGGCCCTCTACCT,3
ACGGGCTATAGTGCTGAT,3
TACAGTGAGCAGTCGCGG,3
AAGGAGGTTGCCCTCAGA,3
ATCGAGCGGCAATGTGGA,3
GCGGCAAACGTCAAGGCT,3
ACTGCTCGTAGCTATGGA,3
ATAGGCAGTCGACGTAGG,3
TCACATAAAGGTAGGCGG,3
ATGCGGACCTCCTTGCCT,3
AGGCGAATGGTGCAGCAG,3
TCATGCATACCACTCGTG,3
GCGGATCGCATATGTACG,3
GACAGTGGCCAGCGCTCG,3
AGTCAGGTACTCCGTGCG,3
GGGCGAGGAGCAGATATA,3
TCATGGGTATGAGGAGAT,3
TAGTGGGCAGGACCCGTA,3
GGGACAGAGGACTAACGC,3
TGGGCTTGCCACATGACG,3
ACCGTTCAGAGTTCTATG,3
GCGGGAAGAGGCCGACGT,3
GGTGGACCTAAGGCGCTG,3
ACCTCGATAGGGACTCCG,3
ATCCCTGTGCCAACTCAA,3
ATGTGACCATCGCATGCT,3
AACGGATCAACGCCAGGG,3
ATGAGGCTACATCGGCTA,3
TTAGACGCTCTCTCCTCC,3
AGAGACTACAGGATCGCG,3
ACTGGATCTCTGACGTTA,3
GCCAATTGGCCTGGTACT,3
AGGTACGATGCGGACAAG,3
TCGGGTTACGTAGCTCAT,3
AGCGGGATCAAGTACGGT,3
ACTGGGATGTACCGGCGG,3
AGGTGGATTCGGCAGCAG,3
GGTGGTGCAATAATTCAG,3
GGTAGATGTGCAACGTCT,3
TGTGAGGGATAGAGGTTC,3
AGACGGTCGACATGAGCA,3
AACATCTGCGGGAGCTGA,3
ACGGGCAGAGAGGAGCTA,3
CACGTGATCCAGGCGATA,3
CAAGCGTGTCACACGGTG,3
GGCGGCGGAATCAATCCT,3
ACCGGATATCACACGTTG,3
AGGTAGTATCGAGGCTGT,3
ACTGGCGCTATCTTCGGT,3
TACGGGCACCAAGAACTT,3
ACTGTACGACATGATGTG,3
TCCGGTGAGTATCTATGC,3
ATACGCAGGGATGGTCTT,3
AGGTTACATCCCTCGCGG,3
GCCGGGATACTATTGCCT,3
AAGCTGTGAGGACCCGCG,3
GGCTGCCAAAGGTCGGAC,3
GATGACAGAGTCTTAGGT,3
ACAGGCTGCGTTCGTGAG,3
ACTTTGTGTCTTAGCGAT,3
AAGCAGCATCGACTAGCA,3
GGGAGGTGTAACGCCTCG,3
GGGTGATAGGCGACATGA,3
GATGCGGGATGGGAACCA,3
GCCCATGAGTTCTATGTG,3
AAGCGGTGATGCTTGCTG,3
ATCGGCTAGACGTGTCGA,3
ACGCGTGACCTGTGGATG,3
ATGGACAGCGGTGACGGA,3
CACGTAGTGACTGCGATG,3
TAACAATGGGTAAGCTGG,3
AACGGAAGATACGCTGCA,3
TGGGAGAGACGTTTAACC,3
TCAGTTCAGGGCCGTATC,3
ACGGCATGGCATTGAGCG,3
TGCGTTGTTGAAGGCGGT,3
AGGTGGGATGCGGAATGT,3
AGGGCGCATCAACCATCA,3
CGAGGTGACAGTGTGGTG,3
GGCCAGCCGTAGTGTGAA,3
TGCTCCGGATAGTGGTGG,3
AGGTTATGCGCGAAGGTG,3
GATGGCACATCGGAGCCT,3
AGGGGCAACTGTAACATA,3
AGGGGAGAACGCCCATTG,3
AACGTGGAGTGATGTCTG,3
AACCGGACTTGACGGTGG,3
TACGGTAGGTGCCCTAGA,3
GATATACCGAGACATGCG,3
GGCACGTCATTTCTGGTT,3
AGCAAAGGGAAAGGCGTG,3
CAGCGGGTGCATCGCAAT,3
TAGCAGCGGATCCTGGTG,3
GGGATAGGTCAAGGCGCT,3
GGCCAGAACTGCTATGTG,3
ACGACCGAATGACTGTTG,3
AGCGGGATGAACATGTTT,3
ACGGTAGGTAGGCATGTA,3
GGGCCTACGATTGCGGTA,3
AACGCCGAGTGATGTAAT,3
GAGGCCTCCGATCAACGT,3
TAGGACGTCGGAGTCTGG,3
TTGGCACAGCACACGTGT,3
GCAAACCTAACGATAGCT,3
ATGTGGCCATGCGGTGTA,3
GCATACCCATAGACGTGT,3
AACTTAAGACGTGCGTGT,3
TATCAGGCGAGTACTCAA,3
GCTGGGGAAGCTACTTCG,3
ACGGGACGCTTACGGACT,3
CGGTGGTTTGGACATCCT,3
AGGACGTAGATCACTGCG,3
GAGGGTTAGTGCACGCGG,3
TGGGTGGAGAAGACGTAC,3
ACGGTGTAATCCAGAGCG,3
GGGTGCGAATCTCAAGAT,3
ATGCACTGACGAGACGTG,3
TAGTCGGGACACCCACAA,3
AGTGAAGTACGGTTGCTG,3
ACAGGGATATCCTGCACG,3
ACCGCTCTCGAGGTGATG,3
AACGGTCACAGACTTCTG,3
TAATGGGATCAATGTCTG,3
GGGCGAGGCGTATGAGGT,3
GGTAGACGGCGCACGATG,3
AGGGAGCATTCAGAGTCG,3
AGATCCGTTTCGACGTGT,3
ATGTACATGGACATACGG,3
ACATCCGACGTGAGCCGT,3
ATGGAGAATGGAACGACG,3
ACCAAAGGCTGCGGTCGT,3
ACTGTGTGGTTGACAGAG,3
AAGGACGAACATCACGGT,3
CACGCATGTATCTCGAGG,3
GGGTAGTCGTAATATCTT,3
GTGCTAGCGATATCGTTT,3
CGGAGTTCAGGCACTTAT,3
AAGGCTGCCCATCGTGTC,3
GACGTAGCATATTCCGAT,3
GAGTAGGTGTGAGACGTC,3
ACAGTGTTTAGCGGTGAC,3
TACGGGACAGTATCTCCT,3
AGTAGGGCGCAGAGTTGT,3
CGGTGGGACCAGACGCGA,3
AGTGGAACTCTTGCCATT,3
AATAGTTGCAGACTTGTG,3
ACACTTCGACGGCCCCCT,3
TGGGCATCCAGGCATCTG,3
GAGCCTCACCGGAAGACG,3
ACTGAGCCGCAATCCGTG,3
ACCTAGGGAGGACGGCAA,3
TGTGGGTAACCCTGGACG,3
GGCGAGCGTACGGAAGCA,3
ACGCGGCTCATCCTATAT,3
CGTGGTACACAATAGTCG,3
GAGAGGAGGAGGTGGGCT,3
ACGCTTCATTAACGTGCG,3
AGGGCGCCAAAGATATTG,3
CAAGGAAGATTGAGTGTG,3
ATGTCTGGCCTTGAACTT,3
GATCAGGCAGTCAAGGTT,3
ACGCAATGATGGGTACCG,3
GTACAGTGCATCGCTCGG,3
TGGACGGCTAGAGGTGAT,3
AACACGGTAGTGCTGGCA,3
GACCCGAATACTTTGGCG,3
ACATGGGTTAGGCGTGGA,3
ACGTGACGTCAGTTGTGG,3
ACGACACATCAGGGTGTA,3
ACCGTTGGGAACATGGCG,3
AGAGACGTGAAGGCTCCG,3
GGGCTGGTTAGGAATCTT,3
ACGCACGACAGACGAGCG,3
GGGGCCATTTTGCTGAGC,3
AGTGGTAAACAAACGCTG,3
AGAAGACCTGACAGCTCG,3
TCAACGATGTGAAGGTAG,3
GGGCCCTAGGATTGCGCT,3
GGGCCAATGTGCTCTCGT,3
ACATCGTGCTAGGTGTAG,3
AGCTAGTCATGCCATGTG,3
AAGGAGCAGGCTACTTGG,3
ACAGGTACAGGTACGTGT,3
GAAATGTCCGACGCCGCT,3
AAGCATATAGTCTGGCGG,3
AAGCAGGGACAACGTTAA,3
GATGTAGCCGATCATGTT,3
AAGCCGGCAGTATGGTGG,3
TGGGATGGGTAGTACTGT,3
ATGGGCCATACCTTGGTG,3
AACTGCTGAGATCAGTGG,3
ATAGCCCAGTCCCAGGTG,3
GTAGAGGACTAGGATGCT,3
GACCACGTGTGCTAGTAT,3
TGTACAGGGCAGTCCTCC,3
AGCGGACAGTGCACAGAT,3
CGCCAAGCGCAGTGTGCT,3
GATAGAGAGACCGCATGG,3
ACAGGGCGCATGAAGTGG,3
ACGGCATGAGGCTAGGTG,3
GTGGGTGGAGGAGAAGGC,3
GGCTCCGCAACGATTATG,3
GGATGACCGAGACTATTG,3
ATAGCCTATGTGCACGAT,3
AGGGACGTATATCACTGG,3
AAATACAAGGCGGCAGAG,3
AGGCCATGAAGTGACGTG,3
CGACGGGATCCACTAGCT,3
ACGGGACTAGAATGACTA,3
AGGCCTGTGTGGCGACAT,3
AGGTGTCCGACCATAGGG,3
AGCCGTCCTGGACTTGCG,3
ATGAAGACGGCCCGAACG,3
GGGCAGTTGCGGCTCAGT,3
AACGGCTGTACGTAGACT,3
GGGCACTGTCTACGTACA,3
GCGGGACTCAATCAGCGA,3
AGCAGCAGTCGGCTACGC,3
GGGACGGGTTGAAGGCGG,3
TAGGGCAAGGTCTCGACA,3
ACCGGGCATTTGATAGGG,3
CATCACGGTAGTCGGCGC,3
GATGTACAGGACTGGCCT,3
AGCCGGAATGGGTAAGCA,3
AGTAGGCCGGACGAGCGC,3
TGCAGGTCGCAAAGTGTG,3
ACTCTGAGTCCGATTGTG,3
ACTCACGGGTCAGCACTA,3
GGGCCAGAAGAATCCCTG,3
GGGGCGAGAACGGGACAA,3
ACTACCGTGTTGGCTCCT,3
GCGGCGGTCACTGGCTCT,3
ACTAGCGAACACGTCGGA,3
ACTACTGTGGCAGCTCCT,3
ACGCTGCTACCCTACGTG,3
GGCACATCACGAACGGTG,3
TGCGGCATCCGTGTTCAG,3
AAGGGTACCATAGCTCCT,3
ATGACCGTGCCTGCAGTA,3
GTATCGATGCACTAGGAG,3
AATCACGACCCGGGATGG,3
GGATAGACAACGTGACAT,3
GGGGACGGAGAGTATTGT,3
GGTAGTCGTCACGTATAC,3
GGCATCCAGTATCGTTGG,3
GGAGCCGTATAAGACGCG,3
GGGGACGCCACGGTTACA,3
AGGTCTGACGTGCAGTAT,3
ACGACCATAAGGACAGTG,3
GGTGGCAATGGTGAACAA,3
ACTGGGCACCTGTGGAAG,3
AACGGTTGAAGGAATGAT,3
GCGGCTAAGCCTACTGTG,3
ATGGGTGATATCGGACTC,3
ACGACGACTATCAGTGCA,3
AGGCTGGTGTGACTCGAA,3
ACGGTCGACCATGTGCAT,3
CACAGGGCAGTCAGTTCT,3
GCACGGAGCTTGGCTCTG,3
TAATGCATAGCCGTTTGT,3
ACGGAGGCATTGCGGGAT,3
AGCCCGGTACATGCAAAG,3
GGCGATCGGCAAGTGAAA,3
AACGCGTGTGGTGTAAGC,3
ACCAGCGCTTTTAGGGTG,3
GAACTGGTCAATGGCATG,3
AGCGACTACACACGGTGA,3
ACGGGAAACAGCGTGTCT,3
CGGGACGCGGTACGTTAT,3
AGGACAAATGCAAGTGCT,3
GCAATAGCGCGGTATGCT,3
AGCGGGCCCATTACGTAG,3
ATAGATGCAATGGTCGTG,3
CAAGTGCATAAGACGATG,3
GGCTAGGCCATTCTATCG,3
GAGGGACTTGACATCGGA,3
AATACCGGATGACGCCTG,3
ATGTGGCACAACTAGACT,3
GCGGGATACATAACACAT,3
GCGGAGGACACCAGTTGC,3
TCAACGGGGTAAGAGACA,3
ACCGTAGGGACGACGCGA,3
TGGCGGAAGCCGTGATTG,3
GGTACGAGGATTCGCTCG,3
GGGGCAGCCGATTGTACG,3
AGCGTATGGCCAGACGCG,3
GGGCCAGGTCGAATCGTG,3
TTTGGCCGATTGAACGCT,3
AGGATGCCTACGTGACTT,3
TAGGGAATCCTGACGAGT,3
AGCCCGTAGATGACTGTG,3
GGATGGAGTGCTTGTCAA,3
CACGGGACGATGACAGTG,3
AGTTCGTGAGCGTAATAC,3
AGGCCACACAGACCTGAG,3
TGGCATCCGAGAATGTCA,3
AGGGAGTACAACCAACTG,3
ACGCAGCTGTCTAGTGTA,3
TGAGCACTAGATTGAGTT,3
AGCGGTGCGACGCGTACT,3
ACATGACCGGTTCACGTG,3
AGAGATGCTTTATCTGCT,3
ACGGCATGCGGCCATGGT,3
GCACGGGAGATGGCAGGT,3
GCTGAGGTCCAGGATGGT,3
ATACGCAGACAGAAGCGG,3
CGGTGGGTGTGGCCAGCT,3
GGGCACAGGACGGCCTGT,3
TAATGGGCGCTGTACACT,3
AGGGTACGCTACCATACG,3
ACGGTGTGGTTCTGATAG,3
TAAGTAATTATATCCCCT,3
TACGGTCGCTTGCCAATT,3
GGCCACGACGGAGGAACC,3
TGGACAGGTAATGCAACT,3
AGTGCTTCACGTGGTAGT,3
ACGCACTTTACGGTCAGT,3
AGGGCATTTAGCAGTATC,3
CGTAGGGACAGTGGTAGG,3
AACGGCAGTCGGATATTA,3
GGGCAGTGACTACATCCT,3
GGTGCGTATGATAAGGCT,3
TACCATCCACCAGTGGTG,3
AGGCAGTGTGAATAGGCG,3
CGGGAGGAGACTGGATCG,3
AAATTGTTCATACGGTCC,3
ACACAGCGAAACTATGTG,3
GTACGGTCAGACAGTTCG,3
GGCGGAATCCAGTGATAG,3
TGACCGATCCGACTATAG,3
CTGCTATCGATCCACTGT,3
TTTCCACTCGTGTCCATG,3
AGGGCACTTACTGAATCT,3
ACCGGAGGAAGCTGGCGA,3
AGGCGGACTATGTAGCTC,3
GATGATTCACATCGAGCG,3
GAGGGATAGAGGACCACG,3
ACAGGTGATGTGTGCTCT,3
GGAGTGGGAGAAAGGCAG,3
TGTCCCAATCGTGAGGTG,3
AGGGAGGCTCCACCTGGT,3
AGAAGAGAGCAGAAAGTG,3
GTGGCCCACTCCTAAATT,3
GAGGGCACCTTTAGGATA,3
ATATCGTGGGCTACACTC,3
CAGGGATATCCGTGCATG,3
GCAGCGGAAGGACAGTCT,3
ACGGGAGAGGGAAGACGG,3
GGAGCGAAGGTACTGTCG,3
AGGATATGGGAGCAGGCA,3
TTCCACCTGATGTCTGCT,3
ACGGGACGTGCACTGCCT,3
ACGGCAGTGAAGTTGGCT,3
AATACCTGAGGATCGACG,3
ACGGTAGAGGGTCGCGCG,3
ACAGGTGCAAAGGACTAG,3
GCAGAAGTATATAGCGTG,3
ACACGTGGATGTACGGCG,3
AACGGCGCTCGTTGTATA,3
CCGGGTAGGTGAAAGGAG,3
ACAGGGCATAGAACTGTA,3
ACCAACCGCTATGGTGGT,3
ACGGCATACGATAGGAAG,3
GGTACTTCGTTCTCGCGG,3
ACAGGTCATGCACATGTG,3
GTGGCAACGAGCAGGCGG,3
GTGTACACGGCGATGCGT,3
ATCGCACATAGCCTTGGC,3
AACGGCTCATGCCTTGTG,3
GGCCTTATCGACTGAGTT,3
CGATGGAGGTGTTAATGG,3
GTGTGAGCTTGCGCTTCG,3
TTGACCCTGTATCAAGTG,3
GAGGGGACCTGTCGAGTG,3
GAACCGATGACGTGTGGA,3
ACAGCGGTATTGTCTCCT,3
ACCTGGCGTGAAGGTGCG,3
AACTAAGGTGTGGCGGAA,3
GCGGAGGTTACTGCTCAG,3
GTCAGTCCCTGCAGTACG,3
TACAGGGTAATCCTGGAA,3
ACGGACGGCCATGTTGCA,3
GTAGGGCATCGATCCGGA,3
AGACGTAAAGTGCTGATC,3
ATGTAAGCGGTATGCTCT,3
GGACCGTAGGTACGCGTA,3
GGGGCACAACTATACCCG,3
TGGGCATCAACGACCTGT,3
GATACAACTGTCCGCGGT,3
GTGAGCGGCCTACCGTAG,3
GGACACTATTACCGTATG,3
TTCGAATCCCATGGGTGG,3
TAGAATGGCTTGTTGTGG,3
ACTGGTCCTAGTCCTGCT,3
CGTGGGAAGATGTCCGCG,3
AGGTCCGGGTATCAGTAG,3
GTCGACTTGCAGTATGCT,3
GGGAGGTATTACGATGTG,3
ACGCAGTACGAGAGGGTT,3
TTGCGGAAGTACACGGCG,3
TGCCAAAGGGTCCGTGAG,3
TGTACTCCGACTGTGCGT,3
AGAGGCATAAAGACGGTA,3
ATCGTTCGACTTCACTGT,3
GGGAGCGGGCCTTCCACT,3
GTGGAGCAGGTTCGGCCA,3
ACGGTACAAGTCAGCTCT,3
CAACCAGTGCAGTGCTCG,3
ATGGTAGACCCTTTGTGC,3
GTAGCAACGTGTCATTGG,3
TCAGGTGTGGAATTACGT,3
CGTGGGTATACTGGAGAG,3
GGCGATAGACGTGAGCAT,3
CGTGGGGAAACTCGCAAT,3
GTAGGTACAATACGGCTG,3
GTAAAGCCGGTAATGTCG,3
CTTGATGAGAAGACGGGA,3
ATGCCATATCGCACGTTG,3
GCAGGACTACTGGCGGAA,3
AGGGCTTACGACGGAGCT,3
AGCGGTAAAGTAGGCAGT,3
ACTAAGGGTATAGAGCAT,3
TTTACGACACCTGTGTTG,3
GCCGTACATCCATATGTG,3
AGGGCCATCAAGTGTGCT,3
GGCGGATAGGCACTGTAG,3
AATCAGCAGCCAGGCGGT,3
AACGAGTCTGTGCACGAT,3
GAGAGTGGCATACACTGG,3
CTTAGGCGTGACTGCGAT,3
TGACCCACTTGCGTCAGG,3
ATGGCGTTGCGTTACCGA,3
GGGCGGCTGGAATCGGTA,3
GGGGCAGTAGTAGTCCAA,3
TGGGCTTAGGCATACCGT,3
GCGAATCGTTACTGAGCT,3
TAAGGGCGCTAATCGGGT,3
CGTAGACAACGAGGGTCT,3
AGCACTCTGGTTAGGTAT,3
AGGAGGGACGTTCTCGAA,3
CAGGCCGGCGATATTGTG,3
ACCGGAAGGTGCCGTTTA,3
AGGCAGTCCGTAAGTGTG,3
ACAGGGCGTAAGCTTTGT,3
CGAAGAGGATCTGAGGTG,3
ACGCAACAGACCATAGTG,3
AGTAACAGGTATACGTGG,3
ACGGCATAACTGACTGCA,3
ACTGAGGCAGGTTGTTTG,3
TACACGAAGGGACTTCTG,3
ATAGCCAAACCGATGTGC,3
AAACGCGACGAAAGTGCG,3
GATCACAGGACTAATGGC,3
AGGCTGAAGTGATGTGTA,3
AGCAGCGGGAATATACGG,3
ACCATGGACGTCACGGTG,3
AGCCGGTCAGGGTGCTGT,3
ACTATGAAGTGGCTTTTG,3
AAGATGGCTGATGACTTG,3
GGGGAGCGGGATCGGCAG,3
ACGGTCCAGGAGTGCACG,3
ACGGCTACTTACCTAATG,3
AGGCCATCAACGCGCTCT,3
GCTGCCGATCTCCTGGTT,3
AAAGAGAAGGCTTTGGCG,3
AGTGACTTACAGGTGCGA,3
AGTGGGAATCACAAGTGT,3
ATTGGAGGTCACATGGTC,3
CGTGTGCATACCATTTGA,3
GGAGCCTGGTTACTGCGT,3
TAGGTGGCCCGCTGTAGT,3
AGCGGCGACGTTTACATT,3
ACCCAGAAGTGAAGTGTG,3
ACTGCCTACCGAGTGCTT,3
TGGACAAGGCTTATTGTG,3
GAGCACCTTTTCTTGTGG,3
TAGCGGAGCGTAGGTTCA,3
ATGCATTGTGATGTGGTA,3
TGAAGACGTGCACCCGTA,3
AAGGCCGTTTGATCTCCT,3
CGAGCGGGATACTCGTTG,3
GGAGGACCAAGGCACCGG,3
AGCATTCCTAGCCTGTGA,3
AATCAATGTCAGTTGGTG,3
ACACACGGATGTGTGGAA,3
ATGGTGAATAACGGGCCT,3
CGGGATCGTTCCCACAGG,3
CAGGGACGCGAGAAACTG,3
TGGGCAATGACTGACTGT,3
GAGGCAGACCTTGATCGG,3
CTCCAGTCCGGTACGTGT,3
AGTGGCAGCTTCAGTCGT,3
ATCATGGGCGGACAAGAT,3
ATCGTCGCACTGTCGGAT,3
AAGGGGCACGATCACTTC,3
TCGTGACATGACCCGTGG,3
ACACTCCCTGGATCCGAA,3
AGTCATTGGTCATACGCG,3
ACGGGATTCACACGAGGA,3
GGAACTCCTGATTCGGTC,3
AGGTGAACACAACGTGAG,3
GTGGACGAAAGTACGCAT,3
GCCATATGACGACGGTTG,3
TATACGGGCCATCTGATT,3
AGCGGATACGTTAATGTG,3
GTGGTCAATACATAGCGT,3
AGCGGCAAGCGGTCTGCT,3
ATGTGTGGAGAAATTTGT,3
AACCAGAGAATCGGTGTG,3
AGTGGCGAAAAGACACGG,3
AGGGCATATGTCAACGTG,3
CAGGGATGGATGAGTATA,3
ATATGCAGCGATCGGATA,3
GCACGATGGTTCTCAGTG,3
CTAATAAGCGGCTATGGA,3
GCAGTACGCATACGAATG,3
AACGGGCTAGAATGATTG,3
TAGATCTAGATGGTTGCT,3
GCAGCGAGGATTGAGCAT,3
GAACCATAGGCAGGACTT,3
TCTTACCGCCCAATGCAA,3
GGCGGAACTCGTAGTGAG,3
AGTGGTAGACAGGTCCGG,3
GGGGAGAAGTCACCGGTG,3
AGGTTGATATAGCTTACG,3
ACCTATGGGGAAAATGGA,3
GAGTGGTGAGGCACGGCA,3
CAGTAAGGATCTCGGGTA,3
CGAGGGGTGCTGTACGTG,3
GCCAAGCAGATAGATCGG,3
ATTAGCAATCCGTCGTCG,3
ATACTGGTAATACGTTGC,3
AGGGACATCCCCTGCTGG,3
ATACAGTACCGACTTGCG,3
GGCAGGTCTATGGGCACT,3
ACCACTGGTGTCGCGCGT,3
GATACGTTTGATGGTGCA,3
GCTGAGGTGTAGTCGGAG,3
ATGGGAGAATGGCAGCTA,3
CTGCAGGGCGAATAGCGG,3
TGTACCCTCAACGTGCTG,3
ACGGGATCCATGCCAACA,3
GCCCGGTATCAACGAGCG,3
GATCCACTGTCGTACGTC,3
GGGAGGGAGAGAGTGCGC,3
GGGGTGTCCGTAAGTCTG,3
GGGTTGTACTCTTGGCCA,3
GTGGCAAAGGCTAAGCTG,3
TGCACACGATGTTCGGCT,3
ATGGCATAGACTCGTCCT,3
ACGTAGCGCGCGTAGTAG,3
GTTCAGTACGAATGAGTG,3
ATGGGTCCACAGGCGGCG,3
GGGATTCGACCAGTCCTG,3
AGTGTCAGCGGTAGTCAT,3
ACACAGAGTCATCCGCCG,3
GCGGGTAGATAGCGACCT,3
GTACCGGAAAGTCGCGTG,3
GCATGACGGATTAGGTTG,3
GACTGCAGTGAACACGGA,3
TGTGGGACTCTCGTTGGA,3
TAGACACAGACGCTAATT,3
ATTGGAGAGGGCTTATCT,3
GTGCAGGATATTACTTCT,3
CAGGTAGAACTATCGGTG,3
AAAGGTGTGAAATCGGCA,3
TTAGGCGCACAGCCGGTA,3
ACATACGGGCTTCCGATC,3
ACGATCGATAAATGGTGG,3
TCACGACGGATCGAGGCG,3
GGGTAAGGTGCTTGGGAG,3
GGCGGACGTGATATGGCT,3
TCAACCGTTGCTCATCCT,3
GACGATCAGCGTCAGGCG,3
AGGACAAGATCGCGGGAT,3
ACGGAGGATTGGCAGAGG,3
GAGGCCAAAGGAGAGGCG,3
GACCCAAGAACAAGCACT,3
TACGGCCGGGTCATGTGC,3
GGAGGAAAAGAGAGGAGA,3
ACAACGAGTCCTGATGTG,3
ACACTGGATGAGTCGTTG,3
AGCACACGTCTTGGTGAT,3
ATAATCACTCAGACGTTG,3
GGATACGGTCAGCAGCTT,3
CAGCAGCACGCGGAACGT,3
AGGGTTGCCTCCATGGAT,3
GTATGGTTAGGCCGACCG,3
ACGCACCATACGATCTTG,3
TGACCAATGGAGGGTCTG,3
ACGGCGGTACGTAACGTG,3
GCTACGGGCGATGGACTC,3
AGCAGTGTCCATACCGTG,3
ACGGGACAGGAGGTACGG,3
CAGTGTGTCGTCTGTGTA,3
AATGGAGGCATGGGCACG,3
CTAGGGCAGTGCCAAATT,3
GATCGATCGTCATCAGTG,3
ACACGCTCGACAGTGTGA,3
ACGTTACTCGAACGTAGG,3
CATGCGGACGGGACCGAG,3
GTGGTTCCTGTTGCTCAT,3
GCCGTGAATTCGAAGGAG,3
GGCCATACCAACTGAGTG,3
ACTGCAGTAGCCGCGTAG,3
AGCGTAACGGTGCGTAAT,3
CAAGTGATAGCAGACGCG,3
TAGCAGCGGTTAGAAGGT,3
ACGGGCACAACACGCGGT,3
GGCATGTCAGTGACTGTG,3
AGGGAGAGCAGACATGGG,3
TACATTCGCCTAATGATG,3
GTAGTAACCATAGTGGAG,3
GACCGTGTACGACGCGCG,3
TGCGGAGATTATTGCGAG,3
GACGTGTGCTTGGCCCGT,3
GGTGCAGTATACAGAGTG,3
CAGGGACCGGAGATAACG,3
CAAGGTATGTTAAACGCT,3
TAGGTGGGTTCAGTGGCC,3
GCTCAGGACGCTGGTGTT,3
CACCGAGTAGACGTGATT,3
AGGGTGCCAAATTACTCG,3
GGGCCATGGGAATGAGAA,3
TCGCGAGATGTGCTGGTG,3
GGGGATGTATCCATTCGG,3
TGCAGTGCCCGGTGCAGG,3
ATGGTACACACAGGCGCT,3
GCACATAGGATGTACGGA,3
ACGCCCTTAGGCAATTGC,3
ACGGCTAGTCGACGTGCA,3
ATGATCGCAAACGTGGTG,3
GGGAGCCGGACGGAACCT,3
TGGCTAATCGTACGTGTG,3
CGGAACACTGTGAGGGTG,3
AGGGGGAGAAGCGGACTA,3
TTTATCGAGGACATGTCT,3
GACGGAGGTAGAGCTGCT,3
ATGGGATTCGGACAGCTC,3
ATGGGACTGAGCCGGTAG,3
GAAGACAGGATCGTAGCT,3
GTAGGGACAGTTGCTGCT,3
GCGCTGTGGCTAGGCTGT,3
TGACGGAAGATCAAGCCT,3
AGGGCCGATCTGATATTG,3
TCCCGCATTCCGCTCGAA,3
GGTGTCCAAACATCGTCG,3
GTGGCAAACAAACGTGCA,3
GATGCATGCTGCTACCGG,3
GCGGTGAGAGTCAAAGTG,3
ATAGCGGTACCTGGTGTG,3
CGTGGTAGTAGATCCATA,3
ATGGCCGACTATAAGTTG,3
ATGCGGTTGGCATACTGA,3
AAGGGCGAATGAGGCCTT,3
GCAAGAGATGTCTTACGG,3
AGGGTAATGGCATACTTC,3
GGCACGAAACTTCGCGAT,3
AGTCGGCACATTCTCATG,3
AGCAGTCTTAACGTCGTG,3
CTAGCGCTCGTCCCAAGT,3
AATGCGCCGACGTCGTGT,3
GAATGACTGCTAGACGCG,3
GCAGGTCTAGTCAGAGCG,3
ATGGACATCGGTACATGG,3
CATGGCGGCTCAAGATCT,3
AAGGTAGGCTGAGCAAGG,3
CGGTAGGGATAGCGCTGT,3
ACGCTGGTCATTGGATCT,3
ATGCGGTGTCCAATGTGT,3
GTGTAGTTGCAAGGGTAC,3
TAACAGGAAAGGCCAGAG,3
GCGTGCACAGGAGGGGAG,3
ACGCAAGAATAAGTGTCG,3
ACTGTGCGTACACTTGGG,3
AAGGGCAACCTGGCGTCA,3
TGCGGCTGTTTGCACGAT,3
ACCAGTTCATCGCCGTGT,3
AGGCCGAGAGAGACGCTG,3
GTGGGACGGCATGTGGCT,3
GGCAAGACGTGACCCCGT,3
AACCAGGAACGGTGATGC,3
AGCTTTGGGTGTACCTCT,3
GTGGCACTGTACTGAGGA,3
ATCGGGCGTATCTTCCTC,3
ACGGTGTGAGACGCCTTG,3
AAGGCGGAATAGATTGTC,3
TAGACCAGCTCATCGTGT,3
GCTGTGGTGGAGAGGTGA,3
GCATAGTGGGAACGTCCG,3
AGCGGGAGATAGGTGTGT,3
ACGCAACCAGTGACGGCA,3
GACGTGAACCAGCAAGTG,3
ACGTTGAGTTGGGAGGCA,3
AGCCACCGTTTGATGGGT,3
AGTCCTAGCCTTGGGACG,3
TATGCGGCGAGCACCGAT,3
ACGGTTAGAGTAGCCCGG,3
AGGGCCGCCTTACATAGT,3
GGTGACTGCACGATTGTT,3
TGTCGAGATGAGGGCTTC,3
AGCCACGCTGGATAAAGT,3
TTACGTGACATTGAGGCT,3
TGGCCAAAAGGTGCGTCG,3
GAGTTGCCTGGTGACGTT,3
AGACAGCGAATGGGCACT,3
AATGCGCTCGCTTCAACT,3
ACGCATGGCCGTTGTAAG,3
ATACGGTGGCTGAAGTCC,3
TAGGACCAGTATACGTAG,3
GGGACCGCTCCAAAAGGC,3
ATAGACGCTGGCTCCCCT,3
GCCGGGAACGCTAGTACT,3
GCTGAACACGGTATGTCT,3
GGCCGGTAACCCTAAGAG,3
TAGGAGCCTGTTGTCACC,3
GGAGGCAGACGTGACGTG,3
TGGACCTCAGTGCAACTG,3
ACGCAAGAGGCAGGGAGG,3
TGACAAGAGACCTGTTCG,3
AGGGAGACATGCCTTCGT,3
TATGCCACAGGACGTCTG,3
ACAACTAGCAGAAGCGGG,3
TTGTCGCGCTATCGAACG,3
GTGCAATCCGTTCCCAGT,3
AGTAGGACAGACGCTCTT,3
GGAGTACATCGCGCCCTT,3
TTGGGTAACCATGACGGC,3
TAGGCGTTAAACTGTAGT,3
TGATAGTTCAAACGCGTA,3
CATGTACTCGGACGGCTT,3
ATTGGACCTCACCGCGTG,3
AGCTGGGTACATGGCTGT,3
GTGGGACCAGGTATAGCT,3
ACCGGTCAAGGGTGCACT,3
AGCAGGGGACATGCTGCT,3
GTCCAACTTCTCCGAGTG,3
GCGGGGCATTATAGGTTC,3
TTGGTCGTAACGATAATG,3
ATACCGATCACCTTGTGT,3
AGCGGAGACTGCTAACGA,3
AGGCTATGTGACGGCGCT,3
GTTGGCCCAGGACCTTCA,3
GATGCAATCGACTGGCGG,3
GCCTGTGCAACCGTGTGT,3
GGGTATCCGGTCATCTGC,3
GGACATAGAGTTCTCCGA,3
AGGCACCCGGTCAGACGT,3
ATGCCTAGTGTGCTGTCA,3
AGTGGATGAAGACGCGTC,3
TAGGGCAATGTTTCGCAA,3
TACTGGGGATGACAAGCG,3
ATGTTCAGGCAGCAGCGG,3
AATAACAGTTCGTGAGTC,3
ACGCGGGATATTACACCA,3
ATGCCTCTGTGGGGAATG,3
ACGTAGCACGCGGAGTAT,3
TTGGGTAACGATAGCGTG,3
GTGAAGTGTGCGGCGTGT,3
ATGTCGGACACGGTAGCA,3
ATGATGCAGCGAAGCCGT,3
GTGAGCACGTCAATGTGG,3
TAGGACAACAGGGCAGCT,3
GTGACCCATGCTTGTGTA,3
TTCCTGCGTGATGGAGAT,3
GTACCATGATCGAGGAGC,3
GTTGGGTAAGCGTTGCCG,3
ACCGAGATGGCGACGCGA,3
GGGCCGACACGTGCTAAG,3
GAGGAGATGCAGGGACAG,3
ACGGGTCGATTAGCACGG,3
TAGGGCTACTGACCTGGA,3
TAGTCGAATCTACTTGCG,3
GAGTGGGCTGACGTACTA,3
GGGCACGCTGGTTACTGA,3
AGGCAGTACTAGGTCGTG,3
GAGGCAGGAGGATCATCT,3
ACACCACTGCACATTCCT,3
GTCGGGACATACCGTCGG,3
ACGCGGGACTACCTTTTA,3
ACAGCAGGAGTAGAGCGG,3
GGGAGCGTTGTCAAGGTA,3
GGTAGGTCATCTCAGTCT,3
ATGGGACGAGACTGCACA,3
GGTGAGTGCATAATCACG,3
ACGAGGGATCCACACGCA,3
GCAGTGCCTGTACTTCTG,3
GAGCTGGGTGAGTGTTTG,3
AGGTTGTACAACGTCTCG,3
ACAGGTGGCCATCGTGTG,3
ACCAAGACGCCATACAAT,3
GATCAACAGGATGCAGCG,3
ATGCAGAAGACTTGTGCA,3
AAGGGCAATTTGCGGGCG,3
AGCGACGAACCAGAGCGG,3
ACGGGGTGAACGACCCAT,3
ATGGGCTGTGAATTTACC,3
AGGGCAGTAACTAGTATC,3
GCCTGAGGTTCTGGCGTG,3
TGGGTTCAGCAATTGTGG,3
GGGCAGTATACTACGTGG,3
TGACGGAGATCAGCCCTG,3
TGGGCAACCGGGCAGCAA,3
AGGCATACACATTGGCGT,3
AATAGGTTCCGACCCTGT,3
ATTGCGGGTGAGGCCCTT,3
GTGTCATGCGGATGCTTG,3
ACCGGGTCGACTACTGAG,3
AATGTCGCCCTATGTCGC,3
GTGGAATAAGGTACTTCG,3
GAGGGCACAACTGACCAT,3
GTGTAGCTCATACATGCT,3
TAGGAGCTTCACACCCCG,3
GCTGGGGACACGTTAAGC,3
GAGGTAGATACCGACGTG,3
GACCGGCGTATTGGTACA,3
GAACCGTGAGGATGAACT,3
TGTTCAGCGCTGTCGGAT,3
GAAGGCTGTTACGGCATA,3
GCGGGAGAGACGGAGATG,3
GGGCAACAACATGCGACG,3
AGGCGAGACAGTTAACAG,3
AAGGTTCTGCAGACGTGT,3
AACAGATCAATCCGCATG,3
GGTAGGAACTAAGCGGTT,3
GGCGGAGATATGATCGTG,3
ACTCCGGATAATTCGTGG,3
TTGCGCCATCCGACTCGT,3
TTGGCAGGACCTGGTGAG,3
ACGCATGGACGCAAAGTG,3
GGCATGGTCTTAATCGCT,3
AACTGGTGATCGGTTGGA,3
ACCGAGACAGTGTTGTCG,3
GCATACGAAGTACGAGCG,3
GGGATAGTTCGCCCGCGT,3
AGGGTACTTCCCACTCGC,3
TACGGACCGGATGGAGTG,3
AGATCCAGGTCGCCAGGT,3
ATAGCAGAATTGCCGTGA,3
GGGTAACATCACCTTGCT,3
ATGGGCACGAGGTTATCT,3
AGGGAACCGTGGCATCCA,3
GACGTTCCTGACACAGGG,3
GCGGCGTATCAGATTGTT,3
GAGGCGACGTGCATTTCC,3
CGATCATAGTCGCGCAGG,3
AGGAGGATAACCCTTCCG,3
GGGACGTAAGCCTGGCAG,3
GGGACGGCGACAGAGCTA,3
AGGCGCTACGGAGGGATG,3
ACGGAGATTACGCTATTG,3
CTGCAGTTCGATGGGTAG,3
GCTCGTTGTGTAAAGCGG,3
AGCCCTGTATAGAGGTGG,3
TGCAGACTGAACGGATCG,3
GCCGGATGCACTCGTGTA,3
AAGGTGACAGACGAATCG,3
ACGGGCAACGTCACTTGT,3
AGGAGATACCGTGTGGTA,3
GTACAGAAGATAGTCGAG,3
ACAACTTCCGTCGCCGTG,3
GTTGAACACTGGTATCGT,3
AACTGGCGCTATCCGTGT,3
TAGAGGGCCGGAGAGGAG,3
CGTTACGCAGGCGGTTAT,3
ATGGGTCCAAGGCTGCAG,3
GTAGCGCAGACGTAAGCA,3
ACATGCGAACCTCGATGG,3
AGTATCGGATGTGACGCG,3
GTACCGGCTAGTTGCTGT,3
TTATTCTGGACGGGAAGC,3
AAGCGGAACGTTGGGTAG,3
CAGGACGGTTACGTGGTG,3
AACATACGAAACGACGGT,3
AAGCAGTGATGGTAGGGA,3
ACGACGGCGAATATGTCG,3
AATGGGTCCGCTGCCTTG,3
GGCGGCAGGGCAATCTAT,3
CTACTTTCGCTGGGATTA,3
TGTTGTTCGACGAGCGCA,3
ATTGGGCACGTCCCGGAT,3
CATACGTGGAAAGACGCT,3
GTACACAGACACGGTGCA,3
TGCAGGGCCAATTCTGTA,3
AAGGGATGAGGGTGACCG,3
ACGAACGGCTTCCGTATG,3
TCGGGAGGATTGTCGTAG,3
TTGGGAACGTACCGATGT,3
CACTGGTAGACGCGGCAG,3
AGCGGATCGAGCCGGATG,3
CGAATGACGGGTTAAGCA,3
ACAGTAGCTTGTGATGTG,3
TCACTGTAGGACGACGCT,3
AGGTCCTGTAAGACTGCT,3
ACTACCCATCACCGCCGT,3
AACACGGTGGCATGCACG,3
GCCGGACGCGTGTTATTT,3
AAGGGAGGTCCTTACGAT,3
GGCCCACACCGTCTTTCG,3
CACGGGGTAATCATGTGT,3
AGAGGGATTCAGAGTTGT,3
GGAGCAGACATTCTGTGG,3
GTAGACAGAAGGTGGCGC,3
CTTGGGATAGTTCATTCT,3
TGTGCCCGCACTTGCCTT,3
GGTAGTGCCGTCACCCGT,3
GACCCTGAAGGAGGCAGC,3
GGGGAAGACGCGGTTTGT,3
AGCATGTACGAGTTGACG,3
AATCTCTAGCGCTCCGGG,3
AGAAGCGTGAGACAGTGA,3
GCAGGTGCATCTAGGCTA,3
ATGGCGTTCGACATTGCC,3
AGGCGAGGCTGAATGACG,3
GGCAGGGTATACTGGTCG,3
GGGCCAAGAACGGGTGAC,3
GACACGGGGATGAACCTA,3
GGGACGGTAGACGTTGGG,3
GCTGGTAGTTCACGACAA,3
AGAGAAACGGCCGAGTGT,3
TATGTACTTGTGTAGGCT,3
GTGGGATGACACAGACGC,3
GCCTAGCGGTGACCGTGC,3
ATGCGTGACGAGACGTCG,3
AGCACTCCCTGTGTGGAG,3
GAACGCGTTAACGTGAGG,3
CTTCCCCGTAGTGTGCTT,3
GGGACACTTGCTTGCTCG,3
AGGCAGAAGGGACGCGAG,3
GGGGCATGTATAAGGTCA,3
ACCACCGTCAGGTCTGTG,3
ACATAAGGTCATACCGCT,3
GGCAGGCATTAGGGTTAG,3
GATCGGTGAATTCGGCAT,3
ATACCTTCAGCCATGGCT,3
GTGGGGCGTCACACCTTA,3
TCACACTCGTCTGGTCAG,3
GAGCAGCTGGCATTCGGG,3
AACGACCTCCAGGAGTGG,3
ATGACGAGCGGTTCTGTG,3
ACGTCCAACTAGACCGTG,3
ATCAGCCGGATGTACTCT,3
ACGGGTTATCGTGTGCGT,3
CAGGGCGGTAACATGGTG,3
GACGGTTGTTCGGCGCAC,3
GTACGCACGTACGGTCTG,3
TGGCGGGAGTAATCGATG,3
TCAAGACTGGTAGATTGG,3
GCTCTGCGGGACCTGCAG,3
GACGTCGTCTCTTCCTGA,3
GGGCACAAGGGAACACTA,3
AGGCGGTCCTCAGCGGCG,3
TGGGCAACAGTGACACGC,3
ACGTGTGTGTGCTTCACG,3
ATATCGATATCTCAGTGG,3
AATGGTTAACCCAGTGTG,3
ACCGATATGGTGTCCGCT,3
GAGGATTGCCAAACGCTG,3
CGAACAGGGAACGCGGAG,3
ATGGAGTTAAGTACATGG,3
TAGACTGCCACGAGAGGT,3
TCGCCCGTGATTCCATGT,3
GTGGCACAATGGGCACCT,3
GCGGCATCGGACGGACCT,3
TCACAGCGCGGTTCATAT,3
ATGAGCTCCGTCCTTGTT,3
CATCCATGGGTATTCGTG,3
CTGTAGTAGGCGATAGTG,3
GCTGGACCGACGTGGTGG,3
TGGATGTCATGAGTGCGG,3
ACGCGAGGGATTTCGGCG,3
ATCAATGAGGTTCAGAGG,3
GGGCAAAGGTGAGCGCTA,3
TGGCAGGTGTGAGTTTTG,3
ATGGGCAGGAAACGCAGG,3
TACCAGATTCCGCTCTGG,3
CGGGACTCAGTCTACGCT,3
GCGGGTCAACTTGGCGTA,3
ACACCAGGACGGGCCTAT,3
ACGGTAGCGTTTATCCTT,3
CAATCGCACTAGTTCGGG,3
ATCCTCGATGTGCAGACG,3
GCGGAGAGGTCAGTAGCG,3
TTAGTGCTGGTTCACGTG,3
GCTAGGATCTATGCTCGG,3
GTGATACGCAGCGAGCAT,3
GGCGGCTTCCGACTGAGT,3
GCGGCTCTGCTAGATGTG,3
CAGGGATGATCTGGGGCG,3
GTACGATAGGACGGCAGT,3
ACGGTAAGCGTGTTGTAG,3
ATCGCTGGTAGGCTAGCA,3
GTGAGGTAAGACGTGTAG,3
AGGTAGGGGATAGGCCCG,3
ATGGCGCTCTGCATAATG,3
GTGGTACGATGTTAACTG,3
GCAGTCAGTGTACGCCGT,3
AGCACACTACGTCAGCGA,3
CACGAAGGGACTGTTGCG,3
AAGGCACTGTCCTCTTCT,3
TGAGGAATGGGTACTGAT,3
AGGGCGGAGTGTACGCGG,3
ACAGGAGTAGCGGCTACA,3
ACCGTTTGAGTCTAGTGC,3
ATGCTAGCAGCCGCAGTG,3
GGCACTGGAGGAAGGTTG,3
TCTGGGATTACCGGCCAG,3
TCGCTCACTTATCGCGGT,3
CAGGGGAACCACGGTATA,3
AATGCCGAGGCGTGGCGA,3
AAACACCGATTGCTCTTG,3
GCGTAACGTGAGTGACAG,3
TTGCATTACGCGCGTTCG,3
AATGGATGCCATGCGCGA,3
GGGCGCAGGTCATGTAAT,3
GTGAGGGCAATTGAAGCG,3
GGGGCCACAACTGTGTTA,3
AGCGACACTGACCTGAGT,3
ATACACACCATGAACGTG,3
TGCCAGGTGTTCGACCTA,3
GCGATCGGCTAGTGTCAT,3
TCAGAGGACTGGGATAGG,3
GGCGATCACGGTATGCAT,3
ATAGGGTACGATCCGCTT,3
GTGATCAGCGATCTCGTG,3
GCGGCAAGTCGAGTGTAA,3
TGCAGCGTGTGGCCTACG,3
AGCGTAGGGATGCAGCTG,3
ACGAGGATGCAGAGAGAG,3
ACGGTGGCACGAGAGGCT,3
GTACCAGGGCATATGAGG,3
GGTACAAGGTGACTACGG,3
CCGGAGGGTTGACCGTAG,3
AGCAGAAGGTACACGGCG,3
GACTACCAAGTTGGGGCA,3
TGATCAATCCAACGGGCT,3
ACGGTCGAACGTTATAGG,3
AGCACGAGAGCGGTTGTG,3
GAGCGGAATGCACCATGA,3
AGCTACCTAGTTAGTATG,3
ACACAGATGCAGCGGTGT,3
GGCATGAATGGGACTGCT,3
TGTCGCCATCAATTTGGT,3
GACCTAGTTACTGCAGTG,3
GGGCATCGAAATGTAGTG,3
GGCGGTACAAAACTGAGG,3
GCAGGCTAGTTCGTGTCC,3
GTGGTGAAGCCCGGACAG,3
TAGCCAGACGCCGTGTGT,3
TAGGCGACCATTATCTGG,3
TGCGTCGGCACCTGGTTC,3
AAGCAGGTGAGACGGTCA,3
GGGGCTCTACTTTCACAT,3
CTGAGCTCTCTATGCCGA,3
GTTGGGAACCATTCGATG,3
TACGTGCGAACGGAGGCA,3
TGCTAGCGGTGAATGGCG,3
AGGCTGTTGGAAGACTGG,3
GCACGTGATTTCATGTCG,3
GGTCAGTGTATCCAGCGA,3
GCACTAGCGGCATTTGTG,3
GCGCAAGGATGGTACGGG,3
CGCATAGGGTGTATCCGG,3
GAAGGACCATCTGCATAT,3
AGCCTTCAGACTAAGATG,3
ACAAAGGGCTCTCTAATT,3
CACACGATGGGGCAGCTA,3
ATGCGGTGTCAAGCTGGT,3
GCTGGGAACTGTGGTGAG,3
GGGGTGGGAAAGTGTCAG,3
ACAGCCTGGGCATCGTAT,3
GCGATACGGACAAATGGG,3
ATAGAAGGAATAACGTGT,3
AGGAGTGACAAGAACGTG,3
GGACTTTATGGGCTGAAT,3
AGGGGACAACATAGCAGG,3
GCGGAGGACCTCGATTCG,3
TGGGTGAAGCGTGACTAG,3
ATCCTCAACCGACCCGTA,3
AGCGAGAGGGAGAGCGTC,3
ACAGCTTGAATTTGCGTG,3
GACCGGGGACCATCCAAT,3
GGACCGTGTGGGCATGAT,3
GCAACGTGACTTCGGTTG,3
ACGTCGACGCAGGGACCT,3
CGGCTGGAGACTGTAGTT,3
GCCAGGCGGTAGTACGTG,3
ACGTCATCAATGTTCGTG,3
GGAACACGTTGGTAAGGG,3
GCGGCGCGAGATGTCTGG,3
GCGGACACCAATCGTGTA,3
GAGGAACGTCGCCTAGGG,3
AAGGTAGCGTTGGCATGT,3
TCTGAGGTGTACATGGCT,3
GGGCGTAGGGGAGAGACA,3
GAGGTCAGCAGATCTCGG,3
GGGCCGCGAGTACAACTG,3
TGCGGTTGTGCCGATAGA,3
AGGATGTGCGACTGAGTG,3
GGCTCATCAACGGTGACT,3
AGAGATGGCTGTTCTCTA,3
ATGTGGTATCAGATGTGT,3
TGACTGCCAAGCTCTGCT,3
TCAAAGTTCGGACGGCCG,3
AACGAGGCAGGTATGGTT,3
AACTGGTATCGAGCGTTG,3
GGATGAAGAGTGTAGGAG,3
ACGACGTGATAAGTGTTG,3
GCAGACCTATATACGGCG,3
TACGATCCTCCCGCCTGT,3
GGGCTACTGCATCATTGG,3
AGCGGGATCGATAAGCTA,3
ATAGGGACACGCTAGGCG,3
AGACTGTGGCATTATCCG,3
GACAGTAACGGTAGAGCA,3
ACCAGCAGCAGACGGGTG,3
ATGCTGGTCCAGACGTGC,3
GTGCAGCCGTGTACATGG,3
GTGCGCCATTAGTACCTG,3
TCAAGACACCGACGCGTT,3
ATCGTCCAGACGTAATTC,3
CGTCAGGGCGGTCTCGTA,3
CTGCGGATACGACGCGGT,3
AGGGATAGCATAGAGTCG,3
GTATGCAGCGATGCAGTG,3
AAATGGCTCACATGTCGT,3
CAAGGTATCGACATCTGC,3
AGGAGCTGCAATTCAAGT,3
CGGCATCGAGGTGACGTA,3
GCATGGATGCCCGTGTAA,3
AATGCGGGCTGATACATA,3
GCTCGTCTCCGCCCTATC,3
AGACGTATTAGTGCTCAT,3
TAAGAGTGATGCGGGAAA,3
GGGGTAAGGCCAACTGGG,3
AGGCACTCCTGTCGACTT,3
CGGGACTGGAGGATTATG,3
AGACGTGTACCCCGGCGG,3
GCTGGGCAGCCAAAACGT,3
AGTGGGCCCATAAAGTTA,3
AACCAGTGACGGCCTGTG,3
TTCCGATCACGTAGCTGT,3
ACTGCTGGACAGGGTACG,3
CTGTCGACTCCTGTGGTG,3
ACGGGGTCCGTGCCAACA,3
ATGCCGCACACGTGTTAT,3
TTGGGATATTGGTCACCA,3
TAGCTAGCAGACGACCTT,3
ACGACGGCACTAGCGATT,3
GTAGACAGGACAGTGCCG,3
GTACACGGGCTTTGGTTT,3
GGGCATAACAAAACTCAG,3
ACACCGCACGTGCAGTCG,3
AGGGATGCAACTTACAGT,3
CACGGCATGAGGACTGCT,3
ATGAGGAAGTGCCGCACG,3
ACTGAGCGGACGGTTGAG,3
AATGCTGGAATCCTAGTG,3
GGCGTCGCAACAGTCATG,3
TGCTCAGCGACGCAATGT,3
GGAAGCATCTGTGCGACT,3
GCCAAGACATCGTGTGCG,3
GTGTGGTGGAAACATGAG,3
AGGAGCATCGACTTGCTA,3
AGGTGGACAGAAGCATTG,3
CAGGATACACGCTCAGTT,3
AACACCAAGTTGACGCGG,3
TAGGGATGGTCTATTCGA,3
AGCGTGTAGTCAAGTGGC,3
CGTACATAGTTAAGGGTG,3
ATGGAAACGGCGGAACGG,3
TAGGCGGAGTCGACTGCA,3
GGGACCGGACTGCGTGAT,3
ACCGACGAATCTGAGGTG,3
CGATGGGCGACGCATAGA,3
GCGTAGCATTGAGACGTG,3
GGCCAACACAAGGGGCGT,3
GAGCGATGATGACTCGTG,3
AGACGGGATGAGACAGCG,3
CGACAGGAGAGTTCAGGT,3
ACAGCGGCTCAATGCTCT,3
CGTCGGACGAGGACGAAA,3
ATACCACCCGCACTCGTA,3
ACTCCGCAGGCTAATGGG,3
CATCACACGGCGACGGTG,3
ATGTCGCACATGCCTCGG,3
AACCTATCAAGGATGTGG,3
ACCGATAGACTGCTAGTG,3
ACGGCCGATGTTTCTGTG,3
TGGGAGCCATCCTGCTCA,3
GGGTACTCCTCGATAGCA,3
TGACAGGTAGTATACTGG,3
TCACATAATGTTACTCTT,3
TCGCCAACAGTTTTGGAG,3
AGCGACACAATCGTGTGA,3
GCACGCTCGAGTTGATGT,3
CGGCAAGACGTACTCGTG,3
AGGGCGGTAACAGCCTGG,3
GCCACAACATCGCGTGTA,3
GCGGACGCTACGAATGTG,3
AACAGCTGTCATCCGTGC,3
GGGGACTATAGTCACTAT,3
AAACGGACCAAAGGTGCG,3
GGGTAATGATTGAGGGCG,3
TACAACGGCTATGGTATC,3
GGGCGCGTAGAGATTGGC,3
AACCCACACAACGTGGTG,3
GCTGGGTCTGTACCATAG,3
GCAGGACGTGAGGCCGCT,3
GGAGGAATCGGGTACCTG,3
ACGGGTACCTCTTCTCAG,3
TAATCGCACCATTTCGCT,3
GCAGGTATGTGAGCGACG,3
CACCGGGGTAAGACGGTT,3
GGGATAACGGACAATAAA,3
AGGGGCTCCCTAGGCTGG,3
ATGGGCCGTAGTAAGTCC,3
AGGGTACGCGCATTGTCC,3
ATATGAGCGTCGGCCACT,3
CACAGACAGTGTACGCTC,3
ATGCGGAGCATCGCTCTT,3
AGCGGCTGGGACGTCCTT,3
TACGTCGATGATCTGTGA,3
CTCGGCTACGGAGATGTT,3
TACTGGCATTGACCGGCT,3
TCGCCATTACCCTCGCGG,3
GGAGCTGTCGTATGTAGG,3
ACGAGGAATTCAACTGTT,3
TAAACGTCGCATGAATGT,3
CGGCGGTAGGGTTCATTG,3
GCGTAGGAAGTAGGGAGG,3
AGGCGGTGTGAGACGGAT,3
GTAGCTCTAGATCCACGG,3
AAGAGGCAAAACACGGTG,3
GACGTGGAGACACCTTAG,3
GGGAAGGGAAAAGGACCG,3
AGGATCGAGTTCACGTGT,3
ATGGGATGTACCAGTTCG,3
ACGGGTGTGAGATGCCTG,3
GGCCTATGGTGCAGGGTA,3
AACCGAACTTGTGGCCTT,3
TGTGCAGTACAACGTCGT,3
GGCGCCCTCAGGTATAGG,3
CACACGCAGTGTGATGTG,3
GGGAACAACGTACGCGCG,3
ACAGGTGGAATCCCAGCG,3
AGCGGTGAGCATTAGCAG,3
TTTGGGAAGTCGTTGCGT,3
AGCAGGATCACCAACGGT,3
ACATCACCGCAGCGTGTA,3
AAGGAGCGACAGTTGCAG,3
AACACACGGATGGACGGC,3
GGGTATGGACGGACAGAG,3
AGCCCAGAATATGGTGCG,3
TACCACGGACTTTAGTGG,3
GAACGTGACTGGACTTAT,3
AAATGGACCACTGACCTG,3
TGGGGTAAGGCCTTGAGT,3
AACCTCAAGCAGCGGACG,3
CACAGGTGCAGTGCCGCT,3
TGTTTGGGGATCTGACAG,3
AGGCAGGATTATTTAGCT,3
TGCCGGACGGGATCACAC,3
ACAGGACACCGAGCAGCG,3
ACTGAACTAGTGCTCCGA,3
ATGAGAGGACGTGACTGC,3
CGCGGACAGGTTCGAGTG,3
ACGGTGAATAGCGGTGAG,3
GACGGTGTTCTGAAGTCA,3
GGGTAACTGTCATGCCTG,3
TAGGCGGAGAACCATGTC,3
GCTGGGGCACATACATCC,3
AGCATGTAGAGGTGTGAG,3
TAACGGTCGGCGAGATCA,3
AGGTGCGGAGAGAAGTTC,3
GTGACTGAGGTAGCCTGA,3
AGGTGCACGGTTCACGGT,3
AGCGGACTCCATACGCGG,3
AGACTAAATCTTGAGGCT,3
AACATAGCGTCTTACGGT,3
TATGCGATACCGACGTGC,3
ACGGGATACTATGCCGTG,3
AGGTAATGCTATACTGTG,3
ACATAGTGTAACATCGTG,3
GAAGGTTCTCAATGTTCG,3
ATGGGTAAGCTCTCATCA,3
ACAGGGTATATCGATGAC,3
GGGTACAACTGACCGATA,3
TACATACTGGATGGACCT,3
ACCTTCGGGTATGAGTGC,3
AGGCTAGTGTCGATGTTA,3
ATTGCGGTGGAATGTCCG,3
TATCGACGAGAAGACTTT,3
AGCCACTGCAGTCTGGAT,3
AGGTAGGACACGTGTGTA,3
TCCGGTGTACCTGCTCTG,3
ATGGCAATTAGGTCATGT,3
GGACATCAGATCGACAGC,3
TGATGTGCCGTCCCGATC,3
TCATGTCCGCGGTGCTAT,3
AGCGGCGACAAGACGGTA,3
GGGGATATCGAGAATGAG,3
AAGGGCTCCACGTGTGCT,3
ACATAACGTGTTGGACCA,3
AGGTGTGGATTAGTCTAG,3
GCGAGATGATCGTGGACT,3
GGCGGAAGAGCGTCAATG,3
TAAGTGGTGATGATTTGG,3
AGGAGGAAGGCAGCGGGG,3
ACGGCAGGATCGAAGCGT,3
GAAGCGACATGCGAGAAA,3
ACCGTCTGTTCAGGTGAG,3
GAGGCCGATGATGACGCT,3
AGCATACGCATCCGGACG,3
GCGTTGGCGTACTGGAGG,3
ACCGTCCGAGCGTGGTTA,3
GGGCATTAGTGCGATGCT,3
GGTACGGCTTTCGTCCAG,3
ACGGTATACCCGGCTATA,3
ACGAAGGCTCAATGACGG,3
TCCTACCGTGACGTTCTG,3
AACACGAAGTACACGGTG,3
