sequence,nearest_oxt_id,nearest_oxt_sequence,hamming_distance,oxt_csv_row,nearest_oxt_sequence_30nt,levenshtein_distance_to_that_oxt,n_tied_nearest,tied_oxt_ids,nearest_is_polyC_control,architecture
AGGAAAGAACAGACCACG,OXT_23,AAGTAGGGACAGAATACG,6,24,CCCCCCAAGTAGGGACAGAATACGCCCCCC,6,1,OXT_23,False,dense
CGGACACGGCAACCTCCC,OXT_24,GGGATTCGGTCATGTCCT,8,25,CCCCCCGGGATTCGGTCATGTCCTCCCCCC,8,1,OXT_24,False,dense
AGGAAACAGCAGCACACG,OXT_11,GGGTAAGGGCACAACAGT,8,12,CCCCCCGGGTAAGGGCACAACAGTCCCCCC,8,3,OXT_11;OXT_22;OXT_23,False,dense
CGGACACGGCAATCTCCC,OXT_24,GGGATTCGGTCATGTCCT,7,25,CCCCCCGGGATTCGGTCATGTCCTCCCCCC,7,1,OXT_24,False,dense
GAGGGACAGCAGATAGAG,OXT_22,ACGGGACCGCAGATCGAG,4,23,CCCCCCACGGGACCGCAGATCGAGCCCCCC,4,1,OXT_22,False,dense
GGAGGCGCACCGACAGCG,OXT_14,TTGAGCGTAACGACAGTG,7,15,CCCCCCTTGAGCGTAACGACAGTGCCCCCC,6,1,OXT_14,False,dense
TTAAGCGTAACAGCAGTG,OXT_14,TTGAGCGTAACGACAGTG,3,15,CCCCCCTTGAGCGTAACGACAGTGCCCCCC,3,1,OXT_14,False,dense
GTAGGCGCGCCGATAGAG,OXT_22,ACGGGACCGCAGATCGAG,7,23,CCCCCCACGGGACCGCAGATCGAGCCCCCC,7,1,OXT_22,False,dense
CGGACCGCGCCAGCTCTT,OXT_25,TGCATCGCAACAGCAGTT,7,26,CCCCCCTGCATCGCAACAGCAGTTCCCCCC,7,1,OXT_25,False,dense
TGCACCGCAACAGCAGTT,OXT_25,TGCATCGCAACAGCAGTT,1,26,CCCCCCTGCATCGCAACAGCAGTTCCCCCC,1,1,OXT_25,False,dense
GCGGGAGAGCCGATAGAG,OXT_22,ACGGGACCGCAGATCGAG,5,23,CCCCCCACGGGACCGCAGATCGAGCCCCCC,5,1,OXT_22,False,dense
AGGACCGCGCCAACTCCT,OXT_24,GGGATTCGGTCATGTCCT,8,25,CCCCCCGGGATTCGGTCATGTCCTCCCCCC,7,1,OXT_24,False,dense
AGGAAACACCAGCCTACG,OXT_15,AGGGTATAACGTCCTTTG,8,16,CCCCCCAGGGTATAACGTCCTTTGCCCCCC,8,3,OXT_15;OXT_17;OXT_23,False,dense
GAGGGACAGCAGCTGGAG,OXT_22,ACGGGACCGCAGATCGAG,5,23,CCCCCCACGGGACCGCAGATCGAGCCCCCC,5,1,OXT_22,False,dense
TGCAACGCAACAACAGTG,OXT_25,TGCATCGCAACAGCAGTT,3,26,CCCCCCTGCATCGCAACAGCAGTTCCCCCC,3,1,OXT_25,False,dense
CGGACACGGCAGTCTCCC,OXT_01,AGGCTGCGTAAGTCTGCT,8,1,CCCCCCAGGCTGCGTAAGTCTGCTCCCCCC,8,3,OXT_01;OXT_04;OXT_24,False,dense
AGGGGACAGCAGACCAAG,OXT_22,ACGGGACCGCAGATCGAG,4,23,CCCCCCACGGGACCGCAGATCGAGCCCCCC,4,1,OXT_22,False,dense
TGAAGCGCAACGACAGTG,OXT_14,TTGAGCGTAACGACAGTG,3,15,CCCCCCTTGAGCGTAACGACAGTGCCCCCC,3,1,OXT_14,False,dense
GCGGGCGAGCCGATAGAG,OXT_22,ACGGGACCGCAGATCGAG,6,23,CCCCCCACGGGACCGCAGATCGAGCCCCCC,6,1,OXT_22,False,dense
AGGAAACGGCAGCCTACA,OXT_01,AGGCTGCGTAAGTCTGCT,8,1,CCCCCCAGGCTGCGTAAGTCTGCTCCCCCC,8,2,OXT_01;OXT_23,False,dense
AGGACCGGGCAACCTCCC,OXT_04,TAGACAGGGCTGACTGTG,9,4,CCCCCCTAGACAGGGCTGACTGTGCCCCCC,9,2,OXT_04;OXT_24,False,dense
TGCAACGCAACAGCAGTG,OXT_25,TGCATCGCAACAGCAGTT,2,26,CCCCCCTGCATCGCAACAGCAGTTCCCCCC,2,1,OXT_25,False,dense
CGGAACGCACCAACCGTT,OXT_25,TGCATCGCAACAGCAGTT,6,26,CCCCCCTGCATCGCAACAGCAGTTCCCCCC,6,1,OXT_25,False,dense
AGGAACGCACCAACCGCG,OXT_14,TTGAGCGTAACGACAGTG,8,15,CCCCCCTTGAGCGTAACGACAGTGCCCCCC,8,2,OXT_14;OXT_25,False,dense
AGGAAACAGCAGCATACG,OXT_23,AAGTAGGGACAGAATACG,7,24,CCCCCCAAGTAGGGACAGAATACGCCCCCC,7,1,OXT_23,False,dense
AGGAAACAGCAGCCTACG,OXT_15,AGGGTATAACGTCCTTTG,8,16,CCCCCCAGGGTATAACGTCCTTTGCCCCCC,8,2,OXT_15;OXT_23,False,dense
CGGATCCGGCAATCTCCT,OXT_24,GGGATTCGGTCATGTCCT,5,25,CCCCCCGGGATTCGGTCATGTCCTCCCCCC,5,1,OXT_24,False,dense
GGAAGCGCAACGACAGTG,OXT_14,TTGAGCGTAACGACAGTG,4,15,CCCCCCTTGAGCGTAACGACAGTGCCCCCC,4,1,OXT_14,False,dense
GAGGGACAGCAGATAAAG,OXT_22,ACGGGACCGCAGATCGAG,5,23,CCCCCCACGGGACCGCAGATCGAGCCCCCC,5,1,OXT_22,False,dense
GCGGGACAGCCGATAGAG,OXT_22,ACGGGACCGCAGATCGAG,4,23,CCCCCCACGGGACCGCAGATCGAGCCCCCC,4,1,OXT_22,False,dense
AGGACCGGGCCACCTCCC,OXT_24,GGGATTCGGTCATGTCCT,8,25,CCCCCCGGGATTCGGTCATGTCCTCCCCCC,8,1,OXT_24,False,dense
GAGGGACAGCAGCGCGAG,OXT_22,ACGGGACCGCAGATCGAG,5,23,CCCCCCACGGGACCGCAGATCGAGCCCCCC,5,1,OXT_22,False,dense
TGGACCGCGCCAGCCGTT,OXT_25,TGCATCGCAACAGCAGTT,5,26,CCCCCCTGCATCGCAACAGCAGTTCCCCCC,5,1,OXT_25,False,dense
AGGAAACGGCAGCCTCCA,OXT_01,AGGCTGCGTAAGTCTGCT,8,1,CCCCCCAGGCTGCGTAAGTCTGCTCCCCCC,8,1,OXT_01,False,dense
AGGAAACACCAGACCACG,OXT_22,ACGGGACCGCAGATCGAG,8,23,CCCCCCACGGGACCGCAGATCGAGCCCCCC,8,2,OXT_22;OXT_23,False,dense
CGGATCGGGTCAGCTCTT,OXT_24,GGGATTCGGTCATGTCCT,6,25,CCCCCCGGGATTCGGTCATGTCCTCCCCCC,6,1,OXT_24,False,dense
AGGAACGAACAAACCCCG,OXT_23,AAGTAGGGACAGAATACG,8,24,CCCCCCAAGTAGGGACAGAATACGCCCCCC,8,1,OXT_23,False,dense
CGGGCACGGCAGTGTGCA,OXT_01,AGGCTGCGTAAGTCTGCT,8,1,CCCCCCAGGCTGCGTAAGTCTGCTCCCCCC,8,1,OXT_01,False,dense
GGGAACGCAACGACAGCG,OXT_14,TTGAGCGTAACGACAGTG,5,15,CCCCCCTTGAGCGTAACGACAGTGCCCCCC,5,1,OXT_14,False,dense
AGGACCCGGCAACCTCCC,OXT_24,GGGATTCGGTCATGTCCT,8,25,CCCCCCGGGATTCGGTCATGTCCTCCCCCC,8,1,OXT_24,False,dense
CGGATCCGGTAACCTCCT,OXT_24,GGGATTCGGTCATGTCCT,5,25,CCCCCCGGGATTCGGTCATGTCCTCCCCCC,5,1,OXT_24,False,dense
GCAGGACAGCCGATAGAG,OXT_22,ACGGGACCGCAGATCGAG,5,23,CCCCCCACGGGACCGCAGATCGAGCCCCCC,5,1,OXT_22,False,dense
CGGATACGGCAATCTCCC,OXT_24,GGGATTCGGTCATGTCCT,6,25,CCCCCCGGGATTCGGTCATGTCCTCCCCCC,6,1,OXT_24,False,dense
GCAGGCGCGCCGATAGAG,OXT_22,ACGGGACCGCAGATCGAG,6,23,CCCCCCACGGGACCGCAGATCGAGCCCCCC,6,1,OXT_22,False,dense
AGGAAACAGCAGACCACG,OXT_22,ACGGGACCGCAGATCGAG,7,23,CCCCCCACGGGACCGCAGATCGAGCCCCCC,7,1,OXT_22,False,dense
AGGATCTGGCAACCTCCT,OXT_24,GGGATTCGGTCATGTCCT,7,25,CCCCCCGGGATTCGGTCATGTCCTCCCCCC,7,1,OXT_24,False,dense
GCGGGACAGCAGATAGAG,OXT_22,ACGGGACCGCAGATCGAG,3,23,CCCCCCACGGGACCGCAGATCGAGCCCCCC,3,1,OXT_22,False,dense
AGGGGACAGCAGCGTAAG,OXT_22,ACGGGACCGCAGATCGAG,6,23,CCCCCCACGGGACCGCAGATCGAGCCCCCC,6,1,OXT_22,False,dense
CGGACACGGCGGTGTCCC,OXT_24,GGGATTCGGTCATGTCCT,7,25,CCCCCCGGGATTCGGTCATGTCCTCCCCCC,7,1,OXT_24,False,dense
GTAGGGGCGCCGATAGAG,OXT_22,ACGGGACCGCAGATCGAG,7,23,CCCCCCACGGGACCGCAGATCGAGCCCCCC,7,1,OXT_22,False,dense
AGGAAAGACCAGACCACG,OXT_23,AAGTAGGGACAGAATACG,7,24,CCCCCCAAGTAGGGACAGAATACGCCCCCC,7,1,OXT_23,False,dense
GGGGGACAGCAGACAGAG,OXT_22,ACGGGACCGCAGATCGAG,5,23,CCCCCCACGGGACCGCAGATCGAGCCCCCC,5,1,OXT_22,False,dense
AGGAACCAGCAAACTCCG,OXT_16,ATAAACAGTCTAGCTGTG,9,17,CCCCCCATAAACAGTCTAGCTGTGCCCCCC,8,4,OXT_16;OXT_17;OXT_23;OXT_24,False,dense
AGGAACGAACCAACCACG,OXT_23,AAGTAGGGACAGAATACG,8,24,CCCCCCAAGTAGGGACAGAATACGCCCCCC,8,1,OXT_23,False,dense
CGGATTCGGTGATCTCCT,OXT_24,GGGATTCGGTCATGTCCT,3,25,CCCCCCGGGATTCGGTCATGTCCTCCCCCC,3,1,OXT_24,False,dense
TGCACCGCAACAGCCGTT,OXT_25,TGCATCGCAACAGCAGTT,2,26,CCCCCCTGCATCGCAACAGCAGTTCCCCCC,2,1,OXT_25,False,dense
AGGAACGAACAGACCACG,OXT_23,AAGTAGGGACAGAATACG,6,24,CCCCCCAAGTAGGGACAGAATACGCCCCCC,6,1,OXT_23,False,dense
GTAGGCGTGACGATAGAG,OXT_14,TTGAGCGTAACGACAGTG,6,15,CCCCCCTTGAGCGTAACGACAGTGCCCCCC,6,1,OXT_14,False,dense
CGGACACGGCAGCATCCA,OXT_04,TAGACAGGGCTGACTGTG,9,4,CCCCCCTAGACAGGGCTGACTGTGCCCCCC,9,2,OXT_04;OXT_24,False,dense
AGGACACGGCAACCTCCC,OXT_24,GGGATTCGGTCATGTCCT,8,25,CCCCCCGGGATTCGGTCATGTCCTCCCCCC,8,1,OXT_24,False,dense
CGGACACGGCAGCATACA,OXT_04,TAGACAGGGCTGACTGTG,9,4,CCCCCCTAGACAGGGCTGACTGTGCCCCCC,9,3,OXT_04;OXT_11;OXT_23,False,dense
AGGACCGCGCCAACCCCT,OXT_19,CCCCCCCCCCCCCCCCCC,9,20,CCCCCCCCCCCCCCCCCCCCCCCCCCCCCC,9,4,OXT_19;OXT_20;OXT_24;OXT_25,True,dense
AGGACACGGCAGCCTCCA,OXT_01,AGGCTGCGTAAGTCTGCT,8,1,CCCCCCAGGCTGCGTAAGTCTGCTCCCCCC,8,2,OXT_01;OXT_04,False,dense
CGGACACGGCAGCCTCCC,OXT_04,TAGACAGGGCTGACTGTG,8,4,CCCCCCTAGACAGGGCTGACTGTGCCCCCC,8,1,OXT_04,False,dense
GCGGGACAGCAGTGTGAG,OXT_22,ACGGGACCGCAGATCGAG,5,23,CCCCCCACGGGACCGCAGATCGAGCCCCCC,5,1,OXT_22,False,dense
TGAAACGCAACAGCAGTG,OXT_25,TGCATCGCAACAGCAGTT,3,26,CCCCCCTGCATCGCAACAGCAGTTCCCCCC,3,1,OXT_25,False,dense
AGGAACGAACAAACCACG,OXT_23,AAGTAGGGACAGAATACG,7,24,CCCCCCAAGTAGGGACAGAATACGCCCCCC,7,1,OXT_23,False,dense
CGGACACGGCAATCTCCT,OXT_24,GGGATTCGGTCATGTCCT,6,25,CCCCCCGGGATTCGGTCATGTCCTCCCCCC,6,1,OXT_24,False,dense
GAGGGACAGCAGATGGAG,OXT_22,ACGGGACCGCAGATCGAG,4,23,CCCCCCACGGGACCGCAGATCGAGCCCCCC,4,1,OXT_22,False,dense
GAGGGACAGCAGCTAGAG,OXT_22,ACGGGACCGCAGATCGAG,5,23,CCCCCCACGGGACCGCAGATCGAGCCCCCC,5,1,OXT_22,False,dense
AGGACCGGGCCACCTCCT,OXT_24,GGGATTCGGTCATGTCCT,7,25,CCCCCCGGGATTCGGTCATGTCCTCCCCCC,7,1,OXT_24,False,dense
TGCAACGCAACAGCCGTT,OXT_25,TGCATCGCAACAGCAGTT,2,26,CCCCCCTGCATCGCAACAGCAGTTCCCCCC,2,1,OXT_25,False,dense
GGGAACGCACCAACCGCG,OXT_14,TTGAGCGTAACGACAGTG,8,15,CCCCCCTTGAGCGTAACGACAGTGCCCCCC,8,2,OXT_14;OXT_25,False,dense
AGGATCTGGTAACCTCCT,OXT_24,GGGATTCGGTCATGTCCT,6,25,CCCCCCGGGATTCGGTCATGTCCTCCCCCC,6,1,OXT_24,False,dense
AGGATCTGGTCACCTCCT,OXT_24,GGGATTCGGTCATGTCCT,5,25,CCCCCCGGGATTCGGTCATGTCCTCCCCCC,5,1,OXT_24,False,dense
CGGACCGCGCCACCTCTC,OXT_19,CCCCCCCCCCCCCCCCCC,8,20,CCCCCCCCCCCCCCCCCCCCCCCCCCCCCC,8,2,OXT_19;OXT_29,True,dense
TGAAACGCAACGACAGTG,OXT_14,TTGAGCGTAACGACAGTG,4,15,CCCCCCTTGAGCGTAACGACAGTGCCCCCC,4,1,OXT_14,False,dense
CGGGGACGGCAGTGTGCA,OXT_01,AGGCTGCGTAAGTCTGCT,8,1,CCCCCCAGGCTGCGTAAGTCTGCTCCCCCC,8,2,OXT_01;OXT_22,False,dense
GGAGGCGCGACGATAGAG,OXT_05,GGCGGACAGACTCTAATG,8,5,CCCCCCGGCGGACAGACTCTAATGCCCCCC,8,3,OXT_05;OXT_14;OXT_22,False,dense
CGGACACGGCAGTGTCCC,OXT_24,GGGATTCGGTCATGTCCT,7,25,CCCCCCGGGATTCGGTCATGTCCTCCCCCC,6,1,OXT_24,False,dense
AGGACCGGGCAAACTCCT,OXT_04,TAGACAGGGCTGACTGTG,8,4,CCCCCCTAGACAGGGCTGACTGTGCCCCCC,8,2,OXT_04;OXT_24,False,dense
GGCAACGCAACGACAGTG,OXT_14,TTGAGCGTAACGACAGTG,5,15,CCCCCCTTGAGCGTAACGACAGTGCCCCCC,5,2,OXT_14;OXT_25,False,dense
GAGGGACAGCAGAGCAAG,OXT_22,ACGGGACCGCAGATCGAG,5,23,CCCCCCACGGGACCGCAGATCGAGCCCCCC,5,1,OXT_22,False,dense
GGGGGCGAGCCGACAGCG,OXT_14,TTGAGCGTAACGACAGTG,7,15,CCCCCCTTGAGCGTAACGACAGTGCCCCCC,7,1,OXT_14,False,dense
TTAAGCGTAACAGTAGTG,OXT_14,TTGAGCGTAACGACAGTG,4,15,CCCCCCTTGAGCGTAACGACAGTGCCCCCC,4,1,OXT_14,False,dense
AGGGGACAGCAGAGCAAG,OXT_22,ACGGGACCGCAGATCGAG,4,23,CCCCCCACGGGACCGCAGATCGAGCCCCCC,4,1,OXT_22,False,dense
TGCACCGCACCAGCCGTT,OXT_25,TGCATCGCAACAGCAGTT,3,26,CCCCCCTGCATCGCAACAGCAGTTCCCCCC,3,1,OXT_25,False,dense
GGGGGAGAGCCGACAGCG,OXT_04,TAGACAGGGCTGACTGTG,8,4,CCCCCCTAGACAGGGCTGACTGTGCCCCCC,8,4,OXT_04;OXT_05;OXT_14;OXT_22,False,dense
GGAGGCGCGCCGATAGAG,OXT_22,ACGGGACCGCAGATCGAG,7,23,CCCCCCACGGGACCGCAGATCGAGCCCCCC,7,1,OXT_22,False,dense
GGCAACGCAACAACAGTG,OXT_25,TGCATCGCAACAGCAGTT,4,26,CCCCCCTGCATCGCAACAGCAGTTCCCCCC,4,1,OXT_25,False,dense
GAGGGACAGCAGCTCGAG,OXT_22,ACGGGACCGCAGATCGAG,4,23,CCCCCCACGGGACCGCAGATCGAGCCCCCC,4,1,OXT_22,False,dense
AGGAAAGAGCAGACCACG,OXT_11,GGGTAAGGGCACAACAGT,7,12,CCCCCCGGGTAAGGGCACAACAGTCCCCCC,7,2,OXT_11;OXT_23,False,dense
GGGGGCGAACCGACAGCG,OXT_14,TTGAGCGTAACGACAGTG,6,15,CCCCCCTTGAGCGTAACGACAGTGCCCCCC,6,1,OXT_14,False,dense
TTAGGCGTGACGGTAGGG,OXT_14,TTGAGCGTAACGACAGTG,6,15,CCCCCCTTGAGCGTAACGACAGTGCCCCCC,6,1,OXT_14,False,dense
CGGACCGCGTCAGCTCTT,OXT_25,TGCATCGCAACAGCAGTT,7,26,CCCCCCTGCATCGCAACAGCAGTTCCCCCC,7,1,OXT_25,False,dense
AGGACACGGCAGCCTCCC,OXT_01,AGGCTGCGTAAGTCTGCT,8,1,CCCCCCAGGCTGCGTAAGTCTGCTCCCCCC,8,2,OXT_01;OXT_04,False,dense
GCAGGGGCGCCGATAGAG,OXT_22,ACGGGACCGCAGATCGAG,6,23,CCCCCCACGGGACCGCAGATCGAGCCCCCC,6,1,OXT_22,False,dense
GGAGGCGCGCCGACAGAG,OXT_14,TTGAGCGTAACGACAGTG,8,15,CCCCCCTTGAGCGTAACGACAGTGCCCCCC,7,2,OXT_14;OXT_22,False,dense
GCAGGGGAGCCGATAGAG,OXT_22,ACGGGACCGCAGATCGAG,7,23,CCCCCCACGGGACCGCAGATCGAGCCCCCC,7,1,OXT_22,False,dense
AGGAACGAACCGACAGCG,OXT_14,TTGAGCGTAACGACAGTG,6,15,CCCCCCTTGAGCGTAACGACAGTGCCCCCC,6,1,OXT_14,False,dense
AGGGGACAGCAGACCACG,OXT_22,ACGGGACCGCAGATCGAG,5,23,CCCCCCACGGGACCGCAGATCGAGCCCCCC,5,1,OXT_22,False,dense
GGGGGCGAGCCGACAGAG,OXT_14,TTGAGCGTAACGACAGTG,7,15,CCCCCCTTGAGCGTAACGACAGTGCCCCCC,7,1,OXT_14,False,dense
GAGGGACAGCAGATCAAG,OXT_22,ACGGGACCGCAGATCGAG,4,23,CCCCCCACGGGACCGCAGATCGAGCCCCCC,4,1,OXT_22,False,dense
GTAGGCGCGACGATAGGG,OXT_14,TTGAGCGTAACGACAGTG,7,15,CCCCCCTTGAGCGTAACGACAGTGCCCCCC,7,1,OXT_14,False,dense
AGGAGACAGCAGCACACG,OXT_22,ACGGGACCGCAGATCGAG,7,23,CCCCCCACGGGACCGCAGATCGAGCCCCCC,7,1,OXT_22,False,dense
AGGAACGCACCAACCCCG,OXT_14,TTGAGCGTAACGACAGTG,9,15,CCCCCCTTGAGCGTAACGACAGTGCCCCCC,9,3,OXT_14;OXT_23;OXT_25,False,dense
AGGAACGAGCAAACCCCG,OXT_11,GGGTAAGGGCACAACAGT,9,12,CCCCCCGGGTAAGGGCACAACAGTCCCCCC,9,2,OXT_11;OXT_23,False,dense
TTAGGCGTAACGGTAGTG,OXT_14,TTGAGCGTAACGACAGTG,4,15,CCCCCCTTGAGCGTAACGACAGTGCCCCCC,4,1,OXT_14,False,dense
AGGAGACAGCAGCATACG,OXT_22,ACGGGACCGCAGATCGAG,8,23,CCCCCCACGGGACCGCAGATCGAGCCCCCC,7,2,OXT_22;OXT_23,False,dense
CGGACCGCGCCAGCCCTT,OXT_25,TGCATCGCAACAGCAGTT,7,26,CCCCCCTGCATCGCAACAGCAGTTCCCCCC,7,1,OXT_25,False,dense
AGGACCCGGCAACCTCCT,OXT_24,GGGATTCGGTCATGTCCT,7,25,CCCCCCGGGATTCGGTCATGTCCTCCCCCC,7,1,OXT_24,False,dense
AGGAACGCACCAACCGTG,OXT_14,TTGAGCGTAACGACAGTG,7,15,CCCCCCTTGAGCGTAACGACAGTGCCCCCC,7,2,OXT_14;OXT_25,False,dense
GGGAACGCACCGACAGCG,OXT_14,TTGAGCGTAACGACAGTG,6,15,CCCCCCTTGAGCGTAACGACAGTGCCCCCC,6,1,OXT_14,False,dense
CGGGGACAGCAGCGTGCA,OXT_22,ACGGGACCGCAGATCGAG,8,23,CCCCCCACGGGACCGCAGATCGAGCCCCCC,8,1,OXT_22,False,dense
GCGGGACAGCAGCGTGAG,OXT_22,ACGGGACCGCAGATCGAG,5,23,CCCCCCACGGGACCGCAGATCGAGCCCCCC,5,1,OXT_22,False,dense
TGCAACGCAACAGCAGTT,OXT_25,TGCATCGCAACAGCAGTT,1,26,CCCCCCTGCATCGCAACAGCAGTTCCCCCC,1,1,OXT_25,False,dense
TGCAACGCAACAACCGTG,OXT_25,TGCATCGCAACAGCAGTT,4,26,CCCCCCTGCATCGCAACAGCAGTTCCCCCC,4,1,OXT_25,False,dense
AGGACCGGGCCAACTCCT,OXT_24,GGGATTCGGTCATGTCCT,7,25,CCCCCCGGGATTCGGTCATGTCCTCCCCCC,7,1,OXT_24,False,dense
CGGATCGCGTCAGCTCTT,OXT_25,TGCATCGCAACAGCAGTT,6,26,CCCCCCTGCATCGCAACAGCAGTTCCCCCC,6,1,OXT_25,False,dense
GGGGGAGAGCCGACAGAG,OXT_22,ACGGGACCGCAGATCGAG,7,23,CCCCCCACGGGACCGCAGATCGAGCCCCCC,7,1,OXT_22,False,dense
AGGAGAGAGCCGACAGCG,OXT_04,TAGACAGGGCTGACTGTG,7,4,CCCCCCTAGACAGGGCTGACTGTGCCCCCC,7,2,OXT_04;OXT_14,False,dense
AGGACCGGGCCACCTCTT,OXT_04,TAGACAGGGCTGACTGTG,8,4,CCCCCCTAGACAGGGCTGACTGTGCCCCCC,8,2,OXT_04;OXT_24,False,dense
GGAGGCGCAACGACAGTG,OXT_14,TTGAGCGTAACGACAGTG,5,15,CCCCCCTTGAGCGTAACGACAGTGCCCCCC,4,1,OXT_14,False,dense
AGGGGAGAGCCGACAGCG,OXT_22,ACGGGACCGCAGATCGAG,7,23,CCCCCCACGGGACCGCAGATCGAGCCCCCC,7,1,OXT_22,False,dense
CGGGGACGGCAGCGTGCA,OXT_22,ACGGGACCGCAGATCGAG,8,23,CCCCCCACGGGACCGCAGATCGAGCCCCCC,8,1,OXT_22,False,dense
GTAGGGGTGCCGATAGAG,OXT_14,TTGAGCGTAACGACAGTG,8,15,CCCCCCTTGAGCGTAACGACAGTGCCCCCC,8,2,OXT_14;OXT_22,False,dense
CGGAGACGGCAGCATACA,OXT_11,GGGTAAGGGCACAACAGT,9,12,CCCCCCGGGTAAGGGCACAACAGTCCCCCC,8,2,OXT_11;OXT_23,False,dense
CGGACACGGCAGCGTCCA,OXT_24,GGGATTCGGTCATGTCCT,8,25,CCCCCCGGGATTCGGTCATGTCCTCCCCCC,7,1,OXT_24,False,dense
CGGATCTGGTGACCTCTT,OXT_24,GGGATTCGGTCATGTCCT,7,25,CCCCCCGGGATTCGGTCATGTCCTCCCCCC,7,1,OXT_24,False,dense
GGGAGCGCAACGACAGCG,OXT_14,TTGAGCGTAACGACAGTG,4,15,CCCCCCTTGAGCGTAACGACAGTGCCCCCC,4,1,OXT_14,False,dense
AAGGGACAGCAGAGCAAG,OXT_22,ACGGGACCGCAGATCGAG,4,23,CCCCCCACGGGACCGCAGATCGAGCCCCCC,4,1,OXT_22,False,dense
TTAGGCGCAACGATAGTG,OXT_14,TTGAGCGTAACGACAGTG,4,15,CCCCCCTTGAGCGTAACGACAGTGCCCCCC,4,1,OXT_14,False,dense
GGGAACGCACCAACCGTG,OXT_14,TTGAGCGTAACGACAGTG,7,15,CCCCCCTTGAGCGTAACGACAGTGCCCCCC,7,2,OXT_14;OXT_25,False,dense
GCAGGGCAGCCGATAGAG,OXT_22,ACGGGACCGCAGATCGAG,6,23,CCCCCCACGGGACCGCAGATCGAGCCCCCC,6,1,OXT_22,False,dense
AGGAACGCACCGACAGCG,OXT_14,TTGAGCGTAACGACAGTG,6,15,CCCCCCTTGAGCGTAACGACAGTGCCCCCC,6,1,OXT_14,False,dense
AAGGGACAGCAGCGCAAG,OXT_22,ACGGGACCGCAGATCGAG,5,23,CCCCCCACGGGACCGCAGATCGAGCCCCCC,5,1,OXT_22,False,dense
TTAGGCGTAACGATAGGG,OXT_14,TTGAGCGTAACGACAGTG,4,15,CCCCCCTTGAGCGTAACGACAGTGCCCCCC,4,1,OXT_14,False,dense
TTAGGCGTAACGGTAGGG,OXT_14,TTGAGCGTAACGACAGTG,5,15,CCCCCCTTGAGCGTAACGACAGTGCCCCCC,5,1,OXT_14,False,dense
CGGACCGCGCCAGCCGTT,OXT_25,TGCATCGCAACAGCAGTT,6,26,CCCCCCTGCATCGCAACAGCAGTTCCCCCC,6,1,OXT_25,False,dense
CGGAGACGGCAGTGTGCA,OXT_01,AGGCTGCGTAAGTCTGCT,8,1,CCCCCCAGGCTGCGTAAGTCTGCTCCCCCC,8,2,OXT_01;OXT_24,False,dense
CGGATCCGGCAACCTCCT,OXT_24,GGGATTCGGTCATGTCCT,6,25,CCCCCCGGGATTCGGTCATGTCCTCCCCCC,6,1,OXT_24,False,dense
AGGGGACAGCAGCACACG,OXT_22,ACGGGACCGCAGATCGAG,6,23,CCCCCCACGGGACCGCAGATCGAGCCCCCC,6,1,OXT_22,False,dense
GGAAGCGCAACGACAGCG,OXT_14,TTGAGCGTAACGACAGTG,5,15,CCCCCCTTGAGCGTAACGACAGTGCCCCCC,5,1,OXT_14,False,dense
AGGATCTGGTGACCTCCT,OXT_24,GGGATTCGGTCATGTCCT,6,25,CCCCCCGGGATTCGGTCATGTCCTCCCCCC,6,1,OXT_24,False,dense
AGGGGACAGCAGCGCAAG,OXT_22,ACGGGACCGCAGATCGAG,5,23,CCCCCCACGGGACCGCAGATCGAGCCCCCC,5,1,OXT_22,False,dense
GGGAGCGAACCGACAGCG,OXT_14,TTGAGCGTAACGACAGTG,5,15,CCCCCCTTGAGCGTAACGACAGTGCCCCCC,5,1,OXT_14,False,dense
AGGACCTGGCAACCTCCT,OXT_20,AGGGCCTAGGGATGACGT,8,21,CCCCCCAGGGCCTAGGGATGACGTCCCCCC,8,2,OXT_20;OXT_24,False,dense
GGAGGCGCACCGACAGAG,OXT_14,TTGAGCGTAACGACAGTG,7,15,CCCCCCTTGAGCGTAACGACAGTGCCCCCC,6,1,OXT_14,False,dense
AGGAAAGAGCAGACAACG,OXT_23,AAGTAGGGACAGAATACG,7,24,CCCCCCAAGTAGGGACAGAATACGCCCCCC,7,1,OXT_23,False,dense
GGGAACGCAACAACAGTG,OXT_14,TTGAGCGTAACGACAGTG,5,15,CCCCCCTTGAGCGTAACGACAGTGCCCCCC,5,2,OXT_14;OXT_25,False,dense
AGGAACGAACCGACCACG,OXT_23,AAGTAGGGACAGAATACG,7,24,CCCCCCAAGTAGGGACAGAATACGCCCCCC,7,1,OXT_23,False,dense
AGGACCGCACCAACCCCT,OXT_25,TGCATCGCAACAGCAGTT,8,26,CCCCCCTGCATCGCAACAGCAGTTCCCCCC,8,1,OXT_25,False,dense
AGGGGACAGCAGCGTGAG,OXT_22,ACGGGACCGCAGATCGAG,5,23,CCCCCCACGGGACCGCAGATCGAGCCCCCC,5,1,OXT_22,False,dense
GGGAGCGCACCGACAGCG,OXT_14,TTGAGCGTAACGACAGTG,5,15,CCCCCCTTGAGCGTAACGACAGTGCCCCCC,5,1,OXT_14,False,dense
GGGGGACAGCAGCGCAAG,OXT_22,ACGGGACCGCAGATCGAG,6,23,CCCCCCACGGGACCGCAGATCGAGCCCCCC,6,1,OXT_22,False,dense
GGAGGCGCAACGACAGAG,OXT_14,TTGAGCGTAACGACAGTG,6,15,CCCCCCTTGAGCGTAACGACAGTGCCCCCC,5,1,OXT_14,False,dense
AGGAGACAGCAGAACACG,OXT_22,ACGGGACCGCAGATCGAG,6,23,CCCCCCACGGGACCGCAGATCGAGCCCCCC,6,1,OXT_22,False,dense
CGGACACGGCAGTGTCCA,OXT_24,GGGATTCGGTCATGTCCT,7,25,CCCCCCGGGATTCGGTCATGTCCTCCCCCC,6,1,OXT_24,False,dense
CGGACCGCACCAACCGTT,OXT_25,TGCATCGCAACAGCAGTT,6,26,CCCCCCTGCATCGCAACAGCAGTTCCCCCC,6,1,OXT_25,False,dense
AGGAAACGGCAACCTCCG,OXT_24,GGGATTCGGTCATGTCCT,8,25,CCCCCCGGGATTCGGTCATGTCCTCCCCCC,8,1,OXT_24,False,dense
CGGATCGGGTCACCTCTT,OXT_24,GGGATTCGGTCATGTCCT,6,25,CCCCCCGGGATTCGGTCATGTCCTCCCCCC,6,1,OXT_24,False,dense
TGCACCGCGCCAGCCGTT,OXT_25,TGCATCGCAACAGCAGTT,4,26,CCCCCCTGCATCGCAACAGCAGTTCCCCCC,4,1,OXT_25,False,dense
AGGAAACGGCAGCCTACG,OXT_23,AAGTAGGGACAGAATACG,7,24,CCCCCCAAGTAGGGACAGAATACGCCCCCC,7,1,OXT_23,False,dense
AGGAACGACCAAACCACG,OXT_23,AAGTAGGGACAGAATACG,8,24,CCCCCCAAGTAGGGACAGAATACGCCCCCC,8,1,OXT_23,False,dense
TTAGGCGTAACGATAGTG,OXT_14,TTGAGCGTAACGACAGTG,3,15,CCCCCCTTGAGCGTAACGACAGTGCCCCCC,3,1,OXT_14,False,dense
AGGACCTGGCAACCTCCC,OXT_17,AGGAACTACGATCGTGAA,9,18,CCCCCCAGGAACTACGATCGTGAACCCCCC,9,3,OXT_17;OXT_20;OXT_24,False,dense
TGCATCGCGTCAGCCGTT,OXT_25,TGCATCGCAACAGCAGTT,3,26,CCCCCCTGCATCGCAACAGCAGTTCCCCCC,3,1,OXT_25,False,dense
CGGACCCGGCAACCTCCC,OXT_19,CCCCCCCCCCCCCCCCCC,8,20,CCCCCCCCCCCCCCCCCCCCCCCCCCCCCC,8,3,OXT_19;OXT_24;OXT_29,True,dense
AGGACCGGGCAACCTCCT,OXT_24,GGGATTCGGTCATGTCCT,8,25,CCCCCCGGGATTCGGTCATGTCCTCCCCCC,7,1,OXT_24,False,dense
TTAGGCGCGACGATAGGG,OXT_14,TTGAGCGTAACGACAGTG,6,15,CCCCCCTTGAGCGTAACGACAGTGCCCCCC,6,1,OXT_14,False,dense
GGGGGACAGCAGCGTGAG,OXT_22,ACGGGACCGCAGATCGAG,6,23,CCCCCCACGGGACCGCAGATCGAGCCCCCC,6,1,OXT_22,False,dense
TGGATCGCGTCAGCTCTT,OXT_25,TGCATCGCAACAGCAGTT,5,26,CCCCCCTGCATCGCAACAGCAGTTCCCCCC,5,1,OXT_25,False,dense
GAGGGACAGCAGCGCAAG,OXT_22,ACGGGACCGCAGATCGAG,6,23,CCCCCCACGGGACCGCAGATCGAGCCCCCC,6,1,OXT_22,False,dense
AGGAAACGGCAGCCTCCG,OXT_01,AGGCTGCGTAAGTCTGCT,8,1,CCCCCCAGGCTGCGTAAGTCTGCTCCCCCC,8,3,OXT_01;OXT_04;OXT_23,False,dense
AGGAACGCACCGACCGCG,OXT_14,TTGAGCGTAACGACAGTG,7,15,CCCCCCTTGAGCGTAACGACAGTGCCCCCC,7,1,OXT_14,False,dense
AGGGGACAGCAGACAACG,OXT_22,ACGGGACCGCAGATCGAG,6,23,CCCCCCACGGGACCGCAGATCGAGCCCCCC,5,1,OXT_22,False,dense
CGGATTTGGTAATCTCCT,OXT_24,GGGATTCGGTCATGTCCT,4,25,CCCCCCGGGATTCGGTCATGTCCTCCCCCC,4,1,OXT_24,False,dense
GAGGGACAGCAGTTTGAG,OXT_22,ACGGGACCGCAGATCGAG,5,23,CCCCCCACGGGACCGCAGATCGAGCCCCCC,5,1,OXT_22,False,dense
GGGGGCGAGCCGATAGAG,OXT_22,ACGGGACCGCAGATCGAG,7,23,CCCCCCACGGGACCGCAGATCGAGCCCCCC,7,1,OXT_22,False,dense
AGGAACGCACAAACCCCG,OXT_23,AAGTAGGGACAGAATACG,8,24,CCCCCCAAGTAGGGACAGAATACGCCCCCC,8,1,OXT_23,False,dense
TGAAACGCAACAACAGTG,OXT_25,TGCATCGCAACAGCAGTT,4,26,CCCCCCTGCATCGCAACAGCAGTTCCCCCC,4,1,OXT_25,False,dense
CGGAGACGGCAGCGTACA,OXT_24,GGGATTCGGTCATGTCCT,9,25,CCCCCCGGGATTCGGTCATGTCCTCCCCCC,8,1,OXT_24,False,dense
TTAGGCGTGACGATAGGG,OXT_14,TTGAGCGTAACGACAGTG,5,15,CCCCCCTTGAGCGTAACGACAGTGCCCCCC,5,1,OXT_14,False,dense
CGGATCTGGTAACCTCCT,OXT_24,GGGATTCGGTCATGTCCT,6,25,CCCCCCGGGATTCGGTCATGTCCTCCCCCC,6,1,OXT_24,False,dense
GTGGGGCAGCCGATAGAG,OXT_22,ACGGGACCGCAGATCGAG,6,23,CCCCCCACGGGACCGCAGATCGAGCCCCCC,6,1,OXT_22,False,dense
CGGGGACAGCAGCGTGAA,OXT_22,ACGGGACCGCAGATCGAG,7,23,CCCCCCACGGGACCGCAGATCGAGCCCCCC,7,1,OXT_22,False,dense
TTAAGCGTAACGACAGTG,OXT_14,TTGAGCGTAACGACAGTG,1,15,CCCCCCTTGAGCGTAACGACAGTGCCCCCC,1,1,OXT_14,False,dense
CGGGCACGGCAGTGTCCA,OXT_24,GGGATTCGGTCATGTCCT,8,25,CCCCCCGGGATTCGGTCATGTCCTCCCCCC,7,1,OXT_24,False,dense
CGGACCGGGTCACCTCTT,OXT_24,GGGATTCGGTCATGTCCT,7,25,CCCCCCGGGATTCGGTCATGTCCTCCCCCC,7,1,OXT_24,False,dense
TTAGGCGCAACGACAGTG,OXT_14,TTGAGCGTAACGACAGTG,3,15,CCCCCCTTGAGCGTAACGACAGTGCCCCCC,3,1,OXT_14,False,dense
GCAGGAGAGCCGATAGAG,OXT_22,ACGGGACCGCAGATCGAG,6,23,CCCCCCACGGGACCGCAGATCGAGCCCCCC,6,1,OXT_22,False,dense
CGGATCCGGCAACCTCCC,OXT_24,GGGATTCGGTCATGTCCT,7,25,CCCCCCGGGATTCGGTCATGTCCTCCCCCC,7,1,OXT_24,False,dense
CGGACACGGCAGTGTGCA,OXT_01,AGGCTGCGTAAGTCTGCT,8,1,CCCCCCAGGCTGCGTAAGTCTGCTCCCCCC,8,3,OXT_01;OXT_04;OXT_24,False,dense
CGGATTTGGTGACCTCCT,OXT_24,GGGATTCGGTCATGTCCT,5,25,CCCCCCGGGATTCGGTCATGTCCTCCCCCC,5,1,OXT_24,False,dense
GTAGGGCAGCCGATAGAG,OXT_22,ACGGGACCGCAGATCGAG,7,23,CCCCCCACGGGACCGCAGATCGAGCCCCCC,7,1,OXT_22,False,dense
CCGGGACAGCAGTGTGCG,OXT_22,ACGGGACCGCAGATCGAG,6,23,CCCCCCACGGGACCGCAGATCGAGCCCCCC,6,1,OXT_22,False,dense
AGGGGACAGCAGACAAAG,OXT_22,ACGGGACCGCAGATCGAG,5,23,CCCCCCACGGGACCGCAGATCGAGCCCCCC,5,1,OXT_22,False,dense
AGGAACGAACCGACCGCG,OXT_14,TTGAGCGTAACGACAGTG,7,15,CCCCCCTTGAGCGTAACGACAGTGCCCCCC,7,1,OXT_14,False,dense
CGGATCCGGTAATCTCCT,OXT_24,GGGATTCGGTCATGTCCT,4,25,CCCCCCGGGATTCGGTCATGTCCTCCCCCC,4,1,OXT_24,False,dense
TGGAACGCACCAACCGTG,OXT_14,TTGAGCGTAACGACAGTG,6,15,CCCCCCTTGAGCGTAACGACAGTGCCCCCC,6,2,OXT_14;OXT_25,False,dense
AGGACCGCGCAAACCCCT,OXT_11,GGGTAAGGGCACAACAGT,9,12,CCCCCCGGGTAAGGGCACAACAGTCCCCCC,9,2,OXT_11;OXT_20,False,dense
GGGGGACAGCAGCGCGAG,OXT_22,ACGGGACCGCAGATCGAG,5,23,CCCCCCACGGGACCGCAGATCGAGCCCCCC,5,1,OXT_22,False,dense
AGGGGAGAGCAGACAGAG,OXT_22,ACGGGACCGCAGATCGAG,5,23,CCCCCCACGGGACCGCAGATCGAGCCCCCC,5,1,OXT_22,False,dense
AGGAAAGAACCGACAGCG,OXT_14,TTGAGCGTAACGACAGTG,7,15,CCCCCCTTGAGCGTAACGACAGTGCCCCCC,7,1,OXT_14,False,dense
TGGAACGCAACAACCGTG,OXT_14,TTGAGCGTAACGACAGTG,5,15,CCCCCCTTGAGCGTAACGACAGTGCCCCCC,5,2,OXT_14;OXT_25,False,dense
GAGGGGCAGCAGCTAGAG,OXT_22,ACGGGACCGCAGATCGAG,6,23,CCCCCCACGGGACCGCAGATCGAGCCCCCC,6,1,OXT_22,False,dense
GGGAACGAACCGACAGCG,OXT_14,TTGAGCGTAACGACAGTG,6,15,CCCCCCTTGAGCGTAACGACAGTGCCCCCC,6,1,OXT_14,False,dense
CGGACCGCACCAGCCGTT,OXT_25,TGCATCGCAACAGCAGTT,5,26,CCCCCCTGCATCGCAACAGCAGTTCCCCCC,5,1,OXT_25,False,dense
CGGGGACAGCAGCGTGAG,OXT_22,ACGGGACCGCAGATCGAG,6,23,CCCCCCACGGGACCGCAGATCGAGCCCCCC,6,1,OXT_22,False,dense
AGGAACGAACAGACAACG,OXT_23,AAGTAGGGACAGAATACG,6,24,CCCCCCAAGTAGGGACAGAATACGCCCCCC,6,1,OXT_23,False,dense
AGGAGACAGCAGCATACA,OXT_17,AGGAACTACGATCGTGAA,9,18,CCCCCCAGGAACTACGATCGTGAACCCCCC,8,3,OXT_17;OXT_22;OXT_23,False,dense
GTAGGCGCGACGATAGAG,OXT_14,TTGAGCGTAACGACAGTG,7,15,CCCCCCTTGAGCGTAACGACAGTGCCCCCC,7,1,OXT_14,False,dense
AGGAAACGGCAGCATACA,OXT_23,AAGTAGGGACAGAATACG,7,24,CCCCCCAAGTAGGGACAGAATACGCCCCCC,7,1,OXT_23,False,dense
GGAAACGCAACGACAGTG,OXT_14,TTGAGCGTAACGACAGTG,5,15,CCCCCCTTGAGCGTAACGACAGTGCCCCCC,5,1,OXT_14,False,dense
GCAGGCGAGCCGATAGAG,OXT_22,ACGGGACCGCAGATCGAG,7,23,CCCCCCACGGGACCGCAGATCGAGCCCCCC,7,1,OXT_22,False,dense
GAGGGACAGCAGCGTGAG,OXT_22,ACGGGACCGCAGATCGAG,6,23,CCCCCCACGGGACCGCAGATCGAGCCCCCC,6,1,OXT_22,False,dense
AGGGGAGAGCAGACAGCG,OXT_22,ACGGGACCGCAGATCGAG,6,23,CCCCCCACGGGACCGCAGATCGAGCCCCCC,6,1,OXT_22,False,dense
AGGATCGGGTCACCTCCT,OXT_24,GGGATTCGGTCATGTCCT,5,25,CCCCCCGGGATTCGGTCATGTCCTCCCCCC,5,1,OXT_24,False,dense
CGGGGACGGCAGCGTACA,OXT_22,ACGGGACCGCAGATCGAG,9,23,CCCCCCACGGGACCGCAGATCGAGCCCCCC,8,1,OXT_22,False,dense
TTAAGCGTAACGGTAGTG,OXT_14,TTGAGCGTAACGACAGTG,3,15,CCCCCCTTGAGCGTAACGACAGTGCCCCCC,3,1,OXT_14,False,dense
TGAGGCGCAACGACAGTG,OXT_14,TTGAGCGTAACGACAGTG,4,15,CCCCCCTTGAGCGTAACGACAGTGCCCCCC,3,1,OXT_14,False,dense
GCGGGACAGCAGCGCGAG,OXT_22,ACGGGACCGCAGATCGAG,4,23,CCCCCCACGGGACCGCAGATCGAGCCCCCC,4,1,OXT_22,False,dense
GCGGGGCAGCCGATAGAG,OXT_22,ACGGGACCGCAGATCGAG,5,23,CCCCCCACGGGACCGCAGATCGAGCCCCCC,5,1,OXT_22,False,dense
GCGGGACAGCAGATAAAG,OXT_22,ACGGGACCGCAGATCGAG,4,23,CCCCCCACGGGACCGCAGATCGAGCCCCCC,4,1,OXT_22,False,dense
CGGACACGGCAGCCTCCA,OXT_04,TAGACAGGGCTGACTGTG,8,4,CCCCCCTAGACAGGGCTGACTGTGCCCCCC,8,1,OXT_04,False,dense
TTAGGCGTAACGACAGTG,OXT_14,TTGAGCGTAACGACAGTG,2,15,CCCCCCTTGAGCGTAACGACAGTGCCCCCC,2,1,OXT_14,False,dense
CGGATCCGGCAATCTCCC,OXT_24,GGGATTCGGTCATGTCCT,6,25,CCCCCCGGGATTCGGTCATGTCCTCCCCCC,6,1,OXT_24,False,dense
GGAGGCGCAACGACAGCG,OXT_14,TTGAGCGTAACGACAGTG,6,15,CCCCCCTTGAGCGTAACGACAGTGCCCCCC,5,1,OXT_14,False,dense
AGGATCCGGCAACCTCCT,OXT_24,GGGATTCGGTCATGTCCT,6,25,CCCCCCGGGATTCGGTCATGTCCTCCCCCC,6,1,OXT_24,False,dense
CGGGGACAGCAGCGTAAA,OXT_22,ACGGGACCGCAGATCGAG,8,23,CCCCCCACGGGACCGCAGATCGAGCCCCCC,8,1,OXT_22,False,dense
AGGAACGCACCAACCGTT,OXT_25,TGCATCGCAACAGCAGTT,6,26,CCCCCCTGCATCGCAACAGCAGTTCCCCCC,6,1,OXT_25,False,dense
AGGAAACAGCAGAACACG,OXT_11,GGGTAAGGGCACAACAGT,7,12,CCCCCCGGGTAAGGGCACAACAGTCCCCCC,7,3,OXT_11;OXT_22;OXT_23,False,dense
CGGAGACGGCAGCGTGCA,OXT_01,AGGCTGCGTAAGTCTGCT,9,1,CCCCCCAGGCTGCGTAAGTCTGCTCCCCCC,9,5,OXT_01;OXT_04;OXT_17;OXT_22;OXT_24,False,dense
TGCAACGCAACAACCGTT,OXT_25,TGCATCGCAACAGCAGTT,3,26,CCCCCCTGCATCGCAACAGCAGTTCCCCCC,3,1,OXT_25,False,dense
AGGACCGAGCAAACCCCT,OXT_20,AGGGCCTAGGGATGACGT,8,21,CCCCCCAGGGCCTAGGGATGACGTCCCCCC,8,1,OXT_20,False,dense
AGGGGACAGCAGAACACG,OXT_22,ACGGGACCGCAGATCGAG,5,23,CCCCCCACGGGACCGCAGATCGAGCCCCCC,5,1,OXT_22,False,dense
GGAGGCGCGACGATAGGG,OXT_05,GGCGGACAGACTCTAATG,8,5,CCCCCCGGCGGACAGACTCTAATGCCCCCC,8,2,OXT_05;OXT_14,False,dense
GGGGGCGCACCGACAGCG,OXT_14,TTGAGCGTAACGACAGTG,6,15,CCCCCCTTGAGCGTAACGACAGTGCCCCCC,6,1,OXT_14,False,dense
TTAAGCGTAACGGCAGTG,OXT_14,TTGAGCGTAACGACAGTG,2,15,CCCCCCTTGAGCGTAACGACAGTGCCCCCC,2,1,OXT_14,False,dense
CGGAGACAGCAGCATACA,OXT_05,GGCGGACAGACTCTAATG,10,5,CCCCCCGGCGGACAGACTCTAATGCCCCCC,10,5,OXT_05;OXT_11;OXT_17;OXT_22;OXT_23,False,dense
AGGACCGCGCCACCTCCT,OXT_24,GGGATTCGGTCATGTCCT,8,25,CCCCCCGGGATTCGGTCATGTCCTCCCCCC,7,1,OXT_24,False,dense
GAGGGACAGCAGATCGAG,OXT_22,ACGGGACCGCAGATCGAG,3,23,CCCCCCACGGGACCGCAGATCGAGCCCCCC,3,1,OXT_22,False,dense
GGGAACGCACCAACAGTG,OXT_14,TTGAGCGTAACGACAGTG,6,15,CCCCCCTTGAGCGTAACGACAGTGCCCCCC,6,2,OXT_14;OXT_25,False,dense
CGGATCCGGCGATCTCCT,OXT_24,GGGATTCGGTCATGTCCT,5,25,CCCCCCGGGATTCGGTCATGTCCTCCCCCC,5,1,OXT_24,False,dense
AGGAAAGAACAGACAACG,OXT_23,AAGTAGGGACAGAATACG,6,24,CCCCCCAAGTAGGGACAGAATACGCCCCCC,6,1,OXT_23,False,dense
CGGATTTGGTAACCTCCT,OXT_24,GGGATTCGGTCATGTCCT,5,25,CCCCCCGGGATTCGGTCATGTCCTCCCCCC,5,1,OXT_24,False,dense
AGGAGACAGCAGACCACG,OXT_22,ACGGGACCGCAGATCGAG,6,23,CCCCCCACGGGACCGCAGATCGAGCCCCCC,6,1,OXT_22,False,dense
TGGACCGCACCAGCCGTT,OXT_25,TGCATCGCAACAGCAGTT,4,26,CCCCCCTGCATCGCAACAGCAGTTCCCCCC,4,1,OXT_25,False,dense
AGGAAACACCAGAACACG,OXT_23,AAGTAGGGACAGAATACG,7,24,CCCCCCAAGTAGGGACAGAATACGCCCCCC,7,1,OXT_23,False,dense
CGGGGACAGCAGTGTGCA,OXT_22,ACGGGACCGCAGATCGAG,8,23,CCCCCCACGGGACCGCAGATCGAGCCCCCC,8,1,OXT_22,False,dense
GTAGGCGCAACGATAGTG,OXT_14,TTGAGCGTAACGACAGTG,5,15,CCCCCCTTGAGCGTAACGACAGTGCCCCCC,5,1,OXT_14,False,dense
AGGAAACGGCAGCATACG,OXT_23,AAGTAGGGACAGAATACG,6,24,CCCCCCAAGTAGGGACAGAATACGCCCCCC,6,1,OXT_23,False,dense
AGGAACGACCAGACCACG,OXT_23,AAGTAGGGACAGAATACG,7,24,CCCCCCAAGTAGGGACAGAATACGCCCCCC,7,1,OXT_23,False,dense
AGGAACGCACCAACCACG,OXT_23,AAGTAGGGACAGAATACG,8,24,CCCCCCAAGTAGGGACAGAATACGCCCCCC,8,1,OXT_23,False,dense
CGGGCACGGCAGTGTCCC,OXT_24,GGGATTCGGTCATGTCCT,8,25,CCCCCCGGGATTCGGTCATGTCCTCCCCCC,7,1,OXT_24,False,dense
AGGAACCACCAAACCACG,OXT_17,AGGAACTACGATCGTGAA,9,18,CCCCCCAGGAACTACGATCGTGAACCCCCC,9,2,OXT_17;OXT_23,False,dense
GCGGGACAGCAGCTCGAG,OXT_22,ACGGGACCGCAGATCGAG,3,23,CCCCCCACGGGACCGCAGATCGAGCCCCCC,3,1,OXT_22,False,dense
AGGGGAGAGCAGACAACG,OXT_22,ACGGGACCGCAGATCGAG,7,23,CCCCCCACGGGACCGCAGATCGAGCCCCCC,6,1,OXT_22,False,dense
GGAGGCGCAACGATAGTG,OXT_14,TTGAGCGTAACGACAGTG,6,15,CCCCCCTTGAGCGTAACGACAGTGCCCCCC,5,1,OXT_14,False,dense
TGGATCGCGCCAGCTCTT,OXT_25,TGCATCGCAACAGCAGTT,5,26,CCCCCCTGCATCGCAACAGCAGTTCCCCCC,5,1,OXT_25,False,dense
TGCACCGCGCCAGCTGTT,OXT_25,TGCATCGCAACAGCAGTT,4,26,CCCCCCTGCATCGCAACAGCAGTTCCCCCC,4,1,OXT_25,False,dense
AGGAACGCACAAACCACG,OXT_23,AAGTAGGGACAGAATACG,7,24,CCCCCCAAGTAGGGACAGAATACGCCCCCC,7,1,OXT_23,False,dense
CGGATCCGGTGATCTCCT,OXT_24,GGGATTCGGTCATGTCCT,4,25,CCCCCCGGGATTCGGTCATGTCCTCCCCCC,4,1,OXT_24,False,dense
GTAGGGCCGCCGATAGAG,OXT_22,ACGGGACCGCAGATCGAG,6,23,CCCCCCACGGGACCGCAGATCGAGCCCCCC,6,1,OXT_22,False,dense
GGGGGAGAGCAGACAGAG,OXT_22,ACGGGACCGCAGATCGAG,6,23,CCCCCCACGGGACCGCAGATCGAGCCCCCC,6,1,OXT_22,False,dense
GAGGGACAGCAGACCAAG,OXT_22,ACGGGACCGCAGATCGAG,5,23,CCCCCCACGGGACCGCAGATCGAGCCCCCC,5,1,OXT_22,False,dense
CCGGGACGGCAGTGTGCA,OXT_22,ACGGGACCGCAGATCGAG,7,23,CCCCCCACGGGACCGCAGATCGAGCCCCCC,7,1,OXT_22,False,dense
TGGAACGCACCAACCGTT,OXT_25,TGCATCGCAACAGCAGTT,5,26,CCCCCCTGCATCGCAACAGCAGTTCCCCCC,5,1,OXT_25,False,dense
CGGACCGCGCCAACTCTT,OXT_04,TAGACAGGGCTGACTGTG,8,4,CCCCCCTAGACAGGGCTGACTGTGCCCCCC,8,2,OXT_04;OXT_25,False,dense
CGGACCGCACCAACCCTT,OXT_25,TGCATCGCAACAGCAGTT,7,26,CCCCCCTGCATCGCAACAGCAGTTCCCCCC,7,1,OXT_25,False,dense
TGAAGCGCAACGGCAGTG,OXT_14,TTGAGCGTAACGACAGTG,4,15,CCCCCCTTGAGCGTAACGACAGTGCCCCCC,4,2,OXT_14;OXT_25,False,dense
CGGGGACAGCAGCGTGCG,OXT_22,ACGGGACCGCAGATCGAG,7,23,CCCCCCACGGGACCGCAGATCGAGCCCCCC,7,1,OXT_22,False,dense
TGGACCGCGCCAGCTCTT,OXT_25,TGCATCGCAACAGCAGTT,6,26,CCCCCCTGCATCGCAACAGCAGTTCCCCCC,6,1,OXT_25,False,dense
TGCATCGCGTCAGCTGTT,OXT_25,TGCATCGCAACAGCAGTT,3,26,CCCCCCTGCATCGCAACAGCAGTTCCCCCC,3,1,OXT_25,False,dense
GGGGGCGCGCCGACAGAG,OXT_14,TTGAGCGTAACGACAGTG,7,15,CCCCCCTTGAGCGTAACGACAGTGCCCCCC,7,2,OXT_14;OXT_22,False,dense
AGGAAACACCAGCCCACG,OXT_15,AGGGTATAACGTCCTTTG,9,16,CCCCCCAGGGTATAACGTCCTTTGCCCCCC,9,4,OXT_15;OXT_17;OXT_22;OXT_23,False,dense
GGGAACGCAACGACAGTG,OXT_14,TTGAGCGTAACGACAGTG,4,15,CCCCCCTTGAGCGTAACGACAGTGCCCCCC,4,1,OXT_14,False,dense
GGGAACGCACCAACAGCG,OXT_14,TTGAGCGTAACGACAGTG,7,15,CCCCCCTTGAGCGTAACGACAGTGCCCCCC,7,2,OXT_14;OXT_25,False,dense
AGGATCGGGTCACCTCTT,OXT_24,GGGATTCGGTCATGTCCT,6,25,CCCCCCGGGATTCGGTCATGTCCTCCCCCC,6,1,OXT_24,False,dense
GGGGGAGAGCCGATAGAG,OXT_22,ACGGGACCGCAGATCGAG,6,23,CCCCCCACGGGACCGCAGATCGAGCCCCCC,6,1,OXT_22,False,dense
AGGACCGCACCAACCCTT,OXT_25,TGCATCGCAACAGCAGTT,7,26,CCCCCCTGCATCGCAACAGCAGTTCCCCCC,7,1,OXT_25,False,dense
AGGAACGCACCAACCCCT,OXT_25,TGCATCGCAACAGCAGTT,8,26,CCCCCCTGCATCGCAACAGCAGTTCCCCCC,8,1,OXT_25,False,dense
GAGGGACAGCAGACAAAG,OXT_22,ACGGGACCGCAGATCGAG,6,23,CCCCCCACGGGACCGCAGATCGAGCCCCCC,6,1,OXT_22,False,dense
GGAAGCGCACCGACAGCG,OXT_14,TTGAGCGTAACGACAGTG,6,15,CCCCCCTTGAGCGTAACGACAGTGCCCCCC,6,1,OXT_14,False,dense
CGGACCGCGCCAACCCTT,OXT_25,TGCATCGCAACAGCAGTT,8,26,CCCCCCTGCATCGCAACAGCAGTTCCCCCC,8,1,OXT_25,False,dense
AGGAAAGAGCAGACAGCG,OXT_04,TAGACAGGGCTGACTGTG,7,4,CCCCCCTAGACAGGGCTGACTGTGCCCCCC,7,1,OXT_04,False,dense
GGGAACGCAACAACCGTG,OXT_14,TTGAGCGTAACGACAGTG,6,15,CCCCCCTTGAGCGTAACGACAGTGCCCCCC,6,2,OXT_14;OXT_25,False,dense
AGGAAACACCAAACCACG,OXT_11,GGGTAAGGGCACAACAGT,9,12,CCCCCCGGGTAAGGGCACAACAGTCCCCCC,9,3,OXT_11;OXT_22;OXT_23,False,dense
GGGAGCGAGCCGACAGCG,OXT_14,TTGAGCGTAACGACAGTG,6,15,CCCCCCTTGAGCGTAACGACAGTGCCCCCC,6,1,OXT_14,False,dense
CGGGGACAGCAGTGTGCG,OXT_22,ACGGGACCGCAGATCGAG,7,23,CCCCCCACGGGACCGCAGATCGAGCCCCCC,7,1,OXT_22,False,dense
AGGGGACAGCAGACAGAG,OXT_22,ACGGGACCGCAGATCGAG,4,23,CCCCCCACGGGACCGCAGATCGAGCCCCCC,4,1,OXT_22,False,dense
GCGGGAGAGCAGATAGAG,OXT_22,ACGGGACCGCAGATCGAG,4,23,CCCCCCACGGGACCGCAGATCGAGCCCCCC,4,1,OXT_22,False,dense
GTAGGCGTGACGATAGGG,OXT_14,TTGAGCGTAACGACAGTG,6,15,CCCCCCTTGAGCGTAACGACAGTGCCCCCC,6,1,OXT_14,False,dense
GTAGGCGTGCCGATAGAG,OXT_14,TTGAGCGTAACGACAGTG,7,15,CCCCCCTTGAGCGTAACGACAGTGCCCCCC,7,1,OXT_14,False,dense
TGCAACGCAACGACAGTG,OXT_14,TTGAGCGTAACGACAGTG,4,15,CCCCCCTTGAGCGTAACGACAGTGCCCCCC,4,2,OXT_14;OXT_25,False,dense
AGGACCGCACCAACCGTT,OXT_25,TGCATCGCAACAGCAGTT,6,26,CCCCCCTGCATCGCAACAGCAGTTCCCCCC,6,1,OXT_25,False,dense
TGGACCGCACCAACCGTT,OXT_25,TGCATCGCAACAGCAGTT,5,26,CCCCCCTGCATCGCAACAGCAGTTCCCCCC,5,1,OXT_25,False,dense
AGGAGACGGCAGCATACA,OXT_23,AAGTAGGGACAGAATACG,8,24,CCCCCCAAGTAGGGACAGAATACGCCCCCC,7,1,OXT_23,False,dense
CGGACACGGCAGCGTACA,OXT_04,TAGACAGGGCTGACTGTG,9,4,CCCCCCTAGACAGGGCTGACTGTGCCCCCC,9,2,OXT_04;OXT_24,False,dense
CCGGGACGGCAGTTTGCG,OXT_22,ACGGGACCGCAGATCGAG,5,23,CCCCCCACGGGACCGCAGATCGAGCCCCCC,5,1,OXT_22,False,dense
TTAAACGCAACAGCAGTG,OXT_25,TGCATCGCAACAGCAGTT,4,26,CCCCCCTGCATCGCAACAGCAGTTCCCCCC,4,1,OXT_25,False,dense
AGGACCGCGCCACCTCTC,OXT_04,TAGACAGGGCTGACTGTG,9,4,CCCCCCTAGACAGGGCTGACTGTGCCCCCC,9,5,OXT_04;OXT_12;OXT_19;OXT_25;OXT_29,False,dense
TGGACCGCGCCAGCTGTT,OXT_25,TGCATCGCAACAGCAGTT,5,26,CCCCCCTGCATCGCAACAGCAGTTCCCCCC,5,1,OXT_25,False,dense
GTAGGCGCAACGATAGGG,OXT_14,TTGAGCGTAACGACAGTG,6,15,CCCCCCTTGAGCGTAACGACAGTGCCCCCC,6,1,OXT_14,False,dense
CGGACCGCGCCACCTCTT,OXT_25,TGCATCGCAACAGCAGTT,8,26,CCCCCCTGCATCGCAACAGCAGTTCCCCCC,8,1,OXT_25,False,dense
AGGACCGGGCAAACCCCT,OXT_11,GGGTAAGGGCACAACAGT,8,12,CCCCCCGGGTAAGGGCACAACAGTCCCCCC,8,1,OXT_11,False,dense
AAGGGACAGCAGACCAAG,OXT_22,ACGGGACCGCAGATCGAG,4,23,CCCCCCACGGGACCGCAGATCGAGCCCCCC,4,1,OXT_22,False,dense
CGCACCGCACCAGCCGTT,OXT_25,TGCATCGCAACAGCAGTT,4,26,CCCCCCTGCATCGCAACAGCAGTTCCCCCC,4,1,OXT_25,False,dense
CGGACCGGGCCACCTCTT,OXT_04,TAGACAGGGCTGACTGTG,8,4,CCCCCCTAGACAGGGCTGACTGTGCCCCCC,8,2,OXT_04;OXT_24,False,dense
CGGATCTGGTGACCTCCT,OXT_24,GGGATTCGGTCATGTCCT,6,25,CCCCCCGGGATTCGGTCATGTCCTCCCCCC,6,1,OXT_24,False,dense
CGGATACGGCAATCTCCT,OXT_24,GGGATTCGGTCATGTCCT,5,25,CCCCCCGGGATTCGGTCATGTCCTCCCCCC,5,1,OXT_24,False,dense
TTAGGCGCAACGATAGGG,OXT_14,TTGAGCGTAACGACAGTG,5,15,CCCCCCTTGAGCGTAACGACAGTGCCCCCC,5,1,OXT_14,False,dense
AGGAACCGGCAAACTCCG,OXT_16,ATAAACAGTCTAGCTGTG,8,17,CCCCCCATAAACAGTCTAGCTGTGCCCCCC,8,3,OXT_16;OXT_23;OXT_24,False,dense
AGGACCGCGCCACCTCCC,OXT_19,CCCCCCCCCCCCCCCCCC,8,20,CCCCCCCCCCCCCCCCCCCCCCCCCCCCCC,8,2,OXT_19;OXT_29,True,dense
CGGACCGCGCCAGCTCTC,OXT_25,TGCATCGCAACAGCAGTT,8,26,CCCCCCTGCATCGCAACAGCAGTTCCCCCC,8,1,OXT_25,False,dense
CGGATTCGGTAATCTCCT,OXT_24,GGGATTCGGTCATGTCCT,3,25,CCCCCCGGGATTCGGTCATGTCCTCCCCCC,3,1,OXT_24,False,dense
GAGGGACAGCAGAGCGAG,OXT_22,ACGGGACCGCAGATCGAG,4,23,CCCCCCACGGGACCGCAGATCGAGCCCCCC,4,1,OXT_22,False,dense
AGGAAACACCAGCATACG,OXT_23,AAGTAGGGACAGAATACG,7,24,CCCCCCAAGTAGGGACAGAATACGCCCCCC,7,1,OXT_23,False,dense
GCGGGGCAGCAGATAGAG,OXT_22,ACGGGACCGCAGATCGAG,4,23,CCCCCCACGGGACCGCAGATCGAGCCCCCC,4,1,OXT_22,False,dense
AGGAACGCACCGACCACG,OXT_23,AAGTAGGGACAGAATACG,7,24,CCCCCCAAGTAGGGACAGAATACGCCCCCC,7,1,OXT_23,False,dense
AGGAACCAGCAAACCACG,OXT_11,GGGTAAGGGCACAACAGT,9,12,CCCCCCGGGTAAGGGCACAACAGTCCCCCC,9,3,OXT_11;OXT_22;OXT_23,False,dense
AGGAAACACCAGCACACG,OXT_23,AAGTAGGGACAGAATACG,8,24,CCCCCCAAGTAGGGACAGAATACGCCCCCC,8,1,OXT_23,False,dense
GAGGGACAGCAGTTGGAG,OXT_22,ACGGGACCGCAGATCGAG,5,23,CCCCCCACGGGACCGCAGATCGAGCCCCCC,5,1,OXT_22,False,dense
AGGAACCGGCAACCTCCG,OXT_16,ATAAACAGTCTAGCTGTG,8,17,CCCCCCATAAACAGTCTAGCTGTGCCCCCC,8,2,OXT_16;OXT_24,False,dense
AGGAACGAGCAAACCACG,OXT_11,GGGTAAGGGCACAACAGT,8,12,CCCCCCGGGTAAGGGCACAACAGTCCCCCC,8,2,OXT_11;OXT_23,False,dense
AGGACACGGCAACCTCCT,OXT_24,GGGATTCGGTCATGTCCT,7,25,CCCCCCGGGATTCGGTCATGTCCTCCCCCC,7,1,OXT_24,False,dense
AGGAAAGAACAGACAGCG,OXT_23,AAGTAGGGACAGAATACG,7,24,CCCCCCAAGTAGGGACAGAATACGCCCCCC,7,1,OXT_23,False,dense
GGAGGCGCAACGATAGGG,OXT_14,TTGAGCGTAACGACAGTG,7,15,CCCCCCTTGAGCGTAACGACAGTGCCCCCC,6,1,OXT_14,False,dense
GAGGGACAGCAGAGAAAG,OXT_22,ACGGGACCGCAGATCGAG,6,23,CCCCCCACGGGACCGCAGATCGAGCCCCCC,6,1,OXT_22,False,dense
CCGGGACAGCAGCGTGCG,OXT_22,ACGGGACCGCAGATCGAG,6,23,CCCCCCACGGGACCGCAGATCGAGCCCCCC,6,1,OXT_22,False,dense
AGGAAACAGCAAACTCCG,OXT_04,TAGACAGGGCTGACTGTG,9,4,CCCCCCTAGACAGGGCTGACTGTGCCCCCC,9,5,OXT_04;OXT_15;OXT_22;OXT_23;OXT_24,False,dense
AGGAGACAGCAGACAACG,OXT_22,ACGGGACCGCAGATCGAG,7,23,CCCCCCACGGGACCGCAGATCGAGCCCCCC,6,1,OXT_22,False,dense
CGGAGACGGCAGTGTACA,OXT_24,GGGATTCGGTCATGTCCT,8,25,CCCCCCGGGATTCGGTCATGTCCTCCCCCC,7,1,OXT_24,False,dense
CGGACCGCGCCAACTCCT,OXT_24,GGGATTCGGTCATGTCCT,8,25,CCCCCCGGGATTCGGTCATGTCCTCCCCCC,7,1,OXT_24,False,dense
CCGGGACGGCAGTGTGCG,OXT_22,ACGGGACCGCAGATCGAG,6,23,CCCCCCACGGGACCGCAGATCGAGCCCCCC,6,1,OXT_22,False,dense
GAGGGACAGCAGCTTGAG,OXT_22,ACGGGACCGCAGATCGAG,5,23,CCCCCCACGGGACCGCAGATCGAGCCCCCC,5,1,OXT_22,False,dense
GGGGGACAGCAGACAAAG,OXT_22,ACGGGACCGCAGATCGAG,6,23,CCCCCCACGGGACCGCAGATCGAGCCCCCC,6,1,OXT_22,False,dense
CGGAACGCACCAACCGTG,OXT_14,TTGAGCGTAACGACAGTG,7,15,CCCCCCTTGAGCGTAACGACAGTGCCCCCC,7,2,OXT_14;OXT_25,False,dense
GCGGGACAGCAGACAGAG,OXT_22,ACGGGACCGCAGATCGAG,4,23,CCCCCCACGGGACCGCAGATCGAGCCCCCC,4,1,OXT_22,False,dense
TGAAGCGCAACAGCAGTG,OXT_25,TGCATCGCAACAGCAGTT,3,26,CCCCCCTGCATCGCAACAGCAGTTCCCCCC,3,1,OXT_25,False,dense
GGGAACGCAACAACAGCG,OXT_14,TTGAGCGTAACGACAGTG,6,15,CCCCCCTTGAGCGTAACGACAGTGCCCCCC,6,2,OXT_14;OXT_25,False,dense
AGGGGACAGCAGCATACG,OXT_22,ACGGGACCGCAGATCGAG,7,23,CCCCCCACGGGACCGCAGATCGAGCCCCCC,6,1,OXT_22,False,dense
CGCACCGCGCCAGCCGTT,OXT_25,TGCATCGCAACAGCAGTT,5,26,CCCCCCTGCATCGCAACAGCAGTTCCCCCC,5,1,OXT_25,False,dense
AGGAAACAGCAACCTCCG,OXT_15,AGGGTATAACGTCCTTTG,8,16,CCCCCCAGGGTATAACGTCCTTTGCCCCCC,8,1,OXT_15,False,dense
CGGACACGGCAGCGTCCC,OXT_24,GGGATTCGGTCATGTCCT,8,25,CCCCCCGGGATTCGGTCATGTCCTCCCCCC,7,1,OXT_24,False,dense
GAGGGACGGCAGTTTGCG,OXT_22,ACGGGACCGCAGATCGAG,6,23,CCCCCCACGGGACCGCAGATCGAGCCCCCC,6,1,OXT_22,False,dense
GGCAACGCAACGACAGCG,OXT_14,TTGAGCGTAACGACAGTG,6,15,CCCCCCTTGAGCGTAACGACAGTGCCCCCC,6,2,OXT_14;OXT_25,False,dense
GTAGGCGTGACGGTAGAG,OXT_14,TTGAGCGTAACGACAGTG,7,15,CCCCCCTTGAGCGTAACGACAGTGCCCCCC,7,1,OXT_14,False,dense
AGGAAACAGCAAACTACG,OXT_23,AAGTAGGGACAGAATACG,8,24,CCCCCCAAGTAGGGACAGAATACGCCCCCC,8,1,OXT_23,False,dense
GGGGGCGCGCCGACAGCG,OXT_14,TTGAGCGTAACGACAGTG,7,15,CCCCCCTTGAGCGTAACGACAGTGCCCCCC,7,1,OXT_14,False,dense
GGAGGCGAGCCGATAGAG,OXT_05,GGCGGACAGACTCTAATG,8,5,CCCCCCGGCGGACAGACTCTAATGCCCCCC,8,2,OXT_05;OXT_22,False,dense
CGGATCGCGCCAGCTCTT,OXT_25,TGCATCGCAACAGCAGTT,6,26,CCCCCCTGCATCGCAACAGCAGTTCCCCCC,6,1,OXT_25,False,dense
AGGATCGGGTAACCTCCT,OXT_24,GGGATTCGGTCATGTCCT,6,25,CCCCCCGGGATTCGGTCATGTCCTCCCCCC,6,1,OXT_24,False,dense
CGGATTTGGTGATCTCCT,OXT_24,GGGATTCGGTCATGTCCT,4,25,CCCCCCGGGATTCGGTCATGTCCTCCCCCC,4,1,OXT_24,False,dense
AGGAACCAGCAAACCCCG,OXT_22,ACGGGACCGCAGATCGAG,9,23,CCCCCCACGGGACCGCAGATCGAGCCCCCC,7,1,OXT_22,False,dense
AGGAAACACCAGACTACG,OXT_23,AAGTAGGGACAGAATACG,7,24,CCCCCCAAGTAGGGACAGAATACGCCCCCC,7,1,OXT_23,False,dense
AGGGGACAGCAGCGTACG,OXT_22,ACGGGACCGCAGATCGAG,7,23,CCCCCCACGGGACCGCAGATCGAGCCCCCC,6,1,OXT_22,False,dense
TGCATCGCGCCAGCTGTT,OXT_25,TGCATCGCAACAGCAGTT,3,26,CCCCCCTGCATCGCAACAGCAGTTCCCCCC,3,1,OXT_25,False,dense
AGGAAACACCAAACTACG,OXT_23,AAGTAGGGACAGAATACG,8,24,CCCCCCAAGTAGGGACAGAATACGCCCCCC,8,1,OXT_23,False,dense
AGGAACGAACCGACAACG,OXT_14,TTGAGCGTAACGACAGTG,7,15,CCCCCCTTGAGCGTAACGACAGTGCCCCCC,7,2,OXT_14;OXT_23,False,dense
AGGACCGGGTCACCTCCT,OXT_24,GGGATTCGGTCATGTCCT,6,25,CCCCCCGGGATTCGGTCATGTCCTCCCCCC,6,1,OXT_24,False,dense
CGGACACGGCGATCTCCT,OXT_24,GGGATTCGGTCATGTCCT,6,25,CCCCCCGGGATTCGGTCATGTCCTCCCCCC,6,1,OXT_24,False,dense
AGGGGACAGCAGCACAAG,OXT_22,ACGGGACCGCAGATCGAG,5,23,CCCCCCACGGGACCGCAGATCGAGCCCCCC,5,1,OXT_22,False,dense
GCGGGACAGCAGTGTGCG,OXT_22,ACGGGACCGCAGATCGAG,6,23,CCCCCCACGGGACCGCAGATCGAGCCCCCC,6,1,OXT_22,False,dense
GGCAGCGCAACGACAGCG,OXT_14,TTGAGCGTAACGACAGTG,5,15,CCCCCCTTGAGCGTAACGACAGTGCCCCCC,5,1,OXT_14,False,dense
CGGGGACAGCAGCGTACA,OXT_05,GGCGGACAGACTCTAATG,9,5,CCCCCCGGCGGACAGACTCTAATGCCCCCC,9,2,OXT_05;OXT_22,False,dense
TTAAACGTAACAGCAGTG,OXT_14,TTGAGCGTAACGACAGTG,4,15,CCCCCCTTGAGCGTAACGACAGTGCCCCCC,4,1,OXT_14,False,dense
CGGAAACGGCAGCATACA,OXT_11,GGGTAAGGGCACAACAGT,8,12,CCCCCCGGGTAAGGGCACAACAGTCCCCCC,7,2,OXT_11;OXT_23,False,dense
AGGAAAGAGCCGACAGCG,OXT_04,TAGACAGGGCTGACTGTG,7,4,CCCCCCTAGACAGGGCTGACTGTGCCCCCC,7,1,OXT_04,False,dense
GGAGGCGCGCCGACAGCG,OXT_14,TTGAGCGTAACGACAGTG,8,15,CCCCCCTTGAGCGTAACGACAGTGCCCCCC,7,1,OXT_14,False,dense
AGGAACGAGCAAACTCCG,OXT_23,AAGTAGGGACAGAATACG,8,24,CCCCCCAAGTAGGGACAGAATACGCCCCCC,8,1,OXT_23,False,dense
AGGGGACAGCAGAACAAG,OXT_22,ACGGGACCGCAGATCGAG,4,23,CCCCCCACGGGACCGCAGATCGAGCCCCCC,4,1,OXT_22,False,dense
AGGAAACAGCAGCCTCCG,OXT_15,AGGGTATAACGTCCTTTG,8,16,CCCCCCAGGGTATAACGTCCTTTGCCCCCC,8,1,OXT_15,False,dense
GGAGGCGAGCCGACAGAG,OXT_14,TTGAGCGTAACGACAGTG,8,15,CCCCCCTTGAGCGTAACGACAGTGCCCCCC,7,1,OXT_14,False,dense
TGGAACGCAACAACAGTG,OXT_14,TTGAGCGTAACGACAGTG,4,15,CCCCCCTTGAGCGTAACGACAGTGCCCCCC,4,2,OXT_14;OXT_25,False,dense
AGGACCGCGCAAACTCCT,OXT_04,TAGACAGGGCTGACTGTG,9,4,CCCCCCTAGACAGGGCTGACTGTGCCCCCC,9,3,OXT_04;OXT_20;OXT_24,False,dense
CGGGGACGGCAGCGTAAA,OXT_22,ACGGGACCGCAGATCGAG,8,23,CCCCCCACGGGACCGCAGATCGAGCCCCCC,8,1,OXT_22,False,dense
GCGGGACAGCAGTTTGAG,OXT_22,ACGGGACCGCAGATCGAG,4,23,CCCCCCACGGGACCGCAGATCGAGCCCCCC,4,1,OXT_22,False,dense
AGGATCGGGCAACCTCCT,OXT_24,GGGATTCGGTCATGTCCT,7,25,CCCCCCGGGATTCGGTCATGTCCTCCCCCC,6,1,OXT_24,False,dense
GCGGGACAGCAGCTTGAG,OXT_22,ACGGGACCGCAGATCGAG,4,23,CCCCCCACGGGACCGCAGATCGAGCCCCCC,4,1,OXT_22,False,dense
CGGACACGGCAGTGTACA,OXT_24,GGGATTCGGTCATGTCCT,8,25,CCCCCCGGGATTCGGTCATGTCCTCCCCCC,7,1,OXT_24,False,dense
AGGAAACGGCAACCTCCA,OXT_24,GGGATTCGGTCATGTCCT,8,25,CCCCCCGGGATTCGGTCATGTCCTCCCCCC,8,1,OXT_24,False,dense
AGGAACGGGCAAACTCCG,OXT_23,AAGTAGGGACAGAATACG,7,24,CCCCCCAAGTAGGGACAGAATACGCCCCCC,7,1,OXT_23,False,dense
CGGACACGGCAGCATCCC,OXT_04,TAGACAGGGCTGACTGTG,9,4,CCCCCCTAGACAGGGCTGACTGTGCCCCCC,9,2,OXT_04;OXT_24,False,dense
AGGACCGGGTCACCTCTT,OXT_24,GGGATTCGGTCATGTCCT,7,25,CCCCCCGGGATTCGGTCATGTCCTCCCCCC,7,1,OXT_24,False,dense
CGGACCGGGTCAGCTCTT,OXT_24,GGGATTCGGTCATGTCCT,7,25,CCCCCCGGGATTCGGTCATGTCCTCCCCCC,7,1,OXT_24,False,dense
TTAGGCGTGGCGGTAGGG,OXT_14,TTGAGCGTAACGACAGTG,7,15,CCCCCCTTGAGCGTAACGACAGTGCCCCCC,7,1,OXT_14,False,dense
TGCATCGCGTCAGCTCTT,OXT_25,TGCATCGCAACAGCAGTT,4,26,CCCCCCTGCATCGCAACAGCAGTTCCCCCC,4,1,OXT_25,False,dense
TGCACCGCGCCAGCTCTT,OXT_25,TGCATCGCAACAGCAGTT,5,26,CCCCCCTGCATCGCAACAGCAGTTCCCCCC,5,1,OXT_25,False,dense
GTAGGGGTGGCGATAGAG,OXT_14,TTGAGCGTAACGACAGTG,8,15,CCCCCCTTGAGCGTAACGACAGTGCCCCCC,8,1,OXT_14,False,dense
CGGGGACGGCAGTGTGCG,OXT_22,ACGGGACCGCAGATCGAG,7,23,CCCCCCACGGGACCGCAGATCGAGCCCCCC,7,1,OXT_22,False,dense
TGCATCGCGCCAGCCGTT,OXT_25,TGCATCGCAACAGCAGTT,3,26,CCCCCCTGCATCGCAACAGCAGTTCCCCCC,3,1,OXT_25,False,dense
GGAGGCGCAACGATAGAG,OXT_14,TTGAGCGTAACGACAGTG,7,15,CCCCCCTTGAGCGTAACGACAGTGCCCCCC,6,1,OXT_14,False,dense
GCGGGACGGCAGTTTGCG,OXT_22,ACGGGACCGCAGATCGAG,5,23,CCCCCCACGGGACCGCAGATCGAGCCCCCC,5,1,OXT_22,False,dense
TGAAGCGTAACGACAGTG,OXT_14,TTGAGCGTAACGACAGTG,2,15,CCCCCCTTGAGCGTAACGACAGTGCCCCCC,2,1,OXT_14,False,dense
TTAAGCGCAACAGCAGTG,OXT_14,TTGAGCGTAACGACAGTG,4,15,CCCCCCTTGAGCGTAACGACAGTGCCCCCC,4,2,OXT_14;OXT_25,False,dense
AGGACCGAGCAAACTCCT,OXT_20,AGGGCCTAGGGATGACGT,8,21,CCCCCCAGGGCCTAGGGATGACGTCCCCCC,8,1,OXT_20,False,dense
AGGAACGCACCAACCCTT,OXT_25,TGCATCGCAACAGCAGTT,7,26,CCCCCCTGCATCGCAACAGCAGTTCCCCCC,7,1,OXT_25,False,dense
TTCAACGCAACAGCAGTG,OXT_25,TGCATCGCAACAGCAGTT,3,26,CCCCCCTGCATCGCAACAGCAGTTCCCCCC,3,1,OXT_25,False,dense
AGGAGAGAGCAGACAGCG,OXT_04,TAGACAGGGCTGACTGTG,7,4,CCCCCCTAGACAGGGCTGACTGTGCCCCCC,7,2,OXT_04;OXT_22,False,dense
GTAGGCGTGGCGATAGAG,OXT_14,TTGAGCGTAACGACAGTG,7,15,CCCCCCTTGAGCGTAACGACAGTGCCCCCC,7,1,OXT_14,False,dense
AGGACCGCGCCACCTCTT,OXT_25,TGCATCGCAACAGCAGTT,8,26,CCCCCCTGCATCGCAACAGCAGTTCCCCCC,8,1,OXT_25,False,dense
CGGATACGGCGATCTCCT,OXT_24,GGGATTCGGTCATGTCCT,5,25,CCCCCCGGGATTCGGTCATGTCCTCCCCCC,5,1,OXT_24,False,dense
AGGAACGACCAAACCCCG,OXT_17,AGGAACTACGATCGTGAA,9,18,CCCCCCAGGAACTACGATCGTGAACCCCCC,9,2,OXT_17;OXT_23,False,dense
AGGACCCGGCAAACTCCT,OXT_24,GGGATTCGGTCATGTCCT,7,25,CCCCCCGGGATTCGGTCATGTCCTCCCCCC,7,1,OXT_24,False,dense
GCGGGACAGCAGACAAAG,OXT_22,ACGGGACCGCAGATCGAG,5,23,CCCCCCACGGGACCGCAGATCGAGCCCCCC,5,1,OXT_22,False,dense
AGGGGAGAGCAGACAAAG,OXT_22,ACGGGACCGCAGATCGAG,6,23,CCCCCCACGGGACCGCAGATCGAGCCCCCC,6,1,OXT_22,False,dense
TGCATCGCGCCAGCTCTT,OXT_25,TGCATCGCAACAGCAGTT,4,26,CCCCCCTGCATCGCAACAGCAGTTCCCCCC,4,1,OXT_25,False,dense
AGGACCGCGCCAACTCTT,OXT_04,TAGACAGGGCTGACTGTG,8,4,CCCCCCTAGACAGGGCTGACTGTGCCCCCC,8,2,OXT_04;OXT_25,False,dense
GTAGGGACGCCGATAGAG,OXT_22,ACGGGACCGCAGATCGAG,7,23,CCCCCCACGGGACCGCAGATCGAGCCCCCC,6,1,OXT_22,False,dense
AGGAGAGAGCAGACAACG,OXT_04,TAGACAGGGCTGACTGTG,8,4,CCCCCCTAGACAGGGCTGACTGTGCCCCCC,8,3,OXT_04;OXT_22;OXT_23,False,dense
GAGGGACAGCAGTTCGAG,OXT_22,ACGGGACCGCAGATCGAG,4,23,CCCCCCACGGGACCGCAGATCGAGCCCCCC,4,1,OXT_22,False,dense
CGGACACGGCGGTCTCCC,OXT_04,TAGACAGGGCTGACTGTG,8,4,CCCCCCTAGACAGGGCTGACTGTGCCCCCC,8,2,OXT_04;OXT_24,False,dense
AGGAAACGGCAAACTCCG,OXT_04,TAGACAGGGCTGACTGTG,8,4,CCCCCCTAGACAGGGCTGACTGTGCCCCCC,8,3,OXT_04;OXT_23;OXT_24,False,dense
GCGGGGCAGCAGCTAGAG,OXT_22,ACGGGACCGCAGATCGAG,5,23,CCCCCCACGGGACCGCAGATCGAGCCCCCC,5,1,OXT_22,False,dense
CGGGGACAGCAGCGTAAG,OXT_22,ACGGGACCGCAGATCGAG,7,23,CCCCCCACGGGACCGCAGATCGAGCCCCCC,7,1,OXT_22,False,dense
GCGGGACAGCAGCTAGAG,OXT_22,ACGGGACCGCAGATCGAG,4,23,CCCCCCACGGGACCGCAGATCGAGCCCCCC,4,1,OXT_22,False,dense
CGGACACGGCAGCCTACA,OXT_04,TAGACAGGGCTGACTGTG,8,4,CCCCCCTAGACAGGGCTGACTGTGCCCCCC,8,1,OXT_04,False,dense
GTAGGGGTGGCGGTAGAG,OXT_14,TTGAGCGTAACGACAGTG,9,15,CCCCCCTTGAGCGTAACGACAGTGCCCCCC,9,1,OXT_14,False,dense
TGCACCGCACCAACCGTT,OXT_25,TGCATCGCAACAGCAGTT,4,26,CCCCCCTGCATCGCAACAGCAGTTCCCCCC,4,1,OXT_25,False,dense
AGGAGACAGCAGCGTACG,OXT_22,ACGGGACCGCAGATCGAG,8,23,CCCCCCACGGGACCGCAGATCGAGCCCCCC,7,1,OXT_22,False,dense
TTAAGCGCAACGACAGTG,OXT_14,TTGAGCGTAACGACAGTG,2,15,CCCCCCTTGAGCGTAACGACAGTGCCCCCC,2,1,OXT_14,False,dense
TTAAGCGCAACGGCAGTG,OXT_14,TTGAGCGTAACGACAGTG,3,15,CCCCCCTTGAGCGTAACGACAGTGCCCCCC,3,1,OXT_14,False,dense
GCGGGACGGCAGTGTGCG,OXT_22,ACGGGACCGCAGATCGAG,6,23,CCCCCCACGGGACCGCAGATCGAGCCCCCC,6,1,OXT_22,False,dense
AGGAAACGGCAACCTCCC,OXT_24,GGGATTCGGTCATGTCCT,8,25,CCCCCCGGGATTCGGTCATGTCCTCCCCCC,8,1,OXT_24,False,dense
GGGGGAGAGCAGATAGAG,OXT_22,ACGGGACCGCAGATCGAG,5,23,CCCCCCACGGGACCGCAGATCGAGCCCCCC,5,1,OXT_22,False,dense
AGGAGACGGCAGCATACG,OXT_23,AAGTAGGGACAGAATACG,7,24,CCCCCCAAGTAGGGACAGAATACGCCCCCC,6,1,OXT_23,False,dense
CGGAGACAGCAGCGTACA,OXT_17,AGGAACTACGATCGTGAA,9,18,CCCCCCAGGAACTACGATCGTGAACCCCCC,8,1,OXT_17,False,dense
AGGGGACAGCAGCGTAAA,OXT_22,ACGGGACCGCAGATCGAG,7,23,CCCCCCACGGGACCGCAGATCGAGCCCCCC,7,1,OXT_22,False,dense
GAGGGACAGCAGATGAAG,OXT_22,ACGGGACCGCAGATCGAG,5,23,CCCCCCACGGGACCGCAGATCGAGCCCCCC,5,1,OXT_22,False,dense
AGGACACGGCAGCCTACA,OXT_01,AGGCTGCGTAAGTCTGCT,8,1,CCCCCCAGGCTGCGTAAGTCTGCTCCCCCC,8,2,OXT_01;OXT_04,False,dense
AGGACCGCGCCAACCCTT,OXT_25,TGCATCGCAACAGCAGTT,8,26,CCCCCCTGCATCGCAACAGCAGTTCCCCCC,8,1,OXT_25,False,dense
GTAGGCGTGACGGTAGGG,OXT_14,TTGAGCGTAACGACAGTG,7,15,CCCCCCTTGAGCGTAACGACAGTGCCCCCC,7,1,OXT_14,False,dense
CGGACCGCACCAGCCCTT,OXT_25,TGCATCGCAACAGCAGTT,6,26,CCCCCCTGCATCGCAACAGCAGTTCCCCCC,6,1,OXT_25,False,dense
AGGAACGAGCAAACCCCT,OXT_11,GGGTAAGGGCACAACAGT,8,12,CCCCCCGGGTAAGGGCACAACAGTCCCCCC,8,1,OXT_11,False,dense
AGGACCGCACAAACCCCT,OXT_25,TGCATCGCAACAGCAGTT,9,26,CCCCCCTGCATCGCAACAGCAGTTCCCCCC,9,1,OXT_25,False,dense
TGCAACGCACCAACCGTT,OXT_25,TGCATCGCAACAGCAGTT,4,26,CCCCCCTGCATCGCAACAGCAGTTCCCCCC,4,1,OXT_25,False,dense
AGGAGACAGCAGCGTACA,OXT_17,AGGAACTACGATCGTGAA,8,18,CCCCCCAGGAACTACGATCGTGAACCCCCC,7,1,OXT_17,False,dense
GTGGGGCAGCAGATAGAG,OXT_22,ACGGGACCGCAGATCGAG,5,23,CCCCCCACGGGACCGCAGATCGAGCCCCCC,5,1,OXT_22,False,dense
GGGAGAGAGCCGACAGCG,OXT_04,TAGACAGGGCTGACTGTG,7,4,CCCCCCTAGACAGGGCTGACTGTGCCCCCC,7,2,OXT_04;OXT_14,False,dense
AGGGGACAGCAGCGTACA,OXT_22,ACGGGACCGCAGATCGAG,8,23,CCCCCCACGGGACCGCAGATCGAGCCCCCC,7,1,OXT_22,False,dense
GGCAGCGCAACGACAGTG,OXT_14,TTGAGCGTAACGACAGTG,4,15,CCCCCCTTGAGCGTAACGACAGTGCCCCCC,4,1,OXT_14,False,dense
AGGAAACAGCAGACAACG,OXT_22,ACGGGACCGCAGATCGAG,8,23,CCCCCCACGGGACCGCAGATCGAGCCCCCC,7,2,OXT_22;OXT_23,False,dense
CGGCCACGGCGGTCTCCC,OXT_01,AGGCTGCGTAAGTCTGCT,8,1,CCCCCCAGGCTGCGTAAGTCTGCTCCCCCC,8,1,OXT_01,False,dense
GCGGGACAGCAGTTTGCG,OXT_22,ACGGGACCGCAGATCGAG,5,23,CCCCCCACGGGACCGCAGATCGAGCCCCCC,5,1,OXT_22,False,dense
CGGACCGCGTCACCTCTT,OXT_24,GGGATTCGGTCATGTCCT,8,25,CCCCCCGGGATTCGGTCATGTCCTCCCCCC,7,2,OXT_24;OXT_25,False,dense
AGGACACGGCAACCTCCG,OXT_04,TAGACAGGGCTGACTGTG,8,4,CCCCCCTAGACAGGGCTGACTGTGCCCCCC,8,2,OXT_04;OXT_24,False,dense
CGGACCCGGCAACCTCCT,OXT_24,GGGATTCGGTCATGTCCT,7,25,CCCCCCGGGATTCGGTCATGTCCTCCCCCC,7,1,OXT_24,False,dense
GTAGGCGTGGCGGTAGAG,OXT_14,TTGAGCGTAACGACAGTG,8,15,CCCCCCTTGAGCGTAACGACAGTGCCCCCC,8,1,OXT_14,False,dense
GTAGGCGTGGCGGTAGGG,OXT_14,TTGAGCGTAACGACAGTG,8,15,CCCCCCTTGAGCGTAACGACAGTGCCCCCC,8,1,OXT_14,False,dense
AAGGGACAGCAGACAAAG,OXT_22,ACGGGACCGCAGATCGAG,5,23,CCCCCCACGGGACCGCAGATCGAGCCCCCC,5,1,OXT_22,False,dense
AGGAACGAACAAACCCCT,OXT_11,GGGTAAGGGCACAACAGT,9,12,CCCCCCGGGTAAGGGCACAACAGTCCCCCC,9,2,OXT_11;OXT_23,False,dense
GCGGGAGAGCAGACAGAG,OXT_22,ACGGGACCGCAGATCGAG,5,23,CCCCCCACGGGACCGCAGATCGAGCCCCCC,5,1,OXT_22,False,dense
GCGGGACAGCAGCGTGCG,OXT_22,ACGGGACCGCAGATCGAG,6,23,CCCCCCACGGGACCGCAGATCGAGCCCCCC,6,1,OXT_22,False,dense
AGGAACGAACAGACAGCG,OXT_14,TTGAGCGTAACGACAGTG,7,15,CCCCCCTTGAGCGTAACGACAGTGCCCCCC,6,2,OXT_14;OXT_23,False,dense
GGAGGCGCGACGACAGAG,OXT_14,TTGAGCGTAACGACAGTG,7,15,CCCCCCTTGAGCGTAACGACAGTGCCCCCC,6,1,OXT_14,False,dense
AGGATTTGGTAACCTCCT,OXT_24,GGGATTCGGTCATGTCCT,5,25,CCCCCCGGGATTCGGTCATGTCCTCCCCCC,5,1,OXT_24,False,dense
CGGGCACGGCGGTGTCCC,OXT_24,GGGATTCGGTCATGTCCT,8,25,CCCCCCGGGATTCGGTCATGTCCTCCCCCC,8,1,OXT_24,False,dense
GGGGGAGAGCAGACAGCG,OXT_22,ACGGGACCGCAGATCGAG,7,23,CCCCCCACGGGACCGCAGATCGAGCCCCCC,7,1,OXT_22,False,dense
AGGAACCACCAGACCACG,OXT_23,AAGTAGGGACAGAATACG,8,24,CCCCCCAAGTAGGGACAGAATACGCCCCCC,8,1,OXT_23,False,dense
TGAAGCGCAACAACAGTG,OXT_14,TTGAGCGTAACGACAGTG,4,15,CCCCCCTTGAGCGTAACGACAGTGCCCCCC,4,2,OXT_14;OXT_25,False,dense
TTAGGGGTGGCGGTAGGG,OXT_14,TTGAGCGTAACGACAGTG,8,15,CCCCCCTTGAGCGTAACGACAGTGCCCCCC,8,1,OXT_14,False,dense
CGGGCACGGCAGTGTTCA,OXT_01,AGGCTGCGTAAGTCTGCT,9,1,CCCCCCAGGCTGCGTAAGTCTGCTCCCCCC,9,2,OXT_01;OXT_24,False,dense
CGGACACGGCGATCTCCC,OXT_24,GGGATTCGGTCATGTCCT,7,25,CCCCCCGGGATTCGGTCATGTCCTCCCCCC,7,1,OXT_24,False,dense
TTAAGCGTAGCAGTAGTG,OXT_14,TTGAGCGTAACGACAGTG,5,15,CCCCCCTTGAGCGTAACGACAGTGCCCCCC,5,1,OXT_14,False,dense
CGGATACGGCAACCTCCC,OXT_24,GGGATTCGGTCATGTCCT,7,25,CCCCCCGGGATTCGGTCATGTCCTCCCCCC,7,1,OXT_24,False,dense
TGCAACGCAGCAGCAGTG,OXT_25,TGCATCGCAACAGCAGTT,3,26,CCCCCCTGCATCGCAACAGCAGTTCCCCCC,3,1,OXT_25,False,dense
AGGACACGGCAACCTCCA,OXT_24,GGGATTCGGTCATGTCCT,8,25,CCCCCCGGGATTCGGTCATGTCCTCCCCCC,8,1,OXT_24,False,dense
CGGATCTGGTCACCTCTT,OXT_24,GGGATTCGGTCATGTCCT,6,25,CCCCCCGGGATTCGGTCATGTCCTCCCCCC,6,1,OXT_24,False,dense
CGGACCGCGCCAACCCCT,OXT_19,CCCCCCCCCCCCCCCCCC,8,20,CCCCCCCCCCCCCCCCCCCCCCCCCCCCCC,8,1,OXT_19,True,dense
TTAAGCGTAGCAGCAGTG,OXT_14,TTGAGCGTAACGACAGTG,4,15,CCCCCCTTGAGCGTAACGACAGTGCCCCCC,4,1,OXT_14,False,dense
TGGATCGGGTCAGCTCTT,OXT_24,GGGATTCGGTCATGTCCT,6,25,CCCCCCGGGATTCGGTCATGTCCTCCCCCC,6,2,OXT_24;OXT_25,False,dense
GAGGGGCAGCAGTTGGAG,OXT_22,ACGGGACCGCAGATCGAG,6,23,CCCCCCACGGGACCGCAGATCGAGCCCCCC,6,1,OXT_22,False,dense
GAGGGACAGCAGTTTGCG,OXT_22,ACGGGACCGCAGATCGAG,6,23,CCCCCCACGGGACCGCAGATCGAGCCCCCC,6,1,OXT_22,False,dense
CCGGGACAGCAGCGTGAG,OXT_22,ACGGGACCGCAGATCGAG,5,23,CCCCCCACGGGACCGCAGATCGAGCCCCCC,5,1,OXT_22,False,dense
TGCAACGCAGCAGCAGTT,OXT_25,TGCATCGCAACAGCAGTT,2,26,CCCCCCTGCATCGCAACAGCAGTTCCCCCC,2,1,OXT_25,False,dense
TGGAACGCAACAACCGTT,OXT_25,TGCATCGCAACAGCAGTT,4,26,CCCCCCTGCATCGCAACAGCAGTTCCCCCC,4,1,OXT_25,False,dense
CGGCCACGGCGGTGTCCC,OXT_24,GGGATTCGGTCATGTCCT,8,25,CCCCCCGGGATTCGGTCATGTCCTCCCCCC,8,1,OXT_24,False,dense
AGGATCGGGCCACCTCCT,OXT_24,GGGATTCGGTCATGTCCT,6,25,CCCCCCGGGATTCGGTCATGTCCTCCCCCC,6,1,OXT_24,False,dense
GGGGGCCCCCCCCTTGGG,OXT_05,GGCGGACAGACTCTAATG,9,5,CCCCCCGGCGGACAGACTCTAATGCCCCCC,9,2,OXT_05;OXT_22,False,lstm
GGGGGGGAAAAAAATTGG,OXT_23,AAGTAGGGACAGAATACG,9,24,CCCCCCAAGTAGGGACAGAATACGCCCCCC,9,1,OXT_23,False,lstm
GGGGGGGCCCCCAATTGG,OXT_11,GGGTAAGGGCACAACAGT,9,12,CCCCCCGGGTAAGGGCACAACAGTCCCCCC,9,1,OXT_11,False,lstm
GGGGGGGAAAAAAAATTG,OXT_05,GGCGGACAGACTCTAATG,9,5,CCCCCCGGCGGACAGACTCTAATGCCCCCC,9,2,OXT_05;OXT_14,False,lstm
GGGGGGCCCCCCCTTTGG,OXT_05,GGCGGACAGACTCTAATG,9,5,CCCCCCGGCGGACAGACTCTAATGCCCCCC,9,1,OXT_05,False,lstm
GGGGGGGAAAAAAATTTG,OXT_15,AGGGTATAACGTCCTTTG,9,16,CCCCCCAGGGTATAACGTCCTTTGCCCCCC,9,2,OXT_15;OXT_23,False,lstm
GGGGGGGACCCCAATTGG,OXT_11,GGGTAAGGGCACAACAGT,9,12,CCCCCCGGGTAAGGGCACAACAGTCCCCCC,9,1,OXT_11,False,lstm
GGGGGGGACCCCCATTTG,OXT_15,AGGGTATAACGTCCTTTG,8,16,CCCCCCAGGGTATAACGTCCTTTGCCCCCC,8,1,OXT_15,False,lstm
GGGGGGGACCCCCATTGG,OXT_15,AGGGTATAACGTCCTTTG,9,16,CCCCCCAGGGTATAACGTCCTTTGCCCCCC,9,1,OXT_15,False,lstm
GGGGGCCCCCCCCCCGGG,OXT_19,CCCCCCCCCCCCCCCCCC,8,20,CCCCCCCCCCCCCCCCCCCCCCCCCCCCCC,8,1,OXT_19,True,lstm
GGGGGGGGAAAAAAATTG,OXT_14,TTGAGCGTAACGACAGTG,9,15,CCCCCCTTGAGCGTAACGACAGTGCCCCCC,9,2,OXT_14;OXT_23,False,lstm
GGGGGGGAAACCAATTTG,OXT_05,GGCGGACAGACTCTAATG,9,5,CCCCCCGGCGGACAGACTCTAATGCCCCCC,8,4,OXT_05;OXT_14;OXT_15;OXT_26,False,lstm
GGGCCCCCCCCCCCCCCC,OXT_19,CCCCCCCCCCCCCCCCCC,3,20,CCCCCCCCCCCCCCCCCCCCCCCCCCCCCC,3,1,OXT_19,True,lstm
GGGGGGGAACCCAATTTG,OXT_15,AGGGTATAACGTCCTTTG,8,16,CCCCCCAGGGTATAACGTCCTTTGCCCCCC,8,1,OXT_15,False,lstm
GGGGGGGAACCAAATTGG,OXT_15,AGGGTATAACGTCCTTTG,9,16,CCCCCCAGGGTATAACGTCCTTTGCCCCCC,9,2,OXT_15;OXT_23,False,lstm
GGGGGGGAACCCCATTTG,OXT_15,AGGGTATAACGTCCTTTG,7,16,CCCCCCAGGGTATAACGTCCTTTGCCCCCC,7,1,OXT_15,False,lstm
GGGGGCCCCCCCCTTTGG,OXT_05,GGCGGACAGACTCTAATG,9,5,CCCCCCGGCGGACAGACTCTAATGCCCCCC,9,1,OXT_05,False,lstm
GGGGGCCCCCCCCCCCGG,OXT_19,CCCCCCCCCCCCCCCCCC,7,20,CCCCCCCCCCCCCCCCCCCCCCCCCCCCCC,7,1,OXT_19,True,lstm
GGGGCCCCCCCCCCCGGG,OXT_19,CCCCCCCCCCCCCCCCCC,7,20,CCCCCCCCCCCCCCCCCCCCCCCCCCCCCC,7,1,OXT_19,True,lstm
GGGGGGGCCCCCCATTGG,OXT_02,AGGGGAGCGTGCGGAGGC,10,2,CCCCCCAGGGGAGCGTGCGGAGGCCCCCCC,10,4,OXT_02;OXT_11;OXT_15;OXT_26,False,lstm
GGGGGGCCCCCCCCTTGG,OXT_15,AGGGTATAACGTCCTTTG,9,16,CCCCCCAGGGTATAACGTCCTTTGCCCCCC,9,1,OXT_15,False,lstm
GGGGGGGACCCAAATTGG,OXT_03,GACTTGGGCTCATGCTGT,10,3,CCCCCCGACTTGGGCTCATGCTGTCCCCCC,10,5,OXT_03;OXT_11;OXT_15;OXT_23;OXT_26,False,lstm
GGGGGCCCCCCCCCCCCC,OXT_19,CCCCCCCCCCCCCCCCCC,5,20,CCCCCCCCCCCCCCCCCCCCCCCCCCCCCC,5,1,OXT_19,True,lstm
GGGGGGGCCCCCCCTTGG,OXT_15,AGGGTATAACGTCCTTTG,9,16,CCCCCCAGGGTATAACGTCCTTTGCCCCCC,9,1,OXT_15,False,lstm
GGGGCCCCCCCCCCCCCC,OXT_19,CCCCCCCCCCCCCCCCCC,4,20,CCCCCCCCCCCCCCCCCCCCCCCCCCCCCC,4,1,OXT_19,True,lstm
GGGGCCCCCCCCCCTGGG,OXT_19,CCCCCCCCCCCCCCCCCC,8,20,CCCCCCCCCCCCCCCCCCCCCCCCCCCCCC,8,2,OXT_19;OXT_29,True,lstm
GGGGGCCCCCCCCCTGGG,OXT_19,CCCCCCCCCCCCCCCCCC,9,20,CCCCCCCCCCCCCCCCCCCCCCCCCCCCCC,9,2,OXT_19;OXT_29,True,lstm
GGGGGGCCCCCCCATTGG,OXT_05,GGCGGACAGACTCTAATG,10,5,CCCCCCGGCGGACAGACTCTAATGCCCCCC,9,3,OXT_05;OXT_15;OXT_26,False,lstm
GGGGCCCCCCCCCCCCGG,OXT_19,CCCCCCCCCCCCCCCCCC,6,20,CCCCCCCCCCCCCCCCCCCCCCCCCCCCCC,6,1,OXT_19,True,lstm
GGGGCCCCCCCCCCGGGG,OXT_29,CCCCCCCCCCCCCCGCCC,7,30,CCCCCCCCCCCCCCCCCCCCGCCCCCCCCC,7,1,OXT_29,True,lstm
GGGGCCCCCCCCCCCCGC,OXT_19,CCCCCCCCCCCCCCCCCC,5,20,CCCCCCCCCCCCCCCCCCCCCCCCCCCCCC,5,1,OXT_19,True,lstm
GGGGGGGAAAAAAAATGG,OXT_05,GGCGGACAGACTCTAATG,10,5,CCCCCCGGCGGACAGACTCTAATGCCCCCC,9,4,OXT_05;OXT_11;OXT_14;OXT_23,False,lstm
GGGGCCCCCCCCCTTGGG,OXT_19,CCCCCCCCCCCCCCCCCC,9,20,CCCCCCCCCCCCCCCCCCCCCCCCCCCCCC,9,2,OXT_19;OXT_29,True,lstm
GGGGCCCCCCCCTTTGGG,OXT_19,CCCCCCCCCCCCCCCCCC,10,20,CCCCCCCCCCCCCCCCCCCCCCCCCCCCCC,10,4,OXT_19;OXT_22;OXT_26;OXT_29,True,lstm
GGGGGGGAAACAAATTGG,OXT_05,GGCGGACAGACTCTAATG,10,5,CCCCCCGGCGGACAGACTCTAATGCCCCCC,9,5,OXT_05;OXT_14;OXT_15;OXT_23;OXT_26,False,lstm
GGGGGGCCCCCCATTTGG,OXT_22,ACGGGACCGCAGATCGAG,9,23,CCCCCCACGGGACCGCAGATCGAGCCCCCC,9,1,OXT_22,False,lstm
GGGGGGCCCCCCCCCTGG,OXT_19,CCCCCCCCCCCCCCCCCC,9,20,CCCCCCCCCCCCCCCCCCCCCCCCCCCCCC,9,1,OXT_19,True,lstm
GGGGGCCCCCCCCCTTGG,OXT_15,AGGGTATAACGTCCTTTG,9,16,CCCCCCAGGGTATAACGTCCTTTGCCCCCC,9,3,OXT_15;OXT_19;OXT_29,False,lstm
GGGGGGCCCCCCATTGGG,OXT_22,ACGGGACCGCAGATCGAG,8,23,CCCCCCACGGGACCGCAGATCGAGCCCCCC,8,1,OXT_22,False,lstm
GGGGCCCCCCCCCCCGGC,OXT_19,CCCCCCCCCCCCCCCCCC,6,20,CCCCCCCCCCCCCCCCCCCCCCCCCCCCCC,6,1,OXT_19,True,lstm
GGGGGGGAACCCAATTGG,OXT_11,GGGTAAGGGCACAACAGT,9,12,CCCCCCGGGTAAGGGCACAACAGTCCCCCC,9,3,OXT_11;OXT_15;OXT_23,False,lstm
GGGGGGGAACAAAATTGG,OXT_23,AAGTAGGGACAGAATACG,8,24,CCCCCCAAGTAGGGACAGAATACGCCCCCC,8,1,OXT_23,False,lstm
GGGGGCCCCCCCCCCCGC,OXT_19,CCCCCCCCCCCCCCCCCC,6,20,CCCCCCCCCCCCCCCCCCCCCCCCCCCCCC,6,1,OXT_19,True,lstm
GGGGGCCCCCCCCCCTGG,OXT_19,CCCCCCCCCCCCCCCCCC,8,20,CCCCCCCCCCCCCCCCCCCCCCCCCCCCCC,8,1,OXT_19,True,lstm
GGGGGGGAAACCAATTGG,OXT_05,GGCGGACAGACTCTAATG,10,5,CCCCCCGGCGGACAGACTCTAATGCCCCCC,8,6,OXT_05;OXT_11;OXT_14;OXT_15;OXT_23;OXT_26,False,lstm
GGGGGGGAAAACAATTTG,OXT_15,AGGGTATAACGTCCTTTG,9,16,CCCCCCAGGGTATAACGTCCTTTGCCCCCC,9,2,OXT_15;OXT_23,False,lstm
GGGGGGGAAACAAATTTG,OXT_05,GGCGGACAGACTCTAATG,9,5,CCCCCCGGCGGACAGACTCTAATGCCCCCC,9,4,OXT_05;OXT_14;OXT_15;OXT_26,False,lstm
GGGGGGGAACCCCATTGG,OXT_15,AGGGTATAACGTCCTTTG,8,16,CCCCCCAGGGTATAACGTCCTTTGCCCCCC,8,1,OXT_15,False,lstm
GGGGGGGCCCCAAATTGG,OXT_03,GACTTGGGCTCATGCTGT,10,3,CCCCCCGACTTGGGCTCATGCTGTCCCCCC,10,4,OXT_03;OXT_11;OXT_23;OXT_26,False,lstm
GGGCCCCCCCCCCCGGGG,OXT_29,CCCCCCCCCCCCCCGCCC,6,30,CCCCCCCCCCCCCCCCCCCCGCCCCCCCCC,6,1,OXT_29,True,lstm
GGGCCCCCCCCCCCCGGC,OXT_19,CCCCCCCCCCCCCCCCCC,5,20,CCCCCCCCCCCCCCCCCCCCCCCCCCCCCC,5,1,OXT_19,True,lstm
GGGCCCCCCCCCCCCGGG,OXT_19,CCCCCCCCCCCCCCCCCC,6,20,CCCCCCCCCCCCCCCCCCCCCCCCCCCCCC,6,1,OXT_19,True,lstm
GGGGGGGACCAAAATTGG,OXT_11,GGGTAAGGGCACAACAGT,9,12,CCCCCCGGGTAAGGGCACAACAGTCCCCCC,9,2,OXT_11;OXT_23,False,lstm
GGGGGGCCCCCCCTTGGG,OXT_05,GGCGGACAGACTCTAATG,9,5,CCCCCCGGCGGACAGACTCTAATGCCCCCC,9,2,OXT_05;OXT_22,False,lstm
GGGGGCCCCCCCATTGGG,OXT_22,ACGGGACCGCAGATCGAG,8,23,CCCCCCACGGGACCGCAGATCGAGCCCCCC,8,1,OXT_22,False,lstm
GGGGCCCCCCCCCTGGGG,OXT_29,CCCCCCCCCCCCCCGCCC,8,30,CCCCCCCCCCCCCCCCCCCCGCCCCCCCCC,8,1,OXT_29,True,lstm
GGGGGGGCCCCCATTTGG,OXT_02,AGGGGAGCGTGCGGAGGC,10,2,CCCCCCAGGGGAGCGTGCGGAGGCCCCCCC,10,3,OXT_02;OXT_11;OXT_22,False,lstm
GGGGGGCCCCCAATTTGG,OXT_22,ACGGGACCGCAGATCGAG,9,23,CCCCCCACGGGACCGCAGATCGAGCCCCCC,9,1,OXT_22,False,lstm
GGGGGGCCCCCCCCCGGG,OXT_19,CCCCCCCCCCCCCCCCCC,9,20,CCCCCCCCCCCCCCCCCCCCCCCCCCCCCC,9,2,OXT_19;OXT_22,True,lstm
GGGGGCCCCCCCTTTGGG,OXT_22,ACGGGACCGCAGATCGAG,9,23,CCCCCCACGGGACCGCAGATCGAGCCCCCC,9,1,OXT_22,False,lstm
GGGGGGCCCCCCAATTGG,OXT_11,GGGTAAGGGCACAACAGT,10,12,CCCCCCGGGTAAGGGCACAACAGTCCCCCC,10,3,OXT_11;OXT_22;OXT_26,False,lstm
GGGCCCCCCCCCCTGGGG,OXT_29,CCCCCCCCCCCCCCGCCC,7,30,CCCCCCCCCCCCCCCCCCCCGCCCCCCCCC,7,1,OXT_29,True,lstm
GGGCCCCCCCCCCCCGCC,OXT_19,CCCCCCCCCCCCCCCCCC,4,20,CCCCCCCCCCCCCCCCCCCCCCCCCCCCCC,4,1,OXT_19,True,lstm
GGCCCCCCCCCCCCCCCC,OXT_19,CCCCCCCCCCCCCCCCCC,2,20,CCCCCCCCCCCCCCCCCCCCCCCCCCCCCC,2,1,OXT_19,True,lstm
GGGGGGGCCCCAATTTGG,OXT_03,GACTTGGGCTCATGCTGT,10,3,CCCCCCGACTTGGGCTCATGCTGTCCCCCC,10,2,OXT_03;OXT_22,False,lstm
GGGGGGGCCCAAAATTGG,OXT_11,GGGTAAGGGCACAACAGT,9,12,CCCCCCGGGTAAGGGCACAACAGTCCCCCC,8,2,OXT_11;OXT_23,False,lstm
GGGGGGGCCCCCCCTTTG,OXT_15,AGGGTATAACGTCCTTTG,8,16,CCCCCCAGGGTATAACGTCCTTTGCCCCCC,8,1,OXT_15,False,lstm
GGGGGGCCCCCAATTGGG,OXT_22,ACGGGACCGCAGATCGAG,8,23,CCCCCCACGGGACCGCAGATCGAGCCCCCC,8,1,OXT_22,False,lstm
GGGCCCCCCCCCCTTGGG,OXT_19,CCCCCCCCCCCCCCCCCC,8,20,CCCCCCCCCCCCCCCCCCCCCCCCCCCCCC,8,2,OXT_19;OXT_29,True,lstm
AGGATCTAACGTCCTGTG,OXT_15,AGGGTATAACGTCCTTTG,3,16,CCCCCCAGGGTATAACGTCCTTTGCCCCCC,3,1,OXT_15,False,conv
GGGGTATAACGTCCTTTG,OXT_15,AGGGTATAACGTCCTTTG,1,16,CCCCCCAGGGTATAACGTCCTTTGCCCCCC,1,1,OXT_15,False,conv
GGGTAAGGACGCACCAGG,OXT_11,GGGTAAGGGCACAACAGT,4,12,CCCCCCGGGTAAGGGCACAACAGTCCCCCC,4,1,OXT_11,False,conv
GGGGTATGGCGTCCTTTT,OXT_15,AGGGTATAACGTCCTTTG,4,16,CCCCCCAGGGTATAACGTCCTTTGCCCCCC,4,1,OXT_15,False,conv
GGCGGACAGACCCCACCG,OXT_05,GGCGGACAGACTCTAATG,4,5,CCCCCCGGCGGACAGACTCTAATGCCCCCC,4,1,OXT_05,False,conv
GGGGGACAGACTCTAATG,OXT_05,GGCGGACAGACTCTAATG,1,5,CCCCCCGGCGGACAGACTCTAATGCCCCCC,1,1,OXT_05,False,conv
GGGTAAGGACACACCAGG,OXT_11,GGGTAAGGGCACAACAGT,3,12,CCCCCCGGGTAAGGGCACAACAGTCCCCCC,3,1,OXT_11,False,conv
GGCCCCCACCCCCCGCCG,OXT_29,CCCCCCCCCCCCCCGCCC,4,30,CCCCCCCCCCCCCCCCCCCCGCCCCCCCCC,4,1,OXT_29,True,conv
GCCATTCGCCCATCGCCT,OXT_24,GGGATTCGGTCATGTCCT,6,25,CCCCCCGGGATTCGGTCATGTCCTCCCCCC,6,1,OXT_24,False,conv
GGGGTACAGACCCCAACG,OXT_05,GGCGGACAGACTCTAATG,5,5,CCCCCCGGCGGACAGACTCTAATGCCCCCC,5,1,OXT_05,False,conv
GGGTGAGGGCACAACAGT,OXT_11,GGGTAAGGGCACAACAGT,1,12,CCCCCCGGGTAAGGGCACAACAGTCCCCCC,1,1,OXT_11,False,conv
GGGGTACGGCCTCATAGT,OXT_11,GGGTAAGGGCACAACAGT,7,12,CCCCCCGGGTAAGGGCACAACAGTCCCCCC,6,1,OXT_11,False,conv
AGGATCTAAGGTCGTGTG,OXT_15,AGGGTATAACGTCCTTTG,5,16,CCCCCCAGGGTATAACGTCCTTTGCCCCCC,5,2,OXT_15;OXT_17,False,conv
GGGGTACGGCCTCCTAGT,OXT_05,GGCGGACAGACTCTAATG,8,5,CCCCCCGGCGGACAGACTCTAATGCCCCCC,7,4,OXT_05;OXT_11;OXT_15;OXT_24,False,conv
GGGGTATGACGTCCTTTT,OXT_15,AGGGTATAACGTCCTTTG,3,16,CCCCCCAGGGTATAACGTCCTTTGCCCCCC,3,1,OXT_15,False,conv
GGGGTACGGCCTCCTCGT,OXT_24,GGGATTCGGTCATGTCCT,7,25,CCCCCCGGGATTCGGTCATGTCCTCCCCCC,7,1,OXT_24,False,conv
AGGATATAACGTCCTTTG,OXT_15,AGGGTATAACGTCCTTTG,1,16,CCCCCCAGGGTATAACGTCCTTTGCCCCCC,1,1,OXT_15,False,conv
AGGGTCTAACGTCGTTTG,OXT_15,AGGGTATAACGTCCTTTG,2,16,CCCCCCAGGGTATAACGTCCTTTGCCCCCC,2,1,OXT_15,False,conv
GGGGTACAGACCCCACCG,OXT_05,GGCGGACAGACTCTAATG,6,5,CCCCCCGGCGGACAGACTCTAATGCCCCCC,6,1,OXT_05,False,conv
AGGAGCGTACCGACATTG,OXT_14,TTGAGCGTAACGACAGTG,4,15,CCCCCCTTGAGCGTAACGACAGTGCCCCCC,4,1,OXT_14,False,conv
GGGGTACGGACCCCAACT,OXT_05,GGCGGACAGACTCTAATG,7,5,CCCCCCGGCGGACAGACTCTAATGCCCCCC,7,1,OXT_05,False,conv
GGGATACGGCCCCCACCG,OXT_24,GGGATTCGGTCATGTCCT,7,25,CCCCCCGGGATTCGGTCATGTCCTCCCCCC,7,1,OXT_24,False,conv
GGGGTATGGCGTCCTTTG,OXT_15,AGGGTATAACGTCCTTTG,3,16,CCCCCCAGGGTATAACGTCCTTTGCCCCCC,3,1,OXT_15,False,conv
GGGGTACGGCGTCCTAGT,OXT_15,AGGGTATAACGTCCTTTG,7,16,CCCCCCAGGGTATAACGTCCTTTGCCCCCC,7,1,OXT_15,False,conv
GGGGTATAGCGTCCTTTG,OXT_15,AGGGTATAACGTCCTTTG,2,16,CCCCCCAGGGTATAACGTCCTTTGCCCCCC,2,1,OXT_15,False,conv
GGGGTATGGCGTCCTTGT,OXT_15,AGGGTATAACGTCCTTTG,5,16,CCCCCCAGGGTATAACGTCCTTTGCCCCCC,5,1,OXT_15,False,conv
GGGGAACAGACTCAAAGT,OXT_05,GGCGGACAGACTCTAATG,5,5,CCCCCCGGCGGACAGACTCTAATGCCCCCC,5,1,OXT_05,False,conv
GCCGGACAGACTCTAATG,OXT_05,GGCGGACAGACTCTAATG,1,5,CCCCCCGGCGGACAGACTCTAATGCCCCCC,1,1,OXT_05,False,conv
GGGGTACGGCGTCCTCGT,OXT_15,AGGGTATAACGTCCTTTG,7,16,CCCCCCAGGGTATAACGTCCTTTGCCCCCC,7,1,OXT_15,False,conv
GGGTAAGGACACAACAGG,OXT_11,GGGTAAGGGCACAACAGT,2,12,CCCCCCGGGTAAGGGCACAACAGTCCCCCC,2,1,OXT_11,False,conv
AGGAAAGGACGTACTTTG,OXT_15,AGGGTATAACGTCCTTTG,5,16,CCCCCCAGGGTATAACGTCCTTTGCCCCCC,5,1,OXT_15,False,conv
AGGAACTAAAATCCAGTG,OXT_17,AGGAACTACGATCGTGAA,6,18,CCCCCCAGGAACTACGATCGTGAACCCCCC,6,1,OXT_17,False,conv
AAGTAAGGACAGAATACG,OXT_23,AAGTAGGGACAGAATACG,1,24,CCCCCCAAGTAGGGACAGAATACGCCCCCC,1,1,OXT_23,False,conv
GCCGGACCGAATCTAAAG,OXT_05,GGCGGACAGACTCTAATG,4,5,CCCCCCGGCGGACAGACTCTAATGCCCCCC,4,1,OXT_05,False,conv
GGGATTCGGCCATGTCCT,OXT_24,GGGATTCGGTCATGTCCT,1,25,CCCCCCGGGATTCGGTCATGTCCTCCCCCC,1,1,OXT_24,False,conv
GGCATTCGGTCATGTCCT,OXT_24,GGGATTCGGTCATGTCCT,1,25,CCCCCCGGGATTCGGTCATGTCCTCCCCCC,1,1,OXT_24,False,conv
GGGGTACGGACTCATAGT,OXT_05,GGCGGACAGACTCTAATG,7,5,CCCCCCGGCGGACAGACTCTAATGCCCCCC,6,1,OXT_05,False,conv
GGGATTCGGTCATGTCTT,OXT_24,GGGATTCGGTCATGTCCT,1,25,CCCCCCGGGATTCGGTCATGTCCTCCCCCC,1,1,OXT_24,False,conv
AAGTAAGGACAGAATATG,OXT_23,AAGTAGGGACAGAATACG,2,24,CCCCCCAAGTAGGGACAGAATACGCCCCCC,2,1,OXT_23,False,conv
GGGGGACAGAACATCAGG,OXT_05,GGCGGACAGACTCTAATG,6,5,CCCCCCGGCGGACAGACTCTAATGCCCCCC,6,1,OXT_05,False,conv
AGGAGAGAACGTACATTG,OXT_15,AGGGTATAACGTCCTTTG,5,16,CCCCCCAGGGTATAACGTCCTTTGCCCCCC,5,1,OXT_15,False,conv
AGGGTAGAACGTACTTTG,OXT_15,AGGGTATAACGTCCTTTG,2,16,CCCCCCAGGGTATAACGTCCTTTGCCCCCC,2,1,OXT_15,False,conv
GGGTAAGGGCGCAACAGT,OXT_11,GGGTAAGGGCACAACAGT,1,12,CCCCCCGGGTAAGGGCACAACAGTCCCCCC,1,1,OXT_11,False,conv
GGGGTACGGCGTCATAGT,OXT_11,GGGTAAGGGCACAACAGT,7,12,CCCCCCGGGTAAGGGCACAACAGTCCCCCC,7,1,OXT_11,False,conv
AGCATCGGAACAGGTTTT,OXT_25,TGCATCGCAACAGCAGTT,5,26,CCCCCCTGCATCGCAACAGCAGTTCCCCCC,5,1,OXT_25,False,conv
GGGTAAGGGCAGAACAGT,OXT_11,GGGTAAGGGCACAACAGT,1,12,CCCCCCGGGTAAGGGCACAACAGTCCCCCC,1,1,OXT_11,False,conv
AGCATCGAAACACCTGTT,OXT_25,TGCATCGCAACAGCAGTT,4,26,CCCCCCTGCATCGCAACAGCAGTTCCCCCC,4,1,OXT_25,False,conv
GGGGTACGGCGACGTTTT,OXT_15,AGGGTATAACGTCCTTTG,7,16,CCCCCCAGGGTATAACGTCCTTTGCCCCCC,7,2,OXT_15;OXT_24,False,conv
GGGGTACGGCCATGTCCT,OXT_24,GGGATTCGGTCATGTCCT,3,25,CCCCCCGGGATTCGGTCATGTCCTCCCCCC,3,1,OXT_24,False,conv
GGGGTACGGACTCAAAGT,OXT_05,GGCGGACAGACTCTAATG,6,5,CCCCCCGGCGGACAGACTCTAATGCCCCCC,6,1,OXT_05,False,conv
GGCATTCGGCCCCCGCCT,OXT_24,GGGATTCGGTCATGTCCT,6,25,CCCCCCGGGATTCGGTCATGTCCTCCCCCC,6,1,OXT_24,False,conv
AAGTAAGGGCAGAACAGT,OXT_11,GGGTAAGGGCACAACAGT,3,12,CCCCCCGGGTAAGGGCACAACAGTCCCCCC,3,1,OXT_11,False,conv
GGGGTATAGCGTCCTTGG,OXT_15,AGGGTATAACGTCCTTTG,3,16,CCCCCCAGGGTATAACGTCCTTTGCCCCCC,3,1,OXT_15,False,conv
AAGTAAGGACAGAATAGG,OXT_23,AAGTAGGGACAGAATACG,2,24,CCCCCCAAGTAGGGACAGAATACGCCCCCC,2,1,OXT_23,False,conv
ACGGGACCGAAGATAGAG,OXT_22,ACGGGACCGCAGATCGAG,2,23,CCCCCCACGGGACCGCAGATCGAGCCCCCC,2,1,OXT_22,False,conv
AGGATCTAAAGTCGTGTG,OXT_15,AGGGTATAACGTCCTTTG,5,16,CCCCCCAGGGTATAACGTCCTTTGCCCCCC,5,1,OXT_15,False,conv
AGGATCTAAAGTCGTGTA,OXT_17,AGGAACTACGATCGTGAA,5,18,CCCCCCAGGAACTACGATCGTGAACCCCCC,5,1,OXT_17,False,conv
GGGGTATGGCGTCCTAGT,OXT_15,AGGGTATAACGTCCTTTG,6,16,CCCCCCAGGGTATAACGTCCTTTGCCCCCC,6,1,OXT_15,False,conv
ATGAACGTAACGACAATG,OXT_14,TTGAGCGTAACGACAGTG,3,15,CCCCCCTTGAGCGTAACGACAGTGCCCCCC,3,1,OXT_14,False,conv
ATGAGCGTAACGACAATG,OXT_14,TTGAGCGTAACGACAGTG,2,15,CCCCCCTTGAGCGTAACGACAGTGCCCCCC,2,1,OXT_14,False,conv
GGGGTAGGGCGTCCCAGT,OXT_11,GGGTAAGGGCACAACAGT,6,12,CCCCCCGGGTAAGGGCACAACAGTCCCCCC,6,1,OXT_11,False,conv
AGGGAAGGACGTACTATG,OXT_15,AGGGTATAACGTCCTTTG,5,16,CCCCCCAGGGTATAACGTCCTTTGCCCCCC,5,1,OXT_15,False,conv
GGGGGACAGACTCTAAGG,OXT_05,GGCGGACAGACTCTAATG,2,5,CCCCCCGGCGGACAGACTCTAATGCCCCCC,2,1,OXT_05,False,conv
ATGAACGTAAAGACAATG,OXT_14,TTGAGCGTAACGACAGTG,4,15,CCCCCCTTGAGCGTAACGACAGTGCCCCCC,4,1,OXT_14,False,conv
AGGAGCGTACCTACATTG,OXT_14,TTGAGCGTAACGACAGTG,5,15,CCCCCCTTGAGCGTAACGACAGTGCCCCCC,5,1,OXT_14,False,conv
AGGAGCGTAACTACAGTG,OXT_14,TTGAGCGTAACGACAGTG,3,15,CCCCCCTTGAGCGTAACGACAGTGCCCCCC,3,1,OXT_14,False,conv
GGGTAAGGGAACAACAGT,OXT_11,GGGTAAGGGCACAACAGT,1,12,CCCCCCGGGTAAGGGCACAACAGTCCCCCC,1,1,OXT_11,False,conv
AGGATCTAACGTCCTTTG,OXT_15,AGGGTATAACGTCCTTTG,2,16,CCCCCCAGGGTATAACGTCCTTTGCCCCCC,2,1,OXT_15,False,conv
AGGGTCTAACGTCCTTTG,OXT_15,AGGGTATAACGTCCTTTG,1,16,CCCCCCAGGGTATAACGTCCTTTGCCCCCC,1,1,OXT_15,False,conv
GGCGGACAGACCCTACCG,OXT_05,GGCGGACAGACTCTAATG,3,5,CCCCCCGGCGGACAGACTCTAATGCCCCCC,3,1,OXT_05,False,conv
GGCGGACAGCCCCCACCG,OXT_05,GGCGGACAGACTCTAATG,5,5,CCCCCCGGCGGACAGACTCTAATGCCCCCC,5,1,OXT_05,False,conv
AGGTAAGGACACACCATG,OXT_11,GGGTAAGGGCACAACAGT,5,12,CCCCCCGGGTAAGGGCACAACAGTCCCCCC,5,1,OXT_11,False,conv
ACGGGACCGCAGATCAAG,OXT_22,ACGGGACCGCAGATCGAG,1,23,CCCCCCACGGGACCGCAGATCGAGCCCCCC,1,1,OXT_22,False,conv
GGGGGACAGAATATAATG,OXT_05,GGCGGACAGACTCTAATG,3,5,CCCCCCGGCGGACAGACTCTAATGCCCCCC,3,1,OXT_05,False,conv
AGGAACTAAGGTCGTGTG,OXT_17,AGGAACTACGATCGTGAA,4,18,CCCCCCAGGAACTACGATCGTGAACCCCCC,4,1,OXT_17,False,conv
AGGAACTACGATCGAGAA,OXT_17,AGGAACTACGATCGTGAA,1,18,CCCCCCAGGAACTACGATCGTGAACCCCCC,1,1,OXT_17,False,conv
AAGTAAGGGCAGAACAGG,OXT_11,GGGTAAGGGCACAACAGT,4,12,CCCCCCGGGTAAGGGCACAACAGTCCCCCC,4,2,OXT_11;OXT_23,False,conv
GGGGTATGGCGTCCCAGT,OXT_11,GGGTAAGGGCACAACAGT,7,12,CCCCCCGGGTAAGGGCACAACAGTCCCCCC,7,2,OXT_11;OXT_15,False,conv
GGCATACGGCCCCCACCG,OXT_05,GGCGGACAGACTCTAATG,8,5,CCCCCCGGCGGACAGACTCTAATGCCCCCC,8,2,OXT_05;OXT_24,False,conv
AGCATCGGAACATGTTTT,OXT_25,TGCATCGCAACAGCAGTT,6,26,CCCCCCTGCATCGCAACAGCAGTTCCCCCC,6,1,OXT_25,False,conv
GGGATTCGATCATGTTTT,OXT_24,GGGATTCGGTCATGTCCT,3,25,CCCCCCGGGATTCGGTCATGTCCTCCCCCC,3,1,OXT_24,False,conv
ATGAGCGTACCGACATTG,OXT_14,TTGAGCGTAACGACAGTG,3,15,CCCCCCTTGAGCGTAACGACAGTGCCCCCC,3,1,OXT_14,False,conv
GGGGTACGGCCCCCACCG,OXT_05,GGCGGACAGACTCTAATG,8,5,CCCCCCGGCGGACAGACTCTAATGCCCCCC,8,2,OXT_05;OXT_24,False,conv
AGGTAAGGACAGACAATG,OXT_23,AAGTAGGGACAGAATACG,5,24,CCCCCCAAGTAGGGACAGAATACGCCCCCC,5,1,OXT_23,False,conv
GGGGGACAGACCCTAACG,OXT_05,GGCGGACAGACTCTAATG,3,5,CCCCCCGGCGGACAGACTCTAATGCCCCCC,3,1,OXT_05,False,conv
AGCATCGCAACAGCAGTT,OXT_25,TGCATCGCAACAGCAGTT,1,26,CCCCCCTGCATCGCAACAGCAGTTCCCCCC,1,1,OXT_25,False,conv
GGGTAAGGGCGTCACAGT,OXT_11,GGGTAAGGGCACAACAGT,3,12,CCCCCCGGGTAAGGGCACAACAGTCCCCCC,3,1,OXT_11,False,conv
GGGGGACCGCACATCAGG,OXT_22,ACGGGACCGCAGATCGAG,5,23,CCCCCCACGGGACCGCAGATCGAGCCCCCC,5,1,OXT_22,False,conv
AAGTAAGGACAGACAATG,OXT_23,AAGTAGGGACAGAATACG,4,24,CCCCCCAAGTAGGGACAGAATACGCCCCCC,4,1,OXT_23,False,conv
ATGAGCGTAACTACAGTG,OXT_14,TTGAGCGTAACGACAGTG,2,15,CCCCCCTTGAGCGTAACGACAGTGCCCCCC,2,1,OXT_14,False,conv
GGGTGACAGAACAACAGT,OXT_11,GGGTAAGGGCACAACAGT,4,12,CCCCCCGGGTAAGGGCACAACAGTCCCCCC,4,1,OXT_11,False,conv
GGGGGACCGAATCTAAAG,OXT_05,GGCGGACAGACTCTAATG,4,5,CCCCCCGGCGGACAGACTCTAATGCCCCCC,4,1,OXT_05,False,conv
GGGATTCGGCCATGTCTT,OXT_24,GGGATTCGGTCATGTCCT,2,25,CCCCCCGGGATTCGGTCATGTCCTCCCCCC,2,1,OXT_24,False,conv
AGGAAAGTACGTACATTG,OXT_15,AGGGTATAACGTCCTTTG,6,16,CCCCCCAGGGTATAACGTCCTTTGCCCCCC,6,1,OXT_15,False,conv
AGGATCTAAAGTCGTGTT,OXT_15,AGGGTATAACGTCCTTTG,6,16,CCCCCCAGGGTATAACGTCCTTTGCCCCCC,6,2,OXT_15;OXT_17,False,conv
AGGTAAGGACACAATATG,OXT_23,AAGTAGGGACAGAATACG,4,24,CCCCCCAAGTAGGGACAGAATACGCCCCCC,4,1,OXT_23,False,conv
AGGAACTAAAGTCCAGTG,OXT_15,AGGGTATAACGTCCTTTG,6,16,CCCCCCAGGGTATAACGTCCTTTGCCCCCC,6,1,OXT_15,False,conv
GGGATTCGGCCCCCTCCT,OXT_24,GGGATTCGGTCATGTCCT,4,25,CCCCCCGGGATTCGGTCATGTCCTCCCCCC,4,1,OXT_24,False,conv
GGGGTACGGCCTTGTCCT,OXT_24,GGGATTCGGTCATGTCCT,4,25,CCCCCCGGGATTCGGTCATGTCCTCCCCCC,4,1,OXT_24,False,conv
TGCATCGCAACAGCACTT,OXT_25,TGCATCGCAACAGCAGTT,1,26,CCCCCCTGCATCGCAACAGCAGTTCCCCCC,1,1,OXT_25,False,conv
GGGTAAGGGCGCCACAGT,OXT_11,GGGTAAGGGCACAACAGT,2,12,CCCCCCGGGTAAGGGCACAACAGTCCCCCC,2,1,OXT_11,False,conv
AGGAAAGTACGTACAATG,OXT_15,AGGGTATAACGTCCTTTG,7,16,CCCCCCAGGGTATAACGTCCTTTGCCCCCC,7,1,OXT_15,False,conv
GGGGGACAGAATCTAATG,OXT_05,GGCGGACAGACTCTAATG,2,5,CCCCCCGGCGGACAGACTCTAATGCCCCCC,2,1,OXT_05,False,conv
AGCATCGAAAATCGAGTA,OXT_17,AGGAACTACGATCGTGAA,7,18,CCCCCCAGGAACTACGATCGTGAACCCCCC,7,2,OXT_17;OXT_25,False,conv
AAGTAGGGACAGAAAATG,OXT_23,AAGTAGGGACAGAATACG,2,24,CCCCCCAAGTAGGGACAGAATACGCCCCCC,2,1,OXT_23,False,conv
GGGGTAGGGCGTACCAGG,OXT_11,GGGTAAGGGCACAACAGT,6,12,CCCCCCGGGTAAGGGCACAACAGTCCCCCC,6,1,OXT_11,False,conv
AGGATCGAAACACGTTTT,OXT_25,TGCATCGCAACAGCAGTT,7,26,CCCCCCTGCATCGCAACAGCAGTTCCCCCC,7,1,OXT_25,False,conv
TGCATCGGAACAGGACTT,OXT_25,TGCATCGCAACAGCAGTT,3,26,CCCCCCTGCATCGCAACAGCAGTTCCCCCC,3,1,OXT_25,False,conv
AGGAACTAAAATCGAGAA,OXT_17,AGGAACTACGATCGTGAA,3,18,CCCCCCAGGAACTACGATCGTGAACCCCCC,3,1,OXT_17,False,conv
GGCATTCGCCCATCGCCT,OXT_24,GGGATTCGGTCATGTCCT,5,25,CCCCCCGGGATTCGGTCATGTCCTCCCCCC,5,1,OXT_24,False,conv
GGGTTAGGGCGCCACAGT,OXT_11,GGGTAAGGGCACAACAGT,3,12,CCCCCCGGGTAAGGGCACAACAGTCCCCCC,3,1,OXT_11,False,conv
ACGGGACCGAAGATCGAG,OXT_22,ACGGGACCGCAGATCGAG,1,23,CCCCCCACGGGACCGCAGATCGAGCCCCCC,1,1,OXT_22,False,conv
AGGTGACCGCAGAACAGG,OXT_22,ACGGGACCGCAGATCGAG,5,23,CCCCCCACGGGACCGCAGATCGAGCCCCCC,5,1,OXT_22,False,conv
AGGAACTACGATCGTGTA,OXT_17,AGGAACTACGATCGTGAA,1,18,CCCCCCAGGAACTACGATCGTGAACCCCCC,1,1,OXT_17,False,conv
AGCAACTACGATCGTGAA,OXT_17,AGGAACTACGATCGTGAA,1,18,CCCCCCAGGAACTACGATCGTGAACCCCCC,1,1,OXT_17,False,conv
AAGTGAGCGCAGAACAAG,OXT_22,ACGGGACCGCAGATCGAG,5,23,CCCCCCACGGGACCGCAGATCGAGCCCCCC,5,1,OXT_22,False,conv
AGGAAAGGACAGACAATG,OXT_23,AAGTAGGGACAGAATACG,6,24,CCCCCCAAGTAGGGACAGAATACGCCCCCC,6,1,OXT_23,False,conv
GGGGGACAGACCCCAACG,OXT_05,GGCGGACAGACTCTAATG,4,5,CCCCCCGGCGGACAGACTCTAATGCCCCCC,4,1,OXT_05,False,conv
AGGTAAGGACACACTATG,OXT_23,AAGTAGGGACAGAATACG,5,24,CCCCCCAAGTAGGGACAGAATACGCCCCCC,5,1,OXT_23,False,conv
GGCATTCGGCCCTCGCCT,OXT_24,GGGATTCGGTCATGTCCT,5,25,CCCCCCGGGATTCGGTCATGTCCTCCCCCC,5,1,OXT_24,False,conv
GGCGGACAGACTCTAACG,OXT_05,GGCGGACAGACTCTAATG,1,5,CCCCCCGGCGGACAGACTCTAATGCCCCCC,1,1,OXT_05,False,conv
GGGTAAGGGCGCACCAGT,OXT_11,GGGTAAGGGCACAACAGT,2,12,CCCCCCGGGTAAGGGCACAACAGTCCCCCC,2,1,OXT_11,False,conv
ATGAACGTACCGACAATG,OXT_14,TTGAGCGTAACGACAGTG,4,15,CCCCCCTTGAGCGTAACGACAGTGCCCCCC,4,1,OXT_14,False,conv
GGGGTACGGCGACGTCCT,OXT_24,GGGATTCGGTCATGTCCT,5,25,CCCCCCGGGATTCGGTCATGTCCTCCCCCC,5,1,OXT_24,False,conv
AGGATCTAAGGTCGTGTA,OXT_17,AGGAACTACGATCGTGAA,4,18,CCCCCCAGGAACTACGATCGTGAACCCCCC,4,1,OXT_17,False,conv
ACGGGACCGAAGATCAAG,OXT_22,ACGGGACCGCAGATCGAG,2,23,CCCCCCACGGGACCGCAGATCGAGCCCCCC,2,1,OXT_22,False,conv
AAGTAGGGACAGAAAACG,OXT_23,AAGTAGGGACAGAATACG,1,24,CCCCCCAAGTAGGGACAGAATACGCCCCCC,1,1,OXT_23,False,conv
AGCATCGAAACACGTTTT,OXT_25,TGCATCGCAACAGCAGTT,6,26,CCCCCCTGCATCGCAACAGCAGTTCCCCCC,6,1,OXT_25,False,conv
GGGGTACGGCGTCACAGT,OXT_11,GGGTAAGGGCACAACAGT,6,12,CCCCCCGGGTAAGGGCACAACAGTCCCCCC,6,1,OXT_11,False,conv
AGGAAAGTACCGACAATG,OXT_14,TTGAGCGTAACGACAGTG,6,15,CCCCCCTTGAGCGTAACGACAGTGCCCCCC,6,1,OXT_14,False,conv
AGGGTAGGACGTACTATG,OXT_15,AGGGTATAACGTCCTTTG,4,16,CCCCCCAGGGTATAACGTCCTTTGCCCCCC,4,1,OXT_15,False,conv
AGGATCGGACCACGTTTT,OXT_15,AGGGTATAACGTCCTTTG,8,16,CCCCCCAGGGTATAACGTCCTTTGCCCCCC,8,3,OXT_15;OXT_24;OXT_25,False,conv
GGGGTACGGCCCCCTCCT,OXT_24,GGGATTCGGTCATGTCCT,6,25,CCCCCCGGGATTCGGTCATGTCCTCCCCCC,6,1,OXT_24,False,conv
AGGAACTAACGTCCTGTG,OXT_15,AGGGTATAACGTCCTTTG,4,16,CCCCCCAGGGTATAACGTCCTTTGCCCCCC,4,1,OXT_15,False,conv
GGGATACGGCCCCCTCCT,OXT_24,GGGATTCGGTCATGTCCT,5,25,CCCCCCGGGATTCGGTCATGTCCTCCCCCC,5,1,OXT_24,False,conv
AGGGAAGGACGCACTATG,OXT_15,AGGGTATAACGTCCTTTG,6,16,CCCCCCAGGGTATAACGTCCTTTGCCCCCC,6,1,OXT_15,False,conv
TTGAACGTAACGACAATG,OXT_14,TTGAGCGTAACGACAGTG,2,15,CCCCCCTTGAGCGTAACGACAGTGCCCCCC,2,1,OXT_14,False,conv
GGCGGACAGACCCTAACG,OXT_05,GGCGGACAGACTCTAATG,2,5,CCCCCCGGCGGACAGACTCTAATGCCCCCC,2,1,OXT_05,False,conv
AGGAAAGAACGTACTTTG,OXT_15,AGGGTATAACGTCCTTTG,4,16,CCCCCCAGGGTATAACGTCCTTTGCCCCCC,4,1,OXT_15,False,conv
ACGGGACCGCAGAACAAG,OXT_22,ACGGGACCGCAGATCGAG,2,23,CCCCCCACGGGACCGCAGATCGAGCCCCCC,2,1,OXT_22,False,conv
AAGTAAGGACAGAACAGG,OXT_23,AAGTAGGGACAGAATACG,3,24,CCCCCCAAGTAGGGACAGAATACGCCCCCC,3,1,OXT_23,False,conv
GGGGTATGGCGTCCCAGG,OXT_15,AGGGTATAACGTCCTTTG,6,16,CCCCCCAGGGTATAACGTCCTTTGCCCCCC,6,1,OXT_15,False,conv
GGGATACGGTCCCCTCCT,OXT_24,GGGATTCGGTCATGTCCT,4,25,CCCCCCGGGATTCGGTCATGTCCTCCCCCC,4,1,OXT_24,False,conv
GGGATTCGGTCACGTCCT,OXT_24,GGGATTCGGTCATGTCCT,1,25,CCCCCCGGGATTCGGTCATGTCCTCCCCCC,1,1,OXT_24,False,conv
AGGATCGGAACACGTTTT,OXT_25,TGCATCGCAACAGCAGTT,7,26,CCCCCCTGCATCGCAACAGCAGTTCCCCCC,7,1,OXT_25,False,conv
AGGATCTAAAGTCGTTTT,OXT_15,AGGGTATAACGTCCTTTG,5,16,CCCCCCAGGGTATAACGTCCTTTGCCCCCC,5,1,OXT_15,False,conv
GGGGTACAGACCCCAAGT,OXT_05,GGCGGACAGACTCTAATG,6,5,CCCCCCGGCGGACAGACTCTAATGCCCCCC,6,1,OXT_05,False,conv
GGGGTACGGCCCCCTACT,OXT_24,GGGATTCGGTCATGTCCT,7,25,CCCCCCGGGATTCGGTCATGTCCTCCCCCC,7,1,OXT_24,False,conv
GGGGTAGGGCGCACCAGT,OXT_11,GGGTAAGGGCACAACAGT,4,12,CCCCCCGGGTAAGGGCACAACAGTCCCCCC,4,1,OXT_11,False,conv
GGGGTATAGCGTCCTAGG,OXT_15,AGGGTATAACGTCCTTTG,4,16,CCCCCCAGGGTATAACGTCCTTTGCCCCCC,4,1,OXT_15,False,conv
ATGAGCGTAACGACAGTG,OXT_14,TTGAGCGTAACGACAGTG,1,15,CCCCCCTTGAGCGTAACGACAGTGCCCCCC,1,1,OXT_14,False,conv
GGGGTACGGCGTCGTCCT,OXT_24,GGGATTCGGTCATGTCCT,6,25,CCCCCCGGGATTCGGTCATGTCCTCCCCCC,5,1,OXT_24,False,conv
GGCATTCGATCATGTCTT,OXT_24,GGGATTCGGTCATGTCCT,3,25,CCCCCCGGGATTCGGTCATGTCCTCCCCCC,3,1,OXT_24,False,conv
GGGGTACGGACCCCTCCT,OXT_24,GGGATTCGGTCATGTCCT,6,25,CCCCCCGGGATTCGGTCATGTCCTCCCCCC,6,1,OXT_24,False,conv
GGCATTCGGCCATCTCCT,OXT_24,GGGATTCGGTCATGTCCT,3,25,CCCCCCGGGATTCGGTCATGTCCTCCCCCC,3,1,OXT_24,False,conv
GGGGTACGGCGATGTCTT,OXT_24,GGGATTCGGTCATGTCCT,5,25,CCCCCCGGGATTCGGTCATGTCCTCCCCCC,5,1,OXT_24,False,conv
AAGTAAGCGCAGAACAAG,OXT_23,AAGTAGGGACAGAATACG,5,24,CCCCCCAAGTAGGGACAGAATACGCCCCCC,5,1,OXT_23,False,conv
AAGTAAGGACAGAACAGT,OXT_11,GGGTAAGGGCACAACAGT,4,12,CCCCCCGGGTAAGGGCACAACAGTCCCCCC,4,2,OXT_11;OXT_23,False,conv
GGGATACGGCCCCCACCT,OXT_24,GGGATTCGGTCATGTCCT,6,25,CCCCCCGGGATTCGGTCATGTCCTCCCCCC,6,1,OXT_24,False,conv
GGGGTACGGCCCCCTAGT,OXT_11,GGGTAAGGGCACAACAGT,7,12,CCCCCCGGGTAAGGGCACAACAGTCCCCCC,7,1,OXT_11,False,conv
GGCGGACAGACCCCAACG,OXT_05,GGCGGACAGACTCTAATG,3,5,CCCCCCGGCGGACAGACTCTAATGCCCCCC,3,1,OXT_05,False,conv
AGGTAAGGGCAGAACAGT,OXT_11,GGGTAAGGGCACAACAGT,2,12,CCCCCCGGGTAAGGGCACAACAGTCCCCCC,2,1,OXT_11,False,conv
GGCCGACAGCCCCCACCG,OXT_05,GGCGGACAGACTCTAATG,6,5,CCCCCCGGCGGACAGACTCTAATGCCCCCC,6,1,OXT_05,False,conv
GGGGTATGGCGTCACAGT,OXT_11,GGGTAAGGGCACAACAGT,6,12,CCCCCCGGGTAAGGGCACAACAGTCCCCCC,6,1,OXT_11,False,conv
AGGAGAGTACGTACATTG,OXT_15,AGGGTATAACGTCCTTTG,6,16,CCCCCCAGGGTATAACGTCCTTTGCCCCCC,6,1,OXT_15,False,conv
AGGTAAGGACAGAATATG,OXT_23,AAGTAGGGACAGAATACG,3,24,CCCCCCAAGTAGGGACAGAATACGCCCCCC,3,1,OXT_23,False,conv
AGGAACTAACGTCCTTTG,OXT_15,AGGGTATAACGTCCTTTG,3,16,CCCCCCAGGGTATAACGTCCTTTGCCCCCC,3,1,OXT_15,False,conv
GGGGGACCGCAGATCAAG,OXT_22,ACGGGACCGCAGATCGAG,3,23,CCCCCCACGGGACCGCAGATCGAGCCCCCC,3,1,OXT_22,False,conv
GGGGAACGGCCTCACAGT,OXT_11,GGGTAAGGGCACAACAGT,5,12,CCCCCCGGGTAAGGGCACAACAGTCCCCCC,5,1,OXT_11,False,conv
GGGGTACGGACCCCACCG,OXT_05,GGCGGACAGACTCTAATG,7,5,CCCCCCGGCGGACAGACTCTAATGCCCCCC,7,1,OXT_05,False,conv
AAGAACGTACAGAAAATG,OXT_23,AAGTAGGGACAGAATACG,5,24,CCCCCCAAGTAGGGACAGAATACGCCCCCC,5,1,OXT_23,False,conv
GGGATTCGGTCCCGTCCT,OXT_24,GGGATTCGGTCATGTCCT,2,25,CCCCCCGGGATTCGGTCATGTCCTCCCCCC,2,1,OXT_24,False,conv
GGGGTATGACGACGTTTT,OXT_15,AGGGTATAACGTCCTTTG,5,16,CCCCCCAGGGTATAACGTCCTTTGCCCCCC,5,1,OXT_15,False,conv
ACGGGACCGAAGATAAAG,OXT_22,ACGGGACCGCAGATCGAG,3,23,CCCCCCACGGGACCGCAGATCGAGCCCCCC,3,1,OXT_22,False,conv
GGGGTACGGACCCCTACT,OXT_24,GGGATTCGGTCATGTCCT,7,25,CCCCCCGGGATTCGGTCATGTCCTCCCCCC,7,1,OXT_24,False,conv
GGGGTACAGACTCTAAGG,OXT_05,GGCGGACAGACTCTAATG,3,5,CCCCCCGGCGGACAGACTCTAATGCCCCCC,3,1,OXT_05,False,conv
GGGTAAGGACACAACAGT,OXT_11,GGGTAAGGGCACAACAGT,1,12,CCCCCCGGGTAAGGGCACAACAGTCCCCCC,1,1,OXT_11,False,conv
TTGAGCGTAACGACAATG,OXT_14,TTGAGCGTAACGACAGTG,1,15,CCCCCCTTGAGCGTAACGACAGTGCCCCCC,1,1,OXT_14,False,conv
GCCATTCGGCCATCTCCT,OXT_24,GGGATTCGGTCATGTCCT,4,25,CCCCCCGGGATTCGGTCATGTCCTCCCCCC,4,1,OXT_24,False,conv
AGCATCGGAACACGTTTT,OXT_25,TGCATCGCAACAGCAGTT,6,26,CCCCCCTGCATCGCAACAGCAGTTCCCCCC,6,1,OXT_25,False,conv
AGGATCTAACGTCCTTTT,OXT_15,AGGGTATAACGTCCTTTG,3,16,CCCCCCAGGGTATAACGTCCTTTGCCCCCC,3,1,OXT_15,False,conv
GGGATACGGCCATGTTTT,OXT_24,GGGATTCGGTCATGTCCT,4,25,CCCCCCGGGATTCGGTCATGTCCTCCCCCC,4,1,OXT_24,False,conv
GGGGTAGGACGTACCATG,OXT_15,AGGGTATAACGTCCTTTG,6,16,CCCCCCAGGGTATAACGTCCTTTGCCCCCC,6,1,OXT_15,False,conv
GGGTAACAGACTCACAGT,OXT_11,GGGTAAGGGCACAACAGT,6,12,CCCCCCGGGTAAGGGCACAACAGTCCCCCC,5,1,OXT_11,False,conv
GGGGGACGGCACATCAGT,OXT_11,GGGTAAGGGCACAACAGT,4,12,CCCCCCGGGTAAGGGCACAACAGTCCCCCC,4,1,OXT_11,False,conv
GGGTAACAGAACCACAGT,OXT_11,GGGTAAGGGCACAACAGT,4,12,CCCCCCGGGTAAGGGCACAACAGTCCCCCC,4,1,OXT_11,False,conv
ACGTGAGCGCAGAACAAG,OXT_22,ACGGGACCGCAGATCGAG,4,23,CCCCCCACGGGACCGCAGATCGAGCCCCCC,4,1,OXT_22,False,conv
GGGATTCGACCATGTTTT,OXT_24,GGGATTCGGTCATGTCCT,4,25,CCCCCCGGGATTCGGTCATGTCCTCCCCCC,4,1,OXT_24,False,conv
GGCCGACAGACCCTACCG,OXT_05,GGCGGACAGACTCTAATG,4,5,CCCCCCGGCGGACAGACTCTAATGCCCCCC,4,1,OXT_05,False,conv
AGGAGCGAAACTCCAGTG,OXT_14,TTGAGCGTAACGACAGTG,5,15,CCCCCCTTGAGCGTAACGACAGTGCCCCCC,5,1,OXT_14,False,conv
GGGTAAGGGAACCACAGT,OXT_11,GGGTAAGGGCACAACAGT,2,12,CCCCCCGGGTAAGGGCACAACAGTCCCCCC,2,1,OXT_11,False,conv
AGGATCTAACGTCGTGTG,OXT_15,AGGGTATAACGTCCTTTG,4,16,CCCCCCAGGGTATAACGTCCTTTGCCCCCC,4,1,OXT_15,False,conv
AGGATTCGACCATGTTTT,OXT_24,GGGATTCGGTCATGTCCT,5,25,CCCCCCGGGATTCGGTCATGTCCTCCCCCC,5,1,OXT_24,False,conv
GGGGTACGGACCCCACCT,OXT_24,GGGATTCGGTCATGTCCT,7,25,CCCCCCGGGATTCGGTCATGTCCTCCCCCC,7,1,OXT_24,False,conv
GGCCTACGGCCCCCGCCG,OXT_29,CCCCCCCCCCCCCCGCCC,7,30,CCCCCCCCCCCCCCCCCCCCGCCCCCCCCC,7,1,OXT_29,True,conv
GGGGTACGGCCTCGTCCT,OXT_24,GGGATTCGGTCATGTCCT,5,25,CCCCCCGGGATTCGGTCATGTCCTCCCCCC,5,1,OXT_24,False,conv
GGGTAAGGGCACCACAGT,OXT_11,GGGTAAGGGCACAACAGT,1,12,CCCCCCGGGTAAGGGCACAACAGTCCCCCC,1,1,OXT_11,False,conv
AGGAGCGAAACTACAGTG,OXT_14,TTGAGCGTAACGACAGTG,4,15,CCCCCCTTGAGCGTAACGACAGTGCCCCCC,4,1,OXT_14,False,conv
AAGTAGGGACAGAACACG,OXT_23,AAGTAGGGACAGAATACG,1,24,CCCCCCAAGTAGGGACAGAATACGCCCCCC,1,1,OXT_23,False,conv
AGGAAATAACGTCCTTTG,OXT_15,AGGGTATAACGTCCTTTG,2,16,CCCCCCAGGGTATAACGTCCTTTGCCCCCC,2,1,OXT_15,False,conv
GGCCTCCGCCCCCCGCCC,OXT_29,CCCCCCCCCCCCCCGCCC,4,30,CCCCCCCCCCCCCCCCCCCCGCCCCCCCCC,4,1,OXT_29,True,conv
ACGTGACCGCAGAACAAG,OXT_22,ACGGGACCGCAGATCGAG,3,23,CCCCCCACGGGACCGCAGATCGAGCCCCCC,3,1,OXT_22,False,conv
AGGTAAGGACACACAATG,OXT_11,GGGTAAGGGCACAACAGT,6,12,CCCCCCGGGTAAGGGCACAACAGTCCCCCC,5,2,OXT_11;OXT_23,False,conv
TGCATCGGAACAGGAGTT,OXT_25,TGCATCGCAACAGCAGTT,2,26,CCCCCCTGCATCGCAACAGCAGTTCCCCCC,2,1,OXT_25,False,conv
GGGATTCGGCCCTCTCCT,OXT_24,GGGATTCGGTCATGTCCT,3,25,CCCCCCGGGATTCGGTCATGTCCTCCCCCC,3,1,OXT_24,False,conv
AGGAACTAAGATCGTGTG,OXT_17,AGGAACTACGATCGTGAA,3,18,CCCCCCAGGAACTACGATCGTGAACCCCCC,3,1,OXT_17,False,conv
AGCATCGAAACACGTGTT,OXT_25,TGCATCGCAACAGCAGTT,5,26,CCCCCCTGCATCGCAACAGCAGTTCCCCCC,5,1,OXT_25,False,conv
GGGGTATAGCGTCCTTGT,OXT_15,AGGGTATAACGTCCTTTG,4,16,CCCCCCAGGGTATAACGTCCTTTGCCCCCC,4,1,OXT_15,False,conv
GGGGTAGGACGTACTATG,OXT_15,AGGGTATAACGTCCTTTG,5,16,CCCCCCAGGGTATAACGTCCTTTGCCCCCC,5,1,OXT_15,False,conv
GGGGGACAGAACATCAGT,OXT_11,GGGTAAGGGCACAACAGT,6,12,CCCCCCGGGTAAGGGCACAACAGTCCCCCC,6,1,OXT_11,False,conv
AGGAGCGTACGTACATTG,OXT_14,TTGAGCGTAACGACAGTG,6,15,CCCCCCTTGAGCGTAACGACAGTGCCCCCC,5,1,OXT_14,False,conv
AGGTAAGGACAGAACAGG,OXT_11,GGGTAAGGGCACAACAGT,4,12,CCCCCCGGGTAAGGGCACAACAGTCCCCCC,4,2,OXT_11;OXT_23,False,conv
AGCATCGCAACAGCTGTT,OXT_25,TGCATCGCAACAGCAGTT,2,26,CCCCCCTGCATCGCAACAGCAGTTCCCCCC,2,1,OXT_25,False,conv
GGGGTACGGCCTTGTCGT,OXT_24,GGGATTCGGTCATGTCCT,5,25,CCCCCCGGGATTCGGTCATGTCCTCCCCCC,5,1,OXT_24,False,conv
AGGAACTAACGTCCATTG,OXT_15,AGGGTATAACGTCCTTTG,4,16,CCCCCCAGGGTATAACGTCCTTTGCCCCCC,4,1,OXT_15,False,conv
AGGAGCGAACGTACATTG,OXT_15,AGGGTATAACGTCCTTTG,6,16,CCCCCCAGGGTATAACGTCCTTTGCCCCCC,6,1,OXT_15,False,conv
AAGTAAGGACAGAAAATG,OXT_23,AAGTAGGGACAGAATACG,3,24,CCCCCCAAGTAGGGACAGAATACGCCCCCC,3,1,OXT_23,False,conv
GGGTAAGGGCCCCACAGT,OXT_11,GGGTAAGGGCACAACAGT,2,12,CCCCCCGGGTAAGGGCACAACAGTCCCCCC,2,1,OXT_11,False,conv
AGGAAAGAACGTACATTG,OXT_15,AGGGTATAACGTCCTTTG,5,16,CCCCCCAGGGTATAACGTCCTTTGCCCCCC,5,1,OXT_15,False,conv
AGGTAAGGACGCACTATG,OXT_23,AAGTAGGGACAGAATACG,6,24,CCCCCCAAGTAGGGACAGAATACGCCCCCC,6,1,OXT_23,False,conv
GGGATACGACCACGTTTT,OXT_24,GGGATTCGGTCATGTCCT,6,25,CCCCCCGGGATTCGGTCATGTCCTCCCCCC,6,1,OXT_24,False,conv
AGGGTATAACGTCCTTTT,OXT_15,AGGGTATAACGTCCTTTG,1,16,CCCCCCAGGGTATAACGTCCTTTGCCCCCC,1,1,OXT_15,False,conv
AGGAACTAAAGTCCTGTG,OXT_15,AGGGTATAACGTCCTTTG,5,16,CCCCCCAGGGTATAACGTCCTTTGCCCCCC,5,1,OXT_15,False,conv
GGCGTACAGCCCCCACCG,OXT_05,GGCGGACAGACTCTAATG,6,5,CCCCCCGGCGGACAGACTCTAATGCCCCCC,6,1,OXT_05,False,conv
AGCATCGAAAATCGTGTA,OXT_17,AGGAACTACGATCGTGAA,6,18,CCCCCCAGGAACTACGATCGTGAACCCCCC,6,1,OXT_17,False,conv
GGGTAACAGACTCAAAGT,OXT_05,GGCGGACAGACTCTAATG,6,5,CCCCCCGGCGGACAGACTCTAATGCCCCCC,6,1,OXT_05,False,conv
GGGGGACAGCACATCATG,OXT_05,GGCGGACAGACTCTAATG,6,5,CCCCCCGGCGGACAGACTCTAATGCCCCCC,5,2,OXT_05;OXT_22,False,conv
GGGTTAGGGCGCAACAGT,OXT_11,GGGTAAGGGCACAACAGT,2,12,CCCCCCGGGTAAGGGCACAACAGTCCCCCC,2,1,OXT_11,False,conv
AGGATCTAAGATCGTGTA,OXT_17,AGGAACTACGATCGTGAA,3,18,CCCCCCAGGAACTACGATCGTGAACCCCCC,3,1,OXT_17,False,conv
AGGATCTACGATCGTGAA,OXT_17,AGGAACTACGATCGTGAA,1,18,CCCCCCAGGAACTACGATCGTGAACCCCCC,1,1,OXT_17,False,conv
AAGAACGTAAAGAAAATG,OXT_14,TTGAGCGTAACGACAGTG,6,15,CCCCCCTTGAGCGTAACGACAGTGCCCCCC,6,2,OXT_14;OXT_23,False,conv
AGGAAAGGACACACAATG,OXT_11,GGGTAAGGGCACAACAGT,7,12,CCCCCCGGGTAAGGGCACAACAGTCCCCCC,6,2,OXT_11;OXT_23,False,conv
GGGGGACAGAACCAAAGT,OXT_05,GGCGGACAGACTCTAATG,6,5,CCCCCCGGCGGACAGACTCTAATGCCCCCC,6,1,OXT_05,False,conv
GGGGTATAACGTCCTATG,OXT_15,AGGGTATAACGTCCTTTG,2,16,CCCCCCAGGGTATAACGTCCTTTGCCCCCC,2,1,OXT_15,False,conv
GGGTTAGGGCGCACCAGT,OXT_11,GGGTAAGGGCACAACAGT,3,12,CCCCCCGGGTAAGGGCACAACAGTCCCCCC,3,1,OXT_11,False,conv
TGCATCGGATCAGGACTT,OXT_25,TGCATCGCAACAGCAGTT,4,26,CCCCCCTGCATCGCAACAGCAGTTCCCCCC,4,1,OXT_25,False,conv
AGGAACTAAAATCCTGTG,OXT_17,AGGAACTACGATCGTGAA,5,18,CCCCCCAGGAACTACGATCGTGAACCCCCC,5,1,OXT_17,False,conv
AGGAAAGGACGTACTATG,OXT_15,AGGGTATAACGTCCTTTG,6,16,CCCCCCAGGGTATAACGTCCTTTGCCCCCC,6,1,OXT_15,False,conv
CCCCTCCGCCCCCCGCCC,OXT_29,CCCCCCCCCCCCCCGCCC,2,30,CCCCCCCCCCCCCCCCCCCCGCCCCCCCCC,2,1,OXT_29,True,conv
GGGGTACGGCGTCGTTTT,OXT_15,AGGGTATAACGTCCTTTG,6,16,CCCCCCAGGGTATAACGTCCTTTGCCCCCC,6,1,OXT_15,False,conv
CCCCGCCACCCCCCGCCG,OXT_29,CCCCCCCCCCCCCCGCCC,3,30,CCCCCCCCCCCCCCCCCCCCGCCCCCCCCC,3,1,OXT_29,True,conv
GGGGAAGGACGCACCATG,OXT_11,GGGTAAGGGCACAACAGT,6,12,CCCCCCGGGTAAGGGCACAACAGTCCCCCC,6,1,OXT_11,False,conv
GGCCTTCGGCCCCCGCCT,OXT_24,GGGATTCGGTCATGTCCT,7,25,CCCCCCGGGATTCGGTCATGTCCTCCCCCC,7,2,OXT_24;OXT_29,False,conv
GGGGTTCGGCCATGTCCT,OXT_24,GGGATTCGGTCATGTCCT,2,25,CCCCCCGGGATTCGGTCATGTCCTCCCCCC,2,1,OXT_24,False,conv
TTGAGCGTAACGACAGAG,OXT_14,TTGAGCGTAACGACAGTG,1,15,CCCCCCTTGAGCGTAACGACAGTGCCCCCC,1,1,OXT_14,False,conv
AAGTACGTACAGAAAACG,OXT_23,AAGTAGGGACAGAATACG,3,24,CCCCCCAAGTAGGGACAGAATACGCCCCCC,3,1,OXT_23,False,conv
AGCATCGAAACTCGTGTT,OXT_25,TGCATCGCAACAGCAGTT,6,26,CCCCCCTGCATCGCAACAGCAGTTCCCCCC,6,1,OXT_25,False,conv
GGCCGACAGCCCCCGCCG,OXT_05,GGCGGACAGACTCTAATG,7,5,CCCCCCGGCGGACAGACTCTAATGCCCCCC,7,2,OXT_05;OXT_29,False,conv
ATGAGCGTAACGACATTG,OXT_14,TTGAGCGTAACGACAGTG,2,15,CCCCCCTTGAGCGTAACGACAGTGCCCCCC,2,1,OXT_14,False,conv
GGGTGACGGAACAACAGT,OXT_11,GGGTAAGGGCACAACAGT,3,12,CCCCCCGGGTAAGGGCACAACAGTCCCCCC,3,1,OXT_11,False,conv
GGGGGACAGACTCAAAGT,OXT_05,GGCGGACAGACTCTAATG,4,5,CCCCCCGGCGGACAGACTCTAATGCCCCCC,4,1,OXT_05,False,conv
GGGGTACGGCGTCCTTGT,OXT_15,AGGGTATAACGTCCTTTG,6,16,CCCCCCAGGGTATAACGTCCTTTGCCCCCC,6,1,OXT_15,False,conv
GGCATTCGGTCATGTCTT,OXT_24,GGGATTCGGTCATGTCCT,2,25,CCCCCCGGGATTCGGTCATGTCCTCCCCCC,2,1,OXT_24,False,conv
GGGGGACAGAACATCATG,OXT_05,GGCGGACAGACTCTAATG,5,5,CCCCCCGGCGGACAGACTCTAATGCCCCCC,5,1,OXT_05,False,conv
GGGGGACCGAATATAAAG,OXT_05,GGCGGACAGACTCTAATG,5,5,CCCCCCGGCGGACAGACTCTAATGCCCCCC,5,1,OXT_05,False,conv
AGGTAAGGACAGAATAGG,OXT_23,AAGTAGGGACAGAATACG,3,24,CCCCCCAAGTAGGGACAGAATACGCCCCCC,3,1,OXT_23,False,conv
GGCCTACAGCCCCCGCCG,OXT_29,CCCCCCCCCCCCCCGCCC,7,30,CCCCCCCCCCCCCCCCCCCCGCCCCCCCCC,7,1,OXT_29,True,conv
GGCCTCCGGCCCCCGCCG,OXT_29,CCCCCCCCCCCCCCGCCC,6,30,CCCCCCCCCCCCCCCCCCCCGCCCCCCCCC,6,1,OXT_29,True,conv
GCCATCCGCCCCCCGCCC,OXT_29,CCCCCCCCCCCCCCGCCC,4,30,CCCCCCCCCCCCCCCCCCCCGCCCCCCCCC,4,1,OXT_29,True,conv
AGGATAGAACGTACTTTG,OXT_15,AGGGTATAACGTCCTTTG,3,16,CCCCCCAGGGTATAACGTCCTTTGCCCCCC,3,1,OXT_15,False,conv
AGGATTCGACCACGTTTT,OXT_24,GGGATTCGGTCATGTCCT,6,25,CCCCCCGGGATTCGGTCATGTCCTCCCCCC,6,1,OXT_24,False,conv
GGGATTCGGCCCCGTCCT,OXT_24,GGGATTCGGTCATGTCCT,3,25,CCCCCCGGGATTCGGTCATGTCCTCCCCCC,3,1,OXT_24,False,conv
GGGATTCGACCACGTTTT,OXT_24,GGGATTCGGTCATGTCCT,5,25,CCCCCCGGGATTCGGTCATGTCCTCCCCCC,5,1,OXT_24,False,conv
ATGAGCGTCGAGAGAGAA,OXT_14,TTGAGCGTAACGACAGTG,7,15,CCCCCCTTGAGCGTAACGACAGTGCCCCCC,7,3,OXT_14;OXT_17;OXT_28,False,conv
AGCATCGACGATCGAGAA,OXT_17,AGGAACTACGATCGTGAA,4,18,CCCCCCAGGAACTACGATCGTGAACCCCCC,4,1,OXT_17,False,conv
AGCATCGCAACACCTGTT,OXT_25,TGCATCGCAACAGCAGTT,3,26,CCCCCCTGCATCGCAACAGCAGTTCCCCCC,3,1,OXT_25,False,conv
GGGGAACAGACTCTAAGG,OXT_05,GGCGGACAGACTCTAATG,3,5,CCCCCCGGCGGACAGACTCTAATGCCCCCC,3,1,OXT_05,False,conv
GGCATTCGGCCCCCGCCG,OXT_24,GGGATTCGGTCATGTCCT,7,25,CCCCCCGGGATTCGGTCATGTCCTCCCCCC,7,1,OXT_24,False,conv
GGGGGACCGAAGATCAAG,OXT_22,ACGGGACCGCAGATCGAG,4,23,CCCCCCACGGGACCGCAGATCGAGCCCCCC,4,1,OXT_22,False,conv
GGGGTACGGCGACGTCTT,OXT_24,GGGATTCGGTCATGTCCT,6,25,CCCCCCGGGATTCGGTCATGTCCTCCCCCC,6,1,OXT_24,False,conv
GGGTAACGGACTCACAGT,OXT_11,GGGTAAGGGCACAACAGT,5,12,CCCCCCGGGTAAGGGCACAACAGTCCCCCC,4,1,OXT_11,False,conv
TGCATCGGATCAGCACCT,OXT_25,TGCATCGCAACAGCAGTT,4,26,CCCCCCTGCATCGCAACAGCAGTTCCCCCC,4,1,OXT_25,False,conv
GGGTAACGGCCTCACAGT,OXT_11,GGGTAAGGGCACAACAGT,4,12,CCCCCCGGGTAAGGGCACAACAGTCCCCCC,4,1,OXT_11,False,conv
TGCATCGGATCAGGACCT,OXT_25,TGCATCGCAACAGCAGTT,5,26,CCCCCCTGCATCGCAACAGCAGTTCCCCCC,5,1,OXT_25,False,conv
GGCATTGGAACATGTCTT,OXT_24,GGGATTCGGTCATGTCCT,5,25,CCCCCCGGGATTCGGTCATGTCCTCCCCCC,5,1,OXT_24,False,conv
GGGGTATGACGTCCCATG,OXT_15,AGGGTATAACGTCCTTTG,4,16,CCCCCCAGGGTATAACGTCCTTTGCCCCCC,4,1,OXT_15,False,conv
GGCATTCGACCATCTCCT,OXT_24,GGGATTCGGTCATGTCCT,4,25,CCCCCCGGGATTCGGTCATGTCCTCCCCCC,4,1,OXT_24,False,conv
AAGTAAGGACAGAACACG,OXT_23,AAGTAGGGACAGAATACG,2,24,CCCCCCAAGTAGGGACAGAATACGCCCCCC,2,1,OXT_23,False,conv
GGGGAACAGACTCACAGT,OXT_05,GGCGGACAGACTCTAATG,6,5,CCCCCCGGCGGACAGACTCTAATGCCCCCC,6,1,OXT_05,False,conv
AGGAAAGGACGTACAATG,OXT_15,AGGGTATAACGTCCTTTG,7,16,CCCCCCAGGGTATAACGTCCTTTGCCCCCC,7,1,OXT_15,False,conv
AGGGAAGAACGTACTTTG,OXT_15,AGGGTATAACGTCCTTTG,3,16,CCCCCCAGGGTATAACGTCCTTTGCCCCCC,3,1,OXT_15,False,conv
CCCATCCGCCCATCGCCT,OXT_29,CCCCCCCCCCCCCCGCCC,6,30,CCCCCCCCCCCCCCCCCCCCGCCCCCCCCC,6,1,OXT_29,True,conv
GGGTTAGGGCGTCACAGT,OXT_11,GGGTAAGGGCACAACAGT,4,12,CCCCCCGGGTAAGGGCACAACAGTCCCCCC,4,1,OXT_11,False,conv
AGGAAAGTACCGACATTG,OXT_14,TTGAGCGTAACGACAGTG,6,15,CCCCCCTTGAGCGTAACGACAGTGCCCCCC,6,1,OXT_14,False,conv
GGGGTACGGCCTCACAGT,OXT_11,GGGTAAGGGCACAACAGT,6,12,CCCCCCGGGTAAGGGCACAACAGTCCCCCC,5,1,OXT_11,False,conv
GGGATTCGGTCCCCTCCT,OXT_24,GGGATTCGGTCATGTCCT,3,25,CCCCCCGGGATTCGGTCATGTCCTCCCCCC,3,1,OXT_24,False,conv
AGGATCTAAAATCGTGTA,OXT_17,AGGAACTACGATCGTGAA,4,18,CCCCCCAGGAACTACGATCGTGAACCCCCC,4,1,OXT_17,False,conv
AGCATCTAAAATCGTGTA,OXT_17,AGGAACTACGATCGTGAA,5,18,CCCCCCAGGAACTACGATCGTGAACCCCCC,5,1,OXT_17,False,conv
ATGAAAGGACAGACAATG,OXT_23,AAGTAGGGACAGAATACG,6,24,CCCCCCAAGTAGGGACAGAATACGCCCCCC,6,1,OXT_23,False,conv
AGGAAAGGACGGACAATG,OXT_04,TAGACAGGGCTGACTGTG,7,4,CCCCCCTAGACAGGGCTGACTGTGCCCCCC,7,2,OXT_04;OXT_23,False,conv
AGGTAAGGACACAACAGG,OXT_11,GGGTAAGGGCACAACAGT,3,12,CCCCCCGGGTAAGGGCACAACAGTCCCCCC,3,1,OXT_11,False,conv
AGGAACGAAAATCCAGAG,OXT_17,AGGAACTACGATCGTGAA,6,18,CCCCCCAGGAACTACGATCGTGAACCCCCC,6,1,OXT_17,False,conv
AGGAACTAAGATCGTGAA,OXT_17,AGGAACTACGATCGTGAA,1,18,CCCCCCAGGAACTACGATCGTGAACCCCCC,1,1,OXT_17,False,conv
AGGATATGACCACGTTTT,OXT_15,AGGGTATAACGTCCTTTG,6,16,CCCCCCAGGGTATAACGTCCTTTGCCCCCC,6,1,OXT_15,False,conv
GGGATACGGCCTCGTCCT,OXT_24,GGGATTCGGTCATGTCCT,4,25,CCCCCCGGGATTCGGTCATGTCCTCCCCCC,4,1,OXT_24,False,conv
GGGGTACGGCCTCCTCCT,OXT_24,GGGATTCGGTCATGTCCT,6,25,CCCCCCGGGATTCGGTCATGTCCTCCCCCC,6,1,OXT_24,False,conv
CCCCGACACCCCCCGCCG,OXT_29,CCCCCCCCCCCCCCGCCC,4,30,CCCCCCCCCCCCCCCCCCCCGCCCCCCCCC,4,1,OXT_29,True,conv
AGGATATGACGACGTTTT,OXT_15,AGGGTATAACGTCCTTTG,5,16,CCCCCCAGGGTATAACGTCCTTTGCCCCCC,5,1,OXT_15,False,conv
GGGGGACCGCAGAACAGT,OXT_11,GGGTAAGGGCACAACAGT,5,12,CCCCCCGGGTAAGGGCACAACAGTCCCCCC,5,1,OXT_11,False,conv
GGGGGACAGAACATAATG,OXT_05,GGCGGACAGACTCTAATG,4,5,CCCCCCGGCGGACAGACTCTAATGCCCCCC,4,1,OXT_05,False,conv
GGCCTACAGCCCCCACCG,OXT_05,GGCGGACAGACTCTAATG,7,5,CCCCCCGGCGGACAGACTCTAATGCCCCCC,7,1,OXT_05,False,conv
GGGATACGGCCTTGTCCT,OXT_24,GGGATTCGGTCATGTCCT,3,25,CCCCCCGGGATTCGGTCATGTCCTCCCCCC,3,1,OXT_24,False,conv
GGGTGAGGGAACAACAGT,OXT_11,GGGTAAGGGCACAACAGT,2,12,CCCCCCGGGTAAGGGCACAACAGTCCCCCC,2,1,OXT_11,False,conv
GCGGGACCGAAGATAAAG,OXT_22,ACGGGACCGCAGATCGAG,4,23,CCCCCCACGGGACCGCAGATCGAGCCCCCC,4,1,OXT_22,False,conv
CCCATCCGCCCATCGCCC,OXT_29,CCCCCCCCCCCCCCGCCC,5,30,CCCCCCCCCCCCCCCCCCCCGCCCCCCCCC,5,1,OXT_29,True,conv
AGGATAGGACCACGTTTT,OXT_15,AGGGTATAACGTCCTTTG,7,16,CCCCCCAGGGTATAACGTCCTTTGCCCCCC,7,1,OXT_15,False,conv
AGGTAAGGACGCACCATG,OXT_11,GGGTAAGGGCACAACAGT,6,12,CCCCCCGGGTAAGGGCACAACAGTCCCCCC,6,1,OXT_11,False,conv
GGCCGACACCCCCCGCCG,OXT_29,CCCCCCCCCCCCCCGCCC,6,30,CCCCCCCCCCCCCCCCCCCCGCCCCCCCCC,6,1,OXT_29,True,conv
TGCATCGGAACAGGTCTT,OXT_25,TGCATCGCAACAGCAGTT,4,26,CCCCCCTGCATCGCAACAGCAGTTCCCCCC,4,1,OXT_25,False,conv
GGGGTAGGACGCACCAGG,OXT_11,GGGTAAGGGCACAACAGT,6,12,CCCCCCGGGTAAGGGCACAACAGTCCCCCC,6,1,OXT_11,False,conv
CCCCGCCCCCCTCTGCCC,OXT_29,CCCCCCCCCCCCCCGCCC,3,30,CCCCCCCCCCCCCCCCCCCCGCCCCCCCCC,3,1,OXT_29,True,conv
CCCCGCCCCCCCCCGCCC,OXT_29,CCCCCCCCCCCCCCGCCC,1,30,CCCCCCCCCCCCCCCCCCCCGCCCCCCCCC,1,1,OXT_29,True,conv
AGGAAAGGACGCACTATG,OXT_04,TAGACAGGGCTGACTGTG,7,4,CCCCCCTAGACAGGGCTGACTGTGCCCCCC,7,3,OXT_04;OXT_15;OXT_23,False,conv
AGGAAAGGACCGACAATG,OXT_04,TAGACAGGGCTGACTGTG,7,4,CCCCCCTAGACAGGGCTGACTGTGCCCCCC,7,3,OXT_04;OXT_14;OXT_23,False,conv
CCCCGCCACCCCCCGCCC,OXT_29,CCCCCCCCCCCCCCGCCC,2,30,CCCCCCCCCCCCCCCCCCCCGCCCCCCCCC,2,1,OXT_29,True,conv
GGGGTACGGCGTCCTTTT,OXT_15,AGGGTATAACGTCCTTTG,5,16,CCCCCCAGGGTATAACGTCCTTTGCCCCCC,5,1,OXT_15,False,conv
GGGGTATGGCGACGTTTT,OXT_15,AGGGTATAACGTCCTTTG,6,16,CCCCCCAGGGTATAACGTCCTTTGCCCCCC,6,1,OXT_15,False,conv
AGGAACTAAAATCCAGAG,OXT_17,AGGAACTACGATCGTGAA,5,18,CCCCCCAGGAACTACGATCGTGAACCCCCC,5,1,OXT_17,False,conv
GGGGTACAGCCCCCACCG,OXT_05,GGCGGACAGACTCTAATG,7,5,CCCCCCGGCGGACAGACTCTAATGCCCCCC,7,1,OXT_05,False,conv
AGCATCTAAGATCGTGTA,OXT_17,AGGAACTACGATCGTGAA,4,18,CCCCCCAGGAACTACGATCGTGAACCCCCC,4,1,OXT_17,False,conv
GGGGAAGGACGCACCAGG,OXT_11,GGGTAAGGGCACAACAGT,5,12,CCCCCCGGGTAAGGGCACAACAGTCCCCCC,5,1,OXT_11,False,conv
AGGAACTAACGTCCAGTG,OXT_15,AGGGTATAACGTCCTTTG,5,16,CCCCCCAGGGTATAACGTCCTTTGCCCCCC,5,1,OXT_15,False,conv
GGGGAACGGACTCACAGT,OXT_11,GGGTAAGGGCACAACAGT,6,12,CCCCCCGGGTAAGGGCACAACAGTCCCCCC,5,1,OXT_11,False,conv
GGGATTCGATCATGTCTT,OXT_24,GGGATTCGGTCATGTCCT,2,25,CCCCCCGGGATTCGGTCATGTCCTCCCCCC,2,1,OXT_24,False,conv
CCCCCCCGCCCCCCGCCC,OXT_29,CCCCCCCCCCCCCCGCCC,1,30,CCCCCCCCCCCCCCCCCCCCGCCCCCCCCC,1,1,OXT_29,True,conv
ATGAACTACGATCGAGAA,OXT_17,AGGAACTACGATCGTGAA,2,18,CCCCCCAGGAACTACGATCGTGAACCCCCC,2,1,OXT_17,False,conv
TGCATCGGAACAGCACTT,OXT_25,TGCATCGCAACAGCAGTT,2,26,CCCCCCTGCATCGCAACAGCAGTTCCCCCC,2,1,OXT_25,False,conv
GGGATACGGCCATGTCCT,OXT_24,GGGATTCGGTCATGTCCT,2,25,CCCCCCGGGATTCGGTCATGTCCTCCCCCC,2,1,OXT_24,False,conv
AGGATCTAACGACGTTTT,OXT_15,AGGGTATAACGTCCTTTG,5,16,CCCCCCAGGGTATAACGTCCTTTGCCCCCC,5,1,OXT_15,False,conv
GGCCTCCAGCCCCCGCCG,OXT_29,CCCCCCCCCCCCCCGCCC,6,30,CCCCCCCCCCCCCCCCCCCCGCCCCCCCCC,6,1,OXT_29,True,conv
TAGAACGTAAAGAAAGCG,OXT_14,TTGAGCGTAACGACAGTG,5,15,CCCCCCTTGAGCGTAACGACAGTGCCCCCC,5,1,OXT_14,False,conv
GGGATACGGTCCCGTCCT,OXT_24,GGGATTCGGTCATGTCCT,3,25,CCCCCCGGGATTCGGTCATGTCCTCCCCCC,3,1,OXT_24,False,conv
AGGGTAGAACGTCCTTTG,OXT_15,AGGGTATAACGTCCTTTG,1,16,CCCCCCAGGGTATAACGTCCTTTGCCCCCC,1,1,OXT_15,False,conv
GCCGGACCGAATCTAGAG,OXT_05,GGCGGACAGACTCTAATG,5,5,CCCCCCGGCGGACAGACTCTAATGCCCCCC,5,1,OXT_05,False,conv
GGGATTCGGCCCCCGCCT,OXT_24,GGGATTCGGTCATGTCCT,5,25,CCCCCCGGGATTCGGTCATGTCCTCCCCCC,5,1,OXT_24,False,conv
ATGAACGTCAAGCGAGAA,OXT_17,AGGAACTACGATCGTGAA,6,18,CCCCCCAGGAACTACGATCGTGAACCCCCC,6,1,OXT_17,False,conv
ACGTGAGCGCAGAACAGT,OXT_11,GGGTAAGGGCACAACAGT,5,12,CCCCCCGGGTAAGGGCACAACAGTCCCCCC,5,1,OXT_11,False,conv
GGGGTAGGACGTCCCATG,OXT_15,AGGGTATAACGTCCTTTG,5,16,CCCCCCAGGGTATAACGTCCTTTGCCCCCC,5,1,OXT_15,False,conv
GGGGGACCGCAGATCAGG,OXT_22,ACGGGACCGCAGATCGAG,4,23,CCCCCCACGGGACCGCAGATCGAGCCCCCC,4,1,OXT_22,False,conv
GCCGGACCGACTCTAAAG,OXT_05,GGCGGACAGACTCTAATG,3,5,CCCCCCGGCGGACAGACTCTAATGCCCCCC,3,1,OXT_05,False,conv
AGGGTATGACGACGTTTT,OXT_15,AGGGTATAACGTCCTTTG,4,16,CCCCCCAGGGTATAACGTCCTTTGCCCCCC,4,1,OXT_15,False,conv
AGGAACTAAGATCGTGAG,OXT_17,AGGAACTACGATCGTGAA,2,18,CCCCCCAGGAACTACGATCGTGAACCCCCC,2,1,OXT_17,False,conv
GGGGTACGGCGTTGTCCT,OXT_24,GGGATTCGGTCATGTCCT,5,25,CCCCCCGGGATTCGGTCATGTCCTCCCCCC,5,1,OXT_24,False,conv
GGGGGACAGAACCACAGT,OXT_11,GGGTAAGGGCACAACAGT,6,12,CCCCCCGGGTAAGGGCACAACAGTCCCCCC,6,1,OXT_11,False,conv
GGGGGACGGCACAACAGT,OXT_11,GGGTAAGGGCACAACAGT,3,12,CCCCCCGGGTAAGGGCACAACAGTCCCCCC,3,1,OXT_11,False,conv
AGCATCGAAGATCGTGTA,OXT_17,AGGAACTACGATCGTGAA,5,18,CCCCCCAGGAACTACGATCGTGAACCCCCC,5,1,OXT_17,False,conv
ATGAACGTACAGACAATG,OXT_14,TTGAGCGTAACGACAGTG,5,15,CCCCCCTTGAGCGTAACGACAGTGCCCCCC,5,1,OXT_14,False,conv
AGGAAAGGACGCACAATG,OXT_04,TAGACAGGGCTGACTGTG,8,4,CCCCCCTAGACAGGGCTGACTGTGCCCCCC,8,4,OXT_04;OXT_11;OXT_15;OXT_23,False,conv
GGGGGACAGCACATCAGG,OXT_11,GGGTAAGGGCACAACAGT,6,12,CCCCCCGGGTAAGGGCACAACAGTCCCCCC,6,2,OXT_11;OXT_22,False,conv
GGGGTACAGACTCAAAGT,OXT_05,GGCGGACAGACTCTAATG,5,5,CCCCCCGGCGGACAGACTCTAATGCCCCCC,5,1,OXT_05,False,conv
AGGAACTAAACTCCAGTG,OXT_14,TTGAGCGTAACGACAGTG,7,15,CCCCCCTTGAGCGTAACGACAGTGCCCCCC,7,3,OXT_14;OXT_15;OXT_17,False,conv
GGGTGAGGGCAGAACAGT,OXT_11,GGGTAAGGGCACAACAGT,2,12,CCCCCCGGGTAAGGGCACAACAGTCCCCCC,2,1,OXT_11,False,conv
GGGGGACAGAATCTAAGG,OXT_05,GGCGGACAGACTCTAATG,3,5,CCCCCCGGCGGACAGACTCTAATGCCCCCC,3,1,OXT_05,False,conv
GGCATTCGGCCATCGCCT,OXT_24,GGGATTCGGTCATGTCCT,4,25,CCCCCCGGGATTCGGTCATGTCCTCCCCCC,4,1,OXT_24,False,conv
AGCATCGCAACACCTTTT,OXT_25,TGCATCGCAACAGCAGTT,4,26,CCCCCCTGCATCGCAACAGCAGTTCCCCCC,4,1,OXT_25,False,conv
GGCATACGGCCCCCGCCG,OXT_24,GGGATTCGGTCATGTCCT,8,25,CCCCCCGGGATTCGGTCATGTCCTCCCCCC,8,2,OXT_24;OXT_29,False,conv
GCGGGACCGCAGATCAAG,OXT_22,ACGGGACCGCAGATCGAG,2,23,CCCCCCACGGGACCGCAGATCGAGCCCCCC,2,1,OXT_22,False,conv
ACGTGACCGCAGAACGAG,OXT_22,ACGGGACCGCAGATCGAG,2,23,CCCCCCACGGGACCGCAGATCGAGCCCCCC,2,1,OXT_22,False,conv
AGGATCTACGATCGTGTA,OXT_17,AGGAACTACGATCGTGAA,2,18,CCCCCCAGGAACTACGATCGTGAACCCCCC,2,1,OXT_17,False,conv
TGCATCGGAACAGGTTTT,OXT_25,TGCATCGCAACAGCAGTT,4,26,CCCCCCTGCATCGCAACAGCAGTTCCCCCC,4,1,OXT_25,False,conv
GGCATCCGGTCAGGTCCT,OXT_24,GGGATTCGGTCATGTCCT,3,25,CCCCCCGGGATTCGGTCATGTCCTCCCCCC,3,1,OXT_24,False,conv
GCCGGACAGACTCTAAAG,OXT_05,GGCGGACAGACTCTAATG,2,5,CCCCCCGGCGGACAGACTCTAATGCCCCCC,2,1,OXT_05,False,conv
GGCCGACAGACCCCACCG,OXT_05,GGCGGACAGACTCTAATG,5,5,CCCCCCGGCGGACAGACTCTAATGCCCCCC,5,1,OXT_05,False,conv
AGGTGAGCGCAGAACAGT,OXT_11,GGGTAAGGGCACAACAGT,4,12,CCCCCCGGGTAAGGGCACAACAGTCCCCCC,4,1,OXT_11,False,conv
ATGAGCGTACCGACAATG,OXT_14,TTGAGCGTAACGACAGTG,3,15,CCCCCCTTGAGCGTAACGACAGTGCCCCCC,3,1,OXT_14,False,conv
GGGGTACGGCGTCGTCTT,OXT_15,AGGGTATAACGTCCTTTG,7,16,CCCCCCAGGGTATAACGTCCTTTGCCCCCC,7,2,OXT_15;OXT_24,False,conv
AAGTAAGCGCAGAACAGT,OXT_11,GGGTAAGGGCACAACAGT,4,12,CCCCCCGGGTAAGGGCACAACAGTCCCCCC,4,1,OXT_11,False,conv
AGGATCTAACCACGTTTT,OXT_15,AGGGTATAACGTCCTTTG,6,16,CCCCCCAGGGTATAACGTCCTTTGCCCCCC,6,1,OXT_15,False,conv
AAGTAAGCGCAGAACAAT,OXT_11,GGGTAAGGGCACAACAGT,5,12,CCCCCCGGGTAAGGGCACAACAGTCCCCCC,5,1,OXT_11,False,conv
AGGATCGAACCACGTTTT,OXT_15,AGGGTATAACGTCCTTTG,7,16,CCCCCCAGGGTATAACGTCCTTTGCCCCCC,7,1,OXT_15,False,conv
ATGAAAGTACCGACAATG,OXT_14,TTGAGCGTAACGACAGTG,5,15,CCCCCCTTGAGCGTAACGACAGTGCCCCCC,5,1,OXT_14,False,conv
AGCATCTAAGATCGTGAA,OXT_17,AGGAACTACGATCGTGAA,3,18,CCCCCCAGGAACTACGATCGTGAACCCCCC,3,1,OXT_17,False,conv
GGCGTACAGACCCCACCG,OXT_05,GGCGGACAGACTCTAATG,5,5,CCCCCCGGCGGACAGACTCTAATGCCCCCC,5,1,OXT_05,False,conv
AGCATCGCAAAAGGAGTA,OXT_25,TGCATCGCAACAGCAGTT,4,26,CCCCCCTGCATCGCAACAGCAGTTCCCCCC,4,1,OXT_25,False,conv
GGGGTACGGCCATGTCTT,OXT_24,GGGATTCGGTCATGTCCT,4,25,CCCCCCGGGATTCGGTCATGTCCTCCCCCC,4,1,OXT_24,False,conv
AGGATCTAAAGTCGTTTG,OXT_15,AGGGTATAACGTCCTTTG,4,16,CCCCCCAGGGTATAACGTCCTTTGCCCCCC,4,1,OXT_15,False,conv
GGGGTATAGCGTCCTAGT,OXT_15,AGGGTATAACGTCCTTTG,5,16,CCCCCCAGGGTATAACGTCCTTTGCCCCCC,5,1,OXT_15,False,conv
TGCATCCGATCAGCTCCT,OXT_24,GGGATTCGGTCATGTCCT,6,25,CCCCCCGGGATTCGGTCATGTCCTCCCCCC,6,2,OXT_24;OXT_25,False,conv
GGCATTCGCCCCCCGCCT,OXT_24,GGGATTCGGTCATGTCCT,7,25,CCCCCCGGGATTCGGTCATGTCCTCCCCCC,7,2,OXT_24;OXT_29,False,conv
AGGTAAGGACAGAACAGT,OXT_11,GGGTAAGGGCACAACAGT,3,12,CCCCCCGGGTAAGGGCACAACAGTCCCCCC,3,1,OXT_11,False,conv
GGGGGACCGCAGATCAGT,OXT_22,ACGGGACCGCAGATCGAG,5,23,CCCCCCACGGGACCGCAGATCGAGCCCCCC,4,1,OXT_22,False,conv
GGGTAACAGAATCAAAGT,OXT_11,GGGTAAGGGCACAACAGT,6,12,CCCCCCGGGTAAGGGCACAACAGTCCCCCC,5,1,OXT_11,False,conv
GGGGTACGGCGTCCTCCT,OXT_15,AGGGTATAACGTCCTTTG,7,16,CCCCCCAGGGTATAACGTCCTTTGCCCCCC,7,2,OXT_15;OXT_24,False,conv
ATGTAAGGACAGACAATG,OXT_23,AAGTAGGGACAGAATACG,5,24,CCCCCCAAGTAGGGACAGAATACGCCCCCC,5,1,OXT_23,False,conv
GGCCCCCACCCCCCGCCC,OXT_29,CCCCCCCCCCCCCCGCCC,3,30,CCCCCCCCCCCCCCCCCCCCGCCCCCCCCC,3,1,OXT_29,True,conv
CCCCGACACACCCTGCCG,OXT_29,CCCCCCCCCCCCCCGCCC,6,30,CCCCCCCCCCCCCCCCCCCCGCCCCCCCCC,6,1,OXT_29,True,conv
GGGGTAGGGCGCACCAGG,OXT_11,GGGTAAGGGCACAACAGT,5,12,CCCCCCGGGTAAGGGCACAACAGTCCCCCC,5,1,OXT_11,False,conv
GGGATTCGGCCATGTTTT,OXT_24,GGGATTCGGTCATGTCCT,3,25,CCCCCCGGGATTCGGTCATGTCCTCCCCCC,3,1,OXT_24,False,conv
AGGTGACCGCAGAACAGT,OXT_11,GGGTAAGGGCACAACAGT,5,12,CCCCCCGGGTAAGGGCACAACAGTCCCCCC,5,1,OXT_11,False,conv
AGGGTATAACGACGTTTT,OXT_15,AGGGTATAACGTCCTTTG,3,16,CCCCCCAGGGTATAACGTCCTTTGCCCCCC,3,1,OXT_15,False,conv
GGCATCGGATCATGTCTT,OXT_24,GGGATTCGGTCATGTCCT,5,25,CCCCCCGGGATTCGGTCATGTCCTCCCCCC,4,1,OXT_24,False,conv
GGGATTCGAACATGTCTT,OXT_24,GGGATTCGGTCATGTCCT,3,25,CCCCCCGGGATTCGGTCATGTCCTCCCCCC,3,1,OXT_24,False,conv
AGCATCGAAGATCGAGAA,OXT_17,AGGAACTACGATCGTGAA,5,18,CCCCCCAGGAACTACGATCGTGAACCCCCC,5,1,OXT_17,False,conv
AGCATCGCAGATCGAGAA,OXT_17,AGGAACTACGATCGTGAA,6,18,CCCCCCAGGAACTACGATCGTGAACCCCCC,6,1,OXT_17,False,conv
AGGAACTAAAATCGTGAG,OXT_17,AGGAACTACGATCGTGAA,3,18,CCCCCCAGGAACTACGATCGTGAACCCCCC,3,1,OXT_17,False,conv
AGGAAAGAACGTCCTTTG,OXT_15,AGGGTATAACGTCCTTTG,3,16,CCCCCCAGGGTATAACGTCCTTTGCCCCCC,3,1,OXT_15,False,conv
GGGGTACGGACCCCTAGT,OXT_05,GGCGGACAGACTCTAATG,8,5,CCCCCCGGCGGACAGACTCTAATGCCCCCC,7,3,OXT_05;OXT_11;OXT_24,False,conv
AGGAGCGAAAGTCCAGTG,OXT_14,TTGAGCGTAACGACAGTG,6,15,CCCCCCTTGAGCGTAACGACAGTGCCCCCC,6,1,OXT_14,False,conv
AGGGTCTAACGTCCTTTT,OXT_15,AGGGTATAACGTCCTTTG,2,16,CCCCCCAGGGTATAACGTCCTTTGCCCCCC,2,1,OXT_15,False,conv
AGGATATAACGACGTTTT,OXT_15,AGGGTATAACGTCCTTTG,4,16,CCCCCCAGGGTATAACGTCCTTTGCCCCCC,4,1,OXT_15,False,conv
TGCATCGGAACATGTCTT,OXT_25,TGCATCGCAACAGCAGTT,5,26,CCCCCCTGCATCGCAACAGCAGTTCCCCCC,5,1,OXT_25,False,conv
GGGATTCGGCCATCTCCT,OXT_24,GGGATTCGGTCATGTCCT,2,25,CCCCCCGGGATTCGGTCATGTCCTCCCCCC,2,1,OXT_24,False,conv
GGGGTACGGCGATGTCCT,OXT_24,GGGATTCGGTCATGTCCT,4,25,CCCCCCGGGATTCGGTCATGTCCTCCCCCC,4,1,OXT_24,False,conv
GGGGTACGGACCCATAGT,OXT_11,GGGTAAGGGCACAACAGT,7,12,CCCCCCGGGTAAGGGCACAACAGTCCCCCC,6,1,OXT_11,False,conv
GGGGTACGGCCCCATAGT,OXT_11,GGGTAAGGGCACAACAGT,6,12,CCCCCCGGGTAAGGGCACAACAGTCCCCCC,6,1,OXT_11,False,conv
GGGGGACAGAACCTAAGG,OXT_05,GGCGGACAGACTCTAATG,4,5,CCCCCCGGCGGACAGACTCTAATGCCCCCC,4,1,OXT_05,False,conv
GGGTAAGGGCGCACCAGG,OXT_11,GGGTAAGGGCACAACAGT,3,12,CCCCCCGGGTAAGGGCACAACAGTCCCCCC,3,1,OXT_11,False,conv
GGGGTACGGACCCCAACG,OXT_05,GGCGGACAGACTCTAATG,6,5,CCCCCCGGCGGACAGACTCTAATGCCCCCC,6,1,OXT_05,False,conv
TAGAACGTAAAGAAAGTG,OXT_14,TTGAGCGTAACGACAGTG,4,15,CCCCCCTTGAGCGTAACGACAGTGCCCCCC,4,1,OXT_14,False,conv
ATGAGCGTAACGACAGAG,OXT_14,TTGAGCGTAACGACAGTG,2,15,CCCCCCTTGAGCGTAACGACAGTGCCCCCC,2,1,OXT_14,False,conv
GGGGGACCGCACATCAAG,OXT_22,ACGGGACCGCAGATCGAG,4,23,CCCCCCACGGGACCGCAGATCGAGCCCCCC,4,1,OXT_22,False,conv
GCCCCCCGCCCCCCGCCC,OXT_29,CCCCCCCCCCCCCCGCCC,2,30,CCCCCCCCCCCCCCCCCCCCGCCCCCCCCC,2,1,OXT_29,True,conv
GGGTAAGGACGCACCATG,OXT_11,GGGTAAGGGCACAACAGT,5,12,CCCCCCGGGTAAGGGCACAACAGTCCCCCC,5,1,OXT_11,False,conv
GCCCTCCGCCCCCCGCCC,OXT_29,CCCCCCCCCCCCCCGCCC,3,30,CCCCCCCCCCCCCCCCCCCCGCCCCCCCCC,3,1,OXT_29,True,conv
GGGTAACAGAACAACAGT,OXT_11,GGGTAAGGGCACAACAGT,3,12,CCCCCCGGGTAAGGGCACAACAGTCCCCCC,3,1,OXT_11,False,conv
GGGGTAGAACGTACTATG,OXT_15,AGGGTATAACGTCCTTTG,4,16,CCCCCCAGGGTATAACGTCCTTTGCCCCCC,4,1,OXT_15,False,conv
AGGATCGGAACATGTTTT,OXT_24,GGGATTCGGTCATGTCCT,7,25,CCCCCCGGGATTCGGTCATGTCCTCCCCCC,6,2,OXT_24;OXT_25,False,conv
AGGAACTAAAATCGTGAA,OXT_17,AGGAACTACGATCGTGAA,2,18,CCCCCCAGGAACTACGATCGTGAACCCCCC,2,1,OXT_17,False,conv
AGGATCGAAAGACGTTTT,OXT_15,AGGGTATAACGTCCTTTG,7,16,CCCCCCAGGGTATAACGTCCTTTGCCCCCC,7,1,OXT_15,False,conv
GGGGTACGGCCTCGTCGT,OXT_24,GGGATTCGGTCATGTCCT,6,25,CCCCCCGGGATTCGGTCATGTCCTCCCCCC,6,1,OXT_24,False,conv
GGGGTAGGACGTCCTATG,OXT_15,AGGGTATAACGTCCTTTG,4,16,CCCCCCAGGGTATAACGTCCTTTGCCCCCC,4,1,OXT_15,False,conv
GCCATCCGCCCATCGCCT,OXT_24,GGGATTCGGTCATGTCCT,7,25,CCCCCCGGGATTCGGTCATGTCCTCCCCCC,7,2,OXT_24;OXT_29,False,conv
AGGATTGGACCACGTTTT,OXT_24,GGGATTCGGTCATGTCCT,7,25,CCCCCCGGGATTCGGTCATGTCCTCCCCCC,7,1,OXT_24,False,conv
GGCCGCCACCCCCCGCCG,OXT_29,CCCCCCCCCCCCCCGCCC,5,30,CCCCCCCCCCCCCCCCCCCCGCCCCCCCCC,5,1,OXT_29,True,conv
GCCGGACCGACTCTAGAG,OXT_05,GGCGGACAGACTCTAATG,4,5,CCCCCCGGCGGACAGACTCTAATGCCCCCC,4,1,OXT_05,False,conv
GCCATTCGACCATCTCCT,OXT_24,GGGATTCGGTCATGTCCT,5,25,CCCCCCGGGATTCGGTCATGTCCTCCCCCC,5,1,OXT_24,False,conv
GGCATCCGCCCCCCGCCT,OXT_29,CCCCCCCCCCCCCCGCCC,6,30,CCCCCCCCCCCCCCCCCCCCGCCCCCCCCC,6,1,OXT_29,True,conv
ATGAACGTAACTCCAGAG,OXT_14,TTGAGCGTAACGACAGTG,5,15,CCCCCCTTGAGCGTAACGACAGTGCCCCCC,5,1,OXT_14,False,conv
GGGGTATGGCGTCATAGT,OXT_11,GGGTAAGGGCACAACAGT,7,12,CCCCCCGGGTAAGGGCACAACAGTCCCCCC,7,2,OXT_11;OXT_15,False,conv
GGGATACGGCCACGTTTT,OXT_24,GGGATTCGGTCATGTCCT,5,25,CCCCCCGGGATTCGGTCATGTCCTCCCCCC,5,1,OXT_24,False,conv
GGGGGACGGCACATCAGG,OXT_11,GGGTAAGGGCACAACAGT,5,12,CCCCCCGGGTAAGGGCACAACAGTCCCCCC,5,1,OXT_11,False,conv
AGCATCGCAACAGCTTTT,OXT_25,TGCATCGCAACAGCAGTT,3,26,CCCCCCTGCATCGCAACAGCAGTTCCCCCC,3,1,OXT_25,False,conv
GGGGTACAGACCCCAACT,OXT_05,GGCGGACAGACTCTAATG,6,5,CCCCCCGGCGGACAGACTCTAATGCCCCCC,6,1,OXT_05,False,conv
ATGAACGTCGAGCGAGAA,OXT_17,AGGAACTACGATCGTGAA,5,18,CCCCCCAGGAACTACGATCGTGAACCCCCC,5,1,OXT_17,False,conv
AAGAACGTACAGACAATG,OXT_14,TTGAGCGTAACGACAGTG,6,15,CCCCCCTTGAGCGTAACGACAGTGCCCCCC,6,2,OXT_14;OXT_23,False,conv
GGGGTACAGACTCTAATG,OXT_05,GGCGGACAGACTCTAATG,2,5,CCCCCCGGCGGACAGACTCTAATGCCCCCC,2,1,OXT_05,False,conv
GGCATCGGAACATGTCTT,OXT_24,GGGATTCGGTCATGTCCT,6,25,CCCCCCGGGATTCGGTCATGTCCTCCCCCC,5,2,OXT_24;OXT_25,False,conv
GGCATCCGGTCATGTCCT,OXT_24,GGGATTCGGTCATGTCCT,2,25,CCCCCCGGGATTCGGTCATGTCCTCCCCCC,2,1,OXT_24,False,conv
TTGAACGTAACGACAGTG,OXT_14,TTGAGCGTAACGACAGTG,1,15,CCCCCCTTGAGCGTAACGACAGTGCCCCCC,1,1,OXT_14,False,conv
GGGGGACCGAACATCATG,OXT_05,GGCGGACAGACTCTAATG,6,5,CCCCCCGGCGGACAGACTCTAATGCCCCCC,6,2,OXT_05;OXT_22,False,conv
GGCCGCCAGCCCCCGCCG,OXT_29,CCCCCCCCCCCCCCGCCC,6,30,CCCCCCCCCCCCCCCCCCCCGCCCCCCCCC,6,1,OXT_29,True,conv
ACCGGACCGAAGCTAGAG,OXT_22,ACGGGACCGCAGATCGAG,4,23,CCCCCCACGGGACCGCAGATCGAGCCCCCC,4,1,OXT_22,False,conv
AGCATCGAAAGTCGTGTT,OXT_25,TGCATCGCAACAGCAGTT,7,26,CCCCCCTGCATCGCAACAGCAGTTCCCCCC,6,1,OXT_25,False,conv
GGGTAAGGGCACACCAGT,OXT_11,GGGTAAGGGCACAACAGT,1,12,CCCCCCGGGTAAGGGCACAACAGTCCCCCC,1,1,OXT_11,False,conv
GGCGGACAGAATCTAATG,OXT_05,GGCGGACAGACTCTAATG,1,5,CCCCCCGGCGGACAGACTCTAATGCCCCCC,1,1,OXT_05,False,conv
CCCGGACAGACTCTAATG,OXT_05,GGCGGACAGACTCTAATG,2,5,CCCCCCGGCGGACAGACTCTAATGCCCCCC,2,1,OXT_05,False,conv
GGGATTGGAACATGTCTT,OXT_24,GGGATTCGGTCATGTCCT,4,25,CCCCCCGGGATTCGGTCATGTCCTCCCCCC,4,1,OXT_24,False,conv
TAGAGCGTAACGAAAGCG,OXT_14,TTGAGCGTAACGACAGTG,3,15,CCCCCCTTGAGCGTAACGACAGTGCCCCCC,3,1,OXT_14,False,conv
TGCATCCGATCAGGTCCT,OXT_24,GGGATTCGGTCATGTCCT,5,25,CCCCCCGGGATTCGGTCATGTCCTCCCCCC,5,1,OXT_24,False,conv
AGGAGCGAACGTACAGTG,OXT_14,TTGAGCGTAACGACAGTG,6,15,CCCCCCTTGAGCGTAACGACAGTGCCCCCC,4,1,OXT_14,False,conv
GGGGTAGGGCGCCACAGT,OXT_11,GGGTAAGGGCACAACAGT,4,12,CCCCCCGGGTAAGGGCACAACAGTCCCCCC,4,1,OXT_11,False,conv
AAGTAGGTACAGAATACG,OXT_23,AAGTAGGGACAGAATACG,1,24,CCCCCCAAGTAGGGACAGAATACGCCCCCC,1,1,OXT_23,False,conv
GGGGTATGGCGTCGTTTT,OXT_15,AGGGTATAACGTCCTTTG,5,16,CCCCCCAGGGTATAACGTCCTTTGCCCCCC,5,1,OXT_15,False,conv
GGGGGACAGAACAACAGT,OXT_11,GGGTAAGGGCACAACAGT,5,12,CCCCCCGGGTAAGGGCACAACAGTCCCCCC,5,1,OXT_11,False,conv
GGGGGACGGCAGATCAGT,OXT_11,GGGTAAGGGCACAACAGT,5,12,CCCCCCGGGTAAGGGCACAACAGTCCCCCC,5,1,OXT_11,False,conv
AGGATCTAAAGACGTTTT,OXT_15,AGGGTATAACGTCCTTTG,6,16,CCCCCCAGGGTATAACGTCCTTTGCCCCCC,6,1,OXT_15,False,conv
AGGAGCGTAACTACATTG,OXT_14,TTGAGCGTAACGACAGTG,4,15,CCCCCCTTGAGCGTAACGACAGTGCCCCCC,4,1,OXT_14,False,conv
AAGTAGGGGCAGAACACG,OXT_23,AAGTAGGGACAGAATACG,2,24,CCCCCCAAGTAGGGACAGAATACGCCCCCC,2,1,OXT_23,False,conv
ACGTGACCGCAGAACAGG,OXT_22,ACGGGACCGCAGATCGAG,4,23,CCCCCCACGGGACCGCAGATCGAGCCCCCC,4,1,OXT_22,False,conv
AGGAACTACAATCGAGAA,OXT_17,AGGAACTACGATCGTGAA,2,18,CCCCCCAGGAACTACGATCGTGAACCCCCC,2,1,OXT_17,False,conv
GGGGTAGGGCGCAACAGT,OXT_11,GGGTAAGGGCACAACAGT,3,12,CCCCCCGGGTAAGGGCACAACAGTCCCCCC,3,1,OXT_11,False,conv
GGGGGACAGAATATCATG,OXT_05,GGCGGACAGACTCTAATG,4,5,CCCCCCGGCGGACAGACTCTAATGCCCCCC,4,1,OXT_05,False,conv
AGGATCTAAAGTCCTTTT,OXT_15,AGGGTATAACGTCCTTTG,4,16,CCCCCCAGGGTATAACGTCCTTTGCCCCCC,4,1,OXT_15,False,conv
ATGAACGAAAATCGAGAA,OXT_17,AGGAACTACGATCGTGAA,5,18,CCCCCCAGGAACTACGATCGTGAACCCCCC,5,1,OXT_17,False,conv
TGCATCGGATCAGGTCTT,OXT_25,TGCATCGCAACAGCAGTT,5,26,CCCCCCTGCATCGCAACAGCAGTTCCCCCC,5,1,OXT_25,False,conv
AAGAACGTAAAGACAATG,OXT_14,TTGAGCGTAACGACAGTG,5,15,CCCCCCTTGAGCGTAACGACAGTGCCCCCC,5,1,OXT_14,False,conv
GGCCGACACACCCTGCCG,OXT_05,GGCGGACAGACTCTAATG,6,5,CCCCCCGGCGGACAGACTCTAATGCCCCCC,6,1,OXT_05,False,conv
GGCCCCCGCCCCCCGCCC,OXT_29,CCCCCCCCCCCCCCGCCC,3,30,CCCCCCCCCCCCCCCCCCCCGCCCCCCCCC,3,1,OXT_29,True,conv
GGCATCCGGTCATGTCTT,OXT_24,GGGATTCGGTCATGTCCT,3,25,CCCCCCGGGATTCGGTCATGTCCTCCCCCC,3,1,OXT_24,False,conv
TGCATCGGAACAGGTGTT,OXT_25,TGCATCGCAACAGCAGTT,3,26,CCCCCCTGCATCGCAACAGCAGTTCCCCCC,3,1,OXT_25,False,conv
GGCATCCGATCAGGTCCT,OXT_24,GGGATTCGGTCATGTCCT,4,25,CCCCCCGGGATTCGGTCATGTCCTCCCCCC,4,1,OXT_24,False,conv
GGGTAACGGAACCACAGT,OXT_11,GGGTAAGGGCACAACAGT,3,12,CCCCCCGGGTAAGGGCACAACAGTCCCCCC,3,1,OXT_11,False,conv
GCGGGACCGAAGATCAAG,OXT_22,ACGGGACCGCAGATCGAG,3,23,CCCCCCACGGGACCGCAGATCGAGCCCCCC,3,1,OXT_22,False,conv
AGCATCTAAAGTCGTGTT,OXT_15,AGGGTATAACGTCCTTTG,7,16,CCCCCCAGGGTATAACGTCCTTTGCCCCCC,7,2,OXT_15;OXT_17,False,conv
AGGAAAGTACGGACAATG,OXT_14,TTGAGCGTAACGACAGTG,7,15,CCCCCCTTGAGCGTAACGACAGTGCCCCCC,7,1,OXT_14,False,conv
AAGAACGTACAGAAAACG,OXT_23,AAGTAGGGACAGAATACG,4,24,CCCCCCAAGTAGGGACAGAATACGCCCCCC,4,1,OXT_23,False,conv
GGGATACGGCCCCGTCCT,OXT_24,GGGATTCGGTCATGTCCT,4,25,CCCCCCGGGATTCGGTCATGTCCTCCCCCC,4,1,OXT_24,False,conv
GGCCTCCGCCCCCCGCCG,OXT_29,CCCCCCCCCCCCCCGCCC,5,30,CCCCCCCCCCCCCCCCCCCCGCCCCCCCCC,5,1,OXT_29,True,conv
GGCATTCGATCATGTCCT,OXT_24,GGGATTCGGTCATGTCCT,2,25,CCCCCCGGGATTCGGTCATGTCCTCCCCCC,2,1,OXT_24,False,conv
ATGAGCGTAACTCCAGAG,OXT_14,TTGAGCGTAACGACAGTG,4,15,CCCCCCTTGAGCGTAACGACAGTGCCCCCC,4,1,OXT_14,False,conv
ATGAGCGTAAAGAGAGAA,OXT_14,TTGAGCGTAACGACAGTG,5,15,CCCCCCTTGAGCGTAACGACAGTGCCCCCC,5,1,OXT_14,False,conv
CCCGGACACACTCTAATG,OXT_05,GGCGGACAGACTCTAATG,3,5,CCCCCCGGCGGACAGACTCTAATGCCCCCC,3,1,OXT_05,False,conv
GGGGTACAGACTCCAAGG,OXT_05,GGCGGACAGACTCTAATG,4,5,CCCCCCGGCGGACAGACTCTAATGCCCCCC,4,1,OXT_05,False,conv
GGGGAACAGACTCAAAGG,OXT_05,GGCGGACAGACTCTAATG,4,5,CCCCCCGGCGGACAGACTCTAATGCCCCCC,4,1,OXT_05,False,conv
AGCATCGCAAAACGAGTA,OXT_25,TGCATCGCAACAGCAGTT,5,26,CCCCCCTGCATCGCAACAGCAGTTCCCCCC,5,1,OXT_25,False,conv
GGGGTAGGGCGTACCAGT,OXT_11,GGGTAAGGGCACAACAGT,5,12,CCCCCCGGGTAAGGGCACAACAGTCCCCCC,5,1,OXT_11,False,conv
GGGGTATGACGTCCTTTG,OXT_15,AGGGTATAACGTCCTTTG,2,16,CCCCCCAGGGTATAACGTCCTTTGCCCCCC,2,1,OXT_15,False,conv
GGGGAACGGACTCAAAGT,OXT_05,GGCGGACAGACTCTAATG,6,5,CCCCCCGGCGGACAGACTCTAATGCCCCCC,6,1,OXT_05,False,conv
ATGAGCGTCAAGAGAGAA,OXT_14,TTGAGCGTAACGACAGTG,6,15,CCCCCCTTGAGCGTAACGACAGTGCCCCCC,6,1,OXT_14,False,conv
CCCGGACCGACTCTAGAG,OXT_05,GGCGGACAGACTCTAATG,5,5,CCCCCCGGCGGACAGACTCTAATGCCCCCC,5,1,OXT_05,False,conv
GGGGGACCGAAGATAAAG,OXT_22,ACGGGACCGCAGATCGAG,5,23,CCCCCCACGGGACCGCAGATCGAGCCCCCC,5,1,OXT_22,False,conv
GGGTAAGGGCCTCACAGT,OXT_11,GGGTAAGGGCACAACAGT,3,12,CCCCCCGGGTAAGGGCACAACAGTCCCCCC,3,1,OXT_11,False,conv
AGGAGCGAAAGTACAGTG,OXT_14,TTGAGCGTAACGACAGTG,5,15,CCCCCCTTGAGCGTAACGACAGTGCCCCCC,5,1,OXT_14,False,conv
GGGTGACAGAATCAAAGT,OXT_05,GGCGGACAGACTCTAATG,6,5,CCCCCCGGCGGACAGACTCTAATGCCCCCC,6,1,OXT_05,False,conv
CCCCTCCGCCCATCGCCC,OXT_29,CCCCCCCCCCCCCCGCCC,4,30,CCCCCCCCCCCCCCCCCCCCGCCCCCCCCC,4,1,OXT_29,True,conv
GGGGTACGGCCCCCTCGT,OXT_24,GGGATTCGGTCATGTCCT,7,25,CCCCCCGGGATTCGGTCATGTCCTCCCCCC,7,1,OXT_24,False,conv
GGGGTAGGACGTACCAGG,OXT_11,GGGTAAGGGCACAACAGT,7,12,CCCCCCGGGTAAGGGCACAACAGTCCCCCC,7,2,OXT_11;OXT_15,False,conv
AAGTAGGTACAGAAAACG,OXT_23,AAGTAGGGACAGAATACG,2,24,CCCCCCAAGTAGGGACAGAATACGCCCCCC,2,1,OXT_23,False,conv
AGCATCGCAACACCAGTT,OXT_25,TGCATCGCAACAGCAGTT,2,26,CCCCCCTGCATCGCAACAGCAGTTCCCCCC,2,1,OXT_25,False,conv
GGCCTTCGGCCCCCGCCG,OXT_29,CCCCCCCCCCCCCCGCCC,7,30,CCCCCCCCCCCCCCCCCCCCGCCCCCCCCC,7,1,OXT_29,True,conv
GGGGAAGGGCGCACCAGT,OXT_11,GGGTAAGGGCACAACAGT,3,12,CCCCCCGGGTAAGGGCACAACAGTCCCCCC,3,1,OXT_11,False,conv
AGGGTATAACGACCTTTT,OXT_15,AGGGTATAACGTCCTTTG,2,16,CCCCCCAGGGTATAACGTCCTTTGCCCCCC,2,1,OXT_15,False,conv
GAGTAAGGGCAGAACAGT,OXT_11,GGGTAAGGGCACAACAGT,2,12,CCCCCCGGGTAAGGGCACAACAGTCCCCCC,2,1,OXT_11,False,conv
GGGTGACAGAACCACAGT,OXT_11,GGGTAAGGGCACAACAGT,5,12,CCCCCCGGGTAAGGGCACAACAGTCCCCCC,5,1,OXT_11,False,conv
GGGGGACGGAACATCAGT,OXT_11,GGGTAAGGGCACAACAGT,5,12,CCCCCCGGGTAAGGGCACAACAGTCCCCCC,5,1,OXT_11,False,conv
GGGATTCGGCCATCGCCT,OXT_24,GGGATTCGGTCATGTCCT,3,25,CCCCCCGGGATTCGGTCATGTCCTCCCCCC,3,1,OXT_24,False,conv
TGCATCCGGTCAGGTCCT,OXT_24,GGGATTCGGTCATGTCCT,4,25,CCCCCCGGGATTCGGTCATGTCCTCCCCCC,4,1,OXT_24,False,conv
GGGTAACGGAACAACAGT,OXT_11,GGGTAAGGGCACAACAGT,2,12,CCCCCCGGGTAAGGGCACAACAGTCCCCCC,2,1,OXT_11,False,conv
GGGGTATGGCGTCCTTGG,OXT_15,AGGGTATAACGTCCTTTG,4,16,CCCCCCAGGGTATAACGTCCTTTGCCCCCC,4,1,OXT_15,False,conv
GGGGTAGGGCGTCACAGT,OXT_11,GGGTAAGGGCACAACAGT,5,12,CCCCCCGGGTAAGGGCACAACAGTCCCCCC,5,1,OXT_11,False,conv
AAGTACGGACAGAAAATG,OXT_23,AAGTAGGGACAGAATACG,3,24,CCCCCCAAGTAGGGACAGAATACGCCCCCC,3,1,OXT_23,False,conv
GCCATTCGGCCATCGCCT,OXT_24,GGGATTCGGTCATGTCCT,5,25,CCCCCCGGGATTCGGTCATGTCCTCCCCCC,5,1,OXT_24,False,conv
GGGTGACGGCACAACAGT,OXT_11,GGGTAAGGGCACAACAGT,2,12,CCCCCCGGGTAAGGGCACAACAGTCCCCCC,2,1,OXT_11,False,conv
AAGTAAGGGCAGAACAAG,OXT_23,AAGTAGGGACAGAATACG,4,24,CCCCCCAAGTAGGGACAGAATACGCCCCCC,4,1,OXT_23,False,conv
GGGGGACAGAATCAAAGT,OXT_05,GGCGGACAGACTCTAATG,5,5,CCCCCCGGCGGACAGACTCTAATGCCCCCC,5,1,OXT_05,False,conv
AGCATCGAAACACCTTTT,OXT_25,TGCATCGCAACAGCAGTT,5,26,CCCCCCTGCATCGCAACAGCAGTTCCCCCC,5,1,OXT_25,False,conv
ATGAGCGTAACGACAGAA,OXT_14,TTGAGCGTAACGACAGTG,3,15,CCCCCCTTGAGCGTAACGACAGTGCCCCCC,3,1,OXT_14,False,conv
AGGAGCGAACGTCCAGTG,OXT_15,AGGGTATAACGTCCTTTG,6,16,CCCCCCAGGGTATAACGTCCTTTGCCCCCC,6,1,OXT_15,False,conv
AGGAACTAAAGTCGTGTG,OXT_17,AGGAACTACGATCGTGAA,5,18,CCCCCCAGGAACTACGATCGTGAACCCCCC,5,1,OXT_17,False,conv
CCCCGACACCCCCTGCCG,OXT_29,CCCCCCCCCCCCCCGCCC,5,30,CCCCCCCCCCCCCCCCCCCCGCCCCCCCCC,5,1,OXT_29,True,conv
GGGATTCGGCCCCCACCT,OXT_24,GGGATTCGGTCATGTCCT,5,25,CCCCCCGGGATTCGGTCATGTCCTCCCCCC,5,1,OXT_24,False,conv
AAGTAGGGGCAGAACAAG,OXT_23,AAGTAGGGACAGAATACG,3,24,CCCCCCAAGTAGGGACAGAATACGCCCCCC,3,1,OXT_23,False,conv
GGGGTAGGGCGTCCCAGG,OXT_11,GGGTAAGGGCACAACAGT,7,12,CCCCCCGGGTAAGGGCACAACAGTCCCCCC,7,2,OXT_11;OXT_15,False,conv
AGGTGAGGGCAGAACAGT,OXT_11,GGGTAAGGGCACAACAGT,3,12,CCCCCCGGGTAAGGGCACAACAGTCCCCCC,3,1,OXT_11,False,conv
CCCCGACACACTCTGATG,OXT_05,GGCGGACAGACTCTAATG,5,5,CCCCCCGGCGGACAGACTCTAATGCCCCCC,5,1,OXT_05,False,conv
AGCATCGGAACAGGTGTT,OXT_25,TGCATCGCAACAGCAGTT,4,26,CCCCCCTGCATCGCAACAGCAGTTCCCCCC,4,1,OXT_25,False,conv
GGCATTCGGCCATGTCCT,OXT_24,GGGATTCGGTCATGTCCT,2,25,CCCCCCGGGATTCGGTCATGTCCTCCCCCC,2,1,OXT_24,False,conv
AGGAACGAAACTCCAGTG,OXT_14,TTGAGCGTAACGACAGTG,6,15,CCCCCCTTGAGCGTAACGACAGTGCCCCCC,6,1,OXT_14,False,conv
AGGAGAGTACCGACATTG,OXT_14,TTGAGCGTAACGACAGTG,5,15,CCCCCCTTGAGCGTAACGACAGTGCCCCCC,5,1,OXT_14,False,conv
AGCAACGCCGATCGAGAA,OXT_17,AGGAACTACGATCGTGAA,4,18,CCCCCCAGGAACTACGATCGTGAACCCCCC,4,1,OXT_17,False,conv
AGCATCGAAAGACGTTTT,OXT_25,TGCATCGCAACAGCAGTT,7,26,CCCCCCTGCATCGCAACAGCAGTTCCCCCC,7,1,OXT_25,False,conv
AGGATATAACCACGTTTT,OXT_15,AGGGTATAACGTCCTTTG,5,16,CCCCCCAGGGTATAACGTCCTTTGCCCCCC,5,1,OXT_15,False,conv
AGGTAAGGACACAACAGT,OXT_11,GGGTAAGGGCACAACAGT,2,12,CCCCCCGGGTAAGGGCACAACAGTCCCCCC,2,1,OXT_11,False,conv
GGGTAACAGAATCACAGT,OXT_11,GGGTAAGGGCACAACAGT,5,12,CCCCCCGGGTAAGGGCACAACAGTCCCCCC,5,1,OXT_11,False,conv
AGGTAAGGACAGAAAATG,OXT_23,AAGTAGGGACAGAATACG,4,24,CCCCCCAAGTAGGGACAGAATACGCCCCCC,4,1,OXT_23,False,conv
GGGGTACAGACCCTAACG,OXT_05,GGCGGACAGACTCTAATG,4,5,CCCCCCGGCGGACAGACTCTAATGCCCCCC,4,1,OXT_05,False,conv
GGGTAAGGGACCCACAGT,OXT_11,GGGTAAGGGCACAACAGT,3,12,CCCCCCGGGTAAGGGCACAACAGTCCCCCC,3,1,OXT_11,False,conv
GGGGGACCGAATATAATG,OXT_05,GGCGGACAGACTCTAATG,4,5,CCCCCCGGCGGACAGACTCTAATGCCCCCC,4,1,OXT_05,False,conv
GGCATCCGCCCCCCGCCC,OXT_29,CCCCCCCCCCCCCCGCCC,5,30,CCCCCCCCCCCCCCCCCCCCGCCCCCCCCC,5,1,OXT_29,True,conv
AGGATATAACGTCCTTTT,OXT_15,AGGGTATAACGTCCTTTG,2,16,CCCCCCAGGGTATAACGTCCTTTGCCCCCC,2,1,OXT_15,False,conv
GGGGTACGGCCCCCACCT,OXT_24,GGGATTCGGTCATGTCCT,7,25,CCCCCCGGGATTCGGTCATGTCCTCCCCCC,7,1,OXT_24,False,conv
GGGTTACGGCCTCACAGT,OXT_11,GGGTAAGGGCACAACAGT,5,12,CCCCCCGGGTAAGGGCACAACAGTCCCCCC,5,1,OXT_11,False,conv
GGGATTCGGCCCCCACCG,OXT_24,GGGATTCGGTCATGTCCT,6,25,CCCCCCGGGATTCGGTCATGTCCTCCCCCC,6,1,OXT_24,False,conv
AGCATCGGAACATGTCTT,OXT_25,TGCATCGCAACAGCAGTT,6,26,CCCCCCTGCATCGCAACAGCAGTTCCCCCC,6,1,OXT_25,False,conv
CCCCGACACACTCTGCCG,OXT_05,GGCGGACAGACTCTAATG,7,5,CCCCCCGGCGGACAGACTCTAATGCCCCCC,7,2,OXT_05;OXT_29,False,conv
GGCATTCGATCATCTCCT,OXT_24,GGGATTCGGTCATGTCCT,3,25,CCCCCCGGGATTCGGTCATGTCCTCCCCCC,3,1,OXT_24,False,conv
ATGAACGAAAATCCAGAA,OXT_17,AGGAACTACGATCGTGAA,6,18,CCCCCCAGGAACTACGATCGTGAACCCCCC,6,1,OXT_17,False,conv
AAGTAGGGACAGAACAGG,OXT_23,AAGTAGGGACAGAATACG,2,24,CCCCCCAAGTAGGGACAGAATACGCCCCCC,2,1,OXT_23,False,conv
CCCCGACACACTCTAATG,OXT_05,GGCGGACAGACTCTAATG,4,5,CCCCCCGGCGGACAGACTCTAATGCCCCCC,4,1,OXT_05,False,conv
GGGTAAGGACACACCAGT,OXT_11,GGGTAAGGGCACAACAGT,2,12,CCCCCCGGGTAAGGGCACAACAGTCCCCCC,2,1,OXT_11,False,conv
ATGAGCGTAACGAGAGAA,OXT_14,TTGAGCGTAACGACAGTG,4,15,CCCCCCTTGAGCGTAACGACAGTGCCCCCC,4,1,OXT_14,False,conv
ATGAACGAAAATCCAGAG,OXT_14,TTGAGCGTAACGACAGTG,7,15,CCCCCCTTGAGCGTAACGACAGTGCCCCCC,7,2,OXT_14;OXT_17,False,conv
GGGATTCGGTCCTGTCCT,OXT_24,GGGATTCGGTCATGTCCT,1,25,CCCCCCGGGATTCGGTCATGTCCTCCCCCC,1,1,OXT_24,False,conv
CCCATCCGACCATCGCCT,OXT_29,CCCCCCCCCCCCCCGCCC,7,30,CCCCCCCCCCCCCCCCCCCCGCCCCCCCCC,7,1,OXT_29,True,conv
GGGGTATGACGTCCTATG,OXT_15,AGGGTATAACGTCCTTTG,3,16,CCCCCCAGGGTATAACGTCCTTTGCCCCCC,3,1,OXT_15,False,conv
GGGGTACGACGACGTTTT,OXT_15,AGGGTATAACGTCCTTTG,6,16,CCCCCCAGGGTATAACGTCCTTTGCCCCCC,6,1,OXT_15,False,conv
AAGAACGTAAAGAAAACG,OXT_23,AAGTAGGGACAGAATACG,5,24,CCCCCCAAGTAGGGACAGAATACGCCCCCC,5,1,OXT_23,False,conv
AGGATCTAACGTCGTTTG,OXT_15,AGGGTATAACGTCCTTTG,3,16,CCCCCCAGGGTATAACGTCCTTTGCCCCCC,3,1,OXT_15,False,conv
GGGGTATGGCGTCCTAGG,OXT_15,AGGGTATAACGTCCTTTG,5,16,CCCCCCAGGGTATAACGTCCTTTGCCCCCC,5,1,OXT_15,False,conv
GGGGTAGGACGCACCATG,OXT_11,GGGTAAGGGCACAACAGT,7,12,CCCCCCGGGTAAGGGCACAACAGTCCCCCC,7,2,OXT_11;OXT_15,False,conv
AGGGAAGGACGTACTTTG,OXT_15,AGGGTATAACGTCCTTTG,4,16,CCCCCCAGGGTATAACGTCCTTTGCCCCCC,4,1,OXT_15,False,conv
ACCGGACCGAATCTAGAG,OXT_22,ACGGGACCGCAGATCGAG,5,23,CCCCCCACGGGACCGCAGATCGAGCCCCCC,5,1,OXT_22,False,conv
GGGGGACAGACCCCACCG,OXT_05,GGCGGACAGACTCTAATG,5,5,CCCCCCGGCGGACAGACTCTAATGCCCCCC,5,1,OXT_05,False,conv
AGGATCTAACGACCTTTT,OXT_15,AGGGTATAACGTCCTTTG,4,16,CCCCCCAGGGTATAACGTCCTTTGCCCCCC,4,1,OXT_15,False,conv
GGGTAAGGACACACCATG,OXT_11,GGGTAAGGGCACAACAGT,4,12,CCCCCCGGGTAAGGGCACAACAGTCCCCCC,4,1,OXT_11,False,conv
GCGGGACCGAATCTAAAG,OXT_05,GGCGGACAGACTCTAATG,5,5,CCCCCCGGCGGACAGACTCTAATGCCCCCC,5,1,OXT_05,False,conv
AGCATCTACGATCGTGAA,OXT_17,AGGAACTACGATCGTGAA,2,18,CCCCCCAGGAACTACGATCGTGAACCCCCC,2,1,OXT_17,False,conv
GGCCTCCGCCCCCCGCCT,OXT_29,CCCCCCCCCCCCCCGCCC,5,30,CCCCCCCCCCCCCCCCCCCCGCCCCCCCCC,5,1,OXT_29,True,conv
GGGGTAGGACGTCCCAGG,OXT_15,AGGGTATAACGTCCTTTG,6,16,CCCCCCAGGGTATAACGTCCTTTGCCCCCC,6,1,OXT_15,False,conv
GGGTGACCGCAGAACAGT,OXT_11,GGGTAAGGGCACAACAGT,4,12,CCCCCCGGGTAAGGGCACAACAGTCCCCCC,4,1,OXT_11,False,conv
AGCATCGCAAAACGTGTA,OXT_25,TGCATCGCAACAGCAGTT,6,26,CCCCCCTGCATCGCAACAGCAGTTCCCCCC,6,1,OXT_25,False,conv
GGGGTACGGCCATGTTTT,OXT_24,GGGATTCGGTCATGTCCT,5,25,CCCCCCGGGATTCGGTCATGTCCTCCCCCC,5,1,OXT_24,False,conv
ATGAGCGAAACTCCAGTG,OXT_14,TTGAGCGTAACGACAGTG,4,15,CCCCCCTTGAGCGTAACGACAGTGCCCCCC,4,1,OXT_14,False,conv
GGGGGACAGAATCTAAAG,OXT_05,GGCGGACAGACTCTAATG,3,5,CCCCCCGGCGGACAGACTCTAATGCCCCCC,3,1,OXT_05,False,conv
AGGTAAGGACACACCAGG,OXT_11,GGGTAAGGGCACAACAGT,4,12,CCCCCCGGGTAAGGGCACAACAGTCCCCCC,4,1,OXT_11,False,conv
AGGATACGACCACGTTTT,OXT_15,AGGGTATAACGTCCTTTG,7,16,CCCCCCAGGGTATAACGTCCTTTGCCCCCC,7,2,OXT_15;OXT_24,False,conv
AGCATCTAAAATCGTGTT,OXT_17,AGGAACTACGATCGTGAA,6,18,CCCCCCAGGAACTACGATCGTGAACCCCCC,6,1,OXT_17,False,conv
GGGTTACGGCGTCACAGT,OXT_11,GGGTAAGGGCACAACAGT,5,12,CCCCCCGGGTAAGGGCACAACAGTCCCCCC,5,1,OXT_11,False,conv
AGCAACGACGATCGAGAA,OXT_17,AGGAACTACGATCGTGAA,3,18,CCCCCCAGGAACTACGATCGTGAACCCCCC,3,1,OXT_17,False,conv
AAGAACGGACAGACAATG,OXT_23,AAGTAGGGACAGAATACG,5,24,CCCCCCAAGTAGGGACAGAATACGCCCCCC,5,1,OXT_23,False,conv
ATGAACGTAAATCCAGAG,OXT_14,TTGAGCGTAACGACAGTG,6,15,CCCCCCTTGAGCGTAACGACAGTGCCCCCC,6,1,OXT_14,False,conv
AGCATCGAAAATCGTGTT,OXT_17,AGGAACTACGATCGTGAA,7,18,CCCCCCAGGAACTACGATCGTGAACCCCCC,7,2,OXT_17;OXT_25,False,conv
ATGAAAGTACAGACAATG,OXT_14,TTGAGCGTAACGACAGTG,6,15,CCCCCCTTGAGCGTAACGACAGTGCCCCCC,6,1,OXT_14,False,conv
AGGAACTAAGATCGTGTA,OXT_17,AGGAACTACGATCGTGAA,2,18,CCCCCCAGGAACTACGATCGTGAACCCCCC,2,1,OXT_17,False,conv
GGGGAAGGGCGCACCAGG,OXT_11,GGGTAAGGGCACAACAGT,4,12,CCCCCCGGGTAAGGGCACAACAGTCCCCCC,4,1,OXT_11,False,conv
GGGGGACCGAATATCAAG,OXT_22,ACGGGACCGCAGATCGAG,5,23,CCCCCCACGGGACCGCAGATCGAGCCCCCC,5,1,OXT_22,False,conv
AGGGGACCGCAGATCAAG,OXT_22,ACGGGACCGCAGATCGAG,2,23,CCCCCCACGGGACCGCAGATCGAGCCCCCC,2,1,OXT_22,False,conv
AGGAGCGTAAGTACAGTG,OXT_14,TTGAGCGTAACGACAGTG,4,15,CCCCCCTTGAGCGTAACGACAGTGCCCCCC,4,1,OXT_14,False,conv
AGGATATAACGACCTTTT,OXT_15,AGGGTATAACGTCCTTTG,3,16,CCCCCCAGGGTATAACGTCCTTTGCCCCCC,3,1,OXT_15,False,conv
GGCATTCGCCCCTCGCCT,OXT_24,GGGATTCGGTCATGTCCT,6,25,CCCCCCGGGATTCGGTCATGTCCTCCCCCC,6,1,OXT_24,False,conv
AGCATCGCAAAACGAGAA,OXT_25,TGCATCGCAACAGCAGTT,6,26,CCCCCCTGCATCGCAACAGCAGTTCCCCCC,6,1,OXT_25,False,conv
ACCGGACCGACTCTAGAG,OXT_05,GGCGGACAGACTCTAATG,5,5,CCCCCCGGCGGACAGACTCTAATGCCCCCC,5,1,OXT_05,False,conv
TGCATCGCAACAGCACCT,OXT_25,TGCATCGCAACAGCAGTT,2,26,CCCCCCTGCATCGCAACAGCAGTTCCCCCC,2,1,OXT_25,False,conv
AGGAACTAAACTCCAGAG,OXT_17,AGGAACTACGATCGTGAA,6,18,CCCCCCAGGAACTACGATCGTGAACCCCCC,6,1,OXT_17,False,conv
GGCATCGGATCAGGTCTT,OXT_24,GGGATTCGGTCATGTCCT,6,25,CCCCCCGGGATTCGGTCATGTCCTCCCCCC,5,2,OXT_24;OXT_25,False,conv
GGCGTACGGCCCCCACCG,OXT_05,GGCGGACAGACTCTAATG,7,5,CCCCCCGGCGGACAGACTCTAATGCCCCCC,7,1,OXT_05,False,conv
AGCATCGCAAAAGCAGTA,OXT_25,TGCATCGCAACAGCAGTT,3,26,CCCCCCTGCATCGCAACAGCAGTTCCCCCC,3,1,OXT_25,False,conv
ATGAACGACGATCGAGAA,OXT_17,AGGAACTACGATCGTGAA,3,18,CCCCCCAGGAACTACGATCGTGAACCCCCC,3,1,OXT_17,False,conv
AAGTAGGCGCAGAACAAG,OXT_23,AAGTAGGGACAGAATACG,4,24,CCCCCCAAGTAGGGACAGAATACGCCCCCC,4,1,OXT_23,False,conv
GGGGTACGGACCCCAAGT,OXT_05,GGCGGACAGACTCTAATG,7,5,CCCCCCGGCGGACAGACTCTAATGCCCCCC,7,1,OXT_05,False,conv
GGGTAACGGACCCACAGT,OXT_11,GGGTAAGGGCACAACAGT,4,12,CCCCCCGGGTAAGGGCACAACAGTCCCCCC,4,1,OXT_11,False,conv
GGGGTATAGCGTCCTATG,OXT_15,AGGGTATAACGTCCTTTG,3,16,CCCCCCAGGGTATAACGTCCTTTGCCCCCC,3,1,OXT_15,False,conv
AAGTAGGCACAGAATACG,OXT_23,AAGTAGGGACAGAATACG,1,24,CCCCCCAAGTAGGGACAGAATACGCCCCCC,1,1,OXT_23,False,conv
GCCATTCGACCATCGCCT,OXT_24,GGGATTCGGTCATGTCCT,6,25,CCCCCCGGGATTCGGTCATGTCCTCCCCCC,6,1,OXT_24,False,conv
GGGATCGGAACATGTCTT,OXT_24,GGGATTCGGTCATGTCCT,5,25,CCCCCCGGGATTCGGTCATGTCCTCCCCCC,4,1,OXT_24,False,conv
GGGGTACAGACTCCAAGT,OXT_05,GGCGGACAGACTCTAATG,5,5,CCCCCCGGCGGACAGACTCTAATGCCCCCC,5,1,OXT_05,False,conv
AGGTAAGGACACAATAGG,OXT_11,GGGTAAGGGCACAACAGT,4,12,CCCCCCGGGTAAGGGCACAACAGTCCCCCC,4,2,OXT_11;OXT_23,False,conv
ACGTGGCCGCAGAACGAG,OXT_22,ACGGGACCGCAGATCGAG,3,23,CCCCCCACGGGACCGCAGATCGAGCCCCCC,3,1,OXT_22,False,conv
AGGAACTAAGGTCGTGTA,OXT_17,AGGAACTACGATCGTGAA,3,18,CCCCCCAGGAACTACGATCGTGAACCCCCC,3,1,OXT_17,False,conv
AGGAACTAAAATCCTGAG,OXT_17,AGGAACTACGATCGTGAA,4,18,CCCCCCAGGAACTACGATCGTGAACCCCCC,4,1,OXT_17,False,conv
AGCAACTACGATCGAGAA,OXT_17,AGGAACTACGATCGTGAA,2,18,CCCCCCAGGAACTACGATCGTGAACCCCCC,2,1,OXT_17,False,conv
ATGAGCGTCACGAGAGAA,OXT_14,TTGAGCGTAACGACAGTG,5,15,CCCCCCTTGAGCGTAACGACAGTGCCCCCC,5,1,OXT_14,False,conv
CCCCGACACACTCTAACG,OXT_05,GGCGGACAGACTCTAATG,5,5,CCCCCCGGCGGACAGACTCTAATGCCCCCC,5,1,OXT_05,False,conv
GGGGTACAGACTCTAAGT,OXT_05,GGCGGACAGACTCTAATG,4,5,CCCCCCGGCGGACAGACTCTAATGCCCCCC,4,1,OXT_05,False,conv
GGGATTCGGCCCTCGCCT,OXT_24,GGGATTCGGTCATGTCCT,4,25,CCCCCCGGGATTCGGTCATGTCCTCCCCCC,4,1,OXT_24,False,conv
AGGAACGAAACTCCAGAG,OXT_14,TTGAGCGTAACGACAGTG,7,15,CCCCCCTTGAGCGTAACGACAGTGCCCCCC,7,2,OXT_14;OXT_17,False,conv
TGCATCGCAACAGCAGTA,OXT_25,TGCATCGCAACAGCAGTT,1,26,CCCCCCTGCATCGCAACAGCAGTTCCCCCC,1,1,OXT_25,False,conv
GGGTAAGGGACTCACAGT,OXT_11,GGGTAAGGGCACAACAGT,4,12,CCCCCCGGGTAAGGGCACAACAGTCCCCCC,3,1,OXT_11,False,conv
GGCCTCCACCCCCCGCCG,OXT_29,CCCCCCCCCCCCCCGCCC,5,30,CCCCCCCCCCCCCCCCCCCCGCCCCCCCCC,5,1,OXT_29,True,conv
GGCGGACCGAATCTAAAG,OXT_05,GGCGGACAGACTCTAATG,3,5,CCCCCCGGCGGACAGACTCTAATGCCCCCC,3,1,OXT_05,False,conv
ACGTGAGCGCAGAACAGG,OXT_22,ACGGGACCGCAGATCGAG,5,23,CCCCCCACGGGACCGCAGATCGAGCCCCCC,5,1,OXT_22,False,conv
TGCATCGCAACAGGAGTT,OXT_25,TGCATCGCAACAGCAGTT,1,26,CCCCCCTGCATCGCAACAGCAGTTCCCCCC,1,1,OXT_25,False,conv
GGGATACGACCATGTTTT,OXT_24,GGGATTCGGTCATGTCCT,5,25,CCCCCCGGGATTCGGTCATGTCCTCCCCCC,5,1,OXT_24,False,conv
AGGGGACCGCAGATCAGG,OXT_22,ACGGGACCGCAGATCGAG,3,23,CCCCCCACGGGACCGCAGATCGAGCCCCCC,3,1,OXT_22,False,conv
ATGAACGAAACTCCAGTG,OXT_14,TTGAGCGTAACGACAGTG,5,15,CCCCCCTTGAGCGTAACGACAGTGCCCCCC,5,1,OXT_14,False,conv
AAGAACGTAAAGAAAGCG,OXT_14,TTGAGCGTAACGACAGTG,6,15,CCCCCCTTGAGCGTAACGACAGTGCCCCCC,6,2,OXT_14;OXT_23,False,conv
GGGGAAGGACGCACTATG,OXT_11,GGGTAAGGGCACAACAGT,7,12,CCCCCCGGGTAAGGGCACAACAGTCCCCCC,7,2,OXT_11;OXT_15,False,conv
ATGAGCGTAACTACAGAG,OXT_14,TTGAGCGTAACGACAGTG,3,15,CCCCCCTTGAGCGTAACGACAGTGCCCCCC,3,1,OXT_14,False,conv
GCGGGACCGAAGCTAAAG,OXT_22,ACGGGACCGCAGATCGAG,5,23,CCCCCCACGGGACCGCAGATCGAGCCCCCC,5,1,OXT_22,False,conv
CCCCGACACCCTCTGCCG,OXT_29,CCCCCCCCCCCCCCGCCC,6,30,CCCCCCCCCCCCCCCCCCCCGCCCCCCCCC,6,1,OXT_29,True,conv
AGGAAAGTACGGACATTG,OXT_14,TTGAGCGTAACGACAGTG,7,15,CCCCCCTTGAGCGTAACGACAGTGCCCCCC,7,2,OXT_14;OXT_15,False,conv
CCCGGACAGACTCTAAAG,OXT_05,GGCGGACAGACTCTAATG,3,5,CCCCCCGGCGGACAGACTCTAATGCCCCCC,3,1,OXT_05,False,conv
GGGTGAGCGCAGAACAGT,OXT_11,GGGTAAGGGCACAACAGT,3,12,CCCCCCGGGTAAGGGCACAACAGTCCCCCC,3,1,OXT_11,False,conv
CCCCGCCACCCCCTGCCG,OXT_29,CCCCCCCCCCCCCCGCCC,4,30,CCCCCCCCCCCCCCCCCCCCGCCCCCCCCC,4,1,OXT_29,True,conv
GGGGTATGACGACCTTTT,OXT_15,AGGGTATAACGTCCTTTG,4,16,CCCCCCAGGGTATAACGTCCTTTGCCCCCC,4,1,OXT_15,False,conv
AGGTAAGGACAGACTATG,OXT_23,AAGTAGGGACAGAATACG,4,24,CCCCCCAAGTAGGGACAGAATACGCCCCCC,4,1,OXT_23,False,conv
AAGAAGGTACAGAAAACG,OXT_23,AAGTAGGGACAGAATACG,3,24,CCCCCCAAGTAGGGACAGAATACGCCCCCC,3,1,OXT_23,False,conv
CCCCGACACACCCTACCG,OXT_05,GGCGGACAGACTCTAATG,7,5,CCCCCCGGCGGACAGACTCTAATGCCCCCC,7,3,OXT_05;OXT_19;OXT_29,False,conv
TGCATCGCAACAGGACTT,OXT_25,TGCATCGCAACAGCAGTT,2,26,CCCCCCTGCATCGCAACAGCAGTTCCCCCC,2,1,OXT_25,False,conv
GGGATTCGAACATGTTTT,OXT_24,GGGATTCGGTCATGTCCT,4,25,CCCCCCGGGATTCGGTCATGTCCTCCCCCC,4,1,OXT_24,False,conv
TAGAACGTAACGAAAGCG,OXT_14,TTGAGCGTAACGACAGTG,4,15,CCCCCCTTGAGCGTAACGACAGTGCCCCCC,4,1,OXT_14,False,conv
GGGGTACGGCGTCCTCTT,OXT_15,AGGGTATAACGTCCTTTG,6,16,CCCCCCAGGGTATAACGTCCTTTGCCCCCC,6,1,OXT_15,False,conv
TGCATCGGAACAGGATTT,OXT_25,TGCATCGCAACAGCAGTT,3,26,CCCCCCTGCATCGCAACAGCAGTTCCCCCC,3,1,OXT_25,False,conv
GGGGGACAGAACATAAGG,OXT_05,GGCGGACAGACTCTAATG,5,5,CCCCCCGGCGGACAGACTCTAATGCCCCCC,5,1,OXT_05,False,conv
GGGGTACGGCCACGTTTT,OXT_24,GGGATTCGGTCATGTCCT,6,25,CCCCCCGGGATTCGGTCATGTCCTCCCCCC,6,1,OXT_24,False,conv
GGGGGACCGCACATCATG,OXT_22,ACGGGACCGCAGATCGAG,5,23,CCCCCCACGGGACCGCAGATCGAGCCCCCC,5,1,OXT_22,False,conv
GGGGTACAGACTCTAACG,OXT_05,GGCGGACAGACTCTAATG,3,5,CCCCCCGGCGGACAGACTCTAATGCCCCCC,3,1,OXT_05,False,conv
AGCATCTAAAGTCGTTTT,OXT_15,AGGGTATAACGTCCTTTG,6,16,CCCCCCAGGGTATAACGTCCTTTGCCCCCC,6,1,OXT_15,False,conv
GGGGTATGACGTCCCAGG,OXT_15,AGGGTATAACGTCCTTTG,5,16,CCCCCCAGGGTATAACGTCCTTTGCCCCCC,5,1,OXT_15,False,conv
ATGAACGAAACTCCAGAG,OXT_14,TTGAGCGTAACGACAGTG,6,15,CCCCCCTTGAGCGTAACGACAGTGCCCCCC,6,1,OXT_14,False,conv
ACGTGAGCGCAGAACAAT,OXT_22,ACGGGACCGCAGATCGAG,5,23,CCCCCCACGGGACCGCAGATCGAGCCCCCC,5,1,OXT_22,False,conv
TGCATCCGATCAGGACCT,OXT_24,GGGATTCGGTCATGTCCT,6,25,CCCCCCGGGATTCGGTCATGTCCTCCCCCC,6,2,OXT_24;OXT_25,False,conv
GGGGTACGGCGTCGTCGT,OXT_24,GGGATTCGGTCATGTCCT,7,25,CCCCCCGGGATTCGGTCATGTCCTCCCCCC,6,1,OXT_24,False,conv
ATGAACGACAATCGAGAA,OXT_17,AGGAACTACGATCGTGAA,4,18,CCCCCCAGGAACTACGATCGTGAACCCCCC,4,1,OXT_17,False,conv
AGGAAAGGACGTACATTG,OXT_15,AGGGTATAACGTCCTTTG,6,16,CCCCCCAGGGTATAACGTCCTTTGCCCCCC,6,1,OXT_15,False,conv
AGGGGACCGCAGAACAGG,OXT_22,ACGGGACCGCAGATCGAG,4,23,CCCCCCACGGGACCGCAGATCGAGCCCCCC,4,1,OXT_22,False,conv
GGGGTAGGGCGCCCCAGT,OXT_11,GGGTAAGGGCACAACAGT,5,12,CCCCCCGGGTAAGGGCACAACAGTCCCCCC,5,1,OXT_11,False,conv
GGCATTCGAACATGTCTT,OXT_24,GGGATTCGGTCATGTCCT,4,25,CCCCCCGGGATTCGGTCATGTCCTCCCCCC,4,1,OXT_24,False,conv
GGCGGACAGACTCTAAAG,OXT_05,GGCGGACAGACTCTAATG,1,5,CCCCCCGGCGGACAGACTCTAATGCCCCCC,1,1,OXT_05,False,conv
AGGAGCGTACGTACAGTG,OXT_14,TTGAGCGTAACGACAGTG,5,15,CCCCCCTTGAGCGTAACGACAGTGCCCCCC,4,1,OXT_14,False,conv
AGCATCGAAAAACGTGTA,OXT_17,AGGAACTACGATCGTGAA,7,18,CCCCCCAGGAACTACGATCGTGAACCCCCC,7,2,OXT_17;OXT_25,False,conv
GGCATCCGATCATGTCTT,OXT_24,GGGATTCGGTCATGTCCT,4,25,CCCCCCGGGATTCGGTCATGTCCTCCCCCC,4,1,OXT_24,False,conv
AGCATCGCAACACGTTTT,OXT_25,TGCATCGCAACAGCAGTT,5,26,CCCCCCTGCATCGCAACAGCAGTTCCCCCC,5,1,OXT_25,False,conv
AGGGTATGACGACCTTTT,OXT_15,AGGGTATAACGTCCTTTG,3,16,CCCCCCAGGGTATAACGTCCTTTGCCCCCC,3,1,OXT_15,False,conv
AGCATCGAAAAACGTGTT,OXT_25,TGCATCGCAACAGCAGTT,6,26,CCCCCCTGCATCGCAACAGCAGTTCCCCCC,6,1,OXT_25,False,conv
GGGGGACCGCAGAACAGG,OXT_22,ACGGGACCGCAGATCGAG,5,23,CCCCCCACGGGACCGCAGATCGAGCCCCCC,5,1,OXT_22,False,conv
GCCCGACACCCCCCGCCG,OXT_29,CCCCCCCCCCCCCCGCCC,5,30,CCCCCCCCCCCCCCCCCCCCGCCCCCCCCC,5,1,OXT_29,True,conv
GGGGGACAGAACCTAATG,OXT_05,GGCGGACAGACTCTAATG,3,5,CCCCCCGGCGGACAGACTCTAATGCCCCCC,3,1,OXT_05,False,conv
AGGATTCGATCATGTTTT,OXT_24,GGGATTCGGTCATGTCCT,4,25,CCCCCCGGGATTCGGTCATGTCCTCCCCCC,4,1,OXT_24,False,conv
GGCATCCGCCCCTCGCCT,OXT_24,GGGATTCGGTCATGTCCT,7,25,CCCCCCGGGATTCGGTCATGTCCTCCCCCC,7,2,OXT_24;OXT_29,False,conv
AGGAACGAACGTACATTG,OXT_15,AGGGTATAACGTCCTTTG,6,16,CCCCCCAGGGTATAACGTCCTTTGCCCCCC,6,1,OXT_15,False,conv
GGGTGACGGCAGAACAGT,OXT_11,GGGTAAGGGCACAACAGT,3,12,CCCCCCGGGTAAGGGCACAACAGTCCCCCC,3,1,OXT_11,False,conv
AGGAGCGAACGTCCATTG,OXT_15,AGGGTATAACGTCCTTTG,5,16,CCCCCCAGGGTATAACGTCCTTTGCCCCCC,5,1,OXT_15,False,conv
GGGATACGGCCATGTCTT,OXT_24,GGGATTCGGTCATGTCCT,3,25,CCCCCCGGGATTCGGTCATGTCCTCCCCCC,3,1,OXT_24,False,conv
AGGAGAGTACCTACATTG,OXT_14,TTGAGCGTAACGACAGTG,6,15,CCCCCCTTGAGCGTAACGACAGTGCCCCCC,6,1,OXT_14,False,conv
ACGGGACCGCAGAACGAG,OXT_22,ACGGGACCGCAGATCGAG,1,23,CCCCCCACGGGACCGCAGATCGAGCCCCCC,1,1,OXT_22,False,conv
AGGAACTAAGATCGAGAA,OXT_17,AGGAACTACGATCGTGAA,2,18,CCCCCCAGGAACTACGATCGTGAACCCCCC,2,1,OXT_17,False,conv
AGGGTATGACGTCCTTTT,OXT_15,AGGGTATAACGTCCTTTG,2,16,CCCCCCAGGGTATAACGTCCTTTGCCCCCC,2,1,OXT_15,False,conv
AGGATCGGAACATGTCTT,OXT_24,GGGATTCGGTCATGTCCT,6,25,CCCCCCGGGATTCGGTCATGTCCTCCCCCC,5,1,OXT_24,False,conv
GGCGGACAGAATCTAAAG,OXT_05,GGCGGACAGACTCTAATG,2,5,CCCCCCGGCGGACAGACTCTAATGCCCCCC,2,1,OXT_05,False,conv
GGGATATGACGACGTTTT,OXT_15,AGGGTATAACGTCCTTTG,6,16,CCCCCCAGGGTATAACGTCCTTTGCCCCCC,6,1,OXT_15,False,conv
AGCATCTAAAGTCGTGTA,OXT_17,AGGAACTACGATCGTGAA,6,18,CCCCCCAGGAACTACGATCGTGAACCCCCC,6,1,OXT_17,False,conv
GGGATATGACCACGTTTT,OXT_15,AGGGTATAACGTCCTTTG,7,16,CCCCCCAGGGTATAACGTCCTTTGCCCCCC,7,2,OXT_15;OXT_24,False,conv
GGGGGACGGAACAACAGT,OXT_11,GGGTAAGGGCACAACAGT,4,12,CCCCCCGGGTAAGGGCACAACAGTCCCCCC,4,1,OXT_11,False,conv
GGGGGACAGAACCTCAGG,OXT_05,GGCGGACAGACTCTAATG,5,5,CCCCCCGGCGGACAGACTCTAATGCCCCCC,5,1,OXT_05,False,conv
AGGAACGAAAGTCCAGTG,OXT_14,TTGAGCGTAACGACAGTG,7,15,CCCCCCTTGAGCGTAACGACAGTGCCCCCC,7,2,OXT_14;OXT_15,False,conv
TGCATCGGATCAGCTCCT,OXT_25,TGCATCGCAACAGCAGTT,5,26,CCCCCCTGCATCGCAACAGCAGTTCCCCCC,5,1,OXT_25,False,conv
AGGAACTAAAATCGAGAG,OXT_17,AGGAACTACGATCGTGAA,4,18,CCCCCCAGGAACTACGATCGTGAACCCCCC,4,1,OXT_17,False,conv
GGGGTAGAACGTCCTATG,OXT_15,AGGGTATAACGTCCTTTG,3,16,CCCCCCAGGGTATAACGTCCTTTGCCCCCC,3,1,OXT_15,False,conv
AGGGTAGGACGTACTTTG,OXT_15,AGGGTATAACGTCCTTTG,3,16,CCCCCCAGGGTATAACGTCCTTTGCCCCCC,3,1,OXT_15,False,conv
AGGATAGAACGTCCTTTG,OXT_15,AGGGTATAACGTCCTTTG,2,16,CCCCCCAGGGTATAACGTCCTTTGCCCCCC,2,1,OXT_15,False,conv
TGCATCGGAACAGCACCT,OXT_25,TGCATCGCAACAGCAGTT,3,26,CCCCCCTGCATCGCAACAGCAGTTCCCCCC,3,1,OXT_25,False,conv
AGGTAAGGACGCACAATG,OXT_11,GGGTAAGGGCACAACAGT,7,12,CCCCCCGGGTAAGGGCACAACAGTCCCCCC,6,2,OXT_11;OXT_23,False,conv
GCCCGCCACCCCCCGCCG,OXT_29,CCCCCCCCCCCCCCGCCC,4,30,CCCCCCCCCCCCCCCCCCCCGCCCCCCCCC,4,1,OXT_29,True,conv
AAGTAGGGGCAGAACAGG,OXT_23,AAGTAGGGACAGAATACG,3,24,CCCCCCAAGTAGGGACAGAATACGCCCCCC,3,1,OXT_23,False,conv
AGCATCGCAACAGCAGTA,OXT_25,TGCATCGCAACAGCAGTT,2,26,CCCCCCTGCATCGCAACAGCAGTTCCCCCC,2,1,OXT_25,False,conv
AGGATTGGAACATGTTTT,OXT_24,GGGATTCGGTCATGTCCT,6,25,CCCCCCGGGATTCGGTCATGTCCTCCCCCC,6,1,OXT_24,False,conv
GGGGTACGGCGATGTTTT,OXT_24,GGGATTCGGTCATGTCCT,6,25,CCCCCCGGGATTCGGTCATGTCCTCCCCCC,6,1,OXT_24,False,conv
ATGAGCGTAACTACATTG,OXT_14,TTGAGCGTAACGACAGTG,3,15,CCCCCCTTGAGCGTAACGACAGTGCCCCCC,3,1,OXT_14,False,conv
AGCATCGAAGATCGTGAA,OXT_17,AGGAACTACGATCGTGAA,4,18,CCCCCCAGGAACTACGATCGTGAACCCCCC,4,1,OXT_17,False,conv
CCCCTCCGCCCCTCGCCC,OXT_29,CCCCCCCCCCCCCCGCCC,3,30,CCCCCCCCCCCCCCCCCCCCGCCCCCCCCC,3,1,OXT_29,True,conv
GGGGGACAGACTCTAACG,OXT_05,GGCGGACAGACTCTAATG,2,5,CCCCCCGGCGGACAGACTCTAATGCCCCCC,2,1,OXT_05,False,conv
GGGATTCGGCCCTGTCCT,OXT_24,GGGATTCGGTCATGTCCT,2,25,CCCCCCGGGATTCGGTCATGTCCTCCCCCC,2,1,OXT_24,False,conv
ACGGGACCGAAGCTAGAG,OXT_22,ACGGGACCGCAGATCGAG,3,23,CCCCCCACGGGACCGCAGATCGAGCCCCCC,3,1,OXT_22,False,conv
ATGAACGTCAATCGAGAA,OXT_17,AGGAACTACGATCGTGAA,5,18,CCCCCCAGGAACTACGATCGTGAACCCCCC,5,1,OXT_17,False,conv
GGGATTGGAACATGTTTT,OXT_24,GGGATTCGGTCATGTCCT,5,25,CCCCCCGGGATTCGGTCATGTCCTCCCCCC,5,1,OXT_24,False,conv
GCCGGACAGACTCTAACG,OXT_05,GGCGGACAGACTCTAATG,2,5,CCCCCCGGCGGACAGACTCTAATGCCCCCC,2,1,OXT_05,False,conv
AGCATCGAAAGACGTGTT,OXT_25,TGCATCGCAACAGCAGTT,6,26,CCCCCCTGCATCGCAACAGCAGTTCCCCCC,6,1,OXT_25,False,conv
AGGGGACCGCAGAACAAG,OXT_22,ACGGGACCGCAGATCGAG,3,23,CCCCCCACGGGACCGCAGATCGAGCCCCCC,3,1,OXT_22,False,conv
AGGAGCTAACGTCCATTG,OXT_15,AGGGTATAACGTCCTTTG,4,16,CCCCCCAGGGTATAACGTCCTTTGCCCCCC,4,1,OXT_15,False,conv
AGCATCGCCGATCGAGAA,OXT_17,AGGAACTACGATCGTGAA,5,18,CCCCCCAGGAACTACGATCGTGAACCCCCC,5,1,OXT_17,False,conv
GGCATACAGCCCCCACCG,OXT_05,GGCGGACAGACTCTAATG,7,5,CCCCCCGGCGGACAGACTCTAATGCCCCCC,7,1,OXT_05,False,conv
TAGAACGTAAAGACAATG,OXT_14,TTGAGCGTAACGACAGTG,4,15,CCCCCCTTGAGCGTAACGACAGTGCCCCCC,4,1,OXT_14,False,conv
AGCATCGCAAAAGGAGAA,OXT_25,TGCATCGCAACAGCAGTT,5,26,CCCCCCTGCATCGCAACAGCAGTTCCCCCC,5,1,OXT_25,False,conv
GGGGTACGGACCCAAAGT,OXT_05,GGCGGACAGACTCTAATG,7,5,CCCCCCGGCGGACAGACTCTAATGCCCCCC,7,2,OXT_05;OXT_11,False,conv
GGCCGACACACCCTACCG,OXT_05,GGCGGACAGACTCTAATG,5,5,CCCCCCGGCGGACAGACTCTAATGCCCCCC,5,1,OXT_05,False,conv
GGCATCCGATCATGTCCT,OXT_24,GGGATTCGGTCATGTCCT,3,25,CCCCCCGGGATTCGGTCATGTCCTCCCCCC,3,1,OXT_24,False,conv
ATGAACGACGAGCGAGAA,OXT_17,AGGAACTACGATCGTGAA,4,18,CCCCCCAGGAACTACGATCGTGAACCCCCC,4,1,OXT_17,False,conv
AGCATCGCAAATCGAGTA,OXT_25,TGCATCGCAACAGCAGTT,6,26,CCCCCCTGCATCGCAACAGCAGTTCCCCCC,5,1,OXT_25,False,conv
GGGTGACAGAACCAAAGT,OXT_11,GGGTAAGGGCACAACAGT,6,12,CCCCCCGGGTAAGGGCACAACAGTCCCCCC,6,1,OXT_11,False,conv
AGCATCGCCGAAGGAGAA,OXT_28,AGCGGCGGCGACGGCGAA,5,29,CCCCCCAGCGGCGGCGACGGCGAACCCCCC,5,1,OXT_28,False,conv
GCCCGACACACCCTACCG,OXT_05,GGCGGACAGACTCTAATG,6,5,CCCCCCGGCGGACAGACTCTAATGCCCCCC,6,1,OXT_05,False,conv
GGGGGACCGAACATCAAG,OXT_22,ACGGGACCGCAGATCGAG,5,23,CCCCCCACGGGACCGCAGATCGAGCCCCCC,5,1,OXT_22,False,conv
AGCATCGCAAAAGCAGAA,OXT_25,TGCATCGCAACAGCAGTT,4,26,CCCCCCTGCATCGCAACAGCAGTTCCCCCC,4,1,OXT_25,False,conv
GGGGGACGGCAGAACAGT,OXT_11,GGGTAAGGGCACAACAGT,4,12,CCCCCCGGGTAAGGGCACAACAGTCCCCCC,4,1,OXT_11,False,conv
ATGAACGTAAAGCGAGAA,OXT_14,TTGAGCGTAACGACAGTG,7,15,CCCCCCTTGAGCGTAACGACAGTGCCCCCC,7,2,OXT_14;OXT_17,False,conv
AGGATTCGAACATGTTTT,OXT_24,GGGATTCGGTCATGTCCT,5,25,CCCCCCGGGATTCGGTCATGTCCTCCCCCC,5,1,OXT_24,False,conv
AGCATCTAAAGACGTTTT,OXT_15,AGGGTATAACGTCCTTTG,7,16,CCCCCCAGGGTATAACGTCCTTTGCCCCCC,7,1,OXT_15,False,conv
AGGATTGGACCATGTTTT,OXT_24,GGGATTCGGTCATGTCCT,6,25,CCCCCCGGGATTCGGTCATGTCCTCCCCCC,6,1,OXT_24,False,conv
AGCATCGACGATCGTGAA,OXT_17,AGGAACTACGATCGTGAA,3,18,CCCCCCAGGAACTACGATCGTGAACCCCCC,3,1,OXT_17,False,conv
AGGAAAGTACAGACAATG,OXT_14,TTGAGCGTAACGACAGTG,7,15,CCCCCCTTGAGCGTAACGACAGTGCCCCCC,7,2,OXT_14;OXT_23,False,conv
ATGAACGTAAATCCAGAA,OXT_14,TTGAGCGTAACGACAGTG,7,15,CCCCCCTTGAGCGTAACGACAGTGCCCCCC,7,2,OXT_14;OXT_17,False,conv
AGGAACTAAAATCGTGTG,OXT_17,AGGAACTACGATCGTGAA,4,18,CCCCCCAGGAACTACGATCGTGAACCCCCC,4,1,OXT_17,False,conv
TTGAACGTAAAGACAGTG,OXT_14,TTGAGCGTAACGACAGTG,2,15,CCCCCCTTGAGCGTAACGACAGTGCCCCCC,2,1,OXT_14,False,conv
GGCCTCCGGCCCCCGCCT,OXT_29,CCCCCCCCCCCCCCGCCC,6,30,CCCCCCCCCCCCCCCCCCCCGCCCCCCCCC,6,1,OXT_29,True,conv
GCCATCCGCCCCTCGCCC,OXT_29,CCCCCCCCCCCCCCGCCC,5,30,CCCCCCCCCCCCCCCCCCCCGCCCCCCCCC,5,1,OXT_29,True,conv
AGGAACGAACGTCCATTG,OXT_15,AGGGTATAACGTCCTTTG,5,16,CCCCCCAGGGTATAACGTCCTTTGCCCCCC,5,1,OXT_15,False,conv
AAGTAGGCACAGAACACG,OXT_23,AAGTAGGGACAGAATACG,2,24,CCCCCCAAGTAGGGACAGAATACGCCCCCC,2,1,OXT_23,False,conv
AAGTAAGGGCAGAACAAT,OXT_11,GGGTAAGGGCACAACAGT,4,12,CCCCCCGGGTAAGGGCACAACAGTCCCCCC,4,1,OXT_11,False,conv
GCGGGACCGAATATAAAG,OXT_22,ACGGGACCGCAGATCGAG,5,23,CCCCCCACGGGACCGCAGATCGAGCCCCCC,5,1,OXT_22,False,conv
TTGAGCGTAACGACAGCG,OXT_14,TTGAGCGTAACGACAGTG,1,15,CCCCCCTTGAGCGTAACGACAGTGCCCCCC,1,1,OXT_14,False,conv
AGCATCGCAAAACGAGTT,OXT_25,TGCATCGCAACAGCAGTT,4,26,CCCCCCTGCATCGCAACAGCAGTTCCCCCC,4,1,OXT_25,False,conv
GGGGAAGGACGTACTATG,OXT_15,AGGGTATAACGTCCTTTG,6,16,CCCCCCAGGGTATAACGTCCTTTGCCCCCC,6,1,OXT_15,False,conv
GGGATACGGTCCTGTCCT,OXT_24,GGGATTCGGTCATGTCCT,2,25,CCCCCCGGGATTCGGTCATGTCCTCCCCCC,2,1,OXT_24,False,conv
GGGGTATAACGTCCTTTT,OXT_15,AGGGTATAACGTCCTTTG,2,16,CCCCCCAGGGTATAACGTCCTTTGCCCCCC,2,1,OXT_15,False,conv
CCCCCCCACCCCCCGCCG,OXT_29,CCCCCCCCCCCCCCGCCC,2,30,CCCCCCCCCCCCCCCCCCCCGCCCCCCCCC,2,1,OXT_29,True,conv
CCCCGACACACTCTACCG,OXT_05,GGCGGACAGACTCTAATG,6,5,CCCCCCGGCGGACAGACTCTAATGCCCCCC,6,1,OXT_05,False,conv
GCCATCCGCCCCTCGCCT,OXT_29,CCCCCCCCCCCCCCGCCC,6,30,CCCCCCCCCCCCCCCCCCCCGCCCCCCCCC,6,1,OXT_29,True,conv
TTGAACGTAAAGACAATG,OXT_14,TTGAGCGTAACGACAGTG,3,15,CCCCCCTTGAGCGTAACGACAGTGCCCCCC,3,1,OXT_14,False,conv
GGGGTATAGCGTCCCAGG,OXT_15,AGGGTATAACGTCCTTTG,5,16,CCCCCCAGGGTATAACGTCCTTTGCCCCCC,5,1,OXT_15,False,conv
AAGTGAGCGCAGAACAAT,OXT_11,GGGTAAGGGCACAACAGT,6,12,CCCCCCGGGTAAGGGCACAACAGTCCCCCC,6,2,OXT_11;OXT_22,False,conv
AGCATCGCAAATCGAGAA,OXT_17,AGGAACTACGATCGTGAA,7,18,CCCCCCAGGAACTACGATCGTGAACCCCCC,7,2,OXT_17;OXT_25,False,conv
AGCAACGCCGAAGGAGAA,OXT_28,AGCGGCGGCGACGGCGAA,5,29,CCCCCCAGCGGCGGCGACGGCGAACCCCCC,5,1,OXT_28,False,conv
TAGAGCGTAAAGAAAGCG,OXT_14,TTGAGCGTAACGACAGTG,4,15,CCCCCCTTGAGCGTAACGACAGTGCCCCCC,4,1,OXT_14,False,conv
GGGGTACAGACCCCAAGG,OXT_05,GGCGGACAGACTCTAATG,5,5,CCCCCCGGCGGACAGACTCTAATGCCCCCC,5,1,OXT_05,False,conv
AAGAAGGTACAGAAAGCG,OXT_23,AAGTAGGGACAGAATACG,4,24,CCCCCCAAGTAGGGACAGAATACGCCCCCC,4,1,OXT_23,False,conv
ACCGGACCGAAGATAGAG,OXT_22,ACGGGACCGCAGATCGAG,3,23,CCCCCCACGGGACCGCAGATCGAGCCCCCC,3,1,OXT_22,False,conv
GGGTAAGGACGCACCAGT,OXT_11,GGGTAAGGGCACAACAGT,3,12,CCCCCCGGGTAAGGGCACAACAGTCCCCCC,3,1,OXT_11,False,conv
AAGTACGTACAGAAAATG,OXT_23,AAGTAGGGACAGAATACG,4,24,CCCCCCAAGTAGGGACAGAATACGCCCCCC,4,1,OXT_23,False,conv
TAGAGCGTAACGAAAGAG,OXT_14,TTGAGCGTAACGACAGTG,3,15,CCCCCCTTGAGCGTAACGACAGTGCCCCCC,3,1,OXT_14,False,conv
ATGAACGGACAGACAATG,OXT_14,TTGAGCGTAACGACAGTG,6,15,CCCCCCTTGAGCGTAACGACAGTGCCCCCC,6,2,OXT_14;OXT_23,False,conv
ACGGGACCGAAGCTAAAG,OXT_22,ACGGGACCGCAGATCGAG,4,23,CCCCCCACGGGACCGCAGATCGAGCCCCCC,4,1,OXT_22,False,conv
AGCATCGCAAAACCAGTA,OXT_25,TGCATCGCAACAGCAGTT,4,26,CCCCCCTGCATCGCAACAGCAGTTCCCCCC,4,1,OXT_25,False,conv
TAGAACGTAAAGACAGTG,OXT_14,TTGAGCGTAACGACAGTG,3,15,CCCCCCTTGAGCGTAACGACAGTGCCCCCC,3,1,OXT_14,False,conv
AGCATCGCCGAACGAGAA,OXT_17,AGGAACTACGATCGTGAA,6,18,CCCCCCAGGAACTACGATCGTGAACCCCCC,6,2,OXT_17;OXT_28,False,conv
AGGAAAGTACCTACATTG,OXT_14,TTGAGCGTAACGACAGTG,7,15,CCCCCCTTGAGCGTAACGACAGTGCCCCCC,7,2,OXT_14;OXT_15,False,conv
CCCCGACACACTCTGCTG,OXT_05,GGCGGACAGACTCTAATG,6,5,CCCCCCGGCGGACAGACTCTAATGCCCCCC,6,1,OXT_05,False,conv
TAGAACGTAACGACAGTG,OXT_14,TTGAGCGTAACGACAGTG,2,15,CCCCCCTTGAGCGTAACGACAGTGCCCCCC,2,1,OXT_14,False,conv
ATGAGCGTAAAGACAGAA,OXT_14,TTGAGCGTAACGACAGTG,4,15,CCCCCCTTGAGCGTAACGACAGTGCCCCCC,4,1,OXT_14,False,conv
CCCATCCGACCATCTCCT,OXT_24,GGGATTCGGTCATGTCCT,7,25,CCCCCCGGGATTCGGTCATGTCCTCCCCCC,7,1,OXT_24,False,conv
GGGATACGGCCCTGTCCT,OXT_24,GGGATTCGGTCATGTCCT,3,25,CCCCCCGGGATTCGGTCATGTCCTCCCCCC,3,1,OXT_24,False,conv
ACCGGACCGAATCTAAAG,OXT_05,GGCGGACAGACTCTAATG,5,5,CCCCCCGGCGGACAGACTCTAATGCCCCCC,5,1,OXT_05,False,conv
CCCATCCGCCCCTCGCCC,OXT_29,CCCCCCCCCCCCCCGCCC,4,30,CCCCCCCCCCCCCCCCCCCCGCCCCCCCCC,4,1,OXT_29,True,conv
TGCATCGGATCATGTCTT,OXT_24,GGGATTCGGTCATGTCCT,6,25,CCCCCCGGGATTCGGTCATGTCCTCCCCCC,5,2,OXT_24;OXT_25,False,conv
GGGATTCGGTCATGTTTT,OXT_24,GGGATTCGGTCATGTCCT,2,25,CCCCCCGGGATTCGGTCATGTCCTCCCCCC,2,1,OXT_24,False,conv
GCCCCCCACCCCCCGCCG,OXT_29,CCCCCCCCCCCCCCGCCC,3,30,CCCCCCCCCCCCCCCCCCCCGCCCCCCCCC,3,1,OXT_29,True,conv
TGCATCGCAAAAGCAGAA,OXT_25,TGCATCGCAACAGCAGTT,3,26,CCCCCCTGCATCGCAACAGCAGTTCCCCCC,3,1,OXT_25,False,conv
TTGAGCGTAACGACAGAA,OXT_14,TTGAGCGTAACGACAGTG,2,15,CCCCCCTTGAGCGTAACGACAGTGCCCCCC,2,1,OXT_14,False,conv
CCCCGCCCCCCCCTGCCC,OXT_29,CCCCCCCCCCCCCCGCCC,2,30,CCCCCCCCCCCCCCCCCCCCGCCCCCCCCC,2,1,OXT_29,True,conv
GCCCGACACCCCCTGCCG,OXT_29,CCCCCCCCCCCCCCGCCC,6,30,CCCCCCCCCCCCCCCCCCCCGCCCCCCCCC,6,1,OXT_29,True,conv
AGCATCGAAAAACGAGTA,OXT_25,TGCATCGCAACAGCAGTT,6,26,CCCCCCTGCATCGCAACAGCAGTTCCCCCC,6,1,OXT_25,False,conv
ATGAACGTAAAGCCAGAA,OXT_14,TTGAGCGTAACGACAGTG,6,15,CCCCCCTTGAGCGTAACGACAGTGCCCCCC,6,1,OXT_14,False,conv
GGGGTACAGACTCAAAGG,OXT_05,GGCGGACAGACTCTAATG,4,5,CCCCCCGGCGGACAGACTCTAATGCCCCCC,4,1,OXT_05,False,conv
ATGAGCGAAACTACAGTG,OXT_14,TTGAGCGTAACGACAGTG,3,15,CCCCCCTTGAGCGTAACGACAGTGCCCCCC,3,1,OXT_14,False,conv
GCCCGACACACCCTGCCG,OXT_05,GGCGGACAGACTCTAATG,7,5,CCCCCCGGCGGACAGACTCTAATGCCCCCC,7,2,OXT_05;OXT_29,False,conv
AAGTGGGCGCAGAACAAG,OXT_23,AAGTAGGGACAGAATACG,5,24,CCCCCCAAGTAGGGACAGAATACGCCCCCC,5,1,OXT_23,False,conv
GGCATCCGATCAGCTCCT,OXT_24,GGGATTCGGTCATGTCCT,5,25,CCCCCCGGGATTCGGTCATGTCCTCCCCCC,5,1,OXT_24,False,conv
GCCATCCGACCATCTCCT,OXT_24,GGGATTCGGTCATGTCCT,6,25,CCCCCCGGGATTCGGTCATGTCCTCCCCCC,6,1,OXT_24,False,conv
GGGGGACAGACTCAAAGG,OXT_05,GGCGGACAGACTCTAATG,3,5,CCCCCCGGCGGACAGACTCTAATGCCCCCC,3,1,OXT_05,False,conv
AGCATCGCAACAGGTTTT,OXT_25,TGCATCGCAACAGCAGTT,4,26,CCCCCCTGCATCGCAACAGCAGTTCCCCCC,4,1,OXT_25,False,conv
AGGAACGAACGTCCTTTG,OXT_15,AGGGTATAACGTCCTTTG,4,16,CCCCCCAGGGTATAACGTCCTTTGCCCCCC,4,1,OXT_15,False,conv
ATGAACGTCAAGAGAGAA,OXT_14,TTGAGCGTAACGACAGTG,7,15,CCCCCCTTGAGCGTAACGACAGTGCCCCCC,7,2,OXT_14;OXT_17,False,conv
GGGGGACAGAACCTCAGT,OXT_05,GGCGGACAGACTCTAATG,6,5,CCCCCCGGCGGACAGACTCTAATGCCCCCC,6,1,OXT_05,False,conv
GGGATTCGGCCACGTCCT,OXT_24,GGGATTCGGTCATGTCCT,2,25,CCCCCCGGGATTCGGTCATGTCCTCCCCCC,2,1,OXT_24,False,conv
AGGATCTGACCACGTTTT,OXT_15,AGGGTATAACGTCCTTTG,7,16,CCCCCCAGGGTATAACGTCCTTTGCCCCCC,7,1,OXT_15,False,conv
AAGTAGGGACAGAATATG,OXT_23,AAGTAGGGACAGAATACG,1,24,CCCCCCAAGTAGGGACAGAATACGCCCCCC,1,1,OXT_23,False,conv
ATGAACGTAAATCGAGAA,OXT_17,AGGAACTACGATCGTGAA,6,18,CCCCCCAGGAACTACGATCGTGAACCCCCC,5,1,OXT_17,False,conv
GGGTAACGGCGTCACAGT,OXT_11,GGGTAAGGGCACAACAGT,4,12,CCCCCCGGGTAAGGGCACAACAGTCCCCCC,4,1,OXT_11,False,conv
ATGAACTACGAGCGAGAA,OXT_17,AGGAACTACGATCGTGAA,3,18,CCCCCCAGGAACTACGATCGTGAACCCCCC,3,1,OXT_17,False,conv
GGCATTCGGCCCCCACCG,OXT_24,GGGATTCGGTCATGTCCT,7,25,CCCCCCGGGATTCGGTCATGTCCTCCCCCC,7,1,OXT_24,False,conv
AAGTACGGACAGACAATG,OXT_23,AAGTAGGGACAGAATACG,4,24,CCCCCCAAGTAGGGACAGAATACGCCCCCC,4,1,OXT_23,False,conv
GGCGGACCGACTCTAAAG,OXT_05,GGCGGACAGACTCTAATG,2,5,CCCCCCGGCGGACAGACTCTAATGCCCCCC,2,1,OXT_05,False,conv
GGGGTAGAACGTCCTTTG,OXT_15,AGGGTATAACGTCCTTTG,2,16,CCCCCCAGGGTATAACGTCCTTTGCCCCCC,2,1,OXT_15,False,conv
ATGAACTAAAATCGAGAA,OXT_17,AGGAACTACGATCGTGAA,4,18,CCCCCCAGGAACTACGATCGTGAACCCCCC,4,1,OXT_17,False,conv
GGGGGACCGAATATCATG,OXT_05,GGCGGACAGACTCTAATG,5,5,CCCCCCGGCGGACAGACTCTAATGCCCCCC,5,1,OXT_05,False,conv
AAGTAGGCGCAGAACACG,OXT_23,AAGTAGGGACAGAATACG,3,24,CCCCCCAAGTAGGGACAGAATACGCCCCCC,3,1,OXT_23,False,conv
AGCAACGCCGATGGAGAA,OXT_17,AGGAACTACGATCGTGAA,5,18,CCCCCCAGGAACTACGATCGTGAACCCCCC,5,2,OXT_17;OXT_28,False,conv
AGGGTAGAACGTACTATG,OXT_15,AGGGTATAACGTCCTTTG,3,16,CCCCCCAGGGTATAACGTCCTTTGCCCCCC,3,1,OXT_15,False,conv
TGCATCGGGTCAGGTCCT,OXT_24,GGGATTCGGTCATGTCCT,5,25,CCCCCCGGGATTCGGTCATGTCCTCCCCCC,5,1,OXT_24,False,conv
GGGATACGACGACGTTTT,OXT_15,AGGGTATAACGTCCTTTG,7,16,CCCCCCAGGGTATAACGTCCTTTGCCCCCC,7,2,OXT_15;OXT_24,False,conv
GGGTAAGGGCATCACAGT,OXT_11,GGGTAAGGGCACAACAGT,2,12,CCCCCCGGGTAAGGGCACAACAGTCCCCCC,2,1,OXT_11,False,conv
TGCATCGCATCAGCACCT,OXT_25,TGCATCGCAACAGCAGTT,3,26,CCCCCCTGCATCGCAACAGCAGTTCCCCCC,3,1,OXT_25,False,conv
GCCATCCGCCCCCCGCCT,OXT_29,CCCCCCCCCCCCCCGCCC,5,30,CCCCCCCCCCCCCCCCCCCCGCCCCCCCCC,5,1,OXT_29,True,conv
GCCCGACACACTCTACCG,OXT_05,GGCGGACAGACTCTAATG,5,5,CCCCCCGGCGGACAGACTCTAATGCCCCCC,5,1,OXT_05,False,conv
AGGAACGAAAATCCAGAA,OXT_17,AGGAACTACGATCGTGAA,5,18,CCCCCCAGGAACTACGATCGTGAACCCCCC,5,1,OXT_17,False,conv
TTGAGCGTCACGAGAGAA,OXT_14,TTGAGCGTAACGACAGTG,4,15,CCCCCCTTGAGCGTAACGACAGTGCCCCCC,4,1,OXT_14,False,conv
AGCATCGCAAAACGTGTT,OXT_25,TGCATCGCAACAGCAGTT,5,26,CCCCCCTGCATCGCAACAGCAGTTCCCCCC,5,1,OXT_25,False,conv
TGCATCGGGTCAGGACCT,OXT_24,GGGATTCGGTCATGTCCT,6,25,CCCCCCGGGATTCGGTCATGTCCTCCCCCC,6,2,OXT_24;OXT_25,False,conv
AGCATCGCAGAAGGAGAA,OXT_25,TGCATCGCAACAGCAGTT,6,26,CCCCCCTGCATCGCAACAGCAGTTCCCCCC,6,2,OXT_25;OXT_28,False,conv
CCCGGACACACTCTGATG,OXT_05,GGCGGACAGACTCTAATG,4,5,CCCCCCGGCGGACAGACTCTAATGCCCCCC,4,1,OXT_05,False,conv
GGCCGACAGACTCTAACG,OXT_05,GGCGGACAGACTCTAATG,2,5,CCCCCCGGCGGACAGACTCTAATGCCCCCC,2,1,OXT_05,False,conv
CCCGGACAGACTCTAGAG,OXT_05,GGCGGACAGACTCTAATG,4,5,CCCCCCGGCGGACAGACTCTAATGCCCCCC,4,1,OXT_05,False,conv
GCCCGACACACTCTAACG,OXT_05,GGCGGACAGACTCTAATG,4,5,CCCCCCGGCGGACAGACTCTAATGCCCCCC,4,1,OXT_05,False,conv
GGGGGACAGAATCTAAGT,OXT_05,GGCGGACAGACTCTAATG,4,5,CCCCCCGGCGGACAGACTCTAATGCCCCCC,4,1,OXT_05,False,conv
GGGGTACGGCGTCCTTCT,OXT_15,AGGGTATAACGTCCTTTG,6,16,CCCCCCAGGGTATAACGTCCTTTGCCCCCC,6,1,OXT_15,False,conv
AAGAAAGGACAGACAATG,OXT_23,AAGTAGGGACAGAATACG,5,24,CCCCCCAAGTAGGGACAGAATACGCCCCCC,5,1,OXT_23,False,conv
AGGATTGGAACACGTTTT,OXT_24,GGGATTCGGTCATGTCCT,7,25,CCCCCCGGGATTCGGTCATGTCCTCCCCCC,7,1,OXT_24,False,conv
AAGTGAGCGCAGAACAGT,OXT_11,GGGTAAGGGCACAACAGT,5,12,CCCCCCGGGTAAGGGCACAACAGTCCCCCC,5,1,OXT_11,False,conv
GGGTAACAGAACCAAAGT,OXT_11,GGGTAAGGGCACAACAGT,5,12,CCCCCCGGGTAAGGGCACAACAGTCCCCCC,5,1,OXT_11,False,conv
AGCATCGCAACACGTGTT,OXT_25,TGCATCGCAACAGCAGTT,4,26,CCCCCCTGCATCGCAACAGCAGTTCCCCCC,4,1,OXT_25,False,conv
