sequence,ConvModel_prob_0_model_21_rnd_20_oxt_1.0_2.h5,ConvModel_prob_0_model_5_rnd_4_oxt_1.0_2.h5,ConvModel_prob_0_model_16_rnd_15_oxt_1.0_2.h5,ConvModel_prob_0_model_8_rnd_7_oxt_1.0_2.h5,ConvModel_prob_0_model_37_rnd_36_oxt_1.0_2.h5,DenseModel_prob_0_model_21_rnd_20_oxt_1.0_2.h5,DenseModel_prob_0_model_13_rnd_12_oxt_1.0_2.h5,DenseModel_prob_0_model_37_rnd_36_oxt_1.0_2.h5,DenseModel_prob_0_model_24_rnd_23_oxt_1.0_2.h5,DenseModel_prob_0_model_48_rnd_47_oxt_1.0_2.h5,LSTMModel_prob_0_model_21_rnd_20_oxt_1.0_2.h5,LSTMModel_prob_0_model_5_rnd_4_oxt_1.0_2.h5,LSTMModel_prob_0_model_16_rnd_15_oxt_1.0_2.h5,LSTMModel_prob_0_model_22_rnd_21_oxt_1.0_2.h5,LSTMModel_prob_0_model_24_rnd_23_oxt_1.0_2.h5,ConvLSTMModel_prob_0_model_5_rnd_4_oxt_1.0_2.h5,ConvLSTMModel_prob_0_model_2_rnd_1_oxt_1.0_2.h5,ConvLSTMModel_prob_0_model_7_rnd_6_oxt_1.0_2.h5,ConvLSTMModel_prob_0_model_8_rnd_7_oxt_1.0_2.h5,ConvLSTMModel_prob_0_model_12_rnd_11_oxt_1.0_2.h5,LSTMAttentionModel_prob_0_model_5_rnd_4_oxt_1.0_2.h5,LSTMAttentionModel_prob_0_model_14_rnd_13_oxt_1.0_2.h5,LSTMAttentionModel_prob_0_model_22_rnd_21_oxt_1.0_2.h5,LSTMAttentionModel_prob_0_model_12_rnd_11_oxt_1.0_2.h5,LSTMAttentionModel_prob_0_model_36_rnd_35_oxt_1.0_2.h5,average_probability,max_probability,min_probability
AGCAGCGCACACGCTGGG,0.98524386,0.96947676,0.9223465,0.8537254,0.9833355,0.8669806,0.55593705,0.84840715,0.5093469,0.5086779,0.9908917,0.9411229,0.6499037,0.6976814,0.42955157,0.76674485,0.7192641,0.85642076,0.81732047,0.6867865,0.8383967,0.59993255,0.41478193,0.31034133,0.35585466,0.7231388,0.9908917,0.31034133
AACACCGCCCCGGCCCCG,0.9947508,0.9986888,0.9573922,0.9614622,0.99047035,0.9874046,0.91962135,0.93170357,0.9252111,0.72997856,0.99995846,0.99867404,0.8206348,0.8452957,0.89637375,0.99142087,0.83132577,0.90980524,0.8416276,0.95469934,0.98460263,0.615182,0.45656893,0.38167518,0.45363027,0.8551263,0.99995846,0.38167518
AAGCCCGGGGCGGCCCCC,0.9919401,0.9977002,0.9591029,0.9830906,0.9972346,0.98203796,0.8511826,0.94379497,0.9550699,0.90182865,0.9999812,0.99998385,0.94830716,0.99983644,0.9991391,0.98025966,0.93097675,0.9763687,0.9131823,0.9838539,0.9431518,0.7646782,0.7374432,0.34755364,0.48864302,0.90305376,0.99998385,0.34755364
AAGCCCGCGGCCGCCCCG,0.9976638,0.999066,0.9780224,0.98932874,0.99536765,0.9896181,0.898502,0.93538725,0.97146124,0.93160504,0.9999717,0.999474,0.8384745,0.9595293,0.9773697,0.98683584,0.9150457,0.9751815,0.91561013,0.9700661,0.97443503,0.70432365,0.60406244,0.37733677,0.4970338,0.89523077,0.9999717,0.37733677
AGGAGCGAAAACCCAGCG,0.18295753,0.8062942,0.34008402,0.076132536,0.23255181,0.39685366,0.17701119,0.52297056,0.14813738,0.3071069,0.21026607,0.11621075,0.14668453,0.06541286,0.05368418,0.30616385,0.12311201,0.089036986,0.09198654,0.086701095,0.2150282,0.19535667,0.14213933,0.14379027,0.1691072,0.21379124,0.8062942,0.05368418
AAGGCCCGGGGCCCTCCG,0.9734333,0.9967721,0.97357666,0.94973487,0.9399281,0.9044616,0.7828251,0.8283463,0.8720445,0.685348,0.99990326,0.99973583,0.8757148,0.99735916,0.99129474,0.96238714,0.8960773,0.9621129,0.8605299,0.9607421,0.933123,0.7832388,0.7916233,0.41449034,0.622891,0.8783077,0.99990326,0.41449034
AAGACCGCCCTCGCTGCG,0.9985131,0.9993133,0.9771364,0.9808755,0.9962967,0.9824119,0.9092406,0.95472604,0.9486315,0.76520383,0.9998257,0.99544156,0.9003917,0.9048631,0.9588456,0.98384917,0.9330651,0.9635291,0.848833,0.9772765,0.97425556,0.77189684,0.694828,0.5474499,0.60880995,0.9030204,0.9998257,0.5474499
CAGGAACGGGCCGGCCCC,0.97912794,0.9777318,0.9643872,0.9651191,0.9825055,0.9695196,0.6468077,0.77609485,0.80759513,0.82432264,0.99752206,0.9986789,0.78678304,0.9838261,0.9728101,0.9265779,0.86976117,0.76705223,0.6682689,0.9478839,0.8303023,0.6319021,0.51794326,0.27530435,0.3534554,0.81685126,0.9986789,0.27530435
AAGCCCGGGGCCGCCCCC,0.99768865,0.99916905,0.97605824,0.9857264,0.99746495,0.9917294,0.87370217,0.9461988,0.9686197,0.92558074,0.9999618,0.9999196,0.8766968,0.99683994,0.99463284,0.9792882,0.90502405,0.97216564,0.8803943,0.96928674,0.95264643,0.7342099,0.6473349,0.35181686,0.48966384,0.8964727,0.9999618,0.35181686
AAGGCCCGGGGCCCACCG,0.98274446,0.99736273,0.95929044,0.9566711,0.92783755,0.9150474,0.8469834,0.8454301,0.8308608,0.71702117,0.99977636,0.99941146,0.7681253,0.9903164,0.96322733,0.9429622,0.77802885,0.9291586,0.80960274,0.8982001,0.8830996,0.6948501,0.5384883,0.2982471,0.4032,0.8350378,0.99977636,0.2982471
GAGGCACGGGCCGGCCCC,0.99433863,0.9917653,0.97532886,0.9880833,0.992374,0.967884,0.67742324,0.86207974,0.943946,0.8804849,0.9991038,0.9991576,0.66105855,0.9927852,0.97814614,0.95340776,0.8935763,0.93915075,0.8821741,0.9522936,0.7844248,0.70998347,0.6734838,0.3045254,0.4806925,0.85910684,0.9991576,0.3045254
AGGGGCGAGCACGCAGCG,0.7439299,0.88784516,0.5169994,0.7072437,0.71790177,0.7743225,0.44509962,0.53736603,0.34298083,0.5443948,0.8484917,0.8869754,0.14078505,0.1823657,0.053491134,0.386201,0.4567611,0.47497168,0.49343136,0.25365746,0.3383443,0.46598777,0.31990093,0.20601769,0.24487886,0.47881383,0.88784516,0.053491134
AACACCGCCGCGGCCCCC,0.99663484,0.99875534,0.96482605,0.9755524,0.99702746,0.990623,0.9573016,0.9454448,0.93894386,0.8369613,0.9999617,0.99948925,0.88505596,0.9263416,0.97143126,0.9925297,0.89657307,0.9407069,0.91241676,0.97897875,0.97896326,0.6523134,0.4626025,0.35932666,0.44275495,0.8800607,0.9999617,0.35932666
CAGGCACGGGCCGGCCCC,0.9948587,0.99367523,0.97708076,0.9819537,0.99014276,0.9793496,0.63489693,0.81852347,0.86147636,0.82911575,0.9997364,0.9995926,0.8382174,0.9953555,0.9894637,0.9593065,0.908269,0.9419209,0.88912034,0.96703327,0.92493963,0.73032326,0.69912434,0.34328568,0.47592774,0.86890763,0.9997364,0.34328568
AAGGAACAGAACCGAACC,0.44883302,0.7185058,0.6214535,0.2618987,0.20328237,0.8858766,0.33583346,0.43166697,0.23655741,0.4694135,0.3092659,0.37859505,0.22670002,0.29663804,0.15184264,0.23379123,0.12274629,0.069432944,0.046478502,0.15452297,0.27178955,0.13853659,0.12995546,0.12571257,0.1364738,0.29623207,0.8858766,0.046478502
AGGAGGGAAAACCCAACG,0.18707858,0.5746451,0.28147078,0.16959387,0.12070087,0.5638112,0.13258527,0.3380136,0.14365861,0.285787,0.11630703,0.04323586,0.06277414,0.011478244,0.022261223,0.14188544,0.08112316,0.062137086,0.050383158,0.047777813,0.1072882,0.13000564,0.09555948,0.116832554,0.12629554,0.16050754,0.5746451,0.011478244
AGGGGCGATCACGCAGCG,0.9588587,0.98445034,0.7540941,0.8650323,0.870786,0.901661,0.5257676,0.7110104,0.5116833,0.69616216,0.8110441,0.5835857,0.17805511,0.20650434,0.11853883,0.47125104,0.6188641,0.69983643,0.7066557,0.4682013,0.4024921,0.6138278,0.4984967,0.3304708,0.43259817,0.59679717,0.98445034,0.11853883
AAGCCAGGGGCCGCCCCC,0.9973883,0.9978227,0.9813618,0.98270077,0.9949034,0.9825913,0.79378957,0.91226274,0.9574518,0.8927934,0.9996797,0.99979615,0.8620006,0.99249077,0.988749,0.96007574,0.90145344,0.9477106,0.8050487,0.9626163,0.884655,0.67188007,0.48554316,0.29292837,0.38712496,0.8653926,0.99979615,0.29292837
AAGGCCGCCCGCGCTGCG,0.9977994,0.9988817,0.97591084,0.98447895,0.98899317,0.96826327,0.86404264,0.93908423,0.9403624,0.8140331,0.9999607,0.9966616,0.87517565,0.9482934,0.952753,0.9795234,0.9360574,0.97889626,0.9023483,0.9803007,0.9652048,0.7641699,0.7687825,0.44071344,0.59729004,0.9023192,0.9999607,0.44071344
AAGGCACGGGGCGGACCC,0.9967809,0.9961114,0.9903492,0.99162585,0.99493825,0.96641386,0.7999911,0.89393353,0.9162991,0.8330112,0.999436,0.9998572,0.93356967,0.9996964,0.9972172,0.9197284,0.8816453,0.88357997,0.85371584,0.97060966,0.677653,0.5725618,0.50309765,0.23211916,0.25929135,0.84252924,0.9998572,0.23211916
AGGAGCGCTCGCGCTGGG,0.99575657,0.99594814,0.98275864,0.98039514,0.9944549,0.92275655,0.8566873,0.96195567,0.7607645,0.7572185,0.9997059,0.9975444,0.9329059,0.99828076,0.991741,0.94137293,0.97023803,0.9831796,0.9275888,0.98255235,0.8867307,0.8605966,0.9312085,0.6029628,0.8460313,0.9224533,0.9997059,0.6029628
AGGAACGAACACGCAGGG,0.92748445,0.9535104,0.87189174,0.738708,0.96430176,0.8117261,0.5736526,0.8169043,0.69026333,0.6896801,0.45340893,0.42688844,0.34679562,0.26917726,0.19934115,0.31490272,0.20338868,0.094340354,0.12453356,0.2278463,0.31632406,0.20845419,0.17205217,0.1536551,0.17262243,0.46887413,0.96430176,0.094340354
AAGGCCGCCCTCGCTCCG,0.9993339,0.9996125,0.9820676,0.99108696,0.99288136,0.98971677,0.9104959,0.9374688,0.97291654,0.8231376,0.9998758,0.98842883,0.8044848,0.90040374,0.9500387,0.976948,0.92368144,0.9794061,0.89108276,0.95829755,0.97414815,0.790913,0.8084449,0.6047484,0.7496598,0.9159712,0.9998758,0.6047484
AGCACCGCCCTGGCCGGG,0.99905246,0.99849975,0.9868308,0.98285145,0.9986505,0.9641619,0.91419727,0.95377207,0.84637594,0.7135979,0.9999748,0.99867547,0.94690454,0.97446847,0.98580647,0.9862042,0.9304609,0.9710652,0.90196764,0.9832927,0.98344934,0.7778448,0.79660094,0.537172,0.6413352,0.91092855,0.9999748,0.537172
AGGAGCGCTCACGCTGGG,0.9945014,0.9925885,0.95194864,0.96302146,0.9888028,0.9222753,0.72780186,0.92746216,0.65344244,0.65101904,0.99549496,0.92821,0.73791224,0.8853754,0.80171156,0.85482424,0.9232104,0.96362317,0.8574126,0.9323891,0.80248046,0.7946574,0.8114975,0.5201843,0.7050154,0.8514743,0.99549496,0.5201843
AACACCGGGGCGGCCCCC,0.9874582,0.9979093,0.9702336,0.9754191,0.9983135,0.9835621,0.9114643,0.9451613,0.9303165,0.849522,0.99996287,0.9999766,0.9625641,0.9993215,0.99852735,0.98885137,0.92967445,0.954987,0.90400445,0.98769236,0.94222987,0.7174893,0.5429643,0.31166917,0.39039326,0.88718677,0.9999766,0.31166917
GAGCCCGGGGCCGCGCCC,0.9981887,0.99924576,0.96731967,0.9864964,0.9972953,0.99327886,0.81806314,0.88752943,0.98075485,0.9071141,0.999965,0.9999661,0.8673041,0.9997711,0.9979619,0.979146,0.92383015,0.979819,0.91400814,0.97427124,0.93059725,0.7773439,0.8326537,0.39350057,0.6440057,0.90997714,0.9999661,0.39350057
AAGAGCGCCCGCGCTGCG,0.9868076,0.9959213,0.9610825,0.9522333,0.9817513,0.940228,0.8637194,0.9320084,0.8444936,0.7229625,0.9998176,0.99597543,0.88324463,0.9324589,0.9427857,0.97063434,0.94772345,0.965741,0.8742705,0.98100764,0.9235985,0.7270185,0.6457012,0.35885236,0.45639187,0.8714572,0.9998176,0.35885236
GAGGCACGGGTCGCTCCC,0.9988617,0.9975983,0.9853317,0.9885559,0.9968281,0.9717843,0.83464146,0.92675656,0.9636357,0.780465,0.9976632,0.99870193,0.79429525,0.999081,0.9971934,0.9448364,0.94721293,0.96849996,0.9230684,0.9760502,0.77429754,0.8336083,0.888359,0.53762585,0.82265186,0.91390413,0.999081,0.53762585
AACACAACGGCGGCCCCC,0.995594,0.99636316,0.9820271,0.963801,0.99356097,0.98135406,0.8850874,0.90820694,0.9261214,0.7390769,0.9989562,0.99891347,0.890551,0.92039174,0.9514796,0.97982913,0.86094826,0.687859,0.7460992,0.96180934,0.8904508,0.490429,0.3272935,0.25400668,0.31343776,0.825746,0.9989562,0.25400668
AACCCCGCCGCGGCCCCC,0.9987189,0.9993656,0.96234035,0.98361766,0.99693227,0.99212873,0.955504,0.95219404,0.96000683,0.91276574,0.99999243,0.9997623,0.88884455,0.9370138,0.98207605,0.9925019,0.88871443,0.96653134,0.91234094,0.97557455,0.990906,0.66218567,0.5294019,0.4278562,0.49999908,0.894691,0.99999243,0.4278562
AACACCGCCGCGGCCCCA,0.99367785,0.9984981,0.95937884,0.97780246,0.99656713,0.9795998,0.9537104,0.95096195,0.94989836,0.8371363,0.99995357,0.99934965,0.8778059,0.91781867,0.9627617,0.9925297,0.89657307,0.9407069,0.91241676,0.97897875,0.97484446,0.6439272,0.44834244,0.34433058,0.4257399,0.8765324,0.99995357,0.34433058
AGGAGCGCACACGCAGGG,0.9598002,0.9169137,0.7981371,0.8042564,0.9591794,0.83856404,0.48030153,0.8488162,0.4759966,0.6268105,0.8903596,0.3866728,0.2990351,0.19754848,0.10119163,0.40669236,0.31102997,0.38202178,0.53652257,0.23645377,0.47241828,0.39100453,0.25098363,0.20454189,0.23631139,0.5204626,0.9598002,0.10119163
GAGGAACGGGCCGGCCCC,0.97643405,0.9698723,0.9606663,0.97871053,0.986094,0.9536531,0.6677483,0.81319153,0.92499584,0.8715399,0.9908868,0.9961802,0.5560086,0.91207534,0.93325293,0.91581887,0.84549403,0.7461479,0.6239655,0.9255303,0.5760402,0.56423694,0.47418055,0.23765664,0.31554222,0.7886369,0.9961802,0.23765664
GAGCCACGGGCCGCCCCC,0.9967452,0.9961035,0.96312326,0.97670466,0.99347144,0.9749563,0.7404446,0.88443303,0.9513096,0.8442598,0.9994546,0.9975645,0.63994354,0.93612194,0.9467294,0.9709583,0.85438716,0.93797296,0.8749321,0.9395681,0.9118473,0.69597423,0.57456875,0.33534548,0.4774525,0.85657495,0.9994546,0.33534548
AAGAAAGGGGCGACCCCC,0.7288031,0.8911405,0.7971657,0.731207,0.8118577,0.76974034,0.59078354,0.7425214,0.7352528,0.5604235,0.9410865,0.9965035,0.6457787,0.9391491,0.9198736,0.780158,0.7077519,0.31903994,0.21015027,0.8965628,0.3134537,0.26578295,0.19479194,0.16520993,0.18573225,0.63359684,0.9965035,0.16520993
GAGGCACGGGCCGGTCCC,0.97739536,0.9763548,0.96216613,0.9725419,0.99159443,0.9391891,0.57362425,0.86211777,0.93216395,0.7232293,0.9988279,0.9991643,0.75960517,0.99775815,0.9908733,0.946477,0.91488504,0.9532408,0.89158875,0.9668503,0.7838836,0.76696444,0.80775464,0.38526756,0.63565314,0.8683668,0.9991643,0.38526756
AACACCGCCCCGGCCGCG,0.98998094,0.9974117,0.9515994,0.9439545,0.9923758,0.97364885,0.89774424,0.9418066,0.8633987,0.68880856,0.9999743,0.999054,0.88277334,0.8726162,0.9247068,0.9920789,0.8544018,0.9256583,0.8618885,0.9694777,0.98402303,0.6372109,0.46798167,0.3754394,0.44592053,0.8573573,0.9999743,0.3754394
AGGGAGCAGAACCCAACG,0.33907402,0.5769625,0.4865167,0.18542819,0.07947065,0.68279946,0.26118878,0.30020484,0.162666,0.26138785,0.15236774,0.04955357,0.08563477,0.017083917,0.021153657,0.17048,0.09283959,0.097438835,0.07450483,0.045547783,0.17027375,0.20970424,0.13649249,0.14451008,0.17029482,0.19894318,0.68279946,0.017083917
AGGAGCGAACACGCAGCG,0.54116666,0.84913254,0.4901628,0.4130039,0.72989076,0.7073322,0.28555667,0.61735505,0.33110422,0.45603243,0.3335707,0.19104344,0.20102036,0.11430401,0.08638077,0.31129143,0.18605769,0.13863814,0.21554378,0.14068244,0.275542,0.27130222,0.18707575,0.1685455,0.19470859,0.33745775,0.84913254,0.08638077
AAGGACCAGAACCCACCG,0.84369916,0.9829741,0.8215006,0.46157116,0.35160133,0.8756039,0.6615367,0.64795417,0.52176607,0.56764996,0.49651027,0.58817333,0.3016495,0.4868604,0.19900383,0.5202513,0.17361139,0.18080427,0.081533045,0.15982527,0.5278253,0.2611785,0.1937943,0.17451388,0.22059275,0.45207942,0.9829741,0.081533045
AGGAGCGAACACGCAGGG,0.87569904,0.93963283,0.79999995,0.73947394,0.94008636,0.7677217,0.45799854,0.7714087,0.49376103,0.6319141,0.4442708,0.2658343,0.2553161,0.12963733,0.09735972,0.30613443,0.18704708,0.1459347,0.23448367,0.1562049,0.26452732,0.26602623,0.18936022,0.16765136,0.18629476,0.42855117,0.94008636,0.09735972
GAGGCACGGGCCGGGCCC,0.99508464,0.9955252,0.9786675,0.9854244,0.9894066,0.97675633,0.6219491,0.79354167,0.95828545,0.8047501,0.9995428,0.9997399,0.82346916,0.9988074,0.9926742,0.9504506,0.88873184,0.93966264,0.88301706,0.9619734,0.78412735,0.71585083,0.7485942,0.31310412,0.4997091,0.8639538,0.9997399,0.31310412
AGGAGCGCACACGCTGGG,0.95620424,0.92324954,0.84228307,0.81341094,0.95074296,0.82890934,0.5040728,0.8523042,0.5507526,0.5285147,0.9558604,0.59580827,0.42174307,0.27025366,0.15743883,0.58718497,0.60830784,0.6837243,0.62631834,0.47238436,0.6258423,0.54977566,0.39982414,0.27211207,0.3150764,0.611684,0.95620424,0.15743883
AGGGGCGAGCACGCACCG,0.86033094,0.9478915,0.5899583,0.7945867,0.6297698,0.86579573,0.45278102,0.5748654,0.50510186,0.515135,0.747736,0.73818713,0.10809003,0.08685407,0.040758327,0.34816784,0.41386333,0.43922937,0.44535396,0.14673649,0.33738783,0.46916342,0.2693942,0.20579456,0.25365502,0.47146347,0.9478915,0.040758327
AAGCCCGCCCTCGCTCCG,0.99958605,0.99975777,0.9803804,0.9909224,0.99655646,0.992708,0.91624963,0.94858086,0.9744721,0.8659213,0.99994594,0.9968225,0.8472843,0.8765027,0.96407455,0.986859,0.9179828,0.98309344,0.90122396,0.96541095,0.9893085,0.7644666,0.75042343,0.6357787,0.69401723,0.91753316,0.99994594,0.6357787
AAGACCGCCCCGGCCGCG,0.97423685,0.9943132,0.93029517,0.93189585,0.98174924,0.96484363,0.861458,0.9415362,0.85409254,0.72340596,0.99992174,0.9959764,0.8318338,0.8289018,0.89041036,0.9815627,0.83041114,0.8873861,0.7979599,0.9553612,0.9657453,0.6496989,0.46519065,0.3342207,0.42687517,0.8399713,0.99992174,0.3342207
AGGAGCGCTCTGGCCGGG,0.9963272,0.99475336,0.9824889,0.98546433,0.99731445,0.95006907,0.88819456,0.96583503,0.72470653,0.79310054,0.99979734,0.9985857,0.95850664,0.9997568,0.9985808,0.9541062,0.9784392,0.9904609,0.9125166,0.98837095,0.8883175,0.8854916,0.9501813,0.67277336,0.8941587,0.93393195,0.99979734,0.67277336
AACCCCGCGGCGGCCCCG,0.995866,0.9987993,0.97265625,0.98805165,0.99695593,0.985405,0.90570915,0.93667877,0.95913666,0.8762758,0.99999505,0.99994355,0.94982547,0.99410975,0.99640775,0.9927361,0.9321417,0.976375,0.929327,0.98561805,0.9862006,0.7135187,0.6320657,0.40005562,0.49345767,0.90389246,0.99999505,0.40005562
AGGAACGAAAACCCAGGG,0.67542017,0.93365663,0.79163074,0.24602175,0.7425902,0.5989562,0.39054024,0.74623823,0.4868551,0.50607246,0.31204143,0.29904097,0.26648745,0.17915039,0.12266624,0.31189203,0.15026365,0.06714917,0.065564774,0.14729522,0.25489944,0.15422836,0.13605699,0.13265517,0.1489692,0.35465366,0.93365663,0.065564774
AGGGAACAGAACCCATCG,0.13413668,0.267408,0.4429007,0.046167564,0.06543875,0.39047793,0.21574485,0.19941154,0.08244387,0.17639929,0.182852,0.084864475,0.13242166,0.03909567,0.03922111,0.17566086,0.1059222,0.06838473,0.043714438,0.05481543,0.23723263,0.21219411,0.15874457,0.16245222,0.18952763,0.15630531,0.4429007,0.03909567
AAGGCCCGGGGCCCACCC,0.99047905,0.99817127,0.95779574,0.9468286,0.9582377,0.94112456,0.8404114,0.85323036,0.81706035,0.71694833,0.9996923,0.9993771,0.72065,0.987756,0.9599781,0.9429622,0.77802885,0.9291586,0.80960274,0.8982001,0.88082474,0.6903512,0.5080147,0.29838884,0.4073099,0.8332234,0.9996923,0.29838884
AGGGAGCAGAACCCACCG,0.62709063,0.8765255,0.6989371,0.37639534,0.14775202,0.6864025,0.42159796,0.37649393,0.36320347,0.33330837,0.17932586,0.061299052,0.102086306,0.023218868,0.029540844,0.26230425,0.11451107,0.11979013,0.08505313,0.052627224,0.20909043,0.2492449,0.15766953,0.1598647,0.19483146,0.27632654,0.8765255,0.023218868
AAGACCGCCCTGGCCGCG,0.9969783,0.9984262,0.9748098,0.9791278,0.9964488,0.982368,0.92519206,0.96249294,0.9404358,0.80895555,0.9999302,0.997979,0.93114126,0.9641485,0.982898,0.98728406,0.9225137,0.96315384,0.8373087,0.98492527,0.9667785,0.75671494,0.6524058,0.44535518,0.52252805,0.89921194,0.9999302,0.44535518
AAGACAGGGGCGGCCCCC,0.9672431,0.9877425,0.96547866,0.96398044,0.99199504,0.9525747,0.7405019,0.90019566,0.9070031,0.7296477,0.999107,0.999886,0.92963636,0.99885976,0.99639606,0.9481569,0.91692615,0.8683475,0.7538739,0.979554,0.7044236,0.54703903,0.39806265,0.22907619,0.26547858,0.82564735,0.999886,0.22907619
CAAAAACGGGCAAGCCCC,0.72184575,0.93504506,0.8816586,0.7916154,0.9482165,0.8740618,0.58349353,0.6226835,0.6668245,0.6615825,0.8956656,0.9889479,0.66745764,0.83045334,0.78532934,0.8589101,0.5443798,0.28181985,0.3222523,0.92135257,0.6104726,0.27063087,0.21591638,0.18021645,0.21130717,0.6508855,0.9889479,0.18021645
AGGGGCGAAAACCCAGCG,0.26330292,0.82460856,0.30933607,0.12440625,0.14114581,0.4666606,0.23436885,0.5058814,0.15973975,0.46943253,0.14758442,0.0384508,0.086885326,0.010176428,0.016145889,0.28447878,0.113729335,0.12190268,0.12971911,0.061597843,0.15874715,0.24379322,0.14329436,0.15381736,0.17947364,0.21554714,0.82460856,0.010176428
AGGGAGCAAAACCAAACG,0.11764796,0.18400799,0.19693963,0.08943123,0.032348935,0.4373133,0.10128938,0.22552612,0.061378993,0.19289166,0.10604918,0.03174904,0.055864796,0.011941772,0.014103498,0.119454965,0.05404155,0.039953128,0.047063723,0.03173072,0.12051102,0.12648772,0.09443255,0.11324675,0.12480323,0.10920837,0.4373133,0.011941772
AAGGCCGCCCGCGCAGCG,0.9976355,0.9986152,0.96773857,0.9840307,0.9900345,0.97466385,0.8911653,0.94731665,0.9315963,0.8553485,0.99990827,0.9923656,0.7602026,0.8442027,0.8194242,0.96396756,0.84343344,0.9494496,0.87023187,0.9476039,0.9348085,0.6751705,0.5426685,0.32418755,0.42374802,0.8571808,0.99990827,0.32418755
AGCACCGCCCTGGCCGCG,0.9959413,0.9971166,0.9667286,0.93624026,0.9949594,0.95966196,0.86248374,0.91898364,0.7973008,0.59998804,0.9999582,0.9980761,0.91341627,0.95085007,0.9806232,0.98541594,0.92638034,0.9708144,0.8993321,0.98069006,0.9835302,0.7640098,0.7574129,0.52999455,0.6260277,0.89183736,0.9999582,0.52999455
AAGCCCGGGGCCGCGCCC,0.997938,0.99935645,0.9731383,0.98394537,0.99699956,0.9941587,0.85479057,0.8997258,0.97354263,0.89560425,0.99997944,0.9999655,0.93495166,0.99925923,0.997881,0.98139584,0.92725354,0.9783054,0.9063523,0.9828504,0.95228744,0.75695926,0.7294689,0.35477713,0.48389617,0.9021914,0.99997944,0.35477713
AGGGAGGAAAACCCAACG,0.34773687,0.61616445,0.4890715,0.24694747,0.10296478,0.7070604,0.25187898,0.40618795,0.26671797,0.39995793,0.10269629,0.030826682,0.057777327,0.0061456636,0.015391377,0.13741913,0.06772092,0.0571102,0.04580739,0.038926538,0.10000837,0.12747885,0.0922171,0.11554564,0.1250557,0.19819261,0.7070604,0.0061456636
AGCAGCGCTCTGGCCGGG,0.9987324,0.9977062,0.99050295,0.988816,0.99902624,0.9643227,0.90633947,0.9640508,0.67629933,0.7538262,0.99994403,0.99931115,0.97878474,0.99963474,0.99905306,0.97804374,0.98330665,0.99458796,0.94765955,0.9938895,0.96183926,0.88237303,0.94400734,0.7120436,0.8850169,0.93996483,0.99994403,0.67629933
AAGGACCAGAGCCCACCG,0.87966865,0.9847812,0.9335815,0.6369277,0.47014275,0.86889684,0.79480827,0.7813152,0.72488356,0.6777316,0.830368,0.782586,0.39396974,0.57337534,0.29040572,0.61468065,0.3489703,0.29926857,0.13042131,0.38375548,0.56901884,0.32738945,0.23340718,0.19445789,0.24437904,0.5587676,0.9847812,0.13042131
GAGGAACGGGCCGGTACC,0.6907406,0.7445667,0.85422593,0.8630151,0.958496,0.91670644,0.42553446,0.7936229,0.7471471,0.63549805,0.9714551,0.9909401,0.5776568,0.93609726,0.9199608,0.83196115,0.8248761,0.6879522,0.6012337,0.92326295,0.4393756,0.5615635,0.5441746,0.26001644,0.34156296,0.72166556,0.9909401,0.26001644
AGGAACGAAAACGCAGGG,0.8868665,0.9525468,0.89650595,0.6996577,0.9628908,0.7981108,0.5971795,0.8521679,0.68066806,0.6666105,0.34857005,0.355563,0.31234324,0.2062555,0.18235102,0.3052025,0.17840044,0.0648476,0.08218818,0.20751035,0.20852797,0.1399171,0.13441125,0.12799011,0.13331419,0.43922386,0.9628908,0.0648476
CAGCCAGGGGCCGCCCCC,0.9979363,0.9978503,0.9782898,0.9789407,0.9940922,0.98354053,0.7672439,0.8749053,0.92673546,0.8680081,0.9997699,0.9998474,0.83387893,0.99327993,0.9894415,0.9603078,0.904486,0.95160204,0.8349664,0.956606,0.94438416,0.7136403,0.63824725,0.35425347,0.4877244,0.8771992,0.9998474,0.35425347
AACCCCGCGGCGGCCCCC,0.9977351,0.99911404,0.971642,0.98481715,0.9978548,0.9872005,0.9316749,0.94314736,0.9468143,0.9296284,0.9999934,0.99994093,0.9381924,0.9925005,0.99615425,0.9927361,0.9321417,0.976375,0.929327,0.98561805,0.98604214,0.7059207,0.6019978,0.40089327,0.49357095,0.9048413,0.9999934,0.40089327
GAGCCCGGGGCCGCTCCC,0.99560505,0.99842906,0.9649796,0.9828097,0.9977239,0.98075145,0.7740446,0.9315892,0.97234225,0.8640789,0.99991435,0.99990934,0.8310231,0.99960905,0.9975002,0.9775888,0.9398783,0.9850516,0.9070106,0.9741947,0.93240637,0.8016492,0.87343967,0.47289214,0.7539505,0.9163349,0.99991435,0.47289214
AGGAACGAAAACACAGGG,0.7822451,0.8919908,0.6738263,0.3523359,0.6732746,0.51756996,0.43116266,0.7250815,0.58765167,0.4792409,0.2625675,0.23599406,0.20966528,0.1477483,0.11075846,0.17545223,0.10767746,0.044095527,0.06464513,0.12193097,0.18010978,0.11239228,0.11057273,0.115783945,0.11849752,0.32929084,0.8919908,0.044095527
CACCCCGCGGCGGCCCCC,0.99820554,0.9991158,0.96674025,0.9816996,0.99756354,0.9896908,0.92425346,0.93185717,0.9207255,0.89643115,0.9999955,0.9999512,0.92095345,0.99042475,0.99621695,0.9927541,0.9310674,0.97678524,0.93424773,0.9841114,0.99303544,0.70638764,0.7101868,0.47383553,0.5627006,0.9111574,0.9999955,0.47383553
CAGCCAGGGGCGGCCCCC,0.9933819,0.993686,0.96006745,0.97417194,0.99285483,0.9707372,0.71247625,0.8728916,0.8995016,0.78962153,0.99988645,0.99996895,0.92662543,0.9996618,0.99832696,0.96288687,0.93054456,0.9588902,0.8812029,0.97904366,0.93339443,0.7407048,0.72754055,0.35041282,0.48975006,0.88152915,0.99996895,0.35041282
AAGAGCGCTCGCGCAGCG,0.9948716,0.9976091,0.9737731,0.98204476,0.9948397,0.97272754,0.8696708,0.9633202,0.881902,0.8912719,0.9994222,0.99632543,0.89785266,0.98368454,0.979916,0.9556115,0.9469129,0.9682606,0.91544914,0.9822558,0.84904957,0.7215252,0.62025076,0.3844653,0.43841296,0.88645697,0.9994222,0.3844653
AGGAACGAACACCCAGGG,0.7510608,0.931688,0.7490886,0.2848683,0.76119226,0.6186417,0.3760025,0.6972376,0.45937464,0.5193587,0.39500076,0.35175204,0.29483187,0.23347168,0.13463931,0.3220826,0.17103697,0.096565805,0.09116122,0.15659042,0.37535867,0.22270353,0.17380531,0.15958196,0.19155756,0.38074613,0.931688,0.09116122
AGGGACCAGAACCCACCG,0.5426596,0.9090155,0.60183257,0.14441565,0.12489466,0.6684509,0.41903463,0.48769847,0.22717735,0.30169928,0.2435832,0.11529329,0.15742129,0.077990256,0.050253898,0.308356,0.12387345,0.12981007,0.0709946,0.05194298,0.3749097,0.2985533,0.191152,0.1795904,0.23032315,0.281237,0.9090155,0.050253898
CAGGAACGGGCAGGCCCC,0.83753014,0.86523986,0.9206355,0.9328253,0.9733841,0.9411994,0.5149687,0.7451116,0.757513,0.8104428,0.9817699,0.9956448,0.6771865,0.9676405,0.93979114,0.8452937,0.7862015,0.61535126,0.5454019,0.9210166,0.66198415,0.49299505,0.3517278,0.22965845,0.26159927,0.74288446,0.9956448,0.22965845
AAGGGCGAGCGCGCACCG,0.9749046,0.9950028,0.9480131,0.97322017,0.946524,0.9516233,0.8481474,0.84478056,0.9054424,0.86444205,0.9949774,0.99635965,0.54088336,0.96430427,0.7930982,0.7996808,0.8382089,0.8350396,0.7876696,0.87866664,0.55698586,0.529381,0.37413162,0.22311379,0.26791123,0.7853005,0.99635965,0.22311379
GAGGCACGGGCCGCGCCC,0.99455786,0.99587834,0.95865875,0.9718423,0.98166215,0.97733593,0.7501243,0.79418814,0.9482105,0.72941375,0.9990626,0.9989574,0.63873506,0.9849437,0.95818496,0.9534305,0.87642866,0.93501043,0.88979656,0.9575398,0.792338,0.7096777,0.6667114,0.30576345,0.47787744,0.8498532,0.9990626,0.30576345
AGGAGCGCTCACGCAGCG,0.9731564,0.9803893,0.81441146,0.86929196,0.9511927,0.9325508,0.5229763,0.8671916,0.45508957,0.5978999,0.97772086,0.7101739,0.36362103,0.4102707,0.3528207,0.73521465,0.7976561,0.8856723,0.80723554,0.7918462,0.67859894,0.65458184,0.5188596,0.35729268,0.42699054,0.6973082,0.9803893,0.3528207
AGCAGCGCACAGGCCGGG,0.97134477,0.934985,0.89641255,0.86804956,0.98270255,0.82691544,0.61093336,0.849124,0.41976836,0.5158181,0.99605656,0.9798957,0.72573674,0.7524141,0.60374206,0.79986364,0.5921213,0.7851206,0.83482355,0.8031986,0.80535346,0.5292691,0.3716349,0.25656843,0.29163545,0.72013956,0.99605656,0.25656843
AGGAGCGCTCACGCAGGG,0.9946413,0.9909314,0.9343419,0.9607723,0.99049133,0.9396801,0.6973427,0.925083,0.59341395,0.75416565,0.9882808,0.8305337,0.50983536,0.596223,0.44670248,0.7314589,0.79859835,0.89523804,0.8187086,0.81419635,0.6793535,0.65344805,0.5719833,0.36553723,0.4362627,0.7566889,0.9946413,0.36553723
AAGGTACAGGGCGGACCC,0.96638405,0.98317647,0.98830265,0.96870285,0.97626853,0.8997288,0.7835033,0.83649737,0.87107646,0.85486263,0.98298985,0.99613184,0.87838036,0.99371994,0.9847272,0.7593407,0.8053351,0.67159873,0.525904,0.92005354,0.48780063,0.58691823,0.45279875,0.31961444,0.29823154,0.7916819,0.99613184,0.29823154
AACACAGGGGCGGCCCCC,0.98672515,0.994559,0.97569025,0.96945596,0.99672693,0.9712178,0.84168816,0.9172904,0.9058134,0.7505862,0.99974823,0.9999458,0.95808923,0.9986097,0.99718297,0.9784429,0.9314827,0.9106654,0.848276,0.9856491,0.86086226,0.604441,0.3846947,0.2588641,0.30209616,0.8531521,0.9999458,0.2588641
AGGAGCGATCACGCAGGG,0.9850077,0.9910649,0.9258737,0.9311046,0.98281103,0.89606774,0.66470873,0.8778235,0.61297804,0.73729074,0.8481558,0.65410984,0.4166454,0.26733866,0.2326512,0.49695554,0.65181327,0.55447847,0.62364286,0.6040094,0.4126081,0.5039996,0.37081686,0.2869252,0.27932903,0.63232845,0.9910649,0.2326512
AAGGAACAGAGCCGACCC,0.81160355,0.94170547,0.9309707,0.6849206,0.47691855,0.87711895,0.67311895,0.6755566,0.6693538,0.67185175,0.56640315,0.69132376,0.36352468,0.46000502,0.31374902,0.44091183,0.32107738,0.11947337,0.08097974,0.44821963,0.3576993,0.21318918,0.17682897,0.15483081,0.17900607,0.49201357,0.94170547,0.08097974
AAGCCCGGGGTCGCTCCG,0.999163,0.9994969,0.98993456,0.9945283,0.99903613,0.9913891,0.87256515,0.9601106,0.98906404,0.88068223,0.99996644,0.99996525,0.9768274,0.9999601,0.99980235,0.97936594,0.96175385,0.9888636,0.9338149,0.98964787,0.9526108,0.8634827,0.9210787,0.6074771,0.82931674,0.9471962,0.99996644,0.6074771
GAGCCCGGGGTCGCTCCG,0.9992621,0.9994081,0.9878695,0.9952607,0.99911094,0.9898875,0.8711859,0.9524218,0.9927445,0.91976047,0.9999396,0.999963,0.9493428,0.9999885,0.99985576,0.976744,0.96053255,0.989723,0.9386544,0.98490554,0.9267546,0.8725069,0.95580715,0.6484641,0.9050005,0.9526037,0.9999885,0.6484641
GAGGAACGGGCCGGGCCC,0.97969925,0.9846766,0.96679837,0.9737377,0.9810081,0.9684588,0.6616823,0.746443,0.9332026,0.810409,0.9954684,0.9989266,0.752058,0.9841511,0.97738254,0.911392,0.83818513,0.7470469,0.634683,0.941123,0.57605803,0.5696417,0.5631986,0.24146475,0.32294938,0.80239373,0.9989266,0.24146475
CAGAAAGGGGCGGCCCCC,0.9138237,0.958641,0.9311382,0.91574234,0.98246396,0.9494992,0.7430843,0.826078,0.7075518,0.65552884,0.9948045,0.99974537,0.88998675,0.99716073,0.9926593,0.91056645,0.88401467,0.6585535,0.52451956,0.97441816,0.6843613,0.5030024,0.38584706,0.22892407,0.264956,0.7790828,0.99974537,0.22892407
CAGGCACGGGCCGCCCCC,0.9938221,0.9946157,0.96662235,0.96286094,0.98242867,0.97794497,0.7550632,0.8224969,0.83391833,0.75748247,0.99945796,0.99879026,0.68817025,0.9652315,0.948779,0.9543236,0.85940164,0.9225208,0.86633307,0.94247293,0.9282053,0.70621043,0.60977477,0.34317434,0.4819422,0.85048187,0.99945796,0.34317434
AAGGCACAGGGCCCACCG,0.9615633,0.9899956,0.9640395,0.8957275,0.6820106,0.8069861,0.7760765,0.6843379,0.7000619,0.6469886,0.9802362,0.9760784,0.54780114,0.7149143,0.50682104,0.8066387,0.57217383,0.65164167,0.52218485,0.6961836,0.6548825,0.4351154,0.2792646,0.21896173,0.268299,0.67755926,0.9899956,0.21896173
AGGGAGCAAAACCCAACG,0.2508532,0.4360425,0.3251433,0.10162757,0.05925497,0.6692888,0.18896928,0.3315274,0.13913651,0.28597254,0.13836138,0.042409025,0.07557253,0.016269721,0.018871207,0.14746647,0.07255724,0.05672034,0.053625163,0.03928894,0.16105312,0.16692118,0.11542087,0.12888059,0.153861,0.16700381,0.6692888,0.016269721
AGGAACGCACACGCAGGG,0.9759261,0.93633825,0.8690973,0.8067825,0.9745426,0.8886697,0.5947555,0.88354385,0.66671365,0.69734305,0.7761071,0.48847803,0.39566484,0.35279816,0.20172185,0.41310552,0.2684406,0.18219607,0.32114527,0.31381816,0.47092897,0.30990773,0.22584333,0.18738817,0.22060743,0.5368746,0.9759261,0.18219607
AAGCCCGCCCTGGCCCCG,0.9993847,0.99954075,0.97914976,0.9906176,0.99637365,0.99286395,0.9374423,0.9580824,0.97502565,0.8820969,0.9999791,0.99858475,0.8936486,0.9537073,0.98543143,0.98959464,0.91580445,0.98300505,0.8879581,0.97926277,0.9863268,0.7508996,0.71423596,0.5317501,0.6133397,0.91576433,0.9999791,0.5317501
GAGGCCTGGGGCCCTCCG,0.9881778,0.99680287,0.9848778,0.97775793,0.9541772,0.89671534,0.81112695,0.7700632,0.9653608,0.8730155,0.99952,0.9998555,0.8444896,0.99996465,0.99883384,0.9709717,0.9435982,0.989344,0.89572966,0.9836492,0.87772834,0.88125443,0.94873786,0.6600626,0.9211393,0.92531806,0.99996465,0.6600626
AAGAAAGGGGCGGCCCCC,0.8890242,0.956363,0.9437365,0.93613005,0.9853586,0.9422266,0.74939764,0.8672355,0.8374158,0.71794236,0.9948081,0.9996722,0.904247,0.9964215,0.99234384,0.91066825,0.8820457,0.6414397,0.44709855,0.97690445,0.45064306,0.3763906,0.25652745,0.18802527,0.20917049,0.76204944,0.9996722,0.18802527
AAGGGCGCTCGCGCAGCG,0.9973795,0.9980962,0.9744556,0.9895537,0.99246687,0.9790028,0.8845185,0.95845944,0.9066598,0.92255646,0.99976873,0.99793035,0.85144126,0.9979528,0.9841251,0.9440385,0.93703,0.979741,0.9358603,0.97752464,0.8402731,0.79476184,0.7935076,0.4469069,0.6479271,0.9092775,0.99976873,0.4469069
AAGCCCGGGCGCGCTCCG,0.99667084,0.9987251,0.9786322,0.98564404,0.9955412,0.9815392,0.7941832,0.9343693,0.97253567,0.8589424,0.99997514,0.99991006,0.94515824,0.9988903,0.99778765,0.9815964,0.94743717,0.985512,0.9338734,0.9866061,0.9595136,0.7915596,0.8136034,0.43827668,0.6181174,0.91578394,0.99997514,0.43827668
AAGGTACGGGGCCGACCC,0.88885194,0.96950173,0.9555267,0.90236527,0.90453213,0.878107,0.5402218,0.8182575,0.73413604,0.7283888,0.9954876,0.99928,0.8368419,0.9989524,0.992266,0.8676017,0.7834236,0.7917844,0.71551025,0.93533593,0.63181216,0.72229314,0.6121775,0.3801187,0.47599292,0.80235064,0.99928,0.3801187
GAGGAACGGGCAGGTACC,0.17117448,0.2976743,0.69172466,0.74446684,0.9353075,0.83515376,0.29730895,0.7511544,0.6638855,0.54328704,0.7912862,0.96387076,0.41781738,0.8063953,0.81373554,0.67683375,0.71020836,0.50976163,0.47184467,0.8780397,0.24270374,0.40960944,0.36903822,0.21157041,0.21899138,0.5769138,0.96387076,0.17117448
AAGGGCGCCCGCGCAGCG,0.99387586,0.99608505,0.94799304,0.9727752,0.9750803,0.9602518,0.8708399,0.92923385,0.8539924,0.84891295,0.9998355,0.9918411,0.66832745,0.9387645,0.7468116,0.9312893,0.8462672,0.94096553,0.87326074,0.9348358,0.8583959,0.6783277,0.5750535,0.29441,0.39299488,0.840817,0.9998355,0.29441
AGGGAGGAGAACCCAACG,0.44869295,0.7371343,0.6500924,0.38808677,0.13452664,0.7351315,0.32176504,0.35719526,0.26411685,0.36561057,0.11361632,0.059716474,0.065886095,0.0067054927,0.017472312,0.14109732,0.07996243,0.07531699,0.05391823,0.043237463,0.10462107,0.16447,0.109446704,0.12896954,0.13874091,0.22822121,0.7371343,0.0067054927
GAGGAACGGGCAGGGCCC,0.83749336,0.90638375,0.9266279,0.9498225,0.9706656,0.9383272,0.54547805,0.7098757,0.911596,0.7553875,0.962635,0.9960037,0.621735,0.94752216,0.94587564,0.8166953,0.7347656,0.58692604,0.51228946,0.9083452,0.3447438,0.41881472,0.38673994,0.19814007,0.21351339,0.7218562,0.9960037,0.19814007
AGCAGCGCTCGGGCCGGG,0.9976248,0.9964257,0.9898404,0.9861921,0.9980008,0.9279275,0.8994253,0.9558621,0.6142813,0.7633097,0.9999681,0.99975705,0.9787136,0.9996823,0.9987082,0.9697622,0.9614692,0.98278314,0.9453931,0.9857115,0.95083994,0.8394084,0.9054532,0.5414211,0.7506755,0.9175455,0.9999681,0.5414211
AAGGCCTGGGGCCCTCCG,0.9863575,0.9974633,0.98744565,0.97156864,0.9523439,0.91479474,0.8465047,0.81029576,0.94961077,0.8478351,0.99980664,0.9998806,0.9415728,0.9999245,0.99910235,0.9740867,0.9475196,0.988272,0.8869533,0.98949057,0.9218051,0.8720045,0.91362137,0.62041056,0.8557886,0.92697835,0.9999245,0.62041056
AACACCGCCCTGGCCGCG,0.99861854,0.9992379,0.9816692,0.9820065,0.99829865,0.9865822,0.9393386,0.96107805,0.9402775,0.7829623,0.9999773,0.9995037,0.9538338,0.9687721,0.987347,0.99438584,0.92686874,0.972874,0.8895981,0.98906946,0.9849989,0.7365157,0.5894735,0.48843688,0.5245688,0.90305173,0.9999773,0.48843688
AAGCCCGGGCGCCCACCG,0.9919789,0.9984556,0.9382555,0.9431155,0.9480146,0.9440919,0.7551584,0.88251734,0.8947137,0.8050525,0.9998555,0.9993647,0.76707965,0.9613241,0.949122,0.9678149,0.82952356,0.95687103,0.86382407,0.91882396,0.9347189,0.6850268,0.4923231,0.32162648,0.4292461,0.84711593,0.9998555,0.32162648
CACCCCGGGGCGGCCCCC,0.9967562,0.99895453,0.96194,0.9810183,0.9980154,0.99065125,0.8935847,0.93726426,0.92381835,0.8778772,0.99999565,0.99999255,0.9546861,0.99953645,0.9992046,0.98839504,0.92496973,0.97306216,0.91034925,0.98360103,0.98817474,0.7437171,0.7847078,0.44953373,0.5762553,0.91344243,0.99999565,0.44953373
AAGCCCGCGCTCGCTCCG,0.99925196,0.99947256,0.98283625,0.99064124,0.9975965,0.9907527,0.88521504,0.942378,0.9756748,0.90751046,0.99995214,0.9988705,0.90933,0.98019975,0.9922047,0.9881904,0.9602783,0.9912427,0.9447001,0.9864732,0.9833082,0.804889,0.8290068,0.6296162,0.74814683,0.9367096,0.99995214,0.6296162
AAGGAACAGGGCCGACCC,0.87173444,0.96951973,0.9500344,0.880788,0.7490893,0.86406535,0.742212,0.6605234,0.73240215,0.7458701,0.9119398,0.9659778,0.5818411,0.6874007,0.5840838,0.6685001,0.5365684,0.26234174,0.19826072,0.723764,0.3804184,0.29585856,0.21265568,0.17430098,0.198584,0.6219494,0.96951973,0.17430098
CAGGAACGGGCAAGCCCC,0.6371691,0.75371593,0.64747787,0.7472068,0.6948391,0.82989144,0.37053993,0.61040306,0.71043193,0.643691,0.7868873,0.947401,0.3171309,0.6099877,0.49640664,0.7525269,0.44269976,0.24782348,0.3816976,0.7680741,0.51152146,0.3785012,0.24637574,0.20111294,0.2348874,0.55873597,0.947401,0.20111294
AGGAGCGATCACGCAGCG,0.9218928,0.98151016,0.77902603,0.77802104,0.9148559,0.87348735,0.4699516,0.7707436,0.47338068,0.59013546,0.7406029,0.48843178,0.29125673,0.20247906,0.1869303,0.5013842,0.65016276,0.52870923,0.6013718,0.5688551,0.41435382,0.50516343,0.32446465,0.2846901,0.2874263,0.5651715,0.98151016,0.1869303
CAGACAGGGGCGGCCCCC,0.9747582,0.98831606,0.95791274,0.954133,0.99041486,0.9607577,0.73029554,0.87419367,0.85233295,0.63008523,0.9992604,0.9999141,0.91744083,0.9991169,0.9966334,0.94799733,0.9189877,0.88059443,0.8004055,0.9773569,0.85195386,0.6565037,0.565413,0.2820536,0.35955945,0.84265554,0.9999141,0.2820536
AAGGCCGCGCGCGCTCCG,0.99674076,0.99825245,0.98209697,0.9867315,0.9895785,0.97375447,0.8474579,0.92423517,0.9629963,0.8550769,0.9999407,0.99910617,0.87869763,0.9921008,0.9875156,0.97883534,0.9558489,0.9839798,0.948276,0.98474365,0.9434511,0.7806078,0.79254335,0.42418376,0.6205584,0.9114923,0.9999407,0.42418376
AGGAGCGCTCGCGCTGCG,0.97817385,0.99109834,0.95256,0.9327217,0.9728239,0.89857674,0.746479,0.92997575,0.6568458,0.5979067,0.9994682,0.99533474,0.8759094,0.99597543,0.9879812,0.94127226,0.9719007,0.98241615,0.92787516,0.98226047,0.8839672,0.851712,0.91371685,0.59463716,0.8402382,0.8960731,0.9994682,0.59463716
AGCACCGCCCCGGCGGCA,0.96963704,0.99339175,0.874179,0.71260524,0.97491735,0.923225,0.71138704,0.8242242,0.71041507,0.39343673,0.9999587,0.99731195,0.8549611,0.82319826,0.9119573,0.98117405,0.8791877,0.93151057,0.895617,0.9598416,0.97837156,0.680061,0.57742,0.37806886,0.46975052,0.8162323,0.9999587,0.37806886
AGCAGCGCACAGGCTGGG,0.94860697,0.90607625,0.874421,0.7927361,0.9787992,0.7482676,0.5420089,0.81623846,0.48968643,0.33595404,0.995405,0.98081505,0.8198177,0.86238676,0.7513138,0.79978,0.7716881,0.8942729,0.8541503,0.8947747,0.811212,0.60516846,0.51673275,0.30518508,0.3358151,0.7452526,0.995405,0.30518508
AGGGGCGAGAACGCAGCG,0.73989654,0.9272745,0.68786365,0.68221843,0.7075602,0.78284997,0.476838,0.65047014,0.3514375,0.5645376,0.3349604,0.6321351,0.12121531,0.037014607,0.0321537,0.30804166,0.25303736,0.18490511,0.24309063,0.13721366,0.17583983,0.31156352,0.18679559,0.16859344,0.17911623,0.39506486,0.9272745,0.0321537
AAGGAACAGGGCGGAACC,0.9254887,0.9282053,0.975066,0.9430091,0.93996924,0.9305131,0.71514183,0.7996099,0.7354076,0.7311281,0.91741896,0.98171365,0.74079674,0.8942636,0.7987539,0.5345775,0.61933374,0.26162958,0.22398406,0.83511513,0.24476224,0.23091775,0.1772813,0.15015909,0.14944926,0.65534776,0.98171365,0.14944926
AGGGAACAGAACCGAACG,0.120913126,0.20943125,0.33901945,0.08407309,0.045287266,0.51177114,0.11089477,0.21528482,0.064928,0.1892678,0.17633815,0.078916125,0.118919045,0.03398843,0.03575932,0.12743187,0.08592232,0.0477641,0.04138613,0.051123638,0.16840687,0.15377161,0.12581629,0.12768608,0.14131764,0.13621673,0.51177114,0.03398843
AGGAAGGAAAACCCAAGG,0.6682285,0.8157309,0.8006873,0.44703743,0.4871718,0.73702013,0.3294277,0.6068361,0.4087825,0.42008746,0.17674252,0.11498402,0.12470996,0.044666737,0.05365496,0.15930295,0.09407556,0.049351603,0.043817207,0.09954056,0.12594049,0.101484366,0.096495725,0.10970067,0.11224941,0.2891091,0.8157309,0.043817207
AACCCCGGGGCGGCCCCC,0.9958959,0.99894375,0.9678818,0.9842425,0.9982842,0.98864746,0.92157733,0.95070475,0.95146096,0.9055763,0.9999935,0.9999904,0.9646392,0.9995844,0.99915427,0.9883288,0.92558336,0.97315323,0.90491956,0.9852781,0.9756369,0.7445761,0.68360937,0.37464848,0.48707825,0.90677553,0.9999935,0.37464848
AAGGCACGGGGCGCTCCC,0.99545956,0.9954071,0.9883802,0.9829754,0.99293554,0.9462226,0.7959088,0.904177,0.91732895,0.7392867,0.99953085,0.99981976,0.9260829,0.9993562,0.99713767,0.9530291,0.93054026,0.9522528,0.8964937,0.9828768,0.81671333,0.72777826,0.7091653,0.3364229,0.46906716,0.8781739,0.99981976,0.3364229
AAGCCCGGGGGCCCTCCG,0.9913355,0.99866676,0.9807594,0.973927,0.98551905,0.9444051,0.76542246,0.886146,0.959329,0.79573965,0.99995595,0.99996203,0.9409147,0.9995026,0.9979229,0.9760629,0.9105328,0.9755178,0.8782659,0.9718182,0.946572,0.79280674,0.80661845,0.42365342,0.62066114,0.9008806,0.99996203,0.42365342
AAGGGCGCTCACGCAGCG,0.9965675,0.99664485,0.92416346,0.9800988,0.9848558,0.98123556,0.78548473,0.9208424,0.80883825,0.87704426,0.9962936,0.9354382,0.5268122,0.88472354,0.6862421,0.8589071,0.8304089,0.95755243,0.87288326,0.91984355,0.7330557,0.68692946,0.55962753,0.36924306,0.44973266,0.8209387,0.99664485,0.36924306
AAGCCCGGGGCCGCCCCG,0.9959011,0.99885595,0.97650087,0.98868483,0.99617064,0.99043965,0.8509184,0.9390457,0.9774732,0.8951943,0.9999718,0.9999233,0.899802,0.9975325,0.9949478,0.9792882,0.90502405,0.97216564,0.8803943,0.96928674,0.95335096,0.74095106,0.67621094,0.35266903,0.4870548,0.8967102,0.9999718,0.35266903
AAGGAACAGAAACGAACC,0.07669216,0.26867664,0.45317045,0.122855306,0.15424676,0.7600924,0.23222654,0.30163354,0.22906709,0.4029489,0.2626293,0.30261388,0.18032049,0.23931047,0.13577129,0.13146813,0.082419135,0.039323565,0.035223562,0.11257709,0.18660033,0.095963664,0.10348452,0.108029656,0.10725648,0.20498404,0.7600924,0.035223562
AACAAAACGGCGGCCCCC,0.98580164,0.9880257,0.9770489,0.9380008,0.9894946,0.9723999,0.8859106,0.88726455,0.8734533,0.69714165,0.9957895,0.9976544,0.88059485,0.90207756,0.9202056,0.96507657,0.8416124,0.54701215,0.54752463,0.95807743,0.76803976,0.37256843,0.26523277,0.20978022,0.25804767,0.78495336,0.9976544,0.20978022
AAGACCGCCCGCGCTGCG,0.9962063,0.99867487,0.9739051,0.9718504,0.99290794,0.96293646,0.88412994,0.94825053,0.92693424,0.7575473,0.9998993,0.9970449,0.89735776,0.8888738,0.9439449,0.9831483,0.92475796,0.95209914,0.8490204,0.98098767,0.96513075,0.7172339,0.5764103,0.3917908,0.4781976,0.8783695,0.9998993,0.3917908
AAGGTACAGGGCCGACCC,0.7935765,0.9652883,0.955892,0.8357314,0.7679775,0.80820775,0.66453856,0.7283684,0.6692413,0.726852,0.95724034,0.9816355,0.69335747,0.8961372,0.8756838,0.7282795,0.6563964,0.55507696,0.4277709,0.8150459,0.53592795,0.58319783,0.36663887,0.31654045,0.30321828,0.7043128,0.9816355,0.30321828
CAGGAACGGGCAAGCACC,0.30386317,0.4240594,0.41119292,0.48926827,0.49079186,0.81046534,0.24341412,0.54149973,0.3892415,0.4581802,0.6102396,0.88995665,0.26279226,0.47723117,0.29263097,0.6320159,0.36934063,0.20426826,0.36184135,0.7089502,0.39104387,0.31707036,0.2137257,0.18133552,0.20525928,0.4271871,0.88995665,0.18133552
AACACCGCGGCGGCCCCC,0.9933074,0.9982516,0.97379565,0.97737426,0.9979098,0.9831473,0.9365209,0.9375036,0.91384554,0.85874736,0.9999643,0.99986553,0.9354157,0.9897869,0.99354756,0.9928946,0.9369193,0.9586136,0.929701,0.9877992,0.967091,0.69353974,0.4811501,0.33460623,0.42382252,0.88780487,0.9999643,0.33460623
AAGGAACGGGGCGGACCC,0.98840606,0.9875927,0.98685455,0.985592,0.9914128,0.9633404,0.79410654,0.86141783,0.91200554,0.8306752,0.9954718,0.99954945,0.9055929,0.9986607,0.99269974,0.8466798,0.825547,0.5845935,0.5477061,0.9551053,0.42471403,0.40851656,0.31422424,0.18662468,0.19314258,0.7792092,0.99954945,0.18662468
CAGCCCGGGGCCGCCCCC,0.99814475,0.9991843,0.97187847,0.98266274,0.9970565,0.9924992,0.8454709,0.9259408,0.94855917,0.9155729,0.9999754,0.9999407,0.8496557,0.99707764,0.9950473,0.9794991,0.9092867,0.9735495,0.89416623,0.96537507,0.9771657,0.7396205,0.75969505,0.4225331,0.58628494,0.9050337,0.9999754,0.4225331
GAGGAACGGGCCGGTCCC,0.90096813,0.9159326,0.93565524,0.945356,0.98503095,0.9131216,0.566912,0.82141006,0.91049266,0.730125,0.98765475,0.99631625,0.67054886,0.9699662,0.9705404,0.89961463,0.8782742,0.7971898,0.6534301,0.94816744,0.5744226,0.6337828,0.6440614,0.29789624,0.44477093,0.79966563,0.99631625,0.29789624
AACCCCGCCGCGGCCCCG,0.99776536,0.99914736,0.96404237,0.9872537,0.99566203,0.9914301,0.9320775,0.9469043,0.96286035,0.87220985,0.9999942,0.99977136,0.90872455,0.9473155,0.98313206,0.9925019,0.88871443,0.96653134,0.91234094,0.97557455,0.99090904,0.67021483,0.5465481,0.42619714,0.49935144,0.89428705,0.9999942,0.42619714
AAGGCCCAGAGCCCACCG,0.95426273,0.994746,0.9401958,0.8160136,0.58190507,0.8802356,0.7998804,0.7940659,0.7102534,0.6823279,0.9680765,0.9012017,0.4610534,0.6396626,0.3301514,0.7228965,0.44484645,0.5389276,0.292838,0.4645523,0.7672778,0.4489844,0.29684457,0.23861617,0.30247548,0.6388917,0.994746,0.23861617
AAGAAACGGGCGAGCCCC,0.58152723,0.75964135,0.71371126,0.72669244,0.83508897,0.7664963,0.377198,0.6747349,0.7150604,0.5091321,0.97949445,0.99489295,0.78127646,0.9373576,0.94543713,0.8737451,0.76213,0.30555052,0.41785327,0.95846605,0.4393961,0.30873495,0.22086178,0.17581993,0.19732499,0.638305,0.99489295,0.17581993
AAGGCACGGGGCCCACCC,0.987771,0.9943807,0.96444464,0.920915,0.9189254,0.89732474,0.72959113,0.8165762,0.7373984,0.592609,0.99713814,0.9981752,0.6543094,0.9646199,0.90087754,0.9105964,0.71175456,0.8436985,0.77597916,0.8820298,0.7304757,0.5682314,0.34046656,0.24379508,0.3038372,0.77543694,0.9981752,0.24379508
AAGGAACAGAGCCGAACC,0.5262008,0.7442623,0.8509232,0.4160904,0.28109777,0.8650089,0.5159222,0.6301651,0.4206664,0.5179118,0.41451785,0.55115104,0.3114717,0.38295463,0.22921231,0.2936046,0.24329442,0.09955764,0.06998189,0.38783926,0.2932204,0.17704967,0.1546807,0.13927762,0.15410928,0.38680685,0.8650089,0.06998189
AAGAGCGCCCGCGCAGCG,0.98732334,0.99509495,0.94737786,0.9527179,0.98383194,0.949684,0.8652039,0.9369688,0.8105531,0.7952208,0.9995664,0.9910812,0.76023304,0.83152705,0.79469454,0.94541234,0.8671057,0.89935267,0.830556,0.95069045,0.86054754,0.57932943,0.388593,0.26665768,0.32396194,0.82053137,0.9995664,0.26665768
AAGAGCGCCCTCGCTGCG,0.99528015,0.99797714,0.9657988,0.96839434,0.9910845,0.9710813,0.8848007,0.9368934,0.8887063,0.7268904,0.9996729,0.99230236,0.888395,0.93942195,0.9600587,0.9717346,0.95419234,0.97410935,0.8743628,0.97783566,0.94326407,0.79507494,0.76293427,0.5200638,0.65924823,0.9015831,0.9996729,0.5200638
AAGGCCGAGCGCGCACCG,0.99216336,0.9983359,0.9705456,0.9843656,0.97806144,0.9690854,0.886294,0.88754416,0.9540397,0.86088014,0.9979902,0.99468946,0.69592637,0.93364424,0.8578302,0.8944164,0.8369546,0.8629723,0.78793806,0.90708405,0.7675893,0.5686652,0.36870977,0.24965882,0.30269304,0.82032305,0.9983359,0.24965882
AAGGCCGCCCTCGCTGCG,0.9990639,0.9993986,0.97889066,0.9891388,0.994394,0.9840919,0.8970741,0.945279,0.95963967,0.8373648,0.9999266,0.9933134,0.8782069,0.95208675,0.967428,0.98045594,0.94368464,0.9836962,0.90309983,0.9769643,0.97375315,0.8109763,0.84969264,0.61088485,0.7726217,0.9272452,0.9999266,0.61088485
AAGCCCTGGGGCCCTCCG,0.99322593,0.99853617,0.9863359,0.9725813,0.9791988,0.938335,0.7949839,0.8441494,0.9595382,0.8580567,0.99992615,0.9998904,0.9570701,0.9996043,0.998946,0.98546314,0.94488525,0.9906799,0.8993606,0.9908716,0.96933335,0.8580566,0.8916706,0.64874184,0.82656527,0.93144035,0.99992615,0.64874184
AGCACCGCCCGGGCGGGG,0.9982852,0.99819165,0.98501754,0.9735908,0.99722433,0.9457187,0.8576516,0.91415536,0.81678027,0.6568932,0.9999921,0.999681,0.9749909,0.99340016,0.99194896,0.98003644,0.8996919,0.9412543,0.9016144,0.9730306,0.97719324,0.7443557,0.77646667,0.3943541,0.4739411,0.8866185,0.9999921,0.3943541
GAGGCACGGGGCGGTCCC,0.9948212,0.9902521,0.98754376,0.9908025,0.9962874,0.94895524,0.7056648,0.8868777,0.949701,0.8159345,0.99939,0.9999257,0.91363037,0.99993247,0.9992061,0.94432324,0.9253938,0.9546208,0.9103165,0.97760695,0.72914314,0.7689165,0.8634326,0.39011028,0.65991527,0.89210814,0.99993247,0.39011028
AAGCCCGGGCTCGCTCCG,0.99869084,0.99937934,0.981313,0.98986244,0.99786055,0.9914676,0.8486441,0.9457879,0.98138005,0.87154895,0.9999525,0.99974597,0.94480395,0.9987056,0.9984035,0.9818133,0.9567449,0.9902922,0.92373085,0.9864622,0.96905375,0.8367815,0.8827089,0.6137007,0.79705083,0.9394354,0.9999525,0.6137007
AAGCCCGCCCCGGCCCCG,0.99623233,0.9984707,0.9438643,0.9739945,0.9825601,0.98561877,0.8727835,0.9323955,0.95099175,0.82670903,0.9999768,0.99722934,0.75855017,0.80217135,0.90457076,0.9853195,0.82339525,0.95441514,0.8586247,0.93663067,0.98587334,0.65675175,0.52645326,0.4085464,0.50245637,0.86258346,0.9999768,0.4085464
AAGGCCGGGCGCGCACCG,0.9957207,0.99826103,0.96888566,0.986094,0.9876285,0.9800974,0.8762808,0.92783135,0.96091735,0.844062,0.99985576,0.9998336,0.83465767,0.9990584,0.9894327,0.94618887,0.893044,0.9616287,0.9031375,0.9570401,0.8321449,0.7034786,0.61013013,0.28609335,0.38261402,0.8729646,0.99985576,0.28609335
AGCAGCGCCCTGGCCGGG,0.9969966,0.9952587,0.9799677,0.9688241,0.99719375,0.9362245,0.88618046,0.9413223,0.6589912,0.6566279,0.9999576,0.99834245,0.94459313,0.99104434,0.98885804,0.97560376,0.95295984,0.97973454,0.9175828,0.9826146,0.9645284,0.80465263,0.85025525,0.51561785,0.6952331,0.9031667,0.9999576,0.51561785
AAGACCGCCCTCGCCGCG,0.99909437,0.9995026,0.98128575,0.98742104,0.9966275,0.9901465,0.92102665,0.96310663,0.9439111,0.88981926,0.99985313,0.99516433,0.8462859,0.85457736,0.9242197,0.98240817,0.88166994,0.92868936,0.8265618,0.95636964,0.97297853,0.71269405,0.5596174,0.46050915,0.52315843,0.88386786,0.99985313,0.46050915
CAGAAACGGGCGGGCCCC,0.8918141,0.9184127,0.9264103,0.9233025,0.98650485,0.9357631,0.50816554,0.77549887,0.66705424,0.61871487,0.99801445,0.999541,0.93637127,0.9963512,0.99431044,0.9466022,0.91153926,0.69085014,0.72563696,0.9823398,0.7987448,0.5546173,0.41619152,0.24338865,0.27326956,0.78477633,0.999541,0.24338865
AGGAGCGCCCTGGCCGGG,0.99131995,0.98905885,0.96247697,0.96003705,0.9913176,0.9123286,0.87184525,0.9431128,0.6375574,0.6369203,0.9998517,0.995013,0.8885186,0.9913059,0.97332275,0.9498047,0.93584365,0.96086305,0.8496463,0.9647976,0.90194666,0.80998266,0.86470443,0.47521204,0.71464187,0.88685715,0.9998517,0.47521204
GAGCCCGGGGTCGCTCCC,0.9995521,0.9995515,0.9870861,0.9942238,0.99940574,0.9916145,0.8870826,0.95873904,0.98986244,0.9342925,0.9999146,0.99995977,0.93490106,0.99998456,0.9998417,0.976744,0.96053255,0.989723,0.9386544,0.98490554,0.9251299,0.86786056,0.94963783,0.6441153,0.901637,0.9525981,0.99998456,0.6441153
AAGGCACAGAGCCCACCG,0.94065785,0.98093605,0.9493029,0.72511095,0.40121013,0.7935601,0.662767,0.6978642,0.57718897,0.58076197,0.8231042,0.79748744,0.40467036,0.5683896,0.29213125,0.588206,0.35635448,0.30944616,0.23787673,0.4239027,0.56888455,0.330112,0.23444583,0.19561727,0.24517378,0.54740655,0.98093605,0.19561727
AAGGCACGGGGCCCTCCC,0.9828265,0.9926522,0.9769058,0.9087919,0.93084,0.8853528,0.64666563,0.82980686,0.782083,0.55931824,0.9987898,0.9992091,0.81190485,0.9897645,0.97618216,0.946837,0.86873555,0.92634135,0.8424689,0.9557013,0.83719474,0.71069115,0.61412954,0.33081526,0.44715247,0.8300465,0.9992091,0.33081526
AGGGAACAGAACCCAACG,0.19044825,0.28316963,0.32851592,0.039412297,0.03539675,0.48084962,0.1613849,0.22822945,0.06006551,0.14999163,0.17035599,0.07391809,0.10430202,0.031137375,0.031536277,0.13283056,0.08283919,0.05409682,0.03779591,0.04117276,0.19970398,0.16848601,0.12731099,0.13207541,0.15699694,0.14008091,0.48084962,0.031137375
CAGGAACGGGCCGCCCCC,0.97523755,0.98117965,0.94768935,0.9281579,0.96732,0.9687609,0.76043653,0.78351563,0.7774,0.7570165,0.9949893,0.99603003,0.6064804,0.8932125,0.87509805,0.91428477,0.7960149,0.69407725,0.6041692,0.91048557,0.83919036,0.6211488,0.42942888,0.27928248,0.37279436,0.786936,0.99603003,0.27928248
GAGGCCCGGGTCGCTCCC,0.9990571,0.9991237,0.98199207,0.99106985,0.99820447,0.98448485,0.8927042,0.93472385,0.977029,0.87201697,0.99979043,0.9996532,0.84264714,0.99989134,0.9991189,0.9626554,0.9566097,0.984065,0.93035287,0.97898865,0.9018953,0.8614364,0.9428334,0.6317947,0.901113,0.94092995,0.99989134,0.6317947
CAGAAACGGGCCGGCCCC,0.97133267,0.97700065,0.9641901,0.9440816,0.9885323,0.9621226,0.5583469,0.7954354,0.75675607,0.7375077,0.99605817,0.9980955,0.8449804,0.9483801,0.9681992,0.9398901,0.8795065,0.6413677,0.61605823,0.9670412,0.83102,0.5475094,0.36092904,0.25259504,0.3019728,0.78995645,0.9980955,0.25259504
GAGGCACGGGGCGCTCCC,0.99611247,0.9941069,0.9854164,0.9861006,0.99352,0.94561744,0.79945284,0.8932717,0.9394924,0.7388321,0.9987595,0.99976087,0.79545677,0.99927807,0.99528074,0.94567055,0.92432123,0.95557964,0.90496075,0.97271657,0.7416479,0.7616352,0.8080125,0.37665567,0.63902694,0.8836274,0.99976087,0.37665567
AGCACCGCCCCGGCGGCG,0.97095585,0.9925593,0.90034145,0.75057274,0.96665555,0.94775516,0.6844472,0.8190707,0.7187332,0.362726,0.9999742,0.9980541,0.89058286,0.8749435,0.94041765,0.98117405,0.8791877,0.93151057,0.895617,0.9598416,0.981917,0.695066,0.63290733,0.39462987,0.48985034,0.8263797,0.9999742,0.362726
AACACCGCCCCGGCGCCA,0.99547154,0.99920446,0.94255507,0.9431161,0.9905385,0.98518544,0.9318871,0.88828945,0.960932,0.70634276,0.9999623,0.9989557,0.86791897,0.8675641,0.929609,0.99241936,0.8629216,0.9287845,0.87623566,0.9732638,0.9805924,0.62553996,0.450947,0.35928756,0.4307097,0.85952944,0.9999623,0.35928756
AGGAGCGCCCGCGCTGCG,0.942294,0.9791689,0.89460176,0.8038457,0.9146461,0.831148,0.69128007,0.8888582,0.58160543,0.45370597,0.9996231,0.98149204,0.7158544,0.8755444,0.79064494,0.9282429,0.93422943,0.9450808,0.8564388,0.9421492,0.8975833,0.7672679,0.77925247,0.4011425,0.61462855,0.8164131,0.9996231,0.4011425
AGGGAGGAGAACCCACCG,0.7324812,0.93388206,0.82557136,0.6404814,0.255465,0.75844926,0.47784245,0.45467037,0.5486402,0.47047487,0.13494089,0.08739795,0.07883931,0.009424437,0.024626978,0.19797045,0.09798278,0.091935955,0.06032263,0.049636148,0.12504618,0.20050582,0.127196,0.1426898,0.16083057,0.30749217,0.93388206,0.009424437
AGCACCGCCCCGGCGGTG,0.9898827,0.9916769,0.93511,0.8821484,0.9826625,0.946222,0.70825243,0.83803576,0.7470672,0.4349104,0.9999756,0.99807155,0.9171323,0.91453564,0.9560596,0.978259,0.880214,0.9332504,0.8965256,0.96055406,0.9822205,0.723782,0.7029762,0.43144265,0.5262736,0.8502896,0.9999756,0.43144265
AAGGCCGAGCGCCCACCG,0.9703642,0.99763346,0.94265246,0.9322012,0.8174318,0.89702785,0.8318321,0.8033048,0.85123986,0.7741159,0.9949748,0.9801675,0.5037821,0.7462973,0.47244257,0.8866709,0.7149609,0.80701864,0.6588887,0.771228,0.7906532,0.5604926,0.3404991,0.25877857,0.32972896,0.7453756,0.99763346,0.25877857
AACACCACGGCGGCCCCC,0.99547154,0.99849474,0.97473985,0.9739942,0.9957584,0.9893938,0.94064707,0.94115114,0.947485,0.8585159,0.9997926,0.9994563,0.89620084,0.9396965,0.9705864,0.9900479,0.882527,0.8938859,0.83763283,0.9675685,0.95216435,0.601926,0.39834222,0.30482897,0.3722186,0.8649011,0.9997926,0.30482897
AAGGCCTGGGGCCCACCG,0.9908317,0.9980073,0.98108095,0.97538644,0.9416174,0.9358399,0.90823436,0.8307284,0.92956036,0.8508013,0.99954957,0.99972856,0.8808153,0.99965787,0.9959529,0.9618827,0.893452,0.9775213,0.84719825,0.9738104,0.8643175,0.81479555,0.7534031,0.45396137,0.654862,0.8965199,0.99972856,0.45396137
AAGGAACAGAGCCCACCG,0.79507303,0.9346471,0.9259681,0.51898706,0.27784532,0.7775391,0.6582123,0.63190943,0.5685511,0.5681305,0.53662074,0.64419854,0.3339422,0.4372904,0.25945607,0.45719016,0.26215354,0.13652822,0.0710817,0.3415889,0.40376604,0.22259167,0.18048343,0.15990545,0.19329032,0.451878,0.9346471,0.0710817
AAGAGCGCTCACGCAGCG,0.9933464,0.99591196,0.92820364,0.96652997,0.9896051,0.97785246,0.7520885,0.92976636,0.74937797,0.85146195,0.9928534,0.9614559,0.6564533,0.820679,0.750266,0.88176847,0.85362,0.9244041,0.82506347,0.9406826,0.75595415,0.58517224,0.37123945,0.32971776,0.33896068,0.80489737,0.99591196,0.32971776
GAGGCACGGGCCGCCCCC,0.9931634,0.99292475,0.96337956,0.9763089,0.9862725,0.969431,0.7843517,0.861726,0.931165,0.7876933,0.99813545,0.99606544,0.45581532,0.92365366,0.8832799,0.9471585,0.83302075,0.91782755,0.8568707,0.9176924,0.7920272,0.6965435,0.5825099,0.30168945,0.4610621,0.8323906,0.99813545,0.30168945
AGCACCGCCCTGGCGGGG,0.9990653,0.99878573,0.98573065,0.9781403,0.99858344,0.9739777,0.8804011,0.9259364,0.8686649,0.65817577,0.9999861,0.9993567,0.97518665,0.9938345,0.994009,0.986302,0.9413596,0.97455215,0.91289425,0.98754764,0.9828319,0.8016511,0.8514413,0.54554373,0.6706086,0.91538256,0.9999861,0.54554373
AAGGCCCAGCGCCCACCG,0.9549654,0.9955303,0.9071591,0.83368367,0.6122517,0.8558401,0.8032355,0.7685719,0.72761744,0.68496156,0.996291,0.9562536,0.5014933,0.66682196,0.38109297,0.88410825,0.66007054,0.8247318,0.63181704,0.68957955,0.8886848,0.5674878,0.3663568,0.2855538,0.37233114,0.7126596,0.996291,0.2855538
AAGCCCGCGGCGGCCCCG,0.9920039,0.99727786,0.9657919,0.9876226,0.99503815,0.9780007,0.86636746,0.9287814,0.9660251,0.8896818,0.99998647,0.99986196,0.9284743,0.9963464,0.9959425,0.98768985,0.9391214,0.9792461,0.9368324,0.9844392,0.9680668,0.7401104,0.69506305,0.36734346,0.4906435,0.9030304,0.99998647,0.36734346
CAGAAACGGGCAAGCCCC,0.5508757,0.7595018,0.65682966,0.63542217,0.7948216,0.80628246,0.31494704,0.6144815,0.6632108,0.49047023,0.783567,0.96633416,0.4587116,0.7340731,0.6363561,0.789232,0.49722394,0.18328796,0.33439904,0.87495035,0.543169,0.31579465,0.23175462,0.18862869,0.22383945,0.5619266,0.96633416,0.18328796
AGGAGCGAAAACGCAGCG,0.4519717,0.86099285,0.56570965,0.368167,0.7094466,0.6785807,0.28770518,0.68809426,0.29127014,0.47572494,0.22829752,0.15022093,0.17761797,0.076191954,0.07833801,0.3010469,0.15502858,0.08785026,0.12475175,0.1276876,0.18015528,0.17855808,0.14139263,0.13931206,0.15163387,0.30702987,0.86099285,0.076191954
AAGGCCGCGCGCGCACCG,0.99765986,0.9985069,0.9734248,0.98741823,0.9873449,0.9798294,0.89872026,0.93166757,0.954135,0.87092465,0.9998622,0.9979264,0.76482344,0.97215694,0.9447126,0.9641832,0.90909463,0.965978,0.9325302,0.9586218,0.8989008,0.69273216,0.5513102,0.3056575,0.40813115,0.8738501,0.9998622,0.3056575
AAGGAACGGGCCGGACCC,0.9514428,0.9711076,0.95647943,0.9539474,0.98007894,0.9482106,0.7036047,0.81012285,0.8596945,0.7365372,0.99125427,0.99579465,0.743106,0.9691108,0.9351678,0.847875,0.8026525,0.5687542,0.45328903,0.9294132,0.5015888,0.41590622,0.2673253,0.1959492,0.21872596,0.74828553,0.99579465,0.1959492
GAGGCACGGGCCGCTCCC,0.984773,0.98583454,0.95600635,0.95809,0.9851567,0.9384091,0.7222118,0.87409437,0.91482496,0.6220455,0.9975696,0.99637944,0.5574469,0.9722989,0.94358563,0.9465701,0.91362596,0.953644,0.8808315,0.9567416,0.7930324,0.75183326,0.74020535,0.37343386,0.6133331,0.85327905,0.9975696,0.37343386
AAGGCCGCCCGCGCTCCG,0.998391,0.99922943,0.97986746,0.9876186,0.9860255,0.9815943,0.88566047,0.93631905,0.9663162,0.803513,0.9999327,0.99423695,0.7987088,0.89117515,0.92790866,0.9760642,0.9138216,0.9733073,0.8901008,0.9645931,0.9653339,0.742347,0.714178,0.4350458,0.5769874,0.89153105,0.9999327,0.4350458
GAGCCCGGGGGCGCTCCG,0.9976608,0.99880475,0.98764,0.9943421,0.9983975,0.9797428,0.8363796,0.92831916,0.98751044,0.9004295,0.9999681,0.99999124,0.95178163,0.99999183,0.99975705,0.9757331,0.94655675,0.98549074,0.9247994,0.9826539,0.9136497,0.83174217,0.92386186,0.48196578,0.78531444,0.9324994,0.99999183,0.48196578
AGCAGCGCACAGGCAGGG,0.9529036,0.8892002,0.8276932,0.7806417,0.9813076,0.79034895,0.50437194,0.83321905,0.47550797,0.4392636,0.9885083,0.95649034,0.65415424,0.71851957,0.45145404,0.6482507,0.48226404,0.7062541,0.81225306,0.7305568,0.6961211,0.4345756,0.30552822,0.22577919,0.25057757,0.6614298,0.9885083,0.22577919
AAGAGCGCTCGCGCTGCG,0.99480426,0.99810535,0.98089385,0.9831785,0.9945713,0.9640284,0.87906885,0.96048766,0.9118852,0.85797524,0.9997566,0.99829197,0.95307344,0.9958247,0.99503195,0.9761637,0.9762544,0.98771495,0.9347962,0.9926671,0.9168345,0.83352304,0.84493643,0.5497951,0.71843565,0.9279238,0.9997566,0.5497951
AGGAAGGAAAACCCAACG,0.3148595,0.6223849,0.5037226,0.16583511,0.18064158,0.6802531,0.1894192,0.4501902,0.25208792,0.3077018,0.15691416,0.10000159,0.098915294,0.041270476,0.050801735,0.14481431,0.09714198,0.04829565,0.042347867,0.08455884,0.13059671,0.106464386,0.095997095,0.1104502,0.11756013,0.20372906,0.6802531,0.041270476
AGCACCGCCCCGGCCGCG,0.9675487,0.9892101,0.9065375,0.79463303,0.97279584,0.9279089,0.7710943,0.87162566,0.6596114,0.4407034,0.99995345,0.99614275,0.79508674,0.7692591,0.8688643,0.9785655,0.84181786,0.9161864,0.87426883,0.9354449,0.9828547,0.66930425,0.55880153,0.39967483,0.49399027,0.8152754,0.99995345,0.39967483
AAGGAACGGGGAGGAACC,0.7357195,0.6817568,0.9599659,0.92407906,0.9576964,0.90070915,0.55951005,0.7716056,0.64883095,0.63952655,0.9176421,0.9965177,0.77854824,0.99134797,0.95326525,0.51645267,0.5164033,0.2121226,0.26399624,0.8770162,0.17082997,0.20401834,0.15633439,0.13919012,0.12462998,0.62390864,0.9965177,0.12462998
GAAGAACGGGCAAGCCCC,0.75894046,0.9176639,0.8664899,0.91388553,0.92213774,0.8235483,0.68465304,0.6449778,0.8438329,0.79241174,0.66711247,0.8942478,0.31518713,0.50587565,0.5549234,0.81635165,0.49147537,0.22298042,0.33872253,0.8839293,0.2816001,0.26093438,0.18862617,0.1640335,0.18745463,0.59767985,0.92213774,0.1640335
GAGGAACGGGCAAGCACC,0.27623641,0.34735262,0.38501504,0.63398325,0.54601794,0.71297973,0.29283628,0.5952546,0.5709114,0.531292,0.29942942,0.5354773,0.1332206,0.062009543,0.11392595,0.5952946,0.31799197,0.19080521,0.32136312,0.612041,0.17058739,0.25667384,0.16624452,0.15705259,0.1697328,0.3597492,0.71297973,0.062009543
AAGGCCGCCCGCGCACCG,0.99872285,0.9993312,0.9704926,0.98814327,0.98539597,0.9860335,0.9202125,0.9392813,0.95572376,0.8357852,0.9998443,0.9865925,0.65036404,0.76522243,0.75313795,0.9578382,0.8154519,0.9422897,0.8524605,0.90340394,0.93562645,0.66281116,0.48148125,0.32498306,0.4347222,0.8418141,0.9998443,0.32498306
AAGGCCCGGCGCCCACCG,0.97580427,0.99613374,0.9067634,0.8931711,0.81552416,0.90454274,0.76237833,0.8296857,0.74870783,0.6566537,0.9996798,0.9950289,0.59168065,0.85554504,0.777054,0.9482518,0.77744126,0.9305203,0.8437461,0.8795971,0.91788125,0.6712424,0.47333923,0.31635094,0.43083593,0.79590225,0.9996798,0.31635094
AAGCCCGGGGCCGCGCCG,0.9964645,0.9991502,0.97407544,0.9872,0.99525297,0.9934127,0.8332856,0.8912172,0.98060507,0.8739793,0.9999848,0.99996716,0.94811904,0.999436,0.998029,0.98139584,0.92725354,0.9783054,0.9063523,0.9828504,0.9536367,0.76304364,0.755593,0.35795417,0.48904946,0.9026246,0.9999848,0.35795417
GAGGAACGGGCAGGGACC,0.48920602,0.65068334,0.8288176,0.8732243,0.9377415,0.9099118,0.3732567,0.65827674,0.7516811,0.640524,0.91508824,0.99053293,0.5253905,0.88915235,0.85861796,0.7039374,0.6621006,0.49520352,0.4494902,0.86114824,0.2419831,0.33794776,0.2937601,0.17566541,0.17552838,0.6275549,0.99053293,0.17552838
AACCCCGCCCCGGCCCCG,0.9980523,0.99933714,0.95402205,0.9745239,0.9901796,0.9900192,0.9161462,0.93287265,0.9506918,0.8184806,0.9999915,0.99933594,0.8229031,0.8417516,0.9299978,0.9914045,0.8195718,0.94929105,0.8481839,0.9469831,0.99323744,0.6252271,0.5032143,0.45029604,0.50108206,0.86987174,0.9999915,0.45029604
AGCAGCGCTCAGGCCGGG,0.996281,0.9934558,0.9675189,0.97572863,0.99603647,0.93226254,0.8133024,0.9147079,0.5253178,0.6555086,0.9995534,0.9963653,0.9153359,0.9863575,0.9806521,0.94149244,0.9228969,0.9755722,0.9283894,0.98141295,0.9078523,0.7738421,0.76747817,0.46332067,0.5774791,0.87552476,0.9995534,0.46332067
AAGGCCCGGGGCCCTCCC,0.985596,0.9979081,0.9719934,0.9383892,0.9651469,0.9273803,0.790328,0.84980285,0.84476894,0.68400955,0.9998672,0.99972045,0.8443883,0.9965334,0.99050623,0.96238714,0.8960773,0.9621129,0.8605299,0.9607421,0.93150145,0.77651685,0.769384,0.41021252,0.61620015,0.8772801,0.9998672,0.41021252
AGGAACGAAAACCCAAGG,0.5771718,0.8727553,0.68043286,0.17843369,0.45230526,0.6707307,0.30858105,0.6921257,0.3007599,0.3540581,0.248025,0.20358863,0.18852285,0.13048233,0.08623983,0.20608982,0.13076746,0.05366564,0.052136853,0.10769848,0.2292117,0.13490863,0.11921753,0.12340136,0.13722058,0.2895412,0.8727553,0.052136853
CAGCCCGGGGCGGCCCCC,0.9937095,0.9977643,0.9507768,0.9794649,0.9968233,0.9854871,0.81633985,0.9192349,0.9315565,0.88308,0.99998766,0.99998814,0.93509346,0.9998615,0.99922067,0.98049706,0.93437445,0.9776256,0.91852087,0.9821381,0.9721923,0.771712,0.8307047,0.42390206,0.626878,0.9122774,0.99998814,0.42390206
AAGGTACGGGGCGGACCC,0.9822343,0.9854796,0.98861885,0.9803008,0.9917306,0.9435125,0.7051857,0.9007333,0.9043559,0.8471066,0.99829006,0.99986553,0.94524974,0.99994415,0.99913645,0.8846749,0.8843877,0.86218476,0.78463,0.97132623,0.6038647,0.7247528,0.6988012,0.38685083,0.4915616,0.85859114,0.99994415,0.38685083
AACACAGCGGCGGCCCCC,0.9931256,0.99523914,0.97966707,0.97159135,0.9960975,0.97114116,0.88744617,0.906782,0.8875601,0.7329201,0.9997761,0.9997151,0.9290665,0.98305804,0.9882923,0.985551,0.9398346,0.9153682,0.8910325,0.98580694,0.9198351,0.61263907,0.38523826,0.2796306,0.33786154,0.8589712,0.9997761,0.2796306
GAGCCAGGGGCCGCCCCC,0.9976982,0.9973392,0.97619706,0.9859067,0.99518156,0.9807133,0.8234889,0.9036468,0.9706025,0.8966464,0.9992821,0.9997065,0.7031907,0.9951932,0.9850988,0.9543058,0.8891605,0.9505384,0.8228555,0.93830705,0.84174454,0.7093907,0.62663186,0.31333217,0.47250244,0.8691464,0.9997065,0.31333217
AAGCCCGGGGTCGCGCCG,0.9995796,0.9997362,0.9905035,0.995447,0.9988822,0.9967561,0.93169445,0.9341769,0.9922755,0.9155005,0.99998516,0.99998504,0.98172486,0.9999766,0.9998281,0.98082006,0.9527874,0.9848703,0.937889,0.9891326,0.9517579,0.84152657,0.8926127,0.51372755,0.73461586,0.94063157,0.99998516,0.51372755
AAGGAACAGGGCGGACCC,0.97970265,0.9853409,0.98676395,0.97752434,0.97489166,0.92957455,0.8241463,0.8115637,0.88910145,0.8441167,0.96230274,0.99118954,0.80541706,0.94102025,0.9115527,0.7029799,0.7091501,0.34325665,0.26349398,0.87028927,0.3241795,0.2877355,0.20686446,0.16771977,0.17540231,0.7146111,0.99118954,0.16771977
GAGCCCGGGGGCCCTCCG,0.9923371,0.998398,0.97693497,0.97897583,0.9860391,0.933655,0.7614553,0.8630294,0.9704808,0.82576984,0.9999178,0.9999599,0.8729072,0.99985194,0.9979631,0.97321904,0.90648055,0.9768523,0.88759273,0.95621586,0.9218406,0.80943966,0.8853143,0.4695453,0.7622009,0.90825516,0.9999599,0.4695453
AAGCCCGGGGCCGCTCCC,0.99490196,0.9986775,0.9713847,0.9787817,0.99751157,0.9834594,0.7921498,0.9393288,0.9601589,0.8548279,0.9999538,0.99992317,0.9183584,0.9988139,0.99752384,0.980012,0.942117,0.98389375,0.89855593,0.9831722,0.95419323,0.7840573,0.78793675,0.42873144,0.61067444,0.90956396,0.9999538,0.42873144
AAGGAACGGGGCGGAACC,0.9580587,0.93724036,0.9756834,0.96591586,0.97916436,0.9591967,0.667721,0.84072745,0.7424348,0.7195204,0.9897557,0.9990551,0.86993825,0.9973575,0.98155427,0.7273922,0.7601683,0.463858,0.4928339,0.94243675,0.30401233,0.33183816,0.23554772,0.16682665,0.16300654,0.7268497,0.9990551,0.16300654
CAAGAACGGGCAAGCCCC,0.7821,0.9384055,0.8789707,0.8599909,0.9018599,0.88941365,0.62242407,0.60920036,0.70106786,0.76888615,0.8917735,0.9833994,0.54494125,0.7961661,0.75297904,0.8520284,0.5320786,0.3136614,0.379815,0.90775114,0.56687343,0.32344723,0.23594965,0.19089343,0.22511613,0.65796775,0.9833994,0.19089343
CAGACCGGGGCGGCCCCC,0.97630596,0.9959828,0.949505,0.96419543,0.9955367,0.98032945,0.8179147,0.91663414,0.88809085,0.79616064,0.9999117,0.9999673,0.9291916,0.9996854,0.99843144,0.97484356,0.9247351,0.94161224,0.8787581,0.98085034,0.9355264,0.7502485,0.72523075,0.34515953,0.48133487,0.88584566,0.9999673,0.34515953
AGGGGGGAGCACGCACCG,0.90051126,0.9316749,0.6606721,0.9302241,0.7301252,0.8901122,0.45941013,0.4992056,0.6100058,0.60209066,0.58795226,0.95946556,0.068422854,0.27568367,0.05054501,0.24883384,0.31949946,0.3194501,0.25852725,0.114683315,0.19734275,0.409394,0.25651336,0.18439363,0.22725138,0.46767962,0.95946556,0.05054501
CAGAAACGGGCGGCCCCC,0.87746376,0.9304185,0.8910128,0.8421332,0.9760327,0.9375065,0.6521653,0.7941901,0.5951797,0.56535006,0.99616164,0.99877894,0.85113126,0.9715623,0.97643787,0.9399116,0.8698805,0.6081792,0.668956,0.9734303,0.8082141,0.54462487,0.3546584,0.24791923,0.2964059,0.76670814,0.99877894,0.24791923
AAGAAACGGGCGACCCCC,0.64636713,0.8289969,0.7032312,0.5510316,0.76485384,0.75180155,0.4660552,0.7064655,0.6516435,0.44086066,0.9629885,0.9894297,0.5920384,0.8414747,0.8185256,0.8379804,0.68449956,0.27849573,0.3280031,0.8956063,0.48790804,0.31153283,0.22111945,0.17981818,0.21694294,0.60630685,0.9894297,0.17981818
AAGGAACAGAACCCACCG,0.74011517,0.9272824,0.79648525,0.3465201,0.19743928,0.7790836,0.5274542,0.5064361,0.36777517,0.48046118,0.3649685,0.46790546,0.24883938,0.35593107,0.17807122,0.3699189,0.13992025,0.094723895,0.04760679,0.14208043,0.37718144,0.17551579,0.15061636,0.14249772,0.17109239,0.36383685,0.9272824,0.04760679
AGGAGCGCCCGGGCTGCG,0.82049614,0.9330995,0.8477226,0.7125895,0.89891,0.7007418,0.72650254,0.85419416,0.53071386,0.3647142,0.9998236,0.9978965,0.87100834,0.99317205,0.9744026,0.927307,0.9356392,0.9457689,0.8430245,0.95456904,0.8756819,0.78861433,0.84643847,0.40887263,0.6427084,0.81578445,0.9998236,0.3647142
AAGCCCGGGGGCGCTCCG,0.99735796,0.9989815,0.9896731,0.99345225,0.9982516,0.98208576,0.846601,0.9443425,0.98246884,0.8830577,0.9999824,0.9999909,0.977534,0.9999723,0.99971104,0.9783311,0.94853926,0.9844305,0.91842854,0.98805505,0.94149333,0.8186028,0.8696622,0.43501434,0.6508213,0.9250737,0.9999909,0.43501434
AAGAAACGGGCAAGCCCC,0.47956422,0.74856013,0.70595205,0.707215,0.82311,0.7657393,0.36716437,0.6957789,0.74131036,0.5513116,0.81643915,0.9621623,0.48053455,0.78126544,0.65892476,0.7908996,0.4989484,0.17992075,0.273357,0.89274496,0.38663352,0.22380672,0.18169503,0.15587008,0.17766705,0.561863,0.9621623,0.15587008
AGGGAACAGAACCCACCG,0.4052193,0.6762988,0.5470568,0.09267092,0.06535564,0.5011157,0.25643575,0.2973472,0.1441745,0.2154319,0.1985674,0.089337684,0.12387452,0.04115811,0.043177534,0.20090635,0.09792236,0.06340726,0.042128753,0.046332475,0.24657413,0.19994065,0.14525227,0.14607231,0.18070772,0.20265861,0.6762988,0.04115811
AAGCCCGCGCCGGCCCCG,0.9916303,0.996232,0.9486755,0.9719148,0.9870993,0.97705907,0.81956244,0.90683645,0.9433537,0.86334693,0.99998003,0.99916846,0.8471198,0.9475422,0.97631377,0.9869236,0.8979407,0.97055185,0.91715425,0.9724479,0.97845083,0.70102155,0.6072414,0.3843591,0.4975747,0.88357997,0.99998003,0.3843591
AAAAAACGGGCAAGCCCC,0.66135526,0.9321053,0.90228784,0.8402374,0.9563654,0.83504826,0.60461503,0.7039394,0.7690605,0.6831926,0.9126605,0.98818177,0.69499,0.8664802,0.8013165,0.8105481,0.54826915,0.22276409,0.26473522,0.9062705,0.46676597,0.19308686,0.17136076,0.1485646,0.16446753,0.64194673,0.98818177,0.1485646
GAGGAACGGGCAGGAACC,0.3788441,0.40713295,0.73829186,0.82277364,0.9292269,0.86221373,0.34845513,0.69537663,0.59072584,0.5851699,0.58173376,0.89994633,0.2289523,0.41870123,0.43135348,0.4959761,0.53276604,0.28535667,0.31328845,0.7520903,0.1670504,0.2592384,0.17702127,0.15531977,0.15562423,0.4885052,0.9292269,0.15531977
AGGGGCGATAACCCAGCG,0.79227734,0.9765615,0.69820756,0.38304424,0.31649244,0.73386467,0.48565483,0.69276536,0.26047096,0.60422945,0.2337513,0.095214725,0.1167765,0.015572686,0.028211026,0.35159934,0.24878499,0.21704765,0.28869492,0.11254137,0.23176883,0.47187245,0.2454559,0.26127857,0.2743451,0.36545932,0.9765615,0.015572686
AAGGAACGGGCAGGAACC,0.33931816,0.4698569,0.799505,0.7832189,0.9243985,0.8863509,0.40346175,0.7205088,0.5450728,0.5108861,0.8603817,0.9703352,0.5041113,0.87065154,0.7014916,0.5377467,0.5858382,0.28922755,0.28683907,0.85605997,0.22243802,0.23004016,0.17057158,0.1488738,0.14848787,0.5506269,0.9703352,0.14848787
AGCACCGCTCTGGCCGGG,0.99956256,0.99925816,0.9933195,0.99321944,0.9994795,0.9810093,0.9231043,0.9729989,0.8462611,0.7652922,0.9999681,0.9993511,0.9791098,0.9983923,0.99851143,0.98787963,0.9737137,0.9920094,0.93799734,0.99359936,0.9830936,0.8655374,0.9187112,0.7317639,0.8553006,0.9475378,0.9999681,0.7317639
AAGACCGCCCTCGCCCCG,0.9994764,0.99972105,0.9829193,0.99054956,0.99578136,0.9946043,0.9337403,0.9576416,0.9674977,0.8767663,0.9997649,0.99342287,0.76860106,0.822792,0.89431,0.9808057,0.8596302,0.91108584,0.79952145,0.93503374,0.9739205,0.69034344,0.51399165,0.46623114,0.52527475,0.87333703,0.9997649,0.46623114
CACACCGGGGCGGCCCCC,0.9900646,0.9979802,0.9642128,0.9699515,0.9980493,0.98777217,0.8913789,0.9303422,0.8825193,0.803057,0.999973,0.9999818,0.952411,0.99929404,0.9985808,0.98887974,0.9287565,0.95493853,0.91209984,0.98623735,0.97259283,0.7350486,0.6829479,0.37765765,0.48955145,0.8957711,0.9999818,0.37765765
AAGCCCGCGCTCGCCCCG,0.99962956,0.99968004,0.98504126,0.9934885,0.9975584,0.9951685,0.9099843,0.9533173,0.9784323,0.94861317,0.9999605,0.9988237,0.8618066,0.9568881,0.9845848,0.9880221,0.935893,0.9843582,0.93515277,0.97594935,0.98254275,0.7523271,0.7180624,0.5256058,0.6200498,0.9192377,0.9999605,0.5256058
AAGGACGAGCACCCACCG,0.8917931,0.9865295,0.8013186,0.7267138,0.5910459,0.8910112,0.7023928,0.586681,0.6903859,0.7486073,0.6837344,0.6560488,0.28616664,0.4643076,0.20744856,0.5454402,0.29578105,0.25945088,0.15659422,0.24698459,0.48390985,0.31288177,0.21450232,0.18653284,0.23720528,0.5141387,0.9865295,0.15659422
AACACCGCCCCGGCGGCG,0.99048144,0.99804467,0.9476097,0.9312471,0.9907787,0.9808762,0.86771256,0.89328146,0.9074461,0.64330304,0.9999855,0.9995007,0.9399052,0.93078035,0.96527666,0.992927,0.8851179,0.93968683,0.88582116,0.9794996,0.98300624,0.6615952,0.48807636,0.36761138,0.43480995,0.8641752,0.9999855,0.36761138
AAGGGCGAGCACGCACCG,0.9666816,0.9902296,0.82510614,0.9489876,0.8942063,0.9581783,0.6937383,0.74022335,0.80974925,0.7937501,0.91737264,0.8691744,0.24429742,0.39736894,0.17151706,0.5443721,0.5165039,0.56859493,0.48877954,0.43369457,0.3926816,0.39493182,0.23050512,0.19530901,0.22901478,0.60859877,0.9902296,0.17151706
AACACCGCCCCGGCCCCA,0.99449927,0.9988491,0.94884396,0.95445126,0.99236715,0.97888297,0.9480146,0.94295794,0.9409649,0.73797435,0.9999338,0.9982922,0.775158,0.8217775,0.8618222,0.99142087,0.83132577,0.90980524,0.8416276,0.95469934,0.98190653,0.60133547,0.4414498,0.36891136,0.44076318,0.85032135,0.9999338,0.36891136
AGGGAGCAGAACCCATCG,0.264454,0.55427176,0.6084137,0.22869124,0.14747417,0.5675851,0.33046123,0.26669142,0.24052542,0.2943493,0.1653976,0.05898615,0.10936612,0.022058716,0.026884535,0.228068,0.13977255,0.1321676,0.08881022,0.06338798,0.20193543,0.27360967,0.17587896,0.17846374,0.2053297,0.22292142,0.6084137,0.022058716
AGGAACGAAAACACAGAG,0.56906545,0.7160353,0.3100622,0.08887483,0.251275,0.4097357,0.25998706,0.56857324,0.3083629,0.4718821,0.21385995,0.17861134,0.14350358,0.11070631,0.07710954,0.13230312,0.09952558,0.03822805,0.054773733,0.097694166,0.16534802,0.10197272,0.09986154,0.10892577,0.11120592,0.22749934,0.7160353,0.03822805
AAGGCCGCGCTCGCTCCG,0.99873775,0.99916047,0.98430973,0.99059856,0.9948612,0.9868136,0.8838025,0.92894655,0.9729593,0.8662809,0.9998879,0.997525,0.87852156,0.9914489,0.99145186,0.9790254,0.96365833,0.98932654,0.9409706,0.98441476,0.9573174,0.82579917,0.8697758,0.5970187,0.79775363,0.93481475,0.9998879,0.5970187
AGGAGCGCCCTCGCTGCG,0.98114246,0.99059504,0.9047183,0.869327,0.9589445,0.9163083,0.7513997,0.88360935,0.64574194,0.45843932,0.99930143,0.9369451,0.72494715,0.88553405,0.85601354,0.9303961,0.9452057,0.9596862,0.8574511,0.93249273,0.9178097,0.8185546,0.8632658,0.5632102,0.796608,0.85390586,0.99930143,0.45843932
AACAAAGGGGCGGCCCCC,0.95406425,0.9824253,0.9653181,0.9487089,0.99468106,0.9634038,0.8467172,0.8873093,0.85829854,0.7108742,0.99868333,0.999861,0.95226896,0.99695045,0.99449015,0.962357,0.90371525,0.73078406,0.59769785,0.98333454,0.70167094,0.45650086,0.291579,0.21345074,0.24753165,0.80570704,0.999861,0.21345074
AGGACCGCCCTGGCCGCG,0.9871936,0.9931412,0.9359803,0.91425896,0.98564184,0.9428852,0.8275393,0.92242736,0.7849941,0.583783,0.99986386,0.99058384,0.86260253,0.9514818,0.9663076,0.9697237,0.9083095,0.94025016,0.81297183,0.965904,0.9564208,0.7828077,0.79382795,0.4905486,0.6675757,0.8774809,0.99986386,0.4905486
AGGAGCGAAAACCCAGGG,0.5244349,0.91316545,0.68237036,0.2529056,0.59746027,0.45315123,0.3332497,0.6797352,0.2732197,0.43188807,0.24346337,0.14483793,0.18825643,0.07302377,0.058169678,0.30091983,0.12328705,0.09384079,0.10107621,0.09446787,0.20260458,0.18813068,0.1427981,0.14285497,0.1614509,0.29603052,0.91316545,0.058169678
AACACCGCCGCGGCCCCT,0.9943753,0.9985689,0.96415544,0.9812359,0.9971007,0.98714846,0.9382226,0.95551634,0.95443237,0.8440536,0.99995905,0.9995007,0.8933315,0.93626845,0.9763641,0.9925297,0.89657307,0.9407069,0.91241676,0.97897875,0.9792126,0.66848636,0.47909492,0.37386635,0.4559065,0.88392013,0.99995905,0.37386635
AAGGCACGGGGCGGTCCC,0.9938889,0.9922531,0.98991483,0.9891072,0.99593174,0.9533897,0.733684,0.9004123,0.9256207,0.8049598,0.9997647,0.99993914,0.970756,0.9999321,0.99943364,0.9511539,0.93231905,0.9509336,0.9037741,0.9853328,0.8040577,0.7382015,0.7873054,0.34777534,0.49269757,0.88570154,0.99993914,0.34777534
GAGCCAGGGGCCGCGCCC,0.9979314,0.9982333,0.9735006,0.98396087,0.99427986,0.9849422,0.78131855,0.84681344,0.9763287,0.8452479,0.9996344,0.9998967,0.8348362,0.9990329,0.9947699,0.9594028,0.9180661,0.96142495,0.8622422,0.9679455,0.83969706,0.72499526,0.70879817,0.31881174,0.49028885,0.878496,0.9998967,0.31881174
AAGGAACAGAACCGAACG,0.31481743,0.6053672,0.62525487,0.30627945,0.13315484,0.7820105,0.313394,0.37160677,0.20058307,0.46793526,0.33198607,0.3917459,0.25048378,0.31400785,0.15506522,0.23379123,0.12274629,0.069432944,0.046478502,0.15452297,0.26275805,0.13566189,0.13022703,0.124999136,0.13331269,0.27910492,0.7820105,0.046478502
AGCACCGCTCGGGCCGGG,0.9991978,0.9988562,0.9929023,0.9920485,0.99902385,0.9577325,0.91097796,0.96780777,0.8108285,0.78011143,0.9999818,0.9996979,0.9790155,0.9984614,0.998038,0.98334026,0.9427796,0.9750889,0.93547875,0.9858044,0.97731566,0.8195906,0.872504,0.5615461,0.71350044,0.9260652,0.9999818,0.5615461
AGGGGGGAGAACCCAACG,0.36989948,0.7240936,0.3902405,0.40438297,0.09355007,0.704185,0.25080872,0.28711727,0.15233676,0.35661736,0.10005463,0.22147729,0.040737428,0.0035709857,0.008504908,0.15911081,0.09345752,0.11740221,0.082436405,0.041017585,0.089669175,0.22241022,0.1125335,0.13966277,0.14750338,0.21251127,0.7240936,0.0035709857
GAGCCCGGGCTCGCTCCG,0.99884063,0.9992764,0.9769636,0.9916347,0.9979293,0.98993146,0.8343952,0.9380744,0.9875771,0.90186477,0.99991673,0.99955815,0.8808174,0.9995244,0.9986049,0.9792623,0.95526606,0.9911145,0.9307971,0.9798765,0.95202774,0.8498485,0.9345393,0.6517721,0.88470656,0.9441648,0.99991673,0.6517721
AGGGGCGATAACGCAGCG,0.9454565,0.9832629,0.85005623,0.82544625,0.81924707,0.9026663,0.53709286,0.8073915,0.51398563,0.69693166,0.33034524,0.28319067,0.14747636,0.04382872,0.05432351,0.35056373,0.37661418,0.23690487,0.4067158,0.2225489,0.21192129,0.4687414,0.3094345,0.25949454,0.26986867,0.47414044,0.9832629,0.04382872
AAGCCCTGGGGCCCACCG,0.9948019,0.9987886,0.9795563,0.9757313,0.9741817,0.95321196,0.8664462,0.8540154,0.9497399,0.8568937,0.99983215,0.99976516,0.9178692,0.99845666,0.9961212,0.97850704,0.89925,0.98227745,0.86414874,0.97927105,0.94346607,0.7981778,0.7204438,0.48000786,0.616154,0.9030846,0.99983215,0.48000786
AAGGAACAGAAAGGAACC,0.34722364,0.4272344,0.8106499,0.5120269,0.6505642,0.86620903,0.38438243,0.48074603,0.36178547,0.4746021,0.2822645,0.344126,0.21905187,0.27148035,0.19701967,0.15391053,0.10157278,0.044702247,0.03722099,0.1998661,0.14975472,0.081851326,0.100007154,0.10326004,0.09523431,0.30786988,0.86620903,0.03722099
AAGGAACAGGGCCGAACC,0.6361686,0.8520254,0.89866424,0.7074459,0.54631484,0.87448305,0.6061681,0.6310248,0.5094185,0.61133385,0.81744057,0.93075705,0.48542172,0.5779132,0.38482463,0.491967,0.43640485,0.20747957,0.16872585,0.66084844,0.30280083,0.2432414,0.18379346,0.15669689,0.17082232,0.5236874,0.93075705,0.15669689
AGGAAGGAAAACAAAGGG,0.6326671,0.62756914,0.7159964,0.56340295,0.52047247,0.3558741,0.27195877,0.54068655,0.4478962,0.43982267,0.14663917,0.10076756,0.104410805,0.03691454,0.053221755,0.13217312,0.065658055,0.03286614,0.047761317,0.10075798,0.080903515,0.059655894,0.070905425,0.08936107,0.07936816,0.2527084,0.7159964,0.03286614
AAGCCCGGGGCGGCCCCG,0.98488194,0.99677557,0.95968014,0.9867075,0.9956934,0.97580034,0.8190629,0.9356856,0.97001326,0.8842051,0.99998623,0.9999847,0.9589996,0.9998758,0.9992041,0.98025966,0.93097675,0.9763687,0.9131823,0.9838539,0.9448237,0.7702209,0.76350784,0.3510683,0.49469522,0.9030206,0.99998623,0.3510683
AGGGGGGAAAACCCAACG,0.2648632,0.6003199,0.24973188,0.2570464,0.06676713,0.6305445,0.19148935,0.3308146,0.1562599,0.38029784,0.078045614,0.022251891,0.035396624,0.0019416792,0.0066261813,0.1550969,0.07835355,0.08571353,0.07020245,0.03641503,0.08047475,0.1616009,0.09153727,0.12273049,0.13285603,0.17149511,0.6305445,0.0019416792
AGCACCGCTCGGGCGGGG,0.9992164,0.9990528,0.99246526,0.99080604,0.998971,0.97173965,0.8916194,0.94498676,0.8669821,0.74380684,0.9999898,0.9998603,0.99053246,0.9996722,0.99918586,0.983441,0.9519706,0.9780541,0.9418064,0.989186,0.9769748,0.8387561,0.91234875,0.57175124,0.7324362,0.93062454,0.9999898,0.57175124
GAGGAACGGGCAAGCCCC,0.6053552,0.68868184,0.6222348,0.8384323,0.74281126,0.7321886,0.44195473,0.6293796,0.83583045,0.69032127,0.46088913,0.7203024,0.15938292,0.104449466,0.23235972,0.7225096,0.38868067,0.22979012,0.34057003,0.68227136,0.22831129,0.31183833,0.1936933,0.17445396,0.19568175,0.47889492,0.8384323,0.104449466
GAGGAACGGGCAGGCCCC,0.81738114,0.8248781,0.9135084,0.9597696,0.9793127,0.9094799,0.5815968,0.7760063,0.8850061,0.8351549,0.9255153,0.9850261,0.40602946,0.7599171,0.84694993,0.82358944,0.74584824,0.5860158,0.49873525,0.88323337,0.35020512,0.42060557,0.3096691,0.19791564,0.22428437,0.6978254,0.9850261,0.19791564
AAGACCGCCCCGGCCCCG,0.9865707,0.9971293,0.9429734,0.9533857,0.9781163,0.98172885,0.8808573,0.9290742,0.9319315,0.74806046,0.9998729,0.9940408,0.74903136,0.79702026,0.8494835,0.9800738,0.80363196,0.8632302,0.7686535,0.9334429,0.9667662,0.6336669,0.4480493,0.33836684,0.43798253,0.8357257,0.9998729,0.33836684
AACACCACCGCGGCCCCT,0.9960723,0.99873894,0.9655302,0.9775451,0.9940801,0.9914372,0.9419999,0.96072274,0.9704364,0.8466597,0.99977446,0.9986849,0.8433535,0.8657696,0.9162096,0.9893837,0.82725286,0.8653536,0.80364823,0.9454917,0.96828365,0.5916528,0.41445947,0.34093207,0.40738776,0.8568344,0.99977446,0.34093207
AAGGGCGATCACGCAGCG,0.9901319,0.99669105,0.9076679,0.9672558,0.97302645,0.97004867,0.74091655,0.865272,0.82105637,0.86948043,0.94455516,0.8438596,0.42993626,0.60757923,0.40741068,0.6880219,0.7094911,0.79613763,0.7373008,0.8018199,0.4751401,0.5377361,0.35701525,0.2926582,0.2961237,0.7210533,0.99669105,0.2926582
AAGGGCGATCGCGCAGCG,0.9927136,0.99807,0.9718819,0.9827924,0.9863181,0.9647325,0.8592264,0.92954195,0.91497195,0.91113585,0.99624133,0.9935089,0.7884965,0.98904943,0.9459363,0.8651,0.89929867,0.91303396,0.8747155,0.94738394,0.63049555,0.67720985,0.6222233,0.3580208,0.44395006,0.85824203,0.99807,0.3580208
AGGGAACAGAACCGAACC,0.16744179,0.30941093,0.3403141,0.068169035,0.06957741,0.7098873,0.12057934,0.2693575,0.08915192,0.19668722,0.16491322,0.07534108,0.10848781,0.031386983,0.035020683,0.12743187,0.08592232,0.0477641,0.04138613,0.051123638,0.17283644,0.1571614,0.12534523,0.12824757,0.1445974,0.15350169,0.7098873,0.031386983
AAGGCCTAGCGCCCACCG,0.9648429,0.9965132,0.95405346,0.9191021,0.6245333,0.89054227,0.86900294,0.7634272,0.85714406,0.8348547,0.992861,0.9666027,0.6006425,0.7815918,0.69089705,0.91610044,0.71246684,0.8320961,0.658126,0.85558856,0.86822206,0.7050031,0.46224365,0.4097711,0.46558344,0.7836725,0.9965132,0.4097711
AACACCGCCGCGGCGCCA,0.99487966,0.9989579,0.9551317,0.9720779,0.99573255,0.984833,0.9333526,0.901894,0.96865517,0.7825747,0.99997383,0.99965596,0.93454146,0.96553,0.9832022,0.9933987,0.91785765,0.9536183,0.93026745,0.9875602,0.9733835,0.6680852,0.46730065,0.3369481,0.41137487,0.88043153,0.99997383,0.3369481
AGCAGCGCACACGCAGGG,0.98564184,0.962986,0.8949335,0.8422661,0.9857234,0.88457334,0.53056955,0.8584908,0.46585864,0.60630685,0.97746783,0.8750072,0.5140427,0.6259087,0.30672038,0.6018769,0.42663977,0.63193953,0.765565,0.42063576,0.74250215,0.4422586,0.30186525,0.23508295,0.27777177,0.6465054,0.9857234,0.23508295
AGGAGCGAAAACGCAGGG,0.81627446,0.93838334,0.8368973,0.6971956,0.933592,0.7146245,0.49432522,0.8068842,0.45583883,0.6356916,0.27394614,0.20015477,0.22767021,0.086487964,0.08717017,0.29588717,0.15624587,0.09284246,0.13601278,0.14119928,0.17244098,0.17243244,0.1433124,0.13867708,0.14417541,0.39193448,0.93838334,0.086487964
AAGGCACGGGGCCGACCC,0.98151815,0.99220973,0.96737075,0.96608764,0.9439952,0.91192716,0.6636901,0.80256206,0.8002178,0.71754473,0.998548,0.9993544,0.8190167,0.9948915,0.9781411,0.90813214,0.781597,0.8270782,0.8040948,0.9337804,0.7104022,0.5724774,0.41175473,0.23785563,0.28146118,0.80022836,0.9993544,0.23785563
GAGGAACGGGCCGGAACC,0.8583297,0.8273358,0.88079834,0.91014004,0.9541901,0.9309694,0.5164082,0.7739395,0.67472523,0.6867767,0.92402375,0.9735148,0.34955627,0.7086466,0.65479594,0.6931994,0.68924713,0.45101675,0.43467176,0.8425807,0.29679078,0.38809913,0.27033678,0.18414053,0.20019676,0.6429771,0.9735148,0.18414053
AAGGCCGGCCGCGCACCG,0.99812526,0.999243,0.97424966,0.9860392,0.9873422,0.9860519,0.89842165,0.94071513,0.9640026,0.81767523,0.9998455,0.9978774,0.73357993,0.972501,0.93169546,0.9557493,0.8754085,0.9604116,0.8798312,0.9446054,0.8895747,0.69035923,0.54144996,0.30271044,0.40733504,0.8653919,0.9998455,0.30271044
AGCAGCGCACAGGCGGGG,0.9747845,0.95328164,0.88919747,0.8432207,0.9785553,0.878094,0.5610908,0.786904,0.5247767,0.46321848,0.99787265,0.9912859,0.8590443,0.9034602,0.79550797,0.8062291,0.6602371,0.8139469,0.8570527,0.86287874,0.8045979,0.52892196,0.44387785,0.25468218,0.2739906,0.74826837,0.99787265,0.25468218
AAGGAACAGGGAGGAACC,0.5767637,0.64807063,0.96089286,0.87001985,0.88173366,0.8526332,0.6394923,0.73797506,0.64275473,0.63856745,0.6103955,0.9431799,0.60527027,0.76123625,0.6302338,0.34132153,0.35248834,0.12624271,0.11148011,0.6857436,0.16754888,0.14413886,0.13625261,0.12716293,0.115579575,0.5322872,0.96089286,0.11148011
AGGGGCGAACACGCAGCG,0.6941312,0.86667633,0.45985496,0.564234,0.62701845,0.7473845,0.37455782,0.53171444,0.35386235,0.5846017,0.33765253,0.12650935,0.1180192,0.020295741,0.026186341,0.2911113,0.17765515,0.19860272,0.30626073,0.09936062,0.24203359,0.34542423,0.19390328,0.18089472,0.2052267,0.34692687,0.86667633,0.020295741
AAGCCCGCCCTCGCCCCG,0.99978375,0.99984217,0.98294556,0.9936416,0.9965424,0.99624085,0.93638915,0.960737,0.9782205,0.93222356,0.9999556,0.9967201,0.7784887,0.82608813,0.93456817,0.98672336,0.87209255,0.97037035,0.88353413,0.9393752,0.98877025,0.707651,0.62494224,0.5464177,0.596999,0.8971705,0.9999556,0.5464177
AGGGGGGAGAACGCACCG,0.9018251,0.9580088,0.80399036,0.92356527,0.719748,0.8960057,0.47659153,0.5882486,0.62005544,0.59770656,0.17424014,0.821292,0.059061043,0.04102673,0.023558924,0.20830594,0.16671403,0.14431824,0.12404358,0.06944052,0.10618329,0.256373,0.14059119,0.15039125,0.15584414,0.4050852,0.9580088,0.023558924
CAGAAACGGGCGAGCCCC,0.6480195,0.7706894,0.6643683,0.65231985,0.8078832,0.795132,0.36256638,0.6190223,0.58016545,0.434537,0.9780002,0.99565846,0.7559309,0.9331688,0.9445607,0.8727521,0.76337075,0.31669956,0.4946359,0.95403194,0.6644636,0.41909516,0.2795188,0.21197046,0.24547075,0.64656126,0.99565846,0.21197046
AAGACCGCCCTGGCCCCG,0.9983271,0.9991811,0.979042,0.98513675,0.99558914,0.9903281,0.93900347,0.95540017,0.9660858,0.8235128,0.9998861,0.9969122,0.887,0.93182385,0.9746834,0.98620725,0.9062406,0.9540442,0.8131679,0.9768256,0.9675013,0.7346218,0.5843566,0.4470498,0.52455115,0.89265907,0.9998861,0.4470498
AGGAAGCAAAACCCAAGG,0.55465746,0.6894004,0.6706882,0.2102967,0.31535253,0.6540627,0.27396154,0.5385846,0.24288256,0.28472096,0.23752564,0.15321103,0.15445973,0.09213784,0.062401295,0.18468949,0.10255411,0.049073596,0.052196782,0.10197651,0.21712014,0.13386768,0.11656348,0.12310215,0.13721828,0.25410825,0.6894004,0.049073596
AACACCGCCCCGGCGGCA,0.9903157,0.99825186,0.93494254,0.9185342,0.9930333,0.97431076,0.8868532,0.89735967,0.9253038,0.66325676,0.9999768,0.9993139,0.9189754,0.9041118,0.9506225,0.992927,0.8851179,0.93968683,0.88582116,0.9794996,0.9797517,0.643002,0.46312314,0.35244542,0.42022762,0.8598706,0.9999768,0.35244542
AAGGCCCAGGGCCCACCG,0.9699988,0.9969985,0.9569815,0.93022954,0.8127685,0.87512827,0.86661744,0.7738295,0.8001229,0.75366426,0.9972675,0.9909973,0.6139707,0.7952131,0.69789386,0.88519335,0.6597148,0.8363274,0.584966,0.7330181,0.83632535,0.57261485,0.35999066,0.2680014,0.33750656,0.7562136,0.9972675,0.2680014
AACACAACGGCGGCCCCT,0.9927367,0.9956764,0.98153275,0.97194856,0.99370587,0.97614855,0.84218484,0.92684793,0.95181,0.7649142,0.9988836,0.9989366,0.8993171,0.9296007,0.959571,0.97982913,0.86094826,0.687859,0.7460992,0.96180934,0.8910405,0.5066577,0.33813608,0.2629387,0.32061988,0.82959014,0.9989366,0.2629387
AGGAGCGCTCAGGCTGGG,0.9790991,0.97593284,0.9215721,0.94797915,0.9861977,0.8424289,0.7251428,0.9048896,0.6163842,0.5003804,0.9979167,0.9886383,0.8813521,0.99265784,0.9748145,0.8756245,0.94150525,0.9732942,0.88447964,0.980341,0.76530325,0.80787176,0.87171197,0.5257533,0.7313129,0.86370325,0.9979167,0.5003804
AACACCGCCCCGGCCCCC,0.99712425,0.99905425,0.95549124,0.9495759,0.9934629,0.9894138,0.94974595,0.9329457,0.92624086,0.75623024,0.9999458,0.998627,0.7856419,0.8335294,0.8912506,0.99142087,0.83132577,0.90980524,0.8416276,0.95469934,0.98485494,0.6076061,0.4516768,0.38429075,0.45576,0.8548538,0.9999458,0.38429075
AGGGACGAGCACCCACCG,0.6409761,0.92826736,0.5562191,0.34493172,0.24740666,0.71589273,0.4464544,0.43914413,0.36124748,0.4430813,0.3466137,0.12628593,0.1415645,0.057050414,0.048919152,0.32902357,0.21506429,0.18268268,0.13534507,0.07411048,0.3549464,0.3663279,0.2136938,0.19469951,0.24599549,0.3262377,0.92826736,0.048919152
ACGAACGAACACACAGGG,0.9794469,0.96831715,0.8268583,0.7992598,0.8554187,0.7795124,0.6463751,0.7693648,0.78661555,0.6901839,0.53298235,0.79146606,0.4457206,0.60632235,0.35009852,0.33517802,0.22091343,0.08907239,0.17333105,0.3177762,0.5280188,0.21325624,0.18065363,0.16116548,0.18746597,0.52939093,0.9794469,0.08907239
AGGAGCGCTCGGGCTGGG,0.987229,0.98863167,0.9773456,0.97109604,0.99364716,0.8468282,0.8676348,0.94800526,0.7269711,0.6289155,0.9998605,0.99964607,0.97560364,0.9999179,0.99909425,0.93875504,0.97093004,0.9827461,0.9175592,0.98504716,0.86510384,0.8799791,0.9568364,0.60671306,0.8624065,0.91506004,0.9999179,0.60671306
AACACCACGGCGGCCCCT,0.9923661,0.99825543,0.9743916,0.9797168,0.99584144,0.98587954,0.9246617,0.9559824,0.9649321,0.8671667,0.9997783,0.99946797,0.9043248,0.94801855,0.9756407,0.9900479,0.882527,0.8938859,0.83763283,0.9675685,0.9526226,0.6205438,0.41105664,0.31621924,0.38242105,0.8688381,0.9997783,0.31621924
GAGGCCCGGGGCGCTCCC,0.9967078,0.9982171,0.9822015,0.9891873,0.9964854,0.97222984,0.85433275,0.9121154,0.9608175,0.8484312,0.99988884,0.9999315,0.84725,0.9999177,0.99844855,0.96169055,0.93945384,0.9774825,0.91363823,0.9758564,0.88541895,0.81967527,0.90221006,0.46537912,0.77992153,0.9190756,0.9999315,0.46537912
AACAAAAGGGCGGCCCCC,0.9734681,0.98786974,0.9733261,0.9351082,0.9937319,0.9749423,0.8585986,0.89697546,0.90884024,0.70520437,0.99483603,0.99917203,0.92072684,0.9692663,0.9729273,0.9599241,0.8575897,0.60012656,0.5622395,0.9797634,0.637843,0.3423235,0.25055936,0.19449295,0.2284119,0.7871306,0.99917203,0.19449295
AAGGTACAGGGCCCACCC,0.8694997,0.9749701,0.9518781,0.6703822,0.68954635,0.8098177,0.71935683,0.72202903,0.623629,0.55905366,0.9201287,0.9514539,0.48488563,0.594569,0.6065939,0.7367029,0.57280755,0.5867009,0.38850144,0.701563,0.5677598,0.57515734,0.30344975,0.320624,0.32368472,0.64898986,0.9749701,0.30344975
CAGCCACGGGCCGCCCCC,0.9970567,0.9969179,0.9664437,0.96421427,0.99165756,0.98012054,0.7003753,0.84440225,0.8837602,0.805551,0.9998038,0.9992862,0.76389754,0.9280207,0.96469456,0.97478193,0.87283397,0.93965685,0.8817338,0.9566549,0.9710979,0.68170184,0.5714591,0.3809097,0.4949837,0.86048055,0.9998038,0.3809097
AAGGCCGAGCACCCACCG,0.9585057,0.9956669,0.8309894,0.869711,0.6933256,0.9164577,0.6968888,0.6496002,0.7373062,0.7161962,0.9348261,0.8227923,0.3552396,0.5877051,0.23431295,0.71245074,0.37224808,0.57092315,0.3632171,0.31211197,0.6872065,0.44028178,0.27480066,0.22756153,0.2939647,0.61017156,0.9956669,0.22756153
AGCAGCGCTCAGGCTGGG,0.99334365,0.9907625,0.96081865,0.95978814,0.995685,0.88622755,0.7721419,0.9016412,0.6064328,0.48609012,0.9994754,0.9966041,0.9487597,0.99511665,0.9906273,0.9421056,0.95808786,0.9868623,0.93525773,0.99010867,0.91133344,0.8290031,0.86867595,0.5705416,0.7220719,0.8879024,0.9994754,0.48609012
GAGGAACGGGCAAGGACC,0.24162169,0.4685754,0.41396457,0.5707839,0.47322074,0.73657393,0.2549284,0.48883155,0.64072484,0.39205146,0.412799,0.7951472,0.18410434,0.16310932,0.23446523,0.5667081,0.33172253,0.21016878,0.33397263,0.66853446,0.1623581,0.2424229,0.17008552,0.15388948,0.15430285,0.37860268,0.7951472,0.15388948
AAGGAACGGGCCGGAACC,0.8368003,0.86059177,0.911329,0.8880309,0.9519794,0.9448427,0.54618174,0.7771018,0.61679244,0.5773905,0.9802874,0.9910925,0.65764374,0.94438505,0.84551847,0.72790205,0.7320101,0.4506033,0.39979458,0.90853864,0.37095574,0.34236515,0.22267753,0.17626208,0.18939959,0.67401904,0.9910925,0.17626208
AAGCCCGGGCGCCCTCCG,0.9881083,0.99807656,0.9597635,0.93171567,0.95853657,0.93914294,0.6997477,0.8825083,0.9263219,0.77491814,0.99993724,0.9996908,0.86744636,0.9869404,0.98536,0.97940123,0.9086112,0.9766501,0.90024114,0.96714765,0.9645284,0.7596298,0.736573,0.43206385,0.5800716,0.88412535,0.99993724,0.43206385
AAGGCCTGGCGCCCACCG,0.9873564,0.9970957,0.9599249,0.9383708,0.84573793,0.92642796,0.8622744,0.81191987,0.8824459,0.8069364,0.99936,0.9972199,0.7453183,0.98852736,0.9670238,0.9670908,0.8939649,0.9797795,0.87598896,0.96994424,0.9032609,0.78578115,0.69125277,0.46523437,0.6259715,0.87496835,0.99936,0.46523437
AAGACCGCCCTCGCTCCG,0.99892455,0.99955696,0.9802598,0.98519194,0.99562204,0.9895227,0.91630214,0.9460984,0.9622555,0.781696,0.9997153,0.99341553,0.83937114,0.8624893,0.9399877,0.98033273,0.9100146,0.9518503,0.8297779,0.96110123,0.97512275,0.7487929,0.6353424,0.54559064,0.5981751,0.89306045,0.9997153,0.54559064
CAGCAAGGGGCCGCCCCC,0.99398655,0.993673,0.97265196,0.9655221,0.98987716,0.97731435,0.7828231,0.8382086,0.88884455,0.8755672,0.9981143,0.9995546,0.8034413,0.98242927,0.9765617,0.9456694,0.8705363,0.863345,0.6750259,0.95380527,0.8730964,0.6419654,0.47403666,0.29296193,0.38551593,0.8405811,0.9995546,0.29296193
GAGGCCCGGGGCCCTCCC,0.9875945,0.99739105,0.96465886,0.9511751,0.9674285,0.91418564,0.737851,0.83046144,0.9056209,0.7030695,0.9997039,0.9995832,0.66016555,0.9981357,0.98404413,0.9575643,0.8850973,0.96410006,0.87098706,0.9356039,0.8958579,0.79595166,0.8565988,0.45298988,0.7562929,0.8788845,0.9997039,0.45298988
GAGCCCCGGGCCGCGCCC,0.99754584,0.9990841,0.9501942,0.9784245,0.9950898,0.9911099,0.7454995,0.8585025,0.970209,0.8617014,0.9999693,0.99964297,0.80699885,0.99337065,0.9914326,0.98158586,0.9110138,0.9747422,0.9122509,0.97144246,0.9632151,0.7460865,0.783707,0.4085802,0.60251695,0.89575666,0.9999693,0.4085802
AAGGCACGGGGCCCACCG,0.9784084,0.9913933,0.9654608,0.935091,0.8634459,0.85748625,0.7364899,0.76887065,0.74334973,0.6237848,0.99792475,0.99833435,0.71157706,0.9717544,0.9093687,0.9105964,0.71175456,0.8436985,0.77597916,0.8820298,0.73295367,0.5690722,0.359519,0.24283078,0.29906926,0.7752097,0.99833435,0.24283078
ACGAACGAAAACACAGGG,0.96793574,0.9667286,0.8580967,0.7603836,0.8456601,0.7712875,0.6665604,0.79773027,0.7671397,0.6638857,0.44290775,0.7266572,0.41422042,0.5608273,0.32862782,0.3267978,0.19544186,0.062069938,0.11703289,0.29738364,0.3920943,0.14661688,0.14154771,0.13371614,0.14501058,0.49985448,0.96793574,0.062069938
AAGGAACAGGGCCCACCG,0.8577975,0.96576667,0.9497951,0.7835048,0.5298309,0.80059683,0.7745744,0.60107595,0.6768431,0.6618872,0.8849204,0.9320054,0.46214315,0.5870449,0.3754728,0.6809324,0.45740205,0.29137278,0.17391935,0.588729,0.4235978,0.2997305,0.21575911,0.17884603,0.21455674,0.57472426,0.96576667,0.17391935
AAGGAACAGAACCGACCC,0.76050794,0.9340878,0.8078281,0.50183064,0.34714344,0.88438094,0.49159315,0.49520624,0.4911505,0.58610624,0.35579196,0.47179985,0.26060218,0.36185122,0.20908776,0.3549433,0.1484879,0.082596295,0.052727178,0.17908238,0.3303142,0.16650386,0.14835085,0.1380771,0.15897557,0.388761,0.9340878,0.052727178
AAGCCCGCCGCGGCCCCG,0.9958063,0.9981477,0.95531166,0.98701894,0.9926403,0.98680276,0.89489424,0.94376886,0.96838945,0.87661654,0.99998444,0.99923086,0.872104,0.95117235,0.9789889,0.98725677,0.89671844,0.9702262,0.92164785,0.9732313,0.9800715,0.7000956,0.6088207,0.3875078,0.4975022,0.8929583,0.99998444,0.3875078
AAGGCCGAGCACGCACCG,0.9896956,0.9970201,0.9184085,0.9713431,0.9552351,0.97114897,0.779225,0.80617976,0.90864134,0.8219377,0.97159034,0.92071444,0.42167634,0.6824235,0.3498523,0.7132664,0.52003443,0.6224806,0.49462366,0.51373285,0.6422818,0.43749622,0.2760747,0.2198855,0.2687536,0.68694896,0.9970201,0.2198855
AGGAGCGCTCGGGCCGGG,0.99305487,0.9918795,0.9812359,0.98149633,0.9944308,0.8896734,0.87932533,0.95922583,0.63138723,0.79001623,0.9998854,0.9996669,0.9575796,0.99977875,0.9978591,0.9366857,0.94783485,0.96695787,0.90829283,0.9714121,0.86355406,0.83723027,0.9106817,0.5038822,0.7619614,0.9061995,0.9998854,0.5038822
AGGGGCGCTCACGCAGCG,0.98587346,0.983913,0.79636896,0.9239601,0.92370695,0.945054,0.59569895,0.8408401,0.49003953,0.7068872,0.9897963,0.8463506,0.23903775,0.7526575,0.33076993,0.7136665,0.7702171,0.9348316,0.8514804,0.7218718,0.66464835,0.7496353,0.70563835,0.41772857,0.6384067,0.7407632,0.9897963,0.23903775
AGGGAGGAGCACGCACCG,0.9204138,0.93283474,0.85348594,0.92912537,0.7717751,0.9027822,0.5550093,0.54320115,0.75180316,0.6557339,0.3306604,0.59103525,0.105155654,0.024905972,0.046235524,0.24225277,0.28240687,0.18535063,0.16455272,0.13016413,0.18316354,0.30171284,0.1772109,0.16935064,0.18814377,0.43753865,0.93283474,0.024905972
CAGAAACGGGCCGCCCCC,0.96737075,0.98039573,0.94786024,0.88319844,0.9798027,0.96219903,0.70141023,0.80320567,0.73130083,0.6538529,0.99252546,0.9957232,0.7005293,0.8273015,0.8839643,0.92958885,0.8229911,0.55494934,0.5493612,0.94638544,0.84811866,0.5350123,0.34762344,0.25906947,0.3269551,0.7652279,0.9957232,0.25906947
AGCACCGCACGGGCGGGG,0.99495643,0.99263525,0.98044926,0.953551,0.9958819,0.9218484,0.8035314,0.90044975,0.8076152,0.6319717,0.99990696,0.9992259,0.9658424,0.98863035,0.98052615,0.95812416,0.8551953,0.89440763,0.88467807,0.9390234,0.9419331,0.6741142,0.65392876,0.32415202,0.36691457,0.8563797,0.99990696,0.32415202
AAGCCCGCGGCGGCCCCC,0.99562216,0.9980647,0.9649537,0.9844818,0.99666554,0.98188895,0.9006028,0.9403432,0.95364237,0.9268422,0.9999817,0.9998553,0.911996,0.99529976,0.9956401,0.98768985,0.9391214,0.9792461,0.9368324,0.9844392,0.9675328,0.7329208,0.6666328,0.36647615,0.49158755,0.9039344,0.9999817,0.36647615
AACACCGCCGCGGCCCCG,0.9938862,0.9982815,0.96646005,0.98154354,0.99574274,0.98917514,0.9381182,0.93986195,0.94571173,0.8120449,0.99997085,0.99950856,0.9059846,0.93812144,0.9730601,0.9925297,0.89657307,0.9407069,0.91241676,0.97897875,0.9788613,0.6604771,0.4707003,0.3570194,0.44011754,0.88023406,0.99997085,0.3570194
AAGAAAGGGGCGAGCCCC,0.6727228,0.8458695,0.80507433,0.85544765,0.87044513,0.7766508,0.5019832,0.69216293,0.7944955,0.6663329,0.96892554,0.998672,0.82471913,0.98942125,0.98045415,0.82444614,0.78283894,0.34750423,0.27684212,0.96002686,0.27962008,0.26380217,0.19476962,0.16180106,0.16692735,0.6600782,0.998672,0.16180106
AGGGGGGAGAACCCACCG,0.67614734,0.9319656,0.6123451,0.65410805,0.19642399,0.7325774,0.35748416,0.3810187,0.37648195,0.47527817,0.13062388,0.37200293,0.04898162,0.0059848223,0.012175796,0.21091971,0.11544597,0.14126708,0.09243279,0.046325363,0.114142485,0.27072906,0.13128863,0.15435743,0.1714874,0.29647982,0.9319656,0.0059848223
AGCAACGCACACGCAGGG,0.9910728,0.97083247,0.9302664,0.8479447,0.9901416,0.8994541,0.65340835,0.89974487,0.6683361,0.66356146,0.9468683,0.9097168,0.5956416,0.6597748,0.44826296,0.5918523,0.34484264,0.30296046,0.5504379,0.47587737,0.73142856,0.36119342,0.26885536,0.21583457,0.25965428,0.6471186,0.9910728,0.21583457
AGGAAGCAAAACCAAAGG,0.31755084,0.4005641,0.5237363,0.18289913,0.17572095,0.4234096,0.14373708,0.36156338,0.098473996,0.20604454,0.18679698,0.118855365,0.1184262,0.07040658,0.04730674,0.13756394,0.07713756,0.03493495,0.046016667,0.08206107,0.15801814,0.10122599,0.09618782,0.10852173,0.11136286,0.17314091,0.5237363,0.03493495
AGGAACGAACACACAGGG,0.8456251,0.8942544,0.617697,0.40283686,0.69471705,0.53358793,0.40529117,0.6834621,0.57802826,0.4848245,0.3205431,0.27912372,0.23100378,0.19785507,0.11935667,0.17826578,0.12254261,0.06376952,0.0913266,0.12971544,0.27757615,0.16844025,0.14318106,0.13743529,0.15591075,0.35025474,0.8942544,0.06376952
AGGGAGGAGAACGCACCG,0.9241478,0.95905936,0.9208665,0.9204478,0.7641041,0.90451294,0.5682885,0.6154152,0.763398,0.6250851,0.14930917,0.27042505,0.09293173,0.0111889355,0.038740456,0.1950296,0.14122112,0.09158988,0.08028279,0.07712328,0.108288646,0.18725267,0.1267,0.13861826,0.14275883,0.39267144,0.95905936,0.0111889355
AAGGCCGGGCGCGCTCCG,0.9936313,0.9978701,0.9797852,0.98544836,0.9902511,0.97461,0.8285823,0.9220697,0.9695624,0.82364434,0.9999383,0.99992853,0.921509,0.99977994,0.9978039,0.96732634,0.9510106,0.9817609,0.9265087,0.9841206,0.9020337,0.8059934,0.8445435,0.4131189,0.6532554,0.9125633,0.9999383,0.4131189
AGGGAGCAAAACCCAAGG,0.5911821,0.6839285,0.6620246,0.31519333,0.18621144,0.71395344,0.34068877,0.50602525,0.2699134,0.3892196,0.15886562,0.049531825,0.093977734,0.01753254,0.019791234,0.16326025,0.07070986,0.058028013,0.055716194,0.04631268,0.15421996,0.15991506,0.11624537,0.12813935,0.14744508,0.24392127,0.71395344,0.01753254
AAAAAACGGGCGAGCCCC,0.7470339,0.9353458,0.90576565,0.85715926,0.95970047,0.8436313,0.6159039,0.711108,0.73516136,0.64708245,0.98814255,0.99759007,0.8913472,0.9521607,0.9578848,0.8861534,0.78935206,0.37282935,0.40723816,0.95991164,0.50055796,0.2633865,0.20142035,0.16541182,0.18447027,0.6990299,0.99759007,0.16541182
AGGAGCGCACAGGCTGGG,0.8382868,0.7616377,0.74166894,0.7412717,0.93693537,0.6953787,0.51151353,0.812865,0.5111119,0.38635027,0.97830087,0.88812333,0.6161353,0.58052546,0.38289475,0.63212526,0.66766477,0.75514764,0.7002649,0.7726102,0.5784068,0.551599,0.50873446,0.27172005,0.30423385,0.6450203,0.97830087,0.27172005
AGGGACGAGAACCCACCG,0.64278036,0.9562947,0.7144881,0.32107806,0.24150042,0.73059,0.45563307,0.53520775,0.3825534,0.40748516,0.1866263,0.089230746,0.12665251,0.036130495,0.042547904,0.26732475,0.1295502,0.09651082,0.07088827,0.05436077,0.22106795,0.2518434,0.16176659,0.16071443,0.19542839,0.29913017,0.9562947,0.036130495
AGCACCGCCCCGGCGGGG,0.99367964,0.9964778,0.96249753,0.92663205,0.99283504,0.9475426,0.7516314,0.88970417,0.7564156,0.5127277,0.9999843,0.99866426,0.9335421,0.93084,0.9554066,0.9803655,0.8712839,0.92789996,0.89289784,0.9598941,0.9818366,0.7084944,0.67985684,0.3957339,0.48551816,0.85729444,0.9999843,0.3957339
GAGCCCGGGGGCCCTCCC,0.9957145,0.9988774,0.9760427,0.97379196,0.99121094,0.9503665,0.7696131,0.8922122,0.9647898,0.8296294,0.9998829,0.9999564,0.8422215,0.9997966,0.9977866,0.97321904,0.90648055,0.9768523,0.88759273,0.95621586,0.9202163,0.8031799,0.8714172,0.46450123,0.7559502,0.9079007,0.9999564,0.46450123
AGGGAACAGAACCGACCG,0.28088605,0.580241,0.55972534,0.19492084,0.08392979,0.5130027,0.18946338,0.30813628,0.18104275,0.2664688,0.20682299,0.09691296,0.14102471,0.045800734,0.05048989,0.19021903,0.103296846,0.055342875,0.04622501,0.058145106,0.20926812,0.18661676,0.14405581,0.14144047,0.16422431,0.19990806,0.580241,0.045800734
AAGGAACAGAACGGAACC,0.85007876,0.85342854,0.89879924,0.69459754,0.71552694,0.94150645,0.46907234,0.61471766,0.45043516,0.5929865,0.33963928,0.43469536,0.27540195,0.34139588,0.21910352,0.24257536,0.15521051,0.07351507,0.05318566,0.23580377,0.21704607,0.12355103,0.12557125,0.12037748,0.12077757,0.40635994,0.94150645,0.05318566
AAGGAACAGAGCGGAACC,0.8879734,0.86657035,0.9658864,0.83099645,0.8295297,0.9356055,0.6692357,0.80022526,0.6452292,0.65553147,0.5439344,0.7571236,0.43839407,0.49725556,0.33883762,0.3158694,0.38938886,0.11172597,0.08853295,0.6041996,0.23229864,0.16124089,0.14832495,0.13363732,0.13544178,0.5193196,0.9658864,0.08853295
GAGCCCGGGGCCGCCCCC,0.9979527,0.9989896,0.9709458,0.9879938,0.99764,0.99088556,0.85869324,0.9354549,0.977416,0.9424529,0.9999327,0.99990696,0.76144457,0.9988306,0.99419916,0.9768065,0.9000538,0.973985,0.890221,0.952468,0.9315381,0.7563994,0.77252007,0.38276675,0.6191991,0.90274787,0.9999327,0.38276675
AGCAGCGCACGGGCCGGG,0.98243433,0.9669642,0.969543,0.92468816,0.99160635,0.804035,0.7776679,0.9202602,0.49459645,0.63067585,0.9996964,0.9982979,0.9215602,0.98123276,0.9556722,0.92057997,0.8568883,0.9113557,0.88849,0.9010368,0.8860598,0.6584297,0.6192469,0.29677516,0.35581613,0.82454455,0.9996964,0.29677516
AAGGAACAGAGCCCACCC,0.87878984,0.9588184,0.9248697,0.46529186,0.40970472,0.8689131,0.7229993,0.7041642,0.57619154,0.5594471,0.48152146,0.6304971,0.3066721,0.41488406,0.25276136,0.45719016,0.26215354,0.13652822,0.0710817,0.3415889,0.41775152,0.2257616,0.18009025,0.1611886,0.19764021,0.46425998,0.9588184,0.0710817
AGGGGCGAAAACGCAGCG,0.60723025,0.87722623,0.5345197,0.5184957,0.59860355,0.73217905,0.36087996,0.6631986,0.32707646,0.603232,0.16665408,0.07178353,0.103875905,0.011877792,0.023171835,0.28099146,0.14584862,0.12194209,0.1785043,0.091886446,0.13769998,0.22902022,0.14426298,0.1497211,0.16130547,0.3136475,0.87722623,0.011877792
AAGGAACAGGGCCCACCC,0.918805,0.9786516,0.9475154,0.7477848,0.67177486,0.86180985,0.78071296,0.6577452,0.6787684,0.6218401,0.84888536,0.92720854,0.4131836,0.5543796,0.36923856,0.6809324,0.45740205,0.29137278,0.17391935,0.588729,0.43273067,0.30101585,0.21402858,0.17973344,0.21912782,0.5806918,0.9786516,0.17391935
AAGGCCGGGCGCCCACCG,0.9838262,0.9973599,0.939404,0.93732274,0.8881069,0.9307324,0.80959356,0.8534266,0.8691368,0.7528703,0.9996212,0.99916905,0.64440507,0.986425,0.9205133,0.94319373,0.81136113,0.94519866,0.84444934,0.8891449,0.8497945,0.6918709,0.51495945,0.29065487,0.4011226,0.8277466,0.9996212,0.29065487
AGGGGCGAGAACCCAGCG,0.38681096,0.89050937,0.4640302,0.22714305,0.20575215,0.53895354,0.35380566,0.4625133,0.1598463,0.4172987,0.22561303,0.20634301,0.09950166,0.012429426,0.019508626,0.3110111,0.16284458,0.17760217,0.16827105,0.074216224,0.19209862,0.3255357,0.17419843,0.17359233,0.19612308,0.26502213,0.89050937,0.012429426
AGGGAGGAGCACCCACCG,0.71985734,0.8928884,0.6919796,0.6641329,0.26434207,0.760633,0.45771587,0.37428793,0.52319044,0.49797177,0.22928621,0.19271788,0.089014724,0.016175637,0.02908385,0.24490358,0.18052574,0.18095474,0.11161627,0.070161566,0.20345749,0.31044242,0.17333052,0.17442766,0.20717585,0.33041093,0.8928884,0.016175637
AGGAACGAACACGCAGAG,0.81329924,0.868231,0.6242192,0.3470923,0.79870355,0.7551455,0.4124514,0.67925745,0.4263447,0.67822146,0.3481306,0.30271548,0.2475477,0.20603646,0.13165767,0.22224824,0.18610312,0.08006003,0.10110569,0.17664118,0.29080412,0.18756269,0.15588437,0.143119,0.16252959,0.37380448,0.868231,0.08006003
AAGGCACGGGGCGCACCC,0.99654955,0.99635714,0.9821376,0.9839752,0.9916268,0.9610081,0.8406894,0.8910496,0.90724087,0.7692432,0.9988831,0.99957913,0.839404,0.9972756,0.9865375,0.9162845,0.8319924,0.8856824,0.86335987,0.95396507,0.6955676,0.5741538,0.41411898,0.2360143,0.2795499,0.83168983,0.99957913,0.2360143
AGGAAGGAAAACCAAAGG,0.427723,0.5783448,0.67166173,0.39151758,0.28716275,0.48391736,0.18552777,0.44632423,0.1947195,0.31835598,0.13674244,0.086701035,0.09302279,0.032576635,0.040584143,0.12988421,0.070618086,0.035081036,0.038870256,0.080073945,0.09627047,0.07529605,0.07853751,0.09591652,0.091432035,0.20667449,0.67166173,0.032576635
AGCACCGCCCCGGCGGTA,0.9881148,0.99358475,0.9070275,0.8492556,0.9857584,0.92977786,0.7468367,0.8540169,0.80289954,0.40203017,0.9999606,0.9973323,0.88706285,0.8678685,0.9340593,0.978259,0.880214,0.9332504,0.8965256,0.96055406,0.9787108,0.70876086,0.65175486,0.4119851,0.5048791,0.8420192,0.9999606,0.40203017
GAGGCCCGGGCCGCTCCC,0.98682183,0.9960889,0.94897413,0.96988606,0.9924034,0.9661942,0.781818,0.89806175,0.94112325,0.76438373,0.9997854,0.99908614,0.6415043,0.99682856,0.98189634,0.9643069,0.93066597,0.97673315,0.893449,0.9631495,0.9115848,0.7941514,0.8582333,0.46118566,0.75408316,0.8948959,0.9997854,0.46118566
AGCAGCGCACGGGCGGGG,0.9838861,0.9764288,0.96721196,0.90758604,0.9896951,0.8696951,0.73102534,0.8666645,0.60208523,0.5524369,0.99983644,0.9992933,0.96400934,0.99583715,0.9819301,0.92280847,0.88538235,0.9225137,0.901935,0.93246573,0.886587,0.660304,0.7061047,0.30383465,0.34692934,0.8342595,0.99983644,0.30383465
AACACAACGGCGGCGCCT,0.9938076,0.9974205,0.98007005,0.9648181,0.9915035,0.9811646,0.853525,0.8864973,0.96453756,0.7116816,0.99935,0.9994446,0.947505,0.97098446,0.9820011,0.98206455,0.8895193,0.73589957,0.8053562,0.97754866,0.8811956,0.52098817,0.3424985,0.25736913,0.29983792,0.8366635,0.9994446,0.25736913
GAGCCCGGGCGCGCTCCG,0.99704033,0.99845177,0.97409904,0.9881632,0.99576914,0.9796014,0.77165395,0.9152635,0.9810948,0.8759286,0.99995667,0.99989074,0.8836641,0.9996351,0.99780047,0.97925436,0.9455066,0.98671377,0.9392549,0.9802135,0.9399745,0.8086562,0.8901498,0.48307186,0.7600061,0.92283255,0.99995667,0.48307186
GAGCCACGGGCCGCGCCC,0.9971744,0.9975609,0.9585912,0.9720762,0.9916222,0.9814278,0.6908811,0.8090616,0.9652864,0.76286334,0.99971676,0.9990279,0.7779044,0.98263365,0.97981745,0.9744573,0.89040524,0.9507809,0.9027381,0.96807134,0.9119137,0.7168786,0.65776986,0.33514205,0.46727467,0.86564314,0.99971676,0.33514205
ACGAACGAAAACACAGAG,0.92123944,0.9057649,0.6014345,0.3692573,0.45541117,0.6824072,0.46382523,0.6036282,0.5342954,0.63247794,0.3634786,0.6499587,0.31104115,0.50874734,0.24113576,0.23948523,0.18171677,0.053244434,0.09668485,0.24379003,0.36990196,0.13343853,0.12799856,0.1260666,0.13563095,0.39808232,0.92123944,0.053244434
AAGCCCGGGGTCGCTCCC,0.9994876,0.9996188,0.9892236,0.99321127,0.99934906,0.9927108,0.8981993,0.9631837,0.98621124,0.923262,0.9999544,0.9999636,0.9704149,0.9999475,0.9997866,0.97936594,0.96175385,0.9888636,0.9338149,0.98964787,0.9510992,0.8582648,0.91005564,0.6029955,0.82373446,0.94856477,0.9999636,0.6029955
AGGGGGGAAAACCCAGCG,0.37079734,0.778475,0.37581536,0.3478041,0.1910723,0.556404,0.2601167,0.4098707,0.26656696,0.52692175,0.104952015,0.047090963,0.05241674,0.0028827444,0.009415502,0.2184266,0.08921905,0.105351634,0.08495796,0.052091356,0.092802845,0.19224001,0.110324815,0.13494289,0.14460926,0.22102278,0.778475,0.0028827444
GAGCCCGGGGTCCCTCCC,0.99867773,0.99944746,0.9754515,0.97844166,0.9954406,0.9757347,0.8129296,0.9236339,0.97377026,0.8650914,0.99977374,0.9998028,0.83551496,0.9997058,0.9986932,0.97615993,0.9379865,0.98673105,0.9136037,0.9717928,0.93404126,0.8434467,0.9222128,0.63754416,0.8831515,0.9335512,0.9998028,0.63754416
AGGAGCGCCCTGGCCGCG,0.95209426,0.9741025,0.89204836,0.849722,0.95943284,0.8834422,0.7871891,0.88372517,0.5632978,0.4859427,0.9997432,0.9901608,0.7996234,0.9794872,0.9611553,0.9461732,0.93257433,0.960259,0.84365386,0.9578554,0.8996893,0.8019016,0.8341303,0.4667346,0.7054756,0.85238457,0.9997432,0.4667346
AAGGGCGAGCGCGCAGCG,0.9488577,0.9890624,0.93250287,0.96181333,0.9638663,0.91034806,0.7986771,0.841216,0.83415437,0.8586043,0.9972713,0.99857366,0.70146215,0.9864981,0.8617948,0.83021784,0.8640693,0.85587895,0.81206703,0.93591046,0.56234556,0.5306801,0.4437339,0.22357714,0.2575255,0.7960283,0.99857366,0.22357714
AGGAGCGCTCGCGCAGCG,0.98021305,0.9897255,0.9343996,0.9312938,0.9749626,0.91663766,0.7058767,0.9299683,0.5960801,0.67259115,0.9986979,0.9868988,0.7259724,0.97725755,0.93379575,0.8924323,0.9309835,0.95261633,0.9053006,0.94631,0.799181,0.7703185,0.7604661,0.4323652,0.62293655,0.8506912,0.9986979,0.4323652
AGGGAGCAGAACCAAACG,0.1645412,0.28291923,0.3220411,0.16132382,0.04542088,0.497948,0.17643811,0.20967457,0.08460181,0.18907186,0.11458751,0.035804413,0.06332004,0.012272016,0.015531177,0.13079903,0.06738573,0.06631861,0.0628579,0.035678715,0.12743339,0.15819241,0.11061667,0.12508778,0.1389286,0.13595177,0.497948,0.012272016
CAGGAACGGGCAGGCACC,0.56627,0.61097133,0.8244263,0.8296287,0.93938065,0.9377331,0.38087514,0.7282284,0.4528901,0.6786553,0.95972544,0.99082386,0.5883761,0.9399923,0.85651445,0.75804317,0.7326598,0.54856443,0.52610356,0.8984829,0.53999,0.41913858,0.27926597,0.20462598,0.22481929,0.6566475,0.99082386,0.20462598
AGGACCGCCCTCGCCGCG,0.9970459,0.9981437,0.95555025,0.9554221,0.98696816,0.97032815,0.8379799,0.93127656,0.81719667,0.724153,0.99970233,0.9657322,0.7158491,0.72508764,0.8111994,0.95682293,0.85625434,0.8807469,0.8020748,0.8820552,0.9643034,0.7432147,0.71512324,0.49019033,0.6227038,0.8522051,0.99970233,0.49019033
AGGGCCGAGCACCCACCG,0.83367395,0.97832465,0.61793375,0.5746959,0.32764935,0.7480448,0.4406072,0.49728695,0.37983307,0.4544887,0.7890981,0.27078313,0.18256614,0.11206237,0.056740787,0.4956624,0.28223825,0.43728542,0.31871003,0.09576602,0.5947831,0.51223403,0.28145835,0.24054377,0.31394774,0.43345666,0.97832465,0.056740787
AAGCCCGGGCGCGCACCG,0.99754655,0.9989297,0.96777177,0.98619646,0.9942788,0.98474985,0.8455939,0.9341179,0.9646615,0.8765556,0.9999425,0.99980116,0.8941372,0.9958507,0.9911425,0.9696581,0.8971308,0.9698019,0.91323155,0.96655816,0.9252448,0.70774597,0.5793114,0.31315115,0.4067855,0.8831959,0.9999425,0.31315115
AAGGTACGGGGCCCACCC,0.9300308,0.9783088,0.9506993,0.7856524,0.86424637,0.8640901,0.62876904,0.83923596,0.6640748,0.5669969,0.99090135,0.997594,0.66308624,0.98899233,0.9601732,0.8713113,0.71268195,0.8111176,0.6795954,0.88514984,0.6514882,0.7159044,0.5204086,0.37096292,0.4610841,0.7741021,0.997594,0.37096292
AAGGCACAGGGCCCACCC,0.97862256,0.99338526,0.9622736,0.87354267,0.79087317,0.85243875,0.79701054,0.71565765,0.69594353,0.6188863,0.9732643,0.974391,0.494656,0.69151133,0.4985903,0.8066387,0.57217383,0.65164167,0.52218485,0.6961836,0.6570998,0.43541363,0.2766889,0.21992238,0.27356637,0.6809025,0.99338526,0.21992238
AACACAACCGCGGCGCCA,0.9962394,0.9980109,0.9702667,0.9504642,0.9837986,0.98337805,0.8958395,0.87093204,0.96659195,0.6612818,0.9992714,0.99808145,0.89656794,0.8792904,0.9016612,0.980951,0.83329356,0.6794546,0.7667817,0.9615001,0.90422326,0.47409984,0.32316235,0.25524184,0.30915466,0.8175815,0.9992714,0.25524184
AGGGAGCAAAACCAAAGG,0.34282586,0.39089784,0.5052226,0.27121076,0.09722475,0.45500568,0.184374,0.3559931,0.11401959,0.28922307,0.12134118,0.037081223,0.06984382,0.012810748,0.01473291,0.12873486,0.051789284,0.040737506,0.048921254,0.03667819,0.11687599,0.119704746,0.09521662,0.11270775,0.11957924,0.16531008,0.5052226,0.012810748
CAGCAACGGGCCGCCCCC,0.99056786,0.99069744,0.9563909,0.9389101,0.9863133,0.97343713,0.7174599,0.8029924,0.8201925,0.8119326,0.99851596,0.99816847,0.7377829,0.87159914,0.93165016,0.963253,0.85241437,0.8377155,0.7814306,0.95226324,0.93268454,0.64489514,0.44792643,0.31697008,0.4161176,0.8268912,0.99851596,0.31697008
AAGCCCGCGCCCGCCCCG,0.9976411,0.9987941,0.9670804,0.97707796,0.98880506,0.98933995,0.8457658,0.9148551,0.95181996,0.9135204,0.99995786,0.99774826,0.7101572,0.8137636,0.89339757,0.98582304,0.86049,0.96455264,0.88503706,0.94300437,0.9825239,0.6622845,0.5255974,0.3988355,0.5031125,0.86683935,0.99995786,0.3988355
AGGGGCGAGAACGCACCG,0.85562366,0.9666568,0.7467826,0.77103513,0.61705476,0.87526333,0.47447643,0.6675757,0.5066079,0.52314657,0.24989294,0.3918645,0.09564396,0.020142691,0.028871976,0.27723864,0.22446787,0.1738546,0.2131852,0.085800506,0.17475133,0.31635833,0.17264399,0.16975044,0.188477,0.39148661,0.9666568,0.020142691
AGGAGCGCTCAGGCCGGG,0.98863506,0.9832561,0.9358842,0.9672,0.98832124,0.9022463,0.76039666,0.91560215,0.5179613,0.6726215,0.99832803,0.98831517,0.8072544,0.97766453,0.9444873,0.87264436,0.88805145,0.94555444,0.86964005,0.9603988,0.76175636,0.74533725,0.7656227,0.42483136,0.5883424,0.8468143,0.99832803,0.42483136
CAGAAACGGGCAGGCCCC,0.78067493,0.8641574,0.92237616,0.89090633,0.9835762,0.9201962,0.4391763,0.7639603,0.7088034,0.6983378,0.97548866,0.99479795,0.7715348,0.91861427,0.94210035,0.87097,0.80972826,0.46890253,0.4897408,0.9543648,0.6697417,0.41223198,0.2813521,0.21267782,0.24639612,0.7196323,0.99479795,0.21267782
AAGGAACAGAACCAAACG,0.23048887,0.40415102,0.43962544,0.14005859,0.057900604,0.57744354,0.27027905,0.30557573,0.09050003,0.2558864,0.25245285,0.28067648,0.16894674,0.23537332,0.101964705,0.18007033,0.08769112,0.05709542,0.037840243,0.10043592,0.2317323,0.11322662,0.10929756,0.11434105,0.120518535,0.19854292,0.57744354,0.037840243
AGGGCCGAGCACGCACCG,0.9578994,0.98638654,0.7932142,0.8971663,0.8170682,0.90962297,0.580521,0.6915776,0.6948027,0.59951913,0.90665644,0.5931589,0.21764995,0.15119812,0.08774584,0.4931058,0.4169991,0.4951265,0.44868883,0.18294655,0.56042206,0.51241904,0.29794553,0.23319602,0.29068527,0.5526289,0.98638654,0.08774584
AACACCACCGCGGCGCCA,0.99622196,0.99905676,0.95757514,0.9648227,0.99028486,0.9894396,0.94549847,0.8955702,0.9779351,0.76798165,0.9998505,0.99899817,0.8993917,0.8910421,0.936623,0.9906368,0.8595103,0.8930733,0.8484539,0.96794516,0.95819634,0.5732498,0.39294255,0.30624604,0.36771244,0.8547303,0.9998505,0.30624604
AGGGAACAGAACCGACCC,0.40720487,0.69941753,0.5560836,0.15893944,0.12465574,0.6976997,0.21616387,0.33894357,0.21102673,0.2783099,0.193508,0.09339202,0.12882154,0.042172585,0.049569022,0.19021903,0.103296846,0.055342875,0.04622501,0.058145106,0.21592712,0.18949957,0.14349796,0.14233151,0.16783127,0.22032896,0.69941753,0.042172585
AGGAAGGAAAACAAAAGG,0.5147982,0.40065557,0.5550395,0.43153432,0.21914148,0.4067509,0.1878704,0.41118595,0.25471547,0.326203,0.11559723,0.0712069,0.06862302,0.02494051,0.035973996,0.102850154,0.057065,0.027227456,0.03855893,0.07323506,0.07057599,0.052512318,0.06049327,0.08184917,0.07311607,0.1864688,0.5550395,0.02494051
AAGGCACGGGCCGGTCCC,0.9735986,0.9817242,0.97093874,0.9665891,0.9909308,0.9459074,0.60210574,0.86664575,0.8916489,0.72086376,0.99954325,0.9994608,0.91149473,0.9979314,0.9950547,0.9535454,0.9231567,0.94925404,0.88206935,0.9788141,0.8509536,0.73152864,0.7069297,0.34477577,0.46444684,0.86399657,0.99954325,0.34477577
AAGAAAAGGGCGACCCCC,0.8326837,0.9248536,0.8465395,0.6561242,0.78814054,0.83592284,0.64817727,0.79227245,0.8298418,0.5097651,0.8264778,0.979881,0.53026015,0.7972344,0.7366033,0.7644465,0.5889761,0.22714245,0.18902323,0.88153654,0.33611503,0.19336405,0.17148322,0.149338,0.1702194,0.6082569,0.979881,0.149338
AGGGGGGAGAACCCAGCG,0.511557,0.8595624,0.5406814,0.51830876,0.2700844,0.62266606,0.34974718,0.35466778,0.26665562,0.5086494,0.16146171,0.6157269,0.060874436,0.009822766,0.012709292,0.23022291,0.12200217,0.14809556,0.10238549,0.061416015,0.11637153,0.26680526,0.14168565,0.15381433,0.16299213,0.28675863,0.8595624,0.009822766
AGGGAACAAAACCAAACG,0.061845973,0.06619554,0.11357945,0.01831582,0.016362768,0.27538624,0.059265975,0.1672024,0.019730771,0.12049569,0.12631026,0.05038143,0.069214046,0.021314468,0.021018505,0.09975794,0.053566918,0.025492711,0.026144827,0.030375103,0.13899401,0.10369706,0.08741541,0.105767444,0.11328883,0.07964479,0.27538624,0.016362768
GAAGAACGGGCAAGCACC,0.44330394,0.72836864,0.7180875,0.785546,0.8277766,0.8184594,0.53966326,0.6251513,0.61866224,0.6363971,0.48036018,0.7953434,0.2614803,0.39550218,0.34594312,0.7151349,0.41597727,0.18901043,0.3157402,0.8524375,0.22401185,0.21323848,0.16285437,0.14746274,0.16122685,0.49668562,0.8524375,0.14746274
AGGGACGAGCACGCACCG,0.89103115,0.9551728,0.7552762,0.7869528,0.73788875,0.875675,0.5748646,0.63823795,0.6603679,0.5964896,0.49308,0.27545133,0.16729732,0.06931053,0.07181138,0.32630432,0.32644454,0.1876114,0.2042295,0.12279181,0.31698295,0.35800904,0.21384333,0.18872085,0.22345789,0.4406922,0.9551728,0.06931053
AGGGAGGAAAACCCAAGG,0.7036829,0.8136981,0.7934722,0.5680755,0.3227667,0.7759749,0.40369993,0.5562147,0.4555791,0.5136381,0.118677385,0.03745987,0.07256503,0.006643146,0.016197111,0.14906514,0.06609974,0.058435153,0.04781678,0.04514855,0.097202614,0.121708326,0.09305039,0.1150985,0.119451284,0.28285685,0.8136981,0.006643146
GAGGAACGGGCCGGGACC,0.90298074,0.92837334,0.9256103,0.93524736,0.95936924,0.9529719,0.49997932,0.7364325,0.7949012,0.74923754,0.98982906,0.997591,0.67614037,0.96595454,0.9394583,0.8461811,0.78748375,0.6732343,0.5778563,0.9120386,0.4348003,0.48464942,0.4562671,0.21115847,0.24186422,0.7431845,0.997591,0.21115847
GAGGAACGGGCAGGCACC,0.531874,0.53494924,0.80595887,0.89470184,0.95223963,0.9003531,0.415833,0.74700326,0.68111116,0.72900635,0.8397711,0.9650349,0.31778333,0.59506565,0.66808045,0.7278299,0.68624085,0.51812243,0.47984853,0.85075283,0.25019887,0.3489739,0.2389976,0.17792895,0.1904503,0.6019245,0.9650349,0.17792895
AGGACCGCCCTCGCTGCG,0.9948472,0.9973041,0.9439592,0.9267336,0.985068,0.9526433,0.7977713,0.92716837,0.80799276,0.5297626,0.99964523,0.9668594,0.80501395,0.8333204,0.8951793,0.96047485,0.921462,0.9398733,0.82706165,0.94606173,0.965749,0.79771274,0.82423615,0.5918326,0.7554493,0.87572724,0.99964523,0.5297626
GAGGCCTGGGGCCCTCCC,0.9935018,0.99793154,0.98381144,0.97239256,0.9733723,0.92313224,0.83099324,0.79631686,0.9594703,0.8604445,0.99930644,0.9998338,0.8053409,0.9999493,0.99871963,0.9709717,0.9435982,0.989344,0.8957297,0.9836492,0.8745439,0.87722456,0.94216424,0.65556026,0.9186552,0.9258382,0.9999493,0.65556026
AGCACCGCCCCGGCCGGG,0.9933338,0.9950403,0.9641306,0.94045925,0.9937709,0.92879057,0.82490945,0.9273264,0.6941193,0.5790505,0.9999718,0.997324,0.8671776,0.8188193,0.90093714,0.9800771,0.8477871,0.91732776,0.879017,0.94526744,0.98261654,0.68327636,0.60231185,0.39823598,0.4908477,0.84607697,0.9999718,0.39823598
AGGAACGAAAACCCAGCG,0.30218402,0.8491221,0.49768636,0.07205252,0.38226756,0.5276902,0.23474383,0.6304917,0.2961761,0.3873501,0.27702594,0.25264135,0.21396786,0.16479531,0.11323999,0.31655946,0.14969417,0.06413489,0.060740717,0.13591613,0.27245495,0.16046129,0.13591726,0.13392147,0.15607657,0.27149248,0.8491221,0.060740717
AAGGGCGATCGCGCACCG,0.99637365,0.99909496,0.97672665,0.9873975,0.9809908,0.98102623,0.8889784,0.92326516,0.94971496,0.9122071,0.99316317,0.9843127,0.64387715,0.971651,0.91400844,0.8395558,0.8784984,0.8993834,0.8562539,0.8996562,0.6293186,0.6726558,0.5487176,0.34685558,0.42766514,0.84405386,0.99909496,0.34685558
AAGGAACAGAACCGACCG,0.6325152,0.894925,0.8103069,0.5566651,0.24305907,0.78739446,0.45923615,0.4867349,0.4491757,0.5743483,0.38572258,0.4888077,0.28685707,0.3835217,0.21594214,0.3549434,0.14848791,0.082596295,0.05272718,0.17908238,0.31959307,0.16378358,0.14865075,0.1370167,0.15548986,0.3759033,0.894925,0.05272718
AAGGCCTGGGGCCCTCCC,0.9926208,0.99831575,0.986594,0.9642461,0.9726944,0.93136877,0.8566344,0.84230465,0.9434952,0.8457839,0.9997289,0.99987197,0.9247258,0.9999003,0.9990192,0.9740867,0.9475196,0.988272,0.8869533,0.98949057,0.91996604,0.8674406,0.90239084,0.6157551,0.8517061,0.92803544,0.9999003,0.6157551
AGGAGCGCCCGCGCTGGG,0.989744,0.9913391,0.9632135,0.9436629,0.98256165,0.8589076,0.82233894,0.9354984,0.68306875,0.60090005,0.9997897,0.9905831,0.83015513,0.9432798,0.8489164,0.92848414,0.92984736,0.948059,0.8577762,0.9448707,0.8997461,0.776831,0.81575984,0.4096224,0.6243814,0.86077344,0.9997897,0.4096224
AGGAGCGCCCGGGCCGGG,0.9833397,0.98161817,0.9592566,0.9475676,0.98240656,0.80415875,0.8489312,0.9347912,0.5491979,0.67090946,0.99991804,0.99883276,0.88278836,0.99106324,0.95941687,0.9252086,0.87205523,0.8983082,0.8257939,0.9124835,0.8781462,0.73204684,0.7738423,0.33305052,0.49694514,0.84568304,0.99991804,0.33305052
AGGAAGGAAAACACAGGG,0.85560656,0.8578134,0.79923683,0.67570406,0.72097063,0.5868196,0.47390148,0.6516505,0.70096684,0.5354729,0.18769123,0.13435374,0.14056686,0.050922338,0.069703445,0.14302905,0.076353386,0.040232867,0.054593544,0.11185046,0.10560069,0.08307569,0.08876358,0.10262642,0.09686824,0.33377498,0.8578134,0.040232867
AGGAACGAAAACACAAGG,0.6923296,0.793624,0.52430284,0.25770965,0.3673017,0.567626,0.31526813,0.65156585,0.396859,0.35842586,0.21035305,0.16777198,0.14609171,0.106428586,0.07663887,0.12483158,0.09416234,0.035651717,0.05135698,0.08883749,0.16044244,0.098471686,0.096165866,0.10714833,0.10941939,0.26395136,0.793624,0.035651717
AAGCCCGCGGTCGCCCCG,0.9997326,0.99973774,0.99151534,0.9959232,0.99879146,0.9957846,0.9381734,0.9626917,0.9891691,0.95593715,0.9999729,0.9997463,0.9352604,0.99678004,0.9974928,0.9865729,0.94383967,0.98266363,0.9439311,0.9822411,0.97317785,0.79103726,0.79122496,0.51718,0.6675785,0.93344617,0.9999729,0.51718
AAGGAACAGAGCCGACCG,0.69843554,0.9066344,0.9308221,0.7258837,0.34147432,0.78244877,0.61938775,0.64892775,0.6576265,0.65315473,0.6314408,0.7131107,0.40208107,0.49616703,0.32391295,0.44091183,0.32107738,0.11947337,0.08097974,0.44821963,0.34745315,0.21073008,0.17815888,0.15402712,0.1749656,0.4803002,0.9308221,0.08097974
AGGAACGAAAACCCAACG,0.23774165,0.72274065,0.36593014,0.05355911,0.17948522,0.60110015,0.17437224,0.53710115,0.16463959,0.25385955,0.2223836,0.18117224,0.15123235,0.12250584,0.08166563,0.18667549,0.1352858,0.052522484,0.05026472,0.09155273,0.2444824,0.14115067,0.11883967,0.12437595,0.14330281,0.21351767,0.72274065,0.05026472
AACACAACCGAGGCGCCA,0.99830484,0.9986226,0.9756826,0.9630785,0.97963315,0.9857121,0.8638944,0.84015137,0.95998156,0.72186756,0.9958458,0.9963443,0.8630223,0.85931337,0.85257286,0.9510546,0.6815004,0.35458204,0.51116776,0.9231461,0.8078233,0.3641554,0.26759213,0.21661092,0.25647056,0.7675251,0.9986226,0.21661092
AGGACCGCCCTGGCCGGG,0.99740505,0.9965576,0.9767932,0.9781048,0.9966303,0.9533689,0.890444,0.95761913,0.84361875,0.7083472,0.9999197,0.9943536,0.91603047,0.9760201,0.97583985,0.9718337,0.9127472,0.941027,0.82035065,0.9709333,0.95667714,0.79525626,0.8292771,0.49874255,0.68011653,0.90152055,0.9999197,0.49874255
AAGGAACAGAGAGGAACC,0.46929976,0.4811954,0.9406169,0.6627374,0.69972354,0.8482061,0.52233297,0.7007717,0.550138,0.5720742,0.32906103,0.54700744,0.3356066,0.38634825,0.297557,0.19304243,0.18764126,0.06392279,0.049829185,0.4083895,0.15986799,0.10513166,0.117358975,0.11434675,0.10485483,0.39388248,0.9406169,0.049829185
AGGGAACAAAACCAAAGG,0.19937377,0.16411449,0.3508522,0.06404653,0.04268146,0.2916562,0.12301568,0.28565294,0.03500325,0.174571,0.14237827,0.05776029,0.08581048,0.022760056,0.02210555,0.10760462,0.05123379,0.025896339,0.027039655,0.034756567,0.13127838,0.098215826,0.08802902,0.10515837,0.10865917,0.11358614,0.3508522,0.02210555
AAGCCCGGGGTCGCCCCG,0.99957293,0.9996773,0.9913067,0.99581873,0.9990223,0.9960742,0.9184338,0.96493196,0.9911789,0.93367296,0.9999723,0.9999642,0.96267575,0.99988216,0.99954766,0.9786907,0.93730634,0.98015195,0.9219948,0.98147285,0.95043314,0.821596,0.8454937,0.5027068,0.7135151,0.93540365,0.9999723,0.5027068
ACGAACGAACACGCAGGG,0.98984367,0.9852406,0.944553,0.9417895,0.9847111,0.9269181,0.77025104,0.8708799,0.86181456,0.78810567,0.75820374,0.8867369,0.5870241,0.6650009,0.4847635,0.5464107,0.34676734,0.13200325,0.24719377,0.50971454,0.5719741,0.26001313,0.2141534,0.17862433,0.20701526,0.6263882,0.98984367,0.13200325
AACAAAACGGAGGCCCCC,0.99498427,0.9922835,0.982151,0.95201576,0.9867312,0.980639,0.84721047,0.86184454,0.8743279,0.7641555,0.9778465,0.9951223,0.8401715,0.87816197,0.8726565,0.90878046,0.70985794,0.27586657,0.26859906,0.9310674,0.6203841,0.2613119,0.21481825,0.17812505,0.206157,0.73501086,0.9951223,0.17812505
AGGAACGAACACACAGAG,0.65650386,0.70702195,0.25371313,0.10895388,0.27165332,0.42492238,0.25069553,0.51398295,0.30806693,0.5114596,0.2537417,0.2052557,0.15881117,0.15134625,0.08360334,0.13262591,0.11321945,0.054714065,0.07459593,0.10396983,0.25662062,0.1527732,0.12980106,0.12898426,0.14614752,0.24612735,0.70702195,0.054714065
AACAAAAGGGCGACCCCC,0.9286351,0.9707464,0.9143807,0.72247124,0.9168302,0.91734755,0.776687,0.799995,0.8436585,0.540072,0.95670474,0.9951552,0.7561312,0.8819562,0.84537303,0.8955368,0.69543564,0.2964654,0.29744315,0.92505324,0.56682247,0.25252283,0.20656924,0.17333044,0.20401034,0.6911734,0.9951552,0.17333044
AGGGAGGAGAACCCATCG,0.35873592,0.720738,0.75494754,0.47092587,0.25794464,0.6576422,0.38704774,0.34124467,0.38885218,0.44908702,0.12426386,0.08992216,0.08473534,0.008989769,0.022533258,0.17812873,0.115784794,0.10057126,0.062440276,0.05959477,0.12132098,0.2214023,0.14314514,0.15974237,0.16808122,0.25791287,0.75494754,0.008989769
AAAAAACGGGAGAGCCCC,0.8990512,0.95676804,0.92730373,0.8954466,0.94389915,0.9000227,0.5834658,0.65830207,0.75029534,0.73454744,0.93928903,0.9942795,0.8458195,0.9286334,0.9253241,0.73933554,0.6023377,0.1748,0.17308688,0.93849844,0.35594407,0.16838218,0.15925361,0.13914871,0.14127176,0.6589803,0.9942795,0.13914871
AAGGGCGCCCGCGCTGCG,0.9934191,0.9967054,0.9623214,0.9730841,0.9733892,0.957756,0.87140894,0.91851,0.8631661,0.8171102,0.9999296,0.996998,0.83842933,0.9851028,0.94121706,0.961394,0.9396253,0.9762247,0.90397274,0.9759712,0.91946405,0.7859318,0.81071055,0.4151452,0.6373247,0.8965726,0.9999296,0.4151452
AAGGGCGCGCGCGCAGCG,0.9867573,0.99003667,0.94871885,0.96942866,0.9799835,0.94880414,0.82348496,0.90618145,0.8239746,0.8797075,0.9998493,0.9995752,0.7830605,0.99774003,0.95747834,0.9413165,0.9273185,0.9653502,0.9407483,0.97161734,0.7867178,0.6893525,0.6503844,0.283633,0.3941407,0.8618143,0.9998493,0.283633
AACAAAACGGAGACCCCC,0.98621476,0.9816397,0.95044607,0.7931663,0.8340142,0.9403847,0.7812567,0.74858385,0.8061605,0.54462755,0.8763916,0.9826413,0.6566846,0.79705995,0.731088,0.7817286,0.5054529,0.14657257,0.12229391,0.7903646,0.5823402,0.20610708,0.1818323,0.15950751,0.18279737,0.6427742,0.98621476,0.12229391
AAGACCGGGGCGGCCCCC,0.96964055,0.99575984,0.9580858,0.97160864,0.9961482,0.9743255,0.8509824,0.9377175,0.9303739,0.855083,0.99987894,0.99995655,0.9428132,0.9996006,0.9982821,0.97458154,0.9216808,0.9383286,0.85889244,0.9825294,0.8677131,0.69642824,0.5762381,0.27973205,0.36009708,0.87345916,0.99995655,0.27973205
CAGAAACGGGCGACCCCC,0.708955,0.8375831,0.6539778,0.46761364,0.7300842,0.76683784,0.46750933,0.6521581,0.50956345,0.3854547,0.95896137,0.99079424,0.56731373,0.80652624,0.81190133,0.8365243,0.683336,0.28528267,0.39634857,0.88053924,0.69458735,0.41737205,0.27858242,0.21680075,0.267238,0.6108738,0.99079424,0.21680075
AAGGAACGGGCCGGTCCC,0.8842503,0.93485373,0.9508031,0.93392545,0.9841206,0.9331125,0.60260546,0.835818,0.8714021,0.706706,0.99643683,0.99832565,0.878196,0.9924074,0.987142,0.9139308,0.8939282,0.79404783,0.6234483,0.96810156,0.6666208,0.58634883,0.5163526,0.2671017,0.30881047,0.8011518,0.99832565,0.2671017
AACACCACCGCGGCCCCA,0.9956704,0.99865973,0.96081793,0.97294825,0.9929199,0.98625076,0.9573051,0.9476957,0.96731114,0.8292201,0.9997417,0.9983493,0.82169074,0.8445074,0.87355953,0.9893837,0.8272529,0.8653536,0.80364823,0.9454917,0.9619867,0.56413454,0.38860765,0.31403756,0.38532174,0.8476746,0.9997417,0.31403756
AAGGACGAGAACCCACCG,0.89170843,0.99117345,0.88943017,0.7038029,0.5792942,0.9016384,0.7160034,0.69427943,0.72716373,0.70240885,0.3680927,0.5108403,0.25604492,0.36966115,0.18640469,0.46293986,0.18169037,0.13665609,0.08057579,0.17326467,0.34088963,0.21883342,0.16587846,0.15453371,0.18755153,0.4636304,0.99117345,0.08057579
AGCAACGCACAGGCAGGG,0.9718765,0.9102926,0.8911244,0.7781534,0.9884853,0.829684,0.6388738,0.8712362,0.64651644,0.5113737,0.9700988,0.94863933,0.7045017,0.7233726,0.56674105,0.63624996,0.37929422,0.35750932,0.6300774,0.7383822,0.67332774,0.350571,0.26644814,0.20610547,0.23465434,0.6569435,0.9884853,0.20610547
AGGAACGCACACGCAGAG,0.9329813,0.81862146,0.62495005,0.44252506,0.8496853,0.83277047,0.4206641,0.78771424,0.38515905,0.67386025,0.5764438,0.34268865,0.28814656,0.2727518,0.13421041,0.29847774,0.24072766,0.15171556,0.25714037,0.23821607,0.42918178,0.2743423,0.20284954,0.17478462,0.20878272,0.43437567,0.9329813,0.13421041
CAAGAACGGGCAAGCACC,0.47802687,0.7876683,0.7396466,0.6739608,0.78946924,0.8836514,0.46233684,0.5660381,0.40251082,0.6085565,0.7874036,0.9688226,0.46829706,0.7664729,0.58285505,0.76476854,0.45598006,0.26036307,0.35461813,0.884051,0.4717693,0.26841775,0.20510902,0.17191546,0.19609171,0.559952,0.9688226,0.17191546
AAGCCCTGGCGCCCACCG,0.99354523,0.99833125,0.9581072,0.939907,0.9287497,0.9479707,0.82157487,0.84733886,0.91721374,0.8449258,0.9997566,0.9986569,0.8233527,0.96927357,0.975582,0.98144007,0.8974492,0.98377705,0.8889802,0.97586465,0.9622396,0.76110023,0.64873046,0.49579173,0.5797378,0.88557607,0.9997566,0.49579173
AAGCCCGGGCTCGCCCCG,0.999374,0.99961644,0.9843453,0.993043,0.9978419,0.9951086,0.8888366,0.9572786,0.9840046,0.9284329,0.9999607,0.9997339,0.9133848,0.9966017,0.9965719,0.9815055,0.93014073,0.9826846,0.90984976,0.9758266,0.9676862,0.78998405,0.78930014,0.5075651,0.67059624,0.9255709,0.9999607,0.5075651
CAGGAACGGGCAAGGACC,0.2659374,0.5495125,0.44179404,0.42104965,0.41814166,0.8227619,0.2227497,0.4636345,0.4543649,0.34490472,0.75034535,0.9557764,0.38402683,0.7162794,0.49369034,0.60403615,0.38224992,0.22645904,0.37474677,0.7568272,0.36776012,0.30132273,0.21388254,0.17750442,0.18871112,0.45193878,0.9557764,0.17750442
AGGAGCGCCCGGGCCGCG,0.90558934,0.9547166,0.8819949,0.8087124,0.91735095,0.7810841,0.7695052,0.8763192,0.4592499,0.5241674,0.9998586,0.9978351,0.79254466,0.9791082,0.94079614,0.9185448,0.8671936,0.89618576,0.81770253,0.8934837,0.8744953,0.7307074,0.7293472,0.325077,0.4869311,0.80514,0.9998586,0.325077
CAGAAAGGGGCCGCCCCC,0.97876513,0.9873488,0.9662334,0.9354606,0.9855901,0.9695287,0.78580743,0.8234245,0.82924217,0.76405364,0.98949873,0.9988005,0.75654423,0.9562318,0.9565861,0.8984347,0.8408313,0.6091955,0.3956104,0.9483489,0.7364955,0.4989462,0.32957092,0.23788726,0.29086524,0.778772,0.9988005,0.23788726
AGGGAACAGAACCAAACG,0.08850368,0.10703502,0.20053276,0.035567623,0.021769632,0.330832,0.09704827,0.17152241,0.028062455,0.112080686,0.13065732,0.054986972,0.07765375,0.023050262,0.023420142,0.10696016,0.06242198,0.038690526,0.033431146,0.033705384,0.1437688,0.12782782,0.10471053,0.1159718,0.12741339,0.095904976,0.330832,0.021769632
GAGCCCCGGGTCGCTCCC,0.99944985,0.99945533,0.9808377,0.9906921,0.99897695,0.98941416,0.85764545,0.9489987,0.9802264,0.88577825,0.999929,0.9996336,0.9016825,0.9995081,0.99924684,0.97914624,0.9535837,0.98712754,0.93721545,0.9828877,0.96237546,0.8452835,0.9281889,0.66069794,0.8778405,0.9458329,0.999929,0.66069794
AAGGCCCAGAACCCACCG,0.9376968,0.9943025,0.84857446,0.68896425,0.4455138,0.88737667,0.66600055,0.6760744,0.5562255,0.58947015,0.7543742,0.7197402,0.36303306,0.5784351,0.22168382,0.618987,0.20500487,0.2994801,0.1666818,0.18634056,0.68146783,0.36094725,0.24525426,0.21215627,0.27562597,0.5271765,0.9943025,0.1666818
AACAAAACGGCGGCGCCT,0.9814896,0.9915627,0.9735403,0.9393028,0.9851715,0.9724901,0.87441534,0.8659192,0.93769425,0.69002897,0.9973049,0.9987829,0.9425117,0.95717084,0.9687465,0.9682469,0.8743203,0.6004931,0.6340056,0.97516036,0.743493,0.3916061,0.27633736,0.21212015,0.24442157,0.79985327,0.9987829,0.21212015
AACAAAGCGGCGGCCCCC,0.9773424,0.9842247,0.9735963,0.9511566,0.9938036,0.9583444,0.89599466,0.8848804,0.8115641,0.70387715,0.9988853,0.99933666,0.9209207,0.97032624,0.9784133,0.97411776,0.9172531,0.71600795,0.6993632,0.9832076,0.81667775,0.47960848,0.31075457,0.23099153,0.2810377,0.81646746,0.99933666,0.23099153
AAGGCCCAGCACCCACCG,0.9379995,0.99109787,0.7424384,0.70915776,0.45589843,0.8745211,0.6718909,0.6166061,0.5495072,0.610201,0.95992136,0.82303673,0.39582184,0.5978559,0.24598292,0.7099887,0.32354227,0.6066433,0.3457333,0.26301673,0.8258451,0.4605867,0.30403352,0.25473824,0.33402476,0.5844036,0.99109787,0.24598292
AAGGAACAAAACCAAACG,0.16713026,0.2683853,0.28182384,0.07580166,0.042385906,0.5076176,0.18898262,0.3145774,0.06512163,0.28213006,0.24439402,0.24865134,0.1511987,0.20726521,0.089975424,0.16108415,0.07470861,0.03885096,0.030096022,0.08372222,0.22561836,0.092735305,0.09032742,0.10477657,0.10892261,0.16585131,0.5076176,0.030096022
AGGAAACAAAACCAAAGG,0.17951758,0.1686761,0.37358218,0.04067153,0.083007924,0.26406282,0.07447256,0.3044754,0.031731293,0.12060912,0.2159408,0.1655757,0.14295796,0.09686211,0.06441868,0.118408024,0.07512132,0.023628727,0.026360808,0.07062251,0.17635275,0.08476068,0.0844707,0.10096446,0.10219602,0.12757792,0.37358218,0.023628727
AGGAGCGCCCTCGCCGCG,0.99020696,0.9935077,0.92691416,0.9190277,0.96614504,0.94906574,0.78386474,0.8977539,0.62594074,0.66255677,0.999431,0.9331596,0.61243546,0.7450899,0.7367356,0.923519,0.8898058,0.9190748,0.83572686,0.8475057,0.9143034,0.7683792,0.7644695,0.46390077,0.6731997,0.8296688,0.999431,0.46390077
AAGGGCGATCACGCACCG,0.9951678,0.99843764,0.9282406,0.9768143,0.96058154,0.98399884,0.77085215,0.8585909,0.8893505,0.8670213,0.9047213,0.7263778,0.30773684,0.48488328,0.32422978,0.6451663,0.6686358,0.7698131,0.70502365,0.6659268,0.48046306,0.534371,0.30435207,0.2927599,0.30805042,0.6940626,0.99843764,0.2927599
AAGGCACGGGCCGGACCC,0.9879577,0.9918424,0.97248554,0.97521883,0.9888523,0.96210235,0.68446517,0.84705406,0.88215494,0.7541175,0.9989003,0.99874145,0.8112115,0.9916112,0.9755605,0.9214134,0.8651507,0.8797707,0.813741,0.9548378,0.7461721,0.5744592,0.41877562,0.24230367,0.28462952,0.8209412,0.9989003,0.24230367
GAGGCCCGGGCCGCGCCC,0.9953293,0.99854106,0.95116633,0.9785324,0.99047744,0.9893015,0.81547654,0.84541124,0.9595788,0.8493184,0.999916,0.99972355,0.71265393,0.9982466,0.98612213,0.9672,0.9069469,0.9684135,0.9013833,0.96346354,0.90925384,0.7698757,0.8138854,0.38310814,0.644308,0.8919053,0.999916,0.38310814
AAGGAACAGAACCCAACG,0.44563514,0.698748,0.6134516,0.15953843,0.10634588,0.7631806,0.36748618,0.40429056,0.17977749,0.33982724,0.31577238,0.37792698,0.21610402,0.29334554,0.13214101,0.24644119,0.11637905,0.07972039,0.042593896,0.12436514,0.31371325,0.1479088,0.1323841,0.12976003,0.14826782,0.27580422,0.7631806,0.042593896
AAGCCCGCGCGCGCTCCG,0.9981759,0.99894375,0.9804585,0.9866874,0.9950372,0.98116004,0.838146,0.9405781,0.96793514,0.89133745,0.99997467,0.9994401,0.90854514,0.97978944,0.9893718,0.9880203,0.9520645,0.986979,0.95164263,0.98671055,0.9775223,0.75643086,0.7461636,0.4543028,0.5749249,0.9132138,0.99997467,0.4543028
GAGCCCCGGGCCGCTCCC,0.9937275,0.9978572,0.9487564,0.9712519,0.9959674,0.9747781,0.7166426,0.91637826,0.95203364,0.7972456,0.99992746,0.99915737,0.76477623,0.98948365,0.9893445,0.97987664,0.9295105,0.9811984,0.9051955,0.9713804,0.9648033,0.77033633,0.83076787,0.49017435,0.71341974,0.9017596,0.99992746,0.49017435
AGGGGGGATAACCCAGCG,0.8542807,0.9702443,0.76423943,0.69939053,0.40947,0.80149496,0.43225873,0.5937129,0.4249187,0.65749997,0.16191113,0.23273519,0.070996165,0.009749689,0.019049875,0.2482024,0.18723229,0.17575872,0.16412275,0.09160606,0.13377264,0.4099111,0.22800688,0.23374286,0.2532185,0.36910108,0.9702443,0.009749689
AAGGAACAGGCAGGAACC,0.19870457,0.43195653,0.8075716,0.67030853,0.8087943,0.8206384,0.4936286,0.6532549,0.5294794,0.5082574,0.5039949,0.73682064,0.3507688,0.48878148,0.30811834,0.35085458,0.41903982,0.16461013,0.11701204,0.6451328,0.2300128,0.16572775,0.14902292,0.13443801,0.13670017,0.43294522,0.8206384,0.11701204
GAGGCCCGGGGCCCTCCG,0.9772886,0.99588096,0.96673334,0.96004575,0.94351983,0.8819451,0.7437726,0.7980338,0.9184626,0.7126373,0.99979496,0.99964595,0.71783674,0.99872226,0.9853133,0.9575643,0.8850973,0.96410006,0.87098706,0.9356039,0.89806455,0.8021846,0.87148,0.45805687,0.7623184,0.88020355,0.99979496,0.45805687
GAGGAACGGGCAAGAACC,0.17259848,0.24440642,0.29696167,0.48290366,0.44356322,0.6286834,0.21430607,0.5307806,0.4607007,0.3845871,0.18020825,0.3024538,0.105463624,0.04188254,0.06785414,0.3431297,0.19661926,0.12377862,0.20401132,0.40530396,0.12748003,0.19152501,0.13656482,0.13704886,0.140253,0.26252273,0.6286834,0.04188254
AACACGGCCCCGGCGGCA,0.9946465,0.99824077,0.96590346,0.97213334,0.9963495,0.9752343,0.9019643,0.8769807,0.94001114,0.6450248,0.99997157,0.99940884,0.9348804,0.9569841,0.97198355,0.9889806,0.8981818,0.935926,0.89942867,0.98199,0.9643122,0.6695669,0.48636702,0.3245523,0.39211875,0.8668457,0.99997157,0.3245523
AAGGAACAGAAACAAACG,0.0381922,0.09071351,0.27711138,0.060264494,0.042622354,0.3808135,0.18952823,0.23842798,0.073360234,0.19624276,0.21668182,0.22444229,0.1326269,0.18795834,0.090270184,0.109735705,0.061219633,0.033772103,0.029317077,0.075190455,0.15682742,0.07869003,0.085552275,0.097199686,0.09525032,0.13048045,0.3808135,0.029317077
AACAAAACGGAGGCGCCA,0.9921922,0.9939939,0.97683764,0.94506097,0.97678554,0.969998,0.83965826,0.77129465,0.91398305,0.70610106,0.9830533,0.99645823,0.90591264,0.91572976,0.9146988,0.9173843,0.76445323,0.30117002,0.3415765,0.95808375,0.54633015,0.2434714,0.20265755,0.16658704,0.17939943,0.7369148,0.99645823,0.16658704
AGGAAGGAAAACACAAGG,0.7768494,0.7135637,0.67338204,0.5476639,0.39120457,0.64990336,0.34001583,0.5495845,0.52974606,0.4024158,0.14758031,0.09463478,0.09293596,0.034374543,0.04721225,0.10940928,0.066387974,0.032762457,0.04307502,0.081042096,0.09301444,0.07254956,0.076457605,0.09443481,0.08972198,0.26999688,0.7768494,0.032762457
AACAAAGGGGCGACCCCC,0.8761704,0.95779926,0.88373524,0.78689975,0.9293451,0.8751917,0.7428753,0.7824985,0.75602627,0.531131,0.9868844,0.99882585,0.831765,0.95972645,0.9525306,0.90475225,0.79172814,0.40968242,0.32801422,0.93695027,0.55892426,0.33533,0.23393014,0.18850178,0.22232117,0.71046156,0.99882585,0.18850178
GAGGAACGGGCCGGACCC,0.9584926,0.9629545,0.9429573,0.9625579,0.981135,0.93697584,0.67551345,0.7918012,0.89478725,0.77777237,0.96721935,0.9890497,0.4445271,0.8416053,0.84161806,0.8246642,0.76756865,0.5718657,0.48818904,0.8772861,0.41069397,0.46528995,0.3528664,0.20529848,0.23892415,0.7268646,0.9890497,0.20529848
AACACAACGGCGGCGCCA,0.9931951,0.9972052,0.9777399,0.9582074,0.9896337,0.96992964,0.8750982,0.8515951,0.9581132,0.653624,0.99925447,0.9992664,0.93881166,0.95977706,0.97094357,0.98206455,0.8895193,0.73589957,0.8053562,0.97754866,0.8590957,0.47449538,0.31461763,0.23764339,0.27846497,0.82588404,0.9992664,0.23764339
AAGGAACAAAACCAAAGG,0.44891468,0.5197242,0.6332831,0.24854803,0.1349482,0.53970194,0.34062102,0.52177256,0.11450628,0.40034398,0.27032688,0.27036735,0.1885623,0.21804869,0.09454287,0.17460775,0.07158689,0.039682534,0.031092897,0.097992636,0.20829275,0.08780526,0.09064741,0.103752576,0.104368195,0.23816164,0.6332831,0.031092897
GGGGGAAAAAAAAAGGGG,0.13155146,0.17235492,0.28754854,0.1265591,0.03139583,0.15274672,0.20831482,0.2577214,0.2038372,0.2177394,0.051600367,0.0057245335,0.02744898,0.00027418346,0.0037814747,0.12476427,0.041600987,0.027920824,0.036077682,0.04710287,0.032517914,0.047141537,0.046271257,0.08109973,0.067878775,0.09723899,0.28754854,0.00027418346
GGGGGGGGGGGGGGGGGG,0.98120165,0.9672131,0.9887912,0.9974488,0.997387,0.85134554,0.61125815,0.8206159,0.8519427,0.9033884,0.9999142,0.99999124,0.989119,0.99999994,0.99999136,0.6761934,0.8872832,0.91237587,0.7489196,0.93536884,0.3059319,0.72515523,0.9762044,0.4266099,0.8587747,0.8564969,0.99999994,0.3059319
GGGGGGGAAAAAAGGGGG,0.42278823,0.65107024,0.6138528,0.8512992,0.42022198,0.47574013,0.23088284,0.435537,0.5469224,0.6357034,0.06616388,0.13521871,0.03441193,0.001058689,0.0050266245,0.20244536,0.06911535,0.07836143,0.103039145,0.08785352,0.04094258,0.10312772,0.07442464,0.11458323,0.09422243,0.25976056,0.8512992,0.001058689
GGGGGGAAAAAAAGGGGG,0.4376346,0.6435482,0.6238498,0.7522968,0.25093254,0.508342,0.34406638,0.45295247,0.6350557,0.56559616,0.06438882,0.020573502,0.0361921,0.0002982458,0.0048496374,0.177786,0.062047657,0.05369335,0.06498024,0.07187415,0.03743422,0.07532226,0.06367277,0.10211502,0.08173451,0.24524942,0.7522968,0.0002982458
GGGGGGGGAAAGGGGGGG,0.9065737,0.8559427,0.8701077,0.97392184,0.9397448,0.8568004,0.3170912,0.74594057,0.6650722,0.79248685,0.8213223,0.99749756,0.43072632,0.99140954,0.8149588,0.35822517,0.38319784,0.32644975,0.2812127,0.5681925,0.10528916,0.3090749,0.5807296,0.2151786,0.37215805,0.61917216,0.99749756,0.10528916
GGGGAAAAAAAAAAGGGG,0.14850019,0.1960393,0.5281968,0.13355714,0.057102967,0.24780641,0.24650857,0.31402075,0.36525053,0.23841266,0.07103019,0.0131087545,0.044281688,0.0009264382,0.008997724,0.12003176,0.041657086,0.023453265,0.028568968,0.051155876,0.037567645,0.03998861,0.04624782,0.07517962,0.064040646,0.12566525,0.5281968,0.0009264382
GGGGGGAAAAAAAAGGGG,0.20855056,0.356628,0.41048896,0.484538,0.09219696,0.3424503,0.32308605,0.3430171,0.40764123,0.3716437,0.04476038,0.0071595884,0.02134158,0.00017898579,0.002656534,0.13075867,0.043235626,0.036033873,0.04292764,0.04091052,0.030053668,0.057894938,0.047998585,0.089439824,0.07269201,0.16033134,0.484538,0.00017898579
GGGGGGAAAAAAGGGGGG,0.6810179,0.78115314,0.9071575,0.9373764,0.853313,0.7758073,0.4592551,0.63050705,0.7336667,0.7907124,0.09812059,0.107577346,0.06621402,0.00086685526,0.010077226,0.1914468,0.0896802,0.064111836,0.06518108,0.100708574,0.050412554,0.104688,0.0880991,0.11781359,0.09496591,0.35199726,0.9373764,0.00086685526
GGGGGGGAAAAAGGGGGG,0.6684104,0.79066163,0.9053925,0.9646387,0.9277432,0.73718446,0.31979853,0.6158044,0.65138084,0.82149565,0.13105242,0.65723157,0.080808215,0.01565131,0.017504474,0.21760355,0.105083056,0.094178185,0.10342769,0.12790687,0.06000928,0.14728019,0.15902534,0.13754562,0.13424163,0.38364244,0.9646387,0.01565131
GGGGGGGAAAAGGGGGGG,0.844106,0.87365407,0.8991599,0.9747993,0.92929214,0.7539402,0.39342827,0.66021353,0.6084332,0.8220965,0.359756,0.96395016,0.24823762,0.39016113,0.17267472,0.3148263,0.19236131,0.18016455,0.19838151,0.36659864,0.08535753,0.21842344,0.3558177,0.17338328,0.22142656,0.4880258,0.9747993,0.08535753
GGGGGGGGGCCGGGGGGG,0.8835059,0.8762059,0.9046378,0.98339057,0.9794884,0.8704012,0.36512566,0.6651793,0.60206515,0.7344834,0.99988407,0.9999636,0.8740741,0.99999875,0.9994365,0.7278464,0.8405934,0.90754443,0.76086664,0.9094733,0.4413318,0.79829663,0.96394205,0.42785865,0.85079604,0.81465554,0.99999875,0.36512566
GGGGGGGGGGCGGGGGGG,0.8983566,0.92236656,0.9451523,0.9938317,0.9931741,0.853641,0.39321885,0.7868566,0.73667175,0.7918331,0.99988765,0.9999847,0.95768386,0.9999997,0.9999376,0.7322295,0.90640146,0.9286639,0.79942006,0.948704,0.35810915,0.76779014,0.96936846,0.42577615,0.8558295,0.83859545,0.9999997,0.35810915
GGGGGGGAAACGGGGGGG,0.65911764,0.7358106,0.85992867,0.9551487,0.9039955,0.72567815,0.3435041,0.7285323,0.563791,0.72148925,0.7567705,0.98789895,0.3514478,0.8116444,0.34499547,0.3076342,0.2611922,0.20540427,0.23336414,0.35946602,0.1481572,0.36786965,0.5675359,0.21562134,0.35120967,0.5386883,0.98789895,0.1481572
GGGGGGGGAACGGGGGGG,0.7743646,0.70082486,0.8181599,0.9543933,0.9237198,0.8388555,0.27694973,0.7840386,0.6385168,0.6978838,0.9739397,0.99910975,0.5568242,0.9988862,0.9284536,0.35478586,0.48743746,0.391405,0.33960837,0.5599644,0.18655293,0.491271,0.77307916,0.27069917,0.5392076,0.6503572,0.99910975,0.18655293
GGGGGGGGAAGGGGGGGG,0.9391134,0.8854906,0.9609649,0.9860386,0.97102064,0.82905537,0.4545567,0.8156778,0.7876598,0.84635097,0.9838139,0.99971235,0.81892836,0.9998684,0.9929282,0.38695014,0.6377397,0.46863046,0.29714578,0.68676144,0.14888348,0.43008712,0.80482256,0.2736086,0.55120844,0.71828085,0.9998684,0.14888348
GGGGGGGAAACCGGGGGG,0.8962325,0.9101715,0.93019515,0.96885353,0.9272909,0.8275441,0.3637712,0.75791836,0.67418504,0.84581745,0.61690784,0.95317286,0.17626685,0.2903543,0.060470242,0.29243752,0.20517798,0.19188398,0.17046346,0.19252627,0.17099501,0.40197548,0.48559657,0.20936272,0.33216083,0.5140693,0.96885353,0.060470242
GGGGGGAAAAACGGGGGG,0.9559261,0.9580376,0.94499946,0.9699965,0.8894394,0.87265676,0.5315703,0.7324236,0.77640176,0.8783857,0.14210543,0.22620703,0.09488814,0.0018072503,0.01268583,0.25684154,0.14201795,0.10485678,0.094095714,0.12261145,0.08045405,0.18176733,0.14645953,0.13920876,0.12891401,0.41539028,0.9699965,0.0018072503
GGGGGAAAAAAAAGGGGG,0.29040304,0.40267175,0.49653274,0.3106294,0.08669779,0.2564409,0.22619909,0.37713805,0.3723738,0.35892174,0.07307814,0.010722828,0.045756053,0.00041474466,0.006559642,0.16978543,0.058490742,0.041062873,0.054259676,0.07973846,0.04059631,0.058842584,0.05879179,0.092688955,0.07574312,0.16178161,0.49653274,0.00041474466
GGGGGGGGACCGGGGGGG,0.8363677,0.8262028,0.8596042,0.9645373,0.9351095,0.8626309,0.28288776,0.731552,0.6263233,0.6632519,0.9980448,0.9996991,0.658413,0.9998887,0.97754157,0.5695077,0.68923706,0.7541058,0.51724476,0.7080755,0.3353575,0.6741641,0.8973644,0.34404388,0.70855296,0.73678833,0.9998887,0.28288776
GGGGGGGAAAACGGGGGG,0.95578575,0.95963734,0.9437834,0.9829315,0.94877017,0.8484785,0.40022832,0.71289957,0.67849463,0.8973167,0.25391436,0.8626393,0.12605247,0.060093056,0.030619888,0.29597667,0.17001301,0.16163026,0.16208845,0.15607631,0.097312465,0.25740924,0.28813434,0.168288,0.208372,0.46507794,0.9829315,0.030619888
GGGGGGGGGAGGGGGGGG,0.9696225,0.9431906,0.98235804,0.9932745,0.99110365,0.8576896,0.5681265,0.79046977,0.80924475,0.8829012,0.99885595,0.9999593,0.94506174,0.9999983,0.99978757,0.5446911,0.78623617,0.80914783,0.5764784,0.8544265,0.20414051,0.5743375,0.9216248,0.34393343,0.7278065,0.8029786,0.9999983,0.20414051
GGGGGGGGAGCGGGGGGG,0.81901854,0.86420816,0.90793645,0.9859428,0.9727576,0.8306891,0.30798808,0.8236333,0.7543581,0.7206952,0.998251,0.99990946,0.85242045,0.9999868,0.997829,0.6331701,0.8231791,0.79083556,0.6298431,0.9054712,0.2571466,0.6305817,0.90916353,0.3436922,0.718823,0.77910125,0.9999868,0.2571466
GGGGGGAAAACCGGGGGG,0.8968814,0.90750635,0.9313211,0.9445456,0.85111874,0.8559724,0.47021168,0.7733509,0.795384,0.8438236,0.278738,0.42496133,0.13057841,0.0053151892,0.017034303,0.25529033,0.16898683,0.122829884,0.0990729,0.14930692,0.13599358,0.29927042,0.2660796,0.17091842,0.19131899,0.43943238,0.9445456,0.0053151892
GGGGGGGAACCGGGGGGG,0.74124014,0.8524739,0.89317757,0.96630144,0.9177758,0.76644486,0.36686844,0.6625157,0.56954455,0.7044661,0.9725519,0.9960875,0.4513272,0.9772117,0.61057925,0.4990692,0.4387346,0.464446,0.37446374,0.5149772,0.2674189,0.5440062,0.76231754,0.27383557,0.51899296,0.64427316,0.9960875,0.2674189
GGGGGGGGAGGGGGGGGG,0.96324867,0.94513726,0.9808968,0.9948977,0.9890139,0.8323476,0.49518412,0.84600437,0.84166306,0.8646338,0.99879336,0.99995893,0.9577399,0.9999977,0.9997661,0.58901495,0.8157622,0.8120484,0.60947275,0.90236354,0.21075262,0.57447267,0.92630506,0.34591898,0.72617453,0.80886275,0.9999977,0.21075262
GGGGGGGGAAAAGGGGGG,0.7821615,0.7619288,0.8801185,0.9620473,0.93900484,0.862008,0.24282064,0.70820194,0.6991009,0.79290485,0.31075183,0.9773802,0.13497308,0.7127315,0.16043317,0.25049868,0.20213115,0.15364254,0.14349951,0.22909689,0.074468076,0.21763599,0.3186803,0.1700916,0.22938663,0.47662792,0.9773802,0.074468076
TACCGGGTCATCCATAAT,0.99096763,0.9925735,0.7624634,0.9014311,0.9625335,0.951666,0.6989107,0.86069846,0.84572065,0.8519127,0.9654735,0.9603187,0.5635842,0.96688086,0.9320427,0.84173334,0.80290914,0.9639127,0.78864014,0.9027679,0.8638088,0.8830514,0.867221,0.8643073,0.9138599,0.87597567,0.9925735,0.5635842
AGGCTGCGTAAGTCTGCT,0.9710527,0.9876011,0.9325035,0.90034586,0.9715797,0.8903518,0.5331403,0.9215401,0.84837973,0.6499727,0.950225,0.9679311,0.8173984,0.99850714,0.9958983,0.9033208,0.94956756,0.96917224,0.897429,0.9775428,0.75103587,0.9271532,0.9625113,0.86261845,0.96146876,0.8999299,0.99850714,0.5331403
ACGAAGGAACAGACAGCG,0.7727503,0.7293237,0.57029444,0.6308131,0.51262283,0.6577981,0.46646225,0.4591552,0.7444291,0.5046844,0.3762467,0.6296882,0.30434218,0.46669945,0.325366,0.26829064,0.17195496,0.072093286,0.117755145,0.41514325,0.286198,0.15698847,0.14816926,0.1352378,0.1457544,0.4027304,0.7727503,0.072093286
ATACAGTGTACATCTGCG,0.99090713,0.99760586,0.99316376,0.96928203,0.97824687,0.92334133,0.9241826,0.9129828,0.92541355,0.92453104,0.9506073,0.98447216,0.9506791,0.9903565,0.9938563,0.9125266,0.9435329,0.97423816,0.8108506,0.9866101,0.8404931,0.9239102,0.8906693,0.9006576,0.91439617,0.94030046,0.99760586,0.8108506
GAAAACAGTCTAGCTGTG,0.99802756,0.99872595,0.99438715,0.99098206,0.99930453,0.98294264,0.95567983,0.9806368,0.9731515,0.94725066,0.95616466,0.9787361,0.9425815,0.9643435,0.983631,0.87716866,0.91155374,0.80545133,0.527091,0.9806864,0.63343024,0.7236038,0.52724546,0.54041517,0.43180412,0.8641997,0.99930453,0.43180412
TAACGGGTTATCGATAAG,0.9976307,0.99877155,0.9854883,0.9936576,0.998239,0.98294204,0.7549784,0.93829834,0.95405483,0.9573172,0.96132594,0.9887707,0.93425196,0.99962276,0.99922246,0.83363885,0.9304356,0.922026,0.7908814,0.9756429,0.62532985,0.93488926,0.916341,0.9007953,0.9451214,0.928787,0.99962276,0.62532985
GAGGCAATTACTGAGCTG,0.9963311,0.96842617,0.9903,0.9882923,0.9653857,0.97733265,0.5034249,0.8199802,0.9773352,0.85210603,0.6418918,0.39584094,0.7345708,0.7582944,0.9370414,0.76306266,0.8425902,0.7665846,0.52613235,0.9538584,0.4232376,0.8048042,0.77396613,0.68517333,0.7320464,0.79112023,0.9963311,0.39584094
TTACAGGGTATAGCTGAG,0.9975306,0.9984909,0.99604905,0.9896033,0.9975451,0.9809663,0.94351995,0.9654883,0.9668504,0.9571809,0.95278716,0.99332213,0.95859796,0.9990266,0.9990709,0.67594165,0.91276366,0.8881966,0.6995058,0.982086,0.70044327,0.9381732,0.9381181,0.92065024,0.9612477,0.9325264,0.9990709,0.67594165
ATAAACAGTCTAGCTGTG,0.9983286,0.99910545,0.9963404,0.9852372,0.99865323,0.98285323,0.9497967,0.9818976,0.94024277,0.91584307,0.9804101,0.9905582,0.9759383,0.98108286,0.9897064,0.8719081,0.92578906,0.9252588,0.661125,0.98503363,0.816683,0.8756338,0.73867553,0.8142485,0.70703447,0.9194954,0.99910545,0.661125
GAAGAATGGGCATCGTTT,0.8751897,0.9785101,0.9829222,0.9831091,0.9730218,0.8580125,0.9398207,0.8484962,0.968068,0.94318897,0.78283316,0.98546505,0.8846819,0.9894032,0.9934731,0.9024153,0.9320066,0.8760206,0.6059615,0.98885596,0.35421258,0.7439099,0.7605132,0.55135167,0.63573194,0.85348696,0.9934731,0.35421258
AGGAACGAACATACAGAG,0.32936502,0.29166535,0.15461989,0.04063636,0.24279356,0.2620614,0.1691746,0.38469833,0.25860685,0.36429873,0.2535401,0.20335837,0.18136819,0.15283407,0.1161697,0.13479403,0.13557047,0.051775057,0.07094329,0.14239597,0.23330007,0.17262611,0.15176488,0.16225857,0.15761851,0.19272949,0.38469833,0.04063636
AGCGGCGGCGACGGCGAA,0.994944,0.9901636,0.9379402,0.9645059,0.9798541,0.9370215,0.5187476,0.8840766,0.6165195,0.9358865,0.99960417,0.99978614,0.726326,0.9991224,0.94802177,0.87840384,0.8978291,0.9364255,0.9095461,0.833989,0.71514976,0.669339,0.66992134,0.27672246,0.39388928,0.8245493,0.99978614,0.27672246
TAGACAGGGCTGACTGTG,0.9779647,0.9610585,0.9377575,0.9061383,0.9648495,0.86687833,0.7179219,0.9350306,0.9384696,0.37937617,0.9896427,0.99743927,0.9358681,0.99869883,0.99674475,0.85403144,0.9618364,0.96732014,0.67666674,0.9851252,0.73194253,0.87321764,0.8862638,0.7376507,0.83660376,0.8805799,0.99869883,0.37937617
ACGACCGAACAAACAGAG,0.8378875,0.8963479,0.48167303,0.42689356,0.5228744,0.59585893,0.39232215,0.6306047,0.5218357,0.5621801,0.4268305,0.7288106,0.33479226,0.595171,0.26436386,0.30761805,0.19395053,0.07898392,0.1665754,0.2418416,0.5186474,0.20124966,0.16839625,0.1554049,0.18053484,0.41726592,0.8963479,0.07898392
ACGACCGAACAAACAGTG,0.89618057,0.9098564,0.64813226,0.7155612,0.7182819,0.7294693,0.5160614,0.7523196,0.67317355,0.5500383,0.45502222,0.7739922,0.40533036,0.6221426,0.34655604,0.36774608,0.20800163,0.09296946,0.19357246,0.28182143,0.5609307,0.23938276,0.19540457,0.1794369,0.20705573,0.48953763,0.9098564,0.09296946
GACGGCATTCAGGCACGT,0.9990779,0.99893874,0.9378291,0.99319535,0.9982343,0.98850983,0.8295679,0.95824105,0.96552706,0.9011565,0.9816349,0.9412734,0.75061405,0.9808004,0.98057413,0.93154967,0.79828894,0.95104575,0.9029078,0.9732319,0.7335737,0.80639166,0.7690518,0.61139154,0.7207449,0.8961342,0.9990779,0.61139154
GACGACATTAATGCACGT,0.9986444,0.99821365,0.9835049,0.9910149,0.9987276,0.9912739,0.83854556,0.95657825,0.9709712,0.90562594,0.6667413,0.78289175,0.7347477,0.81248355,0.92247874,0.89570755,0.766661,0.5856602,0.67153853,0.94420964,0.5798959,0.7361905,0.5464301,0.62707263,0.51388615,0.8167878,0.9987276,0.51388615
GAGGACAATCGTGGACGG,0.99773353,0.99788505,0.99431545,0.9961026,0.9968692,0.97549576,0.93433344,0.95526576,0.9833554,0.96466887,0.9112073,0.81111324,0.84715647,0.9035491,0.95152,0.77597076,0.8677558,0.5549373,0.4903711,0.9381462,0.39520198,0.63715285,0.59829986,0.4053208,0.42414817,0.81231517,0.99788505,0.39520198
TAACGGGTTATCGATAAT,0.9981181,0.9991014,0.98048395,0.99381083,0.99894243,0.9850415,0.8082116,0.9662513,0.9581098,0.9590662,0.9423006,0.9882474,0.91844344,0.9995808,0.99929905,0.83363885,0.9304356,0.922026,0.7908814,0.9756429,0.6205927,0.93917906,0.92384267,0.90781397,0.95179856,0.93163455,0.9995808,0.6205927
GAGGTCTATCCTGCGCTG,0.9877524,0.99194646,0.9860105,0.98346794,0.9778974,0.971566,0.78383416,0.89027745,0.96308035,0.9253553,0.9902485,0.8492494,0.89857906,0.997328,0.99835074,0.94896215,0.97677356,0.994133,0.8881588,0.9917126,0.88786507,0.9488073,0.98344344,0.9298876,0.98893166,0.9493448,0.99835074,0.78383416
TATTACACTAGTGGATGG,0.998542,0.9962479,0.9990104,0.99830294,0.9993271,0.99410594,0.9758704,0.98960656,0.9681302,0.9421976,0.985861,0.9818995,0.9922405,0.9988218,0.9991046,0.8297322,0.9239853,0.95916843,0.69369805,0.99039984,0.88873374,0.9600676,0.9655173,0.9570484,0.97724926,0.95859474,0.9993271,0.69369805
AAGATGTATCGTGTGCTG,0.99853045,0.9954318,0.9983117,0.996645,0.9981564,0.98823893,0.9250596,0.9256618,0.97977144,0.93187326,0.9961348,0.99772364,0.9966962,0.9999855,0.9999612,0.9584172,0.99091274,0.9913896,0.88980305,0.99868417,0.8318565,0.9721134,0.9872231,0.9347853,0.9841714,0.97070146,0.9999855,0.8318565
ACGACGGAACAAACAGTG,0.94573843,0.9094366,0.81615776,0.9012909,0.8110665,0.81108904,0.60434216,0.72077227,0.8191793,0.65537184,0.3427765,0.6156241,0.30249697,0.51871616,0.26095015,0.27646467,0.17070572,0.08348375,0.20187898,0.26470676,0.36150908,0.19961433,0.16618377,0.15761629,0.17509675,0.4836907,0.94573843,0.08348375
ACAAAGGGTCAAACTGTG,0.9961395,0.98799366,0.968168,0.97849375,0.981848,0.9176467,0.8418956,0.87404764,0.8769085,0.7506884,0.7950658,0.97624266,0.7542926,0.90202314,0.8543859,0.7327296,0.7351529,0.6323203,0.5381531,0.936232,0.47719714,0.45019594,0.274533,0.3193896,0.2548602,0.7522642,0.9961395,0.2548602
GACACCGGGCTGGCTGTA,0.9966706,0.9971219,0.9712578,0.988004,0.9995789,0.94440377,0.94083214,0.9662374,0.97165996,0.73413163,0.99992853,0.9998844,0.9818577,0.99993664,0.99976254,0.99029374,0.97588676,0.98897785,0.93068933,0.99659693,0.9422184,0.8809031,0.9423048,0.6372069,0.85226,0.9451443,0.99993664,0.6372069
AGGAACGAAAAACGAGAG,0.056916885,0.3591171,0.33303693,0.054634858,0.29579094,0.30333236,0.10449217,0.3824068,0.18790244,0.49404836,0.22167118,0.19222182,0.17288025,0.11472936,0.093823574,0.12068089,0.09973014,0.029229442,0.04575624,0.1086185,0.13543624,0.086424515,0.0967063,0.10363009,0.098717034,0.1716774,0.49404836,0.029229442
AAAAACAGTCTAGCTGTG,0.99778813,0.9989074,0.9955284,0.9890103,0.9992091,0.9890814,0.9576261,0.98542076,0.9595692,0.93155897,0.98536825,0.99516994,0.9742278,0.982812,0.9857632,0.8661921,0.9163227,0.81815666,0.49643144,0.9805034,0.72603214,0.68331015,0.37945983,0.5008738,0.33121648,0.8570216,0.9992091,0.33121648
AGGAACGAACAGACAACG,0.13353668,0.28560123,0.12128858,0.045422874,0.11671156,0.33597398,0.20322901,0.37617508,0.19954406,0.22964615,0.22571062,0.17584051,0.13930316,0.13485369,0.101764634,0.121053696,0.10942214,0.04559706,0.06204925,0.11467621,0.20551535,0.134764,0.120531164,0.12145348,0.1316837,0.15965392,0.37617508,0.045422874
AAGACCGGACAGACTGTG,0.9059774,0.92967266,0.6352954,0.6852754,0.799913,0.7356601,0.5699688,0.8776206,0.87181526,0.4466585,0.93318415,0.9637801,0.6764519,0.82972676,0.66429114,0.64449614,0.49561396,0.41501328,0.28681403,0.78014964,0.5646207,0.41015744,0.2809543,0.23674689,0.24974719,0.6355842,0.9637801,0.23674689
GACACCAGGCTGGCTGTA,0.99768186,0.99767965,0.97520745,0.98522,0.9993678,0.9625735,0.9533975,0.9604721,0.9827266,0.7461539,0.99948996,0.99914867,0.9677178,0.99848974,0.9981814,0.98908824,0.9646943,0.9816233,0.89262027,0.9956734,0.92321926,0.8415997,0.85029954,0.5716685,0.7185451,0.9301017,0.99948996,0.5716685
TAGACCAGTCTAACTGTG,0.9960222,0.99841833,0.97307587,0.9646241,0.9831852,0.96240735,0.88736784,0.97834,0.97300833,0.7172265,0.9158014,0.9414248,0.80985814,0.9022777,0.9426225,0.8073102,0.84974307,0.876958,0.5778441,0.895729,0.8363598,0.8801618,0.8103912,0.8498029,0.850085,0.88720167,0.99841833,0.5778441
GTAGAATGGGCATCGTCG,0.7490442,0.9766176,0.98573726,0.9451829,0.8532925,0.7257444,0.9177084,0.524278,0.9328824,0.9161705,0.7614817,0.9753872,0.82692873,0.97140807,0.99184746,0.88736355,0.92583585,0.9519652,0.6793317,0.97998047,0.47316083,0.878392,0.8808913,0.78907764,0.8816917,0.855256,0.99184746,0.47316083
GACACCGGGCTGACTGTG,0.9924803,0.99251634,0.94448435,0.9564787,0.99469054,0.88138807,0.8680681,0.93462443,0.95283854,0.53181165,0.9994735,0.9992614,0.95152205,0.999029,0.99808156,0.97977823,0.95689183,0.9760822,0.8749217,0.99070543,0.90691817,0.8446887,0.88023454,0.581927,0.75690925,0.9098322,0.9994735,0.53181165
GACACCAGGGTGGCTGTA,0.99847776,0.99820733,0.9869698,0.992794,0.99968064,0.9613062,0.9580096,0.96939826,0.98590004,0.8369947,0.9996267,0.9998479,0.98671377,0.9999345,0.99975324,0.9879239,0.9687289,0.9781854,0.9077529,0.99658567,0.8872667,0.8567879,0.90162337,0.5685159,0.74912065,0.9390442,0.9999345,0.5685159
AGGAAGGAACAGACAGCG,0.24546584,0.37818623,0.27641854,0.20595117,0.29276076,0.38446844,0.26941714,0.37154374,0.48933798,0.30882818,0.20304997,0.14441241,0.13615204,0.0664776,0.09867158,0.14847825,0.087735906,0.051348943,0.06306779,0.16146652,0.13276157,0.11747466,0.11240685,0.11840887,0.11797334,0.19929056,0.48933798,0.051348943
AGGAACGAAAATACAGAG,0.2675332,0.3252294,0.197075,0.032273788,0.21933734,0.24422067,0.16772553,0.43213698,0.29626134,0.3164029,0.21321377,0.18120737,0.16286345,0.109788746,0.10749835,0.13291733,0.11679969,0.036434505,0.051948488,0.13340126,0.14867248,0.113664545,0.11792897,0.13552451,0.11901755,0.17516308,0.43213698,0.032273788
GACGACATTCATGCACGT,0.9991139,0.99834055,0.97195655,0.992793,0.99893576,0.9901156,0.82707417,0.95278937,0.97246134,0.9118947,0.9265682,0.889693,0.7971713,0.90290403,0.96604455,0.94005775,0.8918697,0.91520226,0.8578657,0.9776766,0.78452367,0.82056767,0.7119823,0.7117402,0.7059033,0.8966099,0.9991139,0.7059033
ATAAAGGGTCCATCTGCG,0.97558665,0.99771374,0.98945296,0.9669582,0.98664457,0.8487213,0.8882868,0.8962981,0.8655768,0.8087865,0.9759195,0.9908786,0.92322445,0.986716,0.9893112,0.89023596,0.9365611,0.97458476,0.7672042,0.9849369,0.74617374,0.8642322,0.79960304,0.78092384,0.78745383,0.9048795,0.99771374,0.74617374
AAGATGTATCGTGTGCCG,0.9956911,0.99432504,0.99690557,0.9924469,0.9966407,0.9844982,0.9068423,0.8468367,0.97480476,0.8968021,0.9958313,0.99764705,0.9953084,0.99997884,0.99994725,0.9614673,0.9893409,0.9896409,0.8750403,0.99842215,0.82722574,0.96501434,0.98019063,0.9220049,0.97636443,0.9623687,0.99997884,0.82722574
ATCAGCGGCGATACCGTA,0.9778592,0.9801028,0.86009157,0.7996824,0.9214026,0.8246828,0.59837824,0.8685075,0.73822546,0.628593,0.9913397,0.9938233,0.78760153,0.9794784,0.9538327,0.8404054,0.84317696,0.8679901,0.8414187,0.9313885,0.8170503,0.79961795,0.70780957,0.62415487,0.6514254,0.83312166,0.9938233,0.59837824
GAGGTCTATCGTGTGCTG,0.99821854,0.9923034,0.9962582,0.9946928,0.9930158,0.9775213,0.85334754,0.9008868,0.9813811,0.9505919,0.99476194,0.9854923,0.98473364,0.99997646,0.99996656,0.9522106,0.9870825,0.996022,0.9278701,0.9964804,0.84869057,0.9748837,0.9953846,0.9528826,0.9962236,0.9692352,0.99997646,0.84869057
AGGAACCAACAGACAACT,0.09766689,0.17869054,0.07594056,0.01646375,0.08926889,0.2477228,0.2103764,0.48036447,0.13216558,0.15670171,0.2712221,0.23243271,0.15993871,0.19796771,0.107858196,0.12908755,0.10145883,0.047318622,0.05593035,0.10417205,0.35261226,0.17332615,0.14321934,0.14172357,0.16375269,0.16269529,0.48036447,0.01646375
GAGACCGCGGTGGCTGTA,0.9974377,0.99633634,0.9823118,0.993106,0.9994222,0.9334773,0.9442719,0.9746941,0.9789674,0.88266265,0.9998262,0.99979615,0.9791785,0.9999656,0.9997971,0.984038,0.9820608,0.9885732,0.9374213,0.9959961,0.86634505,0.8860141,0.95212716,0.60925967,0.86233956,0.9490171,0.9999656,0.60925967
AAAGGCATTATCGATATG,0.9978039,0.99873596,0.99288344,0.9892687,0.9933944,0.98804563,0.8077743,0.9437914,0.9416384,0.9073453,0.900228,0.94548637,0.93265194,0.9826795,0.9856638,0.7378847,0.89105386,0.812454,0.6754479,0.9497769,0.5405115,0.8157925,0.68316466,0.7266265,0.627165,0.8706907,0.99873596,0.5405115
ATCACCATCATCATCATC,0.9997659,0.9984307,0.9686643,0.94525224,0.9742774,0.9850011,0.9293919,0.913633,0.9374876,0.78652495,0.9505238,0.97259295,0.77810436,0.7985188,0.8237436,0.8321663,0.79488367,0.9110395,0.75542253,0.91863865,0.9365075,0.8229268,0.61967653,0.85798895,0.7299056,0.8776428,0.9997659,0.61967653
ATAAAGGGTCAATCTGCG,0.98875636,0.9978705,0.9881938,0.97877914,0.99058795,0.8720568,0.8682251,0.8568539,0.8870535,0.8513551,0.8783827,0.9793484,0.8841253,0.96943456,0.9752858,0.73656416,0.9053695,0.90318954,0.68202376,0.97691727,0.5109918,0.78306437,0.6471927,0.7116723,0.6146745,0.8575187,0.9978705,0.5109918
AACACCGGCCTGACTGTA,0.9960292,0.9979571,0.951539,0.92240924,0.99384093,0.89124745,0.9153573,0.9480431,0.9484708,0.5042985,0.9995528,0.9986831,0.93945396,0.978282,0.98373574,0.98636836,0.9516277,0.97595704,0.8532102,0.9902856,0.9492817,0.78951657,0.6466999,0.5234698,0.52959746,0.8865966,0.9995528,0.5042985
ATAAAGAGTCTAGCTGTG,0.9986818,0.9989397,0.99776596,0.993531,0.9990044,0.9848403,0.95621175,0.9758886,0.9647313,0.9373866,0.967084,0.98955005,0.9776372,0.99139154,0.9943748,0.8147593,0.94724894,0.9083269,0.48977476,0.9875257,0.64772165,0.8605114,0.7824514,0.79426146,0.72686994,0.9074589,0.9990044,0.48977476
ACGAAGGAACAGACAGGG,0.9484893,0.88698167,0.8462805,0.8815852,0.8514218,0.72295815,0.67137927,0.6879932,0.8457556,0.6308973,0.4496843,0.7133336,0.39020276,0.51443607,0.35504368,0.26413625,0.17252585,0.07592951,0.12945485,0.4440083,0.26919603,0.14974606,0.14859003,0.13430007,0.13861194,0.4929175,0.9484893,0.07592951
GACAGCGGCGTGGCTGTA,0.9964384,0.9952782,0.97395176,0.98819757,0.9993847,0.92824036,0.9365536,0.97358406,0.9478308,0.77938074,0.999901,0.9999427,0.98504126,0.9999898,0.9998843,0.98596406,0.9861712,0.99112725,0.9595044,0.9975094,0.8782692,0.8911629,0.9580748,0.6201704,0.870893,0.94569784,0.9999898,0.6201704
GTGGGTGCATTTGCTGTA,0.99699813,0.91650313,0.95462376,0.9889618,0.99655026,0.91936576,0.82008344,0.9612432,0.9577212,0.9252867,0.96286196,0.97432977,0.872078,0.9999271,0.99992925,0.9123419,0.9875706,0.9953637,0.93185306,0.99264556,0.667868,0.98462415,0.9979229,0.97068965,0.99908197,0.94745696,0.99992925,0.667868
ATAGAGGGTACATCGTAG,0.98629755,0.9957088,0.9888984,0.97464377,0.89740527,0.9184474,0.94689304,0.83513993,0.9148977,0.9213158,0.7826945,0.96213675,0.76891446,0.95564705,0.95334774,0.56862044,0.6920071,0.76522946,0.54044604,0.8978981,0.36106825,0.78677076,0.7117918,0.6941845,0.6933534,0.8205504,0.9957088,0.36106825
AGGAACGAACAAACAGAG,0.21394885,0.4177877,0.18260026,0.052558232,0.22635792,0.29581806,0.18564078,0.48340014,0.27831447,0.40741318,0.2154162,0.16544612,0.12473086,0.118710786,0.074113,0.118554085,0.09858487,0.04208374,0.060526703,0.09661567,0.17422707,0.107268736,0.10297134,0.110894516,0.11385797,0.17871365,0.48340014,0.04208374
GACGACATTAATGGATGG,0.99719435,0.9916989,0.9949742,0.99501467,0.99889743,0.98654306,0.77198243,0.93681747,0.94794786,0.9257287,0.816691,0.88194644,0.93501455,0.97962594,0.98404235,0.891784,0.89144623,0.68063927,0.6854105,0.9787516,0.5248421,0.79091996,0.7359621,0.68087435,0.6110374,0.8646315,0.99889743,0.5248421
GAGCAACGGGCAAGCATT,0.6990944,0.65744716,0.5232551,0.86342365,0.85007447,0.73048806,0.3490014,0.808846,0.7871423,0.7753782,0.63667244,0.81374204,0.30955184,0.42860505,0.39389902,0.78988975,0.4597249,0.35022524,0.5699267,0.82019943,0.3287427,0.3527275,0.23287463,0.19939223,0.21930496,0.5579852,0.86342365,0.19939223
GAGGACATTCATGCTGGG,0.9971373,0.9897404,0.9789373,0.9900981,0.99764955,0.96263754,0.765366,0.92840004,0.94561833,0.9202838,0.93176264,0.7330553,0.88820654,0.9456163,0.9810355,0.90243757,0.9548333,0.9694237,0.81971663,0.9888774,0.63911694,0.8885637,0.9131196,0.7888238,0.8817348,0.9080877,0.99764955,0.63911694
TAACGGGGTATACATAAT,0.9550554,0.99553525,0.8939337,0.91166,0.9534207,0.9485829,0.8006223,0.95353496,0.85160464,0.8925148,0.5264923,0.94728136,0.4945578,0.967699,0.95180935,0.5249267,0.6783266,0.57484543,0.5371981,0.8299998,0.31718495,0.8067962,0.64145535,0.7420661,0.7125792,0.77638733,0.99553525,0.31718495
GATACCATGGTGGCTCTA,0.999029,0.9995083,0.9960165,0.99735093,0.9997541,0.98313785,0.9745004,0.96626264,0.99026066,0.92493874,0.99823546,0.99896884,0.9875874,0.9999601,0.9999141,0.9850828,0.982804,0.9935815,0.91273165,0.9980221,0.8971796,0.9437852,0.96945435,0.89375603,0.96387386,0.9742279,0.9999601,0.89375603
AAACGGGTTATCCATAAT,0.9931034,0.99864954,0.9361588,0.96823543,0.9866285,0.96632785,0.76974136,0.9019957,0.89189416,0.92693007,0.93131864,0.98452216,0.84716344,0.99128145,0.9902112,0.8096699,0.88723683,0.8878067,0.68271685,0.9628433,0.57370377,0.8498861,0.6873828,0.7399016,0.7204909,0.8754321,0.99864954,0.57370377
AGCAGCGGCGATGGCGAA,0.958274,0.92863625,0.9087733,0.89399225,0.9883888,0.84853137,0.40405524,0.7996953,0.47347167,0.86296594,0.99894994,0.99937445,0.9182545,0.99941576,0.9941925,0.90511674,0.9700602,0.9576553,0.91388595,0.98028016,0.7106925,0.68693763,0.7095789,0.34430176,0.42249587,0.82311904,0.99941576,0.34430176
AACATGGTCATCAACAAC,0.996491,0.9841215,0.919385,0.9011968,0.9812529,0.9384628,0.81018955,0.79574746,0.8086623,0.81431913,0.7993069,0.9345164,0.5764974,0.8895129,0.8148837,0.649022,0.706598,0.8320408,0.6666722,0.9387545,0.6482968,0.69229746,0.31587958,0.603006,0.38438308,0.7760598,0.996491,0.31587958
GAGACCAGGCTGACTGTG,0.98898304,0.98714286,0.9219895,0.9308376,0.97654074,0.88009655,0.88580066,0.9357241,0.97890025,0.63357705,0.98539585,0.97981673,0.84283096,0.9800988,0.9759212,0.9294533,0.9346285,0.9413368,0.661122,0.9799039,0.7124375,0.75136256,0.7405624,0.46856132,0.5887843,0.86367226,0.98898304,0.46856132
AATAACACGATGGGACGA,0.9987449,0.9990859,0.9965632,0.99497193,0.99921185,0.98985016,0.9865832,0.9649312,0.9675743,0.919287,0.9846244,0.99151105,0.9685659,0.98128796,0.980581,0.8845689,0.88532865,0.69190454,0.5567958,0.97275805,0.58683944,0.5289953,0.2808649,0.38177943,0.23895423,0.8292865,0.99921185,0.23895423
GAGCAACGGGTCACGATT,0.9965304,0.9890622,0.870801,0.9596632,0.95577604,0.96698725,0.63305664,0.9161008,0.960898,0.85682815,0.93496525,0.96991795,0.6398314,0.917598,0.9128367,0.8433216,0.7940878,0.76799214,0.7859973,0.9251623,0.52391523,0.61141235,0.5016305,0.3371398,0.3710269,0.7977014,0.9965304,0.3371398
AGGGGCGACGACGGAGAA,0.918154,0.95616317,0.7666341,0.8718732,0.8561909,0.7741644,0.37122825,0.75775504,0.44931412,0.847524,0.8619027,0.9280214,0.18354344,0.4171587,0.081342295,0.2811011,0.434597,0.23398715,0.38675666,0.23816842,0.22684538,0.3647199,0.28204462,0.17831913,0.18360214,0.5140445,0.95616317,0.081342295
ATCATCATCATCATCATC,0.9993457,0.9941963,0.9668994,0.8392389,0.9774116,0.9767596,0.9264918,0.9165203,0.9251976,0.7026686,0.9053483,0.94732827,0.82765585,0.8377313,0.90744555,0.7172653,0.8661854,0.96543133,0.85220784,0.9683531,0.92554164,0.8959445,0.8065199,0.92964417,0.89642966,0.8989504,0.9993457,0.7026686
AATTACACGATTGGACGA,0.9990613,0.9988269,0.99709785,0.99696594,0.99923575,0.9899656,0.98824084,0.96503145,0.96391064,0.9387821,0.9835621,0.98461086,0.9788977,0.9933722,0.9945654,0.86441875,0.9403194,0.85232556,0.7583148,0.9749427,0.79096276,0.8743936,0.7369961,0.8307067,0.71128106,0.92427146,0.99923575,0.71128106
AGGAACGAACAGCCAACG,0.10020599,0.3916512,0.22360997,0.031965286,0.18005982,0.41580886,0.16424944,0.40235966,0.13798413,0.23780483,0.271053,0.22570604,0.1854629,0.16641484,0.117158666,0.2214094,0.15862459,0.07271091,0.08283761,0.17773353,0.28981623,0.18610255,0.14914581,0.14142412,0.16604073,0.19589359,0.41580886,0.031965286
ATAAAGGGTCCAACTGCG,0.93865746,0.9931562,0.9692929,0.8805115,0.95528126,0.82275647,0.79356164,0.85537964,0.75907624,0.66663224,0.89765006,0.97307676,0.7402296,0.9055551,0.9037008,0.7910929,0.7279955,0.8798957,0.55536205,0.94991183,0.5606462,0.6916957,0.44951397,0.5819528,0.439802,0.78729546,0.9931562,0.439802
GATACCACGGTGGCTCTA,0.99939,0.99953014,0.99585617,0.9972413,0.9995461,0.98252875,0.9859642,0.9717793,0.9908822,0.9273111,0.9988076,0.99781346,0.9683702,0.9989398,0.99906415,0.98025256,0.9594465,0.9815255,0.8808356,0.99177897,0.9072058,0.89292157,0.91131026,0.7938772,0.88652986,0.95994836,0.9995461,0.7938772
GAGGACTATCGTGGACGG,0.9972236,0.9965625,0.99551797,0.9967771,0.9964076,0.96586084,0.926422,0.9419783,0.97763306,0.97569436,0.9775749,0.9475301,0.94715595,0.99773514,0.99784935,0.8742585,0.9476964,0.92303956,0.6824584,0.9784233,0.5993395,0.87191594,0.903049,0.7211155,0.8487095,0.9195173,0.99784935,0.5993395
GAAGAGGGGGCATCGTCT,0.84972435,0.9905916,0.97483706,0.99075574,0.99068135,0.90998644,0.9572744,0.84211195,0.97397536,0.9357919,0.94675785,0.9996654,0.778719,0.9991588,0.99620783,0.86337554,0.89791435,0.8951169,0.6865236,0.9696955,0.30391034,0.5970667,0.7058543,0.33539444,0.49589795,0.83547956,0.9996654,0.30391034
GACGACATGAAGGCACGT,0.9962362,0.99655503,0.95335424,0.9804017,0.99698377,0.978404,0.8622301,0.89478916,0.95972735,0.88462734,0.7215244,0.88906044,0.61102206,0.74745667,0.8021433,0.8804103,0.5409571,0.4466276,0.578693,0.9100586,0.4096638,0.4343683,0.2699484,0.2716084,0.24536304,0.7304886,0.99698377,0.24536304
GAGAGCGGGGTGGCTGTA,0.98320675,0.98597884,0.95632017,0.98777497,0.9989235,0.8678928,0.8999461,0.9766704,0.95604956,0.84321237,0.9994902,0.99999124,0.9815042,0.9999992,0.999978,0.9578447,0.9863205,0.9909849,0.92199796,0.9955685,0.5533069,0.87339395,0.9695538,0.5726192,0.88525116,0.9257512,0.9999992,0.5533069
ACGAAGGAACAGACAGAG,0.86824524,0.6872991,0.54656285,0.5825245,0.43583205,0.62232834,0.44099388,0.44523805,0.68269956,0.61417687,0.34414414,0.5747758,0.26809818,0.40879714,0.253545,0.19273695,0.15797356,0.06471041,0.10547354,0.36191288,0.24678828,0.1346896,0.1339909,0.12577596,0.12962785,0.37715766,0.86824524,0.06471041
ATAAAGGGTCAAACTGCG,0.9717698,0.99339175,0.96455985,0.92109376,0.96777296,0.84075993,0.7588933,0.8255887,0.79595816,0.7487588,0.6756796,0.93981826,0.634854,0.8232469,0.78625405,0.6546381,0.6525901,0.800219,0.549725,0.941845,0.37208042,0.56009847,0.28453952,0.48679855,0.28603145,0.72947866,0.99339175,0.28453952
GAGGACATTCATGCACGG,0.9981408,0.9949036,0.9702668,0.9918192,0.996969,0.98620987,0.7737102,0.932526,0.96395653,0.93650997,0.7399061,0.34390154,0.5801522,0.518463,0.8579287,0.7958147,0.8527594,0.90084594,0.74994826,0.9519946,0.48066464,0.76895976,0.690262,0.64297926,0.6766363,0.8038491,0.9981408,0.34390154
ATACAGAGTATAGCTGAG,0.9987676,0.99914616,0.9967437,0.9874128,0.99589735,0.98544955,0.96395,0.9601223,0.9710959,0.9487624,0.91833776,0.98178196,0.9552229,0.9819715,0.9852763,0.7255348,0.8787802,0.6537926,0.40935573,0.97745174,0.5585779,0.77891,0.6334267,0.7263023,0.5575414,0.8611845,0.99914616,0.40935573
ACGAAGGAACAAACAGGG,0.92054653,0.8805345,0.8584062,0.8709024,0.85609937,0.7637154,0.6499126,0.7234256,0.8002338,0.65444815,0.34201476,0.5460498,0.27381614,0.41945645,0.24087618,0.21828012,0.1459841,0.062028896,0.10919332,0.28352028,0.23864923,0.11952893,0.12280759,0.12112587,0.12323971,0.4537918,0.92054653,0.062028896
GAGAACAGTCTTGCTGTG,0.9987363,0.9961375,0.9890552,0.98974115,0.99885195,0.9802173,0.9141608,0.97679454,0.9783263,0.89048314,0.98383385,0.97286695,0.9683859,0.9969022,0.99783367,0.94461155,0.980742,0.9645803,0.8198409,0.9923849,0.7771546,0.91918886,0.936168,0.8062123,0.91791266,0.947645,0.99885195,0.7771546
GGGCAACGGAACAATACT,0.15932396,0.09913027,0.11238812,0.055588678,0.06995336,0.4608551,0.044919815,0.36570287,0.15029372,0.21201026,0.08965123,0.03162392,0.07817862,0.010676091,0.018828435,0.17494954,0.10006813,0.061613776,0.13318521,0.09764442,0.1543049,0.24988168,0.16593236,0.17631774,0.19102953,0.13856207,0.4608551,0.010676091
ACGACCGGACAAACAGTG,0.9361474,0.8914184,0.558511,0.7061956,0.722651,0.7935724,0.46672657,0.82363945,0.7209404,0.46523333,0.5287489,0.83848935,0.404182,0.65116715,0.3644292,0.42305866,0.25820285,0.14460923,0.29158372,0.36836419,0.5494076,0.29327336,0.22150189,0.1951711,0.22625808,0.5137394,0.9361474,0.14460923
AGGATGCGTCAGACTGCG,0.64522856,0.78832656,0.50571495,0.4374152,0.78610164,0.61356044,0.2939508,0.7372211,0.49909168,0.21047594,0.8950247,0.8753409,0.543832,0.9415169,0.9278306,0.73548746,0.8925414,0.9216778,0.8147774,0.95725864,0.57157224,0.838667,0.82214385,0.6861918,0.8046141,0.70982254,0.95725864,0.21047594
AGGAACGAAAAACCAACG,0.04021662,0.31156918,0.24589606,0.023696277,0.13306408,0.40131137,0.12806247,0.43786246,0.14121081,0.21039762,0.18867418,0.15062162,0.118601084,0.09522878,0.07228846,0.109032616,0.09657964,0.030999042,0.0382182,0.06884526,0.16489461,0.09963304,0.09357953,0.10661734,0.11221149,0.14477247,0.43786246,0.023696277
AGGAACCAACAGCCAACT,0.07010937,0.26488838,0.14386007,0.011796637,0.13074364,0.31752205,0.16235714,0.48060897,0.08837177,0.1714323,0.3144291,0.2876136,0.20481278,0.23387629,0.12265907,0.23967317,0.1453975,0.07599594,0.07367833,0.15917495,0.4654149,0.2323424,0.17488945,0.16590306,0.20326334,0.19763254,0.48060897,0.011796637
ATAGAATGGGCATCGTCG,0.75031954,0.98137665,0.9885085,0.93897504,0.86703676,0.734366,0.9044841,0.5744142,0.8967225,0.87977195,0.9416253,0.99370146,0.94820553,0.99637616,0.9957906,0.9005886,0.9399309,0.9558067,0.6970041,0.98930967,0.60093945,0.8593704,0.82192063,0.7572442,0.76584476,0.8671853,0.99637616,0.5744142
TAACGGGTTATCCATAAT,0.99287623,0.9985549,0.92843115,0.9689727,0.9889571,0.973473,0.8008116,0.9460948,0.9221399,0.94024056,0.86926204,0.96464044,0.7787031,0.99358904,0.99395895,0.8368301,0.89658815,0.928679,0.73132706,0.96797806,0.66916025,0.9298044,0.89602757,0.90829825,0.94765794,0.9109222,0.9985549,0.66916025
GAGGTCTATCGTGTGCGG,0.99855995,0.9963235,0.99663126,0.9959967,0.9975051,0.9770892,0.8992907,0.9310608,0.98260367,0.9573655,0.9970498,0.9924684,0.988965,0.99998325,0.9999669,0.95845336,0.98618174,0.99582434,0.9283717,0.9965524,0.8517197,0.9714376,0.9945954,0.9455647,0.9948906,0.9733778,0.99998325,0.8517197
ATAAACGGTCTAACTGTG,0.99585545,0.9985677,0.9896173,0.9572489,0.99047965,0.9249953,0.8961396,0.9543434,0.8864453,0.8215549,0.9559682,0.9851554,0.9412752,0.97317815,0.9836876,0.84148484,0.90600467,0.9340012,0.7199102,0.9625392,0.7578477,0.86977744,0.73529583,0.80903375,0.734316,0.90098894,0.9985677,0.7199102
GAAGACATTCTTGCTGTG,0.99925315,0.9987838,0.9952867,0.99654526,0.999597,0.98683304,0.92853194,0.95903945,0.9743769,0.965554,0.9921094,0.98309106,0.9857368,0.9990209,0.99940336,0.9719038,0.98537785,0.986152,0.8762696,0.99646497,0.87477416,0.95376027,0.9689768,0.9095451,0.9709208,0.97029245,0.999597,0.87477416
CCGACCTACCCTGCGCCG,0.98337066,0.9929809,0.93318546,0.8660805,0.8445757,0.9824686,0.7377293,0.72180414,0.8313217,0.46634114,0.9990116,0.99029857,0.81583166,0.77657443,0.92373836,0.97654986,0.8742388,0.9097985,0.7409016,0.95353425,0.98915935,0.7766859,0.78640395,0.7300887,0.75053525,0.8541284,0.9990116,0.46634114
ATACAGGGTACATCTTCG,0.9594825,0.9959182,0.98867977,0.966462,0.9701853,0.90037215,0.93448263,0.8939303,0.93101794,0.8596485,0.9128912,0.9848337,0.8946046,0.9833743,0.9844319,0.80753106,0.8637715,0.91388905,0.725215,0.9479302,0.75049484,0.8850864,0.82940465,0.82932395,0.84387934,0.9022737,0.9959182,0.725215
ACAAAGGGTCAAACTGCG,0.9875694,0.98838675,0.947975,0.94858134,0.9633332,0.8989535,0.7776123,0.78989315,0.82900363,0.7057435,0.78641707,0.9749019,0.6821891,0.8834457,0.8209343,0.7757119,0.7341053,0.6160937,0.53158,0.9345766,0.48611128,0.40265214,0.25818095,0.28632885,0.24576442,0.7302418,0.98838675,0.24576442
AATACAGCGGTGTTTCTA,0.99943435,0.9990484,0.99720055,0.9975627,0.99896,0.9341015,0.97446454,0.9649953,0.9752977,0.89192265,0.99880475,0.9993692,0.9946929,0.9999431,0.9998954,0.97497475,0.9877964,0.9862925,0.917943,0.9972738,0.90184766,0.95602995,0.9688588,0.8971645,0.9614205,0.97101176,0.9999431,0.89192265
AAACGCATCATCGATATT,0.997682,0.99878573,0.9741916,0.97774297,0.9958945,0.9875841,0.8472279,0.95054644,0.9478307,0.9035918,0.9636418,0.98087037,0.8822028,0.91860825,0.9356267,0.83603686,0.86164194,0.8581386,0.7555447,0.9242853,0.80899274,0.71399826,0.43475795,0.5937875,0.41667843,0.8586357,0.99878573,0.41667843
GAGGCATTTACTGAGCTG,0.995755,0.94859576,0.99257255,0.991464,0.9674421,0.97244865,0.44705796,0.8198912,0.9718526,0.8823903,0.880482,0.6819563,0.89904433,0.99298525,0.997677,0.8304752,0.93515563,0.94264597,0.7792432,0.9782588,0.62733173,0.93356866,0.9538065,0.8874665,0.9599479,0.89078057,0.997677,0.44705796
GACGACATTCATGCACGG,0.9990841,0.9980757,0.98057413,0.99352545,0.9985764,0.9893463,0.8149982,0.9381021,0.96621025,0.9142467,0.94960684,0.89555097,0.826436,0.90710026,0.96191275,0.94005775,0.8918697,0.91520226,0.8578657,0.9776766,0.7808934,0.8065353,0.69496,0.6881304,0.6710052,0.8943018,0.9990841,0.6710052
AGGAACGAAAATCCAGAG,0.14004198,0.33596647,0.29806542,0.018505035,0.31088576,0.35341138,0.20003287,0.3766958,0.20873389,0.3664823,0.25175285,0.22280413,0.21142942,0.13761637,0.12100576,0.21411926,0.17325309,0.0652354,0.061533593,0.1865919,0.2126282,0.1565794,0.14458409,0.15667707,0.15010175,0.20298932,0.3766958,0.018505035
ATACAGTGTACATCTTCG,0.96753657,0.9957499,0.9934977,0.96086985,0.96690977,0.90745115,0.9400556,0.8874982,0.9283901,0.91333884,0.91068363,0.9788663,0.9401488,0.98721343,0.99305296,0.89709777,0.93674177,0.96910894,0.7900302,0.9805474,0.8505543,0.9350199,0.9136941,0.9205441,0.94341993,0.9363208,0.9957499,0.7900302
AGCAGCGGCGACGGCGAA,0.98965967,0.9876509,0.93564343,0.93173134,0.9858685,0.90652,0.5432709,0.8785126,0.55284584,0.92381924,0.9989836,0.99897385,0.80540216,0.9923791,0.94486815,0.8715045,0.90791416,0.8880762,0.8838682,0.89858913,0.7236389,0.56881535,0.48482946,0.24122849,0.2738035,0.80473596,0.9989836,0.24122849
AACAGCGGCGATACCGTA,0.9787314,0.97488225,0.8386594,0.88764626,0.9652303,0.8655285,0.7420227,0.9020519,0.8308808,0.66360366,0.9921035,0.9958914,0.81203365,0.9537812,0.93775266,0.9164563,0.8800238,0.763869,0.77527577,0.9392513,0.7261805,0.58341813,0.3711913,0.310738,0.31267965,0.79679525,0.9958914,0.310738
AAAGGCATTATCGATGTG,0.9989941,0.99910426,0.9951729,0.99449736,0.99831647,0.9833269,0.8720565,0.9498727,0.95096827,0.9518494,0.96882296,0.9804024,0.97332513,0.99503386,0.9954191,0.84455216,0.9252276,0.9132873,0.7402582,0.97809565,0.6436719,0.86841464,0.8183752,0.7697407,0.7458398,0.9141849,0.99910426,0.6436719
GATTACATTAATGGATGG,0.9969479,0.9927516,0.99756306,0.997163,0.99937624,0.9889005,0.90810317,0.95675576,0.93385977,0.94555116,0.7681642,0.8290113,0.9723474,0.97972554,0.99668145,0.7635473,0.91350394,0.8492691,0.73579365,0.9891283,0.6021102,0.9456294,0.9298364,0.93790686,0.9463355,0.91503835,0.99937624,0.6021102
AGGAAGCGTAAGACTGCT,0.6980806,0.8079881,0.6420359,0.35466984,0.642453,0.7300141,0.3968353,0.79178447,0.6656222,0.27421147,0.2817818,0.5080792,0.30766517,0.25862,0.38104743,0.47604322,0.5331232,0.15169421,0.28693256,0.74245715,0.22396274,0.43979675,0.3033418,0.28820047,0.24448667,0.45723706,0.8079881,0.15169421
GAGGACTATCGTGCACGG,0.9970258,0.99682367,0.9918358,0.9942067,0.99466085,0.9664086,0.93971,0.93936193,0.9731996,0.9628934,0.95349926,0.83052546,0.858852,0.9734188,0.9880753,0.86806333,0.9255827,0.9257664,0.7018944,0.96517056,0.6205863,0.86287606,0.8647128,0.72347933,0.84236306,0.90643984,0.9970258,0.6205863
ACCCCCATCACCACCCTC,0.99963313,0.99891573,0.93490946,0.9581534,0.9408611,0.9889412,0.8644281,0.9058363,0.95635104,0.8737274,0.9937632,0.99417496,0.63928956,0.7188736,0.66718334,0.9068665,0.49348977,0.8251852,0.52352345,0.55363786,0.98242146,0.58219856,0.45764858,0.5769642,0.51786876,0.79419386,0.99963313,0.45764858
AGGAACGAACATCCAGAG,0.16749689,0.29328528,0.24223402,0.023235269,0.3395275,0.36292565,0.16643758,0.33094564,0.17271905,0.37078917,0.30883282,0.26097402,0.23601633,0.18791188,0.13165127,0.21963564,0.19876769,0.09495972,0.08721203,0.20310627,0.32226944,0.23159531,0.18385184,0.18886805,0.19593488,0.22084734,0.37078917,0.023235269
AAAGACATTATAGCTGTG,0.9972413,0.99861807,0.9969925,0.9910943,0.99843836,0.98754066,0.9308497,0.973846,0.95971054,0.9399975,0.939153,0.980189,0.97356504,0.9828301,0.98889446,0.8083962,0.8771815,0.6603712,0.39699754,0.97839093,0.63011694,0.8038362,0.60129434,0.7053509,0.498884,0.8639913,0.99861807,0.39699754
AGGAGCGACGATGGAGAG,0.603406,0.6839629,0.7658138,0.73386616,0.88881046,0.5913423,0.19913974,0.6063631,0.35737842,0.7109467,0.87474245,0.91972965,0.6171922,0.8527656,0.64457303,0.34370115,0.7802679,0.2893683,0.38473833,0.71241164,0.25262746,0.40308738,0.3843386,0.22652127,0.20283726,0.5611973,0.91972965,0.19913974
ATCGGCGGCGATGCCGTA,0.99539053,0.9926602,0.96780604,0.9824684,0.9933895,0.969339,0.6988262,0.9368588,0.8533567,0.8631414,0.9997077,0.9997325,0.921815,0.99992615,0.9983543,0.9428192,0.95517147,0.98574674,0.93303394,0.98593974,0.88286144,0.88709944,0.9376749,0.7384591,0.8997753,0.9328542,0.99992615,0.6988262
GAGCAATGGGCATGCTTT,0.8699514,0.90381217,0.97413665,0.9869672,0.9795417,0.80470335,0.87645835,0.8817798,0.97003603,0.958888,0.8939459,0.98758227,0.8787995,0.9969717,0.9967594,0.9523241,0.9654661,0.96700907,0.8287774,0.99344635,0.5780966,0.8443139,0.87631077,0.6500497,0.8034311,0.8967823,0.9969717,0.5780966
GACCGGGTCATCTACAAT,0.99917024,0.99783045,0.9307091,0.9903395,0.9788397,0.94378734,0.8983497,0.90845615,0.9163337,0.9674528,0.9557679,0.9151286,0.47369424,0.97586954,0.94965917,0.8277131,0.8301088,0.92980117,0.7720408,0.8584219,0.7202838,0.84040844,0.80181575,0.71012855,0.8172072,0.8763727,0.99917024,0.47369424
GAAGAGGGGGCATCGTAT,0.94595075,0.99040467,0.9596296,0.99053466,0.9835015,0.8908544,0.9592329,0.8388188,0.96797043,0.95629245,0.9255677,0.99945605,0.71711165,0.9984005,0.9914971,0.80963975,0.87725127,0.8365549,0.6643314,0.9645872,0.23936963,0.54369235,0.6376324,0.3046465,0.41337463,0.81625223,0.99945605,0.23936963
ATAAAGGGTCTAACTGTG,0.99711293,0.99838,0.99408025,0.985884,0.99344254,0.93832695,0.90354085,0.94571024,0.9354951,0.86544484,0.9206467,0.98657304,0.93455017,0.9909484,0.9917431,0.75190294,0.90510905,0.93711513,0.66825646,0.9725601,0.5336574,0.85520476,0.7713867,0.7896899,0.75816834,0.89299726,0.99838,0.5336574
GAGGTCTATCGTGCGCGG,0.99668074,0.9982387,0.9949831,0.99456614,0.9965334,0.97320485,0.9121636,0.9442394,0.9822837,0.96371555,0.997175,0.9915614,0.97571665,0.99992937,0.9998715,0.9549204,0.9762516,0.993095,0.9285984,0.9940733,0.85104734,0.9547344,0.9875906,0.9209578,0.98857015,0.9708281,0.99992937,0.85104734
GGGGCATTCACTGAGCTG,0.96699107,0.40381923,0.9519615,0.9050549,0.70448637,0.9066867,0.17240424,0.6234012,0.79948705,0.61795336,0.69239724,0.12020281,0.41402656,0.6380767,0.82758915,0.6383287,0.8696974,0.9140571,0.73768795,0.9181333,0.5695406,0.89320755,0.93098664,0.81305295,0.94123745,0.71881884,0.96699107,0.12020281
ACGACCGGACAAACCGTG,0.9625782,0.9251905,0.7154268,0.81130755,0.7395728,0.845315,0.54006374,0.8671042,0.78566724,0.5961674,0.73132366,0.9015075,0.4578334,0.6623512,0.43852422,0.58741647,0.3251518,0.17961763,0.31985,0.39878872,0.65666,0.36246133,0.25910965,0.21865611,0.26224336,0.58199555,0.9625782,0.17961763
GACACCGGCGTGGCTGTA,0.99891704,0.99845785,0.98436725,0.9929988,0.9997109,0.9561202,0.9484728,0.97558224,0.97972554,0.8045427,0.99994534,0.9998811,0.985366,0.99993795,0.9997916,0.9917864,0.9785932,0.98763615,0.95277035,0.9972393,0.94711655,0.8819048,0.9426246,0.6422059,0.85179645,0.9518997,0.99994534,0.6422059
ACGAAGGGTCAGACTGCG,0.9793984,0.95620424,0.85724896,0.9090666,0.8341902,0.85201615,0.6220442,0.74636626,0.85801405,0.49687326,0.9373976,0.9900882,0.78658295,0.9814307,0.9610804,0.7397805,0.845858,0.7243143,0.6731383,0.96811885,0.529266,0.6122073,0.53209877,0.3743434,0.3665245,0.76534617,0.9900882,0.3665245
GGGGCATTTACTGAGCTG,0.97811395,0.71943253,0.97998077,0.95689934,0.8234371,0.92569184,0.15615629,0.6521021,0.85235184,0.7322034,0.6540403,0.28475356,0.6719212,0.96669024,0.9921428,0.65727675,0.89746344,0.88792187,0.7069863,0.9413666,0.5168616,0.9417145,0.97397095,0.901629,0.98142874,0.7901014,0.9921428,0.15615629
ATCACCATCATCAACATC,0.9989953,0.9980936,0.95420235,0.8702459,0.9377727,0.97042507,0.8633059,0.89030325,0.89966154,0.7403378,0.8774511,0.95550734,0.6467204,0.71785665,0.6314314,0.6718186,0.47024232,0.6826183,0.6494138,0.79565626,0.8954581,0.7172038,0.4270043,0.75513303,0.519138,0.78143984,0.9989953,0.4270043
AGGCAGCGTAAGTCTGCT,0.9718483,0.9811923,0.91516316,0.8730698,0.9288452,0.90726614,0.64369434,0.8879944,0.8249789,0.6294092,0.8805157,0.92792815,0.7330622,0.9689068,0.9562993,0.8295481,0.8998325,0.80451554,0.80461514,0.9408076,0.6115768,0.8140289,0.8294247,0.61300224,0.7545595,0.8372833,0.9811923,0.6115768
GAGACAGGGCTGACTGTG,0.98132426,0.95030904,0.92419195,0.92231226,0.9614041,0.78119487,0.73645663,0.909217,0.94624513,0.47416297,0.9796083,0.99484354,0.86988133,0.9961676,0.9921034,0.8719341,0.9566087,0.93907875,0.6541277,0.98148584,0.5334943,0.7332898,0.7877762,0.44578356,0.611623,0.837385,0.9961676,0.44578356
GACACCAGGCTGGCTGTT,0.9978515,0.99774134,0.975727,0.9872624,0.99952275,0.97005856,0.93520087,0.97436357,0.9846369,0.7748702,0.99953514,0.999356,0.972765,0.99899626,0.99894196,0.98908824,0.9646943,0.9816233,0.89262027,0.9956734,0.93673664,0.8617386,0.8907139,0.62127936,0.7909759,0.93967897,0.99953514,0.62127936
GACGGCATGATGGCACGT,0.99858916,0.9984006,0.9740503,0.9906214,0.99899906,0.9806008,0.9313876,0.9608294,0.9692307,0.9282281,0.9811232,0.9900822,0.8725523,0.998733,0.99635285,0.95085365,0.93658286,0.9678869,0.8793528,0.98531806,0.61237353,0.7989397,0.80510974,0.5641429,0.70360094,0.9109575,0.99899906,0.5641429
GACGACATTAATGGACGG,0.99864894,0.9979086,0.99395025,0.9958253,0.99883205,0.9917599,0.82525647,0.9427904,0.972688,0.9299541,0.8418799,0.88035345,0.90186065,0.96469146,0.97785276,0.8986558,0.8322478,0.5844105,0.6522751,0.9650471,0.52618045,0.72885746,0.6107454,0.598057,0.49114755,0.844075,0.99883205,0.49114755
GACGACATTCAGGCACGT,0.99919385,0.99898577,0.9653946,0.99265075,0.99849,0.98979723,0.8857196,0.9544831,0.9777432,0.89875793,0.95665467,0.9355187,0.7954756,0.9108395,0.9635244,0.9318703,0.752983,0.84060997,0.84314805,0.96951675,0.73526996,0.72889006,0.58041656,0.5449863,0.5106085,0.8664611,0.99919385,0.5106085
ATCGGCGGCGTTGCCGTA,0.99915177,0.9979783,0.9879964,0.99278796,0.99877286,0.9735649,0.8710817,0.97275966,0.93842584,0.9047622,0.9999675,0.99996096,0.98329175,0.99999887,0.9999636,0.97232026,0.9839878,0.99390393,0.96608293,0.99545103,0.94715947,0.9474176,0.98830575,0.888756,0.9825704,0.9714569,0.99999887,0.8710817
ACGACGGGACAAACAGTG,0.9657449,0.8794759,0.760397,0.8933425,0.8118584,0.8641928,0.5391928,0.7985352,0.8402316,0.5884715,0.38231072,0.7389414,0.30485335,0.56917685,0.26861405,0.32294676,0.21555567,0.13064708,0.30712846,0.3508999,0.34101263,0.25609034,0.18836527,0.17299777,0.19176337,0.5073098,0.9657449,0.13064708
AGCAGCGGCGATGCCGAA,0.95199585,0.93685776,0.86522865,0.7912869,0.9805407,0.81958705,0.54694146,0.8247801,0.5028728,0.75884175,0.9977707,0.9981194,0.80410355,0.9947581,0.9697409,0.88990873,0.95393676,0.94093794,0.8963058,0.96364236,0.73089117,0.681602,0.6264829,0.33703545,0.4027758,0.80667776,0.9981194,0.33703545
GACGGCAGGCAGGCAGGT,0.9939704,0.98888755,0.85605305,0.9789695,0.996372,0.9458715,0.80217785,0.9394046,0.8910947,0.86141455,0.9939608,0.9974983,0.6976228,0.98833233,0.9126231,0.88227683,0.60947627,0.8432141,0.83931696,0.9447946,0.5540441,0.51837325,0.50027245,0.24162585,0.2714462,0.80196387,0.9974983,0.24162585
AAGACCGGCCAGACTGTG,0.9756011,0.9813247,0.797351,0.8376401,0.91267544,0.8003739,0.70818204,0.8823693,0.8792898,0.44222894,0.99351525,0.9854376,0.75162405,0.866993,0.80870634,0.87280834,0.71807903,0.78481156,0.5336565,0.8961863,0.7821835,0.55759436,0.3663726,0.29301074,0.31382394,0.74967355,0.99351525,0.29301074
AGGAAGGGTCAGTCTGCG,0.94059145,0.96961683,0.8914501,0.9064799,0.9096497,0.77375066,0.61462694,0.7544482,0.8183436,0.4608497,0.91705614,0.9902509,0.8057774,0.99354464,0.99073094,0.70057154,0.93311983,0.88646156,0.7097471,0.9773037,0.4096658,0.76578027,0.8402947,0.5505454,0.73767847,0.8099333,0.99354464,0.4096658
ATACAGGGTACATCTTAG,0.98245233,0.9952277,0.9861721,0.9618322,0.9486682,0.88364506,0.94410837,0.8882058,0.91220146,0.8780437,0.88072294,0.97778565,0.866195,0.97540015,0.9716261,0.7291107,0.85027784,0.87740344,0.70580864,0.9407,0.6783519,0.8679348,0.7842124,0.8069158,0.7961371,0.88356566,0.9952277,0.6783519
AGGAAGGGTCAGACTGCG,0.81417054,0.83833045,0.63272,0.63915944,0.6622952,0.68008405,0.4199612,0.6616771,0.7221368,0.30203763,0.6542467,0.9452301,0.4652123,0.82469445,0.8303783,0.48527697,0.7199707,0.5834738,0.4531552,0.89633787,0.24664812,0.5305254,0.49916726,0.33235472,0.36568654,0.6081973,0.9452301,0.24664812
GAGACAGCGGTGTCTGTA,0.9980235,0.9955698,0.9862959,0.99081314,0.99699134,0.81182235,0.9361662,0.96198124,0.9762563,0.78360784,0.99623775,0.9983905,0.9683239,0.99975634,0.99943316,0.9583231,0.98621535,0.9794195,0.9030196,0.9947517,0.7255374,0.8913486,0.94108665,0.66230184,0.8777973,0.9327787,0.99975634,0.66230184
GACGAGGGCGCATCGTGT,0.9922388,0.9960141,0.984983,0.9956632,0.9957246,0.95807767,0.9671051,0.9346365,0.9709551,0.8893041,0.9941455,0.9988979,0.82239157,0.99841064,0.9870575,0.95555127,0.9233157,0.9413581,0.8996434,0.9784357,0.6641139,0.7659043,0.8310801,0.43930012,0.67132837,0.9022253,0.9988979,0.43930012
GACCTGGGCTCATGCTGT,0.9965474,0.99640846,0.99012613,0.99798495,0.99957126,0.9436238,0.94651407,0.9754213,0.98687524,0.963764,0.99918586,0.99895084,0.95512223,0.9999525,0.99978566,0.9853045,0.9827782,0.99583393,0.9379781,0.9961766,0.93633455,0.9344744,0.97878265,0.8821354,0.97403425,0.97414666,0.9999525,0.8821354
TAACGGGGTATCCATAAT,0.9950436,0.998733,0.93067193,0.96910495,0.98156023,0.9770853,0.8439798,0.96604353,0.9125415,0.9360263,0.8751211,0.983145,0.65120894,0.9926177,0.9834992,0.7568072,0.87220174,0.8876202,0.71225727,0.9386608,0.5381113,0.87448764,0.79525477,0.8024227,0.84546703,0.88078696,0.998733,0.5381113
AAGACCGGACAGACAGTG,0.91367286,0.92012465,0.5398992,0.68473893,0.8060023,0.7772443,0.55662596,0.8711502,0.8178768,0.4996543,0.8513438,0.93090016,0.5240107,0.7618816,0.52748644,0.48295128,0.24862753,0.19796158,0.23291212,0.6120554,0.4525752,0.2765625,0.21483117,0.1821507,0.1993914,0.56330526,0.93090016,0.1821507
GAAGAATGGGCATCGATT,0.92653424,0.98206854,0.96963125,0.9719491,0.952045,0.89072204,0.9068817,0.85231465,0.9461403,0.9159789,0.65977997,0.96965635,0.765049,0.9598902,0.97610295,0.85359883,0.9114854,0.80431217,0.5587727,0.97967964,0.25179985,0.5982106,0.5339462,0.41282588,0.38591844,0.7974118,0.98206854,0.25179985
AAGACCGGGCAGACTGTG,0.93542504,0.94971687,0.7287826,0.8426569,0.92578024,0.7794823,0.6260494,0.88332087,0.88261485,0.48677197,0.9927373,0.99566513,0.8416358,0.97273743,0.9480989,0.8350655,0.7331231,0.78615916,0.5911702,0.9227486,0.66305995,0.551423,0.4212106,0.27109772,0.28105238,0.75390345,0.99566513,0.27109772
GAGGACATTCTTGCTGTG,0.9988248,0.99575275,0.9888247,0.99448884,0.9986351,0.98129994,0.8871479,0.9561097,0.9751202,0.9482852,0.98473,0.89951706,0.9684981,0.998831,0.99934465,0.95464754,0.9856489,0.98859704,0.8860231,0.9941671,0.8247409,0.95926404,0.98563087,0.92072916,0.98669773,0.9624623,0.99934465,0.8247409
GAACGGGGCATCCATAAT,0.9919514,0.99615973,0.8331119,0.94974756,0.9557878,0.93543404,0.8420077,0.87897325,0.8400891,0.8826881,0.8353792,0.89170784,0.27179986,0.7647169,0.5519035,0.7722917,0.7717986,0.83794016,0.72605604,0.8880965,0.37490666,0.59178865,0.4258233,0.33379754,0.3527287,0.73986745,0.99615973,0.27179986
TATTACACTAGTGGACGG,0.9991998,0.99873954,0.9987249,0.99835956,0.9992449,0.9963769,0.98076403,0.98899424,0.9773992,0.9452194,0.9874495,0.98176503,0.98813105,0.99788946,0.9986894,0.83605945,0.8829868,0.94130903,0.66155106,0.98430353,0.8863568,0.94747657,0.94005305,0.9453177,0.9641745,0.95306146,0.9992449,0.66155106
GGGCAACGGGCATCGACT,0.28002116,0.6054691,0.4679171,0.38422918,0.4797651,0.6284153,0.2553265,0.59985054,0.55257654,0.34918216,0.6722482,0.72548854,0.2367301,0.2720584,0.351342,0.68328494,0.6330317,0.5124747,0.64258003,0.724665,0.44329932,0.6086996,0.5364792,0.30868292,0.41770813,0.49486104,0.72548854,0.2367301
ACGACGGGACAAACTGTG,0.962786,0.892912,0.82527107,0.89392287,0.7955598,0.82120234,0.52480805,0.81365675,0.87353766,0.48368725,0.5100004,0.8497425,0.39567792,0.672076,0.36058062,0.46535107,0.367313,0.22235984,0.3702354,0.5214695,0.4293909,0.37859306,0.25194535,0.22519562,0.23992044,0.5658878,0.962786,0.22235984
GACACCGGGCTGACTGTA,0.9913439,0.99419475,0.91672635,0.9460143,0.9956079,0.83242166,0.9120035,0.93992674,0.95843005,0.52662927,0.9991447,0.9989898,0.93194693,0.9983873,0.9970775,0.97977823,0.95689183,0.9760822,0.8749217,0.99070543,0.88929605,0.83149624,0.8476749,0.5551925,0.7169427,0.9023132,0.9991447,0.52662927
ACGAAGGGACAAACTGTG,0.9069756,0.64261436,0.7269348,0.8039806,0.62110835,0.79594314,0.48395932,0.75439924,0.836623,0.4910352,0.3305566,0.7023235,0.32929522,0.5284901,0.31946278,0.3264002,0.30437878,0.14543223,0.17800139,0.5237141,0.2850624,0.24656297,0.19577724,0.18612133,0.18754846,0.474108,0.9069756,0.14543223
GACGACATTCAGGCACGG,0.99918634,0.9988304,0.97606176,0.99342954,0.99799055,0.98908633,0.87907463,0.9390671,0.9724975,0.9122017,0.9703228,0.938967,0.8251928,0.91616356,0.9590148,0.9318703,0.752983,0.84060997,0.84314805,0.96951675,0.73234993,0.7101666,0.5615334,0.51824945,0.472753,0.86401063,0.99918634,0.472753
ATAAAGTGTGCATCTGCG,0.9767298,0.9962546,0.9960633,0.9818522,0.99336946,0.8795082,0.9249233,0.9105395,0.90119916,0.9164559,0.97630554,0.9957194,0.9814842,0.9993848,0.99923015,0.965154,0.98748183,0.9941139,0.8700132,0.9979093,0.76398635,0.94017756,0.9267779,0.8971671,0.9270995,0.9479561,0.9993848,0.76398635
AGGGGCGGCGACGGCGAA,0.982592,0.97371465,0.84448725,0.94821763,0.9388542,0.88930833,0.36712423,0.88251585,0.61276466,0.918515,0.9977644,0.99966514,0.42482874,0.99800366,0.83387184,0.7236715,0.8389581,0.8457848,0.80556005,0.7065522,0.44322088,0.6200081,0.6498596,0.25382727,0.4125726,0.7564898,0.99966514,0.25382727
GACTACATTAGTGGATGG,0.9968094,0.9914532,0.99807644,0.99625415,0.99946606,0.9832625,0.9304542,0.9679529,0.9707604,0.9143743,0.983789,0.98983556,0.99187773,0.9997232,0.999585,0.9515439,0.948644,0.931543,0.7678388,0.9956558,0.81775916,0.93969727,0.9501104,0.89827394,0.92991287,0.9537861,0.9997232,0.7678388
ATACAGGGTACATCTGAG,0.9931865,0.99729115,0.9875038,0.96937287,0.97318697,0.8993505,0.926921,0.9184913,0.90846026,0.8948314,0.9378721,0.9844523,0.8935254,0.981558,0.97512317,0.7407027,0.85678566,0.9120938,0.7124991,0.9553687,0.6616016,0.8313694,0.73456573,0.75281435,0.7106733,0.8843841,0.99729115,0.6616016
GACCTGGGCACATGCTGT,0.9942468,0.99403226,0.9873589,0.99605334,0.99870527,0.9369585,0.951022,0.9699043,0.97860026,0.9533207,0.9919349,0.9919562,0.8306034,0.9966586,0.9886026,0.9605025,0.9204412,0.9784583,0.8837853,0.9848616,0.8634528,0.8639142,0.89011925,0.71421903,0.85658866,0.939052,0.99870527,0.71421903
GTGGGCGGCTTTGCTGTA,0.9965438,0.98592377,0.9695106,0.9853687,0.99652517,0.93635005,0.82375103,0.9702666,0.9616234,0.8557027,0.9991744,0.9993816,0.9255826,0.9999979,0.9999841,0.9556458,0.992272,0.9966542,0.95712227,0.9944929,0.8087621,0.98037845,0.99823403,0.95347655,0.9986475,0.9616549,0.9999979,0.8087621
AGGGACGAAGGACGACAT,0.28272673,0.8134657,0.6961162,0.54507774,0.41691574,0.4354776,0.4119021,0.57721114,0.50814056,0.67924553,0.17389257,0.2903877,0.14937316,0.034048308,0.066715024,0.20905326,0.14409272,0.07927226,0.13179864,0.14754836,0.13717486,0.20018804,0.14784935,0.14589567,0.14650066,0.30280277,0.8134657,0.034048308
AAAGGAATCATCGAGATT,0.9979726,0.9961697,0.98473155,0.9795956,0.98375875,0.98103255,0.807271,0.8811289,0.94199634,0.8123847,0.76100147,0.8755012,0.79160446,0.85027367,0.8019621,0.5508929,0.6397688,0.41456833,0.26406685,0.8666819,0.37598377,0.42145604,0.2544658,0.34507445,0.23043495,0.71239096,0.9979726,0.23043495
ACGAAGGAACAAACAGAG,0.80720156,0.6733017,0.5715331,0.5752814,0.44774866,0.66508234,0.415483,0.51421857,0.64010894,0.6688406,0.2731481,0.4315114,0.1914725,0.3437586,0.17067298,0.16037421,0.13441877,0.05362281,0.08982098,0.22764216,0.21892141,0.10805998,0.11065455,0.11383627,0.11517638,0.34887564,0.80720156,0.05362281
GTGGGCGGATTTGCTGTA,0.9884233,0.96340555,0.92926043,0.96271855,0.99043375,0.90634364,0.66888064,0.9647652,0.96187305,0.84806144,0.9807669,0.9970939,0.87089777,0.99996847,0.9999252,0.901912,0.98614484,0.9900134,0.9147218,0.9874349,0.5729437,0.97349757,0.9960506,0.9418279,0.9970912,0.93177825,0.99996847,0.5729437
GAAGAGGGCGCATCGTAT,0.97758514,0.9936999,0.96403384,0.98977476,0.978142,0.93006885,0.9707052,0.864745,0.9713791,0.932589,0.93772686,0.9914926,0.5822908,0.96617806,0.93169135,0.83768916,0.8807861,0.8379015,0.7505986,0.9636774,0.3380208,0.57607436,0.57502055,0.31121346,0.3981778,0.8180504,0.9936999,0.31121346
ATGACGGGTCTAACTGTG,0.9973066,0.99798185,0.9878628,0.97930056,0.98208916,0.94468176,0.83173275,0.9537109,0.96441466,0.79074836,0.97305983,0.9873674,0.8700215,0.9982314,0.9962112,0.7669437,0.90072215,0.93472564,0.8156899,0.94026107,0.7180044,0.92461044,0.93695897,0.86655796,0.9419909,0.92004746,0.9982314,0.7180044
TTACGGGGTATAGCTGAG,0.9968751,0.9985831,0.99340653,0.9906917,0.9975149,0.97203934,0.91340524,0.9618301,0.95234567,0.964213,0.9812506,0.99839205,0.94493395,0.9999102,0.9997649,0.6973413,0.92940843,0.948128,0.76225007,0.97560704,0.68632954,0.9538925,0.96938765,0.9305052,0.982663,0.9400267,0.9999102,0.68632954
GAGGTGTATCGTGTGCTG,0.9990296,0.9944585,0.9981075,0.99811727,0.99687463,0.9835002,0.9007528,0.88100964,0.98903185,0.95726377,0.98921216,0.996427,0.9821388,0.999988,0.99998754,0.947492,0.9908443,0.99526566,0.923112,0.9970989,0.6787867,0.9779289,0.9961557,0.95060164,0.9969305,0.9648046,0.999988,0.6787867
GAACGGGGTACATATAAT,0.9311961,0.9861479,0.7900682,0.9425109,0.89732075,0.8438537,0.8182714,0.9366741,0.8699775,0.89196783,0.3547122,0.81424236,0.25169316,0.8649726,0.7808998,0.4693926,0.56137013,0.42872208,0.49169883,0.76334536,0.18887839,0.593958,0.45152494,0.41584122,0.38749883,0.6690696,0.9861479,0.18887839
GACACCGGGGTGGCTGTA,0.99787873,0.99775517,0.9851294,0.99401814,0.999789,0.9463398,0.93771917,0.9751962,0.977603,0.827575,0.9999476,0.99998635,0.9928823,0.9999978,0.9999711,0.9890091,0.9787943,0.98690015,0.9373632,0.9972191,0.9113954,0.89799005,0.9634171,0.63485676,0.8715662,0.9520121,0.9999978,0.63485676
ATCAGCGGCGATGCCGTA,0.99053466,0.99031293,0.9672701,0.9666636,0.99555296,0.9532096,0.6870024,0.938095,0.8089235,0.7811252,0.9992802,0.9991593,0.94590205,0.99912155,0.9968397,0.9440638,0.9591257,0.97741145,0.9226578,0.9902916,0.89304864,0.8599053,0.8746398,0.69819987,0.80346,0.9176718,0.9992802,0.6870024
AAGACCGGGCTGACTGTG,0.9800162,0.9873355,0.93341064,0.93119866,0.98387325,0.89558935,0.8082976,0.9526291,0.95401967,0.5652036,0.99910355,0.9991373,0.9623782,0.99905807,0.9973026,0.9560165,0.9598201,0.9721169,0.7866327,0.98992383,0.8344056,0.81483,0.813849,0.49913475,0.61791956,0.88772804,0.9991373,0.49913475
AACCGGGTCATCAACAAC,0.9984224,0.9923686,0.8198244,0.954419,0.94865525,0.9618522,0.7291992,0.7854133,0.86361986,0.9257389,0.93769264,0.962974,0.46133485,0.87762505,0.7295075,0.70031106,0.58864933,0.81368357,0.6728433,0.80359536,0.6665688,0.62189525,0.31474903,0.42586973,0.35685605,0.7565466,0.9984224,0.31474903
GAAAACAGTCTTGCTGTG,0.99921125,0.9986232,0.9950794,0.99430263,0.9996873,0.98640645,0.94100624,0.977352,0.97659326,0.9425501,0.991287,0.99322337,0.9830925,0.9969985,0.99818414,0.9604781,0.97752535,0.9657092,0.8049065,0.9941589,0.8187164,0.9053294,0.86086017,0.7718411,0.8269507,0.9464029,0.9996873,0.7718411
AGGAACGAAAATCGAGAG,0.08769868,0.25799698,0.29881832,0.043795355,0.36875302,0.29159147,0.11821239,0.30930823,0.18433128,0.473186,0.26241705,0.247207,0.2522786,0.1520751,0.1556654,0.20407906,0.1858163,0.05704038,0.06719556,0.2425669,0.17733695,0.14519884,0.1417022,0.15071371,0.13490842,0.20039573,0.473186,0.043795355
TATAACACTAGTGGGCCG,0.9987399,0.9989501,0.9980622,0.99586385,0.99759245,0.99767774,0.95166236,0.9614598,0.9834451,0.9286776,0.99310505,0.9942416,0.9887354,0.9973301,0.9982145,0.92701334,0.8872734,0.901229,0.58335155,0.9867574,0.87181157,0.9160579,0.8613469,0.88609606,0.86128885,0.9386393,0.9989501,0.58335155
AGGGCCGAGGGATGAGGT,0.9198272,0.9867991,0.9806132,0.98800653,0.9831693,0.5323189,0.8037338,0.88460433,0.88110256,0.8159191,0.9776994,0.9991564,0.86848396,0.9993519,0.9873236,0.6829632,0.8477387,0.743819,0.599458,0.8690258,0.36952344,0.58841765,0.74634194,0.3309763,0.45355052,0.793597,0.9993519,0.3309763
AAAACCAGTCTAGCTGTG,0.99879265,0.99956423,0.9956909,0.99330586,0.99953014,0.9905025,0.9571324,0.98778886,0.9732299,0.92087144,0.99586314,0.99753845,0.97670233,0.98850673,0.99190646,0.94168365,0.9315308,0.9044468,0.56786346,0.9833173,0.86898947,0.79214674,0.5393474,0.60219604,0.4532749,0.89406884,0.99956423,0.4532749
AGGAACCAAAAGCAAACT,0.02612371,0.120838255,0.10176131,0.008862459,0.06362875,0.1805826,0.068164565,0.3773085,0.029462794,0.097611904,0.21691903,0.19319583,0.14351745,0.14338902,0.086677425,0.16774073,0.09576293,0.038085386,0.0471122,0.11830447,0.24300486,0.12265891,0.11391592,0.1216596,0.12867332,0.122198485,0.3773085,0.008862459
GAGGACATTCTTGCTCTG,0.9990692,0.9976097,0.99329525,0.9955417,0.9981371,0.9893796,0.89194226,0.9493831,0.98190266,0.9425434,0.9724489,0.8108296,0.9350064,0.99660397,0.9989281,0.94847685,0.983025,0.9873081,0.8850709,0.990265,0.8247029,0.9520153,0.980103,0.9183982,0.9848151,0.95627195,0.9990692,0.8108296
TAACGGGGTACACCTAAT,0.8919567,0.9861976,0.83713216,0.78516674,0.9331391,0.95495844,0.8233664,0.9409607,0.83349633,0.83974135,0.7756396,0.9576683,0.37412784,0.8556747,0.7490258,0.5973658,0.5598779,0.6894147,0.56974727,0.74945116,0.52618504,0.77426755,0.54701173,0.6388335,0.6369876,0.7530958,0.9861976,0.37412784
AGGATGGGTCAGACTGCG,0.7496823,0.86332697,0.66188675,0.62616235,0.8314358,0.5755548,0.34433556,0.748129,0.70909643,0.29992312,0.8283741,0.9834922,0.58623827,0.9925975,0.9824584,0.59371334,0.86640954,0.9287069,0.70614004,0.95903516,0.37690097,0.8305401,0.83411616,0.6583584,0.81574583,0.7340943,0.9925975,0.29992312
AGGCAGGGTCAGTCTGCG,0.98275805,0.9856345,0.91654956,0.95346254,0.93486756,0.83920115,0.5892066,0.76479656,0.8509676,0.6654332,0.98790306,0.99726963,0.8618055,0.9993917,0.9966262,0.83234733,0.94704914,0.97325104,0.8822625,0.9790132,0.66102684,0.8646162,0.92341125,0.65487397,0.8665554,0.8764112,0.9993917,0.5892066
ATCGGCGGCGTCGGCGAA,0.9995492,0.9992292,0.9892704,0.9944187,0.9980297,0.9713936,0.89827245,0.95796174,0.90722257,0.97727627,0.99997896,0.99997073,0.9729754,0.99999636,0.9998014,0.96115476,0.96851164,0.99147004,0.963208,0.9910891,0.92620546,0.9021336,0.9612589,0.7470575,0.9218075,0.95996964,0.99999636,0.7470575
GAAGAATGGGCATCGTCT,0.735646,0.9737709,0.9775277,0.9636111,0.9590367,0.8095331,0.93654,0.7740312,0.962487,0.91993207,0.77367634,0.98454374,0.84100705,0.9833573,0.9910851,0.90334564,0.92962307,0.8718327,0.5679925,0.98615116,0.35182866,0.69316715,0.67782027,0.49349368,0.5432312,0.8241709,0.9910851,0.35182866
TAGACCGGGCTAACTGTG,0.9666974,0.9901394,0.9219176,0.9278617,0.9773851,0.9187828,0.77053785,0.94915265,0.950537,0.62261695,0.9815812,0.98959005,0.8019727,0.9899337,0.9771475,0.8576661,0.8612756,0.9231891,0.7119405,0.9305189,0.79847777,0.8646813,0.84505427,0.7476849,0.8260238,0.88409454,0.9901394,0.62261695
AGGGGCGGCTACGGCGAA,0.98906785,0.96958506,0.84537786,0.93816805,0.94675016,0.9011296,0.33479246,0.89600945,0.61435884,0.87197125,0.9963233,0.99813735,0.46910933,0.99795246,0.9262797,0.732009,0.8882688,0.89980286,0.76081973,0.7335159,0.5146677,0.7531489,0.7979917,0.40017205,0.65825105,0.7933464,0.99813735,0.33479246
AGCAGCGGCGATACCGAA,0.88762105,0.85469675,0.5254886,0.31808487,0.71826273,0.52146375,0.42168388,0.65673226,0.41233784,0.5849912,0.9662502,0.97708565,0.43875742,0.874669,0.6233971,0.7027402,0.8094099,0.6641446,0.7681743,0.69997925,0.5847692,0.55880076,0.37896442,0.28089342,0.29719967,0.6210639,0.97708565,0.28089342
AAACGAATTATCGATAAT,0.9978431,0.9985889,0.980848,0.96616924,0.9908267,0.97576565,0.7257341,0.93403536,0.9190121,0.9041162,0.81673896,0.9666322,0.90992653,0.9452214,0.96094507,0.71686953,0.84101474,0.43563065,0.43336618,0.93140274,0.5679614,0.6704432,0.34438282,0.605007,0.3163599,0.79419374,0.9985889,0.3163599
ATACAGTGTGCATCTGCG,0.99190897,0.9981599,0.99548304,0.98942053,0.99346834,0.93472403,0.9307608,0.92430246,0.9444067,0.9470897,0.9938503,0.99805444,0.9838311,0.9998021,0.9996469,0.9817188,0.9893192,0.9962836,0.9317433,0.99832743,0.89761466,0.9497136,0.9622204,0.9184826,0.9657976,0.96864533,0.9998021,0.89761466
GACGCCATGGTGGCTGTA,0.9991651,0.9985239,0.98808074,0.9956979,0.99963146,0.9689076,0.9328602,0.9511766,0.98656,0.8851302,0.9997587,0.9997587,0.9890973,0.99999136,0.9999444,0.9919966,0.98808885,0.9957778,0.9503661,0.9982867,0.92380226,0.92953867,0.97806823,0.8141472,0.95240164,0.96867037,0.99999136,0.8141472
ATAACCAGTCTAACTGTG,0.9984412,0.999553,0.99173814,0.9731324,0.9917314,0.9524473,0.9280729,0.9685082,0.9601672,0.7602488,0.96544,0.98564297,0.9265172,0.93135756,0.962499,0.8849816,0.86467224,0.9039287,0.6216569,0.9496401,0.86431336,0.85945815,0.6815871,0.8249193,0.7046058,0.89821035,0.999553,0.6216569
AACCGCATCATCAATAAC,0.99570596,0.99212694,0.7016155,0.6766157,0.8126198,0.96000475,0.7271805,0.78274435,0.86437154,0.8651405,0.8741973,0.9573162,0.58056265,0.7788799,0.587038,0.8018188,0.66603273,0.7445786,0.69740033,0.84586775,0.8265333,0.5807862,0.3561023,0.5192985,0.3771412,0.74286723,0.99570596,0.3561023
GACGACATGATGGCACGT,0.9988212,0.99848366,0.9849312,0.99016047,0.99916106,0.98528934,0.95149404,0.9456828,0.97941905,0.9142948,0.95486087,0.97835404,0.8933926,0.9910794,0.9908598,0.95158476,0.9181073,0.8959529,0.80150354,0.98263955,0.61240846,0.7195241,0.63293487,0.49655744,0.49626693,0.8825506,0.99916106,0.49626693
AAGATCTATCGTGTGCGG,0.99762964,0.99689305,0.9970301,0.9916515,0.9983082,0.98257065,0.9273076,0.9537754,0.9667254,0.9234655,0.9985408,0.9977265,0.99680644,0.999945,0.9998874,0.9676652,0.98599565,0.991651,0.89747006,0.9982694,0.92498624,0.96340746,0.979049,0.92741746,0.97337306,0.97350204,0.999945,0.89747006
AGGAACCAAAAACGAACT,0.01771282,0.13915418,0.16219172,0.018330662,0.11388583,0.2959596,0.0638398,0.41757923,0.08237129,0.19854009,0.2354834,0.2010732,0.1561488,0.15709029,0.08983762,0.1104617,0.09031479,0.028064303,0.037513595,0.07557774,0.24492496,0.11878801,0.1108518,0.12054476,0.12693936,0.13652717,0.41757923,0.01771282
AAGACGGGACAAACAGTG,0.9233693,0.9001474,0.76478434,0.8755215,0.8905107,0.86494344,0.5314923,0.8552873,0.8626795,0.6713825,0.37446666,0.7037022,0.28620926,0.5999205,0.29184875,0.31209806,0.16429493,0.13643278,0.18460463,0.37948036,0.23505624,0.1765361,0.14809729,0.14384729,0.15001532,0.49706918,0.9233693,0.13643278
ATGGGCGGCTTTGGCGAA,0.99760073,0.9891426,0.976632,0.9865218,0.9959201,0.9222633,0.7581414,0.9446485,0.89018565,0.9489453,0.999861,0.9998879,0.97773236,0.9999992,0.9999828,0.9500603,0.9903833,0.9946151,0.95107704,0.995211,0.835282,0.9655845,0.99292374,0.91249645,0.9913742,0.9586588,0.9999992,0.7581414
GACCTGGTCATCATCAAC,0.9997245,0.99409944,0.94040173,0.9855435,0.9932306,0.9743437,0.8778491,0.77723664,0.9392062,0.9391894,0.9418257,0.901129,0.591894,0.9692631,0.96915865,0.8868721,0.8924447,0.9775713,0.8399924,0.966297,0.8371608,0.88331366,0.86149293,0.84961605,0.90896094,0.9079127,0.9997245,0.591894
ATAAACAGTATAGCTGAG,0.9965243,0.99861795,0.9955201,0.9405061,0.99431694,0.96456206,0.94755745,0.9591272,0.9110777,0.88696694,0.8850549,0.97218823,0.9498393,0.9439767,0.9568111,0.6818055,0.7973052,0.554734,0.34337553,0.96755445,0.5772233,0.71036017,0.40707472,0.6705036,0.35794237,0.81482095,0.99861795,0.34337553
GAACGGGGCACATATTAT,0.78738385,0.9535702,0.7404354,0.9157123,0.8675719,0.6314079,0.89293516,0.89620084,0.88874775,0.8384687,0.5601394,0.7803474,0.2514639,0.67852825,0.4560835,0.58132315,0.61921763,0.6066543,0.6094897,0.7829833,0.30161846,0.5812346,0.44897065,0.33784544,0.34882334,0.6542863,0.9535702,0.2514639
AAAGGCATTATCGATAAG,0.99687773,0.99843025,0.9853701,0.97723734,0.98684746,0.9796582,0.83206964,0.9110565,0.8862321,0.90125436,0.8591843,0.9127874,0.87748194,0.9647905,0.9641512,0.6984482,0.8550415,0.75502026,0.64432544,0.9367537,0.47168282,0.7354258,0.51444256,0.6378758,0.45887503,0.82965297,0.99843025,0.45887503
ATAAAGGGTCAAACTGTG,0.9912851,0.9927347,0.9782016,0.9677134,0.9837665,0.8804805,0.81933856,0.8862865,0.85317904,0.7854875,0.68194383,0.9433663,0.7223422,0.8549898,0.8319499,0.60073537,0.65232027,0.8109821,0.555833,0.9434601,0.3637634,0.6129213,0.35402974,0.5470153,0.33848327,0.7581045,0.9927347,0.33848327
ATCAGCGGCGATGCCGAA,0.98413116,0.9883491,0.9414258,0.9092414,0.9889999,0.9125865,0.6905799,0.8660825,0.7086433,0.863638,0.9989674,0.9986948,0.910078,0.99790454,0.99196255,0.925746,0.9523935,0.9707062,0.910561,0.9872984,0.85663235,0.8185875,0.7762677,0.6065564,0.6756046,0.8892656,0.9989674,0.6065564
GACACCATGGTGGCTGTA,0.99850667,0.998239,0.9869732,0.9920729,0.999707,0.95964307,0.9498596,0.9518966,0.980286,0.8418118,0.9994896,0.99966514,0.99070144,0.99994963,0.9998648,0.9921546,0.9835124,0.9899361,0.9280012,0.99825794,0.9277523,0.9163931,0.9484016,0.77400684,0.897918,0.9602002,0.99994963,0.77400684
GGCGCATTCACCGAGCTT,0.99661905,0.9662823,0.9736593,0.9356431,0.90538377,0.95485336,0.43384206,0.7480104,0.87920386,0.7507649,0.8878115,0.25958195,0.4754524,0.43091166,0.6868221,0.78855914,0.67272484,0.8921986,0.8295306,0.8086707,0.82678354,0.83616304,0.851642,0.748419,0.8680299,0.7763026,0.99661905,0.25958195
TATTACATTAGTGGATGG,0.99748516,0.9953193,0.9991581,0.9979569,0.99962455,0.99207145,0.94300205,0.98194164,0.9629786,0.92272544,0.98152995,0.9898537,0.9972365,0.9999102,0.99991614,0.8818625,0.9604,0.9752968,0.79739654,0.99721414,0.87990755,0.9798379,0.9864941,0.97577614,0.9926857,0.9675032,0.99991614,0.79739654
GAGACCGGGCTGACTGTG,0.9826571,0.9842981,0.91116625,0.9454971,0.98533523,0.83675915,0.8241241,0.9425508,0.96552074,0.61624473,0.997846,0.99828446,0.90309554,0.9993594,0.99717367,0.94945884,0.95812774,0.97373956,0.8077383,0.9852296,0.75848794,0.83665824,0.8899365,0.54027677,0.76778036,0.89429384,0.9993594,0.54027677
GACCGGGTCATCCACAAT,0.99754864,0.9945175,0.81846803,0.96091485,0.9667006,0.95366526,0.7996948,0.8516683,0.79426163,0.9427791,0.9512851,0.87889,0.3371561,0.84459996,0.73845315,0.8337867,0.671613,0.90998805,0.7534492,0.82464767,0.7227265,0.77199024,0.618932,0.5662893,0.6545583,0.80634344,0.99754864,0.3371561
GAGGGTGCATTTGCTGTA,0.9973796,0.9245875,0.94774956,0.99496794,0.99888504,0.94456273,0.79369533,0.97270644,0.97111326,0.9353494,0.9713517,0.97896814,0.9105834,0.9998862,0.99984646,0.9348421,0.9892529,0.9942167,0.92879695,0.99524516,0.5783681,0.9682177,0.9936159,0.92875546,0.99443406,0.9458951,0.9998862,0.5783681
AGGAAGGGACAGACTGCG,0.28586048,0.30358228,0.2596694,0.2002373,0.22870785,0.48732153,0.24026844,0.48229837,0.5986306,0.20450233,0.25485346,0.5944246,0.20112994,0.10953925,0.16319343,0.25463715,0.2926084,0.13626611,0.11035425,0.42074066,0.15823905,0.2405843,0.17918502,0.1713813,0.16538526,0.269744,0.5986306,0.10953925
AGGCAGCGTAAGTCTGCG,0.96807903,0.9764388,0.9229399,0.87382114,0.87580925,0.87046164,0.52560997,0.8045204,0.7593681,0.6105836,0.9218517,0.9361028,0.77020276,0.97320974,0.95213443,0.8295481,0.8998325,0.80451554,0.80461514,0.9408076,0.61293167,0.79886717,0.8170167,0.5882208,0.7208435,0.8223333,0.9764388,0.52560997
GAGACCAGTCAGGCTGTG,0.9978232,0.9963021,0.96199405,0.985384,0.9964285,0.96684337,0.8547017,0.9592694,0.9675675,0.82348186,0.98864615,0.97568715,0.8913569,0.9761081,0.9815364,0.9191554,0.8923222,0.9191132,0.77718484,0.9808506,0.74990547,0.76081973,0.74880767,0.51000214,0.60282475,0.88736475,0.9978232,0.51000214
ATCCTCATCATCAACATC,0.9988693,0.9974207,0.95583665,0.8540106,0.949468,0.9693224,0.8348588,0.89980537,0.9316005,0.8424494,0.90174997,0.9484545,0.68693304,0.7502362,0.7756319,0.68772215,0.6067416,0.9365983,0.8273082,0.9048724,0.9378729,0.84634304,0.70257616,0.9023463,0.8394259,0.85953826,0.9988693,0.6067416
GACCTGGGCACATATTGT,0.94157076,0.98071915,0.9605133,0.97554713,0.9905687,0.79090166,0.86353904,0.94435734,0.9333855,0.74797505,0.91426474,0.94895583,0.6499192,0.9794027,0.933491,0.8798548,0.80350286,0.92013943,0.8212084,0.9373518,0.77549237,0.86700183,0.8634956,0.7418344,0.84596604,0.8804384,0.9905687,0.6499192
ATACAGGGTATAGCTGAG,0.99849355,0.9989724,0.9964785,0.99074346,0.9975871,0.97285706,0.95320684,0.95351577,0.95985234,0.95701945,0.9754877,0.9952962,0.9706411,0.9989903,0.99787825,0.8089298,0.9239146,0.8963617,0.6970724,0.9878324,0.5963574,0.8605717,0.8191375,0.77668035,0.7657483,0.9139851,0.9989903,0.5963574
ATCGGCGGCGACGGCGAA,0.99811214,0.99792075,0.9723664,0.9855217,0.9882341,0.96766174,0.7452268,0.91903615,0.7865985,0.966789,0.9998114,0.99979067,0.8689478,0.999707,0.98938936,0.91306007,0.89754325,0.9682253,0.91688323,0.95119834,0.84100133,0.8056217,0.80237657,0.49232087,0.6640533,0.89749587,0.9998114,0.49232087
AGGCTGCGTAAGTCTGCG,0.9676209,0.9845613,0.93777347,0.9038699,0.9485092,0.845809,0.41764903,0.87561256,0.7793566,0.5880441,0.9686684,0.9719285,0.84555995,0.9986918,0.9954273,0.9033208,0.94956756,0.96917224,0.897429,0.9775428,0.75285697,0.92297983,0.9591327,0.8509194,0.95460486,0.88666433,0.9986918,0.41764903
GACGGCATGCAGGCAGGT,0.9940401,0.98732644,0.84303534,0.97851264,0.9974122,0.93864995,0.76682496,0.90272033,0.8677456,0.87439597,0.99133956,0.9898929,0.7911866,0.99096507,0.96691036,0.92965215,0.8181295,0.94526035,0.8832853,0.9749077,0.6481193,0.6880789,0.6843875,0.40288737,0.4936536,0.8539728,0.9974122,0.40288737
GAGGTATATACTGAGCTG,0.948972,0.85163623,0.98965377,0.95941216,0.7574663,0.8933655,0.5629983,0.772417,0.925333,0.84618634,0.31212988,0.20776528,0.70307404,0.52207875,0.9467988,0.5308924,0.8573811,0.678123,0.35386607,0.92683357,0.30624357,0.89756155,0.8779248,0.8577659,0.90780073,0.73574716,0.98965377,0.20776528
GATAACATGATGGGACGT,0.9986176,0.99890655,0.9959378,0.99609584,0.9997146,0.9874197,0.9581701,0.95217276,0.9810171,0.9497598,0.9429893,0.985513,0.9742234,0.9977885,0.99813336,0.90159756,0.9377832,0.8714349,0.7019617,0.99254805,0.4771377,0.7923962,0.7059736,0.6845502,0.58661103,0.89473814,0.9997146,0.4771377
GATTACATTAGTGGATGG,0.9978663,0.99416614,0.99902433,0.9981838,0.9996194,0.9878169,0.9477155,0.97232,0.972106,0.9529864,0.9651822,0.9779364,0.99379766,0.99972856,0.9998293,0.8726024,0.9564158,0.94789857,0.7830205,0.9965871,0.7312445,0.96587247,0.97563994,0.9488963,0.9783276,0.95659137,0.9998293,0.7312445
AAGACCGGGCAAACTGTG,0.89490366,0.9462862,0.7408622,0.8313358,0.9336365,0.79982185,0.55553764,0.8751894,0.8413208,0.5263624,0.9201097,0.9733211,0.58532125,0.8487368,0.63696265,0.76888764,0.54790366,0.6132793,0.49713504,0.80009574,0.51534355,0.42129505,0.27332127,0.23385099,0.24778739,0.6731443,0.9733211,0.23385099
AGGCAGCGTAAGCAAACT,0.5969527,0.65901786,0.5028408,0.3002821,0.32876587,0.8233405,0.18126012,0.6783689,0.20153481,0.29516,0.21508281,0.23459744,0.1697703,0.14195041,0.108214945,0.42218807,0.26534596,0.14147638,0.47446758,0.439378,0.24691556,0.3747096,0.20792848,0.23621759,0.2229833,0.33874997,0.8233405,0.108214945
GGGGCATTCACCGAGCTT,0.99022186,0.9000695,0.95194423,0.9157203,0.7687585,0.93136096,0.33931202,0.733076,0.8733804,0.75510705,0.5784404,0.0715968,0.21462734,0.10580164,0.33133116,0.5463147,0.5338156,0.765778,0.6656552,0.6718226,0.577739,0.84130484,0.84202737,0.7096456,0.87911415,0.6597586,0.99022186,0.0715968
AGGAACGAACAGACAGCG,0.18817364,0.48506042,0.1846604,0.06282111,0.27779928,0.28052863,0.24525326,0.45953688,0.34153527,0.27535182,0.2823616,0.2601761,0.20324296,0.18346547,0.1504956,0.19263908,0.12215257,0.056086138,0.075871855,0.17089911,0.23180531,0.15470406,0.13845943,0.13136002,0.14393117,0.21193485,0.48506042,0.056086138
GACACCGTGGTGGCTGTA,0.99778146,0.99752843,0.9843938,0.9931422,0.9998205,0.9514589,0.9263764,0.95915586,0.9705972,0.8220406,0.99991935,0.99995345,0.9949188,0.99999803,0.9999842,0.99367917,0.9897257,0.99469185,0.95307016,0.99902016,0.94564337,0.93960303,0.9806109,0.81998163,0.9556978,0.9667517,0.99999803,0.81998163
GAGGCAATTCCTGCGCTG,0.99870574,0.9955189,0.9902086,0.9928269,0.9888327,0.9878678,0.6409069,0.8552358,0.9799452,0.8818317,0.98548275,0.8250615,0.87350196,0.96743333,0.9902775,0.95827574,0.96508366,0.97853494,0.8498329,0.99171025,0.8194172,0.8918332,0.9272029,0.80940527,0.9203819,0.9226126,0.99870574,0.6409069
AGCGGCGGCTACGGCGAA,0.99662,0.98878396,0.93515384,0.9576683,0.98302007,0.9413122,0.41567641,0.889362,0.6450895,0.9111446,0.9993618,0.9987922,0.76590437,0.9991044,0.97723025,0.885457,0.92651767,0.9588231,0.89199007,0.85235196,0.7693873,0.78533477,0.807379,0.42982045,0.63992375,0.8540485,0.9993618,0.41567641
GACACCAGTCAGGCTGGG,0.9992666,0.99912715,0.9845915,0.9914948,0.9992461,0.9728877,0.8986663,0.9641366,0.9704695,0.85966825,0.9981487,0.99674654,0.9506141,0.98606795,0.9898033,0.9753868,0.901811,0.93735415,0.86329234,0.988486,0.8948495,0.7586264,0.70450187,0.5047925,0.5123133,0.9040941,0.9992666,0.5047925
TTACAGGGTATAGCTTAG,0.9947931,0.99764395,0.9959486,0.9873794,0.9957013,0.9776556,0.94729096,0.9599888,0.9597126,0.95384896,0.9020729,0.9882162,0.94507897,0.9984436,0.99894804,0.6605316,0.90562963,0.84601444,0.6922361,0.97595096,0.70620763,0.9493482,0.95342547,0.9357535,0.9745791,0.92809594,0.99894804,0.6605316
AGGCTGCGTAAGCATACT,0.3185031,0.69642824,0.5401851,0.2701138,0.57346046,0.80581594,0.11815839,0.77291495,0.26902327,0.2614975,0.50507975,0.5313499,0.26215214,0.778333,0.6664927,0.73212236,0.70369095,0.747678,0.7959928,0.84687805,0.48713845,0.81867677,0.72912854,0.67025244,0.76379,0.58659434,0.84687805,0.11815839
AGGCAGCGGAAGTCTGCT,0.8579607,0.91974705,0.79122645,0.7553108,0.87744737,0.7398175,0.505836,0.7658055,0.7288817,0.562241,0.88524914,0.9747056,0.6301225,0.9590341,0.8902143,0.8177005,0.8302139,0.7879421,0.7314939,0.91122556,0.51253015,0.6601123,0.68918854,0.3827257,0.5056314,0.7468945,0.9747056,0.3827257
AAAAACATTCTAGCTGTG,0.9968073,0.9989014,0.99568415,0.9899606,0.9993101,0.98789084,0.94705695,0.9773275,0.93866205,0.9237558,0.98614633,0.9948359,0.98323727,0.98748934,0.9924971,0.90773946,0.92892486,0.9002874,0.5942607,0.98804164,0.81528026,0.8283412,0.5322313,0.7282246,0.4865422,0.8963773,0.9993101,0.4865422
ACGAACGAACAGACAGGG,0.9250328,0.91246045,0.74905205,0.6451247,0.8229444,0.61907274,0.632604,0.7334953,0.7576346,0.54100627,0.5603575,0.80968785,0.4931464,0.6353909,0.43967503,0.35901466,0.22700241,0.08239468,0.15596941,0.44770893,0.44600415,0.18954651,0.17573467,0.15201007,0.16693902,0.50716037,0.9250328,0.08239468
AGGAACGAAAAACGAACG,0.025320835,0.21896842,0.24793772,0.04971596,0.1627773,0.37915766,0.07952381,0.3723146,0.14249124,0.27607763,0.19370642,0.15573743,0.13708724,0.10184267,0.085561976,0.10607581,0.09713802,0.026941804,0.041512392,0.08384393,0.13935201,0.08806183,0.09284107,0.10279766,0.101578966,0.14033458,0.37915766,0.025320835
TAAACCAGTCTAGCTGTG,0.998662,0.99954313,0.9954974,0.9937542,0.9995906,0.9913367,0.94661057,0.9885771,0.97905475,0.9122488,0.9934069,0.9953805,0.9739433,0.9895545,0.9948558,0.95112234,0.93838984,0.9358536,0.6344793,0.9859186,0.9116054,0.9026088,0.8389764,0.8613437,0.84544545,0.9423104,0.9995906,0.6344793
GACGCCAGGCTGGCTGTA,0.9986805,0.9981181,0.9765722,0.9919938,0.99907887,0.9731145,0.9483194,0.95829344,0.98648065,0.8230597,0.99978304,0.99935454,0.96187836,0.9997097,0.9991015,0.98910475,0.9736516,0.991985,0.93094367,0.9957803,0.92097914,0.8669273,0.9339063,0.6301533,0.84919953,0.9478469,0.99978304,0.6301533
AATTACATTAATGGACGT,0.9985069,0.9986562,0.99650586,0.99662995,0.9994215,0.99452657,0.91777724,0.9713318,0.9626228,0.9399321,0.9198279,0.9691867,0.98191017,0.9912858,0.99657613,0.81123716,0.9018827,0.80954695,0.6793774,0.98567486,0.7311698,0.9238321,0.8182279,0.91557324,0.8390494,0.9220107,0.9994215,0.6793774
GAACAGGGCACATCGTAT,0.9877128,0.99286467,0.9407195,0.97439075,0.96708214,0.93437666,0.9640844,0.90367734,0.9698227,0.91500413,0.8448925,0.93284976,0.51766956,0.79516923,0.6542575,0.7501091,0.6433892,0.6125402,0.64634615,0.8927884,0.46680126,0.49603266,0.31580678,0.2848032,0.28952774,0.74770874,0.99286467,0.2848032
GGGTAACAGAACCAAAGT,0.16619636,0.17419343,0.38799623,0.094613776,0.1238175,0.31042936,0.18534772,0.42116234,0.047144454,0.25066265,0.08867902,0.021418719,0.06403121,0.0021511652,0.008807319,0.122742824,0.06973899,0.04641937,0.049920376,0.051913943,0.12439127,0.22883505,0.12744422,0.20308812,0.18165231,0.14211193,0.42116234,0.0021511652
AGGAACGAAAATCCAAAG,0.12788752,0.21781516,0.18073721,0.015494865,0.13228202,0.4071712,0.14582948,0.27691337,0.09898816,0.24185261,0.20299086,0.16486767,0.14684568,0.09988275,0.0857486,0.18334714,0.16430466,0.058745306,0.057375155,0.14977746,0.18881921,0.13696714,0.1265361,0.14505388,0.13804156,0.155771,0.4071712,0.015494865
GTCGGCGGCGTTGCTGTA,0.9984443,0.9965206,0.98121864,0.98988366,0.9983781,0.9335464,0.87562466,0.9607426,0.94570833,0.8596256,0.9999042,0.9999493,0.97123975,0.99999946,0.9999842,0.97137046,0.9895175,0.9962829,0.969391,0.9961577,0.9099838,0.96649575,0.996436,0.92783886,0.9955985,0.9691937,0.99999946,0.8596256
GAGGGCGGCGTTGCTGTA,0.99717855,0.9914188,0.95632845,0.9937221,0.9984826,0.94035095,0.8611083,0.97490644,0.97446835,0.88750416,0.9995491,0.99990803,0.9353786,0.9999971,0.9999264,0.9560327,0.9899269,0.992574,0.9585332,0.99423504,0.6890359,0.9366252,0.98931885,0.77413476,0.9762055,0.95067406,0.9999971,0.6890359
GAGGCATTCACTGAGCTG,0.99405926,0.83279127,0.9823006,0.98184776,0.9374595,0.9592185,0.4673196,0.7723642,0.95403653,0.78681666,0.89783704,0.45376348,0.7423121,0.8894146,0.9549986,0.821818,0.91716295,0.956439,0.8055043,0.9697813,0.66615164,0.8729072,0.87917155,0.78449416,0.8776545,0.846305,0.99405926,0.45376348
GACACCATGGTGGCTCTA,0.99889076,0.9991502,0.99149275,0.9942489,0.99962443,0.97720057,0.9651508,0.9571728,0.9882323,0.85477114,0.9991655,0.9994701,0.98340195,0.99987435,0.9997871,0.9914419,0.98047906,0.9891091,0.92750174,0.9973404,0.92774785,0.9044016,0.9279538,0.76935697,0.8887573,0.960469,0.99987435,0.76935697
AGGAGCGACGACGGCGAA,0.92471504,0.96439904,0.81856036,0.8686348,0.9056825,0.72894055,0.44877827,0.7893514,0.4548316,0.8948324,0.9323439,0.91652685,0.38126516,0.3219835,0.22198753,0.46024266,0.60418785,0.24837793,0.41616532,0.40319586,0.35770524,0.3735497,0.25151846,0.18632996,0.20085686,0.5629985,0.96439904,0.18632996
AGGGACGAAGAACGAGAT,0.0882701,0.54950744,0.37780836,0.21171355,0.34706742,0.36327213,0.2343512,0.49480048,0.30503368,0.70280254,0.15258074,0.10547558,0.12886497,0.025879372,0.040282574,0.124092564,0.08738734,0.04305973,0.05672814,0.073245406,0.1170144,0.13653648,0.119995356,0.12748669,0.12245334,0.20542842,0.70280254,0.025879372
GACCGGGGCACCTATAAT,0.9823666,0.9810267,0.6989227,0.91299176,0.78942823,0.8812882,0.8386944,0.8795533,0.83491874,0.81823987,0.9514082,0.9212848,0.2592096,0.8420199,0.4498439,0.76947016,0.67008245,0.7847633,0.7261119,0.7150084,0.641501,0.70212936,0.58197856,0.38281578,0.47902828,0.7397635,0.9823666,0.2592096
GAAGACATTCTTGCTCTG,0.9993871,0.9993381,0.9968086,0.9971686,0.9994729,0.99160504,0.9330106,0.9596921,0.98191226,0.96239537,0.98718166,0.97277594,0.9743385,0.997538,0.99907374,0.96846616,0.98279214,0.9844496,0.87517214,0.99438584,0.87770754,0.9451961,0.95767105,0.90750515,0.9673809,0.96849704,0.9994729,0.87517214
GTAGAATGGGCATCGGCT,0.91267294,0.9901683,0.98483324,0.94199926,0.9437738,0.75118047,0.8914892,0.709645,0.9302617,0.9083033,0.823922,0.9891109,0.84554327,0.9790104,0.9938908,0.9066463,0.92810106,0.94882405,0.7119699,0.98235536,0.47183967,0.86039585,0.859469,0.7504868,0.84898424,0.8745949,0.9938908,0.47183967
GTGGGTGCATTTGGTGTA,0.99542135,0.8655888,0.9595395,0.9928282,0.99805325,0.8964511,0.74992615,0.9576219,0.9494915,0.95040005,0.9818852,0.9914056,0.95599985,0.9999837,0.99998623,0.90985423,0.9883248,0.9947478,0.9322552,0.99333215,0.62948036,0.9872697,0.9985775,0.9715412,0.99923575,0.9459679,0.99998623,0.62948036
AGGCAGCATAAGCCAACT,0.666263,0.86177766,0.6589939,0.22032018,0.3222476,0.84857225,0.41252318,0.70310813,0.33557352,0.46962902,0.25084093,0.22830045,0.21931395,0.16427508,0.12468483,0.39036265,0.22506808,0.15082744,0.3136778,0.30865988,0.35840037,0.3625158,0.2274379,0.24616612,0.24640739,0.37263793,0.86177766,0.12468483
AACCGCATCATCAATATT,0.99462944,0.9930611,0.8140406,0.8595291,0.9117501,0.9701504,0.7684646,0.8935363,0.9316957,0.8334847,0.90213066,0.96903235,0.68658656,0.8305527,0.75631815,0.8298486,0.73100275,0.80014485,0.7278552,0.8751866,0.85699797,0.6989386,0.42666787,0.6263114,0.45235524,0.80561095,0.99462944,0.42666787
AAGACCGGACAGACCGTG,0.9488988,0.9497087,0.70194435,0.80242443,0.83176357,0.8324051,0.61618936,0.9123631,0.8399377,0.5561611,0.9455122,0.9631809,0.5866445,0.7829747,0.60905373,0.64629656,0.35474756,0.26695365,0.25577426,0.6514206,0.5686052,0.34782863,0.25206384,0.20420949,0.234748,0.62647235,0.9631809,0.20420949
ATGGGCGGCTTTGGCGTA,0.9986196,0.99166024,0.9874427,0.9951539,0.9984103,0.96285075,0.7864451,0.96720815,0.9524003,0.9556747,0.9999004,0.99992496,0.98775625,0.9999997,0.99999386,0.95836,0.99154687,0.995503,0.95586586,0.9961838,0.87602085,0.97414154,0.99641246,0.9315942,0.99554807,0.9701848,0.9999997,0.7864451
GAGCAACGGGCAACGATT,0.74535286,0.8198218,0.4574655,0.7055282,0.74106723,0.79461455,0.44037977,0.7873533,0.8338859,0.5814212,0.62576205,0.8050935,0.31824115,0.3918286,0.2851365,0.73974645,0.43913573,0.329123,0.52122307,0.67407686,0.3389804,0.3542137,0.23408604,0.20020264,0.2221202,0.53543437,0.8338859,0.20020264
GAGAGTGCGTTTGTTGTA,0.9984331,0.86850655,0.9720838,0.9943691,0.9997108,0.91753143,0.8338273,0.95461565,0.9612966,0.8890716,0.99636674,0.9989043,0.99250454,0.99999887,0.99999756,0.97666985,0.99605477,0.99681526,0.94268364,0.9986861,0.73498446,0.9856342,0.99821186,0.9548876,0.9983034,0.9584059,0.99999887,0.73498446
ATCCCCATCATCAACATC,0.99955016,0.99908876,0.94932216,0.9297906,0.93549436,0.98156303,0.8442826,0.90148526,0.9510279,0.87031466,0.95132506,0.97339314,0.6658575,0.72337455,0.68902564,0.70694846,0.4562947,0.8475085,0.66725624,0.7406495,0.9453541,0.74410564,0.5139697,0.80219233,0.6288501,0.81672114,0.99955016,0.4562947
AGGGCCGAAGAACGAGAT,0.19194022,0.805431,0.44055888,0.40404105,0.4421966,0.37656048,0.23112226,0.50132734,0.3219286,0.71494544,0.19921927,0.17867184,0.17004235,0.052798014,0.045478377,0.17760113,0.10833387,0.07561567,0.11765076,0.09059953,0.1726331,0.2241303,0.16308905,0.15679477,0.16229855,0.26100037,0.805431,0.045478377
GTAGAATGGGCATCGTCT,0.7669393,0.9820729,0.98387194,0.9413282,0.91458,0.73229814,0.9211457,0.6574096,0.9469525,0.91244555,0.67058855,0.97184205,0.7940157,0.9670613,0.9925949,0.88736355,0.92583585,0.9519652,0.6793317,0.97998047,0.4688265,0.8879733,0.889942,0.80524594,0.89860994,0.8612088,0.9925949,0.4688265
AATACCACGGTGGGTCTA,0.9990871,0.9993848,0.9970995,0.9977316,0.99967754,0.9864758,0.98466825,0.96742296,0.98754376,0.94050443,0.99974287,0.9996973,0.99456304,0.99988014,0.9997752,0.9832728,0.96795255,0.9825702,0.878503,0.99389625,0.9243929,0.90115553,0.89189017,0.76543283,0.7960624,0.9575353,0.99988014,0.76543283
TAACGGGGTACATCTTAT,0.974282,0.9956035,0.9487001,0.97482216,0.98490566,0.92113554,0.93718517,0.97281325,0.94530314,0.9356959,0.8739901,0.98614645,0.7483215,0.9946055,0.988189,0.7565621,0.8795713,0.8947975,0.70010054,0.92213064,0.6352504,0.90689737,0.89094406,0.84926885,0.91516393,0.90129524,0.9956035,0.6352504
AACCGGGTCATCCATAAT,0.991723,0.9928056,0.7808091,0.8986176,0.9549728,0.94624925,0.68699265,0.7551579,0.8096224,0.86387527,0.98073167,0.98373973,0.6748284,0.94769716,0.9156058,0.8691107,0.8146311,0.93960696,0.7527456,0.9222866,0.81117076,0.79779756,0.62961894,0.63408774,0.61619866,0.83882743,0.9928056,0.61619866
GAGACCGGGGTGGCTGTA,0.9955526,0.9957748,0.97793007,0.9929485,0.9995225,0.9220223,0.9192113,0.9792214,0.98295164,0.865331,0.99979997,0.9999812,0.98805094,0.9999985,0.99996716,0.97508335,0.9795758,0.9867306,0.9112196,0.99575466,0.77455807,0.891942,0.9665174,0.5974535,0.876532,0.9429451,0.9999985,0.5974535
AAACGAATCATCGATAAT,0.99669033,0.99527663,0.9518513,0.92504144,0.9805727,0.95835805,0.72975844,0.89029086,0.8740925,0.8458263,0.8315912,0.95128924,0.7793185,0.8609309,0.774772,0.66446,0.748158,0.4417595,0.38772526,0.86646974,0.61030376,0.4748989,0.27991655,0.41308612,0.27048716,0.74011695,0.99669033,0.27048716
AGGACCGGACAAACAGAG,0.4412584,0.6174205,0.16322988,0.104494914,0.2599722,0.3999139,0.14687833,0.5729893,0.37684217,0.37696555,0.24023053,0.23608734,0.16499557,0.20109499,0.08199752,0.18662977,0.1306731,0.08800234,0.13142678,0.11729704,0.25576255,0.20239882,0.15115835,0.14506744,0.16535372,0.23832564,0.6174205,0.08199752
AGGAACGAACAGACAGAG,0.3113213,0.4424789,0.171075,0.04985279,0.2247716,0.2586908,0.22800058,0.44435337,0.26372448,0.40402567,0.2577584,0.2232648,0.17618717,0.15019836,0.11107121,0.14052257,0.112502046,0.050450526,0.06876289,0.1481328,0.198482,0.1330739,0.12535647,0.1224923,0.12809855,0.19778593,0.44435337,0.04985279
GAGGACTATCATGCACGG,0.9961108,0.9938035,0.97534966,0.9907359,0.9898708,0.9708465,0.86513066,0.9185344,0.9443326,0.9488752,0.6335333,0.28195536,0.5430686,0.35855478,0.756182,0.7106383,0.83496004,0.8492713,0.56617963,0.9056973,0.46811703,0.772623,0.68853796,0.6559024,0.68596214,0.7721909,0.9961108,0.28195536
ACGAAGGAACAAACAGTG,0.8726883,0.7222067,0.73650503,0.81614435,0.66906244,0.75402194,0.5565506,0.6458851,0.7553277,0.68308437,0.2919314,0.48775175,0.24506402,0.40108967,0.23037784,0.18983799,0.14479603,0.06169656,0.1038541,0.26805115,0.2466758,0.13056199,0.12965485,0.13078107,0.13351023,0.41628447,0.8726883,0.06169656
GGGGCCTTCCCTGAGCTG,0.96954346,0.8648328,0.9334864,0.9462642,0.8603749,0.9379712,0.3126755,0.6139746,0.8131391,0.724321,0.9968307,0.61136144,0.61165875,0.99615556,0.984156,0.9273414,0.9390572,0.9772836,0.8250035,0.96616757,0.9071489,0.9233082,0.9823856,0.88668543,0.9840162,0.85980576,0.9968307,0.3126755
TAGACAGGGCTAACTGTG,0.96353006,0.97111815,0.93609947,0.89974445,0.943407,0.87767863,0.6914534,0.9240245,0.9229696,0.49942952,0.8681466,0.97298247,0.7442148,0.94133747,0.93504643,0.6824054,0.83209205,0.8187666,0.5218446,0.9057312,0.58622754,0.7902263,0.7159027,0.6688408,0.68740547,0.812025,0.97298247,0.49942952
ACGAAGGGACAGACTGCG,0.8137593,0.6497855,0.5610878,0.62245685,0.43819594,0.7094806,0.43046007,0.56813246,0.8008347,0.35653892,0.6126453,0.9304922,0.46181485,0.69634664,0.48282048,0.45162782,0.47359496,0.19814003,0.221726,0.74805087,0.33905464,0.30691543,0.22702289,0.19612665,0.20174487,0.49995425,0.9304922,0.19612665
AGGAACGAAAATCCAACG,0.061717626,0.20500484,0.22232838,0.017323164,0.16113344,0.42926994,0.14790909,0.37742743,0.14919403,0.17420141,0.2209794,0.18124445,0.16934784,0.123244025,0.11083684,0.17935094,0.16212785,0.059035853,0.055666197,0.1422907,0.22054288,0.1570052,0.13974343,0.15578327,0.15454265,0.16709001,0.42926994,0.017323164
AATTACACTATTGGATGG,0.99948734,0.9986739,0.9989848,0.998655,0.999546,0.99521655,0.9816823,0.98534226,0.9594886,0.9638592,0.989294,0.98713565,0.99370456,0.998408,0.9986069,0.8632821,0.960443,0.9348481,0.7394073,0.98751616,0.87582105,0.95249206,0.93386096,0.9367429,0.9347368,0.95868945,0.999546,0.7394073
GGGCAACGGAAGACTACT,0.15950806,0.139484,0.15832897,0.04455172,0.09548225,0.41077396,0.077173494,0.43252558,0.19950029,0.15840504,0.12124379,0.06599034,0.1135886,0.014080152,0.03876395,0.28576428,0.15008692,0.09414603,0.15218407,0.20097806,0.17063309,0.30546945,0.19752848,0.1941926,0.20672306,0.16748424,0.43252558,0.014080152
GAGGACTTTCATGCACGG,0.99784815,0.99219364,0.9756474,0.9938708,0.99738985,0.9828968,0.78549457,0.90955323,0.94724524,0.94965076,0.9224587,0.6141482,0.8131289,0.9791242,0.993828,0.87089825,0.92663693,0.96912444,0.82808566,0.9730657,0.6767636,0.9162205,0.9298266,0.8697426,0.9482596,0.910524,0.99784815,0.6141482
GAGGACATTCCTGCGCTG,0.99763966,0.99495214,0.98411006,0.9900318,0.9897512,0.99179876,0.79033655,0.9005898,0.9732321,0.9345634,0.98546433,0.8116065,0.865071,0.9640363,0.9901039,0.95489275,0.9637213,0.9780815,0.8345389,0.99049455,0.8215096,0.89185506,0.92567927,0.8060157,0.9195384,0.92998457,0.99763966,0.79033655
GAGACCAGTCAGGCTGGG,0.9985408,0.9982633,0.978837,0.9894467,0.99818355,0.96246094,0.8799756,0.9656059,0.96583956,0.8482151,0.99316365,0.98512673,0.9157027,0.98205394,0.98188907,0.9356935,0.8852291,0.9197973,0.7778362,0.9815125,0.74879736,0.7251604,0.71963114,0.46027148,0.5252508,0.88489944,0.9985408,0.46027148
AGGAACGGAGATACCGAG,0.53304625,0.41984907,0.34692395,0.14418839,0.27530655,0.4463725,0.18527941,0.53773695,0.45668745,0.540385,0.301902,0.57187265,0.2787329,0.20620972,0.22493519,0.2760877,0.40971294,0.09013423,0.0919033,0.3292284,0.19554634,0.26278603,0.18904643,0.18784681,0.1773081,0.3071611,0.57187265,0.09013423
TATAACACTAGTGGGCGG,0.999437,0.99942863,0.99904376,0.9981951,0.9994017,0.9979105,0.9685773,0.9821294,0.98385024,0.95842034,0.99583274,0.99604917,0.99351776,0.9987125,0.9986901,0.93081427,0.89384454,0.91291666,0.626535,0.9892909,0.8711246,0.9211779,0.8899711,0.89000165,0.86608875,0.94643843,0.999437,0.626535
GGGGTATACACTGAGCTG,0.49365377,0.15403809,0.9223703,0.6014705,0.18482803,0.6409228,0.22721106,0.55299366,0.5610426,0.44611457,0.15751146,0.03294868,0.17641407,0.015319008,0.14615248,0.25191027,0.54336965,0.43026006,0.28745353,0.5821243,0.27715024,0.8472542,0.81716233,0.76457095,0.8833587,0.4399042,0.9223703,0.015319008
GAAGGAATCATCGAGATT,0.99816906,0.99524444,0.97869056,0.9838187,0.984667,0.9757738,0.8046073,0.88991827,0.95371014,0.8849509,0.38615757,0.32795066,0.48905307,0.31007174,0.55969477,0.5745634,0.6004574,0.38976246,0.29093963,0.86303806,0.24012285,0.46679232,0.3115412,0.37259072,0.25943908,0.635669,0.99816906,0.24012285
TTACAGGGTACATCTTAG,0.9708621,0.9924256,0.98324275,0.9522139,0.94656444,0.88396347,0.9343143,0.91488284,0.9381158,0.89825326,0.7583553,0.94993484,0.7940214,0.9562631,0.97637254,0.56865555,0.82836074,0.8676422,0.707237,0.89347154,0.7605369,0.9354324,0.9272133,0.9282454,0.96604973,0.8893052,0.9924256,0.56865555
ACGAACGAACAAACAGAG,0.7286244,0.74757284,0.42977205,0.24945585,0.4252914,0.573586,0.36353636,0.56634724,0.49825603,0.5720692,0.37018898,0.624791,0.27835608,0.51677734,0.23912503,0.21533379,0.18052912,0.05845941,0.108237855,0.2430312,0.38462847,0.13937673,0.13135256,0.12813258,0.13891922,0.35647002,0.74757284,0.05845941
ATAGAGTGTACATCGTCG,0.97698176,0.9963247,0.99491715,0.974263,0.93278605,0.9386798,0.9515393,0.8428305,0.93293005,0.94047195,0.8272842,0.95326096,0.9021193,0.9841445,0.99226284,0.80408984,0.89487165,0.94809824,0.6537204,0.97244817,0.5999437,0.91766936,0.8833011,0.8803827,0.9107604,0.90424323,0.9963247,0.5999437
AGGGCCTAGGGATGACGT,0.9388478,0.99124634,0.9840439,0.99023813,0.9434429,0.5971556,0.90581244,0.84013754,0.8970009,0.8196577,0.9419716,0.9917391,0.83966565,0.998891,0.9921444,0.72921973,0.82747906,0.7569264,0.56844324,0.8702598,0.5078882,0.7763054,0.8319222,0.53593785,0.7131273,0.8315803,0.998891,0.5078882
ATAAAGGGTCCAACTGTG,0.9806066,0.9923889,0.98068434,0.9504039,0.97697943,0.8683581,0.821301,0.8997445,0.82951397,0.74364585,0.9030813,0.9747489,0.80768603,0.9319811,0.92703813,0.75023687,0.72817755,0.8870542,0.56151736,0.9512117,0.56043696,0.73685473,0.54114753,0.6391949,0.52418774,0.81872714,0.9923889,0.52418774
AGGAGCGGCGATACCGAG,0.7198534,0.61446995,0.35861748,0.29738167,0.3654073,0.486453,0.2948119,0.5843206,0.42658967,0.500601,0.8949408,0.9413629,0.2747844,0.7145579,0.42605942,0.50381804,0.7139695,0.41159987,0.5165693,0.4788602,0.3467658,0.5264328,0.4258139,0.2630057,0.29336977,0.4952166,0.9413629,0.2630057
TATTAAGCTAGTGGATGG,0.9966017,0.9863436,0.9991477,0.99821115,0.9993981,0.97910327,0.95040166,0.9781332,0.93237126,0.9137636,0.981161,0.98977786,0.9946635,0.9996334,0.9997394,0.81004304,0.96114314,0.9477497,0.60067374,0.99602497,0.8014163,0.96647865,0.972131,0.9547479,0.98001117,0.9475548,0.9997394,0.60067374
AACACCGGCCAGACCGTA,0.99371827,0.99568045,0.855191,0.8966092,0.9774303,0.8798019,0.86790884,0.91914153,0.8688985,0.59854156,0.99728256,0.9952523,0.7331011,0.84051424,0.7679839,0.950322,0.71153855,0.74881434,0.65872204,0.9012154,0.886127,0.490376,0.33770624,0.2717851,0.32334012,0.77868,0.99728256,0.2717851
ACGAAGGGACAGACAGCG,0.8410553,0.63882315,0.47354284,0.63438827,0.45950857,0.75532526,0.4197813,0.5438202,0.7644692,0.42534006,0.43720698,0.8482052,0.32573405,0.55507886,0.34885946,0.31449494,0.23152779,0.11392513,0.17790702,0.56014365,0.2693733,0.2035734,0.1679616,0.1503843,0.15960774,0.4328015,0.8482052,0.11392513
GGGGTATATACTGAGCTG,0.71564656,0.43778062,0.9701047,0.78996277,0.32824773,0.7031819,0.22125578,0.5766495,0.6589373,0.5895094,0.14524984,0.061418127,0.34896708,0.14423168,0.8081022,0.3021792,0.77226275,0.52379215,0.2835332,0.8077196,0.23687236,0.9172228,0.9240554,0.87685424,0.95844823,0.5640874,0.9701047,0.061418127
TTACGGGGTACATCTTAG,0.95793456,0.9926685,0.9670004,0.9559349,0.93765086,0.8349603,0.9107993,0.9092456,0.9227263,0.91910523,0.88092756,0.97557664,0.72516316,0.9964115,0.99260604,0.5884151,0.85987383,0.9376234,0.7687714,0.85361755,0.7404677,0.9498755,0.96512765,0.93604,0.9846273,0.898526,0.9964115,0.5884151
AGGAACCATAAGCCAACT,0.29791486,0.78445995,0.49776927,0.03478701,0.21245979,0.63559,0.333694,0.7298619,0.1445097,0.28558215,0.30999595,0.31970856,0.24920608,0.24059168,0.17971471,0.31300548,0.18897308,0.09038348,0.10524399,0.2678257,0.42311767,0.2789781,0.20213947,0.22237818,0.2247772,0.30290672,0.78445995,0.03478701
GACGACAATCGTGGACGG,0.9988984,0.9990224,0.9957444,0.9967266,0.99850976,0.9837896,0.9470609,0.9620676,0.9835232,0.95021313,0.98383945,0.9753499,0.9433776,0.9840953,0.9850875,0.9294296,0.90078175,0.61177784,0.695135,0.9697435,0.69105744,0.69539905,0.6031178,0.45295972,0.42158127,0.8663316,0.9990224,0.42158127
GAGGTCTATCGTGCGCTG,0.9960374,0.9965389,0.9941697,0.99310553,0.99072975,0.9740721,0.8659016,0.91507053,0.980638,0.9542888,0.99504167,0.9838168,0.96694714,0.99990255,0.9998684,0.94780195,0.9780098,0.9935188,0.927881,0.99384373,0.8491571,0.9598632,0.98947394,0.93100494,0.99135435,0.9667215,0.99990255,0.8491571
AATACCACGGTGTGTCTA,0.9988791,0.9995677,0.9967903,0.9976469,0.99917144,0.9680785,0.98739,0.9624009,0.98891443,0.93288255,0.9994329,0.9993313,0.9933432,0.99978685,0.99972236,0.98437816,0.978739,0.98812914,0.8843527,0.99615425,0.9371724,0.9295381,0.92819875,0.85484713,0.9018153,0.9682664,0.99978685,0.85484713
GACGCCAGGCTGGCTGTT,0.99874467,0.9981549,0.97740674,0.99300253,0.9993019,0.9785647,0.9299296,0.9702548,0.98493725,0.8483762,0.99979997,0.99951106,0.9678339,0.99980617,0.999482,0.98910475,0.9736516,0.991985,0.93094367,0.9957803,0.93411946,0.8835882,0.9531608,0.6765721,0.8922385,0.95465016,0.99980617,0.6765721
AATTACACGATGGGACGA,0.9989268,0.9989396,0.9969311,0.99657,0.9990828,0.9886237,0.99184513,0.96944916,0.9732457,0.9229572,0.9901059,0.9911132,0.97919387,0.99481326,0.9943429,0.8669949,0.9084217,0.8757841,0.7271091,0.9773641,0.7379309,0.788546,0.61446863,0.71103716,0.51289463,0.90026766,0.9990828,0.51289463
AACCGGGTCATCCACAAT,0.99722207,0.9956086,0.860668,0.95054793,0.9654752,0.960476,0.7650224,0.83168703,0.8002483,0.9235116,0.98462754,0.9834643,0.5856348,0.9147104,0.8615992,0.8567206,0.72444457,0.9264527,0.7316781,0.8843472,0.80781764,0.7332118,0.45807928,0.5240465,0.48600072,0.820532,0.99722207,0.45807928
AACAGCGGCGAGACCGTA,0.97685087,0.98535436,0.85553944,0.90795594,0.95949715,0.8527574,0.8085884,0.91947985,0.79971975,0.6915277,0.9958655,0.99778455,0.81424624,0.9596124,0.9287817,0.91355544,0.8261137,0.74752057,0.75722975,0.9409545,0.67558634,0.4633217,0.29412106,0.22543153,0.25039437,0.7819116,0.99778455,0.22543153
AGGCAACGTAAGCATACT,0.18231522,0.34358418,0.31758353,0.044240654,0.14345571,0.6819758,0.10013525,0.6103901,0.09923839,0.14538331,0.24076341,0.2998817,0.25922596,0.22865058,0.18696487,0.42448628,0.2891595,0.10721136,0.29782775,0.45792738,0.3624754,0.42372417,0.25698298,0.29730955,0.25842357,0.28237262,0.6819758,0.044240654
ACGAAGGGTCAAACTGTG,0.99024945,0.9518698,0.9221855,0.9597046,0.9203573,0.90256166,0.67693216,0.8636408,0.87434584,0.64523894,0.5847575,0.9245983,0.5242397,0.8264997,0.68692046,0.59708035,0.69632983,0.52876884,0.5902466,0.91195524,0.37861374,0.5242346,0.35801652,0.34736255,0.28799412,0.6989882,0.99024945,0.28799412
AGGGGCGACGACGGAGAT,0.94723755,0.96275836,0.79176325,0.89364064,0.8864726,0.82618827,0.4105261,0.8075061,0.5314113,0.8706389,0.8829839,0.9465791,0.22682264,0.56671697,0.13779484,0.2811011,0.434597,0.23398715,0.38675666,0.23816842,0.25679508,0.41291845,0.3572733,0.19833021,0.21283717,0.54807216,0.96275836,0.13779484
ATACAATGTGCATCGGCG,0.98972785,0.9978835,0.9943269,0.97256,0.974583,0.9232026,0.89571095,0.8612512,0.94005775,0.9210813,0.9907699,0.9969443,0.9834832,0.9978958,0.99824196,0.9767461,0.97522026,0.9797422,0.86955804,0.9970114,0.8715002,0.9146054,0.87481064,0.86838406,0.8551728,0.94481885,0.99824196,0.8551728
AATTACACGATTGGATGA,0.9981457,0.9963564,0.99774694,0.9965872,0.9993575,0.98198235,0.98561394,0.96023464,0.9433097,0.9417345,0.98177403,0.98486704,0.98586076,0.996148,0.99612707,0.8598563,0.9600527,0.89487636,0.77961904,0.9844381,0.7943708,0.9070036,0.83410156,0.8725087,0.8027916,0.9374186,0.9993575,0.77961904
AACAGCGGCGTTGCTGTA,0.9969312,0.99567485,0.98163664,0.9875648,0.9994946,0.9563829,0.8831914,0.9709877,0.93059117,0.7286172,0.9998943,0.9998758,0.99221706,0.9999686,0.9998522,0.98783785,0.99178594,0.9919122,0.96206874,0.9979914,0.93198895,0.91977865,0.9536024,0.7362185,0.8972001,0.95173067,0.9999686,0.7286172
ACGACCGGACAAACAGAG,0.89404863,0.86516947,0.38169914,0.4193535,0.48821488,0.69088876,0.32194963,0.6924324,0.59291697,0.50314003,0.47116894,0.78567696,0.33299947,0.62053764,0.2760556,0.358509,0.23834327,0.1231205,0.25126845,0.31194437,0.50447583,0.24619001,0.18982093,0.16766796,0.19738057,0.43699893,0.89404863,0.1231205
GAAGCCATTACTGAGCTG,0.99793106,0.9974992,0.9940946,0.9943166,0.9950966,0.99214655,0.7921282,0.8901952,0.97950983,0.95009226,0.9646524,0.9356499,0.9161545,0.97785103,0.98937756,0.92785186,0.91569793,0.9215949,0.68002516,0.98318666,0.7605705,0.84502125,0.7809869,0.7266681,0.7393939,0.9059076,0.99793106,0.68002516
AGACAGCGTAAGTCTGCG,0.9895432,0.99452996,0.96120757,0.93841815,0.9641013,0.9221023,0.75722903,0.80954975,0.7419969,0.74851674,0.9571768,0.980765,0.89685595,0.97780234,0.97620213,0.9071903,0.9180403,0.7810173,0.8023557,0.97336376,0.66777325,0.7425869,0.6714021,0.5313674,0.5273465,0.84553754,0.99452996,0.5273465
TTACGGGGTATAGATAAG,0.98410463,0.9955108,0.980512,0.975719,0.98226434,0.9440285,0.77240074,0.9282166,0.87761176,0.89554363,0.7352056,0.97512203,0.73055345,0.9977804,0.99681973,0.4095454,0.75834465,0.70267576,0.6295592,0.85442984,0.3930239,0.9193399,0.88366985,0.9007201,0.9469544,0.8467863,0.9977804,0.3930239
AATAACACGGTGGGTCGA,0.99854976,0.99887,0.99742645,0.99678993,0.99972355,0.98111373,0.983818,0.9642194,0.9762705,0.9407251,0.99921995,0.9995201,0.9951825,0.9998107,0.9995443,0.9695675,0.96069634,0.95403266,0.8520867,0.99399847,0.81685364,0.8439757,0.76720744,0.6375162,0.55590063,0.92730486,0.9998107,0.55590063
AAAGGAATTATCGATATT,0.9971775,0.9974697,0.9889052,0.9822144,0.99187243,0.9796571,0.7613715,0.9513619,0.94128907,0.83155715,0.60862994,0.88037956,0.8890784,0.94678044,0.9685225,0.5683065,0.8272871,0.42224765,0.31944364,0.923026,0.35449338,0.7061487,0.5010992,0.65619653,0.43970114,0.7773686,0.9974697,0.31944364
TTACGGGGTATAGCTAAG,0.99390286,0.99790037,0.98877686,0.98300225,0.99240524,0.9789038,0.87339747,0.95301217,0.9346639,0.93371284,0.9230616,0.9925066,0.83454216,0.99940026,0.9989003,0.57321477,0.87690574,0.8777955,0.7183086,0.9375244,0.5774875,0.9426344,0.9397385,0.91921175,0.97261137,0.90854096,0.99940026,0.57321477
GAACGGGGCACCCATAAT,0.9164636,0.9670576,0.55154467,0.77577835,0.79336655,0.86383075,0.7698798,0.80772483,0.72743225,0.7625528,0.8203305,0.7771791,0.198415,0.3786512,0.123564675,0.6614724,0.4727865,0.66210306,0.5987828,0.6689515,0.41023186,0.47075936,0.26501372,0.23841003,0.27090582,0.5981275,0.9670576,0.123564675
AACACCGGCCAGACTGTA,0.9878336,0.993774,0.8190212,0.8307241,0.97293687,0.80497503,0.8400555,0.87789255,0.8884178,0.4535419,0.99682474,0.9953218,0.8063671,0.8784227,0.84265953,0.95069003,0.8078647,0.8628008,0.69155157,0.93993485,0.88843274,0.5629904,0.3736125,0.3187934,0.34457088,0.7892006,0.99682474,0.3187934
GAACAGGGCACATCTTAT,0.96703744,0.9833446,0.9362929,0.95580405,0.9685077,0.8241742,0.951748,0.917843,0.9397506,0.8665466,0.70875365,0.87868977,0.44845477,0.7579217,0.5905606,0.7436377,0.77327543,0.721378,0.6484525,0.89284384,0.4897724,0.5735169,0.38218123,0.3545454,0.34918666,0.7449688,0.9833446,0.34918666
AGGAACGAAAAACGAAAT,0.056621574,0.2943346,0.16045739,0.04300649,0.18744053,0.35997227,0.09819661,0.3719293,0.1234494,0.37489226,0.16388854,0.1393538,0.11002824,0.078040235,0.06348589,0.109164126,0.09902073,0.027011417,0.042816296,0.08925832,0.12124408,0.07924298,0.086101696,0.09929693,0.09458099,0.1389134,0.37489226,0.027011417
AGGAAGCATAAGCCAACT,0.36479172,0.71894264,0.5968033,0.11914361,0.26656893,0.7800879,0.34356698,0.6492404,0.21719743,0.31115147,0.23510522,0.18369028,0.17031503,0.10652173,0.12597202,0.26331985,0.18726134,0.080316775,0.12874092,0.3184335,0.24002552,0.2372185,0.1732594,0.19918104,0.19066176,0.28830066,0.7800879,0.080316775
AAGACCGGACAAACAGTG,0.86292183,0.91317046,0.5591837,0.67431957,0.8257903,0.8019043,0.47870016,0.8798468,0.76400614,0.61239344,0.51495445,0.81509614,0.38991594,0.6881986,0.38704795,0.40731758,0.19900258,0.15144931,0.18285929,0.39936504,0.414115,0.21349587,0.17789117,0.16259164,0.1798448,0.5062153,0.91317046,0.15144931
AACCGCATCATCGATATT,0.99816155,0.9980273,0.9620287,0.96766704,0.9933698,0.9908899,0.7910373,0.9405206,0.9482548,0.90596515,0.98422104,0.98717535,0.87261003,0.9154628,0.9462939,0.9233705,0.8731176,0.91931105,0.82258606,0.9343805,0.90264565,0.791225,0.5921465,0.68246317,0.5582966,0.888049,0.99816155,0.5582966
GGGCAACGGAACCACATT,0.5716993,0.4332529,0.32430935,0.19465029,0.16676944,0.60682154,0.07367133,0.4867025,0.14449409,0.50439554,0.12245082,0.041995928,0.11402653,0.015364395,0.023233753,0.3025274,0.13440157,0.11936939,0.17816052,0.124297276,0.22621946,0.32455942,0.19395137,0.19139862,0.22854617,0.23389076,0.60682154,0.015364395
TTACAGGGTACATCGTAG,0.98884356,0.99655265,0.98396087,0.9722242,0.94452983,0.9428574,0.94558746,0.90559334,0.9540282,0.9348653,0.8829105,0.9745862,0.8453137,0.9765688,0.98344815,0.577591,0.715472,0.7988102,0.70549864,0.89678293,0.7428784,0.91919553,0.8976533,0.90572107,0.9433016,0.89339113,0.99655265,0.577591
GAGACCAGTCTGGCTGTG,0.99921757,0.99869394,0.98964787,0.99294084,0.9991417,0.98307663,0.9357987,0.9828137,0.9882341,0.87306297,0.99853545,0.995428,0.973956,0.9992986,0.9990685,0.97458476,0.9757625,0.98672396,0.8537728,0.9932701,0.8843317,0.9062459,0.9460516,0.7589617,0.9063989,0.9558008,0.9992986,0.7589617
AGGTAACAGAACCAAAGT,0.19632284,0.23097971,0.46118855,0.09112218,0.1329562,0.3019066,0.18941224,0.4449561,0.051343415,0.1781564,0.17532052,0.11327306,0.128692,0.035497267,0.035881825,0.12575471,0.07985347,0.04389125,0.04775157,0.05647993,0.21591039,0.19481742,0.1370988,0.19682863,0.17189999,0.16149181,0.46118855,0.035497267
TAACGCATTATCGATAAG,0.9977447,0.9992052,0.9840832,0.9804816,0.99413216,0.9870421,0.8343687,0.95121354,0.94823223,0.94287276,0.92414373,0.9611534,0.91935205,0.97257125,0.9842443,0.8667255,0.8997866,0.87214243,0.8020561,0.9608147,0.79936856,0.8986742,0.7938922,0.88705724,0.8467006,0.92032224,0.9992052,0.7938922
AGGAACCAAAAGCGAACT,0.03770321,0.22036852,0.17736544,0.020935144,0.14108057,0.3350426,0.09715722,0.42817348,0.0831891,0.22161414,0.28027377,0.25833663,0.21620531,0.19725174,0.13533132,0.22118625,0.13066806,0.04643499,0.058726087,0.18679745,0.27525714,0.14783132,0.1362759,0.1333868,0.14397511,0.17322268,0.42817348,0.020935144
GGGCAACGTAACCATACT,0.41675735,0.54800904,0.36867514,0.09090541,0.14390643,0.7734041,0.073174484,0.6652372,0.16135146,0.2718274,0.12559722,0.041198224,0.12666586,0.018219676,0.032141343,0.32291055,0.18514057,0.1088767,0.22095685,0.17138386,0.2801214,0.49189606,0.26325664,0.32506987,0.31356528,0.26160994,0.7734041,0.018219676
ACGAAGGAACAGACAGTG,0.91816026,0.7309168,0.71750295,0.8263284,0.66284794,0.704387,0.5912686,0.59954906,0.83403945,0.6026639,0.37407362,0.6446886,0.3416352,0.49417362,0.33986604,0.22948591,0.17240416,0.07553513,0.12250992,0.4231031,0.2774045,0.16343784,0.15684608,0.1461923,0.15065035,0.45198682,0.91816026,0.07553513
ATAGAATGTGCATCGTCG,0.94744074,0.99408156,0.99541354,0.969324,0.93245816,0.8874737,0.9156373,0.80558944,0.9173905,0.92664146,0.9427107,0.9870466,0.9676357,0.9970187,0.99799424,0.945143,0.975816,0.9788336,0.7591077,0.99587333,0.70633125,0.9271957,0.90716547,0.88377815,0.90710557,0.9268083,0.99799424,0.70633125
ATAGAATGGGCATCGGCG,0.9031796,0.99029255,0.9892258,0.93808424,0.91058207,0.7421948,0.8616432,0.6318203,0.8764218,0.8710179,0.9711098,0.99631697,0.95993876,0.9976614,0.996224,0.9176094,0.9419167,0.95305204,0.7284719,0.9904966,0.59665215,0.82394034,0.7786409,0.6925848,0.6771919,0.8694508,0.9976614,0.59665215
AAGTACTATAGTGGACGG,0.9906244,0.9933426,0.997547,0.99419296,0.9957068,0.97448426,0.9578394,0.96689445,0.96306235,0.93575674,0.9700735,0.98420274,0.98935485,0.999029,0.9986258,0.82378924,0.914818,0.8111439,0.39994863,0.9859047,0.65966654,0.8967255,0.8457771,0.8295227,0.7915466,0.90678316,0.999029,0.39994863
TATAACACTCGTGGGCGG,0.99964917,0.999663,0.998645,0.9984527,0.99954873,0.9975204,0.96421933,0.98326236,0.9813997,0.96281046,0.99934846,0.9982053,0.9948449,0.9992919,0.9993424,0.9683582,0.94115657,0.9759947,0.8574895,0.99246275,0.9448974,0.9358324,0.93854624,0.90955216,0.93065155,0.9708458,0.999663,0.8574895
ATAAAGAGTCCATCTGCG,0.98324686,0.9981476,0.99088174,0.9542235,0.9774121,0.9134584,0.9165863,0.9135777,0.91368574,0.80807406,0.92716384,0.9737389,0.88892066,0.91248953,0.9435589,0.84294724,0.9120604,0.9074716,0.5047046,0.97223264,0.7111014,0.7790108,0.585648,0.72834694,0.5760864,0.86139107,0.9981476,0.5047046
AAGTACAATAGTGGACGG,0.9925903,0.9958573,0.99697995,0.99294573,0.9961796,0.9826865,0.9595453,0.97603637,0.9734621,0.9083855,0.92072123,0.96544915,0.97114,0.98296875,0.9841456,0.7001387,0.7826673,0.33666083,0.23375371,0.9604581,0.45239654,0.67316216,0.47551274,0.5730796,0.33756414,0.80497956,0.99697995,0.23375371
GAGACCAGTCTTGCTGTG,0.9992988,0.9986351,0.9901136,0.9941425,0.9993214,0.9859816,0.90332896,0.97794396,0.9865765,0.8779871,0.99721414,0.9898004,0.9724734,0.9990136,0.99905926,0.9739903,0.98365694,0.9845968,0.8717646,0.99262387,0.90778404,0.93352926,0.96607006,0.86020285,0.9601446,0.96421015,0.9993214,0.86020285
TAACGGGTCATCCATAAT,0.9885821,0.9954078,0.83187026,0.9320724,0.9766854,0.94714147,0.7945425,0.89201874,0.8528009,0.88133836,0.89284736,0.9261126,0.54244184,0.9191979,0.89593077,0.7709956,0.80758786,0.9307397,0.7087018,0.9202954,0.71347433,0.8703038,0.7636362,0.8254571,0.84311163,0.8569317,0.9954078,0.54244184
GTACAATGGGCATCGACT,0.90666705,0.99036074,0.9710211,0.9098068,0.90597755,0.8507991,0.88797545,0.7738982,0.9307018,0.8706534,0.8498188,0.9793223,0.8202511,0.97105837,0.98714495,0.90877664,0.89904284,0.93011963,0.7723697,0.97650445,0.62938565,0.8405157,0.7616718,0.7421866,0.77050924,0.8734616,0.99036074,0.62938565
AAAGACATTATAGATGTG,0.9921839,0.99686635,0.99557775,0.9873389,0.99709165,0.97767746,0.8891882,0.9550872,0.9407018,0.9260097,0.84528834,0.96198434,0.9642614,0.97314197,0.98152524,0.6699446,0.7472907,0.4238337,0.30281234,0.95839304,0.50539196,0.72106004,0.4572308,0.6397419,0.3568614,0.8066594,0.99709165,0.30281234
TAACGGATTATCGATAAG,0.9982275,0.99907947,0.9884399,0.9917775,0.99657047,0.9915234,0.7952707,0.94860494,0.96919906,0.95346063,0.8436098,0.9494755,0.90141165,0.9873156,0.9913141,0.7684362,0.91406274,0.776761,0.6388285,0.9600949,0.5858033,0.8974836,0.80872756,0.8761849,0.85427105,0.8954373,0.99907947,0.5858033
AACATCGTCATCAACAAC,0.99171495,0.98236346,0.8536788,0.61979103,0.9681506,0.90609896,0.7707891,0.8380991,0.74038666,0.80504197,0.891676,0.95816207,0.6512035,0.8437001,0.77812266,0.68931645,0.6951267,0.7770844,0.75172234,0.91670537,0.81686187,0.68719554,0.35158214,0.64407665,0.412936,0.7736634,0.99171495,0.35158214
GGAGCAATTACCGAGCTG,0.99799544,0.9941263,0.99191844,0.9725715,0.9426051,0.97156924,0.4815154,0.76130015,0.9260745,0.869002,0.4353744,0.17914218,0.46012247,0.12604252,0.5000214,0.6638219,0.4068987,0.38874078,0.3705297,0.73139524,0.40101457,0.6695504,0.5392901,0.5166034,0.5077301,0.6321982,0.99799544,0.12604252
AACAGCGGCGATGCCGTA,0.9907619,0.98821807,0.9625852,0.9797196,0.9978799,0.96635836,0.7925613,0.95244956,0.875933,0.80362535,0.9992529,0.9993238,0.9480301,0.9967818,0.9931428,0.97124493,0.9629264,0.95673406,0.89857167,0.9894408,0.8337647,0.71200144,0.617197,0.36604467,0.38651818,0.87764275,0.9993238,0.36604467
AGGAAGGAACAGACAACG,0.17937993,0.20273799,0.17813553,0.14275554,0.115301505,0.43727633,0.21451823,0.29664388,0.26988947,0.25938472,0.15922935,0.09655584,0.089411065,0.045143567,0.064522535,0.1034979,0.07780867,0.041932825,0.05194863,0.10447285,0.11665084,0.101783074,0.097140074,0.10873553,0.10773685,0.1465037,0.43727633,0.041932825
AACAGCGGCGAGACTGTA,0.95320034,0.9787431,0.80995953,0.8497943,0.9487789,0.76807106,0.77861345,0.88741547,0.79085785,0.5255647,0.99510455,0.9978904,0.87851495,0.98309433,0.96275514,0.91431856,0.8961694,0.86504054,0.7848909,0.96679765,0.6770022,0.5404809,0.38875133,0.26689258,0.2712678,0.7871988,0.9978904,0.26689258
GTGGGCGCATTTGCTGTA,0.99412656,0.95767653,0.9432606,0.97547305,0.992602,0.90042746,0.7676045,0.9616831,0.94855046,0.8967518,0.98824835,0.9683176,0.8207075,0.99974334,0.99934715,0.92322135,0.9808969,0.99226034,0.93868375,0.9852019,0.7538241,0.9704829,0.9951456,0.94330096,0.9966236,0.94376653,0.99974334,0.7538241
GACGACATTAGTGGATGG,0.99797237,0.9928289,0.99803835,0.9968162,0.99931616,0.9849209,0.8769451,0.955725,0.97317165,0.9407876,0.97759587,0.9846582,0.9839769,0.9994353,0.99890125,0.94385374,0.9446502,0.86667156,0.7427108,0.9933992,0.6721782,0.87974185,0.8947729,0.747483,0.7999969,0.92586195,0.9994353,0.6721782
GGGCAACGGGTATCGACT,0.8327208,0.9237073,0.8256262,0.70664597,0.75263417,0.82787216,0.43808952,0.73108274,0.7318574,0.5486845,0.695179,0.87160754,0.43579957,0.87328035,0.9113279,0.64191943,0.76173836,0.46687728,0.6344946,0.82300687,0.40532216,0.7298969,0.75082546,0.4627404,0.66444945,0.6978954,0.9237073,0.40532216
AGGTACCAGAACCGAAGT,0.3620407,0.7469175,0.6832371,0.30062574,0.44049132,0.5856374,0.31370524,0.70908505,0.16658808,0.4636984,0.28616086,0.2078275,0.24301891,0.09963466,0.0668106,0.24982977,0.14480658,0.11907458,0.10176704,0.10082761,0.37350667,0.36953977,0.2190228,0.27489325,0.24452442,0.31493086,0.7469175,0.0668106
AGGAAGCATAAGACAACT,0.4605821,0.5990548,0.4055373,0.16134572,0.17462113,0.6766538,0.3588492,0.6097985,0.3394748,0.28771877,0.195788,0.14377156,0.12691514,0.08186103,0.109424464,0.13497806,0.11461368,0.047196057,0.08992443,0.1837333,0.16694373,0.1655277,0.13802262,0.1692868,0.15089959,0.24370085,0.6766538,0.047196057
AAAGACATTCTAGCTGTG,0.99768865,0.99905735,0.9960252,0.9934622,0.9989579,0.9880728,0.9467733,0.9729098,0.9533658,0.9507578,0.98597455,0.9899336,0.9787397,0.9896315,0.9944662,0.9046251,0.9430938,0.93092024,0.65855217,0.98757565,0.8154546,0.8732091,0.7592767,0.77661145,0.7022788,0.92349654,0.99905735,0.65855217
AACAGCGGCGTGGCTGTA,0.9959802,0.9960671,0.9806246,0.9851209,0.99933106,0.9523316,0.92674375,0.9759952,0.9356278,0.7639919,0.9999495,0.99995464,0.9927587,0.9999806,0.99984384,0.9878296,0.9878183,0.99266386,0.9560756,0.9981181,0.9167211,0.88431144,0.92371655,0.5780156,0.76775587,0.939893,0.9999806,0.5780156
GAGCAACGGGCATCGACT,0.70712227,0.9153519,0.73998916,0.808015,0.85178936,0.8317202,0.6341438,0.82226336,0.8603844,0.63242835,0.8953684,0.94301385,0.49164852,0.7650671,0.7651085,0.85695624,0.74753785,0.6844875,0.72462076,0.8860951,0.5226811,0.5341451,0.3829121,0.27602637,0.2980611,0.7030775,0.94301385,0.27602637
ATAAAGTGTCCATCTGCG,0.9806356,0.99761254,0.99353373,0.96211165,0.98536545,0.8595445,0.9070517,0.89197093,0.85384643,0.8856803,0.97266215,0.9863147,0.9562165,0.9899349,0.9951733,0.94229907,0.9677854,0.9900793,0.8194877,0.9939659,0.8441362,0.9258894,0.89589745,0.9007911,0.91716975,0.9366062,0.99761254,0.8194877
GACTTGGGCTCCTGCTGT,0.9980283,0.9972317,0.99499285,0.9987454,0.9996767,0.9512221,0.97650117,0.98004353,0.99064666,0.9480387,0.99965847,0.99949664,0.97545284,0.99999756,0.9999731,0.9865833,0.9899702,0.99850714,0.95189875,0.997871,0.9607753,0.9709578,0.9945358,0.9494823,0.9959061,0.98424774,0.99999756,0.9480387
ATCGCCATCATCAACATC,0.9994205,0.9983118,0.95562315,0.93550575,0.88699657,0.97533387,0.86467516,0.8659629,0.92261463,0.82659954,0.8591513,0.8740747,0.5147568,0.6532168,0.47577628,0.6895716,0.51593804,0.8886254,0.78035605,0.7225063,0.8889124,0.7766782,0.5331751,0.785854,0.65473205,0.7937747,0.9994205,0.47577628
ATAAACAGTCTAGCTGAG,0.9972001,0.99904424,0.9937974,0.96017766,0.9962948,0.9658567,0.9376086,0.9613939,0.91158706,0.90686435,0.9725791,0.98599285,0.9614612,0.9643613,0.97811544,0.8299791,0.91849995,0.9015424,0.6079571,0.9816357,0.75667626,0.8133958,0.5856059,0.7475361,0.54264253,0.8871122,0.99904424,0.54264253
GAGCAACGGGTCACCATT,0.997102,0.98505795,0.89297646,0.9657974,0.9644994,0.9557949,0.6410288,0.9452199,0.945561,0.89105576,0.8830874,0.9309006,0.45138282,0.7479666,0.79739857,0.84134436,0.734029,0.7487809,0.7539891,0.88784844,0.5397919,0.6040693,0.41974062,0.333222,0.36833912,0.76903933,0.997102,0.333222
GAAGACATTATTGATGTG,0.9978694,0.9958234,0.9947852,0.99380076,0.99891967,0.9723722,0.8635341,0.94263494,0.9659176,0.9567311,0.8491952,0.9107959,0.97564596,0.9956765,0.9976718,0.87713027,0.9605827,0.84155834,0.6530602,0.98950064,0.49725372,0.91948426,0.9003055,0.8494377,0.8722726,0.91087836,0.99891967,0.49725372
GACGGCAGGCTGGCTGTT,0.99644125,0.9942853,0.9530484,0.9874001,0.9985167,0.9668642,0.9189015,0.9657397,0.96473515,0.8564178,0.99955076,0.9997448,0.959277,0.9999611,0.9996274,0.977565,0.9724859,0.99023575,0.92557013,0.9954691,0.84213275,0.89080954,0.962788,0.6468356,0.9017029,0.9466442,0.9999611,0.6468356
GAGCAACGGGTCAGCATT,0.99666125,0.98003685,0.90125304,0.9841119,0.97626793,0.95271575,0.5645295,0.9358178,0.9465138,0.9245583,0.939137,0.9727285,0.66356117,0.95273834,0.9524005,0.8778509,0.81208456,0.7883916,0.81478804,0.962102,0.5120363,0.6152111,0.51144207,0.33704892,0.37463328,0.8099449,0.99666125,0.33704892
GACACCAGGCAGGCTGTG,0.99410737,0.9904035,0.9407883,0.9729479,0.99719363,0.9520643,0.8460855,0.9080093,0.95504624,0.76377654,0.9976017,0.9970567,0.9145725,0.9762136,0.979579,0.96153635,0.86187494,0.8885937,0.8136824,0.9810148,0.85313743,0.6564588,0.5764959,0.34403244,0.37813476,0.86001635,0.9976017,0.34403244
AAACGGGTCATCCATAAT,0.98912466,0.9955393,0.8485593,0.93026257,0.9719072,0.9361216,0.75486594,0.811887,0.8196575,0.8762555,0.94374436,0.9708812,0.6594842,0.93534833,0.8867735,0.73908657,0.79634863,0.89294475,0.65961444,0.91004544,0.62712413,0.70872074,0.45662814,0.54142225,0.4411635,0.80414045,0.9955393,0.4411635
GACGACATTCATGGACGG,0.9991038,0.9980223,0.9901718,0.99647427,0.99901706,0.99024993,0.81639487,0.9422036,0.97098696,0.9379509,0.972474,0.94573313,0.92658323,0.9844792,0.9903997,0.9421774,0.92105126,0.91342336,0.8474076,0.9854345,0.75330216,0.81950825,0.763598,0.6848674,0.6841806,0.9110078,0.9991038,0.6841806
TAACGGGGTATACCTAAT,0.986425,0.99835646,0.96265477,0.9399225,0.9792462,0.9790405,0.87753206,0.96578234,0.9202257,0.9338201,0.80994993,0.98069346,0.64083004,0.98757434,0.9798569,0.6784901,0.8002831,0.72950387,0.596185,0.89076334,0.49071112,0.8658773,0.7685577,0.7910361,0.8273189,0.8552256,0.99835646,0.49071112
GATACCGCGGTGTCTGTA,0.9991669,0.9994317,0.99451137,0.9973448,0.9995546,0.9123019,0.97550154,0.9717826,0.9834535,0.9126482,0.99971735,0.99953157,0.98758906,0.99997467,0.99992985,0.9862707,0.9866606,0.9945839,0.9500603,0.9976835,0.9384555,0.9484007,0.98418933,0.8961609,0.9781285,0.9757213,0.99997467,0.8961609
AGGAACGAAGAACGAGAG,0.06775087,0.450868,0.4620255,0.13944402,0.3738449,0.3284768,0.12334179,0.36389032,0.22062625,0.5884947,0.24675085,0.27768162,0.21967566,0.14259478,0.13046299,0.13314348,0.12467525,0.036107585,0.05293024,0.15671076,0.1477361,0.1086231,0.11548155,0.114874825,0.109729625,0.20943765,0.5884947,0.036107585
GATTACATTAATGGACGG,0.99865854,0.9981193,0.9969571,0.99753726,0.99929976,0.99266684,0.92624605,0.9554377,0.9634223,0.95478755,0.7969811,0.8274289,0.9574155,0.96394193,0.9952394,0.7735756,0.8642277,0.7882321,0.70792663,0.98172134,0.60225874,0.9271022,0.8802292,0.92060876,0.9160449,0.9074426,0.99929976,0.60225874
AAACGAATTATCGATATT,0.99822617,0.9989081,0.9896257,0.9841086,0.9955087,0.9856148,0.7497908,0.959109,0.96022815,0.8910866,0.8641249,0.9766099,0.9467309,0.96654445,0.9819402,0.7543544,0.8781979,0.51496494,0.46798262,0.9435583,0.6162732,0.7638615,0.47797102,0.6970667,0.43649212,0.8319552,0.9989081,0.43649212
GACGCCATGATGGCTCGT,0.9992541,0.99938065,0.99047494,0.99448824,0.99953085,0.9854641,0.9472798,0.958625,0.98770916,0.9125365,0.9971085,0.9962474,0.9576719,0.999361,0.99904567,0.9868436,0.97189236,0.9886851,0.91636735,0.99389434,0.89406055,0.8853779,0.92741793,0.75440603,0.88276553,0.95703554,0.99953085,0.75440603
TTACGCATTATAGATGAG,0.98722064,0.9978608,0.9862261,0.950832,0.9882605,0.9392625,0.85813934,0.91458744,0.8804443,0.904576,0.8351555,0.902737,0.9354276,0.97919387,0.99340403,0.6789223,0.842682,0.8672783,0.72939104,0.9597945,0.81100774,0.9479243,0.9392466,0.95203197,0.97094995,0.9101023,0.9978608,0.6789223
AATACTGCGGTGTTTCTA,0.9996575,0.99921864,0.99754345,0.99867094,0.99968374,0.9655138,0.979107,0.96720445,0.9875165,0.94509864,0.9995921,0.9997386,0.9975044,0.99999815,0.99999315,0.9869491,0.99354595,0.997543,0.953275,0.9988712,0.95382744,0.9814651,0.99365544,0.95718706,0.9941455,0.9858603,0.99999815,0.94509864
AAGAGTGCGTTTTTTGTA,0.9964006,0.9242129,0.9725403,0.9905575,0.9985758,0.8450966,0.8527074,0.9443139,0.9510806,0.87495315,0.99773955,0.99878144,0.99687773,0.9999986,0.9999954,0.97638214,0.9929353,0.99465364,0.93077236,0.99832207,0.862354,0.9901985,0.9980996,0.9682904,0.998707,0.9621819,0.9999986,0.8450966
GACGGCATTCAGGCACGG,0.99904794,0.99876606,0.95877403,0.99386317,0.9974771,0.9885423,0.8315906,0.93588483,0.9538813,0.9032932,0.98811066,0.9476957,0.7862071,0.9829671,0.9784953,0.93154967,0.79828894,0.95104575,0.9029078,0.9732319,0.7347242,0.791756,0.7542958,0.5854386,0.6883494,0.8942474,0.99904794,0.5854386
ATACAACGGGCATCGGCT,0.9156325,0.9938339,0.9591911,0.89383835,0.96627635,0.84992784,0.7920105,0.7743919,0.83416563,0.71609664,0.9925263,0.99733204,0.9334588,0.9751404,0.9812556,0.94417006,0.87886715,0.8600339,0.817584,0.9750774,0.83476496,0.73775584,0.56999785,0.5471303,0.44138658,0.84727377,0.99733204,0.44138658
TAGACCAGTCTAGCTGTG,0.9977027,0.99884504,0.991091,0.98922867,0.9984448,0.9890763,0.92016315,0.9872371,0.9797434,0.84070766,0.9904245,0.98601204,0.9496767,0.9909961,0.99435866,0.90566266,0.93977076,0.9542904,0.68518883,0.9766041,0.9023861,0.91527045,0.92076737,0.8802264,0.926625,0.9444199,0.99884504,0.68518883
AGGGGCGACGAACGAGAG,0.13301276,0.58520085,0.34351203,0.32213017,0.20300733,0.40247047,0.22022898,0.42661634,0.19151367,0.726185,0.3770127,0.40941355,0.10767555,0.028434312,0.022235936,0.14404425,0.15154198,0.09374219,0.21131986,0.07967933,0.16772027,0.28342423,0.17581984,0.16162792,0.16684073,0.24537644,0.726185,0.022235936
ATACAGGGTACATCGTCG,0.98495555,0.99799126,0.989082,0.97919166,0.9695283,0.9536456,0.95459384,0.87718076,0.9489464,0.9092007,0.9587091,0.9906308,0.91941595,0.9890304,0.98782927,0.80749565,0.7895468,0.87984884,0.72234935,0.95038205,0.7291589,0.84912807,0.7722522,0.7640094,0.7537694,0.8971149,0.99799126,0.72234935
AGGCAGCGTACGTCTGCT,0.925816,0.95640254,0.88228405,0.7879105,0.9103076,0.8795724,0.6373831,0.9221908,0.76938,0.5246688,0.982998,0.9729746,0.8174328,0.9917804,0.9845144,0.8650653,0.92841816,0.9046903,0.86483055,0.94826317,0.80685693,0.8720334,0.91037834,0.6926737,0.87148225,0.86441225,0.9917804,0.5246688
ATAAAGAGTATAGCTGAG,0.9971807,0.9983422,0.9972449,0.97898364,0.9958198,0.97404176,0.95872927,0.94960535,0.9505282,0.9165472,0.79527295,0.96474516,0.9450531,0.96335226,0.9722973,0.57647115,0.8348772,0.4828802,0.20969836,0.97289777,0.36218202,0.6662947,0.44295895,0.635438,0.36086878,0.79609245,0.9983422,0.20969836
TTACGGGGTACATCTTAT,0.96748286,0.99461913,0.9549499,0.95508844,0.9646949,0.8600319,0.93594563,0.9476008,0.93155974,0.92769027,0.8253707,0.973616,0.675961,0.9958838,0.993257,0.5884151,0.85987383,0.9376234,0.7687714,0.85361755,0.73785657,0.95252824,0.96807456,0.9404115,0.9866535,0.8999031,0.9958838,0.5884151
GAGGACTATCCTGCGCGG,0.99586886,0.9969595,0.98805696,0.99049646,0.9855955,0.97823346,0.90835065,0.9243732,0.96586293,0.9588866,0.9858592,0.8358653,0.87932676,0.9528057,0.9826607,0.9422082,0.9558144,0.96714973,0.7016794,0.9832309,0.8106465,0.88064873,0.9121665,0.77950275,0.89536935,0.9263047,0.9969595,0.7016794
GAGGCCATTACTGCGCTG,0.99832505,0.9965536,0.9861328,0.99211085,0.9905907,0.9950262,0.7577406,0.9195355,0.98737913,0.9239819,0.9840994,0.8369091,0.86261237,0.986014,0.9909822,0.9442574,0.9397581,0.97362584,0.8099448,0.97932464,0.8280562,0.89569324,0.9313903,0.8152512,0.925037,0.9300132,0.99832505,0.7577406
GGAGCAATTACTGAGCTG,0.99414366,0.95864946,0.98999465,0.9679184,0.95440525,0.96654296,0.39971504,0.66646725,0.8891337,0.7808689,0.461353,0.23310247,0.67696565,0.472953,0.8882073,0.7395976,0.7962951,0.6736171,0.46482238,0.9357264,0.3867199,0.79557204,0.7572971,0.6776659,0.72273254,0.7300187,0.99414366,0.23310247
AATTACACTAGTGGATGG,0.998664,0.9963917,0.9990241,0.9981169,0.99923444,0.9922355,0.9772742,0.98571396,0.9627437,0.94880754,0.99155456,0.99085814,0.99317676,0.9983404,0.99822366,0.85054433,0.9357278,0.921844,0.6361405,0.9904616,0.8369722,0.92435205,0.8854274,0.89455706,0.85056776,0.94227815,0.99923444,0.6361405
AGGAACGAACATCCAACG,0.06872351,0.17122196,0.17962338,0.021249518,0.1812388,0.4464824,0.15264878,0.31989497,0.12015127,0.16464674,0.26315102,0.20730819,0.1893254,0.16885911,0.12105843,0.1830579,0.18641393,0.084662326,0.07753732,0.15379374,0.33380583,0.228864,0.17798255,0.18771698,0.20171276,0.18364523,0.4464824,0.021249518
AAGACCGGGCTAACTGTG,0.9672047,0.9906124,0.93126976,0.92685235,0.97379076,0.9059846,0.7519551,0.9448979,0.9400007,0.6379042,0.9890105,0.9937504,0.86036694,0.97949725,0.9704037,0.8915525,0.8568372,0.8510829,0.6653382,0.94716835,0.71906286,0.70146793,0.58551717,0.41546214,0.41180614,0.8323519,0.9937504,0.41180614
GAGGACTTTCCTGCGCTG,0.99730283,0.99208826,0.98662883,0.99253625,0.99153805,0.98994684,0.7559184,0.88531715,0.9654876,0.95166564,0.99658567,0.9458467,0.94913024,0.9994872,0.99964833,0.96832365,0.9760674,0.99204403,0.8774093,0.9938226,0.909491,0.95105183,0.9853781,0.923413,0.9885573,0.9585874,0.99964833,0.7559184
GACGACATTAAGGCACGT,0.9987718,0.9988667,0.97968984,0.9910625,0.99813485,0.9908489,0.88469243,0.9544414,0.97403944,0.90523076,0.7538722,0.85367,0.72830516,0.8170908,0.9143877,0.882405,0.5405493,0.41432807,0.64401793,0.9248801,0.5143609,0.6138411,0.40549558,0.45186356,0.33971393,0.77898246,0.9988667,0.33971393
AGGGGCGACGACGGCGAA,0.9616575,0.9698552,0.8145419,0.9247288,0.8701413,0.81573707,0.46326506,0.8082426,0.53719527,0.91668874,0.96077096,0.97525245,0.25603333,0.6062626,0.17049736,0.43631712,0.5708843,0.38856757,0.5330459,0.32306302,0.3471577,0.47355017,0.39626324,0.20656559,0.24333432,0.59878474,0.97525245,0.17049736
GACAGCGGGGTGGCTGTA,0.9928939,0.992925,0.9741124,0.98980945,0.99958736,0.9109978,0.92847353,0.97190464,0.938751,0.8116598,0.9998979,0.9999941,0.99270636,0.9999996,0.9999842,0.98108286,0.9860072,0.9903956,0.9450125,0.99744403,0.80963004,0.8988151,0.9715988,0.6124427,0.8845552,0.9432273,0.9999996,0.6124427
AGGAACCAAAAGCGAAGT,0.12961085,0.42965248,0.38950902,0.071172506,0.3348258,0.38986948,0.15889898,0.6014142,0.15538348,0.28090996,0.31117126,0.29183868,0.26948163,0.21110058,0.14694807,0.24624357,0.12852235,0.047580406,0.060904194,0.224765,0.2583899,0.14131616,0.13638604,0.13234068,0.13755628,0.22743164,0.6014142,0.047580406
GTAGAGGGGACATCGTCG,0.8390672,0.981088,0.97240835,0.96025115,0.88509065,0.82295084,0.9246783,0.59325355,0.9201289,0.8854272,0.53422153,0.9782287,0.41994455,0.8564339,0.867271,0.5614132,0.57950073,0.77913773,0.46383324,0.7080377,0.2730249,0.7121063,0.70303696,0.5431419,0.69844943,0.73848504,0.981088,0.2730249
AACATGGTCATCATCAAC,0.9992671,0.98701,0.9502261,0.9572602,0.9924738,0.96546286,0.87121606,0.7835316,0.8838714,0.8362788,0.9309833,0.968516,0.79154676,0.9558244,0.96373117,0.8130746,0.9070765,0.96080786,0.7728226,0.97680527,0.7665832,0.843565,0.6107575,0.77642703,0.67929304,0.8777765,0.9992671,0.6107575
GACACCGGCCTGACTGTA,0.99651414,0.9975413,0.93647236,0.93938255,0.99424833,0.8458991,0.93286335,0.9417326,0.95675576,0.5221423,0.99911416,0.9957467,0.87900776,0.97492516,0.9835368,0.9839599,0.9453009,0.97152215,0.8666536,0.98714554,0.9330723,0.806004,0.78808343,0.5661926,0.68551433,0.8971733,0.99911416,0.5221423
AGGAACGACGATGGCGAG,0.8566909,0.8088009,0.88541114,0.8140764,0.93845886,0.71184987,0.3653968,0.69582325,0.52851635,0.8279154,0.9144043,0.91996956,0.7641195,0.7557236,0.7572599,0.5299321,0.7932708,0.21398774,0.31373316,0.81295747,0.36062628,0.4138001,0.30736503,0.22728561,0.21401267,0.62925553,0.93845886,0.21398774
AGGAACCATAAGCAAACT,0.1333401,0.5118862,0.32412204,0.030456508,0.115429245,0.41860926,0.18002973,0.6088854,0.059285413,0.15930672,0.2504198,0.23797359,0.19459903,0.1872831,0.1373648,0.22045209,0.13963258,0.06143595,0.087988526,0.21196218,0.32328442,0.21087375,0.1688987,0.19317949,0.18413362,0.2140333,0.6088854,0.030456508
GGAGCATTTACTGAGCTG,0.9927877,0.9339366,0.9922924,0.9786004,0.95669997,0.9499592,0.2894467,0.63572544,0.87015,0.8181741,0.75739694,0.48623264,0.8706912,0.97347987,0.99550986,0.81272215,0.9182985,0.91284204,0.73839384,0.969629,0.5906933,0.930221,0.94939595,0.88419825,0.9573823,0.84659445,0.99550986,0.2894467
GAGGACATTCCTGCTCTG,0.9922265,0.98263276,0.9831213,0.9843601,0.9920362,0.9786807,0.751276,0.9205732,0.96420884,0.8977975,0.9633523,0.6298012,0.8168461,0.9322139,0.9859226,0.94648117,0.970266,0.9832744,0.81817746,0.98848397,0.83320385,0.910207,0.94579256,0.86011606,0.95333093,0.91937536,0.9922265,0.6298012
AGGATGCGTAAGACTGCG,0.5752356,0.7971316,0.6877386,0.35010892,0.7122537,0.6380202,0.25288892,0.786943,0.52788186,0.2689941,0.4537107,0.68139356,0.43947923,0.70159453,0.77916986,0.5979382,0.75320816,0.5531478,0.5728693,0.87161523,0.32705438,0.73997843,0.6650945,0.59535646,0.63990384,0.59874845,0.87161523,0.25288892
GACACCAGGCTGACTGTG,0.9949831,0.9939421,0.95262694,0.9445183,0.9914242,0.9188186,0.9080387,0.9292939,0.9732159,0.5508364,0.99659336,0.9960621,0.91885847,0.9838854,0.9875957,0.97264475,0.9368485,0.95152307,0.79245585,0.987637,0.8822745,0.7829486,0.7266279,0.51466465,0.5771389,0.88661826,0.99659336,0.51466465
AAAGGAATCATCGATATT,0.9953268,0.9914224,0.9729767,0.96128666,0.9831044,0.964631,0.7653521,0.919109,0.91992986,0.73321635,0.63379735,0.80906063,0.7275821,0.8261546,0.7513446,0.50972676,0.71606034,0.4281298,0.27902874,0.8384245,0.41302186,0.51464576,0.29800642,0.44441307,0.27317008,0.7067569,0.9953268,0.27317008
GACTACAATAGTGGACGG,0.9973954,0.9979946,0.99709535,0.9956186,0.9983987,0.9821431,0.96690226,0.9734522,0.98277575,0.9213282,0.9307994,0.9675239,0.96217,0.98432136,0.98846865,0.8673036,0.7988535,0.3942642,0.3726794,0.96985185,0.6388955,0.75572735,0.6328644,0.65815014,0.5181268,0.8501241,0.9983987,0.3726794
TTACACAGTATAGATGAG,0.99386317,0.99804527,0.9908138,0.94401586,0.9893709,0.967292,0.9222369,0.9587761,0.9432144,0.87575936,0.75982285,0.9367873,0.91365653,0.9192078,0.96365386,0.49357337,0.65312886,0.44510746,0.48039335,0.9125006,0.7114567,0.87382364,0.75601256,0.8958643,0.82696897,0.84501374,0.99804527,0.44510746
ACCGCCTTCACCGACCTC,0.99947876,0.9965189,0.97854143,0.988926,0.9857745,0.98935246,0.7630953,0.8786422,0.92850477,0.9038608,0.9982433,0.9891256,0.7537627,0.813796,0.93349844,0.9539479,0.759214,0.9522619,0.8597933,0.89199454,0.98382926,0.78090465,0.7321077,0.76219904,0.76056284,0.8935174,0.99947876,0.7321077
AGGAACGAAGATACAGAG,0.32172483,0.42165092,0.2905004,0.08569496,0.29650038,0.27033028,0.19930711,0.41158658,0.356261,0.39995253,0.23613985,0.2436831,0.2057009,0.13521281,0.15051629,0.14991587,0.15475595,0.04608235,0.060393743,0.20473507,0.1579546,0.14532126,0.1382904,0.1504515,0.13518295,0.21471384,0.42165092,0.04608235
AACATCGTCATCATCAAC,0.9985518,0.9853409,0.9090802,0.8076202,0.98688054,0.9519563,0.863228,0.83260787,0.83499,0.8282651,0.9609232,0.9767428,0.8172922,0.9156622,0.93691033,0.83933777,0.8864871,0.94242036,0.83033395,0.9667709,0.88386124,0.8298901,0.57406485,0.79690874,0.6512268,0.872294,0.9985518,0.57406485
ATAAAGGGTACATCTGCG,0.9678222,0.99515045,0.9899884,0.9527717,0.97980213,0.84721947,0.89842004,0.90467125,0.8824848,0.7901148,0.8501798,0.9770279,0.8927826,0.9679486,0.97265625,0.71922904,0.83498824,0.86581534,0.52894044,0.9568072,0.49802437,0.7760643,0.63496,0.7048582,0.6030414,0.8396707,0.99515045,0.49802437
GGGGCATTCACCGAGCTG,0.9907685,0.84727883,0.9664897,0.9252481,0.6519507,0.937539,0.25681362,0.6932608,0.8568741,0.7602065,0.6802261,0.07535037,0.24259587,0.11979515,0.3084984,0.5463147,0.5338156,0.765778,0.6656552,0.6718226,0.581844,0.8327663,0.8320671,0.6880279,0.8612512,0.6516896,0.9907685,0.07535037
AACCGGGTCATCAACAAT,0.997905,0.9913315,0.79911906,0.960679,0.95251817,0.9478745,0.7428547,0.81231296,0.88989407,0.93278885,0.9325211,0.96456754,0.47557122,0.889842,0.76385915,0.70031106,0.58864933,0.81368357,0.6728433,0.80359536,0.665022,0.6418572,0.33366227,0.45056725,0.36991066,0.7637496,0.997905,0.33366227
GAGGTATTTACTGAGCTG,0.9750929,0.80724704,0.9895439,0.9753724,0.9423683,0.94072366,0.43534112,0.7949071,0.94119513,0.8724748,0.70136166,0.56637454,0.90763474,0.9937542,0.99935144,0.7616261,0.9405014,0.93230003,0.6639533,0.97947997,0.50451696,0.964276,0.97878706,0.9431058,0.9887753,0.8600025,0.99935144,0.43534112
ACGACGGAACAAACAGAG,0.9081504,0.88972086,0.6931145,0.73841125,0.62657183,0.69798994,0.47215614,0.58266133,0.7241514,0.6499549,0.32040295,0.55327404,0.24063274,0.46542513,0.19256674,0.23046076,0.15822937,0.07155282,0.17387603,0.22622888,0.32356456,0.16607541,0.14204022,0.13535085,0.1514582,0.42136094,0.9081504,0.07155282
AAGACCGGCCATACCGTG,0.98848367,0.9757198,0.8219912,0.8761515,0.9380774,0.9016931,0.66059756,0.8956783,0.86855215,0.59733516,0.99015784,0.9780841,0.6677488,0.82402706,0.73417306,0.8761191,0.6841508,0.6530402,0.51555824,0.8100146,0.81790847,0.5909053,0.37881768,0.34168974,0.3583742,0.749802,0.99015784,0.34168974
GAAGACATTATTGATCTG,0.99828327,0.99774027,0.99669355,0.99501395,0.998597,0.98316604,0.90260303,0.9445215,0.97770476,0.9562711,0.7836691,0.8560162,0.9521494,0.98951066,0.99639446,0.86196834,0.9549702,0.81729066,0.6421978,0.98213655,0.5165927,0.90907574,0.8651109,0.847947,0.86193496,0.9035023,0.998597,0.5165927
GACGACAATCATGCACGG,0.99850047,0.9983736,0.97854686,0.99065775,0.9962045,0.9837577,0.88130045,0.94880956,0.9631211,0.9131577,0.7893652,0.7640389,0.60240394,0.6611448,0.5940031,0.8290623,0.7278938,0.43208954,0.5802994,0.89186484,0.609835,0.54361135,0.33125404,0.38754827,0.3235849,0.7488172,0.99850047,0.3235849
AAAGACATTATTGATGTG,0.9975848,0.99658674,0.9960899,0.9921855,0.9988077,0.9808209,0.8765975,0.94383276,0.95022887,0.9295205,0.95907515,0.98567414,0.990333,0.9975873,0.9978729,0.8663866,0.96246266,0.8542891,0.6247431,0.9894644,0.646861,0.90890294,0.81969225,0.83084446,0.7578875,0.9141733,0.9988077,0.6247431
ACGACGGGTCAAACTGTG,0.9960846,0.987807,0.94754976,0.977852,0.9660906,0.9198213,0.6935697,0.8914625,0.9174966,0.6295525,0.90279555,0.9721012,0.62302685,0.9273508,0.8457229,0.7572833,0.75937027,0.72031206,0.7928965,0.91421354,0.6286254,0.677054,0.5432123,0.4397954,0.43396723,0.79460055,0.9960846,0.43396723
GAACGGGGCACATATAAT,0.8567912,0.9578898,0.62673366,0.8859639,0.8032341,0.7399325,0.8318671,0.8674685,0.79595995,0.7810528,0.42081326,0.6302219,0.17311294,0.44073385,0.20780367,0.47242084,0.46717912,0.4819113,0.5559617,0.6698365,0.22918276,0.44145817,0.25804797,0.25517875,0.24365936,0.5637766,0.9578898,0.17311294
AACAGCGGCGTGACTGTA,0.9899296,0.99223065,0.935792,0.92694265,0.9918167,0.8391945,0.8982816,0.9491049,0.9003479,0.57924837,0.9994031,0.9995875,0.9715353,0.99948055,0.99809813,0.9744693,0.97782844,0.98260975,0.9240449,0.99485964,0.8409146,0.81155837,0.78811425,0.4906723,0.5799147,0.8934391,0.9995875,0.4906723
AGGAACGAAAAAACAGAG,0.17150237,0.4462291,0.22986558,0.04254109,0.2018502,0.25649297,0.1650373,0.5032124,0.27398697,0.34939107,0.18250464,0.1510528,0.11220766,0.085123524,0.06900234,0.120216325,0.08669111,0.030577034,0.045820445,0.09096474,0.11317743,0.06918589,0.07763458,0.09220681,0.087739505,0.16216856,0.5032124,0.030577034
GACACCAGGCTGGCTGTG,0.9980142,0.99700326,0.98315483,0.9882336,0.9993005,0.9736072,0.93857956,0.95982695,0.9824318,0.7917031,0.9996855,0.9993815,0.97710013,0.999084,0.9987761,0.98908824,0.9646943,0.9816233,0.89262027,0.9956734,0.9365403,0.85481477,0.8833509,0.59897393,0.758993,0.93769014,0.9996855,0.59897393
GAGACCAGGCAGGCTGTG,0.98713636,0.9767086,0.90559334,0.96513903,0.9924035,0.9329694,0.8218114,0.91529214,0.9547757,0.7820685,0.9903818,0.9883702,0.83831716,0.96742964,0.95778227,0.9003133,0.815724,0.8569329,0.6990519,0.9680117,0.6676641,0.61132467,0.58905846,0.31129062,0.35877225,0.83017296,0.9924035,0.31129062
ATCGGCGGCGTTGGCGTA,0.9992697,0.9978731,0.9918604,0.996609,0.9992523,0.9742487,0.8446255,0.96780366,0.93613833,0.9544181,0.9999836,0.9999855,0.9940259,0.9999997,0.9999916,0.9741665,0.9894567,0.99518526,0.969293,0.9969814,0.9429324,0.95562625,0.992425,0.8936715,0.9851912,0.9740406,0.9999997,0.8446255
AGGAACGAAAAACGAAAG,0.05116476,0.23241143,0.20031317,0.044574562,0.13370633,0.3629981,0.07084385,0.29014796,0.10145798,0.3466042,0.17723757,0.14220303,0.11899985,0.08243902,0.06457736,0.109164126,0.09902073,0.027011417,0.042816296,0.08925832,0.12029627,0.0755501,0.083491854,0.09529835,0.09106617,0.13010612,0.3629981,0.027011417
GGCGCCTTCACCGAGCTC,0.99792737,0.9900428,0.9659156,0.95449245,0.95264375,0.9834542,0.4945957,0.749427,0.8628086,0.8571445,0.9894171,0.49243855,0.53352934,0.8259217,0.84715384,0.9042711,0.73047936,0.9485047,0.8606428,0.8403455,0.92779344,0.84436095,0.90462154,0.7899016,0.9133774,0.84644836,0.99792737,0.49243855
GACCGGGGCACCTACAAT,0.99441963,0.98858124,0.80423874,0.9584926,0.8306449,0.9040021,0.91056883,0.9203798,0.85785526,0.92916834,0.9613883,0.9214151,0.24104108,0.7152223,0.31291485,0.77206326,0.5150452,0.74354905,0.6905889,0.59845346,0.64267975,0.634597,0.41721183,0.31434757,0.38021758,0.7183636,0.99441963,0.24104108
GACCGGGTCATCCATAAT,0.9927463,0.990722,0.7191012,0.9197046,0.9564466,0.9376576,0.71879184,0.7738694,0.8121126,0.8714918,0.9390697,0.87910074,0.3937173,0.92193764,0.83936995,0.8477675,0.77704245,0.9255986,0.7729185,0.8837793,0.7243501,0.82129824,0.76735485,0.6727754,0.7756109,0.8253734,0.9927463,0.3937173
ATACAGGGTACATCTGCG,0.9884602,0.9976945,0.9889013,0.972762,0.98039395,0.92023474,0.91767025,0.91837513,0.93255824,0.874619,0.95461035,0.98942655,0.9134497,0.98742574,0.98625654,0.8335992,0.8744064,0.92947596,0.7509965,0.96406555,0.73770237,0.8591563,0.78851587,0.7802215,0.7745617,0.9046214,0.9976945,0.73770237
GAAGAATGGGCATCGACT,0.77705044,0.9729543,0.9632425,0.9348457,0.9120208,0.85909224,0.89880276,0.7919885,0.93557066,0.8782064,0.647633,0.9666043,0.6937135,0.93771523,0.966858,0.84934664,0.8901045,0.77962565,0.51998734,0.97648025,0.2546516,0.54968286,0.4355212,0.3591364,0.31500348,0.76263356,0.97648025,0.2546516
AAGACAGGGCTGACTGTG,0.9780647,0.9601869,0.9453153,0.9008404,0.9586518,0.8445478,0.68153393,0.92139137,0.923284,0.41677955,0.9940254,0.99803656,0.954747,0.9975009,0.9941359,0.88918585,0.9596352,0.93619984,0.62245035,0.9876143,0.63535035,0.70058465,0.67227006,0.40551797,0.43194112,0.82839155,0.99803656,0.40551797
AGGATGTATCGTGTGCCG,0.98003954,0.96778196,0.9932894,0.9688417,0.9830413,0.9550356,0.7003995,0.6686171,0.85574144,0.63203186,0.98414475,0.9922265,0.98522,0.99994963,0.9999412,0.9118126,0.9875143,0.98423654,0.85664266,0.996685,0.7430441,0.9677836,0.9889724,0.9314116,0.9892099,0.92094445,0.99994963,0.63203186
TATTATGCTAGGGGATCG,0.99381214,0.9856055,0.99805075,0.9972145,0.99896073,0.9888938,0.93512064,0.97725785,0.9367744,0.9329397,0.99336714,0.9975125,0.99567366,0.9999874,0.9999793,0.8753303,0.95648056,0.99056506,0.8310636,0.99554795,0.8714692,0.9765799,0.98685986,0.96793985,0.9934238,0.96705645,0.9999874,0.8310636
TTACGGGGTATACCTAAG,0.9776889,0.99725765,0.97459966,0.8997735,0.9132683,0.95587236,0.8390218,0.919249,0.84260297,0.9044152,0.81577665,0.96359366,0.6095004,0.9906686,0.9871344,0.4944415,0.7701205,0.81472844,0.67900866,0.79163885,0.6240939,0.9353502,0.9201604,0.9172088,0.9697985,0.860279,0.99725765,0.4944415
GAAGCCATTATTGATCTG,0.999163,0.9992831,0.99671745,0.997174,0.99914783,0.98686945,0.89632386,0.9515924,0.98849237,0.95233184,0.9434226,0.9399327,0.96358067,0.9968763,0.99839455,0.943141,0.9672364,0.94784963,0.809094,0.9872396,0.7695859,0.9360153,0.93438137,0.8898145,0.9390001,0.9493065,0.9992831,0.7695859
GACGTGGGCTCATGCTGT,0.99059916,0.9913279,0.99013287,0.9977855,0.99928,0.93609244,0.91963434,0.9640414,0.98497224,0.9577249,0.997163,0.99872714,0.9107018,0.99998146,0.99977756,0.97650456,0.98576885,0.99565905,0.94348437,0.9948778,0.82566285,0.9399642,0.98207676,0.8757884,0.9791795,0.9654763,0.99998146,0.82566285
GGAGCAATCACCGAGCTT,0.99719363,0.9866407,0.9736448,0.9342919,0.9348147,0.9666136,0.6313547,0.75572026,0.92741317,0.7507195,0.3976997,0.13428298,0.27909872,0.09098316,0.139692,0.5685705,0.30515826,0.40129742,0.32766527,0.54098046,0.44879222,0.5373069,0.321494,0.3436293,0.3406144,0.5614269,0.99719363,0.09098316
ATAAACAGTCTAACTGTG,0.9971147,0.9988769,0.99113196,0.9461846,0.9850956,0.94218326,0.9316928,0.9630759,0.92825377,0.78870684,0.9005736,0.97193056,0.91403526,0.91057044,0.9319202,0.7504952,0.8194445,0.8108935,0.5528865,0.9413443,0.73284525,0.7931012,0.5017214,0.76466906,0.5167212,0.85141873,0.9988769,0.5017214
GACACCAGGCAGGCTGGG,0.9962165,0.9959529,0.96742225,0.98202556,0.99858725,0.94281423,0.8662656,0.9271783,0.9471984,0.81416523,0.99849045,0.9979432,0.93146384,0.98164487,0.97956395,0.9691041,0.85445887,0.8893829,0.8158749,0.9816343,0.85068256,0.6169581,0.5433832,0.31399792,0.3361447,0.8599422,0.99858725,0.31399792
GAGGCCATTCCTGCTCTG,0.99713874,0.99487734,0.98517454,0.99258447,0.99535114,0.98251164,0.7574187,0.9305814,0.97974503,0.88258445,0.99543965,0.84096485,0.8635093,0.9917319,0.9954076,0.9760415,0.97713333,0.9943025,0.89447176,0.99164736,0.9323328,0.92429084,0.9704835,0.89117175,0.97524244,0.9484856,0.99713874,0.7574187
AGGGCCTAGGGCTGACGT,0.99002874,0.99719816,0.98861885,0.99491197,0.96987534,0.7612515,0.9039316,0.87619764,0.92391044,0.8581537,0.9937126,0.9980406,0.9055116,0.99978924,0.99726033,0.86368763,0.9263619,0.93551445,0.71342427,0.9523356,0.7270773,0.864519,0.91696703,0.6216953,0.8474269,0.90109605,0.99978924,0.6216953
GAGGCATTTACTGCGCTG,0.99769235,0.9839322,0.99279684,0.99274105,0.9839054,0.9872995,0.57026416,0.8620786,0.9787327,0.90163475,0.97082114,0.8676968,0.9336287,0.99748623,0.99901634,0.917268,0.9594903,0.97243476,0.8613843,0.9876715,0.7815683,0.9433511,0.97363377,0.90645677,0.97776943,0.93203026,0.99901634,0.57026416
AGGCAACATAAGCAAACT,0.24318224,0.35479233,0.3486945,0.036731996,0.07658762,0.53530276,0.11969454,0.4553791,0.06308048,0.18936953,0.22601686,0.2260766,0.20022027,0.16542569,0.11983623,0.20534213,0.122526,0.052314576,0.10243776,0.16767539,0.31850508,0.21257178,0.16962418,0.19485612,0.18504742,0.20365165,0.53530276,0.036731996
AATACAGCGGTGTCTGTA,0.99907815,0.99898076,0.9966732,0.99614596,0.999079,0.9087985,0.9534237,0.97175795,0.9662177,0.83199835,0.9992366,0.9995522,0.9939395,0.9999077,0.99977493,0.97543854,0.98939973,0.9902138,0.91537964,0.9977341,0.898268,0.93742335,0.9495755,0.84615105,0.913903,0.961122,0.9999077,0.83199835
ATACAGGGTCCATCTGCG,0.9916729,0.99887407,0.9882551,0.9808061,0.9870015,0.91318536,0.922781,0.9072523,0.91194034,0.8907927,0.9941069,0.99588674,0.9369765,0.9949816,0.9947305,0.9409336,0.94664806,0.9847791,0.8815973,0.9876968,0.883369,0.8965442,0.8914811,0.83711237,0.88918793,0.9419438,0.99887407,0.83711237
AGGAAGCATCAGACAGCG,0.6119364,0.7225038,0.39670187,0.2975296,0.37407705,0.53134906,0.34706703,0.52050114,0.4095904,0.32919797,0.34658712,0.2747709,0.23069681,0.18589266,0.18957874,0.30835527,0.2761142,0.13644607,0.27836597,0.5658232,0.28598034,0.28719136,0.2025853,0.21362068,0.20281935,0.3410113,0.7225038,0.13644607
AGGAACTAAAAACGAAGT,0.07179621,0.33735964,0.556328,0.12870637,0.2888812,0.41585207,0.19758868,0.6242055,0.18370211,0.42172623,0.22778888,0.19024566,0.20672856,0.11724581,0.11142397,0.11409417,0.10060559,0.029530928,0.046922196,0.13229853,0.1850917,0.13196583,0.12490728,0.16174096,0.1323796,0.20956463,0.6242055,0.029530928
GGAGCAATCATCGAGATT,0.9984319,0.99338096,0.98141855,0.9643268,0.971525,0.96059424,0.6305148,0.7772039,0.9136135,0.82041967,0.30229145,0.121228494,0.35855827,0.09048178,0.27961025,0.5794203,0.50850207,0.4582495,0.42960817,0.68805164,0.31362376,0.6001274,0.4530374,0.4616566,0.40294954,0.602353,0.9984319,0.09048178
GAAGACATTCTAGCTGTG,0.99797547,0.99888575,0.99473035,0.9945894,0.99907386,0.9841892,0.9478963,0.9686324,0.9721141,0.9726403,0.95541805,0.939887,0.947428,0.9826374,0.99366874,0.9127223,0.94054234,0.9256093,0.6864865,0.98760825,0.72780937,0.89001566,0.86128956,0.80177194,0.8380275,0.928866,0.99907386,0.6864865
GACGCCAGGCAGGCAGGG,0.9976178,0.9957086,0.9539101,0.98922396,0.9976794,0.96571887,0.87784773,0.91697973,0.95244616,0.8832645,0.9983643,0.9963031,0.819924,0.97845656,0.93488336,0.94534945,0.6935932,0.88444674,0.85722935,0.9547503,0.76302606,0.53136396,0.47151357,0.25397092,0.28170148,0.8358109,0.9983643,0.25397092
GACGGCATGCAGGCACGT,0.9962461,0.9948461,0.8367179,0.9837136,0.9961266,0.97031516,0.80624306,0.91209877,0.93954325,0.86662465,0.9841957,0.97611386,0.6447036,0.975305,0.9456205,0.921165,0.79253936,0.9390237,0.8742976,0.9575806,0.64936674,0.68819654,0.6154702,0.39048827,0.47589096,0.84529734,0.9962461,0.39048827
AAACGGGTTATCGATAAT,0.99826413,0.9991589,0.98231345,0.99333537,0.9987543,0.9807498,0.8027084,0.9382746,0.949251,0.9588289,0.9696807,0.99322796,0.94573224,0.99912894,0.9983758,0.80617386,0.92318684,0.8770671,0.7480168,0.97144383,0.5082997,0.86329925,0.75932693,0.73351854,0.7340883,0.8972882,0.9991589,0.5082997
GAGAGCGCGGTGGCTGTA,0.99103194,0.98780185,0.96721935,0.98819524,0.99876666,0.87843746,0.9382991,0.97199184,0.94611555,0.86862427,0.9996179,0.99992245,0.9704096,0.99998933,0.99986434,0.97236544,0.988354,0.9923803,0.9469736,0.99594384,0.7175309,0.882378,0.9601982,0.58439815,0.8746266,0.9368574,0.99998933,0.58439815
GACGGCATGCTGGCTCGT,0.9980751,0.9982584,0.9764733,0.9920266,0.9992641,0.9721898,0.9249337,0.9567757,0.97715044,0.9035187,0.99931365,0.9988094,0.9614946,0.9999414,0.9997344,0.9858335,0.98163784,0.99493366,0.94229466,0.99675167,0.89342725,0.91391367,0.96953535,0.79319733,0.9474039,0.9630756,0.9999414,0.79319733
ATACAATGGGCATCGGCT,0.95569855,0.99565065,0.98595077,0.9438915,0.9719998,0.85804176,0.86253154,0.80475193,0.92671293,0.87045187,0.987807,0.99815917,0.97069454,0.9973751,0.9970718,0.95753074,0.9459687,0.9602487,0.83484495,0.99258614,0.81472695,0.8623812,0.789796,0.7513236,0.7082671,0.90977865,0.99815917,0.7082671
ATAAACATTATAGCTGTG,0.99679077,0.99867857,0.99739766,0.98054105,0.9982742,0.9784147,0.9282998,0.9701487,0.9213007,0.8860197,0.92869866,0.9799532,0.9809472,0.9778637,0.98949647,0.8240023,0.8704394,0.7804323,0.50167876,0.984379,0.7461434,0.90251863,0.7443582,0.88157964,0.73465705,0.89932054,0.99867857,0.50167876
AGGTACCAGAAGCAAAGT,0.10180355,0.27415296,0.39579326,0.072532676,0.20020773,0.20513,0.25520036,0.5578949,0.05019583,0.24092393,0.21359313,0.15638652,0.1776765,0.064688146,0.055583224,0.21549198,0.10912346,0.08888867,0.09574894,0.12663049,0.26025876,0.2690687,0.1749548,0.23095824,0.19696389,0.19159403,0.5578949,0.05019583
TATAACGCTAGTGGGCCG,0.9984049,0.9988304,0.99805766,0.9963368,0.99891955,0.99657094,0.929951,0.96396154,0.9758512,0.9490466,0.9981425,0.99818414,0.99302125,0.9998207,0.9997225,0.9616172,0.9535069,0.9683372,0.79298794,0.9949373,0.9078851,0.9392109,0.9453759,0.9051437,0.9406482,0.9641789,0.9998207,0.79298794
GATACCGCGGTGTCTCTA,0.99935967,0.99969614,0.9959175,0.997653,0.999452,0.94668734,0.9851254,0.9693345,0.9882468,0.9373286,0.99952096,0.99921936,0.9774266,0.99993926,0.9998892,0.98496836,0.98414004,0.9941062,0.9502524,0.9965187,0.9381285,0.94064885,0.97796595,0.89199066,0.9750621,0.9771431,0.99993926,0.89199066
AGGCTGCGTAAGTCTACT,0.9252439,0.9710296,0.8845729,0.8103102,0.89811563,0.9118472,0.4011618,0.9084995,0.6826783,0.54057527,0.82078654,0.84858257,0.58627546,0.9898204,0.97951454,0.805409,0.9068066,0.92885286,0.86387783,0.9319155,0.64953566,0.9096107,0.92565864,0.83291936,0.93633276,0.83399737,0.9898204,0.4011618
AGGTACCAGAAGCGAAGT,0.14193162,0.4419858,0.57188094,0.17248785,0.4060422,0.39928165,0.33647507,0.61838895,0.12828302,0.39649886,0.30367818,0.26210177,0.28035176,0.108120285,0.10286089,0.29875022,0.18385318,0.1206789,0.12863326,0.2406908,0.30070907,0.35342976,0.21359625,0.26449007,0.21747634,0.27970707,0.61838895,0.10286089
GACGGCGGCGTTGCTGTA,0.9987243,0.99608606,0.976249,0.994571,0.9993803,0.9586159,0.8854628,0.96845263,0.9645059,0.8606319,0.9999128,0.9999499,0.9769557,0.9999985,0.9999625,0.9838262,0.99024284,0.9932637,0.96940094,0.9964493,0.87954533,0.93702835,0.9886786,0.8023259,0.9740634,0.9637713,0.9999985,0.8023259
AGGCTGCGTAAGACTGCG,0.886723,0.91944677,0.77474016,0.62010646,0.7783108,0.75503415,0.23922317,0.78164804,0.66170925,0.41024753,0.8427908,0.86539036,0.5453561,0.9572367,0.9006778,0.78640676,0.8020257,0.8512234,0.77443844,0.89279646,0.59005505,0.842158,0.8195279,0.6918754,0.81260633,0.7520702,0.9572367,0.23922317
GACGCCATGCTGGCTCTT,0.99908745,0.9990661,0.98514247,0.9942144,0.99918324,0.9858121,0.9364939,0.94543433,0.98647344,0.86853665,0.9994996,0.9979879,0.95908386,0.9995963,0.99957365,0.9923422,0.98356587,0.99615175,0.9448603,0.99678254,0.9581932,0.91487694,0.9643554,0.8383322,0.952067,0.96786845,0.9995963,0.8383322
GACGCCAGGCAGGCTGTG,0.99674344,0.99145186,0.940465,0.9855026,0.99488217,0.9641984,0.8398579,0.8985395,0.9536675,0.8186806,0.9988767,0.99736416,0.8921213,0.99303377,0.98461014,0.96593326,0.8873002,0.9591156,0.88521,0.98070914,0.8573402,0.7362368,0.77034956,0.40161887,0.5383706,0.8892871,0.9988767,0.40161887
AGGGGCGGCTTCGGCGAA,0.9970636,0.9902231,0.9542114,0.9811862,0.99204344,0.9229042,0.5992902,0.94614094,0.79625106,0.91833705,0.9996853,0.9997747,0.8404982,0.99998313,0.9990639,0.9106042,0.9720536,0.98277134,0.9333814,0.97461265,0.7132854,0.89461845,0.96186846,0.6457353,0.9226637,0.91393006,0.99998313,0.5992902
AGGGACTAGAGACGACGT,0.3547624,0.8516127,0.92917943,0.69917,0.49981913,0.48815644,0.7309461,0.7197004,0.5909005,0.70439154,0.22829038,0.30541655,0.27841526,0.073985085,0.14930876,0.19776365,0.18725567,0.08468857,0.08426946,0.17975977,0.20287402,0.38526773,0.23590884,0.24464788,0.2125374,0.38476112,0.92917943,0.073985085
AGGCAGCGTACATCTGCT,0.8573261,0.93458414,0.8689757,0.7229888,0.87432045,0.8476429,0.6273222,0.91843075,0.7248122,0.45890483,0.7987424,0.7347547,0.4979949,0.75731426,0.737774,0.75398463,0.8321117,0.79248744,0.7541658,0.80312306,0.683479,0.80643636,0.7709814,0.6155484,0.735722,0.75639707,0.93458414,0.45890483
GACGCCATGCTGGCTGTT,0.9987556,0.9981074,0.9768411,0.9926867,0.9994122,0.9755453,0.92450285,0.95101273,0.9780746,0.8638016,0.9996972,0.9987582,0.97707355,0.99984,0.9997337,0.992992,0.986245,0.9964676,0.94504464,0.9978785,0.95821303,0.9255582,0.9743011,0.84480995,0.95840114,0.96855026,0.99984,0.84480995
AGGCAACAGAACCAAAGT,0.5069366,0.5303501,0.5233013,0.13241568,0.16366073,0.45566514,0.13540542,0.41959167,0.08629133,0.2863253,0.22124162,0.21746077,0.19099467,0.1584661,0.069696836,0.17225572,0.09608707,0.053162843,0.05938707,0.07159066,0.2958815,0.1664839,0.13982327,0.1389032,0.15719895,0.21794312,0.5303501,0.053162843
AGGAGCGGCGATGGCGAA,0.86205506,0.8132024,0.7695632,0.85284877,0.96322984,0.72025883,0.26456815,0.7922007,0.44461036,0.8224946,0.99447393,0.9990829,0.77574515,0.9987462,0.9837144,0.80481285,0.957579,0.8988801,0.8200114,0.953079,0.42936838,0.62882805,0.69652224,0.3134151,0.42841706,0.7595082,0.9990829,0.26456815
GAGGACATTCATGCTGTG,0.9954934,0.97314405,0.9585454,0.98458034,0.9950977,0.970037,0.75131893,0.90204746,0.94353557,0.91450226,0.87996465,0.60256654,0.85434073,0.9202759,0.9791645,0.8798446,0.95686305,0.96920484,0.8186641,0.9884378,0.64176726,0.90408593,0.9259943,0.82129806,0.91452014,0.89781183,0.9954934,0.60256654
GAAGAGGGCACATCGTAT,0.975572,0.98542345,0.9469246,0.97148484,0.9362849,0.9235146,0.95366055,0.843308,0.95606273,0.9144519,0.53726417,0.7471936,0.30353075,0.36320314,0.36132228,0.5921153,0.57169837,0.53795594,0.4734638,0.83048797,0.2354631,0.42378318,0.3036102,0.24939723,0.24892233,0.64744395,0.98542345,0.2354631
ATCATCATCATCAACATC,0.9962007,0.99269265,0.94859654,0.67541194,0.9454828,0.9514601,0.8426347,0.89523196,0.86323905,0.6782989,0.77247715,0.9125535,0.65893835,0.7224357,0.6747243,0.5090798,0.58230716,0.85804665,0.7866625,0.91623294,0.8770692,0.83336926,0.5551271,0.8787792,0.72492844,0.80207914,0.9962007,0.5090798
AAACGCATTATCGATAAT,0.9984098,0.99946463,0.9807222,0.9792471,0.99600106,0.9872173,0.8416381,0.9612846,0.93417114,0.949417,0.94341666,0.98134553,0.9245291,0.96746475,0.9793076,0.84515303,0.889458,0.8105176,0.7642752,0.95487523,0.7391864,0.7894233,0.5032505,0.69911754,0.47833824,0.8758893,0.99946463,0.47833824
AAAGACATTATCGATGTG,0.99913347,0.99913716,0.9967581,0.99408984,0.99870586,0.98696744,0.9182677,0.95664406,0.96778244,0.9443407,0.951661,0.9813294,0.9756836,0.98405033,0.9896845,0.81621593,0.9036264,0.75775975,0.5572125,0.97066236,0.6558773,0.8087444,0.6210092,0.71578926,0.51855075,0.8787874,0.99913716,0.51855075
AATTAAGCGGTGTGTTTA,0.97034526,0.9837053,0.9966769,0.99553293,0.997675,0.8648157,0.96853334,0.9482537,0.96100074,0.8986039,0.99801826,0.9994153,0.9979545,0.99999386,0.99997956,0.9543539,0.9907685,0.9862296,0.88828504,0.9985295,0.8555031,0.9776438,0.9898456,0.9415049,0.98606944,0.96596944,0.99999386,0.8555031
AAGACCGGCCATACCGTA,0.9865961,0.98284936,0.7332411,0.84505147,0.9487481,0.86717904,0.74756575,0.9142009,0.8746701,0.63461465,0.9842987,0.97013026,0.58355767,0.7921228,0.645758,0.8761191,0.6841508,0.6530402,0.51555824,0.8100146,0.794331,0.5629559,0.35504478,0.32750124,0.34540057,0.7373879,0.9865961,0.32750124
AGGGGCGACGGCTGAGGT,0.9784784,0.98989916,0.9707671,0.98599464,0.96790147,0.67891353,0.7900422,0.9325463,0.8251867,0.8707381,0.99397373,0.99875975,0.7588811,0.9978454,0.94583845,0.7073069,0.8995267,0.87878627,0.79412043,0.914781,0.50076413,0.7231909,0.8333213,0.3848791,0.62949485,0.8380776,0.99875975,0.3848791
AAGAACTATCGTGGACGG,0.9954648,0.9969758,0.99600774,0.993701,0.9970755,0.9736342,0.9293626,0.96211267,0.95092916,0.9472746,0.9918526,0.99296457,0.98694783,0.997584,0.99725527,0.9101478,0.9457204,0.8433988,0.58730483,0.98895675,0.73244786,0.8055638,0.6783292,0.627196,0.5109985,0.8935682,0.997584,0.5109985
AGGCAACGGGCATCTGCT,0.3041847,0.68044037,0.660718,0.4150725,0.7800238,0.5668476,0.3073108,0.7393752,0.50771606,0.31923372,0.9285789,0.9645395,0.6549551,0.88891304,0.8490497,0.8427074,0.8886873,0.7917432,0.72254694,0.9120895,0.6841828,0.69746083,0.65214735,0.39558175,0.49808085,0.6660875,0.9645395,0.3041847
AGGCAACGTAAGCAAACT,0.38143754,0.36864558,0.34530878,0.064132534,0.13648336,0.67202383,0.09497065,0.59293395,0.07498287,0.18251486,0.21515149,0.2343655,0.20110315,0.17616895,0.13026252,0.2917183,0.17364824,0.07176758,0.20157063,0.2760397,0.2985974,0.28116393,0.19092439,0.21391831,0.20487213,0.24298824,0.67202383,0.064132534
GACGCCAGTCAGGCAGGG,0.99947816,0.99903554,0.979581,0.9944463,0.9989111,0.98627794,0.89094925,0.96232074,0.9670893,0.9167392,0.99778646,0.99162966,0.8759901,0.9819186,0.97226065,0.95642,0.8135307,0.9369857,0.8938544,0.9737865,0.82477105,0.67943734,0.641223,0.39984927,0.43396416,0.8827295,0.99947816,0.39984927
GGCGCCTTCACCGAGCTG,0.9968768,0.98319936,0.9718795,0.9583327,0.9203331,0.9786401,0.47036046,0.76201373,0.8740068,0.8672793,0.9927607,0.5304794,0.5908451,0.87459326,0.8598165,0.9042711,0.73047936,0.9485047,0.8606428,0.8403455,0.92820764,0.8498841,0.914421,0.79376894,0.9172698,0.85276854,0.9968768,0.47036046
ATAAAGGGTCTAGCTGTG,0.99835575,0.9987326,0.99759066,0.99508035,0.99940217,0.97459,0.94071805,0.97216713,0.95549697,0.938892,0.9909005,0.99753106,0.9856404,0.9995795,0.9992577,0.8723452,0.96046615,0.9762061,0.76243216,0.99283934,0.6960252,0.9169677,0.91475755,0.83693486,0.882317,0.942209,0.9995795,0.6960252
TATAGTGCTCGTCTGCCG,0.9961228,0.99410135,0.99165,0.99064016,0.9918306,0.98961306,0.91586256,0.9120797,0.9242601,0.8664038,0.99913704,0.9979688,0.98859996,0.9999874,0.9999729,0.973817,0.9885862,0.99874896,0.9289015,0.9979676,0.96530443,0.98045886,0.99438226,0.97522336,0.9975021,0.97436494,0.9999874,0.8664038
GGGCAACGGAACCATAGT,0.37039003,0.41452065,0.41341135,0.15301391,0.25264847,0.5865268,0.06289991,0.5205859,0.16312149,0.280639,0.12902184,0.046599105,0.134593,0.01605971,0.024056088,0.3441422,0.14003491,0.11551319,0.17254578,0.1684518,0.21423513,0.34176525,0.21024683,0.20489176,0.22746323,0.22829512,0.5865268,0.01605971
AGACAGCGTACGTCTGCG,0.972675,0.98742455,0.9474585,0.89312273,0.95427376,0.9080516,0.76198196,0.85578644,0.70638174,0.68641275,0.9926057,0.99150884,0.92918885,0.9893553,0.98899674,0.92701626,0.9384992,0.88668483,0.8640657,0.97489583,0.84358984,0.8344705,0.8088874,0.618489,0.711411,0.8789292,0.9926057,0.618489
ACGAAGGGTCAAACTGCG,0.96735954,0.9514614,0.86238575,0.900922,0.8479667,0.8661374,0.57099575,0.7767362,0.8309761,0.531991,0.5732142,0.917189,0.44604957,0.78772336,0.6253429,0.6509502,0.6955658,0.5116052,0.5841241,0.9089498,0.3822255,0.47597957,0.2872926,0.3073417,0.26629695,0.6610713,0.96735954,0.26629695
AAGATCTATCGTGTGCTG,0.997131,0.9936829,0.9967072,0.9884849,0.99594814,0.983484,0.9015317,0.9335423,0.9629661,0.91581255,0.9977077,0.9967797,0.9960398,0.99992687,0.99988645,0.9623633,0.98693275,0.9921385,0.8960753,0.99823797,0.92657775,0.9678544,0.98184013,0.937612,0.98090076,0.9716066,0.99992687,0.8960753
GACGGCATTCAGGCAGGT,0.99855965,0.9975682,0.940919,0.99129915,0.9987404,0.97661924,0.8079332,0.9569102,0.9293514,0.90664804,0.9898135,0.9727567,0.8628535,0.9930047,0.98831517,0.9388415,0.8231245,0.95606685,0.9080598,0.98374045,0.73112214,0.81012356,0.8187522,0.6207414,0.7340933,0.90543824,0.9987404,0.6207414
GTAGAATGGGCATCGACT,0.81140155,0.9809253,0.9731449,0.895693,0.8255683,0.7604726,0.8882368,0.7117767,0.8988901,0.86650693,0.52439904,0.9373838,0.6203685,0.87156165,0.96971506,0.82679677,0.8839763,0.9132152,0.63713944,0.9627943,0.34457618,0.81095463,0.7454414,0.70247763,0.76857305,0.8052796,0.9809253,0.34457618
AAGACCAGTCTAGCTGTG,0.9979382,0.9989175,0.9917811,0.9887085,0.99817985,0.9882169,0.9299069,0.9859133,0.97710365,0.8610886,0.99391186,0.99280536,0.95936173,0.9865058,0.99065053,0.92938095,0.9359866,0.9071344,0.62789977,0.98063993,0.8617821,0.83618045,0.747849,0.6581374,0.65188885,0.9111148,0.9989175,0.62789977
TATTAAGCGAGTGGATGA,0.9845476,0.9509817,0.99790156,0.9953052,0.9990958,0.9128866,0.95181555,0.95541734,0.88240266,0.86483645,0.96478325,0.9925497,0.9857408,0.99884003,0.9991181,0.7638188,0.9603034,0.921295,0.6464992,0.99412054,0.670148,0.9310114,0.91886413,0.91097546,0.93084204,0.92336404,0.9991181,0.6464992
GTAGAGTGGACATCGTCG,0.8699471,0.98045754,0.9865131,0.95329255,0.87430376,0.81112796,0.9276639,0.5328286,0.9298285,0.92982376,0.4731728,0.90355635,0.56789464,0.882218,0.9518783,0.71850705,0.80780417,0.9366754,0.59195805,0.90980905,0.3679565,0.8626948,0.84465516,0.7786727,0.88132924,0.8109828,0.9865131,0.3679565
GTAGAATGGGCATCGGCG,0.90469027,0.9878433,0.986802,0.9454928,0.90082425,0.7384266,0.8933467,0.57635427,0.9128564,0.9079948,0.88102,0.9904851,0.87126994,0.9814073,0.9931575,0.9066463,0.92810106,0.94882405,0.7119699,0.98235536,0.47692096,0.84792143,0.8485158,0.73054314,0.82667553,0.8672178,0.9931575,0.47692096
TATTACACTAGTGGGTGG,0.9989512,0.9981714,0.9993461,0.998791,0.9993771,0.9970479,0.97122353,0.98776203,0.9830287,0.9596072,0.99709797,0.9957681,0.9972829,0.9998677,0.9998193,0.9185053,0.93626255,0.9779603,0.76892257,0.99378145,0.93251574,0.97093743,0.9847112,0.9639972,0.98781526,0.9727421,0.9998677,0.76892257
AGGGACTAGGGACGACGT,0.46085665,0.9139663,0.94822836,0.8859703,0.7383691,0.4736763,0.7689978,0.7153018,0.66677666,0.77964795,0.61950165,0.94412076,0.5698692,0.8442412,0.7874557,0.36982054,0.36188772,0.1998924,0.2007025,0.4139703,0.27968743,0.5268233,0.4584482,0.30263382,0.3209244,0.5820708,0.94822836,0.1998924
AACACCGGGCTGACTGTA,0.9900088,0.9952282,0.93824846,0.93049234,0.9952791,0.881717,0.8911098,0.94912064,0.9440557,0.500929,0.9995573,0.9995832,0.96653354,0.99789613,0.9966401,0.9827694,0.9615703,0.9801926,0.86263543,0.992857,0.9185646,0.8127128,0.73264253,0.511354,0.54535353,0.89108205,0.9995832,0.500929
GAACGGGGCACACATAAT,0.5167468,0.8392674,0.34498358,0.574218,0.7037127,0.7490038,0.7344078,0.7494173,0.61347204,0.61894935,0.39932874,0.53069496,0.15283471,0.25843328,0.09557427,0.4296884,0.2938399,0.4445991,0.5343759,0.52832055,0.24979454,0.3515535,0.20791659,0.20094451,0.22070892,0.4537115,0.8392674,0.09557427
AGGGGCGAGGGCGGAGGT,0.9700646,0.9847554,0.98063266,0.9898869,0.9948855,0.77998143,0.7160254,0.9175887,0.73124284,0.8946059,0.9975477,0.9999599,0.89229655,0.99992186,0.9941715,0.67180884,0.87034297,0.796715,0.7350512,0.88258666,0.3498772,0.57407814,0.7791161,0.2773095,0.4597923,0.80960983,0.9999599,0.2773095
GAAGCATTTACTGAGCTG,0.9972077,0.9885131,0.9967431,0.99465173,0.9917182,0.9779341,0.62956923,0.8277362,0.97088724,0.92104095,0.9426013,0.93554324,0.9616604,0.9963543,0.99832195,0.89476466,0.9434249,0.9193547,0.7661404,0.98952824,0.7084427,0.92041403,0.9074891,0.86612993,0.90904856,0.91820884,0.99832195,0.62956923
ATAAACATTCTAGCTGTG,0.9976055,0.9991131,0.9964981,0.98637044,0.9988525,0.981701,0.93659747,0.96899945,0.9116813,0.9127254,0.98120916,0.9895279,0.98454314,0.9864195,0.9947288,0.91292703,0.93834585,0.9612262,0.7380219,0.9909327,0.8765244,0.92960954,0.8551551,0.9089504,0.8671627,0.9442171,0.9991131,0.7380219
AGGGGAGCATTCGGCGAA,0.9923292,0.8975248,0.895118,0.9502051,0.9510899,0.80143917,0.3990281,0.88901204,0.51164466,0.8843747,0.9335808,0.92270905,0.56263584,0.9201223,0.871688,0.5975474,0.8806421,0.7974809,0.65521425,0.84615797,0.35132602,0.7221225,0.77231675,0.4608805,0.65338206,0.7647828,0.9923292,0.35132602
AGGCTGCGTAAGCCTACT,0.66785175,0.9018031,0.7925461,0.37326828,0.7530602,0.8883728,0.22396892,0.8357333,0.43469837,0.38537136,0.8143565,0.7728154,0.383808,0.9002648,0.8274977,0.8433793,0.82134455,0.8629767,0.82829565,0.9037006,0.66424364,0.8648595,0.8304854,0.73078984,0.8609448,0.7266575,0.9037006,0.22396892
TTACAGGGTATATCTTAG,0.99593425,0.9988762,0.9958902,0.98783433,0.98405737,0.95653844,0.9583524,0.955196,0.9603571,0.94704664,0.8072307,0.9759541,0.9318883,0.9970956,0.9987695,0.6209842,0.94294006,0.89301395,0.73491883,0.96172035,0.7360001,0.96304214,0.972833,0.9572173,0.987495,0.92884743,0.9988762,0.6209842
GAAGACATTATTGCTCTG,0.99921936,0.99903995,0.9975771,0.99624586,0.9992461,0.99228954,0.9359099,0.96593624,0.9855263,0.96243304,0.92586976,0.9390521,0.96703005,0.9946704,0.99799544,0.92945445,0.96909314,0.92461133,0.7321335,0.9907006,0.708589,0.9319283,0.92248267,0.8805764,0.9275456,0.94300634,0.9992461,0.708589
GAAGAAGGGGCATCGTCT,0.6622627,0.974626,0.9548711,0.9652264,0.96660084,0.8504965,0.9330679,0.81111854,0.95170254,0.8763004,0.8041559,0.99438834,0.7453944,0.97368085,0.97658163,0.8178742,0.8566288,0.6663286,0.38629806,0.954513,0.26350084,0.47108066,0.4825394,0.27232662,0.30178773,0.7565341,0.99438834,0.26350084
ATAAACAGTATAGCTGTG,0.99763525,0.9986881,0.9973093,0.979104,0.9979117,0.9808237,0.94905365,0.98181987,0.9465924,0.89446473,0.9168299,0.9811267,0.9696299,0.9691961,0.97942966,0.74721634,0.82236814,0.63590556,0.39832956,0.9738885,0.6343221,0.79867154,0.5725849,0.75237966,0.50560874,0.8552356,0.9986881,0.39832956
ACGACCGGACATACCGTG,0.9793411,0.87480885,0.66754264,0.7812336,0.7578304,0.86087286,0.5099095,0.79809594,0.8204378,0.50733674,0.9368743,0.9575063,0.5926734,0.74483067,0.6091266,0.6837977,0.53523546,0.26893425,0.4240152,0.61122036,0.80055475,0.5666386,0.37141538,0.33995244,0.34970042,0.65399545,0.9793411,0.26893425
GAGCAACGGGTAACGATT,0.9754006,0.9725131,0.8202194,0.9003991,0.90622956,0.9257954,0.58998895,0.89634734,0.9279314,0.7867313,0.65611815,0.9019861,0.49034455,0.78455234,0.79851544,0.73400587,0.58290744,0.35755044,0.5937368,0.8192205,0.3052476,0.47151834,0.32977045,0.27253008,0.25413814,0.68214804,0.9754006,0.25413814
AATATCTATCGTGTGCCG,0.9968709,0.9983379,0.997592,0.99096364,0.99806017,0.9899925,0.92375576,0.8857145,0.9578044,0.931135,0.998723,0.9983001,0.9976062,0.99995464,0.99994534,0.97642016,0.9869824,0.9952136,0.9006948,0.9986998,0.96006256,0.97620213,0.98479575,0.96472967,0.98885995,0.9758966,0.99995464,0.8857145
ACAAAGGGTCAGACTGCG,0.99185705,0.9889031,0.946559,0.95309037,0.9596003,0.89184695,0.8077457,0.7603931,0.8573088,0.673494,0.9653067,0.9944338,0.89905816,0.97333175,0.9705264,0.8402356,0.8628931,0.79738104,0.62493634,0.97495735,0.57545483,0.54165924,0.35777086,0.33368903,0.278906,0.7928535,0.9944338,0.278906
AGGAAGCAACAGACAACG,0.12508006,0.109814465,0.103398204,0.053398278,0.07145282,0.3666548,0.16698612,0.2680189,0.16654146,0.17678322,0.21594374,0.133009,0.11336273,0.09487052,0.07304162,0.109967865,0.08581569,0.041664414,0.062525325,0.10843734,0.19479363,0.13343583,0.11814678,0.12120078,0.13166393,0.1338403,0.3666548,0.041664414
TTACAGGGTATAGCTAAG,0.9954363,0.9978008,0.9939479,0.9808462,0.99323934,0.985244,0.9141096,0.9528594,0.94515955,0.9297515,0.8300099,0.97691387,0.87832516,0.99324137,0.9959943,0.5503721,0.842571,0.7583055,0.646238,0.9562065,0.59483904,0.9205156,0.8810803,0.90746534,0.9379126,0.8943354,0.9978008,0.5503721
ATAGAATGTGCATCGGCG,0.98061943,0.9963555,0.99544287,0.9690146,0.9544772,0.89704925,0.9005499,0.84442455,0.90552497,0.9248366,0.9706234,0.9920542,0.9743544,0.9980437,0.9981931,0.9548248,0.9770465,0.9772919,0.7852176,0.9962893,0.6944113,0.9107816,0.88061553,0.8486204,0.85967183,0.92745346,0.9981931,0.6944113
ATAAAGAGTCTAGCTGAG,0.99777883,0.9988736,0.99623764,0.9846679,0.99728686,0.9738452,0.94893825,0.95265484,0.9493229,0.9307653,0.95342195,0.98389155,0.96104085,0.98185164,0.98781407,0.7586635,0.94117093,0.8786834,0.43109295,0.98468894,0.554887,0.7901612,0.6349601,0.7220147,0.5646243,0.87437356,0.9988736,0.43109295
AGGTACCAAAAGCGAAGT,0.10413796,0.32593262,0.40323177,0.092769824,0.30864236,0.3791644,0.22916283,0.6812582,0.12680274,0.3418117,0.26914707,0.1906494,0.24080007,0.08713836,0.07931375,0.2493028,0.12012734,0.06528758,0.09026213,0.16135305,0.29406628,0.26145378,0.17998506,0.23485643,0.19875595,0.22861654,0.6812582,0.06528758
AGGAACCAACAGCCAACG,0.071070805,0.23041613,0.14967403,0.012030952,0.09096277,0.31097877,0.1317417,0.34630272,0.07010911,0.16474178,0.3372723,0.29617488,0.21829264,0.24375205,0.12460481,0.23967317,0.1453975,0.07599594,0.07367833,0.15917495,0.45695996,0.22406682,0.1702483,0.15935846,0.19542761,0.18792425,0.45695996,0.012030952
AAACGGATCATCCATAAT,0.9926989,0.9964526,0.8742797,0.90327686,0.94726825,0.9645653,0.80252016,0.8358434,0.8674914,0.867758,0.8285933,0.93603086,0.59367913,0.8365467,0.6514534,0.69156855,0.7681928,0.7149311,0.43954983,0.8719335,0.63968265,0.5735935,0.32313752,0.47848642,0.3329793,0.74930054,0.9964526,0.32313752
AAGACCAGTCTGGCTGTG,0.9991232,0.9988874,0.9918387,0.9915251,0.9990565,0.9889972,0.946227,0.9852811,0.9827834,0.8519089,0.99942195,0.99875736,0.98846644,0.99932784,0.99906224,0.97810155,0.97674155,0.9857102,0.83609056,0.99511975,0.9218935,0.8992311,0.8995382,0.7280849,0.82073224,0.9504762,0.99942195,0.7280849
TTACAGAGTATAGCTGAG,0.99800473,0.99873024,0.99635595,0.9853518,0.9957961,0.98918194,0.95777154,0.9673937,0.9762471,0.94811237,0.83276033,0.964891,0.9356635,0.9689565,0.9900612,0.56257683,0.8623866,0.631802,0.41822624,0.9647576,0.6654311,0.9086452,0.8595868,0.90585965,0.90589416,0.8876178,0.99873024,0.41822624
TTACGGGGTATACCTAAT,0.98308545,0.99798864,0.9662456,0.89872795,0.9504389,0.9625732,0.8873521,0.9513246,0.8698605,0.9180717,0.74310714,0.96119815,0.558853,0.98967004,0.98827296,0.49444148,0.7701205,0.81472844,0.67900866,0.79163885,0.61952114,0.93847173,0.92667514,0.9224297,0.9731384,0.8622777,0.99798864,0.49444148
GACGGCATTCAGGCAGGG,0.99854046,0.9971046,0.96068716,0.9921546,0.99821436,0.9757505,0.80904925,0.92727673,0.91136354,0.9080179,0.9933254,0.9760678,0.8852128,0.9937139,0.98669565,0.9388415,0.8231245,0.95606685,0.9080598,0.98374045,0.7328571,0.79432553,0.8067075,0.5952602,0.7013116,0.90213865,0.99854046,0.5952602
GAGGGAGCATTTGCTGTA,0.99318457,0.8734996,0.9166428,0.98386246,0.99363154,0.85689414,0.75371665,0.9623376,0.944289,0.8622038,0.89596784,0.88914883,0.818394,0.9903352,0.9940145,0.8560224,0.9780169,0.9656856,0.7970611,0.986158,0.41119164,0.9147174,0.96371394,0.7880897,0.9516527,0.89361733,0.9940145,0.41119164
GACCTGGGCACCTACAAT,0.995793,0.991588,0.91960907,0.96295714,0.9379537,0.90269107,0.90744054,0.9206574,0.9186956,0.92484736,0.95383805,0.9116047,0.33665052,0.82103246,0.61109084,0.85135496,0.6440625,0.8879352,0.7525073,0.84894353,0.78559303,0.77484536,0.605389,0.5486663,0.6240714,0.81359273,0.995793,0.33665052
TTACAGGGTATATCTAAG,0.9963058,0.9989753,0.993848,0.98159105,0.9747625,0.97290784,0.94124925,0.94610757,0.9564476,0.9296432,0.6930454,0.95307934,0.850372,0.9877067,0.9953655,0.5084059,0.9103874,0.82483333,0.6941724,0.93075746,0.62810254,0.94449484,0.92977476,0.9386075,0.9690849,0.89800125,0.9989753,0.5084059
ATAAACATTATAGATGTG,0.9914906,0.9972731,0.99611545,0.9707722,0.99679685,0.9629026,0.8851534,0.953724,0.8899595,0.84061325,0.8258818,0.961967,0.97498035,0.9655971,0.9825811,0.6914274,0.74083006,0.56869924,0.39721835,0.970112,0.6269385,0.85587716,0.6188545,0.8524556,0.5886878,0.84427637,0.9972731,0.39721835
TAACGCATTATCGATAAT,0.9982219,0.9994203,0.97868717,0.98001045,0.99665207,0.98915946,0.8638275,0.97227377,0.9498504,0.94410723,0.8944665,0.9606158,0.9020618,0.970931,0.98597944,0.8667255,0.8997866,0.87214243,0.8020561,0.9608147,0.8004381,0.90473425,0.80837744,0.8954453,0.86370194,0.9224195,0.9994203,0.8004381
GAGGCCATTACTGCTCTG,0.99563164,0.9882903,0.9850387,0.98874503,0.9928604,0.9842837,0.72827953,0.9465246,0.98240864,0.8847601,0.9597514,0.6626302,0.8160142,0.97253484,0.987044,0.9329844,0.9540541,0.9801927,0.79082906,0.9744987,0.8378193,0.9135141,0.9497366,0.86529374,0.9556973,0.92117673,0.99563164,0.6626302
GAAGAGGGCACATCGTGT,0.98827165,0.9943614,0.98635197,0.9921023,0.99226457,0.95093155,0.9611421,0.9278717,0.9724051,0.90643907,0.7609519,0.901454,0.5110848,0.65383923,0.64586896,0.72605294,0.6699977,0.71126556,0.5543889,0.9098638,0.294012,0.48423025,0.41160336,0.27531436,0.29155865,0.7389452,0.9943614,0.27531436
AACACCGGCCAGACTGTG,0.98945475,0.991767,0.8750459,0.86757666,0.9667172,0.8493284,0.7774506,0.86973315,0.8659305,0.4083774,0.99799544,0.99644405,0.8548025,0.90317905,0.88813984,0.95069003,0.8078647,0.8628008,0.69155157,0.93993485,0.9022404,0.59183496,0.39373368,0.33310735,0.3549309,0.79722536,0.99799544,0.33310735
GACGGCATTCATGCACGT,0.9989867,0.99827504,0.9494805,0.9933619,0.99886477,0.989878,0.7473316,0.9575547,0.9649498,0.90111274,0.96463066,0.86759216,0.7522064,0.9755748,0.98242843,0.9405051,0.91738486,0.9734162,0.91299194,0.98144627,0.7706016,0.8637636,0.85862917,0.76432186,0.8572285,0.91530085,0.9989867,0.7473316
CGGATCCATCGTCTGCCG,0.5855875,0.8601442,0.8710647,0.16908911,0.5506521,0.78877693,0.36465037,0.4414707,0.23925926,0.16123243,0.98829514,0.9074348,0.8808723,0.9773052,0.98911357,0.9151638,0.9510174,0.9808991,0.8470971,0.9766199,0.9616492,0.91618294,0.9627998,0.8963054,0.96655864,0.76596963,0.98911357,0.16123243
TAGACCAGGCTGACTGTG,0.98671764,0.9893178,0.9360465,0.9146343,0.977752,0.92892474,0.8711478,0.95573866,0.9732986,0.5464589,0.99216074,0.99226,0.9178773,0.990955,0.98892796,0.91938996,0.94235665,0.96837574,0.6836645,0.9836996,0.8550829,0.8704611,0.85800874,0.7603089,0.8234913,0.9050824,0.99226,0.5464589
AATTACACTATTGGACGG,0.99970996,0.99953943,0.9986918,0.9987063,0.99948627,0.9970517,0.9859127,0.9837711,0.97483194,0.9598496,0.9903898,0.9868289,0.9904363,0.99715704,0.9980247,0.86957484,0.94084764,0.9069663,0.7124837,0.97993326,0.8726921,0.9357443,0.88722014,0.9191554,0.89527094,0.95121115,0.99970996,0.7124837
ATAACCGGTCTAACTGTG,0.99779725,0.99942243,0.9904159,0.9782015,0.9947677,0.9360198,0.89488006,0.9623159,0.93844837,0.779968,0.9895569,0.9928541,0.9505757,0.9866078,0.9920064,0.9222278,0.9196054,0.9673163,0.80590785,0.9729018,0.8894949,0.9012778,0.85105777,0.85632896,0.85832083,0.9331311,0.99942243,0.779968
TAGACCAGGCTAACTGTG,0.9771929,0.9919655,0.9348349,0.91265005,0.9641883,0.94389683,0.84350634,0.9489075,0.96703744,0.61052173,0.9134291,0.9520729,0.7169071,0.86776984,0.86132336,0.8032511,0.7621813,0.8186641,0.5283546,0.9021003,0.76591927,0.7997552,0.6730676,0.69637644,0.6705522,0.8330569,0.9919655,0.5283546
AGGCAACGTAACCAAAGT,0.9084393,0.8634954,0.72212386,0.3559827,0.39228854,0.80380297,0.19897242,0.7775285,0.1789084,0.343167,0.23738463,0.24624312,0.22913386,0.19120994,0.09903091,0.27302778,0.1544695,0.07452137,0.16023642,0.1511518,0.35679236,0.29179093,0.19911832,0.22474624,0.22241724,0.34623936,0.9084393,0.07452137
AGGGCCGAGGGACGACAT,0.65379095,0.95537716,0.82030994,0.8624137,0.70206654,0.4360791,0.54148793,0.5608063,0.5537546,0.70692647,0.888296,0.9906426,0.32522836,0.9336468,0.578923,0.3894487,0.41017795,0.31805462,0.42734817,0.33742222,0.3209024,0.44135714,0.3495083,0.2034808,0.22024448,0.55710787,0.9906426,0.2034808
AGGGGCGACGGCGGAGAT,0.96617645,0.97382027,0.9215019,0.95142144,0.9567759,0.76264894,0.6096033,0.8888215,0.63471323,0.9066598,0.99394065,0.99906117,0.59780943,0.9946196,0.8441328,0.5393953,0.7576648,0.63637954,0.7481864,0.7802823,0.37753487,0.55358577,0.6248203,0.24598213,0.35373095,0.74477077,0.99906117,0.24598213
AATTACACTAATGGATGG,0.9981388,0.9958471,0.99769807,0.99706453,0.9987233,0.9929773,0.9532932,0.9729463,0.92043364,0.9266546,0.9451037,0.9607713,0.97434753,0.9678984,0.9811462,0.728587,0.8716412,0.7916494,0.5689171,0.96695673,0.7509342,0.8693214,0.7235441,0.86715794,0.6954193,0.89668685,0.9987233,0.5689171
GACCAATGGGCATGCTTT,0.93622035,0.96210486,0.98054093,0.98929375,0.98974884,0.89653355,0.9434014,0.900765,0.9667873,0.9478182,0.98089117,0.9971648,0.94410104,0.9983696,0.99824065,0.9800927,0.9625213,0.959993,0.8269982,0.9946152,0.8268494,0.866742,0.874487,0.6926809,0.8002605,0.92868876,0.9983696,0.6926809
AGGGGCGACGGAGGAGAT,0.7488791,0.87444556,0.8802086,0.89004165,0.9094696,0.5850215,0.5311088,0.8508566,0.56672055,0.84429383,0.9402114,0.99594957,0.44420284,0.9726289,0.6624211,0.33696613,0.5123516,0.306129,0.5150022,0.6006868,0.20999837,0.38479915,0.429435,0.1969455,0.21904331,0.6163127,0.99594957,0.1969455
ATGACCGGGCTAACTGTG,0.96850276,0.98920363,0.93161005,0.851429,0.93071365,0.8671467,0.6525549,0.93695784,0.9130789,0.5558496,0.9867793,0.98939365,0.83019775,0.9915346,0.9783055,0.8366168,0.8194537,0.8921384,0.73428,0.91531724,0.80959946,0.8700301,0.85854447,0.747642,0.82676256,0.86734575,0.9915346,0.5558496
GAGGGCGGAGTTGCTGTA,0.98784035,0.9771154,0.92083144,0.98701125,0.9960297,0.9157729,0.7454893,0.972403,0.97162217,0.8911334,0.98891467,0.99959904,0.88868934,0.9999606,0.9996561,0.9007042,0.98365414,0.98079026,0.8896711,0.988911,0.42049828,0.90093875,0.9735576,0.6973721,0.9442784,0.91689783,0.9999606,0.42049828
AGGAACGAAAAACGAACT,0.024410617,0.2515105,0.23775534,0.047227826,0.22331375,0.3683391,0.10042164,0.47297916,0.1744165,0.3109259,0.17883502,0.15204872,0.12747538,0.09618709,0.083781004,0.10607576,0.09713802,0.02694181,0.041512415,0.08384393,0.14108758,0.09181,0.095515154,0.10687342,0.1055621,0.14983952,0.47297916,0.024410617
GGGCAACGGGTCAGCATT,0.98010814,0.87804013,0.73879576,0.9115547,0.8715476,0.85178304,0.26381958,0.8171624,0.7763393,0.859217,0.7812063,0.863652,0.34214345,0.7544747,0.7941336,0.7212233,0.7147973,0.64160675,0.7540666,0.90342057,0.43285197,0.68228716,0.6654224,0.3848848,0.56379294,0.7179332,0.98010814,0.26381958
AGGCTGCGTAAGACTGCT,0.8946991,0.93792754,0.7600382,0.6066158,0.8665323,0.80531794,0.3333095,0.8536843,0.7611812,0.4532895,0.77201486,0.84975743,0.4985535,0.9515012,0.90877837,0.78640676,0.8020257,0.8512234,0.77443844,0.89279646,0.5861086,0.8542851,0.83169836,0.7138018,0.83569413,0.76726705,0.9515012,0.3333095
AAACGAATCATCGATATT,0.9971731,0.9964246,0.9750184,0.9653701,0.9905954,0.9758908,0.7503853,0.9249421,0.9425325,0.826989,0.8758843,0.96591175,0.8640072,0.89313084,0.88835776,0.7060124,0.80291736,0.52049226,0.4218821,0.8896241,0.6542138,0.5821982,0.32659686,0.4965235,0.31026322,0.78173345,0.9971731,0.31026322
GACGCCAGGCAGGCTGGG,0.99779356,0.9965284,0.9682072,0.9896273,0.9978603,0.958857,0.87482333,0.9180145,0.9530414,0.86229175,0.99932855,0.9982939,0.9153812,0.9946802,0.984791,0.972002,0.882164,0.9590788,0.88597184,0.98134714,0.8578754,0.70170444,0.74388987,0.36668086,0.46310028,0.88893336,0.99932855,0.36668086
AGGTACCAGAAACGAAGT,0.06621277,0.310702,0.53702223,0.14488225,0.3535304,0.34413102,0.25603315,0.6274714,0.1397951,0.3652239,0.23142636,0.1642669,0.19418265,0.07329089,0.05833964,0.1331216,0.09558938,0.060427375,0.07309171,0.07329482,0.26555625,0.25708637,0.17228606,0.22835751,0.19508262,0.21681613,0.6274714,0.05833964
GTAGAGGGTACATCGTAG,0.9858349,0.9946484,0.98614645,0.97772455,0.88691336,0.9099642,0.9406825,0.81875974,0.94825417,0.94809055,0.4298998,0.8483562,0.4544052,0.7644654,0.8944199,0.5370735,0.63212186,0.7465849,0.51924264,0.782504,0.2664363,0.81674635,0.7944204,0.7309469,0.8347904,0.7779773,0.9946484,0.2664363
AGGCAACGGACGTCTGCT,0.45180333,0.6132173,0.5734543,0.2045509,0.6022692,0.5538491,0.3008358,0.76393324,0.400711,0.28024468,0.93503773,0.9406964,0.69909984,0.84404194,0.8305892,0.7129301,0.8095308,0.5745546,0.5942602,0.85485446,0.7088011,0.6931823,0.6383664,0.39555082,0.48899987,0.6186146,0.9406964,0.2045509
AGGAACGAACATCCAAAG,0.14569843,0.17825983,0.14472821,0.01881269,0.1482227,0.4184145,0.13232946,0.27487177,0.091301635,0.2618905,0.24218322,0.18397117,0.16395402,0.13858676,0.09340133,0.18603474,0.18853645,0.08412915,0.079832755,0.16159636,0.2908116,0.20140833,0.16188253,0.17480572,0.18184608,0.17390041,0.4184145,0.01881269
AAGACAGGGCTAACTGTG,0.9631903,0.97081953,0.9441805,0.89681447,0.93287134,0.8553781,0.6392588,0.9123266,0.9023911,0.53578645,0.9336467,0.9861045,0.8267205,0.95400465,0.9364508,0.7473344,0.8276671,0.68585855,0.45939124,0.9317981,0.47384712,0.5546186,0.40060106,0.32882643,0.28681546,0.75546813,0.9861045,0.28681546
GTGGGCGGCTTTGGCGTA,0.99859357,0.98928434,0.98485285,0.9957634,0.99835336,0.9542353,0.7789854,0.9685227,0.9570031,0.9608599,0.99972475,0.9998112,0.955908,0.9999991,0.99999267,0.9548875,0.99023956,0.9952752,0.9574201,0.99273944,0.79283404,0.9759875,0.9975665,0.9392064,0.99772877,0.9654309,0.9999991,0.7789854
GAGCAACGGGCATCGATT,0.8928281,0.94707453,0.7848303,0.91340417,0.9161946,0.86995727,0.6708551,0.88015205,0.8976492,0.7479311,0.89956874,0.9474236,0.56803864,0.83223563,0.8167646,0.8609794,0.791085,0.71544677,0.75377053,0.9045561,0.52247286,0.57597256,0.47080028,0.30537483,0.32898545,0.752574,0.9474236,0.30537483
AGGAACGAAAAGCCAACG,0.08745931,0.4355633,0.2671885,0.026006157,0.1608742,0.3951075,0.1579775,0.48356533,0.14191948,0.2413913,0.22736433,0.19518852,0.16482152,0.12094746,0.107230134,0.21485616,0.13817278,0.051417116,0.05949991,0.16426212,0.19033161,0.12393456,0.11583988,0.11901408,0.1274048,0.1806935,0.48356533,0.026006157
ATCCTCATCATCAATATC,0.9963158,0.9954847,0.9275287,0.71139604,0.9346994,0.96127725,0.73778325,0.86991143,0.9131379,0.7428307,0.88669235,0.9465192,0.7575182,0.7998689,0.8511248,0.70007724,0.750363,0.93490255,0.8326119,0.9379552,0.9391938,0.8839015,0.81384575,0.9289593,0.8992999,0.8661279,0.9963158,0.70007724
GACGCCAGTCAGGCTGGG,0.99952966,0.99925303,0.9858327,0.994791,0.9989231,0.9800808,0.8808596,0.9585863,0.973124,0.89270324,0.9990797,0.9961364,0.940567,0.99558467,0.99320257,0.97776,0.9224396,0.97666305,0.9150795,0.9885528,0.8951499,0.8140689,0.85428065,0.56630707,0.7061919,0.9281899,0.99952966,0.56630707
GACGACATTAATGCACGG,0.9986103,0.9979186,0.9883618,0.9918919,0.99828696,0.99107337,0.84155756,0.94250584,0.96532845,0.90101206,0.74911237,0.7944295,0.76984465,0.8246406,0.9154419,0.89570755,0.766661,0.5856602,0.67153853,0.94420964,0.57387227,0.7161451,0.5269834,0.60080636,0.4750075,0.8170643,0.9986103,0.4750075
ATCGGCGGCGATGGCGTA,0.99614096,0.9921371,0.9785688,0.9918806,0.9960671,0.97090346,0.6200253,0.9237059,0.86259097,0.93127465,0.9998572,0.9999115,0.97000885,0.999991,0.9996953,0.94907945,0.970901,0.9891308,0.9411422,0.9912493,0.8730505,0.89976203,0.95770484,0.74300545,0.90876657,0.93826205,0.999991,0.6200253
GATAACATGAAGGGACGT,0.99548167,0.99778026,0.9893362,0.99259585,0.9990822,0.9796432,0.91487783,0.90626675,0.95082444,0.9355243,0.73040885,0.93179494,0.87575686,0.9007058,0.9642455,0.7792139,0.6104714,0.3972341,0.44526836,0.9667428,0.31556424,0.49444216,0.30450284,0.42116228,0.23473492,0.7613465,0.9990822,0.23473492
GATACCGCGGTGGCTGTA,0.9989446,0.9989579,0.9944547,0.9972097,0.9998152,0.95824397,0.969859,0.97785056,0.9791214,0.9281546,0.9998881,0.9998343,0.99004394,0.99998635,0.99993664,0.9876158,0.9832805,0.9934904,0.94676644,0.99796546,0.9299959,0.92994654,0.9759722,0.8376093,0.9520373,0.9730792,0.99998635,0.8376093
TTACGGATTATAGATAAG,0.98205286,0.9956282,0.9831552,0.9677735,0.9807906,0.9696493,0.78351444,0.90141743,0.9056752,0.8793928,0.40146393,0.6769743,0.7710289,0.9011471,0.98317987,0.40162787,0.7551316,0.54941344,0.47694275,0.8825883,0.47976524,0.9367413,0.8826136,0.9406251,0.955769,0.81376237,0.9956282,0.40146393
TAAACCAGGCTAACTGTG,0.98752,0.997401,0.97534364,0.95475554,0.99174905,0.95535403,0.90926707,0.9521033,0.9642332,0.7060097,0.9540811,0.9874925,0.8706643,0.9137892,0.93023163,0.89388984,0.7984883,0.77508205,0.4781428,0.9501874,0.7935887,0.7463304,0.48645332,0.6524669,0.476528,0.84404624,0.997401,0.476528
AATAACTCTCGTGGGCGG,0.99967825,0.9995826,0.99886,0.99853104,0.9995424,0.9971096,0.9649035,0.9702393,0.9737507,0.97805035,0.9998786,0.9995695,0.99821484,0.9999402,0.999898,0.9830116,0.9783566,0.9930241,0.9078624,0.99726236,0.964779,0.947173,0.9583406,0.903731,0.93370247,0.9777996,0.9999402,0.903731
GACGCCATGCTGGCTGTA,0.9986614,0.9980242,0.976018,0.9915164,0.99922115,0.9692972,0.9370139,0.9348457,0.979967,0.84258276,0.99967086,0.99834836,0.972865,0.99976134,0.99954146,0.992992,0.986245,0.9964676,0.94504464,0.9978785,0.94932806,0.913673,0.964904,0.8179787,0.94134206,0.9641276,0.99976134,0.8179787
AGGCAGCATAAGACAACT,0.7642205,0.7875772,0.48352888,0.2897507,0.2160797,0.7812917,0.3566863,0.63314694,0.4876367,0.4500512,0.20661259,0.17274018,0.16518196,0.12755273,0.10718204,0.19553941,0.12792411,0.0809161,0.20485173,0.1656197,0.25875703,0.2623083,0.18153232,0.20904328,0.19904602,0.31659108,0.7875772,0.0809161
ATACAGTGTGCATCGGCG,0.9955616,0.9988453,0.9959143,0.99173623,0.99317676,0.96309686,0.9471691,0.9040865,0.96650416,0.96194804,0.9970711,0.9989691,0.98732173,0.99988276,0.99970865,0.9821547,0.9844318,0.9942976,0.9328503,0.9978973,0.89040565,0.93796504,0.94656014,0.89250386,0.941181,0.96804965,0.99988276,0.89040565
GAAGAAGGGGCATCGTTT,0.8314814,0.97817296,0.96493125,0.9843534,0.9779881,0.89256066,0.936162,0.88025534,0.9580746,0.917634,0.8123751,0.994782,0.8111005,0.9833155,0.9828814,0.8155306,0.85993254,0.67875624,0.42680448,0.96344656,0.26467046,0.5247469,0.5794232,0.31010082,0.37678817,0.7882508,0.994782,0.26467046
GACAGCGGCGTTGCTGTA,0.99730754,0.99472696,0.97535384,0.9899827,0.99953204,0.9372425,0.90118206,0.96553063,0.9506253,0.7628698,0.9997883,0.99981594,0.9835989,0.99998325,0.99989647,0.98598015,0.9906712,0.9902334,0.9647815,0.99733526,0.897594,0.92340046,0.97508067,0.76575124,0.94629997,0.95578253,0.99998325,0.7628698
GAAGGAATTATCGAGATT,0.99869514,0.99847394,0.9909965,0.9920247,0.99256796,0.9874418,0.78877723,0.9286709,0.9705236,0.9399901,0.35907376,0.5226807,0.7347724,0.70032406,0.94496477,0.63168985,0.7423467,0.38366374,0.33161384,0.93685126,0.1990689,0.65053177,0.5458223,0.58227426,0.47238955,0.7330491,0.99869514,0.1990689
GGGTAACGGAACCAAAGT,0.22538432,0.17748068,0.37746128,0.14165534,0.19888775,0.36094865,0.112666145,0.5178912,0.056369685,0.21165907,0.08697461,0.022860108,0.063891605,0.0020290434,0.008849782,0.1770186,0.087933816,0.068637595,0.0968696,0.08292069,0.12382698,0.31506667,0.14879574,0.22584333,0.20136617,0.16373153,0.5178912,0.0020290434
AACGGCGGCGTTGCTGTA,0.99855155,0.99677163,0.9824569,0.9932212,0.9993349,0.97049654,0.87778074,0.9703147,0.9452801,0.8268288,0.99995667,0.9999499,0.99080193,0.99999636,0.9999494,0.9859188,0.99133235,0.9945038,0.9674051,0.9973758,0.9249985,0.93390733,0.9803353,0.77680784,0.9508442,0.9622048,0.99999636,0.77680784
GACGGCATGCTGGCTGTT,0.99632746,0.99381226,0.9489305,0.98663414,0.998817,0.95774525,0.91147494,0.9396871,0.9532003,0.87467945,0.9993295,0.99899906,0.97353935,0.99996656,0.9998312,0.9855299,0.9859047,0.9957341,0.9418443,0.997748,0.8935312,0.932255,0.9813487,0.8303142,0.9655247,0.9617083,0.99996656,0.8303142
GTGGGCGGCGTTGCTGTA,0.99666977,0.9896147,0.960993,0.985508,0.99528646,0.9096137,0.83937436,0.9650448,0.9625634,0.8887674,0.99945796,0.99983954,0.90777326,0.9999979,0.9999611,0.93939686,0.9882908,0.99401164,0.9565111,0.99077463,0.755299,0.968996,0.99648803,0.92138773,0.99637663,0.95631987,0.9999979,0.755299
GAGCAACGGGCATCGGCT,0.85285467,0.9608277,0.847431,0.88577175,0.95163953,0.79747945,0.72478044,0.8124436,0.911217,0.71282464,0.97232723,0.9868078,0.72892666,0.94238544,0.9360295,0.92869735,0.84623265,0.7991467,0.78571904,0.94586426,0.6448032,0.6160589,0.55162364,0.31532833,0.36119547,0.79273665,0.9868078,0.31532833
AGGTAACATAAGCAAACT,0.07173033,0.12230768,0.29373845,0.025081927,0.059354592,0.33090213,0.14361523,0.49005252,0.034737535,0.115816295,0.18065545,0.11811414,0.13600636,0.03738098,0.06500106,0.1417599,0.10468818,0.043760765,0.07834923,0.13025245,0.2299495,0.2894473,0.16845155,0.3047601,0.2031023,0.15676065,0.49005252,0.025081927
AGGAACGAACAGCCAGAG,0.23389405,0.5574569,0.29392898,0.034005523,0.32774496,0.32799992,0.23038122,0.40463218,0.18904679,0.42792505,0.32301408,0.2918593,0.23087208,0.18396415,0.12697722,0.26702344,0.16775534,0.080496445,0.09430716,0.23769945,0.28009006,0.18504913,0.15460305,0.14233315,0.16143727,0.23817986,0.5574569,0.034005523
AATTACACTAATGGACGG,0.99905497,0.99878454,0.99703485,0.99726725,0.99857485,0.995232,0.96010673,0.9735451,0.9528536,0.93506736,0.95052105,0.960626,0.96145225,0.9496116,0.97406393,0.7415552,0.8043546,0.714727,0.531386,0.9444803,0.7516819,0.82538724,0.6019129,0.82440823,0.58649683,0.8772075,0.99905497,0.531386
AATACTGCGGTGTTTGTA,0.9995709,0.9985074,0.99670213,0.9985095,0.9997541,0.94314456,0.964097,0.968456,0.98372895,0.92653257,0.9997492,0.9998331,0.99865985,0.9999991,0.9999954,0.98807216,0.9945623,0.99770164,0.9529444,0.99922484,0.95473915,0.98454905,0.9955552,0.9582022,0.9950081,0.983912,0.9999991,0.92653257
AGGAAGCGTCAGACTGCG,0.73568356,0.75460386,0.47389823,0.43958306,0.59560513,0.6890984,0.3502618,0.6367876,0.541892,0.2218469,0.77533823,0.7625469,0.43072554,0.5381348,0.6121931,0.62302774,0.7623622,0.52962935,0.5870714,0.90333927,0.40427786,0.57589614,0.46980628,0.3489145,0.3496503,0.564487,0.90333927,0.2218469
ATCCGCATCATCAACATC,0.9989334,0.99738353,0.9193501,0.88279766,0.8481661,0.96871287,0.7700895,0.8569158,0.8879676,0.855213,0.8882548,0.9266749,0.5437892,0.700121,0.56788516,0.6805038,0.51267606,0.8986805,0.79381007,0.7738677,0.8958938,0.7775864,0.53836,0.78768075,0.6514579,0.79691094,0.9989334,0.51267606
GACGCCATGCTGGCTCGT,0.9993283,0.9994153,0.9873963,0.9952162,0.9995907,0.98216826,0.9423946,0.9570751,0.987433,0.89939964,0.99968684,0.9986018,0.9673536,0.9996989,0.99959296,0.99315655,0.98209643,0.9957944,0.945426,0.9969368,0.95759374,0.90538144,0.959536,0.81294453,0.93749774,0.96802866,0.9996989,0.81294453
GAACGGGGTACACATAAT,0.71389,0.94273317,0.54628414,0.7458813,0.83777833,0.85550076,0.72065216,0.8712759,0.7424634,0.78608084,0.32683095,0.735579,0.1768083,0.5070949,0.35774052,0.42692086,0.3520083,0.39042222,0.4747553,0.6271719,0.20407866,0.47769102,0.25593895,0.2903131,0.25706777,0.5449184,0.94273317,0.1768083
GACCTGGTCACCTACAGT,0.99721503,0.9938844,0.96954435,0.98642087,0.99180514,0.9349481,0.860822,0.936338,0.94161373,0.921977,0.9756711,0.9293362,0.6248702,0.9458521,0.9290466,0.88618594,0.7134307,0.9521815,0.7581349,0.92405725,0.88711184,0.8566073,0.8349739,0.8026168,0.8757662,0.89721644,0.99721503,0.6248702
AGGGCCGACGGATGAGAT,0.91286707,0.97634614,0.92253107,0.93643826,0.86826587,0.49775323,0.6855248,0.80656797,0.779391,0.77867025,0.94611096,0.9564469,0.5520229,0.95193607,0.7145167,0.543712,0.7195281,0.5642985,0.61445445,0.7460297,0.42268786,0.5633487,0.5766376,0.295865,0.34863353,0.7072232,0.97634614,0.295865
AGGAGCGGCGACGGCGAA,0.9658733,0.96813375,0.8462656,0.90428805,0.95595986,0.83366865,0.37194663,0.87493116,0.5272619,0.8983945,0.9948389,0.99850047,0.56790614,0.98183733,0.8219963,0.7438455,0.86178166,0.738572,0.7480194,0.77602744,0.45961478,0.5086592,0.46615785,0.21546854,0.24736245,0.73109263,0.99850047,0.21546854
GGAGGAATCATCGAGATT,0.9955047,0.9739058,0.9403802,0.925021,0.9152257,0.9432445,0.6433368,0.76496965,0.80698264,0.7982942,0.17100716,0.063258916,0.19859153,0.016305577,0.14696097,0.40666145,0.44211408,0.33789036,0.2548031,0.57073927,0.15824994,0.5327843,0.44241896,0.41573557,0.39590558,0.53041166,0.9955047,0.016305577
GGCGCCATCATCGAGATT,0.998617,0.9963842,0.9653571,0.96535134,0.9760641,0.9839088,0.5943057,0.8127327,0.9214967,0.8939472,0.89706033,0.26322988,0.47088543,0.5526852,0.6165312,0.80250734,0.7209048,0.89860857,0.79636943,0.72359926,0.7841685,0.8077297,0.8071248,0.6645897,0.7789913,0.787726,0.998617,0.26322988
GAGGACATTCCTGCACTG,0.99526453,0.9881143,0.97365,0.9862858,0.99091274,0.9850362,0.75746787,0.9189384,0.957569,0.9258054,0.9108652,0.41243812,0.6279162,0.7280399,0.93296385,0.89880776,0.9351914,0.9622746,0.7509601,0.9717394,0.7128711,0.85806,0.84363395,0.7619552,0.85969025,0.865858,0.99526453,0.41243812
AGGACCGGACAAACCGAG,0.58013314,0.69687754,0.26048067,0.17178765,0.2772902,0.4828304,0.22890887,0.62767595,0.40563446,0.45672724,0.3152944,0.32695994,0.20393592,0.24126786,0.10833279,0.287262,0.17000277,0.10983541,0.1428331,0.123211116,0.32863668,0.25724947,0.18006498,0.16430557,0.19545503,0.29371974,0.69687754,0.10833279
AAACGCATCATCGATAAT,0.99755055,0.9984274,0.9526993,0.9530397,0.9914775,0.97587615,0.83602023,0.92225355,0.8959328,0.91626143,0.9491169,0.97265905,0.8147935,0.8884427,0.86409646,0.80669785,0.8227503,0.81374633,0.72595245,0.907938,0.7641299,0.6165795,0.35114595,0.50505805,0.3439215,0.82346267,0.9984274,0.3439215
GAGAGAGCGTTTGCTGTA,0.9921068,0.9220236,0.95752025,0.98112065,0.9981563,0.8480596,0.82361245,0.95340914,0.9077957,0.7901772,0.9874475,0.9946782,0.9644242,0.9998214,0.9997852,0.9525497,0.99141073,0.97812676,0.843233,0.9959116,0.5833086,0.9357193,0.9759513,0.8101756,0.9628194,0.92597383,0.9998214,0.5833086
ACGAACGAACAGACAGAG,0.8118738,0.75064874,0.40351787,0.24320467,0.42163584,0.5159323,0.4118213,0.49771178,0.53497136,0.54846466,0.45951217,0.72423077,0.37444755,0.5708079,0.32899296,0.2613665,0.20928879,0.070815854,0.12732199,0.36863726,0.4194317,0.17180184,0.1596002,0.14219436,0.15640005,0.38738528,0.8118738,0.070815854
AGGAACCAAAAGCCAACT,0.0619721,0.3099424,0.18094692,0.00976115,0.114418864,0.33583236,0.14713186,0.51668936,0.07516713,0.18314742,0.27354026,0.25045964,0.18599407,0.18402144,0.113231935,0.23216751,0.12635325,0.053555734,0.053638253,0.14649296,0.33117846,0.16296634,0.13828446,0.13869204,0.15955558,0.17940567,0.51668936,0.00976115
GAGGACAATAGTGGACGG,0.9965924,0.9963075,0.9961815,0.99540806,0.99566025,0.97898024,0.9370431,0.9657154,0.9846497,0.9597762,0.5829739,0.6308343,0.781265,0.7122908,0.88616514,0.5902871,0.6663085,0.22375292,0.174817,0.8890279,0.21406804,0.48608425,0.4163297,0.32629925,0.2661904,0.7061203,0.9965924,0.174817
CCCCCCCTCCCCCCCCCC,0.99824697,0.9995652,0.85817313,0.69104385,0.8800494,0.98715615,0.72230965,0.7566,0.60367835,0.76259035,0.99996954,0.9986517,0.606688,0.66857404,0.69871616,0.98179954,0.6870274,0.95039064,0.7495166,0.7221775,0.99905735,0.6011472,0.5724478,0.6814548,0.66078174,0.7935125,0.99996954,0.5724478
AAACGGATTATCGATAAT,0.9987264,0.99938303,0.9856122,0.9914574,0.9976857,0.9904647,0.8461514,0.9508613,0.96772313,0.9553916,0.8902365,0.97734445,0.91853607,0.984598,0.98801416,0.73623115,0.90578866,0.6847794,0.5699513,0.95381564,0.5066092,0.770896,0.5420673,0.6683939,0.48746225,0.8507274,0.99938303,0.48746225
GGGCAACGGAACACTACT,0.47741032,0.33722582,0.25267047,0.096428804,0.124796234,0.6087107,0.07705225,0.51030517,0.29174802,0.2535221,0.118007146,0.04207206,0.10629567,0.014974246,0.025584284,0.2649547,0.14228144,0.099906504,0.17057696,0.12023805,0.2130684,0.33146387,0.20272161,0.20207246,0.2320474,0.2126454,0.6087107,0.014974246
ATAAAAAGTATAGCTGAG,0.9945417,0.99726653,0.9962179,0.9114304,0.9895468,0.9486148,0.8916669,0.9382297,0.88786757,0.82067585,0.7454191,0.951811,0.93859744,0.9058175,0.9213214,0.56328416,0.7450019,0.32110003,0.16794084,0.95962375,0.40877616,0.5607916,0.27423528,0.5723285,0.24333178,0.7462175,0.99726653,0.16794084
GAAGCAATTACTGAGCTG,0.9976551,0.9927291,0.99586076,0.99256843,0.9912278,0.98558563,0.6993344,0.8492091,0.9726804,0.90502286,0.83633924,0.8614268,0.89812887,0.9369575,0.9771613,0.8477811,0.8765975,0.7137378,0.51133674,0.97945136,0.51028407,0.75232404,0.61669827,0.6355409,0.537165,0.83491206,0.9976551,0.51028407
GAGACCAGGCTGGCTGTG,0.99570334,0.9940287,0.97676635,0.9852321,0.99825674,0.96602964,0.92812204,0.963156,0.98507553,0.83304,0.9988555,0.99802566,0.96302855,0.99915045,0.99820554,0.9734766,0.9658344,0.97930884,0.8336303,0.9936858,0.8370228,0.8480051,0.89895266,0.55514425,0.7689359,0.92946696,0.99915045,0.55514425
AGGCAGCGTACGTCTGCG,0.91844475,0.94517595,0.89305866,0.79193825,0.8499539,0.85298467,0.5164777,0.8478805,0.69498825,0.50730824,0.9892025,0.97586626,0.8452612,0.9929107,0.9827985,0.8650653,0.92841816,0.9046903,0.86483055,0.94826317,0.80775505,0.86453074,0.9033967,0.66964537,0.84996384,0.84843236,0.9929107,0.50730824
GTACAATGGGCATCGGCT,0.9569761,0.9946153,0.9828301,0.9499054,0.9700158,0.8457273,0.8858354,0.7562224,0.9488306,0.9042386,0.9577007,0.994385,0.9288119,0.9954502,0.99697304,0.9518781,0.93513983,0.95758486,0.82416505,0.98791546,0.7394636,0.8808146,0.869491,0.78586626,0.8508428,0.9140672,0.99697304,0.7394636
AAAGGCATTATCGATATT,0.9977154,0.99908817,0.9894283,0.9887396,0.9964068,0.98960364,0.84423774,0.96535444,0.94857025,0.91304636,0.86277527,0.9438274,0.9175481,0.98150116,0.9871878,0.7378847,0.89105386,0.812454,0.6754479,0.9497769,0.5477963,0.8314255,0.70265883,0.7478463,0.66746056,0.8755534,0.99908817,0.5477963
AAGAACTATCGTGTGCGG,0.9986855,0.99739337,0.996844,0.99338573,0.99661005,0.98853326,0.95083576,0.9487089,0.9684478,0.94332325,0.9969363,0.9967803,0.99405384,0.9994377,0.9991999,0.9614567,0.9726615,0.9565387,0.7308672,0.9960633,0.8528966,0.9166394,0.8955524,0.79584455,0.8134403,0.9464454,0.9994377,0.7308672
GACCGGGGCACATATAAT,0.886893,0.92946863,0.49713832,0.83729136,0.7175728,0.7680557,0.80459994,0.84012735,0.74661165,0.7406913,0.7186206,0.785211,0.19560142,0.65745914,0.26482123,0.6148205,0.46952426,0.58410317,0.6751095,0.5768815,0.41846666,0.5815035,0.4133081,0.31710353,0.329385,0.61481476,0.92946863,0.19560142
GAAGAGGGTACATCGTAT,0.98756397,0.9949092,0.97436553,0.9852347,0.96911263,0.95443064,0.94801724,0.9241496,0.9697819,0.967173,0.44926178,0.89120173,0.4948369,0.8292942,0.89083517,0.5878593,0.65663564,0.49129423,0.40206605,0.8918579,0.19697903,0.5760811,0.53451025,0.41535807,0.4465347,0.7371737,0.9949092,0.19697903
TTACGGGGTATAGATGAG,0.99179626,0.9972436,0.9889313,0.987235,0.9944432,0.9326111,0.8323522,0.942172,0.9242282,0.9485786,0.9172583,0.9949303,0.9042435,0.99964976,0.99937755,0.5271267,0.8600891,0.856802,0.6833989,0.9399326,0.505342,0.9373628,0.93922144,0.916881,0.9669352,0.89952576,0.99964976,0.505342
AGGATGCGTAAGACTGCT,0.59297657,0.8379874,0.67197144,0.33824098,0.8179622,0.67655385,0.33305857,0.84818804,0.6344385,0.30672088,0.35662255,0.65392286,0.3935226,0.6727464,0.79423124,0.5979382,0.75320816,0.5531478,0.5728693,0.87161523,0.3235741,0.7581407,0.6830404,0.62014145,0.67550415,0.61353296,0.87161523,0.30672088
GACGCCATGATGGCACGT,0.99938625,0.99939907,0.9853116,0.9943651,0.99943674,0.9882613,0.94663644,0.95882434,0.98448485,0.9190774,0.99315876,0.9918593,0.91305053,0.9972549,0.99609894,0.9777178,0.9449747,0.97517663,0.8888685,0.98683196,0.819597,0.813667,0.7903938,0.59780073,0.6908659,0.92609996,0.99943674,0.59780073
GAGCAACGGGCATGCATT,0.8458883,0.868329,0.842475,0.96226877,0.959512,0.8031194,0.56927764,0.90764093,0.8906651,0.8599592,0.90615165,0.9518552,0.58972216,0.8969337,0.8923969,0.9027543,0.8643363,0.8095977,0.77338815,0.9588567,0.5104344,0.58075714,0.4801137,0.30490875,0.32985026,0.7704478,0.96226877,0.30490875
ATCATCGTCATCATCATC,0.99901444,0.9918049,0.95960397,0.8621076,0.9859784,0.95909023,0.8677503,0.9013098,0.86321706,0.7504739,0.96243477,0.9649312,0.87229985,0.9487858,0.9815323,0.7673189,0.9012668,0.9808714,0.89029914,0.97525,0.9410604,0.9231364,0.90994954,0.940241,0.9542195,0.922158,0.99901444,0.7504739
AGGAACGAAGATGGAGAG,0.47484055,0.58484346,0.8307599,0.61363685,0.9084896,0.5080299,0.21744643,0.55934525,0.4806911,0.7037813,0.37557262,0.6473096,0.5539958,0.35641468,0.36703146,0.2944461,0.5616677,0.096619375,0.10770267,0.7102981,0.1591704,0.18955016,0.16466886,0.16260512,0.13344876,0.4304946,0.9084896,0.096619375
ATACAATGGGCATCGGCG,0.95140356,0.9946484,0.98732126,0.9462227,0.95241666,0.83866256,0.8484018,0.6822292,0.9075795,0.8687687,0.9913165,0.9982176,0.97527874,0.9975632,0.99661905,0.95753074,0.9459687,0.9602487,0.83484495,0.99258614,0.8131261,0.85066736,0.77569854,0.73099816,0.6733732,0.89886767,0.9982176,0.6733732
GACGGCATGAAGGCACGT,0.9953515,0.99626,0.9142037,0.98135793,0.99611115,0.97209173,0.82742476,0.90997785,0.9258075,0.8914265,0.84086317,0.92553306,0.54844826,0.89482194,0.85242593,0.87876785,0.6021381,0.74532926,0.7252441,0.90858155,0.40760827,0.53986484,0.42020306,0.3111987,0.3042517,0.7726118,0.99626,0.3042517
GAGCAATGGGCATCGATT,0.9461162,0.9664583,0.93319297,0.95347655,0.92367876,0.88576233,0.8282794,0.8753919,0.956796,0.88077986,0.80577576,0.9702882,0.7429571,0.97723025,0.97663015,0.9000622,0.9184504,0.9181892,0.778375,0.9751497,0.45137984,0.7327165,0.7093897,0.5164758,0.59098834,0.8445596,0.97723025,0.45137984
GGAGCCATTACTGAGCTG,0.99467665,0.9873523,0.9851784,0.97826743,0.9743342,0.9821566,0.56077707,0.7671875,0.9010687,0.8828008,0.85171765,0.43427703,0.7489451,0.8906371,0.96103764,0.86963207,0.87104553,0.9163939,0.6426302,0.94640905,0.66265035,0.870289,0.8768297,0.7622375,0.86481684,0.8473339,0.99467665,0.43427703
TAACGGGGTATCGATAAT,0.9985789,0.99919564,0.9807764,0.99327,0.9982927,0.98869616,0.8714894,0.97782564,0.9605962,0.953986,0.9464241,0.99528635,0.85565734,0.9995269,0.9982433,0.7500642,0.91581976,0.8760203,0.7763362,0.95323527,0.47957683,0.88089764,0.84370196,0.79934335,0.85226977,0.90580446,0.9995269,0.47957683
AATTACACGATTGGACGT,0.9992152,0.9988527,0.9970137,0.9971385,0.9994198,0.99310195,0.9817183,0.9744272,0.9744633,0.95717305,0.98564065,0.98830336,0.982513,0.99566036,0.9968699,0.86441875,0.9403194,0.85232556,0.7583148,0.9749427,0.8194096,0.89720494,0.8048108,0.8570614,0.7816475,0.93487877,0.9994198,0.7583148
ATAAACATTATAGATGAG,0.98617786,0.99691767,0.993144,0.91284376,0.99138767,0.9276311,0.8755555,0.9146053,0.83475757,0.8432642,0.77092606,0.9443302,0.9575287,0.93653274,0.96231073,0.6199589,0.7064767,0.4813845,0.34772483,0.9624522,0.58184004,0.7845935,0.45140958,0.79758173,0.4301845,0.8004609,0.99691767,0.34772483
GAGGTCTATCCTGAGCTG,0.9668525,0.97463876,0.98587155,0.9802258,0.95471877,0.93753463,0.6903778,0.82329506,0.93564534,0.9090737,0.9588094,0.6433509,0.84497863,0.9929564,0.9960056,0.8945289,0.9670525,0.9900662,0.8287194,0.98572433,0.7920371,0.9404447,0.9734114,0.91791445,0.98206383,0.91465205,0.9960056,0.6433509
GAGGACTTTCCTGCACGG,0.99582446,0.99163705,0.982584,0.9919352,0.9968599,0.9784653,0.83053994,0.9252719,0.9474368,0.9506975,0.98777544,0.8000567,0.87633926,0.9954743,0.99774253,0.94623667,0.9586735,0.9859636,0.82676953,0.9849781,0.8468942,0.9275366,0.96353334,0.8953979,0.9738053,0.942337,0.99774253,0.8000567
AGGAACGAAAAACGAAGT,0.082959406,0.4750549,0.47418433,0.15447041,0.49309877,0.4544597,0.17181174,0.66753423,0.28804338,0.37364358,0.20042638,0.17170615,0.16177851,0.10387692,0.09008646,0.11423636,0.093952805,0.027424658,0.043005314,0.098666616,0.13331358,0.08708841,0.0957278,0.10585754,0.10112021,0.21054116,0.66753423,0.027424658
TAACGGATTATCGATAAT,0.9985926,0.9993412,0.9846173,0.99192685,0.99800104,0.9928655,0.8472292,0.97145915,0.9728791,0.95291305,0.78494984,0.9493577,0.8792314,0.9859818,0.99205375,0.7684362,0.91406274,0.776761,0.6388285,0.9600949,0.58529145,0.9053592,0.8231121,0.88609594,0.8712624,0.89722806,0.9993412,0.58529145
GACACCGGGCTGACTGTT,0.9921054,0.9943904,0.91822124,0.9524607,0.99675846,0.87915164,0.8672814,0.953265,0.95881426,0.5862685,0.9992245,0.9992343,0.9423396,0.99893934,0.99831134,0.97977823,0.95689183,0.9760822,0.8749217,0.99070543,0.90645957,0.85200447,0.88762444,0.60418814,0.78714556,0.91410285,0.9992343,0.5862685
GGGCAACGGAACACCATT,0.8855362,0.6205595,0.3592798,0.345101,0.23580517,0.6674566,0.15416412,0.55553013,0.424788,0.5601775,0.12875585,0.045597002,0.11268027,0.015880512,0.026484676,0.2932858,0.12992974,0.10641741,0.17663568,0.11536511,0.21760285,0.31328544,0.18906035,0.188221,0.22476014,0.28369436,0.8855362,0.015880512
TATTAAGCGGGTGGTTGA,0.97317076,0.9602644,0.99848855,0.9975747,0.9996619,0.87819976,0.9513385,0.9600239,0.9170825,0.90040135,0.9988812,0.9998398,0.99841976,0.99999803,0.99999195,0.94714546,0.98558,0.98781645,0.88986236,0.9978841,0.8750895,0.9778135,0.9929211,0.9543723,0.99199235,0.96535265,0.99999803,0.8750895
AATTACAATAGTGGACGG,0.99815,0.99882954,0.99870664,0.99716777,0.9986781,0.9911371,0.97265124,0.9764118,0.97381455,0.9436294,0.95888734,0.9833301,0.98773694,0.9926814,0.9942417,0.7318593,0.861986,0.49146765,0.3743218,0.98047614,0.6454268,0.83783966,0.66783273,0.8136814,0.5940328,0.87059903,0.99882954,0.3743218
GACCTGGGCTCCTGCAGT,0.9991489,0.99836886,0.989011,0.99748,0.99931973,0.9654266,0.9181772,0.972023,0.9823206,0.9549243,0.9998009,0.999312,0.9445992,0.99993867,0.99969065,0.9870332,0.97975814,0.9961479,0.9344925,0.99525905,0.955006,0.9194464,0.9714082,0.85848594,0.9649344,0.97126055,0.99993867,0.85848594
GTGGGCGGAGTTGCTGTA,0.9857631,0.9733109,0.92995566,0.9692664,0.9873323,0.8785011,0.7282196,0.95444643,0.95882225,0.8850646,0.9863135,0.99933153,0.84208655,0.9999712,0.99980974,0.86055267,0.9807339,0.984941,0.9008713,0.97818136,0.5009092,0.9576073,0.9917138,0.89757216,0.99179083,0.92492276,0.9999712,0.5009092
AGGGGCGACGATGGAGAT,0.8037714,0.7941534,0.69204026,0.8325906,0.90072894,0.7071918,0.31028506,0.7378623,0.47992048,0.8170398,0.87923515,0.9673764,0.41276017,0.9392977,0.6441893,0.33050412,0.7595002,0.4492503,0.49944982,0.6349206,0.23593849,0.52520144,0.5851405,0.2867999,0.36874053,0.6237555,0.9673764,0.23593849
GAGGACATTCAGGCACGG,0.998334,0.9971461,0.96225685,0.99207145,0.99526477,0.9840758,0.8599264,0.9386854,0.9692046,0.9334556,0.83923495,0.544552,0.57444257,0.56031746,0.8450798,0.77120686,0.64508605,0.81240547,0.72588354,0.93210286,0.42817134,0.66065764,0.552103,0.4700548,0.4794995,0.7788487,0.998334,0.42817134
TATTATGCTAGGGGGTCG,0.99606186,0.9936999,0.998715,0.9980536,0.99901503,0.9934454,0.933505,0.97502,0.9618543,0.95865244,0.99886096,0.99954504,0.9986589,0.9999986,0.9999959,0.93036747,0.96226305,0.9945123,0.87020075,0.99684256,0.92576754,0.9827446,0.9945412,0.9731568,0.99644125,0.97727686,0.9999986,0.87020075
AATAGTGCGTTTTTTCTA,0.99896026,0.99233,0.9954934,0.997398,0.99950486,0.96168405,0.9381839,0.9517521,0.96753037,0.9248557,0.9979932,0.99863297,0.9974764,0.99999887,0.99999744,0.97998136,0.99283177,0.9970137,0.9403716,0.9986023,0.93766886,0.99350387,0.99851716,0.98564875,0.99940836,0.9818137,0.99999887,0.9248557
ACCGCCTTCCCCGCGCCC,0.99962765,0.99957246,0.96981424,0.9763849,0.98173726,0.9951758,0.82449937,0.81046313,0.9364862,0.81965,0.9999648,0.99820495,0.86999726,0.915113,0.9877719,0.99160266,0.89908683,0.983507,0.916305,0.97862184,0.996327,0.8073842,0.86503726,0.8004935,0.86008716,0.92731667,0.9999648,0.8004935
GACGACATTAGTGGACGG,0.9989517,0.9980911,0.99758196,0.9972003,0.99927974,0.9911893,0.90620697,0.9561895,0.98442936,0.9457067,0.9802689,0.9846157,0.9757453,0.9989903,0.9984066,0.9468161,0.9158273,0.8145129,0.7147941,0.9896304,0.66964066,0.8367329,0.81968546,0.6728218,0.7052784,0.9119437,0.99927974,0.66964066
GAGAGCGGCGTGGCTGTA,0.99198794,0.99026704,0.9569728,0.9865186,0.9984219,0.893459,0.91917044,0.977605,0.9607215,0.79795337,0.99955684,0.999927,0.9637362,0.99998873,0.9998357,0.9678925,0.98665565,0.99152243,0.94356537,0.99574786,0.69521403,0.87916714,0.95821553,0.5789927,0.87399304,0.9322836,0.99998873,0.5789927
AGGCAGGGTAAGTCTGCG,0.9791175,0.9846536,0.9545152,0.938139,0.90525883,0.86731845,0.5643123,0.83558255,0.8923587,0.71636987,0.86430603,0.9890485,0.8039672,0.9952121,0.98727477,0.7301965,0.8806352,0.8324639,0.69892204,0.9361391,0.40494666,0.76962197,0.83502626,0.55903894,0.73028433,0.82618845,0.9952121,0.40494666
GACGCCATTCAGGCAGGG,0.99935013,0.99901265,0.97934794,0.9951283,0.999006,0.9835752,0.8463879,0.9392006,0.96063066,0.92178786,0.99703175,0.9854547,0.9147694,0.9859395,0.98757035,0.9722878,0.86277443,0.9652211,0.91218215,0.98523647,0.878058,0.8020591,0.78930146,0.62690073,0.68435246,0.91890275,0.99935013,0.62690073
ATGGGCGGCTTCGGCGAA,0.9991922,0.9973313,0.9839214,0.9912617,0.9957299,0.9540828,0.8331788,0.9608418,0.91571844,0.9645618,0.9998627,0.99984884,0.9369291,0.9999954,0.99982715,0.93742794,0.97441804,0.9924036,0.946287,0.98810065,0.84435725,0.9392365,0.9810667,0.8536532,0.9751384,0.9585748,0.9999954,0.8331788
GACTTGGGCTCATGCTGT,0.9887396,0.9902981,0.9915776,0.99813277,0.9996044,0.92944545,0.9704535,0.9785743,0.9841131,0.9459194,0.99752533,0.99835026,0.95890963,0.9999917,0.9999415,0.97817063,0.9866809,0.9974108,0.94625133,0.9970241,0.91080266,0.9652681,0.9907496,0.9394085,0.9928586,0.977448,0.9999917,0.91080266
AGGGGAGCCTGCGGAGGC,0.99664944,0.9767025,0.9800627,0.98706126,0.99203193,0.8909052,0.6163431,0.92642653,0.6274659,0.84052426,0.9979614,0.99791217,0.82629335,0.99733084,0.97203654,0.7567655,0.9528348,0.9028511,0.6640973,0.9568081,0.5471568,0.728038,0.8264957,0.4015592,0.62977535,0.8396837,0.9979614,0.4015592
GACCAAGGGGCATGCTTT,0.91346556,0.96260566,0.9612833,0.98996526,0.99175787,0.87768596,0.9339602,0.9152409,0.9638725,0.94295377,0.98574346,0.9986869,0.917766,0.9977976,0.99626815,0.9608182,0.93170047,0.8884119,0.7166251,0.98419756,0.7286407,0.7339649,0.75777286,0.44208518,0.57577777,0.8827619,0.9986869,0.44208518
ATCGCCATCATCAACCTC,0.99974084,0.99948245,0.9811033,0.97604775,0.9523646,0.9826257,0.9168159,0.88733745,0.96909535,0.878113,0.9250614,0.9216061,0.5737417,0.6833051,0.65624493,0.7726568,0.5900832,0.91758054,0.79811746,0.76930183,0.9229957,0.79161316,0.6081193,0.8092789,0.72694975,0.8403753,0.99974084,0.5737417
GACTACATTAATGGATGG,0.9956771,0.9894998,0.99507713,0.99381876,0.999128,0.98425376,0.87566006,0.9518059,0.93483186,0.89444315,0.8813747,0.9387447,0.9684158,0.990208,0.9942933,0.9064448,0.9027134,0.811098,0.7157334,0.98640406,0.7146534,0.90172523,0.86309063,0.8710429,0.8369892,0.91588503,0.999128,0.7146534
TACTACAATAGTGGACGG,0.99679124,0.99822056,0.99754274,0.9949169,0.9984305,0.9875017,0.9610097,0.98375535,0.9758342,0.8563641,0.95978194,0.985892,0.98136884,0.99193466,0.9936692,0.86176485,0.82676846,0.5715998,0.40458247,0.97489804,0.8084342,0.87522197,0.7807623,0.8655692,0.7764598,0.896363,0.9984305,0.40458247
AGGGCCGAAGAATGAGAT,0.58755636,0.92575914,0.74450123,0.81609666,0.71215546,0.43646142,0.46257156,0.6854998,0.63479865,0.75727725,0.2021444,0.2386636,0.1972269,0.07107063,0.07569638,0.23278472,0.2816115,0.10492562,0.14514038,0.26847073,0.15777151,0.27892858,0.19697621,0.19549611,0.17612031,0.38342828,0.92575914,0.07107063
AGACAACGTGCATCTGCT,0.89465433,0.97324777,0.94091237,0.7803564,0.960429,0.83088744,0.7267142,0.8955407,0.62203634,0.4931281,0.9607655,0.9841693,0.8720048,0.93944794,0.96830606,0.9488616,0.95521563,0.8862347,0.7890941,0.97996867,0.81364256,0.7778432,0.63046604,0.5718893,0.5518748,0.82990766,0.9841693,0.4931281
GAGGACTATCGTGCGCGG,0.9984012,0.9984655,0.99477863,0.9954071,0.99397373,0.98270404,0.94588804,0.9316418,0.98438084,0.97348434,0.99262387,0.977119,0.9584206,0.99794084,0.9983149,0.9402096,0.9577193,0.9608766,0.80059606,0.9878694,0.75413114,0.90135664,0.9412414,0.7750174,0.9096056,0.94608665,0.9984655,0.75413114
GATACCACGGTGGGTCTA,0.9991886,0.9992738,0.9965754,0.998117,0.9997121,0.9830283,0.98383325,0.96478575,0.9918289,0.9543907,0.9993754,0.99909306,0.98757744,0.9998818,0.99980164,0.9796479,0.9615546,0.98043406,0.89042276,0.99283314,0.8980153,0.9087125,0.94098884,0.79681706,0.8984649,0.9641743,0.9998818,0.79681706
AGGTACCAGAACCAAAGT,0.2798029,0.5730278,0.5168472,0.13951808,0.2296086,0.35228753,0.28360215,0.64966476,0.07642237,0.29634717,0.20946705,0.1405966,0.16057743,0.066709235,0.04126262,0.18395536,0.10012843,0.08981903,0.078322954,0.06362664,0.32900664,0.29184937,0.17930119,0.24245496,0.22350384,0.2319084,0.64966476,0.04126262
AGGATGTATCGTGAGCTG,0.9680212,0.9671911,0.9942783,0.97982377,0.97353834,0.9029231,0.6656332,0.7911003,0.8007238,0.6707694,0.9364706,0.97150606,0.96509475,0.9995188,0.99965036,0.7958213,0.97244424,0.95348424,0.7943416,0.9920393,0.5735353,0.94797426,0.9675665,0.8966575,0.9672943,0.8978961,0.99965036,0.5735353
AAGGTGTATCGTGAGCTG,0.9951297,0.9942199,0.9977233,0.9967235,0.99009734,0.9681115,0.8742098,0.8714993,0.9704667,0.92466587,0.9887514,0.9945911,0.9831855,0.99996597,0.9999023,0.90288424,0.97829735,0.9838052,0.86384887,0.9945295,0.64257646,0.95542896,0.9728677,0.9023571,0.97268337,0.9487409,0.99996597,0.64257646
AATATCTCTCGTGTGCCG,0.99920815,0.9983491,0.9974873,0.9945128,0.99896574,0.99360573,0.917962,0.9279411,0.9579849,0.94879544,0.9998312,0.9991183,0.9979236,0.99998254,0.9999787,0.9870341,0.9913768,0.99903196,0.9474931,0.9991294,0.985411,0.97867215,0.99110234,0.97209394,0.9942036,0.9830877,0.99998254,0.917962
GACCTGGGCGCATGCTGT,0.9947943,0.99729913,0.99112797,0.9980788,0.99942553,0.9252783,0.967892,0.9772561,0.9823096,0.96189654,0.9994872,0.99971354,0.94564104,0.99996036,0.99957544,0.98520744,0.97554994,0.99261075,0.9438895,0.995913,0.9139821,0.90372497,0.9611625,0.77494997,0.93322456,0.964798,0.99996036,0.77494997
AGCGCCATCATCGACCTC,0.99977016,0.99904853,0.98726124,0.9871488,0.9929288,0.9930983,0.8703498,0.9090043,0.9292263,0.92119586,0.9760194,0.8865601,0.63969517,0.7316287,0.8051419,0.8510939,0.7852186,0.92631036,0.83240956,0.7008835,0.91051584,0.7668209,0.6549128,0.6408193,0.6516333,0.8539479,0.99977016,0.63969517
AGGAACCAACAGACAACG,0.09767097,0.15514657,0.07870697,0.017147802,0.061342526,0.23891354,0.15661266,0.34779143,0.10438781,0.15987124,0.29106307,0.23619618,0.17100254,0.20628485,0.10962992,0.12908755,0.10145883,0.047318622,0.05593035,0.10417205,0.34509718,0.16651937,0.13932866,0.13597797,0.15741032,0.15256275,0.34779143,0.017147802
ATCACCGGCGATACCGTA,0.993733,0.99435925,0.9258177,0.88614774,0.97149223,0.8726813,0.74988645,0.8941256,0.8861545,0.68007594,0.9957402,0.9949229,0.8431809,0.938249,0.9538512,0.9107374,0.814249,0.8202278,0.81308496,0.93738925,0.9139046,0.7899106,0.6754619,0.656085,0.6238419,0.8614124,0.9957402,0.6238419
AGGAACCAAAAACGAAGT,0.060849577,0.29549742,0.36259046,0.0612301,0.27597958,0.35148087,0.1151385,0.6054031,0.14675222,0.25600728,0.26131046,0.21817447,0.19601935,0.16706699,0.09556999,0.11950343,0.08694744,0.028638488,0.03879512,0.089030154,0.22717151,0.11301036,0.1110753,0.119462624,0.12166359,0.18097475,0.6054031,0.028638488
GACACCGGCGTGACTGTA,0.997477,0.99716264,0.95716506,0.96718144,0.9971764,0.86539483,0.9333544,0.9518115,0.96895105,0.64776707,0.99935716,0.99897504,0.944825,0.99842715,0.99743336,0.9827788,0.9610686,0.9713936,0.9190844,0.9925613,0.89800835,0.83250386,0.8482866,0.56007606,0.7152633,0.9161393,0.99935716,0.56007606
ATAGAGTGTGCATCTGCG,0.9834757,0.99680287,0.9966444,0.9884169,0.9890622,0.88615656,0.92307633,0.91139805,0.92178214,0.9488853,0.97848654,0.9966127,0.9698308,0.9998658,0.9996953,0.96504045,0.99060816,0.9962608,0.8989124,0.9977779,0.733144,0.9524271,0.9653196,0.9117926,0.96896434,0.95481753,0.9998658,0.733144
AATAGTGCGTTGTTTCTA,0.9991449,0.9959706,0.99551964,0.99762446,0.99951035,0.9597064,0.9560981,0.96562135,0.97046626,0.9112331,0.9988275,0.99940073,0.99763274,0.99999934,0.9999978,0.98172206,0.9949368,0.9980866,0.9441815,0.99914926,0.91907763,0.9902195,0.99754936,0.9756126,0.9984687,0.9818303,0.99999934,0.9112331
GAACAGGGCACATATTAT,0.8495562,0.9520872,0.8669823,0.9126197,0.8854027,0.71421534,0.913936,0.87329394,0.9066579,0.80884916,0.4363889,0.74035215,0.3345056,0.6689892,0.41388622,0.58129895,0.5488313,0.42515972,0.51031256,0.83558536,0.34821373,0.47188914,0.28728205,0.30366126,0.2748307,0.6345915,0.9520872,0.2748307
GAAGAGGGGACATCGTAT,0.9371127,0.978762,0.93638396,0.9705328,0.94479483,0.89134806,0.939329,0.78884935,0.9508446,0.94324476,0.45330536,0.9659884,0.38340414,0.79373616,0.74791855,0.51638186,0.54908776,0.42010263,0.33178657,0.81925905,0.16248089,0.38324282,0.3501366,0.2339385,0.23065747,0.6649051,0.978762,0.16248089
GAACGGGGTACATCTTAT,0.97821635,0.99466014,0.9393734,0.9794874,0.9827289,0.87248665,0.93682486,0.96144235,0.94717866,0.9487389,0.7787775,0.9649248,0.58067256,0.98421097,0.9692413,0.74231994,0.8608112,0.8282621,0.6707009,0.9118126,0.4082815,0.80880296,0.7971774,0.62253326,0.7643857,0.849362,0.99466014,0.4082815
ATAAAGGGTACATCTGAG,0.9817716,0.994277,0.98860383,0.9442542,0.9731146,0.82220906,0.90744615,0.90239173,0.86399543,0.8316479,0.7998333,0.9663312,0.8628192,0.9514727,0.9494918,0.59345925,0.81149703,0.8326916,0.47627115,0.94657594,0.4107924,0.7362723,0.5632897,0.6703336,0.5213971,0.81208956,0.994277,0.4107924
GTACAGGGTACATCGTAT,0.99427474,0.99782723,0.9782611,0.98007226,0.96567583,0.9348225,0.9615188,0.9217386,0.97207457,0.9594577,0.70823777,0.92705524,0.6606936,0.9207349,0.95821375,0.71054363,0.69776624,0.79671246,0.6879481,0.8802912,0.52265054,0.859171,0.8249465,0.7864005,0.85534686,0.8584974,0.99782723,0.52265054
AATACAGCGGTGTTTTTA,0.99702674,0.9964184,0.9968006,0.99601936,0.9984761,0.90610737,0.9646143,0.9517553,0.9693123,0.8539087,0.9986813,0.9993542,0.99642766,0.999963,0.99992293,0.9754838,0.98795974,0.9838838,0.9141455,0.99755925,0.90690196,0.96972936,0.98223406,0.92073923,0.97993374,0.9697344,0.999963,0.8539087
AGGTACCAGAAGCAAACT,0.028058738,0.12350394,0.17699584,0.02194317,0.076051526,0.17338486,0.16886923,0.4458477,0.029874224,0.16420929,0.19055255,0.13708293,0.13848257,0.05925742,0.051744636,0.19560096,0.10919791,0.08628742,0.09164824,0.1016527,0.275198,0.27599412,0.17298864,0.2308333,0.20556223,0.14923288,0.4458477,0.02194317
TATAACACTCGTGGGCCG,0.99917895,0.99940145,0.9972814,0.9966718,0.9983555,0.9971911,0.9538297,0.96445924,0.9807517,0.9360871,0.9989074,0.99738485,0.99105626,0.9985302,0.999107,0.96666074,0.93628174,0.97293377,0.8387731,0.99073863,0.94463027,0.9306245,0.9213796,0.9062802,0.92731684,0.9657525,0.99940145,0.8387731
AACATCGTCATCATCATC,0.9990391,0.98936546,0.952033,0.9219771,0.9933464,0.9766457,0.8702159,0.9088915,0.9104258,0.7912101,0.9715762,0.983396,0.8803703,0.9409069,0.9695351,0.8734055,0.90771353,0.96082985,0.8554295,0.9740441,0.9119649,0.8659526,0.7170521,0.8479248,0.7751536,0.9099363,0.9990391,0.7170521
ACCCCCTTCACCGCCCCC,0.99961215,0.9991114,0.96562135,0.9744003,0.9897146,0.99494445,0.86038613,0.89942,0.93759704,0.90590054,0.99977326,0.99831194,0.7835695,0.8232016,0.9482717,0.9823173,0.7680883,0.95522714,0.8295159,0.9296542,0.9956181,0.7321183,0.6581454,0.75334114,0.7158418,0.8959882,0.99977326,0.6581454
GTAGAGTGGGCATCGTCG,0.88731694,0.99114674,0.9913491,0.9856491,0.96026796,0.82877064,0.9510267,0.60852206,0.95102054,0.9568946,0.93333435,0.99847883,0.8487808,0.99946415,0.9990372,0.9164377,0.95353323,0.98875237,0.8469281,0.9854655,0.5101577,0.91970515,0.9466549,0.83060193,0.9505369,0.90959334,0.99946415,0.5101577
AGGGGAGCCTACGGCGAA,0.9896162,0.89571756,0.80925083,0.9204878,0.8233503,0.8178843,0.32293758,0.83668864,0.4005227,0.86047083,0.9611096,0.829842,0.29422975,0.49205083,0.31123403,0.45619202,0.72711927,0.48478323,0.31155232,0.45035282,0.40788224,0.6109859,0.57380855,0.31782982,0.43264043,0.61354154,0.9896162,0.29422975
GGAGCAATCATCGAGCTT,0.99951416,0.9983936,0.9911725,0.98635775,0.9867207,0.9763145,0.78424865,0.8437498,0.96469444,0.8656498,0.43663245,0.16874003,0.44472337,0.13963418,0.501473,0.687792,0.6067221,0.5843306,0.49527743,0.77792853,0.4253758,0.675125,0.55353755,0.5156252,0.5216115,0.6772538,0.99951416,0.13963418
GACGAGGGGGCATGCTGT,0.97391117,0.9874634,0.9894333,0.9979143,0.9984205,0.91201884,0.9638425,0.92241603,0.96511096,0.96640927,0.99350935,0.999934,0.9044459,0.9999655,0.99921316,0.9602239,0.9581238,0.95992273,0.86923885,0.9894974,0.51530915,0.74906707,0.87246126,0.43213794,0.69046557,0.9028183,0.9999655,0.43213794
AGTATGTCTCGTCTGCCG,0.99073356,0.9873098,0.99307144,0.9678027,0.969982,0.97259384,0.7903919,0.7340926,0.6588466,0.6456508,0.9982314,0.9927946,0.9877338,0.99997777,0.999965,0.9622256,0.991069,0.99858356,0.9357516,0.996868,0.9598369,0.98085165,0.99514407,0.974682,0.99777955,0.9392788,0.99997777,0.6456508
AACAGCGGCGTTGCCGTA,0.99832946,0.9968806,0.98524433,0.9916495,0.9995157,0.9781691,0.9091178,0.9797668,0.9446509,0.86365795,0.999911,0.99987435,0.98695993,0.99991626,0.99967885,0.9869908,0.985168,0.98462474,0.95735365,0.9962162,0.92856276,0.88408655,0.90423036,0.6368157,0.8064132,0.9481514,0.99991626,0.6368157
GATAACATGGTGGGACGA,0.9989322,0.99909496,0.9970486,0.99774826,0.99982905,0.9800933,0.97635686,0.9452725,0.9795479,0.9507798,0.992571,0.99856067,0.99069434,0.9999402,0.999794,0.9542933,0.96836615,0.9599311,0.8475586,0.9971253,0.5744035,0.85869193,0.82930064,0.7063282,0.7178695,0.9288052,0.9999402,0.5744035
AACCGCATCATCAATATC,0.9967733,0.9938587,0.8446283,0.86384547,0.9086139,0.9752499,0.77069885,0.83945954,0.91744477,0.8321306,0.90808314,0.968803,0.6701126,0.8202019,0.73058707,0.8298486,0.73100275,0.80014485,0.7278552,0.8751866,0.8574403,0.6740055,0.4116891,0.60183287,0.43706274,0.7994625,0.9967733,0.4116891
AGGGGCGACGATGGAGAG,0.7559048,0.7190521,0.7597723,0.83548146,0.83215106,0.7008165,0.27026293,0.6148765,0.44502994,0.78013235,0.9213132,0.9720662,0.46620643,0.9445316,0.6203002,0.33050412,0.7595002,0.4492503,0.49944982,0.6349206,0.24108359,0.50125957,0.563457,0.27139643,0.33982956,0.60914195,0.9720662,0.24108359
GAGGTGTATCGTGAGCTG,0.9957094,0.99276876,0.9970723,0.9971298,0.99065655,0.961263,0.86002535,0.85803646,0.9793015,0.9432256,0.9533489,0.9858563,0.9355626,0.9998462,0.9998746,0.88836634,0.9762395,0.9858726,0.87596965,0.9915827,0.49780765,0.95758384,0.98235935,0.91340023,0.98640394,0.94021064,0.9998746,0.49780765
AGACAGTGTACATCTGCG,0.9730249,0.98772365,0.98057574,0.91270226,0.9471837,0.89590454,0.8252888,0.8608898,0.8010228,0.8101353,0.8657622,0.96034545,0.87767476,0.97678846,0.9804736,0.8771383,0.93604255,0.92313576,0.7210952,0.9703427,0.68805254,0.85729307,0.792752,0.75221914,0.77407044,0.8779054,0.98772365,0.68805254
ATAGAGTGTGCATCGTCG,0.97861415,0.9973369,0.9969954,0.9912141,0.98294365,0.9432236,0.9614921,0.8515684,0.9580025,0.96214986,0.9812964,0.99719095,0.9717821,0.9998916,0.99973285,0.95984125,0.9850542,0.9946465,0.88736916,0.99695355,0.7263675,0.9496871,0.9616385,0.90579253,0.965071,0.9562343,0.9998916,0.7263675
GGCGCAATCACCGAGCTT,0.9971253,0.9787427,0.966235,0.9080511,0.9013992,0.9722229,0.49269983,0.76613504,0.9208836,0.7021648,0.6436288,0.15130413,0.3211483,0.11803769,0.14307734,0.6240888,0.38432625,0.5555002,0.56464505,0.53610057,0.68391025,0.67784584,0.4998381,0.43369567,0.48796743,0.6172309,0.9971253,0.11803769
AGGTAACAGAAGCAAAGT,0.072544515,0.078787215,0.33954975,0.046206795,0.11570084,0.1730343,0.14307342,0.37035283,0.029421521,0.13207756,0.17903376,0.12525964,0.14238456,0.033377737,0.048857342,0.1398772,0.08512352,0.04318812,0.05640084,0.10977998,0.16506308,0.17531218,0.13122898,0.18636155,0.15075825,0.13091022,0.37035283,0.029421521
GACGACAATCGTGCACGG,0.99887455,0.99901646,0.9920612,0.9941107,0.9978615,0.98282206,0.9479633,0.9565178,0.97920114,0.93132263,0.9694711,0.9472012,0.86145145,0.89926887,0.9415316,0.92630273,0.8619672,0.6147144,0.71250856,0.95378894,0.72301745,0.6818382,0.5167272,0.45194444,0.41331455,0.85019195,0.99901646,0.41331455
AGGAACCATAAGACAACT,0.380925,0.6806912,0.30741206,0.04797942,0.13536185,0.46072933,0.3541235,0.7180172,0.2099113,0.25575566,0.2665773,0.2541774,0.19444838,0.19786952,0.15872717,0.16018017,0.1254237,0.05331577,0.07622164,0.16267514,0.3129092,0.20335811,0.16565593,0.19018245,0.18042625,0.25012216,0.7180172,0.04797942
TATTAAGCTAGTGGATGA,0.9959472,0.9879933,0.99884135,0.9979848,0.9994248,0.97770405,0.9685931,0.9809798,0.9337854,0.8995766,0.9667211,0.98565394,0.9918323,0.99923027,0.9995882,0.81004304,0.96114314,0.9477497,0.60067374,0.99602497,0.7660111,0.9630795,0.9622345,0.9515399,0.97569156,0.94472194,0.9995882,0.60067374
GGGCAACGGAACACTATT,0.7471785,0.47495297,0.29910454,0.20433803,0.18845913,0.6476883,0.11208199,0.60973793,0.40189978,0.32705086,0.11545676,0.043208633,0.1167059,0.015145793,0.026213456,0.25530282,0.15081988,0.10523136,0.18217824,0.13581824,0.20778027,0.36121354,0.2160237,0.21702144,0.2407878,0.256056,0.7471785,0.015145793
AAAAACATTATAGATGAG,0.9823371,0.995889,0.9917876,0.93902594,0.99515355,0.95208323,0.8933757,0.92619884,0.87485707,0.8850185,0.83753103,0.973248,0.9568073,0.9543204,0.95404935,0.6121328,0.6996547,0.29208,0.22176683,0.9538252,0.52061033,0.5325208,0.25430205,0.48559394,0.22323349,0.75629616,0.995889,0.22176683
GACGCCATGGTGGCTCGT,0.99952096,0.999512,0.99334604,0.9973722,0.9998021,0.9808213,0.9459769,0.9641469,0.9912944,0.9248402,0.9997721,0.9997897,0.98673975,0.99999005,0.99995023,0.99213594,0.98440164,0.9950173,0.95095956,0.9975449,0.9358401,0.92249346,0.9746512,0.80903596,0.94998705,0.97179776,0.99999005,0.80903596
AGGAAGCAACAGACAGCG,0.17193386,0.22352403,0.16370732,0.07604613,0.17618038,0.31210122,0.22546826,0.3371588,0.2913683,0.24485005,0.27066574,0.18713026,0.16841997,0.13165873,0.10615895,0.17295223,0.09746374,0.05126969,0.07818196,0.16924752,0.21997292,0.15313913,0.135733,0.13106498,0.14386192,0.17757039,0.3371588,0.05126969
AGGCAACGTAACCATAGT,0.8104717,0.83977145,0.70083827,0.2729418,0.4121483,0.8151521,0.16719781,0.7707124,0.26334676,0.281533,0.2743128,0.31639916,0.29168126,0.2383617,0.14010324,0.4012546,0.21573295,0.10821504,0.2274367,0.24691373,0.4331457,0.42904013,0.2650982,0.31071746,0.2766614,0.38036752,0.83977145,0.10821504
AGGCAGCGTAAGCATACT,0.35099503,0.6255401,0.46928224,0.22139925,0.34667397,0.84563446,0.18020739,0.6813436,0.27454087,0.25664404,0.31563753,0.3846063,0.22513254,0.25346017,0.2368765,0.5816825,0.47523382,0.2771714,0.61683273,0.6687137,0.3302742,0.54176253,0.35608688,0.33611917,0.3064685,0.40633285,0.84563446,0.18020739
GACGCCATGGTGGCTCTA,0.99936754,0.9992955,0.9924672,0.99659765,0.99951094,0.9816466,0.9570442,0.9541976,0.9914425,0.8958823,0.99959296,0.9995701,0.9801993,0.99998015,0.99991244,0.9912892,0.9857067,0.9954521,0.9504447,0.9974369,0.9230882,0.9199408,0.9695809,0.8096053,0.94731694,0.96946275,0.99998015,0.8096053
AATTACACGGTGGGACGA,0.99931484,0.99916357,0.99775696,0.9980916,0.99960166,0.9871525,0.9913201,0.97027075,0.98029274,0.94525737,0.9989441,0.9990872,0.99346447,0.99986744,0.9995827,0.94033086,0.95151037,0.9623312,0.855639,0.9920915,0.8269416,0.88054156,0.8245074,0.7690419,0.72273827,0.94339365,0.99986744,0.72273827
GTCGGCGGCGTTGCCGTA,0.9991282,0.99741644,0.9851903,0.9933831,0.99871415,0.9655201,0.8997846,0.9700595,0.94855326,0.9322959,0.99993044,0.9999576,0.9518532,0.999999,0.99996215,0.96853495,0.98027104,0.99333274,0.966275,0.99215364,0.91246665,0.9522736,0.99280995,0.9022658,0.9913998,0.9717411,0.999999,0.8997846
ATACAGTGTCCATCTGCG,0.9930861,0.9988574,0.99250984,0.9782466,0.98567307,0.9197626,0.9208205,0.905068,0.9084923,0.9388869,0.99264103,0.9933913,0.96222883,0.996031,0.9976044,0.96987,0.97209406,0.9941003,0.90536976,0.9951254,0.9306585,0.93540037,0.9429084,0.92031455,0.95836776,0.9603004,0.9988574,0.905068
AGCGCCATCATCGACATC,0.99946535,0.99681735,0.973449,0.96565753,0.98292893,0.98840606,0.73319274,0.88950646,0.86987025,0.88429004,0.9493128,0.80441463,0.57258016,0.697156,0.63653195,0.7857597,0.73383385,0.90098983,0.81791484,0.6452463,0.8661306,0.74693674,0.5759398,0.5932194,0.5685161,0.80712265,0.99946535,0.5685161
GACCGGGTCATCAACAAT,0.9981415,0.98907787,0.73789364,0.9687492,0.9540685,0.9320904,0.7898629,0.83597517,0.89228064,0.9470007,0.7988157,0.73860615,0.24892288,0.7241699,0.5824598,0.6615475,0.51978225,0.77483404,0.70015055,0.7074809,0.5497406,0.6995688,0.462542,0.48900238,0.49766594,0.7280171,0.9981415,0.24892288
AGGGCCTAGGGATGACAT,0.9054323,0.9741615,0.9504704,0.9697189,0.7651114,0.48562506,0.8215256,0.6704083,0.8062801,0.7646398,0.85238093,0.9720346,0.6515131,0.99510837,0.9728675,0.61158717,0.78703564,0.6869961,0.5383165,0.82554215,0.41585255,0.7331742,0.744358,0.4889748,0.6292263,0.76073366,0.99510837,0.41585255
GAGGACAATCATGCACGG,0.9967965,0.9962531,0.968795,0.9886219,0.9910273,0.9777305,0.8627704,0.935052,0.95815206,0.9361464,0.42820007,0.21624689,0.33510292,0.15577967,0.25723773,0.5562557,0.61242527,0.37288195,0.37043026,0.7559104,0.31807527,0.48031053,0.2851434,0.33404273,0.28053162,0.6147968,0.9967965,0.15577967
AGGAGCGACGATGGCGAG,0.7710853,0.7663651,0.81974536,0.8334618,0.9016148,0.68886626,0.27980855,0.67061275,0.4078121,0.7957079,0.9633449,0.9712132,0.71663374,0.92736584,0.8319104,0.53823966,0.85985446,0.48066905,0.5316893,0.7930564,0.38765448,0.515377,0.516516,0.269017,0.28420505,0.66087306,0.9712132,0.269017
GATAACATTAAGGGACGT,0.9985726,0.9991972,0.9946834,0.9963361,0.9993445,0.99112546,0.9252657,0.96463287,0.9730574,0.9509695,0.76714563,0.9122872,0.92534715,0.9336355,0.9837706,0.7811903,0.6094546,0.36851823,0.5112225,0.9709421,0.39950553,0.69205296,0.47673967,0.64605653,0.4088948,0.8071979,0.9993445,0.36851823
AATTAAACGAGTGGATGA,0.99046594,0.9610624,0.99824387,0.99374706,0.9982797,0.93426466,0.95899075,0.9332695,0.91529477,0.8581234,0.9431789,0.98123676,0.9825922,0.9877413,0.9890556,0.7300629,0.92927736,0.7006213,0.41298255,0.98462164,0.4815178,0.7447546,0.55157006,0.68659157,0.41938636,0.8426773,0.9982797,0.41298255
ACGACGGAACAAACTGTG,0.94048697,0.909888,0.8607737,0.8971962,0.7779466,0.7809644,0.5960227,0.72670275,0.8500206,0.5531201,0.39088842,0.7091948,0.37986252,0.5824732,0.34352383,0.4038232,0.25724375,0.12872109,0.24241291,0.37870917,0.43647385,0.28421444,0.21660309,0.20409583,0.21924268,0.52282417,0.94048697,0.12872109
GACGAGGGCACATCGTGT,0.9910398,0.99116045,0.9783291,0.989645,0.98751736,0.9638455,0.94758135,0.92430246,0.96561146,0.8709105,0.9129665,0.95144904,0.54613626,0.86380345,0.71874416,0.86088425,0.71243334,0.790342,0.756264,0.9025324,0.5231309,0.64020896,0.60400677,0.35478142,0.45999777,0.80830497,0.99116045,0.35478142
TAACGGGGTACACATAAT,0.6791147,0.95610297,0.603003,0.6999638,0.8593531,0.89409363,0.7391683,0.9176729,0.7272175,0.75432533,0.4686113,0.89122874,0.25978333,0.7312531,0.5712013,0.44075805,0.39216632,0.5301797,0.51193196,0.64653647,0.35016376,0.68854666,0.40219086,0.57149947,0.48277262,0.6307536,0.95610297,0.25978333
GGGCAGCGGAAGACTACT,0.32066482,0.337185,0.2687714,0.21657525,0.251731,0.62912196,0.1376037,0.54044753,0.44096616,0.26972082,0.16557167,0.28235897,0.09391891,0.030731276,0.04194812,0.39791298,0.21843408,0.21019584,0.35253215,0.32126525,0.1790034,0.4086952,0.28205362,0.21738257,0.23886268,0.27414614,0.62912196,0.030731276
GAGGTATATCCTGCGCTG,0.98497975,0.9781374,0.98968303,0.9764134,0.92069227,0.94875866,0.67963034,0.80885524,0.94982797,0.8926113,0.92487645,0.64309293,0.8652154,0.95237905,0.9936145,0.89717615,0.9693716,0.9723367,0.7431514,0.98775405,0.7255271,0.9388149,0.9665758,0.91107184,0.9764888,0.9038813,0.9936145,0.64309293
GACACCATGGTGGCTCGA,0.99909496,0.99942076,0.9928406,0.99574333,0.9997997,0.96675974,0.9661729,0.9575008,0.9878934,0.87853587,0.999467,0.99962324,0.9864941,0.9999054,0.99979186,0.9924021,0.97854763,0.987978,0.92816967,0.9974695,0.9262984,0.89364576,0.91503924,0.7277411,0.85284585,0.9571672,0.9999054,0.7277411
ACCCCCCTCACCACCCCC,0.9987177,0.99775255,0.829225,0.8179653,0.8622186,0.97825015,0.7001248,0.8383442,0.846217,0.8063214,0.99881,0.99595386,0.61389506,0.697587,0.6547353,0.9349268,0.54830223,0.89921117,0.6521026,0.5378948,0.99199057,0.5692728,0.46968228,0.58651763,0.54189104,0.77471644,0.99881,0.46968228
GACCGGGGCATCTATAAT,0.99790835,0.99777216,0.90565306,0.9818297,0.95458835,0.9416393,0.89231575,0.9198622,0.92426866,0.9162279,0.9579555,0.9667783,0.44760418,0.9886571,0.9313973,0.83786565,0.9000318,0.9128256,0.8272355,0.8874657,0.6124508,0.8044858,0.7923967,0.57165045,0.7194691,0.8636135,0.99790835,0.44760418
GAAGAGGGGGCATCGTGT,0.9742946,0.9958836,0.9901116,0.996719,0.99794465,0.9193045,0.96862686,0.9265519,0.97588617,0.95238304,0.97275525,0.9998133,0.8788263,0.9996324,0.99751335,0.8853223,0.91389817,0.912585,0.72915,0.9802443,0.31286073,0.6074769,0.7548707,0.3447213,0.5103115,0.8599075,0.9998133,0.31286073
AGGACCGGAGATACCGAG,0.6964764,0.70335126,0.4159194,0.27369553,0.3853555,0.5356283,0.20959237,0.57594925,0.5263002,0.53920704,0.61330265,0.80763423,0.3518137,0.4033336,0.28880188,0.39152414,0.4671235,0.1364141,0.15529487,0.35797736,0.32726157,0.40289193,0.25624764,0.23126465,0.23141839,0.4113512,0.80763423,0.1364141
GATACAGCGGTGTCTGTA,0.9991831,0.99880975,0.9958427,0.99683946,0.9991812,0.87606174,0.96768504,0.96614516,0.97953624,0.8499766,0.99801254,0.9988998,0.98607814,0.99991673,0.99982595,0.9699848,0.9873062,0.9890422,0.9243137,0.9973538,0.85120106,0.94067955,0.9719146,0.8666819,0.9588402,0.9627724,0.99991673,0.8499766
GGGGTATACCCTGAGCTG,0.5138227,0.32782897,0.93167824,0.6557355,0.22009791,0.633897,0.2198181,0.46839944,0.50584847,0.44010994,0.45535818,0.051852953,0.23775214,0.09037059,0.34897164,0.49439102,0.7443646,0.6596027,0.36463964,0.74944687,0.4980981,0.8920568,0.9068116,0.82208437,0.9420615,0.527004,0.9420615,0.051852953
GAAGAGGGCGCATCGTGT,0.9895438,0.9972335,0.9906033,0.9964731,0.99726117,0.94641715,0.975954,0.93998414,0.97717166,0.925356,0.9772035,0.9973514,0.79838705,0.9921253,0.97918314,0.90562713,0.91532665,0.91447806,0.8017558,0.97965467,0.43123287,0.63658416,0.6959319,0.350785,0.49338245,0.8642003,0.9973514,0.350785
GGGCAACGGAACCATACT,0.116294146,0.19644344,0.18538912,0.047024313,0.092952,0.5702602,0.039250247,0.41376182,0.09528425,0.19466822,0.11215312,0.038992442,0.10754685,0.014437636,0.022538941,0.31070843,0.14366163,0.11362977,0.16869053,0.1325752,0.22150362,0.34329304,0.2079599,0.20575565,0.2357993,0.17322296,0.5702602,0.014437636
GAGGGCGGATTTGCTGTA,0.9899682,0.96860814,0.91787165,0.98436654,0.99690104,0.93864465,0.68809855,0.97787106,0.97238004,0.86650765,0.98459023,0.99797046,0.9106299,0.9999582,0.99984646,0.92890036,0.9881207,0.9872997,0.90683186,0.9929587,0.48738003,0.94517016,0.98783386,0.8395279,0.9808169,0.929562,0.9999582,0.48738003
AGGCAGCATAAGCAAACT,0.41324255,0.6478477,0.50431967,0.19016135,0.17497753,0.71289665,0.23624524,0.55083144,0.17726052,0.32490093,0.19473408,0.16061814,0.16649184,0.12199169,0.091965556,0.2774272,0.1486966,0.095386736,0.2485452,0.22793093,0.26818886,0.2733402,0.18587783,0.21257056,0.20303185,0.27237922,0.71289665,0.091965556
TAAACCAGTCTAACTGTG,0.99770886,0.9994072,0.9891167,0.98076826,0.9961229,0.9705391,0.9275161,0.9793258,0.97225046,0.8311496,0.9569088,0.9861105,0.91410524,0.9334688,0.96400315,0.8970737,0.86556923,0.83910424,0.5233631,0.94684005,0.8563374,0.8557393,0.65753204,0.82503957,0.70520616,0.8948122,0.9994072,0.5233631
GACCAGCGGGCAAGCATT,0.9262614,0.9439291,0.7776767,0.9740664,0.9783291,0.91986716,0.7654811,0.8699329,0.8779309,0.865421,0.97968876,0.99335027,0.5625338,0.9543688,0.90162724,0.9514428,0.7273701,0.71624523,0.81613255,0.950744,0.647517,0.51102775,0.34040904,0.25146273,0.2774649,0.7792113,0.99335027,0.25146273
AACACCGGGCTGACTGTG,0.9913992,0.99390715,0.9587015,0.9443792,0.9942355,0.9177873,0.8596109,0.9432318,0.93531775,0.4687084,0.9997215,0.9996934,0.9763062,0.99873537,0.9977366,0.9827694,0.9615703,0.9801926,0.86263543,0.992857,0.9313172,0.83007634,0.7842437,0.5384481,0.5959155,0.8975799,0.9997215,0.4687084
AATTAAGCGGTGTTTTTA,0.9909621,0.9817076,0.9961284,0.9948848,0.9965371,0.8655236,0.9694439,0.9306949,0.9397833,0.869927,0.9962466,0.9987855,0.9973959,0.99998695,0.9999719,0.94951636,0.9882937,0.9798268,0.88315314,0.99769783,0.87291616,0.98378396,0.9930591,0.95984423,0.9939292,0.96519995,0.99998695,0.8655236
AGGGGAGGCTTCGGCGAA,0.9955175,0.9681242,0.9387989,0.9710012,0.9767447,0.83520633,0.4158079,0.9149629,0.7079022,0.89230835,0.9948516,0.9990167,0.77006865,0.99958867,0.99607444,0.7773997,0.960689,0.9421593,0.81468713,0.9536337,0.44565687,0.82443714,0.908968,0.54473454,0.8339136,0.85529023,0.99958867,0.4158079
AAGACCGGACATACCGTG,0.954262,0.9074971,0.66904545,0.7576197,0.85639274,0.8680865,0.5262757,0.8851332,0.8408671,0.6204705,0.9129157,0.95001096,0.59876424,0.79126424,0.6270344,0.6540103,0.46000823,0.28541654,0.26577502,0.64679545,0.6301039,0.44737342,0.29851642,0.2740942,0.28404343,0.64047104,0.954262,0.26577502
AGGACCGGACATACCGTG,0.8209149,0.6389902,0.37297004,0.35754445,0.5304958,0.63420326,0.2939609,0.69753003,0.60153544,0.3763343,0.69535667,0.58918446,0.36557823,0.41583425,0.26860693,0.42353535,0.35390258,0.18399037,0.22940984,0.28181514,0.5308408,0.51836205,0.32628796,0.29350525,0.30789173,0.4443433,0.8209149,0.18399037
GGCGCCATCATCGAGATC,0.99914265,0.9968366,0.9705153,0.9648252,0.97489715,0.9861682,0.58226866,0.7811468,0.9009243,0.8854441,0.9049284,0.25621596,0.45452914,0.49455345,0.57093537,0.80250734,0.7209048,0.89860857,0.79636943,0.72359926,0.7838606,0.7936324,0.77656996,0.63731134,0.7470928,0.7761515,0.99914265,0.25621596
GACCGGGGCATCCATAAT,0.9936157,0.9939062,0.7627819,0.9265481,0.92946917,0.9432459,0.8096235,0.8448627,0.8182929,0.847901,0.9538928,0.9489625,0.29951087,0.91037023,0.65011275,0.8593487,0.76912105,0.8911552,0.8053382,0.8537493,0.62293637,0.71626544,0.60944605,0.42110565,0.5223942,0.7881582,0.9939062,0.29951087
GAGGACATTCATGCTCTG,0.99661225,0.98442876,0.9771034,0.98828804,0.993423,0.9820979,0.74540937,0.9008437,0.9603625,0.9014615,0.80302656,0.42582324,0.7349149,0.8053653,0.96501446,0.86459,0.95056766,0.965128,0.81553304,0.97973967,0.64425486,0.892103,0.9007387,0.8184308,0.9077238,0.8761194,0.99661225,0.42582324
AGGAAGCGTAAGACAGCT,0.7392696,0.7851129,0.5585712,0.35565448,0.6347591,0.7299519,0.36680058,0.78378814,0.60841906,0.32132784,0.23299475,0.31567913,0.19891404,0.1437189,0.19029817,0.32973644,0.2545011,0.08137249,0.23016942,0.53823686,0.17976095,0.28317326,0.1812654,0.20550413,0.18199708,0.37723908,0.7851129,0.08137249
GGGCAACGGAAGTCTACT,0.4224621,0.4882201,0.45002958,0.20787299,0.30593508,0.5625269,0.17250766,0.63313913,0.29823264,0.26685402,0.18110815,0.13959926,0.1738843,0.032899998,0.120938905,0.45673355,0.39906612,0.20924152,0.31978458,0.50670594,0.26329902,0.5215271,0.42762202,0.30483234,0.35938582,0.32897633,0.63313913,0.032899998
GACCTGGTCATCAGCAAT,0.999325,0.99691767,0.9470015,0.99111015,0.9953314,0.9724659,0.8134577,0.85270256,0.95371103,0.968008,0.96779495,0.9457765,0.67758644,0.9850523,0.98177767,0.92268306,0.857876,0.97145104,0.85594344,0.9777129,0.8242274,0.86605924,0.8268289,0.79918,0.8666286,0.91266435,0.999325,0.67758644
AGGAACGACGAACGAGAG,0.13885267,0.6134445,0.5051564,0.19616663,0.42306647,0.3460782,0.20772088,0.43396953,0.23717628,0.64630145,0.33222896,0.35376596,0.258028,0.2098674,0.14282757,0.14463466,0.1641832,0.04682152,0.08295823,0.16637747,0.22389834,0.17116238,0.15048453,0.13729171,0.14415103,0.25906458,0.64630145,0.04682152
GACGACAATAGTGGACGG,0.99830747,0.9982773,0.9970863,0.99601984,0.99793726,0.98629874,0.94656885,0.9655838,0.9842982,0.94108677,0.89621794,0.9451395,0.92278737,0.96784425,0.9688205,0.8461496,0.77063495,0.2706895,0.32799646,0.95220107,0.45386755,0.5618189,0.42983255,0.3683819,0.27726224,0.7908443,0.99830747,0.2706895
AGCGCCATCACCGACCTC,0.9984047,0.99302053,0.96506184,0.9378213,0.9648838,0.98873574,0.7266957,0.86809766,0.86574864,0.86734444,0.9706206,0.8260325,0.48785946,0.6053793,0.39181814,0.76638865,0.51218027,0.8508909,0.715486,0.4437328,0.9118738,0.6716013,0.4603305,0.47321326,0.50001097,0.75052935,0.9984047,0.39181814
AGGAAGCAACAGACAACT,0.12567051,0.12857933,0.09867925,0.051456902,0.103260785,0.38865152,0.24539232,0.37635767,0.21489893,0.17492013,0.19954272,0.12980403,0.1055519,0.08982863,0.071725436,0.109967865,0.08581569,0.041664414,0.062525325,0.10843734,0.19801597,0.13906617,0.121589534,0.1261335,0.13715933,0.1453878,0.38865152,0.041664414
AACCGGATCATCCATAAT,0.99431616,0.99411744,0.81699306,0.8612903,0.91674393,0.97136396,0.7452965,0.7985833,0.86333764,0.8512281,0.91357493,0.9598879,0.60692203,0.8311365,0.6838022,0.8413161,0.7892419,0.82343554,0.57052535,0.8876001,0.78785694,0.6907636,0.42032382,0.5689055,0.4357185,0.7849713,0.99431616,0.42032382
GACGAGGGGGCATCCTGT,0.9821665,0.99213034,0.9865933,0.99637353,0.99766976,0.9130972,0.97120893,0.939568,0.9545618,0.945987,0.985506,0.99977565,0.7738273,0.99967086,0.9949883,0.9462622,0.9213209,0.9417209,0.83652806,0.9742084,0.5399365,0.73694617,0.8160005,0.41794172,0.6662328,0.889209,0.99977565,0.41794172
AATAACTATCGTGTGCTG,0.9993686,0.99874,0.99852914,0.996697,0.99779654,0.9953165,0.9537224,0.9358662,0.96525055,0.9614983,0.9975615,0.9977957,0.9967948,0.9996861,0.99969554,0.96880794,0.9802972,0.9803477,0.82466704,0.99751824,0.92180663,0.9598542,0.95432496,0.9279005,0.9486262,0.9703388,0.99969554,0.82466704
AGGAACGAACAGCCAGCG,0.1379629,0.600372,0.31920096,0.043811474,0.38545728,0.3411476,0.23350146,0.44024786,0.2447431,0.30979463,0.3528287,0.33909318,0.26339522,0.22167182,0.17212655,0.3810427,0.18287319,0.09108097,0.107385404,0.28188628,0.32359266,0.21293794,0.17012246,0.15377729,0.17970514,0.25959033,0.600372,0.043811474
AGCGCCATCACCAACCTC,0.995154,0.9723395,0.8608425,0.7513877,0.673091,0.9600312,0.6617477,0.7828627,0.8174855,0.6930199,0.7798099,0.6527801,0.36257997,0.53774166,0.22528908,0.5513131,0.27711388,0.64658225,0.5609094,0.16629562,0.8591791,0.59296507,0.37830067,0.42788488,0.4464655,0.625327,0.995154,0.16629562
AGGAGCGGCGATGGCGAG,0.88499975,0.7839999,0.8427027,0.88040274,0.95433176,0.8085424,0.24351637,0.74618137,0.5159055,0.8095911,0.9971078,0.9993979,0.8537601,0.9993749,0.99112797,0.80481285,0.957579,0.8988801,0.8200114,0.953079,0.48522252,0.65781236,0.7552773,0.33748487,0.47836336,0.77837855,0.9993979,0.24351637
TATAATGCGGGGTTTTTA,0.98850614,0.9865453,0.9968252,0.99666905,0.99860525,0.8915287,0.9349733,0.95115095,0.95499694,0.9051455,0.9971893,0.99972045,0.9978039,0.99999875,0.9999952,0.9643399,0.9842444,0.9924598,0.9286458,0.99775267,0.8908922,0.9865394,0.9966658,0.97053343,0.99715656,0.9723554,0.99999875,0.8908922
GAGGAATTTCCTGCGCTG,0.99528205,0.9743443,0.9891454,0.9900166,0.981128,0.97991294,0.58460927,0.8217279,0.95163447,0.9222438,0.9735458,0.85279846,0.9320375,0.99332446,0.99893457,0.9438609,0.9749927,0.96854824,0.76568234,0.9928431,0.77132666,0.9393984,0.972363,0.90379345,0.9756374,0.9259652,0.99893457,0.58460927
GAGGGTGCGTTTGCTGTA,0.9984393,0.96047,0.97134185,0.9963282,0.99957293,0.9530431,0.8487625,0.96439695,0.96857363,0.94765955,0.9981408,0.99959844,0.9705618,0.9999991,0.99999636,0.96753454,0.99495786,0.99727273,0.9535595,0.9979487,0.6882392,0.97988623,0.99793535,0.9434071,0.9980314,0.9638264,0.9999991,0.6882392
AGGAACCAACAGCGAACT,0.040974837,0.18079121,0.1395499,0.025541613,0.15457927,0.33911142,0.103556745,0.40018582,0.092079036,0.21863475,0.32949018,0.3032568,0.23838188,0.24923918,0.14619122,0.22847794,0.15050033,0.065724514,0.08353701,0.20440225,0.4005902,0.21462527,0.17197724,0.15880996,0.1847817,0.19299962,0.4005902,0.025541613
ATAAACAGTATAGATGAG,0.9908258,0.9974103,0.99313366,0.90914315,0.9895005,0.93950504,0.9122587,0.9358742,0.881642,0.826237,0.7312202,0.94660956,0.9255932,0.91778195,0.9250775,0.51017565,0.6150471,0.31857523,0.2616595,0.93636477,0.46484745,0.60508645,0.3024491,0.6021212,0.2624031,0.7480217,0.9974103,0.2616595
GTGGGAGCATTTGCTGTA,0.99210376,0.85925496,0.92728937,0.9617926,0.9790041,0.8143902,0.74345654,0.9285466,0.91000915,0.82553625,0.85851866,0.8704198,0.7440356,0.991676,0.9967608,0.8013146,0.97373307,0.9750206,0.8384862,0.97233915,0.5033342,0.9624349,0.98940635,0.9277089,0.9928535,0.89357704,0.9967608,0.5033342
ACGACGGGTCTAACTGTG,0.9985827,0.9975858,0.98528355,0.98979366,0.98622453,0.9623752,0.84470814,0.9580132,0.9639032,0.754175,0.9882692,0.99453604,0.89543986,0.9972901,0.99419725,0.86620164,0.9287224,0.89513206,0.85564774,0.9600781,0.80277324,0.871094,0.8794283,0.710259,0.8282409,0.9163181,0.9985827,0.710259
GACGTGGGCACATGCTGT,0.984159,0.984976,0.9866679,0.9952665,0.9973306,0.9229645,0.9255259,0.95447034,0.97493887,0.9476664,0.9677785,0.98511463,0.66819227,0.9966308,0.9769892,0.93577665,0.927486,0.9764639,0.895531,0.9784412,0.67253506,0.86970514,0.8919837,0.6848902,0.8703295,0.9188725,0.9973306,0.66819227
GACGGCATGCAGGCTGGT,0.9936933,0.98904246,0.8917967,0.9801315,0.9976154,0.9174627,0.8013295,0.8925907,0.8677165,0.8525805,0.9966211,0.99599695,0.907336,0.99837196,0.9940049,0.9635637,0.93190485,0.97954375,0.9067519,0.9899023,0.77711403,0.82581866,0.8831621,0.56882036,0.7592658,0.9064856,0.99837196,0.56882036
GTAGAGGGTACATCGTCG,0.96918833,0.99546814,0.9888735,0.9797595,0.9337828,0.9250465,0.93989325,0.82148755,0.9552375,0.9424803,0.51982635,0.90286714,0.53320426,0.8620573,0.9508633,0.63437885,0.68766767,0.8329449,0.54389715,0.8157739,0.33607602,0.8469876,0.8395477,0.7607128,0.87555194,0.81574285,0.99546814,0.33607602
GAGGACATTCATGCACTG,0.99772185,0.9892032,0.9621862,0.9896887,0.9924206,0.98902065,0.72348803,0.89917237,0.9547853,0.9242478,0.6215777,0.2584296,0.51036507,0.4478558,0.84639055,0.7594751,0.86217237,0.90975124,0.74567866,0.9469124,0.48425683,0.80126595,0.72629714,0.6917577,0.7384168,0.7909014,0.99772185,0.2584296
GAAGGCATTATCGAGATG,0.9991026,0.99914193,0.99418896,0.99478644,0.9938242,0.994032,0.8147026,0.916639,0.9692792,0.9738568,0.8119665,0.75473773,0.83908725,0.9620218,0.97959065,0.7871496,0.8388471,0.79387623,0.68527514,0.95930415,0.3625671,0.7755791,0.72723883,0.6630542,0.66551536,0.8502147,0.99914193,0.3625671
GTGGGCGGATTTGGTGTA,0.98239833,0.9419031,0.9351423,0.97644997,0.9946177,0.88102484,0.5885637,0.95977235,0.95889944,0.9018319,0.99063694,0.99890053,0.9553786,0.99999267,0.99998564,0.8987574,0.9868891,0.98886454,0.916128,0.988961,0.5310022,0.97775966,0.997311,0.9437827,0.9974433,0.93169576,0.99999267,0.5310022
GAGGACTATCGTGTACGG,0.9982245,0.99239236,0.9935138,0.99528456,0.99457145,0.97027516,0.9350567,0.9171121,0.9714052,0.9547233,0.95081526,0.8495947,0.9294365,0.99486154,0.99702084,0.8620227,0.9455304,0.91779965,0.65525174,0.9732719,0.61807954,0.91087073,0.93731177,0.8159696,0.9229904,0.9201355,0.9982245,0.61807954
AGCAGCGGCGACGCCGAA,0.98723346,0.9887111,0.9056636,0.85732526,0.976062,0.89156187,0.6852655,0.882822,0.54930854,0.84797114,0.9978601,0.9969101,0.6220774,0.9421811,0.7566789,0.8488288,0.85604614,0.8415351,0.85637206,0.8170289,0.745388,0.5709943,0.3968713,0.24591124,0.29303235,0.77438545,0.9978601,0.24591124
GAGACAGCGGTGGCTGTA,0.99748635,0.9904795,0.9865265,0.99098265,0.9988724,0.89386535,0.91724104,0.9711673,0.9717033,0.81457233,0.9985513,0.9994663,0.9751355,0.9998679,0.9995056,0.9645623,0.9825197,0.97594386,0.8978189,0.9954102,0.705611,0.8325655,0.90417516,0.51637083,0.7518289,0.92128927,0.9998679,0.51637083
AGCCCCATCATCGACATC,0.9995982,0.9982979,0.9679671,0.9620217,0.9903423,0.99159557,0.76860464,0.9112133,0.90373784,0.9181091,0.9846083,0.96821326,0.6936328,0.74911886,0.7963284,0.7979415,0.6767204,0.867941,0.7136066,0.6723489,0.9404815,0.72343373,0.5368259,0.6301458,0.5602361,0.8289228,0.9995982,0.5368259
CCGATCCATCGTCCGCCG,0.9305074,0.9885038,0.92851335,0.36213195,0.7331341,0.88791966,0.57468367,0.6748017,0.4828438,0.36684167,0.9975953,0.9897125,0.886335,0.92748845,0.9834833,0.9591595,0.89949346,0.97362703,0.87250453,0.9707701,0.9865246,0.8621836,0.90949965,0.8568063,0.91053736,0.8366241,0.9975953,0.36213195
GGAGGAATTATCGAGATG,0.9970572,0.98808026,0.9833009,0.96779406,0.9226604,0.9644508,0.5185161,0.7491296,0.8076468,0.8639858,0.18393846,0.11620888,0.42793489,0.11842908,0.72949356,0.46591932,0.6092708,0.3324738,0.2948261,0.76593727,0.13806614,0.67683446,0.65716165,0.60042727,0.62346154,0.6201202,0.9970572,0.11620888
ATCAGCGGCGACGGCGAA,0.99623704,0.9973715,0.9701335,0.97165495,0.99188423,0.9578319,0.7275567,0.90598166,0.73402303,0.9566305,0.99950904,0.9992362,0.9100281,0.99691933,0.98544884,0.9126442,0.9076235,0.9463299,0.900704,0.9694021,0.85197055,0.73422056,0.6571649,0.4380451,0.46873707,0.87549156,0.99950904,0.4380451
AGGATGTATCGTGAGCCG,0.8968199,0.9574391,0.98961693,0.95091885,0.9520886,0.894683,0.5641485,0.67904806,0.7117271,0.5165545,0.93313086,0.96969336,0.948751,0.99922043,0.9995025,0.81253064,0.96659803,0.94064033,0.76717275,0.9902715,0.57168907,0.9368349,0.95006883,0.87470573,0.9534421,0.86909187,0.9995025,0.5165545
GACCAACGGGCAAGCATT,0.8356638,0.84544134,0.64029896,0.8920267,0.9228894,0.8344489,0.64868975,0.816475,0.8290528,0.7843628,0.9147744,0.97502136,0.54057634,0.78802985,0.7416265,0.908768,0.547091,0.33295804,0.5803535,0.8950883,0.60880727,0.40098554,0.27732757,0.22749369,0.25770918,0.6818384,0.97502136,0.22749369
AGCGCCTTCACCGACCTC,0.99816996,0.9878976,0.97019035,0.95576316,0.9710209,0.9813006,0.66392255,0.8452838,0.79659134,0.8705647,0.9925615,0.8899571,0.6196031,0.7519906,0.8360646,0.89354676,0.72714156,0.9453551,0.8633539,0.7474261,0.9568194,0.80347323,0.77738786,0.75083464,0.8099845,0.85624826,0.99816996,0.6196031
ATACAGTGTACATCGTCG,0.9883261,0.99791574,0.9936339,0.9769394,0.9661012,0.96047366,0.95647943,0.85981977,0.9534481,0.9445416,0.9548621,0.98598367,0.9541414,0.9915568,0.99451363,0.89726996,0.90818715,0.9576361,0.7877385,0.9816707,0.8351097,0.91967094,0.8816234,0.8934343,0.9050074,0.9378435,0.99791574,0.7877385
CCCCCCTTCCCCGCCCCC,0.9997071,0.9996779,0.958663,0.9683717,0.98905164,0.99496317,0.8459274,0.8407583,0.8902455,0.8883545,0.9999781,0.9991399,0.7674095,0.7850548,0.97122985,0.9886701,0.8102117,0.9717598,0.83572114,0.94358283,0.9990167,0.7428618,0.81356305,0.8157654,0.837991,0.90630704,0.9999781,0.7428618
GAGGTGTATCCTGAGCTG,0.9861915,0.9824006,0.99340796,0.9943338,0.9777734,0.95270413,0.7592577,0.8149912,0.9651083,0.9139212,0.915328,0.84115696,0.80081064,0.9975394,0.99830127,0.8868976,0.9758876,0.9888638,0.8049796,0.9891179,0.5900739,0.9480373,0.9756225,0.91410893,0.98440033,0.9180486,0.99830127,0.5900739
GAGGACATTCAGGCTGGG,0.9974155,0.99428034,0.97409046,0.9902657,0.99650705,0.95419914,0.85564715,0.936263,0.9403357,0.92071825,0.9622885,0.87924963,0.89001954,0.955335,0.97994643,0.890776,0.88684857,0.94401294,0.8039454,0.9848054,0.59247094,0.8190955,0.8533616,0.6516843,0.7595048,0.8965227,0.9974155,0.59247094
ATACAGGGTACATCGTAG,0.99296075,0.9976311,0.98677975,0.97712857,0.94642526,0.94135094,0.95368296,0.87746847,0.9432949,0.9225277,0.9439264,0.98628026,0.8985527,0.9838226,0.9783468,0.7364661,0.7473796,0.81286323,0.70419896,0.9413573,0.6523543,0.8202528,0.71637684,0.73446685,0.68738294,0.87533116,0.9976311,0.6523543
GACCTGGGCACCTACAGT,0.99724466,0.99587965,0.9750014,0.98680246,0.9874734,0.93996125,0.90951735,0.95806944,0.9480136,0.90434027,0.9822755,0.9617119,0.50104254,0.9364291,0.8195846,0.89793104,0.7062421,0.92659795,0.7879079,0.90498644,0.8327602,0.7981136,0.7106681,0.59210634,0.70433927,0.8666,0.99724466,0.50104254
ATAAAGAGTCCAGCTGTG,0.9923414,0.9954205,0.9940074,0.9790439,0.996584,0.96934825,0.9071141,0.96300685,0.9235045,0.86030143,0.960605,0.9815821,0.9311963,0.93959296,0.96140915,0.8039844,0.89764035,0.8970742,0.45922875,0.9811874,0.66290927,0.7368454,0.5524588,0.6468825,0.48144016,0.85898834,0.996584,0.45922875
GAAGACATTATTGCTGTG,0.9990717,0.99816227,0.99658185,0.9954302,0.9994079,0.986716,0.9170512,0.9672597,0.9783318,0.9630321,0.95357955,0.9623914,0.98204756,0.9978634,0.99870926,0.93739563,0.973528,0.93517023,0.73883075,0.9943665,0.69596976,0.94188493,0.94402283,0.88196146,0.93346494,0.94688934,0.9994079,0.69596976
GGAGCAATCATCGAGCTG,0.9995286,0.99758923,0.99374235,0.986993,0.9769212,0.97518003,0.6914971,0.8227964,0.9570805,0.8729825,0.52991265,0.18036765,0.48955992,0.15452904,0.47858787,0.687792,0.6067221,0.5843306,0.49527743,0.77792853,0.4244656,0.6559671,0.5359404,0.49047226,0.48149526,0.6739063,0.9995286,0.15452904
AATACAGCGGTGTCTCTA,0.9992566,0.99946916,0.9974408,0.9967703,0.9988343,0.9349179,0.974389,0.9713715,0.97266483,0.8767981,0.9987664,0.99930936,0.98915154,0.999768,0.9996455,0.97238445,0.9875636,0.9891045,0.9146489,0.9965797,0.89815116,0.927513,0.929877,0.84346616,0.90649295,0.96297336,0.999768,0.84346616
AAAGGCATTATAGATGTG,0.98963535,0.99652565,0.9929495,0.9881971,0.99590874,0.9678432,0.8162618,0.9439833,0.9143359,0.9317104,0.86614215,0.9537665,0.95732117,0.98964405,0.99080825,0.7074226,0.80580354,0.6963614,0.4859896,0.966891,0.42515054,0.7979845,0.68934745,0.7025837,0.5753514,0.84591675,0.99652565,0.42515054
AATTACATTAATGGACGG,0.99848783,0.99848735,0.99743736,0.99691695,0.9992059,0.9944277,0.9081633,0.95472187,0.9482233,0.9291821,0.93977267,0.970361,0.9848945,0.9918089,0.9960602,0.81123716,0.9018827,0.80954695,0.6793774,0.98567486,0.7253698,0.91650283,0.80483097,0.90904593,0.81635517,0.91871905,0.9992059,0.6793774
GATTACACGATGGGACGT,0.9991873,0.99877644,0.9963311,0.99732965,0.99935657,0.99047244,0.989904,0.97577703,0.9848014,0.96065485,0.9741427,0.97282046,0.9548577,0.9924456,0.99614465,0.83785325,0.87858135,0.8595901,0.7537158,0.9708956,0.68441594,0.8520395,0.8069083,0.7878271,0.7833071,0.9199254,0.99935657,0.68441594
AGCCCCATCATCGAGATT,0.99913895,0.9985294,0.96707374,0.9585559,0.9879641,0.9910802,0.6664281,0.8495868,0.9097425,0.8660236,0.9900088,0.9780526,0.8140743,0.8337615,0.9070234,0.8349051,0.7578525,0.88750225,0.72440255,0.80637616,0.9364232,0.7639282,0.64223176,0.6589895,0.5968833,0.85306144,0.99913895,0.5968833
AAGACCAGGCTGACTGTG,0.9872935,0.9897939,0.9419355,0.9118641,0.97427833,0.92172575,0.87048674,0.9503313,0.9704695,0.5696334,0.9950813,0.99544984,0.93924636,0.98491657,0.983034,0.9391,0.9387512,0.93701345,0.6290374,0.9864262,0.79410833,0.7135711,0.5988957,0.42802423,0.40860212,0.8543628,0.99544984,0.40860212
AAGACCGGCCAGACTGTA,0.9711522,0.9866407,0.6975889,0.79409903,0.9298734,0.729094,0.7610867,0.8993834,0.8901947,0.46024802,0.98942935,0.980178,0.6661219,0.8334356,0.7129474,0.87280834,0.71807903,0.78481156,0.5336565,0.8961863,0.751439,0.52788305,0.33951533,0.28035587,0.3031957,0.73237616,0.98942935,0.28035587
GAGGACAATCGTGCACGG,0.9976086,0.99800825,0.9896443,0.99293625,0.995414,0.97515094,0.93933046,0.951661,0.9812688,0.9461071,0.833274,0.5716587,0.6538233,0.495801,0.78841317,0.764541,0.8089937,0.55942315,0.51441646,0.90130895,0.42045152,0.62465197,0.50847226,0.40399668,0.41019756,0.76106226,0.99800825,0.40399668
AGGGGAGCCTTTGGCGAA,0.98977727,0.8452555,0.9108563,0.95798576,0.97216696,0.7811864,0.41422164,0.8750119,0.52422947,0.8766203,0.99657094,0.9891638,0.8671012,0.9993802,0.99716204,0.843553,0.97866935,0.9482096,0.8217011,0.975699,0.6043821,0.904969,0.9565512,0.707168,0.9275467,0.86660546,0.9993802,0.41422164
GAGGTATATAGTGAGCTG,0.9830618,0.94702274,0.9971109,0.9847684,0.88230103,0.9084429,0.67372584,0.8273938,0.95521355,0.9055496,0.3947637,0.6295168,0.8899583,0.94126385,0.99569947,0.5966168,0.87063265,0.68981755,0.36709,0.972715,0.24955069,0.9028314,0.90632105,0.85309726,0.91641617,0.80963534,0.9971109,0.24955069
AGGAAGCATAAGACAGCT,0.58638847,0.7801591,0.56527287,0.22817907,0.43090767,0.5615861,0.42334542,0.71986306,0.55085367,0.33341125,0.24472035,0.20657764,0.18993445,0.116882846,0.16418308,0.22739004,0.14129998,0.058716994,0.114167295,0.3099318,0.19012737,0.20028913,0.16061234,0.18464594,0.16500942,0.31417823,0.7801591,0.058716994
AGGTACCATAAGCAAACT,0.10485798,0.39306465,0.3451595,0.040116265,0.10413813,0.40214187,0.2808118,0.68332094,0.053168766,0.19995938,0.2153062,0.14910012,0.17150088,0.07121909,0.074665606,0.2252811,0.13434964,0.08985514,0.14135379,0.14956965,0.35318816,0.41951156,0.22160438,0.38571435,0.26307473,0.22688137,0.68332094,0.040116265
AGGCAACGTGCATCTGCT,0.7095591,0.8824824,0.86632615,0.614039,0.87427276,0.74330616,0.48331255,0.8950982,0.61245495,0.37577736,0.9184858,0.9249129,0.74757403,0.91724086,0.9363514,0.90636146,0.95077527,0.8937716,0.7873138,0.96614224,0.77100563,0.8260138,0.7967951,0.62685734,0.7413226,0.79070204,0.96614224,0.37577736
AATACCGCGGTGTTTCTA,0.99944174,0.99957246,0.99619573,0.99795353,0.9994546,0.95723397,0.982915,0.96775216,0.98058546,0.9357997,0.9997878,0.99970293,0.9950775,0.99997514,0.9999531,0.98811394,0.9869302,0.99345595,0.94619495,0.99760884,0.9600827,0.9617479,0.98126656,0.91695106,0.9788781,0.98090523,0.99997514,0.91695106
TGTAGTTCTCGTCTGCCG,0.9884722,0.9505954,0.9833674,0.92856586,0.90772694,0.97457373,0.8142837,0.74249625,0.7119457,0.65665835,0.9959194,0.9771332,0.9778895,0.9999749,0.9999847,0.9435862,0.9843297,0.9982041,0.91667753,0.9937247,0.96556747,0.9893105,0.99823934,0.98914576,0.99958795,0.9355183,0.9999847,0.65665835
AGGGACCAGAGACGAAGT,0.13469377,0.46283716,0.7601701,0.26553333,0.27564204,0.4335369,0.38511175,0.6762146,0.3102385,0.45014077,0.22876655,0.16786326,0.20028634,0.06753864,0.05954892,0.1543836,0.12698367,0.08078677,0.0737394,0.09666364,0.19688445,0.21794944,0.1684502,0.1558966,0.16215223,0.25248054,0.7601701,0.05954892
TATTACAATAGTGGATGG,0.99572664,0.99613523,0.99897814,0.9970005,0.9990007,0.98616683,0.96346205,0.9840176,0.9618116,0.92124385,0.9138945,0.96760637,0.99056506,0.99423265,0.997611,0.68346995,0.8911465,0.7260717,0.47819504,0.987799,0.75162035,0.9496889,0.9307748,0.9471669,0.95018095,0.9185426,0.9990007,0.47819504
GGGCAACGGAACAGCATT,0.85321116,0.5262418,0.36700806,0.5191027,0.31644183,0.67615706,0.10355564,0.5071047,0.41674188,0.6548028,0.13629998,0.0594085,0.12958647,0.017649103,0.033091534,0.33524832,0.1337368,0.10530673,0.22274649,0.22628169,0.19300199,0.29954973,0.19156797,0.18452042,0.2072763,0.29662558,0.85321116,0.017649103
AAGACAGCGGTGTCTGTA,0.99776906,0.9963785,0.98969483,0.988462,0.9966938,0.85739654,0.9149977,0.9678274,0.96434104,0.76817054,0.998659,0.9992633,0.98672634,0.99977446,0.9993749,0.9639688,0.98681146,0.97830427,0.8912192,0.9962278,0.81060237,0.8799315,0.8947944,0.62585676,0.7756126,0.92915434,0.99977446,0.62585676
ATAAAGAGTCCAACTGTG,0.98645496,0.993579,0.98432773,0.9279601,0.9625135,0.9163717,0.86903673,0.92333007,0.88256985,0.7081589,0.79130644,0.9408268,0.74425745,0.81651205,0.7533706,0.6568433,0.623826,0.6354825,0.29001966,0.9106204,0.5641866,0.6115257,0.32945558,0.5701825,0.3340977,0.7490727,0.993579,0.29001966
TATTACAATAGTGGACGG,0.9979681,0.9987318,0.9986832,0.99741644,0.99887097,0.991432,0.97258794,0.9835541,0.9736713,0.9287135,0.92492366,0.96654874,0.98541313,0.9896439,0.9965662,0.69759077,0.83012307,0.6353992,0.44246197,0.97955775,0.74917895,0.9329922,0.88118607,0.93293995,0.9223051,0.9083385,0.99887097,0.44246197
GAGGCCAGTCAGGCTGTG,0.9987042,0.9966276,0.96043146,0.99146473,0.99447864,0.97397524,0.844232,0.9570402,0.9725445,0.86805683,0.9933086,0.9725556,0.8367433,0.990454,0.9812785,0.91235036,0.9017556,0.9736089,0.86041206,0.9784569,0.73005545,0.82182044,0.87762886,0.5751518,0.7828849,0.90984076,0.9987042,0.5751518
AGGAACGAAGATAGAGAG,0.22205885,0.33231336,0.36009464,0.16061144,0.36673987,0.23653221,0.14134268,0.37746835,0.35539716,0.53434867,0.25302118,0.29911357,0.25803745,0.16404894,0.19906586,0.15832844,0.1765312,0.042943142,0.06031383,0.28545308,0.1389929,0.1341941,0.13482103,0.1453795,0.12062657,0.22631109,0.53434867,0.042943142
AATACCACGGTGGGTCGA,0.9992658,0.9995453,0.9974536,0.9980266,0.99981856,0.98339295,0.9874568,0.96881264,0.9866902,0.9475446,0.99983644,0.999789,0.99562335,0.99991053,0.99977446,0.9851466,0.9647011,0.9806448,0.87967616,0.99417865,0.9232949,0.88755566,0.87359554,0.7240068,0.73549134,0.9524493,0.99991053,0.7240068
AGGAACGAAAATAGAGAG,0.1821998,0.25097904,0.23897277,0.0630138,0.27566814,0.21425775,0.109492876,0.34979975,0.27663422,0.4346912,0.22032472,0.19652697,0.19453749,0.11938251,0.13736145,0.13905871,0.12137402,0.033822846,0.05190182,0.17690866,0.12680288,0.100877054,0.11487443,0.1311197,0.10676874,0.17469406,0.4346912,0.033822846
ATAACGGGTCTAACTGTG,0.998705,0.9994172,0.99509966,0.9916102,0.9971619,0.94526947,0.9075814,0.95739955,0.9660545,0.84200674,0.9835521,0.9941462,0.9508836,0.9971573,0.9965056,0.87749714,0.92668486,0.9648806,0.822508,0.9770688,0.768224,0.90892756,0.8783477,0.8436509,0.87544894,0.9346315,0.9994172,0.768224
GGGCAACGGAAGTCTGCT,0.6555181,0.71894896,0.5939494,0.33793965,0.6225949,0.5266203,0.29710355,0.70033485,0.49349883,0.33061096,0.34206352,0.41434255,0.30541617,0.14107324,0.35004058,0.6548644,0.59182596,0.38461575,0.4185964,0.7639672,0.36396688,0.6058038,0.59606105,0.3566871,0.48461968,0.48204258,0.7639672,0.14107324
AAGACGGGACAAACTGTG,0.91545635,0.91779137,0.82706845,0.8775224,0.8864983,0.8340258,0.5258006,0.8696171,0.9026073,0.5739405,0.48007318,0.8198755,0.3829146,0.7066247,0.38522786,0.44511718,0.29752812,0.24126692,0.22799097,0.55623597,0.2896224,0.26716357,0.19920273,0.18697023,0.18937793,0.5522208,0.91779137,0.18697023
AAGGTGTATCGTGTGCTG,0.9989138,0.9955604,0.9984563,0.9978508,0.9965163,0.9858015,0.90987635,0.8929912,0.982939,0.94374156,0.9972002,0.99840647,0.99511224,0.99999696,0.9999867,0.95408666,0.9912136,0.994753,0.9162895,0.99800944,0.79752696,0.97748715,0.9941057,0.94521797,0.9939903,0.9702412,0.99999696,0.79752696
AGCCCCATCATCGAGATC,0.9994639,0.9986743,0.9714357,0.9569161,0.98759246,0.9925605,0.63478553,0.8273222,0.8911004,0.88043326,0.99075365,0.97777957,0.8002537,0.81943655,0.88807493,0.8349051,0.7578525,0.88750225,0.7244024,0.80637616,0.93612385,0.7457313,0.60159534,0.63152456,0.5636036,0.844248,0.9994639,0.5636036
GACCTGGTCACCTGCAGT,0.9986201,0.99629384,0.98389894,0.9952926,0.9983292,0.9664109,0.87333506,0.95408654,0.96534264,0.9552628,0.99713326,0.9871208,0.8596097,0.9953703,0.9934508,0.9660294,0.9113361,0.98759556,0.8593048,0.9849403,0.93329805,0.88928586,0.9228989,0.838943,0.9297055,0.94971573,0.9986201,0.838943
TAGACCGGGCTGACTGTG,0.9794968,0.9868931,0.9252111,0.9339984,0.98614824,0.90161926,0.8164959,0.9616153,0.95566916,0.5303654,0.9987454,0.9989489,0.9496931,0.9997289,0.99878955,0.94239664,0.96227425,0.98538315,0.8177746,0.9879857,0.8819005,0.90603447,0.94241124,0.8032246,0.91535676,0.92272645,0.9997289,0.5303654
ATAGAGTGTGCATCGGCG,0.9919454,0.9980943,0.9970009,0.9913099,0.9884562,0.9441141,0.950659,0.89034593,0.95226437,0.966129,0.9910019,0.9984605,0.9788704,0.9999272,0.99975383,0.9661767,0.98585486,0.9942308,0.90072143,0.9972392,0.7243954,0.9396206,0.94916475,0.88017684,0.94565344,0.9568628,0.9999272,0.7243954
AGGCAACGGGCATCGGCT,0.50896674,0.84528714,0.69944453,0.5177403,0.7740432,0.692135,0.40620458,0.6558046,0.6566167,0.3934932,0.9714943,0.9858793,0.7253192,0.93518,0.8912196,0.85206264,0.8175194,0.66520673,0.7271105,0.89111143,0.67243683,0.628751,0.5729681,0.32065976,0.36844677,0.6870039,0.9858793,0.32065976
AGGACCGAACAAACAGAG,0.33064106,0.68585265,0.2255537,0.10784149,0.29502475,0.31513014,0.20251384,0.5281054,0.29833564,0.4094026,0.24668965,0.21564402,0.16101688,0.19477089,0.082972854,0.15864852,0.107008815,0.05679853,0.09093879,0.09547943,0.2709646,0.16287066,0.1344526,0.13298026,0.15102926,0.22642668,0.68585265,0.05679853
AGGCAACGTAACCATACT,0.4715795,0.65184605,0.43757695,0.08658104,0.16202961,0.80206907,0.100542426,0.69880205,0.1553991,0.22077875,0.23566376,0.27781257,0.23553249,0.2138323,0.12709583,0.3589856,0.21616381,0.10634525,0.22140689,0.1953585,0.45763427,0.4255148,0.2634094,0.3120067,0.2872096,0.308847,0.80206907,0.08658104
AAGAACAGTCTAGCTGTG,0.99595195,0.9971446,0.9908946,0.97968316,0.99684876,0.98488945,0.93095255,0.9848115,0.962834,0.878703,0.9739418,0.98455054,0.95440245,0.97409266,0.98192257,0.8515925,0.9214572,0.7800866,0.5090179,0.9800101,0.6941166,0.7411506,0.5730988,0.55632603,0.44726893,0.86502993,0.9971446,0.44726893
AGGGCCGAGGGATGAGAT,0.8276251,0.9670175,0.9377584,0.95178324,0.9018016,0.42635584,0.6935721,0.7500918,0.7866396,0.7765825,0.936678,0.9974361,0.6931656,0.99721485,0.9554028,0.56000847,0.81655324,0.6598449,0.52345055,0.8045457,0.28811124,0.52578247,0.6245362,0.28982502,0.3611061,0.7221156,0.9974361,0.28811124
AATATGTATCGTGTGCCG,0.9984895,0.9986899,0.99874336,0.9969443,0.99906343,0.9914901,0.94147986,0.8692199,0.9750632,0.93633175,0.9978917,0.99858737,0.99804956,0.9999916,0.9999817,0.9734891,0.9911053,0.99500257,0.89738667,0.9990654,0.9171178,0.98055017,0.9895279,0.96284205,0.99159867,0.9759082,0.9999916,0.8692199
GAACGGGGCACATCTTAT,0.95137405,0.9834913,0.8764936,0.9584488,0.96400064,0.7861121,0.9419725,0.92842185,0.9259988,0.899205,0.8398078,0.91031164,0.3596899,0.8223806,0.65376014,0.74699354,0.81397945,0.84839886,0.72721064,0.8628922,0.47334278,0.6790669,0.5865285,0.40025866,0.50483173,0.7777989,0.9834913,0.3596899
GGGGGTGCATTTGGTGTA,0.9749685,0.5250096,0.8706887,0.98296404,0.9962289,0.83250564,0.42363057,0.9307702,0.83951735,0.8857654,0.95391935,0.979479,0.8774572,0.99994045,0.9999214,0.8563128,0.9849086,0.986708,0.90305406,0.99110824,0.44318002,0.97658235,0.9973618,0.9380169,0.9976036,0.8859041,0.99994045,0.42363057
GACGAGGGGGCATCGTGT,0.98055273,0.9936261,0.98384905,0.99607044,0.9968073,0.943417,0.95943606,0.9095363,0.9675195,0.92452705,0.99322075,0.99992174,0.8949491,0.9999358,0.99849856,0.94456303,0.9232991,0.9378684,0.8590362,0.97917324,0.53036517,0.7476311,0.86825407,0.43263754,0.687402,0.89808387,0.9999358,0.43263754
GATTACATTAATGGACGT,0.9986727,0.99837196,0.9957234,0.99733716,0.9994864,0.99273276,0.928946,0.9694793,0.9740059,0.96080834,0.72526884,0.81634647,0.94858336,0.95873654,0.9957615,0.7735756,0.8642277,0.7882321,0.70792663,0.98172134,0.6057624,0.9328313,0.88933516,0.92603487,0.92752516,0.9062973,0.9994864,0.6057624
TTACAGGGTATACCTAAG,0.9839856,0.9971661,0.9873102,0.8915776,0.9257034,0.9705467,0.8800628,0.9130283,0.871627,0.8979453,0.6589063,0.9303493,0.6948157,0.90073526,0.95978826,0.47247198,0.71364236,0.66042596,0.6040869,0.8457693,0.64013046,0.9131531,0.84142596,0.9060806,0.93195826,0.8397078,0.9971661,0.47247198
AGGAGCGGAGATACCGAG,0.365763,0.35445935,0.2178621,0.15249047,0.17555618,0.3425689,0.17365535,0.45812467,0.28063923,0.45928693,0.34705308,0.7909647,0.20345369,0.21836211,0.16560292,0.2736242,0.50899804,0.14905258,0.16642866,0.2816642,0.17531426,0.34962705,0.24423558,0.20798679,0.1963181,0.2903637,0.7909647,0.14905258
GAGGACTTTCCTGCGCGG,0.9977705,0.99637103,0.9889323,0.994098,0.9966302,0.9878695,0.8264924,0.9183591,0.96777016,0.9603276,0.9980051,0.9697212,0.96182376,0.9996418,0.9996574,0.97198176,0.9743502,0.99141794,0.8790851,0.99404365,0.9093017,0.9448122,0.9831282,0.91193384,0.98481023,0.9643334,0.9996574,0.8264924
GAGGCCATTCAGGCTGGG,0.99876416,0.9981778,0.97745895,0.9948358,0.9978778,0.9659281,0.8461228,0.94683564,0.9582707,0.9092662,0.99513113,0.9591561,0.9182722,0.9952831,0.9933193,0.9531047,0.9240562,0.9842622,0.8892774,0.988944,0.8127374,0.88033235,0.9302159,0.7432561,0.88516104,0.9378418,0.99876416,0.7432561
AGACAGCGTACATCTGCG,0.94744325,0.98224837,0.94282264,0.8540106,0.93484545,0.8847115,0.7489028,0.8416561,0.6729239,0.6111456,0.92632866,0.95196986,0.76065457,0.88905114,0.8880224,0.8596224,0.8643954,0.76252514,0.7513453,0.9148865,0.7451786,0.73115057,0.58805925,0.53537774,0.5041288,0.8037362,0.98224837,0.5041288
AGGGACCAGAAACGAAGT,0.09807277,0.4103553,0.48980618,0.17982772,0.24599367,0.46567628,0.25716662,0.5194395,0.1927031,0.38981616,0.18156074,0.09142772,0.13843915,0.049447987,0.036300197,0.120117925,0.07340954,0.052533854,0.05341953,0.049662795,0.17436151,0.16490951,0.13612315,0.13742465,0.1463422,0.19417349,0.5194395,0.036300197
GACGAGGGCGCATCCTGT,0.9929668,0.9951769,0.987046,0.9961261,0.99681914,0.93826824,0.97815055,0.95819455,0.9659539,0.9235255,0.98785245,0.9966112,0.6552586,0.9907527,0.958525,0.9564883,0.92172235,0.9444365,0.8834413,0.9731697,0.66408926,0.7528168,0.770884,0.4258898,0.6485973,0.89051056,0.99681914,0.4258898
GGGCAACGGAACAACATT,0.6567683,0.2584678,0.21191579,0.22822315,0.12453894,0.47040576,0.08925516,0.42270008,0.2579989,0.5111504,0.09740095,0.034266375,0.0838729,0.011425968,0.019368548,0.17226727,0.09096672,0.06748359,0.13740724,0.08756545,0.15817104,0.23692448,0.15377836,0.16344668,0.18627138,0.19728169,0.6567683,0.011425968
GAACAATGGGCATGCTTT,0.91655385,0.9780464,0.98694277,0.99277884,0.9934544,0.86149,0.9423923,0.91304374,0.9773651,0.9677229,0.95095116,0.99498487,0.9458458,0.9967959,0.99743396,0.9627835,0.9607011,0.93648225,0.7809744,0.9952096,0.62804645,0.8037335,0.7643129,0.59530115,0.63877904,0.89928496,0.99743396,0.59530115
CCCCCCTTCCCCGCGCCC,0.99970853,0.9997654,0.9533139,0.9593138,0.9860018,0.9964768,0.7862604,0.75496095,0.9061411,0.8376096,0.9999878,0.9994341,0.85749596,0.8453591,0.98660094,0.9897932,0.84716415,0.9783894,0.8678835,0.96769476,0.99898505,0.76798904,0.8617941,0.8263806,0.8618532,0.91345423,0.9999878,0.75496095
TATAACACTCGTGTGCCG,0.9995139,0.9991056,0.99679387,0.9954774,0.99802303,0.997543,0.9663936,0.959184,0.977831,0.90307003,0.99795926,0.9949351,0.9889447,0.99738556,0.9988461,0.9703876,0.95811695,0.98395264,0.8486566,0.9945647,0.9521074,0.9464088,0.9431132,0.9340415,0.9604801,0.9705134,0.9995139,0.8486566
GACCTGGGCACATATTAT,0.8730169,0.94160086,0.8343372,0.89143723,0.92612475,0.68391305,0.8696535,0.89720666,0.9031244,0.77966523,0.8031047,0.87592095,0.410823,0.9218004,0.8108133,0.80665565,0.7456662,0.86414033,0.7761785,0.90269417,0.70787966,0.84340656,0.79411757,0.7051942,0.78652364,0.8142,0.94160086,0.410823
AGGAAGGATCAGACAGCG,0.7194107,0.8451385,0.5838223,0.57159436,0.55369747,0.58197325,0.37535605,0.5474877,0.6360298,0.41399264,0.25816107,0.28133917,0.19375417,0.10584224,0.18633059,0.22688006,0.26557568,0.115728915,0.18779105,0.5499201,0.1650676,0.2434606,0.17020646,0.19256046,0.16937761,0.3656199,0.8451385,0.10584224
AAGTACTATCGTGGACGG,0.9936234,0.9963757,0.9964962,0.99538505,0.9966976,0.9747085,0.95030814,0.9692924,0.95040333,0.9408547,0.99516386,0.99305606,0.9916561,0.9996125,0.9993979,0.91931754,0.9575908,0.9581195,0.74919605,0.9909413,0.8435851,0.92877716,0.9209599,0.8730278,0.89655256,0.95124406,0.9996125,0.74919605
AAGGTCTATCGTGTGCGG,0.9983617,0.9971447,0.9972267,0.99522936,0.99725926,0.9821964,0.9233575,0.94306374,0.9741311,0.9418225,0.99899054,0.9975725,0.9959339,0.9999904,0.99996,0.96412486,0.9865753,0.9951885,0.92178464,0.9975891,0.9156885,0.9703289,0.9909054,0.9393979,0.98993856,0.97655046,0.9999904,0.9156885
GACCTGGTCATCAACAAT,0.99857473,0.99209934,0.89485097,0.9720903,0.9841667,0.9386108,0.80836177,0.8255393,0.9337807,0.9381632,0.7923394,0.77485657,0.37269604,0.8310707,0.82886267,0.7648504,0.66005695,0.9069958,0.7599488,0.9006329,0.72750205,0.82978135,0.6540388,0.7509052,0.7691931,0.8243988,0.99857473,0.37269604
ATAAAGAGTCCAGCTGAG,0.986719,0.9951131,0.989645,0.9448828,0.99069744,0.9384031,0.901319,0.9310903,0.88382775,0.86122525,0.9437302,0.97261137,0.8798479,0.8972736,0.9100164,0.7467367,0.88190657,0.8649657,0.40101013,0.9768809,0.5800126,0.63904935,0.3912243,0.55097085,0.3365511,0.8158285,0.9951131,0.3365511
GAGGACATTCATGCTCGG,0.9974822,0.9930143,0.9810253,0.9910843,0.9972401,0.9787873,0.7774455,0.92893845,0.9663296,0.91109836,0.88026434,0.55251974,0.7897248,0.85490423,0.96878356,0.88567257,0.94446677,0.96072745,0.8177232,0.9813855,0.64033085,0.87732804,0.8833507,0.78537166,0.8754855,0.88881946,0.9974822,0.55251974
AGGAGCGGCGATAGCGAG,0.6602312,0.5209866,0.37063763,0.47728747,0.46881744,0.52524525,0.16748954,0.548749,0.4036563,0.68108416,0.9499147,0.9859568,0.48310366,0.9621984,0.8128461,0.5799873,0.8018816,0.46853653,0.6138916,0.7728611,0.32595283,0.5248206,0.5140822,0.26952437,0.30876425,0.5679403,0.9859568,0.16748954
GATACCGCGGTGGCTCTA,0.9991831,0.99946415,0.9958591,0.99753106,0.99976873,0.9768103,0.9813093,0.9755761,0.98784125,0.93940604,0.9998138,0.99971247,0.9818751,0.99996823,0.9999005,0.98642915,0.9800434,0.99290407,0.9469244,0.9969509,0.92915165,0.9209989,0.9666549,0.8327233,0.94721645,0.9733608,0.99996823,0.8327233
AGGTACCAAAAGCAAACT,0.020428661,0.08212603,0.10523145,0.011405837,0.053667504,0.17481226,0.10476995,0.43400395,0.023123773,0.11522842,0.1836067,0.12263221,0.12527283,0.0536147,0.04377823,0.16630487,0.08639725,0.04944507,0.067935675,0.08166869,0.27296817,0.20995282,0.14791548,0.2100098,0.18740809,0.12534834,0.43400395,0.011405837
AACCGCATCATCAACAAC,0.998409,0.9953127,0.8143795,0.8281822,0.8475474,0.9672222,0.7779636,0.86321455,0.874546,0.90979767,0.8924299,0.9591409,0.54992217,0.74880856,0.54841775,0.78018326,0.5301986,0.7210998,0.6591216,0.76706725,0.82750726,0.49976167,0.31891662,0.43336132,0.3563752,0.73875546,0.998409,0.31891662
GGGGTGTATCCTGAGCTG,0.90530384,0.88496965,0.9838593,0.975452,0.87404406,0.8702994,0.41595215,0.61876106,0.79954845,0.7553936,0.7503815,0.7555513,0.47624722,0.9959151,0.9949092,0.75539976,0.9615382,0.97716737,0.7381496,0.97319883,0.49221858,0.9553403,0.98590624,0.9240014,0.9929125,0.8324968,0.9959151,0.41595215
GACCTGGGCACCTGCAGT,0.9986227,0.99731946,0.986338,0.99504966,0.9979619,0.968752,0.9233323,0.972169,0.97196555,0.95380247,0.9980781,0.99457276,0.79411346,0.9953083,0.9822355,0.96816933,0.9136922,0.9810412,0.8774176,0.98141855,0.8984285,0.8398664,0.8578861,0.66140974,0.8196308,0.93314326,0.9986227,0.66140974
GGGGCATACCCTGAGCTG,0.900918,0.6837742,0.9558385,0.8670162,0.3428501,0.8282779,0.23604693,0.4890056,0.6980999,0.49349886,0.735399,0.059365414,0.26004586,0.05892255,0.17378041,0.5990538,0.73045397,0.70784533,0.49251455,0.7407533,0.6065777,0.81875575,0.81703246,0.62499434,0.81900823,0.5895932,0.9558385,0.05892255
GAAGCCATTACTGATCTG,0.9935089,0.9924489,0.99073285,0.9905896,0.9962918,0.97626317,0.7556621,0.9184479,0.97182167,0.92115873,0.921542,0.88152754,0.89001817,0.9665516,0.9864078,0.91847575,0.9324486,0.93489105,0.7019416,0.9753867,0.7801473,0.8801958,0.8356186,0.8035983,0.8333587,0.9099615,0.9962918,0.7019416
TATTATGCTAGTGGATGG,0.99845,0.99093163,0.9993079,0.9990342,0.99978375,0.9916729,0.96104884,0.9867661,0.95147157,0.95740414,0.9931943,0.9958077,0.9976407,0.9999909,0.9999872,0.916189,0.9838752,0.99609894,0.87469554,0.99855644,0.89644015,0.9854094,0.99395216,0.9804281,0.997292,0.97781706,0.9999909,0.87469554
TTACGGGTTATAGATAAG,0.9725331,0.99419653,0.97855234,0.97639155,0.98928773,0.9419155,0.6842863,0.8951053,0.8689051,0.9040283,0.72583336,0.92656404,0.84048307,0.9979338,0.99889195,0.5278968,0.8167771,0.8045215,0.6569746,0.9334118,0.5243631,0.95917255,0.9475963,0.9502948,0.98393834,0.8719941,0.99889195,0.5243631
AGACAGTGTACGTCTGCG,0.98593855,0.9909713,0.9819409,0.93736804,0.962932,0.9019956,0.8411097,0.8617635,0.84393185,0.8434992,0.9865439,0.99405193,0.96915215,0.99907136,0.9985043,0.9369336,0.9682066,0.9665302,0.8469338,0.990534,0.80911213,0.91192347,0.9237033,0.80771154,0.89741015,0.92631096,0.99907136,0.80771154
GTAGAGGGTACATCGTAT,0.98867136,0.9961613,0.98085386,0.97772,0.9338118,0.9142959,0.955168,0.88848495,0.957785,0.9547298,0.34163633,0.8312906,0.40308672,0.7409267,0.90295666,0.5370735,0.63212186,0.7465849,0.51924264,0.782504,0.26275074,0.83127224,0.80811906,0.75074965,0.85519975,0.7797279,0.9961613,0.26275074
AATTACACGGTGGGTTGA,0.99643016,0.9967652,0.9982411,0.99754083,0.99968505,0.96163654,0.98499864,0.96661973,0.9725368,0.9499985,0.99950224,0.9995745,0.99797165,0.9999816,0.9999334,0.9664836,0.9773667,0.9844184,0.9056659,0.9963653,0.90712535,0.95431197,0.9714325,0.90116334,0.9434926,0.9731697,0.9999816,0.90116334
GAACGGGGTACATCTAAT,0.98424053,0.99501586,0.90601355,0.9704938,0.9731107,0.9269108,0.8898209,0.9542428,0.92491865,0.93494856,0.6568185,0.92759514,0.37722576,0.94229746,0.8965786,0.6440075,0.77807474,0.73884106,0.6248723,0.8540221,0.30097687,0.6953547,0.59902763,0.48840585,0.5496782,0.7813398,0.99501586,0.30097687
AGGCAACGGAAGTCTGCT,0.70135003,0.7926255,0.6639523,0.3231747,0.65177774,0.598147,0.3150026,0.7326254,0.44715104,0.3483895,0.6634956,0.8611275,0.5912788,0.659993,0.66380703,0.69845456,0.6684799,0.3875331,0.4234095,0.8082257,0.4748446,0.5463769,0.46003366,0.3189857,0.31803167,0.56473094,0.8611275,0.3150026
GACGGCAGGCAGGCTGTT,0.9891605,0.9795585,0.798428,0.9698462,0.99267,0.9412382,0.7889917,0.92073363,0.9046896,0.8144144,0.99578136,0.9981481,0.8164442,0.99706167,0.98294604,0.9272973,0.85869175,0.94710076,0.8745489,0.9778232,0.69365346,0.7288735,0.7993664,0.3911354,0.5928033,0.8672564,0.9981481,0.3911354
GATACCATGGTGGGTCGA,0.9990073,0.9994215,0.99716634,0.9984079,0.9999121,0.9748235,0.97464806,0.958343,0.99019396,0.95332426,0.9994236,0.99973893,0.99622864,0.9999961,0.99998075,0.9856697,0.9822778,0.99234563,0.91928136,0.99828076,0.8886937,0.9473726,0.9763671,0.87945294,0.9558776,0.9746494,0.9999961,0.87945294
GAACAGGGTACATCGTAT,0.9938431,0.99723446,0.9708794,0.98640925,0.9841462,0.9609633,0.9636308,0.9529394,0.979116,0.96600854,0.79546595,0.9686862,0.72503877,0.95946085,0.95710933,0.7475536,0.71879995,0.5686643,0.579573,0.9299734,0.40742528,0.6538986,0.53974974,0.4612051,0.44291493,0.8084275,0.99723446,0.40742528
GACGGCAGGCAGGCTGGT,0.9938651,0.99066776,0.9011743,0.97993946,0.99671113,0.9283101,0.8236597,0.934288,0.898769,0.8334269,0.99765426,0.9989574,0.8589199,0.99794275,0.9843127,0.94008523,0.84961283,0.94725484,0.87562114,0.9786731,0.6982982,0.69360536,0.7742396,0.35761464,0.5179493,0.87006223,0.9989574,0.35761464
AGGCAGCGTAAGACAACT,0.8669003,0.793247,0.47107962,0.42802283,0.38649392,0.8809912,0.3213558,0.72529435,0.53225774,0.41495338,0.2138971,0.25318623,0.16806674,0.14667754,0.12576723,0.29105982,0.2091879,0.11856552,0.40604943,0.30794567,0.23696911,0.35979295,0.2027149,0.23156494,0.2181858,0.37240905,0.8809912,0.11856552
ATCGGCGGCGACGGCGTA,0.9987867,0.9983039,0.9834745,0.9938267,0.9952714,0.9821374,0.71563786,0.95109177,0.8800046,0.95712876,0.9998691,0.9998641,0.92293584,0.99989444,0.99648136,0.9329596,0.91198546,0.9754106,0.92678607,0.96589744,0.8811297,0.8471997,0.8913078,0.5893246,0.7926497,0.9235744,0.99989444,0.5893246
GTAGAGGGGGCATCGTCT,0.87104726,0.993088,0.9813025,0.98653555,0.980105,0.8515811,0.95949703,0.78544974,0.9594056,0.93046886,0.9253799,0.9996623,0.71301794,0.99924016,0.99726343,0.84406257,0.88881767,0.962116,0.77601624,0.94914216,0.39227766,0.83870226,0.8939282,0.65428305,0.8730511,0.8802177,0.9996623,0.39227766
AATAACTATCGTGGGCGG,0.99904925,0.99954134,0.99890053,0.99779046,0.99912024,0.99330485,0.9578913,0.95739293,0.97272533,0.97343135,0.9991544,0.9991917,0.9979129,0.99987006,0.9997728,0.9698027,0.96716034,0.96432036,0.81499857,0.99587077,0.90677214,0.9379556,0.92601854,0.87777656,0.86029476,0.9626408,0.99987006,0.81499857
TAACGGGGTATAGATAAT,0.9901366,0.997313,0.9708221,0.98568034,0.99590826,0.97550535,0.83509594,0.97145426,0.93726414,0.9345661,0.7229718,0.98436517,0.7500161,0.99758637,0.9947102,0.5833366,0.7832986,0.5983139,0.5357964,0.92596996,0.27201083,0.8049008,0.7030275,0.7374702,0.7222412,0.8283905,0.99758637,0.27201083
AGGGGCGACGAAGGAGAT,0.5978055,0.80437195,0.6708467,0.79115564,0.84564215,0.68048924,0.35250545,0.74690413,0.46180925,0.80576324,0.49188727,0.8123681,0.14909871,0.24213555,0.07069593,0.17466475,0.2640046,0.112324014,0.21153672,0.18462193,0.14687236,0.27270427,0.2147637,0.16503169,0.15666825,0.41706684,0.84564215,0.07069593
AGGCTGCGTAAGACAACT,0.8559448,0.84428376,0.54134625,0.48144543,0.61169064,0.8449223,0.23265457,0.77251786,0.501605,0.45169845,0.30408448,0.3238339,0.16180152,0.37872484,0.3173739,0.41865808,0.39530358,0.41254234,0.63730466,0.53609663,0.32736984,0.6724235,0.4149729,0.4879105,0.49323976,0.49678993,0.8559448,0.16180152
AGGGACGAAAAACGAGAT,0.07264194,0.4311203,0.25375506,0.08754819,0.25894114,0.33929887,0.19729346,0.49683437,0.23300554,0.63383245,0.13070513,0.065315895,0.09738295,0.02098121,0.027971534,0.11343229,0.06951517,0.033662464,0.048628636,0.050862014,0.106528185,0.10696176,0.09925082,0.1133334,0.1099859,0.16795157,0.63383245,0.02098121
AGGGCCGACGAATGAGAT,0.8397091,0.9634286,0.7812833,0.8740025,0.7817955,0.60326594,0.55088013,0.72922724,0.6978217,0.7600518,0.54127914,0.4109512,0.24174242,0.22139072,0.11045822,0.27348498,0.40762857,0.15560153,0.2713718,0.30081072,0.29547554,0.4306545,0.32605508,0.24073398,0.23366629,0.48171088,0.9634286,0.11045822
AGGGGTGCATTCGGCGAA,0.9971152,0.93949497,0.93363124,0.9854646,0.99193,0.8965592,0.6186277,0.9455739,0.7329201,0.9449946,0.98365116,0.9878569,0.73971426,0.9992764,0.9957277,0.80689174,0.95076346,0.9746254,0.8775207,0.9604893,0.52329946,0.91206473,0.9531103,0.77807426,0.9458284,0.89500827,0.9992764,0.52329946
AGGAACGAAGATACCGAG,0.41856423,0.5021111,0.43370232,0.1399224,0.30063072,0.3442479,0.2947797,0.42003506,0.36369774,0.5093184,0.28794244,0.33508375,0.25384116,0.17058082,0.19942182,0.23309419,0.21660742,0.056987923,0.064089745,0.2153495,0.20697467,0.1907507,0.16481791,0.16998884,0.1622337,0.26619098,0.5093184,0.056987923
AGGGGCGACGGCGGAGGT,0.98499066,0.9884108,0.97601473,0.98818606,0.9925141,0.8360221,0.73986506,0.9449589,0.7924827,0.90295666,0.99794215,0.99966776,0.8084573,0.9986839,0.9504268,0.666071,0.79579157,0.7223877,0.79953414,0.85072446,0.47204444,0.6109207,0.7424736,0.2809199,0.44139603,0.81135374,0.99966776,0.2809199
AATACCGCGGTGTCTCTA,0.99927974,0.99974,0.9965158,0.9972016,0.9993943,0.9556224,0.98233205,0.97443956,0.9781308,0.9193833,0.99978566,0.9996762,0.9899317,0.9998992,0.99984145,0.9874087,0.9866033,0.99479914,0.94597155,0.99702084,0.95858574,0.9369212,0.9596625,0.8777238,0.949665,0.9754214,0.9998992,0.8777238
GAGGACTATCGTGTGCGG,0.99914145,0.99702483,0.99640167,0.99669844,0.9955823,0.9851878,0.9385442,0.91457456,0.98514926,0.96911985,0.9924809,0.98037106,0.98073834,0.9996162,0.99955004,0.9456264,0.97484416,0.978673,0.80455405,0.9933537,0.7552531,0.9376931,0.9748173,0.8541576,0.95924914,0.95633614,0.9996162,0.7552531
TTACGGGGTATACATAAT,0.94418114,0.9948224,0.9042155,0.85300845,0.89353186,0.90639985,0.8204752,0.9292415,0.7763496,0.8598649,0.44260404,0.89255345,0.4099959,0.9684578,0.96984005,0.3497729,0.6417086,0.68028456,0.62867004,0.6921536,0.43447056,0.9241601,0.8703571,0.9082475,0.95200413,0.78589475,0.9948224,0.3497729
TATAGCGCTCGTGTGCCG,0.9991317,0.99883956,0.99598813,0.996226,0.9989144,0.99551845,0.93581533,0.9470014,0.9545235,0.9082785,0.99984,0.9993043,0.993143,0.99998945,0.9999681,0.98314685,0.9888115,0.998203,0.9525985,0.9983729,0.9689178,0.9691642,0.99086237,0.95280856,0.9929848,0.9807341,0.99998945,0.9082785
GAAGGAATTATCGAGATG,0.9987575,0.9977515,0.9938701,0.9921462,0.9862609,0.9858033,0.725022,0.8948437,0.962244,0.9416149,0.43760633,0.5440514,0.77844405,0.72764647,0.94013786,0.63168985,0.7423467,0.38366374,0.33161384,0.93685126,0.19777504,0.6268845,0.525217,0.5558611,0.43454,0.7309058,0.9987575,0.19777504
AGGGCCGAAGGACGACAT,0.5161672,0.93333477,0.7455841,0.7521261,0.5296206,0.42699385,0.3896769,0.61762154,0.49613652,0.6821787,0.37254235,0.59535086,0.19838996,0.11403642,0.09115488,0.31876168,0.18934338,0.14831966,0.29783094,0.20974006,0.23885399,0.31958953,0.20270985,0.1797637,0.19201222,0.3903136,0.93333477,0.09115488
TATAACTCTCGTGTGCCG,0.99951035,0.99876463,0.99723244,0.9959097,0.9982433,0.9972651,0.94947356,0.93644655,0.96886325,0.94211155,0.99939144,0.9977713,0.9957591,0.999893,0.99992174,0.9826658,0.98364943,0.9972978,0.91898555,0.99812394,0.97955656,0.9749112,0.98749685,0.971656,0.99313724,0.98256147,0.99992174,0.91898555
AGGAACGAAGATCGAGAG,0.10634719,0.32998297,0.4193626,0.11501732,0.45152092,0.3147893,0.13526739,0.2936378,0.21738428,0.5484195,0.31821468,0.40146428,0.34188792,0.21675642,0.23238586,0.23736008,0.33042008,0.07591436,0.08159348,0.39399785,0.18973807,0.19922751,0.17094655,0.1690741,0.15187874,0.25770354,0.5484195,0.07591436
AACACCGGCCATACCGTA,0.9940575,0.9926474,0.83923525,0.8769452,0.98060435,0.89058053,0.82998735,0.90837955,0.8831783,0.66585964,0.9952188,0.9940465,0.73821425,0.84865034,0.79265726,0.9519153,0.78021485,0.7645711,0.67890483,0.898044,0.90796286,0.59402806,0.39227837,0.37258396,0.38778904,0.7983422,0.9952188,0.37258396
GACCGGGGCACATATTAT,0.8321046,0.9201935,0.6247236,0.877524,0.8034832,0.68641895,0.89340764,0.87316614,0.85627854,0.7861256,0.82078826,0.883913,0.27679065,0.86362594,0.54741335,0.7128259,0.6211777,0.70303136,0.7203137,0.71338797,0.54065114,0.7083006,0.6337194,0.42906487,0.5268372,0.71421057,0.9201935,0.27679065
TTAGAGGGTACATCGTAG,0.97730577,0.99322397,0.98623806,0.9688815,0.8930018,0.9333304,0.9393765,0.8688063,0.9411665,0.9282615,0.60245395,0.92669195,0.6560674,0.91765,0.963169,0.40167677,0.65363425,0.7507007,0.54750675,0.8109827,0.4650515,0.91665685,0.887803,0.8925155,0.9444678,0.8306648,0.99322397,0.40167677
TTACACAGTATAGCTGAG,0.99753535,0.9989231,0.99396676,0.9613308,0.9941575,0.98278946,0.9508809,0.9727772,0.9550155,0.9122724,0.9169069,0.96840495,0.9418112,0.9605957,0.9828047,0.6708939,0.8204711,0.69326377,0.5892893,0.95946854,0.8290307,0.9099523,0.8480507,0.91324687,0.9020693,0.90503633,0.9989231,0.5892893
GACGACATTAATGGACGT,0.99868727,0.9981802,0.9914205,0.9953721,0.99913776,0.9920945,0.8509387,0.9563622,0.97930056,0.9387188,0.775927,0.87292385,0.88150185,0.9613991,0.9803612,0.8986558,0.8322478,0.5844105,0.6522751,0.9650471,0.5297578,0.7488162,0.6299061,0.6236821,0.5307134,0.8467135,0.99913776,0.5297578
ACGAAGGGACAGACAGTG,0.9455268,0.65258455,0.6336356,0.816881,0.6222149,0.8026371,0.52134335,0.67627275,0.8365642,0.5132053,0.44049343,0.8612641,0.36924523,0.58877915,0.36556256,0.26870316,0.23461935,0.11948542,0.18369427,0.56693345,0.26060253,0.21914774,0.18029092,0.16227296,0.16505162,0.48028052,0.9455268,0.11948542
AGGGTGTACCCTGAGCTG,0.79379076,0.7548482,0.97330993,0.92902774,0.7193028,0.8617896,0.4072145,0.6064486,0.6330182,0.5223805,0.934988,0.60129637,0.5627817,0.95385665,0.91634125,0.7158678,0.907146,0.9201447,0.60391766,0.8925276,0.6666255,0.9116587,0.93693316,0.83918756,0.95296663,0.7806948,0.97330993,0.4072145
GAGGCCAGTCAGGCTGGG,0.99903256,0.9984583,0.97810274,0.9939272,0.9974652,0.9702067,0.8870911,0.9626606,0.971583,0.8969068,0.99626285,0.98562115,0.87343615,0.9934347,0.9823495,0.9290121,0.89557856,0.9737743,0.8608681,0.97927207,0.7341412,0.79453963,0.8596504,0.5265199,0.7232059,0.9105241,0.99903256,0.5265199
TAAAGCATTATAGATGAG,0.9658747,0.9945494,0.98563266,0.9440942,0.99448967,0.9339808,0.8214545,0.9349528,0.86451674,0.85864943,0.7345426,0.93104076,0.93565303,0.96443534,0.9807388,0.7044739,0.7829051,0.55315506,0.32771096,0.9710966,0.51368874,0.8360218,0.64682275,0.8358524,0.65240175,0.8267492,0.9945494,0.32771096
TATAGCTCTCGTGTGCCG,0.9993089,0.9985239,0.99663234,0.99613726,0.99774516,0.9962204,0.9303982,0.92773724,0.95323414,0.9281693,0.99976516,0.99859536,0.9958051,0.9999916,0.99998397,0.98380464,0.9895362,0.99902564,0.9480719,0.9987295,0.9815081,0.9805552,0.9948589,0.97621274,0.99728245,0.98271334,0.9999916,0.92773724
AGGGGAGGCTACGGCGAA,0.9828334,0.8849617,0.7955797,0.9042782,0.85047543,0.8214234,0.21485196,0.8050959,0.5037085,0.8360229,0.94289804,0.9906285,0.36348668,0.9431816,0.7520725,0.45220897,0.81682366,0.60173637,0.3588136,0.5831986,0.26928228,0.58263093,0.6120142,0.31005892,0.45185444,0.66520476,0.9906285,0.21485196
GACACCGCGGTGGCTGTA,0.99875736,0.99812454,0.9875258,0.9941133,0.9997277,0.94772345,0.95875025,0.97102726,0.97264975,0.8365933,0.99994975,0.99988776,0.9868537,0.9999433,0.9998286,0.99296194,0.9808857,0.98884803,0.95429367,0.9973173,0.9511243,0.88292193,0.9432706,0.64596575,0.85148317,0.953621,0.99994975,0.64596575
GGAGCATTCACCGAGCTG,0.9968355,0.96780133,0.9857939,0.95979834,0.89498705,0.94864994,0.4219999,0.6607291,0.88138324,0.82028013,0.7734159,0.18930314,0.47448173,0.183646,0.55460966,0.7350334,0.5938933,0.80865693,0.69632304,0.8099836,0.6376228,0.78098565,0.70965785,0.63917166,0.7243135,0.71397424,0.9968355,0.183646
AGGGACTAAAGACGACGT,0.23551677,0.76330495,0.8661721,0.52743,0.37470624,0.4936289,0.57984674,0.77460283,0.57162374,0.6641609,0.1996962,0.11715781,0.21064213,0.04510152,0.08084064,0.15586866,0.11312402,0.049207292,0.062333323,0.10287242,0.18838663,0.2795167,0.18036376,0.21585277,0.1887342,0.32162762,0.8661721,0.04510152
GTGGGCGGCGTTGCCGTA,0.99828863,0.99235654,0.9716591,0.99139017,0.99621606,0.94978493,0.88091075,0.96849996,0.96196216,0.9389667,0.999626,0.9998727,0.8462664,0.9999965,0.99990493,0.9331957,0.97721374,0.98933846,0.95208067,0.9795484,0.7669901,0.9563073,0.9929161,0.89436203,0.9928905,0.9572217,0.9999965,0.7669901
AAAGGCATTATCGAGATG,0.9989915,0.99925625,0.9956334,0.99357826,0.9933382,0.99495226,0.83854455,0.90965503,0.9531918,0.9477237,0.9501389,0.9682241,0.95018834,0.9882585,0.9884878,0.7703462,0.8567891,0.8081284,0.6568696,0.9598291,0.50429136,0.74717003,0.59395516,0.6267568,0.48438773,0.85914755,0.99925625,0.48438773
GGGCAACGGAACCGCATT,0.746929,0.6571454,0.47257406,0.4510191,0.39092556,0.7720513,0.08299665,0.56570834,0.26621535,0.67451745,0.22259864,0.08245182,0.17271593,0.024024362,0.039263397,0.4947701,0.21604136,0.16921738,0.26573756,0.2703827,0.30225143,0.40659162,0.23898254,0.21457593,0.25143403,0.33804488,0.7720513,0.024024362
GAGGGCGCATTTGCTGTA,0.9949549,0.9636981,0.93547434,0.9892829,0.99766546,0.93281406,0.7825688,0.97561246,0.9662799,0.9127365,0.9905465,0.97189593,0.8752981,0.9995689,0.9986531,0.94575995,0.98336864,0.99000126,0.93787533,0.99136806,0.67967874,0.9408446,0.98424286,0.85088784,0.97918105,0.94281036,0.9995689,0.67967874
AGGGGCGGCGGCGGAGGA,0.99109787,0.988934,0.9805934,0.9911744,0.99543136,0.87921524,0.6470189,0.9568412,0.80512136,0.87923884,0.9998565,0.99998397,0.8853588,0.9999897,0.99605995,0.8562392,0.9330937,0.9491555,0.90915316,0.9625552,0.52119356,0.69927853,0.84907854,0.30905595,0.56272435,0.8618977,0.9999897,0.30905595
AGGAAGCATCAGACAACT,0.50471735,0.5866634,0.25358078,0.21332535,0.22184734,0.6816846,0.3963579,0.58038116,0.32785884,0.27898976,0.23371641,0.16434847,0.14383136,0.120321564,0.121570215,0.18203707,0.18812944,0.10306526,0.2075401,0.33618155,0.25663206,0.25131673,0.17871276,0.20383556,0.19551626,0.27728644,0.6816846,0.10306526
AGGGGCGGCTGCGGAGGA,0.9928167,0.9878737,0.9833655,0.99045557,0.997158,0.9127444,0.5705825,0.96277684,0.81989574,0.8473168,0.99977016,0.99994546,0.9028908,0.99999005,0.9984902,0.8963752,0.97923905,0.98171014,0.90304005,0.9840696,0.58607894,0.81758934,0.9223991,0.46859345,0.78266764,0.89151335,0.99999005,0.46859345
GGCGCCATCACCGAGCTT,0.9970937,0.9931304,0.9519279,0.93557024,0.9460896,0.9853425,0.5711246,0.79196376,0.93158895,0.84475154,0.9435817,0.25054356,0.38137805,0.23148453,0.26086447,0.79040134,0.5019667,0.86787397,0.7113674,0.5799613,0.8562233,0.7470107,0.68677485,0.5318272,0.6645245,0.7181747,0.9970937,0.23148453
GGGCAACGGAACCACAGT,0.6393241,0.5582082,0.5410002,0.28137136,0.29953328,0.5904294,0.09257322,0.50465167,0.14612563,0.48736057,0.14383852,0.047906067,0.12953088,0.01667015,0.024564778,0.32538995,0.13073938,0.11916842,0.17165126,0.13591586,0.22431016,0.2999805,0.18331347,0.1775184,0.2121702,0.25932983,0.6393241,0.01667015
AGGAACCAGAAACGAAGT,0.085326746,0.41232872,0.51177406,0.115562335,0.36827514,0.39816162,0.17132467,0.5243704,0.1589193,0.2658635,0.27061117,0.25809616,0.22000603,0.19419524,0.11302697,0.13352399,0.103575826,0.043468952,0.050314296,0.10712269,0.23683459,0.1391437,0.13280484,0.12969676,0.13552551,0.21119416,0.5243704,0.043468952
GACGCCAGGGTGGCTGTA,0.9991329,0.99854666,0.98823833,0.9959321,0.9995826,0.97375447,0.95025265,0.9688344,0.99030185,0.87676716,0.9998362,0.9999259,0.9846915,0.9999899,0.99989396,0.9877285,0.9766734,0.99051476,0.9380185,0.996551,0.88009804,0.8830309,0.95715064,0.62842256,0.8683513,0.9532888,0.9999899,0.62842256
AGGTACCAAAAACGAAGT,0.04774533,0.22027288,0.37816232,0.07828274,0.25898534,0.31465483,0.16772355,0.69352484,0.12885039,0.32086974,0.22287527,0.14476335,0.17249021,0.06478414,0.048460394,0.118257865,0.07785617,0.035716075,0.055835105,0.06095012,0.25878266,0.19479957,0.1456568,0.20685536,0.1773769,0.18378124,0.69352484,0.035716075
AGGACCGGACATACCGAG,0.7122036,0.56251234,0.22074647,0.14113824,0.29457974,0.49717805,0.22271344,0.54081345,0.42662507,0.39239445,0.59381837,0.48805,0.28941965,0.32611522,0.19076395,0.35338706,0.30625597,0.14969155,0.1884533,0.21207379,0.44826755,0.42783085,0.26769456,0.24720176,0.2631705,0.35052392,0.7122036,0.14113824
ATACAATGTGCATCTGCG,0.97962713,0.9963074,0.9937692,0.96120906,0.9752819,0.8599461,0.8722778,0.8905166,0.9066532,0.89355826,0.9820361,0.9947422,0.9790756,0.9966452,0.99783,0.9756398,0.9830039,0.98745704,0.86683017,0.9975786,0.8838779,0.9320475,0.90818,0.9032063,0.9129256,0.945209,0.99783,0.8599461
AGGGACTAGAGACGAAGT,0.16035427,0.516387,0.8876509,0.46510968,0.27667117,0.4486535,0.5965422,0.67779016,0.39655107,0.63392854,0.191205,0.19699109,0.22469442,0.043596722,0.08162425,0.14687225,0.1474929,0.068756536,0.06949779,0.1625548,0.1567792,0.30940753,0.18593492,0.21715274,0.18095282,0.29772604,0.8876509,0.043596722
GTACAACGGGCATCGGCT,0.9174944,0.99216926,0.948003,0.90592486,0.9644296,0.8139233,0.8068688,0.7466384,0.88502556,0.7831376,0.97765523,0.99073356,0.8473785,0.9540123,0.97279435,0.93680453,0.851742,0.84561473,0.8051808,0.95712364,0.77799994,0.77869976,0.70542437,0.59265953,0.641356,0.8559518,0.99216926,0.59265953
ACGAAGGGACAAACAGTG,0.9144673,0.64086246,0.65409696,0.80288815,0.6451384,0.82515013,0.4648419,0.73275506,0.79708886,0.6250758,0.28527206,0.5682988,0.24600726,0.42397743,0.23596741,0.22056253,0.18346128,0.09457932,0.14879726,0.3568104,0.23126169,0.16468336,0.1454917,0.14293529,0.14848544,0.4279583,0.9144673,0.09457932
GAGGCCATTCAGGCAGGG,0.99863356,0.99773633,0.9682659,0.99446917,0.9979828,0.97438544,0.84927857,0.9451163,0.9542808,0.92427933,0.9876406,0.89757067,0.81518,0.97249407,0.96485215,0.90911454,0.7847273,0.96069527,0.8600231,0.9716623,0.6934297,0.7827932,0.7949405,0.58742183,0.7029062,0.8915951,0.99863356,0.58742183
ATAGAGTGTACATCTGCG,0.98187727,0.9956752,0.9946026,0.9656513,0.9584354,0.8722086,0.92000484,0.8946765,0.89698637,0.92189157,0.8125891,0.9471019,0.8961229,0.9814284,0.9908863,0.8303888,0.9385127,0.96964306,0.6847907,0.980665,0.6084298,0.92294616,0.893186,0.8891697,0.9198521,0.9067089,0.9956752,0.6084298
GATACCATGGTGGCTCGA,0.99923253,0.999633,0.9965132,0.9977109,0.9998648,0.977544,0.97849214,0.9660665,0.9891994,0.9335364,0.9988867,0.9992995,0.9899779,0.9999698,0.99991566,0.9867,0.98119205,0.9929838,0.9135171,0.99811786,0.8954928,0.93705034,0.96351993,0.8769571,0.95059663,0.9728788,0.9999698,0.8769571
TATATCTCTCGTGTGCCG,0.99912286,0.998366,0.9974462,0.9947103,0.9990964,0.9954083,0.9105419,0.9338653,0.9658177,0.9304713,0.9997399,0.9984839,0.99774957,0.9999952,0.99999326,0.98549265,0.990596,0.99943244,0.95284694,0.99916357,0.9896102,0.987633,0.99707156,0.98831856,0.998913,0.9843954,0.9999952,0.9105419
AGGGGCGCCTGCGGAGGC,0.99756867,0.99152136,0.9824753,0.99132526,0.99714136,0.94219774,0.7740013,0.957371,0.7334951,0.90055573,0.9998498,0.99953634,0.8799992,0.99986744,0.9928283,0.90285724,0.9683882,0.97533226,0.889787,0.9745863,0.7791657,0.83626986,0.92048866,0.49803883,0.7970538,0.90726805,0.99986744,0.49803883
GAAGCCATTATTGAGCTG,0.9996323,0.99966705,0.99773484,0.99814224,0.9988574,0.99547046,0.90188015,0.92822176,0.99196446,0.967614,0.9735806,0.9680622,0.9716785,0.99818474,0.9987237,0.9496281,0.9596869,0.937884,0.79307437,0.99105954,0.7500939,0.91853553,0.9082228,0.8440636,0.89398503,0.94542587,0.99966705,0.7500939
GACCTGGGCACATCCTGT,0.9956065,0.9962576,0.98388815,0.992767,0.9981137,0.93352306,0.95893717,0.97365093,0.9662661,0.9208025,0.98314273,0.9799446,0.6648832,0.97476226,0.93896633,0.94407594,0.85558105,0.96900594,0.8571002,0.9599655,0.87091964,0.8431056,0.84165615,0.7066117,0.8359676,0.91782,0.9981137,0.6648832
ACCCCCTTCACCACCCCC,0.9993145,0.9979386,0.9116188,0.9157463,0.91043466,0.9816219,0.8051251,0.82050043,0.92059374,0.8845097,0.99801874,0.9956892,0.6659955,0.7553981,0.8063818,0.9612811,0.6095815,0.9147363,0.72529006,0.7457594,0.9919271,0.67479575,0.52692115,0.7166805,0.6352423,0.834844,0.9993145,0.52692115
AAACGAATCATCGAGATT,0.9986487,0.998225,0.9843441,0.98092,0.9909829,0.98675925,0.78532135,0.8885413,0.9572277,0.8735232,0.92454165,0.97510284,0.890804,0.9033589,0.90528333,0.7393575,0.75145346,0.50694406,0.40362656,0.90969455,0.6183519,0.48840797,0.2929845,0.3950364,0.26906908,0.7767403,0.9986487,0.26906908
GAAGAAGGGGCATCGTGT,0.93069166,0.9910642,0.9829589,0.99073684,0.9927586,0.87106097,0.9495715,0.9103778,0.95440745,0.9003361,0.8892936,0.99688524,0.8583155,0.988791,0.9846697,0.84601283,0.87845075,0.71440005,0.44164264,0.97051704,0.2686446,0.48383754,0.54259515,0.27994812,0.3131578,0.79724497,0.99688524,0.2686446
GACAACATGATGGCACGT,0.9981637,0.998241,0.983001,0.9831095,0.999343,0.9821648,0.94457823,0.9564972,0.9758765,0.86284506,0.95006305,0.9861721,0.92349213,0.97905344,0.9871765,0.94191504,0.90406704,0.80104935,0.71999234,0.9853886,0.63444054,0.6463374,0.42506766,0.43618542,0.32939047,0.85334444,0.999343,0.32939047
AATAACACGGTGGGACGA,0.99920124,0.99926805,0.9974557,0.99721706,0.9996443,0.9876795,0.98677784,0.9663558,0.97429484,0.9420492,0.9981331,0.99894506,0.9899074,0.9991599,0.9981155,0.94861555,0.9392062,0.89655,0.7683276,0.9900376,0.68983203,0.6882301,0.470601,0.45476943,0.2850528,0.8786171,0.9996443,0.2850528
GACGAGGGCGCATGCTGT,0.989754,0.992128,0.9896894,0.9977651,0.9977926,0.9455711,0.97335356,0.9496378,0.9721206,0.9544765,0.9944898,0.9990767,0.83556914,0.99918646,0.99331737,0.9689232,0.9592346,0.96423703,0.9061518,0.98933595,0.654106,0.76850265,0.8372189,0.43904203,0.6752656,0.90983796,0.99918646,0.43904203
AAAGGCATTATCGATGAG,0.9984144,0.99898577,0.99127555,0.98733574,0.9957124,0.9705467,0.88043684,0.9167846,0.9069198,0.9421791,0.95472455,0.96963614,0.95316195,0.989014,0.9889788,0.7964786,0.9168226,0.8843276,0.6953932,0.9724827,0.5530015,0.8000737,0.6830681,0.68866605,0.5869141,0.8808532,0.99898577,0.5530015
ACGACGGGGCAAACTGTG,0.9747647,0.92306083,0.87239337,0.9485126,0.9231584,0.85277426,0.575664,0.80120593,0.8514092,0.45062423,0.9108663,0.98642653,0.52684474,0.9194326,0.663274,0.70473313,0.6054171,0.5498071,0.6745511,0.7892814,0.530281,0.5114267,0.3650118,0.25901642,0.27131972,0.6976503,0.98642653,0.25901642
AGCAGCGGCGATACCGAG,0.9056616,0.8326529,0.63584286,0.37071535,0.6639843,0.601747,0.4310864,0.62123597,0.38641155,0.5303923,0.9819686,0.98456484,0.5536318,0.9303114,0.74747616,0.7027402,0.8094099,0.6641446,0.7681743,0.69997925,0.6305072,0.58564216,0.44354764,0.29557937,0.31668195,0.6437635,0.98456484,0.29557937
AGGGGCGAGGGCGGAGGC,0.9815187,0.9875188,0.98081666,0.98928595,0.99495524,0.83353597,0.68135554,0.89671713,0.68399894,0.89231426,0.9977209,0.9999618,0.8804404,0.99990577,0.9926453,0.67180884,0.87034297,0.796715,0.7350512,0.88258666,0.34995288,0.5554329,0.73866147,0.25888062,0.4181752,0.80281204,0.9999618,0.25888062
AGGAACCAAAAGACAACT,0.07807988,0.20390202,0.09696527,0.0136935925,0.076711215,0.23464459,0.17858607,0.5201005,0.11847174,0.15865459,0.23187585,0.20642792,0.14370771,0.15185206,0.09989935,0.12749918,0.088931605,0.033443753,0.041819487,0.09736257,0.2337102,0.11746167,0.11140565,0.119962096,0.1259917,0.14444642,0.5201005,0.0136935925
GAACAATGGGCATCGTTT,0.9382888,0.98943055,0.980794,0.9845583,0.9857022,0.90369856,0.94795483,0.88690984,0.9746685,0.9446128,0.9474499,0.99459124,0.9375637,0.99453497,0.9956775,0.9482717,0.93548656,0.90112704,0.75326705,0.9910779,0.6397098,0.8001515,0.75502324,0.597019,0.6346583,0.8944891,0.9956775,0.597019
AGGAACGACGATCGAGAG,0.21421891,0.47580707,0.4615788,0.16831848,0.50455445,0.35844553,0.20359947,0.39377013,0.22014587,0.61938167,0.5484908,0.54255086,0.41996026,0.32589588,0.25726303,0.27677688,0.45969182,0.102207035,0.14532544,0.42671907,0.2951629,0.31716767,0.22203612,0.20521054,0.197026,0.33445224,0.61938167,0.102207035
GAGGTATATCGTGAGCTG,0.98748404,0.97096103,0.995646,0.98841643,0.9263775,0.8949653,0.68782806,0.78456986,0.9434145,0.89118177,0.83360624,0.8322367,0.9273788,0.9932521,0.9987742,0.7886082,0.9517058,0.9302159,0.7262371,0.98459023,0.46436244,0.9386402,0.95819086,0.8911534,0.96294373,0.8901097,0.9987742,0.46436244
AATTACACGAGTGGATGA,0.99407965,0.98846054,0.9978344,0.99526286,0.99891406,0.9661084,0.9771049,0.96182835,0.9511995,0.92350507,0.9863755,0.9904355,0.9847662,0.9960132,0.99491245,0.8191701,0.93996644,0.8748601,0.6707448,0.9877479,0.7284061,0.8285592,0.72790474,0.76719236,0.61964,0.9068397,0.99891406,0.61964
AGGGGCGACGGATGAGAT,0.71757716,0.9196104,0.84077466,0.8664607,0.7174204,0.38412124,0.64752907,0.8167677,0.58626324,0.79531443,0.8460516,0.9815908,0.36899215,0.9524242,0.63416845,0.37771785,0.719585,0.5054658,0.6111811,0.6995868,0.22197129,0.51200664,0.5678062,0.2735224,0.35601673,0.63679713,0.9815908,0.22197129
AATTACACGGTTGGTTGA,0.99724954,0.99616677,0.9983579,0.99797,0.9997406,0.9662068,0.97774976,0.9556119,0.96674854,0.9529966,0.9990692,0.9990223,0.9978766,0.99997145,0.9999321,0.96637726,0.9849432,0.9820407,0.9169311,0.9960875,0.92679524,0.9700956,0.98167056,0.93823504,0.977373,0.9778087,0.99997145,0.9169311
AATTAAGCGGTGTTTCTA,0.9984768,0.9955442,0.99700904,0.996935,0.99763453,0.90195304,0.9766676,0.94666624,0.9600825,0.91193324,0.99665886,0.99881047,0.9960766,0.999981,0.9999618,0.9481844,0.98810804,0.9828553,0.8881429,0.9974493,0.86800164,0.97623885,0.9874388,0.9477701,0.98806316,0.96986574,0.999981,0.86800164
AGGGACGACGAACGAGAT,0.2099325,0.71121335,0.42378083,0.2953234,0.42411727,0.44916913,0.3370491,0.5551226,0.36086622,0.7377086,0.2190906,0.15411763,0.15565854,0.044419896,0.0448177,0.1301414,0.12318841,0.056593064,0.09290336,0.07787952,0.17229801,0.22506198,0.16263561,0.1542835,0.16073658,0.25912434,0.7377086,0.044419896
AATACTGCGGTGTTTTTA,0.9983122,0.99737245,0.99729866,0.9981329,0.99958974,0.9413966,0.97104263,0.96115476,0.9844075,0.9310629,0.9995442,0.99972963,0.9983322,0.9999986,0.99999493,0.9870745,0.9936668,0.9970491,0.9509127,0.9989755,0.9558955,0.9873754,0.99650776,0.967201,0.99694926,0.98435926,0.9999986,0.9310629
GAACGGGGCACCTATAAT,0.97798413,0.9883347,0.79295987,0.94106054,0.85870385,0.8579247,0.8509235,0.8985664,0.8715901,0.86570644,0.82864684,0.84027845,0.23458648,0.6492306,0.360861,0.6519058,0.6714501,0.70197546,0.6258427,0.7809663,0.39552107,0.5747474,0.39911285,0.30593312,0.32844496,0.6901303,0.9883347,0.23458648
AATTACACGGTTGGATGA,0.9987662,0.9973247,0.9983579,0.9983034,0.99971414,0.98073673,0.9859336,0.9662691,0.9620362,0.95831126,0.9977964,0.9979217,0.9954593,0.999885,0.99973106,0.9380527,0.9788046,0.9675823,0.8842213,0.9945127,0.8648252,0.9441835,0.9400498,0.89971334,0.91737044,0.96663445,0.999885,0.8648252
GAGGACTTTCCTGCACTG,0.99450827,0.9808045,0.97876,0.9898057,0.99234635,0.9815821,0.74323785,0.9032422,0.93963253,0.94178617,0.9788342,0.7051357,0.83733344,0.9935838,0.9975658,0.9362898,0.9590921,0.9869477,0.82410544,0.98356676,0.84728754,0.93513334,0.9691519,0.9093288,0.97974235,0.9315522,0.9975658,0.7051357
GAGGTCTTTCCTGCGCTG,0.99391305,0.98883677,0.9866395,0.9898634,0.9953058,0.98611706,0.69190454,0.9040334,0.9666204,0.93634695,0.9987626,0.9781118,0.96977645,0.9999892,0.9999773,0.9739925,0.9865572,0.99800175,0.9424643,0.9967538,0.9476227,0.97822505,0.99667215,0.97023916,0.9984564,0.9670074,0.9999892,0.69190454
ATCCCCATCATCAATATC,0.9987293,0.9985276,0.9216951,0.8559298,0.91843927,0.97825366,0.779944,0.872491,0.9334648,0.82256985,0.94553536,0.9724424,0.7091984,0.7563441,0.7630646,0.719473,0.6142223,0.844295,0.6794492,0.8181856,0.94660157,0.8015514,0.632152,0.856188,0.73020285,0.83475804,0.9987293,0.6142223
GTGGGCGGCTTTGGTGTA,0.995304,0.9776883,0.9723896,0.9907574,0.99799377,0.9223427,0.7387019,0.9635033,0.9567991,0.9078998,0.9995876,0.999745,0.97447824,0.99999946,0.9999966,0.95330423,0.99277055,0.99629503,0.9571864,0.99487424,0.7809158,0.9836749,0.9988269,0.9552389,0.9988729,0.9603659,0.99999946,0.7387019
AGGGGCGCGTGCGGAGGC,0.9961905,0.9858598,0.9835478,0.9884668,0.99822295,0.930712,0.7435376,0.94015783,0.6597957,0.9212684,0.99984,0.99995583,0.93459284,0.9999929,0.9992503,0.9104945,0.97427064,0.978934,0.9246491,0.98450714,0.6610931,0.8399679,0.936908,0.49602854,0.8134373,0.9040672,0.9999929,0.49602854
GGGGTATATCCTGAGCTG,0.7597572,0.6429489,0.96965635,0.85838145,0.45338652,0.705158,0.2370292,0.48504877,0.60513824,0.571173,0.4010361,0.12589535,0.45065966,0.65026575,0.9415811,0.5866455,0.9222521,0.8963488,0.5272227,0.94470966,0.44300783,0.93805057,0.9655655,0.9071976,0.9809471,0.6787625,0.9809471,0.12589535
AGGAACGAAGATAGCGAG,0.33139145,0.39737642,0.44164127,0.25648877,0.3674095,0.31277108,0.20766461,0.41171804,0.3624512,0.64552087,0.32081568,0.41290864,0.3194612,0.21567601,0.26662087,0.26694888,0.2697548,0.05679182,0.07892592,0.40197408,0.17634466,0.18431261,0.16422555,0.1643461,0.14639372,0.28719738,0.64552087,0.05679182
AGGGGAGCGTGCGGAGGC,0.99484354,0.95813876,0.9807483,0.98329175,0.9946835,0.8798631,0.588016,0.8980869,0.5534931,0.87669814,0.9976883,0.99983597,0.90112245,0.99984694,0.99707276,0.77851844,0.9613209,0.9176616,0.7800922,0.9742673,0.40485266,0.7173644,0.8567191,0.40021834,0.6534211,0.8419148,0.99984694,0.40021834
ACGAAGGAACAAACTGTG,0.8554501,0.71309876,0.7891598,0.80979866,0.63190466,0.7448225,0.56618196,0.6510519,0.79568076,0.58534706,0.32665738,0.5730406,0.31601626,0.47140008,0.30557895,0.2788974,0.21971095,0.092741005,0.12260343,0.38384846,0.3013233,0.18248941,0.16855957,0.1678404,0.16951261,0.44890866,0.8554501,0.092741005
TATTACACTAGTGGGCGG,0.9995176,0.99934083,0.99916226,0.9987437,0.9993178,0.9981789,0.97921515,0.98675823,0.98759496,0.962272,0.9974581,0.99584985,0.99581164,0.99977946,0.9997362,0.91865206,0.9153645,0.9715143,0.7736791,0.99142444,0.9299971,0.9607421,0.9739822,0.95393014,0.97987306,0.9707159,0.99977946,0.7736791
GAAGGAATTATCGAGCTG,0.99958664,0.99937123,0.9973822,0.99671423,0.99393106,0.9904323,0.84479797,0.903654,0.9841234,0.96488285,0.61452156,0.71773195,0.84194684,0.85858846,0.9765936,0.7317942,0.8098336,0.5034155,0.39298,0.957462,0.24991459,0.70264214,0.63201207,0.60906655,0.55157506,0.79299814,0.99958664,0.24991459
GGCGCATTCACCGAGCTG,0.99670553,0.9470682,0.9816714,0.94251674,0.8441494,0.9545334,0.3444773,0.70369554,0.849469,0.75998795,0.92661726,0.2811824,0.51778907,0.46664226,0.66614723,0.78855914,0.67272484,0.8921986,0.8295306,0.8086707,0.8271283,0.8286889,0.84273994,0.72813064,0.85039955,0.7700569,0.99670553,0.2811824
GGCGCCTTCACCGAGCTT,0.99665254,0.98828053,0.959597,0.95335275,0.9539257,0.9767577,0.5227449,0.77758414,0.89210427,0.86603165,0.9883954,0.50146306,0.55093485,0.85769117,0.8712884,0.9042711,0.73047936,0.9485047,0.8606428,0.8403455,0.9285159,0.85668427,0.919333,0.8062939,0.9265563,0.8551371,0.99665254,0.50146306
GAGAGAGCGTTGGCTGTA,0.9897814,0.9368179,0.95807356,0.976834,0.9975743,0.84324515,0.87843114,0.96681887,0.92582136,0.7507919,0.99395764,0.9987419,0.9662115,0.99989396,0.9997735,0.9536151,0.9868362,0.9810492,0.81997424,0.9961986,0.5390005,0.89364076,0.95586264,0.6788508,0.9027169,0.9156205,0.99989396,0.5390005
GAGACCAGTCTAGCTGTG,0.9981778,0.9987288,0.9894104,0.99075127,0.9983772,0.981833,0.9236019,0.98146,0.9853282,0.88657355,0.9824057,0.95853555,0.9011624,0.98160064,0.98847234,0.9178506,0.9318556,0.913409,0.6625724,0.97125596,0.7967411,0.85693103,0.852121,0.69428146,0.8005878,0.9177611,0.9987288,0.6625724
AGGGGCGACGAACGAGAT,0.1654021,0.6830136,0.2746249,0.31728122,0.30585065,0.42585367,0.26392475,0.5538469,0.22192013,0.7476559,0.29874948,0.3748406,0.09900952,0.025954144,0.021391185,0.14404425,0.15154198,0.09374219,0.21131986,0.07967933,0.16438684,0.3006091,0.1819139,0.16871397,0.17501803,0.25801158,0.7476559,0.021391185
AGGGTGTATCGTGAGCTG,0.9773418,0.9661284,0.9946842,0.98900944,0.9497079,0.90572363,0.67264193,0.7513243,0.83616143,0.7716133,0.95185846,0.9860077,0.9327866,0.9998591,0.99978805,0.7940569,0.9722486,0.9743638,0.8368267,0.9848957,0.5294664,0.9602476,0.9839186,0.9154013,0.98746127,0.90494096,0.9998591,0.5294664
GTAGAGGGGACATCGTAG,0.92840564,0.9784492,0.9642602,0.9535555,0.8107416,0.8197598,0.9221046,0.5883857,0.9096873,0.90899116,0.44704914,0.96348435,0.34656093,0.7570016,0.7417375,0.46328568,0.51843756,0.6739043,0.4394581,0.66260386,0.21633218,0.6649281,0.6359295,0.5039303,0.62620974,0.6978078,0.9784492,0.21633218
GAGAGAGCGGTGGCTGTA,0.98898137,0.9630955,0.95919245,0.98320806,0.9968631,0.8123188,0.90241754,0.9650701,0.92966604,0.7974026,0.9959028,0.99973905,0.95736074,0.9998898,0.999589,0.93074703,0.9842619,0.9721019,0.83055264,0.9940825,0.46511328,0.78967136,0.91135776,0.4856017,0.756561,0.89482987,0.9998898,0.46511328
GACGACATTCGTGGACGG,0.99931675,0.9989148,0.99650985,0.9977026,0.9994513,0.98982644,0.9036307,0.95257866,0.9836628,0.95069504,0.9972775,0.99365723,0.98123443,0.99956983,0.9993012,0.97628385,0.95472777,0.9547953,0.8970482,0.9930492,0.8469768,0.8885205,0.9038668,0.7481497,0.8414495,0.94992805,0.99956983,0.7481497
GAAGACATTACTGATCTG,0.9831449,0.974125,0.98977906,0.9811984,0.9937401,0.96899253,0.7737326,0.9066542,0.9497591,0.9219651,0.7208057,0.74989545,0.85396385,0.90188897,0.96865755,0.8090027,0.9061644,0.7739341,0.49969876,0.96602815,0.54709995,0.8133873,0.69246227,0.72928524,0.67126393,0.84186524,0.9937401,0.49969876
GACGGCATGCAGGCTCGT,0.99401677,0.9927625,0.8969346,0.98259807,0.996932,0.9555466,0.8128806,0.8975198,0.9373545,0.8543281,0.9938556,0.99106026,0.82589316,0.9955223,0.98998237,0.9574691,0.917466,0.9744594,0.90567374,0.9834609,0.7781618,0.8171592,0.84515965,0.5590093,0.74563056,0.9040335,0.996932,0.5590093
ACGACCGGACAAACCGAG,0.9345821,0.9056267,0.5514356,0.5629167,0.5005983,0.75672615,0.4276846,0.75061804,0.6607926,0.607884,0.6520015,0.86251307,0.3884763,0.63406914,0.3411162,0.51400703,0.30073467,0.15253007,0.26940203,0.32578912,0.596647,0.30677018,0.22165856,0.18887751,0.23003007,0.50573945,0.9345821,0.15253007
AATAACTATCGTGTGCGG,0.9994484,0.99928904,0.99868953,0.9971586,0.9990533,0.9943441,0.96959823,0.9472032,0.9680778,0.9623363,0.99842906,0.99841857,0.9974091,0.99976563,0.9996991,0.97347254,0.97872514,0.9789044,0.8274354,0.9975663,0.9185698,0.9544245,0.9479629,0.9164268,0.92870677,0.9700446,0.99976563,0.8274354
GATACCGTGGTGGCTGTA,0.9980211,0.99865097,0.993076,0.996984,0.9998777,0.9600216,0.9418219,0.9687152,0.9772947,0.9193488,0.99981856,0.9999351,0.9962425,0.99999946,0.9999946,0.9889066,0.990979,0.99701726,0.9447971,0.99925244,0.9186491,0.9653298,0.9915619,0.9152351,0.98658293,0.9779246,0.99999946,0.9152351
TTACACATTATAGATGAG,0.9909698,0.9979043,0.99084336,0.9450569,0.99133646,0.9631069,0.883,0.9346911,0.9084817,0.89062023,0.79793775,0.9294028,0.9513863,0.9447339,0.9848238,0.61092407,0.7443589,0.6245549,0.58753157,0.9521864,0.80365056,0.93283767,0.87116057,0.94427687,0.9310123,0.8842716,0.9979043,0.58753157
AATACAGCGGTGTTTGTA,0.9992702,0.9981413,0.99616474,0.99701035,0.99916154,0.89589405,0.9538136,0.96200866,0.9697747,0.85513407,0.9992596,0.99958926,0.9971146,0.99997586,0.9999315,0.9773574,0.98954993,0.98753,0.91791475,0.9981468,0.90280974,0.9632528,0.9776507,0.89968306,0.965347,0.9680595,0.99997586,0.85513407
GGGCAACGGGCATCGGCT,0.4549227,0.78553075,0.6348621,0.5362516,0.7557397,0.62070006,0.3615269,0.60838574,0.7359411,0.4169765,0.899542,0.943276,0.44654268,0.69911236,0.72044337,0.82357687,0.762038,0.6567362,0.7192834,0.86127955,0.5737174,0.68412656,0.6997364,0.36109224,0.54405147,0.65221566,0.943276,0.36109224
ATCGGCGGCGTCGGCGTA,0.99971306,0.9993419,0.99358016,0.9974431,0.99920195,0.9846598,0.88407207,0.9769196,0.95202494,0.9729205,0.99998456,0.9999805,0.98387885,0.9999984,0.9999296,0.967917,0.9726245,0.993028,0.96684396,0.9930312,0.9455463,0.92364466,0.9800545,0.81479466,0.9580995,0.9703694,0.9999984,0.81479466
TTACGGGGTATACATAAG,0.9258482,0.9926091,0.92691743,0.8558559,0.82244265,0.89413,0.71915394,0.87414044,0.7353284,0.8349419,0.52967256,0.8978272,0.46051705,0.97116315,0.96711075,0.3497729,0.6417086,0.68028456,0.62867004,0.6921536,0.44070107,0.91860145,0.8594207,0.9015744,0.9459727,0.7786607,0.9926091,0.3497729
AGGAACGACGATGGAGAG,0.7374562,0.73490924,0.852142,0.70453715,0.93199426,0.59304035,0.29894945,0.6398778,0.4659453,0.74789596,0.75256777,0.8165233,0.6798614,0.6166212,0.54591715,0.34425685,0.69131047,0.1318176,0.20390652,0.7418496,0.24716213,0.31409985,0.22393247,0.19797288,0.17492115,0.53557867,0.93199426,0.1318176
GACAACATGAAGGGACGT,0.99450356,0.99610937,0.97533476,0.98287606,0.9985961,0.97459406,0.8840085,0.90842766,0.9595692,0.86841667,0.8467936,0.9710281,0.87163365,0.9304642,0.95311695,0.8661092,0.6170115,0.30159724,0.44335753,0.95761937,0.41100898,0.35058722,0.2423013,0.24201512,0.20342967,0.75002044,0.9985961,0.20342967
GACCAGGGGGCATGCTGT,0.9875841,0.9938689,0.98836744,0.9976928,0.999079,0.92433524,0.97015536,0.9495094,0.9735582,0.9661494,0.99836147,0.9999153,0.951305,0.9999464,0.9993889,0.9754163,0.957674,0.969285,0.87964344,0.99128884,0.7549533,0.78942114,0.87310594,0.46409184,0.6866409,0.92162955,0.9999464,0.46409184
GAGGACTATCCTGCGCTG,0.9949071,0.9939116,0.98571104,0.98796636,0.9612908,0.9823782,0.84608287,0.87909096,0.9636511,0.9491056,0.97535527,0.73933095,0.84400994,0.93336505,0.9813152,0.9306248,0.95909506,0.9699349,0.6974629,0.9820627,0.8120943,0.89245504,0.9244848,0.8133431,0.9213707,0.91681594,0.9949071,0.6974629
GGCGCCATCACCGAGCTC,0.9982203,0.99401,0.95969296,0.93639916,0.94403726,0.9875064,0.54538506,0.7752095,0.9129626,0.8387456,0.94844025,0.24778794,0.372642,0.21774279,0.22841273,0.79040134,0.5019667,0.86787397,0.7113674,0.5799613,0.85512185,0.7308731,0.6484383,0.5041179,0.62397707,0.7088517,0.9982203,0.21774279
AGGGACGACGAACGAGAG,0.17393662,0.6193569,0.5087812,0.29836088,0.30282518,0.4374104,0.2859396,0.4542837,0.33434275,0.71589947,0.25965536,0.16784053,0.1679541,0.04783307,0.046235494,0.1301414,0.12318841,0.056593064,0.09290336,0.07787952,0.17247659,0.2133354,0.15794164,0.147895,0.15387322,0.24587531,0.71589947,0.046235494
AGGTAACATAAGCAAAGT,0.23918875,0.2931913,0.56585425,0.08492275,0.16449292,0.39029288,0.23893459,0.62436455,0.05301348,0.16135992,0.20216173,0.13338324,0.17456877,0.04057102,0.07063919,0.15619715,0.10376427,0.044930242,0.08181993,0.16133454,0.21622127,0.28680834,0.17023061,0.3042751,0.19467461,0.2062878,0.62436455,0.04057102
GGCGCCATCACCGACCTC,0.9981864,0.98985416,0.95599276,0.9409308,0.9605914,0.9823309,0.6800846,0.8390966,0.89781886,0.9055711,0.9072021,0.17326057,0.31332693,0.18065399,0.14140962,0.74015594,0.39479005,0.8241127,0.66616213,0.35746545,0.8599226,0.7069252,0.57030165,0.49593565,0.5949802,0.6830825,0.9981864,0.14140962
GGGCAACGGGTCACCATT,0.98476523,0.91228676,0.72739756,0.8236333,0.8146203,0.8715108,0.33489424,0.8409802,0.7806017,0.7564493,0.63787216,0.61712044,0.21141392,0.24527735,0.4112523,0.65609354,0.61259335,0.58778507,0.67683697,0.720947,0.4523613,0.6765381,0.57732725,0.3742366,0.5410657,0.6338345,0.98476523,0.21141392
AGGATGTATCGTGTGCTG,0.9941552,0.9754992,0.9963564,0.98755926,0.9906803,0.9621644,0.772804,0.8003925,0.88819736,0.75758624,0.9848816,0.9923616,0.98997253,0.9999662,0.9999575,0.9062874,0.98940164,0.98683536,0.87421256,0.99725753,0.7482462,0.974125,0.9929096,0.9424441,0.9927486,0.93988013,0.9999662,0.7482462
TATAGCGCTCGTCTGCCG,0.99245,0.9974713,0.9891137,0.98167163,0.983118,0.9842768,0.92501295,0.90816355,0.89661956,0.844174,0.9995988,0.9976902,0.9798474,0.9998257,0.9997778,0.9782505,0.9825612,0.99749565,0.93700284,0.99619895,0.9729067,0.9614432,0.98561764,0.9517751,0.9910707,0.96932524,0.9998257,0.844174
AACCGCATCATCCATAAT,0.9925413,0.99537474,0.7719057,0.65814304,0.86638606,0.95713437,0.74883574,0.8309241,0.77467626,0.8529426,0.95528364,0.97411805,0.66703403,0.80413145,0.6804366,0.9104201,0.7696752,0.8991811,0.74924576,0.89707553,0.89193594,0.69871724,0.43535936,0.6109324,0.47422472,0.79466546,0.99537474,0.43535936
ACCACCCTCACCACCCCC,0.99651104,0.995124,0.8399641,0.701066,0.8648275,0.9719292,0.7096237,0.8466415,0.8043346,0.5752272,0.9951091,0.992991,0.6224505,0.7088604,0.6440207,0.92275107,0.5697457,0.80274403,0.6366318,0.6207028,0.9833498,0.5657458,0.44063547,0.537638,0.49551332,0.75376564,0.99651104,0.44063547
AACCGCATCATCCATATT,0.99262273,0.9964792,0.87701553,0.82415706,0.92961955,0.9747058,0.7556639,0.8913621,0.86768526,0.80801,0.9683373,0.98135525,0.74674106,0.8430186,0.8156832,0.9257885,0.8184175,0.924318,0.773829,0.9159167,0.9180683,0.76656383,0.522347,0.68765783,0.55993676,0.84341204,0.9964792,0.522347
AGGCAGCGTAAGAATACT,0.40329173,0.45303816,0.32232642,0.24167784,0.23495853,0.7806436,0.17286456,0.6269696,0.3889239,0.25736588,0.17766432,0.22198099,0.16412078,0.1640373,0.15126592,0.2977126,0.26625296,0.09809716,0.37460935,0.37837416,0.21187747,0.40266165,0.2335745,0.2772044,0.23033303,0.3012731,0.7806436,0.09809716
AGGAACGAAAAACGAGAT,0.06335859,0.4335597,0.27046928,0.05294449,0.39466724,0.2882171,0.13413927,0.45534626,0.20403685,0.52116656,0.20443086,0.18512404,0.1600159,0.10830354,0.09147935,0.12068089,0.09973014,0.029229442,0.04575624,0.1086185,0.13670059,0.09056336,0.099427715,0.107821636,0.10281003,0.1803439,0.52116656,0.029229442
GGCGCAATCATCGAGATT,0.99841475,0.9893334,0.97589153,0.9487773,0.9553702,0.9665055,0.48986354,0.7574515,0.9048542,0.8026389,0.5155025,0.1458775,0.39784423,0.15894245,0.3573036,0.6369807,0.60250014,0.6253348,0.6759988,0.68562424,0.5536816,0.7304,0.652638,0.57112795,0.6103513,0.6683684,0.99841475,0.1458775
GGGGCATACACTGAGCTG,0.8970739,0.4458643,0.94977653,0.8388414,0.29618195,0.8280622,0.24317217,0.5679886,0.7288965,0.522879,0.28620481,0.038229212,0.20314923,0.016644975,0.077374704,0.3240579,0.5279832,0.48469314,0.40699717,0.57080275,0.37088054,0.73849416,0.6820179,0.5413275,0.68527293,0.49091464,0.94977653,0.016644975
ATAGAGTGGACATCGTCG,0.8711831,0.9845766,0.98913336,0.9482252,0.88411796,0.81892735,0.941825,0.62738,0.8955764,0.902894,0.81462383,0.97601634,0.84069943,0.97927886,0.9788603,0.7450432,0.84518737,0.9405011,0.6118605,0.9591035,0.49174857,0.83919805,0.7749295,0.74582475,0.7657604,0.8468988,0.98913336,0.49174857
AGGAGCGACGATAGCGAG,0.45755336,0.4960558,0.34065795,0.3734539,0.2942987,0.3988587,0.20598285,0.46609962,0.31169185,0.6538602,0.6287768,0.63868237,0.31866476,0.23391773,0.21339501,0.30722132,0.4800511,0.11913932,0.273688,0.39151,0.25318226,0.3873718,0.28340283,0.22153135,0.21089129,0.3583975,0.6538602,0.11913932
GGGCAACGGGTGTCTGCT,0.920345,0.92543733,0.88664085,0.79062533,0.9598991,0.7191898,0.48937228,0.8181114,0.8145365,0.5418439,0.98463833,0.9975073,0.89413154,0.9995187,0.99917525,0.92078865,0.9687012,0.9549301,0.8589125,0.9896908,0.7045453,0.90251994,0.9686511,0.7047027,0.940324,0.8661896,0.9995187,0.48937228
GACTACATTAATGGACGG,0.99790955,0.9974103,0.99396855,0.9949979,0.9990204,0.9901517,0.9001021,0.9511711,0.9657433,0.9128036,0.8955354,0.9376414,0.9522041,0.9826732,0.99207675,0.91273266,0.8512783,0.7401466,0.6857928,0.97780836,0.7123011,0.8672586,0.7792374,0.8285293,0.7585063,0.90308005,0.9990204,0.6857928
AGGGCCGAAGGACGAGAT,0.3073385,0.86425006,0.7402858,0.59148693,0.55838764,0.28257987,0.32931143,0.6127301,0.4174521,0.6927183,0.50370616,0.77945155,0.26743442,0.2180503,0.109638155,0.33591425,0.21060212,0.15375909,0.28466502,0.2877788,0.23287597,0.30763823,0.21753998,0.17821352,0.1809861,0.38659176,0.86425006,0.109638155
GAGGCATTTCCTGCGCTG,0.99850166,0.9928264,0.9924858,0.9946408,0.98957586,0.9864624,0.573736,0.83657426,0.9765217,0.91162825,0.9965942,0.95052093,0.95231104,0.999543,0.99967194,0.9673235,0.98073006,0.99276346,0.9263069,0.9955106,0.9069408,0.95065033,0.9855261,0.9243924,0.9884833,0.9508089,0.99967194,0.573736
AGGGCCTAGGGACGACGT,0.71488136,0.9732485,0.95617867,0.95066416,0.8384536,0.5070959,0.7719147,0.73124415,0.68092364,0.7750621,0.9420318,0.9869284,0.67744416,0.98850876,0.9257984,0.58712727,0.4811966,0.43888447,0.45741144,0.55766505,0.5306035,0.6854118,0.6643286,0.391604,0.52309185,0.70950806,0.98850876,0.391604
AGGGGCGGCGGCGGAGAA,0.9764822,0.9736953,0.9284614,0.95979786,0.9733153,0.8060667,0.5233873,0.9110514,0.6252766,0.9010887,0.9996037,0.9999631,0.7296265,0.9999606,0.9865279,0.7976632,0.9206547,0.93119895,0.89083517,0.94436634,0.43711826,0.65204024,0.76842964,0.27290544,0.47773075,0.8154898,0.9999631,0.27290544
AAGAACTATCGTGGGCGG,0.9977296,0.9985131,0.99736583,0.99504054,0.9970686,0.98580754,0.93671185,0.9563428,0.97266346,0.96212965,0.99836624,0.9983779,0.9952658,0.99968517,0.9993979,0.9559399,0.9577893,0.9240002,0.71460557,0.99331486,0.8327583,0.8769839,0.84923244,0.6942097,0.6716758,0.930439,0.99968517,0.6716758
GAGGTATTTCCTGCGCTG,0.9925932,0.969898,0.9898503,0.98589534,0.9823318,0.9728585,0.55785275,0.83698606,0.95571154,0.90288454,0.98955584,0.92776155,0.95965225,0.9997947,0.99992317,0.9543503,0.9826983,0.9930437,0.89437526,0.99566025,0.859224,0.97366685,0.993817,0.9618054,0.99678636,0.945159,0.99992317,0.55785275
GAGGGCGCAGTTGCTGTA,0.99383473,0.97393876,0.93826455,0.9907899,0.9969027,0.9145173,0.827808,0.96986514,0.96387756,0.9172793,0.99322385,0.9949862,0.84318876,0.9995528,0.9972374,0.9219642,0.9777942,0.98530036,0.927465,0.986676,0.6085809,0.9060237,0.9681987,0.7161555,0.94266295,0.9302436,0.9995528,0.6085809
GAGGACAGTCTTGCTGTG,0.9991515,0.9965127,0.98908836,0.99373513,0.99830604,0.9839306,0.9047869,0.9741369,0.9832443,0.93840575,0.986425,0.95469695,0.9485544,0.9983456,0.9985738,0.9334015,0.9826529,0.97994924,0.8555238,0.98965234,0.74023896,0.9336523,0.9724793,0.84022146,0.9630608,0.953549,0.9991515,0.74023896
GAGAGTGCGTTTGCTGTA,0.9968383,0.9522627,0.9724882,0.99356914,0.9996261,0.9385382,0.8546456,0.9662389,0.95568603,0.90877795,0.996617,0.99890584,0.98361206,0.99999696,0.99999183,0.9761938,0.9955691,0.99666786,0.9444212,0.9983679,0.73766977,0.97516084,0.9957025,0.93382645,0.9955175,0.96267563,0.99999696,0.73766977
TTACGGGGTATCGATAAG,0.9979695,0.9987498,0.9871592,0.9897185,0.99300903,0.97313875,0.83509696,0.9411891,0.92462057,0.9379911,0.9525445,0.99365723,0.84340847,0.99968886,0.9990304,0.59639984,0.90551406,0.92326564,0.8262315,0.91628796,0.6188029,0.94437975,0.9473252,0.9220162,0.97508377,0.9176912,0.99968886,0.59639984
AGGCAACGGAACCAAAGT,0.65473044,0.56503034,0.5148487,0.20063092,0.2759351,0.5691308,0.095422335,0.54026514,0.1103175,0.25870186,0.20935231,0.22825423,0.19269037,0.16385779,0.06914886,0.26590407,0.120449625,0.07839118,0.12306003,0.11824813,0.28056163,0.2057905,0.15774731,0.15112267,0.17217068,0.25287047,0.65473044,0.06914886
GATACCGTGGTGGCTCTA,0.9985481,0.9993043,0.995429,0.99745524,0.9998462,0.9768532,0.958988,0.96971714,0.9863956,0.9263148,0.99969614,0.9998873,0.9930077,0.999999,0.9999916,0.9877969,0.9890997,0.99681395,0.9449123,0.99888647,0.9183925,0.96034956,0.9881539,0.91169715,0.98513824,0.97930694,0.999999,0.91169715
CCCCCCCCCCCCGCGCCC,0.9996537,0.9997964,0.9234847,0.9065579,0.9555195,0.9954915,0.8015116,0.8065537,0.83824825,0.78294283,0.9999953,0.9992015,0.6487935,0.6586649,0.7349917,0.9848168,0.67950976,0.9261393,0.7443855,0.8020838,0.9988657,0.57537085,0.5387921,0.57343847,0.5862969,0.8184442,0.9999953,0.5387921
TTAAACATTATAGATGAG,0.97510856,0.9948196,0.9916938,0.8956984,0.9912408,0.9413417,0.8644412,0.9242753,0.8564698,0.80469704,0.6316963,0.87435097,0.9411645,0.8523419,0.9689544,0.44692287,0.6734195,0.45157385,0.3570381,0.9433203,0.62897193,0.9127236,0.7587616,0.929292,0.84788615,0.81832826,0.9948196,0.3570381
AGGAACGAAAAACGACAT,0.11697124,0.61272025,0.2717161,0.10254599,0.3352645,0.383791,0.15939003,0.49095905,0.26577327,0.4778868,0.18868563,0.16606288,0.1298261,0.10341916,0.08915257,0.11634902,0.10610801,0.028478732,0.046533775,0.09093238,0.15018897,0.09820896,0.09945294,0.10991091,0.11001914,0.19401388,0.61272025,0.028478732
AAGACAGCGGTGTTTGTA,0.9982139,0.99189156,0.9875216,0.99086595,0.9968162,0.83541477,0.91604584,0.9542088,0.9686855,0.79170173,0.9986948,0.9993295,0.993623,0.99994177,0.99981236,0.96772707,0.98695666,0.9727335,0.8953602,0.9969174,0.815169,0.93165034,0.9555819,0.7432452,0.9012162,0.94357294,0.99994177,0.7432452
ACCGCCTTCACCGCCCCC,0.9994539,0.99839526,0.9714133,0.97729117,0.98614,0.99376297,0.8472372,0.90245324,0.92818683,0.8743664,0.99947387,0.99419343,0.7465132,0.81436926,0.94727075,0.98140824,0.8142116,0.96681195,0.8833747,0.93526626,0.9913411,0.7694981,0.73408353,0.7514775,0.7686773,0.9030669,0.99947387,0.73408353
ATACAGGGTATATCTGAG,0.99877584,0.9994658,0.9963502,0.9915383,0.9917521,0.9522335,0.9616333,0.9469063,0.96146345,0.94655484,0.9512596,0.99147797,0.9649229,0.99839884,0.99756914,0.78108037,0.95202184,0.9297518,0.73919296,0.98176444,0.6347679,0.9107752,0.8875891,0.86221707,0.8760999,0.9282226,0.9994658,0.6347679
GACCTGGGCACATGTTGT,0.96600705,0.98332727,0.9800109,0.99069834,0.9983034,0.88150096,0.89556295,0.95742923,0.97102195,0.8881613,0.98956513,0.9920277,0.89013845,0.9987311,0.9948619,0.95024776,0.9194533,0.9776937,0.88574827,0.9843188,0.86530715,0.90119475,0.9424355,0.7975017,0.9219337,0.94092745,0.9987311,0.7975017
TATTAAGCGGGGTTTTTA,0.9763134,0.9647301,0.9961486,0.9946902,0.9937714,0.771123,0.9504012,0.9419985,0.945117,0.84203506,0.99498713,0.99943054,0.9967981,0.9999935,0.99998754,0.9249727,0.972155,0.97632986,0.8786415,0.99511284,0.87702715,0.985061,0.99589044,0.97113633,0.9971355,0.9576395,0.9999935,0.771123
AAAAACATTATAGCTGTG,0.99597377,0.9983741,0.99680513,0.9859562,0.9990522,0.98621947,0.9390028,0.9780508,0.9485067,0.9162277,0.94933146,0.990232,0.9793494,0.98136085,0.9859797,0.81643146,0.86154735,0.5899411,0.3388428,0.9800627,0.66777456,0.74262106,0.38944754,0.6474037,0.33204743,0.8398615,0.9990522,0.33204743
TATAAAGCGGTGTTTTTA,0.98938453,0.9894927,0.9951875,0.9930186,0.9975535,0.9132997,0.95332545,0.9580384,0.95580864,0.8490976,0.9882819,0.99767274,0.99530274,0.99994105,0.9999251,0.9503547,0.983723,0.9690066,0.8414871,0.99731314,0.84676236,0.9809025,0.990519,0.9603147,0.99335825,0.9635628,0.99994105,0.8414871
GGAGCAATCACCGAGCTG,0.99728245,0.97941005,0.98172873,0.9418942,0.88979214,0.9644282,0.5148665,0.72305125,0.91622484,0.7845564,0.48316407,0.14457278,0.30228043,0.09844382,0.14117289,0.5685705,0.30515826,0.40129742,0.32766527,0.54098046,0.44693422,0.5186744,0.310925,0.32581088,0.32074457,0.55718523,0.99728245,0.09844382
TATAACACTCGTGTGCGG,0.9997878,0.9995056,0.998385,0.99799865,0.99950284,0.9976788,0.9731698,0.9820559,0.9793489,0.9447094,0.99877,0.9965049,0.99360883,0.99874824,0.9991507,0.9719761,0.9616857,0.98578435,0.86699325,0.99556327,0.9519554,0.9510626,0.95506275,0.93594944,0.96335834,0.9759326,0.9997878,0.86699325
TATTAAGCGGGTGGTTTA,0.9341754,0.9050711,0.99742967,0.99578434,0.99915725,0.89541394,0.918246,0.9445617,0.93528765,0.914578,0.9980835,0.9997499,0.99793035,0.9999972,0.99999195,0.93766475,0.9814093,0.98538196,0.8827991,0.9974174,0.8745314,0.9805,0.99407667,0.96055543,0.9943481,0.96096563,0.9999972,0.8745314
AACACCGGCGTGACTGTA,0.9971825,0.9976035,0.9671748,0.95822465,0.9970161,0.89928997,0.914805,0.95955056,0.96036536,0.60592544,0.9996644,0.9995963,0.97280467,0.99806005,0.99705243,0.98534465,0.96541005,0.97599614,0.9110154,0.9942482,0.9247684,0.81417674,0.73234737,0.516077,0.5428797,0.9034631,0.9996644,0.516077
GGCGCCATCATCGAGCTC,0.9997332,0.9991362,0.9857384,0.98615503,0.988389,0.99207157,0.77412647,0.83269155,0.95882285,0.9094847,0.95771694,0.41358232,0.5383264,0.6755279,0.7829652,0.8676442,0.7894842,0.93649846,0.83044285,0.8072513,0.8519057,0.81291527,0.832947,0.68435764,0.8162438,0.8409664,0.9997332,0.41358232
GAGGCCATTCATGCTGTG,0.9981044,0.99187845,0.96593475,0.99270445,0.99714696,0.9753756,0.74215204,0.9214844,0.9616558,0.89814496,0.98339164,0.817336,0.89098984,0.99110633,0.99325037,0.9504672,0.9677621,0.99063295,0.89884317,0.9916359,0.8416686,0.9235013,0.9641699,0.8717821,0.9611229,0.93928987,0.9981044,0.74215204
CCCCCCTACCCCGCGCCC,0.9992926,0.9997618,0.9495143,0.9289285,0.9409798,0.99492383,0.8138876,0.7228567,0.9040618,0.8317257,0.99991685,0.9987119,0.7164115,0.7198345,0.85114545,0.9768134,0.6738989,0.9012088,0.7136233,0.8526318,0.99739516,0.6538278,0.62150085,0.66116506,0.6405445,0.8425825,0.99991685,0.62150085
AAAGACATTATTGCTGTG,0.99897814,0.9984914,0.99727273,0.9944559,0.9993376,0.9906733,0.9194278,0.9685511,0.9658758,0.94408935,0.98579293,0.9929915,0.9923938,0.998659,0.9987745,0.93165195,0.97446626,0.9399402,0.71436787,0.99431187,0.79792684,0.93686914,0.8945765,0.8669413,0.86410236,0.94643676,0.9993376,0.71436787
TTACGGGGTACACCTAAT,0.86693746,0.98373985,0.85020477,0.6694732,0.85261166,0.903883,0.8303,0.90365237,0.76256907,0.8230002,0.7022287,0.9115464,0.29456595,0.85541785,0.7937466,0.4104918,0.5093242,0.7824494,0.6520342,0.57459223,0.6499132,0.9008289,0.8228667,0.8675305,0.93148834,0.7642158,0.98373985,0.29456595
AATACCACGGTGTTTCTA,0.99957675,0.99962384,0.9962502,0.9976382,0.99885523,0.9717867,0.98809886,0.9622798,0.9857778,0.919342,0.99896693,0.9988017,0.9917498,0.9995807,0.99961215,0.98295724,0.9731334,0.98230994,0.8792768,0.9938215,0.9455351,0.9464885,0.9480816,0.9015673,0.95126414,0.972495,0.99962384,0.8792768
AGGGTATACCCTGAGCTG,0.56741714,0.41884133,0.9479876,0.6347511,0.24418315,0.7262793,0.2537006,0.48479584,0.39554164,0.3476209,0.7589095,0.184329,0.5455452,0.28527603,0.5989345,0.5409123,0.80310285,0.6671378,0.3692964,0.7961483,0.6280582,0.8755818,0.8542499,0.79824626,0.88316524,0.5844005,0.9479876,0.184329
GAGGTATTTACTGCGCTG,0.9891959,0.9338004,0.99003136,0.9796744,0.9726101,0.9747422,0.5451334,0.85201806,0.9609531,0.89781207,0.91152763,0.803343,0.94281733,0.99813193,0.9997431,0.8806381,0.9624617,0.96954393,0.7859277,0.98825645,0.68499464,0.9695603,0.98803115,0.95183563,0.9936801,0.9170586,0.9997431,0.5451334
ACCGCCATCACCGACCTC,0.99952286,0.9979308,0.9748869,0.98545516,0.98304373,0.99355906,0.850278,0.90006655,0.9481991,0.9036362,0.9934764,0.9824977,0.63742757,0.7075956,0.6827359,0.894601,0.59676254,0.8797047,0.7204904,0.7075429,0.9644877,0.64990795,0.47543675,0.52642787,0.5123618,0.8187214,0.99952286,0.47543675
AGGCAGCGTAAGTCTACT,0.9315008,0.9576198,0.8566483,0.7631058,0.77115834,0.9277363,0.52196574,0.8648176,0.67147124,0.5361375,0.64428973,0.72903174,0.46943417,0.8324455,0.8231541,0.67751765,0.80441886,0.610868,0.73682016,0.8323476,0.4872548,0.75181526,0.7049847,0.55455196,0.6422936,0.7241356,0.9576198,0.46943417
GAGCAATGGGCATGCATT,0.92099065,0.91563,0.9509276,0.97974855,0.96328986,0.8422522,0.7727867,0.8927081,0.94227093,0.9223202,0.8171963,0.97376454,0.760657,0.9881137,0.98790306,0.93075037,0.9479928,0.946956,0.7964794,0.98890626,0.4401164,0.73760796,0.71722907,0.5154306,0.5961436,0.849927,0.98890626,0.4401164
AGACAGGGTAAGTCTGCG,0.993125,0.99593055,0.97669786,0.9695458,0.9734224,0.91796374,0.7924965,0.83358556,0.88620716,0.8187106,0.9293252,0.99269193,0.92115504,0.99663997,0.9920664,0.84514326,0.906986,0.81163913,0.7062907,0.9730065,0.45368263,0.7117198,0.7132496,0.5026561,0.54491264,0.84635407,0.99663997,0.45368263
AGCCCCATCATCGATATT,0.99822414,0.9968947,0.9493253,0.922988,0.9878865,0.9853282,0.6756654,0.90619576,0.89918905,0.84377396,0.9801451,0.9686091,0.7826682,0.81274205,0.88912266,0.80866194,0.8134054,0.8868784,0.7419032,0.7634661,0.9421529,0.80153435,0.70705587,0.7449486,0.69986236,0.86034507,0.99822414,0.6756654
ATCACCATCACCATCCTC,0.99936384,0.9965833,0.95966023,0.90084445,0.948924,0.9843823,0.88973546,0.8785338,0.9408749,0.7394784,0.96635973,0.9763182,0.68195856,0.715991,0.6840176,0.8115051,0.56888056,0.8385624,0.60247123,0.7639177,0.95721227,0.7444841,0.5068331,0.7812463,0.62289363,0.81844133,0.99936384,0.5068331
TATTATGCTAGGGGATGG,0.9986556,0.99469405,0.9992535,0.9990079,0.99971163,0.990655,0.9700718,0.9880283,0.9448722,0.9466693,0.9964486,0.99842453,0.99770415,0.9999936,0.9999848,0.89245504,0.9636234,0.9921759,0.8546377,0.9967683,0.8734802,0.9781003,0.9893521,0.9689259,0.99367136,0.9730946,0.9999936,0.8546377
GCCGCCTTCCCCGAGCCG,0.9985957,0.9983359,0.9699285,0.98010814,0.94803065,0.98759544,0.6330717,0.6536023,0.9391802,0.856106,0.9998467,0.9817251,0.7679445,0.92701787,0.9795647,0.98365414,0.8504769,0.97792655,0.88689804,0.94733775,0.9898864,0.8189542,0.9128552,0.8050894,0.90475774,0.9079397,0.9998467,0.6330717
AGGGGCGGCGACGGAGAA,0.9627763,0.9618995,0.8018383,0.9096644,0.9222705,0.86344343,0.3193746,0.8380173,0.52495754,0.85344267,0.99111795,0.9990798,0.31561932,0.9949803,0.6470555,0.54754317,0.7565464,0.7110824,0.705609,0.6102778,0.2994458,0.5051624,0.5162254,0.2138065,0.29644653,0.68270737,0.9990798,0.2138065
AAGATCTATCGTGTGCCG,0.9908075,0.9922531,0.99382067,0.9704787,0.9925471,0.976887,0.8944825,0.87848675,0.95911014,0.8769548,0.99753845,0.99670625,0.9944316,0.99988836,0.9998467,0.9655702,0.984663,0.99051213,0.88366383,0.99788684,0.92371094,0.9596495,0.9731283,0.92533123,0.97181696,0.963607,0.99988836,0.8769548
GAGGCCATTCATGCTGGG,0.998572,0.99686897,0.98160696,0.9949614,0.9985587,0.9724714,0.75830007,0.9400091,0.9606382,0.9072449,0.9904971,0.89172345,0.91647017,0.99397635,0.9937409,0.95875907,0.9665427,0.9907177,0.8996554,0.9919598,0.84064955,0.91419023,0.95830005,0.8498008,0.9466934,0.9445163,0.998572,0.75830007
AATTAAGCGGTGGGTTTA,0.97852653,0.9749821,0.99715644,0.995833,0.9992788,0.92969996,0.9620722,0.95109767,0.9535429,0.91943777,0.9991118,0.9997833,0.9983541,0.9999966,0.99998254,0.94972265,0.9856646,0.98024285,0.8821423,0.99775684,0.83396655,0.96654713,0.9838791,0.908572,0.9657297,0.96452314,0.9999966,0.83396655
GACAGCGGCGTGACTGTA,0.99114865,0.99045295,0.9145846,0.9426169,0.99231094,0.7735646,0.9192158,0.94947225,0.9184925,0.60694987,0.9987238,0.99933463,0.9320944,0.9997002,0.9984022,0.9698947,0.9746603,0.97955555,0.9309904,0.9931723,0.777115,0.83375394,0.8771067,0.5335392,0.7412217,0.901523,0.9997002,0.5335392
AAGACCGGCCAGACCGTA,0.98519063,0.99061996,0.76983786,0.87412894,0.9407535,0.8344864,0.8075528,0.926678,0.8663146,0.57933164,0.99120986,0.97919995,0.5751533,0.7849633,0.6174394,0.87231714,0.57967275,0.6290984,0.4952438,0.81875396,0.7498664,0.45363617,0.30214304,0.23934844,0.2834357,0.7178551,0.99120986,0.23934844
AATAGTGCGTTGTTTGTA,0.99893194,0.9920945,0.99317783,0.9971849,0.9996212,0.9277305,0.9279256,0.96635073,0.9546607,0.8967531,0.9993038,0.99964166,0.9987725,0.9999997,0.9999985,0.9833109,0.9957147,0.99819833,0.9434897,0.9994072,0.9190814,0.99192905,0.99828887,0.97607595,0.998698,0.97825354,0.9999997,0.8967531
GACGCCAGGCAGGCAGGT,0.99761444,0.9964068,0.9334598,0.9880741,0.99832827,0.96414626,0.87671506,0.94351363,0.9577546,0.8834208,0.9975463,0.9959308,0.78963566,0.97695035,0.94239646,0.94534945,0.6935932,0.88444674,0.85722935,0.9547503,0.7613038,0.5528914,0.48731798,0.2657628,0.30009922,0.8377854,0.99832827,0.2657628
AGGCTGCGTAAGCCAACT,0.78447354,0.90305644,0.72075367,0.41651505,0.7379374,0.8884674,0.21747302,0.8290516,0.33625677,0.45216167,0.6382346,0.5753023,0.23080845,0.6243194,0.4984458,0.71732605,0.62663156,0.7117739,0.7592682,0.770746,0.52410966,0.7753748,0.5918302,0.5716289,0.6645123,0.6226584,0.90305644,0.21747302
AGGGACTAGAAACGAAGT,0.11423222,0.4607161,0.6963929,0.33139148,0.24453127,0.5042745,0.4210411,0.53942573,0.25960457,0.5784011,0.15492083,0.081879295,0.1436344,0.0262679,0.04277543,0.1135693,0.076813035,0.043703113,0.051447775,0.06878453,0.14080787,0.2161922,0.14752056,0.19045019,0.15974602,0.23234096,0.6963929,0.0262679
AGGGGCGACGGCGGAGAA,0.9482755,0.9697696,0.911704,0.9412251,0.9424519,0.7034122,0.56542313,0.8738603,0.563171,0.89635956,0.99274933,0.99874526,0.52489245,0.9901683,0.7236847,0.5393953,0.7576648,0.63637954,0.7481864,0.7802823,0.33659595,0.50108236,0.5346945,0.215546,0.28480878,0.71522105,0.99874526,0.215546
AGACAACGGGCATCGGCT,0.77508223,0.9625583,0.8608574,0.70459706,0.9251077,0.81778646,0.6463425,0.6760323,0.65542054,0.48496687,0.98255354,0.99433154,0.85875463,0.94349676,0.9499959,0.9210085,0.85476774,0.6655739,0.73404986,0.94813067,0.7034955,0.549537,0.38005197,0.28500125,0.29388258,0.74293536,0.99433154,0.28500125
AGGAACGAACATCCAGCG,0.09559778,0.3282302,0.26636118,0.02931496,0.39065132,0.37746683,0.19196704,0.34632966,0.23487215,0.25728822,0.33548027,0.30371535,0.26938784,0.2274185,0.17823206,0.31829494,0.21685417,0.10742472,0.09851613,0.24059536,0.36797142,0.26731324,0.20329086,0.20288189,0.21726373,0.24290876,0.39065132,0.02931496
AATTAAGCGGGTGGTTGA,0.9721703,0.95856184,0.9985931,0.9973531,0.99961036,0.86244434,0.95118076,0.9265814,0.91855097,0.8960254,0.9993215,0.999866,0.9985944,0.99999696,0.9999791,0.9531232,0.9872396,0.97877353,0.8714663,0.99785244,0.8238202,0.95869803,0.9795142,0.88584894,0.94715494,0.95449287,0.99999696,0.8238202
AGGAGCGACGATGGCGAA,0.7306541,0.801002,0.73910886,0.79820174,0.92022926,0.58089393,0.32914886,0.70290667,0.34732267,0.7994578,0.93159187,0.9548076,0.6053488,0.8587566,0.72845984,0.53823966,0.85985446,0.48066905,0.5316893,0.7930564,0.3377124,0.48444873,0.44335324,0.24956958,0.24878028,0.63181055,0.9548076,0.24878028
TATAACTCTCGTGGGCGG,0.99964297,0.9995633,0.99883395,0.99862665,0.9995931,0.9973294,0.95926017,0.9766162,0.97636616,0.975412,0.9998131,0.99924517,0.99805206,0.99997205,0.9999537,0.9806662,0.97672755,0.9959618,0.9213496,0.99738914,0.97680014,0.96952116,0.98674583,0.96030277,0.98855555,0.9852921,0.99997205,0.9213496
AATAACAATCGTGGACGG,0.9985425,0.99941313,0.99794775,0.99666727,0.9991344,0.9887929,0.95464855,0.974557,0.961843,0.950798,0.988215,0.99298596,0.9851946,0.98773164,0.990361,0.88732105,0.9228151,0.6142065,0.547512,0.9841064,0.69837093,0.7230085,0.43353817,0.60572153,0.32742175,0.8604343,0.99941313,0.32742175
AATAAAGCGGTGTTTCTA,0.9982823,0.9970774,0.9965607,0.99570394,0.99815404,0.92980635,0.969046,0.95009285,0.95888364,0.887514,0.9945894,0.9985549,0.99400467,0.99985576,0.99975705,0.9554612,0.9847951,0.9559837,0.8096806,0.99687725,0.7666281,0.945447,0.94188136,0.86213535,0.91876626,0.95222163,0.99985576,0.7666281
GATAACATGATGGGACGA,0.99834234,0.99886835,0.9961065,0.9958999,0.99962884,0.9833024,0.9714448,0.93054116,0.9742721,0.9378616,0.9336606,0.980606,0.9677178,0.9961029,0.996745,0.90159756,0.9377832,0.8714349,0.7019617,0.99254805,0.42658415,0.74931324,0.616972,0.6352847,0.49527225,0.879594,0.99962884,0.42658415
GAGGACATTCCTGCACGG,0.9963823,0.99470925,0.9786434,0.9893637,0.9963189,0.98149925,0.8344944,0.9458897,0.96616876,0.93136674,0.94814205,0.5321786,0.69532263,0.7824194,0.9384397,0.91599244,0.9334151,0.9589879,0.75607216,0.97448486,0.7105883,0.84009296,0.81859696,0.7195447,0.8197558,0.87835497,0.9963823,0.5321786
AGGCTGCGTCAGTCTGCG,0.97381943,0.9845619,0.8794898,0.9258444,0.9650271,0.80419105,0.465539,0.81745434,0.7087917,0.5165078,0.9973575,0.99217564,0.8887704,0.9998102,0.99876654,0.94205666,0.97378045,0.99394816,0.9475922,0.9913379,0.89300174,0.93658054,0.9800349,0.8865064,0.9780793,0.89764106,0.9998102,0.465539
GACCAGGGCACATCGTGT,0.99499047,0.9955011,0.97635967,0.9897703,0.9933619,0.9672703,0.9616093,0.94332594,0.9740645,0.8668051,0.9781537,0.98475784,0.7264938,0.925142,0.8837951,0.9154696,0.7440002,0.8562986,0.778375,0.927133,0.7676975,0.6830088,0.5991248,0.39162758,0.45207852,0.85104865,0.9955011,0.39162758
GACGGCATGCTGGCTCTT,0.99724334,0.9968575,0.9698659,0.98965496,0.9983622,0.9769303,0.92459935,0.9426953,0.97457093,0.87943095,0.9988381,0.9980419,0.9474997,0.99991816,0.9997182,0.98415756,0.9831232,0.9953727,0.94173205,0.99659765,0.8928794,0.9225932,0.97399324,0.8247452,0.9612706,0.96282774,0.99991816,0.8247452
AGGGGCGACGAAGGAGAG,0.5308873,0.73458767,0.7410108,0.79450697,0.7488428,0.6677837,0.27355784,0.6473526,0.42529824,0.7844987,0.5940081,0.8360821,0.17285007,0.26116014,0.06845483,0.17466475,0.2640046,0.112324014,0.21153672,0.18462193,0.15035376,0.25549564,0.20353316,0.1575812,0.14922397,0.40576884,0.8360821,0.06845483
GATTACATGATGGGACGT,0.99879575,0.9986713,0.9964073,0.9973041,0.99967873,0.9893579,0.9759624,0.96049935,0.98356575,0.9532491,0.9622425,0.9870475,0.98238605,0.9994722,0.99965155,0.887115,0.95299685,0.9600964,0.8180343,0.99404246,0.6486869,0.9269694,0.92049825,0.891374,0.91950965,0.9481447,0.99967873,0.6486869
GATACCACGGTGGGTCGA,0.9993411,0.999457,0.9969785,0.99832207,0.9998379,0.97792566,0.9875473,0.9671732,0.98986137,0.95878685,0.99960667,0.99940336,0.99013215,0.99991125,0.9998009,0.9820387,0.95760715,0.97832394,0.89135134,0.9931615,0.89805204,0.8973075,0.93018484,0.7596352,0.8631188,0.9605948,0.99991125,0.7596352
GACCTGGGCACATGCAGT,0.9932211,0.99168545,0.97634786,0.9923185,0.9972327,0.9512527,0.90959597,0.9585166,0.9608725,0.9360548,0.98492527,0.9833915,0.6894998,0.9887943,0.95881814,0.93774253,0.8598021,0.9622468,0.855751,0.9712974,0.7959995,0.80733943,0.75833404,0.5880378,0.70141864,0.9004198,0.9972327,0.5880378
GACGAAGGGGCATCGTTT,0.8682042,0.9643223,0.93990725,0.97776026,0.9648633,0.9027643,0.9119427,0.85793287,0.9451919,0.87523377,0.9330288,0.99760646,0.83462286,0.99592394,0.98909634,0.91138315,0.8774578,0.75277567,0.64416885,0.9608679,0.4862933,0.67987293,0.75269806,0.4003204,0.568188,0.8396972,0.99760646,0.4003204
TTAAACAGTATAGATGAG,0.9835689,0.99588686,0.9917705,0.89347434,0.98934054,0.94589967,0.90602714,0.9458167,0.90105826,0.791579,0.5851024,0.88221,0.8917244,0.7894061,0.9258567,0.3409153,0.5731599,0.29118207,0.26738462,0.89667255,0.4998114,0.8177457,0.5879301,0.8585424,0.66705626,0.76876485,0.99588686,0.26738462
GCCGCCTTCACCGAGCTC,0.99944746,0.9975828,0.97831124,0.9884674,0.9808118,0.9899748,0.6583391,0.8061812,0.94868165,0.90837103,0.998056,0.9545464,0.7258462,0.9037173,0.9602683,0.95787597,0.7936731,0.9707382,0.8865874,0.9200813,0.97644824,0.8255317,0.8884696,0.80172473,0.8882026,0.9083174,0.99944746,0.6583391
GGGCAACGGAACAATATT,0.362577,0.16758017,0.13749376,0.11789216,0.10412713,0.48782828,0.06871545,0.4786759,0.24892196,0.299406,0.08789351,0.032858256,0.08590521,0.010764088,0.019465985,0.16942886,0.10477241,0.063723,0.14215708,0.10804715,0.15034856,0.26929793,0.17743929,0.18950267,0.19746386,0.17129143,0.48782828,0.010764088
AATTACATTAATGGATGG,0.99659634,0.9944651,0.9980154,0.9964507,0.99929667,0.99197036,0.8956142,0.9527775,0.90137535,0.9210943,0.93328875,0.97091544,0.990084,0.9952969,0.9972271,0.8020941,0.9358258,0.8643271,0.70894295,0.991216,0.72751915,0.93913686,0.88143265,0.9293008,0.8789573,0.92772883,0.99929667,0.70894295
AATTACACGGTGGGTCGA,0.9987993,0.99867976,0.9977172,0.99778444,0.9996909,0.97826976,0.98766184,0.96854764,0.98257583,0.9435821,0.9995592,0.9995901,0.99692553,0.99997,0.9999048,0.9636218,0.968412,0.98241895,0.9040773,0.99516875,0.90319157,0.93750626,0.9479074,0.8700958,0.9040355,0.96902764,0.99997,0.8700958
AGGCAGCGTAAGCCAACT,0.8001792,0.8682417,0.65729815,0.3450272,0.5272727,0.9173025,0.33897954,0.8006935,0.37150437,0.42212388,0.4271877,0.43171158,0.2238598,0.2125778,0.16390973,0.56250405,0.40584755,0.2532785,0.55939484,0.55779487,0.3615235,0.48522556,0.26152837,0.27722007,0.2754603,0.4603059,0.9173025,0.16390973
AGGCAGCGGAAGACTACT,0.3675939,0.43740454,0.33041176,0.21174018,0.27949265,0.67907524,0.19690897,0.58674926,0.44520536,0.2978146,0.29012805,0.5906877,0.18426313,0.19448,0.13462238,0.4409542,0.27776527,0.21343409,0.35964897,0.3782896,0.24327058,0.34928334,0.2228065,0.20466109,0.21229511,0.3251595,0.67907524,0.13462238
AAAGACATTATAGATGAG,0.987261,0.9964227,0.9919301,0.9649369,0.9921557,0.96074694,0.89294124,0.9210596,0.8921387,0.9120334,0.79078835,0.9442408,0.9379412,0.95042795,0.9592871,0.5967234,0.7131549,0.34130305,0.26248667,0.9474194,0.45810437,0.613403,0.31857488,0.53876776,0.26003876,0.7657715,0.9964227,0.26003876
ATGACCGGTCTAACTGTG,0.9950633,0.9979331,0.9727804,0.93916845,0.9666725,0.92405397,0.8030258,0.959566,0.93984413,0.6983028,0.98492867,0.97987574,0.8882683,0.9924093,0.9912472,0.84853107,0.89914906,0.94232345,0.8025254,0.93592757,0.8692668,0.9152196,0.92526776,0.8762224,0.93330085,0.919235,0.9979331,0.6983028
GAGCAACGGGTAAGCATT,0.97038084,0.9439289,0.85725427,0.96023875,0.94901115,0.8855714,0.50760835,0.90949154,0.9103348,0.8911914,0.6674883,0.90855664,0.51172507,0.8604539,0.87974983,0.78403944,0.60612667,0.38060975,0.6410848,0.90724,0.29679728,0.47154486,0.33740103,0.27155617,0.252125,0.7024604,0.97038084,0.252125
ATAAAGGGTCAGTCTGCG,0.9949136,0.99839336,0.98807025,0.98434687,0.99262214,0.8918336,0.89146686,0.85495186,0.9013861,0.86058027,0.9859663,0.9968023,0.9719205,0.9986888,0.9980142,0.8799053,0.95047,0.97854966,0.83704984,0.9930376,0.6682083,0.87595457,0.85443187,0.7768206,0.8019784,0.91705465,0.9986888,0.6682083
GAGGTATATCCTGAGCTG,0.95963895,0.9295254,0.98945236,0.971796,0.84122384,0.88370293,0.5537145,0.7124549,0.9077491,0.8371813,0.7306359,0.38000098,0.7851456,0.88096625,0.98401785,0.79649496,0.95173395,0.94161224,0.6079461,0.9785252,0.5494219,0.92751163,0.9414031,0.8943215,0.95792145,0.83576393,0.98945236,0.38000098
GAACGGGGTATCCATAAT,0.99584794,0.99852437,0.9182974,0.97446674,0.9787214,0.9619534,0.84266907,0.946346,0.91422355,0.9437454,0.7794442,0.9563597,0.45918533,0.9783214,0.9570092,0.7424904,0.8498437,0.81399614,0.6857324,0.9298171,0.3215228,0.7378969,0.65338683,0.5432156,0.62358326,0.82026404,0.99852437,0.3215228
ATCGCCATCACCAACCTC,0.9980943,0.9959474,0.94024616,0.8851571,0.7993298,0.9701795,0.8625147,0.82686657,0.9332383,0.79381585,0.9088942,0.89482003,0.47023955,0.6001419,0.3514547,0.65730435,0.29412505,0.79951805,0.62858874,0.3934292,0.9230714,0.6975959,0.4481987,0.68296546,0.56311077,0.7327538,0.9980943,0.29412505
GACGGCAGGCAGGCAGGG,0.993866,0.98641324,0.9034034,0.9808858,0.9946381,0.9466943,0.8322106,0.9116361,0.87561667,0.86727256,0.99606663,0.9977915,0.73824614,0.9894392,0.90283245,0.88227683,0.60947627,0.8432141,0.83931696,0.9447946,0.55952716,0.4956351,0.48302674,0.23021725,0.25138268,0.8022352,0.9977915,0.23021725
AAAGACATTATTGATCTG,0.99806666,0.99814653,0.9972927,0.9938035,0.9984657,0.98823625,0.9107906,0.9429341,0.96580154,0.91870195,0.9423358,0.9802011,0.9825557,0.9946067,0.99673027,0.8500872,0.9570354,0.8313898,0.6132608,0.9820688,0.67337227,0.8961853,0.7650745,0.82978135,0.7409241,0.90991384,0.9984657,0.6132608
GAGGCCATTACTGAGCTG,0.99668723,0.98976207,0.98578084,0.99119145,0.9806127,0.98873657,0.66266996,0.8716643,0.9831586,0.90900135,0.93243974,0.63557035,0.7982837,0.96711063,0.9791892,0.88283724,0.8996286,0.9453434,0.696123,0.96193725,0.69576347,0.8756171,0.8868568,0.76878697,0.87118226,0.8862373,0.99668723,0.63557035
GATAACATGATGGCACGT,0.9984983,0.99896383,0.9923669,0.99250406,0.9995772,0.98650414,0.95656323,0.9641706,0.9760938,0.9312005,0.9010452,0.96794677,0.93172956,0.97992855,0.99232787,0.8989072,0.9147928,0.8748821,0.7186585,0.9892197,0.5177737,0.783329,0.62192637,0.68587404,0.5730027,0.88591146,0.9995772,0.5177737
ATCCGCATCATCAATATC,0.9964932,0.9956273,0.8660574,0.76109135,0.8124854,0.96013397,0.7290952,0.8276873,0.88168013,0.81441975,0.86652243,0.9223878,0.6053635,0.7458806,0.6645385,0.69347376,0.6729766,0.89592344,0.80156964,0.8475734,0.89755416,0.82817626,0.68544537,0.8474676,0.7607262,0.81521416,0.9964932,0.6053635
AGGAAGCGTAAGACAACT,0.6356492,0.61296684,0.39077875,0.25498906,0.31435645,0.80633223,0.28106296,0.6951287,0.35523158,0.25702316,0.1830461,0.15384096,0.12847807,0.08382083,0.1197333,0.19483368,0.17362618,0.06344456,0.17312032,0.30939594,0.15568897,0.22882785,0.15388767,0.18640195,0.16717966,0.28315377,0.80633223,0.06344456
AGGGGCGGCTGCGGAGGC,0.9962034,0.99063057,0.98356616,0.9903441,0.9977676,0.94571984,0.6067064,0.9545016,0.79959106,0.8666766,0.99981356,0.9999581,0.91823566,0.99999315,0.99908805,0.8963752,0.97923905,0.98171014,0.90304005,0.9840696,0.63791317,0.8367021,0.93425727,0.49125963,0.8131346,0.90025985,0.99999315,0.49125963
AGGGCCGAAGAACGAGAG,0.16333133,0.7306883,0.5222377,0.4094505,0.32017642,0.39865127,0.17094532,0.42208213,0.28352946,0.68376887,0.23154245,0.19416584,0.18322226,0.056759648,0.046862304,0.17760113,0.10833387,0.07561567,0.11765076,0.09059953,0.17328136,0.21214476,0.15838927,0.15026554,0.15543157,0.24946915,0.7306883,0.046862304
GAACAATGGGCATCGACT,0.887295,0.9875256,0.9604561,0.9424947,0.95468473,0.89942384,0.90880936,0.8543513,0.95594627,0.8840107,0.9015313,0.98940825,0.84373885,0.9781508,0.98373204,0.92054665,0.90322024,0.82303345,0.68772703,0.9816636,0.50573254,0.6224929,0.43432444,0.3989268,0.32180092,0.821241,0.98940825,0.32180092
AGGGGCGGCTGCGGCGAA,0.9910192,0.9800781,0.95773715,0.97475475,0.98573405,0.8736581,0.5057618,0.93874294,0.735511,0.92413634,0.9998274,0.9999446,0.83831835,0.9999855,0.99815524,0.9161982,0.9820662,0.985444,0.91758734,0.9841818,0.66613835,0.8468997,0.9268782,0.4839371,0.81676614,0.8891784,0.9999855,0.4839371
GACGCCAGGCAGGCTGGT,0.9978534,0.99711615,0.954197,0.98870945,0.9985197,0.9555709,0.8722987,0.9412978,0.95837736,0.8457842,0.99900323,0.9981795,0.89939255,0.9942716,0.9869977,0.972002,0.882164,0.9590788,0.88597184,0.98134714,0.8567491,0.7205113,0.7562013,0.38269633,0.5034242,0.89150846,0.99900323,0.38269633
TATAGTGCGGGGTTTTTA,0.98504597,0.983465,0.99438846,0.9971757,0.9983991,0.84134036,0.9314626,0.96314645,0.9445454,0.9018324,0.9988638,0.9999377,0.9975224,0.9999998,0.99999887,0.96149415,0.98723084,0.9961577,0.9372019,0.99746305,0.8865157,0.98941547,0.99846536,0.97475344,0.99880195,0.97058517,0.9999998,0.84134036
GGGCAACGGGTCACTATT,0.96116906,0.8518266,0.6603509,0.6941174,0.7611223,0.8552686,0.2558206,0.827278,0.73921764,0.6173849,0.5768301,0.62293273,0.25834316,0.45325455,0.5828208,0.6042289,0.72533524,0.65133065,0.6908214,0.79247403,0.45010805,0.7465415,0.7357731,0.47394624,0.6878571,0.6510462,0.96116906,0.2558206
ATCGGCGGCGTTGCTGTA,0.9984971,0.9972756,0.98474705,0.98876226,0.9984817,0.9483176,0.846635,0.96494544,0.927099,0.81542444,0.99995893,0.99995834,0.9901882,0.99999934,0.9999842,0.97485125,0.9914437,0.9966292,0.9691998,0.9976612,0.9470707,0.9636416,0.99422985,0.917981,0.99125737,0.9681696,0.99999934,0.81542444
GTAGAGTGGGCATCGTCT,0.89498365,0.9928984,0.99009544,0.9848312,0.9780647,0.8246734,0.9601131,0.73697627,0.9662639,0.9580172,0.8956026,0.99826163,0.8197595,0.9993974,0.9991354,0.9164377,0.95353323,0.98875237,0.8469281,0.9854655,0.50479025,0.9247564,0.95124376,0.8435501,0.9580762,0.91490424,0.9993974,0.50479025
GGGCAACGGGAGTCTGCT,0.69968486,0.78050315,0.67789185,0.6014653,0.7783543,0.5696478,0.26641375,0.65395755,0.6456377,0.44973916,0.85082686,0.9760911,0.60625046,0.9447169,0.9446038,0.76538676,0.8657313,0.69467986,0.6066131,0.93285567,0.49743447,0.7339155,0.8225574,0.43985224,0.69121224,0.69984084,0.9760911,0.26641375
ATAAAGAGTCCATCTGTG,0.9948065,0.99789184,0.99376804,0.98020655,0.9886343,0.93504095,0.92165685,0.94726455,0.92886114,0.8477145,0.9315277,0.9743333,0.9206462,0.93384427,0.9568539,0.80848384,0.9114524,0.9123179,0.508945,0.97219557,0.71435916,0.8202243,0.67247856,0.77237535,0.6626428,0.8803411,0.99789184,0.508945
GACGACATGGTGGCACGT,0.9992527,0.9988267,0.9894978,0.9953563,0.9996427,0.9816542,0.949629,0.9544475,0.98489547,0.92063916,0.9960113,0.9986456,0.9678002,0.999856,0.99946034,0.9778438,0.95687103,0.96676594,0.90019566,0.99382704,0.733479,0.8335354,0.8368207,0.5787689,0.7165837,0.92921233,0.999856,0.5787689
AGGCAACGTGCGTCTGCT,0.83884376,0.920298,0.8801014,0.6858267,0.910295,0.7925853,0.47080454,0.88234264,0.6553522,0.38773313,0.99409103,0.9933296,0.9300111,0.9973857,0.99660254,0.9517114,0.9742622,0.95148647,0.88417655,0.98950803,0.86789507,0.88657314,0.9231241,0.7036986,0.87789834,0.8538376,0.9973857,0.38773313
AATACAACGGTGTTTCTA,0.9995534,0.9992509,0.99740934,0.9969729,0.9981728,0.9501933,0.97979856,0.9596225,0.9803516,0.8649854,0.9952497,0.9976203,0.9913404,0.9991437,0.9992072,0.96473837,0.96799284,0.9477724,0.8090839,0.9927066,0.8712682,0.93821913,0.90984327,0.87333614,0.904515,0.9555339,0.9995534,0.8090839
AGACAGCGTGCATCTGCT,0.95556873,0.990193,0.9640419,0.9503742,0.98890156,0.9048507,0.8554714,0.925232,0.75304145,0.6828795,0.98807496,0.9941866,0.8954004,0.992045,0.99236125,0.97307646,0.9779795,0.9737514,0.91954345,0.9915602,0.831194,0.84810805,0.827221,0.64208597,0.7553911,0.9029015,0.9941866,0.64208597
TATAGTGCTCGGCTGCCG,0.9977468,0.99814355,0.99317724,0.9928349,0.99272436,0.98764473,0.94118786,0.9424117,0.9234697,0.8499313,0.99958843,0.9992931,0.9890386,0.99999195,0.99996907,0.9772754,0.9895145,0.99847716,0.9427612,0.99806374,0.9576884,0.9728487,0.9910565,0.9595685,0.99468577,0.9755639,0.99999195,0.8499313
TAAACCGGGCTAACTGTG,0.9821652,0.99674535,0.9716046,0.96372014,0.9948293,0.93934447,0.8615422,0.9530233,0.9413414,0.6989701,0.9873267,0.9952697,0.9119133,0.98291904,0.98413575,0.9233783,0.8734695,0.9004728,0.66243404,0.96278626,0.825122,0.8337675,0.71771413,0.70743114,0.6749884,0.8898566,0.99674535,0.66243404
TTACGGATTATAGATGAG,0.9907907,0.99758196,0.99032843,0.9828974,0.99322134,0.9587328,0.8573304,0.9122815,0.92851615,0.9336061,0.6827702,0.889464,0.91881746,0.98364437,0.9965419,0.52432543,0.8584039,0.75332797,0.53506786,0.9525236,0.59495544,0.95122075,0.9384169,0.94840497,0.9724973,0.8818269,0.99758196,0.52432543
GGGCAACGGAACCGCAGT,0.796429,0.7645312,0.6863621,0.5692131,0.5991452,0.7679079,0.10506372,0.63549185,0.26478115,0.6648598,0.28482103,0.1091762,0.19495735,0.026419308,0.042202163,0.5285807,0.21465722,0.16997783,0.25487477,0.2963258,0.30508193,0.3752961,0.22542459,0.19869122,0.2321308,0.37249607,0.796429,0.026419308
GATAACATGGTGGCACGA,0.9988936,0.99915284,0.9946363,0.9959275,0.99975574,0.9806128,0.9785927,0.9555265,0.9781942,0.9329415,0.98560387,0.99616545,0.9747549,0.9994465,0.99912107,0.9539165,0.9574802,0.9611707,0.8577538,0.99610245,0.602088,0.8525332,0.7676475,0.7074086,0.7082945,0.9253489,0.99975574,0.602088
AGGGGAGCCTTCGGCGAA,0.9973221,0.97093606,0.9430622,0.975146,0.97098696,0.85065687,0.54016507,0.9195353,0.63119113,0.91407907,0.99635595,0.9817436,0.69627136,0.9926164,0.9660758,0.78335077,0.93989414,0.9115472,0.78501415,0.9207588,0.62143576,0.8298057,0.8882884,0.5542238,0.816988,0.85589796,0.9973221,0.54016507
AGGGCCTAGGGATGAGGT,0.90197355,0.9795445,0.9843928,0.9864062,0.95781237,0.49246556,0.8366414,0.8447496,0.86279273,0.8499921,0.96910113,0.9964638,0.9188852,0.9995727,0.9954292,0.7508476,0.85066885,0.7819096,0.59677285,0.9227866,0.50340724,0.775329,0.87132233,0.5464999,0.72467315,0.83601755,0.9995727,0.49246556
AGGATGTACCCTGAGCCG,0.42885047,0.70522857,0.9411386,0.71082044,0.73646986,0.85197866,0.28398246,0.56762314,0.42590216,0.28440657,0.9037365,0.5507718,0.63599557,0.72345906,0.87598884,0.74482495,0.8883264,0.8152818,0.4921477,0.93630517,0.69673854,0.8625192,0.822075,0.76353806,0.8452918,0.699736,0.9411386,0.28398246
AGGGCCGACGGATGAGGT,0.9605941,0.990293,0.97643995,0.9853673,0.9762743,0.62797177,0.835497,0.9140394,0.8899534,0.7737151,0.9812342,0.98693144,0.77380407,0.98868495,0.89904255,0.6763693,0.7620257,0.66094834,0.6842357,0.82604766,0.5197024,0.6228903,0.7006315,0.33608064,0.4379693,0.7914698,0.990293,0.33608064
GACCTGGGCTCAAGCTGT,0.9921515,0.99012494,0.9725686,0.99469256,0.9987631,0.93524504,0.89120555,0.9507553,0.97468364,0.93380576,0.99574643,0.9956217,0.84631455,0.9990639,0.9969388,0.9710703,0.9396718,0.98176944,0.89173377,0.98655826,0.87590384,0.88073534,0.9127061,0.76796407,0.89877754,0.9429828,0.9990639,0.76796407
AGGCAGCGTCAGTCTGCG,0.97386354,0.97678256,0.85287714,0.90414906,0.91423595,0.8506144,0.5459099,0.7375652,0.6978796,0.5485134,0.99235487,0.97853094,0.8323119,0.9934922,0.9850516,0.90131366,0.9525615,0.96959084,0.91868216,0.9799955,0.8155391,0.86491466,0.9070781,0.6763229,0.8547154,0.86499375,0.9934922,0.5459099
GAGACCGCGGTGTCTGTA,0.99804837,0.9981299,0.9821142,0.9930395,0.99855036,0.87044024,0.9537683,0.9691593,0.9838533,0.8602067,0.9995472,0.9993774,0.9736386,0.9999365,0.99977326,0.98224944,0.98570424,0.9904522,0.94161886,0.99543345,0.8804524,0.9154567,0.96986145,0.7416223,0.9368841,0.9567727,0.9999365,0.7416223
ATCACCATCACCACCCTC,0.9988219,0.99855536,0.96064246,0.8591195,0.93463224,0.9772913,0.86512554,0.8967389,0.94267595,0.6588036,0.96646273,0.97721386,0.63597584,0.69138074,0.6094873,0.832869,0.41898695,0.7576427,0.559538,0.64692026,0.95560104,0.66973543,0.4512316,0.6932383,0.5516255,0.7804127,0.9988219,0.41898695
GACCTGGTCATCAGCAGT,0.9995679,0.99818045,0.98288494,0.9965101,0.9987569,0.979891,0.8216784,0.92973,0.97386354,0.95941865,0.9875374,0.97827244,0.83582425,0.99556816,0.99397904,0.9483046,0.89120257,0.9813391,0.8752375,0.9855261,0.8643974,0.88203746,0.88534087,0.8246834,0.9027353,0.9388988,0.9995679,0.8216784
GAGAGCGCGGTTGCTGTA,0.9936054,0.9858201,0.96705943,0.9898928,0.99907196,0.89841354,0.917309,0.96028024,0.9478848,0.8947511,0.9991633,0.9996991,0.96797067,0.9999836,0.99988455,0.9723335,0.99222696,0.99140364,0.95418245,0.9956886,0.7474209,0.92369884,0.97785825,0.73406345,0.9492837,0.95035803,0.9999836,0.73406345
GGGCAACGGGTGACTATT,0.7928533,0.60309714,0.55469584,0.44467896,0.70459217,0.73140556,0.23031251,0.78206486,0.6611623,0.46440744,0.7164541,0.92082286,0.45340773,0.93829376,0.9305689,0.6760676,0.8622581,0.7058878,0.6286262,0.9199689,0.38392058,0.74834687,0.799251,0.47205862,0.7021093,0.6730924,0.93829376,0.23031251
AATTAAGCGGGGTGTTTA,0.9238396,0.9677266,0.9968756,0.9952269,0.9952643,0.78003097,0.9530491,0.92843956,0.9511573,0.8875397,0.9987251,0.99980426,0.9979312,0.9999953,0.9999748,0.9394049,0.98105603,0.9719526,0.8649172,0.9968214,0.8116935,0.96218824,0.9821261,0.89650446,0.9603308,0.94970316,0.9999953,0.78003097
AAGATGTATCGTGTGCGG,0.99870443,0.99764943,0.9984957,0.997114,0.9992154,0.98932415,0.9323719,0.94231355,0.9814862,0.93573767,0.997554,0.9984902,0.99734855,0.9999891,0.9999611,0.96392757,0.9902745,0.9907853,0.8917475,0.99871045,0.8320925,0.9682518,0.9848147,0.92432296,0.977636,0.97153276,0.9999891,0.8320925
AAACGGATCATCGATAAT,0.99810785,0.9980924,0.9646514,0.9825459,0.99517375,0.9801158,0.843333,0.90694517,0.93959457,0.9247275,0.90267557,0.9602707,0.78711706,0.9165452,0.89671576,0.6846255,0.84300077,0.69013065,0.5193817,0.901036,0.5630464,0.59276414,0.33100894,0.4620232,0.30568427,0.7955725,0.99810785,0.30568427
GGGCAACGGGCATCTGCT,0.26423338,0.58751553,0.59242356,0.43459436,0.76370907,0.5139811,0.26129025,0.6955346,0.60852927,0.3535641,0.76134753,0.82460815,0.35878786,0.5460338,0.6417665,0.8130271,0.8524235,0.78519464,0.7147169,0.8871632,0.57671297,0.7461342,0.76611906,0.43653038,0.6735294,0.6183788,0.8871632,0.26129025
AACAGCGGCGTTACTGTA,0.9931597,0.9909271,0.91630656,0.92451376,0.9918096,0.8568892,0.8376006,0.9375013,0.89745253,0.5318231,0.9988484,0.99913,0.97025734,0.99922556,0.9982628,0.97349507,0.9745463,0.97402596,0.9276732,0.99205893,0.871328,0.87895894,0.87083524,0.6646121,0.78129756,0.91010165,0.99922556,0.5318231
AGGAAGCATCAGACAGCT,0.6315586,0.7741282,0.38072124,0.29502642,0.51113564,0.5680893,0.44722858,0.66889536,0.5080875,0.32751447,0.30180666,0.2569668,0.21408772,0.1720577,0.18476969,0.30835527,0.2761142,0.13644607,0.27836597,0.5658232,0.28987274,0.30214763,0.20820487,0.22304995,0.21189363,0.36169392,0.7741282,0.13644607
GATAACACGGTGGGACGA,0.9992845,0.9991537,0.99698114,0.9976546,0.99968433,0.98218256,0.98895496,0.95862365,0.978939,0.9623797,0.99482715,0.996711,0.97588396,0.9988293,0.99797404,0.9370409,0.9240332,0.88001496,0.7922064,0.98831517,0.6105378,0.72355044,0.62572163,0.5010217,0.44756112,0.89032274,0.99968433,0.44756112
AGGGACTAAAAACGAAGT,0.08143649,0.33175263,0.53836846,0.19959046,0.17911664,0.5091123,0.3128348,0.63650876,0.22622935,0.5569995,0.14855434,0.06970746,0.12480398,0.024382051,0.03496335,0.10415385,0.071022026,0.03429298,0.049810033,0.0634001,0.13309722,0.1590127,0.12516774,0.17165646,0.145083,0.20124227,0.63650876,0.024382051
AATTACTATCGTGGACGG,0.99853235,0.99901634,0.9985074,0.998018,0.9988862,0.9872342,0.97295475,0.9717923,0.9587263,0.9601072,0.9974388,0.9964227,0.9964037,0.99984336,0.9997864,0.9310149,0.96776927,0.97783345,0.8337434,0.99484944,0.917497,0.95875424,0.960667,0.9413105,0.96281964,0.9711972,0.99984336,0.8337434
AGACAGTGTAAGTCTGCG,0.99432635,0.99576235,0.98640937,0.9625976,0.97013086,0.9217628,0.8192679,0.81155664,0.8641863,0.86995363,0.9224021,0.9860999,0.95364034,0.9974443,0.99648756,0.91878456,0.9601494,0.926053,0.7748687,0.9899129,0.60681903,0.8676329,0.848436,0.74622345,0.79033476,0.8992497,0.9974443,0.60681903
GACGCCATGATGGCTCTT,0.99903756,0.9990315,0.9891672,0.9928611,0.9990866,0.98758,0.9328965,0.9491491,0.98743397,0.88780546,0.99531835,0.99456936,0.9469894,0.9991455,0.9989953,0.98494464,0.97435385,0.9897463,0.91532665,0.9934396,0.89595854,0.89645946,0.9378927,0.7913303,0.91179043,0.9580124,0.9991455,0.7913303
AGGCAACATAAGCAAAGT,0.584505,0.61739653,0.6243448,0.12674478,0.20842578,0.5607956,0.20650373,0.5885873,0.08808371,0.2619049,0.25309145,0.25139242,0.2485197,0.17643584,0.12963301,0.22555447,0.12163076,0.053634264,0.10678475,0.20552285,0.29798797,0.20574814,0.16994104,0.1930046,0.17728822,0.26733845,0.6243448,0.053634264
AGGGCCGAGGGATGACAT,0.92146856,0.98549414,0.9412012,0.9738177,0.88523036,0.516198,0.7555899,0.7477399,0.8091455,0.73632216,0.8871132,0.9936909,0.51631016,0.9927871,0.927791,0.53201616,0.7824496,0.64060277,0.5402603,0.722888,0.29611886,0.5371298,0.5611199,0.2818088,0.35105264,0.71341383,0.9936909,0.2818088
AGGGGCTAGGGCTGAGGT,0.9474315,0.9800826,0.9804792,0.98644274,0.9456938,0.5379893,0.7937021,0.88618666,0.7776893,0.89319897,0.98936874,0.9995641,0.915756,0.9999102,0.9980811,0.7745422,0.9334832,0.94320655,0.7070262,0.9678265,0.47423455,0.850844,0.9371834,0.60219073,0.86122274,0.86733335,0.9999102,0.47423455
AGGGGCGCCGGCGGAGGC,0.99708927,0.9925556,0.97952867,0.9917211,0.99550587,0.9187232,0.7967782,0.9542053,0.6986897,0.90830916,0.9999077,0.99990386,0.85554194,0.9998555,0.9832419,0.86615103,0.8982669,0.92931527,0.8978063,0.9392735,0.7272127,0.7412373,0.8486993,0.33708414,0.58734506,0.87375796,0.9999077,0.33708414
GACGACATTAAGGGACGT,0.99882215,0.99885136,0.9895589,0.99542314,0.9987714,0.9916701,0.8912673,0.9553233,0.9813686,0.9330968,0.8498077,0.92836493,0.8809096,0.9670824,0.979097,0.8867546,0.6313611,0.41280785,0.62457114,0.95288736,0.47136325,0.6158209,0.4889716,0.45234588,0.34122625,0.8087011,0.99885136,0.34122625
GGCGCCTTCACCGACCTC,0.99784166,0.9827539,0.96273047,0.9580507,0.967505,0.9752534,0.6433233,0.8154958,0.8219538,0.91692024,0.9794283,0.28693464,0.40015933,0.52080697,0.66137743,0.87841797,0.624211,0.92941034,0.83938706,0.67137486,0.9296716,0.8263842,0.86888254,0.7783567,0.8982652,0.8053959,0.99784166,0.28693464
GAGGACATTCAGGCAGGG,0.99738926,0.9933817,0.96379226,0.9901115,0.99693704,0.96877235,0.8510251,0.94094694,0.93285865,0.9355267,0.9060291,0.73437124,0.7444837,0.7753569,0.8985532,0.7937152,0.67983353,0.8345561,0.7439528,0.96021676,0.42413688,0.66352904,0.6255432,0.47897735,0.49243847,0.8130575,0.99738926,0.42413688
TAACGGGGCATCCATAAT,0.99026054,0.9969388,0.85872084,0.938031,0.961499,0.95341164,0.8356845,0.92402816,0.84393376,0.85136604,0.90779173,0.9602156,0.4060859,0.89945817,0.7555556,0.7861159,0.8020985,0.9003208,0.7483725,0.9010554,0.5943237,0.77563274,0.6023626,0.6304611,0.63083273,0.8181823,0.9969388,0.4060859
GGGGCCTTCACCGAGCTG,0.9904042,0.950153,0.9462411,0.9468893,0.8007313,0.9640861,0.37036732,0.7583856,0.8921066,0.86049944,0.96222126,0.2022204,0.3171087,0.73552763,0.6195309,0.75948906,0.61241215,0.88593745,0.7374673,0.7219342,0.8018532,0.862607,0.9196517,0.76596713,0.93232214,0.7726445,0.9904042,0.2022204
GGGCAACGGAACCAAAGT,0.6028417,0.46783906,0.44392592,0.20823787,0.25262845,0.5259094,0.07891407,0.5121077,0.10141684,0.35537794,0.11527743,0.03818694,0.1027268,0.012674536,0.018360347,0.24241312,0.10519676,0.08081113,0.12582606,0.10624505,0.17064929,0.23478515,0.15332973,0.15696687,0.18071978,0.2157347,0.6028417,0.012674536
ACGAAGGGACAGACTGTG,0.94108725,0.6707084,0.71070015,0.8206075,0.59803516,0.7820177,0.5418433,0.71153444,0.86055833,0.41869372,0.6224302,0.9362559,0.541676,0.7413076,0.52323914,0.3989173,0.47490397,0.21044028,0.22677849,0.75783616,0.3336902,0.34073707,0.2445058,0.21204478,0.20916918,0.55318874,0.94108725,0.20916918
AGGGGCGACGGATGAGGT,0.86269647,0.96860725,0.9553694,0.9683442,0.9374753,0.51579714,0.76114154,0.9158248,0.783187,0.8010767,0.94139695,0.99444145,0.6224586,0.9884788,0.86275774,0.5061024,0.7621135,0.60585433,0.68022513,0.78988886,0.28870603,0.5732419,0.6953526,0.31269315,0.44738305,0.74162453,0.99444145,0.28870603
AAAGGCATTATAGATGAG,0.98322785,0.99604243,0.9862516,0.9675756,0.9893574,0.937689,0.83802813,0.90409595,0.8388915,0.9168867,0.81385267,0.92626625,0.9220969,0.97716445,0.9775192,0.63574475,0.77720505,0.61519,0.4249627,0.9575086,0.37410682,0.70653546,0.51850486,0.60867286,0.40660498,0.7999993,0.99604243,0.37410682
ATGACGGGGCTAACTGTG,0.9833303,0.98916286,0.9705939,0.95018524,0.96202034,0.9067172,0.7315258,0.9326566,0.9354229,0.6528402,0.97619414,0.9957926,0.800206,0.9981013,0.9894267,0.7525703,0.81784475,0.8772305,0.75021505,0.92118144,0.6285883,0.8702558,0.8738344,0.71982336,0.8384566,0.8729671,0.9981013,0.6285883
GAGGCAATTACTGCGCTG,0.99805707,0.98973894,0.9904718,0.9897623,0.9826332,0.98994493,0.63060725,0.88074875,0.9817015,0.8564439,0.8875412,0.647869,0.8227105,0.88196564,0.97356814,0.88123333,0.91483957,0.88681644,0.6825729,0.9747803,0.61625195,0.8638572,0.861416,0.7459175,0.8398934,0.8708537,0.99805707,0.61625195
GGGGCATTCCCTGAGCTG,0.9682576,0.64542514,0.9582928,0.9230508,0.7436613,0.90074813,0.20334023,0.5201459,0.74378175,0.5674366,0.9600504,0.28141117,0.5134619,0.9267133,0.9411193,0.8483704,0.92980015,0.95864046,0.779545,0.95778316,0.77079856,0.9079582,0.9650411,0.85803294,0.9695987,0.7896985,0.9695987,0.20334023
ATGACCGGCGATACCGTG,0.98854566,0.9770748,0.9104788,0.8706164,0.89407134,0.8679534,0.58330023,0.88020283,0.8935842,0.6644984,0.9902655,0.9857385,0.77879274,0.962515,0.93766844,0.8171927,0.7362334,0.66903365,0.6820736,0.8169315,0.81670433,0.81084156,0.73802435,0.63682044,0.68519825,0.82377434,0.9902655,0.58330023
TAACGCATTATAGATAAG,0.98028225,0.9968258,0.9746276,0.94940805,0.9860712,0.97330403,0.7479614,0.93689585,0.9101418,0.8885924,0.73736197,0.91535956,0.8651534,0.9454731,0.9667617,0.7497875,0.7598608,0.6033035,0.5919433,0.9415695,0.645672,0.8536273,0.6609313,0.85570884,0.72204417,0.84634674,0.9968258,0.5919433
ATACAACGTGCATCTGCT,0.9657501,0.9957061,0.98131907,0.92532086,0.9826442,0.8706095,0.825243,0.93391913,0.8314647,0.7385812,0.98410326,0.9933696,0.9420856,0.9728553,0.9881353,0.9640233,0.9585622,0.958282,0.8556063,0.9901252,0.9001753,0.88050723,0.78846025,0.8219862,0.78990453,0.9135494,0.9957061,0.7385812
GGAGCATTTACCGAGCTG,0.997653,0.9908404,0.9938043,0.98091936,0.94469863,0.95588773,0.40325993,0.7178179,0.9064166,0.90105593,0.73419267,0.3504484,0.7115465,0.7429759,0.9549325,0.7495038,0.65996546,0.75195384,0.66207004,0.8591032,0.6004272,0.87967724,0.8711481,0.8034174,0.89338744,0.8006842,0.997653,0.3504484
AAAAACATTATAGATGTG,0.9890979,0.99641937,0.99524635,0.9786845,0.99824804,0.97690004,0.89409727,0.9622098,0.9221023,0.89791596,0.87716895,0.98167187,0.97375375,0.97224814,0.9774233,0.6836291,0.73420525,0.36249804,0.25669387,0.96309334,0.56476676,0.6491955,0.3080301,0.5804608,0.26278007,0.7903415,0.99824804,0.25669387
TGTAGTGCTCGGCTGCCG,0.9941576,0.9911633,0.9822254,0.9691339,0.96367604,0.9561437,0.8673463,0.86997676,0.82002527,0.56937134,0.9987342,0.9986549,0.9598894,0.99998075,0.99994844,0.9556309,0.98686194,0.9975559,0.9354712,0.99402684,0.9305743,0.97655755,0.9947459,0.96460426,0.9976332,0.9469635,0.99998075,0.56937134
ATAAAAAGTCTAGCTGAG,0.99551034,0.99811536,0.9947151,0.940613,0.9932432,0.939154,0.87294567,0.9399928,0.9052478,0.85099334,0.91774714,0.9753186,0.9553427,0.9386945,0.96020716,0.7433805,0.9020302,0.75617343,0.34111503,0.9769813,0.56892246,0.7032052,0.3966403,0.6648897,0.35497576,0.82344633,0.99811536,0.34111503
GACGTGGGCGCATGCTGT,0.98517936,0.9936649,0.99095845,0.9979217,0.99902624,0.91810715,0.9561864,0.96553457,0.9805051,0.9595763,0.99820864,0.99977064,0.8925012,0.9999836,0.9994784,0.9769528,0.9794801,0.9921217,0.94874,0.9944623,0.7818513,0.9109191,0.96403444,0.75121754,0.94147086,0.9551142,0.9999836,0.75121754
ATAAAAAGTCTAGCTGTG,0.9974115,0.9982433,0.99694717,0.9793447,0.9975236,0.96393526,0.89311284,0.9669914,0.93285567,0.8586608,0.9406388,0.9834102,0.97364604,0.96520096,0.9808485,0.801864,0.91348064,0.8124454,0.39678553,0.9812011,0.6272017,0.79406124,0.561887,0.7479557,0.5044808,0.8628053,0.9982433,0.39678553
TTACGGATTATCGATAAG,0.99794585,0.99891454,0.98938173,0.9869028,0.9919805,0.9854244,0.83498424,0.92063916,0.94376236,0.93745196,0.76792777,0.8551292,0.86682427,0.97850215,0.9943091,0.5960392,0.9043646,0.8586384,0.72741604,0.9306481,0.6947118,0.95238566,0.9423039,0.95117134,0.97833866,0.903444,0.99891454,0.5960392
AGGGGCGACGATGGAGAA,0.7131042,0.76128453,0.66107714,0.8011968,0.8658931,0.6308484,0.25772804,0.6462417,0.36406258,0.75244284,0.8588689,0.9559839,0.34320492,0.89423317,0.46863806,0.33050412,0.7595002,0.4492503,0.49944982,0.6349206,0.20790514,0.47112256,0.491362,0.25107807,0.2964203,0.57465285,0.9559839,0.20790514
AGGCAACGTACGTCTGCT,0.8327317,0.88502735,0.7966439,0.36923248,0.7228853,0.77954364,0.48079753,0.8789208,0.547691,0.31906596,0.9303293,0.89674014,0.7898725,0.8899575,0.92858744,0.7625777,0.84953755,0.5951986,0.64017993,0.8822957,0.7912572,0.82451534,0.78987414,0.62807244,0.7340472,0.7418234,0.9303293,0.31906596
GTGGGAGCATTTGGTGTA,0.9879,0.78381735,0.9355682,0.9753505,0.98827416,0.7721639,0.63092893,0.92534417,0.8966576,0.8880385,0.9280415,0.958507,0.9006012,0.9986578,0.99946415,0.80177885,0.9748421,0.9719466,0.84771484,0.9782142,0.47255853,0.9688178,0.9928785,0.9295107,0.99378204,0.90005434,0.99946415,0.47255853
GATACCACGGTGTCTCTA,0.9995168,0.9997349,0.99593246,0.99741405,0.99888265,0.9610711,0.98870194,0.96560466,0.99145067,0.9236236,0.99721515,0.99525195,0.9616894,0.9981764,0.99888885,0.9769797,0.9678454,0.98419195,0.88633555,0.9904211,0.92219156,0.91871643,0.9418938,0.8701527,0.9450646,0.967078,0.9997349,0.8701527
GACGGCATGCTGGCACGT,0.998677,0.99849117,0.9621278,0.9922631,0.99910986,0.9795899,0.9184678,0.9591094,0.9728232,0.9028006,0.99838024,0.9970541,0.91144687,0.9997082,0.9986967,0.97773224,0.9644043,0.9899583,0.9269685,0.9934556,0.8147388,0.86423486,0.9018066,0.6511955,0.84233457,0.94062304,0.9997082,0.6511955
AGACAGGGTCAGTCTGCG,0.9946113,0.99621683,0.9603403,0.97530454,0.98209196,0.900513,0.79501635,0.7629382,0.860489,0.7809295,0.9921159,0.9975688,0.94497854,0.99891704,0.9971868,0.9085789,0.9548717,0.9678335,0.89027596,0.98865384,0.71089727,0.82777506,0.85182977,0.60290337,0.74143517,0.895371,0.99891704,0.60290337
AGGCAACGTAAGCAAAGT,0.7352516,0.6311812,0.61461353,0.21422061,0.36599806,0.69992405,0.15564112,0.7041756,0.11277025,0.24538864,0.24478112,0.27047837,0.25199604,0.19759637,0.14304686,0.32239193,0.17654546,0.0737197,0.21051855,0.3420632,0.28307065,0.27565092,0.19282901,0.21283473,0.19612508,0.31491247,0.7352516,0.0737197
ATACAGGGTATATCTTAG,0.99743193,0.9992335,0.9964926,0.98956585,0.984698,0.9466693,0.9659548,0.9376551,0.9509538,0.9399331,0.9076229,0.98783505,0.9555901,0.9976933,0.9973097,0.76995814,0.9486909,0.9005808,0.7330846,0.9758178,0.6505184,0.9295107,0.9139155,0.8939729,0.9204015,0.9276436,0.9992335,0.6505184
GAGGAAATTCCTGCGCTG,0.99604243,0.98388076,0.98527014,0.98600614,0.97980213,0.9826271,0.636933,0.83779764,0.96384215,0.89272153,0.9037023,0.61511624,0.81972843,0.7498138,0.9713254,0.92585164,0.9585273,0.9486503,0.64286494,0.9881168,0.6020356,0.84644395,0.8477979,0.7315168,0.82530373,0.86486864,0.99604243,0.6020356
TATAACGCTCGTGTGCCG,0.99938077,0.9990093,0.9968135,0.9959866,0.99910724,0.99633384,0.9510675,0.95842147,0.96873236,0.9271696,0.9995262,0.9984448,0.9932352,0.9998405,0.9998443,0.9834126,0.9826744,0.994444,0.9246908,0.9979124,0.96653754,0.96080476,0.9781743,0.9449202,0.9835213,0.9800001,0.9998443,0.9246908
AATAAAGCGGTGTTTTTA,0.9895292,0.98934966,0.99562085,0.99273694,0.99711615,0.9039286,0.9589391,0.9380756,0.9388629,0.8492195,0.99394697,0.9985321,0.9959676,0.99990493,0.9998212,0.9565198,0.98496836,0.9489071,0.80620867,0.99720186,0.7757208,0.96331686,0.96837413,0.8960141,0.9579748,0.9518703,0.99990493,0.7757208
AACCTGGTCATCAACAAC,0.9987941,0.99437815,0.9289086,0.9589375,0.9821409,0.96233666,0.74238455,0.78795844,0.90895474,0.91581756,0.93849456,0.9678989,0.6327758,0.91106987,0.89090145,0.7949998,0.7164115,0.9251757,0.73844415,0.93403715,0.8126299,0.78797275,0.44263485,0.68818486,0.55634,0.83674324,0.9987941,0.44263485
GGAGCAATTATCGAGCTG,0.9996507,0.9991705,0.9972872,0.993412,0.9883135,0.98209685,0.71053153,0.85136724,0.96644026,0.92818767,0.49664375,0.29656532,0.7260733,0.56766266,0.92946285,0.7400437,0.7489303,0.5800431,0.54739,0.89665174,0.3760843,0.8003178,0.7642652,0.69212437,0.73526067,0.7725589,0.9996507,0.29656532
GACCTGGTCATCAGCAAC,0.9994644,0.99715716,0.9524528,0.98960054,0.99499285,0.97760916,0.82293665,0.8112386,0.9325756,0.9670085,0.9700697,0.94343275,0.65690017,0.9812454,0.9778992,0.92268306,0.857876,0.97145104,0.85594344,0.9777129,0.8238247,0.8557169,0.7962261,0.7791949,0.846868,0.90648323,0.9994644,0.65690017
TTAACCAGTCTAACTGTG,0.99723387,0.99930096,0.9900586,0.96776634,0.991493,0.9607844,0.92316544,0.97085273,0.9664283,0.74526775,0.93849176,0.96898454,0.90340006,0.92386293,0.9729506,0.7921323,0.84521043,0.89759344,0.63142747,0.92308974,0.90386176,0.9240749,0.8895357,0.9328453,0.94453347,0.91617393,0.99930096,0.63142747
GACCTGGGCTCATGCTTT,0.99117273,0.9915762,0.9829001,0.9970436,0.99893385,0.9508932,0.9418163,0.9656294,0.98513883,0.9664567,0.9986281,0.9983524,0.9416272,0.999934,0.99977255,0.9823978,0.97907215,0.9951455,0.93701,0.99537045,0.9361029,0.9413174,0.9813363,0.89676017,0.9804168,0.97339225,0.999934,0.89676017
AGAAAGGGTCAGTCTGCG,0.9846572,0.99264437,0.9623112,0.95672303,0.98228145,0.8481698,0.8183661,0.75380605,0.8222375,0.63811916,0.9604319,0.9938774,0.92707145,0.9964232,0.99400324,0.8343302,0.9446465,0.94287914,0.7576201,0.9862504,0.45839974,0.71334535,0.72257364,0.49825397,0.56194365,0.8420546,0.9964232,0.45839974
TATTATGCTAGGTGATTA,0.9958648,0.99302125,0.9982553,0.99815655,0.9980775,0.9723015,0.9724946,0.98398304,0.9634337,0.9295929,0.972873,0.9909348,0.99386936,0.9999681,0.99997634,0.8912792,0.9778287,0.99551296,0.8734475,0.9978892,0.8704572,0.98530424,0.9928579,0.980862,0.99731946,0.9730223,0.99997634,0.8704572
GAGGCCAGTCATGCTGTG,0.99860656,0.9943345,0.96786004,0.99169135,0.9964861,0.9761767,0.788966,0.9505071,0.97330207,0.8813758,0.9859362,0.91177464,0.8339334,0.9874376,0.9826107,0.9237825,0.96030825,0.98462576,0.8733066,0.9845909,0.7664693,0.8806332,0.92766273,0.7306396,0.89535415,0.92593473,0.99860656,0.7306396
AGGACCTACCCTGAGCCG,0.6406928,0.89832324,0.88497084,0.6140214,0.5544244,0.89414394,0.31888857,0.5528806,0.5686638,0.3538088,0.9827577,0.7764051,0.66994876,0.671066,0.6907092,0.84955895,0.7805038,0.5747121,0.40596148,0.8513791,0.8908019,0.7592843,0.62421525,0.5616524,0.5860367,0.67823243,0.9827577,0.31888857
GAGAGCGCGTTTGCTGTA,0.9939665,0.97634894,0.96590424,0.98702914,0.9992962,0.9262169,0.87067187,0.96965903,0.9484746,0.8671405,0.9987619,0.99850285,0.9742089,0.9999828,0.99993163,0.98062146,0.9931486,0.9940287,0.95188373,0.9972145,0.8018539,0.9524647,0.9884157,0.86367506,0.9830456,0.9592979,0.9999828,0.8018539
TATTATGCTAGGTTATTA,0.9977431,0.98992324,0.9976086,0.99751014,0.9964567,0.9700219,0.9692037,0.97601116,0.96416694,0.9176874,0.94736755,0.9797649,0.99175113,0.99992806,0.9999706,0.8800154,0.97569436,0.99301463,0.87252283,0.99688953,0.88574153,0.9891617,0.9952898,0.98671055,0.9985444,0.97074807,0.9999706,0.87252283
GGGCAACGGGCGTCTGCT,0.4339726,0.69602233,0.6124297,0.5126812,0.8223316,0.52671695,0.26932883,0.68286395,0.61937404,0.3617031,0.9836743,0.99394506,0.7134251,0.98924917,0.9815798,0.8965675,0.9323986,0.896539,0.84127825,0.96959686,0.7288783,0.8371163,0.91182953,0.5268429,0.8326684,0.74292046,0.99394506,0.26932883
CCCCCCCTCACCCCCCCC,0.9976546,0.99886715,0.84746844,0.6377801,0.8721354,0.9867715,0.68612486,0.8136017,0.60868835,0.7739476,0.99976015,0.99755293,0.59732467,0.66443914,0.6538415,0.95736533,0.5876045,0.9287287,0.71428174,0.60694927,0.99778444,0.5866316,0.52551275,0.65159386,0.6195444,0.77247816,0.99976015,0.52551275
AGGAACGAAAATCGAAAG,0.0780893,0.15625207,0.17702606,0.035584126,0.16419794,0.36096,0.087757744,0.23521696,0.09261585,0.3300619,0.20804562,0.17147435,0.1740632,0.10785095,0.10354074,0.17448242,0.17340373,0.050946433,0.062517755,0.1888715,0.1570393,0.12425495,0.12362144,0.13926953,0.12354115,0.1520274,0.36096,0.035584126
GAGGCCAGTCAGGCAGGG,0.9989262,0.99800354,0.96964794,0.99360955,0.9975815,0.9779114,0.8817338,0.9633808,0.96719813,0.9128792,0.9902745,0.96170294,0.72222906,0.96099067,0.9064491,0.85847473,0.6987995,0.92500657,0.81712955,0.9448256,0.59669006,0.641509,0.6424689,0.36992595,0.4525065,0.8459942,0.9989262,0.36992595
GAAAACATTCTAGCTGTG,0.99718595,0.9986845,0.9943995,0.99172324,0.99939,0.9813227,0.951688,0.97203386,0.96353155,0.9517239,0.95848745,0.9759113,0.9620733,0.9743372,0.99160385,0.9155646,0.9255305,0.8933,0.624466,0.9881171,0.74883324,0.8546694,0.7059961,0.7586182,0.6715269,0.9100287,0.99939,0.624466
AAAGGAATTATCGAGATT,0.9985427,0.9987491,0.9934406,0.9902374,0.9921035,0.98940945,0.79737335,0.9178274,0.95286727,0.90044427,0.73877037,0.9290986,0.9200894,0.96358,0.97613597,0.6089551,0.7710602,0.40933293,0.30278403,0.9382404,0.32135382,0.6169049,0.40750447,0.5439362,0.31373414,0.7716991,0.9987491,0.30278403
TAACGGGGTACATCTAAT,0.98123515,0.99603957,0.9216429,0.9641306,0.9766232,0.95375013,0.8865797,0.97013146,0.9201282,0.91204643,0.78924,0.9723257,0.5579415,0.9794526,0.9577723,0.6608688,0.80763584,0.83441424,0.6562039,0.8694841,0.51156884,0.85104984,0.7546234,0.76896214,0.8000262,0.85015506,0.99603957,0.51156884
GAGAGCGGAGTGGCTGTA,0.9664662,0.9759612,0.9225251,0.97279054,0.9962467,0.84771115,0.8132567,0.9781312,0.9611774,0.80674434,0.99124765,0.99971104,0.93767816,0.99990946,0.99935645,0.9206206,0.97656125,0.974288,0.8182774,0.99211276,0.42365107,0.77430326,0.90334445,0.48469183,0.7462104,0.88731897,0.99990946,0.42365107
TTACGGGTTATCGATAAG,0.9972801,0.99852496,0.98664284,0.99023527,0.9957716,0.97126055,0.7666436,0.90819925,0.9177808,0.94425166,0.94656926,0.97759646,0.9112162,0.9997071,0.99966097,0.71157444,0.925604,0.9541682,0.8358103,0.9619125,0.73383796,0.96691394,0.97658104,0.95928025,0.99214774,0.93316674,0.9997071,0.71157444
TAGTACAATAGTGGACGG,0.9917685,0.99545676,0.99689555,0.9932738,0.9966829,0.98218703,0.956265,0.9835185,0.974567,0.8873633,0.8399124,0.92455405,0.95916086,0.95899695,0.98654187,0.6244829,0.78701997,0.49557236,0.28223354,0.9464051,0.5566076,0.8589148,0.7703502,0.8438568,0.783424,0.8550405,0.99689555,0.28223354
AAGACCAGGCTGGCTGTG,0.9950977,0.9951361,0.98229027,0.9816303,0.99809206,0.97730434,0.9288655,0.9721373,0.9763725,0.8057882,0.9995267,0.99927974,0.98315364,0.99913883,0.99827105,0.9769981,0.9674528,0.97801024,0.8144633,0.9954361,0.8831857,0.8274334,0.82167447,0.5144041,0.61398125,0.9194049,0.9995267,0.5144041
AATAGTGCGTTTTTTGTA,0.99873954,0.98528636,0.9931406,0.9969727,0.9996075,0.9311687,0.89697367,0.95047134,0.9553031,0.9208172,0.9987912,0.9991581,0.9986967,0.99999946,0.9999983,0.981749,0.99392945,0.99722993,0.939597,0.99903804,0.9379371,0.99471873,0.9989593,0.98576534,0.9995037,0.978142,0.99999946,0.89697367
TTACAGAGTATAGATGAG,0.9953573,0.9975884,0.99471366,0.9801369,0.99182475,0.97927445,0.9276419,0.9532769,0.9641777,0.91163194,0.5800141,0.91881245,0.89557076,0.92150694,0.97584534,0.38177818,0.71157897,0.37220764,0.32047164,0.9167587,0.47866958,0.85905874,0.7644674,0.88329256,0.82947177,0.82020515,0.9975884,0.32047164
GAAGACATTCCTGCTCTG,0.9961192,0.9960595,0.99304384,0.99144006,0.99789613,0.9836186,0.8704145,0.93218386,0.9599276,0.93807256,0.9833254,0.9436688,0.92333144,0.96937734,0.9925836,0.9670477,0.97010994,0.9796217,0.8070993,0.9935546,0.8796399,0.896494,0.8898493,0.83761257,0.9012253,0.9437326,0.99789613,0.8070993
AGGGCCGACGAACGAGAT,0.444189,0.8940328,0.49568808,0.5166713,0.5280152,0.5278272,0.31737527,0.53539866,0.38110086,0.746614,0.5263456,0.30514482,0.20235547,0.089532055,0.0514003,0.19841076,0.15686706,0.10413673,0.21397434,0.09799474,0.3102097,0.34523407,0.21903501,0.18971759,0.20828374,0.34422216,0.8940328,0.0514003
AGGGGCGACGAATGAGAT,0.5582224,0.87207115,0.5865615,0.7520002,0.57461894,0.5017471,0.45869994,0.73020077,0.46404448,0.7669485,0.3054304,0.5059462,0.12593177,0.15841289,0.05971223,0.1867635,0.40387943,0.13707694,0.26765788,0.25640577,0.15350914,0.37962896,0.31519228,0.21751916,0.20992616,0.39792433,0.87207115,0.05971223
GAGTACAATAGTGGACGG,0.9933177,0.99472183,0.99630666,0.9941552,0.9966503,0.9736219,0.95590913,0.9732211,0.9821081,0.9317095,0.70721155,0.78035307,0.90415835,0.88273543,0.9681733,0.66312546,0.7453249,0.3376896,0.25808156,0.93396276,0.32514152,0.7096668,0.61710995,0.6158993,0.5242507,0.7905842,0.9966503,0.25808156
TTACGGAGTATAGATGAG,0.993599,0.9976882,0.9907549,0.98140424,0.9907692,0.96469826,0.8999768,0.9461468,0.9510983,0.93489784,0.66309935,0.93936217,0.8487902,0.9783928,0.9901593,0.40222117,0.7870123,0.58561,0.42234725,0.89959073,0.45368984,0.90112716,0.8667501,0.89921737,0.9186258,0.84828115,0.9976882,0.40222117
AGGGACGAAGAACGAGAG,0.07752969,0.4590888,0.45933747,0.21621291,0.24388957,0.3925713,0.19510561,0.40808764,0.27279115,0.6780466,0.1695094,0.112137005,0.13923432,0.02780753,0.041510247,0.124092564,0.08738734,0.04305973,0.05672814,0.073245406,0.11731744,0.12963708,0.11638527,0.122348346,0.11714351,0.1952082,0.6780466,0.02780753
GACCGGGGCACCCATAAT,0.93508077,0.94607216,0.42419618,0.6968517,0.70922756,0.88437533,0.7228443,0.7808225,0.668708,0.6993195,0.9495842,0.8847093,0.2219858,0.51501757,0.13670726,0.77705336,0.47202507,0.7510828,0.70325226,0.5775907,0.6488277,0.607465,0.36963308,0.29282773,0.35965875,0.6293967,0.9495842,0.13670726
GACCTGGTCATCTACAAT,0.9993387,0.99833006,0.9706331,0.99111134,0.9926628,0.94712013,0.9041203,0.90781265,0.95491505,0.96504754,0.9515964,0.9230824,0.6680775,0.9868175,0.9855707,0.89079285,0.8911844,0.97228664,0.81862694,0.95574266,0.84869766,0.900357,0.8978415,0.87231284,0.9344261,0.92514014,0.9993387,0.6680775
TATTACGCTAGTGGATGG,0.9980209,0.99578834,0.99900955,0.9984719,0.9996538,0.99016273,0.97097844,0.9877828,0.9566393,0.9541771,0.9965377,0.99509794,0.9953073,0.9999555,0.99990565,0.9180934,0.97087544,0.98794776,0.84709144,0.9964457,0.9168071,0.9704394,0.98576474,0.9636949,0.99065727,0.97541237,0.9999555,0.84709144
AATTACACGGTGGGTCTA,0.9984712,0.99803656,0.99740577,0.99731827,0.9994308,0.98213506,0.9878452,0.96459204,0.9841274,0.9341286,0.99931103,0.9994024,0.99616617,0.99996024,0.9999047,0.9590061,0.9712777,0.9841341,0.9033242,0.99496233,0.9044972,0.94504005,0.9563759,0.88998485,0.92983615,0.9710669,0.99996024,0.88998485
AGCGGCGGCGTCGGCGAA,0.9989617,0.99688345,0.975931,0.98751616,0.99669164,0.9484728,0.7414383,0.93860483,0.7972046,0.9545953,0.9999595,0.99997133,0.9363032,0.99999005,0.9991779,0.94692236,0.97028244,0.9847738,0.9610122,0.9763389,0.85574055,0.8485496,0.92609537,0.49974942,0.79207826,0.92132986,0.99999005,0.49974942
AAGACGGGGCAAACTGTG,0.94165075,0.94127405,0.8746555,0.94066817,0.96197206,0.8718989,0.58619136,0.8518791,0.88780737,0.5993385,0.85515827,0.98130226,0.5261425,0.9089424,0.6565735,0.6706801,0.5305593,0.57260585,0.5182493,0.8078012,0.3026709,0.38337183,0.2409142,0.21106651,0.21036,0.6733493,0.98130226,0.21036
AGGGACTAAAGACGAAGT,0.1125196,0.37976766,0.7933143,0.29780805,0.19872482,0.43090174,0.43045282,0.7287098,0.36922887,0.5953838,0.1704649,0.09323229,0.17805782,0.031873558,0.05582339,0.117378384,0.093252,0.04230442,0.053205438,0.09794261,0.1524898,0.21879767,0.1551511,0.19379127,0.16212007,0.24610783,0.7933143,0.031873558
TTAAACAGTATAGCTGAG,0.993839,0.9979308,0.99472314,0.92706794,0.9941029,0.9726894,0.93702227,0.96530247,0.92724985,0.8553543,0.785245,0.9410049,0.9322888,0.8899074,0.9654092,0.5131193,0.7687431,0.5255251,0.35355932,0.95177275,0.64743817,0.88002306,0.72182274,0.8867018,0.7964486,0.8449717,0.9979308,0.35355932
AGGCTGCGTAAGACTACT,0.7606138,0.8462886,0.6358331,0.44531345,0.6304156,0.84953886,0.217367,0.81376475,0.5642683,0.3832193,0.47372273,0.53733665,0.25791103,0.75793374,0.68402356,0.61500984,0.64401776,0.6854278,0.6949266,0.7141138,0.4623187,0.809265,0.71107394,0.6613443,0.75010014,0.624206,0.84953886,0.217367
GACCAGGGCGCATGCTGT,0.9948232,0.9961802,0.98839605,0.9975609,0.9986419,0.9462526,0.98060626,0.9680727,0.9774077,0.9545119,0.99847955,0.99914265,0.9114747,0.9984151,0.9958185,0.9810204,0.9579621,0.973011,0.9113646,0.991146,0.8458475,0.79614663,0.83250093,0.47529697,0.6657171,0.92543197,0.99914265,0.47529697
GACCAAGGGGCAAGCTTT,0.81279606,0.8931323,0.86342,0.96345514,0.9676019,0.8381114,0.85167897,0.83481115,0.93003845,0.895701,0.9247994,0.9952605,0.74516,0.9712761,0.9583694,0.9143457,0.7115632,0.51223123,0.49838606,0.9413663,0.5451418,0.4955627,0.38550314,0.2628036,0.2818739,0.7597755,0.9952605,0.2628036
GACCAGGGGGCATGCTTT,0.96753347,0.98665434,0.97913295,0.9969015,0.9975889,0.9395838,0.9650585,0.93427134,0.9783566,0.96867394,0.99716955,0.99986887,0.93583596,0.9999271,0.9993523,0.9705567,0.9485323,0.9643518,0.8770765,0.98938656,0.7507972,0.81497604,0.89054465,0.50625867,0.7499453,0.92433333,0.9999271,0.50625867
GAGGCAATTCCTGCTCTG,0.99689317,0.9838592,0.989864,0.9891506,0.9912701,0.96669245,0.626671,0.89301074,0.9707056,0.81664056,0.96286047,0.64968276,0.82778984,0.93816835,0.98616374,0.9503971,0.9718935,0.9836623,0.83581567,0.99000454,0.8306626,0.9101511,0.94683737,0.86219436,0.9536858,0.912989,0.99689317,0.626671
ACGAAGGGTCAGTCTGCG,0.99409896,0.9909738,0.9610012,0.98069566,0.9634311,0.89280415,0.76459163,0.8431601,0.91267335,0.66402876,0.9878727,0.99728256,0.94151264,0.9988515,0.9967657,0.8793997,0.95191926,0.9304218,0.8521304,0.99019045,0.72059536,0.822751,0.8553173,0.60654795,0.7401576,0.889567,0.9988515,0.60654795
ATCAGCGGCGTTGCCGTA,0.99828994,0.99742514,0.9869965,0.98647696,0.9990784,0.9636425,0.8782528,0.9749176,0.91081005,0.84370077,0.9999165,0.99985814,0.98764336,0.999983,0.9998899,0.97541386,0.985042,0.99095196,0.96202594,0.99674135,0.95412827,0.9342167,0.97478706,0.8708495,0.9632607,0.965372,0.999983,0.84370077
AGGACCGGCGATACCGAG,0.91495943,0.8760159,0.5784937,0.4522313,0.6302484,0.6700227,0.37271073,0.67299914,0.61432344,0.5673322,0.96333605,0.9299563,0.43799025,0.72457385,0.5317219,0.6571457,0.6673939,0.32449287,0.47327957,0.55978805,0.57862693,0.5661205,0.41345945,0.28694236,0.310135,0.590972,0.96333605,0.28694236
GAGCAACGGGCAAGGATT,0.65933156,0.7607454,0.5562162,0.8347006,0.8122661,0.7569671,0.3198478,0.73108745,0.8493416,0.641981,0.76649,0.9198114,0.44699284,0.6915251,0.62315536,0.77185667,0.4885433,0.39027333,0.5983721,0.852986,0.31098908,0.34202212,0.24027513,0.19710194,0.20117937,0.59056234,0.9198114,0.19710194
TATTATGCTAGGCGGTCG,0.9759558,0.98868376,0.9966779,0.9918354,0.99098915,0.98312306,0.9037362,0.96260357,0.9176154,0.92035097,0.99710417,0.99813604,0.99558085,0.999983,0.9999743,0.944341,0.9693206,0.99534947,0.8904387,0.9974928,0.9359474,0.97975814,0.99172753,0.9727998,0.99590826,0.9718173,0.999983,0.8904387
AAACGCATTATCGATAAG,0.9979865,0.9992486,0.9855885,0.9797733,0.9931005,0.9850013,0.820282,0.9281012,0.9296586,0.94109565,0.9574997,0.98146194,0.9371206,0.96824306,0.97661877,0.84515303,0.889458,0.8105176,0.7642752,0.95487523,0.73444235,0.7714268,0.4809348,0.6743773,0.44469938,0.87003756,0.9992486,0.44469938
ATAAACATTATAGCTGAG,0.99504054,0.9985999,0.9956035,0.9418824,0.99532825,0.95517576,0.9150432,0.94231826,0.87888956,0.8904012,0.902905,0.9705419,0.96917677,0.9588864,0.9778938,0.77236116,0.8517433,0.71673,0.44373095,0.9807089,0.6902741,0.8517924,0.59254444,0.8384708,0.57865715,0.864188,0.9985999,0.44373095
CCGACCTACCCTGAGCCG,0.95581937,0.9789839,0.9330736,0.8475044,0.72634363,0.9646695,0.5499092,0.5966918,0.7090958,0.40001193,0.99648803,0.980513,0.78140855,0.74389786,0.87330407,0.9521947,0.82379454,0.82087326,0.6283621,0.92286634,0.97925514,0.7565983,0.71732306,0.68892264,0.6727126,0.8000246,0.99648803,0.40001193
AGGGCCTACCCTGAGCCG,0.7719706,0.8965468,0.8916296,0.76429117,0.3998864,0.9106066,0.42844054,0.51619977,0.65411824,0.458914,0.9895949,0.4895034,0.5495256,0.6142858,0.60390544,0.84062696,0.795312,0.82946056,0.5576802,0.7924741,0.8789237,0.8055187,0.79672605,0.62485695,0.7710673,0.7052825,0.9895949,0.3998864
GGAGGAATTATCGAGCTG,0.9991779,0.9971239,0.99347,0.9877467,0.96613765,0.97498536,0.6855812,0.8077006,0.91579187,0.9162789,0.2503056,0.18945538,0.5339575,0.23632781,0.88249725,0.580447,0.6975815,0.45156345,0.35205007,0.8388928,0.18426017,0.74819624,0.7517467,0.65129983,0.7283895,0.6928386,0.9991779,0.18426017
GGGGCCTTCACTGAGCTG,0.9658134,0.70531386,0.92368793,0.93377817,0.8364221,0.94036126,0.257855,0.6788344,0.8452689,0.750773,0.9633804,0.32201263,0.5106042,0.9760217,0.94976497,0.8231156,0.89338976,0.9587663,0.7945139,0.9344753,0.7965788,0.9119909,0.96799755,0.86254585,0.97264683,0.8190365,0.9760217,0.257855
GAAGCCATTACTGCTCTG,0.9974427,0.9972676,0.99356097,0.993112,0.99807465,0.9886708,0.83805513,0.95319206,0.97945243,0.93173885,0.9788788,0.9493151,0.91909605,0.9787389,0.9925885,0.9592439,0.9543231,0.97255987,0.7772108,0.9875746,0.8797206,0.8994744,0.8959121,0.8428337,0.9047831,0.9425128,0.99807465,0.7772108
AGCGCCATCATCGAGATT,0.9988398,0.9973972,0.9722987,0.9630325,0.9783557,0.9887894,0.6704917,0.81027204,0.8967687,0.8351508,0.9687744,0.8768003,0.73799306,0.8323119,0.8306148,0.8246411,0.80895805,0.9165797,0.8266962,0.7921509,0.85680896,0.7754873,0.68878156,0.6262579,0.6200504,0.8437722,0.9988398,0.6200504
ATGGGCGGCGTTGGCGTA,0.9985938,0.993633,0.98452896,0.9951569,0.9978694,0.9576223,0.80025655,0.9688507,0.9550673,0.96030354,0.9999346,0.9999816,0.98488843,0.9999997,0.9999873,0.94364786,0.9870512,0.9918537,0.9552392,0.9937497,0.83804196,0.9589119,0.9929612,0.8801618,0.98695356,0.96500975,0.9999997,0.80025655
AGGGCCGAAGGATGAGAT,0.7325266,0.9493706,0.9095343,0.90528506,0.80602,0.36455938,0.58669287,0.7813775,0.7302047,0.76424736,0.51590496,0.8550583,0.42336422,0.7281235,0.399875,0.46068624,0.55491513,0.33726597,0.3820374,0.6697773,0.2172022,0.39067802,0.37797508,0.23182729,0.21375261,0.5715305,0.9493706,0.21375261
AAAGGCATTATCGATAAT,0.99760133,0.998876,0.98044366,0.97656786,0.992793,0.98240817,0.85350543,0.9467917,0.89792484,0.9092497,0.8124704,0.91201884,0.85073566,0.96290743,0.9673289,0.6984482,0.8550415,0.75502026,0.64432544,0.9367537,0.47748908,0.7555545,0.5378012,0.66473836,0.49491972,0.8344686,0.998876,0.47748908
TATTATGCGGGGTTTTTA,0.9902604,0.97784007,0.9972658,0.9976312,0.9984562,0.85157794,0.96031845,0.9573877,0.9667679,0.9228562,0.9983942,0.9998331,0.9985657,0.9999998,0.99999934,0.9569485,0.9870748,0.9971047,0.9452759,0.9980775,0.93484426,0.9936666,0.99906284,0.9875163,0.99953824,0.97665054,0.9999998,0.85157794
AGGCAGCGTAAGACTACT,0.78446525,0.7939291,0.5754438,0.3817223,0.39954996,0.87607944,0.29899794,0.733824,0.59912664,0.34480384,0.30172417,0.40119514,0.22284156,0.25625032,0.2593501,0.4549936,0.41453442,0.22415763,0.47125342,0.47986326,0.31248417,0.52453864,0.33766064,0.32796738,0.29731426,0.44296283,0.87607944,0.22284156
GAGAGCGCATTTGCTGTA,0.9896344,0.9549761,0.9387174,0.9803639,0.99823356,0.90379626,0.7724229,0.9761418,0.9568033,0.8344,0.9837614,0.9471484,0.92445433,0.99821746,0.9978546,0.9580866,0.9852759,0.98530436,0.9190457,0.9930448,0.7137642,0.92810667,0.9647539,0.8195486,0.95333505,0.93508756,0.99823356,0.7137642
AGGGACGAAGAACGACAT,0.17443858,0.7247705,0.37554637,0.3557662,0.28608736,0.47344103,0.27433404,0.5110699,0.39279994,0.67726725,0.13739184,0.07626469,0.101910345,0.024034599,0.038413156,0.11929602,0.08956192,0.041991193,0.057672318,0.060024917,0.12422436,0.14678518,0.1188304,0.12851612,0.1317654,0.22568813,0.7247705,0.024034599
AGGGACTAGGGATGACGT,0.8382986,0.9716521,0.9825892,0.97960025,0.9021182,0.5246917,0.8965115,0.8308132,0.8737728,0.8151295,0.6285818,0.965126,0.766086,0.982869,0.97269404,0.50895154,0.74247694,0.4699645,0.27566904,0.7830605,0.26359835,0.64066774,0.6772655,0.42885032,0.5082688,0.7291723,0.982869,0.26359835
AGGAACCAACAGCAAACT,0.027368123,0.09565577,0.078360744,0.010576963,0.074360125,0.18549688,0.078306414,0.33106253,0.034751013,0.09693876,0.25477472,0.2182998,0.1597747,0.1879244,0.093885,0.17096224,0.10956507,0.053768534,0.06348936,0.12692761,0.36351675,0.17960975,0.14613101,0.14395277,0.16694301,0.1380961,0.36351675,0.010576963
GATAACATTAATGGACGT,0.99846965,0.9988238,0.99511844,0.99618846,0.99954265,0.9912338,0.89091367,0.95961154,0.96871585,0.9529119,0.7044751,0.8653375,0.9261473,0.9255542,0.98483074,0.8016522,0.82058156,0.5315023,0.5407788,0.9783561,0.47068956,0.809105,0.6185285,0.7866036,0.6008045,0.8446591,0.99954265,0.47068956
GGCGCATTCACCGAGCTC,0.9978639,0.9707142,0.97793543,0.9376705,0.9031196,0.96169215,0.4152916,0.7133125,0.8388216,0.7120353,0.89746547,0.2529952,0.45438704,0.3745184,0.6441429,0.78855914,0.67272484,0.8921986,0.8295306,0.8086707,0.8258389,0.822782,0.826625,0.7249012,0.8455475,0.7635738,0.9978639,0.2529952
TATAGTGCTGGGTTTTTA,0.9961948,0.993574,0.9976112,0.99869967,0.99919254,0.9436116,0.95189667,0.9810026,0.9675417,0.934667,0.99865997,0.99978065,0.9984441,0.9999998,0.99999934,0.9756807,0.9932894,0.9987181,0.94334394,0.9990699,0.9244346,0.99401724,0.999185,0.98665494,0.9995802,0.9829939,0.9999998,0.9244346
TATAACTCTCGTGTGCGG,0.99978566,0.9993394,0.9986101,0.99822617,0.9995552,0.9974445,0.96342194,0.9722447,0.9717438,0.9653089,0.9996377,0.9984562,0.9975652,0.99994737,0.999942,0.9834034,0.98506606,0.99761266,0.92779905,0.99846274,0.97970957,0.9770947,0.990236,0.9724257,0.9937486,0.98667145,0.99994737,0.92779905
GGGCAGCGGAAGTCTGCT,0.8325121,0.88354456,0.739633,0.76586556,0.86228234,0.6792435,0.41474143,0.73384374,0.7527184,0.55901617,0.6725251,0.9316816,0.32371503,0.83558136,0.74457306,0.78519434,0.7759126,0.7829638,0.72519654,0.88596714,0.39735702,0.71199447,0.78674823,0.4266441,0.68031716,0.7075909,0.9316816,0.32371503
GATAACATGGTGGGTCGA,0.9978498,0.99855465,0.99697435,0.9973318,0.9998672,0.9712448,0.97476125,0.94821614,0.98305756,0.9472172,0.99691194,0.99936956,0.9957348,0.99998695,0.9999545,0.9715294,0.9799335,0.98122644,0.9003988,0.9982368,0.7373597,0.93535155,0.9527968,0.8339828,0.9043883,0.96008945,0.99998695,0.7373597
GGAGCCATTATCGAGCTG,0.9997014,0.9996169,0.9960525,0.99521244,0.99357945,0.99215955,0.83234584,0.873668,0.9757252,0.95961905,0.8732237,0.528508,0.7899339,0.9264483,0.97664547,0.8702077,0.8384539,0.8791938,0.71927255,0.91295815,0.653619,0.87356526,0.88089913,0.77411956,0.87292737,0.87950635,0.9997014,0.528508
GGCGCAATCATCGAGCTT,0.9995411,0.9975337,0.9887922,0.9809763,0.9792128,0.9802292,0.6660655,0.82133055,0.9607103,0.84522134,0.6905513,0.22370508,0.48632696,0.27875996,0.5958685,0.7385731,0.6923369,0.7379108,0.72803926,0.77631676,0.6724339,0.78748846,0.73757136,0.62164307,0.71624595,0.74813545,0.9995411,0.22370508
GACGAAGGGGCATGCTTT,0.8321519,0.91896194,0.9597728,0.9893993,0.9839301,0.8556043,0.9140958,0.8848838,0.94493145,0.9420354,0.93635964,0.9979564,0.84688455,0.9979043,0.9942781,0.9361414,0.93086374,0.8387584,0.68281794,0.9808461,0.47395515,0.68135864,0.76128274,0.39990342,0.5717118,0.8502715,0.9979564,0.39990342
ACCGCCATCACCACCCTC,0.99951285,0.9979299,0.9436647,0.96189207,0.9031468,0.9880354,0.86477697,0.8916156,0.94607055,0.8261589,0.98463434,0.97866875,0.5889026,0.6724954,0.57011074,0.9018779,0.5144366,0.8627586,0.65882665,0.5095925,0.9671822,0.61361593,0.45684794,0.5357315,0.5156829,0.78616667,0.99951285,0.45684794
GATAACATGGTGGCTCGA,0.9985176,0.99909556,0.9963586,0.99612325,0.9997959,0.9709056,0.9788314,0.95584965,0.98207533,0.93387276,0.99401474,0.99826235,0.98848647,0.99989134,0.9997952,0.9731053,0.9787929,0.9825765,0.892483,0.9980548,0.75448835,0.9252102,0.92762333,0.83115536,0.895598,0.95803857,0.99989134,0.75448835
GACACCGGGCTGGCTGTT,0.99693215,0.99718106,0.9715994,0.989392,0.99968576,0.9591369,0.91177565,0.97401845,0.9731873,0.7808061,0.9999338,0.99991184,0.9846192,0.99995726,0.99986124,0.99029374,0.97588676,0.98897785,0.93068933,0.99659693,0.95212907,0.8964065,0.95946306,0.68350923,0.8946883,0.95226556,0.99995726,0.68350923
AAGGACTATCGTGTGCGG,0.9990322,0.9976516,0.99703854,0.99606377,0.9950698,0.9889848,0.9481232,0.9268863,0.97765535,0.95952666,0.99755675,0.9954743,0.9924971,0.9998138,0.99956745,0.9533703,0.9757852,0.97644067,0.78090453,0.99535257,0.8454262,0.9331788,0.9564053,0.8337197,0.91865486,0.9576071,0.9998138,0.78090453
AGGCACCATAAGCAAACT,0.3365289,0.72300684,0.39871374,0.059510738,0.13338967,0.5656278,0.23880653,0.6472645,0.1093474,0.29533598,0.2694125,0.29747543,0.24347971,0.2599648,0.13641368,0.32781723,0.15468498,0.1053978,0.18881328,0.1902908,0.46643546,0.30804256,0.21697676,0.23757988,0.23864876,0.28595865,0.72300684,0.059510738
GAAGAATGGGCATCCTTT,0.88755375,0.97233254,0.98544556,0.9846941,0.97999996,0.79833716,0.94209194,0.8823374,0.9574676,0.96166134,0.6636275,0.96431464,0.7584853,0.947909,0.97934073,0.90084875,0.92613995,0.8815043,0.56937253,0.9855832,0.36609733,0.72107685,0.681205,0.5416469,0.6111086,0.83400726,0.9855832,0.36609733
ACCGCCTTCACCGCGCCC,0.99948615,0.9989385,0.96790916,0.9720267,0.98025674,0.995266,0.8132728,0.840814,0.93532836,0.8452418,0.99970186,0.9961541,0.84203976,0.895641,0.97534686,0.98357874,0.85110706,0.9745386,0.90745115,0.9645231,0.99092674,0.7947087,0.7997837,0.76496834,0.79896927,0.9155192,0.99970186,0.76496834
AGGTAACGGAACCAAAGT,0.2641458,0.23705153,0.44700783,0.13780224,0.21619578,0.37845078,0.12271567,0.5339008,0.0586692,0.15868783,0.16405626,0.111512646,0.12721707,0.033792704,0.03547894,0.18767227,0.101706885,0.06609766,0.093901545,0.09169698,0.20166649,0.26437274,0.15558729,0.21509705,0.18771634,0.18368803,0.5339008,0.033792704
TATTAAGCTAGGTGTTTA,0.9750507,0.98498845,0.9975696,0.9952096,0.9933765,0.93629974,0.95706016,0.97433317,0.96255904,0.85251606,0.9711158,0.9897873,0.994452,0.99976754,0.999888,0.86773056,0.9622667,0.9672908,0.71127677,0.9958641,0.86227244,0.9814504,0.9902321,0.97265905,0.9947217,0.9555896,0.999888,0.71127677
AAGACCGGCCAGACCGTG,0.9871344,0.9867469,0.8396746,0.90049326,0.927255,0.87747765,0.74517566,0.91065663,0.8700323,0.55165046,0.99449456,0.98463106,0.6612769,0.81563056,0.7045355,0.87231714,0.57967275,0.6290984,0.4952438,0.81875396,0.77916,0.4809153,0.31923136,0.2486021,0.29181686,0.730867,0.99449456,0.2486021
ATACAACGGGCATCTGCT,0.82813007,0.9873383,0.9513595,0.84910935,0.96777076,0.7524675,0.7077917,0.834259,0.76301837,0.6652338,0.98517126,0.99535424,0.9151643,0.9644281,0.977265,0.9395987,0.9202555,0.91903746,0.8138853,0.97916436,0.8498805,0.7982997,0.6502887,0.6485241,0.5744302,0.84948903,0.99535424,0.5744302
ATGGGCGGCGTTGCCGTA,0.99831635,0.9940191,0.9768482,0.99019235,0.9963759,0.959941,0.8488721,0.9732111,0.95649606,0.9194434,0.9998672,0.9999531,0.9559591,0.9999985,0.9999401,0.93858916,0.98039067,0.9898082,0.9502676,0.9903033,0.85091496,0.951689,0.989317,0.8781348,0.98549414,0.9629737,0.9999985,0.8488721
TATTATGCTAGTGGGTCG,0.9954665,0.98852086,0.9988106,0.9981493,0.9992583,0.99472976,0.9177174,0.9728081,0.9676214,0.9660082,0.99778825,0.9987337,0.99859285,0.99999815,0.9999966,0.9467925,0.9825163,0.9971971,0.88870215,0.99856234,0.93917763,0.9885042,0.99676365,0.98314905,0.9983868,0.9805581,0.99999815,0.88870215
GAGGTCTATCCTGTGCTG,0.99460524,0.9813628,0.9913748,0.9873161,0.98329425,0.97622895,0.7759899,0.87156487,0.96518517,0.92003465,0.98994255,0.87138337,0.949741,0.99951535,0.99959797,0.9534797,0.9863853,0.9964719,0.88930815,0.9955482,0.8897221,0.967412,0.9924139,0.95216256,0.99508107,0.95500493,0.99959797,0.7759899
CCGACCCACCCTCCGCCG,0.87181383,0.98031867,0.71611166,0.16727471,0.29821342,0.92025745,0.44856864,0.5097039,0.33889496,0.21207179,0.9986782,0.9840006,0.5992893,0.6267227,0.5597937,0.9509466,0.6981483,0.81756663,0.6601488,0.6698019,0.99066776,0.6303818,0.524548,0.5634159,0.5661562,0.6521397,0.9986782,0.16727471
AAGGACTATCGTGGACGG,0.9968592,0.99730057,0.99638516,0.99626464,0.9959734,0.9766266,0.93553543,0.9530214,0.96489024,0.96220636,0.99351406,0.9900735,0.983303,0.99920946,0.998396,0.89204484,0.9513032,0.9161849,0.64972466,0.9861826,0.716715,0.85541874,0.84040934,0.6875474,0.7260572,0.91844594,0.99920946,0.64972466
ATCCCCATCACCAACCTC,0.9986838,0.9980688,0.9340643,0.8767885,0.87968475,0.9764595,0.8132169,0.84744215,0.95661306,0.83431697,0.96855366,0.97748226,0.61426663,0.67006624,0.57140046,0.6760066,0.29063568,0.74083376,0.49053964,0.4551072,0.9620599,0.65926725,0.46595895,0.7101552,0.5669994,0.75738686,0.9986838,0.29063568
GAGCAACGGGTATCGATT,0.98953897,0.99166745,0.9482703,0.97436124,0.9739865,0.95573926,0.809455,0.93294364,0.9499625,0.8866656,0.9117589,0.97686696,0.8095663,0.9871204,0.98548055,0.83725244,0.87411946,0.6794846,0.74503744,0.9417013,0.48728454,0.7152852,0.70382714,0.47136503,0.5603701,0.84396434,0.99166745,0.47136503
GAACAACGGGCATCGACT,0.79331946,0.9793328,0.8773296,0.894405,0.9500276,0.8929584,0.8333348,0.85352457,0.88631546,0.7377318,0.9450673,0.98486423,0.7025723,0.8831757,0.9038851,0.89027685,0.7834363,0.5396847,0.6593859,0.9411576,0.5658071,0.4561714,0.2900906,0.25251764,0.2667292,0.75052404,0.98486423,0.25251764
GGGGCCTACCCTGAGCTG,0.90383255,0.88362116,0.9303311,0.9095543,0.52605844,0.8957579,0.36989015,0.5592634,0.7709677,0.65443635,0.97133476,0.14127216,0.3365994,0.47345802,0.41883445,0.7930754,0.7866772,0.8555822,0.59075075,0.7833801,0.81632704,0.85063285,0.91022056,0.71346414,0.9068734,0.7100879,0.97133476,0.14127216
AATTACTATAGTGGACGG,0.9978144,0.9982472,0.9989492,0.99767786,0.9985462,0.98695195,0.97476643,0.9640896,0.96379197,0.9554967,0.98429793,0.99191976,0.9954755,0.99960345,0.99951285,0.8479388,0.9425356,0.89592224,0.56192154,0.99232113,0.8172634,0.9490737,0.92257,0.9277975,0.9215483,0.9434412,0.99960345,0.56192154
TGTATTTCTCGTCTGCCG,0.97820234,0.94613326,0.9900711,0.872835,0.9626653,0.961266,0.75817156,0.7544047,0.7191767,0.6236279,0.9956429,0.9722999,0.99047434,0.99998814,0.99999505,0.94754905,0.9842898,0.9981969,0.9280348,0.99561095,0.9821294,0.9935198,0.99903077,0.99456686,0.99984884,0.9339093,0.99999505,0.6236279
ACCGCCATCACCAACCTC,0.99878097,0.9928354,0.9114326,0.9412168,0.8225869,0.9810198,0.8311035,0.83318585,0.9349372,0.81938046,0.9508829,0.96318346,0.5541516,0.65454483,0.5209474,0.76060724,0.38599178,0.7073826,0.5733556,0.402105,0.9418412,0.5871669,0.41901582,0.48177528,0.46463263,0.7373626,0.99878097,0.38599178
TAAGGCATTATCGATAAG,0.9965144,0.99836004,0.9840146,0.97822917,0.9890627,0.9833785,0.8485977,0.9428569,0.92027336,0.91642034,0.7285986,0.76917917,0.8101253,0.93460554,0.96662986,0.73343176,0.86298126,0.8329935,0.7065831,0.94406223,0.5429286,0.89316946,0.80299413,0.87420857,0.8578523,0.872722,0.99836004,0.5429286
GTAGAGTGTACATCGTCG,0.9763061,0.99530554,0.99390143,0.9768423,0.9265559,0.92950207,0.94458604,0.7855073,0.95793813,0.9581982,0.48705903,0.7391572,0.6911496,0.8935154,0.9835131,0.7815704,0.8695043,0.9452618,0.6353325,0.93986464,0.45007885,0.926291,0.9240696,0.89599234,0.9590033,0.8626402,0.99530554,0.45007885
ACCCCCATCACCACCCCC,0.99932116,0.9986899,0.89907414,0.88960737,0.89524764,0.987371,0.7928633,0.87177527,0.9416227,0.83219016,0.9935169,0.9941963,0.62074226,0.70678794,0.6568981,0.9164517,0.47341135,0.79908323,0.49138644,0.52880085,0.9820512,0.5609284,0.4414106,0.54030603,0.49385723,0.77230364,0.99932116,0.4414106
GTGGGCGGCTTTGCCGTA,0.998225,0.9902221,0.977414,0.9910748,0.99713075,0.96178114,0.8447737,0.97213346,0.96259046,0.9271431,0.9994229,0.9995006,0.87370175,0.9999965,0.999963,0.95073605,0.9853183,0.9942314,0.9528403,0.9883432,0.81434244,0.9715159,0.99639016,0.93690646,0.9973116,0.9633203,0.9999965,0.81434244
GACGCCATGATGGCTCTA,0.9989953,0.99900955,0.9892633,0.991952,0.998785,0.9837366,0.9453788,0.9445934,0.986486,0.8547072,0.9947524,0.99278545,0.9363907,0.99870384,0.9983105,0.98494464,0.97435385,0.9897463,0.91532665,0.9934396,0.87677383,0.88191396,0.91361374,0.75573295,0.87713253,0.95107317,0.99900955,0.75573295
GAAAACATTCTTGCTGTG,0.998938,0.9985658,0.9949561,0.9948019,0.99972236,0.98391676,0.93324846,0.9659959,0.9660057,0.9438558,0.9911032,0.99170077,0.9889919,0.99788076,0.99903196,0.97220427,0.9807056,0.9801096,0.84428906,0.9963295,0.88305604,0.9446928,0.9255624,0.8920313,0.9308709,0.9639427,0.99972236,0.84428906
TATTATGCTAGGCTGTCG,0.9864212,0.98193365,0.9969596,0.9894545,0.98802817,0.981478,0.909779,0.9382708,0.91272974,0.88990307,0.9939843,0.9956965,0.99438286,0.99996644,0.9999687,0.9492115,0.9843947,0.9973055,0.8847989,0.998155,0.94262123,0.9847656,0.9943043,0.98090404,0.99770546,0.97092485,0.9999687,0.8847989
AATAGTGCGGTGTTTTTA,0.9942691,0.9912035,0.994326,0.99729055,0.99911845,0.92388034,0.9565685,0.9562668,0.9657123,0.9164172,0.9990185,0.9998038,0.9980737,0.9999996,0.9999977,0.97444767,0.99439996,0.99677736,0.94396317,0.9988024,0.8850282,0.9886939,0.99765146,0.9653988,0.99774384,0.9773941,0.9999996,0.8850282
ATAAAGGGTCAGACTGCG,0.9819268,0.9935852,0.963458,0.9275737,0.9641874,0.8467727,0.79302615,0.7924991,0.8131944,0.7338744,0.9360601,0.98961234,0.89286256,0.98032486,0.9796235,0.74177814,0.81903934,0.9118803,0.64032155,0.97882766,0.46127877,0.69537324,0.52764416,0.5700612,0.44599488,0.8152313,0.9935852,0.44599488
TAAAACATTATAGATGAG,0.9807538,0.99562377,0.9910156,0.9425701,0.99589497,0.96004313,0.8644343,0.9450682,0.8993579,0.87546533,0.733889,0.9459684,0.9491666,0.9380867,0.96432614,0.6524033,0.7117882,0.37136772,0.2678491,0.95980495,0.56700987,0.7751425,0.4255189,0.7978669,0.42823336,0.79754585,0.99589497,0.2678491
GAGAACAGTCTAGCTGTG,0.99647826,0.99649715,0.9881966,0.9835301,0.99716,0.975944,0.9320922,0.97926205,0.9769434,0.8994615,0.90071034,0.8918458,0.8735835,0.9323815,0.97333395,0.82908016,0.9105226,0.7875696,0.5459618,0.9706985,0.56954366,0.77494484,0.7193312,0.596045,0.6340272,0.8654058,0.99716,0.5459618
AGGAACCAAAAGCAAAGT,0.09171454,0.26414037,0.2511722,0.028460134,0.16674754,0.20918086,0.11388877,0.5351644,0.05847203,0.15281695,0.24099447,0.210062,0.17960235,0.15128766,0.09137434,0.18404323,0.09224605,0.03889747,0.04890544,0.13914207,0.22685592,0.116516724,0.11423833,0.12067776,0.123221256,0.1579929,0.5351644,0.028460134
AACAGGGTCATCAACAAC,0.99567485,0.97884053,0.80028325,0.9124385,0.94442207,0.93736434,0.78499424,0.75923514,0.7133944,0.8058444,0.76093155,0.9117852,0.39934534,0.8502455,0.5938004,0.5300513,0.5349376,0.6196013,0.49148214,0.7993867,0.47993416,0.48552996,0.25189134,0.35192007,0.28007624,0.6789365,0.99567485,0.25189134
TATAATGCTAGTGGGCCG,0.9987448,0.99761385,0.99864215,0.9976757,0.9993043,0.99710155,0.9206318,0.9655471,0.97851473,0.9559742,0.9965486,0.9983354,0.9965645,0.9999772,0.99995774,0.9575037,0.97405523,0.9892053,0.8321545,0.9979369,0.89063776,0.9680023,0.97866213,0.94875807,0.9812748,0.97277296,0.9999772,0.8321545
GTAGAGGGGACATCGTAT,0.943644,0.9846354,0.95089155,0.9528033,0.8851501,0.81792223,0.9352919,0.7315322,0.9267524,0.9230758,0.35414675,0.95806557,0.30183962,0.7343489,0.7592093,0.46328568,0.51843756,0.6739043,0.4394581,0.66260386,0.2125374,0.68480426,0.65457046,0.52923644,0.6598799,0.7063211,0.9846354,0.2125374
GAAGGCATTATCGAGCTG,0.999704,0.9997289,0.9972889,0.99757946,0.9972097,0.9960551,0.9074281,0.9275993,0.98779416,0.9784941,0.9085475,0.8696223,0.8861851,0.9832505,0.99226373,0.85527664,0.8816954,0.86616457,0.7363976,0.972695,0.49177742,0.82976055,0.8054997,0.710317,0.7640395,0.89369494,0.9997289,0.49177742
CCCCCCCTCCCCGCCCCC,0.99946153,0.999678,0.9237062,0.93047106,0.9822921,0.9929162,0.8058601,0.8582973,0.8069411,0.8661395,0.9999873,0.9991056,0.66060853,0.70086396,0.8693946,0.98433393,0.76244164,0.9651552,0.7919223,0.8601215,0.99899507,0.6368709,0.6400173,0.6843273,0.6729478,0.8557141,0.9999873,0.6368709
TAACGGATTATAGATAAG,0.98555195,0.99623173,0.9820135,0.9809053,0.9917489,0.9834866,0.73897016,0.9279981,0.9442736,0.9150165,0.5416308,0.8749552,0.8274972,0.957711,0.97762877,0.6055145,0.77528965,0.44101867,0.3740342,0.9376568,0.3778082,0.8388951,0.66893756,0.83693063,0.7286073,0.80841255,0.99623173,0.3740342
GGAGCATTCACTGAGCTG,0.990232,0.78931445,0.9816313,0.9520183,0.91704464,0.93483686,0.32818627,0.5887241,0.8370518,0.7082136,0.7858863,0.2728173,0.6864326,0.68827194,0.91731375,0.80321085,0.8950474,0.9345654,0.7680696,0.957682,0.6316428,0.8673609,0.86901295,0.7784244,0.8713408,0.79017335,0.990232,0.2728173
ACGAACGAACAGACAGCG,0.6918054,0.78702193,0.41613153,0.28641146,0.49264094,0.5469342,0.4393495,0.5301367,0.6282228,0.4240322,0.4915084,0.76923364,0.41003036,0.60483587,0.40897697,0.364792,0.22638157,0.07861218,0.14303058,0.41976517,0.46945116,0.19829538,0.1755957,0.15372345,0.1745906,0.41326043,0.78702193,0.07861218
GACCAGGGCACATCTTGT,0.9873766,0.9901506,0.9746453,0.98386633,0.9935233,0.90001607,0.95349383,0.9477795,0.95373696,0.8014836,0.94900614,0.9705365,0.6672967,0.898643,0.84391826,0.9089191,0.8309938,0.8912633,0.77573156,0.9095849,0.7825716,0.7463772,0.67375046,0.48558205,0.5868529,0.85628396,0.9935233,0.48558205
AGGATCTACCCTGAGCCG,0.23806709,0.6383643,0.8645689,0.33217928,0.57689565,0.7701664,0.24074125,0.6019613,0.3656596,0.2669503,0.95154154,0.5659546,0.69925886,0.6155049,0.82286775,0.76054686,0.858467,0.8376804,0.5338411,0.9152526,0.8539885,0.8499711,0.80512667,0.784898,0.82847106,0.663157,0.95154154,0.23806709
AGTATTTCTCGTCTGCCG,0.9800939,0.9575579,0.99096495,0.8969804,0.95633644,0.9534122,0.717538,0.77045244,0.6576663,0.67052525,0.9977077,0.9889487,0.9931865,0.9999848,0.99998504,0.952754,0.9878626,0.9977387,0.9300672,0.996193,0.9775924,0.98832846,0.99731004,0.9876517,0.9991862,0.93384093,0.99998504,0.6576663
CCCCCCCCCCCCCCCCCC,0.99886096,0.9996375,0.8754271,0.71731037,0.790059,0.9898922,0.8322152,0.81962466,0.63080645,0.7288109,0.9999804,0.9983308,0.5756482,0.6316033,0.5717,0.98057353,0.55635476,0.8770825,0.63259023,0.52639025,0.99898124,0.53580797,0.48653284,0.5748326,0.5737421,0.75611186,0.9999804,0.48653284
GACCTGGTCACCAGCAGT,0.9971721,0.98800755,0.943851,0.98622984,0.9946432,0.96103626,0.7573617,0.9050025,0.9375496,0.924836,0.9847634,0.9517165,0.62325466,0.93699694,0.91638285,0.9148171,0.6627109,0.9531953,0.76545787,0.9365345,0.8679944,0.8138915,0.73578674,0.68925464,0.770119,0.8767426,0.9971721,0.62325466
ACGACGGGGCTAACTGTG,0.99237144,0.98713297,0.966531,0.9778853,0.96936744,0.93367577,0.76989925,0.9144906,0.93315464,0.59358466,0.9901449,0.99773836,0.8448361,0.9974041,0.98615354,0.8562641,0.88232183,0.82004786,0.8022925,0.9476568,0.7274692,0.77500373,0.77744436,0.48180038,0.61160886,0.8614511,0.99773836,0.48180038
AGGAAGCGTCAGACAGCG,0.7588082,0.7287228,0.38824648,0.4439868,0.57967335,0.6845928,0.31145093,0.6104175,0.50692475,0.28062594,0.56543106,0.5513444,0.2510943,0.27210876,0.25929853,0.44694665,0.47768614,0.22815882,0.51486677,0.7865395,0.28289685,0.40106794,0.23709764,0.24095425,0.2280871,0.44148114,0.7865395,0.2280871
CCCCCCCTCACCACCCCC,0.99868,0.99806523,0.7711719,0.7371144,0.8495412,0.9829936,0.72040653,0.78264356,0.7624007,0.7825653,0.9990366,0.9960101,0.5877324,0.6564917,0.6254396,0.9180337,0.49771088,0.9084836,0.63221043,0.44505408,0.9955767,0.57075614,0.49727213,0.62535983,0.58377254,0.75698096,0.9990366,0.44505408
AGGGGCGGCGGCGGAGGC,0.9953668,0.99155504,0.9806998,0.9909114,0.9964076,0.92485785,0.6566383,0.95091057,0.77192676,0.86996806,0.9998823,0.9999874,0.9031236,0.9999928,0.9976073,0.8562392,0.9330937,0.9491555,0.90915316,0.9625552,0.572766,0.73036397,0.87033254,0.32888058,0.60731864,0.8699878,0.9999928,0.32888058
GAGAGAGCGTTGTCTGTA,0.9922827,0.971271,0.9558271,0.9757661,0.99251825,0.7401437,0.9020515,0.95521456,0.9317945,0.74786997,0.9836657,0.99506307,0.9558964,0.99978185,0.99973416,0.9457618,0.9897235,0.9839322,0.82057303,0.9956188,0.56671935,0.9312238,0.9743578,0.7976194,0.9592064,0.92254454,0.99978185,0.56671935
GAGAGCGCAGTTGCTGTA,0.9875333,0.9674861,0.93894416,0.9828723,0.9976539,0.8779859,0.85345334,0.96623313,0.952932,0.86071324,0.98761064,0.98505056,0.90355927,0.9979852,0.99624634,0.9370747,0.98027885,0.97717714,0.9052895,0.9896604,0.64347965,0.8779452,0.93056655,0.66487134,0.8764797,0.92156327,0.9979852,0.64347965
GACAACATTAAGGGACGT,0.998239,0.9986832,0.9887608,0.99202687,0.9990309,0.9876568,0.8991863,0.9625372,0.9764844,0.90373844,0.8670943,0.9646864,0.91768247,0.94852793,0.9761323,0.8675586,0.6183403,0.2815567,0.51266146,0.9625938,0.51768386,0.53597337,0.3109092,0.3953829,0.26236108,0.7858195,0.9990309,0.26236108
GGAGCATTCACCGAGCTT,0.996753,0.97897094,0.9795276,0.9548591,0.938213,0.94522876,0.54077035,0.73313147,0.9091907,0.8076867,0.6847007,0.1755295,0.43015712,0.16340238,0.57716423,0.7350334,0.59389323,0.80865693,0.69632304,0.8099836,0.6377169,0.79597944,0.72444683,0.6629157,0.7555069,0.72142965,0.996753,0.16340238
GACGAGGGCACATCCTGT,0.9923352,0.9891744,0.9814692,0.9906067,0.99102587,0.94221324,0.96203274,0.9545624,0.95745647,0.8942962,0.83851236,0.87282085,0.37892258,0.59074485,0.4737616,0.8616655,0.71383816,0.80270684,0.71594095,0.87487733,0.53194267,0.62560296,0.5165258,0.34320012,0.43453342,0.7692308,0.9923352,0.34320012
AGGGGCGGCTGCGGAGAA,0.98068213,0.97037035,0.94357395,0.9557929,0.98233956,0.85668504,0.41958785,0.9180785,0.6519512,0.8644496,0.9993443,0.99985814,0.7624043,0.99996144,0.99473107,0.8511002,0.9760679,0.97607267,0.8846303,0.97699505,0.5000199,0.78433853,0.8747163,0.42291123,0.7167264,0.85053545,0.99996144,0.41958785
AACAGCGGCCAGACCGTA,0.9771514,0.98440725,0.717933,0.82028216,0.9402942,0.81864274,0.7953496,0.88817585,0.71187735,0.57338613,0.9948977,0.9920886,0.65733385,0.8482218,0.7370073,0.91285026,0.7359255,0.79799247,0.69507945,0.89253396,0.7763098,0.4724494,0.31007424,0.24407512,0.28568715,0.7432011,0.9948977,0.24407512
AATACCGCGGTGTGTCTA,0.9984812,0.9995088,0.9967254,0.9979172,0.9995813,0.9537156,0.9830565,0.9686786,0.98608625,0.94216573,0.9998899,0.99985266,0.996098,0.99998814,0.99996513,0.9890844,0.98971015,0.9955412,0.9493287,0.99848974,0.9555819,0.94918513,0.9741267,0.88196146,0.9576642,0.97849536,0.99998814,0.88196146
GAGAGTGCGTTTTTTGTA,0.9968647,0.9013253,0.9617277,0.9923564,0.9987405,0.81090534,0.8565252,0.94099784,0.9634457,0.88866967,0.9914138,0.996002,0.9900402,0.9999978,0.99999684,0.97332805,0.99270326,0.9950545,0.9360342,0.9975847,0.7599835,0.99014264,0.99888337,0.9706106,0.99929905,0.95610535,0.9999978,0.7599835
AACCGCATCATCAACATC,0.99897194,0.9964568,0.90500957,0.93388283,0.9279966,0.97968656,0.80421185,0.89702505,0.93290925,0.8964179,0.9210183,0.969661,0.61909443,0.78399837,0.6718064,0.8207469,0.5957255,0.79914725,0.71633303,0.82005674,0.8585637,0.5880012,0.36839032,0.5105742,0.40146756,0.7886862,0.99897194,0.36839032
GACGCCATGGTGGCTCGA,0.99945915,0.9994983,0.99349135,0.99727666,0.99974895,0.9772016,0.9625137,0.9556758,0.9914925,0.9163623,0.9997486,0.9997201,0.98437923,0.9999849,0.99991447,0.99213594,0.98440164,0.9950173,0.95095956,0.9975449,0.9230869,0.91071373,0.9638082,0.7737414,0.92914575,0.96788085,0.9999849,0.7737414
AGGAAGGAACAGACTGCG,0.21576051,0.38094547,0.33571813,0.19919194,0.2652555,0.408801,0.27949333,0.4047941,0.5301926,0.22706613,0.22677903,0.20596164,0.18334667,0.08713457,0.14252321,0.21383038,0.14825088,0.08053911,0.07462323,0.25250596,0.15868162,0.17179933,0.1517166,0.15209807,0.14986642,0.22587503,0.5301926,0.07462323
AGCAGCGGCGATACCGTA,0.93300647,0.8895616,0.6919122,0.5990955,0.86922455,0.6899706,0.5071653,0.797058,0.5143381,0.4530352,0.9783445,0.986376,0.593433,0.948898,0.82448006,0.76984864,0.84015024,0.74587405,0.81046677,0.7813924,0.6668315,0.6500946,0.5397452,0.33990878,0.3817446,0.7120783,0.986376,0.33990878
AACCGCATCATCGATATC,0.9988755,0.9982796,0.9683383,0.9679303,0.99304897,0.99285954,0.81463003,0.9141188,0.92470527,0.9163939,0.9853188,0.9869712,0.86259055,0.9062532,0.9346891,0.9233705,0.8731176,0.91931105,0.82258606,0.9343805,0.9021045,0.7719543,0.55065167,0.6571369,0.5248976,0.88178056,0.9988755,0.5248976
ATACAACGTGCATCTGCG,0.96223253,0.994675,0.98300344,0.9277158,0.97070724,0.84846514,0.8045695,0.8702099,0.8197194,0.753204,0.9884644,0.9936056,0.95085186,0.97432464,0.98657316,0.9640233,0.9585622,0.958282,0.8556063,0.9901252,0.8975594,0.8729299,0.77458006,0.80667526,0.7593627,0.9066412,0.994675,0.753204
TAAAACAGTCTAGCTGTG,0.99758446,0.9988557,0.99530023,0.9894919,0.9993332,0.9894427,0.9490511,0.9872303,0.9665349,0.9282919,0.9750704,0.99080604,0.97151285,0.9807814,0.9900763,0.8866499,0.9243937,0.87387824,0.56651413,0.9834934,0.80630004,0.87066835,0.7158446,0.8148982,0.7081786,0.9144074,0.9993332,0.56651413
GTAGAATGGACATCGTCG,0.7205784,0.9461433,0.9770151,0.8181453,0.6299966,0.6913729,0.8721023,0.47765806,0.8793525,0.83399487,0.29817578,0.5506935,0.5435835,0.2307844,0.7611388,0.6460141,0.70100164,0.72024363,0.3452404,0.8794759,0.33173692,0.7901417,0.698486,0.728962,0.74276847,0.67259234,0.9770151,0.2307844
AGGGGAGCATTTGGCGAA,0.9712071,0.585003,0.838238,0.91437525,0.9517367,0.6565021,0.29475734,0.8217303,0.43445563,0.8412473,0.9390671,0.95363194,0.78241557,0.99247164,0.9882063,0.68736726,0.9605046,0.8786814,0.71175206,0.9546597,0.33328673,0.83636993,0.9017619,0.6216957,0.8366726,0.7875119,0.99247164,0.29475734
AGGTACCAAAAGCAAAGT,0.073330164,0.19267325,0.25693002,0.037331685,0.1423362,0.19920814,0.16747004,0.6031159,0.048175216,0.16532421,0.20509516,0.13647826,0.15771095,0.05751721,0.04635993,0.18270867,0.083546914,0.05067411,0.07051745,0.096581355,0.2573034,0.20171656,0.148489,0.20900513,0.17984295,0.1587777,0.6031159,0.037331685
GACCTGGTCATCTGCAAT,0.99963075,0.9989335,0.98502433,0.9968521,0.9985519,0.9752754,0.9189392,0.9264336,0.9703708,0.9790254,0.99415773,0.9861994,0.8937707,0.9992331,0.9987879,0.96592003,0.9613159,0.99281317,0.8936903,0.99128145,0.9077713,0.9247332,0.9552735,0.8945964,0.9647585,0.9629336,0.99963075,0.8936903
AGGCAACGGGCGTCTGCT,0.4823863,0.7793559,0.6784054,0.49528858,0.835398,0.578968,0.29142386,0.7308198,0.5429895,0.3504364,0.9953943,0.9977906,0.8975042,0.9968044,0.9924875,0.9158773,0.9484857,0.901385,0.84842247,0.97661585,0.81293714,0.810986,0.8558892,0.48349056,0.70764554,0.7562874,0.9977906,0.29142386
TATAATGCGGTGTTTTTA,0.99543774,0.992642,0.9965783,0.9969318,0.9993344,0.94374955,0.9600573,0.9657348,0.9750742,0.92618245,0.9957967,0.99914974,0.9977945,0.9999983,0.999996,0.9733239,0.9923466,0.9962606,0.94180524,0.998961,0.919626,0.991799,0.9980486,0.9832025,0.9989119,0.9815496,0.9999983,0.919626
AGGGGAGCGTGCGGCGAA,0.98625255,0.8769644,0.94787157,0.9579479,0.96234334,0.77043635,0.38500193,0.8479479,0.4632547,0.90496916,0.9977736,0.999774,0.807533,0.9996644,0.9940896,0.8203966,0.9686573,0.942274,0.8231104,0.9746117,0.42369378,0.7360781,0.8406284,0.39270753,0.6569478,0.81923723,0.999774,0.38500193
AAGACGGGACAGACAGTG,0.9526144,0.91058815,0.7508094,0.8881963,0.8785187,0.8523735,0.60734475,0.8569672,0.9006399,0.55193853,0.7283437,0.9331112,0.43456268,0.769862,0.44004497,0.37650168,0.22263026,0.17470607,0.23968582,0.60007095,0.26489326,0.23797014,0.18337023,0.16304721,0.16667603,0.56341875,0.9526144,0.16304721
AATTAAACGGTGGGTTGA,0.9945269,0.99169004,0.9985425,0.99692255,0.99954015,0.93286425,0.9732067,0.958311,0.9557408,0.90253115,0.99759734,0.99912465,0.9978393,0.99994606,0.9998479,0.9452762,0.97505754,0.9660068,0.8226861,0.99547154,0.7736892,0.9417707,0.9429386,0.8656494,0.8779854,0.95219046,0.99994606,0.7736892
GGGCAACGGATCACTATT,0.93856657,0.78076345,0.5823293,0.4208782,0.47887862,0.82622063,0.20903456,0.82191044,0.6486637,0.49868912,0.17570531,0.074021794,0.16715515,0.027118856,0.0678136,0.39256644,0.49830866,0.30415466,0.4407667,0.45059484,0.31709862,0.6170085,0.48147705,0.38831878,0.46610305,0.4429658,0.93856657,0.027118856
GAGGACTATCGTGCGCTG,0.9981331,0.997286,0.9938772,0.99444425,0.9835323,0.98461497,0.90665734,0.89949656,0.9828642,0.9667778,0.98737866,0.957519,0.9443611,0.99704033,0.9982576,0.92863494,0.9609761,0.9645258,0.7977761,0.9872674,0.7534175,0.9133295,0.9503938,0.8111117,0.93353987,0.9437285,0.9982576,0.7534175
TTACGGGGTATATCTAAG,0.9953879,0.9990415,0.9884925,0.98372895,0.97044057,0.95861304,0.9199305,0.94757414,0.9346363,0.94002503,0.835817,0.9776093,0.7931172,0.9988505,0.998812,0.5301422,0.9264019,0.91591066,0.75930756,0.9037677,0.60417217,0.95785564,0.9661614,0.94550204,0.986346,0.9095058,0.9990415,0.5301422
AACCGCGTCATCAACAAC,0.99768937,0.9937931,0.78230786,0.8550258,0.9112154,0.9474946,0.7106761,0.81600153,0.8138488,0.9223732,0.96655786,0.9716385,0.55427545,0.81639606,0.6998446,0.83239585,0.679347,0.87692195,0.8023348,0.84293455,0.8354019,0.62757033,0.35437953,0.4712346,0.39709684,0.7791502,0.99768937,0.35437953
ATAGAGGGTACATCGTCG,0.9700712,0.9963247,0.9910368,0.97691375,0.94025487,0.9316996,0.94753957,0.8453862,0.93059283,0.9191423,0.8389849,0.9754635,0.820501,0.97590095,0.97836876,0.6636231,0.742026,0.8470615,0.5649304,0.91531354,0.44992167,0.82046115,0.76935184,0.727107,0.7589506,0.85187715,0.9963247,0.44992167
ATACAGGGTCAGTCTGCG,0.99811107,0.99915785,0.98714495,0.99032384,0.99271166,0.93353415,0.9033155,0.8611772,0.92173696,0.9218893,0.99660134,0.998577,0.9766832,0.99956924,0.99906635,0.93537104,0.9582787,0.9875018,0.9161376,0.9943505,0.8487001,0.912955,0.9250713,0.8350649,0.9008305,0.94775444,0.99956924,0.8350649
AATTACACTAATGGACGT,0.9990696,0.9989154,0.99596095,0.9970206,0.9989686,0.9954181,0.96431196,0.98135525,0.96400124,0.9489284,0.9339035,0.95889896,0.9541284,0.9472057,0.97706723,0.7415552,0.8043546,0.714727,0.531386,0.9444803,0.75841725,0.840053,0.62057096,0.8383942,0.6239979,0.88132364,0.9990696,0.531386
AACAGCGTCATCAACAAC,0.9936673,0.98259264,0.75982606,0.7284245,0.90498513,0.90837795,0.768652,0.81456214,0.64059424,0.8032183,0.8763241,0.9433771,0.50641507,0.8064048,0.60685194,0.7015644,0.6387399,0.72094494,0.68093127,0.8436281,0.70361763,0.5081572,0.2907884,0.3949652,0.32019684,0.71391237,0.9936673,0.2907884
ATCATCGTCATCAACAAC,0.9916522,0.9867856,0.87738264,0.45311093,0.9305573,0.8506138,0.69843984,0.81930685,0.6342047,0.7354475,0.8390728,0.90335524,0.5879799,0.7816633,0.7664115,0.5056258,0.61392593,0.88505054,0.8119506,0.9050419,0.8658004,0.8479518,0.6054276,0.8675655,0.78648645,0.7820324,0.9916522,0.45311093
AGGGGAGGCTTTGGCGAA,0.98320276,0.83011734,0.90443146,0.9496325,0.97751373,0.76396066,0.29982334,0.85902023,0.610543,0.84362197,0.994906,0.9992647,0.90616643,0.99994713,0.99969804,0.8375692,0.98590493,0.9634432,0.8442249,0.9850199,0.42171088,0.9037159,0.9657332,0.69722086,0.9353403,0.8584693,0.99994713,0.29982334
TATTATGCTAGTGGGTGG,0.9989266,0.99570465,0.99954265,0.99930644,0.9998112,0.99549174,0.9577915,0.9852556,0.9727497,0.9735526,0.9987274,0.99915725,0.99922127,0.999999,0.9999973,0.95509905,0.9860645,0.99758327,0.90242875,0.9989729,0.9402589,0.9894598,0.99747545,0.98361355,0.9985031,0.9849878,0.999999,0.90242875
GACTTGGGCTCCTGCAGT,0.99757683,0.99604076,0.9908201,0.99765986,0.9993164,0.9568609,0.95061976,0.9715008,0.9772755,0.938257,0.99941313,0.99898815,0.94943196,0.9999921,0.9999147,0.98090506,0.98441523,0.9976563,0.9431901,0.9963226,0.9373062,0.9571688,0.98761016,0.92790294,0.99060494,0.9770699,0.9999921,0.92790294
TATTAAACTAGTGGATGG,0.99761564,0.9894657,0.9992183,0.99789375,0.99904054,0.9881726,0.9558525,0.98089594,0.95356977,0.89927375,0.9403737,0.9644957,0.9915614,0.99222225,0.9977172,0.7433003,0.9083778,0.88120097,0.44567192,0.98791206,0.74964935,0.953131,0.9300271,0.94611734,0.9490098,0.92567044,0.9992183,0.44567192
TATTATGCTAGGTTTTTA,0.9966674,0.9899482,0.99796903,0.99741364,0.9973337,0.95535684,0.9575664,0.97348285,0.97390383,0.9127084,0.9787719,0.99111617,0.99669594,0.9999878,0.9999929,0.93215626,0.9785783,0.99548167,0.90290713,0.9975534,0.936679,0.99406826,0.99848485,0.991972,0.99958056,0.9778551,0.9999929,0.90290713
AAGACCAGTCTGACTGTG,0.9978705,0.9980159,0.97582513,0.9632468,0.98842484,0.9564135,0.9182766,0.9758508,0.97788894,0.66829777,0.9944434,0.9933915,0.9583499,0.9883413,0.99099165,0.9407994,0.9576143,0.96024954,0.66821426,0.9849852,0.8593824,0.8387544,0.7523452,0.65628976,0.6564714,0.9048295,0.9980159,0.65628976
TTACGGGGTACATCTAAT,0.9765146,0.9950753,0.9289648,0.9375415,0.94491637,0.90958905,0.90449756,0.9470934,0.8919165,0.8957557,0.71910477,0.94480675,0.4708006,0.98288757,0.97336787,0.47423983,0.77755827,0.8976548,0.73218256,0.7563956,0.637484,0.9323518,0.9208591,0.9154425,0.9679806,0.8573993,0.9950753,0.4708006
GAGGTATATCGTGTGCTG,0.9975867,0.97875696,0.9971876,0.9926528,0.9743342,0.9572895,0.763084,0.828343,0.9717912,0.91779846,0.95643735,0.9518276,0.97925997,0.99955434,0.9998812,0.90555555,0.98298305,0.98227704,0.83378613,0.9952157,0.65775573,0.96972096,0.9907848,0.939783,0.9916095,0.9406103,0.9998812,0.65775573
AGCGCCATCATCAACCTC,0.9994582,0.99689627,0.9571502,0.9433347,0.9136975,0.9770994,0.81930196,0.8514669,0.89648426,0.83233327,0.81227756,0.7234068,0.43470097,0.6029547,0.38215476,0.68445235,0.5728326,0.8348317,0.7593262,0.47940102,0.85662,0.7064944,0.46271345,0.5781876,0.53044754,0.7443209,0.9994582,0.38215476
GAGGTATTCACTGAGCTG,0.961337,0.52880174,0.9738454,0.94558495,0.8895637,0.91935426,0.44399416,0.7647365,0.91241837,0.7605763,0.72930497,0.32492656,0.7507215,0.9103062,0.98412484,0.7498793,0.92391396,0.9497273,0.7005246,0.9716398,0.5537557,0.9294674,0.94202167,0.90001476,0.96290976,0.8153381,0.98412484,0.32492656
GTGGGTGCATTTGTTGTA,0.99844027,0.78488106,0.9524128,0.98955137,0.99711925,0.89008397,0.7982029,0.93928266,0.9626935,0.91307855,0.959515,0.97200865,0.9384581,0.9999686,0.9999818,0.9164816,0.9891096,0.9954191,0.9287632,0.9946522,0.65003866,0.99066657,0.99907553,0.9800698,0.9996219,0.94158304,0.9999818,0.65003866
GAACGGGGTACATATTAT,0.8990197,0.98475564,0.863077,0.95945907,0.9317504,0.7553569,0.8924597,0.94079894,0.9231104,0.92121273,0.47699282,0.9031062,0.425997,0.95895857,0.92809206,0.57754576,0.7044755,0.5565163,0.5435568,0.85511094,0.25553825,0.73117566,0.68360156,0.55202943,0.621198,0.75379586,0.98475564,0.25553825
TATTAAGCGGGGGGTTTA,0.94526356,0.95237,0.9971116,0.99587655,0.99878144,0.887467,0.9342911,0.9615752,0.9381311,0.897496,0.9990816,0.9999189,0.9980751,0.99999803,0.9999904,0.9192896,0.96051216,0.97241956,0.8631311,0.9944561,0.84968036,0.9699424,0.989658,0.9372177,0.9855522,0.95789146,0.99999803,0.84968036
AACGGCGGCGTTGCCGTA,0.99917775,0.9975951,0.9862047,0.9953394,0.999452,0.9843859,0.9014351,0.97792727,0.95793605,0.90694255,0.9999642,0.99995023,0.9845508,0.99999124,0.99988574,0.98469526,0.9843709,0.98979896,0.9638077,0.9950442,0.9232852,0.90487856,0.9586617,0.6877953,0.90192926,0.95940024,0.99999124,0.6877953
TTACGGGGTACATCTAAG,0.96939415,0.9933734,0.9471513,0.9383491,0.9045989,0.8820343,0.8565475,0.9005614,0.8806551,0.8730606,0.7966129,0.94806015,0.52310854,0.9846489,0.97085124,0.47423983,0.77755827,0.8976548,0.73218256,0.7563956,0.6417156,0.92893004,0.9140566,0.9096734,0.96383655,0.8546101,0.9933734,0.47423983
GACGAGGGGGCATGCTTT,0.9323917,0.9723988,0.97965395,0.99707085,0.9954665,0.9294354,0.9493986,0.9044812,0.96718025,0.96812016,0.9875392,0.9998806,0.8706637,0.9999512,0.99916536,0.95205975,0.9487016,0.9531068,0.8670086,0.98715144,0.5097182,0.77893096,0.8902432,0.46905217,0.75281245,0.9024633,0.9999512,0.46905217
GAGCAACGGGTCACTATT,0.99345887,0.97521,0.86031556,0.9351318,0.95260227,0.94270384,0.59087706,0.93347895,0.9422967,0.81262505,0.85459673,0.9315291,0.5553644,0.86584276,0.8825223,0.8095267,0.820316,0.79682475,0.76517427,0.91988623,0.5395689,0.6858517,0.5925088,0.42765728,0.50336915,0.79556954,0.99345887,0.42765728
GACATGGTCATCAGCAGC,0.99923575,0.9965707,0.9804652,0.99258614,0.9986312,0.9735447,0.88853925,0.9024503,0.94457936,0.90577257,0.93656164,0.9418167,0.776165,0.9770643,0.98356235,0.8957765,0.88727385,0.96015155,0.84102637,0.9862002,0.6945645,0.84558415,0.7528146,0.74456865,0.78307104,0.9035431,0.99923575,0.6945645
GACCTGGGCACATACAGT,0.9855609,0.9860013,0.95384586,0.97730076,0.98211396,0.90362,0.8870747,0.949307,0.9106092,0.8619432,0.87569267,0.89230394,0.38445845,0.8419263,0.6606371,0.8027011,0.52110636,0.8289436,0.7476621,0.8396897,0.68031514,0.73458827,0.5538863,0.51272523,0.5433156,0.7926932,0.9860013,0.38445845
AGGGGTGCATTCGGTGAA,0.9908787,0.87104666,0.8786059,0.9662655,0.9904145,0.85695726,0.5495952,0.92582536,0.741521,0.9037762,0.9774997,0.98611957,0.83486426,0.99968433,0.99820626,0.8006413,0.9663162,0.98251843,0.88097054,0.97808814,0.5126817,0.93740845,0.9772517,0.8452187,0.9715652,0.89295685,0.99968433,0.5126817
GACGGCAGTCAGGCAGGT,0.99887455,0.9977546,0.9455308,0.9899737,0.99849427,0.98149717,0.8576989,0.97248745,0.936522,0.89891386,0.9920659,0.99034977,0.78580254,0.990741,0.9672354,0.90368694,0.75294816,0.91576266,0.8865318,0.9692669,0.63172203,0.67650795,0.676404,0.39305595,0.487032,0.8638744,0.99887455,0.39305595
ATCAGCGGCGACGCCGAA,0.9951939,0.9976191,0.9580643,0.94132173,0.9865273,0.9519259,0.8177533,0.90694517,0.7193959,0.9180604,0.9990012,0.99798506,0.79760104,0.97589725,0.93007636,0.8978309,0.85631293,0.9235932,0.8790895,0.9445562,0.8587489,0.73110515,0.569505,0.43166533,0.45115218,0.8574771,0.9990012,0.43166533
AGGAAGGGTCAGACAGCG,0.82904494,0.8168001,0.55042386,0.6420664,0.6614913,0.72895056,0.35794345,0.63020307,0.6856343,0.3813682,0.42507088,0.85612947,0.2533551,0.44265786,0.48271978,0.34063044,0.421649,0.26220393,0.3810571,0.77221566,0.17079516,0.35575458,0.23351146,0.2208001,0.19682986,0.4839723,0.85612947,0.17079516
AAGACCGGACAAACCGTG,0.9172278,0.94599724,0.7187576,0.7849272,0.84661627,0.8498078,0.5571196,0.91310066,0.8141552,0.70348465,0.703178,0.884859,0.44745636,0.7052597,0.4623365,0.56534415,0.2547794,0.1864219,0.19858316,0.4325078,0.5061904,0.26731938,0.20647016,0.18248105,0.21174675,0.57064515,0.94599724,0.18248105
GAGAGTGCGTTTTCTGTA,0.9960304,0.96233666,0.9693718,0.9914242,0.99863964,0.84194505,0.87931496,0.9594545,0.95882076,0.892742,0.9914022,0.99580973,0.9784512,0.99999386,0.9999904,0.9713885,0.9924522,0.99614406,0.9363015,0.9971207,0.75768316,0.9820861,0.9973084,0.9562717,0.99806434,0.9600219,0.99999386,0.75768316
GGGCAACGGAACCACACT,0.28239423,0.2954334,0.27944517,0.09433337,0.113809764,0.58702654,0.05207611,0.3997697,0.09477588,0.36035985,0.12523764,0.041002758,0.10488766,0.015257259,0.023509232,0.30388844,0.13660663,0.112291716,0.167417,0.11186779,0.2319969,0.30492517,0.18066505,0.17816946,0.21950342,0.19266601,0.58702654,0.015257259
ATCAGCGGCGATACCGAA,0.9627833,0.9743766,0.75222504,0.55865467,0.8240196,0.69917166,0.57446635,0.73540604,0.5994962,0.7416875,0.9869689,0.9905261,0.6619347,0.9527646,0.879243,0.78795695,0.8136953,0.8166165,0.8097364,0.8996609,0.7598899,0.731033,0.5527433,0.52590394,0.4928023,0.7633504,0.9905261,0.4928023
AATTACACGGTTGGACGA,0.9994043,0.9990964,0.99788433,0.99838346,0.99967253,0.9888438,0.98815036,0.96801686,0.9751234,0.9558624,0.99802446,0.9979212,0.9931949,0.99979496,0.99960214,0.9396528,0.9680372,0.95622426,0.873089,0.9915388,0.8608528,0.92554307,0.893207,0.86724055,0.86821055,0.96010286,0.99979496,0.8608528
AGGAACGGACATACAGAG,0.43396604,0.2204201,0.10404331,0.039884318,0.20099136,0.3840544,0.11640636,0.45854673,0.321905,0.31812754,0.25246173,0.22974204,0.18565422,0.1613508,0.12254334,0.159516,0.18444008,0.08052573,0.10291861,0.19484414,0.21960703,0.22840331,0.17487898,0.17937212,0.17453767,0.20996563,0.45854673,0.039884318
AATTAAGCGGTGGGTTGA,0.9912167,0.9893638,0.9983665,0.9975715,0.9997145,0.9174799,0.9749253,0.9603928,0.9421647,0.91622204,0.9994372,0.9998596,0.9987114,0.99999756,0.9999823,0.9571073,0.9885904,0.9835403,0.88915807,0.9981605,0.8350211,0.96103466,0.9805588,0.8924627,0.95038635,0.96485704,0.99999756,0.8350211
ACCGCCTTCACCGCCCTC,0.99970865,0.9986044,0.9817896,0.9913962,0.9925956,0.994534,0.8691319,0.9227744,0.93978506,0.89164937,0.99950176,0.9943344,0.79148525,0.8414487,0.95909435,0.9803791,0.83005637,0.97150385,0.89253896,0.94350946,0.9915827,0.7994436,0.79768986,0.79117733,0.82121474,0.91947716,0.99970865,0.79117733
AGGAACGGACATACCGAG,0.5333694,0.27552375,0.1778947,0.06872397,0.21215823,0.43648162,0.18116765,0.49051642,0.3411667,0.41600794,0.3283357,0.32280615,0.22892208,0.20183279,0.16501468,0.24565183,0.26414683,0.09883626,0.11225707,0.2059073,0.28541765,0.2909277,0.20712042,0.20111474,0.207214,0.25994062,0.5333694,0.06872397
ATAAAGAGTACATCTGAG,0.9868609,0.995321,0.9902143,0.9182273,0.9545265,0.8908072,0.922615,0.9159038,0.8941572,0.82082134,0.68369925,0.92268866,0.81071615,0.83456415,0.79942155,0.48873198,0.7187269,0.53072643,0.2224644,0.9028613,0.46120134,0.6156308,0.33810234,0.60542405,0.31995264,0.74177474,0.995321,0.2224644
ACGGCCTACCCTGAGCCG,0.9766122,0.97482556,0.95326424,0.946086,0.62963545,0.95679784,0.68274933,0.6008586,0.89640284,0.5751569,0.9979374,0.9504883,0.7781433,0.82017606,0.88770443,0.9402085,0.8674711,0.8888096,0.73466974,0.93046373,0.9589844,0.79206496,0.78000504,0.66595334,0.73471826,0.8368074,0.9979374,0.5751569
ATACAATGTGCATCTGCT,0.9819543,0.99699813,0.99307144,0.9601294,0.9854589,0.8869761,0.88094175,0.94074315,0.91527766,0.88243467,0.9749183,0.9946273,0.975135,0.9963493,0.9981026,0.9756398,0.9830039,0.98745704,0.86683017,0.9975786,0.88635,0.9359801,0.91540784,0.91017,0.9260976,0.9499052,0.9981026,0.86683017
AGGGACGAAAAACGACAT,0.14016773,0.6126016,0.255428,0.16334122,0.19939394,0.4808842,0.2322085,0.5306476,0.3191956,0.60973895,0.11865989,0.055849336,0.07909694,0.019959353,0.02716003,0.10895648,0.07335466,0.032875836,0.049443323,0.04261871,0.1129169,0.11606352,0.09886011,0.114787355,0.1179227,0.18848534,0.6126016,0.019959353
GGCGCCATCATCGAGCTT,0.99959654,0.99905616,0.9835696,0.9865023,0.9888304,0.9900592,0.7750157,0.8397667,0.9696114,0.90923667,0.95378345,0.4228577,0.5592835,0.7242336,0.81423444,0.8676442,0.7894842,0.93649846,0.83044285,0.8072513,0.8531638,0.82705337,0.8572093,0.7094477,0.84220684,0.8494416,0.99959654,0.4228577
AATTACACTATTGGACGT,0.99972,0.9995902,0.9982176,0.9986171,0.9996187,0.99695784,0.9867863,0.98832846,0.98003125,0.9660401,0.9866287,0.9864941,0.9886108,0.99693835,0.9982953,0.86957484,0.94084764,0.9069663,0.7124837,0.97993326,0.87519705,0.93987787,0.89544576,0.92454606,0.9100834,0.9530332,0.99972,0.7124837
GAGGAATTTACTGCGCTG,0.9929809,0.9429139,0.98943394,0.9854975,0.9714185,0.9810943,0.58710796,0.84507483,0.9599249,0.9131262,0.8146529,0.67901343,0.90466845,0.9620964,0.996706,0.8417387,0.9432818,0.8248197,0.54178834,0.97949517,0.533421,0.92613775,0.94243866,0.8741442,0.94676757,0.87518966,0.996706,0.533421
TATTACATTAATGGATGG,0.99639016,0.9944873,0.9979395,0.9967483,0.9993865,0.993278,0.8955396,0.969215,0.9145718,0.9133798,0.87340397,0.9383499,0.9880423,0.9934532,0.9985057,0.7774724,0.9231954,0.9254681,0.7545184,0.99121386,0.8082411,0.9692242,0.96383196,0.9705921,0.9822955,0.94114983,0.9993865,0.7545184
AGGGACCAGAGACGACGT,0.29517925,0.8265805,0.84673625,0.4790114,0.48645276,0.47944424,0.5566098,0.7102548,0.48189092,0.5279654,0.29802075,0.24260008,0.23541279,0.092611216,0.08812496,0.2075211,0.15944232,0.09826513,0.089229725,0.10268981,0.25078505,0.27261582,0.19505118,0.17285137,0.18863823,0.3353594,0.84673625,0.08812496
TAACAGGGTACATCTTAT,0.9815428,0.9955788,0.97435427,0.9730435,0.9868778,0.9394998,0.94664603,0.9726804,0.9540572,0.93031925,0.7880744,0.97827905,0.80825526,0.97103953,0.97366834,0.75479674,0.8535582,0.7915894,0.6181309,0.938096,0.66556937,0.8720826,0.7817252,0.8233647,0.82259387,0.8838169,0.9955788,0.6181309
TATAGCTCTCGTCTGCCG,0.99413395,0.9962133,0.9910729,0.9790455,0.9646268,0.9886972,0.9125016,0.8697009,0.89473605,0.8656421,0.99941885,0.9958817,0.98745775,0.99986625,0.99989396,0.97904176,0.9836132,0.99864644,0.9309217,0.9970101,0.9840113,0.9751848,0.99188626,0.9759688,0.99648255,0.97006625,0.99989396,0.8656421
AATAACTCTCGTGTGCCG,0.9995617,0.99872714,0.9972914,0.9957397,0.99798685,0.9962608,0.95349574,0.9223238,0.963135,0.95703006,0.9996125,0.99876785,0.9961274,0.9997728,0.9998212,0.98472226,0.9847366,0.9953223,0.90457785,0.9980304,0.9694689,0.95600957,0.9602414,0.93068445,0.9635181,0.97691864,0.9998212,0.90457785
ACCGCCTTCACCGAGCTC,0.9994829,0.9978701,0.97980136,0.9876968,0.9799006,0.9919657,0.72341156,0.8127762,0.93739384,0.8563212,0.9989953,0.9925466,0.8498452,0.89461976,0.9695811,0.9637666,0.823705,0.9651216,0.8763608,0.9489119,0.9831836,0.8039641,0.79671985,0.77358025,0.7909592,0.90793914,0.9994829,0.72341156
AATACCACGGTGTCTCTA,0.9994558,0.999773,0.9965529,0.99690115,0.9987552,0.9691108,0.9862335,0.9712476,0.98394805,0.90614927,0.99892837,0.998685,0.9831864,0.9983122,0.9987829,0.9811171,0.97275645,0.98577005,0.87298566,0.991862,0.94369483,0.9127085,0.8927241,0.85180354,0.88721454,0.96314627,0.999773,0.85180354
GGGCAACGGGTCACGATT,0.98285705,0.9395584,0.6822501,0.78948164,0.7699492,0.9033068,0.3386638,0.7722094,0.7897517,0.6882439,0.7719538,0.8383616,0.32619372,0.6142962,0.6625381,0.65954757,0.68989825,0.61424965,0.7169865,0.80652267,0.4437813,0.6798436,0.6569585,0.38459623,0.5590533,0.6832421,0.98285705,0.32619372
TATTATGCTGGGTTTTTA,0.99751645,0.99224555,0.9986757,0.9989617,0.9991726,0.95214564,0.9730168,0.9803117,0.97856784,0.9396816,0.9981667,0.9994764,0.9990982,0.9999998,0.9999996,0.97315186,0.9932457,0.9990178,0.95073,0.9992895,0.9590564,0.9963368,0.9994934,0.9933066,0.9998348,0.98682,0.9999998,0.9396816
AGGAACGACGATAGCGAG,0.6110535,0.57125276,0.48602438,0.34489828,0.4257424,0.4415469,0.24290039,0.5227172,0.44371045,0.6861633,0.50332844,0.54202586,0.39184922,0.32647175,0.2932293,0.31288192,0.3874136,0.07481716,0.1410612,0.43396074,0.2735943,0.2986352,0.21422575,0.19976316,0.1903416,0.37438434,0.6861633,0.07481716
GACAACATGGTGGCTCGA,0.99817914,0.9985227,0.99232376,0.99218786,0.99969983,0.9598544,0.9701966,0.94565284,0.97886825,0.8717519,0.99710155,0.99907815,0.9850617,0.99977756,0.9995628,0.98434144,0.97340137,0.97226,0.8957857,0.99728435,0.8245983,0.8688626,0.84433055,0.6444571,0.72718585,0.93681306,0.99977756,0.6444571
ACCCCCCTCACCCCCCCC,0.9977887,0.9987219,0.8863688,0.73948425,0.88376683,0.9839358,0.68348944,0.84021115,0.7380528,0.79043293,0.99969816,0.9975199,0.6238828,0.70537627,0.68055904,0.9668352,0.6354345,0.9240185,0.73156583,0.68788034,0.9959917,0.58217335,0.49150014,0.61735445,0.58015704,0.79048806,0.99969816,0.49150014
AATATCTATCGTGTGCTG,0.99892586,0.9985557,0.99864715,0.9959261,0.99891025,0.9929783,0.9269073,0.93726134,0.95826787,0.9509674,0.9988045,0.9983395,0.99829745,0.99997014,0.9999594,0.97439426,0.9888843,0.9959923,0.9111949,0.99891526,0.9616354,0.98108333,0.98975676,0.9706202,0.9923418,0.9807016,0.99997014,0.9111949
AGACAACGGGCATCTGCT,0.59714633,0.91784585,0.8380562,0.6127934,0.9265221,0.6979159,0.5607848,0.75959986,0.5275998,0.43805987,0.9629182,0.98986447,0.8193396,0.921421,0.93694097,0.91455775,0.9083721,0.79126877,0.7299754,0.9573026,0.72619295,0.62345445,0.45684355,0.34928384,0.3529437,0.73268014,0.98986447,0.34928384
AACCCCATCATCGATATT,0.99930334,0.9992831,0.97298294,0.97977656,0.99677783,0.99324405,0.84395784,0.94936335,0.9731261,0.91270775,0.99193,0.9944573,0.8818939,0.9049378,0.94439465,0.9303249,0.84146684,0.88923794,0.7007158,0.91213864,0.9485621,0.77472836,0.53107333,0.70530283,0.5582773,0.8851986,0.99930334,0.53107333
GACCAGGGCACATATTAT,0.8806682,0.91816056,0.8032688,0.87361616,0.83053577,0.73183733,0.9054626,0.8584203,0.8974762,0.7397571,0.63496464,0.842919,0.3624587,0.72674644,0.4495646,0.7276876,0.56533605,0.5561424,0.60236645,0.78864306,0.5506335,0.60531366,0.43395525,0.38110167,0.36763978,0.6813871,0.91816056,0.3624587
AACCGGGTCATCAATAAT,0.9940832,0.98563135,0.68219656,0.91892844,0.9380871,0.93599975,0.6443577,0.73460335,0.89239216,0.8717873,0.91849214,0.96534306,0.5530303,0.9274407,0.8452908,0.72457135,0.72346526,0.82779557,0.7084358,0.88004684,0.6648854,0.7191174,0.47444198,0.55714434,0.45071855,0.78153145,0.9940832,0.45071855
AGGAAGCGTCAGACAGCT,0.7765537,0.7817395,0.3694685,0.44154507,0.71697193,0.7137342,0.40902874,0.7562751,0.58576334,0.28596246,0.45759958,0.5262554,0.22960623,0.25491765,0.27624193,0.44694665,0.47768614,0.22815882,0.51486677,0.7865395,0.28283793,0.42008907,0.24496393,0.25273404,0.23910432,0.4590236,0.7865395,0.22815882
GACGCCAGGCAGGCTGTT,0.99651796,0.9941441,0.91148984,0.9844742,0.9970517,0.96546185,0.83933467,0.93335694,0.96069014,0.80248225,0.9983032,0.99719876,0.8716829,0.99239296,0.9864913,0.96593326,0.8873002,0.9591156,0.88521,0.98070914,0.8564304,0.75167966,0.78223425,0.41782567,0.5791285,0.8918656,0.9983032,0.41782567
GGGCAACGGGTGTCTACT,0.81916034,0.83430266,0.8176096,0.6511903,0.86713976,0.7913024,0.36675707,0.814185,0.67791075,0.4677764,0.934443,0.984617,0.7284953,0.99692184,0.9960889,0.84347826,0.94506234,0.9119273,0.8112456,0.97518384,0.5851906,0.8732709,0.933312,0.65015864,0.90029716,0.807081,0.99692184,0.36675707
ACGAACGAACATACAGAG,0.82180053,0.61236894,0.37358704,0.20360583,0.45458728,0.52111435,0.3171205,0.4644328,0.5344385,0.53083146,0.4489195,0.7134603,0.38227934,0.57763267,0.3378615,0.2603719,0.24727479,0.072736144,0.13510628,0.35735896,0.4773162,0.21903972,0.19085,0.18966244,0.19124356,0.38539997,0.82180053,0.072736144
GAGCAACGGGTATCGACT,0.9682778,0.98738265,0.9352813,0.94166154,0.9505708,0.93733114,0.7744615,0.8809785,0.9414862,0.79158455,0.9076235,0.97503835,0.749962,0.9795793,0.97941077,0.83305645,0.84523857,0.6452545,0.7148778,0.92993313,0.4882722,0.6715156,0.6128857,0.41497976,0.47490674,0.8132621,0.98738265,0.41497976
AACAGCGGCCATACCGTA,0.978586,0.9719118,0.6899993,0.7807249,0.94902086,0.8232319,0.73455065,0.8636911,0.74942935,0.5818154,0.9908306,0.98826474,0.66131955,0.8559047,0.76592755,0.9154632,0.8113851,0.81123286,0.7153876,0.8880692,0.81563795,0.58327866,0.36468235,0.33531272,0.34898344,0.7589857,0.9908306,0.33531272
AGCGCCTTCACCGAGCTC,0.99824125,0.9928773,0.97231144,0.9520895,0.95797396,0.9871511,0.5831556,0.77402216,0.82384044,0.7853497,0.99605536,0.9414031,0.7508134,0.8917551,0.9291265,0.917018,0.81088495,0.9602626,0.88009197,0.8847104,0.95495266,0.8236236,0.8328054,0.76206744,0.8355484,0.8799253,0.99824125,0.5831556
GAACAATGGGCATCGATT,0.9637545,0.99069905,0.96706265,0.9750152,0.97575027,0.92484546,0.91096085,0.89971846,0.9617386,0.9263183,0.906371,0.9901759,0.88312364,0.9850859,0.98806846,0.922803,0.91994554,0.8429659,0.7185745,0.98417044,0.5056043,0.67072535,0.5309296,0.4572179,0.38479415,0.8474567,0.99069905,0.38479415
GACCTGGTCATCAGCAGC,0.99968386,0.9985143,0.98254126,0.996195,0.99877644,0.98291814,0.840047,0.9122712,0.96329564,0.95419925,0.9884575,0.9776728,0.8240102,0.9944132,0.9925425,0.9483046,0.89120257,0.9813391,0.8752375,0.9855261,0.86358464,0.87219995,0.86318845,0.8075387,0.8861816,0.93519354,0.99968386,0.8075387
TATAATGCTAGGCGGTCG,0.9728817,0.99265975,0.99613833,0.98825836,0.9921844,0.985117,0.8653607,0.94479686,0.9194818,0.880513,0.9948319,0.9975073,0.9932047,0.9998565,0.9998038,0.9518989,0.9623782,0.9849955,0.82731676,0.99690795,0.88639045,0.9576471,0.96835715,0.93582004,0.9708164,0.9586049,0.9998565,0.82731676
GACTACATTAGTGGACGG,0.9984023,0.99776286,0.9975921,0.99692315,0.99940383,0.9901914,0.9458768,0.9683479,0.98206455,0.931144,0.985559,0.9897668,0.9876966,0.9995046,0.9993907,0.9542244,0.9230476,0.9023571,0.7427254,0.9932198,0.81420606,0.9192146,0.9107054,0.865228,0.88775265,0.9472923,0.9995046,0.7427254
AAGGTGTATCGTGTGCGG,0.9990365,0.9977326,0.9986177,0.99817353,0.9987931,0.9868656,0.9353253,0.92303365,0.98468834,0.9498843,0.9983352,0.9990445,0.99639195,0.9999977,0.9999867,0.9598403,0.9906353,0.9944068,0.9168622,0.99805003,0.80192375,0.9743866,0.9929193,0.93676835,0.9915034,0.97292817,0.9999977,0.80192375
TTAACCAGTCTAGCTGTG,0.9984137,0.99947184,0.99593544,0.9906816,0.99917835,0.98684937,0.9443611,0.9842672,0.9744592,0.88010883,0.9918752,0.9905172,0.9743917,0.99324054,0.9971146,0.89810896,0.935444,0.9626724,0.72505885,0.9819953,0.9433384,0.9457489,0.9533546,0.9446205,0.97268313,0.9585556,0.99947184,0.72505885
GACCTGGTCATCAACAAC,0.99891835,0.99297106,0.9052446,0.9675246,0.9830878,0.95308673,0.8131445,0.7812803,0.90671426,0.93079805,0.8052425,0.7660113,0.3618983,0.8060159,0.80176157,0.7648504,0.66005695,0.9069958,0.7599488,0.9006329,0.72916347,0.8174691,0.60835624,0.72757375,0.7399979,0.81554985,0.99891835,0.3618983
TATTAAGCGGTGTTTTTA,0.99093974,0.982627,0.9957258,0.99519163,0.9971158,0.86667,0.9698108,0.9602569,0.9587241,0.8706179,0.9926157,0.9982671,0.99680704,0.99999195,0.9999903,0.9427791,0.9871627,0.98843944,0.9004499,0.997736,0.9081184,0.99085754,0.99760765,0.98346066,0.99887407,0.97083366,0.99999195,0.86667
ACCCCCTTCCCCGCCCCC,0.9997195,0.9996357,0.96750635,0.97828805,0.99006075,0.9946285,0.8504371,0.8864825,0.9385992,0.8953798,0.9999711,0.9991132,0.8113586,0.8330233,0.9715813,0.9911312,0.83423275,0.9703524,0.84693563,0.9559291,0.99820334,0.74523103,0.74777627,0.7877318,0.784277,0.91110337,0.9999711,0.74523103
CCGACCCCCCCCCCGCCC,0.99568933,0.998926,0.8447884,0.41455722,0.5010403,0.9810006,0.6220435,0.665738,0.5054213,0.30441424,0.99982667,0.9883764,0.5502731,0.5882053,0.47191662,0.9775996,0.5855914,0.81338465,0.6272105,0.5995347,0.9958801,0.56866,0.48558605,0.51437074,0.5434416,0.68573904,0.99982667,0.30441424
GACGAGGGCTCATCCTGT,0.9954254,0.9936834,0.9860566,0.99575925,0.9976449,0.94639987,0.9600373,0.9607167,0.9696102,0.91208863,0.9817659,0.98517746,0.70433116,0.9909341,0.9808914,0.9556335,0.94981563,0.9710342,0.8679665,0.97378355,0.7273035,0.8417291,0.8747199,0.63566065,0.84108424,0.9199699,0.9976449,0.63566065
AGGCAGCGTGCATCTGCT,0.8647925,0.9567941,0.9225071,0.8999627,0.9639018,0.8478553,0.68643117,0.9268052,0.76298404,0.55342495,0.98188895,0.9856457,0.78014004,0.99567026,0.98847103,0.9493584,0.9765934,0.9785045,0.91709584,0.98609203,0.78853834,0.8734999,0.9133188,0.69131774,0.8753682,0.8826783,0.99567026,0.55342495
GACTTGGGCTCAAGCTGT,0.9725367,0.9679603,0.97542584,0.99416214,0.9986219,0.9134997,0.9279236,0.957669,0.9677095,0.90504014,0.9862678,0.9917015,0.8456161,0.9997338,0.9988674,0.95710856,0.948393,0.9889354,0.9113661,0.9894967,0.830556,0.93462914,0.9596362,0.8910728,0.9713568,0.9514115,0.9997338,0.830556
ATAACCGGGCTAACTGTG,0.9879355,0.9975501,0.97878486,0.9473254,0.98883224,0.8974799,0.8170324,0.9379194,0.9083565,0.648458,0.9905676,0.9951316,0.92441577,0.9839456,0.9843837,0.9153216,0.87129456,0.9414078,0.73999137,0.96600467,0.8344898,0.8393396,0.73879504,0.7065647,0.67357475,0.8885961,0.9975501,0.648458
AGGGGCGGCTTTGGCGAA,0.9895162,0.95295256,0.9291083,0.96856475,0.99238706,0.86055875,0.47563127,0.9247288,0.72392225,0.88590217,0.99967206,0.9998207,0.9390191,0.99999744,0.9999235,0.9298345,0.98947245,0.98804384,0.93991846,0.9905588,0.68985367,0.93881637,0.9862323,0.77945757,0.9722855,0.91384715,0.99999744,0.47563127
AAGAGTGCGTTGTTTGTA,0.99706334,0.9637107,0.97426486,0.9919735,0.9986025,0.8413949,0.8875349,0.95876914,0.95506555,0.8339447,0.9987208,0.9995428,0.9971083,0.9999992,0.99999577,0.97831535,0.9950016,0.99646986,0.9350539,0.9989624,0.8300568,0.9849421,0.9968678,0.9476201,0.9965657,0.96230185,0.9999992,0.8300568
TACTACATTAGTGGATGG,0.9961101,0.99313915,0.99836075,0.99556875,0.99946845,0.98862046,0.9243209,0.9799837,0.9591469,0.850736,0.99069697,0.9953345,0.9961152,0.9998641,0.99978065,0.9503412,0.9541955,0.96627104,0.78609854,0.99638253,0.9095159,0.9637453,0.97265995,0.95365775,0.9759656,0.9638431,0.9998641,0.78609854
GATACCATGGTGGGTCTA,0.9986444,0.99921423,0.99662,0.99818796,0.99984384,0.9819894,0.96727884,0.95820004,0.9911886,0.94847345,0.9990779,0.9995995,0.9952449,0.99999493,0.99998087,0.9840713,0.9838133,0.9930072,0.91874117,0.998207,0.88838106,0.9532823,0.9802327,0.8971811,0.9680578,0.97594064,0.99999493,0.88838106
AGCCCCATCATCGATATC,0.9989125,0.9972921,0.95647436,0.9236626,0.9875496,0.9903075,0.66267705,0.8940459,0.86187124,0.8480567,0.9817614,0.96796966,0.7679272,0.7995141,0.8683783,0.80866194,0.8134054,0.8868784,0.7419032,0.7634661,0.9417909,0.7843624,0.6708215,0.7236367,0.6649204,0.8522499,0.9989125,0.66267705
AGGGCCTACCCTGAGCTG,0.9218004,0.91777056,0.9443925,0.902703,0.55506295,0.9137123,0.44552228,0.62240463,0.7262583,0.5698676,0.99028206,0.50823706,0.63211375,0.7212006,0.6761279,0.8229259,0.83425075,0.8655057,0.5982391,0.8237804,0.8811613,0.83080226,0.85016894,0.68101066,0.82546365,0.76243067,0.99028206,0.44552228
GCCGCCTTCCCCGCGCCC,0.9995981,0.9995019,0.96794635,0.9773331,0.9827442,0.9944815,0.7932097,0.78137666,0.9582833,0.8737084,0.9999425,0.99165565,0.77179474,0.9319195,0.9880131,0.9902048,0.88945913,0.9857222,0.9219813,0.96950716,0.99468946,0.82933086,0.9269324,0.82285106,0.9257004,0.93071556,0.9999425,0.77179474
AAACGGATTATCCATAAT,0.9953198,0.9989815,0.94815046,0.95663416,0.97464067,0.9818275,0.8126135,0.92276114,0.9219603,0.9205992,0.8051723,0.95848525,0.79224175,0.9378591,0.9405511,0.74259114,0.8572032,0.7081662,0.4923505,0.93943334,0.5931546,0.75008315,0.460416,0.6795278,0.4767332,0.82269835,0.9989815,0.460416
AATTAAACGGTTGGTTGA,0.99553597,0.98928005,0.99864274,0.9973715,0.99962205,0.9413656,0.96283424,0.94242406,0.94566005,0.902901,0.99572873,0.99800646,0.99775994,0.9999177,0.9998429,0.9451543,0.98352647,0.9607,0.8425447,0.9951304,0.82258165,0.9650556,0.96661603,0.9220628,0.9505004,0.9608305,0.9999177,0.82258165
TAACGCATTATAGATGAG,0.99014395,0.99816334,0.9848497,0.9719697,0.99492973,0.95985866,0.8381943,0.945581,0.91596186,0.9308629,0.8948914,0.963301,0.9482174,0.983129,0.990147,0.8315615,0.85925764,0.7827828,0.64779395,0.9733593,0.7226186,0.89161044,0.79540706,0.87868476,0.8129021,0.9002473,0.99816334,0.64779395
GATTACATGAATGGACGT,0.99604076,0.99478316,0.9916287,0.9944309,0.9992728,0.9830592,0.90989643,0.91562146,0.9599251,0.9467595,0.6670529,0.85265106,0.9087973,0.93594605,0.98913115,0.771933,0.8669457,0.81984746,0.6588157,0.9785331,0.48573935,0.8668738,0.7843491,0.8536821,0.81346416,0.87780714,0.9992728,0.48573935
AGGGACTAGGGACGAAGT,0.21706085,0.6632959,0.9167195,0.73860675,0.5071015,0.4262202,0.6172904,0.6703006,0.4282992,0.6981542,0.43523464,0.8777542,0.46591517,0.7021784,0.56809247,0.27322462,0.2955564,0.14845142,0.16008921,0.38447854,0.19940288,0.43801555,0.35527027,0.26301533,0.23932244,0.46756208,0.9167195,0.14845142
GACCTGGGCACATATAGT,0.95124155,0.9762599,0.9287496,0.9536194,0.9760064,0.85963565,0.76371145,0.9241512,0.8928544,0.6842885,0.85083944,0.89632964,0.452171,0.9275101,0.792307,0.808304,0.64816993,0.8285968,0.7549002,0.89112484,0.6798052,0.7959855,0.7133921,0.6234585,0.68081975,0.81016946,0.9762599,0.452171
TAACGCATTATCGATGAG,0.9988337,0.9994432,0.9900225,0.98847294,0.99789315,0.9802409,0.8817422,0.9522617,0.9538957,0.9636846,0.9762825,0.9833594,0.96659976,0.99172974,0.9950087,0.91771966,0.9374325,0.943354,0.83176595,0.9817104,0.8541167,0.919615,0.8838025,0.9039887,0.9015474,0.94778085,0.9994432,0.83176595
GACGGCAGTCAGGCAGGG,0.9988779,0.9974162,0.9636017,0.9910163,0.9978452,0.9788251,0.85130775,0.955891,0.92578465,0.89888066,0.99482214,0.99158895,0.81845325,0.99168813,0.9632601,0.90368694,0.75294816,0.91576266,0.8865318,0.9692669,0.6362242,0.6549294,0.6601228,0.37492248,0.4489842,0.86090547,0.9988779,0.37492248
AGCAGCGGCGATACCGTG,0.94466746,0.8561609,0.7843483,0.6613075,0.837595,0.7413542,0.49415398,0.75183517,0.49771976,0.39096966,0.9880506,0.9909113,0.69998294,0.97179794,0.8955951,0.76984864,0.84015024,0.74587405,0.81046677,0.7813924,0.70982087,0.6774533,0.60581386,0.36195353,0.424137,0.7293345,0.9909113,0.36195353
TATTACGCTAGTGGGTGG,0.9985982,0.9978922,0.999342,0.9989199,0.9996989,0.994776,0.9627457,0.98547816,0.97511387,0.96968096,0.99932414,0.99896765,0.9983567,0.9999946,0.99998075,0.9577485,0.9749845,0.99275064,0.88147885,0.9975236,0.9518252,0.97851425,0.9938754,0.9696618,0.99490887,0.98288566,0.9999946,0.88147885
AGGGACTAAGGACGACAT,0.23780319,0.7035184,0.74057376,0.4960696,0.2237422,0.37500846,0.48461473,0.4942107,0.4362728,0.71293175,0.18689214,0.18674749,0.19371802,0.044260267,0.09068283,0.2111868,0.16914904,0.09003866,0.14641525,0.23963685,0.18192212,0.34018642,0.19423424,0.22635522,0.19816865,0.3041736,0.74057376,0.044260267
ATGACCGGCCATACCGTG,0.98880714,0.97332805,0.81898594,0.75278807,0.8490669,0.8352066,0.60251737,0.83030057,0.8071338,0.54721504,0.9885931,0.94801235,0.6060072,0.75724167,0.70078063,0.8149264,0.61138374,0.73224306,0.61054075,0.6824966,0.8742356,0.79686356,0.6781947,0.6501203,0.6709213,0.76511633,0.98880714,0.54721504
GAGACCAGTCATGCTGTG,0.9977136,0.99365515,0.9676938,0.98565567,0.9976418,0.9716251,0.7909243,0.95263827,0.9639041,0.81627864,0.9789897,0.9499976,0.8897863,0.97249913,0.9823138,0.9284318,0.95132333,0.9571299,0.79506326,0.98570424,0.79087245,0.84804016,0.8407849,0.6766447,0.7797779,0.9106036,0.9977136,0.6766447
GACATGGTCATCATCAAC,0.99933726,0.983669,0.9329487,0.9661691,0.99275017,0.9586697,0.90832686,0.75771177,0.9018098,0.8561702,0.7462384,0.7737663,0.50986505,0.88254035,0.93195295,0.78411007,0.89154166,0.9521237,0.79201126,0.9682702,0.6503971,0.86263275,0.75035125,0.8045168,0.827179,0.85540235,0.99933726,0.50986505
ATACAGGGTCAATCTGCG,0.9958978,0.99891585,0.98707294,0.98731303,0.99074346,0.9237585,0.8972701,0.87010914,0.9165566,0.9045574,0.9654606,0.99065185,0.9070485,0.9881679,0.9877014,0.8458753,0.92545164,0.95045424,0.8448639,0.98093253,0.7475194,0.86259425,0.7970092,0.78528553,0.7825301,0.9133496,0.99891585,0.7475194
AACCCCATCATCGATATC,0.9995504,0.99935514,0.97675925,0.9799665,0.99665076,0.9948982,0.85531366,0.92675626,0.9599302,0.9200477,0.9925066,0.99436116,0.8729739,0.8979103,0.9327289,0.9303249,0.84146684,0.88923794,0.7007158,0.91213864,0.9482029,0.75479627,0.5039864,0.6829231,0.5383168,0.8800727,0.9995504,0.5039864
AGACGAATCATCGAGATT,0.99769044,0.9920003,0.9596195,0.926915,0.95927924,0.9667979,0.631494,0.7760843,0.82279503,0.7938996,0.71239936,0.8048429,0.72176516,0.74941784,0.7120924,0.66977435,0.70040905,0.47499305,0.43588576,0.81917304,0.5000148,0.5502768,0.33764005,0.4268639,0.29771015,0.7095934,0.99769044,0.29771015
GTGGGAGGATTTGGTGTA,0.97651774,0.80839914,0.9127233,0.9635059,0.9848856,0.7793882,0.4791703,0.92705667,0.92064947,0.8459845,0.8842157,0.9955742,0.9298061,0.99980617,0.99993604,0.75730205,0.9812075,0.96013993,0.749054,0.98114026,0.30304486,0.9685709,0.993365,0.92445976,0.9940109,0.8807965,0.99993604,0.30304486
TATTAAGCGAGTGGTTGA,0.959303,0.9261318,0.9978433,0.99379355,0.9991743,0.8908979,0.9328435,0.94882435,0.8970629,0.84693766,0.98608214,0.99665636,0.99424547,0.9998238,0.9998276,0.8752036,0.9752566,0.9642461,0.76202047,0.9959861,0.80171394,0.96503514,0.97809094,0.94487715,0.9803631,0.94448966,0.9998276,0.76202047
GAGCAATGGGCATCGACT,0.82862496,0.94748163,0.9169688,0.89529973,0.86333764,0.8614648,0.8048111,0.81605756,0.93919903,0.8027421,0.79823685,0.9677568,0.66879475,0.9636062,0.9674225,0.89679736,0.8987942,0.90750754,0.7513038,0.97059685,0.45302513,0.6920073,0.62124825,0.45732814,0.50846404,0.80795515,0.97059685,0.45302513
AAGAGAGCGTTGTTTGTA,0.9926475,0.9438421,0.95901316,0.9747566,0.9919515,0.7679102,0.8680027,0.9412589,0.914143,0.6835199,0.99580914,0.9984851,0.99381,0.999975,0.99991685,0.9582417,0.99032193,0.97773975,0.8104918,0.9974682,0.69796824,0.95978045,0.98252887,0.85208976,0.9704417,0.9288845,0.999975,0.6835199
GACAACATGAAGGCACGT,0.9942315,0.99613845,0.95056313,0.9648755,0.99792975,0.9728703,0.8757562,0.9137687,0.95058477,0.83783334,0.76581955,0.9474405,0.72708106,0.81951195,0.8448221,0.86100215,0.5295281,0.3030802,0.46379545,0.9360195,0.47925085,0.3566053,0.24514426,0.24901147,0.22668639,0.728374,0.99792975,0.22668639
AGGGGAGCATACGGCGAA,0.97052896,0.68676764,0.6830533,0.84318936,0.72568154,0.7429819,0.21793099,0.75372195,0.28272158,0.8338625,0.5964234,0.54687786,0.20649084,0.0878391,0.11258481,0.30817664,0.5766929,0.2812334,0.25605875,0.34465012,0.20611437,0.4495384,0.36908704,0.24786855,0.25985846,0.4635974,0.97052896,0.0878391
AATTAAGCGAGTGGATGA,0.98446417,0.949632,0.9980467,0.9949447,0.998938,0.91353333,0.95384735,0.9231939,0.87502086,0.87622565,0.98243386,0.9949641,0.98906803,0.99918574,0.9983072,0.7881365,0.9667701,0.8537148,0.5806813,0.994096,0.54992664,0.83040786,0.7736514,0.7414922,0.63787997,0.8859424,0.99918574,0.54992664
AACAGCATCATCAACAAC,0.99584156,0.9867421,0.7929699,0.6866004,0.84042054,0.94223166,0.8231963,0.84014624,0.7234798,0.78884465,0.7545971,0.9280685,0.50406706,0.7454453,0.5182366,0.6339061,0.47816932,0.49557754,0.4772477,0.7760669,0.7166525,0.38751704,0.26095417,0.3572087,0.29068556,0.6697949,0.99584156,0.26095417
GCCGCCTTCACCGAGCTG,0.99920374,0.99611795,0.98242,0.98919445,0.9669552,0.9878959,0.63016534,0.79441464,0.9591189,0.8996872,0.99860865,0.9581841,0.7699233,0.9250326,0.96301764,0.95787597,0.7936731,0.9707382,0.8865874,0.9200813,0.976428,0.8318312,0.8995475,0.80572,0.893123,0.9102218,0.99920374,0.63016534
ACCGCCTTCCCTGAGCCG,0.99610126,0.98991084,0.96597046,0.97699165,0.9577965,0.9856023,0.65469074,0.6278603,0.90330654,0.6512993,0.9999079,0.99735165,0.94295883,0.9860617,0.99644595,0.9891501,0.9557264,0.98980546,0.90084636,0.99000597,0.99318814,0.87031054,0.9244473,0.86152977,0.9215149,0.9211513,0.9999079,0.6278603
CGGATCTACCGTGCGCCG,0.77198094,0.93567187,0.9406464,0.5438724,0.8362844,0.8892368,0.56304455,0.68102413,0.501153,0.46680588,0.99351275,0.95013463,0.8999136,0.98664975,0.99136263,0.90518695,0.9100674,0.9593828,0.8018539,0.97522956,0.9504363,0.89995414,0.94831884,0.85940474,0.94682926,0.8443182,0.99351275,0.46680588
AGGAAGCGTCAGACTGCT,0.75106347,0.8035319,0.4548423,0.43604755,0.72766936,0.71528006,0.42841867,0.7654163,0.63226163,0.23140222,0.6858031,0.74023384,0.38375667,0.50833493,0.63404477,0.62302774,0.7623622,0.52962935,0.5870714,0.90333927,0.40351903,0.5964499,0.48834473,0.36966854,0.38409185,0.5818245,0.90333927,0.23140222
GACGGCATGCTGGCTGGT,0.9979203,0.99719745,0.9754004,0.9909746,0.999416,0.9434639,0.9131638,0.94971585,0.95023906,0.8971908,0.9996069,0.9993936,0.98012275,0.99997586,0.9998355,0.98730004,0.9853358,0.9957293,0.9415016,0.9977989,0.8942444,0.92412907,0.9783667,0.79840857,0.9521435,0.961943,0.99997586,0.79840857
AGGAACGAAAAACGAAGG,0.08526315,0.43638,0.56721544,0.16980001,0.41656017,0.45718336,0.13850403,0.57366735,0.25006497,0.35191238,0.21755236,0.17709416,0.17490114,0.11049225,0.09257017,0.11423636,0.093952805,0.027424658,0.043005314,0.098666616,0.13194063,0.08312034,0.09325709,0.101843275,0.09708755,0.20414783,0.57366735,0.027424658
GGGTAACGGAACCACAGT,0.23157209,0.2233967,0.47686845,0.19076498,0.23472778,0.39947158,0.14385723,0.49751624,0.08453311,0.30418235,0.109120555,0.029528368,0.081600785,0.0026600764,0.011989822,0.23404771,0.11059697,0.10204754,0.13040587,0.10620611,0.15941367,0.40253034,0.17879152,0.25913894,0.2426531,0.19790486,0.49751624,0.0026600764
TATACTGCGGTGTTTTTA,0.99824053,0.9972336,0.9971721,0.9982197,0.9996293,0.9493025,0.96436346,0.97291875,0.9878009,0.924637,0.9992881,0.99964535,0.99809325,0.9999996,0.9999984,0.9855017,0.99314815,0.99826306,0.95515436,0.9990011,0.96782464,0.99259704,0.9988224,0.9865159,0.9994062,0.98651105,0.9999996,0.924637
TATAATGCTAGTGTGCCG,0.9992769,0.9961759,0.99840325,0.9968383,0.9991631,0.9969186,0.9374921,0.956424,0.9796849,0.9400226,0.99336106,0.99630475,0.9956776,0.9999562,0.99994844,0.963546,0.9839485,0.9935939,0.84324753,0.9988017,0.9013798,0.9757581,0.98555475,0.9641698,0.9904491,0.97544396,0.9999562,0.84324753
AAAGGAATTATCGATATG,0.99724907,0.996231,0.99252087,0.98327607,0.9852171,0.9753817,0.7076372,0.9139299,0.9240394,0.8326004,0.68411136,0.88498557,0.9103856,0.9519181,0.9655557,0.5683065,0.8272871,0.42224765,0.31944364,0.923026,0.34741345,0.6841051,0.47915608,0.62866825,0.39903367,0.7721492,0.99724907,0.31944364
GGAGCAATTATTGAGCTG,0.9991163,0.99613917,0.9968983,0.99138504,0.98915344,0.97655195,0.59930176,0.7967251,0.9381755,0.8681605,0.542784,0.41762277,0.88174766,0.9288716,0.99195594,0.8063244,0.9166049,0.7328113,0.61506075,0.9693463,0.36152232,0.89377636,0.8968945,0.81224597,0.88262594,0.832072,0.9991163,0.36152232
AGGGACTAGGGACGACAT,0.33791193,0.780634,0.8191235,0.6700371,0.36041784,0.37472326,0.62632203,0.4778651,0.47717848,0.7378906,0.38062158,0.8339663,0.33779573,0.571173,0.535984,0.27652478,0.30790916,0.16204628,0.18270941,0.3396975,0.21848051,0.47008556,0.33993062,0.2666041,0.25115362,0.44547147,0.8339663,0.16204628
GAGGTGTATCGTGTGCGG,0.9991412,0.9971188,0.998316,0.9984004,0.99891824,0.9850197,0.9268852,0.9158156,0.9895992,0.9625884,0.9943121,0.9981674,0.9874041,0.99999124,0.9999878,0.9540363,0.9902209,0.9949818,0.92354214,0.9971582,0.68467903,0.97489923,0.99535847,0.94318694,0.9956734,0.9682161,0.99999124,0.68467903
AACATGGTCATCATCATC,0.9995238,0.99049383,0.97349715,0.98293126,0.99633265,0.9816292,0.9014989,0.8780415,0.93129754,0.78644747,0.95233876,0.9791891,0.87493074,0.9736009,0.98398536,0.8516924,0.925423,0.9732339,0.8098667,0.9821613,0.8209507,0.8817206,0.7566893,0.83556116,0.8041329,0.9130868,0.9995238,0.7566893
AATAACTATCGTGGACGG,0.99821675,0.9991594,0.99832815,0.997163,0.9990447,0.9862363,0.9563262,0.9633704,0.9527924,0.96154255,0.99579513,0.99654907,0.99425036,0.99899316,0.99895644,0.9401883,0.9585402,0.9276823,0.7186759,0.99342704,0.8488951,0.91084826,0.8270603,0.84674996,0.75971925,0.9411404,0.9991594,0.7186759
CGGATGTATCGTGTGCCG,0.9803785,0.9654653,0.9923931,0.9593448,0.97911406,0.95585674,0.6304401,0.5847581,0.76675594,0.5891053,0.9840421,0.99357516,0.9829343,0.99997526,0.99995536,0.92525494,0.9859701,0.9891105,0.8815641,0.996164,0.8687612,0.9702866,0.99340004,0.94433135,0.9940184,0.9165183,0.99997526,0.5847581
GATTACATGATTGGACGT,0.99899435,0.9984902,0.99654263,0.9976674,0.9997387,0.99000996,0.9613577,0.95431334,0.98380977,0.9612675,0.93516797,0.9696641,0.9821266,0.9992041,0.99967444,0.8842674,0.97097635,0.95215756,0.8401203,0.9934885,0.6985283,0.9537445,0.9554787,0.93357426,0.96575123,0.9550446,0.9997387,0.6985283
GAAGGCATTATTGATCTG,0.9979413,0.9974645,0.9946872,0.99543726,0.99801517,0.9816471,0.8488889,0.94794154,0.9723935,0.94631666,0.82950747,0.82039094,0.93553466,0.9967987,0.9985881,0.88348824,0.9653438,0.938707,0.7998917,0.9868362,0.4905123,0.93448544,0.94456935,0.8773142,0.9439398,0.92106557,0.9985881,0.4905123
AATTAAGCGGTTGGTTGA,0.9928139,0.98642063,0.99849284,0.99789786,0.99976873,0.91802603,0.96544987,0.94888306,0.93062854,0.92166805,0.998923,0.9996106,0.9986301,0.999996,0.999983,0.9571067,0.99252474,0.9809623,0.9025544,0.99801004,0.86432076,0.9757594,0.9884532,0.9355968,0.9813749,0.9693543,0.999996,0.86432076
TAACAGGGTACATCGTAT,0.9928747,0.9977687,0.9761146,0.9836573,0.9861788,0.9771034,0.95505977,0.96996444,0.97166365,0.9583358,0.8894405,0.98649323,0.85368025,0.9808466,0.98043287,0.7616903,0.75588363,0.6976175,0.616193,0.9391165,0.6377547,0.8260387,0.7125912,0.75516564,0.7203863,0.875282,0.9977687,0.616193
AAGACTGCGTTGTTTGTA,0.99901885,0.9902799,0.9903625,0.9947591,0.99935883,0.89489573,0.9059388,0.9692781,0.9813481,0.8429598,0.99942005,0.99935406,0.99752206,0.99999744,0.9999905,0.98839194,0.9941491,0.9965272,0.9445536,0.9991458,0.938463,0.98409504,0.99529105,0.9499791,0.9954508,0.97402114,0.99999744,0.8429598
ACCGCCTTCACCGCGCTC,0.99971426,0.99912834,0.9795477,0.98933774,0.9892895,0.99608654,0.82169425,0.8781983,0.9513109,0.8467904,0.9997196,0.996312,0.87852144,0.9189337,0.981515,0.98207146,0.87107116,0.97919047,0.9156538,0.9696664,0.99114454,0.8231063,0.8506865,0.8025644,0.8477413,0.9303599,0.9997196,0.8025644
TGTAGTGCTCGTCTGCCG,0.9890861,0.96933,0.9773856,0.9547523,0.95883507,0.9630249,0.8100166,0.77616906,0.77905375,0.59790283,0.99718094,0.99351907,0.9580865,0.99997,0.99996036,0.9481111,0.985853,0.9980045,0.9224295,0.99371415,0.94192433,0.9830196,0.9967809,0.97812176,0.99888337,0.9388447,0.99997,0.59790283
AGGGCCGAGGGACGAGAT,0.43359616,0.9064985,0.8164485,0.7480759,0.72597265,0.33563882,0.47283962,0.57997733,0.4711688,0.7527462,0.93799776,0.99630356,0.48619452,0.97413665,0.68622136,0.41167748,0.4525427,0.33335128,0.41188386,0.4420686,0.31088644,0.4269512,0.4099226,0.20603412,0.21781947,0.55787814,0.99630356,0.20603412
AAACGCATCATCGAGATT,0.9989417,0.99932057,0.98336715,0.98709553,0.99594647,0.9933543,0.8752531,0.9225447,0.959999,0.9230442,0.97986066,0.98607194,0.90439147,0.9296315,0.9452333,0.8578108,0.82973266,0.855514,0.73989636,0.9382421,0.78403014,0.6299925,0.3720526,0.48839393,0.3463259,0.849042,0.99932057,0.3463259
AGGGGCTAGGGCTGACGT,0.9674264,0.99133897,0.98099047,0.9907177,0.930231,0.69456714,0.83296967,0.89481384,0.8483546,0.880308,0.9792616,0.9990691,0.82642084,0.99979925,0.9967427,0.75446063,0.921999,0.9358112,0.68536025,0.9458826,0.48092178,0.8488561,0.91629463,0.5919007,0.85443187,0.86995715,0.99979925,0.48092178
GAGGACATTCAGGCTCGG,0.99760205,0.9963043,0.9760862,0.99115866,0.9955757,0.9752671,0.8693697,0.93243796,0.9723274,0.9170735,0.932316,0.7548329,0.78811896,0.8783492,0.967092,0.86967343,0.86161554,0.92441994,0.8009148,0.97422606,0.5932955,0.8084498,0.80722004,0.6450174,0.74869114,0.8790975,0.99760205,0.5932955
TATAATGCTAGGCTGTCG,0.9847104,0.9891448,0.9964943,0.98503256,0.9904664,0.98540866,0.87540334,0.92930883,0.9200135,0.8349168,0.9900652,0.99481946,0.9916221,0.9997245,0.99974704,0.955739,0.9808237,0.991443,0.8175501,0.99771446,0.8986568,0.96793747,0.97896653,0.9546827,0.98492646,0.9598129,0.99974704,0.8175501
AACCTCATCATCGATATC,0.9988063,0.9981206,0.9806352,0.9579324,0.9973734,0.99163955,0.81437266,0.92227083,0.9467494,0.9063281,0.9850507,0.98936075,0.9153602,0.934531,0.96871346,0.92569816,0.8950421,0.9508304,0.8502237,0.9686462,0.9417341,0.8538594,0.71391344,0.8460045,0.7459252,0.9199649,0.9988063,0.71391344
AATTACACGATGGGACGT,0.9990828,0.998971,0.99687725,0.99673384,0.999305,0.99255943,0.9886431,0.97652096,0.9791432,0.9474959,0.9913766,0.9932841,0.9827959,0.9966131,0.99674135,0.8669949,0.9084217,0.8757841,0.7271091,0.977364,0.7741304,0.82596636,0.7009265,0.75380963,0.6027046,0.91397417,0.999305,0.6027046
AGGCAACATAACCAAAGT,0.8373892,0.8545887,0.72446126,0.23326086,0.23521122,0.6939927,0.25873455,0.671702,0.15044259,0.3881263,0.24662907,0.23990865,0.22740163,0.17865203,0.09615075,0.19418594,0.11353307,0.0546955,0.08682889,0.096712455,0.37826383,0.22635362,0.1761669,0.20472035,0.20017031,0.31073132,0.8545887,0.0546955
AGGAACTAGAAACGAAGT,0.10001853,0.45972642,0.7051568,0.22161613,0.3773158,0.43040743,0.2834195,0.5437944,0.19181603,0.44614175,0.2359151,0.22290383,0.23207365,0.13317887,0.13453098,0.1252074,0.1091494,0.03631037,0.048225,0.15110487,0.19043419,0.17108229,0.14346446,0.1769116,0.14745988,0.2406946,0.7051568,0.03631037
AGGGGTGCATTTGGCGAA,0.989813,0.70696557,0.89715874,0.9762962,0.99221694,0.8278505,0.49193564,0.90417075,0.6460041,0.9201197,0.98484015,0.99190056,0.89248735,0.99990433,0.9996686,0.8572945,0.98258543,0.98283446,0.8955416,0.9872255,0.4982631,0.9508192,0.9829275,0.87050503,0.98047185,0.888392,0.99990433,0.49193564
AATAAAACGGTGGTTCTA,0.9989884,0.9950463,0.9971913,0.99431354,0.99904436,0.9712739,0.967796,0.9568519,0.96426797,0.8634327,0.99067026,0.9973068,0.99192375,0.9988972,0.9987552,0.94495666,0.96212196,0.92582613,0.6677744,0.9935065,0.64608634,0.85702837,0.7354752,0.7160762,0.6190504,0.91014653,0.99904436,0.6190504
AGGGTGTATCCTGAGCTG,0.9231791,0.91908884,0.9871832,0.97382385,0.887152,0.8893986,0.47003958,0.66378504,0.7254205,0.6569495,0.91244763,0.84125614,0.79460835,0.99780166,0.99715394,0.7920774,0.97197264,0.9802533,0.748821,0.97933745,0.62161404,0.9510947,0.97772807,0.91572225,0.98556495,0.862539,0.99780166,0.47003958
TATAATGCTCGTGTGCCG,0.99950653,0.9978928,0.99776405,0.9973858,0.99941814,0.9962868,0.93984807,0.9594509,0.97317606,0.93766475,0.99910057,0.99853915,0.996639,0.99998564,0.99997884,0.9812358,0.990817,0.9980842,0.9393845,0.9991556,0.95989364,0.97977775,0.9918302,0.971121,0.9949703,0.9839564,0.99998564,0.93766475
GGGTAACGGAACCGCAGT,0.37896305,0.42834967,0.63631386,0.44340566,0.4864396,0.6352171,0.16126417,0.62302476,0.15636857,0.50397,0.16608682,0.06891272,0.1272467,0.004450834,0.021679157,0.39663476,0.19365814,0.15003417,0.19134757,0.24455748,0.2218694,0.50435936,0.26748788,0.3061134,0.32335776,0.30564445,0.63631386,0.004450834
TATAGTGCTAGTCTGCCG,0.9945434,0.98949367,0.993997,0.98854196,0.987076,0.99042124,0.90618634,0.8979761,0.9393888,0.8638667,0.99245363,0.9942404,0.9841828,0.9999221,0.999927,0.9459113,0.9801995,0.99607515,0.7995555,0.9969728,0.91304684,0.9765948,0.98988473,0.96920127,0.9953427,0.96340007,0.999927,0.7995555
GACTACATTAATGGACGT,0.99794227,0.9978113,0.99154097,0.9944093,0.99927545,0.9905686,0.90840924,0.96632934,0.9750002,0.9190347,0.8541052,0.9352612,0.9429522,0.98129594,0.9930425,0.91273266,0.8512783,0.7401466,0.6857928,0.97780836,0.71619624,0.8786041,0.7935121,0.84248805,0.787101,0.90530556,0.99927545,0.6857928
ATCACCATCACCACCCCC,0.9974828,0.99838847,0.9381481,0.66697025,0.8862511,0.9722082,0.8280333,0.8665375,0.92166454,0.6497931,0.96544987,0.9777228,0.6114636,0.67871857,0.59852546,0.84921736,0.39784086,0.72269404,0.52785856,0.6224704,0.95468587,0.63413864,0.43070987,0.65326273,0.5240961,0.75497323,0.99838847,0.39784086
AGCGGCGGCTTCGGCGAA,0.9989624,0.9960968,0.98015416,0.98712885,0.9974481,0.9499406,0.6741715,0.9438015,0.8199749,0.9377072,0.99993306,0.9998534,0.9481653,0.9999892,0.9996168,0.962304,0.98061293,0.99190295,0.9617844,0.9862055,0.888036,0.89386535,0.9615243,0.6811369,0.91511923,0.9382175,0.9999892,0.6741715
AGGGGTGCATTTGGTGTA,0.9795535,0.6279188,0.8980226,0.98178107,0.996557,0.8613441,0.48322612,0.928295,0.7952686,0.8744608,0.98593646,0.99381924,0.9675907,0.99998194,0.9999538,0.8811895,0.98869157,0.9891278,0.9104551,0.99301153,0.5790237,0.97564715,0.9962321,0.9317713,0.9955242,0.9045753,0.99998194,0.48322612
GACAACATGGTGGCACGA,0.99864453,0.9986183,0.9884318,0.99218416,0.99963313,0.971966,0.9681579,0.9468716,0.97448844,0.8554603,0.99315727,0.99801207,0.9687795,0.9990036,0.99824375,0.97348946,0.948336,0.93757623,0.8620691,0.9946106,0.6988461,0.7414221,0.590157,0.46420515,0.43281198,0.89180696,0.99963313,0.43281198
AACCGCATCATCAATAAT,0.9943024,0.99084157,0.67225355,0.71331704,0.826984,0.9453264,0.72421134,0.8303304,0.88409245,0.8637958,0.86664325,0.9579862,0.59269077,0.78948206,0.6066406,0.8018188,0.66603273,0.7445786,0.69740033,0.84586775,0.8255133,0.60536444,0.3667097,0.5432588,0.3861576,0.749664,0.9943024,0.3667097
GGGCAACGGGTCAACATT,0.9428465,0.7027886,0.5574637,0.72537225,0.6502618,0.7629218,0.23819406,0.70311743,0.6270118,0.7037346,0.32213715,0.33440423,0.15703386,0.123244055,0.23063709,0.40862048,0.42328674,0.32914227,0.5875295,0.5940206,0.2932072,0.57651746,0.43389666,0.31541714,0.39362505,0.4854573,0.9428465,0.123244055
AACATCATCATCAACAAC,0.9948334,0.98681104,0.8802308,0.57144225,0.94615185,0.9500627,0.8464328,0.8532996,0.8455515,0.7663787,0.797214,0.9474631,0.6298281,0.7807115,0.6280733,0.6412409,0.60266477,0.6453582,0.66117805,0.9025083,0.80952406,0.5610856,0.3156668,0.6013866,0.36046353,0.7410224,0.9948334,0.3156668
GACGGCATTAAGGCACGT,0.9985771,0.99883384,0.9666068,0.99155515,0.997682,0.98854786,0.8313906,0.9615492,0.9608993,0.9236104,0.84648824,0.8511996,0.6637175,0.92333007,0.94298923,0.8815084,0.5982827,0.7023997,0.77757055,0.92876905,0.50922,0.7121185,0.610053,0.52065706,0.5434279,0.82523936,0.99883384,0.50922
ATAACCAGTCTAGCTGTG,0.99908507,0.99964833,0.9964632,0.99175495,0.9991979,0.98423266,0.9465273,0.98345375,0.9678281,0.9103024,0.9950021,0.99525833,0.97794175,0.9897868,0.9947209,0.94573694,0.93984926,0.96425515,0.71981794,0.9873316,0.9168964,0.9049465,0.85269874,0.86120254,0.84526306,0.94676805,0.99964833,0.71981794
AGCGCCATCATCGAGCTC,0.9997611,0.999368,0.9881341,0.98506486,0.989582,0.99482703,0.83370954,0.8508378,0.9402714,0.8818333,0.98661435,0.9343724,0.7774615,0.8607728,0.91188467,0.88374126,0.8570668,0.94675505,0.8565026,0.85886586,0.9041496,0.79088986,0.72625774,0.6474584,0.678493,0.8833871,0.9997611,0.6474584
AACAGCGGCGTTACCGTA,0.996462,0.9937062,0.9391586,0.9552558,0.99338806,0.9088982,0.8674354,0.95969397,0.9188007,0.74608743,0.9989898,0.9990828,0.9516342,0.99792475,0.996408,0.9734874,0.95969766,0.950207,0.9192132,0.9863239,0.86604357,0.8278504,0.7599899,0.5562041,0.64193356,0.906555,0.9990828,0.5562041
TAAGGCATTATCGATGAG,0.9982239,0.99889743,0.99065655,0.98767346,0.9963483,0.97402334,0.89004153,0.9481836,0.92740893,0.9487782,0.9087508,0.9223612,0.9324335,0.9886233,0.9925114,0.823624,0.9229519,0.92528725,0.7523565,0.97635615,0.64953333,0.91900426,0.8922842,0.8942094,0.9098003,0.92281294,0.99889743,0.64953333
GGAGCAATCATCGAGATG,0.99846774,0.98995674,0.987042,0.96653664,0.94955057,0.95728064,0.5126299,0.7100359,0.90016365,0.81244653,0.3709114,0.13006578,0.40256488,0.10094538,0.26061204,0.5794203,0.5085021,0.45824945,0.42960814,0.68805164,0.31309327,0.5790316,0.4353877,0.43680066,0.3679409,0.5938118,0.99846774,0.10094538
AAGTACAATCGTGGACGG,0.99478555,0.99771065,0.99557847,0.9942417,0.99707335,0.9808293,0.94967395,0.9753614,0.9684801,0.9155513,0.98474437,0.9837448,0.97816235,0.99142194,0.9923616,0.8495402,0.91410214,0.70605147,0.5798855,0.9762927,0.6886506,0.7860473,0.6503715,0.65901077,0.51844275,0.88112456,0.99771065,0.51844275
TATAATGCTGGGTTTTTA,0.99701965,0.994655,0.9984644,0.9985138,0.99923635,0.9602706,0.95606935,0.97833806,0.9715206,0.92967546,0.99687535,0.99923205,0.99859333,0.99999887,0.9999971,0.9775245,0.99160445,0.9975358,0.93533903,0.99915415,0.93133265,0.99234706,0.9981655,0.98429966,0.9989605,0.9833891,0.99999887,0.92967546
ATAAAGAGTACATCTGCG,0.977249,0.9960536,0.9915186,0.9334318,0.9658365,0.91971177,0.9225548,0.92104226,0.92053246,0.7924368,0.74165195,0.94587296,0.84962356,0.8677898,0.87933314,0.6228737,0.7499205,0.59283584,0.25848678,0.92145604,0.51994145,0.6629869,0.39633074,0.64257693,0.3798436,0.7748756,0.9960536,0.25848678
GACGCCATGCTGGCTCTA,0.99900216,0.9990228,0.9853068,0.99339163,0.9989249,0.9822874,0.9579966,0.93389463,0.9868015,0.84176075,0.9994503,0.9973235,0.95146674,0.99939287,0.9992833,0.9923422,0.98356587,0.99615175,0.9448603,0.99678254,0.94968855,0.90249455,0.95210516,0.81318814,0.93433434,0.96363264,0.9994503,0.81318814
ATAAAGAGTCCAGCTGCG,0.97579694,0.99600536,0.99128735,0.95360565,0.99323,0.9576288,0.90705645,0.93462,0.88918394,0.8188677,0.958408,0.9810931,0.9030786,0.91874874,0.9484572,0.83908284,0.8978563,0.8914639,0.45367783,0.98120356,0.6606612,0.68881464,0.46178436,0.59020114,0.4015979,0.8397364,0.99600536,0.4015979
GTAGAGGGGGCATCGTCG,0.8608236,0.9914681,0.9833574,0.9872444,0.9641375,0.8455598,0.94671285,0.6772865,0.9463294,0.9268779,0.9530173,0.9997022,0.7535827,0.9993208,0.99695843,0.84406257,0.88881767,0.962116,0.77601624,0.94914216,0.39742234,0.825949,0.8853815,0.6326256,0.8537987,0.87390846,0.9997022,0.39742234
AGCGCCATCATCGAGATC,0.9992926,0.997721,0.9761169,0.9625706,0.9778443,0.9910714,0.66233295,0.79642737,0.87682956,0.85084563,0.9714267,0.87339854,0.71967536,0.8084793,0.8016009,0.8246411,0.80895805,0.9165797,0.8266962,0.7921509,0.85628283,0.756645,0.6476897,0.59764785,0.57806665,0.83483964,0.9992926,0.57806665
ATCACCGGCCATACCGTA,0.9939401,0.9942529,0.858622,0.78098226,0.9569291,0.8417681,0.77014714,0.86753356,0.84088707,0.57366735,0.9949524,0.9883872,0.71080536,0.7986769,0.81150436,0.90900135,0.7164749,0.8589623,0.7595651,0.882785,0.9406408,0.7613685,0.60368246,0.66990274,0.6055308,0.8196387,0.9949524,0.57366735
AGGAACGAAAAGCGAACT,0.051544923,0.37891865,0.2577565,0.05643326,0.27005887,0.40351275,0.14220619,0.49943677,0.15847965,0.320233,0.21667524,0.20247744,0.18034934,0.12495847,0.13111383,0.20482485,0.14395492,0.044539604,0.06509536,0.21161203,0.15961403,0.11561537,0.11683778,0.11924105,0.11893538,0.18777704,0.49943677,0.044539604
AGACGCATCATCGAGATT,0.9981487,0.9972555,0.9596865,0.9527154,0.98184365,0.9830857,0.75193,0.82937545,0.8541743,0.8574185,0.93407357,0.9025092,0.76996803,0.85219836,0.85532993,0.81318134,0.801969,0.8550188,0.770854,0.8758191,0.7264243,0.688568,0.5193618,0.5314369,0.4320665,0.81977636,0.9981487,0.4320665
ATACAGCGTGCATCTGCG,0.983571,0.9977915,0.98891723,0.9831302,0.9912363,0.9218026,0.88777614,0.9158337,0.8891111,0.87494797,0.9964336,0.9971928,0.96094304,0.9970075,0.99700606,0.98030645,0.9792004,0.98955876,0.9375843,0.9957671,0.9136082,0.9039126,0.9011667,0.84273034,0.8876924,0.9485691,0.9977915,0.84273034
AGGAACGAACAGCCAACT,0.098892376,0.4424228,0.21042247,0.030884886,0.24583794,0.4159053,0.23290066,0.54639816,0.17705719,0.23984881,0.2510084,0.21724573,0.17371674,0.15870473,0.11533292,0.2214094,0.15862459,0.07271091,0.08283761,0.17773353,0.29459804,0.19327669,0.15335847,0.14733435,0.17303808,0.20926005,0.54639816,0.030884886
AGGGCCTTCCCTGAGCCG,0.920757,0.8787871,0.8946561,0.85544336,0.7888034,0.94626445,0.38250813,0.5548071,0.66406626,0.5340228,0.9987018,0.84408295,0.79758215,0.9934952,0.988314,0.94464153,0.9449459,0.97675925,0.8160334,0.9675608,0.9443881,0.8971647,0.9556659,0.84909576,0.9565882,0.85180545,0.9987018,0.38250813
GATAACACGATGGGACGA,0.99886835,0.9989349,0.99592274,0.99591964,0.9993043,0.9855125,0.98665,0.95603496,0.97336495,0.9478039,0.95302445,0.96338177,0.9194157,0.9596239,0.97427475,0.8597867,0.84221596,0.64860094,0.5981115,0.9668093,0.47198132,0.5776336,0.36637434,0.42073685,0.2735295,0.8253527,0.9993043,0.2735295
AGGGGCGACGGCGGAGGA,0.98119885,0.98766077,0.97601265,0.98719156,0.9904622,0.802683,0.7084309,0.9398565,0.7761937,0.8811739,0.997574,0.99957806,0.75557667,0.9976394,0.90129924,0.666071,0.79579157,0.7223877,0.79953414,0.85072446,0.42052153,0.5561591,0.66107136,0.2460277,0.35878015,0.79038405,0.99957806,0.2460277
AACAGCGGCCAGACTGTA,0.954389,0.9773752,0.64929986,0.71814084,0.92731243,0.71191037,0.76818305,0.8308728,0.7188206,0.42639863,0.99402684,0.99247825,0.7527292,0.89655536,0.8347678,0.9135086,0.8366467,0.89313763,0.7280562,0.93909985,0.7789915,0.54818416,0.3515298,0.28677264,0.30575216,0.7493975,0.99402684,0.28677264
AAAGGAATTATCGAGATG,0.9986275,0.9981495,0.99548566,0.99041766,0.9856189,0.9880501,0.7272308,0.88001204,0.940803,0.901113,0.80178,0.9318632,0.9351545,0.966879,0.97335833,0.6089551,0.7710602,0.40933293,0.30278403,0.9382404,0.31698722,0.5925991,0.3877726,0.5166943,0.28521445,0.7657675,0.9986275,0.28521445
GACCAGGGCACATCTTAT,0.9739205,0.97274774,0.9034893,0.93407524,0.95067334,0.8396737,0.9425349,0.90523297,0.9246473,0.8132118,0.87485254,0.932609,0.4762616,0.8067577,0.638699,0.8498709,0.7851733,0.8237474,0.72454673,0.8659844,0.7192582,0.6983442,0.5645782,0.44312155,0.49781862,0.79447305,0.9739205,0.44312155
ATACAATGGGCATCTGCT,0.9092031,0.9917449,0.98361814,0.9187782,0.9726966,0.7392014,0.81286913,0.8458787,0.8802057,0.832339,0.97523814,0.99665755,0.9624373,0.99579227,0.99640334,0.95520353,0.9638963,0.97558945,0.83206517,0.99392897,0.8295948,0.89466244,0.84352756,0.8197041,0.81224996,0.90933955,0.99665755,0.7392014
GGGCAACGGATCAGCATT,0.9675188,0.8155333,0.6665303,0.7725531,0.6573681,0.83248764,0.19818217,0.75695026,0.6794115,0.76448727,0.264802,0.13707978,0.18664868,0.040740915,0.13525319,0.5149508,0.48004088,0.29643166,0.5257137,0.6680948,0.304274,0.5415589,0.4054081,0.3077812,0.3490087,0.49075237,0.9675188,0.040740915
GACATGGTCATCATCAGC,0.9996186,0.99326074,0.97706455,0.99001104,0.99831325,0.9702255,0.9230155,0.8885874,0.9406346,0.8355281,0.8816489,0.892536,0.72696054,0.96185005,0.9768798,0.8486558,0.91602683,0.9689813,0.8199477,0.97917205,0.72004795,0.88106424,0.83037055,0.82900745,0.8730661,0.9048989,0.9996186,0.72004795
TACTACATTAGTGGACGG,0.9980247,0.9980381,0.99795085,0.99644315,0.9994,0.9931904,0.9384919,0.98142695,0.9777232,0.86568904,0.99165326,0.9952816,0.99408156,0.9997566,0.9996747,0.9528392,0.9317121,0.9513988,0.76228887,0.99436945,0.9073191,0.9515115,0.95279,0.9407827,0.9615294,0.9613346,0.9997566,0.76228887
TATAGTGCGGTGTTTTTA,0.99416333,0.9911425,0.9936839,0.99740076,0.9992517,0.91493356,0.95218676,0.9724669,0.97197413,0.9166964,0.998222,0.9997792,0.9974878,0.9999998,0.9999991,0.97123796,0.9938786,0.9981099,0.9491248,0.9988217,0.9115399,0.9935624,0.9991318,0.98561066,0.99955064,0.97999835,0.9999998,0.9115399
TATAATGCTAGTGGGTCG,0.9948177,0.99207133,0.9986215,0.99731207,0.9993079,0.99541116,0.8959297,0.96490216,0.9623947,0.9573909,0.99608016,0.99829364,0.99775755,0.99998635,0.9999723,0.9532887,0.9783645,0.9911815,0.82524484,0.99825543,0.8933556,0.97606707,0.9880132,0.9601804,0.9887757,0.9721191,0.99998635,0.82524484
AAACGCATCATCCATAAT,0.9903291,0.9971524,0.84131366,0.74740213,0.9124943,0.95074373,0.79996353,0.8625562,0.77950495,0.8470669,0.9106526,0.96336555,0.66627586,0.8200539,0.664086,0.81130964,0.74857974,0.8283503,0.6533971,0.8827144,0.81246835,0.59618944,0.35603616,0.52580816,0.37598664,0.773752,0.9971524,0.35603616
TTACGGGGTATATCTTAG,0.99468744,0.99895525,0.99252343,0.9890453,0.981342,0.93280905,0.94107443,0.9543067,0.9504505,0.95810497,0.9049992,0.9896486,0.90462285,0.9997386,0.99971426,0.6406879,0.9508928,0.94886184,0.79368234,0.9464473,0.7098933,0.9711368,0.9869122,0.9619695,0.99437827,0.9358754,0.9997386,0.6406879
AATTACACGATTGGATGG,0.99845046,0.9960379,0.99831265,0.9970706,0.99933285,0.987329,0.97696733,0.9667216,0.9436238,0.94645995,0.98853076,0.98884594,0.9903123,0.9977443,0.9974714,0.8598563,0.9600527,0.89487636,0.77961904,0.9844381,0.820416,0.9177246,0.8728477,0.8828146,0.8342408,0.94320387,0.99933285,0.77961904
GAACGGGGTATACATAAT,0.9613846,0.9943339,0.8738229,0.92779356,0.94671327,0.9259392,0.80724907,0.9240046,0.8513795,0.9107318,0.3739162,0.86506945,0.31269142,0.9118827,0.8835474,0.5073252,0.634367,0.43238467,0.49929497,0.81125724,0.1794531,0.62169105,0.46803224,0.45195112,0.43144298,0.7003064,0.9943339,0.1794531
TATTACACTAGTGGATGA,0.9982953,0.9965389,0.9986783,0.99805754,0.9993543,0.9930719,0.9840535,0.99061227,0.9698412,0.92726356,0.9764497,0.9749664,0.98851347,0.9976199,0.99860656,0.8297322,0.9239853,0.95916843,0.69369805,0.99039984,0.8707294,0.9563076,0.9543325,0.95401525,0.9725515,0.9558737,0.9993543,0.69369805
AGGGGAGCCTGCGGCGAA,0.99182135,0.9346627,0.9461158,0.96661764,0.94715875,0.79423434,0.44915485,0.9011985,0.5465434,0.91732156,0.99802256,0.996813,0.687286,0.99322975,0.9432662,0.8011555,0.9617082,0.9310955,0.7267253,0.9558069,0.56896216,0.74309564,0.80429876,0.39323166,0.63192195,0.8212578,0.99802256,0.39323166
TATAATGCTAGTCTGCCG,0.99512315,0.9910323,0.99586624,0.9856651,0.98922014,0.9937745,0.92054695,0.9108021,0.9556598,0.8769287,0.9845306,0.9898064,0.9869183,0.9992318,0.99964535,0.951048,0.9755293,0.9909733,0.77043,0.99713314,0.91482246,0.96938866,0.97769475,0.963738,0.9882452,0.96295005,0.99964535,0.77043
GAGAGAGCGGTGTCTGTA,0.99175656,0.98328036,0.95760185,0.98269624,0.99055976,0.697868,0.9236747,0.9538222,0.93742657,0.79292065,0.98826945,0.9990484,0.94421786,0.9997823,0.99954253,0.91892034,0.98816365,0.97645813,0.8311193,0.993177,0.48755828,0.865323,0.94702226,0.6257619,0.880765,0.9062694,0.9997823,0.48755828
TATAATGCTAGTGTGTCG,0.9970378,0.98591316,0.99836814,0.99625343,0.9991625,0.9950614,0.9017624,0.95444894,0.9685994,0.9298721,0.99247885,0.99625033,0.9971825,0.9999737,0.99996513,0.9597521,0.9866268,0.9946472,0.83646846,0.99897146,0.9052446,0.9823303,0.99171287,0.97234714,0.9944132,0.9733938,0.9999737,0.83646846
AGGAACGAAAAGCCAACT,0.08616437,0.49238783,0.2538305,0.02500954,0.224957,0.41302037,0.19827688,0.6111395,0.16399,0.25365528,0.21022233,0.19137415,0.15447348,0.11493252,0.10537373,0.21485616,0.13817278,0.051417116,0.05949991,0.16426212,0.19368567,0.12903395,0.119172476,0.12381363,0.13280368,0.19302101,0.6111395,0.02500954
GAGAGCGGAGTTGCTGTA,0.9758201,0.97117776,0.9232926,0.9761589,0.9972002,0.872467,0.7642462,0.97189987,0.96270204,0.83306026,0.98075587,0.99883527,0.9340494,0.99985266,0.99944293,0.91911185,0.9856116,0.9698819,0.84260213,0.99159217,0.46047893,0.86607474,0.9459147,0.64332145,0.88199866,0.90670204,0.99985266,0.46047893
AGGAACGAACAGACAGGG,0.55382013,0.7398507,0.49144596,0.2205127,0.6368205,0.3553296,0.38818207,0.66148156,0.5305223,0.3704639,0.33332342,0.315479,0.2570241,0.20033635,0.16723554,0.19066869,0.12278585,0.058792148,0.082904525,0.18546106,0.21725224,0.14768833,0.13887313,0.13052675,0.13695836,0.30534953,0.7398507,0.058792148
ATAACGGGTCAAACTGTG,0.996483,0.9978275,0.9839308,0.98195404,0.99302953,0.88571703,0.83518034,0.906067,0.9284796,0.735912,0.89246726,0.97644347,0.79076815,0.9405466,0.92558193,0.7770956,0.7347647,0.8903606,0.74848324,0.95398474,0.57345533,0.7473123,0.5385049,0.64166296,0.5211358,0.83588606,0.9978275,0.5211358
AGGAAGGGACAGACAGCG,0.32744446,0.30038476,0.20029888,0.20595932,0.24194524,0.5050087,0.22731228,0.43756795,0.5545735,0.2676802,0.20327817,0.3576471,0.13861962,0.06760992,0.10642792,0.17660102,0.12335054,0.08178703,0.090517946,0.24148305,0.130554,0.15521716,0.12880215,0.1310014,0.12932116,0.22121578,0.5545735,0.06760992
GTGGGAGGCTTTGGTGTA,0.9936991,0.92907923,0.9638016,0.9855646,0.9945856,0.8657026,0.639222,0.9482495,0.92593235,0.85597396,0.9936985,0.9990365,0.96114475,0.999989,0.99998647,0.89678675,0.990414,0.9896469,0.9099356,0.99189335,0.5428499,0.97867984,0.99743575,0.9431376,0.99765384,0.931764,0.999989,0.5428499
ATAAAGAGTCCATCTGAG,0.9908738,0.99780464,0.9893039,0.9451703,0.96887237,0.89753824,0.9108131,0.9134155,0.89816463,0.8503256,0.90256125,0.9618575,0.8608273,0.890873,0.9016345,0.7513604,0.900092,0.8856108,0.4528349,0.9658254,0.63992965,0.74000347,0.5140751,0.69676566,0.49304473,0.83678305,0.99780464,0.4528349
ATCATCATCATCAACAAC,0.9948147,0.99065524,0.9018343,0.4016227,0.8885904,0.9165228,0.7663569,0.83119684,0.76941466,0.68807095,0.70590127,0.8847456,0.55143327,0.66139007,0.50710404,0.44563273,0.5104725,0.7902294,0.74791247,0.88671273,0.85172313,0.7860194,0.42612132,0.84139,0.6033348,0.73396814,0.9948147,0.4016227
GACACCATGGTGGCTCGT,0.99920756,0.99943054,0.9925914,0.9959479,0.9998455,0.9773385,0.95037615,0.9702955,0.9888615,0.89344686,0.9995205,0.99971724,0.9885712,0.99993795,0.9998772,0.9924021,0.97854763,0.987978,0.92816967,0.9974695,0.9393395,0.9076567,0.9403899,0.76844436,0.8943393,0.96358794,0.99993795,0.76844436
AGGGGAGGCTTTGGCGTA,0.99154866,0.8812501,0.9496862,0.9841956,0.9920288,0.8728941,0.3706009,0.9255398,0.7752363,0.8437648,0.9966402,0.9995156,0.95123786,0.9999816,0.9999041,0.8700109,0.9877285,0.9709148,0.86693496,0.9885242,0.51063836,0.9347243,0.9845413,0.77430105,0.96862453,0.8956387,0.9999816,0.3706009
GACCTGGTCATCTGCAGT,0.9997573,0.99933285,0.9940794,0.9985832,0.9995547,0.98401266,0.92976356,0.96331996,0.9847987,0.9749499,0.99759185,0.9943838,0.9504423,0.9997597,0.99954444,0.976221,0.970137,0.9948854,0.907519,0.99416685,0.93120116,0.9348162,0.97086453,0.90604925,0.9746599,0.9732158,0.9997597,0.90604925
TTACAGGGTACATCGTAT,0.9909902,0.9974048,0.97821236,0.9724088,0.9674808,0.9521193,0.95812327,0.95029694,0.9624814,0.9484357,0.828321,0.9735664,0.81403726,0.9731774,0.9849139,0.577591,0.715472,0.7988102,0.70549864,0.89678293,0.742661,0.9239494,0.90544844,0.9120596,0.95073104,0.89523906,0.9974048,0.577591
AGACAGCGTGCATCTGCG,0.9504813,0.9877698,0.9675397,0.9521479,0.98113805,0.8959213,0.7811603,0.8585903,0.72323835,0.6884553,0.99183977,0.99438393,0.9119184,0.9926614,0.99139667,0.97307646,0.9779795,0.9737514,0.91954345,0.9915602,0.8300214,0.8373156,0.81469095,0.61707234,0.72074074,0.8929759,0.99438393,0.61707234
GACCTGGTCTCCTGCAGT,0.99914664,0.99770343,0.98705506,0.9976558,0.99938613,0.96300215,0.85966,0.96332985,0.9777798,0.9553458,0.9996755,0.9979638,0.96138716,0.99992937,0.99986005,0.9868367,0.97822213,0.9975258,0.9261294,0.9961482,0.97149783,0.94634575,0.983623,0.9259437,0.9869132,0.9743228,0.99992937,0.85966
TATTAAGCGGGGTGTTTA,0.9257013,0.9678654,0.9966664,0.9954411,0.9960158,0.77561516,0.9549483,0.9590413,0.9599072,0.8829931,0.99768037,0.99976754,0.9975432,0.99999684,0.99999017,0.9316154,0.9778804,0.9837939,0.8838964,0.99686265,0.866125,0.9794115,0.99373466,0.95828795,0.9938749,0.9589863,0.99999684,0.77561516
AAAGGCATTATCGATCTG,0.9991953,0.9995206,0.9967702,0.995555,0.9977725,0.9919425,0.90127486,0.94721806,0.971636,0.9391023,0.9497541,0.970618,0.95044243,0.98889357,0.99298006,0.8247905,0.9160693,0.8970257,0.7305513,0.9604025,0.6612903,0.8563706,0.76678246,0.76616645,0.7308925,0.90812063,0.9995206,0.6612903
AAAACCGGGCTAACTGTG,0.98356795,0.9969307,0.97441727,0.9625779,0.99399483,0.93295187,0.871272,0.9438571,0.9249326,0.71911454,0.99162984,0.997116,0.9269707,0.97704303,0.9740836,0.9092663,0.8617481,0.8531854,0.6025546,0.9566271,0.7482848,0.63400245,0.3851031,0.37079787,0.32461968,0.8326659,0.997116,0.32461968
GACAACATTAATGGACGT,0.99803233,0.9979652,0.98988664,0.9919378,0.99931425,0.9885458,0.8664812,0.9621643,0.97366273,0.9100151,0.8189787,0.94853044,0.91810584,0.9444418,0.9780962,0.8807137,0.809619,0.4166952,0.5436981,0.9719278,0.58661085,0.6813118,0.42078808,0.56566,0.34670353,0.82039535,0.99931425,0.34670353
AATATGTCTCGTGTGCCG,0.9995838,0.9987725,0.99869704,0.9980026,0.99951154,0.99540925,0.9432175,0.91666865,0.97542655,0.9521553,0.9997524,0.9993457,0.9983617,0.9999978,0.99999374,0.9850733,0.9942329,0.99904627,0.9486176,0.99938315,0.9691481,0.9834204,0.9942318,0.97101015,0.995979,0.9846017,0.9999978,0.91666865
TATTATGCTAGGCTATTA,0.9887449,0.9626901,0.9954361,0.9895132,0.9907619,0.96830297,0.9304642,0.9668548,0.9073797,0.8647327,0.9409395,0.9704253,0.9785788,0.99938744,0.9997735,0.86776686,0.9661038,0.9917112,0.83950114,0.9951595,0.88891906,0.9817813,0.98912984,0.9795417,0.9964949,0.9580038,0.9997735,0.83950114
TATTACGCTAGTGGGTCG,0.99409485,0.99537796,0.99825865,0.9970669,0.9988361,0.9929251,0.9298515,0.971683,0.96635205,0.95695317,0.99885017,0.99845546,0.99709,0.99999017,0.99997526,0.9499893,0.9688295,0.9914758,0.86417633,0.9965082,0.9506499,0.97653586,0.992129,0.9687289,0.9945066,0.9779715,0.99999017,0.86417633
GACAACATGGTGGCACGT,0.9988443,0.99863654,0.9879606,0.9925686,0.9997158,0.97388476,0.9480098,0.9633427,0.98084885,0.8827512,0.9939896,0.99850285,0.9738938,0.9993625,0.99897623,0.97348946,0.948336,0.93757623,0.8620691,0.9946106,0.74107105,0.7843914,0.6810736,0.5188943,0.5249885,0.9063116,0.9997158,0.5188943
AGGAGCGGCGATACCGAA,0.6724705,0.65831643,0.26143068,0.24935275,0.43343598,0.38382676,0.2972648,0.6475396,0.3948875,0.5744331,0.81467897,0.9101637,0.20199937,0.5504945,0.29307318,0.50381804,0.7139695,0.41159987,0.5165693,0.4788602,0.30427355,0.49840364,0.36311647,0.24766894,0.26252234,0.4657668,0.9101637,0.20199937
ACAAAGGGTCAGTCTGCG,0.9975602,0.9973178,0.98267806,0.98912865,0.99180645,0.91853803,0.89356524,0.8465152,0.91686004,0.8138711,0.99196327,0.99821115,0.9697552,0.9976614,0.9964665,0.92988026,0.95101887,0.9500318,0.829409,0.99159986,0.76005614,0.77954113,0.73237246,0.5590584,0.56987095,0.8941895,0.99821115,0.5590584
TATAATGCTCGTCTGCCG,0.99650323,0.99504054,0.9941732,0.98846525,0.9927864,0.9922744,0.9257035,0.91571426,0.93827516,0.879689,0.9978172,0.99575263,0.9899302,0.9997635,0.99985766,0.9761283,0.98570496,0.9973587,0.914551,0.99801874,0.96525353,0.97406757,0.9870435,0.9707942,0.9936542,0.97457284,0.99985766,0.879689
AATAGTGCGGTGTTTCTA,0.9990684,0.9974997,0.9958494,0.99809974,0.9993924,0.9551516,0.9679656,0.9632566,0.97552735,0.938465,0.99913096,0.99981165,0.9970767,0.99999946,0.99999684,0.97413665,0.99428934,0.9973254,0.94672704,0.99868596,0.8819827,0.9834682,0.9956706,0.9549578,0.99561787,0.98036623,0.99999946,0.8819827
GAAGCCATTATCGAGCTG,0.9998441,0.9998897,0.99792856,0.9983529,0.9987537,0.9969973,0.9301062,0.9368994,0.9947204,0.97983193,0.9691792,0.95432884,0.9287693,0.9835954,0.9928397,0.9289469,0.89740485,0.8888564,0.747552,0.9745048,0.75378394,0.84959096,0.78795654,0.7399529,0.7526223,0.9193282,0.9998897,0.7399529
ACGGCCTACCCTGCGCCG,0.9911645,0.9922302,0.95456403,0.9539064,0.77105695,0.97859293,0.78399014,0.7364424,0.93296206,0.66262877,0.9994317,0.9791573,0.8210083,0.86610985,0.93890005,0.9697024,0.90691143,0.94503134,0.8230995,0.96008646,0.9790545,0.8115759,0.84203696,0.72202724,0.8075619,0.88516945,0.9994317,0.66262877
GAGAACATTCTTGCTGTG,0.998264,0.9952913,0.98866725,0.99030626,0.99899673,0.97683877,0.8977664,0.9625516,0.9677282,0.9109977,0.98312986,0.9595965,0.97952366,0.9977994,0.9988848,0.96218,0.9837494,0.9796934,0.8587099,0.9953459,0.8580322,0.9518714,0.9663197,0.9073213,0.9692788,0.9615539,0.99899673,0.8580322
GAGGGTGCGTTTGTTGTA,0.9991787,0.88641655,0.97091687,0.99685836,0.99965286,0.92847496,0.7998791,0.9514648,0.97139317,0.9375378,0.9978736,0.9995374,0.986158,0.9999996,0.99999887,0.9684582,0.995546,0.9973715,0.951362,0.9983491,0.6716129,0.98814034,0.9991324,0.9612374,0.99924195,0.95823175,0.9999996,0.6716129
TATTATGCTAGGGGATTA,0.9966811,0.98997325,0.9984532,0.998279,0.9993333,0.9880468,0.96147686,0.9857969,0.95453787,0.95241064,0.9886348,0.9965633,0.9953048,0.99998266,0.9999768,0.870466,0.9565314,0.9909741,0.84559464,0.99625176,0.84768844,0.9789317,0.9882302,0.9710084,0.9942832,0.96981645,0.99998266,0.84559464
ATCACCATCATCAACCTC,0.9995782,0.9994055,0.9782709,0.95190203,0.9740526,0.9812082,0.9223284,0.90864456,0.9564471,0.7965521,0.92666984,0.9704003,0.6875013,0.73977345,0.72661304,0.75433356,0.542858,0.75211924,0.6758314,0.8290548,0.9229827,0.75171524,0.47349927,0.78070164,0.58050126,0.8233177,0.9995782,0.47349927
AGGGGCGAGGGCTGAGGT,0.9561182,0.986464,0.97561306,0.98858607,0.9782056,0.598794,0.74706185,0.9057679,0.79754686,0.8766723,0.9928067,0.9998873,0.85772467,0.99987507,0.9942136,0.71301115,0.9375268,0.9148052,0.7290098,0.9358298,0.36808783,0.6974627,0.8637394,0.38250038,0.6490873,0.8338558,0.9998873,0.36808783
AATAACTCTCGTGTGCGG,0.9998059,0.9993518,0.99864143,0.9981,0.99950224,0.99710095,0.9659576,0.96445787,0.9680815,0.9731523,0.99976873,0.99914396,0.99778086,0.99989027,0.99986815,0.9853438,0.98604274,0.99586767,0.91519517,0.9983857,0.9696028,0.9600612,0.9688413,0.93258137,0.96617955,0.98154813,0.99989027,0.91519517
TATAACGCTAGTGGGTCG,0.99311465,0.99629325,0.9979493,0.9957391,0.9989074,0.9939838,0.9054412,0.95988333,0.96054524,0.94744694,0.99788743,0.9981224,0.99543417,0.9999005,0.9998181,0.95722276,0.9610296,0.97458327,0.7858387,0.9957378,0.91099674,0.9540011,0.969582,0.9258874,0.9640872,0.96557724,0.9999005,0.7858387
ACGGCCTTCCCTGAGCCG,0.9925156,0.9693932,0.95679986,0.9699064,0.8993684,0.9729342,0.63601375,0.6264545,0.90637046,0.61851907,0.99972117,0.9865467,0.9097083,0.9926069,0.9959364,0.9771784,0.9559736,0.9829235,0.8812391,0.98768646,0.98251265,0.88831085,0.9451829,0.8578195,0.9427621,0.9133754,0.99972117,0.61851907
GACGTGGGCACATCCTGT,0.98875165,0.9912361,0.9832846,0.9909366,0.99604243,0.9122864,0.9360576,0.96486354,0.9582923,0.92227584,0.93251646,0.94538033,0.44837624,0.9640124,0.8711334,0.9099421,0.86361843,0.9658454,0.87049526,0.93825716,0.6830115,0.8537176,0.8445351,0.6754601,0.8545515,0.89059526,0.99604243,0.44837624
TATTATGCTAGGGGATTG,0.9969804,0.98579293,0.9988564,0.99848926,0.99923325,0.99030614,0.9452032,0.98169655,0.9524478,0.9496819,0.99375015,0.99754417,0.99700737,0.99999124,0.99998504,0.870466,0.9565314,0.9909741,0.84559464,0.99625176,0.8721177,0.98070115,0.9911387,0.97295326,0.9952777,0.97035897,0.99999124,0.84559464
GACCTGGGCACATACTGT,0.9870214,0.99003005,0.9759872,0.9885224,0.9923532,0.85543805,0.93632615,0.96009666,0.9510679,0.8980942,0.93007827,0.9460875,0.5372728,0.94868964,0.8690055,0.8734908,0.70168793,0.91018105,0.7992673,0.9202557,0.77438176,0.8211752,0.7589283,0.6458523,0.745227,0.86866075,0.9923532,0.5372728
AGGGACTAAAGACGACAT,0.16488586,0.515133,0.60927343,0.21877453,0.120175414,0.39059892,0.4149161,0.5476661,0.34009144,0.6206812,0.15975335,0.08710592,0.14319582,0.031590387,0.053930227,0.11970832,0.102816366,0.044110704,0.05789729,0.088917665,0.16925266,0.24025993,0.16031972,0.20057161,0.17712133,0.23114993,0.6206812,0.031590387
ATCCCCATCATCGATATC,0.9995164,0.9994939,0.97984457,0.9652932,0.99308586,0.991375,0.84019995,0.91763306,0.95328206,0.9009862,0.9917498,0.98789823,0.87229437,0.8715241,0.9505105,0.86856854,0.81897753,0.9407735,0.7806828,0.90760696,0.9671885,0.84534895,0.78935784,0.8794518,0.83546394,0.9139243,0.9995164,0.7806828
ATCCTCATCATCGATATC,0.99872655,0.9985877,0.98324406,0.9274896,0.99481565,0.9834437,0.7953547,0.91569734,0.9368121,0.8876239,0.98195004,0.97644883,0.9146452,0.93956774,0.9803505,0.85877913,0.8879367,0.9759119,0.88331234,0.9698777,0.96269447,0.9123691,0.90825415,0.9399412,0.94577914,0.93838453,0.99872655,0.7953547
GGGCAGCGTAAGACTACT,0.74618024,0.72227633,0.50719476,0.38902262,0.36773777,0.84307504,0.23898941,0.7411405,0.62015325,0.36168697,0.16042972,0.10628254,0.11118011,0.034939528,0.09096777,0.40873614,0.33395168,0.22206058,0.46407154,0.41490856,0.22752623,0.58912826,0.46035278,0.3633631,0.44980076,0.39900628,0.84307504,0.034939528
GTGGGAGGCTTTGGCGTA,0.99798375,0.96625906,0.98090404,0.9937714,0.99553406,0.9118472,0.67999727,0.9484786,0.9245922,0.94128764,0.99567616,0.9992869,0.9312969,0.9999822,0.9999698,0.9007141,0.98709327,0.9866575,0.9089333,0.98832846,0.5574576,0.9685682,0.9946045,0.9223693,0.9951183,0.93906856,0.9999822,0.5574576
AGGACCGGCGATACCGTG,0.95153916,0.9008623,0.75732374,0.7385211,0.8210824,0.78102285,0.45539203,0.8119204,0.74870545,0.48005596,0.97591513,0.9580269,0.5826517,0.87930715,0.7659923,0.73103476,0.71528786,0.41523457,0.5401326,0.66134495,0.66230947,0.6585124,0.5730843,0.34943804,0.4104943,0.69300765,0.97591513,0.34943804
CCGACCCACCCCCCGCCC,0.98673457,0.998592,0.81364685,0.27722803,0.4153037,0.95592475,0.52815187,0.5693108,0.48062146,0.3065156,0.9983481,0.9819669,0.5419034,0.5940778,0.46172738,0.94885343,0.48945048,0.6455257,0.55991125,0.5099896,0.9902048,0.5569005,0.46118617,0.45988503,0.4977518,0.6411885,0.998592,0.27722803
CCCGCCTTCCCCGCGCCC,0.99960095,0.99961096,0.9611091,0.96488863,0.9794154,0.99577624,0.80082536,0.7623331,0.89987946,0.78583294,0.99997526,0.99832994,0.83683187,0.88400537,0.9881943,0.98922145,0.883416,0.98455703,0.90873635,0.9720228,0.9980592,0.8058599,0.9044136,0.82858,0.8992518,0.9212292,0.99997526,0.7623331
GAGGCCAGTCTTGCTGTG,0.99956197,0.9988076,0.9905543,0.9965778,0.9990017,0.9875462,0.89524406,0.9767519,0.9896599,0.92547005,0.9984563,0.98700327,0.96180886,0.9998236,0.9995604,0.9698035,0.98686135,0.9937745,0.9192781,0.99226946,0.8904093,0.94477737,0.98571515,0.8845005,0.9821903,0.9702164,0.9998236,0.8845005
ACGGCCTTCCCTGCGCCG,0.9969295,0.9908341,0.95752907,0.97477686,0.94528466,0.986682,0.7145477,0.7354258,0.9365458,0.69923747,0.999922,0.9943634,0.9291584,0.9950626,0.99782914,0.9860959,0.9668032,0.9892798,0.9179463,0.9924027,0.99122494,0.90020764,0.9620818,0.87706375,0.9609279,0.9359265,0.999922,0.69923747
GAGGAATGGGCATCGATT,0.8623034,0.92824745,0.91285324,0.946347,0.82055914,0.84929174,0.8272871,0.8348045,0.93797183,0.8715565,0.44645697,0.93459016,0.50823814,0.89606583,0.94218636,0.77361935,0.8889342,0.8313926,0.57315814,0.9519726,0.22002526,0.6645454,0.6879885,0.4660655,0.5831814,0.76638573,0.9519726,0.22002526
AATACCACGGTGGCTCTA,0.99931175,0.99959606,0.9965005,0.99670756,0.99949366,0.9867488,0.98554164,0.9755825,0.98351145,0.911036,0.9995124,0.99933535,0.986067,0.9989579,0.9989958,0.98381543,0.96606,0.9834245,0.8671936,0.9930018,0.93168557,0.88476247,0.8420456,0.7624034,0.77757627,0.95235467,0.99959606,0.7624034
TATAGTGCTAGGCTGCCG,0.9968119,0.9965707,0.9951043,0.99119306,0.9884016,0.98737246,0.9266355,0.94103396,0.9243793,0.85988194,0.9962204,0.99788696,0.98463047,0.99995154,0.99991626,0.9561105,0.9814018,0.9953407,0.84984297,0.9971214,0.89438695,0.9673124,0.98284584,0.9503104,0.9901817,0.96603364,0.99995154,0.84984297
AGGACCGAAAAACGAGAG,0.087297216,0.6248004,0.40127236,0.110997654,0.3785482,0.28456056,0.09744784,0.39156684,0.20332018,0.49355537,0.25472838,0.25343132,0.22001699,0.19141914,0.10621346,0.16175513,0.108473815,0.039076235,0.06771549,0.10842714,0.21218053,0.13471532,0.12712315,0.12461888,0.13052726,0.21255158,0.6248004,0.039076235
TATTAAACGAGTGGATGA,0.99030846,0.96185553,0.9981513,0.99416447,0.9985945,0.948642,0.95995706,0.9566322,0.917585,0.83152336,0.8827045,0.9642299,0.97787285,0.97231424,0.99121577,0.6991101,0.91458786,0.8135367,0.48288506,0.98446655,0.6020996,0.8948771,0.8160558,0.89276665,0.84600407,0.89168566,0.9985945,0.48288506
ATGACCGGACATACCGTG,0.9563098,0.89963645,0.67408055,0.57382965,0.6897105,0.7797701,0.4807862,0.7903228,0.78752327,0.5425386,0.8753852,0.87512577,0.5159588,0.5982086,0.44049963,0.522197,0.37745813,0.32473603,0.35022303,0.4461363,0.7272792,0.70528626,0.48883402,0.5562437,0.4780874,0.6182467,0.9563098,0.32473603
GAGACAGCGTTGTCTGTA,0.99817175,0.9924887,0.98598826,0.9874248,0.99760276,0.82377905,0.9042502,0.9702512,0.9730787,0.725724,0.994773,0.99459124,0.97397697,0.9997573,0.9996298,0.9719148,0.987795,0.9858044,0.896188,0.9965889,0.7948673,0.9359523,0.9692019,0.82136726,0.95643747,0.9455043,0.9997573,0.725724
AATAACACGGTGGGTCTA,0.9980763,0.9984532,0.99703485,0.99611235,0.9995002,0.98440784,0.9816851,0.96033186,0.977598,0.93509066,0.9987984,0.9993146,0.994009,0.9997467,0.9995423,0.9651079,0.9644028,0.9589276,0.8504574,0.9937075,0.820092,0.86904097,0.79866016,0.6858212,0.63597417,0.9344758,0.9997467,0.63597417
AGGAGCGAAGATAGCGAG,0.20898192,0.31803614,0.2926136,0.27538425,0.23097305,0.23802868,0.15372595,0.34358796,0.2189628,0.61168426,0.26005057,0.38239866,0.23894268,0.09294699,0.143051,0.26170948,0.3389296,0.08319306,0.13627705,0.35330576,0.1475216,0.24196914,0.17953426,0.18100491,0.15871131,0.243661,0.61168426,0.08319306
GAGGGAGCGTTTGCTGTA,0.99597245,0.9344757,0.95506877,0.98946136,0.99740887,0.8890517,0.8131157,0.9525143,0.9383319,0.8899711,0.99192894,0.998029,0.9374231,0.99993914,0.9998867,0.9380026,0.990265,0.9859614,0.892515,0.99490505,0.52712756,0.9483334,0.98880774,0.8411873,0.9829786,0.9349065,0.99993914,0.52712756
GACATGGTCATCAGCAAC,0.9986726,0.99246734,0.946616,0.9768667,0.99457896,0.96697205,0.8650729,0.78396386,0.88782173,0.92645437,0.8473618,0.8612873,0.5754668,0.9245022,0.95064694,0.84605944,0.85262084,0.9384312,0.8157737,0.9790432,0.62025994,0.8155679,0.64998937,0.7081158,0.7138084,0.8575369,0.9986726,0.5754668
AATTAAACGGTGGGTTTA,0.9872313,0.9808108,0.99755484,0.9947761,0.99879694,0.9464178,0.9677393,0.9493111,0.9652712,0.90064925,0.99629986,0.9986924,0.9972586,0.99992436,0.9998474,0.9351249,0.9687375,0.9593448,0.812321,0.99447274,0.7768177,0.9509857,0.9526786,0.8870374,0.9132851,0.9532553,0.99992436,0.7768177
TAGACCAGTCTGACTGTG,0.99761444,0.9978356,0.97347915,0.9655263,0.9900325,0.9600525,0.9113435,0.98006237,0.9779491,0.62306756,0.9912172,0.9873784,0.94704485,0.99269927,0.994738,0.92142254,0.9603234,0.97983474,0.7210072,0.9819544,0.9004681,0.91609097,0.9227654,0.8795144,0.92792726,0.93605417,0.9978356,0.62306756
GACCTGGGCTCATGCAGT,0.9959099,0.9950806,0.9817077,0.9962596,0.9991874,0.9572826,0.90136504,0.96750396,0.97216624,0.94328386,0.99857247,0.9979281,0.912565,0.9998548,0.9993296,0.9781431,0.9723608,0.99315816,0.92670333,0.99327815,0.901245,0.90499353,0.94948685,0.8258535,0.9389997,0.96008873,0.9998548,0.8258535
AATACTGCGTTGTTTGTA,0.9996136,0.9976663,0.9964738,0.9980473,0.9997997,0.94786346,0.9444257,0.97622675,0.9836031,0.9082112,0.9996661,0.99959487,0.99890274,0.99999887,0.9999965,0.9915542,0.99515665,0.99834645,0.95043176,0.99948853,0.9693656,0.99081784,0.9973942,0.97722155,0.9982103,0.9847232,0.99999887,0.9082112
GAACGGGGTACATCGTAT,0.9918373,0.9974236,0.943643,0.9873277,0.98178333,0.95391095,0.94853926,0.952782,0.9737856,0.97025234,0.8964906,0.9859595,0.66519827,0.99181104,0.9785592,0.74912226,0.7754487,0.7457359,0.66910124,0.9128936,0.40180323,0.74766624,0.7305853,0.52212375,0.646286,0.8448027,0.9974236,0.40180323
GAGGACTATCATGCGCGG,0.99784636,0.9970435,0.98431516,0.9926803,0.9882334,0.9836441,0.8788302,0.90795463,0.9638554,0.95847774,0.9172683,0.68725216,0.8161927,0.8496593,0.95796806,0.85853547,0.9106499,0.91954476,0.69301367,0.9692423,0.6147958,0.8406912,0.8385404,0.7144162,0.8010304,0.88166726,0.99784636,0.6147958
GGGCAACGGGTATCTATT,0.85752064,0.87996995,0.8468946,0.7815109,0.8447511,0.8084329,0.44919342,0.8693242,0.69677275,0.6265389,0.4969641,0.69332576,0.4253911,0.8442396,0.90918064,0.5937244,0.86500746,0.5772019,0.64339596,0.8405372,0.41112214,0.8240654,0.8692034,0.6203686,0.8337645,0.7243361,0.90918064,0.41112214
CCGACCCACCCTGCGCCG,0.978818,0.9920181,0.88030356,0.73547286,0.83081347,0.9719445,0.5715147,0.71627367,0.6687745,0.30442083,0.9994503,0.9898111,0.69381565,0.6724028,0.7196405,0.9686391,0.8304353,0.8871971,0.72788095,0.9022482,0.9895621,0.6716887,0.574321,0.55427665,0.57173896,0.7761386,0.9994503,0.30442083
ATAAAGTGTACATCTGCG,0.97415084,0.9948956,0.99412894,0.9447689,0.9777011,0.8603407,0.9201366,0.90137875,0.8622934,0.8612092,0.8616584,0.9692988,0.9411102,0.97718924,0.9879263,0.8403136,0.92885256,0.9498429,0.61904633,0.98373705,0.6628615,0.8978481,0.79440355,0.8690842,0.821539,0.89582855,0.9948956,0.61904633
GAACAGGGTACATCTTAT,0.98418504,0.99451494,0.9697014,0.97789264,0.98491824,0.9063378,0.9526443,0.9581052,0.95880294,0.94005644,0.6398266,0.94065124,0.6485851,0.9355591,0.94086546,0.7405621,0.8289708,0.6837828,0.5815374,0.9287764,0.4277264,0.7295208,0.62692374,0.5660922,0.58536667,0.8172763,0.99451494,0.4277264
GACTTGGTCTCCAGCAGT,0.9948649,0.97694206,0.96245575,0.9934623,0.99823344,0.9521225,0.8219737,0.92660534,0.9405104,0.8944115,0.9953446,0.982032,0.8839041,0.99973786,0.9994441,0.95866126,0.94459444,0.99537414,0.90571654,0.98881716,0.91703874,0.9478299,0.97407615,0.93254834,0.9872417,0.95495766,0.99973786,0.8219737
AGGAAGCATCAGACAACG,0.48762944,0.5187062,0.26241633,0.21387091,0.14449175,0.62846553,0.3079554,0.42882282,0.25390714,0.26879066,0.25294775,0.17001837,0.1546337,0.12728222,0.1242939,0.18203707,0.18812944,0.10306526,0.2075401,0.33618155,0.25294366,0.23952381,0.17338288,0.19563872,0.18758607,0.25641042,0.62846553,0.10306526
TATTAAACTAGTGGATGA,0.9971996,0.99056077,0.99894434,0.99764645,0.99908566,0.98788166,0.97215754,0.9824267,0.9545522,0.8678955,0.89711756,0.9497399,0.98717695,0.98353183,0.9962165,0.7433003,0.9083778,0.88120097,0.44567192,0.98791206,0.71318233,0.9477197,0.90660965,0.9423194,0.9381542,0.91906327,0.99908566,0.44567192
AATTAAACGGTGGGTCTA,0.997933,0.9952891,0.9979043,0.996747,0.99913394,0.966276,0.97570676,0.9561087,0.975209,0.89622283,0.9967007,0.99874026,0.9958679,0.9998811,0.9997809,0.9330521,0.9685665,0.9651333,0.8161053,0.99373347,0.7712357,0.93027157,0.912525,0.8500975,0.8513467,0.94958276,0.9998811,0.7712357
ATAAAGAGTACAGCTGAG,0.9808896,0.9893209,0.9905198,0.920766,0.9865333,0.9420282,0.9191337,0.930938,0.8741916,0.84965473,0.7596105,0.942665,0.8344592,0.84460783,0.8117014,0.47974995,0.67818844,0.48220778,0.19249928,0.93311274,0.40354457,0.49685434,0.2605139,0.45172906,0.24355032,0.72795886,0.9905198,0.19249928
GACGAAGGGGCATCGTGT,0.94704485,0.98532194,0.97120476,0.9874029,0.98830265,0.8873521,0.9370854,0.8909808,0.94158447,0.8613918,0.96354425,0.9985883,0.87517333,0.9972941,0.99007994,0.92663383,0.8944595,0.783699,0.6570467,0.9684792,0.4918039,0.6428344,0.72256947,0.36446968,0.49125138,0.846624,0.9985883,0.36446968
AACCTGGTCATCATCAAC,0.9996929,0.995291,0.9555825,0.9817455,0.99295837,0.9778028,0.8346799,0.78477854,0.93721557,0.92523795,0.9822648,0.9852367,0.8289778,0.9721061,0.9800191,0.9034022,0.9038761,0.9820229,0.8247328,0.97570854,0.89207995,0.8725746,0.7590481,0.8278735,0.8190295,0.9157574,0.9996929,0.7590481
ACGACCTACCCTGAGCCG,0.956997,0.97507924,0.9509709,0.8995871,0.75521857,0.95638,0.56788236,0.6226913,0.84334856,0.47899252,0.9960652,0.98023796,0.8217238,0.80077565,0.8802786,0.94619584,0.8493264,0.71336526,0.62601066,0.9407895,0.95893157,0.75049967,0.60129434,0.6086646,0.57071656,0.8020809,0.9960652,0.47899252
TATTAAGCGGGTGGATGA,0.9896273,0.9741124,0.9985294,0.99802446,0.999631,0.91734517,0.9653562,0.9678729,0.89869463,0.90563697,0.9972305,0.99965835,0.9963738,0.9999903,0.9999623,0.90717024,0.9780912,0.9781359,0.84329206,0.9970213,0.7775093,0.958692,0.97225225,0.9276038,0.9710576,0.9567549,0.9999903,0.7775093
GACGAAGGGGCATCCTTT,0.8834866,0.95458096,0.95120627,0.9798789,0.9739893,0.84793407,0.934168,0.89309376,0.92891896,0.91607106,0.8745191,0.99334425,0.67406833,0.9777027,0.9647642,0.9099039,0.86732626,0.7618867,0.60795647,0.9492414,0.490518,0.66286355,0.67417157,0.3862979,0.54388344,0.82407105,0.99334425,0.3862979
GAGGGCGGCGTGGCTGTA,0.9961817,0.9924101,0.9548332,0.9927162,0.9980034,0.9304263,0.9027146,0.97975415,0.97260547,0.8649956,0.9998038,0.99997145,0.9389536,0.99999803,0.99989873,0.9558615,0.9846531,0.99322253,0.95194334,0.994517,0.65095264,0.9077899,0.9801931,0.6387101,0.9393989,0.94082034,0.99999803,0.6387101
ATCACCATCACCATCCCC,0.9986807,0.9958109,0.9367505,0.75226575,0.9065954,0.9773667,0.8562287,0.8474891,0.9202715,0.72820973,0.9646413,0.97655463,0.651063,0.69839114,0.66630965,0.82934237,0.5328974,0.81028426,0.5724968,0.73828363,0.9563086,0.708553,0.4789565,0.7441979,0.58564097,0.7933436,0.9986807,0.4789565
AATACAACGGTGGGTCTA,0.99915797,0.9987979,0.99799854,0.9972776,0.99954444,0.975776,0.97015864,0.96364135,0.98195684,0.90256274,0.9987232,0.9993729,0.99423707,0.9997474,0.99955076,0.96572036,0.96175474,0.9483845,0.8108755,0.9928013,0.81837946,0.8649931,0.7996008,0.68854934,0.6393758,0.93075746,0.9997474,0.6393758
ATCGGCGGCGATGCCGAA,0.9921785,0.9907533,0.94283354,0.9536361,0.9833207,0.9383393,0.7009829,0.86178577,0.74274546,0.90994924,0.9995714,0.9995782,0.8636245,0.9997909,0.9951508,0.9264216,0.94809663,0.9820219,0.92391837,0.9813487,0.84354216,0.8575666,0.8827369,0.6540896,0.8243043,0.90793145,0.9997909,0.6540896
AGGATGTACCCTGAGCTG,0.72538817,0.7619794,0.97223866,0.87104964,0.8368206,0.86429673,0.36144271,0.6663131,0.5509209,0.3925232,0.908231,0.57212216,0.71744126,0.81348413,0.90668714,0.71987784,0.9096366,0.85428816,0.53155494,0.947731,0.69904053,0.88372725,0.8738533,0.8031216,0.8853995,0.7611668,0.97223866,0.36144271
GACACCGGGGTGACTGTA,0.9948276,0.9957298,0.95652795,0.9741182,0.9981,0.8387914,0.919574,0.95245636,0.9691637,0.65249366,0.99935704,0.9998493,0.9717042,0.9999414,0.9996312,0.97848654,0.96134406,0.9708547,0.89096284,0.99259275,0.83371884,0.84321547,0.8888723,0.5471467,0.7388824,0.9147336,0.9999414,0.5471467
TTACGGGGTATAGATAAT,0.9878492,0.99680835,0.97388643,0.9756318,0.99022776,0.95372903,0.8501227,0.9621106,0.89580345,0.9078047,0.6522095,0.9732078,0.68366694,0.9975774,0.9970913,0.4095454,0.75834465,0.70267576,0.6295592,0.85442984,0.38569486,0.9252597,0.89378923,0.90825146,0.95310694,0.84873533,0.9975774,0.38569486
GACAACATGATGGGACGT,0.9982441,0.9981894,0.99119896,0.9914769,0.9995616,0.9841267,0.9453202,0.9478316,0.98156595,0.8996994,0.9718673,0.99308467,0.9690827,0.99709487,0.99673694,0.9430146,0.9277136,0.7972851,0.70576805,0.9899185,0.58852774,0.65946984,0.5149775,0.4373055,0.3223121,0.8620549,0.9995616,0.3223121
AAGACGGGGCTAACTGTG,0.9822694,0.9906002,0.9693805,0.9743104,0.98525256,0.9426881,0.8092023,0.93080276,0.95292044,0.71257675,0.98144114,0.9968156,0.84820884,0.9963586,0.9836817,0.8320556,0.8574873,0.83344495,0.688937,0.95244277,0.5039387,0.67577624,0.6324816,0.3887764,0.43306378,0.83419657,0.9968156,0.3887764
ACCCCCCTCACCGCCCCC,0.999319,0.9990877,0.9392392,0.9437574,0.98343265,0.9922172,0.7839686,0.91155416,0.8806675,0.8753041,0.9998653,0.99829984,0.6812482,0.7434913,0.8218683,0.9710318,0.714393,0.9459408,0.7787222,0.8267722,0.99559885,0.6175368,0.51663965,0.6164715,0.5867423,0.84492683,0.9998653,0.51663965
GAGGACAGTCATGCTGTG,0.9969509,0.98110473,0.9610248,0.9838705,0.9938311,0.97134024,0.80202764,0.9349254,0.9566278,0.897865,0.88581616,0.75166625,0.7747183,0.8836655,0.94440645,0.82215357,0.94200486,0.9415398,0.75829005,0.9787158,0.52541435,0.8168874,0.84684074,0.6352596,0.78247744,0.8707769,0.9969509,0.52541435
GGAGCCATTATTGAGCTG,0.99924076,0.998669,0.9953962,0.99395,0.993901,0.9881799,0.77052534,0.8444844,0.9561519,0.921266,0.8906549,0.6550192,0.91120046,0.9931915,0.99746627,0.90793604,0.94617647,0.9339902,0.77021706,0.97467434,0.64521044,0.92817616,0.9519411,0.8649991,0.9494078,0.91128105,0.99924076,0.64521044
AGGGACGAAAGACGACAT,0.19644932,0.6644564,0.53794235,0.25818828,0.23239063,0.44363177,0.34952754,0.6271166,0.42523426,0.5755356,0.14107159,0.07710027,0.11154296,0.025363306,0.041961614,0.12216853,0.09310338,0.040218923,0.052890014,0.06315165,0.12877207,0.14714025,0.12123185,0.12933382,0.13275813,0.22953129,0.6644564,0.025363306
AGGGGAGCCTGCGGAGAA,0.98372954,0.9044636,0.9283101,0.9426451,0.9367516,0.75507534,0.38896048,0.8830512,0.42907873,0.8592308,0.992264,0.99037635,0.5762647,0.98369235,0.855332,0.6474993,0.94385856,0.8659336,0.59492785,0.93334424,0.39892232,0.647188,0.70042574,0.33612534,0.49422908,0.7588671,0.992264,0.33612534
ACCCCCTTCACCACCCTC,0.9996094,0.998203,0.9427151,0.9696835,0.950054,0.98697096,0.85664076,0.86674255,0.9345303,0.8910685,0.99810225,0.9957404,0.690189,0.76658714,0.8339574,0.9579055,0.6356986,0.9268413,0.7460485,0.767619,0.9921455,0.7087835,0.56969976,0.7550693,0.67226523,0.8565149,0.9996094,0.56969976
AGGGACCAGGGACGACGT,0.39434484,0.90010405,0.8986258,0.7612313,0.73340213,0.44859177,0.60523874,0.7086726,0.56138664,0.62862957,0.78592896,0.88511807,0.38620976,0.40206236,0.30317056,0.38295835,0.30848232,0.21145113,0.20983548,0.23960458,0.33778787,0.37628064,0.26483592,0.19408295,0.20807636,0.48544458,0.90010405,0.19408295
GACCTGGGCACCTATAAT,0.98676455,0.9862191,0.8723264,0.92350656,0.91994935,0.87038493,0.81959885,0.8893142,0.9037294,0.8191828,0.94228053,0.91132027,0.382702,0.9077278,0.74411666,0.8497299,0.78061146,0.90754896,0.78180975,0.9020328,0.78608245,0.8236372,0.75351053,0.6566191,0.7511355,0.83487356,0.98676455,0.382702
ACCCCCATCACCAACCTC,0.99912727,0.9965517,0.9009762,0.9358613,0.894727,0.9848518,0.8149437,0.84688854,0.9486928,0.87154925,0.98091805,0.99034834,0.6296625,0.70301425,0.63376,0.7726046,0.3891292,0.6483789,0.42715538,0.4517958,0.96927714,0.56664616,0.43057594,0.5280265,0.4799257,0.75181556,0.99912727,0.3891292
AGGAGCGACGATGGAGAA,0.55098754,0.7247983,0.67153966,0.68498933,0.90969163,0.52226824,0.236237,0.63319016,0.30941454,0.69549876,0.78233635,0.8774796,0.48954296,0.73566025,0.49473038,0.34370115,0.7802679,0.2893683,0.38473833,0.71241164,0.21802507,0.3734366,0.3192121,0.21214722,0.1881689,0.5255937,0.90969163,0.1881689
AATAACTCTCGTGTGCTG,0.9997864,0.9988698,0.99847513,0.9977841,0.9988841,0.9972608,0.95077026,0.95270723,0.9645493,0.9702245,0.99963677,0.99880004,0.9972505,0.9998534,0.99986696,0.9831829,0.9870366,0.9960875,0.91425776,0.99835503,0.970698,0.96486455,0.97263885,0.9420643,0.9747951,0.98114794,0.99986696,0.91425776
AAGACGGGACAGACTGTG,0.94804615,0.9270014,0.8177329,0.8896625,0.87421274,0.8235448,0.60290956,0.8580139,0.9307386,0.46811244,0.87530655,0.9698537,0.635298,0.8732874,0.64367133,0.52920943,0.47476697,0.370048,0.2953911,0.7818599,0.34141785,0.37026855,0.24907757,0.21269053,0.21116142,0.6389313,0.9698537,0.21116142
AGGAACCAACAGCGAAGT,0.15458116,0.38392773,0.32682547,0.085508086,0.35870913,0.401215,0.18434544,0.6082481,0.15693974,0.28035086,0.37861893,0.3379722,0.2956747,0.26681802,0.15954325,0.2555118,0.14828555,0.067536235,0.08689909,0.24650191,0.37621006,0.20623617,0.17208125,0.15751053,0.17736328,0.2509366,0.6082481,0.067536235
GGGGTGTATCGTGAGCTG,0.97092146,0.95123965,0.99342775,0.989734,0.9427776,0.8800446,0.6206209,0.6824152,0.87209255,0.83176714,0.8464252,0.9689657,0.75727415,0.99962455,0.99960285,0.7574995,0.9619509,0.970451,0.8278082,0.98041874,0.39696762,0.96275216,0.98916525,0.92432994,0.9937485,0.88288087,0.99962455,0.39696762
AGGCTGCGTAAGTCAACT,0.9533996,0.9698499,0.8312235,0.8341125,0.89185697,0.91651124,0.42950568,0.9017502,0.6169637,0.5881945,0.6485513,0.6826416,0.35538414,0.93891096,0.88757557,0.67886376,0.7634461,0.82615715,0.836683,0.88354945,0.5036469,0.8470967,0.7822725,0.7168628,0.8171602,0.7640868,0.9698499,0.35538414
TATTATGCTGGGTGTTTA,0.99264055,0.9920421,0.9988074,0.9989767,0.99937814,0.9568925,0.9753439,0.9865546,0.9818394,0.9518581,0.99911,0.9997854,0.9993114,0.9999998,0.9999997,0.97556525,0.9947414,0.9993103,0.9536233,0.9995441,0.9548069,0.9949278,0.999246,0.99017036,0.99965894,0.9877654,0.9999998,0.9518581
GACACCAGGCTGACTGTT,0.9947119,0.995461,0.93005174,0.9382348,0.99491125,0.9145012,0.8976169,0.9545838,0.97659034,0.58907044,0.99512994,0.99595004,0.90392965,0.9824384,0.98905885,0.97264475,0.9368485,0.95152307,0.79245585,0.987637,0.8836247,0.7973336,0.7406661,0.53797346,0.61957484,0.8909008,0.99595004,0.53797346
AGGAACGAAGATGGCGAG,0.62585366,0.6774708,0.8687945,0.7446784,0.91461235,0.5999856,0.3069939,0.58354825,0.4773758,0.8117762,0.55529046,0.81676954,0.6585404,0.4768547,0.5278834,0.457016,0.68919855,0.14174978,0.15804106,0.78735673,0.2065787,0.2644733,0.2030499,0.18625511,0.1623991,0.5161018,0.91461235,0.14174978
CCGATCTACCCTGAGCCG,0.7885993,0.90546507,0.926423,0.64874995,0.7449492,0.9070173,0.4634594,0.63601196,0.536874,0.32630306,0.9910318,0.9620907,0.84047306,0.83949864,0.9485202,0.92041796,0.8837702,0.94428426,0.7200351,0.9566993,0.97531563,0.8486438,0.8674044,0.8419392,0.8760412,0.8120008,0.9910318,0.32630306
AGACAGCGTACATCTGCT,0.9529144,0.9857263,0.9362631,0.847506,0.9618815,0.90307444,0.840044,0.9206191,0.7207578,0.6193591,0.89262503,0.94904315,0.72376525,0.88470393,0.8978271,0.8596224,0.8643954,0.76252514,0.7513453,0.9148865,0.75006247,0.7497174,0.6072823,0.5618234,0.5465067,0.8161711,0.9857263,0.5465067
AAAGACATTATCGATATG,0.99819905,0.998835,0.9954442,0.9887215,0.9952412,0.9901501,0.8644308,0.94124925,0.95986825,0.9137734,0.87962836,0.9593227,0.94350237,0.957516,0.97233254,0.70179343,0.85753554,0.5648773,0.4775543,0.9375083,0.59992903,0.73974186,0.44995388,0.668545,0.40395644,0.83038443,0.998835,0.40395644
GAGGGTGCATTTGTTGTA,0.99859655,0.79929626,0.9455475,0.9954466,0.9990699,0.9245922,0.75986344,0.9616415,0.97421634,0.927326,0.96931565,0.9786039,0.95608634,0.99996096,0.99996156,0.93790644,0.9904569,0.99450684,0.92699987,0.99629277,0.56678057,0.9810447,0.99731445,0.9510155,0.9978434,0.9411874,0.99996156,0.56678057
TAACGGGGTATCGATAAG,0.99823725,0.9989131,0.98564243,0.9931815,0.99704033,0.9869625,0.84040725,0.9618992,0.95816165,0.9476006,0.96455365,0.9955216,0.88104826,0.999572,0.99805754,0.7500642,0.91581976,0.8760203,0.7763362,0.95323527,0.4852804,0.870396,0.8301337,0.7830466,0.83411705,0.90325,0.999572,0.4852804
AACCGGATCATCAATAAT,0.9957417,0.9879999,0.7267485,0.8886487,0.88928133,0.96589583,0.71196425,0.7920247,0.92885506,0.8663553,0.7478159,0.9262542,0.4982744,0.8130831,0.5814868,0.67844784,0.68105644,0.59348214,0.49455246,0.82986623,0.6630556,0.5905879,0.33216742,0.49623197,0.34194452,0.7208728,0.9957417,0.33216742
GGGCAACGGGTATCGATT,0.94076294,0.9511521,0.85875505,0.8568469,0.85194045,0.8680324,0.50895715,0.8252097,0.7908579,0.70540684,0.70560694,0.87879044,0.52406895,0.9179951,0.93596774,0.6497242,0.8028077,0.5049862,0.6720395,0.8511619,0.4030174,0.7655334,0.8186818,0.51978695,0.7355002,0.7537436,0.9511521,0.4030174
AGACAGGGTACGTCTGCG,0.9823653,0.99121183,0.9676198,0.94775766,0.9670296,0.90723014,0.8197264,0.8771105,0.85963976,0.7585869,0.98926145,0.99722576,0.9490996,0.99883467,0.99671614,0.87611866,0.9338999,0.90716803,0.7970342,0.974796,0.6995441,0.8230137,0.8453643,0.59448624,0.73147374,0.8876926,0.99883467,0.59448624
ACGAAGGGACAAACTGCG,0.72114974,0.61420393,0.58473253,0.6017929,0.45570797,0.7276253,0.3886644,0.61629117,0.77751553,0.39879188,0.33105233,0.68428516,0.2901318,0.49777308,0.30492246,0.3728176,0.30284056,0.14055225,0.17277254,0.50412315,0.2935555,0.2271177,0.18408225,0.1735076,0.18109299,0.42188403,0.77751553,0.14055225
GGGCAACGGGTATCTGCT,0.8280139,0.9174225,0.8820445,0.7439571,0.9144828,0.71381795,0.46032566,0.8047642,0.78473485,0.54385763,0.779815,0.9233606,0.6268556,0.95886046,0.97289264,0.7822012,0.9084817,0.7616964,0.7095554,0.93238795,0.5393532,0.8416887,0.9019844,0.6230644,0.8578584,0.7885391,0.97289264,0.46032566
ATAAAGGGTCCATCTGTG,0.9928224,0.9974317,0.9929848,0.98576355,0.993158,0.8853185,0.8953073,0.9303615,0.8938013,0.85576236,0.9775108,0.991272,0.9454359,0.9914924,0.99204165,0.86727524,0.9354363,0.9758694,0.77000386,0.9848904,0.74917734,0.8901096,0.85703105,0.81782925,0.8439118,0.92048,0.9974317,0.74917734
GGGCAACGGAACCATATT,0.27736825,0.30995834,0.22315072,0.09877687,0.13767089,0.5877227,0.055847168,0.5264224,0.1498349,0.2814147,0.10968948,0.04009521,0.1177664,0.014600288,0.022536116,0.29802322,0.15438437,0.11927153,0.18010639,0.15183835,0.21597226,0.37404364,0.22154704,0.22122312,0.24504416,0.20537233,0.5877227,0.014600288
GTGGGAGCCTTTGGCGTA,0.99863976,0.9682418,0.9810342,0.99421823,0.9942499,0.9222443,0.75754696,0.94765955,0.90302855,0.95814997,0.99716276,0.99236137,0.900839,0.9998398,0.999722,0.9072672,0.9805402,0.9823899,0.89667183,0.98135686,0.7356293,0.964382,0.99315023,0.9233922,0.9943677,0.9469634,0.9998398,0.7356293
GGAGCCATCATCGAGATT,0.9986732,0.9976577,0.97287077,0.975056,0.9846907,0.9793734,0.72464705,0.8115795,0.9313983,0.9078985,0.7045459,0.18901062,0.43535325,0.271143,0.50822455,0.75854075,0.64128363,0.81538177,0.618333,0.7266836,0.57046396,0.7294302,0.6538764,0.56719595,0.61441004,0.723509,0.9986732,0.18901062
AGGGCCTAGGGACGACAT,0.60458386,0.92148286,0.85203034,0.83660704,0.5000354,0.39293146,0.6146976,0.50620353,0.51266456,0.7312801,0.85010326,0.95655644,0.44917628,0.9531538,0.79152596,0.4579109,0.42034796,0.35849297,0.42619297,0.47413078,0.43899044,0.63584286,0.5439412,0.3491219,0.431992,0.60039985,0.95655644,0.3491219
ATACAGGGTAAATCTGCG,0.99457383,0.9987726,0.9919338,0.98464257,0.98676336,0.931468,0.9021098,0.8873645,0.93883884,0.89927036,0.79626745,0.97662413,0.8735916,0.96878123,0.9671953,0.7549137,0.8340121,0.71467817,0.61870486,0.9524079,0.5105174,0.77160394,0.6318557,0.71027,0.59663886,0.847752,0.9987726,0.5105174
AGGATGTATCGTCTGCCG,0.8130447,0.91134524,0.9784429,0.7672511,0.7666206,0.8704339,0.6400577,0.4763123,0.59619874,0.4140853,0.957012,0.9560884,0.95072716,0.9990484,0.99949485,0.87780976,0.9807606,0.9787104,0.79274184,0.9918541,0.77180153,0.9590601,0.9828433,0.929761,0.98724264,0.8539499,0.99949485,0.4140853
AGGGCCGAGGGATGACGT,0.9495897,0.99404484,0.98060787,0.9907959,0.97613156,0.6502933,0.87133396,0.88520634,0.8976168,0.77835333,0.9570735,0.9981269,0.74252564,0.998339,0.9781602,0.6577503,0.8246691,0.71621495,0.5704304,0.7866182,0.37391818,0.5935428,0.6833304,0.31901646,0.43730605,0.7844397,0.998339,0.31901646
GGGGCCTTCCCTGAGCCG,0.9034939,0.8295535,0.8669771,0.8650559,0.7678856,0.9372737,0.29101777,0.48572323,0.74439234,0.605968,0.99662536,0.598044,0.5238,0.9935906,0.9777242,0.9314647,0.92736995,0.97185826,0.8046111,0.9582735,0.9062568,0.90935004,0.9749448,0.86538583,0.9778238,0.82457846,0.99662536,0.29101777
CCCACCCACCCCGCGCCC,0.9978736,0.99950033,0.9163754,0.7888962,0.9400118,0.98942596,0.7604001,0.7519462,0.79265696,0.53879917,0.9997637,0.99755996,0.64152676,0.6761708,0.65573424,0.9649603,0.61903363,0.76808673,0.68469286,0.7690364,0.99417466,0.5595064,0.4722336,0.49306563,0.50091267,0.7708937,0.9997637,0.4722336
GAAGCAATTATCGAGCTG,0.9998195,0.99978423,0.9985784,0.99800754,0.9977792,0.99285895,0.889802,0.9253251,0.99333847,0.9641598,0.85784966,0.89852995,0.916083,0.9529679,0.98437524,0.84858763,0.84471166,0.6243631,0.5884983,0.96887076,0.4991692,0.7580353,0.6264854,0.65095407,0.55264544,0.85326314,0.9998195,0.4991692
ATAGAATGGACATCGTCG,0.7198897,0.95702994,0.98205686,0.7972963,0.65342903,0.70548356,0.8879678,0.5358219,0.82097524,0.7815046,0.66421354,0.9253789,0.83083624,0.8292442,0.90775895,0.6741057,0.752065,0.7436475,0.36560157,0.94176257,0.47036445,0.7542713,0.5880622,0.69143045,0.55576634,0.7414386,0.98205686,0.36560157
AGGCAGCGTAAGCCTACT,0.69996715,0.868814,0.7482237,0.29774475,0.54455453,0.91525865,0.32952446,0.7874928,0.47163478,0.36639726,0.6333349,0.6331616,0.3092877,0.3998695,0.3998912,0.73321235,0.6532522,0.4354509,0.67428035,0.7743195,0.5050704,0.6489578,0.49377623,0.3981162,0.43715623,0.56635004,0.91525865,0.29774475
GACGACATGAAGGGACGT,0.9964557,0.9965802,0.9765803,0.99048483,0.99818164,0.98088354,0.87722856,0.8938517,0.96668965,0.902036,0.8330126,0.95330584,0.8099834,0.95316356,0.95058554,0.88513094,0.6313606,0.44539025,0.5569232,0.94415563,0.3705686,0.42477697,0.31509247,0.26630536,0.22341433,0.76568556,0.99818164,0.22341433
GACGCCATGGTGGCTCTT,0.99939215,0.9993114,0.9924831,0.99696743,0.9996268,0.98551697,0.9481864,0.95934594,0.99095136,0.9042722,0.99962765,0.9996768,0.98335403,0.9999867,0.9999482,0.9912892,0.9857067,0.9954521,0.9504447,0.9974369,0.9354915,0.9304944,0.97818905,0.83800316,0.96327597,0.9729773,0.9999867,0.83800316
TTACAGGGTATAGATGAG,0.9943458,0.9971208,0.9938954,0.9860766,0.99496746,0.95922035,0.8880239,0.94361115,0.94736946,0.9385752,0.8190914,0.9831483,0.92946506,0.9968598,0.9977436,0.49740618,0.81493646,0.72338784,0.60342133,0.9577042,0.51990926,0.9116595,0.8845238,0.9036687,0.9254238,0.8844623,0.9977436,0.49740618
ATCATCGTCATCAACATC,0.9939658,0.9898246,0.9343597,0.7143173,0.96704894,0.91519034,0.7596281,0.87491417,0.7677588,0.6965966,0.88466257,0.9306813,0.70679784,0.8494728,0.89257133,0.569626,0.681048,0.9241458,0.8419595,0.9309819,0.8957277,0.8761354,0.7454262,0.8977204,0.86783826,0.8443359,0.9939658,0.569626
AGGGCGTACCCTGAGCTG,0.95659184,0.92348635,0.9778608,0.96561205,0.74304116,0.9263473,0.47729766,0.5935036,0.7790665,0.574951,0.9818933,0.66224456,0.5685153,0.887247,0.77011967,0.75965214,0.8687675,0.85859,0.6857398,0.82351726,0.74913925,0.84601516,0.8689761,0.65575206,0.84216624,0.7898438,0.9818933,0.47729766
AATTAAGCGGGTGGATGA,0.98966813,0.9729616,0.99861985,0.9978717,0.9995757,0.92003685,0.9656613,0.94026315,0.9044328,0.9053667,0.9983793,0.99970853,0.9969223,0.999988,0.9999109,0.9178498,0.9811783,0.9605206,0.81560624,0.9969709,0.689391,0.9101277,0.9170617,0.7957361,0.81770897,0.9356607,0.999988,0.689391
AGGGTGTACCCTGAGCCG,0.5292091,0.6960344,0.9441194,0.8241966,0.56318694,0.8583137,0.35311005,0.5072615,0.5284141,0.38462725,0.9314156,0.57904184,0.47066808,0.9240383,0.8867316,0.73783076,0.885385,0.8982247,0.5661048,0.8701431,0.6635495,0.8956234,0.907929,0.8054738,0.9349902,0.72582483,0.9441194,0.35311005
GAAGGCATTATCGATCTG,0.99927473,0.9994277,0.9958921,0.9963634,0.9979337,0.9896455,0.90085477,0.9528842,0.9832168,0.96606624,0.8024885,0.7423197,0.8406355,0.9692797,0.9890767,0.83831745,0.9102974,0.8891257,0.7538579,0.959926,0.5065454,0.87390417,0.85761505,0.791058,0.85198283,0.89431953,0.9994277,0.5065454
ATCACCATCACCAACCTC,0.99668515,0.995691,0.93914586,0.7887207,0.8833527,0.9641599,0.8238908,0.85181695,0.9102774,0.66468203,0.91397905,0.9623564,0.5923946,0.6737286,0.5643571,0.63881516,0.31022012,0.53993475,0.4607243,0.545289,0.92389613,0.6355696,0.4046184,0.6520309,0.4935722,0.7251965,0.99668515,0.31022012
CCGACCCACCGTCCGCCG,0.95950526,0.9914353,0.8716928,0.34978208,0.47734138,0.92172015,0.62687135,0.5969825,0.53837526,0.2590218,0.9992515,0.9909135,0.69241315,0.6737611,0.71967953,0.9520383,0.7012265,0.82354045,0.6750197,0.8253998,0.9885202,0.6733526,0.58440727,0.553134,0.5748205,0.72080827,0.9992515,0.2590218
ACCCCCTTCACCGCCCTC,0.9997728,0.99923027,0.97787994,0.98983485,0.9943746,0.9957124,0.8909328,0.9225501,0.9450479,0.91293037,0.9997847,0.9983524,0.82537377,0.841989,0.9596977,0.98123884,0.78628594,0.96126175,0.8420331,0.9372683,0.995753,0.7635854,0.73016757,0.79187715,0.76899624,0.91247725,0.9997847,0.73016757
GGGCAACGGGTGACTACT,0.5516943,0.46755007,0.4848405,0.23638189,0.5620551,0.669738,0.16413078,0.6712333,0.5729292,0.31634653,0.70365083,0.9158416,0.37089273,0.9047377,0.90512276,0.69049627,0.8259267,0.6864033,0.6032442,0.90400153,0.38610804,0.7114198,0.7276391,0.42006198,0.6274275,0.60319495,0.9158416,0.16413078
GACACCAGGCAGGCAGGG,0.9960007,0.9948624,0.952261,0.9811565,0.9984712,0.95360875,0.87831557,0.92359227,0.9482973,0.84826374,0.9963697,0.99563533,0.859615,0.9335117,0.92970693,0.9375559,0.653781,0.7033532,0.7624509,0.9587889,0.7533959,0.4419566,0.31946358,0.2312627,0.2526459,0.8081728,0.9984712,0.2312627
GTGGGAGCCTTTGGTGTA,0.99590886,0.93359584,0.9652096,0.9868729,0.9929779,0.87554777,0.75850487,0.9425099,0.9062511,0.90387213,0.9958945,0.99037045,0.9425915,0.99991196,0.999877,0.9023687,0.98564994,0.986662,0.89814013,0.98737633,0.7301195,0.9759113,0.99671614,0.94380814,0.99723125,0.9437552,0.99991196,0.7301195
GGGCAACGGAAGACTATT,0.3677527,0.22255188,0.1930556,0.09873222,0.14761436,0.4580864,0.11716459,0.53649956,0.29970637,0.21760657,0.1177609,0.071362674,0.1251981,0.014374449,0.041310996,0.27485257,0.16535085,0.09805254,0.16259836,0.22926809,0.167325,0.33653772,0.21497726,0.21011378,0.2173525,0.20420825,0.53649956,0.014374449
AGGCAGCGTGCGTCTGCT,0.93050075,0.96997905,0.9309763,0.92928106,0.97504926,0.87751865,0.6787867,0.9228998,0.8020358,0.5731994,0.9989132,0.99933225,0.94377023,0.9999252,0.9995243,0.9714487,0.9875434,0.9884939,0.94696796,0.9948925,0.87941384,0.9133674,0.97056824,0.7593669,0.9450254,0.9155511,0.9999252,0.5731994
CGGATCTATCGTGTGCCG,0.95591426,0.95459473,0.9823664,0.8347007,0.9555144,0.93393016,0.608873,0.6878408,0.6418595,0.54563093,0.991688,0.9846785,0.98326176,0.99991614,0.99986696,0.9321268,0.98001504,0.9906549,0.8916102,0.99524695,0.9465139,0.9653569,0.9911333,0.9463079,0.9924217,0.907681,0.99991614,0.54563093
AGCGCCATCATCAACATC,0.9985696,0.9881727,0.8933463,0.8487254,0.80691755,0.9696424,0.6695243,0.81294954,0.80110717,0.7812964,0.68616015,0.6072849,0.38734707,0.55809635,0.26450247,0.58659804,0.49579796,0.7820227,0.7383536,0.4174885,0.7948809,0.65893143,0.40109146,0.5341845,0.46417782,0.6778868,0.9985696,0.26450247
GACGCCATTCAGGCACGG,0.9995554,0.99956983,0.9775446,0.9959467,0.99866927,0.9918293,0.8761607,0.9413179,0.9770274,0.924794,0.9950679,0.9760113,0.8545016,0.9670687,0.9815846,0.96932256,0.84238595,0.9614403,0.9072984,0.9764723,0.8800402,0.7939553,0.73443323,0.61741686,0.6702284,0.9123859,0.99956983,0.61741686
CGGATTCATCGTCTGCCG,0.5931088,0.6639697,0.8875581,0.24822213,0.67183405,0.80930126,0.35621023,0.38870183,0.32563302,0.18776922,0.9720791,0.89191526,0.92800546,0.9965096,0.9984226,0.89666414,0.9648961,0.9815725,0.86628836,0.9850192,0.9512226,0.95516384,0.9854462,0.946795,0.9904518,0.7777103,0.9984226,0.18776922
GGAGGAATCATCGAGATG,0.99561286,0.96010697,0.95965475,0.93081194,0.8511708,0.9324842,0.528432,0.652988,0.76091975,0.7844125,0.19777632,0.06652298,0.22985302,0.018652247,0.13619846,0.40666145,0.44211408,0.33789036,0.2548031,0.57073927,0.15927008,0.5107514,0.42482355,0.39287463,0.362076,0.5147039,0.99561286,0.018652247
GAAGGCATTATTGAGCTG,0.9992498,0.9990135,0.996717,0.9971598,0.9973318,0.9934345,0.86317307,0.92078006,0.98107874,0.96693504,0.92155975,0.9174555,0.95550084,0.9984519,0.9989581,0.8964484,0.9566555,0.92656404,0.78442055,0.99075127,0.47743046,0.91216254,0.9195048,0.8250615,0.9003522,0.923846,0.9992498,0.47743046
TATTAAGCTGGGTGTTTA,0.9821526,0.9888643,0.99841833,0.99811023,0.9979288,0.927081,0.96973366,0.9809005,0.97367215,0.9036713,0.9973575,0.9993343,0.998441,0.99999744,0.9999946,0.9575584,0.9886471,0.9950518,0.8952336,0.99884266,0.91081786,0.9881487,0.99672234,0.97729653,0.9978106,0.97687143,0.99999744,0.8952336
GAACGGGGTACACCTAAT,0.9082975,0.9822168,0.8059704,0.82003474,0.9220284,0.92495376,0.80207175,0.9142705,0.8412108,0.86245215,0.6375377,0.88720864,0.252627,0.68147904,0.5504154,0.58010817,0.517456,0.5560444,0.53447807,0.7304183,0.31477597,0.5859244,0.37297255,0.34097055,0.35493788,0.6672345,0.9822168,0.252627
CCGATCCACCGTCCGCCG,0.8144271,0.9610784,0.85291576,0.14268488,0.48686948,0.8241654,0.5488373,0.5929579,0.37422857,0.22091338,0.99807084,0.9827089,0.7561621,0.70624906,0.8509266,0.9412297,0.77951235,0.94033825,0.7729889,0.9227749,0.98675776,0.7738814,0.7839324,0.74249256,0.76488084,0.7408794,0.99807084,0.14268488
GAACAACGGGCATCGGCT,0.90277153,0.98974293,0.92917657,0.93991756,0.9834437,0.8665813,0.8731675,0.8388425,0.9099663,0.79360807,0.9829052,0.99479777,0.8573315,0.9510527,0.96831805,0.9456355,0.86009794,0.6758119,0.7299084,0.96811783,0.673609,0.5396268,0.3620018,0.2806958,0.29126203,0.80433553,0.99479777,0.2806958
ACCGCCTTCCCCGCGCCG,0.99934894,0.9994229,0.9714472,0.9820051,0.9708613,0.99346435,0.78359866,0.7829131,0.9438861,0.8206021,0.9999736,0.99827695,0.8946704,0.92969406,0.9885567,0.99160266,0.89908683,0.983507,0.916305,0.97862184,0.9963113,0.81366575,0.8793933,0.8053614,0.86691916,0.9275798,0.9999736,0.7829131
AATTACACTAGTGGATGA,0.99844074,0.99665695,0.99869657,0.9978517,0.9992726,0.9895892,0.9856311,0.98740315,0.9719415,0.9390838,0.98652023,0.98758686,0.9901331,0.9971757,0.99728876,0.85054433,0.9357278,0.921844,0.6361405,0.9904616,0.81297106,0.91503066,0.84970355,0.88520527,0.8215482,0.9376979,0.9992726,0.6361405
TTACAGGGTACATCTTAT,0.97697085,0.99451244,0.9771199,0.9519211,0.96916646,0.8911208,0.94807935,0.9546199,0.9397656,0.91311616,0.6800724,0.9479806,0.7528427,0.94972426,0.97826576,0.56865555,0.82836086,0.8676422,0.707237,0.89347154,0.7610498,0.9388442,0.9330807,0.93326545,0.97067404,0.8891024,0.99451244,0.56865555
AGGGCATACCCTGAGCTG,0.9199368,0.7613512,0.96515125,0.8581703,0.37194866,0.8537485,0.30373228,0.49866286,0.59689826,0.3967743,0.91463363,0.29087728,0.54790145,0.30486044,0.41273236,0.6437888,0.79165167,0.71855056,0.49921906,0.78802353,0.72351456,0.78062004,0.7212975,0.58815944,0.68177754,0.6373593,0.96515125,0.29087728
TATTACACTCGTGGACGG,0.99948555,0.9992857,0.99817735,0.99860466,0.99942815,0.9957285,0.9780757,0.98985845,0.96852505,0.95225227,0.9981044,0.99178976,0.99076295,0.9991991,0.99942005,0.9262254,0.94042486,0.9859407,0.8687414,0.99004537,0.9494632,0.9546041,0.9671721,0.95490277,0.9808507,0.9750827,0.99948555,0.8687414
GAAGACATTACTGCTCTG,0.9941093,0.99078315,0.993232,0.9867188,0.9969313,0.98584735,0.8641543,0.9391567,0.96586925,0.9326296,0.90201753,0.88088936,0.89933914,0.94428766,0.983654,0.89990306,0.94022125,0.9024611,0.6059274,0.9825307,0.72569853,0.8683552,0.8031273,0.782989,0.8025949,0.9029371,0.9969313,0.6059274
GAGGTATACACTGAGCTG,0.8801101,0.5728193,0.97357875,0.90781516,0.58177775,0.8513031,0.55235064,0.7356787,0.8867423,0.7061944,0.34096622,0.11893731,0.45968866,0.09608581,0.48262316,0.4516103,0.6761867,0.59284914,0.36213702,0.8088321,0.34863916,0.80323076,0.71825814,0.7298219,0.7638045,0.61608166,0.97357875,0.09608581
GGGCAACGGGTGTCTATT,0.93651754,0.8921314,0.85197955,0.82560897,0.9243528,0.8286901,0.47034952,0.89141864,0.7573213,0.6234263,0.93792677,0.98487455,0.79446644,0.9979792,0.9972296,0.8354584,0.95523965,0.9165075,0.82577485,0.97872347,0.5844348,0.89498293,0.9561437,0.70078003,0.92978233,0.85168403,0.9979792,0.47034952
AACACCGGGCAGACTGTG,0.9730074,0.9790169,0.8304129,0.8735519,0.97328955,0.8373097,0.7026196,0.86586756,0.8534092,0.4359514,0.9978634,0.9986519,0.9129861,0.9738232,0.96576756,0.9347473,0.8192235,0.8644714,0.737211,0.95477307,0.84557104,0.59292066,0.39930138,0.30649722,0.31623095,0.7977791,0.9986519,0.30649722
TATTATGCTAGGTGTTTA,0.9901812,0.9899677,0.99821436,0.99777323,0.9981814,0.9612955,0.96480554,0.9825454,0.97289026,0.93067384,0.98936826,0.99586886,0.99747056,0.9999946,0.9999946,0.9382998,0.9831239,0.99694926,0.9071939,0.99845105,0.9282255,0.9918566,0.99778455,0.98821664,0.9991706,0.9799398,0.9999946,0.9071939
GACGCCAGGCTGGCTGTG,0.9988454,0.99753094,0.98463666,0.9929976,0.9988712,0.9802661,0.93119305,0.9562043,0.98324144,0.86591583,0.9998667,0.99954253,0.97312874,0.99982166,0.9994072,0.98910475,0.9736516,0.991985,0.93094367,0.9957803,0.934765,0.8775596,0.9496364,0.6561927,0.8736114,0.95338804,0.9998667,0.6561927
AGGCTGCGTAAGACAGCT,0.90910167,0.92604727,0.690857,0.60670984,0.8604381,0.8051276,0.3284873,0.82438207,0.72847307,0.53093636,0.5803363,0.6751226,0.2858151,0.7595993,0.6409,0.6386272,0.5367068,0.5792953,0.7234023,0.76093745,0.4363805,0.736446,0.5867469,0.5509439,0.6195808,0.65285605,0.92604727,0.2858151
AGGCAACGGAACCATAGT,0.42779082,0.5161516,0.48426077,0.14799568,0.2826262,0.6207835,0.08396899,0.5574673,0.16364639,0.21624671,0.23918842,0.2924542,0.24740487,0.1995039,0.09634999,0.38185555,0.16347843,0.11325391,0.17037176,0.19145185,0.34208363,0.29377747,0.2123446,0.19772571,0.216908,0.2743636,0.6207835,0.08396899
GAGGGCGGAGTGGCTGTA,0.9830372,0.98079187,0.9180136,0.98494256,0.99461746,0.8967733,0.80143595,0.9799665,0.9707253,0.8682994,0.99510455,0.9998873,0.894946,0.99997455,0.99953574,0.9019257,0.9733571,0.98305243,0.8718204,0.9895699,0.39165682,0.83413875,0.95002645,0.54961807,0.86860365,0.9032728,0.99997455,0.39165682
GACCTGGGCACATATAAT,0.91655374,0.9489074,0.75426257,0.8534533,0.8866749,0.7798125,0.7795162,0.8580159,0.8186108,0.7270005,0.69531584,0.7770041,0.27688175,0.7794565,0.55429554,0.72644174,0.6180118,0.7887132,0.73919463,0.83698136,0.60278,0.75853384,0.60485643,0.5795894,0.59093124,0.73007184,0.9489074,0.27688175
ATCACCATCACCATCATC,0.99835956,0.98811173,0.8990793,0.7534474,0.88343513,0.9777098,0.8306658,0.852983,0.8640721,0.6392641,0.94069237,0.96408683,0.6439604,0.7024892,0.5937909,0.7373466,0.50062555,0.7894312,0.5753432,0.72570753,0.93551445,0.7297018,0.47234055,0.75723624,0.57112145,0.7730606,0.99835956,0.47234055
AGGGGAGCGTGCGGCGGA,0.9947599,0.9608073,0.9856129,0.9900734,0.99434304,0.8448754,0.5426178,0.9214379,0.6786145,0.90390605,0.99922043,0.99991304,0.9226461,0.9999159,0.9982558,0.8834431,0.97420377,0.95659506,0.85117626,0.9835677,0.5177414,0.77924967,0.90160394,0.43776894,0.7332876,0.8702256,0.9999159,0.43776894
ATCCCCATCATCGACATC,0.99979925,0.9996536,0.9845454,0.98179036,0.99419093,0.99291164,0.8854394,0.932607,0.9611637,0.9392693,0.99282473,0.98789203,0.81582004,0.8243323,0.9144983,0.8607301,0.68992794,0.9318544,0.75662744,0.866164,0.9663117,0.79492635,0.6738284,0.8333676,0.7434325,0.8929564,0.99979925,0.6738284
AGCCCCATCATCAACATC,0.9989815,0.99437505,0.8808352,0.84059864,0.88203114,0.9767654,0.72122526,0.8588408,0.8764988,0.8438712,0.89021105,0.93042713,0.5602189,0.67072254,0.49815425,0.60721856,0.43934694,0.72316426,0.6010098,0.4643657,0.9059113,0.6552957,0.43460834,0.58251476,0.49355125,0.73322976,0.9989815,0.43460834
AGGGGCTAGGGCGGAGGT,0.9642877,0.9774112,0.9843101,0.9885264,0.98742384,0.75981414,0.7563554,0.8888486,0.7296316,0.9058429,0.99629456,0.9998665,0.9370509,0.999945,0.9980786,0.73893565,0.8626094,0.8593152,0.7140008,0.939721,0.4508207,0.7671914,0.8911363,0.46932572,0.73154896,0.85193163,0.999945,0.4508207
