sequence,ConvModel_prob_1_model_21_rnd_20_oxt_1.0_2.h5,ConvModel_prob_1_model_5_rnd_4_oxt_1.0_2.h5,ConvModel_prob_1_model_16_rnd_15_oxt_1.0_2.h5,ConvModel_prob_1_model_8_rnd_7_oxt_1.0_2.h5,ConvModel_prob_1_model_37_rnd_36_oxt_1.0_2.h5,DenseModel_prob_1_model_21_rnd_20_oxt_1.0_2.h5,DenseModel_prob_1_model_13_rnd_12_oxt_1.0_2.h5,DenseModel_prob_1_model_37_rnd_36_oxt_1.0_2.h5,DenseModel_prob_1_model_24_rnd_23_oxt_1.0_2.h5,DenseModel_prob_1_model_48_rnd_47_oxt_1.0_2.h5,LSTMModel_prob_1_model_21_rnd_20_oxt_1.0_2.h5,LSTMModel_prob_1_model_5_rnd_4_oxt_1.0_2.h5,LSTMModel_prob_1_model_16_rnd_15_oxt_1.0_2.h5,LSTMModel_prob_1_model_22_rnd_21_oxt_1.0_2.h5,LSTMModel_prob_1_model_24_rnd_23_oxt_1.0_2.h5,ConvLSTMModel_prob_1_model_5_rnd_4_oxt_1.0_2.h5,ConvLSTMModel_prob_1_model_2_rnd_1_oxt_1.0_2.h5,ConvLSTMModel_prob_1_model_7_rnd_6_oxt_1.0_2.h5,ConvLSTMModel_prob_1_model_8_rnd_7_oxt_1.0_2.h5,ConvLSTMModel_prob_1_model_12_rnd_11_oxt_1.0_2.h5,LSTMAttentionModel_prob_1_model_5_rnd_4_oxt_1.0_2.h5,LSTMAttentionModel_prob_1_model_14_rnd_13_oxt_1.0_2.h5,LSTMAttentionModel_prob_1_model_22_rnd_21_oxt_1.0_2.h5,LSTMAttentionModel_prob_1_model_12_rnd_11_oxt_1.0_2.h5,LSTMAttentionModel_prob_1_model_36_rnd_35_oxt_1.0_2.h5,average_probability,max_probability,min_probability
GGGGGAGGAACACAGGGG,0.9504422,0.9324188,0.84119064,0.92094576,0.9615474,0.7959761,0.88223624,0.6418367,0.8679374,0.8155412,0.9128973,0.81532764,0.95662916,0.9986177,0.9947623,0.86464775,0.9213342,0.9187307,0.9339287,0.94587904,0.920737,0.7874129,0.86808854,0.85613114,0.8578893,0.88652337,0.9986177,0.6418367
AGGAAGGGAAAGAAAGAG,0.82737345,0.9046349,0.84020025,0.9047527,0.9152436,0.74749887,0.92294717,0.6582116,0.7498886,0.6841479,0.8886563,0.89368653,0.92501193,0.97897243,0.9511335,0.8687341,0.91999084,0.96051455,0.94899213,0.8455627,0.9406742,0.94790107,0.9373121,0.9131698,0.93065417,0.8802346,0.97897243,0.6582116
GGGGGAGAACCGCCAAGG,0.91255563,0.8394616,0.7930253,0.92193437,0.9481885,0.7214225,0.820295,0.6959762,0.91543096,0.8239505,0.89762896,0.9645373,0.96039826,0.99934524,0.9950734,0.80302846,0.87624747,0.8703299,0.91317534,0.9236474,0.87645125,0.69959325,0.8452724,0.8356753,0.81536174,0.8667202,0.99934524,0.6959762
GGGAGGGGAAAACAGGAG,0.95057815,0.8798196,0.8777452,0.8922808,0.9370285,0.72436064,0.94263947,0.7852152,0.84703326,0.7361275,0.9390084,0.8881825,0.96696925,0.99907005,0.99357104,0.87032974,0.92399293,0.93612796,0.937843,0.9323856,0.9550371,0.8893588,0.924752,0.8871449,0.9031778,0.90079117,0.99907005,0.72436064
GGGAGGGGAACACAGGAG,0.97556525,0.9375838,0.9248338,0.941167,0.9530564,0.7083985,0.9404067,0.7804642,0.87132573,0.81951195,0.91309696,0.7222141,0.959845,0.9975991,0.9922296,0.87061334,0.9091777,0.91391134,0.92440486,0.92847097,0.92709845,0.81162214,0.88662994,0.8651451,0.870048,0.8937768,0.9975991,0.7083985
GGGAGGGGAACAGGGGAA,0.82076794,0.70706993,0.61113966,0.46096703,0.26492268,0.37326747,0.8786232,0.38950333,0.56706613,0.49220943,0.7732957,0.047314294,0.9014791,0.84416,0.92425776,0.81202805,0.7537898,0.8604143,0.8871699,0.7552721,0.9185587,0.79143935,0.79171324,0.8520854,0.8534107,0.693277,0.92425776,0.047314294
AGGAGGGGAAAACAGGAA,0.95045906,0.8079968,0.89437824,0.91812193,0.9069712,0.7570572,0.9101882,0.72906804,0.8600204,0.74199826,0.90160155,0.8511674,0.94453454,0.99288833,0.981573,0.8706235,0.9116933,0.93964005,0.9401574,0.9243123,0.9378341,0.91055906,0.92508334,0.8964103,0.91147745,0.89263266,0.99288833,0.72906804
AGGAGGGGAAAACAAGAG,0.9581293,0.9050574,0.90023714,0.932975,0.9245196,0.7936777,0.9550036,0.71737295,0.92191786,0.715247,0.9174369,0.93950915,0.95692796,0.99396557,0.9855275,0.89428514,0.94333714,0.95766056,0.95073855,0.9566017,0.94337136,0.9218935,0.9352126,0.9031567,0.91622484,0.9135995,0.99396557,0.715247
GGGGGAGAACAGACAACG,0.9368561,0.95549357,0.97588295,0.9562343,0.9868588,0.82781017,0.935231,0.8720886,0.9290821,0.84857,0.95490474,0.9918115,0.98159665,0.9997425,0.9969153,0.911163,0.95197445,0.95181066,0.95116884,0.96381295,0.94563955,0.8618454,0.91807497,0.8830449,0.8829912,0.93482417,0.9997425,0.82781017
AGGAAAGAACAGACAACG,0.9226249,0.9286396,0.91035783,0.9718947,0.9484565,0.77878064,0.89248276,0.80673355,0.8838405,0.8778781,0.810715,0.8607966,0.89057475,0.92492396,0.90953207,0.9109752,0.92627287,0.97335243,0.9726002,0.9047229,0.86916506,0.91619754,0.90867937,0.89859176,0.90024155,0.89996123,0.97335243,0.77878064
AGGAAGGAACAGAAAGAG,0.84473664,0.8840593,0.8287113,0.88277614,0.87914664,0.80829793,0.87380856,0.7449398,0.80566174,0.6823378,0.8583154,0.90775746,0.9145861,0.9627447,0.94699687,0.89050436,0.93164015,0.9625181,0.9496777,0.8777217,0.91164064,0.92987996,0.91975605,0.90468615,0.91580945,0.88074845,0.9627447,0.6823378
GGGGCAGAAACGCCGAGG,0.68743056,0.51101494,0.38088492,0.83138674,0.8907155,0.5028556,0.81975454,0.523577,0.73405,0.7567503,0.82782143,0.95284384,0.8799768,0.99705935,0.9837835,0.7674292,0.85986745,0.879536,0.87186086,0.8687567,0.8261093,0.6919236,0.82020366,0.8272069,0.80752784,0.780013,0.99705935,0.38088492
GGGAGGGGAACAAGGGGG,0.7700287,0.6248342,0.5650935,0.39958322,0.512,0.49274442,0.86960965,0.44743583,0.47994852,0.71146214,0.8308482,0.17169598,0.90915793,0.9649911,0.9646102,0.81356925,0.8943219,0.9138875,0.89884937,0.86735106,0.91472065,0.8059789,0.81873536,0.85349464,0.859878,0.7341932,0.9649911,0.17169598
GGGGGAGAAACGCCGAGG,0.907059,0.80305374,0.7543866,0.9249547,0.9613767,0.6103182,0.7934106,0.65852964,0.8536784,0.7977238,0.8937132,0.92967534,0.94418085,0.9993859,0.9932319,0.83116066,0.8861955,0.91744196,0.92803025,0.9070586,0.9008722,0.7581692,0.8587255,0.8489563,0.84218305,0.8601388,0.9993859,0.6103182
GGGAGGGGAAAACAAGAG,0.9642487,0.93228036,0.92405266,0.9304337,0.93278927,0.8232439,0.96486676,0.7514257,0.9245326,0.7042804,0.9575644,0.96923184,0.9796582,0.99949473,0.99617624,0.89279073,0.9489453,0.9551635,0.94875336,0.95914006,0.9628246,0.9116751,0.94113827,0.89914685,0.91326916,0.923485,0.99949473,0.7042804
AGGAAGGGAAAACAGGAA,0.9179518,0.7803336,0.75581115,0.9188819,0.88255185,0.63496375,0.8911167,0.69452536,0.7592543,0.7083004,0.87238276,0.88773483,0.9113119,0.9754348,0.9570305,0.8692984,0.90650064,0.95384634,0.94957185,0.8653011,0.92274195,0.9277058,0.9236362,0.9038024,0.9166449,0.86746544,0.9754348,0.63496375
AGGAAGGGAAAACAAGAA,0.9409402,0.8767894,0.8403289,0.944526,0.8611926,0.7328496,0.9500865,0.64392644,0.86318964,0.70855707,0.9053672,0.9335322,0.94481546,0.98302805,0.972906,0.8929667,0.93458235,0.96744037,0.9581726,0.9198713,0.93418384,0.9391785,0.93679935,0.9132865,0.9239863,0.8969001,0.98302805,0.64392644
GGGGGAGAACCGCAAGCG,0.9879793,0.9581523,0.9464078,0.97605246,0.9771475,0.91335887,0.9384073,0.88818216,0.97434443,0.88381344,0.91821444,0.96807444,0.965783,0.99936205,0.99509317,0.79225135,0.8953228,0.8936266,0.91322345,0.9238256,0.8928253,0.72880584,0.8556818,0.8429585,0.82887733,0.91431093,0.99936205,0.72880584
AGGAAGGAACAGAAAAAG,0.87317914,0.9343828,0.9072655,0.9059269,0.95007825,0.7810351,0.90613943,0.81014955,0.9143888,0.7481592,0.88754666,0.9347323,0.9448431,0.9744262,0.96329594,0.8999925,0.9321971,0.96571034,0.95282423,0.9002352,0.9234361,0.93869144,0.9318542,0.9130777,0.922523,0.90864354,0.9744262,0.7481592
GGGAGAGAACGGCCAACG,0.95667684,0.8585408,0.7786617,0.9678118,0.93911684,0.83261293,0.90972567,0.77688193,0.92515457,0.90407836,0.88960123,0.9461134,0.9331275,0.99756414,0.98037106,0.8057954,0.8204848,0.9026454,0.9270255,0.8803848,0.89033425,0.7834068,0.86213803,0.8541102,0.8429997,0.8866147,0.99756414,0.77688193
CGGAGGGGCACAGGGGAA,0.4336766,0.33569974,0.3364862,0.3171413,0.12018626,0.19595872,0.782514,0.3695737,0.6847445,0.50974643,0.061262246,0.0034740912,0.66378635,0.04270807,0.48457667,0.6171633,0.52241254,0.36792323,0.54335374,0.47058836,0.6746038,0.5671687,0.53303814,0.7897327,0.7496855,0.44708815,0.7897327,0.0034740912
GGGGACGGAACCGGGGGG,0.0796397,0.07675417,0.06709587,0.11756467,0.06575998,0.11140619,0.6095815,0.120547086,0.23646355,0.15402104,0.10370962,0.044961385,0.56819004,0.6211155,0.7872276,0.562905,0.61357766,0.7734377,0.7994094,0.6632962,0.67740417,0.52083606,0.44435498,0.7691387,0.6737999,0.41048786,0.7994094,0.044961385
GGGAGAGAACAGACAACG,0.95885396,0.9582942,0.9700278,0.97251827,0.97477394,0.8613062,0.9349704,0.87752277,0.93701166,0.9005816,0.93061024,0.9884101,0.96676344,0.99869704,0.98988724,0.9203572,0.95015323,0.96533006,0.9633757,0.9510087,0.9290689,0.88868225,0.91588414,0.89015436,0.8891434,0.9393354,0.99869704,0.8613062
GGGGGGGGAAAACAGGAG,0.92677313,0.874378,0.8915415,0.8131255,0.96489114,0.6704033,0.9079474,0.7818471,0.80973196,0.59220934,0.9448693,0.6877704,0.981689,0.9955931,0.99735165,0.8546693,0.92253643,0.910649,0.91522765,0.9476125,0.95601285,0.8469199,0.91621894,0.8779881,0.8854814,0.8749376,0.99735165,0.59220934
AGGAAGGGACAGAAAGAG,0.7895794,0.9182753,0.8822379,0.88445777,0.9047429,0.7187284,0.9092146,0.7158799,0.75663185,0.7155979,0.8624812,0.8455968,0.91389406,0.96507025,0.94555444,0.87275,0.9085533,0.94166166,0.9322052,0.8347663,0.9137113,0.91080767,0.9124197,0.8944261,0.9078907,0.8702854,0.96507025,0.7155979
GGGGGAGAACCGCCAACG,0.9792214,0.9367176,0.9391737,0.98020184,0.9823477,0.7556408,0.9130333,0.8423155,0.95111126,0.9051203,0.9175047,0.9777493,0.9689136,0.99943006,0.9954038,0.8223339,0.8811424,0.87389916,0.9169235,0.93592525,0.8789167,0.6942902,0.8527692,0.8354068,0.80958736,0.90180314,0.99943006,0.6942902
GGGGGAGCACCGCAGGGG,0.7740676,0.8258394,0.6705477,0.7871321,0.90515363,0.71865505,0.80112714,0.69659084,0.9196258,0.75371146,0.2155347,0.41709274,0.906463,0.9800366,0.9852084,0.6333912,0.67092866,0.5901163,0.7016881,0.7525498,0.6924703,0.49471435,0.54199207,0.7714591,0.65337443,0.71437883,0.9852084,0.2155347
GGGAGGGGAACACAGGGG,0.94286907,0.8172346,0.6927979,0.7591041,0.75160575,0.6455231,0.9046774,0.57061446,0.7492226,0.8322905,0.8735411,0.4456997,0.93759704,0.99309415,0.9872528,0.8394342,0.9021056,0.9005568,0.9098491,0.9141375,0.9082556,0.7782457,0.85001934,0.8526109,0.85538703,0.8245492,0.99309415,0.4456997
GGGAGGGGAAAACAGGAA,0.95888746,0.861397,0.9184067,0.9119,0.92089415,0.7951827,0.9341534,0.7710685,0.85341144,0.7285217,0.9486313,0.91539264,0.9737795,0.9993024,0.9948854,0.87032974,0.92399293,0.93612796,0.937843,0.9323856,0.95890296,0.8980363,0.9308429,0.8920123,0.9082802,0.9069827,0.9993024,0.7285217
GGGGGAGAACCGCCGAGG,0.8801756,0.6833706,0.6905898,0.89459056,0.9514233,0.55911046,0.7751674,0.71094346,0.8549721,0.8049669,0.7568098,0.83787185,0.9365411,0.9985332,0.99197733,0.7077667,0.7974418,0.8270761,0.87971604,0.85827297,0.82516634,0.6266058,0.76545376,0.8172861,0.781325,0.8085261,0.9985332,0.55911046
GGGGGAGGAACGCAGGGG,0.89931494,0.8890493,0.80249643,0.8863535,0.94711,0.7945833,0.8744239,0.6368302,0.88566107,0.8049255,0.7726902,0.15320972,0.92319494,0.9668248,0.98051494,0.8048221,0.77779543,0.86305267,0.89288175,0.8277662,0.88648844,0.7018073,0.71721816,0.8264728,0.7870072,0.8120997,0.98051494,0.15320972
GGGAGAGAACAGCCAACG,0.9669958,0.9341601,0.9392894,0.9806966,0.960983,0.8186802,0.944561,0.8579978,0.9488065,0.8900755,0.9111708,0.98461825,0.95384973,0.9982314,0.98769706,0.8822824,0.9256607,0.9433399,0.9522184,0.9230061,0.90354246,0.8398055,0.8912145,0.8721867,0.8592935,0.9228145,0.9982314,0.8186802
AGGAAGGGAAAGCAAGAG,0.8452788,0.82681626,0.7419887,0.9134499,0.862453,0.70135516,0.92469686,0.67009366,0.8306557,0.6753433,0.8617741,0.84007406,0.8961891,0.97101593,0.9430543,0.82649076,0.88991696,0.9445454,0.93535364,0.7534512,0.91809946,0.9185236,0.9166748,0.89719987,0.91133004,0.856633,0.97101593,0.67009366
GGGACAGAAACGCCAACG,0.9530342,0.8757409,0.79718214,0.9815661,0.9301781,0.74063414,0.9525857,0.6953935,0.90769964,0.91269857,0.864239,0.96051604,0.8969701,0.98839724,0.9673688,0.8533098,0.87804085,0.9406494,0.9392856,0.89073735,0.8309456,0.794661,0.8614296,0.85566914,0.8278255,0.8838703,0.98839724,0.6953935
GGGAGGGGAACAGGGGGG,0.5626219,0.44790044,0.16626813,0.121169075,0.056134567,0.22916193,0.82907873,0.23536153,0.39987937,0.5263347,0.46444795,0.0123065,0.70022005,0.43400747,0.6908535,0.76442087,0.7342481,0.8370531,0.8668158,0.70530975,0.87655574,0.7245938,0.62145597,0.81996256,0.7836255,0.5443915,0.87655574,0.0123065
GGGGGAGGACAGAAAGCG,0.95822626,0.97924376,0.9829428,0.9560947,0.9869836,0.90172356,0.95782644,0.8496524,0.93837285,0.8713649,0.9483292,0.8864481,0.980099,0.9987425,0.99596274,0.8708421,0.9311894,0.9250433,0.9302678,0.93919903,0.94781893,0.8440414,0.9086534,0.87474483,0.8835779,0.9298956,0.9987425,0.8440414
GGGGGAGAACAGAAAACG,0.9800305,0.98749995,0.9855166,0.97029907,0.9923323,0.906618,0.9622885,0.9113324,0.9752308,0.8893807,0.96643645,0.9947113,0.9867087,0.9998076,0.99774444,0.91539854,0.95894355,0.96042913,0.95667565,0.9655149,0.95959324,0.9049344,0.93786436,0.898523,0.9065388,0.9548141,0.9998076,0.8893807
AGGAGGGGAAAAGGGGAA,0.6262752,0.4210827,0.41099128,0.32025033,0.17075996,0.29599532,0.83636934,0.46420413,0.53576803,0.37063187,0.79855657,0.08598283,0.8091832,0.8732948,0.9018958,0.8061854,0.77074736,0.9115819,0.9121766,0.72999406,0.93584245,0.9000731,0.90734035,0.88673925,0.9135436,0.6638186,0.93584245,0.08598283
AGGAAGGAAAAGAAAGAA,0.89335954,0.8510667,0.8435959,0.9223944,0.86837727,0.8512152,0.8792294,0.7029256,0.79676044,0.76117414,0.8968068,0.92475563,0.94210756,0.98108774,0.96076894,0.886796,0.93994594,0.97358334,0.96115017,0.8839586,0.9433176,0.9597513,0.9457336,0.92455035,0.9381848,0.89730394,0.98108774,0.7029256
GGGGGAGAACCGCAAACG,0.991197,0.98003536,0.9681081,0.98279625,0.9897081,0.88401306,0.9537263,0.9000506,0.98389584,0.9223051,0.9458419,0.9873337,0.9772643,0.99959177,0.9966981,0.85357565,0.91617197,0.91345054,0.93063354,0.9502359,0.91704595,0.77233887,0.88220996,0.85764873,0.84556514,0.9320576,0.99959177,0.77233887
AGGAAAGAACAGAAAACG,0.9749405,0.9792433,0.9444329,0.9798715,0.97054476,0.8755344,0.9554961,0.85989404,0.9593204,0.92392594,0.85136694,0.8956324,0.91821814,0.94514346,0.93117774,0.91620606,0.9366694,0.97780395,0.97514737,0.9147944,0.9026005,0.9391119,0.9263279,0.9122154,0.9189588,0.9313832,0.9798715,0.85136694
GGGGGAGGACCGCAGGGG,0.8750278,0.8205591,0.7519664,0.8451859,0.9387857,0.7489041,0.87237597,0.71213245,0.9059257,0.8018869,0.29885843,0.044949595,0.89788574,0.7543394,0.95619965,0.6662925,0.59940207,0.6769919,0.8153637,0.7130294,0.7897491,0.5436601,0.50991,0.7809839,0.6466767,0.7186817,0.95619965,0.044949595
GGGAACGGAACAGGGGGG,0.5348243,0.34801534,0.13714595,0.35417733,0.060924426,0.2494793,0.7846563,0.14977741,0.3020095,0.45537713,0.50900054,0.3205029,0.56340647,0.9108182,0.8006642,0.67141026,0.71775275,0.87688327,0.86968225,0.5799049,0.81058806,0.7381865,0.75680035,0.8345185,0.84399164,0.5672199,0.9108182,0.060924426
GGGGGGGGAAAACAAGAG,0.9497366,0.9295236,0.9334974,0.87594664,0.9616738,0.782401,0.9403498,0.7561387,0.9023285,0.5533001,0.9687275,0.93623865,0.98859537,0.99910665,0.99852854,0.8798887,0.94925386,0.9379014,0.93073326,0.96677804,0.9678613,0.8813404,0.9420953,0.8915616,0.9056837,0.90916747,0.99910665,0.5533001
GGGAGAGAAACACCAACG,0.9923628,0.9738497,0.9532196,0.99092597,0.97625685,0.8419483,0.9500045,0.82413965,0.95849305,0.9331936,0.9342829,0.99011534,0.9656207,0.99872905,0.9916094,0.92551064,0.9492477,0.9708114,0.9730808,0.96730685,0.9203232,0.87776214,0.9156642,0.8879351,0.87700415,0.94157594,0.99872905,0.82413965
CGGAGGGGAACAGGGGAA,0.7917557,0.6271349,0.5945972,0.5463619,0.2776589,0.2836209,0.87371844,0.43201235,0.72593886,0.55105436,0.54977185,0.017845187,0.76045644,0.3962309,0.8044272,0.78688055,0.7205382,0.82242167,0.8642161,0.7395606,0.83529127,0.73569787,0.74286056,0.835375,0.8455347,0.6464384,0.87371844,0.017845187
AGGAAAGAACAGAAAGCG,0.9639853,0.95392185,0.9094525,0.973914,0.92934585,0.8764202,0.94070894,0.8218479,0.9120047,0.8860616,0.8133559,0.8566483,0.87860596,0.9212287,0.8989816,0.88552964,0.9302493,0.9737166,0.97056353,0.8725191,0.8895627,0.9309359,0.9143121,0.90422446,0.91189665,0.90879965,0.973914,0.8133559
CGCAGGGGAACAGGGGAA,0.5352396,0.35209593,0.33424416,0.4718516,0.09797154,0.16630132,0.8277259,0.41808927,0.7280572,0.47468525,0.1840141,0.008146487,0.48945636,0.08201435,0.5137886,0.64542085,0.5709924,0.68275166,0.7020323,0.49139318,0.6448149,0.6763384,0.70330304,0.8144712,0.81790626,0.49732426,0.8277259,0.008146487
GGGGGCGGAACACAGGGG,0.94069415,0.7490893,0.7773062,0.8756227,0.9005165,0.6882839,0.8583368,0.4769101,0.7728169,0.68339825,0.7869747,0.50132656,0.94226635,0.98034394,0.9924095,0.8023588,0.8737097,0.8317003,0.7993198,0.9204869,0.84845006,0.62426287,0.7317022,0.81650454,0.7669599,0.7976701,0.9924095,0.4769101
GGGGAAGAACAGAAAGCG,0.9661017,0.96723944,0.93718135,0.9549936,0.96649104,0.89166445,0.9347806,0.8573564,0.88839227,0.82387835,0.93961614,0.9907928,0.9671956,0.99925077,0.9928954,0.8936024,0.9573256,0.9678562,0.9680742,0.9461655,0.9424999,0.9105309,0.92526466,0.8965092,0.9034761,0.93556535,0.99925077,0.82387835
GGGGGAGAACAGAAAGCG,0.97117513,0.9724968,0.97652215,0.9570434,0.9831386,0.92227167,0.94847786,0.8900555,0.9494704,0.855631,0.95498544,0.9888306,0.9801244,0.9997214,0.99672055,0.8874743,0.95351076,0.9528542,0.94841945,0.95200825,0.952275,0.8874357,0.92357373,0.8879513,0.8970718,0.94356954,0.9997214,0.855631
GGGGACGGAACAGGGGGG,0.4512101,0.33136988,0.1410988,0.22752953,0.09906721,0.17944813,0.66491973,0.1475275,0.2464987,0.24865678,0.43761238,0.14212464,0.7012188,0.8672255,0.87955374,0.7116802,0.74334496,0.84571767,0.8549644,0.7684822,0.8110086,0.66433024,0.61756915,0.8111323,0.7875167,0.5352323,0.87955374,0.09906721
GGGAGGGGAACAGGGGAG,0.7933427,0.7422691,0.5056658,0.40602767,0.3244012,0.29222786,0.8927073,0.4416763,0.60282373,0.49401805,0.67996883,0.031622663,0.85600805,0.74363875,0.8771691,0.81202805,0.7537898,0.8604143,0.8871699,0.7552721,0.90558136,0.770528,0.74309105,0.8420982,0.83205944,0.67382395,0.90558136,0.031622663
AGGAAGGGAAAACAAGAG,0.92762125,0.89236313,0.7686515,0.9316202,0.8901016,0.6769556,0.94667697,0.668701,0.84868693,0.67575943,0.8906118,0.9250734,0.92976135,0.9784434,0.96612823,0.8929667,0.93458235,0.96744037,0.9581726,0.9198713,0.92952955,0.9358587,0.9322301,0.90952927,0.9207546,0.88872355,0.9784434,0.668701
GGGGACGGAACCCAGGGG,0.5764343,0.3197727,0.39749107,0.7278331,0.763564,0.41668254,0.7516527,0.35755762,0.5555757,0.45303822,0.7030607,0.80447894,0.87829286,0.9948226,0.9848208,0.71509606,0.82457995,0.84679925,0.8802006,0.88720864,0.7738825,0.6115779,0.75013125,0.80899084,0.78265625,0.7026481,0.9948226,0.3197727
GGGGGAGGAACGCAGCGG,0.84982705,0.8129935,0.80955,0.83646846,0.960775,0.6623766,0.8427044,0.5710998,0.79002094,0.809178,0.8377835,0.2914505,0.9493821,0.9860321,0.9866307,0.81622505,0.7992591,0.87103355,0.8918073,0.8510514,0.88857144,0.692945,0.76874816,0.83034444,0.796412,0.8081068,0.9866307,0.2914505
GGGGGAGAACAGCAAGCG,0.9718569,0.9515479,0.956011,0.9616677,0.97334313,0.9067517,0.93667144,0.874137,0.96491516,0.8286943,0.94137156,0.9808744,0.9719607,0.9996167,0.9959916,0.8502007,0.9408639,0.93350035,0.931553,0.9347884,0.93363523,0.8251435,0.8967287,0.8691388,0.8685268,0.9279796,0.9996167,0.8251435
GGGAAGGGAACAGGGGGG,0.4133413,0.41741595,0.076037504,0.12065121,0.043971278,0.1811821,0.73669034,0.19074176,0.27460018,0.4169869,0.64331484,0.09840824,0.6286374,0.90989584,0.7878035,0.75396913,0.75743884,0.8829725,0.89146346,0.550134,0.8796361,0.7968094,0.7655263,0.8474602,0.864051,0.5571655,0.90989584,0.043971278
GGGGACGGAACCCCGGGG,0.27939537,0.10379993,0.256534,0.6888816,0.56931037,0.2445612,0.60835105,0.19524096,0.35288948,0.41711873,0.40174648,0.5960182,0.84060293,0.991065,0.9791282,0.5839751,0.7506295,0.80825025,0.85399276,0.85421467,0.6476866,0.5089619,0.64803433,0.77999645,0.707734,0.58672476,0.991065,0.10379993
AGGAAGGGAAAAGGGGAA,0.4736738,0.38339835,0.2182814,0.33048537,0.14390789,0.24242279,0.7642757,0.43773356,0.3618835,0.31631747,0.7921327,0.332307,0.752075,0.9330935,0.8606009,0.80370706,0.7905479,0.9332762,0.9274988,0.57956624,0.9221838,0.92275786,0.90954804,0.894946,0.91890717,0.63782114,0.9332762,0.14390789
AGGGAGGGACAGAAAGAG,0.7471982,0.92123175,0.8908544,0.8013998,0.9468912,0.708651,0.8882203,0.76594055,0.74117225,0.6223693,0.90171945,0.79570806,0.9520542,0.9929914,0.98377544,0.8775557,0.9247464,0.92759204,0.92407364,0.92436004,0.93473846,0.8900979,0.9137438,0.88730305,0.90309393,0.8706993,0.9929914,0.6223693
GGGGGAGAACAGCCAACG,0.9505376,0.9298018,0.94903564,0.96978545,0.9798359,0.7704415,0.9305091,0.8451913,0.95156914,0.8370358,0.94102854,0.9862979,0.97425926,0.99964404,0.9962289,0.8717589,0.9285747,0.92143935,0.93417054,0.94545424,0.92519116,0.7952272,0.89060676,0.86249864,0.8516742,0.9175119,0.99964404,0.7704415
AGGGAAGGACAGAAAGAG,0.89099354,0.9707008,0.94786626,0.96475506,0.97831905,0.843309,0.9345193,0.81590635,0.9071382,0.76420087,0.89517105,0.9407669,0.9397775,0.99000126,0.97729295,0.8995035,0.9390359,0.9584237,0.9625228,0.9369756,0.9232628,0.91501755,0.9176629,0.8967164,0.9095183,0.92077446,0.99000126,0.76420087
GGGGAAGGAACCGGGCGG,0.081118725,0.14363447,0.07453109,0.12035226,0.2348864,0.10252878,0.67438316,0.2269081,0.19150525,0.27417764,0.6355416,0.32520375,0.79965395,0.9857837,0.9354667,0.72133636,0.758466,0.8911245,0.9235317,0.7461633,0.835049,0.68857586,0.72758496,0.82496613,0.8113843,0.5493543,0.9857837,0.07453109
GGGGGAGAAACGCCAACG,0.9785185,0.959516,0.9518679,0.98455644,0.985995,0.7859285,0.91746545,0.78433,0.95319706,0.8960088,0.9435352,0.9871087,0.97272396,0.9996629,0.99605656,0.88493514,0.9215068,0.9375835,0.9479293,0.95422065,0.9270251,0.8020382,0.89315313,0.8643058,0.8534962,0.9233065,0.9996629,0.78433
GGGGAAGAAACACCGAGG,0.94685054,0.85193145,0.5836707,0.94261414,0.9454173,0.53076047,0.77848434,0.59153134,0.7336891,0.7396174,0.9067715,0.98673785,0.93832326,0.9989741,0.9913926,0.89030147,0.9449961,0.964815,0.97115046,0.9526504,0.91558534,0.86255664,0.90248615,0.8785313,0.8719358,0.8648709,0.9989741,0.53076047
AGGAAGGAAAAACAAGAA,0.9558135,0.83811545,0.7831089,0.9429965,0.83082324,0.81476384,0.90362585,0.7309888,0.88967234,0.7217638,0.89772886,0.9305082,0.9441077,0.97988844,0.9707317,0.90651965,0.947826,0.9773448,0.9680905,0.9346211,0.93341374,0.9502655,0.94249177,0.92103016,0.9298794,0.9018449,0.97988844,0.7217638
AGGAGAGAACAGACAACG,0.9511251,0.94179726,0.9609704,0.9724127,0.97059834,0.8463522,0.92422754,0.8581232,0.93903106,0.9257865,0.8636939,0.9342888,0.93075347,0.97490925,0.95832586,0.92114466,0.942696,0.96734643,0.9648341,0.9464745,0.8901652,0.9001658,0.9061119,0.89248085,0.8933578,0.92708695,0.97490925,0.8463522
GGGGGGGGAAAACAGGGG,0.8180746,0.6471596,0.5967014,0.45627075,0.7829414,0.5592132,0.8231343,0.5890853,0.6463968,0.5733161,0.9199554,0.4359699,0.9712761,0.98535556,0.9951074,0.82541263,0.9168668,0.89693224,0.9016971,0.9380083,0.9439947,0.8165439,0.8781644,0.8650497,0.858578,0.78564817,0.9951074,0.4359699
GGGAGAGAAAGGCCAACG,0.9615954,0.8989524,0.7500974,0.9735388,0.9504873,0.849428,0.92345923,0.72914815,0.9315725,0.885301,0.9151862,0.965022,0.9416373,0.9985488,0.9831124,0.87364405,0.894277,0.9466108,0.9602795,0.9037704,0.92387956,0.86897653,0.89976436,0.8782846,0.8796749,0.90744996,0.9985488,0.72914815
GGGAAGGGAACAGGGGGA,0.4834702,0.3840869,0.11172082,0.14470696,0.03832459,0.22555967,0.6962313,0.18511139,0.25037056,0.43063107,0.7390642,0.14395657,0.73424333,0.9517962,0.8641148,0.75396913,0.75743884,0.8829725,0.89146346,0.550134,0.897244,0.8179126,0.8135227,0.85737497,0.87514627,0.5792226,0.9517962,0.03832459
GGGGGAGAACAGCAAACG,0.97995055,0.9777461,0.97367877,0.9734645,0.98857874,0.8775742,0.95601124,0.89548504,0.981747,0.88451093,0.95698035,0.9919493,0.98136544,0.9997411,0.99727464,0.8907787,0.9481726,0.9452519,0.943843,0.95732033,0.9435636,0.8546709,0.91495395,0.8811151,0.8802805,0.9430403,0.9997411,0.8546709
GGGGGGGGAACACAGGGG,0.90839875,0.8084709,0.7192516,0.6286248,0.84399563,0.5599438,0.84830856,0.5506268,0.6935755,0.6885586,0.8435849,0.18129925,0.96416575,0.913419,0.99118245,0.82622904,0.8994854,0.85410976,0.8736649,0.93454534,0.9034529,0.68969893,0.750819,0.8308524,0.7664,0.77890646,0.99118245,0.18129925
GGGAAAGAACAGAAAACG,0.97866267,0.98445165,0.9568448,0.9799957,0.9737787,0.8764887,0.9666137,0.8866697,0.95917004,0.90029454,0.92595637,0.98032033,0.9612996,0.99652225,0.982262,0.9149894,0.9449097,0.9764546,0.97396016,0.92194015,0.93672526,0.93400764,0.9336749,0.9114872,0.91677934,0.94697034,0.99652225,0.8764887
AGGAAAGAACAGAAAGAG,0.9325206,0.95875084,0.91582495,0.97909725,0.9453693,0.9022351,0.9417374,0.8231824,0.93692386,0.8219544,0.83046025,0.87005335,0.8948853,0.9375442,0.9256863,0.9064795,0.93546325,0.9760345,0.9728842,0.88926667,0.9035314,0.94113266,0.923689,0.911287,0.92114544,0.9158856,0.97909725,0.8219544
GGGAAAGAACAGAAAGCG,0.96990246,0.9652927,0.92889,0.9735179,0.93529737,0.9036592,0.953553,0.8484691,0.90575063,0.8668405,0.90484554,0.9723382,0.94265157,0.9949793,0.97413737,0.88690174,0.93934804,0.97208756,0.96914834,0.8836843,0.9267969,0.92434347,0.92214745,0.9028121,0.90920633,0.93106407,0.9949793,0.8484691
GGGGGAGGACAGCAAGAG,0.9299184,0.96772355,0.97149616,0.9677398,0.9834831,0.89204746,0.95204705,0.8233919,0.9690588,0.76373094,0.9272734,0.79367924,0.97597986,0.9981229,0.9963691,0.8571249,0.91112083,0.9035275,0.91073775,0.9219215,0.93309414,0.7966729,0.8829688,0.8631253,0.8661627,0.9103407,0.9981229,0.76373094
GGGGGAGCACCGCCGCGG,0.3668109,0.362518,0.51716936,0.6700858,0.86388284,0.3862399,0.6479574,0.52042395,0.65517116,0.6621325,0.09870126,0.3580657,0.9090245,0.9823862,0.9821047,0.48598137,0.587147,0.49347052,0.61379224,0.7046841,0.5407048,0.38336113,0.4877192,0.7376284,0.5453266,0.5824995,0.9823862,0.09870126
AGGAAGGGCAAAGGGGAA,0.14084448,0.15881035,0.0978384,0.16567221,0.05747708,0.17189194,0.65264636,0.3810031,0.3842038,0.29067773,0.58663875,0.12888633,0.6692869,0.76522136,0.7935602,0.7097075,0.6997848,0.88953286,0.8563025,0.41743204,0.8867214,0.8576749,0.87036467,0.87219197,0.8911057,0.5358191,0.8911057,0.05747708
AGGAGGGGAAAACGGGAA,0.9091382,0.59586453,0.7962634,0.78522927,0.7450041,0.5519237,0.8925113,0.6888061,0.7350525,0.4962888,0.8494074,0.39279667,0.8993441,0.98308265,0.9641283,0.8233955,0.8435334,0.92215997,0.9081231,0.8298881,0.92699146,0.8825707,0.9041493,0.88356787,0.9019511,0.8044469,0.98308265,0.39279667
GGGGAAGCAACCCCGCGG,0.15946798,0.22493966,0.22706355,0.5996333,0.78631216,0.21359985,0.52653635,0.31520155,0.41029668,0.47665602,0.75974345,0.97668904,0.88536537,0.9965316,0.98471534,0.70556,0.8693033,0.88805676,0.91858613,0.90002817,0.74301744,0.630237,0.7980929,0.8055541,0.7606852,0.6624749,0.9965316,0.15946798
AGGGAAGAACAGAAAGCG,0.9596607,0.9556342,0.91847223,0.9561437,0.9631963,0.874651,0.9182824,0.8236897,0.9026101,0.8492703,0.8810199,0.9499321,0.92924726,0.98593044,0.9687174,0.89421767,0.9530697,0.96979076,0.9695303,0.94068336,0.9113694,0.9196128,0.91583467,0.89940715,0.90754366,0.92470056,0.98593044,0.8236897
GGGAGGGGAAAACGGGAA,0.92377007,0.68425995,0.8386427,0.7716879,0.77366537,0.61495084,0.9149342,0.7090617,0.728487,0.472327,0.912923,0.51484483,0.9549557,0.99649906,0.989801,0.8254352,0.87150306,0.9177791,0.90578455,0.8539717,0.94606704,0.86384535,0.90639013,0.8784696,0.89484787,0.8265962,0.99649906,0.472327
GGGAGGGGAAAAGGGGAA,0.67019874,0.51712227,0.48156977,0.30629924,0.19360971,0.3699123,0.86377215,0.49443766,0.54724824,0.34167734,0.8840103,0.15080069,0.92964184,0.9694216,0.96327806,0.80889016,0.8153374,0.90728843,0.9096616,0.7689862,0.9513992,0.88619566,0.8941644,0.8797774,0.9031976,0.69631594,0.9694216,0.15080069
GGGGAAGGAACCCCGCGG,0.28142422,0.19708218,0.2838549,0.6892732,0.85268813,0.24780568,0.63759595,0.33176857,0.34000686,0.58771056,0.82048684,0.93270564,0.9033662,0.99783844,0.9846003,0.7397525,0.8489917,0.90407324,0.9438007,0.89467436,0.82514405,0.6791151,0.81797224,0.8218352,0.79204863,0.6942246,0.99783844,0.19708218
GGGACAGAAAGACCAACG,0.93598735,0.80814517,0.46152505,0.9558965,0.9206281,0.78726727,0.9416711,0.6727277,0.8584012,0.8763731,0.89422536,0.966236,0.91393,0.9924345,0.97321206,0.8970986,0.91791606,0.96325874,0.96272063,0.9238753,0.88609594,0.8620626,0.8935295,0.87937194,0.8663845,0.8804389,0.9924345,0.46152505
GGGGGCGGAACCCAGGGG,0.633843,0.34993228,0.5853137,0.7255284,0.8428935,0.5504092,0.81243926,0.4108037,0.70432717,0.53180534,0.4272853,0.21658473,0.9221468,0.91943634,0.98790026,0.6956748,0.7729684,0.72935575,0.75214577,0.8678088,0.7398651,0.48830786,0.570944,0.7769871,0.6414557,0.6662465,0.98790026,0.21658473
GGGGGAGGAACCCAGCGG,0.5632677,0.5622348,0.6821021,0.74694234,0.9546544,0.51408744,0.8099568,0.51200306,0.6800206,0.6743321,0.875696,0.772787,0.95490116,0.9980866,0.9941874,0.82036763,0.87333405,0.8818889,0.91988075,0.92605454,0.87355494,0.67136717,0.8135811,0.829277,0.8008011,0.7882146,0.9980866,0.51200306
GGGGAAGCAACCGCGCGG,0.046381086,0.14643845,0.10860385,0.15898593,0.28143892,0.09507225,0.42908147,0.20209806,0.2589313,0.2673003,0.6618346,0.94811743,0.86176896,0.99573815,0.97764766,0.6837189,0.81906825,0.8818493,0.8911501,0.8132166,0.7572999,0.6296152,0.7861097,0.81005704,0.7781738,0.57158786,0.99573815,0.046381086
GGGGGAGAACCGCACGGG,0.92715436,0.8522383,0.71683484,0.848194,0.92004246,0.86294496,0.8126156,0.7556275,0.9445886,0.76192236,0.82705337,0.90245754,0.9429442,0.99883586,0.99261385,0.7455314,0.856338,0.84978664,0.87447476,0.89256525,0.8445421,0.6533362,0.7966129,0.82317406,0.79830587,0.8480293,0.99883586,0.6533362
GGGGAAGGACAGAAAGCG,0.9520753,0.97575796,0.955612,0.9538338,0.97486657,0.8494573,0.9481356,0.8227451,0.8637874,0.83911794,0.94030577,0.9732083,0.9673878,0.99923897,0.9923825,0.8769198,0.94141084,0.95092815,0.9574324,0.93333024,0.9425312,0.883817,0.9128596,0.8842644,0.8940477,0.9274181,0.99923897,0.8227451
AGGAAGGGAAAAGAAGAA,0.81032455,0.8074581,0.53699017,0.67871094,0.4128292,0.53746504,0.8873201,0.448079,0.72638327,0.5402408,0.8981036,0.90886915,0.93298054,0.98134726,0.959251,0.8791422,0.9288461,0.9658681,0.9560273,0.87712395,0.9437727,0.9512171,0.9409976,0.91702956,0.93345946,0.8143935,0.98134726,0.4128292
GGGGGAGCACCGCAGCGG,0.6776102,0.7062179,0.68356717,0.70777,0.9316785,0.565445,0.76393944,0.62397856,0.83752894,0.7212303,0.3457495,0.64067817,0.93165636,0.9915274,0.98918265,0.63891023,0.6965664,0.6054938,0.6896892,0.78162366,0.6981494,0.487615,0.6147199,0.77630085,0.6673584,0.7109675,0.9915274,0.3457495
AGGAAAGAACAGAAAAAG,0.9459599,0.9774063,0.956016,0.9819982,0.97637045,0.8977526,0.9575003,0.87133324,0.96977484,0.8670352,0.8639087,0.9041782,0.92943275,0.95588,0.94692767,0.9130477,0.93544173,0.97777635,0.97426987,0.90952396,0.91539687,0.94813824,0.93485814,0.91876197,0.9277357,0.9342572,0.9819982,0.8639087
CGGAGGGGAAAAGGGGAA,0.624807,0.4243017,0.46303117,0.38509312,0.20421271,0.28419334,0.86161065,0.51299536,0.6754348,0.41232145,0.803331,0.064672336,0.8233416,0.78673345,0.89903736,0.78714156,0.7893661,0.8905136,0.8940525,0.75486106,0.90454036,0.8495769,0.86236715,0.86604273,0.88674635,0.6684129,0.90454036,0.064672336
GGGAGGGGAACAGGGGGA,0.6223762,0.4192465,0.23915887,0.14452803,0.047554605,0.2719846,0.79663575,0.19870996,0.35613364,0.53471386,0.59991586,0.017512398,0.7932323,0.5886693,0.80034703,0.76442087,0.7342483,0.8370531,0.8668158,0.70530975,0.8954018,0.7507337,0.69316435,0.8338211,0.8133404,0.5730011,0.8954018,0.017512398
AGGAAGGGAAAAGAGGAA,0.72850776,0.67342556,0.3901289,0.5681405,0.43143022,0.41087624,0.8231697,0.5021228,0.5785339,0.5542833,0.86042887,0.78029644,0.88672966,0.9711312,0.9314726,0.8577354,0.89214456,0.9585047,0.949104,0.7688141,0.9337316,0.94099873,0.92833865,0.9070125,0.92691654,0.7661591,0.9711312,0.3901289
GGGGAGGGACAGCAAGAG,0.81256187,0.9013083,0.8560111,0.8143107,0.92630225,0.6313297,0.9112248,0.76031005,0.8056459,0.5395823,0.9114582,0.642749,0.96867985,0.9957974,0.99427617,0.8350637,0.9055509,0.8895635,0.88724774,0.89129984,0.9284814,0.7930537,0.87675565,0.8614658,0.8648997,0.8481972,0.9957974,0.5395823
GGGGGAGGAACCCAGGGG,0.6865269,0.71416706,0.6775565,0.8150607,0.9362428,0.6889742,0.8323958,0.58745486,0.80436563,0.6847785,0.8295787,0.5708779,0.9413119,0.99629503,0.9931752,0.8082768,0.8616628,0.8743443,0.9191162,0.9151359,0.86991763,0.67821085,0.77221733,0.82672167,0.79682267,0.80324745,0.99629503,0.5708779
GGGGGAGAACCGCAGGGG,0.9184949,0.7780931,0.6837424,0.8494912,0.9342699,0.8178158,0.84319776,0.7904678,0.92282915,0.8077717,0.7556561,0.73582107,0.92564404,0.9975032,0.990202,0.7226401,0.80549437,0.83045113,0.88036066,0.8478734,0.84214216,0.6612919,0.7431086,0.821174,0.7967476,0.8280914,0.9975032,0.6612919
GGGGGAGCAACCCAGCGG,0.38423836,0.57400936,0.5995039,0.6593678,0.93223,0.4633962,0.7216702,0.5008165,0.71850365,0.5748902,0.83908254,0.9722659,0.94566697,0.99896646,0.9945735,0.8150552,0.89053845,0.85766107,0.8811409,0.92944777,0.81843174,0.6189988,0.8102158,0.8135967,0.7766703,0.7636375,0.99896646,0.38423836
GGGAAAGAACAGACAACG,0.93483174,0.94796866,0.92972165,0.97225857,0.95348334,0.7838509,0.92216676,0.8381868,0.88523924,0.8451099,0.9033235,0.97395355,0.9466448,0.9951799,0.9762066,0.9103946,0.9357067,0.9718439,0.971319,0.9131644,0.91630423,0.9075591,0.91634625,0.8974258,0.8966994,0.9217956,0.9951799,0.7838509
AGGAAAGGACAGAAAGAG,0.90677094,0.9698079,0.9431793,0.97953856,0.9584609,0.8539315,0.96424335,0.7985749,0.9116398,0.8287261,0.8422674,0.87256193,0.8956313,0.93829834,0.9239588,0.894072,0.9169137,0.96503466,0.96441936,0.8578157,0.9021517,0.9274724,0.9142193,0.9028041,0.91420686,0.90986794,0.97953856,0.7985749
GGGGACGGAACCGGGCGG,0.047278788,0.03730902,0.068016544,0.08981905,0.096828654,0.049657587,0.5649088,0.11104722,0.12246768,0.14713205,0.18406053,0.093658015,0.73040164,0.8144295,0.8589234,0.5634249,0.6443478,0.785438,0.79333705,0.6935777,0.6844386,0.5139819,0.52686083,0.77762604,0.6850782,0.427362,0.8589234,0.03730902
GGGGGAGGACAGCAAGCG,0.9627539,0.96526945,0.9678936,0.96081007,0.97913074,0.8712151,0.9580269,0.8179532,0.9569613,0.85480005,0.9164434,0.72356284,0.9718133,0.9971116,0.99490196,0.82563794,0.8991687,0.891931,0.9003928,0.9014973,0.9183069,0.7547376,0.85771537,0.85118175,0.844875,0.9017637,0.9971116,0.72356284
GGGGGGGGACAGCAAGAG,0.8576879,0.9075855,0.9462245,0.80241984,0.94970804,0.7633043,0.92271763,0.7700683,0.9059154,0.6137948,0.8504432,0.18472216,0.98052686,0.8132103,0.99214643,0.8139526,0.8842191,0.82841367,0.82668567,0.9014272,0.91886795,0.6985218,0.78721565,0.83978206,0.7871485,0.8218684,0.99214643,0.18472216
GGGAGGGGAACACGGGGG,0.89118636,0.6110122,0.51307887,0.49252123,0.46232358,0.43438086,0.88282406,0.46441585,0.55478066,0.6755658,0.6687121,0.06110614,0.8594266,0.90794265,0.94503295,0.7784267,0.8261442,0.8656688,0.8553817,0.8044272,0.86609757,0.70001256,0.7019207,0.82549375,0.7975034,0.6978154,0.94503295,0.06110614
AGGAAGGAAAAGAAAGAG,0.8686878,0.8694451,0.7740851,0.90335155,0.89118326,0.83885556,0.8882657,0.7002828,0.7864047,0.6817522,0.8821034,0.91513896,0.9254123,0.97592235,0.95085037,0.886796,0.93994594,0.97358334,0.96115017,0.8839586,0.9392564,0.9575552,0.9418032,0.92115444,0.935476,0.88769686,0.97592235,0.6817522
GGGGGAGAACCGCAGAGG,0.9603585,0.9019778,0.8154038,0.9074862,0.9732719,0.75810605,0.8914364,0.80358493,0.94948083,0.8486572,0.88085604,0.92581457,0.9530907,0.9991052,0.9942518,0.79079336,0.862334,0.8634773,0.902365,0.89274776,0.8847628,0.7245736,0.836301,0.8413255,0.8327248,0.87977165,0.9991052,0.7245736
GGGAGAGAAAAGACAACG,0.96343553,0.94869804,0.96091646,0.9771422,0.9789646,0.88091654,0.9465852,0.83353657,0.94608545,0.88950676,0.94407886,0.9893815,0.97080666,0.99917406,0.99087244,0.91707724,0.95598775,0.97596985,0.97171056,0.952958,0.95166034,0.93249243,0.93983,0.9087504,0.91678643,0.94573295,0.99917406,0.83353657
GGGGAAGGAACCCAGCGG,0.55926245,0.5331228,0.43540725,0.7257102,0.9263139,0.4179355,0.7703499,0.47015017,0.5482719,0.6261367,0.8907555,0.96228343,0.92741704,0.9984379,0.9886859,0.82048297,0.8953659,0.92273784,0.95240986,0.91940445,0.88201433,0.75590605,0.8552183,0.84380656,0.829407,0.7782798,0.9984379,0.4179355
GGGAGAGAACCGCCAACG,0.9861786,0.9392829,0.9298547,0.9871901,0.9664519,0.80200404,0.9383749,0.84261894,0.9536764,0.9433616,0.8897606,0.9812688,0.94445753,0.99726963,0.985411,0.8235429,0.87773514,0.90912485,0.9402509,0.9120136,0.86325663,0.7629803,0.85581625,0.8468072,0.8206975,0.9079754,0.99726963,0.7629803
GGGAGCGGAACACAGGGG,0.96107554,0.7588654,0.7527918,0.92652816,0.8390153,0.7553965,0.9158529,0.50623363,0.8178768,0.8399827,0.8258085,0.83401346,0.89803845,0.9946548,0.9817134,0.81070435,0.872841,0.88260454,0.85711104,0.8927731,0.8551273,0.7219441,0.8268294,0.83641183,0.8297218,0.8397567,0.9946548,0.50623363
GGGGAAGAACAGAAAACG,0.9763631,0.98564076,0.9633182,0.9690008,0.98669374,0.86914724,0.95704365,0.88754475,0.95607257,0.8483347,0.95392084,0.9939941,0.9781147,0.9994733,0.9949594,0.919598,0.9620912,0.97284037,0.9730908,0.9619545,0.9509143,0.92279613,0.9368369,0.90622824,0.91233873,0.94953245,0.9994733,0.8483347
GGGGCAGAAACGCCAAGG,0.7568502,0.7276451,0.51347667,0.867841,0.88372934,0.6561076,0.8781217,0.48826686,0.83575094,0.7656964,0.89266133,0.9806198,0.92323613,0.9981112,0.98976606,0.8462366,0.9077709,0.91007215,0.9073762,0.9272373,0.8728962,0.7505584,0.8543577,0.84432614,0.8245784,0.83213156,0.9981112,0.48826686
GGGGAAGAACAGACAACG,0.9258776,0.94920945,0.940065,0.95617604,0.9752241,0.75192165,0.91136396,0.84792334,0.8760839,0.7776749,0.9395196,0.99188745,0.9696255,0.9992933,0.99312645,0.91545606,0.9557813,0.9673922,0.9701467,0.959761,0.9344862,0.8901088,0.91940916,0.89168036,0.8901603,0.9239741,0.9992933,0.75192165
AGGAAGGAAAAAAAAGAA,0.92692244,0.8606158,0.8330203,0.91943896,0.86442244,0.84295297,0.8997013,0.6784511,0.8242913,0.70470804,0.9126168,0.942192,0.959719,0.9844977,0.9737192,0.89818156,0.9469183,0.9763252,0.96428406,0.9239467,0.95197195,0.96714336,0.95645225,0.9331589,0.94497067,0.9036249,0.9844977,0.6784511
GGGACAGAAACACCAACG,0.9756057,0.91452396,0.82818884,0.9841268,0.943646,0.72443223,0.95538956,0.7519022,0.9144192,0.9111306,0.89272815,0.9715878,0.92598146,0.99105316,0.9783293,0.90475,0.9220504,0.9613209,0.9585567,0.94520354,0.85827315,0.8360286,0.8880138,0.8730239,0.84700495,0.90629095,0.99105316,0.72443223
AGGAAGAGCAAAGGGGAA,0.102300316,0.15047343,0.08247706,0.2439861,0.094824076,0.121053524,0.564691,0.3710093,0.30919036,0.37900826,0.7044896,0.5395499,0.7345974,0.86984247,0.8344255,0.77049065,0.7915392,0.9432359,0.9305541,0.5439351,0.8785414,0.8950486,0.88490015,0.88371754,0.899439,0.5809328,0.9432359,0.08247706
GGGGGAGGACAGAAAGAG,0.91954154,0.98122764,0.98421985,0.96371555,0.98954135,0.9192043,0.9572019,0.8491172,0.9539816,0.7847069,0.9537565,0.91579616,0.98309344,0.99912,0.99710274,0.89131206,0.9385884,0.9322639,0.93599015,0.94709194,0.95704705,0.8737974,0.92229563,0.8837737,0.8977589,0.9332497,0.99912,0.7847069
GGGGCAGAAACGCCAACG,0.9302363,0.88273185,0.8061875,0.9666446,0.9645518,0.69301885,0.9358942,0.68675846,0.90554506,0.86103505,0.9083917,0.98568404,0.9392002,0.99826664,0.99034137,0.8602691,0.90739334,0.91232526,0.9115255,0.93942463,0.87062144,0.7445861,0.85712606,0.8439928,0.81765527,0.8847763,0.99826664,0.68675846
GGGGAAGCAACGCCGCGG,0.43017465,0.5054434,0.3494905,0.7396413,0.8082683,0.34283933,0.603634,0.40019768,0.5731234,0.660852,0.6988362,0.94508284,0.87386626,0.99649584,0.9787635,0.6886321,0.8092332,0.8792814,0.88700193,0.8149483,0.76820475,0.63422054,0.78733826,0.81126267,0.7794487,0.71065116,0.99649584,0.34283933
GGGGAAGCAACACCGCGG,0.64709157,0.6237092,0.40993944,0.79751384,0.86521685,0.3512366,0.6368566,0.4073035,0.5325341,0.6060723,0.8517778,0.98228943,0.9115924,0.99760014,0.9873354,0.83585477,0.913128,0.92951185,0.93463314,0.9325004,0.844534,0.7245828,0.8409965,0.8340774,0.8045873,0.768099,0.99760014,0.3512366
GGGGCAGAACCGCCGCGG,0.29513434,0.084383175,0.18371077,0.54918236,0.7468592,0.41380224,0.6748129,0.50285804,0.47221628,0.6507303,0.362923,0.8631869,0.8405979,0.9924283,0.9720991,0.44160324,0.68190694,0.6764765,0.7020232,0.7330767,0.56250894,0.4816634,0.670862,0.76897794,0.69250333,0.6006611,0.9924283,0.084383175
GGGAAGGGAACAGGGGTA,0.61970377,0.58001626,0.24811928,0.21307282,0.09142297,0.20989944,0.7779403,0.26364848,0.26249734,0.40737426,0.8085159,0.2514494,0.79218245,0.9644988,0.8754114,0.77895117,0.7419952,0.8806788,0.89098173,0.5483498,0.8997366,0.79201716,0.7925702,0.8432603,0.85816926,0.6156986,0.9644988,0.09142297
GGGAGCGGAACACGGGGG,0.92532563,0.5487048,0.585334,0.7994376,0.60971975,0.5628073,0.9076071,0.39183626,0.59484464,0.7134026,0.53979987,0.296493,0.8105536,0.96187615,0.9543378,0.695267,0.77187324,0.8405732,0.75585693,0.75143063,0.78304094,0.6340778,0.68619126,0.81126267,0.7941588,0.70903254,0.96187615,0.296493
GGGGGAGAACCGCAAAGG,0.965331,0.94585556,0.8862626,0.93825036,0.97350687,0.864864,0.9118562,0.80135816,0.9708032,0.8685947,0.9346084,0.9801517,0.9710556,0.9995441,0.99646294,0.8413166,0.9170719,0.9113537,0.92739195,0.940884,0.915775,0.7799865,0.8794891,0.85774505,0.8506508,0.9132068,0.9995441,0.7799865
GGGAGAGAAACGCCAACG,0.9853765,0.9603361,0.94430995,0.9898634,0.97334176,0.83549374,0.9441087,0.79691344,0.95999277,0.9351351,0.91477466,0.9843893,0.95130223,0.9983422,0.9871824,0.8958577,0.91849065,0.9547628,0.9611939,0.93618363,0.905693,0.84495306,0.8935987,0.87356496,0.86108685,0.92824996,0.9983422,0.79691344
GGGGGCGGAACACGGGGG,0.8834087,0.5126005,0.6156192,0.6861952,0.71764165,0.4466609,0.8420635,0.36446956,0.5481514,0.5106727,0.36574897,0.08170185,0.8840641,0.7279293,0.9629521,0.70802164,0.7790485,0.7667008,0.6699824,0.80555177,0.772204,0.5254978,0.51492214,0.7784985,0.6469265,0.6446893,0.9629521,0.08170185
GGGGACGGAACCGCGCGG,0.051702574,0.03434239,0.12632748,0.1763977,0.16370808,0.05150282,0.4373042,0.10198231,0.12582865,0.21117623,0.33345893,0.32078955,0.84124225,0.97381306,0.95801383,0.5604877,0.6697271,0.80409145,0.79222614,0.74127996,0.6749033,0.5077069,0.6216909,0.7813727,0.701574,0.470506,0.97381306,0.03434239
GGGGAAGGAACCGCGCGG,0.089476936,0.12671347,0.14040354,0.229922,0.36309108,0.10536676,0.5405275,0.20757389,0.18490587,0.36866543,0.7469447,0.69610053,0.8814813,0.9964683,0.9739161,0.72305834,0.77904207,0.8995247,0.92756736,0.78846586,0.83334124,0.682132,0.79012823,0.8256197,0.80723053,0.58830667,0.9964683,0.089476936
GGGGGAGAACCGCAAGGG,0.9476776,0.87667924,0.7934841,0.9009453,0.92186326,0.89925563,0.8749635,0.7782973,0.9530448,0.8138092,0.8974194,0.9466017,0.9551721,0.99919134,0.9946122,0.7906451,0.89402467,0.88871765,0.90479743,0.9163536,0.88990223,0.73486155,0.8466777,0.84335864,0.83504426,0.88389593,0.99919134,0.73486155
GGGGGAGGAAAGCAGGGG,0.77903354,0.7713609,0.721516,0.8069364,0.9300539,0.7900044,0.8705593,0.61500275,0.84865177,0.70605755,0.89110595,0.38412875,0.9416619,0.99387646,0.989248,0.7794858,0.8432597,0.89094764,0.9095781,0.78967416,0.9327561,0.8245694,0.850116,0.85973245,0.864277,0.82334375,0.99387646,0.38412875
GGGGGAGGAAAGCAAGCG,0.9634887,0.95434225,0.9544212,0.9679641,0.98136497,0.87231827,0.9605774,0.7106371,0.9528536,0.8196433,0.95141804,0.9017659,0.97546804,0.9993282,0.995818,0.82285285,0.9175151,0.92988575,0.93318814,0.9100282,0.95256263,0.86078346,0.91703373,0.8782765,0.8889934,0.91890115,0.9993282,0.7106371
GGGGACGGAACCCCGCGG,0.18227,0.050725885,0.25996864,0.59749097,0.6729407,0.14204696,0.5430341,0.18913704,0.24899134,0.39696082,0.5426398,0.80097276,0.8745428,0.9945405,0.9813944,0.589084,0.7707339,0.817851,0.8511212,0.87087095,0.6531161,0.50773895,0.70730454,0.78099436,0.7061633,0.5893054,0.9945405,0.050725885
GGGGAAGGACAGAAAGAG,0.91137457,0.97784007,0.9602223,0.96261686,0.9802735,0.86707056,0.9509261,0.83311903,0.8976821,0.73033464,0.94633424,0.97681934,0.9722542,0.9993865,0.9943621,0.89780825,0.9461838,0.95582974,0.9608706,0.9430227,0.95016634,0.90448797,0.92392033,0.8929141,0.9061845,0.9296801,0.9993865,0.73033464
GGGGGAGAAACGCCAAGG,0.925686,0.9015579,0.837471,0.9433882,0.95788854,0.7545579,0.8449892,0.62789655,0.9133711,0.8282562,0.93340576,0.98003733,0.96527094,0.9996286,0.99579215,0.8751448,0.92192775,0.9359889,0.9456896,0.9458802,0.9267349,0.80752033,0.89115924,0.8644284,0.85938597,0.8953223,0.9996286,0.62789655
GGGGACGGAACCCAGCGG,0.42450953,0.18488866,0.39801973,0.6372641,0.83282065,0.27093008,0.7010976,0.31210577,0.41517964,0.43196875,0.7793205,0.9120984,0.9046005,0.9964076,0.98635775,0.7228155,0.8369951,0.8554068,0.880686,0.90120244,0.77842504,0.60543144,0.78410184,0.80866355,0.77385193,0.6854059,0.9964076,0.18488866
GGCAAGGGAACAGGGGAA,0.43542153,0.39707643,0.17725626,0.38581333,0.07663832,0.1920465,0.6567362,0.3942245,0.43325153,0.37213907,0.6361022,0.15736699,0.66868424,0.8263353,0.80243605,0.7198199,0.73660475,0.87150365,0.8532021,0.44447464,0.8453669,0.79420483,0.82989866,0.8506382,0.8603571,0.57670397,0.87150365,0.07663832
GGGGGAGGAAAGCAAGAG,0.9374381,0.9572109,0.9591724,0.97399825,0.9852153,0.8954933,0.9576981,0.72102463,0.96662223,0.733218,0.95700437,0.9248283,0.97910786,0.99951595,0.9969672,0.8540973,0.9268621,0.9366432,0.9389305,0.92762536,0.96050483,0.8865442,0.92811775,0.88699454,0.90249383,0.9237331,0.99951595,0.72102463
AGGGAAGGACAGAAAGCG,0.9425385,0.967982,0.94214976,0.9556227,0.9723128,0.82547325,0.9334358,0.81358325,0.87068,0.85382634,0.8841957,0.93458056,0.928858,0.9871627,0.96823704,0.8776671,0.9329306,0.95380676,0.95922786,0.92510283,0.9116339,0.89770806,0.9059618,0.88817215,0.89786935,0.9172289,0.9871627,0.81358325
GGGGGAGCACCGCAGAGG,0.8961872,0.92662984,0.80775553,0.8670362,0.9625309,0.6350871,0.8489316,0.71273404,0.9360713,0.80336696,0.54240674,0.79496336,0.94270056,0.99550587,0.9931514,0.7274614,0.76036817,0.68878734,0.76144785,0.8303125,0.7779745,0.5681984,0.697471,0.8015786,0.7434624,0.80088496,0.99550587,0.54240674
GGGGGAGCAACGCAGCGG,0.74067366,0.8196484,0.74335045,0.77244675,0.9430515,0.62480617,0.7692287,0.55627745,0.83561224,0.7564771,0.7896441,0.8664804,0.94039357,0.9979437,0.9920341,0.806695,0.8389917,0.84344465,0.827884,0.8706993,0.8374714,0.63400894,0.77428603,0.8186856,0.78767914,0.80751663,0.9979437,0.55627745
GGGAGGGGAACAAAGGGG,0.90259504,0.84723586,0.75836587,0.6846302,0.7854345,0.67895687,0.89019746,0.5674088,0.6884208,0.8328575,0.91610515,0.7136785,0.95563316,0.9967054,0.98964137,0.86940527,0.9352901,0.9450235,0.93866014,0.94066817,0.9403618,0.8580172,0.90312785,0.87450397,0.8893007,0.8520889,0.9967054,0.5674088
GGGGGAGGACCGCAAGGG,0.9194864,0.9053117,0.8408318,0.9003365,0.9330099,0.85157555,0.9058204,0.7055975,0.94776684,0.8140598,0.71948415,0.2731016,0.95379156,0.9679227,0.9896575,0.7503568,0.7802908,0.8136738,0.8583418,0.8600772,0.8544384,0.6289905,0.70089906,0.8151787,0.7546981,0.81778795,0.9896575,0.2731016
GGGAAGGGAACAGGGGAA,0.7250844,0.6831889,0.3823242,0.46487978,0.2235197,0.2532034,0.7929007,0.3938547,0.44385457,0.39130548,0.8333007,0.35034525,0.8692432,0.98642844,0.9446071,0.8089687,0.77530986,0.89926475,0.9084121,0.61211437,0.91925144,0.8475264,0.8717731,0.8696653,0.8870137,0.6854935,0.98642844,0.2235197
AGGAGGGGAAAACAAGAA,0.96547586,0.8924559,0.9333635,0.94589967,0.9013229,0.8233388,0.95939374,0.67230093,0.92531073,0.73106736,0.92920315,0.94912237,0.9655436,0.99518645,0.9882259,0.89428514,0.94333714,0.95766056,0.95073855,0.9566017,0.94743305,0.92655236,0.9398584,0.90742725,0.9201363,0.9168496,0.99518645,0.67230093
AGGAAGGAAAAGAAAAAG,0.8939299,0.92504746,0.8812838,0.9237821,0.9557332,0.81705964,0.9230689,0.7806643,0.9088874,0.7431996,0.9059089,0.9387433,0.95149606,0.98335636,0.96610135,0.89565027,0.9402257,0.975436,0.9630748,0.90466684,0.94768167,0.96285325,0.9508784,0.9283672,0.9409559,0.9163221,0.98335636,0.7431996
GGGGACGGAACCGCGGGG,0.08108097,0.071150266,0.12359995,0.22650023,0.109238766,0.09860243,0.46814892,0.10641897,0.21563728,0.22692952,0.20488346,0.15554471,0.7597468,0.93722785,0.9411352,0.55653816,0.64108926,0.79322165,0.8016311,0.7115718,0.66935384,0.51139826,0.5483431,0.77714074,0.6908338,0.45707867,0.9411352,0.071150266
GGGGAAGCAACCGGGCGG,0.04163663,0.1649978,0.057627995,0.07876878,0.17984359,0.09633366,0.5568841,0.17775963,0.2527236,0.2016071,0.530457,0.85794,0.8163211,0.9937997,0.9652044,0.68376046,0.8037519,0.87203133,0.8876386,0.78086394,0.7624261,0.63266456,0.75182223,0.812605,0.79346186,0.55011725,0.9937997,0.04163663
GGGGAAGAAACGCCGCGG,0.71464473,0.41893142,0.3602711,0.8111236,0.8525698,0.47907463,0.6336985,0.50493973,0.5592034,0.6692876,0.8492285,0.9623337,0.8943211,0.9980235,0.98016584,0.76576,0.87976146,0.9377593,0.94939685,0.87703365,0.87489426,0.7700435,0.8517491,0.8464784,0.8316584,0.7708941,0.9980235,0.3602711
GGGGAGGGAAAGCAAGAG,0.84639364,0.88113546,0.8065706,0.84367824,0.9353321,0.6677821,0.9118253,0.72779125,0.77211803,0.51274693,0.9486983,0.86518925,0.97275746,0.9990521,0.9953145,0.83214134,0.92295694,0.92800456,0.92591643,0.9005731,0.9579145,0.8845822,0.92521566,0.88578165,0.90160197,0.87004286,0.9990521,0.51274693
GGGGCAGCACCGCCGCGG,0.10929969,0.115643665,0.18243846,0.44714117,0.6751564,0.29933643,0.65179926,0.3901325,0.43975276,0.59798074,0.032211967,0.6676458,0.80914813,0.9801535,0.9656158,0.31105956,0.51094085,0.28831238,0.39978766,0.58725214,0.3219857,0.33911422,0.474266,0.70923215,0.5495007,0.4741963,0.9801535,0.032211967
GGGAGGGGAACACGGGAG,0.9557831,0.8479477,0.85043,0.8391796,0.8641369,0.5366083,0.93218887,0.7041568,0.77819115,0.6402971,0.80433154,0.16235882,0.92698884,0.9735409,0.97716546,0.82333905,0.8400511,0.88550156,0.8776171,0.840824,0.8965042,0.74631953,0.79590887,0.8440198,0.8376489,0.80724144,0.97716546,0.16235882
GGGGCAGAACCGCCGAGG,0.63029003,0.33934227,0.30614924,0.77374846,0.8677273,0.45968562,0.8021662,0.5944831,0.74480546,0.73799616,0.5555235,0.91985154,0.8643844,0.99474925,0.9812263,0.56516445,0.74437785,0.73585457,0.77156043,0.79111683,0.6760307,0.5561039,0.7373567,0.79265654,0.74800307,0.7076141,0.99474925,0.30614924
AAGAAGGAACAGAAAAAG,0.6430607,0.75362355,0.75534016,0.65008414,0.8505212,0.6033586,0.78471106,0.6464178,0.7411057,0.51558936,0.77611697,0.71930325,0.8687161,0.7337945,0.84698236,0.85261697,0.90385723,0.94995344,0.94773144,0.7219588,0.89226615,0.9437836,0.9270766,0.91482854,0.92519706,0.79471976,0.94995344,0.51558936
GGGGGAGCACCGCCGAGG,0.7053289,0.7484254,0.6759023,0.84869546,0.9336655,0.44091165,0.7345113,0.60820985,0.8201456,0.76195985,0.2077566,0.5525967,0.9230255,0.9911436,0.989515,0.6055064,0.6603508,0.58625084,0.69465667,0.7671368,0.6559523,0.45798668,0.57659155,0.76724356,0.63874966,0.69408876,0.9911436,0.2077566
AGGAAGGGAAAAGGAGAA,0.6588011,0.6273364,0.31524506,0.4234147,0.14184882,0.34687763,0.8387627,0.398848,0.5045973,0.29397514,0.8590546,0.75795424,0.883051,0.9684492,0.924819,0.8548474,0.8660901,0.9537787,0.9463705,0.74015975,0.9336428,0.9393963,0.9275023,0.90620697,0.9266134,0.7175056,0.9684492,0.14184882
GGGGGAGGACAGCAGGGG,0.71414053,0.8108897,0.7944441,0.77022845,0.92450726,0.76322216,0.8644985,0.683032,0.8801981,0.74690145,0.73368156,0.1385796,0.9282831,0.9558044,0.97972506,0.7768788,0.80166584,0.8243381,0.8611052,0.7633785,0.88244116,0.6918341,0.7029159,0.82330054,0.778158,0.78376603,0.97972506,0.1385796
GGGGGGGGAAAGCAAGAG,0.8904584,0.88283825,0.92428,0.8351064,0.9545304,0.7773458,0.9322278,0.7028874,0.8871677,0.567943,0.93914676,0.46555132,0.9831915,0.9781346,0.99614835,0.81040704,0.9050945,0.89045733,0.8869378,0.9084215,0.9553348,0.8341649,0.90300053,0.87391055,0.8750563,0.86238974,0.99614835,0.46555132
GGGGAAGCAACCCAGCGG,0.3779824,0.54747474,0.35155824,0.6352196,0.8911743,0.36586553,0.6622807,0.42292765,0.6015791,0.51072365,0.85551435,0.9832703,0.91278523,0.9974697,0.9887362,0.8112807,0.9056656,0.9096286,0.9331098,0.92105424,0.8289119,0.70852387,0.83303285,0.8288727,0.798517,0.74332637,0.9974697,0.35155824
AGGAAAGGACAGAAAGCG,0.95064855,0.96713424,0.9380659,0.9741629,0.9459842,0.83561856,0.95870066,0.7817144,0.8759347,0.898579,0.8256538,0.8562679,0.8780992,0.9217208,0.8945127,0.8707405,0.9088373,0.96118,0.96129686,0.8299879,0.8879453,0.91340834,0.90328634,0.8949107,0.90396166,0.90153414,0.9741629,0.7817144
GGGAAGGGAAAACAAGAG,0.93818223,0.9216632,0.81495094,0.9286243,0.8991882,0.6972909,0.95806605,0.7227969,0.8453251,0.6069766,0.9440174,0.98125,0.9666179,0.9988095,0.99177074,0.89134943,0.94249135,0.9654507,0.9563946,0.92817175,0.9543825,0.92965895,0.9403802,0.9069616,0.9183215,0.90196365,0.9988095,0.6069766
GGGGGAGAACGGCCAACG,0.9335011,0.8497148,0.8047957,0.9444452,0.9684992,0.806583,0.8997112,0.7804259,0.9288821,0.8509644,0.90418106,0.85940003,0.9623448,0.99893194,0.99327034,0.8065659,0.8278096,0.8641117,0.89579487,0.914697,0.89721394,0.71716017,0.8470925,0.84281427,0.8292876,0.8771279,0.99893194,0.71716017
GGGAGGGGAACACGGGAA,0.9631511,0.8229497,0.8985489,0.8677469,0.8297044,0.6277359,0.92701536,0.64646393,0.77338946,0.63883513,0.8505825,0.2344537,0.94403803,0.9857375,0.9843912,0.82333905,0.8400511,0.88550156,0.8776171,0.840824,0.90994513,0.76754624,0.8340907,0.8533075,0.85384244,0.81923234,0.9857375,0.2344537
AGGGAGGGACAGCAAGAG,0.7763989,0.8640912,0.8206981,0.82474536,0.9151026,0.6374224,0.8797561,0.7556071,0.82739913,0.5984979,0.8491814,0.574587,0.93233895,0.9880388,0.9800996,0.83493865,0.8867363,0.893473,0.889157,0.8692254,0.9074286,0.824974,0.88263947,0.86822176,0.87596124,0.83826876,0.9880388,0.574587
GGGGGGGGAAAGCAGGCG,0.9040485,0.7618308,0.85764205,0.7214196,0.9400618,0.61794406,0.88744,0.65548617,0.7672591,0.6654622,0.8473018,0.07013891,0.9620239,0.7546117,0.9738241,0.71894187,0.78647727,0.80691755,0.8368644,0.74115336,0.9233798,0.73182577,0.76387745,0.8363967,0.77461356,0.7722778,0.9738241,0.07013891
AAGAAGGAAAAGAAAAAG,0.7058261,0.7216257,0.6894603,0.694558,0.86560684,0.66428775,0.7876435,0.6302319,0.7015625,0.4993849,0.81089276,0.7521232,0.8824306,0.8023832,0.85637164,0.851567,0.91623574,0.96309996,0.9586808,0.73874766,0.9263267,0.9653763,0.94664377,0.92942065,0.9431732,0.80814636,0.9653763,0.4993849
AGGAAGGAAAAGAAAAAA,0.9131884,0.914245,0.91649836,0.9389601,0.9483204,0.8463652,0.9117242,0.78505254,0.9159531,0.812823,0.9169809,0.94423646,0.961185,0.9864923,0.9718919,0.89565027,0.9402257,0.975436,0.9630748,0.90466684,0.951266,0.9647476,0.9543202,0.93145806,0.9437761,0.9243415,0.9864923,0.78505254
GGGGCAGAAACGCCGCGG,0.35561976,0.1595054,0.23951928,0.6389459,0.78782356,0.43655437,0.71293986,0.43627882,0.47171438,0.6785021,0.7475098,0.93101925,0.85914856,0.99580747,0.9764551,0.6726193,0.8226999,0.85674983,0.8335407,0.8372069,0.7625561,0.6220345,0.7845362,0.80888164,0.77659035,0.6881903,0.99580747,0.1595054
CGGAGGGGCAAAGGGGAA,0.23729199,0.18191333,0.23124701,0.1982389,0.083442345,0.18905003,0.7830652,0.4412555,0.63619465,0.35173285,0.37120235,0.013775372,0.7541813,0.22556353,0.7274203,0.69405085,0.69206923,0.7839657,0.7738397,0.6178403,0.82241935,0.72058713,0.7216668,0.8295403,0.8374676,0.5167609,0.8374676,0.013775372
GGGAGGGGAAAACAGGGG,0.88233316,0.6575917,0.5651882,0.61110234,0.6672917,0.6365571,0.8832618,0.59075814,0.70985824,0.7502314,0.91544086,0.73461753,0.94887924,0.9978233,0.98991096,0.8404735,0.9186068,0.92664534,0.92779917,0.91946495,0.9448776,0.8693527,0.9112466,0.87819797,0.89398724,0.82285994,0.9978233,0.5651882
AAGAAGGAAAAGAAAAAA,0.7564544,0.6821124,0.7761549,0.74130905,0.83919716,0.69866633,0.7463679,0.6479661,0.68664986,0.5780989,0.8311614,0.7724185,0.9067432,0.8347052,0.88054603,0.851567,0.91623574,0.96309996,0.9586808,0.73874766,0.9308189,0.96709853,0.9503766,0.9323904,0.94577724,0.8213338,0.96709853,0.5780989
GGGGAGGGAAAACAAGAG,0.92835236,0.92441887,0.82569796,0.8793887,0.9454842,0.6512954,0.92825145,0.7432451,0.8091824,0.46055174,0.9631651,0.9808001,0.9813414,0.9997177,0.99737686,0.89507025,0.9572504,0.958484,0.9535103,0.96639496,0.9652936,0.91374487,0.9434107,0.9003068,0.914052,0.89543134,0.9997177,0.46055174
GGGGAAGAAACACCGCGG,0.8531084,0.5419067,0.42315444,0.8558046,0.8943419,0.5071566,0.6549202,0.49967933,0.5316351,0.6483829,0.88832027,0.98393786,0.92636764,0.9985926,0.9879886,0.86593896,0.93447804,0.95998406,0.96615,0.94635737,0.89933497,0.8301918,0.8866288,0.86655146,0.8507391,0.8080662,0.9985926,0.42315444
GGCAAGGGAACAGGGGGA,0.20692417,0.17968483,0.050848637,0.113774545,0.012395991,0.14907509,0.5447395,0.18310258,0.25369695,0.39452624,0.41917256,0.051386844,0.43823695,0.5352869,0.5932173,0.62606865,0.71682924,0.84641606,0.8268361,0.38286015,0.80181164,0.7559798,0.76943135,0.8366285,0.8481227,0.46148214,0.8481227,0.012395991
AGGAAGGAAAAAGAAGAA,0.85919607,0.75786054,0.45958057,0.6672176,0.38692734,0.6605724,0.83489746,0.5278025,0.7667928,0.53537154,0.89076024,0.9213799,0.9335218,0.9784511,0.9586465,0.89548373,0.94516534,0.9764403,0.96623164,0.90455383,0.9425472,0.960025,0.9455072,0.92458194,0.93816155,0.8215071,0.9784511,0.38692734
GGGGGAGCAACGCCGCGG,0.44490823,0.5334792,0.5922877,0.7450706,0.8842581,0.42751232,0.6600106,0.45613393,0.66264343,0.6956255,0.5368264,0.68783766,0.9199783,0.9961401,0.9884365,0.7072142,0.7633882,0.79834515,0.7760191,0.8213433,0.7447515,0.5279703,0.6732273,0.7892648,0.6985769,0.70125,0.9961401,0.42751232
AGGAGGGGCAAAGGGGAA,0.23845132,0.17871276,0.20012978,0.15768765,0.06852036,0.20335193,0.75718725,0.41012314,0.51248413,0.30085847,0.41227347,0.019318555,0.73532,0.39250082,0.7473794,0.72858673,0.6673347,0.8401012,0.8163969,0.583168,0.8889626,0.8104495,0.8276914,0.8600316,0.8802203,0.5294897,0.8889626,0.019318555
GGGGGGGGAAAGCAAGCG,0.9360363,0.8658339,0.9154323,0.80605346,0.93952733,0.75721586,0.9370042,0.67467624,0.84839606,0.68131536,0.9294948,0.36392468,0.9802516,0.9645419,0.99385333,0.77248716,0.8922451,0.8780032,0.8745993,0.8834642,0.9452239,0.79479283,0.87562436,0.8621849,0.8479428,0.848805,0.99385333,0.36392468
GGGGGAGGACCGCAGCGG,0.8121655,0.69678086,0.7603655,0.78505975,0.9512334,0.62916076,0.85032606,0.6344891,0.81294256,0.7789974,0.445569,0.09233348,0.9384594,0.8857409,0.97149575,0.6752015,0.63121533,0.6930349,0.80738264,0.7459175,0.7935183,0.5343597,0.58409303,0.7886062,0.65870154,0.718286,0.97149575,0.09233348
GGGGAGGGACAGAAAGAG,0.78969604,0.94165367,0.91476923,0.7928047,0.9543562,0.7242478,0.9039287,0.7819513,0.7311927,0.5510234,0.9440796,0.84524035,0.9779458,0.9982047,0.99547595,0.87694186,0.9354179,0.9232524,0.9221222,0.9327706,0.9541532,0.87130123,0.91923326,0.88251144,0.896773,0.8784419,0.9982047,0.5510234
GGGAGAGAAAGACCAACG,0.9806801,0.94032687,0.7952408,0.9780301,0.9684284,0.8633266,0.93381643,0.7673965,0.9250946,0.8881857,0.93496484,0.98682064,0.9597543,0.99893767,0.9895874,0.91949826,0.946121,0.97230655,0.9754268,0.9562961,0.9351731,0.89991146,0.9220461,0.8932583,0.8937497,0.9289752,0.99893767,0.7673965
GGCAAGGGAACAGGGGTA,0.31513622,0.31489828,0.107588604,0.16908422,0.029448388,0.14270009,0.6561309,0.26449725,0.259508,0.39244294,0.56689334,0.097743854,0.5231437,0.62246954,0.6171378,0.6623492,0.6989162,0.83952796,0.8251883,0.38119295,0.80578333,0.723924,0.7450636,0.8213721,0.83086073,0.49652007,0.83952796,0.029448388
GGGGGAGGAAAGCAGGCG,0.95152533,0.9101719,0.9260086,0.9496646,0.98272383,0.8104374,0.93888664,0.71909356,0.9142966,0.80490303,0.9157668,0.5405713,0.9588104,0.9968026,0.9913107,0.7815506,0.8334065,0.890754,0.91401726,0.80049187,0.93476766,0.8189737,0.8715949,0.8623483,0.8657994,0.875387,0.9968026,0.5405713
GGGGAAGAAACGCCGAGG,0.8898266,0.77956945,0.52601767,0.92286676,0.92560613,0.50657517,0.7599876,0.6024236,0.7732531,0.7553288,0.875591,0.9708407,0.91047573,0.9985819,0.98593116,0.830977,0.90441537,0.9448821,0.9577174,0.8987959,0.8998061,0.81669825,0.87242,0.8616543,0.8559126,0.8410462,0.9985819,0.50657517
AGGAAGGAAAATAAAAAA,0.9034897,0.9534134,0.92658216,0.9491321,0.9417745,0.858892,0.92521656,0.842896,0.9115556,0.8512469,0.9171412,0.94805473,0.96034807,0.9860133,0.9707898,0.901345,0.9302391,0.97491366,0.9630313,0.9093574,0.94622517,0.95097303,0.94139427,0.9074397,0.9308502,0.92809266,0.9860133,0.842896
GGGGGAGGACAGCAAGGG,0.80741614,0.8952731,0.86993176,0.84390014,0.91595256,0.84862846,0.9089807,0.69331855,0.9290408,0.7493889,0.89018035,0.5647871,0.96290284,0.9945338,0.99389094,0.8233105,0.89804924,0.88640916,0.8903624,0.8887437,0.9162222,0.76181465,0.83793813,0.84967095,0.84316593,0.85855246,0.9945338,0.5647871
GGGGGAGGACAGCAGGCG,0.9425169,0.9347225,0.948751,0.93815714,0.98046154,0.79683936,0.93830794,0.8031243,0.93399763,0.8362831,0.81337583,0.22705962,0.9514111,0.97891235,0.9850907,0.7786208,0.7899055,0.8233562,0.86554605,0.7751819,0.8857147,0.68527216,0.74484134,0.8266166,0.7855863,0.838786,0.9850907,0.22705962
CGCAAGGGAACAGGGGAA,0.3871869,0.3223207,0.16910593,0.46937,0.08215408,0.12625031,0.7230776,0.391459,0.56035644,0.43349287,0.3608991,0.03382616,0.41851908,0.28204453,0.5624837,0.6199409,0.6239835,0.8111977,0.78072935,0.3474224,0.65244377,0.747507,0.7872774,0.8286853,0.83023626,0.49407881,0.83023626,0.03382616
GGGACAGAAACACCAAGG,0.91412765,0.79428494,0.54935944,0.9430017,0.8324346,0.6811106,0.91363204,0.5729739,0.8493695,0.8560258,0.8779541,0.9669796,0.9081817,0.990376,0.9771675,0.89699084,0.9247568,0.96057993,0.9568891,0.93524736,0.8636748,0.84305215,0.88718575,0.87380457,0.85310376,0.8648905,0.990376,0.54935944
GGCAAGGGAACAGGGGGG,0.16812266,0.1971298,0.03481887,0.09398879,0.014069441,0.123695955,0.6187468,0.16504216,0.2394921,0.37672037,0.2824851,0.03355046,0.32470328,0.3613477,0.45529905,0.6260686,0.71682924,0.84641606,0.8268361,0.38286018,0.7683895,0.7304682,0.7138968,0.82713336,0.84025234,0.4307345,0.84641606,0.014069441
AGGAAGGGCAAAGAAGAA,0.45556867,0.5529821,0.2946309,0.44483012,0.21154624,0.41092908,0.8158087,0.4012467,0.6952462,0.47836205,0.8677047,0.8769162,0.91789705,0.9671151,0.9546563,0.8457642,0.908959,0.9443524,0.9227117,0.8261462,0.9171899,0.9153925,0.9167587,0.8980604,0.91094565,0.73406893,0.9671151,0.21154624
AGGAGGGGAAAAGAGGAA,0.83099645,0.6983381,0.6317149,0.5640661,0.48127648,0.5167411,0.86970985,0.55422497,0.72501606,0.62591475,0.8897433,0.5558373,0.92775387,0.98789203,0.96846694,0.85831314,0.8911974,0.94537807,0.9398819,0.8646981,0.9473592,0.926818,0.9289686,0.8998273,0.9230477,0.79812735,0.98789203,0.48127648
GGGAGCGGAACAGGGGGG,0.6763915,0.39149395,0.22225638,0.35395542,0.09719525,0.30127323,0.85083467,0.1912648,0.47017908,0.5478544,0.31312722,0.05877687,0.63806534,0.6636296,0.7759131,0.6777111,0.654514,0.7935422,0.78023195,0.6359662,0.7961165,0.6563379,0.59510916,0.80793554,0.7851699,0.54939383,0.85083467,0.05877687
AGGAGAGAAAAGACAACG,0.95690846,0.92984015,0.9493123,0.9773901,0.9752877,0.855251,0.9336668,0.81052506,0.9479309,0.898988,0.8872816,0.93966466,0.939035,0.9838655,0.9615155,0.9183991,0.95025843,0.9773552,0.97286475,0.94901586,0.92449766,0.93821925,0.93113947,0.9106855,0.91867983,0.93350303,0.9838655,0.81052506
GGGGCAGAAACACCGAGG,0.8362819,0.63418907,0.43538398,0.8710074,0.9210862,0.49876523,0.84106207,0.55224335,0.71410304,0.76259017,0.88485944,0.9840649,0.91667557,0.9979889,0.99048,0.8621389,0.93007714,0.9277631,0.92240196,0.94493395,0.8745237,0.76828694,0.8623806,0.84870857,0.8281898,0.8244075,0.9979889,0.43538398
GGGGGCGGAACAGGGGGG,0.5221685,0.35318363,0.24196883,0.22581506,0.14616232,0.2055068,0.77573526,0.17233562,0.42215753,0.32189527,0.17715663,0.01893616,0.7623495,0.17739758,0.7816894,0.69447327,0.6614376,0.6966296,0.7020503,0.7052852,0.79249156,0.555067,0.4245982,0.7703649,0.62815034,0.47740024,0.79249156,0.01893616
GGGGGAGAACCGCCGCGG,0.6706916,0.28464723,0.5299767,0.7524814,0.902124,0.5249136,0.6917155,0.6334254,0.67855567,0.70998186,0.61521786,0.7103307,0.92480195,0.9975236,0.9882949,0.6026327,0.7418,0.795943,0.8419928,0.8176252,0.75995606,0.5518873,0.698363,0.796632,0.7165043,0.7175208,0.9975236,0.28464723
GGGAGGGGAAAACAAGAA,0.97034085,0.9226074,0.9476112,0.94274825,0.9136272,0.8537731,0.9589758,0.71455574,0.9284815,0.7226675,0.9638711,0.9745663,0.98359114,0.9995913,0.9968225,0.89279073,0.9489453,0.9551635,0.94875336,0.95914006,0.9656645,0.91750777,0.94600695,0.9035622,0.9173422,0.9259483,0.9995913,0.71455574
AGGAGGAGCAAAGGGGAA,0.1785328,0.17074724,0.1771868,0.22962217,0.110421844,0.17824507,0.659843,0.36255735,0.41690698,0.39352828,0.7116952,0.3804639,0.8004036,0.9435052,0.9169109,0.78196734,0.77838427,0.9245577,0.915847,0.67953235,0.898623,0.86608577,0.8787514,0.87465024,0.8930879,0.6048823,0.9435052,0.110421844
GGGGGGGGAAAGCAGGGG,0.6167071,0.49673045,0.5636408,0.3630024,0.74062043,0.5784065,0.7970826,0.5246109,0.66384125,0.5470072,0.7862779,0.04303558,0.94147563,0.60037816,0.9631752,0.71635574,0.79795593,0.8073375,0.82964724,0.72862345,0.9211149,0.7401539,0.7243352,0.8316116,0.7667611,0.6835955,0.9631752,0.04303558
AGGAAGGAAAAAAAAGAG,0.90949076,0.8759638,0.76034224,0.90075964,0.8876426,0.81538904,0.91273475,0.6800551,0.82074416,0.6623713,0.900345,0.9359463,0.9486358,0.980648,0.9674328,0.89818156,0.9469183,0.9763252,0.96428406,0.9239467,0.94864964,0.96532595,0.95331454,0.9302173,0.942286,0.8963181,0.980648,0.6623713
AGGAAGGGACAGCAAGAG,0.8137438,0.86065507,0.81103873,0.894984,0.84946775,0.6478724,0.9254299,0.7000868,0.833411,0.6799528,0.8235621,0.73295385,0.88045657,0.9510302,0.93525743,0.8241174,0.86997074,0.9163388,0.90417075,0.7263409,0.8824625,0.8635246,0.88245475,0.87620205,0.8822049,0.8387075,0.9510302,0.6478724
GGGGCAGCAACGCCGCGG,0.14681175,0.21265158,0.23641941,0.53900605,0.71301234,0.29803836,0.681461,0.34007633,0.44996664,0.6528971,0.28577617,0.86174,0.83112127,0.9915054,0.97385854,0.56932503,0.7044583,0.66319424,0.59459364,0.7370997,0.5415822,0.4646658,0.64896977,0.7628966,0.68277085,0.58335596,0.9915054,0.14681175
GGGAACGGAACCGGGGGG,0.109021895,0.08359362,0.06781127,0.19734092,0.040116012,0.16139129,0.7315798,0.11847509,0.30346683,0.27722126,0.1563315,0.1353679,0.42559075,0.8005051,0.6957126,0.5106833,0.5858297,0.82890594,0.8236899,0.45298174,0.67465913,0.6123202,0.6227248,0.8031454,0.7967913,0.4406103,0.82890594,0.040116012
GGGAGGGGAACACAGGAA,0.9800338,0.9278965,0.9499444,0.9514108,0.9415573,0.7929823,0.9431982,0.73790926,0.87790823,0.8225973,0.92811877,0.79955244,0.9680901,0.9984355,0.99384874,0.87061334,0.9091777,0.91391134,0.92440486,0.92847097,0.9352649,0.82582396,0.8991148,0.8711722,0.87656116,0.90271986,0.9984355,0.73790926
GGGGACGGAACACGGGGG,0.8537619,0.4853087,0.42824176,0.69689643,0.61706966,0.37697303,0.764859,0.3139674,0.36563835,0.42862996,0.64520884,0.5194656,0.8360266,0.9857611,0.97215766,0.7277111,0.82537955,0.8722306,0.84233075,0.84503305,0.7998472,0.6419782,0.70561904,0.8141844,0.7963664,0.6864258,0.9857611,0.3139674
GGGGACGGAACACAGGGG,0.925042,0.7169709,0.6162562,0.8762926,0.84848535,0.55922526,0.8165096,0.4312107,0.6229965,0.6048995,0.8550386,0.9141538,0.90758747,0.99717724,0.98770976,0.82261115,0.89520174,0.9034278,0.9023468,0.9264737,0.86615145,0.7283781,0.8345882,0.8387273,0.8311865,0.809146,0.99717724,0.4312107
GGGGGAGGAAAACAAGAG,0.9701981,0.97529155,0.9647184,0.97944444,0.9869463,0.8897312,0.96196944,0.7804121,0.9646856,0.72540456,0.9688739,0.98836946,0.9855759,0.99982905,0.9982553,0.907032,0.9579752,0.9629527,0.96034616,0.97119755,0.96749717,0.9148794,0.9457938,0.90149987,0.91494423,0.9417529,0.99982905,0.72540456
GGGACAGAAAGGCCAACG,0.86505574,0.69679576,0.39371154,0.9417674,0.8684225,0.776592,0.9296729,0.60994333,0.8479209,0.86635345,0.8642823,0.947035,0.8782098,0.98981464,0.95541346,0.81531984,0.85427165,0.9302504,0.93813723,0.83068186,0.86686957,0.8227019,0.8664749,0.8623509,0.8490849,0.84268534,0.98981464,0.39371154
GGGGGAGCAACCCCGCGG,0.15814291,0.2491834,0.43161604,0.6156415,0.8668092,0.26153946,0.61384535,0.39660832,0.5528676,0.52839154,0.6644579,0.9486517,0.92762214,0.9985057,0.99261594,0.7260771,0.845948,0.820272,0.8492726,0.9080988,0.7184786,0.52315986,0.74780023,0.7876814,0.7093269,0.6737046,0.9985057,0.15814291
GGGGGGGGAAAACAGGCG,0.95830476,0.85093474,0.8759552,0.78344434,0.95087147,0.60454816,0.90809774,0.7531938,0.7847881,0.71293294,0.93807596,0.5935718,0.97853786,0.9929403,0.99598837,0.83087647,0.9144771,0.89747137,0.9067088,0.9422088,0.9458892,0.80990595,0.895526,0.86795294,0.8620528,0.86221015,0.99598837,0.5935718
GGGGAAGAAACAGCGAGG,0.8467446,0.79755646,0.36217076,0.6336515,0.6929446,0.33110914,0.7237227,0.45150617,0.5738691,0.57022,0.89681906,0.97902215,0.92585593,0.9988323,0.9877068,0.8810425,0.9373462,0.96059513,0.967102,0.9244573,0.9245335,0.87705225,0.902512,0.880812,0.88566995,0.79651415,0.9988323,0.33110914
GGGGACGGAACACCGGGG,0.7878687,0.38255784,0.44933042,0.8528845,0.689461,0.36607254,0.67266166,0.26584232,0.41146275,0.53325295,0.74307597,0.81282485,0.8762033,0.9956441,0.9832743,0.75074804,0.8528017,0.8781759,0.8822434,0.9059,0.79663485,0.63141817,0.77341175,0.8152987,0.7926762,0.71606904,0.9956441,0.26584232
AAGAAGGAAAATAAAAAA,0.7371303,0.8162886,0.80029964,0.78299433,0.8103823,0.69352204,0.7606988,0.6970104,0.67776805,0.6222549,0.83205307,0.77996373,0.905787,0.83098274,0.87628883,0.8554032,0.9017762,0.9618703,0.9585962,0.7490746,0.9221062,0.9545747,0.9371256,0.90896004,0.93371785,0.82826513,0.9618703,0.6222549
CGGAGGAGCAAAGGGGAA,0.17838036,0.17269337,0.20321283,0.2813543,0.1332376,0.15496086,0.70721096,0.41562048,0.5648591,0.4263752,0.72067744,0.32976618,0.81553876,0.92598754,0.92387176,0.75410706,0.798513,0.9045754,0.89710385,0.7122361,0.8484901,0.80148983,0.83669245,0.85090184,0.8615849,0.60877764,0.92598754,0.1332376
GGGAGAGAAAAGCCAACG,0.9683298,0.915868,0.9187405,0.9836544,0.9668195,0.83216375,0.95173013,0.807283,0.95377016,0.8782626,0.93002504,0.98665553,0.9594231,0.9988967,0.9890188,0.88068914,0.9354472,0.9615015,0.9645346,0.92748046,0.93351567,0.8998973,0.9208903,0.89286685,0.8930994,0.9300225,0.9988967,0.807283
AGGGAGGGAAAGCAAGAG,0.82183295,0.8344751,0.756539,0.8527885,0.9258137,0.6793521,0.88310635,0.7140862,0.80537415,0.55573386,0.90435493,0.81006706,0.9416685,0.9950346,0.982957,0.832407,0.9078686,0.931705,0.9278276,0.88315916,0.9382887,0.9004146,0.9188139,0.8904256,0.9069228,0.8600407,0.9950346,0.55573386
GGGGGGGGACAGAAAGAG,0.8373007,0.94689876,0.9703774,0.7868945,0.96959317,0.82904005,0.92194843,0.7960599,0.86352164,0.62484187,0.9257113,0.42939118,0.98637915,0.9397347,0.9954325,0.8584975,0.9213894,0.8815897,0.8811157,0.9365746,0.9499322,0.812535,0.88652855,0.86895114,0.86350983,0.86735,0.9954325,0.42939118
GGGGAAGCAACAGCGCGG,0.29530525,0.5216518,0.2253174,0.29468635,0.3877919,0.17275712,0.55724347,0.25281647,0.32688677,0.427506,0.82664657,0.96619225,0.89378923,0.9971486,0.98135346,0.8106461,0.8851621,0.9186428,0.9224407,0.8708562,0.85477805,0.73673666,0.83770716,0.8375924,0.8226025,0.66497034,0.9971486,0.17275712
GGGGGAGGACAACAAGAG,0.96935576,0.98027116,0.97521573,0.9756215,0.9847812,0.87957186,0.96463424,0.85175586,0.9670198,0.732315,0.95941466,0.979044,0.9835281,0.99969816,0.9979848,0.91140145,0.95211554,0.9457378,0.9478449,0.97116274,0.95070046,0.85090244,0.9183291,0.880325,0.88518983,0.9365569,0.99969816,0.732315
GGGGAAGGAACCCAGGGG,0.6804917,0.6949549,0.43730462,0.79896295,0.8966842,0.5335436,0.7988895,0.52752554,0.67592466,0.62965834,0.8661257,0.92761827,0.9065002,0.9981944,0.9876542,0.8100631,0.88658744,0.9173001,0.95151603,0.9079921,0.8803141,0.76336557,0.8482874,0.8448915,0.8389103,0.8003704,0.9981944,0.43730462
GGGGGAGAACCGCACAGG,0.95813125,0.9275329,0.8302815,0.9044875,0.96782166,0.8236514,0.8639895,0.7804834,0.96314967,0.81442875,0.9078094,0.96909946,0.96283746,0.9993784,0.9951576,0.80900335,0.8893968,0.8709347,0.90021056,0.92512184,0.88437325,0.7117757,0.8516349,0.8388383,0.82035536,0.8867953,0.9993784,0.7117757
GGGAAGGGAACCGGGGGG,0.06900096,0.102908246,0.03688555,0.059880912,0.029153218,0.10673262,0.6809632,0.15529864,0.22845118,0.26533622,0.2658949,0.029490903,0.48551682,0.741518,0.65455705,0.61953187,0.62741566,0.83537275,0.85338485,0.42066246,0.79981977,0.6794247,0.6182161,0.8164005,0.8042134,0.43944123,0.85338485,0.029153218
CGCAGGGGCACAGGGGAA,0.17299166,0.15040831,0.150965,0.24986537,0.039742652,0.10940007,0.6752395,0.35023245,0.6643128,0.41348073,0.010265981,0.002007026,0.36378822,0.0108726425,0.19925134,0.3771312,0.35395965,0.1760406,0.2839779,0.22963378,0.38413247,0.5053777,0.49931216,0.76353556,0.7416882,0.31510454,0.76353556,0.002007026
AGGAAGGAAAAACAAGAG,0.94483346,0.8576542,0.69703335,0.9293661,0.8596216,0.7720731,0.90657014,0.7316443,0.8867211,0.6439756,0.88306844,0.92202544,0.9296943,0.9747807,0.96412313,0.90651965,0.947826,0.9773448,0.9680905,0.9346211,0.9291092,0.94773924,0.9385006,0.91771376,0.92689997,0.8919021,0.9773448,0.6439756
GGGGGGGGAAAGCAGGAG,0.83636874,0.79270166,0.87477756,0.75865877,0.95708334,0.6509967,0.8979633,0.71647364,0.7912636,0.56424856,0.8708204,0.10316178,0.968743,0.84522355,0.9852919,0.7651231,0.81389236,0.83327866,0.8547374,0.77572244,0.93844664,0.78160447,0.81489784,0.85147554,0.8201421,0.79452384,0.9852919,0.10316178
GGGGAAGCACCGCCGCGG,0.35713208,0.33511242,0.28028867,0.6618603,0.7779084,0.32808176,0.5802107,0.45233527,0.5938579,0.60367656,0.2794206,0.8955191,0.8567752,0.9937961,0.974767,0.46762455,0.65636533,0.72681797,0.79084605,0.6986923,0.5702161,0.49782512,0.6804296,0.77301675,0.6981607,0.62122947,0.9937961,0.2794206
AGGAAGAGCAAAGAAGAA,0.3674142,0.5312068,0.25831735,0.5652026,0.30324855,0.3566239,0.74392956,0.36889586,0.62497824,0.53212833,0.85420406,0.8930142,0.91482896,0.9516434,0.9470359,0.88319445,0.9285468,0.9704149,0.95902437,0.8635901,0.9099856,0.93227935,0.920746,0.9068079,0.91754365,0.7361922,0.9704149,0.25831735
AGGAAGGGAAAAAAAGAG,0.87816834,0.91003394,0.8255597,0.9049367,0.9125874,0.73250306,0.94687235,0.63172007,0.7574449,0.6793107,0.90902483,0.9394067,0.9493446,0.9838284,0.96956354,0.8838094,0.933694,0.96623784,0.9537821,0.90574414,0.9492494,0.9576845,0.9490944,0.92342013,0.93721366,0.89160943,0.9838284,0.63172007
GGGACAGAAACGCCAAGG,0.8316126,0.71636087,0.49746925,0.92769676,0.78284025,0.700407,0.8974504,0.4988125,0.8435865,0.8609491,0.842818,0.95308274,0.8706204,0.9873412,0.96523756,0.83699536,0.87949944,0.9392267,0.9367949,0.870996,0.83761555,0.8026594,0.8593607,0.85610825,0.8349284,0.8332188,0.9873412,0.49746925
GGGAGAGAAAGGACAACG,0.9531503,0.93802476,0.8745037,0.96111643,0.9694568,0.88534474,0.92988384,0.7758974,0.91544557,0.9037163,0.9341072,0.9767429,0.9580496,0.99894744,0.9862984,0.91178083,0.93704665,0.9692041,0.9700819,0.93502945,0.9446384,0.9138695,0.9258099,0.89621985,0.9063338,0.93082803,0.99894744,0.7758974
GGGGCAGAAACACCAAGG,0.8722696,0.8069816,0.56386113,0.8990724,0.91315573,0.6380348,0.8934359,0.5251845,0.82940876,0.7479953,0.91865075,0.9903761,0.9458373,0.9986109,0.9934667,0.8968585,0.94504005,0.9427363,0.94065154,0.9649238,0.893472,0.80808324,0.888283,0.8643202,0.84300995,0.8609488,0.9986109,0.5251845
GGCGACGGAACCGGGCGG,0.016254252,0.015023771,0.029538605,0.06528933,0.03489751,0.028804269,0.49732456,0.09937564,0.13422169,0.14132264,0.03660124,0.049212914,0.4468699,0.3626755,0.5574044,0.30195493,0.54105896,0.6617312,0.5937031,0.49251366,0.4092303,0.4468805,0.48064503,0.7491031,0.68372333,0.31501442,0.7491031,0.015023771
GGCAAGGGAACCGGGCGG,0.015961913,0.021667846,0.019286847,0.037371427,0.013486268,0.03273098,0.4701731,0.119022526,0.108215645,0.25108868,0.1063229,0.025319576,0.3674611,0.35395622,0.39223796,0.45818537,0.60649407,0.77832496,0.7454274,0.29724425,0.60091877,0.5933839,0.638837,0.79677904,0.7821688,0.34528267,0.79677904,0.013486268
AGGAAGGACAAAGAAGAA,0.6572328,0.5797861,0.3298247,0.53113204,0.31358355,0.5948868,0.76336414,0.46437618,0.74197716,0.4786918,0.8631195,0.91117126,0.9190746,0.9645817,0.9553292,0.9056455,0.9395258,0.97208107,0.9608209,0.90780693,0.91494656,0.93320584,0.9237181,0.90783095,0.9183482,0.7740825,0.97208107,0.31358355
GGGAAGGGAAAGCAAGAG,0.86820114,0.8753355,0.7962504,0.90849143,0.8761275,0.71706426,0.9459037,0.678228,0.8086676,0.62661886,0.9273106,0.93804544,0.9512781,0.99832016,0.9864103,0.8264251,0.90859693,0.9413249,0.93271387,0.7870363,0.94653237,0.9094448,0.92314214,0.893502,0.90825653,0.87516916,0.99832016,0.62661886
GGCAAGGGAACCGGGGGG,0.025150768,0.043679047,0.018448083,0.04724956,0.009453224,0.069426715,0.55969864,0.123730265,0.2020888,0.25334874,0.05889711,0.01100602,0.21525523,0.1586755,0.2810331,0.44949377,0.57531554,0.7666975,0.75446326,0.26891017,0.59527004,0.5987042,0.56188464,0.7929258,0.78911,0.32919666,0.7929258,0.009453224
GGGAAAGAAAAAAAAAAG,0.9678261,0.9818076,0.9505032,0.98300415,0.980791,0.89819473,0.9714455,0.86630774,0.96641666,0.8095842,0.952018,0.9863598,0.97913015,0.9984455,0.99107915,0.9157946,0.95452315,0.9837208,0.97945005,0.944508,0.96937805,0.9725113,0.9669749,0.94059324,0.94999033,0.9544143,0.9984455,0.8095842
GGGAACCCCCCCCCCCCC,0.13251847,0.04052089,0.29688665,0.87664014,0.69541514,0.15248953,0.51048434,0.27272436,0.5689388,0.67632127,0.033487976,0.88126695,0.7772912,0.90586007,0.9253573,0.13297214,0.65396774,0.5707498,0.7374824,0.7273192,0.06402598,0.43112838,0.6028342,0.6432198,0.5148937,0.51299185,0.9253573,0.033487976
GGGAACCCAAAAAAAAGG,0.870607,0.9256877,0.814015,0.9441329,0.9048117,0.80450886,0.921547,0.60007155,0.9222322,0.79483736,0.88002527,0.9712806,0.9395151,0.9861588,0.98335177,0.8692372,0.9250219,0.95842606,0.94916797,0.9310458,0.8785829,0.894621,0.9105218,0.89137125,0.88493335,0.89422834,0.9861588,0.60007155
GGGAACCCCCCCCCCCTG,0.07887171,0.048590194,0.16095737,0.67490727,0.71573603,0.19952106,0.55579233,0.2421414,0.49660435,0.5535246,0.023829842,0.87841433,0.73906654,0.89775133,0.9257082,0.14251843,0.6355447,0.5408787,0.71377164,0.7149543,0.06453654,0.40336132,0.5809516,0.61897784,0.49351203,0.48401695,0.9257082,0.023829842
GGGAACCCCCCCAAAAGG,0.3669256,0.53816104,0.6142894,0.8547878,0.85824496,0.57849807,0.77541274,0.4356224,0.85912675,0.64625776,0.61280805,0.9543898,0.8774374,0.9523576,0.97212,0.5940583,0.82927394,0.83388335,0.8713201,0.861998,0.43351877,0.6264667,0.76815677,0.7827074,0.7129309,0.7284301,0.97212,0.3669256
GGGAACCCCCCAAAAAGG,0.8191926,0.7883034,0.7610219,0.9280905,0.8993546,0.6973631,0.86995476,0.5113175,0.8974548,0.79602325,0.778227,0.96267796,0.9055626,0.9628122,0.97630274,0.7127083,0.8713639,0.9026967,0.8968309,0.8873186,0.58143115,0.70479405,0.8114525,0.81380445,0.76162046,0.8199071,0.97630274,0.5113175
GGGAACCCCCCCCCATTG,0.47742724,0.3141073,0.37984467,0.8852124,0.7960163,0.39974222,0.63035196,0.37310934,0.7073179,0.7064506,0.09113727,0.9168842,0.7650444,0.9163911,0.9468205,0.2575483,0.68835187,0.59383166,0.74731046,0.71736515,0.108456515,0.3821818,0.5941961,0.6173554,0.505285,0.58070964,0.9468205,0.09113727
GGGAACCCCCCCCCCCGG,0.057575464,0.022733377,0.12796648,0.58591104,0.46828684,0.22140601,0.46245793,0.16688712,0.48875207,0.48719338,0.014115545,0.85718846,0.7155445,0.8904922,0.921913,0.12596515,0.6547247,0.55509233,0.71648663,0.69800127,0.068368465,0.41443366,0.595268,0.6500475,0.5200862,0.4594759,0.921913,0.014115545
GGGAACCCCCCCCCCTGG,0.15298705,0.06448935,0.11533304,0.6638262,0.50864923,0.34150904,0.43245342,0.20187521,0.57270044,0.5674908,0.017093487,0.86602867,0.6946707,0.89285725,0.9267832,0.11868672,0.5536834,0.46042234,0.6848334,0.60053086,0.065782905,0.37650704,0.56310433,0.60854244,0.48376536,0.4613842,0.9267832,0.017093487
GGGAACCCCCAAAAAAGG,0.6569188,0.7817734,0.76801,0.88120663,0.8662499,0.6539806,0.84031475,0.5639866,0.91705865,0.74136895,0.8221325,0.9655562,0.9206083,0.9717924,0.9794594,0.79536307,0.8888542,0.9180942,0.9173998,0.90687144,0.7029858,0.77982664,0.8490018,0.8429396,0.8066948,0.82953787,0.9794594,0.5639866
GGGAACCCCCCCCAAAGG,0.47087246,0.36036435,0.48741752,0.8771368,0.81196845,0.51742315,0.78894556,0.4465325,0.9022598,0.64513046,0.31413585,0.9429848,0.8378161,0.94162023,0.9669395,0.45645908,0.7998192,0.7963721,0.8442325,0.8263831,0.2761693,0.5508848,0.7232565,0.7476041,0.66390276,0.67986524,0.9669395,0.2761693
GGGAACCAAAAAAAAAAG,0.9660094,0.9582158,0.95444554,0.9890844,0.97823477,0.88883734,0.9679985,0.83097744,0.9740866,0.78311765,0.91842186,0.9768539,0.9640026,0.9929168,0.98787767,0.89488894,0.9364503,0.97336984,0.9621144,0.94006485,0.9284484,0.9372856,0.9418242,0.9167674,0.9186398,0.93923736,0.9929168,0.78311765
GGGAACCCAAAAAAAAAG,0.9275482,0.9703963,0.9508516,0.98511064,0.9737066,0.8414244,0.96092445,0.7891484,0.9723128,0.7915693,0.9026357,0.97639525,0.9577833,0.9894651,0.9875165,0.87461084,0.9196517,0.95900315,0.94927,0.935881,0.89062905,0.9037928,0.9209535,0.8985598,0.89320344,0.9248938,0.9894651,0.7891484
GGGAACCAAAAAAAAAGG,0.942436,0.8995574,0.8243267,0.9609554,0.9202309,0.8654918,0.93648195,0.6754558,0.92220306,0.80705386,0.8994241,0.9719264,0.9485182,0.99067307,0.9838952,0.8922065,0.94110954,0.97314256,0.9621603,0.9359955,0.92032933,0.93105,0.93403417,0.9105576,0.9122748,0.9144595,0.99067307,0.6754558
GGGACCCCCCCCCCCCCC,0.062522076,0.011875924,0.25202525,0.76930654,0.588967,0.097140595,0.503283,0.2637413,0.5151674,0.6825286,0.003930197,0.8287305,0.7252389,0.8463897,0.9114189,0.09357122,0.6165049,0.45187345,0.5970728,0.73172945,0.028307986,0.4138321,0.5452184,0.57567316,0.46152276,0.46310288,0.9114189,0.003930197
GGGAACCCCCCCCCCCCG,0.22126585,0.063880295,0.29038328,0.8497151,0.78146815,0.22145736,0.5794752,0.28280413,0.6087352,0.64234763,0.024781454,0.8764123,0.75931466,0.899136,0.92480433,0.13297217,0.6539678,0.5707498,0.7374825,0.72731906,0.06590321,0.42606613,0.5998895,0.64661384,0.51600665,0.52411807,0.92480433,0.024781454
GGGAACCCCCCCCCAAGG,0.22826417,0.1429084,0.33534324,0.8628364,0.7015652,0.31590718,0.6408376,0.27600804,0.7737437,0.64220464,0.0970224,0.9227592,0.79234964,0.9259087,0.95594376,0.32018453,0.7457039,0.7078516,0.8133187,0.78216344,0.16883634,0.4784004,0.6760375,0.7131751,0.60479367,0.58496267,0.95594376,0.0970224
GGGAAACAAAAAAAAAAG,0.97637653,0.9896844,0.9659979,0.99282324,0.9872349,0.90841794,0.9780612,0.8999579,0.98408777,0.8706728,0.9320144,0.980499,0.972187,0.996321,0.98944503,0.9141346,0.94799304,0.9835424,0.9753257,0.9455905,0.9531191,0.96057445,0.95842654,0.9324224,0.93904954,0.9573585,0.996321,0.8706728
GGGAACCCCAAAAAAAGG,0.6707045,0.7958938,0.6743194,0.89420533,0.8789558,0.7043512,0.853076,0.5288856,0.9074983,0.78204864,0.85272366,0.9678006,0.9295144,0.9797943,0.98152477,0.8398854,0.91610515,0.94918513,0.9355109,0.9225597,0.8047625,0.84412295,0.88229835,0.86973214,0.8481772,0.84854543,0.98152477,0.5288856
GGGAACCCCCCCCCCTTG,0.34850904,0.17784674,0.21607205,0.8061876,0.78950346,0.3071056,0.5478118,0.29752925,0.5811992,0.64951086,0.029517887,0.8864402,0.722031,0.9012206,0.9306749,0.14309442,0.59860766,0.49914923,0.68179,0.6491515,0.062123984,0.3629739,0.5482263,0.57475144,0.45251426,0.5105418,0.9306749,0.029517887
GGGAACCCCCCAAAAATG,0.88128173,0.8914356,0.8691962,0.9520905,0.9527264,0.6818381,0.8928685,0.60035557,0.90988016,0.8065828,0.81721354,0.9665043,0.9162786,0.96542984,0.97747296,0.7327323,0.86585146,0.9026872,0.89380354,0.8951039,0.5705507,0.68152654,0.8010296,0.7982661,0.7448611,0.8387026,0.97747296,0.5705507
GGGAACCCCCCCCCATGG,0.2337476,0.12616415,0.21935166,0.78936374,0.524582,0.41332382,0.49281505,0.22902235,0.67569304,0.62652147,0.0540725,0.9048199,0.74057066,0.9094472,0.9438051,0.21608558,0.6707324,0.5673313,0.7390693,0.6870311,0.11372216,0.40373382,0.6102385,0.6486853,0.5340692,0.5229599,0.9438051,0.0540725
GGGAACCCCCCCCAAATG,0.58540577,0.5335548,0.68467295,0.9195197,0.91391194,0.49790218,0.84332,0.5659888,0.9091626,0.68484205,0.41276252,0.94847417,0.8542291,0.94558185,0.96853065,0.49099708,0.79144335,0.7980908,0.8387726,0.8396744,0.26979673,0.52407944,0.70933324,0.72630453,0.6399022,0.71585006,0.96853065,0.26979673
GGGAACCCCCCCAAAATG,0.48169914,0.7125499,0.77711904,0.9002865,0.93531966,0.5499006,0.8279856,0.52813137,0.8567534,0.6704797,0.68850327,0.9586305,0.8907802,0.9557382,0.9734375,0.6221527,0.8223587,0.835088,0.8669203,0.8719623,0.4229723,0.60224503,0.7559462,0.7633802,0.6932587,0.758544,0.9734375,0.4229723
GGGAACCCCAAAAAAAAG,0.8051127,0.9145061,0.90694076,0.9717173,0.9661017,0.7670665,0.9316269,0.72647095,0.95953304,0.75851274,0.88029563,0.97360855,0.95027506,0.98468435,0.9861087,0.8470446,0.9101814,0.9499502,0.9357764,0.9284358,0.82475185,0.8582962,0.8951569,0.87884957,0.8590329,0.89480156,0.9861087,0.72647095
GGGAACCCCCCCCCCAGG,0.1612478,0.085147,0.21258847,0.79339314,0.6750096,0.2503423,0.55875325,0.21037589,0.715284,0.575419,0.030185709,0.8958096,0.75128675,0.91194683,0.942094,0.1816508,0.6921297,0.5959457,0.74944973,0.72551155,0.104734175,0.4382951,0.63206595,0.6801218,0.5581579,0.5250778,0.942094,0.030185709
GGGAACCCCCCCCCAATG,0.3185254,0.25047606,0.5190534,0.9109549,0.86368555,0.29664055,0.73002505,0.38156274,0.7985604,0.6841723,0.15499482,0.93029517,0.812205,0.93063956,0.95807314,0.3546656,0.7356043,0.711806,0.80605316,0.79835385,0.16337521,0.45619965,0.6610154,0.6894321,0.57773745,0.61976427,0.95807314,0.15499482
GGGAACCCCCAAAAAATG,0.7532031,0.88791555,0.8769265,0.9234769,0.9399019,0.65380716,0.8832654,0.6390747,0.9215119,0.7623799,0.8469882,0.9690339,0.9294561,0.97375166,0.98045695,0.80858517,0.8840825,0.91800165,0.91534495,0.9133679,0.6970617,0.7601598,0.84021175,0.8296723,0.7926663,0.85201216,0.98045695,0.6390747
GGGAACCCCAAAAAAATG,0.7679262,0.8952212,0.81501955,0.93019164,0.9462307,0.6761916,0.9129073,0.61913276,0.92170304,0.78635633,0.8723112,0.9709777,0.93710655,0.98117024,0.98249054,0.8479833,0.9125565,0.9492414,0.93402404,0.92778987,0.8000724,0.82944864,0.8752032,0.8583859,0.83715063,0.8714717,0.98249054,0.61913276
AGGAAGGGACATCAAACG,0.95389533,0.97502184,0.9032496,0.94385695,0.9228573,0.5561351,0.95284283,0.8119162,0.90635175,0.8966028,0.8594082,0.91479987,0.9085088,0.958195,0.9403015,0.8715066,0.85599756,0.9118952,0.92049557,0.8426093,0.8694673,0.8152476,0.86096966,0.83915657,0.84819794,0.8815796,0.97502184,0.5561351
GGGTAATTACGTCCATCG,0.9712448,0.9811834,0.46913913,0.9607979,0.84448385,0.69695973,0.8581559,0.8086577,0.8769035,0.7714523,0.8251087,0.95120215,0.6831026,0.96804804,0.42154187,0.54540896,0.27247965,0.46941176,0.72446173,0.34179094,0.5701139,0.078530125,0.08511455,0.0979795,0.036993656,0.6124107,0.9811834,0.036993656
GGGTAAGGACACAACAGT,0.7199586,0.92038155,0.8090826,0.79035604,0.9067797,0.7247225,0.84861714,0.57688415,0.89210886,0.6179399,0.9272545,0.98385596,0.95530653,0.9987893,0.9920761,0.902322,0.93618065,0.9437592,0.94439065,0.94993997,0.897408,0.72035307,0.87040246,0.7874382,0.8112942,0.85710406,0.9987893,0.57688415
GGGATTCGGTCATGTCCT,0.9583261,0.85926765,0.4624727,0.58501005,0.036710575,0.6722372,0.9160835,0.18081088,0.24210472,0.79409695,0.226963,0.1124838,0.3462077,0.0008287896,0.00041454565,0.17961897,0.05829027,0.027082585,0.18101208,0.013696763,0.32245183,0.03957978,0.010545812,0.06450368,0.006332542,0.2918853,0.9583261,0.00041454565
AGGAGCGAAAATCAAGAG,0.9647334,0.894433,0.90246296,0.98310727,0.9116951,0.91203254,0.930921,0.79135984,0.95520514,0.7771853,0.85531956,0.91978127,0.8943518,0.96236557,0.95814556,0.8528907,0.890809,0.93853366,0.919566,0.90376025,0.8751751,0.8572889,0.8751522,0.8528822,0.8671526,0.8978525,0.98310727,0.7771853
CGGGGACAGCCGAACGCA,0.9866995,0.97353023,0.9737257,0.98461837,0.9818582,0.91756654,0.9156524,0.8756759,0.9841057,0.9485038,0.6544589,0.87587106,0.91712093,0.9827549,0.9770352,0.7715389,0.83603984,0.8482951,0.8147345,0.9024356,0.5968355,0.5594825,0.74835837,0.79139835,0.7536363,0.86287725,0.9866995,0.5594825
AGGAAGGGACATCAAAAG,0.8974314,0.97273105,0.9245662,0.9455867,0.9368389,0.5679273,0.96482134,0.8458632,0.93918896,0.83936024,0.8714099,0.92289865,0.92256385,0.9672886,0.9565284,0.86828583,0.8533019,0.9128501,0.9178845,0.834348,0.88599813,0.84352463,0.8764962,0.85123044,0.864311,0.88732946,0.97273105,0.5679273
GGGACACAAAGACTAAAG,0.9192529,0.96541214,0.7087872,0.9804426,0.9673842,0.8496918,0.9570985,0.8511898,0.9669163,0.915185,0.88212854,0.9612471,0.9056322,0.9866953,0.97589046,0.8910329,0.8897243,0.96915376,0.95403045,0.90774554,0.8532999,0.83203614,0.86715657,0.8498971,0.8446823,0.9060686,0.9866953,0.7087872
TTGAGCGTAACGACAGTG,0.78567827,0.7267733,0.7784527,0.8896639,0.71477723,0.63637924,0.7215361,0.38035166,0.62641096,0.78611004,0.7138283,0.7236541,0.7612577,0.92894334,0.79251385,0.8423368,0.79442495,0.8469201,0.67177325,0.824497,0.5068791,0.14854847,0.30733976,0.1824728,0.14224692,0.64935076,0.92894334,0.14224692
AGGAAAGAACAGACAACG,0.9226249,0.9286396,0.91035783,0.9718947,0.9484565,0.77878064,0.89248276,0.80673355,0.8838405,0.8778781,0.810715,0.8607966,0.89057475,0.92492396,0.90953207,0.9109752,0.92627287,0.97335243,0.9726002,0.9047229,0.86916506,0.91619754,0.90867937,0.89859176,0.90024155,0.89996123,0.97335243,0.77878064
AAGTAGGGACAGAATACG,0.9323027,0.9067901,0.7971572,0.7016095,0.87843317,0.5804091,0.78377545,0.6465031,0.70814097,0.8054882,0.7792834,0.5340115,0.81639457,0.76686966,0.8257324,0.81559455,0.8355813,0.87966454,0.88046014,0.6281714,0.83991444,0.71870756,0.8414975,0.77164847,0.8336999,0.7803137,0.9323027,0.5340115
AGGTAAGGACAGAAAACG,0.9776661,0.99107176,0.9619185,0.97567385,0.9810555,0.8662276,0.9572547,0.8185377,0.9617341,0.9234002,0.8870027,0.9347368,0.9336785,0.98619187,0.9667222,0.9068706,0.9284556,0.9575967,0.9535713,0.92921025,0.8932013,0.8523435,0.8990673,0.8395166,0.87283665,0.92622167,0.99107176,0.8185377
GGGGTATAACGAACATTG,0.94952554,0.9381325,0.32950935,0.8594489,0.9673199,0.8760251,0.81286347,0.7115479,0.713398,0.6317869,0.93779284,0.98966414,0.94996214,0.9994017,0.99273443,0.8642083,0.90059394,0.92067295,0.85862184,0.9081586,0.8975306,0.40507454,0.6648387,0.46792874,0.464966,0.8004684,0.9994017,0.32950935
GGGAATCGGACATGGACG,0.9176285,0.85434705,0.51722044,0.72432905,0.61439335,0.48347118,0.910131,0.5707152,0.6408249,0.8272423,0.743948,0.7493861,0.76282394,0.8581721,0.5934136,0.5971976,0.499146,0.5338789,0.6196929,0.18302158,0.7663741,0.40414888,0.45535418,0.5958879,0.54493755,0.6387074,0.9176285,0.18302158
GGGAAACTGACAACGACG,0.9711912,0.95560986,0.921658,0.9834678,0.9451466,0.6132276,0.95795184,0.8223719,0.9020943,0.9443515,0.8409033,0.9528344,0.8917732,0.98576415,0.9574792,0.80328125,0.8285494,0.92686605,0.9200721,0.7869515,0.8282395,0.72981393,0.8290226,0.79824126,0.80590487,0.8761107,0.98576415,0.6132276
GGGAAACTACCACCGTCG,0.9932059,0.9596561,0.8795107,0.9922847,0.95139444,0.6550029,0.9473513,0.83538675,0.9149147,0.92233086,0.7604414,0.9383932,0.8194049,0.9676879,0.9377515,0.6612387,0.7812186,0.894606,0.9216848,0.7678245,0.5841875,0.5096957,0.7171227,0.6730434,0.6680036,0.82613367,0.9932059,0.5096957
TGGATATTAACAACATTG,0.97610015,0.9842169,0.7825204,0.9817043,0.9195214,0.7595438,0.91550994,0.6743878,0.82086784,0.84841406,0.88281035,0.94361186,0.8871848,0.99556303,0.96541744,0.91310644,0.89846253,0.94507414,0.882083,0.86682904,0.7353061,0.15074904,0.47318226,0.11342826,0.17416626,0.77959055,0.99556303,0.11342826
GGGTAACTACAACCATCG,0.9917218,0.9897375,0.92978853,0.9898375,0.9245998,0.7904399,0.9512433,0.78083843,0.9438435,0.84806204,0.87461054,0.9759513,0.9127083,0.9955716,0.98352647,0.88662636,0.88726586,0.9353745,0.9315717,0.92761517,0.73309094,0.41633096,0.7466417,0.48731875,0.58859485,0.8569164,0.9955716,0.41633096
AGGAGAGAGCAGACAACG,0.94769907,0.9353288,0.9528038,0.95259976,0.9687566,0.81053287,0.91102135,0.87141705,0.9442522,0.9269434,0.8536943,0.90386534,0.92042524,0.97299486,0.94975096,0.90964293,0.9063832,0.95057124,0.9508893,0.9175587,0.8858354,0.8713589,0.89128876,0.8803189,0.88114613,0.9146832,0.97299486,0.81053287
AGGAACGAAAATCAAGAG,0.9387925,0.86247665,0.82701313,0.9835242,0.83090967,0.8319395,0.9134218,0.7099615,0.9105606,0.7299748,0.80178535,0.83207726,0.8373016,0.8965716,0.9079722,0.8465873,0.8726297,0.9542565,0.9459,0.8513641,0.84510505,0.88237244,0.8798137,0.86247736,0.87853795,0.865333,0.9835242,0.7099615
AGGTGAGGGCACAACAGT,0.5451777,0.85376287,0.8242629,0.6219117,0.85518193,0.69174534,0.8548267,0.6012356,0.9157611,0.68561465,0.8508549,0.5630899,0.93363816,0.9588696,0.9683856,0.8415648,0.84647834,0.76553553,0.7452275,0.91490465,0.8503305,0.54968935,0.7972169,0.7427528,0.7476115,0.7810253,0.9683856,0.5451777
GGGTAACAACACCACTGT,0.8786413,0.8605933,0.57816213,0.86980355,0.8243552,0.79397523,0.79536647,0.6026076,0.93880004,0.69457793,0.863701,0.97209436,0.89637035,0.9948733,0.98552364,0.821757,0.8938072,0.9220653,0.9217628,0.9192605,0.7233075,0.5692669,0.7925827,0.6751557,0.7044992,0.81971633,0.9948733,0.5692669
GGGATTCGGTCAACTCCG,0.9579282,0.92215514,0.7470225,0.8872102,0.3004553,0.66060543,0.9230068,0.34288526,0.51070243,0.8992937,0.643905,0.7236523,0.81561285,0.19482219,0.07591572,0.38371903,0.2891522,0.16273221,0.37590292,0.15951017,0.47397164,0.08868477,0.075524315,0.13251658,0.03598556,0.47131494,0.9579282,0.03598556
GGGTAACAAAATCAAAGT,0.9700862,0.9845968,0.8710694,0.98338073,0.92409945,0.8555871,0.93875784,0.7378196,0.9704653,0.90690607,0.91600055,0.98054993,0.93875057,0.99804527,0.9897026,0.8926837,0.930444,0.96732867,0.95744836,0.93181765,0.89502805,0.7877671,0.8726139,0.7568978,0.8237659,0.9112645,0.99804527,0.7378196
GGGGTATTACGACCTTTG,0.9750955,0.957419,0.20232499,0.91313845,0.92999446,0.8174321,0.87882733,0.70204294,0.8224839,0.62033856,0.8818108,0.95531416,0.79928637,0.9052142,0.5624526,0.61905503,0.39241433,0.47150865,0.5848584,0.522982,0.6171463,0.061721742,0.04487705,0.09048294,0.017215053,0.6138174,0.9750955,0.017215053
GGGAAACTAACAACGACG,0.9818722,0.9782644,0.96307415,0.9932672,0.9762423,0.6697429,0.9734216,0.8289221,0.9207276,0.9546936,0.84869987,0.9595183,0.90568453,0.9869215,0.9648566,0.890422,0.8997837,0.97168463,0.9642722,0.91399986,0.8380763,0.7989681,0.8566153,0.8165972,0.8238909,0.9072086,0.9932672,0.6697429
AGGAGCTACAAACATGAA,0.981741,0.8085142,0.8785975,0.9835408,0.94316584,0.9259158,0.8534432,0.688153,0.9476941,0.7625892,0.83055204,0.90848905,0.8837856,0.9456761,0.96101874,0.8766291,0.9056366,0.9340875,0.91191554,0.90533483,0.7637558,0.7182635,0.81884897,0.7601225,0.793516,0.86763936,0.9835408,0.688153
GGGTAACTACATCAATCG,0.9947013,0.9977825,0.96821904,0.9932193,0.9486445,0.8671223,0.96941483,0.8942064,0.9773115,0.93015015,0.88141257,0.97728074,0.90526813,0.9955018,0.97971046,0.85533804,0.82936025,0.89597684,0.90518653,0.8635545,0.73815143,0.28103304,0.5486758,0.30749616,0.36205256,0.8346707,0.9977825,0.28103304
GGGAATCGGTCATGTACT,0.9662928,0.940269,0.69333786,0.7322897,0.18788737,0.5510999,0.9361863,0.2711654,0.5583321,0.8246402,0.6072597,0.5250869,0.57679135,0.088037156,0.02045525,0.3326069,0.11530973,0.11130779,0.39638287,0.029635254,0.598719,0.10563964,0.07622946,0.20698762,0.07508902,0.42108157,0.9662928,0.02045525
TGGGTATTAACAACATTG,0.96941954,0.98530424,0.78629875,0.96635395,0.95980865,0.7803021,0.9054214,0.636291,0.7460199,0.73642635,0.925966,0.9804051,0.9397961,0.9991412,0.9867108,0.9041203,0.90312344,0.92582273,0.85548055,0.93376833,0.81690496,0.10131129,0.3120709,0.09548007,0.068560354,0.76881224,0.9991412,0.068560354
GGGGGGGAAAAAAAATTG,0.9719205,0.9618657,0.8754014,0.64523095,0.9603474,0.86518943,0.9308958,0.81525433,0.79497135,0.5920762,0.9798592,0.9958605,0.9908139,0.999893,0.99874693,0.8783243,0.9558044,0.95065963,0.9352189,0.96303165,0.9767588,0.9200704,0.9515976,0.8935793,0.9155303,0.9087561,0.999893,0.5920762
GGGTAAGGACACCACTGT,0.76942366,0.80102265,0.51307374,0.6935805,0.7524981,0.69449663,0.79300034,0.38976473,0.83785003,0.62457424,0.8981567,0.9738373,0.91917425,0.9978216,0.98743623,0.8115031,0.85361695,0.86452013,0.9149401,0.8884628,0.8266122,0.4903131,0.764915,0.6650494,0.63708264,0.7745091,0.9978216,0.38976473
GGGGGGGAACGTCAATTG,0.9583018,0.95212543,0.63390946,0.5502617,0.88043624,0.82426584,0.85019326,0.8076621,0.7992279,0.62710977,0.91087496,0.62881315,0.9657527,0.9110827,0.9794593,0.78284335,0.7745457,0.77766573,0.8207063,0.8705293,0.8905372,0.44038165,0.42615908,0.665761,0.4275781,0.7662474,0.9794593,0.42615908
AGGAAGGAAAATCAATAG,0.9552482,0.96138906,0.7984818,0.94540334,0.895816,0.79664266,0.90791124,0.858017,0.90426445,0.81476516,0.88196784,0.91890585,0.9119648,0.97048044,0.94644153,0.879655,0.89969,0.95964926,0.95521706,0.8670414,0.9076804,0.90033394,0.89519566,0.8614917,0.8884355,0.8992835,0.97048044,0.79664266
AGGTAGGGACATCATTTG,0.9840662,0.9865,0.7288352,0.8452202,0.85070205,0.7157228,0.8716384,0.6841348,0.7935793,0.8551615,0.84272206,0.7393871,0.7822565,0.8581946,0.80273515,0.7645902,0.5152084,0.552519,0.7415693,0.6067533,0.7560132,0.22377555,0.27133846,0.34027562,0.24341878,0.6942528,0.9865,0.22377555
AGGAACTAAAATCATGAA,0.97813714,0.9147775,0.88585514,0.99174076,0.91171116,0.9038457,0.9038307,0.79249084,0.91568625,0.81571895,0.78336424,0.80182517,0.7780752,0.88286144,0.8778737,0.78356934,0.7664579,0.9147463,0.9221618,0.6399961,0.74193406,0.72694224,0.8096676,0.7091044,0.80395424,0.8382531,0.99174076,0.6399961
TGGATCGTAACAACAGTG,0.949631,0.88813454,0.859291,0.9695601,0.55670273,0.66162777,0.8820899,0.35514444,0.7119793,0.825246,0.8556855,0.9320773,0.87655073,0.9919621,0.9653339,0.88910145,0.90795463,0.92403525,0.8100566,0.89854354,0.6990242,0.23095116,0.54128134,0.23895364,0.27453145,0.74781805,0.9919621,0.23095116
GGGTAACAACATCAAACT,0.99211013,0.9956428,0.9632875,0.9940792,0.96826375,0.8583324,0.95678747,0.87549716,0.9833354,0.9373816,0.9097662,0.98187304,0.9445173,0.9971536,0.9890755,0.90229857,0.9160179,0.9536019,0.9450045,0.938497,0.83016896,0.66939354,0.8325397,0.695174,0.76234293,0.91168576,0.9971536,0.66939354
GGGGGACAGCAGACAGAG,0.85965705,0.95230246,0.9703457,0.9678021,0.9802327,0.89619744,0.8902656,0.8670667,0.9505732,0.75465393,0.90039265,0.9605957,0.96390307,0.9991121,0.99495226,0.8782799,0.913333,0.90126294,0.8905478,0.9278197,0.89936596,0.7567125,0.86041474,0.85001755,0.8424569,0.9051306,0.9991121,0.75465393
GGGAAACTAACACCAACG,0.99106336,0.9882872,0.9575133,0.99638516,0.9660308,0.64769995,0.97902954,0.8071515,0.95886433,0.95207894,0.86341304,0.96598965,0.9152577,0.9878824,0.9711107,0.90393096,0.8974621,0.96677923,0.9640429,0.9197306,0.7988982,0.7720536,0.85027224,0.8057148,0.80076367,0.9050963,0.99638516,0.64769995
GGGGGCGAAAAAAAAGTG,0.94094914,0.8707829,0.9018474,0.85197103,0.9452976,0.88090587,0.9224231,0.6858819,0.88073194,0.54015183,0.9650732,0.99556255,0.98185784,0.99973834,0.99782556,0.86744654,0.9485463,0.94778794,0.9092031,0.95687,0.9611591,0.9043354,0.93748367,0.89218545,0.9027284,0.9035498,0.99973834,0.54015183
GGGGGGGGACATCATTTG,0.98265594,0.98661315,0.9261925,0.7742108,0.93348163,0.7117703,0.92424905,0.77539074,0.77637875,0.7610859,0.8760416,0.4043977,0.9643951,0.39474803,0.919068,0.7859165,0.63154054,0.5560534,0.72950923,0.8112557,0.8510959,0.27295095,0.1897196,0.52958554,0.18908215,0.7062955,0.98661315,0.18908215
GGGAAACTAACACCGACG,0.9895303,0.97523034,0.94062823,0.9960056,0.9693294,0.5719239,0.97105825,0.8015814,0.9415508,0.954083,0.81841964,0.95213246,0.873473,0.9829561,0.95894265,0.8608674,0.8703638,0.9579037,0.9544945,0.878971,0.7686447,0.7250026,0.8227252,0.7877018,0.782735,0.8842503,0.9960056,0.5719239
GGGGTATTACGACCATTG,0.94916683,0.9529137,0.29074785,0.9025503,0.924786,0.77332324,0.90597755,0.6975015,0.85532945,0.5705541,0.9050985,0.97126484,0.89618474,0.9822015,0.8649027,0.75904614,0.597021,0.6448132,0.67377687,0.71036524,0.73941636,0.10136479,0.13373093,0.15089726,0.052600622,0.6802215,0.9822015,0.052600622
AGGAGAGAGCAGACCACG,0.92904675,0.9035396,0.9183843,0.92657906,0.9608469,0.7743937,0.85867876,0.8493377,0.9514385,0.8950161,0.8182583,0.8498576,0.8993242,0.9641105,0.9300035,0.8639698,0.84571743,0.93261313,0.94344145,0.90097934,0.8559562,0.8322088,0.86795115,0.8652602,0.8567113,0.8877449,0.9641105,0.7743937
AGGAGCGAAAAACATGAA,0.98987496,0.82100666,0.93669295,0.987211,0.9212748,0.9315691,0.92146254,0.722522,0.92684263,0.850157,0.8851516,0.931494,0.9230913,0.97213596,0.972387,0.8822682,0.9199304,0.95230836,0.9309701,0.9302058,0.88964516,0.8845837,0.8953842,0.8763244,0.8835573,0.90952194,0.98987496,0.722522
AGGAGCGAAAAACAAGAG,0.9762486,0.83275354,0.8844171,0.97904515,0.9253509,0.903134,0.93098307,0.7353394,0.96258795,0.7528083,0.8797587,0.93506426,0.9283304,0.9719468,0.97362536,0.90042144,0.94314414,0.9691494,0.94621956,0.9569644,0.9032176,0.91458875,0.9181204,0.900871,0.90467566,0.9131507,0.97904515,0.7353394
GGGGGGGAAAAAACATTG,0.91309035,0.87316155,0.80537814,0.5295568,0.9148231,0.73698145,0.861301,0.70050323,0.629202,0.4590271,0.9737056,0.99342453,0.9871911,0.9998574,0.99832135,0.8727528,0.9479639,0.9409274,0.9261223,0.9615343,0.96858424,0.87846404,0.93543553,0.87733775,0.8926571,0.8630922,0.9998574,0.4590271
AGGAGCGAAAAACATGAG,0.9873722,0.84411246,0.9085525,0.9842789,0.93579435,0.89932984,0.9223633,0.74179435,0.93392706,0.83596927,0.8669689,0.92281884,0.9044184,0.9647282,0.9651115,0.8822682,0.9199304,0.95230836,0.9309701,0.9302058,0.882724,0.87783235,0.88884455,0.87153006,0.87836194,0.9053007,0.9873722,0.74179435
GGGTAAGGGCACAACAGT,0.63958126,0.8906677,0.7310818,0.62192786,0.8137346,0.7098134,0.8118339,0.6303887,0.88133794,0.6025536,0.91771215,0.94080186,0.9484974,0.9982031,0.9889043,0.853946,0.9044424,0.88468623,0.87525153,0.90945303,0.88812006,0.6028358,0.8289624,0.75159687,0.75685424,0.8153276,0.9982031,0.6025536
AGGAGCTAAAAACATGAA,0.9919531,0.8932997,0.9216949,0.98989797,0.95631,0.9431661,0.9170525,0.76175565,0.9625938,0.7936788,0.86499816,0.9191918,0.9021515,0.96578944,0.965437,0.87972987,0.91155404,0.9482892,0.9245396,0.8972234,0.8516251,0.8172549,0.8635828,0.80494547,0.8429281,0.8996257,0.9919531,0.76175565
GGGGGGGGACATCAATTG,0.9473432,0.98323715,0.9207669,0.71300745,0.93320006,0.6633981,0.9386019,0.8021474,0.87312335,0.6962918,0.91480833,0.6114034,0.97729284,0.7843708,0.98174113,0.83147115,0.7921085,0.73354775,0.8079635,0.89999276,0.8960952,0.43024254,0.4261852,0.6667362,0.41624442,0.7856529,0.98323715,0.41624442
CCGGGACCGCAGATCGAG,0.04091924,0.8832554,0.8329898,0.66873235,0.93314743,0.5131986,0.7454725,0.8237219,0.939171,0.73031235,0.027878493,0.25590244,0.69855636,0.61394787,0.8355521,0.4943112,0.5184652,0.50259423,0.5323052,0.57034624,0.18479669,0.35586497,0.44345647,0.6612308,0.6001466,0.5762509,0.939171,0.027878493
GGGAGCGAAAAAAAAGTG,0.9576583,0.872825,0.8812455,0.91028035,0.89631563,0.91084945,0.9453492,0.67122996,0.90689176,0.72088283,0.9455974,0.99022394,0.9671654,0.9986178,0.9926093,0.8803049,0.94629556,0.96154875,0.93100804,0.9443103,0.94962674,0.9226072,0.9335177,0.8994968,0.90900016,0.9138183,0.9986178,0.67122996
GGGATCCGGTCATGTCCT,0.9571022,0.6625727,0.48012787,0.6914274,0.059186563,0.609923,0.8709409,0.1880936,0.29556212,0.8003793,0.09520375,0.15730679,0.43788227,0.0049155504,0.0039233263,0.15490574,0.07987351,0.026858043,0.20100684,0.02085778,0.25294942,0.0745901,0.025968898,0.12387552,0.022646766,0.29192322,0.9571022,0.0039233263
GGGGGGGAAAGAACATTG,0.87226266,0.85422015,0.53205025,0.3805585,0.90107805,0.76864964,0.7654449,0.5950581,0.4712911,0.46534362,0.96805227,0.95534444,0.9816687,0.999373,0.99711686,0.8740861,0.9430967,0.9387822,0.9317153,0.95716983,0.96119475,0.83086675,0.9098437,0.8574562,0.86841315,0.8232055,0.999373,0.3805585
GGGTAAGGACATAATTTG,0.9892099,0.9966294,0.9250762,0.95808554,0.9614612,0.9014728,0.923474,0.81809396,0.8334089,0.90234244,0.9323233,0.9798468,0.93597597,0.9983765,0.98114073,0.883004,0.83429897,0.9345799,0.93020535,0.86558247,0.89527607,0.38897339,0.53332984,0.4410718,0.4258202,0.8467623,0.9983765,0.38897339
GGGGTACTACGACCATTG,0.97771513,0.9678127,0.60884905,0.96347684,0.93850887,0.7903048,0.9378038,0.7199343,0.90131605,0.7570994,0.88307637,0.9799879,0.91335386,0.9963899,0.98094165,0.79959446,0.78857774,0.81968504,0.8123401,0.87897235,0.6774032,0.18502766,0.27954692,0.30539834,0.161323,0.7609777,0.9963899,0.161323
GGGTGACGACCCAACAGT,0.8902479,0.9573036,0.9176976,0.92609364,0.9556917,0.812102,0.8972316,0.587929,0.94151914,0.7999779,0.9007985,0.98733526,0.956409,0.9984895,0.99453366,0.82053334,0.90331775,0.8753673,0.8615495,0.9568263,0.76119196,0.4375133,0.7640552,0.6813683,0.62573063,0.84843254,0.9984895,0.4375133
GGGATATTACGAACATTG,0.91284156,0.94740665,0.4151812,0.903427,0.88044816,0.8329246,0.8809818,0.6943478,0.7679706,0.6906168,0.8915468,0.96864104,0.8799756,0.99564767,0.9275214,0.81012005,0.72735316,0.8629669,0.77116567,0.6198319,0.8284225,0.214978,0.383177,0.23375161,0.23595412,0.73108786,0.99564767,0.214978
CGGGGACAACCGAACGCA,0.988879,0.976575,0.9788197,0.9918394,0.9861834,0.9303238,0.93886995,0.88041997,0.9886873,0.950596,0.86428666,0.96679544,0.9283718,0.9858518,0.9821677,0.82808226,0.91542375,0.92213565,0.91178954,0.94976026,0.7017395,0.6622973,0.8011891,0.8153392,0.7762925,0.9049088,0.9918394,0.6622973
AGGGGACCGCAGAACGCG,0.86433655,0.97189933,0.94547546,0.9432171,0.9753328,0.76590663,0.90765023,0.82483023,0.9752208,0.8492926,0.4334736,0.8575255,0.89990973,0.97472674,0.97222686,0.7812871,0.8535421,0.87057143,0.806551,0.89328986,0.7173312,0.6463204,0.78753465,0.8150447,0.79229087,0.8449915,0.9753328,0.4334736
AGGTAAGGACAGAACACG,0.9758358,0.98796374,0.9401732,0.9665959,0.97807276,0.83159673,0.9379364,0.8211643,0.9671236,0.8933606,0.86135685,0.9180362,0.9149157,0.9815212,0.95467573,0.9030204,0.92252237,0.9535269,0.95148724,0.9299037,0.8637368,0.7962318,0.87380576,0.81574136,0.8459692,0.911451,0.98796374,0.7962318
GGGGGACAGCAGAAAAAA,0.97307205,0.99131554,0.99295884,0.98509914,0.9929228,0.9424478,0.9376254,0.88316756,0.986958,0.8959902,0.95991606,0.99190944,0.9856397,0.9996811,0.99787337,0.89470637,0.93113047,0.92939496,0.9170993,0.94808346,0.94532657,0.8692438,0.9192445,0.8879274,0.8905013,0.94596946,0.9996811,0.8692438
GGGTAACAACCCCACTCT,0.98834246,0.960058,0.7822698,0.9807105,0.9427131,0.8056182,0.8627732,0.77664626,0.95448893,0.839197,0.85605806,0.9736757,0.9026935,0.99352854,0.9834887,0.7195955,0.844031,0.8888109,0.9125961,0.91372633,0.57331824,0.4605963,0.7408662,0.6098937,0.6044302,0.83480513,0.99352854,0.4605963
GGGGTATTACGAACATTG,0.88244134,0.951746,0.42487106,0.8252823,0.936467,0.824719,0.89091897,0.70546544,0.72363234,0.572087,0.92725265,0.98179144,0.9319964,0.9937267,0.9322895,0.805208,0.734333,0.80031466,0.7110145,0.7882328,0.84760976,0.146702,0.23552203,0.19268532,0.10079863,0.71468437,0.9937267,0.10079863
GGGATTCTAACAACTACG,0.99539304,0.98988485,0.95907193,0.99319005,0.9201252,0.73341787,0.9663496,0.61635864,0.82329386,0.9293977,0.891181,0.97781074,0.9215325,0.9964349,0.9794551,0.86539584,0.8394484,0.9093076,0.8561906,0.8609225,0.75469506,0.21248129,0.47897524,0.2238964,0.22760558,0.79687256,0.9964349,0.21248129
GGGTAACAAAATCAAACT,0.9908881,0.9936032,0.95136327,0.9947476,0.9723309,0.8395402,0.96231145,0.85467803,0.98367476,0.939111,0.9256145,0.9830055,0.95126504,0.99814296,0.9902232,0.9005449,0.9278129,0.9680646,0.95902324,0.94212794,0.89182293,0.7838807,0.8733863,0.75612605,0.8166022,0.92599565,0.99814296,0.75612605
CGGGGACAGCCGAACGCT,0.98416764,0.97053725,0.9671452,0.9826965,0.97937936,0.855786,0.87744147,0.85393333,0.98298055,0.92773706,0.6197404,0.8471908,0.9041249,0.9789056,0.97296566,0.7715389,0.83603984,0.8482951,0.8147345,0.9024356,0.5526106,0.51631504,0.7105702,0.77292085,0.72299,0.8461273,0.98416764,0.51631504
AGGTGAGGGCACAACGGT,0.35351864,0.7099688,0.7065083,0.46889,0.6352605,0.7089864,0.82907903,0.50641274,0.8467421,0.61285675,0.6931929,0.18732935,0.8853681,0.82005066,0.9041189,0.7869471,0.79433995,0.693031,0.670714,0.8519899,0.7955525,0.47616982,0.670732,0.69621783,0.65181416,0.67823166,0.9041189,0.18732935
GGGGGGGAACATAAATTG,0.9358307,0.9802107,0.92754436,0.6456371,0.9484104,0.83184785,0.9020096,0.8732625,0.7990163,0.68659186,0.9678154,0.9845029,0.98471195,0.99934345,0.99745715,0.87822914,0.92601824,0.9139533,0.8954759,0.94929886,0.95143986,0.6919277,0.8139112,0.7899253,0.76776534,0.88168544,0.99934345,0.6456371
TGGGGCGTAACAACATTG,0.9601454,0.94659436,0.93203837,0.9358751,0.92867297,0.69972116,0.8514856,0.53265727,0.73060006,0.70174867,0.9306468,0.97853565,0.96006024,0.9969835,0.9922802,0.8875285,0.9210487,0.8962135,0.81460965,0.9638493,0.8122985,0.24431157,0.5030208,0.37797645,0.26086146,0.79039073,0.9969835,0.24431157
AGGAGCAAAAAACATGTA,0.98542875,0.759403,0.8839952,0.9773088,0.91245043,0.8646601,0.85060495,0.59013176,0.90169173,0.87658143,0.85604805,0.9024211,0.8937897,0.94977677,0.9547945,0.87734944,0.92956746,0.95473915,0.94690394,0.9256082,0.8664324,0.8856946,0.8896006,0.8684575,0.87634075,0.88719124,0.98542875,0.59013176
GGGACACAGAGTCTAATG,0.7820146,0.95828474,0.35789156,0.9025421,0.87899446,0.68012875,0.899399,0.8202655,0.906013,0.9153087,0.8291471,0.9288979,0.791122,0.97198224,0.9186882,0.78308946,0.5460695,0.88140035,0.8803023,0.62338954,0.7596314,0.4971161,0.6483812,0.6831309,0.68939036,0.78130317,0.97198224,0.35789156
AGGTAGGGACATCAAAAG,0.9327831,0.98263717,0.92063016,0.93240106,0.94615096,0.6188725,0.9432562,0.8031686,0.9467792,0.82603365,0.88921803,0.93271697,0.9368945,0.9908757,0.97816104,0.8656133,0.8264277,0.8574023,0.8673,0.88252646,0.8783204,0.6236651,0.8380989,0.7202684,0.7929283,0.86932516,0.9908757,0.6188725
AGGGGAGAGCAGAACGCT,0.9392509,0.936388,0.94414395,0.89204013,0.9589989,0.8298951,0.883551,0.8302262,0.9258598,0.7841692,0.88164985,0.7221663,0.93988484,0.993021,0.9767258,0.8803292,0.88892233,0.92698884,0.9279089,0.9218926,0.9028168,0.80695194,0.87220174,0.8574734,0.8611451,0.8913841,0.993021,0.7221663
GGGTAACAAAGACAAAGG,0.9742247,0.97638655,0.55807114,0.9658733,0.95267475,0.88874793,0.9163485,0.6542942,0.9545987,0.8928387,0.91288817,0.9788769,0.9370765,0.99809194,0.99023837,0.9172473,0.94962746,0.97928226,0.968746,0.95146024,0.905152,0.85674673,0.9003257,0.8349021,0.8621306,0.907074,0.99809194,0.55807114
GGGATACTAACAACGTCG,0.99354756,0.9806109,0.9414182,0.9931221,0.9632962,0.7966568,0.9568419,0.8289472,0.87892914,0.9546433,0.85375416,0.9651258,0.8886761,0.9923544,0.96802354,0.8558244,0.8842929,0.94722986,0.93067807,0.8796166,0.77263385,0.44296855,0.731782,0.50871617,0.6244371,0.8613651,0.99354756,0.44296855
GGGAAACTAACAACGTCG,0.9883673,0.9784267,0.94320405,0.9900379,0.9665773,0.7613845,0.9527446,0.8234371,0.8664275,0.9551375,0.83653927,0.9538456,0.878661,0.98293346,0.9511047,0.85594827,0.8801141,0.96488816,0.96075475,0.8844346,0.806122,0.7239886,0.8187787,0.77312297,0.78637314,0.8913342,0.9900379,0.7239886
GGGTGAGGGCACAACAGT,0.60608244,0.897923,0.8642779,0.61127704,0.87640464,0.75103587,0.81304127,0.629176,0.91490686,0.63377523,0.9123867,0.6792315,0.96826416,0.97519803,0.98640853,0.8466665,0.8783495,0.77029335,0.7495011,0.92920405,0.881845,0.47808272,0.7120869,0.70421404,0.5762606,0.7858358,0.98640853,0.47808272
TGGATCCCGACAGCTGCT,0.9284556,0.7288622,0.41781312,0.9385207,0.11985452,0.46145666,0.7187124,0.117487244,0.71945274,0.8481588,0.16083269,0.6956063,0.68331486,0.87937546,0.662969,0.42119324,0.361828,0.18169808,0.47067913,0.25937375,0.1435074,0.14327838,0.15741618,0.17989577,0.10114964,0.46003562,0.9385207,0.10114964
GGGTAACAACATCAATCT,0.9950647,0.9963543,0.951564,0.99329984,0.94165224,0.907646,0.93964213,0.8761756,0.9713232,0.93793195,0.90256983,0.97939605,0.928253,0.9963811,0.9861721,0.8793931,0.8964538,0.94013184,0.93536913,0.91695535,0.79552144,0.55116916,0.78613216,0.59672683,0.70648366,0.8923105,0.9963811,0.55116916
GGGTAGGGACATAATATG,0.94896567,0.989561,0.91460705,0.85076624,0.9408503,0.68642837,0.92849225,0.7314252,0.76364034,0.8350463,0.9449941,0.9638657,0.9621877,0.9951342,0.98392814,0.88748455,0.83248526,0.90727144,0.87549704,0.89112556,0.9165474,0.41652504,0.5490927,0.5113234,0.4386807,0.826637,0.9951342,0.41652504
GGGTAACAACATCACTCT,0.99433297,0.99509686,0.91900426,0.98974055,0.9412967,0.87728417,0.9040245,0.8798506,0.9734472,0.89106214,0.879747,0.9749833,0.9082797,0.99534386,0.982086,0.8474795,0.8589065,0.91483706,0.91761774,0.90174407,0.7316591,0.46657676,0.7502022,0.5415366,0.6349738,0.86684453,0.99534386,0.46657676
GGGTAATTACGACCATCG,0.9782976,0.9664935,0.45356476,0.95681196,0.9068827,0.7452243,0.8814624,0.6875703,0.8784358,0.7021691,0.8722349,0.9686398,0.8680722,0.99658114,0.94693637,0.759601,0.64584833,0.839738,0.8292975,0.74648917,0.7395115,0.17219739,0.33662063,0.2153996,0.16990958,0.7305595,0.99658114,0.16990958
GGGTAACAAAGTCCAACG,0.97788334,0.9837501,0.7473391,0.99057895,0.95617056,0.7600411,0.91745585,0.79454744,0.9428875,0.9339526,0.87926733,0.9709224,0.9005515,0.9967165,0.9797336,0.86892,0.87970555,0.94726443,0.9544847,0.89412177,0.8290433,0.61491024,0.81046146,0.6813073,0.7506517,0.8785067,0.9967165,0.61491024
GGGTAACTAAAACAAACG,0.9939555,0.99448484,0.96413314,0.9933878,0.9782155,0.8301922,0.9844407,0.8269872,0.98228425,0.9101585,0.92670035,0.9847466,0.9564471,0.9983788,0.9915866,0.9213399,0.9395783,0.9763609,0.96061945,0.9580673,0.89409214,0.7624076,0.8803399,0.7350146,0.81363016,0.92630196,0.9983788,0.7350146
AGGAAGGAAAATCAAGAA,0.9306602,0.8982186,0.81842047,0.9529532,0.7859647,0.8153503,0.9139801,0.8138168,0.8719386,0.7872137,0.8792072,0.9144531,0.91848123,0.97381085,0.9541052,0.8723106,0.90734607,0.9580746,0.9547362,0.85905606,0.9146954,0.91840595,0.9111644,0.8822482,0.90482336,0.8924574,0.97381085,0.7859647
AGGAGCGAAAATCATGAG,0.98106694,0.9011056,0.9212539,0.9871126,0.9240792,0.9062167,0.92740285,0.79164773,0.92340136,0.84985256,0.839234,0.90329903,0.85755914,0.95108163,0.9406785,0.7976453,0.7743959,0.8905234,0.8862375,0.81957847,0.8488098,0.7777368,0.82982206,0.8081222,0.8309275,0.8747517,0.9871126,0.7743959
GGGATACTACCAACGTCG,0.99326915,0.96366924,0.92436594,0.9909992,0.95682067,0.7663955,0.9428575,0.8515533,0.8879966,0.94247615,0.8177687,0.9619903,0.8736531,0.9875441,0.9628087,0.7243156,0.829031,0.8855209,0.8891697,0.8300109,0.63677317,0.32076928,0.57430667,0.4142557,0.43612027,0.81457764,0.99326915,0.32076928
GGGGGACAGCAGACAAAG,0.8882201,0.9745157,0.98461545,0.9733966,0.9904859,0.8753177,0.92107296,0.89636445,0.9749483,0.8057368,0.9353495,0.9837122,0.97611004,0.99947673,0.99653435,0.889139,0.919282,0.91217786,0.8997953,0.943288,0.92036885,0.79539424,0.8851562,0.8638677,0.8564178,0.92242974,0.99947673,0.79539424
AGGGGAGAGCAGAACACG,0.96995914,0.9756727,0.96455604,0.92716044,0.9863768,0.8277283,0.9234287,0.89029634,0.97584033,0.8736239,0.90702116,0.9074639,0.9578011,0.995934,0.9852902,0.9033744,0.92111844,0.938638,0.9389657,0.9498805,0.91762525,0.8482941,0.8968835,0.8753919,0.87868226,0.92548025,0.995934,0.8277283
GGGGGGGAAAATCAATTG,0.9728346,0.97223717,0.8546049,0.7431567,0.9361203,0.81528556,0.91723055,0.84798366,0.8521561,0.689931,0.96869797,0.9849059,0.9810328,0.99963063,0.9973785,0.8488694,0.91432685,0.9053242,0.910311,0.939471,0.95658076,0.73170537,0.84580386,0.8010333,0.79221386,0.8871529,0.99963063,0.689931
GGGGGACAGCCGACCGAA,0.932867,0.9337492,0.9598663,0.9692441,0.97390395,0.8998872,0.84374803,0.805114,0.9460531,0.7951427,0.6919285,0.89380014,0.95502347,0.9979933,0.992869,0.7487247,0.78432703,0.8285714,0.8296509,0.8852368,0.77607495,0.56712717,0.75974107,0.8064557,0.75941265,0.85346055,0.9979933,0.56712717
GGGTAACAACACCACTCT,0.9737063,0.9562742,0.8348792,0.9693086,0.93345404,0.79999614,0.87448096,0.7925658,0.96176803,0.781603,0.8795942,0.9758099,0.91708446,0.9953121,0.9861607,0.84081596,0.8868029,0.9288664,0.92836416,0.9383667,0.70730937,0.5758909,0.79465824,0.6743526,0.69397986,0.86405617,0.9953121,0.5758909
GGGGAGGGACATCATTTG,0.9764419,0.98588276,0.8045239,0.78392917,0.9169867,0.6235521,0.9205245,0.76817405,0.7134558,0.7191761,0.9225192,0.8335909,0.9485691,0.97533524,0.9741854,0.8077737,0.68194085,0.72323596,0.822489,0.78926516,0.87517524,0.39095125,0.3567293,0.599689,0.354131,0.7707291,0.98588276,0.354131
CGGGGACAACCCAACGCA,0.94566685,0.9352097,0.960397,0.98290265,0.9811722,0.8550841,0.90802824,0.87483317,0.9835403,0.888119,0.8699741,0.97229546,0.93273234,0.9852953,0.9858742,0.8205716,0.9180854,0.90660876,0.9196338,0.96189255,0.64351845,0.64091766,0.7993965,0.80662495,0.7509807,0.8891742,0.9858742,0.64091766
GGGGGAGAAAGAACATTG,0.9380668,0.95029104,0.6956427,0.80568135,0.97221017,0.8813185,0.86487484,0.7101334,0.7593834,0.667757,0.9650679,0.9907634,0.9766881,0.99978447,0.99657094,0.90338266,0.9527255,0.9631522,0.9603601,0.9619189,0.9591723,0.88129216,0.920307,0.8719228,0.88795596,0.89745706,0.99978447,0.667757
GGGGGACAACCGAACGCA,0.9913067,0.98261905,0.9803962,0.9886166,0.9862524,0.9485004,0.94740576,0.8637394,0.9721872,0.92809653,0.91652083,0.9914645,0.96673334,0.9990654,0.9949672,0.8516361,0.9201017,0.93288726,0.92485255,0.9492973,0.86890846,0.7179852,0.8504002,0.83906823,0.8134642,0.92505896,0.9990654,0.7179852
GGGGTATAACGTCATTTG,0.9955176,0.99053353,0.40474954,0.95734453,0.970915,0.92232114,0.88225514,0.8602696,0.90216035,0.8079369,0.9140421,0.97664535,0.84203655,0.99077135,0.8885492,0.7088243,0.49545684,0.65487164,0.72427785,0.540005,0.75857574,0.09000903,0.08841591,0.13418476,0.043289073,0.70175827,0.9955176,0.043289073
GGCGGACAGACTCTAATG,0.8861141,0.98858285,0.8401601,0.96433085,0.9713387,0.54481876,0.9011049,0.9078828,0.9760444,0.933481,0.8363117,0.9616329,0.87589943,0.9874919,0.97627443,0.81573164,0.5618604,0.8159674,0.80443,0.8785206,0.6788554,0.3791442,0.5122303,0.62418854,0.5341671,0.8062626,0.98858285,0.3791442
TTGATCGTAACGACAGTG,0.82474595,0.7227223,0.64419115,0.9297954,0.43558857,0.5706575,0.705666,0.29099414,0.514004,0.7639787,0.6783651,0.701704,0.5844428,0.8589553,0.47347602,0.8431026,0.7478696,0.80488604,0.5564669,0.6300591,0.3361631,0.080602534,0.16051923,0.078865975,0.04641909,0.5593697,0.9297954,0.04641909
GGGTAGGGACATCATTTG,0.9869569,0.99009246,0.7790061,0.83669555,0.8630995,0.7331292,0.8994479,0.7037702,0.744996,0.821288,0.9149425,0.8861344,0.9172588,0.9510421,0.9122939,0.7841484,0.5981859,0.5591919,0.7441429,0.66817254,0.8194866,0.18645406,0.19262233,0.30548298,0.13003175,0.71712285,0.99009246,0.13003175
GGGATACTAACAACTACG,0.9957402,0.99204755,0.9694302,0.99691814,0.97488886,0.7912307,0.97553945,0.77189624,0.9359531,0.96229124,0.8888415,0.9752271,0.9263126,0.99496627,0.97988135,0.898618,0.90068597,0.9573021,0.93881166,0.9148653,0.79752576,0.5025809,0.77580816,0.5413572,0.6873961,0.8818447,0.99691814,0.5025809
TGGATCCGGTCATCTCCT,0.86734444,0.39091855,0.42676795,0.81317025,0.07862901,0.5123433,0.75006545,0.113480866,0.41523668,0.84451896,0.10235274,0.21786383,0.48808038,0.017140845,0.008104783,0.21168157,0.095885806,0.02177436,0.20629972,0.06266687,0.11165929,0.053251084,0.021343745,0.059901386,0.010022633,0.27602017,0.86734444,0.008104783
AGGAACGAAAATCCAGAA,0.8885942,0.6278992,0.7839249,0.98509467,0.6286277,0.7322699,0.81465536,0.6232558,0.8077299,0.7078478,0.77763116,0.80139506,0.829848,0.8877104,0.90290284,0.7858807,0.826747,0.93476456,0.93846637,0.8134081,0.798377,0.85142154,0.86351866,0.8493639,0.8559605,0.81269175,0.98509467,0.6232558
GGGTAAGGACACAACTGT,0.6985877,0.8981153,0.65218365,0.6484154,0.8180185,0.790589,0.78818095,0.4763927,0.7812565,0.6229708,0.9205707,0.9802079,0.94150275,0.99840957,0.98954403,0.886432,0.9150854,0.9270062,0.93355095,0.9268115,0.8802511,0.6094026,0.83004767,0.7226222,0.75481313,0.8156386,0.99840957,0.4763927
GGGATCCTAACAACAGCG,0.98599076,0.93252164,0.9501734,0.9922367,0.8486969,0.81777406,0.94808346,0.5325035,0.8930774,0.8613803,0.84325117,0.96575516,0.8931756,0.98802733,0.9734463,0.8342906,0.88797504,0.91681236,0.8706914,0.86768425,0.7009104,0.45181292,0.74323654,0.5481178,0.63413453,0.8352704,0.9922367,0.45181292
GGGTGAGGGCACAACGGT,0.4123944,0.7872109,0.7654771,0.45509434,0.668538,0.8019426,0.76684487,0.5456634,0.85785353,0.59064096,0.8345952,0.2734507,0.94970423,0.8842334,0.95594424,0.79910153,0.83805245,0.6998115,0.6771279,0.87877315,0.837497,0.40774935,0.5573663,0.6516245,0.4597819,0.6942589,0.95594424,0.2734507
GGGAGACAGAAGACAAAG,0.9183164,0.9568675,0.964606,0.9850571,0.98425907,0.9056416,0.92961556,0.8744087,0.9776699,0.8559218,0.9251968,0.9844999,0.96277833,0.9982663,0.9903932,0.9077328,0.94067013,0.9635887,0.9559153,0.9403829,0.9297372,0.9004604,0.91802365,0.8947752,0.897877,0.9385065,0.9982663,0.8559218
TGGATCGCAACAGCAGCT,0.9266332,0.78010267,0.64789045,0.92104995,0.09330392,0.4545229,0.72444177,0.09452993,0.7114719,0.76342726,0.77785784,0.90524673,0.84047985,0.9831972,0.95861053,0.80588,0.8165779,0.788221,0.6247656,0.75024647,0.49974108,0.29028076,0.59208524,0.39516842,0.40319633,0.66195714,0.9831972,0.09330392
AGGTAGGGACAGAAAACG,0.9478362,0.9737503,0.9211939,0.8847805,0.9604794,0.7032068,0.91326463,0.7508084,0.9023587,0.8558584,0.9014542,0.9152389,0.9472469,0.99155337,0.9762048,0.8864335,0.91708684,0.92366004,0.90528065,0.91627157,0.9091711,0.7946904,0.89541596,0.8258823,0.86248857,0.8952647,0.99155337,0.7032068
GGGTAATAACATCACTGT,0.9665288,0.9799192,0.48131338,0.8976008,0.8466228,0.8767142,0.7988331,0.73046136,0.94269645,0.72600204,0.88545054,0.9733552,0.883,0.99726045,0.9778938,0.8276659,0.80463254,0.8906424,0.88509405,0.75826466,0.80274236,0.3010988,0.5924721,0.3065778,0.38504344,0.7807154,0.99726045,0.3010988
TTGATCGTAACAACAGTG,0.8702447,0.6945594,0.6553311,0.9320686,0.4244546,0.5400568,0.72404146,0.25384924,0.5181574,0.71838117,0.79016364,0.831472,0.79396707,0.98189014,0.92102754,0.88388896,0.8833924,0.8967566,0.6916865,0.84532946,0.4751894,0.11261048,0.3533243,0.09522756,0.09238677,0.6391782,0.98189014,0.09238677
TGGAGCGTAAAAAAAGTG,0.95110244,0.92434734,0.91919136,0.94504666,0.8532859,0.8390264,0.94322,0.60737544,0.8578701,0.7786274,0.92132556,0.97081316,0.94966424,0.9975628,0.9863921,0.87936646,0.93622607,0.9496204,0.8915863,0.94309103,0.9040598,0.69612986,0.87287056,0.6741189,0.80554706,0.8798988,0.9975628,0.60737544
GGGGTATAACGACCTTTG,0.9891789,0.9445202,0.15560447,0.93144315,0.96319354,0.87113917,0.8099508,0.73284596,0.8243002,0.66180634,0.90934974,0.9814808,0.9030256,0.9985271,0.9830415,0.75462055,0.7164756,0.83397967,0.7929728,0.796828,0.7698116,0.16024111,0.2416685,0.24273019,0.118233636,0.7234787,0.9985271,0.118233636
GGGGGATAAAGAACATTG,0.9432119,0.96297216,0.5432553,0.8432592,0.98329854,0.8946946,0.85522413,0.71919584,0.7694261,0.5608042,0.959536,0.9932451,0.9702517,0.9997487,0.99586457,0.9006355,0.94109046,0.9580076,0.9376455,0.94025177,0.948525,0.7750268,0.88882613,0.79396915,0.8372532,0.8766087,0.9997487,0.5432553
AGGTAAGGACAGAATACG,0.99101174,0.9925096,0.96606356,0.9833748,0.9806509,0.86924464,0.9567885,0.8023719,0.9497503,0.9425608,0.8746697,0.92134356,0.91142845,0.9819573,0.9514223,0.9001675,0.907635,0.9552275,0.95025986,0.9087021,0.8704256,0.75663775,0.8545888,0.7779463,0.83559984,0.91169363,0.9925096,0.75663775
GGGGAAGGACATCATTTG,0.99022585,0.993853,0.90167636,0.9553568,0.9687061,0.7947132,0.9500389,0.8297161,0.8803234,0.83021426,0.9333134,0.9769522,0.9373375,0.9984563,0.9866821,0.8418229,0.76164037,0.8678327,0.9247821,0.84575033,0.88994646,0.513364,0.5781662,0.6704024,0.5625237,0.8553519,0.9984563,0.513364
GGGGAATTACGACCATCG,0.9620078,0.94771135,0.48699614,0.9423541,0.9393395,0.72215986,0.9073542,0.78452563,0.8175422,0.621006,0.897507,0.98042065,0.9140553,0.9980555,0.9788705,0.7909854,0.720169,0.88347095,0.883801,0.8382509,0.8325487,0.35522047,0.53729427,0.48513222,0.4275546,0.78617334,0.9980555,0.35522047
CGGGGACAGCCGAACGAA,0.97752655,0.97669286,0.9766788,0.98786056,0.9859534,0.9342075,0.90533936,0.8592555,0.9860698,0.90829307,0.72414136,0.9037917,0.929181,0.98635167,0.98277366,0.82693475,0.85771793,0.8733525,0.840041,0.9197234,0.67247534,0.613464,0.7792036,0.8079842,0.7785946,0.8797443,0.98786056,0.613464
AGGGGACAGCAGAACGCA,0.9663768,0.970601,0.97340345,0.9673768,0.9741883,0.90487444,0.91664094,0.84760237,0.9740477,0.9038525,0.8511827,0.93697876,0.93345094,0.98862696,0.9801017,0.87031084,0.89849895,0.9139193,0.89888364,0.926387,0.8574056,0.78472865,0.85528517,0.85400033,0.84341455,0.9116856,0.98862696,0.78472865
AGGAACGACAATCGAGAA,0.8377371,0.5579388,0.6882252,0.9400794,0.52201295,0.734052,0.7890986,0.61391795,0.8106405,0.5136343,0.7028392,0.7362115,0.7611812,0.8229613,0.865636,0.7977424,0.7927737,0.92951894,0.9124921,0.7564026,0.73559463,0.7866749,0.82664007,0.82374585,0.82888925,0.7634656,0.9400794,0.5136343
GGGAAACTGACACCGACG,0.98394394,0.95085424,0.87096035,0.9905895,0.932458,0.520016,0.95773816,0.80737066,0.9286626,0.938155,0.8056088,0.94287354,0.85440683,0.9808881,0.95021844,0.7451129,0.7627033,0.88357186,0.8921654,0.6686849,0.75785905,0.63299704,0.7871906,0.76453495,0.7609751,0.84282166,0.9905895,0.520016
GGGGTATAACGTCCTTTG,0.9847374,0.9691274,0.15549675,0.9361475,0.9471863,0.8651777,0.798087,0.82205236,0.8235896,0.7022145,0.87302876,0.9626806,0.7548227,0.9777005,0.77532595,0.55634457,0.3437649,0.4894007,0.6738302,0.41501212,0.6115018,0.07005535,0.051084742,0.10799011,0.023305597,0.6275866,0.9847374,0.023305597
AGGAGCAACAAACATGTA,0.962817,0.60818523,0.8251798,0.9605687,0.8864978,0.7940778,0.7498233,0.52294946,0.8851256,0.8498168,0.82165056,0.88936615,0.8765459,0.9248514,0.9503605,0.88719094,0.9278756,0.9542874,0.945688,0.9365293,0.7853389,0.82329077,0.8541052,0.840411,0.83492124,0.851898,0.962817,0.52294946
GGGTAACGACACCACTGT,0.83206755,0.8745924,0.6344413,0.8296029,0.7912394,0.73814183,0.8621087,0.47570306,0.922911,0.7479566,0.8639462,0.97195905,0.8958046,0.99495965,0.9853236,0.77169484,0.85875636,0.88420296,0.8776501,0.8968809,0.7171548,0.45192072,0.7498509,0.6343753,0.63535583,0.79594404,0.99495965,0.45192072
AAGTAAGGACAGAATACG,0.9727701,0.96877635,0.8993136,0.9288501,0.94555104,0.7737303,0.87016195,0.6697514,0.8513324,0.8835144,0.75248,0.62820935,0.7833378,0.7376672,0.78178674,0.8415662,0.8678755,0.93261224,0.94476926,0.6856075,0.80408496,0.7974839,0.84967184,0.78996164,0.84696764,0.8323133,0.9727701,0.62820935
GGGAAACAAAGTCCAAGG,0.90465456,0.94049907,0.42092392,0.9732399,0.83954936,0.7326545,0.89553976,0.66435134,0.8911759,0.90174806,0.8319803,0.9472938,0.8544531,0.98624796,0.9535139,0.8533346,0.87071204,0.9586136,0.9674169,0.8130586,0.85533243,0.8241898,0.85921127,0.8374206,0.8389156,0.8566413,0.98624796,0.42092392
AGGTAGGGACATCATATG,0.96639544,0.9820101,0.8440485,0.8862289,0.90478146,0.6377991,0.9175252,0.68537587,0.8491661,0.88216597,0.8646298,0.8531426,0.8744646,0.9573174,0.92585295,0.83464205,0.61102724,0.6917968,0.79424864,0.73980325,0.8222621,0.3477833,0.48569208,0.47132304,0.45478624,0.7713708,0.9820101,0.3477833
GGGGTATAACGACCATTG,0.9770464,0.93956083,0.21891752,0.92299294,0.9614605,0.8406838,0.8460756,0.6954896,0.84886926,0.610701,0.9201419,0.98620665,0.93038803,0.9991238,0.99116814,0.83855337,0.8459526,0.8809718,0.84628105,0.8831476,0.8475829,0.287282,0.503109,0.38870615,0.3022827,0.77250785,0.9991238,0.21891752
GGGAGCGTAACAACAGTG,0.94435817,0.8951789,0.9263615,0.9357718,0.82343453,0.7361487,0.9149951,0.4963686,0.79300183,0.7830639,0.9021768,0.9789334,0.93402815,0.996673,0.98479176,0.868047,0.91365445,0.93150735,0.8824621,0.9348754,0.8786286,0.62264377,0.8163397,0.75587976,0.77302736,0.8568941,0.996673,0.4963686
GGGGGATAACGACCATTG,0.9652556,0.9420677,0.44025278,0.89370924,0.9748066,0.8471735,0.84451246,0.75707245,0.8654922,0.5635183,0.93303883,0.98722595,0.9521559,0.99938554,0.9941879,0.8521234,0.87198776,0.8947821,0.87083566,0.91209114,0.8890584,0.5062265,0.7018892,0.67593306,0.605642,0.829617,0.99938554,0.44025278
GGGATATTACCAACATTG,0.9757092,0.9739608,0.7393068,0.9662489,0.9209634,0.8034912,0.906438,0.7493638,0.8396479,0.773749,0.8894131,0.9754175,0.9067465,0.99543273,0.97149366,0.8244852,0.81068504,0.86583453,0.82305497,0.7493914,0.77396554,0.2161644,0.45385477,0.22101022,0.24237338,0.774728,0.99543273,0.2161644
GGGGTATTAAGAACATTG,0.914122,0.9696396,0.3814266,0.8556036,0.9474536,0.82947284,0.9143551,0.67218727,0.71961665,0.55654335,0.9436787,0.9863773,0.94278276,0.9988879,0.9762885,0.8683375,0.840659,0.9178384,0.8673463,0.8410409,0.9118699,0.24353613,0.43224752,0.2578496,0.20676449,0.759837,0.9988879,0.20676449
GGGTAACTACAACAATCG,0.9965543,0.996609,0.96387374,0.99128026,0.9587482,0.88876265,0.97338444,0.8394134,0.97756064,0.9060778,0.90334034,0.98126835,0.935735,0.9967561,0.9877931,0.9089138,0.91630214,0.9565665,0.94012725,0.9425249,0.8056987,0.51822346,0.7904886,0.5546516,0.6946005,0.8930101,0.9967561,0.51822346
TGGATCCGGACAACTGCT,0.97482353,0.7986349,0.84338474,0.9827676,0.48404238,0.796128,0.86061794,0.23321538,0.7091776,0.9263986,0.7180109,0.8125959,0.8441154,0.9529941,0.8806446,0.6363968,0.7108037,0.4997087,0.5734263,0.5802327,0.3748905,0.16811657,0.2957735,0.24910134,0.17414188,0.6432058,0.9827676,0.16811657
GGGTAACAACCCAACTCT,0.98611283,0.9811259,0.8647159,0.97567797,0.9583878,0.86960053,0.8532583,0.77535504,0.9268087,0.83751965,0.8819151,0.9776372,0.9278153,0.9949018,0.98597074,0.84025747,0.89016306,0.9313949,0.9414978,0.9458055,0.6907052,0.5599325,0.786834,0.6653534,0.6865663,0.8694125,0.9949018,0.5599325
TGGATCCTAACAACAGCG,0.9834348,0.9267295,0.94460416,0.9941378,0.83527184,0.77348894,0.9309689,0.50239176,0.8817774,0.91617316,0.8007597,0.9133898,0.8621596,0.98072106,0.9623323,0.8603086,0.9038457,0.9153682,0.8613121,0.8990451,0.49851033,0.26141998,0.6286223,0.25712782,0.348812,0.78570855,0.9941378,0.25712782
TTGAGCGTAACAACAGTG,0.8410372,0.7090709,0.78382856,0.8939779,0.7088421,0.57564867,0.7360818,0.34067902,0.60570604,0.74262184,0.82729435,0.8879355,0.87041837,0.9890097,0.9591171,0.8822536,0.90705955,0.913401,0.7878514,0.92547256,0.65060264,0.22014429,0.5624493,0.23047164,0.26158184,0.7125023,0.9890097,0.22014429
GGGTAACTACAACCGTCG,0.989419,0.97543085,0.88390535,0.9844334,0.9404937,0.69529104,0.9274913,0.7937642,0.927405,0.8314197,0.82852674,0.9650114,0.8671881,0.99343926,0.9750156,0.8243254,0.8549668,0.915189,0.9150566,0.88495207,0.6794338,0.3264981,0.6302187,0.41971874,0.44593754,0.81898135,0.99343926,0.3264981
CCCCCCCCCCCCCCGGCC,0.0020200019,0.000539808,0.16228448,0.46660173,0.24025084,0.015351056,0.3553596,0.30560458,0.50239784,0.41542676,6.953663e-06,0.00095180626,0.37108722,0.35161513,0.40181988,0.01623057,0.36546057,0.08943604,0.30876854,0.29979387,0.0010962511,0.43539765,0.47458053,0.4239938,0.41786125,0.25695747,0.50239784,6.953663e-06
AGGGAGGGACATCATTTG,0.9708988,0.98059374,0.75730056,0.7945782,0.9090141,0.61433226,0.890117,0.7465632,0.7586317,0.7745271,0.86533445,0.7337554,0.8777569,0.9397377,0.93329895,0.79618245,0.61206776,0.7210889,0.8224693,0.7474184,0.8413256,0.45019832,0.45974284,0.64139897,0.5280275,0.76665443,0.98059374,0.45019832
TGCATCGCAACAGCAGTT,0.60382545,0.55617106,0.38871893,0.7900267,0.01664447,0.40195027,0.7006063,0.072946995,0.7564876,0.738703,0.5405511,0.56231123,0.6291453,0.80454355,0.8442455,0.71303064,0.7522039,0.6078291,0.39385247,0.62941283,0.21544294,0.23878399,0.46545407,0.2901729,0.33284274,0.5218361,0.8442455,0.01664447
GGGGGGGAACATCAATTG,0.96800095,0.9769585,0.89100385,0.70622194,0.92625767,0.77702385,0.9118228,0.8655345,0.88610715,0.66290796,0.95730585,0.97134334,0.9781542,0.99848354,0.9968055,0.8537051,0.89847285,0.85357726,0.867686,0.9370501,0.92378277,0.5713429,0.68781734,0.74212617,0.635957,0.8578178,0.99848354,0.5713429
GGGTGACGACCCAACGGT,0.7986063,0.9088763,0.851255,0.8905218,0.89398766,0.8503642,0.86755073,0.4985717,0.9202688,0.7784695,0.8222026,0.97530955,0.93417835,0.99760574,0.991877,0.7500542,0.88116074,0.85247266,0.8258033,0.9424769,0.6749514,0.37103257,0.6477297,0.63339597,0.51200473,0.802829,0.99760574,0.37103257
GGGTAACAACAACAAACT,0.9943688,0.99315476,0.9561763,0.99210125,0.97355866,0.8693946,0.96345454,0.8119644,0.9793891,0.9035877,0.92423326,0.98468566,0.9614888,0.997786,0.99274164,0.92920023,0.9496996,0.976167,0.962786,0.9684657,0.87588984,0.80922264,0.8914841,0.81277996,0.8262902,0.93200284,0.997786,0.80922264
TGCAGCGCAACAGCAGTT,0.5386554,0.54379505,0.52609515,0.6989087,0.051800024,0.28711563,0.6320313,0.08752869,0.7764375,0.76330006,0.53263324,0.6746642,0.71951467,0.85121065,0.89856654,0.70624024,0.8021457,0.67440754,0.49116424,0.80346894,0.35155508,0.38841167,0.6520934,0.5743859,0.60232276,0.5851381,0.89856654,0.051800024
AGGAGGGAAAATCAATAG,0.97634053,0.9665946,0.91401225,0.94566095,0.9335976,0.8854931,0.9301122,0.9028546,0.94247216,0.8456743,0.91382426,0.96352786,0.9446362,0.99209005,0.97790164,0.88107944,0.9118622,0.9477303,0.9468744,0.92479575,0.92476547,0.8750068,0.8951299,0.8527426,0.87964547,0.9229771,0.99209005,0.8456743
AGGAAGGGACATCAAAAA,0.91559124,0.9677498,0.94814414,0.9564712,0.91945225,0.66066515,0.9592043,0.8463706,0.9401519,0.8794069,0.88804257,0.93249685,0.9379944,0.974085,0.964535,0.86828583,0.8533019,0.9128501,0.9178845,0.834348,0.8932341,0.8542011,0.8854925,0.85667086,0.8699133,0.8974617,0.974085,0.66066515
GGGGAGGGACATCAATTG,0.9299736,0.9820908,0.79244286,0.71929574,0.9094194,0.5492877,0.9242536,0.7667397,0.7937625,0.6390673,0.94060874,0.91760427,0.96373516,0.9948032,0.99115264,0.8530516,0.8277856,0.83465433,0.8742285,0.8868352,0.9102045,0.56508934,0.6346676,0.72841996,0.6270376,0.82224846,0.9948032,0.5492877
GGGGGGGAAAATAAATTG,0.95056707,0.9763498,0.8985324,0.6840263,0.955784,0.86039585,0.92188203,0.8414557,0.7436886,0.6814901,0.975124,0.9911561,0.986694,0.9997802,0.99781585,0.873033,0.9358459,0.9411894,0.9264989,0.95022887,0.97002864,0.8284194,0.90954226,0.8358742,0.8653018,0.90002817,0.9997802,0.6814901
GGGATACTAACAACATTG,0.9903016,0.9895037,0.92955923,0.98974955,0.94904256,0.8367193,0.9538496,0.7422159,0.8893918,0.90933836,0.8938989,0.97514284,0.9199929,0.9947612,0.9794863,0.9092629,0.91513926,0.95819485,0.93029886,0.9019789,0.81096894,0.49243778,0.7745996,0.5189004,0.67825806,0.8733198,0.9947612,0.49243778
AGGAGCAACAAACATGAA,0.9758698,0.70437235,0.90350944,0.9866936,0.9398756,0.897867,0.8118786,0.67829734,0.9192571,0.8683317,0.83356047,0.9023829,0.9043451,0.9392852,0.9629207,0.90456754,0.93363625,0.96127313,0.9529235,0.9466737,0.81130195,0.8531052,0.8743763,0.8620521,0.85829055,0.88746595,0.9866936,0.67829734
AGGAAAGAGCAGACAACG,0.9175463,0.91924804,0.8918369,0.9506576,0.94419926,0.754006,0.8936421,0.8299397,0.8940882,0.87967783,0.80311847,0.83950496,0.87542915,0.91631263,0.8907991,0.899752,0.89436424,0.96329874,0.9633177,0.85124,0.86462784,0.8935999,0.8933762,0.8880467,0.88911057,0.8880296,0.9633177,0.754006
GGGATACGGACATCGACG,0.9526065,0.8449054,0.6924826,0.9486065,0.8697678,0.6159346,0.8951738,0.6175299,0.8039666,0.9215694,0.83338517,0.926919,0.87458956,0.98893756,0.9410205,0.74004924,0.7281241,0.8258085,0.7046063,0.6308876,0.761019,0.40542376,0.5619064,0.5920156,0.54971296,0.769078,0.98893756,0.40542376
TGCATCGCCACAGCAGTT,0.25018543,0.2357151,0.2305025,0.62704146,0.010654228,0.26839456,0.48240414,0.065226674,0.68810296,0.6545848,0.09144689,0.3773525,0.571502,0.7125116,0.7285861,0.4839908,0.61441165,0.24393067,0.22126378,0.42085284,0.10261756,0.19407953,0.28826413,0.22314395,0.19940282,0.3594467,0.7285861,0.010654228
GGGGTAGAACATCATTTG,0.9957549,0.99295115,0.86339146,0.9699493,0.9678797,0.8767881,0.9228985,0.86769414,0.91635567,0.869899,0.9393419,0.9902445,0.9449013,0.9992924,0.9922416,0.85063744,0.8443741,0.8588514,0.8846682,0.8867304,0.8790933,0.29306218,0.428669,0.38936874,0.27559352,0.8280252,0.9992924,0.27559352
AGGAACGAAAATCAAGAA,0.95106876,0.8472286,0.87968385,0.98661315,0.7960783,0.8731733,0.91066986,0.7310525,0.9070345,0.82004166,0.82541883,0.84917784,0.8705486,0.9167047,0.9265239,0.8465871,0.8726297,0.9542565,0.9459,0.8513641,0.8535676,0.8888542,0.88685477,0.8676627,0.8837989,0.87769973,0.98661315,0.7310525
AGGAAGGGAAATCAATAG,0.93968886,0.9718854,0.8503017,0.94525075,0.9171797,0.7104278,0.94904697,0.81135434,0.8813285,0.8072503,0.88770235,0.91978204,0.911683,0.97369504,0.945579,0.86012703,0.84476846,0.93766505,0.9402383,0.80421984,0.9091149,0.8675107,0.882567,0.8478713,0.87541986,0.88766634,0.97369504,0.7104278
AGGGGGGAAAATCAATAG,0.96549106,0.9678899,0.9254631,0.9075268,0.96356356,0.8596466,0.910528,0.8980167,0.9353035,0.78206104,0.94344795,0.9783177,0.96920913,0.9985653,0.99326134,0.866245,0.9138183,0.9280344,0.9258759,0.9463788,0.94410455,0.8344381,0.89694726,0.8435657,0.8716114,0.91877246,0.9985653,0.78206104
AGGGAGGGAAATCAATAG,0.9301892,0.97377455,0.85260886,0.9075178,0.9562195,0.6555356,0.9170471,0.8231859,0.85543764,0.71901006,0.9252587,0.94683266,0.9496727,0.99575204,0.98419744,0.8654324,0.8584855,0.922545,0.9327329,0.9123382,0.93180573,0.82863,0.883703,0.8378137,0.8669326,0.8893065,0.99575204,0.6555356
GGGGTATTACGTCCTTTG,0.96317714,0.9756318,0.2127238,0.9188901,0.88919526,0.804679,0.8654917,0.7925266,0.8185186,0.66430706,0.67640334,0.84996617,0.46807125,0.13903543,0.028430961,0.35187298,0.123618394,0.111525096,0.43302628,0.1562751,0.42157158,0.03134507,0.00842437,0.045857247,0.003413862,0.47015917,0.9756318,0.003413862
GGGAAACTAACTCCAACG,0.9866721,0.99218345,0.9573802,0.997056,0.9578141,0.6206026,0.9766994,0.8748673,0.9554607,0.9535759,0.8360449,0.9593753,0.87793976,0.9837585,0.9545806,0.8527104,0.79337513,0.9392034,0.9501296,0.8496062,0.7315392,0.62021697,0.77744085,0.6966978,0.7317908,0.87306887,0.997056,0.62021697
ACGGGACCGCAGATCGAG,0.04038731,0.8998742,0.76996434,0.5489159,0.92679125,0.58591,0.8236767,0.8036925,0.8976051,0.6817945,0.03360281,0.28460133,0.68216157,0.62365025,0.8298102,0.526069,0.4461728,0.6566868,0.5404912,0.46505314,0.35627174,0.4599661,0.60792226,0.72414297,0.7010192,0.59664935,0.92679125,0.03360281
TTGAGCGCAACAACAGTT,0.6845022,0.57556075,0.76698107,0.84768826,0.57482713,0.54672813,0.5398991,0.14915133,0.55217797,0.6985877,0.82504654,0.8977562,0.8881385,0.9857109,0.9723432,0.8805354,0.9173177,0.8968462,0.7142162,0.93342024,0.5886097,0.33595246,0.73783594,0.4061255,0.4883241,0.6961713,0.9857109,0.14915133
GGGTAATTACGTCATTTG,0.99147385,0.9947134,0.4816116,0.9418122,0.9019186,0.88766986,0.90617585,0.81127137,0.874712,0.7987386,0.8596798,0.9497138,0.50575984,0.8975254,0.19480036,0.5279715,0.22961026,0.4484764,0.6613351,0.22940145,0.5916645,0.04631413,0.031647265,0.061665405,0.01472052,0.5936154,0.9947134,0.01472052
AGGTAAGGGCACAACAGT,0.57576615,0.8438114,0.66945416,0.6303015,0.787853,0.6593514,0.84405017,0.6024507,0.880181,0.6774571,0.84415585,0.8321259,0.894418,0.9751225,0.95720315,0.85106814,0.8859029,0.8877056,0.8776918,0.8947975,0.8321229,0.66148347,0.83565074,0.7698274,0.8007452,0.79882795,0.9751225,0.57576615
TGGATCGTAACGACAGTG,0.93122274,0.8923914,0.8546085,0.96952844,0.5678799,0.6943857,0.87816197,0.37151965,0.7129432,0.8592047,0.8008918,0.875017,0.7922234,0.96383125,0.8297877,0.85339373,0.8101701,0.869407,0.7114278,0.7553808,0.57053524,0.15525627,0.2904708,0.19009963,0.14986844,0.69398415,0.96952844,0.14986844
GGGTAATTACGACCATTG,0.9541764,0.964805,0.27438685,0.89549696,0.8836379,0.7436329,0.85270554,0.6296893,0.8398046,0.594099,0.87558,0.9669362,0.84309375,0.9961419,0.93333435,0.7672946,0.6499877,0.82719046,0.8072193,0.7006703,0.73957354,0.14392875,0.25996664,0.17918111,0.12798063,0.6980206,0.9961419,0.12798063
GGGATCCGGACAACTCCT,0.97107786,0.77608496,0.80120724,0.96540684,0.6034507,0.77099776,0.9019,0.30288067,0.6328191,0.8855503,0.8273058,0.9473004,0.8995486,0.9862932,0.9582249,0.6406301,0.754105,0.6614935,0.64498174,0.71085465,0.6020036,0.32072458,0.5301446,0.54688424,0.4369635,0.7231533,0.9862932,0.30288067
GGGATCCTAACAACAGTG,0.96715146,0.9316839,0.91296464,0.98125607,0.7781155,0.7620066,0.9300565,0.3926646,0.8635461,0.79161394,0.8484457,0.96498615,0.8799686,0.9877309,0.97254854,0.8585637,0.888295,0.91284525,0.86534727,0.8636133,0.7080398,0.41012308,0.70135516,0.48716372,0.57219267,0.8092911,0.9877309,0.3926646
GGGATACTGACAACGACG,0.98367804,0.96123964,0.9180938,0.9889987,0.9369494,0.6503282,0.9592194,0.80130154,0.90387386,0.9453083,0.8545725,0.9627658,0.9014684,0.9937541,0.9698333,0.79146117,0.78818,0.87097156,0.8444753,0.73856795,0.7983738,0.45013735,0.721928,0.5783433,0.6358319,0.8379862,0.9937541,0.45013735
AGGAGCGAAAAAAAAGTG,0.9510967,0.83294624,0.8482123,0.9131506,0.8853465,0.87118685,0.9305421,0.6022718,0.91864777,0.77971625,0.89153975,0.93887657,0.930215,0.9725199,0.9675164,0.87879086,0.9384784,0.96349514,0.9335729,0.9393178,0.9218043,0.9303178,0.92514783,0.9021127,0.9125928,0.8991765,0.9725199,0.6022718
AGGAGCTACAATCGTGAA,0.95780665,0.8140088,0.8271819,0.9619975,0.86006427,0.84820724,0.8672395,0.6829979,0.8920895,0.53885704,0.67993355,0.80739635,0.68347657,0.858111,0.86582935,0.64978766,0.49138442,0.7045393,0.7707973,0.42583266,0.63103753,0.37626156,0.5481737,0.5215643,0.5981617,0.7145095,0.9619975,0.37626156
GGGGAAGGACACCATTTG,0.94707704,0.95104086,0.7914175,0.87997323,0.9651958,0.68677944,0.9101138,0.7024435,0.81082076,0.70138884,0.93217146,0.98326904,0.94405556,0.99868536,0.99199307,0.83251244,0.88276994,0.89219195,0.9343768,0.9279498,0.88192624,0.6219547,0.7821136,0.7764227,0.7427861,0.8588571,0.99868536,0.6219547
TGGATCCCGACAACTGCT,0.9570082,0.80545914,0.75864214,0.9856134,0.6188825,0.7120327,0.7926996,0.22317004,0.7723418,0.92614174,0.63919914,0.8749976,0.820222,0.9653266,0.9485583,0.60746,0.7444748,0.5425394,0.65321296,0.7284281,0.23422882,0.1840961,0.3356675,0.22872944,0.18573494,0.6497947,0.9856134,0.1840961
GGGTAACTACGTCAATCG,0.993682,0.99553573,0.8746613,0.9879058,0.9295836,0.8780956,0.95502186,0.88112336,0.9656826,0.9302607,0.85589355,0.96888036,0.8567669,0.99305487,0.9423176,0.73781425,0.632566,0.81426215,0.87165487,0.72602004,0.6602454,0.18165408,0.29927126,0.24461012,0.19033386,0.77467597,0.99553573,0.18165408
AGGAAGGGACATCCAACG,0.8817097,0.9184572,0.8119875,0.9333833,0.8448998,0.3230566,0.8887956,0.7033605,0.7985594,0.8497842,0.8147053,0.8555898,0.87580854,0.94019616,0.91709584,0.8343087,0.773846,0.86631036,0.9042599,0.79285485,0.8267985,0.75160605,0.8283152,0.8149941,0.81393045,0.8225846,0.94019616,0.3230566
GGCATTCGGTCATGTCCT,0.8577116,0.6633564,0.23871171,0.51019996,0.011694497,0.46612155,0.81954503,0.1783352,0.2516468,0.730109,0.044151973,0.036100086,0.12385935,0.00014048119,0.00015507419,0.0888436,0.045434322,0.015730398,0.10801532,0.008053382,0.11109308,0.040664617,0.0108343195,0.059235852,0.0074007506,0.21708576,0.8577116,0.00014048119
TGGATCGCAACAGCAGTT,0.8342047,0.7576083,0.6030368,0.8348726,0.05126821,0.43212372,0.7389301,0.07845134,0.70468205,0.69315577,0.7837182,0.90227264,0.82197124,0.982575,0.956681,0.83486867,0.8173377,0.7757959,0.6149197,0.7468168,0.50084555,0.25595984,0.5038167,0.33738345,0.32716733,0.6356185,0.982575,0.05126821
GGGTAACAACCCAACAGT,0.9287952,0.9480966,0.7827284,0.94227356,0.9340202,0.7993337,0.8482739,0.6544326,0.9228548,0.7355471,0.87708765,0.97730637,0.92981845,0.99565655,0.9885142,0.8625687,0.91818017,0.9431274,0.94571906,0.94892776,0.75405025,0.6627172,0.82971627,0.7439737,0.7461699,0.8647956,0.99565655,0.6544326
TTGGGCGTAACGACATTG,0.8435865,0.82364815,0.80879706,0.83917433,0.88706964,0.56637526,0.6732459,0.43923128,0.57127196,0.66519463,0.7822911,0.7969086,0.8897171,0.72442603,0.78574514,0.8502169,0.7764318,0.7227166,0.5667443,0.87290263,0.5282691,0.085202314,0.14031565,0.12125338,0.043103643,0.6321536,0.8897171,0.043103643
AAGTAGGGACATCATACG,0.96349525,0.94754374,0.7518385,0.80802965,0.79950356,0.44589365,0.8225789,0.62305444,0.7155335,0.79355764,0.7031496,0.46729282,0.73379904,0.6571142,0.7558159,0.69796854,0.5725736,0.564401,0.7804015,0.4165108,0.73376906,0.46298304,0.70006263,0.5793076,0.7073224,0.68814003,0.96349525,0.4165108
GGGTAGGGACACAATACG,0.93533033,0.9598542,0.9096611,0.8506586,0.95544,0.63020515,0.92774796,0.7112914,0.8139012,0.7850172,0.94376844,0.9759908,0.9694963,0.9989841,0.9941313,0.88565874,0.91609305,0.9070242,0.8777361,0.9433863,0.9081592,0.56806517,0.81029385,0.7163289,0.69881713,0.8637216,0.9989841,0.56806517
GGGTGACAAAAGCCAAAG,0.94655687,0.9616471,0.9557433,0.99195933,0.9869942,0.85992044,0.95277876,0.85092497,0.98889494,0.83660823,0.9293382,0.9902126,0.96350145,0.99941766,0.99551487,0.85833395,0.927923,0.9470009,0.9199031,0.9400907,0.9021256,0.7665731,0.8851525,0.8069457,0.82794046,0.91968,0.99941766,0.7665731
GGGTAACAAAAACAAAGT,0.9798138,0.9765217,0.8463591,0.978375,0.93840295,0.86780757,0.93591326,0.62981284,0.97114176,0.86650515,0.92883295,0.98362845,0.9577567,0.99846834,0.99321055,0.921277,0.95838404,0.9823043,0.96998227,0.96508163,0.91998565,0.8808061,0.9183901,0.8474098,0.8741128,0.9236113,0.99846834,0.62981284
AGGGAGGGAAATCAATTG,0.93256164,0.9697344,0.66182506,0.762914,0.91359323,0.5787187,0.90387666,0.7335967,0.7723507,0.71828365,0.9194141,0.93033034,0.93346494,0.9939987,0.97681224,0.8502473,0.8299012,0.8985324,0.9192768,0.8790762,0.9236496,0.77314204,0.85377586,0.8106091,0.84220773,0.8512757,0.9939987,0.5787187
GGGAGCGTAAAAAAAGTG,0.9566343,0.9318395,0.9276323,0.9260512,0.869651,0.8554618,0.96049315,0.65974426,0.88476187,0.69079024,0.9391863,0.98780525,0.9606181,0.9984605,0.9904279,0.8597886,0.92542034,0.9445397,0.89712965,0.9262977,0.9370252,0.8345129,0.8977562,0.8295865,0.8635816,0.8982078,0.9984605,0.65974426
AGGAAAGAACAGACAGCG,0.88869876,0.8466561,0.85756916,0.96178526,0.87045807,0.8003371,0.88218933,0.74861455,0.7846978,0.8321005,0.76224715,0.8065443,0.8390594,0.89349437,0.8671298,0.87448114,0.9176276,0.968409,0.96711075,0.8565817,0.85379666,0.90401435,0.8948972,0.8900451,0.8921036,0.86642593,0.968409,0.74861455
GGGATACTACGACCATCG,0.9918203,0.9668169,0.7654679,0.99161094,0.9100368,0.84456533,0.9596383,0.8058507,0.9253597,0.89856434,0.8379703,0.9622081,0.86629146,0.9899683,0.9629322,0.7883451,0.7754381,0.8738049,0.8695304,0.7931862,0.6600368,0.30274212,0.5344356,0.41862628,0.40942234,0.8041867,0.9918203,0.30274212
GGGGGGGTAACAACATTG,0.94787407,0.96296436,0.92095715,0.7256873,0.91265994,0.6560806,0.88729966,0.67269343,0.6014103,0.57149357,0.95996577,0.9651883,0.9813282,0.9957226,0.9958964,0.87901825,0.92668253,0.9115397,0.89172345,0.9628771,0.9281768,0.51197624,0.68939126,0.6914154,0.54506874,0.8278037,0.9958964,0.51197624
GGGGGACAGCCGAACGAA,0.98218656,0.98274213,0.9787433,0.98208374,0.9860272,0.9460436,0.9036629,0.8417285,0.97694325,0.8560293,0.86167926,0.95078284,0.9670904,0.99875206,0.9949378,0.85219026,0.87261796,0.89184654,0.8714647,0.9203291,0.85687065,0.6712819,0.82614213,0.8316223,0.8112131,0.90460044,0.99875206,0.6712819
AGGTAGGGACATCATACG,0.98798776,0.9873314,0.9130416,0.9539462,0.9360258,0.67634416,0.938815,0.77426046,0.88199186,0.92191476,0.86336464,0.87103355,0.895339,0.9704433,0.9409559,0.8298387,0.67177856,0.71363723,0.8085009,0.7759657,0.8194996,0.3934105,0.5770635,0.5312482,0.5334188,0.80668616,0.98798776,0.3934105
GGGTAACTAACACCGACG,0.9920016,0.9835915,0.9389601,0.9950972,0.9731254,0.6006068,0.95589703,0.74979436,0.9393845,0.927629,0.8495981,0.96912926,0.89178747,0.99545556,0.98072594,0.86326975,0.881105,0.9425336,0.93328494,0.9164328,0.7436824,0.4599088,0.7642017,0.56509244,0.6547413,0.85868156,0.99545556,0.4599088
GGGTAACAAAATCAAAGG,0.97071534,0.98730254,0.82578063,0.9820332,0.9416841,0.8635157,0.9527445,0.81281435,0.97752255,0.91244394,0.9076472,0.9799586,0.93457085,0.9979438,0.98927206,0.8926837,0.930444,0.96732867,0.95744836,0.93181765,0.89510626,0.7992233,0.8759558,0.76955014,0.83098096,0.9154595,0.9979438,0.76955014
TGGATCGCAACAACAGTG,0.89308274,0.8598853,0.78193605,0.9513346,0.55687654,0.69461584,0.82065994,0.2557193,0.7663149,0.8225197,0.8365889,0.9339543,0.8830991,0.98841447,0.9754392,0.88880324,0.9162171,0.90931624,0.748451,0.91077834,0.6446471,0.37422165,0.7359993,0.43955272,0.54037523,0.76515216,0.98841447,0.2557193
GGGTAACTAAAACCGACG,0.98347604,0.9671074,0.90224105,0.9913956,0.964966,0.587281,0.9581534,0.76516557,0.9407022,0.8766316,0.8737059,0.9719196,0.90828884,0.996969,0.9838396,0.8717621,0.89732224,0.95785165,0.9445896,0.92143035,0.83079183,0.5934717,0.8170195,0.6442892,0.7459964,0.8758548,0.996969,0.587281
GGGAAACTGACATCGACG,0.9327294,0.84187376,0.7320043,0.9435466,0.85912246,0.5026513,0.892088,0.73917365,0.8537239,0.907027,0.80928284,0.9378786,0.8354149,0.9785837,0.92198426,0.6976124,0.58428603,0.8568978,0.8583738,0.5152013,0.77573425,0.5364523,0.7378547,0.6892913,0.7298492,0.7867454,0.9785837,0.5026513
GGGTAAGGACACAACAGG,0.72220016,0.93623054,0.73189825,0.7722084,0.9297753,0.71586233,0.87260187,0.6546217,0.89384127,0.62752134,0.9187543,0.98342484,0.95224875,0.99872595,0.9917177,0.902322,0.93618065,0.9437592,0.94439065,0.94993997,0.89717305,0.7361853,0.87383395,0.79675883,0.8196106,0.8600715,0.99872595,0.62752134
GGGTAACAAAATCAAACG,0.9906758,0.9948015,0.9484306,0.9946477,0.98081106,0.8607978,0.97245973,0.9001061,0.9878628,0.9405357,0.91863257,0.98265547,0.94811845,0.9980627,0.98989487,0.9005449,0.9278129,0.9680646,0.95902324,0.94212794,0.89204985,0.7944698,0.876939,0.76956356,0.8237243,0.93051255,0.9980627,0.76956356
GGGTAATAACATCATTCG,0.99766856,0.99663615,0.86813056,0.98992383,0.97073364,0.9063262,0.9103623,0.9129281,0.9642597,0.91659844,0.89957476,0.97711027,0.89631104,0.9973771,0.9776233,0.8227603,0.7786492,0.8923269,0.88990223,0.76973593,0.8035883,0.24978133,0.4945476,0.24354897,0.2971532,0.8169423,0.99766856,0.24354897
AAGTAGGGACATAATACG,0.9299183,0.95438206,0.8205547,0.7544696,0.8531461,0.54266727,0.80785596,0.6502253,0.650999,0.8204455,0.7835102,0.67479885,0.81632596,0.76486367,0.81500393,0.82112026,0.7578109,0.8745118,0.8718387,0.6313667,0.8141948,0.5891627,0.7966867,0.6558021,0.785706,0.7694947,0.95438206,0.54266727
GGGTAACAACATCAATCG,0.9951254,0.9968629,0.94756216,0.993179,0.9615579,0.90523475,0.9542149,0.9088075,0.98063946,0.9383875,0.89306676,0.978827,0.92326593,0.9961797,0.98565793,0.8793931,0.8964538,0.94013184,0.93536913,0.91695535,0.79889476,0.57061297,0.7914235,0.61958385,0.7216064,0.8971599,0.9968629,0.57061297
GGGGTATAACGTCCATTG,0.9666611,0.96454585,0.22383541,0.9281433,0.93888015,0.83600265,0.83575463,0.79607546,0.8616813,0.67297226,0.8967089,0.974975,0.87455755,0.9953025,0.94368887,0.7243818,0.5514528,0.6568676,0.7507768,0.6106958,0.7400843,0.122866124,0.15313388,0.18443193,0.075344965,0.6911926,0.9953025,0.075344965
TGGAGCGTAACAACAGTG,0.93876284,0.8844805,0.91704684,0.95390505,0.80602205,0.69500077,0.8804048,0.43547142,0.7634336,0.85076874,0.8775783,0.95554197,0.9162076,0.99458414,0.97817075,0.8881536,0.92593044,0.9350239,0.87309784,0.9504955,0.7999939,0.4106139,0.72743696,0.5079826,0.5573511,0.81693834,0.99458414,0.4106139
AGGTAAGGACACAACAGT,0.6637528,0.8861777,0.75996435,0.7954849,0.8903416,0.7040982,0.8685327,0.56372654,0.8849457,0.70023096,0.85906136,0.91796046,0.90789384,0.9795303,0.96711755,0.9027388,0.92751986,0.9471696,0.9468266,0.94420016,0.8368749,0.76580346,0.86216956,0.7970866,0.82303286,0.84408957,0.9795303,0.56372654
AGGAGCTACAATCATGAA,0.97168475,0.88394797,0.89786476,0.9863634,0.9377473,0.92809075,0.8884036,0.7115433,0.9317704,0.7802562,0.79549885,0.884876,0.8278001,0.9247533,0.9322223,0.7644489,0.700022,0.8104336,0.847232,0.7157562,0.6904044,0.49262378,0.72261333,0.59146255,0.7068706,0.81298757,0.9863634,0.49262378
GGGTAACTAAAACCAACG,0.9862869,0.98496544,0.9325949,0.9925478,0.96290374,0.6943221,0.9713464,0.76697165,0.9604112,0.8752178,0.90597034,0.9803724,0.940138,0.9978258,0.9886762,0.9083005,0.91997105,0.9671535,0.95584077,0.94853,0.8572928,0.67244476,0.8500549,0.6851592,0.7722358,0.89910144,0.9978258,0.67244476
GGGATACTAACAACTTCG,0.9975772,0.99199754,0.95047766,0.99599826,0.96187216,0.8572839,0.9575956,0.79044104,0.89664006,0.9603063,0.87927246,0.971575,0.90400594,0.9933014,0.97265136,0.8528989,0.87366635,0.94267607,0.92914754,0.8844318,0.7576262,0.3680632,0.6722529,0.40576598,0.51030403,0.8511131,0.9975772,0.3680632
GGGATTCGGACAACTCCG,0.9746435,0.93284786,0.7717479,0.94509107,0.6252823,0.76633036,0.9263637,0.37847275,0.6033633,0.9096864,0.8643032,0.944777,0.9132939,0.9743034,0.875959,0.67788845,0.6781038,0.6656027,0.5967886,0.60407925,0.67310584,0.20410119,0.34519142,0.3326666,0.20355429,0.6955019,0.9746435,0.20355429
TGGAGCGCAACAACAGTT,0.8733594,0.81952584,0.8998891,0.9352997,0.6948013,0.71995926,0.7524647,0.20771399,0.7821429,0.8217387,0.8750199,0.96228105,0.9248801,0.99265593,0.9844906,0.88661075,0.9312718,0.92066044,0.8310725,0.95426923,0.75620013,0.5354973,0.79733545,0.69056803,0.7212812,0.81083953,0.99265593,0.20771399
GGGGGACAGCCGACCGAG,0.9178176,0.94328266,0.94097316,0.9624271,0.98026305,0.8640608,0.84568447,0.8498013,0.9466569,0.7549463,0.5731923,0.8484549,0.94400865,0.99695355,0.9911999,0.7487247,0.78432703,0.8285714,0.8296509,0.8852368,0.74465835,0.5420858,0.72006303,0.79745394,0.7387441,0.8391696,0.99695355,0.5420858
AGGAGAGAGCAGAACACG,0.98015803,0.9765587,0.95744544,0.9557249,0.977306,0.85286015,0.93819565,0.8870872,0.98050094,0.9222875,0.86220944,0.912416,0.92586774,0.97489595,0.94988203,0.91183627,0.91648054,0.95668674,0.95519924,0.928095,0.890551,0.87841314,0.89510655,0.88254154,0.8846279,0.9261175,0.98050094,0.85286015
TGGATCCTGACAACTGCT,0.98038346,0.82463586,0.86289704,0.9873307,0.44874072,0.7454888,0.8559261,0.30449006,0.763346,0.9194941,0.71540475,0.86705244,0.7995623,0.93867576,0.7241285,0.534893,0.4276775,0.19264255,0.5568061,0.3311531,0.26950064,0.1088633,0.15423475,0.1187308,0.06615093,0.57992834,0.9873307,0.06615093
GGGTAACTACCACCGTCG,0.99484825,0.9745002,0.8688202,0.9903459,0.9550275,0.67772204,0.9167528,0.7803822,0.92407817,0.890157,0.77870953,0.9612943,0.8447308,0.9901738,0.9699061,0.65617657,0.78313017,0.8183629,0.87970406,0.8311252,0.46721858,0.23379919,0.46201664,0.33907527,0.28197926,0.77080137,0.99484825,0.23379919
GGGTAAGGACACCATTTG,0.972906,0.9706325,0.76706576,0.91097945,0.94019663,0.7744244,0.8952861,0.641437,0.8283138,0.7897338,0.91415817,0.9774986,0.92050725,0.99785244,0.9874769,0.81622565,0.8440668,0.86300004,0.9085406,0.88739514,0.8302087,0.38983676,0.6172779,0.5387605,0.46461034,0.8179357,0.99785244,0.38983676
GGGAGACAGAAGCCAAAG,0.934542,0.92946684,0.92778623,0.9895026,0.97636276,0.8467789,0.9427023,0.8655072,0.9835807,0.85793173,0.9061705,0.980114,0.94827396,0.99764025,0.98830575,0.85597986,0.91165566,0.94082844,0.94287455,0.90669894,0.9037019,0.8528564,0.8931089,0.87699777,0.86961776,0.9211594,0.99764025,0.8467789
GGGATACTACCAACATCG,0.99487007,0.9843175,0.95751977,0.994092,0.9488567,0.8585803,0.9611899,0.8453799,0.92912006,0.93220633,0.86635005,0.9738475,0.91838473,0.99162346,0.97642225,0.84151953,0.874514,0.9181611,0.9041157,0.88231826,0.7035409,0.40886882,0.720948,0.48183948,0.57950854,0.85792375,0.99487007,0.40886882
GGGACACAGAGTCTAAAG,0.85032094,0.9688322,0.57313496,0.9628081,0.92820495,0.7216051,0.91609573,0.8951563,0.94492525,0.92241186,0.8410231,0.94173396,0.8388582,0.9790308,0.94642866,0.7831254,0.594141,0.88598675,0.8871753,0.65303326,0.79432064,0.5942792,0.7602103,0.74099857,0.75590724,0.82718986,0.9790308,0.57313496
GGGATACTAACAACGACG,0.9898876,0.9808398,0.9636151,0.99550015,0.9752414,0.69840103,0.9732513,0.8229951,0.9266232,0.9545829,0.86561686,0.96962136,0.9141355,0.9942884,0.9768423,0.8920606,0.9061975,0.9590811,0.93699706,0.9108716,0.81046337,0.5805608,0.80162334,0.63924223,0.7402421,0.88715124,0.99550015,0.5805608
AGGAAGGGACATCAATAG,0.9326027,0.97866106,0.89206505,0.9350948,0.90502834,0.64613855,0.9427546,0.8238692,0.90029883,0.80317837,0.8602044,0.9005235,0.89844006,0.95626324,0.93815875,0.8623055,0.8017173,0.90562046,0.9107637,0.7857122,0.86706346,0.77669024,0.83757305,0.814935,0.8342075,0.8683948,0.97866106,0.64613855
AGGGGAGAGCAGATCGCG,0.67828524,0.9442353,0.8966124,0.7590464,0.94771034,0.76069826,0.8485248,0.8723033,0.8917714,0.84334695,0.7757363,0.35609686,0.88838696,0.96272165,0.94011056,0.83431953,0.6342338,0.8507342,0.8954882,0.76816994,0.8606027,0.6837316,0.73882353,0.80546814,0.8084415,0.8098238,0.96272165,0.35609686
ACGAGAGCGCAGACAGAG,0.11635828,0.64126354,0.7285028,0.64929956,0.81240314,0.5296722,0.7772173,0.6987878,0.8059141,0.6594345,0.2088906,0.17192999,0.69170153,0.49882454,0.7708182,0.6685176,0.5667018,0.8290732,0.62988746,0.43710914,0.6410769,0.7281291,0.7994845,0.83059096,0.8140717,0.6282264,0.83059096,0.11635828
CGGTGACAACCGAACGCA,0.99176747,0.9836851,0.9724959,0.9928575,0.98094076,0.9388757,0.938124,0.84942967,0.99166864,0.96425474,0.8338098,0.933113,0.8986047,0.97758985,0.97267944,0.79854065,0.90901667,0.90727437,0.86723465,0.9467495,0.5447138,0.5002024,0.7503194,0.68683004,0.6966763,0.87309813,0.9928575,0.5002024
TGGATCGTAACAACATTG,0.98068666,0.9483132,0.86041164,0.97496516,0.71541274,0.71370924,0.8871665,0.4609571,0.70123994,0.83005965,0.8781816,0.9437224,0.89461637,0.99303615,0.9689917,0.89909536,0.89922744,0.91846424,0.80482084,0.90061754,0.69403744,0.18540615,0.47601584,0.18902576,0.20869781,0.75707513,0.99303615,0.18540615
GGGGGGGGAAATCAATTG,0.9598489,0.97965723,0.8882544,0.7474393,0.94055074,0.6891492,0.9380956,0.7738283,0.82598466,0.7031292,0.959334,0.83825845,0.9806127,0.9752148,0.99293226,0.82553494,0.8334949,0.84205365,0.87421024,0.90674025,0.9446536,0.61836046,0.6654918,0.7470956,0.6279505,0.84311503,0.99293226,0.61836046
AGGAAGGGACAGCCAGCG,0.7606562,0.58728814,0.63347316,0.8496928,0.6391079,0.425119,0.8087364,0.53233486,0.56935924,0.69465005,0.6744244,0.3887001,0.8101809,0.9050344,0.87284374,0.6628519,0.75340205,0.85739017,0.8622587,0.54437834,0.8182351,0.77155095,0.83498394,0.8458911,0.8366076,0.7175661,0.9050344,0.3887001
GGGTAACTACGACCATCG,0.9884234,0.97681665,0.7568435,0.9837704,0.9196432,0.79978114,0.93669975,0.7139298,0.92287964,0.85823226,0.85008186,0.9679649,0.8767663,0.9941425,0.97426414,0.7951453,0.8018647,0.88870156,0.8965239,0.87338114,0.6759037,0.2982149,0.5618446,0.4107665,0.3969498,0.8047813,0.9941425,0.2982149
AGGAAAGGACAGAAAACG,0.966566,0.9853317,0.96342665,0.9809105,0.97712857,0.8259669,0.97107714,0.84650373,0.9434306,0.93184865,0.86278254,0.9013618,0.9197869,0.9465921,0.9310149,0.90581244,0.9217729,0.96791565,0.96745586,0.89505845,0.9023773,0.9251892,0.91727406,0.90405005,0.9116223,0.92689043,0.9853317,0.8259669
GGGTAACGACCCAACAGT,0.89996886,0.95552546,0.8292442,0.92719656,0.9249073,0.76639193,0.89769214,0.5688663,0.91184276,0.77805316,0.8802655,0.9775023,0.92986995,0.9956692,0.9885436,0.8263048,0.89540154,0.9166162,0.9196551,0.9355567,0.7542518,0.55745447,0.79513645,0.7110263,0.7177685,0.85042846,0.9956692,0.55745447
TGGATCCCGACAACTCCT,0.9459852,0.7585436,0.6818908,0.9777739,0.6626129,0.5934387,0.7776013,0.23624536,0.7167067,0.9045456,0.68923956,0.8945856,0.8550428,0.9683778,0.9533036,0.6547393,0.78390926,0.6292614,0.69531476,0.8376488,0.22838438,0.20049696,0.40009716,0.23707211,0.20377986,0.6594637,0.9777739,0.20049696
GGGTAACTAAATCAAACG,0.99084634,0.99638826,0.9698889,0.99502736,0.9746978,0.782943,0.9827465,0.8861082,0.9821203,0.9299563,0.9116772,0.98162216,0.93622094,0.9978665,0.9867273,0.88910973,0.8909274,0.95199144,0.9427761,0.9128563,0.85973555,0.5479722,0.8096135,0.5334443,0.72635794,0.8947849,0.9978665,0.5334443
GGGAAACAGACTCTAATG,0.96249056,0.99256605,0.8395732,0.98306143,0.9536654,0.6163285,0.9469519,0.9080972,0.95949155,0.9521478,0.8563758,0.9570062,0.867231,0.9849283,0.95629746,0.8600373,0.6494887,0.9268346,0.9401939,0.7934314,0.80180043,0.64715517,0.7819105,0.7485197,0.7611243,0.86586833,0.99256605,0.6163285
GGCAGACGGACACTAACG,0.97248405,0.9827134,0.9020579,0.9844299,0.9311737,0.646705,0.9483921,0.8283655,0.9740976,0.969905,0.83505684,0.91517574,0.8716764,0.95311344,0.9576361,0.8219817,0.849966,0.90005726,0.80563956,0.8634536,0.72813654,0.62845355,0.7738666,0.78559667,0.7610999,0.86364937,0.9844299,0.62845355
TGGATCCCAACAGCAGCT,0.9467893,0.87663513,0.7456237,0.9678388,0.23283559,0.54515207,0.8123401,0.112917,0.8233233,0.8587666,0.69508857,0.88015616,0.80898505,0.9637115,0.9539885,0.7541387,0.8567922,0.7820255,0.7967649,0.8235385,0.31978,0.2901638,0.61386204,0.3610359,0.4148811,0.6894854,0.9678388,0.112917
GGGATACTACCAACATTG,0.9890684,0.98241806,0.91290516,0.9867034,0.93971676,0.8216964,0.9405216,0.76750565,0.88376856,0.88512725,0.869697,0.9732146,0.9094006,0.9915087,0.9761174,0.8464077,0.8771561,0.91334236,0.8908629,0.8672807,0.7096706,0.3640235,0.67079043,0.423325,0.50970125,0.8360772,0.9915087,0.3640235
AGGAACTACGATCGTGAA,0.9172755,0.7196919,0.6846134,0.919275,0.7263679,0.7952479,0.85134614,0.74520797,0.82791954,0.46626648,0.3943949,0.42959362,0.340627,0.54720396,0.4904305,0.5426552,0.2807614,0.7262084,0.7755448,0.18025942,0.5094803,0.34500808,0.5062814,0.5146729,0.61287516,0.59396845,0.919275,0.18025942
TGGAGCGTAACAACAGTA,0.94876796,0.85808814,0.94250506,0.9648678,0.76135117,0.75133157,0.87382406,0.35243335,0.7196678,0.85651034,0.89581776,0.96118385,0.9346864,0.99589545,0.98290455,0.8881536,0.92593044,0.9350239,0.87309784,0.9504955,0.8176949,0.44067526,0.7698534,0.53608817,0.60834366,0.8218077,0.99589545,0.35243335
AGGTAAGGACACAACAGG,0.6640804,0.91020113,0.6696256,0.77843785,0.91797316,0.6810885,0.8822255,0.6564014,0.9047429,0.7121986,0.84535104,0.9143843,0.9001479,0.9781458,0.9662504,0.9027388,0.92751986,0.9471696,0.9468266,0.94420016,0.8378281,0.7778179,0.86600965,0.8057775,0.830385,0.84670097,0.9781458,0.6564014
GGGTAACTAACACCGTCG,0.9948155,0.984103,0.8989231,0.9926938,0.96124446,0.6893158,0.9260839,0.7597604,0.909321,0.9227183,0.835829,0.9646047,0.8611451,0.9939313,0.97485435,0.81429034,0.85256535,0.9238656,0.9253277,0.8847184,0.6887661,0.33075854,0.64103794,0.42549157,0.45576,0.8244771,0.9948155,0.33075854
AGGAAGGGACAGCAAACG,0.92989624,0.9236854,0.87144715,0.9171572,0.9250201,0.58125156,0.94804436,0.755166,0.9018281,0.8854323,0.85414624,0.8716805,0.90923995,0.9596554,0.94275093,0.84991986,0.88767356,0.92443043,0.9153241,0.8134889,0.8821163,0.86287934,0.8887188,0.8783678,0.8783054,0.8783051,0.9596554,0.58125156
TGGATCCCGTCATCTCCT,0.76965004,0.39123362,0.31820512,0.8348305,0.13243373,0.43367323,0.625427,0.11429597,0.5292294,0.8373196,0.07779895,0.6115425,0.5595533,0.29250795,0.058506407,0.18865138,0.11601268,0.02622973,0.26458338,0.121194795,0.05866299,0.064693294,0.0308394,0.058266025,0.013511846,0.3011541,0.8373196,0.013511846
GGGTAATAACATCATTTG,0.99584424,0.99606043,0.7512732,0.97527874,0.96412414,0.9164702,0.88999975,0.8627383,0.94989496,0.84032494,0.901904,0.97658384,0.8829193,0.99732494,0.97662234,0.83120537,0.7881999,0.88976294,0.880311,0.7556646,0.8070056,0.20487855,0.40793887,0.2035738,0.2267901,0.7949076,0.99732494,0.2035738
CGGTAACAACCCAACGCA,0.9669937,0.95346093,0.8863424,0.98517704,0.9563693,0.8355013,0.90557367,0.7921545,0.9746833,0.88888526,0.7881099,0.8621775,0.856751,0.937802,0.9547256,0.78062344,0.8982394,0.9207944,0.9297344,0.9421156,0.42121676,0.58930856,0.7655844,0.69331443,0.6920144,0.84710616,0.98517704,0.42121676
GGGATTCGGTCAAGTCCG,0.9816416,0.96354073,0.78545266,0.8438185,0.21355711,0.6849008,0.9653387,0.41748407,0.45931458,0.8516317,0.5038318,0.3952786,0.6680473,0.025824865,0.011906065,0.34915736,0.2562229,0.16557111,0.31590682,0.06469171,0.49384812,0.0787611,0.054308902,0.12834907,0.032193888,0.42842317,0.9816416,0.011906065
AGGAAAGAACAGCCAGCG,0.91872585,0.7764353,0.7359296,0.97357744,0.802821,0.73602176,0.8877093,0.72522897,0.851765,0.81047636,0.71458524,0.7448256,0.78753287,0.86710244,0.84867686,0.7589985,0.87416565,0.95022887,0.95767987,0.7614905,0.7923629,0.86483985,0.869701,0.873124,0.8631396,0.8298857,0.97357744,0.71458524
GGGATCCGGTCAACTCCT,0.95338696,0.74358326,0.7787077,0.927659,0.28032538,0.6647732,0.8963168,0.25181353,0.52638805,0.8889939,0.51028895,0.7901189,0.8514318,0.63500416,0.36598516,0.3412365,0.37800947,0.16262007,0.41510785,0.24096772,0.39745122,0.14981908,0.15579243,0.25874877,0.10698409,0.50686055,0.95338696,0.10698409
CGGATCCCGTCATCTCCT,0.74924713,0.33672276,0.30049467,0.83379626,0.17418578,0.4272102,0.68188477,0.13534796,0.647077,0.8002853,0.038113147,0.2967345,0.45490238,0.17867301,0.06201433,0.1152579,0.10372171,0.024144517,0.22984965,0.10574521,0.037742745,0.10946004,0.057945088,0.11689873,0.044624038,0.2824831,0.83379626,0.024144517
GGGTGACAGAAGAAAAAG,0.967745,0.98977643,0.9764199,0.98410136,0.99244016,0.9402006,0.9481897,0.8828253,0.99033904,0.8652438,0.9529064,0.9913119,0.9783228,0.9996335,0.9967232,0.9050645,0.948509,0.9551297,0.9299541,0.95786124,0.94509816,0.86497355,0.92182446,0.84678257,0.8815196,0.9445158,0.9996335,0.84678257
GGGGGGGAAAAACAAGTG,0.9487757,0.883476,0.8301832,0.67598206,0.9073609,0.8038967,0.8931121,0.7465851,0.85648006,0.5177812,0.9696803,0.98950815,0.9852301,0.9998319,0.99839634,0.8826565,0.95921963,0.9539261,0.94148976,0.9687971,0.9671413,0.89013547,0.93877673,0.88764805,0.9019223,0.89191973,0.9998319,0.5177812
TGCAGCGCAACAACAGTT,0.67665654,0.6398242,0.7992034,0.9148873,0.41829714,0.5739441,0.68552864,0.18617868,0.82108504,0.8491071,0.7769315,0.8049458,0.81831497,0.9008399,0.94195884,0.8113522,0.91384476,0.87575465,0.6446213,0.92817086,0.48548543,0.49701515,0.7402324,0.63297015,0.6777227,0.7205949,0.94195884,0.18617868
GGGATTCGGTCATGTCCG,0.9591506,0.887258,0.44167656,0.5687473,0.06313289,0.6323773,0.932335,0.26774123,0.3175996,0.7923374,0.15756716,0.09884171,0.30157253,0.0007405988,0.00046330437,0.17961897,0.05829027,0.027082585,0.18101208,0.013696763,0.31815132,0.04192653,0.011487933,0.06891022,0.007336298,0.29316217,0.9591506,0.00046330437
GGGAAACTGACTCCAACG,0.9803464,0.9869935,0.911654,0.99300843,0.90763247,0.5655824,0.9660021,0.86863416,0.9539266,0.9452314,0.82377344,0.95204026,0.86004305,0.9813458,0.942865,0.723769,0.47800007,0.80909806,0.87667227,0.55977046,0.7227346,0.49558663,0.7312028,0.6550336,0.6847131,0.8150264,0.99300843,0.47800007
AGGGGAGCGCAGAACGCG,0.7976582,0.9462631,0.9130023,0.8428625,0.96258074,0.72822547,0.87712073,0.81169426,0.9541245,0.80456024,0.5591473,0.37754574,0.91964793,0.960235,0.96922565,0.80329424,0.7650507,0.8357834,0.7402732,0.8298668,0.82424253,0.68526036,0.8073535,0.83140683,0.8214646,0.81471556,0.96922565,0.37754574
AGGTAGGGACAGCAAACG,0.9528033,0.95214665,0.86525834,0.8985449,0.9376562,0.6323413,0.91728216,0.70562005,0.92921335,0.86537564,0.8729971,0.85067767,0.92590153,0.98690933,0.97135097,0.84588206,0.8773134,0.8812037,0.86132663,0.86354,0.87435347,0.6828197,0.8571668,0.7903823,0.8212676,0.8647734,0.98690933,0.6323413
CGGTAACAACCCCACTCT,0.9854838,0.94210947,0.76738435,0.9858852,0.94325995,0.7356636,0.8438666,0.74429995,0.98259455,0.8859672,0.77069676,0.83938366,0.80927014,0.92127895,0.9429705,0.6600847,0.8312447,0.864589,0.89856035,0.9141959,0.23490931,0.41242367,0.673157,0.5446786,0.55437785,0.78753334,0.9858852,0.23490931
GGGGGGGAACATCATTTG,0.9889216,0.98238784,0.899042,0.77165574,0.9357957,0.7850725,0.89837503,0.84509,0.8046895,0.736594,0.9468352,0.94898874,0.9697006,0.9940074,0.993819,0.8151953,0.8263712,0.7813437,0.8217456,0.89878154,0.8940363,0.39920282,0.41417426,0.6173766,0.3647798,0.8133593,0.9940074,0.3647798
AGGTGAGAGCAGAACACG,0.979535,0.9837769,0.95196855,0.9372962,0.98160625,0.87418115,0.9000891,0.8691823,0.9839565,0.90235394,0.8831577,0.91214365,0.9397936,0.99333346,0.9752237,0.90110534,0.8869116,0.92322767,0.90883017,0.93326604,0.8842597,0.72078997,0.8670733,0.7991999,0.8313404,0.9089442,0.99333346,0.72078997
GGGGGACAACCGAACACA,0.99456733,0.9906096,0.9874896,0.9913464,0.99201685,0.9327589,0.95902807,0.8782151,0.98251945,0.9485676,0.93914115,0.9950661,0.9773182,0.99935406,0.9964573,0.8818393,0.92921966,0.94208145,0.9361754,0.96100706,0.8895458,0.75994515,0.8742882,0.85381263,0.8277358,0.9368043,0.99935406,0.75994515
GGGAGCGAAAAACAAGTG,0.9755676,0.8474919,0.8442617,0.9360929,0.87267506,0.8983542,0.94584286,0.704525,0.9385047,0.72327644,0.9336653,0.9880483,0.9542635,0.9981871,0.9915133,0.88961947,0.94722784,0.96279407,0.93656826,0.95338845,0.9297669,0.8827394,0.91245306,0.88191193,0.8838195,0.90930235,0.9981871,0.704525
CGCCCCCCCCCCCCGCCC,0.0039785323,0.00091367745,0.15915364,0.7033024,0.47117475,0.016882807,0.3726258,0.40450445,0.6208269,0.5645424,3.1350024e-05,0.0073602,0.45476618,0.42461386,0.5419791,0.02069601,0.41167498,0.089726664,0.27619138,0.49678186,0.0020370996,0.42223457,0.47549623,0.44716132,0.4104009,0.31196228,0.7033024,3.1350024e-05
GGGATCCGGTCATCTCCT,0.8804314,0.4237974,0.4473104,0.75786126,0.09578295,0.5727511,0.8128024,0.1672977,0.42111883,0.8090709,0.17569359,0.4214219,0.65414774,0.052621037,0.026327899,0.19311498,0.099555835,0.03223583,0.2216301,0.060093112,0.24190791,0.08820542,0.03854657,0.12913023,0.0272846,0.3140056,0.8804314,0.026327899
TGGATCCTAACAACAGTG,0.96356714,0.9267194,0.9037409,0.98653036,0.7501884,0.68054634,0.9138074,0.3765008,0.843431,0.87104166,0.8069444,0.9109812,0.84404707,0.9803028,0.96092564,0.88006973,0.90422845,0.9109632,0.85564876,0.8960869,0.5030558,0.22674853,0.5456916,0.21490787,0.28217325,0.757554,0.98653036,0.21490787
TGCCCCGCCCCCGCGGCT,0.002985865,0.0013379762,0.080147624,0.12890221,0.017129987,0.023243636,0.22768253,0.0899971,0.20829062,0.30645356,1.3685713e-05,0.0047543603,0.27979574,0.2967598,0.11901029,0.02341605,0.22391291,0.040321406,0.14362562,0.17009072,0.004686113,0.2261613,0.1341813,0.26037687,0.1613136,0.12698363,0.30645356,1.3685713e-05
GGGATTCTGACAACTCCG,0.97960305,0.9407793,0.796471,0.95878685,0.56913275,0.71095854,0.9233922,0.4956032,0.67453575,0.86864126,0.85125387,0.960568,0.8900341,0.97170955,0.71077484,0.59736776,0.4017382,0.3297556,0.57897836,0.35443768,0.5826229,0.11668533,0.18453285,0.15596347,0.07434656,0.6271469,0.97960305,0.07434656
AGGTAGGGACATCAAACG,0.96847564,0.9843423,0.8995565,0.930919,0.9366707,0.58383954,0.93280506,0.7756058,0.92740816,0.8868393,0.8788286,0.9226534,0.92535466,0.9875189,0.9701699,0.8689103,0.8305519,0.8539851,0.871073,0.8886806,0.8605377,0.5669402,0.8074766,0.6923006,0.7575738,0.8603608,0.9875189,0.5669402
GGGGGGGAAAATCAAGTG,0.9209745,0.9301927,0.85252714,0.7024001,0.87839013,0.7849303,0.8984796,0.7924319,0.8422964,0.58624244,0.9617152,0.9744239,0.97792286,0.999531,0.9970163,0.8399592,0.9215686,0.9098668,0.91197646,0.9378992,0.9554892,0.7736145,0.8711464,0.82472926,0.8321088,0.8751134,0.999531,0.58624244
GGGGGACGACCCAACGGT,0.67078024,0.86105126,0.8865624,0.8677933,0.92398685,0.8291204,0.85920435,0.5511937,0.90075225,0.7148234,0.8331216,0.97232306,0.95384634,0.9984472,0.99470466,0.7902676,0.89887893,0.8838644,0.8845799,0.9461504,0.7786547,0.56484354,0.7790956,0.7966814,0.7443519,0.8354031,0.9984472,0.5511937
GGGACACAAAAACTAAAG,0.9368429,0.97001976,0.88762087,0.98759484,0.9687162,0.8140695,0.9667395,0.89368325,0.97172356,0.8837777,0.8944565,0.9684844,0.931533,0.9889806,0.9825375,0.9009625,0.9115201,0.9737018,0.9568161,0.93823,0.87202364,0.8654135,0.89216334,0.8670534,0.8641123,0.92355126,0.9889806,0.8140695
GGGTAGGGACACAATAGG,0.7348101,0.88583595,0.68826383,0.58779967,0.8516008,0.57070965,0.8448243,0.5695356,0.6774846,0.67731076,0.9338689,0.96337223,0.9608399,0.9985095,0.9935097,0.8752768,0.9179633,0.90599227,0.8749627,0.92933077,0.90671885,0.5719413,0.78134835,0.7069118,0.68711257,0.80383337,0.9985095,0.5695356
GGGTGACAGAAGCAAAAT,0.96288353,0.9736579,0.9665979,0.9865633,0.98351264,0.9159314,0.9352542,0.7964099,0.9901017,0.8406992,0.9473332,0.9882307,0.9715485,0.99952906,0.99614704,0.872335,0.932606,0.93592244,0.9042485,0.9434495,0.92340076,0.7611292,0.8880965,0.8059354,0.8382329,0.9223902,0.99952906,0.7611292
AGGAAAGAGCAGACCACG,0.89847875,0.8783269,0.82046497,0.92323834,0.93431216,0.69770837,0.84346074,0.8022929,0.9034335,0.85035384,0.7599742,0.7754828,0.84400964,0.89360464,0.85294586,0.84366465,0.85087323,0.95157003,0.9588638,0.8225045,0.8282944,0.8630206,0.8732475,0.87435114,0.86547095,0.8563979,0.9588638,0.69770837
GGGGGATAACGTCAATTG,0.9808777,0.9880342,0.64153874,0.9191153,0.9803245,0.9342221,0.90577203,0.8849452,0.94952136,0.7199599,0.9368227,0.98233485,0.9461613,0.99860406,0.9891177,0.82433474,0.74950814,0.85238165,0.83994484,0.80722725,0.8851507,0.35966572,0.43536985,0.5005648,0.362896,0.8149758,0.99860406,0.35966572
GGGGTATTACGTCATTTG,0.99084586,0.99259657,0.50320303,0.9459284,0.94148034,0.88118386,0.91890454,0.84031415,0.88863033,0.77775,0.8589823,0.928876,0.61451924,0.34738666,0.066907525,0.518093,0.18925224,0.20285949,0.48723897,0.23381723,0.60109186,0.036488526,0.0142183285,0.053939264,0.0058305864,0.5536135,0.99259657,0.0058305864
GGGATACTGACAACTACG,0.9933308,0.985298,0.92910117,0.99272525,0.9390074,0.76540667,0.963871,0.73969644,0.920077,0.9558876,0.8812117,0.9707121,0.9157523,0.99455,0.9742298,0.8097465,0.77165884,0.8571744,0.8504697,0.7487234,0.79082,0.37308908,0.6441683,0.47133645,0.5165266,0.8301828,0.99455,0.37308908
AGGTGAGAGCAGAACACT,0.978152,0.9785984,0.9539166,0.9388637,0.9730652,0.8499239,0.87970847,0.80399495,0.9747007,0.86760235,0.8941223,0.91498005,0.94337887,0.99373144,0.9756583,0.90110534,0.8869116,0.92322767,0.90883017,0.93326604,0.8844327,0.7049308,0.8627692,0.78984356,0.82369715,0.90157646,0.99373144,0.7049308
GGGATTCTAACAACTCCG,0.9882143,0.9721981,0.9054464,0.983084,0.8308799,0.74042666,0.94778955,0.5237609,0.68057495,0.8874103,0.87057537,0.97362083,0.9053756,0.9949556,0.9679343,0.8047094,0.7856642,0.8729716,0.8370182,0.81900257,0.6806688,0.17294678,0.3872962,0.19199483,0.16054636,0.7554027,0.9949556,0.16054636
AGGGGAGGGCACAACGCT,0.6087572,0.8306946,0.9151178,0.73785824,0.9152906,0.6503467,0.8968754,0.7145927,0.8543067,0.6650236,0.8058201,0.22619092,0.9448171,0.9578953,0.9763268,0.8272709,0.862605,0.827102,0.8049219,0.9250201,0.86144847,0.6876101,0.8269831,0.83193016,0.8198732,0.7989872,0.9763268,0.22619092
GGGGAATAACATCATTTG,0.9940193,0.99430215,0.78015155,0.9668562,0.97850835,0.874648,0.9171724,0.8883737,0.93563426,0.7620288,0.9233768,0.98828614,0.9194838,0.9984355,0.9859087,0.8524607,0.84277904,0.9128285,0.9161096,0.83948755,0.8718404,0.41800714,0.6236466,0.4862304,0.51635194,0.847477,0.9984355,0.41800714
AGGTAAGGGCACAACACT,0.8696582,0.9410005,0.86023086,0.8582513,0.9267349,0.7014462,0.90296215,0.7129235,0.91340035,0.7816145,0.86375105,0.8859356,0.91693974,0.9786903,0.961416,0.8610423,0.886875,0.8948981,0.8804232,0.9166678,0.8255887,0.65863204,0.8383619,0.7700911,0.79399776,0.8560614,0.9786903,0.65863204
AGGAACGACAATCGTGAA,0.9082269,0.6506853,0.77337277,0.95579654,0.5912701,0.80556947,0.81720597,0.6113468,0.75020474,0.62485385,0.65368474,0.6618114,0.67989385,0.7713184,0.8055687,0.69810754,0.606364,0.8805547,0.8664679,0.5296203,0.6770024,0.66618186,0.77134377,0.7691109,0.78242594,0.7323196,0.95579654,0.5296203
GGGTAAGGACACAACTGG,0.70038265,0.9195897,0.54598063,0.62303895,0.86127615,0.7777654,0.8083771,0.59246594,0.8144931,0.625056,0.9109523,0.97958297,0.937282,0.9983093,0.98901856,0.886432,0.9150854,0.9270062,0.93355095,0.9268115,0.8802886,0.62742263,0.83407205,0.73671144,0.77171755,0.82090676,0.9983093,0.54598063
CGGGGACCGCCGAACGCA,0.95141,0.96936095,0.9585971,0.9772554,0.9751841,0.8349295,0.87502515,0.7996349,0.98176956,0.91438156,0.105812885,0.73032135,0.9003401,0.9594978,0.97204375,0.58560896,0.76480407,0.7523925,0.65117,0.8513021,0.35233307,0.4127048,0.6132516,0.74457324,0.6605209,0.7717689,0.98176956,0.105812885
GGGAAACAGACTCCAATG,0.9608761,0.979657,0.81012326,0.98729926,0.94362205,0.6608039,0.93554634,0.8469781,0.95316243,0.9219505,0.8431446,0.9545593,0.8740064,0.9843705,0.9597031,0.8505669,0.7796863,0.91787535,0.939314,0.8311563,0.7899864,0.72068167,0.81070215,0.7929942,0.77979666,0.8731424,0.98729926,0.6608039
AGGAGCTAAAATCATGAA,0.98781925,0.93580973,0.93440163,0.9916417,0.9516433,0.948104,0.9254666,0.796342,0.95341593,0.83245534,0.83877206,0.9005823,0.8553402,0.9533055,0.9414249,0.78090405,0.7177318,0.8708053,0.87422276,0.69603544,0.80016726,0.6396701,0.7928032,0.67541516,0.78084505,0.85500497,0.9916417,0.6396701
GGGGTATAAAGAACATTG,0.9627147,0.9613186,0.2937392,0.88437104,0.9737895,0.87414074,0.85246396,0.6754565,0.7149722,0.61739415,0.9505673,0.9912706,0.95651716,0.9996438,0.9938756,0.89911896,0.9345867,0.9573085,0.9272855,0.92493236,0.929573,0.5736974,0.82154995,0.5664932,0.66014475,0.8358772,0.9996438,0.2937392
AGGAAGGGACATCCAGCG,0.82909137,0.82385784,0.70476574,0.8955801,0.61404264,0.37427872,0.85743815,0.6360036,0.5989335,0.71871006,0.73316514,0.6387358,0.80810285,0.90230954,0.86810327,0.7198856,0.66630137,0.8247615,0.8760036,0.6225489,0.7994175,0.699852,0.7990324,0.7977753,0.79837126,0.7442826,0.90230954,0.37427872
AGGGAGGGACATCAATTG,0.91520935,0.97581744,0.74241126,0.7325828,0.90036666,0.561648,0.89528227,0.75936836,0.830665,0.70032156,0.8950131,0.86491793,0.923054,0.98381895,0.9708796,0.85340786,0.7832027,0.8357701,0.8757788,0.86602235,0.8841408,0.626408,0.72725,0.7610773,0.7655397,0.82519805,0.98381895,0.561648
GGGGTATAACGTCAATTG,0.9869831,0.9871378,0.3848519,0.94066614,0.9695068,0.91603154,0.9005926,0.855056,0.9331839,0.776592,0.9244607,0.9841511,0.91488004,0.9978472,0.9731477,0.8043733,0.69216526,0.8114298,0.80477583,0.7177907,0.84060365,0.17279744,0.24517074,0.22900937,0.13488828,0.7559237,0.9978472,0.13488828
TGGGTATTAAGAACATTG,0.905339,0.9668895,0.36813745,0.8914207,0.9371636,0.8307477,0.9008919,0.60132325,0.6771675,0.63198465,0.92781556,0.9717728,0.91584355,0.9975228,0.9387123,0.87993556,0.8397957,0.9142632,0.85808444,0.84809387,0.8547062,0.10537027,0.26933268,0.10013737,0.06778842,0.7280096,0.9975228,0.06778842
GGGGGACAGCAGACAAAA,0.91111237,0.96999824,0.98883665,0.9786485,0.9881791,0.8815086,0.89598155,0.8619382,0.9689565,0.8569329,0.94572353,0.9863158,0.9805216,0.99957186,0.99708843,0.889139,0.919282,0.91217786,0.8997953,0.943288,0.9261137,0.80843943,0.893752,0.8698251,0.86246824,0.9254238,0.99957186,0.80843943
GGGATACTAACAACAGTG,0.97349435,0.97604614,0.92780745,0.98845017,0.9100252,0.7931326,0.9529891,0.61833906,0.8992071,0.8785673,0.8748622,0.9704059,0.90722233,0.9940588,0.9769474,0.90334404,0.9210106,0.9597704,0.93204206,0.8986121,0.8192983,0.55397624,0.7932258,0.59437114,0.7265193,0.86974907,0.9940588,0.55397624
GGGAAACGGACATGGACG,0.9493516,0.8964736,0.5871559,0.86803603,0.83747244,0.5874556,0.92458177,0.70377266,0.7655999,0.90319353,0.8138033,0.89205164,0.8281777,0.97634757,0.91448927,0.7069568,0.7299548,0.8806246,0.8427836,0.47307035,0.8421765,0.70017844,0.7984084,0.8095671,0.8155862,0.8018908,0.97634757,0.47307035
GGGAGCGAAAATCAAGTG,0.9632654,0.90489066,0.8629809,0.94679904,0.83806264,0.89249057,0.94653845,0.75155497,0.9206311,0.7230087,0.91816705,0.9838704,0.93232036,0.99752724,0.9859574,0.8344892,0.8996447,0.924939,0.90476626,0.8970343,0.9095973,0.7864931,0.8572672,0.8225715,0.8387241,0.8897436,0.99752724,0.7230087
AGGAAGGGACATCCAGAG,0.7096758,0.84687877,0.7389137,0.91406316,0.69084764,0.4064407,0.8708803,0.6789725,0.69296294,0.6117099,0.76314795,0.72063756,0.83642757,0.9258046,0.90599763,0.8035837,0.71016496,0.8483257,0.89157057,0.6952931,0.8285079,0.74229765,0.81946254,0.8124123,0.82020456,0.77140737,0.9258046,0.4064407
GGGGGCGAAAAAACAGTG,0.826028,0.6507632,0.84674543,0.77959895,0.88193643,0.77427155,0.86225086,0.53143257,0.7635796,0.5148416,0.9539795,0.99353564,0.97469234,0.99965286,0.9971054,0.8596096,0.9400566,0.9369193,0.89434975,0.954913,0.94745296,0.857821,0.9174743,0.87568897,0.8784751,0.856527,0.99965286,0.5148416
GGGAATCGGACATGTACG,0.979108,0.9573274,0.6960039,0.85925055,0.6250231,0.6596411,0.94035274,0.49175018,0.7272478,0.8762981,0.8355295,0.89076304,0.8232506,0.91967446,0.67137814,0.6459408,0.44960713,0.5651201,0.6259867,0.17757232,0.76278985,0.325376,0.36835703,0.49500507,0.4099864,0.6711336,0.979108,0.17757232
GGGTAACTACGACCGTCG,0.985187,0.9430616,0.62886983,0.9737129,0.9379193,0.69647306,0.9097118,0.74373823,0.8827977,0.839567,0.76582193,0.949268,0.80533415,0.9904002,0.94981694,0.668616,0.7062372,0.8408288,0.8692058,0.76533604,0.5465286,0.22250979,0.36765447,0.34586215,0.263209,0.74390656,0.9904002,0.22250979
GGGTAACTACATCAATCT,0.9945597,0.99737173,0.9708283,0.99336106,0.92176807,0.85484207,0.9578272,0.87215555,0.96794033,0.9386473,0.8928467,0.9779282,0.9114241,0.9957578,0.9803888,0.85533804,0.82936025,0.89597684,0.90518653,0.8635545,0.7347261,0.26270905,0.53072244,0.2850303,0.32871047,0.8287583,0.99737173,0.26270905
TTGAGCGTAACGACATTG,0.9142726,0.8425212,0.783118,0.9042693,0.8362745,0.63477886,0.6608149,0.46109653,0.57628006,0.8126699,0.79471856,0.82100666,0.80651337,0.94914496,0.81690663,0.8597173,0.76889706,0.83193165,0.66416067,0.8304631,0.50366956,0.11962332,0.2523931,0.14237083,0.101477854,0.6675637,0.94914496,0.101477854
GGGATCCTGACAACTGCG,0.98272175,0.8659261,0.8613054,0.982845,0.6372074,0.779046,0.9054058,0.45619032,0.8284045,0.9033048,0.7449619,0.94250965,0.836691,0.9726632,0.88873374,0.49765974,0.43326488,0.2580712,0.5831959,0.31571087,0.48687208,0.19776174,0.28713185,0.31410855,0.2132476,0.64699763,0.982845,0.19776174
GGCAGTCGGACATGAACG,0.88346756,0.85236335,0.6101752,0.696493,0.40740925,0.4971496,0.89629734,0.5024452,0.82296586,0.8345129,0.5997762,0.5831622,0.80736065,0.40760884,0.5525521,0.6538797,0.5129501,0.3897169,0.48162025,0.32164845,0.6193106,0.32690412,0.4221145,0.5476399,0.46150103,0.587641,0.89629734,0.32164845
AGGTAGGGACACAATACG,0.92136496,0.9427706,0.8841702,0.8527638,0.948138,0.63007605,0.91341656,0.6618338,0.8317886,0.81213295,0.8917678,0.94120413,0.9365794,0.9895038,0.97722524,0.88576853,0.90352297,0.9099356,0.8798801,0.9357503,0.863572,0.6334389,0.835098,0.742781,0.79173654,0.8606488,0.9895038,0.63007605
TGCAGCGCCACAGCAGTT,0.20262091,0.22771272,0.33574337,0.5047838,0.033523537,0.17956436,0.41581404,0.074809134,0.71970487,0.7041226,0.07656515,0.48783514,0.67708665,0.7803824,0.8797907,0.47892404,0.6767735,0.31279358,0.2762833,0.64138526,0.17236729,0.27209327,0.47174183,0.479708,0.4305479,0.42050707,0.8797907,0.033523537
GGGTAACAACCTCACTCT,0.997089,0.99550015,0.891549,0.99258286,0.95026875,0.8821687,0.9067569,0.8831171,0.9705677,0.9224066,0.8572745,0.97280306,0.8916742,0.99340194,0.97871333,0.72167975,0.7490072,0.8496011,0.89392775,0.88139904,0.59722036,0.34506926,0.6775816,0.45854816,0.47456035,0.82937866,0.997089,0.34506926
TGGATCCCAACAACAGCT,0.9674781,0.9146199,0.9105912,0.9918043,0.7733829,0.80110246,0.8574828,0.23774765,0.852518,0.9259571,0.79453444,0.9163668,0.88016194,0.97568315,0.97209394,0.8449094,0.91821104,0.9094845,0.8620072,0.92824477,0.43720847,0.39080912,0.7234253,0.435133,0.5664949,0.7914982,0.9918043,0.23774765
GGGAAACAAAGTCTAAGG,0.91224736,0.97968584,0.4546835,0.9615059,0.87267435,0.7569587,0.8989205,0.78244704,0.90998495,0.925721,0.8460392,0.94985265,0.843227,0.9867021,0.9480695,0.86257577,0.8328254,0.9638071,0.9681214,0.7739353,0.8621704,0.78340197,0.8375349,0.8071682,0.82654494,0.8618723,0.9867021,0.4546835
TGGATCGCAACAACAGTT,0.8930693,0.8161776,0.838104,0.957446,0.41113585,0.6965107,0.7891684,0.16518201,0.74835235,0.80799365,0.85136855,0.9368516,0.8926101,0.98922557,0.9764982,0.88880324,0.9162171,0.90931624,0.748451,0.91077834,0.64320576,0.35377377,0.72604513,0.41433528,0.5055543,0.75144696,0.98922557,0.16518201
TGGATAGTAACAACATTG,0.98337567,0.98233545,0.88043195,0.9833913,0.90486604,0.7728773,0.92691857,0.6898825,0.75164086,0.88604134,0.9001451,0.95222616,0.92008644,0.99668026,0.97459036,0.92572206,0.9376211,0.96118325,0.93623877,0.93512,0.8115567,0.29992825,0.6852026,0.2592386,0.39705077,0.8261741,0.99668026,0.2592386
AGGAAGGGACAGAAAACG,0.9201898,0.95715237,0.92324203,0.9060305,0.95286644,0.6458249,0.93188375,0.769201,0.8604849,0.86904144,0.8832214,0.9154059,0.9346585,0.97086525,0.951563,0.8873902,0.91572213,0.9467355,0.93853325,0.8814784,0.91407555,0.90818334,0.91599035,0.8963044,0.90511996,0.90004677,0.97086525,0.6458249
CGGTAACAACCCAACGCT,0.96092516,0.9486347,0.8563896,0.9831151,0.94958466,0.7687941,0.89669526,0.74971896,0.9758204,0.8559086,0.77602595,0.8507956,0.83777446,0.9283069,0.94744855,0.78062344,0.8982394,0.9207944,0.9297344,0.9421156,0.39320278,0.5530444,0.7453162,0.66396195,0.6702639,0.8313293,0.9831151,0.39320278
ACGGGACCGCAGATCGCG,0.07514482,0.8778685,0.748158,0.5001362,0.9016871,0.4947757,0.7756328,0.7706431,0.8777609,0.7862044,0.02356303,0.19869667,0.62325454,0.5188452,0.7131348,0.39037073,0.39634788,0.5639502,0.4844455,0.3791526,0.2801615,0.4063114,0.5402437,0.7000708,0.6576398,0.547368,0.9016871,0.02356303
GGGTAGGGACATAATTTG,0.9752542,0.99165326,0.8439279,0.79415196,0.8995132,0.7926546,0.87298125,0.7250717,0.61658114,0.8193142,0.938822,0.9473478,0.9458329,0.9843068,0.9548446,0.85826427,0.7732098,0.873432,0.84852207,0.82629,0.89111507,0.2792519,0.32548988,0.37779287,0.23673353,0.77569425,0.99165326,0.23673353
GGGGTACTACGACCATCG,0.98979956,0.9689379,0.7739816,0.98440295,0.95150155,0.81843174,0.953501,0.81544876,0.91996974,0.8419788,0.88036907,0.9814996,0.9222641,0.9971763,0.98432773,0.79288405,0.78514147,0.83036363,0.8377047,0.89891803,0.67820776,0.21615776,0.35733685,0.35827664,0.21046484,0.7899619,0.9971763,0.21046484
TGCATCCCCCCACCGCCT,0.5444348,0.06268249,0.31636676,0.9643214,0.43613595,0.17708386,0.5469135,0.2434309,0.71655357,0.8675447,0.0058691544,0.16830525,0.55048877,0.5935079,0.76758754,0.1142693,0.6032002,0.1511888,0.29107046,0.5355446,0.015039521,0.25016037,0.32119223,0.20611136,0.20025387,0.38597026,0.9643214,0.0058691544
GGCCCTCGGTCCCGTCCC,0.0620681,0.07302754,0.23256917,0.29125497,0.025461715,0.07439648,0.86642283,0.256513,0.21812402,0.43870148,0.00022327562,0.0038201604,0.18283442,0.000994663,0.0013292283,0.039001387,0.094074495,0.011387061,0.10684041,0.030325305,0.015066661,0.103944235,0.02767832,0.13742381,0.029619304,0.13292406,0.86642283,0.00022327562
GGGGTATTAACAACATTG,0.9735033,0.98645675,0.79791903,0.95355564,0.9664283,0.79543257,0.9228657,0.7160832,0.78754,0.65933216,0.9421457,0.9921475,0.9545583,0.9994496,0.99220264,0.8903238,0.8975739,0.9269528,0.8647378,0.91768926,0.8906317,0.22788547,0.48702615,0.24415036,0.21040459,0.7998799,0.9994496,0.21040459
TTGGGCGTAACAACATTG,0.88712263,0.82616305,0.8110569,0.84936017,0.88328403,0.5656147,0.67003024,0.43200842,0.5055451,0.5919089,0.90159285,0.9598314,0.93844724,0.99157584,0.9794027,0.8841342,0.9002748,0.85612047,0.7022419,0.9475056,0.6750726,0.1188542,0.32344508,0.15613224,0.08758521,0.6977724,0.99157584,0.08758521
GGGATCCGGACAACTCCG,0.9720331,0.8176502,0.7891108,0.9642099,0.73161346,0.74539065,0.9065339,0.38898566,0.6957824,0.910617,0.7983138,0.94532716,0.8934252,0.9851825,0.96000075,0.6406301,0.754105,0.6614935,0.64498174,0.71085465,0.59849113,0.3385553,0.5474088,0.5708611,0.47315097,0.73778826,0.9851825,0.3385553
GGGTAACAACCGCACGCT,0.9918769,0.9739037,0.87737894,0.990321,0.9384591,0.874189,0.89736587,0.781348,0.9742832,0.8911352,0.8178814,0.9628237,0.8799999,0.9927527,0.9766172,0.6786836,0.84134597,0.88835204,0.8801367,0.8613627,0.6593291,0.49820212,0.75796574,0.67801887,0.67828995,0.8496808,0.9927527,0.49820212
GGGGTAGAACGTCATTTG,0.9947745,0.9864792,0.56023407,0.9451356,0.9509973,0.90209174,0.881853,0.8388039,0.86341375,0.84218484,0.92396057,0.9595613,0.8987063,0.9925005,0.9568328,0.7456975,0.6294554,0.7573874,0.8392454,0.7329649,0.81793976,0.18966874,0.19359061,0.30856496,0.13187157,0.75375664,0.9947745,0.13187157
AGGAGGGAAAATCAAGAG,0.95318705,0.9238764,0.8850564,0.94072825,0.8842958,0.86435777,0.92910814,0.8472352,0.9351194,0.7597526,0.8973148,0.952605,0.9356043,0.99095297,0.975679,0.87355256,0.9186891,0.94554496,0.94619924,0.92091817,0.92567396,0.8935177,0.90594697,0.8695962,0.8931905,0.91070807,0.99095297,0.7597526
GGGGGGTAAAGAACATTG,0.89282894,0.8987359,0.3904973,0.4570993,0.9433815,0.78458464,0.72809577,0.5885199,0.5239443,0.34836677,0.9637147,0.980832,0.9766288,0.99945223,0.99644953,0.87795883,0.9325747,0.939308,0.9092512,0.94223785,0.95234805,0.67625237,0.8329419,0.7497673,0.72388947,0.8003865,0.99945223,0.34836677
TGGAGCGTAACAACAGTT,0.9400692,0.8499148,0.93924594,0.96005434,0.7003061,0.704452,0.8511418,0.30252674,0.7459124,0.8321206,0.8905786,0.9568973,0.92338085,0.9949945,0.97920334,0.8881536,0.92593044,0.9350239,0.87309784,0.9504955,0.8010764,0.38941693,0.71529555,0.4825409,0.5227195,0.802182,0.9949945,0.30252674
GGGGGACAGAAGAAAAAG,0.9578393,0.9865139,0.9822551,0.98284745,0.9943529,0.919818,0.95393085,0.8832505,0.9893581,0.83737,0.9635452,0.9933837,0.9848778,0.99976325,0.9978137,0.9027115,0.95138335,0.9581902,0.9483931,0.9587471,0.9605111,0.9184105,0.9402634,0.9032702,0.91424316,0.9513218,0.99976325,0.83737
TGGAGCGACACACCAGTA,0.9329541,0.5819207,0.76247513,0.96094465,0.7389316,0.744388,0.65544266,0.35787693,0.8255069,0.8451763,0.8410989,0.9522277,0.91225106,0.99154973,0.98292446,0.86362535,0.9045067,0.8669561,0.7902896,0.94191754,0.66325766,0.4738935,0.77128255,0.6735326,0.67973334,0.78858656,0.99154973,0.35787693
GGGTAATGACACCACTGT,0.69898903,0.81186944,0.30585414,0.71730536,0.7897071,0.7165552,0.74508965,0.43132126,0.87082905,0.58990705,0.8859895,0.9735929,0.8960454,0.9972228,0.98416615,0.73321617,0.71708786,0.750956,0.85211986,0.7037014,0.7739476,0.30375963,0.59045523,0.40162256,0.37436393,0.7046271,0.9972228,0.30375963
GGGGGACAGCAGACCGAG,0.7867638,0.9422485,0.95251507,0.94080436,0.9771267,0.8725774,0.87855643,0.85770005,0.94754726,0.66180795,0.84712523,0.9363035,0.95366025,0.9987295,0.9930072,0.84370273,0.87248415,0.87499845,0.88205683,0.92178744,0.8574036,0.679101,0.82273597,0.8301999,0.81070167,0.8776657,0.9987295,0.66180795
CGGGGACAGCCGACCGAG,0.8989088,0.92246103,0.9355202,0.97394204,0.97996116,0.796092,0.8364633,0.8756413,0.97878075,0.81621057,0.26889402,0.7224287,0.8825605,0.9745349,0.97063947,0.6969222,0.75604117,0.7893164,0.7872549,0.88194275,0.4619168,0.4824211,0.672294,0.7670993,0.70659053,0.7933936,0.97996116,0.26889402
CCGGGACCGCCGATCGAG,0.10112511,0.89076406,0.7927122,0.76842153,0.9408463,0.50964576,0.71717787,0.81775135,0.92069733,0.784538,0.0029538511,0.11584789,0.61879826,0.38472518,0.6893826,0.26974374,0.33165175,0.35246176,0.41233766,0.4278775,0.091056235,0.27544463,0.28811893,0.5922015,0.46283427,0.50236464,0.9408463,0.0029538511
GGGAAACGGACATCGACG,0.91417277,0.8295042,0.7029382,0.92097723,0.8872929,0.5662378,0.87612057,0.6704384,0.7906246,0.90853715,0.8284562,0.9359869,0.86393136,0.9824061,0.9453087,0.7560984,0.78504336,0.9061015,0.8634605,0.702756,0.8252505,0.69907194,0.80404574,0.80609524,0.7989141,0.82279086,0.9824061,0.5662378
GGGTAACTAAATCCAACG,0.9795867,0.9901779,0.94258755,0.9945377,0.9553235,0.6202292,0.9658873,0.8583648,0.9618538,0.9062125,0.886016,0.9761938,0.91257155,0.99707085,0.98170125,0.85450435,0.85200256,0.9282322,0.93467635,0.890001,0.8075232,0.44169474,0.76299924,0.4605693,0.62099063,0.8592603,0.99707085,0.44169474
GGGATATTAACAACATTG,0.9795351,0.9854404,0.7938624,0.9744678,0.93264,0.8118206,0.92998207,0.7174385,0.85496587,0.7981101,0.91031957,0.97717226,0.9185876,0.9972995,0.97633475,0.89787775,0.8885012,0.9413986,0.8901227,0.8294574,0.8523615,0.3206173,0.6516121,0.2925575,0.42329204,0.821831,0.9972995,0.2925575
CGGGGACAGCAGACCGAG,0.7432379,0.9180696,0.94844157,0.95840764,0.9769545,0.82810915,0.8579047,0.87724143,0.9761761,0.7401738,0.70776504,0.860731,0.9016067,0.9845463,0.9762142,0.81239015,0.857399,0.8510336,0.8536624,0.9212805,0.6768334,0.61939275,0.77434665,0.8061883,0.7779816,0.8482435,0.9845463,0.61939275
GGGCCTCGGTCCTGTCCC,0.039811086,0.09335299,0.16026336,0.10993676,0.018136043,0.16465937,0.84858114,0.1681805,0.11014055,0.38213614,0.0010014258,0.007028445,0.19694586,4.6829504e-05,0.00030852365,0.04643991,0.04307815,0.0052302806,0.09748857,0.013678847,0.047329307,0.05704974,0.009291204,0.09214325,0.008811817,0.10884279,0.84858114,4.6829504e-05
GGGATACTGACAACTCCG,0.9834383,0.95153683,0.8323036,0.98255,0.87306255,0.75806785,0.93950886,0.67844385,0.83836955,0.92799383,0.8587516,0.9652074,0.8987227,0.9922142,0.9608459,0.7168612,0.684356,0.79255986,0.8288778,0.66958296,0.73114043,0.31266418,0.55650234,0.42015204,0.41071227,0.782577,0.9922142,0.31266418
GGGTAAGGACATCATTTG,0.9938171,0.99571615,0.88897353,0.9676187,0.9448617,0.86261636,0.9411693,0.7908671,0.88609225,0.8947876,0.91509193,0.97273195,0.9087346,0.9974108,0.97561526,0.8271023,0.68911105,0.8221869,0.8938468,0.7540519,0.8431979,0.27442658,0.36745116,0.3622526,0.26292458,0.80130625,0.9974108,0.26292458
AGCAGCACCAAACATGAA,0.7160801,0.3792459,0.70127755,0.96346617,0.8123971,0.6423217,0.63316286,0.58956796,0.92748845,0.78086525,0.65243804,0.54177016,0.7559636,0.5983394,0.87931955,0.75649923,0.86975896,0.8692771,0.83074254,0.88223064,0.45333412,0.7345265,0.7958543,0.8041501,0.77744085,0.73390067,0.96346617,0.3792459
GGGATACTACCAACTTCG,0.9974733,0.98617184,0.9360162,0.9947656,0.9556175,0.8388453,0.94774556,0.82008207,0.90461,0.95369536,0.8514652,0.9692482,0.8916163,0.9892466,0.96821755,0.7236441,0.80648375,0.8709119,0.8867736,0.8346576,0.62128115,0.2569481,0.4934808,0.31756857,0.31897238,0.80542153,0.9974733,0.2569481
AGGTAGGGACATAATACG,0.9787577,0.98989314,0.9393176,0.9397654,0.9550922,0.70756304,0.92289734,0.77527076,0.854633,0.90583295,0.8919703,0.924623,0.92740035,0.98499125,0.9583889,0.8853642,0.8243295,0.9138088,0.8856163,0.8891201,0.87718505,0.52169013,0.7266951,0.61193645,0.6931056,0.8594101,0.98989314,0.52169013
AGGAAAGAGCAGAACACG,0.97125363,0.96960795,0.90175414,0.95226157,0.9639085,0.80567056,0.931573,0.8656765,0.96285075,0.89273536,0.8141174,0.8517631,0.8833159,0.9217777,0.89080113,0.9024702,0.90365624,0.9673954,0.96608984,0.8703786,0.86997956,0.8992756,0.8964608,0.8900966,0.89244914,0.9054927,0.97125363,0.80567056
AGGTAGGGACATCAATTG,0.9571843,0.9838209,0.71381843,0.7935894,0.83831567,0.63225174,0.87568575,0.6852527,0.861466,0.79399115,0.8699562,0.86508006,0.8808089,0.9664019,0.9391256,0.83867216,0.71177894,0.74775475,0.8222267,0.7740435,0.8327768,0.38499108,0.5502774,0.5076297,0.51132053,0.77352875,0.9838209,0.38499108
AGGAGCGAAAAACATGTA,0.9864703,0.7546795,0.8914051,0.9637701,0.8456779,0.89372724,0.9131279,0.5868117,0.8918606,0.8552943,0.8765174,0.9220915,0.90010595,0.9645269,0.96183544,0.8634566,0.9120175,0.9437327,0.91989934,0.9175592,0.8761911,0.8591436,0.8772182,0.85739857,0.863525,0.8839218,0.9864703,0.5868117
AGGAAGGAAAATCAAGAG,0.914294,0.90967035,0.7402267,0.94128525,0.82411873,0.7655002,0.9094812,0.79742706,0.88236326,0.719825,0.8618228,0.9036545,0.89628583,0.9665795,0.94198287,0.8723106,0.90734607,0.9580746,0.9547362,0.85905606,0.90929455,0.91344553,0.90521526,0.8775218,0.9010019,0.8813008,0.9665795,0.719825
GGGGGACGGCCCAACGGT,0.57619274,0.81581026,0.83328193,0.72001576,0.80857235,0.80272406,0.8258202,0.5670777,0.8872584,0.699159,0.36833957,0.40278777,0.94596803,0.96237016,0.9865491,0.64937264,0.81679213,0.7577378,0.6659936,0.838934,0.6773575,0.42937398,0.56481946,0.75676584,0.60178906,0.7184346,0.9865491,0.36833957
GGGGGACAGAAGACAAAG,0.88066185,0.9560931,0.97112113,0.9759377,0.9908999,0.8717971,0.9220245,0.8580376,0.9764419,0.7732468,0.9518219,0.9901317,0.9791035,0.99968696,0.9970139,0.89792556,0.9433625,0.94943374,0.9419523,0.9567252,0.94612175,0.8778038,0.92014205,0.8876196,0.8916774,0.93227124,0.99968696,0.7732468
GGGAAACTACGACCATCG,0.9847225,0.96324235,0.7775469,0.98742634,0.9117791,0.7771346,0.95724,0.78942597,0.8912393,0.8822565,0.8242108,0.9508119,0.8565811,0.9788951,0.9454575,0.7954971,0.8019882,0.92880946,0.93324965,0.81633854,0.7248556,0.5958092,0.7646698,0.7260441,0.7334434,0.851947,0.98742634,0.5958092
TTGAGCGCAACAACAGTG,0.6858054,0.662566,0.6822856,0.83015513,0.70502627,0.55773765,0.57842606,0.24710274,0.5823813,0.75174546,0.79874784,0.8918286,0.8780123,0.98462903,0.9711047,0.8805354,0.9173177,0.8968462,0.7142162,0.93342024,0.5900425,0.35620812,0.74744105,0.4316072,0.5232415,0.7119371,0.98462903,0.24710274
CCCCCCCCGCCCCCGCCC,0.0019978296,0.0005806183,0.13132034,0.35167006,0.24015966,0.01233168,0.40052903,0.4163567,0.4856971,0.3307597,8.805071e-06,0.0007793639,0.37490416,0.3316953,0.29949266,0.014749139,0.3021988,0.07195198,0.2371242,0.19536352,0.001290713,0.41615576,0.45488495,0.43291458,0.41066903,0.23662342,0.4856971,8.805071e-06
GGGATTCGGTCATCTCCT,0.8829428,0.69458073,0.42974383,0.66288936,0.06072444,0.60484314,0.8572418,0.15395036,0.33717975,0.7904292,0.3667717,0.3421827,0.5850296,0.007267654,0.0028139134,0.22292323,0.07331908,0.031885967,0.19660099,0.038145456,0.3094445,0.04738862,0.01553159,0.06705095,0.007654714,0.3115414,0.8829428,0.0028139134
GGGAGCGTAAAAACAGTG,0.8738317,0.79466915,0.8850627,0.8830054,0.74033284,0.732811,0.9209071,0.52055657,0.7654421,0.68010396,0.9202262,0.9830093,0.94519746,0.997911,0.98694,0.8457015,0.91193956,0.93119305,0.8777242,0.9180929,0.9160482,0.7514561,0.86725056,0.8013918,0.82805073,0.85115415,0.997911,0.52055657
GGGTAAGGACACCACTGG,0.77356845,0.8420211,0.40237138,0.66942155,0.81432205,0.6917074,0.8114386,0.5138712,0.86710334,0.622979,0.8855103,0.9729407,0.91354066,0.99767834,0.98685527,0.8115031,0.85361695,0.86452013,0.9149401,0.8884628,0.8255838,0.50989974,0.77282673,0.68262315,0.66799283,0.782292,0.99767834,0.40237138
GGGTAACAACCACACTCT,0.99802566,0.991983,0.90316445,0.99194896,0.9609822,0.9002977,0.89386225,0.80203885,0.9667085,0.90080655,0.8820036,0.9774104,0.92517865,0.9951635,0.9862457,0.8383948,0.88772845,0.93018925,0.9281803,0.9382944,0.69994456,0.5679889,0.7908767,0.6701569,0.69081885,0.8807359,0.99802566,0.5679889
GGGATCCTGACAACTCCG,0.9775256,0.8386379,0.81213635,0.9725104,0.6794124,0.71509266,0.9131972,0.46748328,0.7643923,0.8779198,0.7907376,0.9569713,0.86948174,0.9815205,0.9192593,0.55344546,0.50356984,0.3300832,0.62897,0.4787829,0.48726293,0.20662473,0.3487807,0.32184565,0.22575334,0.66485596,0.9815205,0.20662473
GGGAAACGGACACCGACG,0.9801332,0.9422714,0.85551465,0.98685145,0.947615,0.5984699,0.948188,0.7694373,0.9142973,0.9410593,0.82325196,0.94406945,0.8792079,0.9842134,0.9627415,0.78672934,0.84364605,0.91937673,0.89609426,0.8030739,0.8101779,0.7515028,0.83442277,0.84175926,0.8140581,0.87112653,0.98685145,0.5984699
GGGGGGTAACGTCAATTG,0.96555334,0.9689163,0.49509978,0.63780856,0.93594664,0.831941,0.8427887,0.8316695,0.85391194,0.5562649,0.9190172,0.87176996,0.9527214,0.9166234,0.9503387,0.7768107,0.6732032,0.73146045,0.7333057,0.77724916,0.86217386,0.24613988,0.24079406,0.42403048,0.18057582,0.7270445,0.9689163,0.18057582
AGGTAAGGGCAGAACACT,0.96832365,0.97901434,0.91611576,0.92659396,0.9444318,0.79628724,0.89603955,0.7702687,0.94994354,0.8584062,0.86090773,0.69178367,0.9066385,0.9680694,0.92008954,0.8499448,0.86049575,0.90224546,0.89356714,0.8468137,0.8625284,0.68261164,0.8464872,0.78192055,0.81851506,0.86792177,0.97901434,0.68261164
GGGACACAAAGGCTAAAG,0.829354,0.94147056,0.6442902,0.9743185,0.94885105,0.83034116,0.9461229,0.80919844,0.9516188,0.91632193,0.85308707,0.94637704,0.864973,0.98226047,0.9612226,0.7997168,0.8016492,0.9426962,0.92188686,0.79312223,0.82787454,0.7788527,0.83659786,0.8300519,0.8245492,0.8702722,0.98226047,0.6442902
GGGGGACAACCCAACGCT,0.95087814,0.94815016,0.95299846,0.9723733,0.9789406,0.8396261,0.89057,0.8252519,0.95311785,0.7871637,0.91482,0.9942807,0.9639022,0.9988311,0.9954824,0.8453443,0.9218078,0.9196265,0.93162596,0.96102804,0.83182573,0.6663239,0.83520925,0.81841147,0.7744015,0.8988795,0.9988311,0.6663239
GGGAAACAGACACCAACG,0.9884826,0.9758991,0.8811264,0.9929497,0.9661973,0.73793316,0.94507337,0.83466595,0.95987785,0.9417103,0.8660027,0.96372795,0.9203096,0.9884199,0.97438043,0.9009411,0.90019244,0.9549632,0.9597955,0.92127347,0.8397798,0.8346921,0.880821,0.8713671,0.84462166,0.91380805,0.9929497,0.73793316
GGGTAGGGACACAATATG,0.8081605,0.9442318,0.8388325,0.69313985,0.93572295,0.58753115,0.8846772,0.62572294,0.6769244,0.6534052,0.944735,0.9731596,0.9661169,0.998753,0.9939977,0.8871775,0.90874696,0.902964,0.8694486,0.936633,0.90895,0.52903384,0.7547719,0.6715527,0.6365717,0.8212384,0.998753,0.52903384
AGGAACGAAAATCATGAA,0.9741269,0.85600173,0.906344,0.9893926,0.8277034,0.89863586,0.90353376,0.7359574,0.8388105,0.86118406,0.80841744,0.8229874,0.82958484,0.8972692,0.90028083,0.79059726,0.7987514,0.925523,0.9291923,0.7459626,0.81786466,0.84111744,0.85169727,0.82991993,0.8509082,0.8572706,0.9893926,0.7359574
AAGTAGGGACAGCATACG,0.9418201,0.8325943,0.6874,0.72523516,0.8049238,0.4877235,0.7792622,0.5462272,0.7476176,0.76683384,0.6599241,0.3024473,0.7351008,0.6615227,0.7760467,0.6392146,0.68591183,0.6681448,0.7537144,0.34220922,0.7721566,0.59232104,0.79195005,0.72347426,0.78596246,0.6883896,0.9418201,0.3024473
AGGAACTAAAATCGTGAA,0.9689887,0.8629115,0.81668514,0.97978455,0.8139459,0.82403237,0.8805932,0.7698,0.84692085,0.59389555,0.71866506,0.7112387,0.6518822,0.813054,0.78999734,0.6869134,0.6033407,0.8888245,0.8916744,0.393142,0.7105521,0.62657595,0.77355236,0.6709282,0.78178394,0.76278734,0.97978455,0.393142
TGGAGCGTAACAAAAGTG,0.97662234,0.96201587,0.947769,0.9711264,0.8984691,0.84391296,0.9419615,0.60081947,0.87421733,0.8422231,0.9064388,0.96751976,0.9393098,0.99624467,0.98391837,0.8984675,0.93772304,0.9501328,0.89679956,0.9557308,0.8575518,0.535119,0.8161449,0.58039236,0.6957196,0.8710539,0.99624467,0.535119
GGGGGACAACCGAACGAA,0.9848829,0.98407084,0.9829303,0.9908158,0.9894426,0.95907766,0.9322091,0.8507654,0.97930944,0.88308275,0.9260184,0.99236774,0.97177625,0.9992579,0.99620116,0.87846816,0.9265423,0.94164616,0.9331044,0.9544602,0.88910824,0.75752944,0.86597997,0.85160947,0.83189505,0.93010217,0.9992579,0.75752944
CGGGGACCGCCGATCGAG,0.5360492,0.97372276,0.91330045,0.9466496,0.9720524,0.6706431,0.8485341,0.8635934,0.9798804,0.83539563,0.018858695,0.40782872,0.83977896,0.77225995,0.9150634,0.4982762,0.46739778,0.527275,0.55899,0.6837502,0.2468309,0.27605915,0.30038047,0.62982845,0.44356647,0.6450386,0.9798804,0.018858695
TTGGGCGTAACGACAGTG,0.65140706,0.68902445,0.8110225,0.81301755,0.8006905,0.57355577,0.68613255,0.3487793,0.5886055,0.6176961,0.6515326,0.644326,0.86350167,0.6461784,0.75249135,0.83605945,0.7998554,0.7483143,0.5727565,0.8677562,0.5248052,0.10224602,0.17789215,0.15431257,0.06122952,0.59932745,0.8677562,0.06122952
AGGTAGGGACAGAATACG,0.97944283,0.9791752,0.9302596,0.92280823,0.9599459,0.7363229,0.9094852,0.73693097,0.85852194,0.89692456,0.88981736,0.85954595,0.92766756,0.9823738,0.9616251,0.87752503,0.88291454,0.9164761,0.8932357,0.88559085,0.89027023,0.66305643,0.83116525,0.7511031,0.80987173,0.8772823,0.9823738,0.66305643
AGGAAGGGACAGACAACG,0.7688715,0.847534,0.87738836,0.8634745,0.90706944,0.43056285,0.83373535,0.6641943,0.69159675,0.7991964,0.8475483,0.8628927,0.91018647,0.95831424,0.93295944,0.87995434,0.90036434,0.9341123,0.9280278,0.864392,0.88601714,0.8693154,0.8919856,0.8802736,0.8811016,0.8444427,0.95831424,0.43056285
GGGTAAGGACACCATTGG,0.9281783,0.9142762,0.57679033,0.8280801,0.8373771,0.7625881,0.8587962,0.53899455,0.81787527,0.80158424,0.8974414,0.9721084,0.90826684,0.9976289,0.9863033,0.79790294,0.8180127,0.8517846,0.9048117,0.8638003,0.8291163,0.4289394,0.64719844,0.5860873,0.53519,0.7955655,0.9976289,0.4289394
GGGATACTAACAACTGCG,0.99193996,0.9802752,0.94896555,0.9955863,0.9437875,0.8150789,0.95949805,0.68716466,0.91094273,0.94978404,0.85599804,0.96564925,0.888696,0.9923382,0.96951365,0.8359161,0.87555885,0.9366028,0.92490566,0.8609353,0.76812845,0.42402205,0.7158543,0.48477757,0.6040568,0.85143924,0.9955863,0.42402205
GGGTAACAACATCATTCG,0.99813676,0.99736965,0.95406187,0.9950595,0.9673729,0.909608,0.94518834,0.91497046,0.97796035,0.95488834,0.8813078,0.97506464,0.89726025,0.99517137,0.98121744,0.82581234,0.8510124,0.9090845,0.91212213,0.8726336,0.7470195,0.39758724,0.7116092,0.45861316,0.5570746,0.86348826,0.99813676,0.39758724
AGGAGAGAGCAGATCACG,0.8833149,0.9722303,0.9296027,0.9013762,0.9580601,0.7395658,0.86797965,0.88546705,0.953802,0.9287379,0.83334404,0.83407164,0.8924877,0.9621747,0.9154783,0.87987715,0.72141707,0.9209781,0.93742895,0.8330348,0.8651706,0.8036575,0.84550977,0.8382103,0.84669816,0.87798715,0.9722303,0.72141707
GGGAAACAAAGTCCAACG,0.9710944,0.97591305,0.7611401,0.9926828,0.9472883,0.7669736,0.93769425,0.83693343,0.94245374,0.9384253,0.8516338,0.95508903,0.8831457,0.98740715,0.956788,0.86713004,0.87002534,0.9596948,0.96841407,0.8453207,0.84935653,0.8187209,0.8599382,0.8358676,0.83120567,0.89641345,0.9926828,0.7611401
AGGTAAGAGCAGAACACG,0.9805137,0.98157805,0.8951574,0.93916833,0.96934927,0.86668056,0.8915859,0.8400826,0.9700086,0.8826323,0.8449417,0.9039858,0.90263087,0.9783494,0.94525963,0.903466,0.9082908,0.9547662,0.9506454,0.91199076,0.85628974,0.7936111,0.869034,0.8135074,0.8445451,0.90392286,0.98157805,0.7936111
GGGGTAGGACATCATTTG,0.9943082,0.99453616,0.8984119,0.96914685,0.96915424,0.8461093,0.944825,0.80977577,0.8831958,0.87343144,0.9355713,0.95668596,0.94145316,0.9852825,0.96693087,0.8245733,0.6540454,0.71095634,0.82606953,0.785403,0.84045434,0.19515233,0.2050363,0.3171562,0.13272186,0.7784154,0.99453616,0.13272186
GGGAAACTACCAACGTCG,0.9873615,0.9597792,0.92720467,0.986004,0.9601199,0.73862845,0.93752646,0.84237653,0.87103057,0.9306898,0.8011759,0.9495824,0.862985,0.97464645,0.94500667,0.7346705,0.83057517,0.9324737,0.9410252,0.8451261,0.70045006,0.61026245,0.76634526,0.7227439,0.7302229,0.8595205,0.9873615,0.61026245
GGGTAACAAAGTCAAAGG,0.9665638,0.98498106,0.5749593,0.96992356,0.9238459,0.86894006,0.92813677,0.7511223,0.9554785,0.9079618,0.8940931,0.97405374,0.9067413,0.9974188,0.984113,0.8855217,0.9122912,0.9628871,0.95847327,0.8989997,0.87720585,0.7137756,0.8439049,0.73112136,0.80547726,0.88711965,0.9974188,0.5749593
ACGGGACCGCAGACCGAG,0.06679806,0.6896971,0.7334112,0.6296552,0.9254246,0.5820487,0.7900789,0.7153695,0.87505484,0.57269084,0.030556666,0.31488034,0.72660226,0.6888981,0.882136,0.48393524,0.64025533,0.743865,0.5877866,0.64553523,0.35267618,0.5388726,0.7097352,0.7747295,0.73434645,0.6174016,0.9254246,0.030556666
GGGTGAGGACCCAACAGT,0.8399501,0.9319586,0.87417483,0.86216205,0.95009184,0.7885957,0.85996544,0.56261015,0.89201695,0.7028261,0.9239229,0.96752137,0.96697146,0.9987063,0.9949332,0.8415846,0.88438094,0.8420221,0.8977709,0.9573409,0.85072726,0.4710481,0.76206154,0.70341825,0.6119081,0.83754677,0.9987063,0.4710481
GGGAAACTGACACCAACG,0.986765,0.9775714,0.91161466,0.99169797,0.9300874,0.6013435,0.9674301,0.8070418,0.94790244,0.9427513,0.85565346,0.96111566,0.90339357,0.98679787,0.9662487,0.83613414,0.8319721,0.91200274,0.9192726,0.8124569,0.7932639,0.7017124,0.822474,0.7866545,0.7800955,0.8773382,0.99169797,0.6013435
GGGAAACAAAGTCTAATG,0.9385026,0.9885307,0.6644991,0.975919,0.9482271,0.7602628,0.93872964,0.8630144,0.94075084,0.9307814,0.8683159,0.95591,0.8636598,0.9879092,0.9514253,0.87121254,0.8251426,0.96403646,0.967013,0.79274964,0.8602089,0.757982,0.8278266,0.78810364,0.8112375,0.881678,0.9885307,0.6644991
GGGGGGGAAAATCAATAG,0.9706341,0.97717315,0.9423358,0.90237266,0.9687295,0.85754895,0.92063314,0.9052501,0.917951,0.7111969,0.9710726,0.98828685,0.98563725,0.9997792,0.99807835,0.8630508,0.9229953,0.92438096,0.92309076,0.9504694,0.9627091,0.795897,0.8985848,0.8335522,0.85529184,0.917868,0.9997792,0.7111969
GGGTGACAACAGCAAAAT,0.97362274,0.9876191,0.9857208,0.9919189,0.98734516,0.9208785,0.948374,0.84267426,0.9925768,0.88876116,0.93963766,0.9923312,0.9716895,0.9993339,0.9964397,0.8853176,0.9394162,0.9439127,0.8998047,0.9505364,0.8928384,0.7230283,0.871239,0.78894305,0.812111,0.9250428,0.9993339,0.7230283
TGCATCGCCACCGCAGTT,0.03848977,0.05961385,0.12773348,0.43450126,0.007325936,0.13675378,0.38656235,0.050236657,0.5558854,0.50632215,0.013856577,0.19942826,0.47205412,0.6270837,0.56200796,0.28334337,0.4723225,0.13496554,0.16118494,0.29465485,0.05091353,0.1729416,0.1908192,0.187783,0.13319573,0.25039917,0.6270837,0.007325936
GGGTAACAACAGCAAACT,0.9882897,0.98868966,0.9533555,0.9915554,0.96954805,0.8617904,0.94894904,0.7962506,0.9812877,0.92331207,0.9086647,0.98011726,0.9458903,0.9972259,0.9894585,0.8864149,0.9295371,0.9596511,0.94131,0.92941165,0.85204303,0.75465214,0.8646055,0.7889013,0.8047726,0.9174274,0.9972259,0.75465214
CGGTAACAACCGCACGCT,0.98964787,0.9624968,0.8694116,0.99285054,0.93957317,0.8130028,0.9077624,0.7464838,0.9881002,0.9182723,0.7106605,0.80243033,0.76653665,0.9092997,0.92008865,0.6057712,0.8266555,0.86249894,0.854054,0.8589072,0.30947396,0.4448071,0.69263893,0.62243533,0.6343674,0.797929,0.99285054,0.30947396
GGGTAATGACACCATTGG,0.90482646,0.91868293,0.3618239,0.8476522,0.8637781,0.8017572,0.80808353,0.5907991,0.8787074,0.754374,0.8845756,0.97277385,0.88050383,0.99697876,0.9817872,0.7092412,0.64403534,0.71746963,0.83729285,0.6422065,0.7759475,0.24800307,0.43627977,0.32096004,0.2791382,0.722307,0.99697876,0.24800307
GGGTAACAACAGCAAAGT,0.9571038,0.96866196,0.87161523,0.97241366,0.91756934,0.84938085,0.9048467,0.6707232,0.9709025,0.86790097,0.8963957,0.9769962,0.93212163,0.99706095,0.9889795,0.8765098,0.9321435,0.95870274,0.9390262,0.91627026,0.8577672,0.7603091,0.862541,0.78961074,0.81247646,0.8979211,0.99706095,0.6707232
GGGTAGGGACACAATTTG,0.9051149,0.9584168,0.72099125,0.60141927,0.8933604,0.6965435,0.8047789,0.59174955,0.4890522,0.64450043,0.9386287,0.96211356,0.95484334,0.9969814,0.9901288,0.85807973,0.884668,0.86929417,0.83911675,0.9064674,0.88223076,0.38922605,0.55857146,0.55092406,0.41975686,0.77227837,0.9969814,0.38922605
GGGTAAGGACACAATTTG,0.9618413,0.9850145,0.8555745,0.89286256,0.95784765,0.828515,0.8817408,0.6788495,0.74668336,0.79506874,0.93230915,0.9826566,0.9429367,0.9984467,0.9890585,0.88264716,0.90463424,0.93174666,0.9263499,0.92070544,0.88421637,0.5149066,0.7489324,0.6153251,0.6326883,0.8556624,0.9984467,0.5149066
GGGTAACTAAAACCGTCG,0.9896644,0.96898305,0.83803695,0.9869863,0.9465258,0.68974954,0.93788755,0.76407236,0.9059705,0.86585766,0.86172456,0.96781206,0.8820475,0.9959734,0.97851664,0.8288796,0.87333906,0.94539475,0.9390201,0.8928253,0.7983681,0.45631474,0.76358324,0.5154702,0.6359496,0.8491582,0.9959734,0.45631474
AGGGGACAGCAGAACGCT,0.959901,0.9673598,0.96740615,0.96296275,0.97097564,0.85988384,0.9138235,0.82555723,0.96370727,0.8624644,0.8440872,0.92561793,0.9227326,0.9863673,0.97614855,0.87031084,0.89849895,0.9139193,0.89888364,0.926387,0.84729826,0.7586443,0.84061307,0.8415902,0.8302498,0.90141565,0.9863673,0.7586443
GGGTAACAAAGTCCAAGG,0.927048,0.9588202,0.39180586,0.9655578,0.8569977,0.71992815,0.8561209,0.6063709,0.89506954,0.8766684,0.8618122,0.9659608,0.87378466,0.9964018,0.9780645,0.8550211,0.87971455,0.94567305,0.9527865,0.8693311,0.8352635,0.6159067,0.80771124,0.679923,0.759321,0.83724266,0.9964018,0.39180586
GGGTAACAACCCAACTGT,0.92981666,0.9361544,0.63395554,0.9034996,0.8861511,0.8627557,0.7831985,0.6117501,0.8950748,0.7727996,0.8663395,0.97420263,0.9089643,0.99442875,0.98537505,0.82259715,0.89721036,0.9247259,0.9362771,0.9288119,0.70722294,0.55415297,0.7847117,0.6660787,0.6962625,0.83450073,0.99442875,0.55415297
GGCAGACAGACTCTAATG,0.9323986,0.987361,0.8255125,0.97994506,0.9414576,0.60041225,0.90716505,0.907816,0.9743126,0.96494025,0.8055241,0.9039995,0.7971355,0.93364906,0.9239634,0.8054587,0.53695035,0.85743517,0.8564563,0.78860605,0.6370171,0.4780295,0.6785414,0.6623981,0.673618,0.8144041,0.987361,0.4780295
GGGTAGGGACACAACAGG,0.4679929,0.82685846,0.53908974,0.39727876,0.8207327,0.47812882,0.74849015,0.5092509,0.7646519,0.45892748,0.9260464,0.9655164,0.9622112,0.99895525,0.9938003,0.8820979,0.92868936,0.89630526,0.8789118,0.946057,0.9044296,0.63351166,0.8583088,0.77353716,0.7785315,0.77353257,0.99895525,0.39727876
TGGATCCTAACAACAGCT,0.9833636,0.9134575,0.94800115,0.9944018,0.7524175,0.80705434,0.90507,0.3464531,0.85129964,0.9225392,0.81769395,0.9168878,0.8721666,0.98194516,0.9639282,0.8603086,0.9038457,0.9153682,0.8613121,0.8990451,0.49174377,0.24325718,0.61269706,0.23874915,0.31863648,0.7728658,0.9944018,0.23874915
AGGAGCGAAAAACAAGTG,0.9716484,0.80129856,0.80315185,0.9378606,0.86087674,0.8669234,0.92505854,0.639665,0.94598156,0.7719295,0.87120247,0.92586577,0.90538377,0.96389043,0.9643038,0.8881565,0.9388813,0.9647246,0.93901825,0.9486468,0.89181465,0.8956979,0.90291965,0.88546103,0.8892833,0.89198595,0.9716484,0.639665
CCCCCCCCCCCCCCGCCC,0.001007802,0.00025741698,0.13848227,0.35710245,0.3060869,0.008593557,0.2912024,0.35516864,0.4262444,0.38736308,1.11108375e-05,0.0012397523,0.40297407,0.3598844,0.4104981,0.017258564,0.40395266,0.10273072,0.33229232,0.36910126,0.001053319,0.44888073,0.49338666,0.42455405,0.4217756,0.2584441,0.49338666,1.11108375e-05
GGGGGGGAAAAACAATTG,0.9826435,0.95389533,0.83395857,0.7254502,0.9515796,0.81349915,0.91926634,0.82938176,0.8707292,0.60093135,0.97509307,0.99353087,0.9871621,0.9998548,0.99854356,0.88905674,0.95666873,0.9520625,0.94043136,0.97005486,0.9673641,0.87097293,0.9323727,0.8749327,0.8901327,0.90718275,0.9998548,0.60093135
AGGTAGGGACACAACAGG,0.40292972,0.7667224,0.468537,0.40664646,0.799974,0.4375392,0.7478426,0.5189935,0.7817147,0.54851604,0.86064136,0.9188117,0.9203392,0.9881002,0.97655565,0.8821971,0.9188593,0.89888835,0.8806257,0.93911827,0.86081433,0.6931031,0.8573776,0.78862786,0.8151821,0.76314634,0.9881002,0.40292972
TGGAGCAACAAACATGAA,0.9765466,0.7515837,0.9150817,0.9899914,0.93747866,0.89742184,0.74536717,0.6713664,0.89573336,0.88099104,0.89019954,0.95757765,0.9408087,0.9938592,0.9869471,0.92509943,0.9513983,0.9641573,0.94863987,0.96431637,0.8167001,0.7406922,0.8569386,0.7627173,0.80385274,0.88661873,0.9938592,0.6713664
CGCCCCCCCCCCCCGCCT,0.0064113834,0.0010842924,0.16965936,0.645049,0.46210855,0.0269032,0.39556196,0.32311642,0.60490626,0.44700184,3.4150522e-05,0.0073282733,0.4497638,0.42109504,0.54211867,0.02069601,0.41167498,0.089726664,0.27619138,0.49678186,0.0020182303,0.4101115,0.4582068,0.432694,0.39697492,0.29988873,0.645049,3.4150522e-05
AGGAAGGGACATCCAAAG,0.76137763,0.9147025,0.8520707,0.93611777,0.8725407,0.34418768,0.90664405,0.7664725,0.85465217,0.7573316,0.83030534,0.8812267,0.89423686,0.95316637,0.9394727,0.8316668,0.7687013,0.8687605,0.9015581,0.7826025,0.8502454,0.7853767,0.84584635,0.82770854,0.832897,0.83039474,0.95316637,0.34418768
AGGAGCAAAAAAAATGTA,0.9747466,0.8037924,0.9087712,0.9673526,0.92768174,0.864732,0.8330424,0.5055815,0.8569399,0.8691246,0.8770129,0.9173676,0.92027086,0.9605696,0.95825803,0.88438696,0.9372616,0.96511614,0.9511076,0.92867386,0.9058554,0.9219025,0.9121593,0.8865918,0.90178865,0.89360344,0.9747466,0.5055815
AGGAAAGGACAGCCAGCG,0.8913327,0.82407933,0.80063117,0.9735893,0.8386141,0.6682498,0.9159709,0.6631857,0.79510736,0.8376908,0.7093907,0.67361915,0.78061676,0.8607309,0.8343259,0.7192019,0.80565655,0.92174894,0.94184107,0.6365966,0.7972094,0.8271412,0.84910923,0.8596193,0.84808517,0.8109337,0.9735893,0.6365966
GGGTGACAACCGCACACA,0.995894,0.98653144,0.97278506,0.9928643,0.98415524,0.92603576,0.95294917,0.83309263,0.9896232,0.9589317,0.9008143,0.98904943,0.95551896,0.99858093,0.9935018,0.77883023,0.8796576,0.86180675,0.82044715,0.93194264,0.7652717,0.50021607,0.7953283,0.7117718,0.69482636,0.88681704,0.99858093,0.50021607
GGGATACTACGAACATTG,0.96088046,0.96488667,0.72743565,0.9637453,0.9091088,0.8554101,0.92846745,0.6980563,0.8489905,0.8306421,0.87345713,0.968176,0.8888185,0.99267346,0.96636367,0.8373642,0.85217255,0.9137856,0.8634275,0.80815595,0.7838302,0.3657978,0.6038344,0.4386035,0.49914286,0.8137291,0.99267346,0.3657978
TGCATCGCAACAACAGTT,0.73046625,0.64192605,0.69130766,0.94427425,0.17512426,0.6166853,0.745791,0.15144436,0.7967976,0.83813775,0.7330192,0.7011051,0.7524003,0.87232214,0.9132753,0.8180403,0.8881968,0.8579912,0.53804433,0.8693402,0.32616973,0.3309055,0.6710472,0.35976273,0.50277644,0.6586541,0.94427425,0.15144436
GGGGGCGTAAAAACAGTG,0.7854345,0.77599704,0.9025924,0.8091776,0.84189755,0.6916925,0.906656,0.5046684,0.74069864,0.49697626,0.94609886,0.9861324,0.9694845,0.9992826,0.9956758,0.8356496,0.91361076,0.90557927,0.83075154,0.94079435,0.93152124,0.6582753,0.84998554,0.7773404,0.77611244,0.8308833,0.9992826,0.49697626
AGGAAGGGAAATCAAAAG,0.9060416,0.9634572,0.8996018,0.9544846,0.9436706,0.6405014,0.96523845,0.81674206,0.9228848,0.8373136,0.8962455,0.93300056,0.93256086,0.9799822,0.96115327,0.8646707,0.87637436,0.9420045,0.94339454,0.84572035,0.92218107,0.905125,0.9110371,0.8759312,0.8991525,0.90153867,0.9799822,0.6405014
AGGTAAGAGCAGAACACT,0.9793956,0.97694147,0.9006675,0.9406919,0.95574105,0.8457886,0.85594255,0.7937089,0.9564948,0.8606883,0.85780483,0.90711313,0.9096788,0.9796901,0.94653195,0.903466,0.9082908,0.9547662,0.9506454,0.91199076,0.8560734,0.7823042,0.86483246,0.80506504,0.83793294,0.8976898,0.9796901,0.7823042
AGGAGCAAAAAACATGAA,0.9891111,0.8236359,0.9339313,0.99172866,0.9540616,0.9124172,0.8785208,0.7465666,0.9351282,0.88616335,0.86571026,0.9134669,0.91864437,0.9598062,0.96650195,0.8948966,0.9349969,0.961449,0.95340455,0.9372672,0.88138837,0.9059687,0.90535605,0.8854513,0.89349437,0.9131627,0.99172866,0.7465666
AGGAACGAAAATCGTGAA,0.9622957,0.78050464,0.8473942,0.97434837,0.6415282,0.8171698,0.87457365,0.6970926,0.74196345,0.67326903,0.74577296,0.7305468,0.730461,0.8447028,0.8264825,0.6986812,0.65963036,0.9069999,0.90152806,0.5418146,0.79206026,0.78803927,0.8250273,0.81169504,0.8331605,0.7858698,0.97434837,0.5418146
AGGGAGGAAAATCAATAG,0.94896317,0.9646707,0.80693233,0.910277,0.9464255,0.75388396,0.8789711,0.86227757,0.8825668,0.74528474,0.92439383,0.97344583,0.949478,0.99579394,0.98514587,0.8843918,0.9275477,0.9519937,0.9517781,0.9393833,0.9297617,0.87841755,0.89879125,0.8545406,0.8808691,0.9050393,0.99579394,0.74528474
AGGTGAGGGCAGAACAGT,0.8457648,0.9465527,0.89391327,0.76298076,0.887319,0.8129543,0.8405394,0.671401,0.9500151,0.8113181,0.8027353,0.14336368,0.9108008,0.6553847,0.8389312,0.8259737,0.77751887,0.7735695,0.77485675,0.8146482,0.8730834,0.5821092,0.75779074,0.74429643,0.74399984,0.7776729,0.9500151,0.14336368
TGCATCCCCCCACCGGCT,0.73266715,0.124991395,0.3790437,0.9795326,0.37413013,0.32985672,0.57374895,0.23667657,0.7965203,0.8769924,0.0036073357,0.13217011,0.490897,0.5821265,0.7400056,0.10401926,0.54455656,0.12565719,0.26896304,0.44012433,0.01566493,0.2311384,0.26104158,0.19468163,0.17606352,0.38859504,0.9795326,0.0036073357
GGGTGACAACAGCAAAAA,0.9819697,0.9896585,0.9873627,0.99309474,0.9892012,0.93956035,0.94946223,0.86913484,0.99350035,0.93649703,0.94241935,0.9929017,0.975605,0.9994253,0.99690914,0.8853176,0.9394162,0.9439127,0.8998047,0.9505364,0.8993696,0.75764,0.8846172,0.8079748,0.82683814,0.9332851,0.9994253,0.75764
GGGGGGGAAAGAAAATTG,0.96023774,0.9542649,0.65613765,0.49958026,0.95528126,0.89185333,0.8869104,0.7258595,0.6943566,0.56953144,0.97608596,0.975615,0.98693144,0.99964285,0.9979257,0.8798647,0.9520675,0.9495493,0.939906,0.9592689,0.97279584,0.8913728,0.9360162,0.8767035,0.90137213,0.8795652,0.99964285,0.49958026
AGGAGCGAAAAAAAAGTA,0.95925397,0.7880775,0.89710206,0.9318163,0.86278623,0.8946571,0.92548525,0.5757149,0.8942862,0.82002556,0.9053555,0.94603693,0.9460118,0.97849494,0.9744427,0.87879086,0.9384784,0.96349514,0.9335729,0.9393178,0.9265362,0.93365496,0.92958343,0.9055578,0.91591954,0.9025781,0.97849494,0.5757149
GGGGGAGAACATCATTTG,0.9940775,0.9930454,0.94695973,0.9595115,0.980761,0.8875192,0.9157087,0.9050379,0.9255857,0.8387826,0.9498542,0.99059916,0.96167976,0.9994897,0.99485904,0.8574127,0.86644876,0.8765643,0.90826297,0.91683304,0.90951115,0.52791125,0.64306056,0.6874232,0.577757,0.88058627,0.9994897,0.52791125
GGGTAACAAAGACAAAAG,0.9835813,0.9898962,0.87777174,0.9905798,0.98523337,0.90026045,0.95685166,0.82762223,0.98328626,0.8897761,0.9310047,0.98323995,0.9574697,0.9985499,0.9927437,0.9195572,0.94620526,0.9797029,0.9687794,0.9550191,0.9152405,0.871913,0.9118126,0.84706473,0.8722744,0.93741745,0.9985499,0.82762223
AGGAACTACAATCGTGAA,0.92426604,0.768847,0.7300762,0.96545756,0.78237045,0.79866993,0.8263365,0.69316775,0.8358005,0.55693215,0.6338735,0.6449918,0.5910864,0.727014,0.7630527,0.6615841,0.58725476,0.8498182,0.86935675,0.41112614,0.5657743,0.48272106,0.7099519,0.5886526,0.71628916,0.70737886,0.96545756,0.41112614
CGGGGACCGCCGACCGAG,0.6849674,0.9103365,0.8958867,0.961918,0.9725206,0.70866966,0.79851514,0.8185402,0.97504646,0.7665681,0.016706543,0.4604865,0.860134,0.9259614,0.96138185,0.46669912,0.6627625,0.63835305,0.6097509,0.8185792,0.24459936,0.34499812,0.48877367,0.71344465,0.5998356,0.69221747,0.97504646,0.016706543
GGGGAATGACATCATTTG,0.9878468,0.99436307,0.79298955,0.96127874,0.9740583,0.8330145,0.9453712,0.84658355,0.9156873,0.7827059,0.9239854,0.98387206,0.9186058,0.99817246,0.9805562,0.79074055,0.5393003,0.7652965,0.8722725,0.5795821,0.86361855,0.30130917,0.36241877,0.40575156,0.29868373,0.7847227,0.99817246,0.29868373
AGGGGAGCGCAGATCGCG,0.33608928,0.9360268,0.85402584,0.6810914,0.9210672,0.6276609,0.79609686,0.80478644,0.909027,0.8018322,0.23139834,0.120697,0.8480712,0.6717168,0.83823687,0.6812157,0.3950992,0.5473885,0.61042315,0.5567503,0.73223275,0.50223345,0.53702205,0.7490104,0.67524594,0.6545778,0.9360268,0.120697
GGGATACTAACAACAGCG,0.98881835,0.97869456,0.95957375,0.99521124,0.93913287,0.8251708,0.96840054,0.7367322,0.9357402,0.92652583,0.8703792,0.97108227,0.9178769,0.99416447,0.9776539,0.89223295,0.9211564,0.9615192,0.9349479,0.9018681,0.814467,0.59467036,0.8071966,0.64415944,0.7436356,0.8880405,0.99521124,0.59467036
GGGGGGTAACGACAATTG,0.9767965,0.94544435,0.47423327,0.62592626,0.96092516,0.8454005,0.8237566,0.76840764,0.87330496,0.5041878,0.95236444,0.96312785,0.97274053,0.9970643,0.9955774,0.84798086,0.89498,0.8929393,0.8337075,0.9330075,0.9127805,0.48621744,0.64142,0.6645797,0.5270545,0.81255704,0.9970643,0.47423327
GGGTAACAAAAGCAAAAT,0.969862,0.9806413,0.9593026,0.9933122,0.97760904,0.87922215,0.9555619,0.8060838,0.98924565,0.86463946,0.9320345,0.9827039,0.9597196,0.9985458,0.9926304,0.88243645,0.93735784,0.9721332,0.9550082,0.9296108,0.91390055,0.86490023,0.90785694,0.8391463,0.8669224,0.93241537,0.9985458,0.8060838
GGGGGACAACAGAAAACA,0.98757386,0.99187016,0.99215037,0.990228,0.99323565,0.9367768,0.95810294,0.88497514,0.9836864,0.95354664,0.96028984,0.9968982,0.98515624,0.9996716,0.9977649,0.9154549,0.9549463,0.9616724,0.94932556,0.963666,0.9398001,0.87848455,0.9229132,0.8924209,0.8887078,0.9551727,0.9996716,0.87848455
GGGTAATTACATCAATCG,0.9902818,0.9969979,0.90161145,0.9831473,0.9418097,0.81444544,0.94249076,0.8859628,0.9625634,0.87246543,0.8981923,0.97889066,0.90337247,0.9975463,0.9690711,0.83528775,0.67941564,0.84923214,0.845256,0.7271599,0.79918927,0.15779936,0.32415515,0.15137056,0.14895761,0.7822669,0.9975463,0.14895761
GGGAATCGGACATGTCCG,0.93898225,0.87388587,0.47255832,0.6707414,0.36334217,0.66001785,0.8860843,0.42833358,0.44706413,0.8083329,0.7610592,0.81033134,0.7614737,0.8343421,0.4214149,0.504835,0.33988407,0.40957943,0.5729,0.12155183,0.67211837,0.26430443,0.27956048,0.44064713,0.30574515,0.56196356,0.93898225,0.12155183
GGGTAACAACCCAACGCT,0.9696805,0.9636188,0.8647032,0.9760515,0.9497984,0.8483202,0.88339216,0.71706605,0.9343528,0.81575465,0.859374,0.97331834,0.9178876,0.9942962,0.9847486,0.823773,0.90398115,0.9350736,0.93910104,0.9417191,0.70463216,0.6041053,0.8037698,0.71627444,0.71693194,0.86966896,0.9942962,0.6041053
TCCCCCGCCCCCCCGGCC,0.0019220756,0.0005204932,0.10460478,0.17858729,0.084810644,0.018151812,0.24724622,0.18581742,0.23273957,0.3100147,1.0533128e-05,0.0017270838,0.3363773,0.34410262,0.24912201,0.013480674,0.26589033,0.04007227,0.17794742,0.14569557,0.0018733926,0.3118765,0.27567643,0.28606793,0.27749234,0.16367312,0.34410262,1.0533128e-05
GGGGGATTAAGAACATTG,0.86636233,0.9715589,0.63920593,0.80607784,0.97081476,0.8617152,0.91479474,0.7204597,0.76322746,0.510802,0.9532354,0.9863673,0.96248764,0.999246,0.99022704,0.8732943,0.8715606,0.9261618,0.8881655,0.8905822,0.9357753,0.4740789,0.64277893,0.5346945,0.4900997,0.81775093,0.999246,0.4740789
TGGGGATTAACAACATTG,0.95478576,0.9863714,0.910731,0.95489186,0.97727305,0.8144312,0.88798434,0.69404334,0.7855916,0.7284863,0.93910444,0.98775685,0.96108234,0.9994117,0.9926427,0.9054374,0.9213394,0.936286,0.8781629,0.95103645,0.87685746,0.2271753,0.52615935,0.23956284,0.22263321,0.8103695,0.9994117,0.22263321
GGGAGACAAAAGCCAAAG,0.9523233,0.95193595,0.9586431,0.9942155,0.98277307,0.8687421,0.9661921,0.87052065,0.98543143,0.86191094,0.9141154,0.9845338,0.95482606,0.9976976,0.98978424,0.8702011,0.927379,0.9631054,0.95662266,0.9217919,0.9097892,0.88293266,0.9099753,0.8893064,0.8821841,0.9338774,0.9976976,0.86191094
GGGAAACTGACTCCAATG,0.9520728,0.9819633,0.84647834,0.98466736,0.87838435,0.48410332,0.96140593,0.8168293,0.92618084,0.91203403,0.8282876,0.9504277,0.84595335,0.9811102,0.94095904,0.7195682,0.4262457,0.8012095,0.8656854,0.5147981,0.7296214,0.45186254,0.6794169,0.6099334,0.6477008,0.7894759,0.98466736,0.4262457
TGGAGCGTAACAACATTG,0.97676706,0.94993305,0.9188244,0.9616972,0.88589644,0.766549,0.87017524,0.5246657,0.7551293,0.8443055,0.89782965,0.965215,0.92848194,0.9952945,0.9803797,0.8980701,0.9196922,0.9310074,0.86912066,0.9521519,0.79966825,0.35108528,0.6765004,0.43084064,0.46906853,0.820734,0.9952945,0.35108528
AGGTAGGGACACAACACG,0.7859195,0.9063923,0.80428827,0.7304327,0.93990356,0.5228122,0.8615798,0.646886,0.8714818,0.66017574,0.87962615,0.9419887,0.93812716,0.9893885,0.97823554,0.889058,0.91600895,0.905404,0.8836061,0.94972354,0.85656863,0.6887127,0.86044633,0.7890249,0.80875325,0.8401819,0.9893885,0.5228122
ACGGGAGCGCAGATCGCG,0.046790592,0.7692305,0.63658506,0.24689743,0.82936054,0.44071427,0.69234556,0.7450791,0.77617306,0.7008508,0.037620336,0.0412193,0.5962937,0.17460158,0.4690277,0.44193295,0.2344647,0.40906984,0.38537982,0.24351639,0.45408106,0.43159598,0.49945703,0.7203871,0.6813868,0.4681625,0.82936054,0.037620336
AGGGGAGAGCAGAACGCG,0.9412829,0.95133674,0.9399512,0.8876213,0.9734934,0.84041476,0.9025968,0.8797108,0.94374186,0.83729774,0.8642169,0.6938197,0.93551826,0.99251246,0.9761896,0.8803292,0.88892233,0.92698884,0.9279089,0.9218926,0.9013663,0.815946,0.87582755,0.8630737,0.86763656,0.89718384,0.99251246,0.6938197
GGGATTCGGTCAACTCCT,0.9559978,0.8998387,0.76200753,0.8940186,0.1904342,0.6889859,0.9175287,0.25682944,0.43528274,0.88243675,0.7105104,0.74505883,0.835209,0.21176876,0.07007545,0.38371903,0.2891522,0.16273221,0.37590292,0.15951017,0.47859663,0.0843133,0.0697503,0.123712696,0.031193415,0.46458262,0.9559978,0.031193415
TGGGGAGTAAGAACATTG,0.90213627,0.9665394,0.7782983,0.8726139,0.9539718,0.83938885,0.90217173,0.6322981,0.68713254,0.67626595,0.94834495,0.9623029,0.96323234,0.99847084,0.9895361,0.904345,0.93305063,0.9486003,0.9393693,0.958516,0.9227832,0.46229255,0.6900478,0.5026299,0.47651643,0.8324342,0.99847084,0.46229255
GGGTCACAAAGACAAAAG,0.96085507,0.9767547,0.7885761,0.98220176,0.98077667,0.9113752,0.9602579,0.7834481,0.9782519,0.8963778,0.9180981,0.9804123,0.94239485,0.99728674,0.9919902,0.90922296,0.93810624,0.9629381,0.9325859,0.9480169,0.87258244,0.8038949,0.8819827,0.8090249,0.82977265,0.9174874,0.99728674,0.7834481
GGGTAACAAAAGCAAAGT,0.95470446,0.96210074,0.8322664,0.9759803,0.9267608,0.8580112,0.9226293,0.63930583,0.9720401,0.8694454,0.9148158,0.9786189,0.9404337,0.99810284,0.99014324,0.87659085,0.94131255,0.97143495,0.95477283,0.9218549,0.90342075,0.8488056,0.8965383,0.82681805,0.8556767,0.9093034,0.99810284,0.63930583
GGGTAACAACCGCACGCA,0.9931988,0.976314,0.9021028,0.9917254,0.94646084,0.9087952,0.9245548,0.8179601,0.97444004,0.92743325,0.82829607,0.9654167,0.8959023,0.99387693,0.9799749,0.6786836,0.84134597,0.88835204,0.8801367,0.8613627,0.6862891,0.5430613,0.7779057,0.7076557,0.7113139,0.8641023,0.99387693,0.5430613
TGGAGCACCACACCAGTA,0.75294155,0.5417722,0.7147915,0.95026463,0.787984,0.54251873,0.52323145,0.21092974,0.7847657,0.83603686,0.7780522,0.9383572,0.8915423,0.98073906,0.9780128,0.8093578,0.90271956,0.81375295,0.81935155,0.94176877,0.48087797,0.45589435,0.73944587,0.6354207,0.64334244,0.7381548,0.98073906,0.21092974
AGGAAGGAAAATCCAGAA,0.84845877,0.7214444,0.6829178,0.9443524,0.6062724,0.6406807,0.8238647,0.7234668,0.75031453,0.6649848,0.84352875,0.88530064,0.88854223,0.9631758,0.9384354,0.8395577,0.87122095,0.9394835,0.9484018,0.82036054,0.88809144,0.8887941,0.889677,0.86556286,0.8821602,0.830362,0.9631758,0.6062724
GGGTGACAGAAGCAAAAG,0.9678654,0.9810955,0.9566017,0.98618317,0.9887232,0.91997313,0.95205945,0.8694289,0.9925386,0.8686924,0.9416604,0.98797685,0.969595,0.99950844,0.99601674,0.872335,0.932606,0.93592244,0.9042485,0.9434495,0.9226879,0.77722687,0.8919127,0.8148155,0.8446301,0.92871016,0.99950844,0.77722687
GGGGGCGAAAAAACATTG,0.9352148,0.8367134,0.8472247,0.8118494,0.9397891,0.7924451,0.87852794,0.6251941,0.7771872,0.56520313,0.96211964,0.99540454,0.9779571,0.99969184,0.9973668,0.8684335,0.9360043,0.93455094,0.8922087,0.95658475,0.9475999,0.8346755,0.9092605,0.86169136,0.8652237,0.87792474,0.99969184,0.56520313
GGGAAACAAAGTCCAATG,0.9346494,0.96731675,0.6263209,0.9831722,0.93449074,0.73991966,0.93617034,0.77201796,0.9282064,0.9011324,0.8560557,0.953542,0.87102836,0.9873388,0.95635295,0.86334354,0.8646622,0.9588568,0.9663229,0.8285679,0.85294646,0.807374,0.85094154,0.82382,0.82536304,0.8795965,0.9873388,0.6263209
AGGTGAGGGCAGAACACT,0.9640442,0.97992975,0.9616807,0.9228363,0.9629145,0.82000333,0.90487427,0.7541067,0.9666544,0.87007266,0.852261,0.26283312,0.93837667,0.7946411,0.87966305,0.8388633,0.7996261,0.79516405,0.78046435,0.86358464,0.8750069,0.5754391,0.7884901,0.7517145,0.75423074,0.8262991,0.97992975,0.26283312
AGGGAGGGACATCAATAG,0.91826916,0.98034906,0.89473253,0.89357543,0.94918615,0.61856353,0.9134243,0.8465282,0.8883813,0.7293891,0.9031964,0.9083326,0.9422512,0.99194264,0.9814218,0.8690195,0.81872576,0.8767178,0.89767104,0.9048178,0.8994144,0.7054173,0.8221291,0.7990937,0.81872255,0.87085074,0.99194264,0.61856353
CGCCCCCCGCCACCGCCC,0.06891645,0.011661207,0.2678075,0.863773,0.49265075,0.05132461,0.5872534,0.58875394,0.72951454,0.6128011,0.00016119267,0.008837919,0.45640424,0.41020805,0.51847446,0.038081266,0.43261334,0.09268789,0.22175707,0.4306147,0.005850396,0.4027985,0.47146034,0.49111274,0.44781616,0.3481334,0.863773,0.00016119267
GGGGGATAAAGACCATTG,0.97117,0.957956,0.39879915,0.9134015,0.98009473,0.8641658,0.85347205,0.71819085,0.87467736,0.5588679,0.94864386,0.9905987,0.958266,0.9996489,0.9951081,0.89095646,0.91839206,0.9430415,0.9340791,0.9276709,0.92906326,0.6643602,0.83831435,0.7489439,0.7612425,0.861565,0.9996489,0.39879915
GGGTGACAACAGAAAAAA,0.9813013,0.9937843,0.99245554,0.99206495,0.99266815,0.954711,0.9396399,0.87637156,0.9908568,0.9404249,0.95317537,0.994261,0.9821244,0.99956924,0.997398,0.9148981,0.9517982,0.96024024,0.92821634,0.9613046,0.92822075,0.84217703,0.9130433,0.8393396,0.8644404,0.94737935,0.99956924,0.8393396
GGGTAACAAAATCCAACG,0.98072374,0.9860192,0.90530306,0.9942009,0.96637505,0.7482036,0.93525094,0.85919005,0.972441,0.91498506,0.8949877,0.9777472,0.92887145,0.9973985,0.9863982,0.8801138,0.90399873,0.95433223,0.95351803,0.92786556,0.85402435,0.72184634,0.8493276,0.72859395,0.7842524,0.90423864,0.9973985,0.72184634
AGGGGAGAGCAGAACACT,0.96806407,0.96831,0.96594536,0.9287259,0.98029345,0.8118931,0.8898441,0.8424661,0.9640435,0.8386973,0.9170429,0.91182125,0.9603234,0.99614966,0.98584735,0.9033744,0.92111844,0.938638,0.9389657,0.9498805,0.9179803,0.8406367,0.89367217,0.87028575,0.8736255,0.9191058,0.99614966,0.8118931
GGGTAACAACCACACGCT,0.995629,0.98430693,0.902864,0.9922277,0.9499795,0.88228756,0.9114767,0.76019335,0.96996826,0.8706213,0.8593466,0.9730179,0.91493595,0.994573,0.9848263,0.8222366,0.90174073,0.93359596,0.92504823,0.9336449,0.71389383,0.61127776,0.8074812,0.72036374,0.7205601,0.8814439,0.995629,0.61127776
GGGGAATAACGTCATTTG,0.9929564,0.98890936,0.42318758,0.9373567,0.9693959,0.90265733,0.8958579,0.88948417,0.88722646,0.7247972,0.90781176,0.9803922,0.8711612,0.9976518,0.96985996,0.747759,0.6343046,0.8673539,0.88745064,0.67543095,0.8433718,0.2869565,0.34611166,0.3978002,0.2952728,0.77282083,0.9976518,0.2869565
GTGGGCGTAACGACATTG,0.7607986,0.785903,0.8118824,0.782477,0.8928052,0.58428466,0.7374517,0.5154472,0.50580984,0.5809271,0.836558,0.8584981,0.92602485,0.8755918,0.915657,0.8081097,0.79793936,0.70063895,0.58614254,0.9048282,0.72412694,0.16587572,0.24882609,0.2992965,0.135263,0.6696465,0.92602485,0.135263
CGGGGACAGCCGATCGAG,0.8293499,0.97731704,0.9462534,0.96382254,0.9796593,0.7539689,0.87418735,0.909863,0.98372567,0.8945865,0.29438484,0.6769544,0.8717536,0.951892,0.96307814,0.7298228,0.5855835,0.73176444,0.7567996,0.79110724,0.46684724,0.40259662,0.49065444,0.7056322,0.61948216,0.7660435,0.98372567,0.29438484
AGGAGCTACAAACGTGAA,0.9726791,0.7140726,0.8017985,0.95525676,0.8801571,0.8479206,0.8396559,0.659062,0.9168525,0.47874412,0.7715482,0.8625569,0.81403214,0.91682273,0.93089217,0.8219413,0.8482024,0.9135315,0.8737124,0.8072545,0.72677785,0.62930757,0.7807484,0.7264213,0.77103084,0.81043917,0.9726791,0.47874412
GGGAAACTAACACCGTCG,0.993214,0.97536236,0.9057658,0.99438596,0.95986587,0.67883635,0.9510312,0.82159925,0.90897197,0.9470145,0.80530673,0.9444005,0.83920455,0.9780106,0.9457345,0.8120994,0.8427458,0.9471584,0.94975257,0.8351317,0.7242082,0.63029516,0.7769869,0.7341285,0.73870796,0.86559683,0.99438596,0.63029516
CGGGGACAGCCCAACGCT,0.91941345,0.91631144,0.93520766,0.96280843,0.97044426,0.7244656,0.8642564,0.83763003,0.9734832,0.8508023,0.7203211,0.94727933,0.91170585,0.9794117,0.98017496,0.7636588,0.86880773,0.8139179,0.838903,0.9367561,0.4993257,0.5033859,0.7275964,0.7616549,0.6962999,0.8361609,0.98017496,0.4993257
GGGGGACAGCAGACCAAA,0.8776285,0.9587688,0.9824011,0.9637733,0.9848614,0.86661124,0.86341745,0.8449439,0.9704306,0.79820216,0.92434436,0.9794132,0.9750639,0.999437,0.9960141,0.8635032,0.8989744,0.8918925,0.89772767,0.9403651,0.9028172,0.7458361,0.8698189,0.85119253,0.8352516,0.9073077,0.999437,0.7458361
TGGGGATTAAGAACATTG,0.85291976,0.96846014,0.6193564,0.8541504,0.9649525,0.8522428,0.89046353,0.63404906,0.7161461,0.5943416,0.9407372,0.97696406,0.9496568,0.99846166,0.9804428,0.8840619,0.8737657,0.92822886,0.8803998,0.9026235,0.90044206,0.24791065,0.4729982,0.25154868,0.21954453,0.7741948,0.99846166,0.21954453
GGGACACAGACTCTAATG,0.91107976,0.98391765,0.7496657,0.9664452,0.9298506,0.572171,0.93910766,0.86632717,0.9351086,0.9461858,0.8291824,0.94700104,0.82747877,0.97073376,0.9496511,0.80834603,0.5741195,0.87366956,0.8630184,0.78645164,0.68399733,0.49079847,0.70605373,0.6743164,0.6788137,0.81853974,0.98391765,0.49079847
TGCAGCACCAAACATGAA,0.7317421,0.4459372,0.74872726,0.97169805,0.7908159,0.6723212,0.6147493,0.5557116,0.8950127,0.7967579,0.7604728,0.78759426,0.8373037,0.89505565,0.95198375,0.79944247,0.915088,0.87606597,0.82308024,0.9307111,0.44399044,0.57553583,0.7550061,0.6394871,0.6994722,0.75655055,0.97169805,0.44399044
AGGTAGGGACATAATATG,0.9371789,0.9851829,0.8900362,0.8566037,0.9321606,0.6625416,0.8985148,0.67788976,0.77725685,0.8733455,0.8939719,0.9145161,0.91598153,0.9806672,0.9529842,0.8873853,0.78737766,0.9093541,0.8777346,0.87134767,0.88019794,0.4758721,0.65395707,0.5536369,0.6287647,0.8269783,0.9851829,0.4758721
TGGAGCACCAAACATGTA,0.8565884,0.63235587,0.8170502,0.9351993,0.82678294,0.7016637,0.623619,0.4186577,0.8287996,0.8382153,0.8548003,0.9508594,0.9092116,0.9876429,0.98204374,0.8608935,0.92695767,0.90546227,0.89660066,0.94557035,0.67251486,0.52119976,0.77087486,0.63209885,0.70018905,0.7998341,0.9876429,0.4186577
GGGATCCGGACAACTGCT,0.97790235,0.8159083,0.85013205,0.9770344,0.54542017,0.83661395,0.8880864,0.2698132,0.72933567,0.9057148,0.78586364,0.9201932,0.8756935,0.9797544,0.9481223,0.5989315,0.7085292,0.5783357,0.5993761,0.5584422,0.5968143,0.31229395,0.46056318,0.5360045,0.41699493,0.7068749,0.9797544,0.2698132
CGGTGACAACCCAACGCA,0.96673566,0.9571598,0.94885445,0.9848256,0.9746367,0.8754267,0.9189083,0.8454844,0.9889395,0.9134181,0.83776486,0.9418394,0.9062906,0.9769035,0.9784568,0.7901811,0.91376686,0.8866779,0.8812499,0.9613712,0.47976047,0.49283403,0.74784213,0.67072207,0.66800016,0.86032206,0.9889395,0.47976047
GGGGGCGAAAATCAAGTG,0.9463919,0.90360665,0.88302237,0.90880007,0.9142379,0.84439963,0.9149894,0.74122226,0.8977714,0.5823973,0.9451366,0.9887871,0.9622923,0.9994408,0.9955467,0.8279259,0.9021543,0.8977177,0.86591876,0.92591006,0.92863184,0.7075022,0.8457154,0.80448216,0.81746244,0.87805855,0.9994408,0.5823973
TGCAGCGCCACACCAGTA,0.55723715,0.30040434,0.5347103,0.9101638,0.3615119,0.48786497,0.5547716,0.24209638,0.843279,0.82675153,0.19809452,0.6873412,0.7604216,0.8441303,0.93402416,0.53308547,0.81763136,0.43270037,0.32084218,0.84500724,0.17694312,0.32028097,0.61507386,0.53323656,0.51047486,0.56592315,0.93402416,0.17694312
ACGAGAGAGCAGACAACG,0.6391342,0.78816956,0.8670657,0.77572304,0.93154985,0.61477965,0.8246637,0.8072409,0.87583244,0.86269265,0.7357611,0.4924335,0.8029741,0.6882596,0.7985585,0.84669286,0.8122554,0.93174285,0.9065069,0.75021046,0.76244026,0.8294252,0.85645807,0.8636356,0.8529581,0.79668665,0.93174285,0.4924335
GGGTAACGACACAACTGT,0.7784435,0.9378785,0.7560155,0.7983055,0.8409564,0.8253304,0.84793776,0.5377775,0.87875473,0.74067825,0.89206344,0.97672373,0.9233202,0.99618644,0.98769,0.87767684,0.90835524,0.9360722,0.90512246,0.92671424,0.80522543,0.5635158,0.79852104,0.6901237,0.72385395,0.8341297,0.99618644,0.5377775
AGGAAGGGAAATCCAGAA,0.79983747,0.7779641,0.7566454,0.9426018,0.657552,0.53956586,0.87343246,0.6317711,0.71035767,0.65664756,0.84950143,0.86023176,0.8878788,0.9664657,0.93671113,0.8089802,0.76868576,0.9030049,0.92933387,0.72517663,0.890018,0.8534274,0.8754571,0.8522963,0.86883736,0.8128953,0.9664657,0.53956586
GGGATAGTAACAACATTG,0.985967,0.9832813,0.88984185,0.9769485,0.9196341,0.8049458,0.9406466,0.71162945,0.790024,0.8509969,0.9221869,0.98077714,0.9389876,0.9979578,0.98246163,0.9129147,0.9266206,0.956424,0.9390247,0.9127225,0.8876579,0.53168255,0.8028894,0.5540074,0.6848486,0.87140304,0.9979578,0.53168255
GGGACACAGAGGCTAAAG,0.75136477,0.90438426,0.48240486,0.94666046,0.9251207,0.7717985,0.91360927,0.8150557,0.9379625,0.9062852,0.8278949,0.912928,0.84280795,0.9793198,0.9481256,0.744852,0.59140474,0.88496935,0.85609794,0.6400746,0.8186107,0.7033376,0.80392516,0.81057405,0.8072702,0.82107353,0.9793198,0.48240486
CGGATCCGGTCATGTCCT,0.9466833,0.5783903,0.45248386,0.757323,0.065501034,0.50712687,0.88042027,0.14785904,0.446987,0.80677354,0.024254672,0.032901492,0.19512662,0.0010424474,0.0015862429,0.10629412,0.06775144,0.016473651,0.16249536,0.018993767,0.07612628,0.075289495,0.025989167,0.11222186,0.026962047,0.2613223,0.9466833,0.0010424474
GGGGGCGTAACAACAGTG,0.9002298,0.88593584,0.9394533,0.89632773,0.8928068,0.6942755,0.8948984,0.49583763,0.7451957,0.617999,0.92942894,0.97689885,0.96306646,0.99794334,0.9945581,0.8600771,0.915785,0.9039035,0.8331651,0.9542833,0.88399166,0.5054464,0.71908617,0.71427774,0.62528926,0.8296063,0.99794334,0.49583763
AGGAAGGGAAATCAAGAA,0.9104425,0.9232865,0.86842436,0.95158345,0.82204616,0.74972737,0.94687504,0.7267284,0.84634525,0.75598735,0.8852454,0.9088999,0.918419,0.9767228,0.9539875,0.85102886,0.85976815,0.93548244,0.9395924,0.7954904,0.91618496,0.8954639,0.90249574,0.8705129,0.8944411,0.8802073,0.9767228,0.7267284
CGCATCCCGCCACCGCCT,0.7116477,0.12148054,0.31685457,0.9674321,0.44878948,0.2316109,0.704171,0.4478959,0.85297847,0.79168594,0.003182352,0.037081316,0.46297878,0.41194856,0.5110085,0.057028484,0.326385,0.066919796,0.16434923,0.17835969,0.014757455,0.30475274,0.37074235,0.37198254,0.36700618,0.36972117,0.9674321,0.003182352
GGGATCCTAACAACTGCG,0.9896633,0.9349314,0.93811744,0.99283636,0.86661124,0.80352604,0.9416711,0.47925654,0.8342517,0.9182385,0.82545924,0.9590931,0.85683215,0.98445386,0.9628816,0.7426787,0.80899316,0.8364524,0.8445906,0.787493,0.60422754,0.2928805,0.52741665,0.377556,0.3862647,0.77985513,0.99283636,0.2928805
AGGAACAACGAACGTGAA,0.9279866,0.4389709,0.70015085,0.9223116,0.7585938,0.7211971,0.758115,0.6415146,0.70386076,0.56578505,0.67291474,0.63302964,0.72747093,0.7771937,0.832603,0.8328671,0.8146129,0.9521933,0.9238798,0.7458366,0.71780056,0.8134694,0.8365123,0.8422707,0.83793956,0.76396316,0.9521933,0.4389709
GGCCCTCGGTCCTGTCCC,0.013920596,0.033824954,0.09212786,0.08574642,0.008512728,0.09788931,0.7038426,0.15347572,0.09918775,0.33834586,0.00022134655,0.0023012157,0.0879944,8.865931e-05,0.00016938412,0.029171601,0.042649243,0.004555928,0.09095272,0.010946793,0.014845639,0.065352954,0.012029794,0.08858229,0.012117653,0.083554134,0.7038426,8.865931e-05
AGGGGACCGCCGAACGCA,0.9542015,0.96747315,0.9504924,0.9701122,0.96863955,0.8393188,0.9063447,0.7379126,0.9728916,0.884707,0.14220689,0.7853266,0.90351427,0.96811736,0.97183675,0.6329895,0.74545,0.81346965,0.7128654,0.8330112,0.5601332,0.53827393,0.73319155,0.7885968,0.7474085,0.80113953,0.9728916,0.14220689
GGGGGACAACAGAACAAA,0.97099674,0.99013805,0.99162257,0.9886206,0.9929431,0.9388132,0.9355004,0.87352234,0.98855764,0.8801829,0.9549588,0.9963012,0.9838472,0.99965763,0.99767584,0.9184398,0.95537406,0.9623259,0.9506209,0.9668041,0.93290645,0.86128056,0.9164693,0.88705146,0.8796231,0.9485694,0.99965763,0.86128056
GGGTGACAAAAGCAAAAG,0.97589016,0.9862738,0.97659594,0.99261504,0.9921068,0.92439294,0.9697345,0.8830342,0.9949447,0.8919603,0.946402,0.99271744,0.9735,0.9995697,0.99673015,0.88431114,0.9469986,0.9628754,0.9313553,0.95278513,0.9268728,0.8388282,0.9106959,0.8354554,0.86177695,0.94193685,0.9995697,0.8354554
GGGTGACAACAGCAAAGT,0.95958453,0.97036976,0.9400156,0.97197646,0.95934856,0.90137404,0.91788983,0.68512964,0.98383826,0.8809738,0.92270714,0.9900809,0.9579242,0.99911034,0.9951869,0.87824637,0.94240713,0.9419833,0.89824677,0.9446092,0.879612,0.6820751,0.8531899,0.77062136,0.79486746,0.9048547,0.99911034,0.6820751
GGGATACTAACAACATCG,0.9950654,0.9907475,0.9656007,0.99537057,0.95766467,0.86636543,0.9691365,0.8201321,0.9316785,0.94574714,0.891053,0.97576845,0.92811203,0.99482393,0.97984934,0.90851104,0.91319263,0.96033907,0.93783766,0.9120488,0.806732,0.5390991,0.78918517,0.5736129,0.7093496,0.8902808,0.99537057,0.5390991
TGGGTAGTAACAACATTG,0.97964114,0.9838163,0.8871464,0.9694697,0.95128524,0.74222386,0.9216435,0.66145074,0.73772436,0.7755445,0.935984,0.98285896,0.9565394,0.9993048,0.991499,0.91871136,0.9442498,0.9498766,0.9237865,0.96833074,0.8650007,0.20980352,0.5343173,0.21981685,0.19874915,0.8083508,0.9993048,0.19874915
GGGTAACGACCCAACTGT,0.8944498,0.9430999,0.6823662,0.8735761,0.86340266,0.8428535,0.82706916,0.49640268,0.849976,0.7939039,0.8649624,0.9742121,0.9088425,0.9943355,0.98516846,0.7710573,0.86098206,0.889534,0.90273756,0.908299,0.693628,0.4342886,0.73721415,0.6236255,0.61897177,0.8093983,0.9943355,0.4342886
GGGGGGTAAAGACCATTG,0.9509522,0.88948566,0.2705915,0.61455023,0.9338809,0.74603283,0.7400388,0.62198776,0.70014435,0.368586,0.9529675,0.96574616,0.9670355,0.99882823,0.99545056,0.86553437,0.90091556,0.9153491,0.9022321,0.92935884,0.92575574,0.5410844,0.70865417,0.687432,0.5728524,0.7866179,0.99882823,0.2705915
GGGTAACAACAACAAAGT,0.9812578,0.9817637,0.88147277,0.97567284,0.9296907,0.8439179,0.92668885,0.63662916,0.9702008,0.85388064,0.91447544,0.9825154,0.9520054,0.9976822,0.99249125,0.9245526,0.9521159,0.97570735,0.9612935,0.96403795,0.8810043,0.8174629,0.89062625,0.81395155,0.83282125,0.91335684,0.9976822,0.63662916
GGGTAACAACCGCACACA,0.99542826,0.98650473,0.9413488,0.99338025,0.97180116,0.8914314,0.9462119,0.82820845,0.98162216,0.9468677,0.87173915,0.975135,0.9288074,0.9956669,0.98571587,0.7779615,0.86219823,0.9075738,0.90068305,0.90118796,0.72632354,0.6079193,0.80946857,0.7360236,0.7328657,0.888083,0.9956669,0.6079193
TGGGGGGTAAGAACATTG,0.8055693,0.9004685,0.6386372,0.50867075,0.82516825,0.6867303,0.8377383,0.4985423,0.45617267,0.4662322,0.94740504,0.72609967,0.9688519,0.90294397,0.95542383,0.8695256,0.9092059,0.9033212,0.8869482,0.9460358,0.9128602,0.3234995,0.48612177,0.4333107,0.26141703,0.72227615,0.9688519,0.26141703
GGGAAACAGAGTCTAATG,0.91200316,0.98448294,0.50794506,0.9513168,0.92327064,0.6857264,0.9145754,0.8736428,0.92777914,0.9172355,0.85899913,0.9462245,0.84119254,0.98610014,0.93312854,0.8454962,0.6288917,0.9313483,0.9467595,0.6384572,0.85135525,0.6609659,0.7882298,0.75664836,0.7833883,0.8398065,0.98610014,0.50794506
GGGGGGGAAACAACATTG,0.96102524,0.93539625,0.8757175,0.6878546,0.9429303,0.7311348,0.8221424,0.6762961,0.6559626,0.61009395,0.96761316,0.9892229,0.9845504,0.9997611,0.9980273,0.892186,0.9497109,0.94334346,0.93122447,0.9699152,0.9526425,0.7917458,0.90503967,0.8517556,0.8549933,0.8752114,0.9997611,0.61009395
AGGAGCGTAAAAAAAGTG,0.94846874,0.9079969,0.9064503,0.9284126,0.8541444,0.793518,0.95348257,0.6019157,0.8866475,0.75946844,0.8819718,0.9361813,0.9133691,0.97046393,0.9566929,0.855748,0.9126641,0.9467101,0.8999608,0.91781366,0.9026752,0.8586935,0.89108425,0.83632076,0.8705545,0.88365644,0.97046393,0.6019157
GGGATACTACGAACATCG,0.9831785,0.9673994,0.8553318,0.98430544,0.92494583,0.8822019,0.95017815,0.79029566,0.8813697,0.90411156,0.870282,0.9689507,0.9017592,0.99283034,0.96826315,0.83180046,0.849809,0.91780996,0.879657,0.8342331,0.7785065,0.41152042,0.6812532,0.49799263,0.5774845,0.84341884,0.99283034,0.41152042
GGGGGAGGGCACAACGGT,0.25641492,0.69633204,0.819868,0.39873016,0.7441904,0.76411295,0.7934268,0.6076178,0.80682755,0.50687814,0.8394914,0.18805389,0.96580106,0.935044,0.98627687,0.81735975,0.88641095,0.82191014,0.7918317,0.9196341,0.88394254,0.630513,0.7317903,0.81563455,0.7383188,0.73385644,0.98627687,0.18805389
TGGATCCTGACAACAGCG,0.9736604,0.85693634,0.8868393,0.9863303,0.57359874,0.7395848,0.8859986,0.4684457,0.8674766,0.89759785,0.75419426,0.8927303,0.8431849,0.9742063,0.92116445,0.6973272,0.6988062,0.4919149,0.62844735,0.5453536,0.3977556,0.17515324,0.38981307,0.21114269,0.18712912,0.6777918,0.9863303,0.17515324
GGGATTCGGACATGTACG,0.99183625,0.967743,0.69096476,0.9022681,0.43852842,0.71463156,0.95211244,0.42997992,0.7201305,0.86178136,0.76518613,0.75133556,0.7651799,0.27088532,0.1476269,0.5912119,0.30561748,0.30488083,0.3752976,0.12021249,0.6369091,0.11230852,0.102393866,0.1906531,0.07541711,0.5274037,0.99183625,0.07541711
AGGAGCGAAAATCATGAA,0.98492646,0.88775676,0.9462775,0.9894342,0.90653825,0.94040185,0.9168049,0.77938306,0.91075575,0.8688571,0.86111414,0.91487414,0.88638234,0.96218,0.9538703,0.7976453,0.7743959,0.8905234,0.8862375,0.81957847,0.8579188,0.7946766,0.84080505,0.8159839,0.837181,0.88098025,0.9894342,0.7743959
GGGATCCGGTCAACTCCG,0.95476955,0.7910089,0.7654928,0.9245548,0.41430205,0.6234561,0.90076405,0.32440013,0.5914417,0.90580505,0.4215594,0.77126765,0.8388889,0.607478,0.38593215,0.3412365,0.37800947,0.16262007,0.41510785,0.24096772,0.39361107,0.15698494,0.16658907,0.2795688,0.12213441,0.515118,0.95476955,0.12213441
GGGTAATGACATCACTGG,0.939358,0.9827168,0.39373893,0.8678527,0.8539903,0.81611943,0.86536884,0.7128971,0.9403107,0.71361595,0.8729519,0.9697621,0.86934346,0.996882,0.9676436,0.73873377,0.48446998,0.6218436,0.821677,0.41656816,0.78724927,0.2186849,0.3591349,0.26847503,0.22634308,0.70822924,0.996882,0.2186849
TGGAGCGAAAAAAAAGTA,0.9597873,0.8232665,0.909779,0.9484746,0.8644906,0.9133313,0.9088761,0.5792939,0.8653031,0.8043229,0.93903923,0.9765928,0.96767676,0.99824923,0.99182016,0.8980417,0.9556712,0.9665772,0.9281791,0.9577608,0.9286958,0.88954,0.92374074,0.8470941,0.8844735,0.90520304,0.99824923,0.5792939
GGGGGAGTAAGAACATTG,0.91216844,0.9698428,0.7925059,0.828413,0.96243393,0.84490377,0.92078865,0.71434295,0.724876,0.6337099,0.95920134,0.9737438,0.97159463,0.9992274,0.9939404,0.89152,0.9259295,0.9451564,0.9419274,0.94867074,0.9489958,0.6875765,0.8099904,0.75448096,0.7396514,0.87182367,0.9992274,0.6337099
GGGTGACAACCCAACGGT,0.8664139,0.8978641,0.8233555,0.91763055,0.9197352,0.8830863,0.81264997,0.65446186,0.9429754,0.75228256,0.87362325,0.9864885,0.9343761,0.9979299,0.99278796,0.81154513,0.9199009,0.9054657,0.8937658,0.9553518,0.7564729,0.4947311,0.7849081,0.68974054,0.678932,0.84585917,0.9979299,0.4947311
GGGGAATTACGTCATTTG,0.9838751,0.9917036,0.51571584,0.92000246,0.94281083,0.842913,0.9309864,0.86306113,0.8673621,0.71114975,0.88967055,0.96153235,0.72157806,0.96155643,0.53621185,0.60677797,0.2924769,0.6212009,0.7632775,0.36347133,0.7380272,0.094166204,0.071034804,0.15091024,0.050066877,0.65566146,0.9917036,0.050066877
AGGGGACCGCAGAACGCA,0.87634355,0.9665356,0.9604317,0.9518858,0.9657397,0.8208338,0.886668,0.749984,0.97738916,0.8584831,0.5800247,0.89459354,0.9201226,0.9802431,0.9777015,0.7812871,0.8535421,0.87057143,0.806551,0.89328986,0.75118774,0.6690503,0.8054409,0.82231534,0.7993298,0.8567818,0.9802431,0.5800247
TGCAGCACCACACCAGTA,0.46060425,0.28496417,0.51047605,0.9319593,0.55113804,0.41601062,0.49681175,0.21350987,0.8235999,0.8428683,0.51165307,0.67138106,0.7599243,0.8242282,0.92511797,0.66607344,0.8793489,0.6877566,0.62904084,0.9105523,0.21436754,0.428287,0.682548,0.572924,0.59284645,0.61951965,0.9319593,0.21350987
GGGTAACAAAAACAAAGG,0.97999763,0.9796959,0.79592645,0.97669053,0.95342195,0.8800409,0.9488978,0.75963557,0.975947,0.87332433,0.9219763,0.98318267,0.9549308,0.99839705,0.992948,0.921277,0.95838404,0.9823043,0.96998227,0.96508163,0.9199781,0.88671154,0.92054015,0.8533745,0.8791056,0.92927,0.99839705,0.75963557
GGGGGACAGCCGAACAAA,0.98707056,0.9900852,0.9885651,0.9859536,0.9917905,0.93271834,0.93206596,0.86916614,0.9861642,0.89457583,0.9207276,0.980682,0.97791934,0.99932796,0.99647754,0.86845356,0.8987918,0.90384746,0.8896659,0.93875366,0.8909942,0.7208141,0.8610222,0.84623736,0.82868284,0.92322206,0.99932796,0.7208141
AGGTAAGGACACAACACG,0.91061115,0.96831,0.9007058,0.93142307,0.9722871,0.74297047,0.92716897,0.7762542,0.93761957,0.79669,0.8636352,0.9273537,0.92274666,0.9799227,0.96820754,0.9081434,0.9240044,0.9499181,0.94820935,0.9536154,0.8306655,0.7728834,0.8682727,0.8044851,0.8227589,0.8923546,0.9799227,0.74297047
TGCATCGCCACCGCGGCT,0.049729444,0.023840202,0.09101645,0.5358638,0.014849774,0.081680454,0.35221335,0.07364624,0.40030664,0.60416067,0.0023528498,0.04871423,0.29292402,0.355989,0.20857054,0.12358059,0.29511118,0.07680015,0.118221186,0.14197484,0.03166954,0.16352552,0.14092943,0.1878903,0.115193166,0.18123014,0.60416067,0.0023528498
TGGAGCAACAAACATGTA,0.9644849,0.6673859,0.84684134,0.9683268,0.876149,0.81444806,0.6716729,0.53115106,0.82696956,0.8524993,0.8818006,0.9530559,0.92311466,0.99215627,0.9829514,0.91374,0.9472676,0.9579551,0.9404889,0.95745975,0.78980476,0.66466194,0.8292511,0.7092168,0.7726514,0.84942025,0.99215627,0.53115106
GGGTAACTACGTCCATCG,0.98472816,0.98647535,0.76256704,0.9861366,0.87206125,0.75922096,0.92444175,0.8290711,0.9198818,0.8922012,0.77131766,0.9572665,0.7973174,0.98896027,0.8836038,0.6219478,0.48332363,0.6511448,0.84216666,0.6381304,0.48018873,0.13870825,0.19686918,0.19819468,0.11224533,0.70712686,0.98896027,0.11224533
GGGGGACAACAGAAAAAA,0.97501093,0.991534,0.9939356,0.99173623,0.99445444,0.9507996,0.9525632,0.88782823,0.98890346,0.9169569,0.96373934,0.9971285,0.98736185,0.9997326,0.9982502,0.9124442,0.9537342,0.9618781,0.94772094,0.9612831,0.94830024,0.89814985,0.93221766,0.9003532,0.9017094,0.95630896,0.9997326,0.88782823
TTGATCGCAACAACAGTG,0.73443156,0.65225655,0.53742516,0.8897281,0.42507118,0.521844,0.6197828,0.17847273,0.53646964,0.73444915,0.75678605,0.83488405,0.8210093,0.97734666,0.95561814,0.8826708,0.89944565,0.878129,0.60032445,0.8714835,0.4193454,0.20285256,0.586555,0.18825744,0.2461546,0.6380317,0.97734666,0.17847273
GGGTAACAACATCAAACG,0.9920152,0.9963811,0.96097577,0.9938619,0.9780469,0.87062436,0.9704061,0.9171028,0.98834693,0.93801576,0.9011451,0.98145175,0.9408714,0.99702317,0.98870665,0.90229857,0.9160179,0.9536019,0.9450045,0.938497,0.8324848,0.6855083,0.83725,0.7130895,0.77126986,0.9164,0.99702317,0.6855083
AGGGGGGAAAATCAATTG,0.9677132,0.9624024,0.81268406,0.7604695,0.92742044,0.79185045,0.8998402,0.83696866,0.8850697,0.74177533,0.93899876,0.9727811,0.9591145,0.9981044,0.99086523,0.852194,0.90222746,0.9090193,0.91294885,0.93374944,0.937328,0.78069884,0.87377864,0.8180178,0.847465,0.8885395,0.9981044,0.74177533
GGGTAACAAAAACAAAAG,0.9872005,0.9912354,0.9524114,0.9934681,0.98587406,0.8932648,0.9711269,0.8813365,0.9888076,0.84897226,0.93755263,0.98630023,0.9693426,0.99875927,0.99466,0.9231667,0.9550216,0.98256594,0.9699867,0.9674099,0.9284588,0.89841354,0.9296992,0.86336976,0.8885904,0.9474796,0.99875927,0.84897226
AGGAACGGACATCCAGAA,0.8127677,0.7492076,0.87777823,0.98201877,0.6512918,0.6049381,0.86309415,0.55679786,0.80800694,0.7058997,0.72535753,0.73440945,0.802269,0.8354451,0.88848716,0.73837173,0.6672346,0.8415768,0.869071,0.7021764,0.70708525,0.71033317,0.79693437,0.79980546,0.79148525,0.7688736,0.98201877,0.55679786
GGGGAACTACGACCATCG,0.98141384,0.96449006,0.78178763,0.97930944,0.9460637,0.74124515,0.9528442,0.80787617,0.89288825,0.8174686,0.87926346,0.9828768,0.9135631,0.9965931,0.9834125,0.82417595,0.8455723,0.9124649,0.9274776,0.91441756,0.7858472,0.50067896,0.7328123,0.6983477,0.6810363,0.85775703,0.9965931,0.50067896
AGGTGAGGGCAGAACGCT,0.9326119,0.96104944,0.9347811,0.8826478,0.9109054,0.8456626,0.8892687,0.71916157,0.93743885,0.8426027,0.6944505,0.05455194,0.8753201,0.42951995,0.64650977,0.78236425,0.7139954,0.7070581,0.7262304,0.7518499,0.8308513,0.50192,0.6565491,0.70402694,0.6580866,0.7435766,0.96104944,0.05455194
GGGTAACTACATCAAACG,0.9917561,0.99747485,0.9772532,0.99430734,0.9712178,0.80444306,0.98105794,0.9021031,0.9849088,0.9247683,0.89135677,0.9802236,0.92707545,0.9965675,0.9846508,0.8892642,0.87344176,0.9250961,0.9203368,0.90709394,0.7813877,0.40566286,0.73592764,0.43755785,0.57279557,0.8703091,0.99747485,0.40566286
GGGTGACAACAGAAAACA,0.99069506,0.9940512,0.9901742,0.9907509,0.9908924,0.9443369,0.95657885,0.8760314,0.9866787,0.96569735,0.9486478,0.9938627,0.97890306,0.99946916,0.9966719,0.9178113,0.95310163,0.95994043,0.9304001,0.96370703,0.9164303,0.80897087,0.9006904,0.8249316,0.8468728,0.9450519,0.99946916,0.80897087
GGGTAATTACGTCAATCG,0.98802865,0.99420875,0.6578779,0.9668668,0.9176208,0.8524368,0.9205664,0.86256725,0.94337505,0.86959326,0.8776073,0.9654227,0.78943235,0.98645866,0.6451162,0.68565613,0.400266,0.6885985,0.7829655,0.4570664,0.72424704,0.098174214,0.14295498,0.1190776,0.06551696,0.69606817,0.99420875,0.06551696
GGGTAACTAAAACCATCG,0.99177897,0.9873034,0.9032594,0.9913354,0.9336469,0.7716541,0.96041095,0.75180316,0.93674153,0.8753564,0.8981591,0.97766685,0.9228311,0.9972328,0.9858726,0.88673955,0.9021138,0.958087,0.94918144,0.931494,0.82879347,0.5540996,0.8057049,0.57947826,0.71658236,0.87989306,0.9972328,0.5540996
GTGGGCGTAACGACAGTG,0.529971,0.62672275,0.8140802,0.750328,0.8062581,0.5682537,0.738826,0.40086213,0.54985845,0.4645986,0.738708,0.7302587,0.9109623,0.83074015,0.90161175,0.78536606,0.8190331,0.72799605,0.59341776,0.89984214,0.7214605,0.20426147,0.30325744,0.36702082,0.18527088,0.6387586,0.9109623,0.18527088
TGGATCCCGTCACCTCCT,0.9571388,0.7161923,0.51834357,0.972884,0.3123667,0.47550213,0.78395987,0.18878509,0.76160693,0.88238066,0.08339213,0.69627655,0.69749516,0.7935631,0.34792897,0.23694831,0.29677564,0.05841416,0.34044135,0.24811873,0.059632923,0.09859246,0.06909964,0.091919124,0.030664524,0.42873693,0.972884,0.030664524
GGGTAACTACGACAATCG,0.99533665,0.9927286,0.86737573,0.98618865,0.95688874,0.9034786,0.96518326,0.789111,0.96673864,0.91378754,0.8864127,0.97561306,0.9086139,0.9957823,0.9813346,0.85338193,0.86011577,0.92926264,0.91207653,0.9010645,0.7799991,0.39345184,0.68804073,0.48094103,0.5478117,0.85722876,0.9957823,0.39345184
TGCATCCCAACAGCAGCT,0.86382717,0.7324112,0.5378271,0.95775187,0.08393133,0.49022716,0.77324563,0.10572231,0.80160415,0.8472491,0.40352988,0.4823095,0.6217776,0.7375037,0.8459506,0.5783215,0.8112482,0.6310717,0.6099686,0.73880315,0.12969884,0.28365982,0.5720206,0.3133511,0.41871217,0.5748689,0.95775187,0.08393133
GGGTGACAACCGCACGCA,0.9935612,0.97657394,0.95773613,0.991246,0.9713005,0.939023,0.9334177,0.8159198,0.9864364,0.9423296,0.8502093,0.98262453,0.9340788,0.9979257,0.9906622,0.680779,0.846368,0.82706755,0.7749891,0.9008453,0.6898505,0.431745,0.74619853,0.6792538,0.63609344,0.85904944,0.9979257,0.431745
AGGAGCGAAAAACATGTG,0.9836809,0.81379473,0.8345989,0.95281535,0.8747841,0.84868574,0.92330796,0.6215872,0.9052666,0.8301569,0.8570517,0.9116331,0.8727535,0.953866,0.95077175,0.8634566,0.9120175,0.9437327,0.91989934,0.9175592,0.86918396,0.84985995,0.8704552,0.8526478,0.8582881,0.87967414,0.9836809,0.6215872
TGGAGCGAAACAAAAGTA,0.9798769,0.9099616,0.94128907,0.97240835,0.90799373,0.9238615,0.9140305,0.55553794,0.8741988,0.87388074,0.9285319,0.97439194,0.9612889,0.99744153,0.99079376,0.9143254,0.9570977,0.9677779,0.9334933,0.9666238,0.8944203,0.81463903,0.8941969,0.81178814,0.8472778,0.9082851,0.99744153,0.55553794
AGGGGACCGCAGACCGAG,0.4245757,0.90578043,0.9016026,0.920662,0.961438,0.7570562,0.8657076,0.78244704,0.9588414,0.6580156,0.18835543,0.7668394,0.8848322,0.9718239,0.97153115,0.7109144,0.78288835,0.82097495,0.77779704,0.87122196,0.64549506,0.5945349,0.7593962,0.8032172,0.77318,0.778365,0.9718239,0.18835543
AGGAACGAAAATCCTGAA,0.91200894,0.6253159,0.7574637,0.985747,0.68380284,0.7869996,0.8085317,0.6277334,0.71174186,0.7704358,0.7569403,0.7610616,0.7776085,0.8628198,0.8700325,0.6859178,0.68465734,0.90207756,0.91936046,0.6742437,0.7503089,0.78689677,0.8238209,0.8058332,0.8166489,0.7819203,0.985747,0.6253159
GGGTGACAACAGCAAACA,0.99089795,0.9898569,0.9830107,0.9919151,0.9864436,0.9264593,0.9644055,0.86025524,0.9915947,0.9621788,0.9366997,0.9923733,0.97122616,0.99928594,0.99601394,0.88861847,0.9407781,0.9432768,0.90278584,0.95341516,0.88391715,0.7138994,0.8698021,0.79142785,0.80608106,0.9294648,0.99928594,0.7138994
TTGAGCGTAACAACATTG,0.93816245,0.8402144,0.7867959,0.91042197,0.82831806,0.60859627,0.67661345,0.42857113,0.5418,0.7637108,0.8557259,0.9093655,0.8893553,0.9906431,0.96316046,0.89381033,0.89792985,0.9069577,0.7819508,0.92805237,0.64609927,0.1759981,0.49655235,0.18192533,0.19828944,0.72156084,0.9906431,0.1759981
GGGGGACAACCCAACGCA,0.95811856,0.95397395,0.9629359,0.9755213,0.98151964,0.9011353,0.9104804,0.85251343,0.9586595,0.856381,0.9194119,0.99486154,0.96877027,0.99900025,0.99610865,0.8453443,0.9218078,0.9196265,0.93162596,0.96102804,0.8451586,0.6970502,0.8495106,0.83186966,0.79079306,0.9113282,0.99900025,0.6970502
GGGGGGGAAAAAAAAGTG,0.9139212,0.9023603,0.8730028,0.58405596,0.9235558,0.8142992,0.9117754,0.7267235,0.77826196,0.5132884,0.97571725,0.9935785,0.9894887,0.9998772,0.9986165,0.8719675,0.9583428,0.9525818,0.9366304,0.96150315,0.97646976,0.932263,0.95646507,0.9047441,0.9236421,0.8909252,0.9998772,0.5132884
TGCACCCCCCCCCCGGCT,0.047340382,0.0064399666,0.20065156,0.8623153,0.31993395,0.101669155,0.50806975,0.22564018,0.67323613,0.81393594,0.00023102004,0.02976388,0.43821624,0.47260246,0.6524806,0.03563081,0.45516542,0.16978131,0.31201735,0.5005553,0.0061392705,0.31610376,0.38926667,0.32796118,0.32459694,0.3275898,0.8623153,0.00023102004
TGGGGAGTAACAACATTG,0.96987695,0.98520744,0.95556384,0.96054465,0.97197324,0.79166543,0.90398765,0.72343975,0.7847964,0.7939312,0.94696784,0.9867116,0.9703775,0.99950534,0.99467295,0.92016524,0.94829255,0.9538297,0.93948174,0.97443575,0.9050077,0.41957423,0.7321969,0.49082565,0.48057434,0.8601442,0.99950534,0.41957423
TGGATCCCAACAGCTGCT,0.95783794,0.8761306,0.6679778,0.96639717,0.23634551,0.5263538,0.77879465,0.11134171,0.76565963,0.8925678,0.580784,0.8515262,0.7528403,0.9537887,0.9319434,0.6332367,0.6501967,0.5125032,0.7211297,0.61210036,0.20374304,0.18477973,0.34791872,0.22036432,0.192167,0.60513717,0.96639717,0.11134171
TGGAGCAAAAAACATGTA,0.9856282,0.7957291,0.9006707,0.9822212,0.9092605,0.8534719,0.79745245,0.59236056,0.85959923,0.87769306,0.9072563,0.9581078,0.93566006,0.995318,0.98511803,0.90198636,0.94772434,0.9590916,0.9422766,0.9496639,0.8704278,0.79212075,0.87482834,0.77108085,0.8261756,0.8868368,0.995318,0.59236056
GGCAGTCGGACATGTACT,0.9536004,0.8762712,0.6755785,0.7937274,0.25222313,0.4973793,0.8679395,0.31989354,0.7101222,0.8387419,0.4878142,0.36389253,0.69072217,0.11194041,0.15837918,0.48256907,0.34406582,0.20536157,0.33835873,0.15862578,0.48032582,0.17626524,0.16696806,0.34886232,0.18905987,0.4595475,0.9536004,0.11194041
GGGGTATAACATCATTTG,0.9963633,0.99487734,0.76647097,0.9773795,0.9802467,0.8981244,0.9196406,0.86269283,0.9401558,0.8312402,0.9301092,0.9904918,0.9271563,0.99911547,0.98918194,0.8393819,0.75755924,0.81809574,0.80837446,0.78784966,0.8445723,0.14443299,0.23216088,0.17405069,0.10396271,0.7805473,0.99911547,0.10396271
GGGACACAAAGGCCAAAG,0.8166865,0.82585096,0.6099989,0.98186636,0.9361565,0.8193245,0.9469953,0.72992694,0.9528978,0.87871337,0.8395166,0.94301945,0.8710109,0.9812618,0.96299195,0.78046685,0.847016,0.93423694,0.92043895,0.8290972,0.81642026,0.806442,0.8591302,0.8583891,0.8366671,0.86338097,0.98186636,0.6099989
GGGACACAGAAGCCAAAG,0.79129857,0.77653944,0.75588226,0.9789857,0.93574506,0.77916497,0.93058217,0.80105805,0.9542417,0.84356123,0.85173595,0.9499756,0.89302415,0.9837757,0.9704387,0.772265,0.8674839,0.92340267,0.90386975,0.83927715,0.82866675,0.8097028,0.8631851,0.86054754,0.839013,0.868137,0.9837757,0.75588226
CGGATCCCGCCACCTCCT,0.9729972,0.6370483,0.5656965,0.9837683,0.66804177,0.51077724,0.8298745,0.32456538,0.85054475,0.8570794,0.03522846,0.48486578,0.68137366,0.6894944,0.8240742,0.15383026,0.40964365,0.11583433,0.3089215,0.39385545,0.036278635,0.24955292,0.27782387,0.31800088,0.24783286,0.49708012,0.9837683,0.03522846
AGGAAGGGACAGCCAACG,0.828987,0.7714131,0.7606925,0.90278566,0.8521947,0.36428052,0.86203885,0.60571223,0.76401407,0.80338186,0.8045074,0.743039,0.8773436,0.9423014,0.92022717,0.80043346,0.83453816,0.8898424,0.89685357,0.7474546,0.8447467,0.8102438,0.8602056,0.8598294,0.8490959,0.80784655,0.9423014,0.36428052
AGGAGCACCAAACATGAA,0.9073425,0.661205,0.8758173,0.9735135,0.919893,0.7952278,0.7374434,0.53125775,0.91093516,0.8442774,0.799801,0.8955735,0.88798136,0.9140103,0.96143687,0.8462317,0.90826076,0.9182307,0.91847473,0.93299246,0.70454127,0.7837281,0.83587766,0.83113223,0.8133978,0.8443434,0.9735135,0.53125775
GGGCCTCGGTCATGTCCC,0.26905054,0.30225623,0.30400598,0.19915083,0.026152145,0.2581552,0.8660609,0.22274968,0.15634243,0.5539868,0.007913219,0.028442144,0.2997763,0.00019715213,0.00077032734,0.082604684,0.06155767,0.009147757,0.10914064,0.020772593,0.10341307,0.06726266,0.015374348,0.10909392,0.014775299,0.16352612,0.8660609,0.00019715213
GGCAGTCGGTCATGTCCT,0.74689275,0.63083714,0.42446476,0.34552813,0.029461907,0.35796878,0.78736585,0.21964683,0.33071193,0.76219803,0.03873509,0.020335007,0.2341976,0.0002916466,0.000593136,0.120631464,0.06085781,0.01786742,0.15264843,0.016970262,0.19999737,0.0677731,0.020847788,0.1198522,0.020670597,0.22909382,0.78736585,0.0002916466
AGGTAAGAACAGAACACG,0.9814678,0.9831164,0.9130628,0.96580005,0.9715902,0.87736386,0.9197305,0.8264084,0.9746882,0.8928577,0.85079604,0.9166542,0.9143466,0.9799065,0.9555824,0.9153491,0.940685,0.97031796,0.96377033,0.9432949,0.86266524,0.8512638,0.888221,0.8326814,0.8601611,0.9180712,0.9831164,0.8264084
GGGGGGTAAAGACAATTG,0.9800861,0.96264213,0.4310714,0.6675286,0.96898097,0.8837359,0.85830915,0.75323045,0.85850865,0.49440917,0.9654227,0.9807758,0.9764276,0.99940836,0.99695307,0.88517654,0.9331243,0.94160444,0.9166315,0.9456772,0.9499864,0.6590161,0.81830436,0.74265903,0.7107589,0.85121703,0.99940836,0.4310714
AGGAAAGGACAGACAACG,0.8967875,0.94684434,0.93971205,0.97294617,0.9614064,0.69859034,0.92342657,0.7662973,0.8463624,0.90098643,0.82281584,0.8649052,0.8902996,0.9256647,0.90716124,0.8994677,0.90765077,0.9608066,0.96358573,0.8810618,0.87060773,0.89483166,0.8963809,0.88904613,0.8900778,0.89270884,0.97294617,0.69859034
GTGAGCGTAACGACAGTG,0.6924543,0.66504776,0.7836617,0.84748185,0.7083404,0.6540275,0.76665384,0.41674703,0.6052675,0.6529109,0.78894895,0.8614806,0.84373593,0.97362065,0.9115811,0.7801802,0.8131931,0.83738375,0.6962207,0.8692647,0.71642864,0.29517362,0.47373247,0.42188403,0.36142614,0.6974738,0.97362065,0.29517362
TGCATCCCAACAGCGGCT,0.7742458,0.5132288,0.3907151,0.93920094,0.0887202,0.28881297,0.6938673,0.1410948,0.69118905,0.8554223,0.11131414,0.2641442,0.48793945,0.65163875,0.72967404,0.37997127,0.6779276,0.44489804,0.49210128,0.53610516,0.08682623,0.23467629,0.40277466,0.25939792,0.3024106,0.4575319,0.93920094,0.08682623
GGGATTCGGACATGTCCG,0.97644216,0.9021109,0.4714799,0.7559634,0.21249124,0.7085966,0.9223771,0.33999404,0.43010524,0.80521876,0.63655764,0.5763706,0.68850577,0.13044375,0.056648914,0.447842,0.2237142,0.18939134,0.32868734,0.07983199,0.51872635,0.0935349,0.06974528,0.1607074,0.049349494,0.43099344,0.97644216,0.049349494
GGGGAATTACGTCCTTTG,0.93555975,0.9706885,0.22276099,0.88304573,0.89470893,0.7126715,0.8697959,0.81803095,0.7536383,0.60296285,0.8034629,0.93501765,0.59335953,0.9078473,0.3275265,0.43785328,0.18770023,0.45469406,0.7162785,0.25707588,0.58061194,0.07276347,0.04017308,0.12073942,0.026501926,0.5650187,0.9706885,0.026501926
GGGTGACAACCGAACACA,0.9958465,0.9932425,0.9840046,0.9919901,0.989227,0.9471195,0.95203114,0.8633538,0.9854958,0.96328115,0.92327917,0.99135315,0.9678012,0.9989536,0.99467236,0.87674844,0.9258956,0.9358198,0.90804017,0.9604883,0.8431901,0.61906654,0.8376676,0.75784075,0.7632991,0.9187883,0.9989536,0.61906654
GGGATACTAACAACTCCG,0.990164,0.9773541,0.9254834,0.9928342,0.95499897,0.7896394,0.96308285,0.6952291,0.857923,0.94230634,0.8684324,0.9706632,0.9111708,0.99294907,0.97164434,0.8541116,0.87645704,0.94644356,0.9317131,0.89616835,0.75002235,0.43732944,0.7428031,0.491483,0.6127718,0.8537273,0.99294907,0.43732944
GGGTAATTACGTCATTCG,0.99554926,0.9954558,0.674004,0.97576207,0.925395,0.87320703,0.92035675,0.87465984,0.9183786,0.8855593,0.8570587,0.9533,0.60024273,0.93159497,0.2460498,0.50274545,0.21934052,0.44137603,0.6837538,0.24295533,0.5953608,0.05729724,0.047103662,0.07325039,0.021440778,0.62044793,0.99554926,0.021440778
AGGTAGGGACATCATAAG,0.9727848,0.9865159,0.93177754,0.95562774,0.9445735,0.6999727,0.9406639,0.7873736,0.90156263,0.87514114,0.87629175,0.89435595,0.91426367,0.981818,0.9633695,0.8490752,0.6842563,0.7534764,0.814242,0.78706735,0.8506243,0.44603008,0.6450587,0.56885093,0.61064017,0.8254165,0.9865159,0.44603008
GGGTAACTAACACCAACG,0.9931926,0.99213946,0.9567188,0.9957251,0.9717793,0.69891125,0.9688519,0.7547099,0.962888,0.9251271,0.8893268,0.97861975,0.92881995,0.99682903,0.9867022,0.90623367,0.9071948,0.9561795,0.9474412,0.9458169,0.7819511,0.54741603,0.803831,0.61596954,0.70809674,0.88481885,0.99682903,0.54741603
GGGTCACAAAAACAAAAG,0.9700507,0.9800801,0.9159142,0.98802274,0.9810774,0.89031833,0.96714014,0.8499772,0.9846467,0.857612,0.92810416,0.9842827,0.9584624,0.997729,0.99416,0.91609716,0.9482484,0.96962917,0.9363427,0.9630203,0.89245373,0.8440159,0.9054492,0.830716,0.84946436,0.9321205,0.997729,0.830716
ACGAGACCGCAGACCGAG,0.110356465,0.70831645,0.69686437,0.75904936,0.8824401,0.55197334,0.7657878,0.662341,0.8845223,0.6519528,0.047483023,0.14096992,0.5962427,0.40181288,0.700367,0.44448793,0.5984673,0.8218964,0.6882899,0.53497356,0.32452747,0.6210919,0.732586,0.7904954,0.747945,0.59460956,0.8845223,0.047483023
TGCATCGCCACCGCAGCT,0.08932927,0.060342673,0.14302695,0.6414841,0.013921131,0.16077553,0.39990485,0.054767687,0.5431336,0.5909828,0.014531004,0.20525505,0.5160689,0.6544,0.6313518,0.23449221,0.47432232,0.14339386,0.16240972,0.29675254,0.05144142,0.19853173,0.24891004,0.22252853,0.17584804,0.2771162,0.6544,0.013921131
GGGTAAGGACACAATTGG,0.8979871,0.9563084,0.7089907,0.7977196,0.8789103,0.8257537,0.85191923,0.5864712,0.7527111,0.817877,0.9199305,0.97905296,0.9340698,0.998291,0.98819333,0.8746498,0.89685315,0.92717737,0.9236681,0.90721476,0.88489383,0.55630106,0.7710492,0.6575681,0.6885156,0.83928305,0.998291,0.55630106
GGGTAGGGACATAATACG,0.98228097,0.99267584,0.95259833,0.9379375,0.96053344,0.7242036,0.94625586,0.8163867,0.8332903,0.8957946,0.9441166,0.9675263,0.9664338,0.99670637,0.98696345,0.88627803,0.8576945,0.9113335,0.88340294,0.9058173,0.91562325,0.45873737,0.6325982,0.57026297,0.51284057,0.8575317,0.99670637,0.45873737
AGGGGACCGCAGATCGCG,0.45375982,0.96731484,0.90849686,0.86869603,0.95038474,0.66499853,0.8743947,0.82626617,0.94400734,0.8692588,0.14990611,0.6366247,0.8483657,0.9247508,0.9353253,0.6413423,0.57725775,0.6925568,0.69830567,0.70165074,0.5729176,0.4634963,0.5663771,0.7344434,0.685818,0.7262687,0.96731484,0.14990611
GGGAAACTAAAACCAACG,0.98201156,0.9778135,0.9335603,0.9941862,0.9555169,0.68578064,0.97927105,0.82242405,0.9534089,0.9082045,0.8823271,0.9685398,0.9284238,0.9913379,0.97483367,0.906203,0.91116667,0.97393215,0.9689872,0.92459244,0.86978084,0.8389938,0.8827768,0.83768135,0.8452323,0.91587937,0.9941862,0.68578064
TGGAGCAACACACATGTA,0.98248595,0.81998926,0.8927456,0.9831307,0.90940404,0.8255774,0.70568633,0.4634598,0.82423794,0.9049937,0.8609906,0.94809484,0.90849924,0.98874503,0.98019016,0.89484143,0.9245831,0.9123398,0.8873536,0.94096845,0.6855849,0.5335421,0.7792129,0.64313936,0.707871,0.83630663,0.98874503,0.4634598
GGGTAACAACATCACTCG,0.9944988,0.99596965,0.9112876,0.98945475,0.96091473,0.8846453,0.92602485,0.9121372,0.9813024,0.9017343,0.8680801,0.9742033,0.9022081,0.9950412,0.9814148,0.8474794,0.8589065,0.91483706,0.91761774,0.90174407,0.7364645,0.48597077,0.7560744,0.56682163,0.6576479,0.8728994,0.99596965,0.48597077
AGGAACGAACATCCAGAA,0.8665918,0.6718857,0.82528424,0.981206,0.6018147,0.6978785,0.8022084,0.669719,0.84450287,0.6946546,0.73271316,0.7725845,0.80735815,0.8453073,0.8939154,0.78036433,0.8012323,0.9050402,0.9127879,0.7968937,0.69177455,0.7820749,0.8261078,0.81816685,0.8110995,0.7933266,0.981206,0.6018147
GGGAGGGAAAATCAAGAG,0.95927215,0.9442398,0.90853804,0.9373838,0.8935639,0.8741695,0.94110775,0.86662817,0.9248889,0.7131238,0.94753766,0.98631316,0.9695894,0.99942696,0.9940221,0.872501,0.92904866,0.9423457,0.94399697,0.9283924,0.95199823,0.8773252,0.91310436,0.86471903,0.8893353,0.9189029,0.99942696,0.7131238
GGGTGACAGAAGCCAAAG,0.9264883,0.9451375,0.91750515,0.9844353,0.98107374,0.85143924,0.9137235,0.8459365,0.986577,0.8059619,0.92135817,0.98220456,0.9580972,0.9993256,0.99446416,0.83741504,0.9028628,0.90293914,0.8854364,0.9249774,0.89693016,0.6778657,0.8600093,0.7818198,0.8039341,0.8995168,0.9993256,0.6778657
CGCACCCCGCCACCGCCC,0.20608328,0.023386039,0.2513065,0.92790383,0.49521837,0.07342451,0.670865,0.596665,0.7656294,0.84618574,0.0010797221,0.017592542,0.45851713,0.40669385,0.52904105,0.04471881,0.41835737,0.18324801,0.22898108,0.3639698,0.012925193,0.41652867,0.5205087,0.5573555,0.49938366,0.38062274,0.92790383,0.0010797221
GGGGGATAACGTCCATTG,0.9490515,0.9667912,0.4521462,0.9006072,0.9636981,0.8470276,0.83814967,0.8260484,0.8767887,0.6278025,0.9110679,0.9695016,0.923621,0.9970328,0.98108727,0.7668599,0.6205936,0.75222325,0.7974669,0.7239561,0.8215257,0.26709783,0.30046317,0.42946127,0.23120214,0.7496509,0.9970328,0.23120214
GGGGGCGTAACAACATTG,0.9631993,0.95198715,0.93835425,0.9112159,0.9425113,0.7424328,0.900254,0.6170091,0.73787326,0.63284767,0.9443293,0.98593915,0.96791416,0.99844193,0.995129,0.8709422,0.9095745,0.89882034,0.8281579,0.955925,0.8873274,0.44590256,0.667771,0.6656765,0.54513097,0.8361866,0.99844193,0.44590256
TGGAGCGTAACGACAGTG,0.9151505,0.8864235,0.91527003,0.95309925,0.81000775,0.75896376,0.8727412,0.45201257,0.7781675,0.8763173,0.8242166,0.8702966,0.86988693,0.9802579,0.9433792,0.8518129,0.8471245,0.8930099,0.80713254,0.892076,0.7052403,0.29970318,0.48337612,0.42670524,0.3705299,0.771316,0.9802579,0.29970318
AGGAAAGGACATCCAGCG,0.9251241,0.9325882,0.84485364,0.9820478,0.8304628,0.6391921,0.9319804,0.7514292,0.8322164,0.8415123,0.727667,0.73131025,0.7749241,0.8577523,0.82930744,0.76752204,0.7418711,0.906398,0.9462854,0.6917764,0.76630014,0.77490497,0.81733674,0.81516236,0.8143271,0.81897,0.9820478,0.6391921
TCCCCCGCCCCCGCGGCT,0.0009774821,0.00045759132,0.05518897,0.02926096,0.010169911,0.009895138,0.17578262,0.0710511,0.089655824,0.18831062,4.603361e-06,0.0009015421,0.19549114,0.25333944,0.054322742,0.011747688,0.18789116,0.027262064,0.13360952,0.06297983,0.0020090463,0.26303264,0.17024836,0.25136104,0.20970763,0.09818635,0.26303264,4.603361e-06
GGGGGCGAAAAACAAGTG,0.9649796,0.84641194,0.8672938,0.8947546,0.93313533,0.85986376,0.91927785,0.7064374,0.9225852,0.5578998,0.9564802,0.9938761,0.97455955,0.9996538,0.9974966,0.8787706,0.94970423,0.9491417,0.9148295,0.96479845,0.94537514,0.85047543,0.9141575,0.8735587,0.8760124,0.9004612,0.9996538,0.5578998
CGGTAACAACCGCACGCA,0.9913321,0.9656367,0.89656687,0.9938081,0.9473076,0.8752369,0.9230845,0.7941801,0.98780745,0.94391435,0.7289496,0.8195269,0.79443085,0.92161554,0.9319586,0.6057712,0.8266555,0.86249894,0.854054,0.8589072,0.34853458,0.4907496,0.7165345,0.65605783,0.66628605,0.81605613,0.9938081,0.34853458
AGGAAAGAACAGAAAACG,0.9749405,0.9792433,0.94443303,0.9798715,0.97054476,0.8755344,0.9554961,0.85989404,0.95932055,0.92392594,0.85136694,0.8956324,0.91821814,0.94514346,0.93117774,0.91620606,0.9366694,0.97780395,0.97514737,0.9147944,0.9026005,0.9391119,0.9263279,0.9122154,0.9189588,0.9313832,0.9798715,0.85136694
AGGAACGGAAATCCAGAA,0.85422724,0.69185156,0.8417703,0.9854035,0.67759573,0.6274983,0.8770796,0.51797616,0.7785966,0.7115493,0.7902968,0.7905297,0.8251034,0.8871422,0.900316,0.7469114,0.7280526,0.8957208,0.9158205,0.73198277,0.81073725,0.81065357,0.84492975,0.83365446,0.8398894,0.7966116,0.9854035,0.51797616
AGGAAAGGACAGACAGCG,0.8483311,0.8821281,0.9004906,0.96103257,0.89730084,0.73166174,0.90950084,0.68286836,0.71205854,0.863673,0.7744349,0.77331406,0.8352235,0.8920499,0.85783297,0.8553728,0.89115393,0.9524103,0.9561976,0.80032694,0.8530034,0.8785032,0.88027716,0.8791645,0.87972087,0.8539213,0.96103257,0.68286836
GGGAAACGGACACTAACG,0.9842086,0.99167174,0.91372365,0.98613083,0.95632756,0.6725528,0.9695793,0.8235371,0.9580417,0.9623406,0.8824403,0.9656375,0.9180637,0.9895298,0.97419703,0.87020296,0.8540797,0.94439125,0.9232546,0.86024296,0.84912926,0.7628123,0.8384555,0.82967037,0.8168223,0.89988166,0.99167174,0.6725528
GGCAATCGGTCATGTACT,0.89082944,0.8387047,0.43262038,0.661824,0.06553016,0.38034472,0.86142665,0.26184812,0.47741553,0.8253041,0.20747426,0.16376722,0.25380668,0.010273522,0.0058053713,0.17247917,0.09728449,0.06022924,0.23832619,0.017478464,0.2794926,0.09547149,0.06860557,0.17500713,0.073525295,0.30459496,0.89082944,0.0058053713
GGGAAACAAAGACAAAGG,0.9683185,0.966203,0.5879872,0.9730039,0.9442456,0.8794474,0.94593495,0.7299828,0.9572964,0.90545976,0.8909296,0.9664422,0.9268909,0.992607,0.9784042,0.91494936,0.9433374,0.98233217,0.9774116,0.9277777,0.9146921,0.92175645,0.9221548,0.904233,0.9064263,0.9171289,0.992607,0.5879872
TGGAGCGCAACAGCAGTT,0.79784644,0.74731946,0.72308177,0.7569598,0.15581325,0.37654006,0.6840134,0.0973272,0.72501147,0.72660685,0.8025162,0.9248962,0.8753042,0.98817474,0.97257274,0.8333936,0.85156995,0.82011294,0.7298207,0.88085943,0.6514898,0.42503563,0.69486696,0.62819797,0.6104494,0.6991912,0.98817474,0.0973272
GGGACACAGAGGATAAAG,0.5938471,0.94408697,0.6656267,0.9370765,0.9499624,0.8231226,0.87977654,0.81269896,0.91488266,0.895496,0.8702045,0.9385538,0.8851968,0.9853539,0.9572321,0.85034496,0.7783396,0.9315309,0.90406674,0.76171774,0.8726442,0.803492,0.8460982,0.83947515,0.84882855,0.8595862,0.9853539,0.5938471
GGGTAGGGACACAATTGG,0.7654302,0.87325764,0.5109426,0.4208183,0.6988645,0.6771791,0.76847833,0.49050543,0.506797,0.65998966,0.92602384,0.9454614,0.94759154,0.9960754,0.9892999,0.8482122,0.86793625,0.85880095,0.82879996,0.88692266,0.87931997,0.42997375,0.5917829,0.5952283,0.48549297,0.7379674,0.9960754,0.4208183
GGGGGACAACCGAACAAA,0.9887137,0.99056894,0.99039215,0.9923491,0.9933021,0.9496825,0.948226,0.86355555,0.98672396,0.9208736,0.94499135,0.99548566,0.980689,0.9994816,0.997262,0.8891182,0.9335947,0.94743127,0.9407419,0.96223426,0.9036491,0.79224855,0.88791203,0.86507004,0.84465736,0.9403582,0.9994816,0.79224855
AGGAAGGGACATCCAGAA,0.76064044,0.8253484,0.8152821,0.93098795,0.63179255,0.47515073,0.85081816,0.65896374,0.7230428,0.6570186,0.8046534,0.78484094,0.8719324,0.9444044,0.92801374,0.8035837,0.71016496,0.8483257,0.89157057,0.6952931,0.8390507,0.76141435,0.8312046,0.82022965,0.8266905,0.7876167,0.9444044,0.47515073
GGGAAACTAAGACCAACG,0.9761747,0.97365206,0.8303419,0.99122155,0.9541887,0.72049195,0.9757312,0.73773384,0.9281679,0.923016,0.86728185,0.96032405,0.90162253,0.9893943,0.96412945,0.89741296,0.8896479,0.96863055,0.9673487,0.88728595,0.8507802,0.7951263,0.8578304,0.8180116,0.82551754,0.8980425,0.99122155,0.72049195
GGGACACAGAGGCCAAAG,0.74256253,0.73607653,0.4392719,0.9622784,0.9095551,0.78840494,0.9077634,0.7310722,0.9366193,0.8643596,0.81330097,0.91414076,0.84992373,0.97869325,0.9539702,0.72351706,0.74133736,0.87054276,0.8534681,0.7124388,0.8048572,0.7507146,0.8304178,0.8416013,0.8214036,0.8191316,0.97869325,0.4392719
AGGTAAGAACAGAAAACG,0.9819759,0.98699576,0.94207954,0.97415805,0.97564226,0.90507734,0.9459591,0.8313008,0.9702411,0.9200114,0.8772247,0.93250775,0.9322202,0.98462695,0.9667981,0.9184628,0.9441527,0.9725689,0.96506596,0.94244766,0.8920007,0.88866466,0.9079764,0.8527897,0.88539976,0.9318539,0.98699576,0.8313008
GGGTAACTACAACAAACG,0.99444216,0.9960578,0.973165,0.99235356,0.9753636,0.8340607,0.982774,0.8450536,0.98270303,0.899426,0.9109533,0.9836165,0.9503197,0.9974557,0.9904773,0.92460334,0.9302959,0.96552306,0.9479474,0.9567238,0.8380773,0.6426728,0.83837765,0.66720366,0.7591449,0.91115165,0.9974557,0.6426728
GGGAAACAAACTCCAATG,0.97236407,0.98518515,0.88636965,0.99351394,0.9625354,0.71559316,0.9529153,0.8250099,0.9581319,0.93287355,0.85307455,0.9604801,0.8902959,0.98625654,0.9661007,0.876224,0.8554115,0.9580254,0.9617675,0.8909946,0.7997735,0.7871267,0.8453874,0.8148714,0.80381775,0.89736396,0.99351394,0.71559316
GGGTGACAAAAGCAAAAT,0.9722632,0.9814574,0.981241,0.99289113,0.98897,0.9196525,0.9616652,0.81978285,0.9938967,0.87453943,0.951465,0.99289626,0.97520435,0.9995857,0.9968231,0.88431114,0.9469986,0.9628754,0.9313553,0.95278513,0.92748433,0.82899976,0.9076079,0.82786435,0.8565109,0.937165,0.9995857,0.81978285
GGGAGACAGACTCTAATG,0.9757687,0.9939479,0.9263246,0.9841295,0.97536075,0.7373217,0.949556,0.9249661,0.97643405,0.96113825,0.8905236,0.97872835,0.91335934,0.99526215,0.9806329,0.8786777,0.62082475,0.90103054,0.92158943,0.8789996,0.8373645,0.55506456,0.7236847,0.7159835,0.71388626,0.8764224,0.99526215,0.55506456
AGGTAGGGACAGCATACG,0.9818165,0.96066415,0.88193494,0.93073505,0.93623877,0.6871487,0.9150692,0.71412486,0.88647085,0.89447176,0.84875625,0.69918185,0.896301,0.96421885,0.94615775,0.7931382,0.7682599,0.7883294,0.7869324,0.71745527,0.8357598,0.5229878,0.71832764,0.68864995,0.7087392,0.8188747,0.9818165,0.5229878
GGGCTTCGGTCATGTCCT,0.7979245,0.67923295,0.35195744,0.3306105,0.024400024,0.50260407,0.87700945,0.13801837,0.14441195,0.62301296,0.03187169,0.030267935,0.25930014,4.7950773e-05,0.00013987024,0.088836044,0.051934376,0.010150149,0.10314219,0.011492802,0.1431199,0.032388747,0.0053894576,0.051047016,0.0031511188,0.21165843,0.87700945,4.7950773e-05
GGGACACAAAGTCTAATG,0.86054343,0.973177,0.51873744,0.95134366,0.92060554,0.7554273,0.93158764,0.8155895,0.9189541,0.91749346,0.84624565,0.9459467,0.8212284,0.9765466,0.9426565,0.82817805,0.7904973,0.9432805,0.93367517,0.7871473,0.77403045,0.6174389,0.76753527,0.72860634,0.7508226,0.8406918,0.9765466,0.51873744
CGGATCCCGCCATCTCCT,0.8475843,0.30170137,0.35031703,0.8975134,0.41783932,0.45671618,0.6438403,0.19723421,0.6982915,0.794302,0.034260914,0.4281706,0.63595533,0.6130539,0.51719886,0.11966878,0.17856574,0.05354592,0.23696426,0.21947646,0.03547501,0.18134943,0.14212129,0.20901595,0.12463427,0.37339187,0.8975134,0.034260914
ACGAGAGCGCAGACCGAG,0.07089102,0.5386307,0.5713388,0.4945551,0.8073823,0.47700635,0.67915803,0.6814773,0.8016031,0.59446424,0.07127731,0.08150638,0.62737226,0.42068738,0.6971043,0.49890533,0.42880905,0.76088196,0.6032366,0.39631486,0.5058175,0.6534281,0.76210874,0.8085633,0.7815918,0.55256444,0.8085633,0.07089102
TGGAGCACCACACATGTA,0.93551177,0.78991014,0.86967343,0.96633,0.8748963,0.72652155,0.62505376,0.35585403,0.8074793,0.8939525,0.8156296,0.9446642,0.8920008,0.98242635,0.9788223,0.81792057,0.8942056,0.77127343,0.78132796,0.92340136,0.5068603,0.39335686,0.7109431,0.5601951,0.59835464,0.77666265,0.98242635,0.35585403
GGCAGACAGAGTCTAATG,0.8368548,0.9685235,0.47137046,0.9418825,0.8929362,0.71093696,0.8561379,0.8668982,0.9526884,0.9333961,0.80147606,0.8470796,0.73765755,0.9282614,0.87103504,0.77837133,0.50634897,0.86386013,0.8757137,0.6016472,0.7223855,0.48593965,0.6109594,0.6699683,0.6833563,0.77662736,0.9685235,0.47137046
GGCAAACAGACACTAACG,0.971261,0.9809542,0.79087925,0.9891737,0.9395932,0.64297456,0.9249983,0.86184394,0.9634804,0.9585584,0.7877943,0.8410731,0.81664276,0.8865481,0.9124078,0.8692519,0.8655863,0.9520484,0.9414104,0.86945844,0.65870506,0.7650755,0.82116914,0.81834173,0.79536307,0.8649837,0.9891737,0.64297456
GGGATACGGACAACGACG,0.9800669,0.9575291,0.9078064,0.98482007,0.9505691,0.709974,0.9534064,0.74716777,0.8674844,0.95372343,0.87055856,0.95960623,0.91993874,0.99499565,0.9788273,0.8249441,0.8859161,0.917274,0.850615,0.8550636,0.8431112,0.62622935,0.81722873,0.7599981,0.7798956,0.87587005,0.99499565,0.62622935
GGGACACAAAGACTAAGG,0.858012,0.9126727,0.30193165,0.9171556,0.88819546,0.79520524,0.91066855,0.7038301,0.9119328,0.9093798,0.85199237,0.9509303,0.86195844,0.9815213,0.9658376,0.88517064,0.89443624,0.96840346,0.953809,0.896843,0.8366011,0.8136988,0.8525731,0.8391479,0.8343232,0.85984933,0.9815213,0.30193165
TGGAGCGACACACAAGTA,0.96943223,0.8122516,0.86541754,0.9675157,0.8571511,0.88051915,0.8119491,0.5092038,0.9084856,0.85542846,0.8836188,0.9648362,0.9352231,0.99397445,0.98747754,0.89743507,0.9308985,0.9139945,0.8353686,0.9547059,0.76788783,0.57880384,0.81135416,0.71914244,0.7465692,0.8543457,0.99397445,0.5092038
AGGAACGACAATCCAGAA,0.7393831,0.4609607,0.69156706,0.97545373,0.567695,0.7021937,0.69521874,0.5362361,0.79812205,0.6391712,0.7246252,0.76326746,0.7983604,0.8388051,0.8941799,0.7878981,0.8084726,0.9188852,0.9225263,0.8129207,0.68775517,0.7776684,0.8239622,0.8162533,0.8094821,0.75964266,0.97545373,0.4609607
AGGAAGGGACAGACAGCG,0.67255557,0.6996151,0.79970115,0.79404074,0.75805473,0.4949914,0.7726877,0.562432,0.44542643,0.7323199,0.7967219,0.6423529,0.86138034,0.93239003,0.89357203,0.823399,0.8766494,0.9182129,0.909482,0.7585169,0.869446,0.84478295,0.87119776,0.8689986,0.8706787,0.77878433,0.93239003,0.44542643
TGCATCGCAACAGCAGCT,0.80575067,0.5838491,0.4340505,0.8952163,0.03153545,0.41470152,0.6949573,0.08730414,0.713642,0.76325476,0.5375655,0.5687906,0.65930897,0.81520563,0.85342854,0.6631661,0.7523551,0.62777936,0.40119594,0.63445055,0.21642973,0.27171832,0.5515276,0.34469432,0.40959042,0.5492587,0.8952163,0.03153545
GGGTAACAACCCAACACT,0.9802308,0.98146534,0.9172814,0.98143095,0.972748,0.8104424,0.9169674,0.7935385,0.956377,0.8258548,0.89101875,0.98015606,0.9436663,0.99590635,0.98887444,0.87159574,0.91314954,0.9459679,0.9470932,0.9559332,0.7393623,0.6592534,0.83218867,0.74306285,0.7375638,0.89124525,0.99590635,0.6592534
ACGGGACCGCAGAACGCG,0.36673227,0.898425,0.84013563,0.7197811,0.952067,0.6488903,0.8277466,0.77674526,0.9364204,0.77378994,0.09523715,0.45479974,0.7563404,0.7070975,0.8802187,0.6033422,0.7420617,0.8247035,0.6300145,0.69353753,0.43481842,0.5895405,0.7382307,0.7894632,0.75390446,0.69736177,0.952067,0.09523715
GGGTAACAACCGCACACT,0.9945417,0.9855682,0.92548794,0.9924826,0.96820956,0.84036183,0.9332338,0.7928142,0.9809052,0.91830814,0.86460257,0.97331774,0.917763,0.9949881,0.9834458,0.7779615,0.86219823,0.9075738,0.90068305,0.90118796,0.7080203,0.56855714,0.79129744,0.7106545,0.7134133,0.87630326,0.9949881,0.56855714
AGGTGAGGGCACAACACT,0.8557797,0.9445671,0.9333708,0.85462993,0.9498513,0.7105872,0.91601276,0.7398597,0.9470698,0.76813126,0.882386,0.7169863,0.9475546,0.97669196,0.97458375,0.8529434,0.85938853,0.78711754,0.75111115,0.9362063,0.8515668,0.5457287,0.81884176,0.74778587,0.75560254,0.8409742,0.97669196,0.5457287
AGGTAGGGACATCAATAG,0.9555496,0.9865457,0.8824161,0.91998404,0.91665906,0.6933119,0.9005768,0.7777402,0.91561013,0.8064848,0.8793582,0.9033036,0.91634125,0.98478144,0.9670924,0.8595872,0.7558972,0.8328709,0.8550419,0.84095883,0.85768306,0.48405737,0.69772315,0.6035886,0.66181886,0.8341993,0.9865457,0.48405737
TGCATCCCGCCACCTCCT,0.91442734,0.40850112,0.3367662,0.9795506,0.3143919,0.44832236,0.68766725,0.2721136,0.8540205,0.8698983,0.014204714,0.17809197,0.57589453,0.6129601,0.63899434,0.10941376,0.3739478,0.06765554,0.19747384,0.3110216,0.01939552,0.18281555,0.18632692,0.15547666,0.11011846,0.39277804,0.9795506,0.014204714
TGGATCGTAACAACAGTT,0.9498252,0.8483208,0.8976661,0.9737533,0.41179746,0.68794656,0.8469345,0.24712661,0.71480024,0.81656176,0.8699131,0.9347547,0.8869622,0.99258214,0.96656936,0.88910145,0.90795463,0.92403525,0.8100566,0.89854354,0.6984123,0.21353617,0.5239319,0.2212492,0.24671149,0.73516166,0.99258214,0.21353617
GGCAGACAGACACTAACG,0.9816128,0.9835459,0.8998022,0.98983365,0.9645886,0.7081008,0.93452954,0.8886505,0.98110497,0.9705182,0.8407483,0.92680883,0.8724542,0.9522676,0.9580688,0.8844595,0.8871188,0.9321505,0.91512096,0.9195441,0.7216067,0.71579194,0.805082,0.8050446,0.77970874,0.8887305,0.98983365,0.7081008
AGGGGAGAGCAGATCACG,0.809251,0.97185284,0.93974453,0.8401559,0.97487426,0.73167604,0.87250704,0.88737774,0.9483137,0.87984943,0.8762948,0.7592361,0.9390697,0.9906457,0.9737014,0.87114835,0.7421241,0.882039,0.912832,0.8760318,0.89344853,0.7433874,0.83297676,0.82524014,0.83363974,0.8722967,0.9906457,0.73167604
TGCATCCCCCCCGCGGCT,0.058593065,0.016843965,0.11380562,0.7070643,0.036991093,0.09523358,0.39815217,0.09887029,0.4944202,0.7072601,0.0002435719,0.03450382,0.30308935,0.42810503,0.23463988,0.04058692,0.23989774,0.045929406,0.17150514,0.12741785,0.007867735,0.18679385,0.13124141,0.16110606,0.10573254,0.1978358,0.7072601,0.0002435719
AGGAAGGAACATCCAGAG,0.7768753,0.78928095,0.65163183,0.91724575,0.6384688,0.5071557,0.8257348,0.73915416,0.75743175,0.60829616,0.7811056,0.8549757,0.84012324,0.9288729,0.9144362,0.83714974,0.8497907,0.9120857,0.92674506,0.80479157,0.8250102,0.8142901,0.8450334,0.8322628,0.83740234,0.800614,0.9288729,0.5071557
TGGGGGGTAACAACATTG,0.9422365,0.9598949,0.9143855,0.790059,0.88999546,0.61994267,0.84396505,0.5866918,0.5734161,0.6018104,0.9506599,0.9510042,0.9764558,0.9907495,0.9920874,0.8932192,0.9360657,0.9132354,0.884975,0.9699012,0.8920275,0.28520346,0.5283783,0.4224143,0.26157302,0.78281397,0.9920874,0.26157302
AGGGGACAGCCGAACGCA,0.9872304,0.9720524,0.96862954,0.97967076,0.9766678,0.912769,0.92761284,0.8442311,0.97394073,0.93046975,0.69252175,0.8944926,0.9196279,0.98207766,0.97573584,0.7998365,0.8237316,0.87924135,0.85355675,0.89039123,0.7672089,0.68050134,0.8104123,0.8254624,0.8020746,0.8828059,0.9872304,0.68050134
AGGAGCGAAAATCAAGAA,0.97137904,0.8796489,0.9328044,0.9864258,0.890102,0.9299345,0.9319402,0.7771417,0.94961387,0.84725744,0.8746385,0.92867255,0.91544163,0.97052294,0.9664993,0.8528907,0.890809,0.93853366,0.919566,0.90376025,0.8827307,0.8658622,0.88273376,0.85842776,0.8729773,0.9048126,0.9864258,0.7771417
GGGTGAGGACACAACAGT,0.69162816,0.9252256,0.9094121,0.7840587,0.94519746,0.7740489,0.85582745,0.56939435,0.9188113,0.63122356,0.94459873,0.98030937,0.97279656,0.9994577,0.9961003,0.9013743,0.9385377,0.9065372,0.89831156,0.96708363,0.91268206,0.6192518,0.8605058,0.76529896,0.7631186,0.8572316,0.9994577,0.56939435
GGGTAACAACCACACACT,0.99713707,0.9917059,0.9384341,0.99345607,0.97348845,0.8499158,0.93960696,0.77627355,0.97642416,0.89550036,0.8908917,0.97993976,0.94155616,0.99612993,0.98896194,0.8698906,0.910879,0.9441771,0.93645334,0.9510786,0.7474679,0.66581917,0.83522,0.7463498,0.7408721,0.8991051,0.99713707,0.66581917
GGGACACAAAAGCCAAAG,0.8514167,0.8538357,0.8507512,0.9896433,0.9551111,0.80750954,0.9542988,0.8040532,0.9638548,0.8346734,0.8607198,0.95727503,0.9064247,0.9850583,0.97442037,0.80201745,0.8885004,0.9515082,0.9304471,0.8701423,0.8390163,0.8462269,0.8843707,0.8745258,0.8543409,0.8916057,0.9896433,0.80201745
TGCCCCGCCCCCGCGGTT,0.0013852549,0.0013319841,0.06839706,0.06679106,0.008664444,0.019900452,0.207459,0.07594303,0.16326118,0.22839239,1.3267185e-05,0.004739796,0.23040557,0.2242079,0.09041041,0.026328519,0.22135666,0.039698996,0.14149281,0.1639264,0.004628773,0.20088464,0.10234653,0.22301255,0.12261905,0.1055039,0.23040557,1.3267185e-05
GGGATTCGGTCATCTCCG,0.8887763,0.74535966,0.4092648,0.65076995,0.10366134,0.5786654,0.87370324,0.24251178,0.38766608,0.82279885,0.27875882,0.3129765,0.54000336,0.006438884,0.003094619,0.22292323,0.07331908,0.031885967,0.19660099,0.038145456,0.3055847,0.050049424,0.01684489,0.07179159,0.008808653,0.3144161,0.8887763,0.003094619
AGGTAAGGGCAGAACACG,0.97083503,0.98441523,0.91226196,0.92467386,0.9648472,0.82617533,0.9236637,0.8344712,0.9636069,0.8823375,0.8461263,0.67171884,0.8988932,0.9663233,0.9248735,0.8499448,0.86049575,0.90224546,0.89356714,0.8468137,0.8623601,0.69925827,0.85159504,0.7920816,0.82643586,0.8752008,0.98441523,0.67171884
TGCAGCACCACACCAGAA,0.5866554,0.358229,0.6480978,0.97786176,0.7355771,0.5679677,0.5241335,0.32588655,0.8774976,0.811975,0.5905447,0.716377,0.8086985,0.852807,0.941147,0.72638315,0.8891131,0.7488341,0.68603384,0.92630184,0.26782185,0.51199794,0.72578377,0.6419577,0.6520312,0.6839886,0.97786176,0.26782185
TGGATCCCGCCACCTCCT,0.97603333,0.68604016,0.5754511,0.98402256,0.59019005,0.56812423,0.7787713,0.27944162,0.8099815,0.8800758,0.07331826,0.78553206,0.7851585,0.9329851,0.87563604,0.24461728,0.45698175,0.13673206,0.34885,0.4409287,0.055460814,0.16022903,0.17015623,0.16559522,0.08632938,0.5138657,0.98402256,0.055460814
TGCATCCCGCCACCGCCT,0.73412323,0.14881714,0.32070407,0.9679679,0.3663956,0.28649846,0.6581585,0.3444694,0.7714151,0.8243452,0.005959594,0.11902118,0.53278255,0.5743315,0.57709414,0.09900563,0.44092578,0.08880225,0.19608471,0.283452,0.02119115,0.20895751,0.231063,0.20108217,0.15589502,0.36634174,0.9679679,0.005959594
TGCATCCCACCACCGGCT,0.89796615,0.43064103,0.52268505,0.98821986,0.48645192,0.46858874,0.7689847,0.3134728,0.85662717,0.9040441,0.03670745,0.23671311,0.53660226,0.64234537,0.8068226,0.20052564,0.673531,0.2045988,0.3859231,0.6564993,0.03664675,0.2444189,0.3705954,0.22801112,0.24726228,0.48579532,0.98821986,0.03664675
AGGGGACAGCAGAACGCG,0.96237415,0.9751997,0.96533895,0.96126634,0.9812302,0.8660487,0.9241905,0.8874907,0.9714947,0.87942547,0.8206471,0.91936433,0.9174705,0.9854007,0.97502476,0.87031084,0.89849895,0.9139193,0.89888364,0.926387,0.8461992,0.76915044,0.84474427,0.8477393,0.8374433,0.9058097,0.9854007,0.76915044
TGCATCGCCACAGCAGCT,0.47697398,0.25864902,0.2626936,0.7950567,0.020351902,0.28386337,0.49138296,0.076747894,0.6200129,0.6837298,0.093628526,0.38264617,0.6083064,0.73243636,0.7755653,0.4202411,0.6155645,0.25766888,0.22367695,0.4247495,0.10343191,0.22041821,0.36484843,0.26680624,0.25742635,0.38867503,0.7950567,0.020351902
TGCAGCACCACAGCAGTA,0.16639934,0.22262584,0.3120966,0.59862775,0.10090165,0.1625391,0.4232438,0.10506526,0.6182943,0.72958124,0.35067508,0.6272254,0.71713173,0.8005383,0.8992041,0.62857854,0.84646624,0.595279,0.575997,0.83435935,0.24261266,0.42424703,0.67714334,0.58236086,0.61694556,0.51432556,0.8992041,0.10090165
GGGTAACAAAAACAAAAT,0.9855313,0.98849404,0.96194553,0.99373937,0.98047906,0.88556725,0.96113867,0.8195684,0.9862268,0.84737575,0.94264746,0.98649484,0.97127795,0.99880147,0.99480474,0.9231667,0.9550216,0.98256594,0.9699867,0.9674099,0.92871106,0.89303803,0.927475,0.8574826,0.8844465,0.9437359,0.99880147,0.8195684
AGGGGAGGGCAGAACGCT,0.88896906,0.9400005,0.95196706,0.8584246,0.9394663,0.78307384,0.8896301,0.7580073,0.89853454,0.7947607,0.7304278,0.03192143,0.9291068,0.6460344,0.88826233,0.8137177,0.80824536,0.8387664,0.8298823,0.8399533,0.88145345,0.716397,0.7970647,0.83779395,0.836308,0.80512667,0.95196706,0.03192143
ACGAGAGAGCAGACAAAG,0.4202423,0.785299,0.8919712,0.7821817,0.9451065,0.6590859,0.8411824,0.80224776,0.8968806,0.7785658,0.75654334,0.5643048,0.8304276,0.7395187,0.8479893,0.8436446,0.8065063,0.9323606,0.90346146,0.73913366,0.79738617,0.85395795,0.87088984,0.8738819,0.8687038,0.8012589,0.9451065,0.4202423
GGGGGGTAAAGAAAATTG,0.9666295,0.96867394,0.5188575,0.57465965,0.97345513,0.8995526,0.8646632,0.7138427,0.7358316,0.45911843,0.9725643,0.9885968,0.9834005,0.9996815,0.99749446,0.88390684,0.9438378,0.95043164,0.92227584,0.9476444,0.96619457,0.78299534,0.9006791,0.7945587,0.82060456,0.86120605,0.9996815,0.45911843
ACGAGAGCGCAGACCGCG,0.13146648,0.48789927,0.54388785,0.4460331,0.747135,0.42386714,0.67202663,0.6419145,0.7941358,0.7225574,0.050656226,0.053913537,0.5694272,0.34685767,0.59939027,0.36716244,0.38014948,0.6874855,0.54719967,0.3167017,0.42064983,0.6059787,0.73654985,0.7935264,0.7594205,0.51383966,0.7941358,0.050656226
TGGATCGTAACAACAGCT,0.977184,0.8706371,0.9237133,0.9880355,0.56643504,0.7633309,0.8730967,0.33257592,0.7220378,0.87121844,0.8655716,0.93608207,0.89888215,0.9927977,0.96819854,0.8746509,0.90791297,0.92758244,0.8165322,0.9013233,0.694439,0.24713783,0.6132022,0.26469347,0.31045055,0.7643089,0.9927977,0.24713783
GGGTAACTAAGTCCAACG,0.97570145,0.9883193,0.82212573,0.99075127,0.94112426,0.64334,0.95934224,0.79757065,0.9284389,0.91435146,0.863887,0.96764064,0.8757558,0.99604267,0.9694905,0.83272684,0.78653556,0.9123978,0.9357786,0.81346947,0.7795719,0.3115859,0.56856304,0.37936255,0.40363815,0.81430036,0.99604267,0.3115859
GGGGAATTACGACCATTG,0.91119516,0.9447275,0.30041513,0.85931736,0.9244094,0.68268424,0.9029871,0.743712,0.79373044,0.4759058,0.8997921,0.9787944,0.90299124,0.9978761,0.9755353,0.7964335,0.7238969,0.87632924,0.8679687,0.80761665,0.8339561,0.3120894,0.44840348,0.4263374,0.35066023,0.74951065,0.9978761,0.30041513
GGGAGCGAAAATCAAGAG,0.9691854,0.9221116,0.9226968,0.98279345,0.92042196,0.9280331,0.94820035,0.83639956,0.9489594,0.7216702,0.9241531,0.986285,0.9486876,0.99808156,0.98984545,0.858083,0.9092292,0.9355553,0.9172113,0.9128406,0.9192304,0.8347785,0.8821526,0.8480372,0.8613738,0.91304064,0.99808156,0.7216702
AGGAAGGGAAATCAAGAG,0.89136803,0.9336741,0.8066205,0.94010043,0.8573357,0.66877323,0.9487609,0.7417116,0.84502596,0.72188866,0.8673064,0.8917265,0.89523655,0.9699435,0.94091034,0.85102886,0.85976815,0.93548244,0.9395924,0.7954904,0.9104118,0.8879132,0.8947211,0.86538255,0.8896449,0.86999273,0.9699435,0.66877323
TGCAGCACCACACATGTA,0.7923044,0.56380045,0.7087926,0.9533973,0.7022335,0.566043,0.56136477,0.34665173,0.8317338,0.8989398,0.6050984,0.7041194,0.7582497,0.8368748,0.92727906,0.67417496,0.86874574,0.60681385,0.56914526,0.8793589,0.22682053,0.36422643,0.6515874,0.49512273,0.5534465,0.66585296,0.9533973,0.22682053
GGCACACAGAGTCTAAAG,0.6366935,0.9169851,0.328781,0.95114505,0.8246302,0.67060095,0.83306056,0.87635595,0.9371215,0.91457933,0.7000637,0.7145983,0.6655934,0.7978332,0.816349,0.6451196,0.48831898,0.8318486,0.7905275,0.4986384,0.561155,0.5327518,0.7122499,0.6942506,0.71245205,0.7220682,0.95114505,0.328781
AAGTAGGGACACAATACG,0.7490773,0.752967,0.6903871,0.5492797,0.841727,0.41129646,0.7662571,0.539597,0.6031925,0.6715161,0.78682774,0.7132553,0.85544395,0.8277802,0.8863183,0.8268486,0.8652661,0.8701591,0.8651114,0.77648157,0.79058915,0.6956512,0.8313574,0.76012826,0.8097572,0.7494509,0.8863183,0.41129646
GGGAGCGTAACGACAGTG,0.92335296,0.8939867,0.9251204,0.93611056,0.82397324,0.79530036,0.90960866,0.5069858,0.7819885,0.80787235,0.86156565,0.92753965,0.9023672,0.9915519,0.9692321,0.8271076,0.8449497,0.89676017,0.8243925,0.8699674,0.8307867,0.5086393,0.6495432,0.7016041,0.656532,0.8226736,0.9915519,0.5069858
TCCCCCGCCCCCGCGGTT,0.00048343395,0.0004677987,0.047437467,0.014775825,0.0051437574,0.0082381535,0.14982833,0.060030904,0.06912938,0.13413665,4.468988e-06,0.00088477193,0.15376973,0.21558005,0.040465374,0.01330524,0.18655105,0.026693353,0.132265,0.061403554,0.0019790612,0.23585273,0.13376084,0.21514851,0.16391937,0.08285019,0.23585273,4.468988e-06
TGGATAGTAACAACAGTG,0.9550306,0.96240366,0.87786525,0.9807201,0.8369741,0.7362629,0.92367613,0.58139783,0.7702183,0.88606256,0.8821336,0.94282085,0.905855,0.9962014,0.97188956,0.920896,0.9421173,0.96273303,0.93785655,0.93275356,0.8193537,0.3608701,0.73386806,0.32446638,0.48512632,0.82518214,0.9962014,0.32446638
AGGAAAGAACAGAACACG,0.97273535,0.9721245,0.91682404,0.9729565,0.9659335,0.82957846,0.9306718,0.85635644,0.96715516,0.8840502,0.8209658,0.86941427,0.8969229,0.9298235,0.91014266,0.91327876,0.93301034,0.9763233,0.97449255,0.9153631,0.87499356,0.9206017,0.9112644,0.900463,0.90290004,0.9167339,0.9763233,0.8209658
GTGGGCGTAACAACATTG,0.8211477,0.78969395,0.8141143,0.7984407,0.8871539,0.5685436,0.74360085,0.5081017,0.48058936,0.5147488,0.91963345,0.9775643,0.9523947,0.996243,0.98958075,0.8563843,0.90802544,0.8473592,0.7230745,0.9588146,0.81954306,0.2411333,0.49338785,0.37274355,0.25329015,0.7294123,0.996243,0.2411333
AGGAGCGAAAAAAATGTA,0.9770565,0.8040189,0.91457725,0.94823945,0.8772254,0.9033873,0.91614383,0.54658484,0.8485116,0.8560231,0.89591765,0.93525475,0.92703974,0.9729642,0.9651076,0.8710296,0.9234917,0.95765954,0.92833245,0.92074746,0.91065305,0.90395176,0.90344954,0.8770205,0.89352334,0.8951165,0.9770565,0.54658484
CGGCCTCGGCCCCGTCCC,0.23355353,0.13053367,0.41986644,0.6029986,0.17705277,0.12016168,0.9140904,0.4024619,0.5188316,0.59756094,0.00022981108,0.00833812,0.3721885,0.02523718,0.03419508,0.042773962,0.13826281,0.017085575,0.1040675,0.07773678,0.012195731,0.1624214,0.06536701,0.23757102,0.086008966,0.22003162,0.9140904,0.00022981108
TGCCCCGCCACCGCGGTT,0.0019539886,0.0033550954,0.07326595,0.083810546,0.00983422,0.016275642,0.23892486,0.05572733,0.17840208,0.25127017,0.00012445905,0.010664791,0.28178257,0.28326818,0.17891861,0.0654055,0.37165397,0.065137975,0.16206169,0.29065672,0.0109948,0.21643941,0.14940305,0.25670484,0.1698287,0.13703461,0.37165397,0.00012445905
CGGGGACCGCAGACCGAG,0.42176285,0.90826315,0.919021,0.9393758,0.96840405,0.71895105,0.8173317,0.82645684,0.9761085,0.6917238,0.15068446,0.717068,0.8826719,0.96826935,0.9726521,0.6702703,0.8003052,0.7580325,0.7229724,0.8855492,0.43435198,0.4690213,0.65321857,0.7620361,0.69972867,0.74936926,0.9761085,0.15068446
GGGTAACAACCACAAACT,0.99696225,0.99334115,0.95609194,0.9949108,0.97804093,0.8760135,0.96979713,0.78465366,0.9811308,0.9338287,0.9119762,0.98343056,0.9542273,0.9969186,0.9916036,0.8959484,0.92917055,0.95978355,0.95030767,0.95881623,0.807528,0.73016566,0.8597465,0.7757406,0.7789471,0.9179633,0.99696225,0.73016566
GGGGGACAACCCAACGGT,0.7822806,0.849993,0.86480623,0.90092695,0.94315326,0.851372,0.8016742,0.6812871,0.91755724,0.6877458,0.899927,0.9925389,0.9540448,0.9987194,0.99520826,0.83387876,0.92409074,0.91798216,0.92601246,0.9558,0.8333471,0.67056566,0.8323901,0.8189579,0.7823807,0.8646656,0.9987194,0.67056566
GGGTAATAACATCATTGG,0.9904357,0.99002624,0.5532275,0.95059764,0.90545577,0.9128692,0.8654375,0.80102175,0.9490332,0.8398162,0.88436174,0.97308666,0.8623212,0.9970272,0.9745979,0.8093327,0.74901885,0.8800521,0.8742634,0.7119195,0.81251067,0.2383466,0.44366318,0.2397169,0.28653,0.77978677,0.9970272,0.2383466
ACGAGAGCGCAGACAAAG,0.15923835,0.76998675,0.853591,0.7197617,0.9269053,0.49300116,0.8053581,0.7447565,0.87853616,0.7732402,0.5055356,0.42669323,0.797994,0.6296549,0.8461441,0.71873254,0.64052826,0.8597372,0.66932225,0.57205844,0.6896124,0.77052903,0.8292255,0.8457007,0.8278981,0.7101497,0.9269053,0.15923835
AGGTAGGGACACAATAGG,0.68376946,0.84417826,0.62538874,0.59511393,0.8345135,0.53390837,0.8266025,0.5409449,0.7052835,0.7460921,0.8742453,0.9148308,0.91604334,0.9872864,0.97466123,0.8751583,0.903469,0.9085181,0.87705076,0.9187852,0.8671533,0.6358734,0.829674,0.74052227,0.7976261,0.7982677,0.9872864,0.53390837
TGGAGCACCAAACATGAA,0.9137317,0.71855116,0.89703053,0.9793991,0.91464585,0.80557543,0.6762649,0.5598303,0.89615685,0.8508731,0.8649699,0.9560437,0.9298934,0.9903046,0.9862603,0.8826477,0.93283856,0.9209757,0.9111883,0.95475954,0.70987946,0.61238146,0.80581236,0.69832087,0.74595684,0.8445716,0.9903046,0.5598303
AGGAAGGGAAATCAAAAA,0.92382586,0.95697373,0.9311092,0.96271914,0.9296286,0.69751424,0.9620027,0.80934876,0.9287114,0.87269026,0.9095465,0.9399279,0.94568795,0.98406994,0.96823335,0.8646707,0.87637436,0.9420045,0.94339454,0.84572035,0.9273406,0.91031694,0.9169278,0.88069415,0.9037797,0.90932846,0.98406994,0.69751424
CGGTAACAACCCCACGCT,0.9672814,0.8935395,0.77747387,0.9860168,0.93227136,0.67659104,0.8839553,0.7114491,0.9862873,0.85360646,0.7246303,0.8194188,0.7892666,0.9120458,0.9376853,0.6237787,0.85405314,0.8731827,0.89413977,0.9077371,0.25386795,0.45905042,0.6961211,0.6082005,0.604517,0.7850467,0.9862873,0.25386795
GGGTGACAACCCAACGCT,0.96955985,0.96562976,0.93974566,0.97624594,0.97085,0.87861204,0.8982687,0.7977063,0.96648693,0.8402668,0.8938353,0.9888761,0.94863504,0.99811035,0.99321586,0.8242781,0.9175303,0.9072732,0.9011909,0.9606662,0.7538321,0.4954434,0.78839874,0.69039255,0.6738924,0.87755775,0.99811035,0.4954434
GGGTGAGGGCCCAACGGT,0.63146806,0.80248296,0.69362706,0.581192,0.6965159,0.80231625,0.74446523,0.51146966,0.8425908,0.65395755,0.4606566,0.0870898,0.9349277,0.47797596,0.8679677,0.636759,0.69613767,0.4861452,0.644318,0.77729464,0.6994337,0.2667444,0.34856957,0.568369,0.2865357,0.60796034,0.9349277,0.0870898
GGGGGGGTAAGAACATTG,0.8264875,0.91007346,0.649817,0.4238861,0.8546543,0.7073031,0.8631052,0.6034854,0.46551454,0.4320413,0.95585114,0.8057065,0.976438,0.9559767,0.9828837,0.85737544,0.90509063,0.90191627,0.8935586,0.9378227,0.9417161,0.5594562,0.64949596,0.6926899,0.54157865,0.7717569,0.9828837,0.4238861
GGGTAACGACACAACAGT,0.7933781,0.9493937,0.8650059,0.8837717,0.9154545,0.7581179,0.88786316,0.6068154,0.9336705,0.7209732,0.90088695,0.9798452,0.94115776,0.99707407,0.99043465,0.8992971,0.9273383,0.95102406,0.9217656,0.9478104,0.8360829,0.6794072,0.8427852,0.76256543,0.77708036,0.86675996,0.99707407,0.6068154
GGGACACAAAGTCTAAAG,0.8953435,0.97963566,0.723639,0.98250234,0.9516081,0.79110837,0.94498575,0.8875555,0.9583373,0.92569315,0.8570532,0.9527578,0.8614807,0.98194844,0.95994306,0.828497,0.7996582,0.94486475,0.93691504,0.8011692,0.8016072,0.69898933,0.8035998,0.7735267,0.7848222,0.8730897,0.98250234,0.69898933
CGCATCCCCCCACCGCCT,0.51575637,0.05000471,0.30661097,0.96386653,0.51884395,0.13912398,0.6230061,0.34266144,0.8150897,0.84087855,0.0032668964,0.054779653,0.47835347,0.44305557,0.62321746,0.06617277,0.4799938,0.11013704,0.2443989,0.37560645,0.010842029,0.3502499,0.45277613,0.3681338,0.3836416,0.38241866,0.96386653,0.0032668964
CGCATCCCGCCACCTCCT,0.9042307,0.35472462,0.32796213,0.9790131,0.39292082,0.38716856,0.75106615,0.33614162,0.894231,0.84949607,0.007430747,0.0574041,0.49116766,0.4241293,0.55014026,0.063670546,0.2748445,0.052690487,0.16674441,0.19544809,0.01355059,0.27518034,0.31630117,0.30084676,0.28902525,0.38622117,0.9790131,0.007430747
TGGAGCGAAACAACAGTA,0.9530747,0.76411057,0.90665925,0.9575595,0.8191625,0.84519696,0.8272628,0.3815633,0.7693932,0.8625816,0.9078916,0.9666549,0.9465508,0.99650097,0.98762417,0.90690255,0.9493285,0.96050805,0.92392486,0.96334213,0.85749525,0.73263586,0.8663497,0.78048223,0.81153846,0.8657717,0.99650097,0.3815633
GGGGGCGAAAAAAAATTG,0.9783889,0.9479578,0.9022534,0.8750824,0.97142357,0.89523333,0.9352649,0.7647879,0.89562607,0.6310101,0.9709864,0.99676615,0.98420626,0.99976754,0.99801016,0.87464225,0.94541234,0.9458113,0.9075563,0.95850414,0.9614828,0.8883061,0.93088126,0.8796437,0.8924453,0.917258,0.99976754,0.6310101
GGGTAATAACGTCATTTG,0.9950583,0.99276793,0.38631743,0.95366853,0.9481518,0.9291603,0.85535705,0.8522982,0.91026485,0.81867844,0.8829515,0.967575,0.76589507,0.99560004,0.92858875,0.7028986,0.544525,0.8170807,0.8374688,0.5292213,0.7547291,0.12458626,0.1806842,0.15715498,0.101920865,0.71730405,0.99560004,0.101920865
TGGATCCTGACAACTGCG,0.98032826,0.85281736,0.8535309,0.9869819,0.5887785,0.6960623,0.88172555,0.42479637,0.8065003,0.92493105,0.6619473,0.85591346,0.7798043,0.9327748,0.74275243,0.534893,0.4276775,0.19264255,0.5568061,0.3311531,0.26980382,0.11444541,0.16472341,0.12752543,0.07547085,0.5905914,0.9869819,0.07547085
TGGATCGTAACAGCAGTG,0.9195734,0.84570634,0.62242687,0.8821299,0.08984855,0.4114222,0.83778673,0.18700619,0.6740716,0.7063396,0.78887904,0.8753827,0.76223105,0.96767235,0.8405357,0.8380678,0.7559897,0.79867214,0.71237516,0.66601384,0.5649682,0.1575559,0.29685122,0.18893906,0.15327334,0.62174875,0.96767235,0.08984855
TGCATCCCCACAGCGGCT,0.42602205,0.20598322,0.2282499,0.87628096,0.058569554,0.17968988,0.5115306,0.118327275,0.56162393,0.82372034,0.011936947,0.14824025,0.43591446,0.5574302,0.56466615,0.20235522,0.5354155,0.1522216,0.2715941,0.33389208,0.039677776,0.21694013,0.26907557,0.21319713,0.20286085,0.32581666,0.87628096,0.011936947
TGCATCCCAACAGCTGCT,0.8813947,0.7196573,0.4289433,0.9568046,0.08736484,0.43131563,0.70974135,0.114793904,0.77232856,0.8825957,0.22945435,0.36353338,0.5399353,0.68445987,0.7651185,0.40446165,0.56059927,0.3154779,0.50758046,0.47585782,0.07905781,0.20214002,0.3333531,0.19631307,0.21251863,0.47419205,0.9568046,0.07905781
ACGGGACCGCCGAACGCG,0.6148957,0.9042406,0.8015792,0.8082224,0.9588977,0.6378361,0.80571705,0.77581775,0.9257832,0.8163502,0.011948673,0.25120133,0.7148469,0.60794425,0.858213,0.3814143,0.5941165,0.73377097,0.5052042,0.56697494,0.23602737,0.46056667,0.65704983,0.7481551,0.694542,0.6428526,0.9588977,0.011948673
TGGATCGCAACAGCAGTG,0.830149,0.8083016,0.49902087,0.8147317,0.09043328,0.38912365,0.782665,0.12893099,0.71181107,0.7202466,0.73862314,0.89569825,0.8075492,0.98103267,0.95458895,0.83486867,0.8173377,0.7757959,0.6149197,0.7468168,0.5005531,0.27385625,0.52052605,0.3608313,0.36057138,0.6383593,0.98103267,0.09043328
GGGAAACAGAGTCCAATG,0.9078635,0.9530386,0.46534288,0.96640533,0.9033942,0.6759143,0.89982784,0.7923064,0.90824324,0.8836081,0.8466983,0.943373,0.8502883,0.9857218,0.9433503,0.8317867,0.77562314,0.9223471,0.9454432,0.71417314,0.8423649,0.7373815,0.81767356,0.80258524,0.8054473,0.844808,0.9857218,0.46534288
GGGTGACAACCGAACGCA,0.9935264,0.98802406,0.97500837,0.9903937,0.98097557,0.95831037,0.93443793,0.83574915,0.97993124,0.9518174,0.8966616,0.98699,0.95216256,0.99848306,0.9923919,0.8314723,0.9148007,0.92340297,0.8916946,0.9468239,0.80917674,0.5521229,0.8079885,0.72980255,0.73313314,0.9022113,0.99848306,0.5521229
TGGAGCGAAAAAAAAGTG,0.9519363,0.85975546,0.8676391,0.93217206,0.8854418,0.8905909,0.9140913,0.60836786,0.88649136,0.7813851,0.92913514,0.97383153,0.95912725,0.9978275,0.9898511,0.8980417,0.9556712,0.9665772,0.9281791,0.9577608,0.9235983,0.8814357,0.918531,0.84025645,0.8788392,0.9030614,0.9978275,0.60836786
CGGACCCCGCCACCTCCT,0.8678398,0.26437226,0.4934713,0.95651305,0.70330113,0.36195043,0.7857976,0.41609043,0.8090263,0.8240665,0.010674182,0.26218513,0.60724324,0.51346457,0.78190106,0.12757622,0.5062239,0.32173517,0.43102017,0.62269187,0.027918309,0.3495707,0.46933448,0.51855487,0.4377138,0.4988094,0.95651305,0.010674182
CGGTAACAACCCAACTCT,0.9824368,0.97329444,0.8540726,0.9821318,0.9589997,0.8085297,0.86860335,0.7885422,0.97436905,0.88265926,0.8135588,0.86994916,0.8537148,0.93587923,0.95168394,0.80363446,0.8832836,0.9169766,0.9327014,0.94628495,0.36882403,0.5082545,0.7249671,0.6048825,0.6357882,0.8329609,0.9824368,0.36882403
GGGATTCGGACATCTCCG,0.93531084,0.77551335,0.43859908,0.8087222,0.319556,0.69175583,0.86141145,0.2789653,0.5167504,0.8439978,0.7427183,0.8352539,0.825701,0.59384084,0.28863603,0.51815486,0.2656044,0.22893593,0.36649987,0.2372708,0.5017577,0.1060923,0.09821248,0.16505297,0.055285156,0.49198395,0.93531084,0.055285156
CGCACCCCGCCACCGCCT,0.30370036,0.02826285,0.26979804,0.91119766,0.4887767,0.114841454,0.67551917,0.51737726,0.79899484,0.7719665,0.0011705188,0.017464155,0.4536145,0.40277183,0.5244523,0.04471881,0.41835737,0.18324801,0.22898108,0.3639698,0.012831733,0.40300217,0.50793815,0.54068106,0.48585457,0.37877965,0.91119766,0.0011705188
GGGTGACAGCAGAAAAAA,0.9805715,0.9938641,0.99103004,0.98633707,0.99031675,0.9519299,0.9169479,0.8693753,0.9897351,0.9197853,0.9490022,0.99039686,0.97958696,0.99950176,0.9967884,0.89529955,0.9226759,0.9185848,0.87807685,0.94392145,0.9241722,0.7790259,0.8949638,0.81895393,0.8476781,0.9331409,0.99950176,0.7790259
GGGAAACTACGACCGTCG,0.97965246,0.9119064,0.6552422,0.9795916,0.9323766,0.67304987,0.9275063,0.79212993,0.845971,0.8741817,0.7613621,0.922873,0.7820686,0.96915877,0.91093767,0.67352897,0.7306218,0.908287,0.9164756,0.6873709,0.66948354,0.5038283,0.71493345,0.6903859,0.6945449,0.8042987,0.97965246,0.5038283
GGGAATCGGTCATGTCCT,0.8945507,0.81833696,0.4639659,0.47859222,0.07393924,0.57866144,0.8862732,0.252902,0.26500252,0.7669618,0.43661723,0.32375634,0.4709377,0.037462674,0.0072119483,0.21862096,0.08668848,0.065312356,0.34649536,0.021089638,0.47173238,0.08876463,0.050818387,0.17436706,0.0477894,0.333074,0.8945507,0.0072119483
GGGTGACAGCAGCAAAAA,0.98109865,0.9892789,0.9844214,0.98807776,0.985387,0.9365037,0.9220392,0.8554375,0.99150884,0.9170558,0.9351492,0.98649275,0.9720272,0.99932057,0.99606687,0.85066086,0.88549185,0.8767938,0.8189812,0.91304505,0.89397895,0.66050744,0.8588014,0.78204215,0.802064,0.9112893,0.99932057,0.66050744
CGGGGACCGCAGATCGAG,0.29131114,0.9737285,0.93219274,0.91534704,0.969203,0.6898096,0.84246904,0.883924,0.9801827,0.8021639,0.16679282,0.67195743,0.8716475,0.9231519,0.9601207,0.7051289,0.65838534,0.67294556,0.682916,0.79294837,0.440139,0.39117926,0.46595627,0.69761986,0.6093354,0.71962225,0.9801827,0.16679282
GGCAAACAGACTCTAATG,0.9021943,0.98458976,0.66206753,0.97795105,0.89407766,0.53856933,0.8962089,0.88533515,0.9513229,0.9512502,0.7547459,0.7978734,0.708136,0.85053563,0.8500082,0.7791778,0.5933814,0.904979,0.905734,0.68499327,0.56661046,0.57353866,0.7282755,0.693516,0.7131872,0.7899303,0.98458976,0.53856933
GGGAGGGAAAATCAATAG,0.9794948,0.975709,0.9322849,0.94252425,0.93817484,0.89657116,0.9399588,0.9089983,0.9342988,0.80798745,0.95671105,0.9902909,0.9739354,0.9994939,0.9945724,0.87920004,0.92349494,0.94469863,0.94461864,0.9319059,0.9517673,0.8543853,0.90324134,0.8477008,0.8743994,0.92905664,0.9994939,0.80798745
AGGAGAGCGCAGATCGCG,0.48501724,0.93987167,0.83381873,0.7940937,0.8679547,0.65031815,0.8101005,0.77923334,0.9138324,0.8827367,0.30881768,0.29712316,0.7510902,0.826706,0.7947689,0.6650076,0.3640048,0.7142898,0.72030497,0.46894994,0.7200903,0.60273325,0.70062315,0.78144264,0.7760319,0.69795847,0.93987167,0.29712316
GGGGGATAACGTCATTTG,0.9935678,0.99054426,0.6590647,0.94076455,0.9812403,0.936183,0.88662285,0.8934541,0.9210463,0.77208596,0.9274657,0.9718854,0.9111418,0.9946649,0.96665555,0.75580657,0.5720789,0.75193644,0.773768,0.6623003,0.83426845,0.20607935,0.19024001,0.33574483,0.14634022,0.75899804,0.9946649,0.14634022
GGGTAATGACACCACTGG,0.7037496,0.84976274,0.22466278,0.6926019,0.8443071,0.7292001,0.77515984,0.5647852,0.89363533,0.5702661,0.8715417,0.97237724,0.8886418,0.9970365,0.98339456,0.73321617,0.71708786,0.750956,0.85211986,0.7037014,0.77320343,0.322546,0.6048468,0.4264285,0.4103193,0.7142218,0.9970365,0.22466278
CGGTAACAACCTCACGCT,0.99214965,0.98839974,0.887886,0.9946287,0.9400879,0.77811104,0.9247032,0.81998664,0.9873202,0.9155457,0.72594255,0.819441,0.76173383,0.90847325,0.91725427,0.62368697,0.7680758,0.8270089,0.8659491,0.8698021,0.2574818,0.34360826,0.63808084,0.4739883,0.53124154,0.78242356,0.9946287,0.2574818
AGGGGACAGCACAACGCT,0.824768,0.9052178,0.9414327,0.920226,0.9579397,0.7565772,0.898706,0.79214025,0.94033444,0.7683609,0.85407156,0.9620027,0.9284682,0.9855011,0.98232377,0.87880343,0.9105534,0.9073073,0.8867824,0.95344263,0.80925447,0.7339296,0.83594984,0.8341538,0.806503,0.8789899,0.9855011,0.7339296
CGGGGACAACCCAACGCT,0.9359704,0.9271895,0.9483828,0.9808141,0.97876376,0.7653158,0.8878838,0.8522115,0.9822463,0.8451204,0.862149,0.96998805,0.9226309,0.9826925,0.9835585,0.8205716,0.9180854,0.90660876,0.9196338,0.96189255,0.6096315,0.6098723,0.7811578,0.79141647,0.7321696,0.8750384,0.9835585,0.6096315
CGGGGACCGCCGAACGAG,0.9023375,0.9774897,0.94695395,0.9782267,0.98529965,0.80404025,0.8765104,0.84994316,0.98780984,0.8157163,0.08270369,0.72797585,0.8944584,0.9573913,0.97515434,0.689727,0.79503596,0.8058083,0.70065403,0.8829735,0.38194287,0.44107464,0.6176902,0.7534967,0.6830468,0.7805385,0.98780984,0.08270369
CCCCCCCCGCCCCGGCCC,0.002795457,0.0007764403,0.11177239,0.18194787,0.17390501,0.012454894,0.43340057,0.41912103,0.412125,0.25237322,4.4730127e-06,0.0005330838,0.31220412,0.29657385,0.13037694,0.013730255,0.25165355,0.06038733,0.19604897,0.110354595,0.0013763215,0.38864243,0.40765116,0.43312868,0.40260273,0.20023762,0.43340057,4.4730127e-06
TGCATCGCCACAGCAGTA,0.2783539,0.24394488,0.23240282,0.65620095,0.014940107,0.29069695,0.5364789,0.09444746,0.6914033,0.6912139,0.10631805,0.4396271,0.61678475,0.7578784,0.8296833,0.4839908,0.61441165,0.24393067,0.22126378,0.42085284,0.11926132,0.21511346,0.3576795,0.2591721,0.25601074,0.38688248,0.8296833,0.014940107
TGGATCGCAACAACAGCT,0.9535807,0.8354476,0.87556404,0.9799559,0.5652788,0.7504421,0.79072696,0.21573295,0.7438679,0.8671052,0.84621257,0.9385791,0.90349615,0.9893749,0.977066,0.8736089,0.91587913,0.9134554,0.7558817,0.91337264,0.6367332,0.39343685,0.75838524,0.4760317,0.58006513,0.7779712,0.9893749,0.21573295
AGGAAAGAACATCCAGCG,0.9446133,0.91086024,0.7863899,0.98249185,0.7984839,0.7210471,0.8949993,0.8021696,0.8732599,0.83172095,0.726995,0.7721238,0.782544,0.8643916,0.84480995,0.8012883,0.8492265,0.9420199,0.960761,0.79783815,0.7582723,0.831034,0.84452534,0.8343126,0.8341462,0.83961296,0.98249185,0.7210471
GGCAGACGGACTCTAATG,0.8886058,0.98602647,0.8256905,0.96639913,0.8709014,0.5008308,0.93075657,0.8438843,0.96286815,0.9663134,0.61090297,0.7799273,0.7825896,0.8917629,0.86530876,0.6901987,0.37320313,0.7389934,0.6513855,0.57587194,0.5719277,0.35351658,0.44243217,0.6027996,0.5186837,0.72767127,0.98602647,0.35351658
TGGATCGTAACAGCAGTT,0.9195605,0.7917458,0.71378356,0.8958677,0.05100064,0.45024237,0.80739367,0.12231584,0.67403924,0.7088953,0.81940156,0.88194233,0.7888617,0.9715588,0.82678765,0.8380678,0.7559897,0.79867214,0.71237516,0.66601384,0.56634265,0.14512953,0.28142914,0.17462346,0.13437374,0.61985654,0.9715588,0.05100064
TGGATCCGGACAACTCCT,0.9676689,0.7547263,0.78512543,0.9749692,0.53627264,0.69398427,0.86570364,0.26200208,0.62350756,0.9134813,0.7690591,0.8727041,0.8756966,0.97176653,0.9130789,0.6799086,0.75912774,0.5872409,0.6201157,0.7304803,0.37399286,0.17900714,0.35865083,0.2565813,0.1869288,0.66047126,0.9749692,0.17900714
TTGATCGCAACAACAGTT,0.733983,0.58297294,0.63745946,0.901766,0.29113308,0.5363712,0.57351774,0.11809528,0.50679094,0.6699087,0.7857386,0.84259886,0.83590853,0.97907495,0.95746386,0.8826708,0.89944565,0.878129,0.60032445,0.8714835,0.41546586,0.18776676,0.5698822,0.1732152,0.22034591,0.62606055,0.97907495,0.11809528
GGGGAGGGAAATCAATTG,0.9438022,0.97846913,0.72415966,0.7517045,0.92291033,0.5816055,0.9253495,0.74680537,0.73318225,0.66043717,0.9587147,0.96321374,0.9685581,0.9989266,0.99390125,0.8496339,0.8652568,0.8964213,0.91727155,0.89694935,0.9485415,0.7290873,0.8120045,0.79272723,0.7871189,0.8538701,0.9989266,0.5816055
GGGTAATTACGTCCATTG,0.93986464,0.9794801,0.28519452,0.9022918,0.8062993,0.68806654,0.85751694,0.7408057,0.83460736,0.68540174,0.8284806,0.9472854,0.6091039,0.9507215,0.3482859,0.55622095,0.2741309,0.4486876,0.68970764,0.28592128,0.5676477,0.065352015,0.059160292,0.0827552,0.02634392,0.5783734,0.9794801,0.02634392
GGGGGACAGCAGAACAAA,0.96674186,0.9896606,0.9902484,0.978498,0.9913295,0.929181,0.92780286,0.87201333,0.9883493,0.856997,0.9493864,0.9879474,0.98164904,0.9995888,0.9971196,0.90201795,0.933144,0.92938495,0.9199211,0.95553887,0.9292487,0.8188383,0.89745575,0.8725794,0.8663069,0.937238,0.9995888,0.8188383
CGGGGACCGCCGAACGAA,0.9177682,0.9727541,0.9638263,0.9824362,0.98144555,0.8891453,0.8659405,0.79643464,0.983867,0.84577066,0.14922704,0.80462444,0.9146067,0.9716473,0.9800391,0.689727,0.79503596,0.8058083,0.70065403,0.8829735,0.42602113,0.4660082,0.66827846,0.7647601,0.7034065,0.7968882,0.983867,0.14922704
CGGGGACAGCCGAACGAG,0.97289485,0.98076195,0.96687114,0.98517865,0.9886951,0.8689137,0.9037211,0.90238065,0.98977005,0.8767184,0.61286,0.8744312,0.9121582,0.9826523,0.978949,0.82693475,0.85771793,0.8733525,0.840041,0.9197234,0.62990916,0.58915895,0.7566462,0.7994108,0.769079,0.8663572,0.98977005,0.58915895
AGGAACGACGATCGAGAA,0.8280884,0.47423473,0.6512344,0.8628274,0.44113544,0.683687,0.7904127,0.6324131,0.7767638,0.42740187,0.5822897,0.5509187,0.6712484,0.7472329,0.79749143,0.7232231,0.5403081,0.8977928,0.8546746,0.57328093,0.7234633,0.7069334,0.7920771,0.8038742,0.8102186,0.69372904,0.8977928,0.42740187
GGGTAATGACATCATTTG,0.9928037,0.99610674,0.76891464,0.97196233,0.95495844,0.8899542,0.93173367,0.80485153,0.9186917,0.8597573,0.903237,0.9742646,0.8695405,0.99662,0.95337605,0.7526199,0.44514585,0.6291056,0.8150738,0.41898602,0.7893389,0.13274464,0.19358532,0.16241494,0.103063844,0.7291539,0.99662,0.103063844
GGCAGACGGACATGAACG,0.9327279,0.8991776,0.66772366,0.8795967,0.7582051,0.636643,0.896023,0.69311655,0.8798911,0.9013205,0.7805369,0.82746047,0.83617616,0.9332129,0.91919047,0.7529952,0.7360256,0.8429099,0.7234708,0.61462325,0.7569119,0.62887716,0.7664135,0.78381497,0.778414,0.79301834,0.9332129,0.61462325
GGGAAACGGACACCAACG,0.9834022,0.97388166,0.89465344,0.9882758,0.9470061,0.7079905,0.9610028,0.7485562,0.9480136,0.9488478,0.87132925,0.96375483,0.920114,0.9890715,0.97454983,0.8585376,0.87736255,0.93615496,0.92204195,0.8811464,0.8397065,0.79261917,0.8633356,0.85754156,0.8293654,0.89913046,0.9890715,0.7079905
TTCAGCGCAACAACAGTT,0.49722594,0.27310306,0.6179295,0.78924334,0.3038908,0.41065186,0.46810237,0.1311882,0.64665645,0.7350963,0.65349525,0.54705894,0.7428247,0.8367527,0.900937,0.81956065,0.8762223,0.83956313,0.5561988,0.8285459,0.2878173,0.32700327,0.68240607,0.34595647,0.48846352,0.5842358,0.900937,0.1311882
TGCATCGCCACCGCGGTT,0.021801412,0.02444134,0.078876354,0.3335668,0.007721683,0.067923255,0.34727782,0.06598435,0.36130536,0.4845723,0.0022497957,0.0476064,0.23872645,0.2614715,0.16021833,0.14326341,0.29107645,0.07548707,0.11718562,0.13623136,0.031263668,0.14009064,0.10455484,0.15806572,0.08445373,0.15141663,0.4845723,0.0022497957
GCCCCTCGGTCCCGTCCC,0.010065274,0.015897553,0.14188322,0.07725313,0.011530811,0.045638043,0.74278575,0.1781068,0.12113778,0.28030354,5.2169562e-05,0.0007365827,0.10666446,0.0030515534,0.0007862798,0.017515844,0.08535575,0.0075882645,0.08745075,0.020152675,0.00492731,0.119647406,0.036976222,0.13350753,0.041183267,0.09160792,0.74278575,5.2169562e-05
CGGTAACAACCTCACTCT,0.99629784,0.99404716,0.8831618,0.99460524,0.9510209,0.81849945,0.890697,0.8436111,0.98706424,0.9334914,0.7713251,0.8420113,0.7892359,0.9186577,0.92478484,0.6595838,0.71982366,0.81329817,0.87338394,0.8799231,0.23951133,0.29743293,0.60574013,0.3958629,0.4612335,0.77937216,0.99629784,0.23951133
GGGTAACAACCCCACTGT,0.94197613,0.8712196,0.4929712,0.9182845,0.8519648,0.8012976,0.77070606,0.58636373,0.9319443,0.77648324,0.8325485,0.96958643,0.87807417,0.99283695,0.982735,0.6847828,0.84984225,0.8788263,0.904713,0.8873644,0.5925437,0.4529364,0.7386265,0.6111159,0.6143067,0.792562,0.99283695,0.4529364
GGGTGACAACAGCAAAGA,0.9682788,0.97310776,0.94280475,0.97475356,0.96488583,0.91832364,0.91936684,0.74331343,0.9858702,0.9295196,0.9264769,0.9908533,0.964066,0.9992448,0.99588203,0.87824637,0.94240713,0.9419833,0.89824677,0.9446092,0.8870136,0.72311574,0.86741847,0.7916402,0.8134917,0.9153968,0.9992448,0.72311574
ACGGGACCGCAGACAGAG,0.10172113,0.7743823,0.84652466,0.76258576,0.93331045,0.6402066,0.78010887,0.74381447,0.89055884,0.6436031,0.100114815,0.5151682,0.77571446,0.7429734,0.91313124,0.6549115,0.74571085,0.81330067,0.6150944,0.6748876,0.49226013,0.6261269,0.75776166,0.8017442,0.77117807,0.68467575,0.93331045,0.100114815
GGGTAGGGACATCATATG,0.97207177,0.98727936,0.8764937,0.88171905,0.91790116,0.64756256,0.9395053,0.71490735,0.8191779,0.8450243,0.92772865,0.93408996,0.9457441,0.9862746,0.9717298,0.83964366,0.6829779,0.69663423,0.7946521,0.78703517,0.86818296,0.29488036,0.37594184,0.42982683,0.2772162,0.77656806,0.98727936,0.2772162
TGCATCCCGACAGCTGCT,0.78767204,0.47055408,0.2275557,0.9203933,0.04053396,0.37421492,0.62736213,0.121002205,0.7483971,0.8488449,0.03279421,0.14136681,0.41275007,0.46791574,0.3080003,0.21241541,0.27651426,0.0881383,0.27627912,0.16470264,0.05224077,0.15823264,0.15874349,0.16491205,0.11635901,0.32791573,0.9203933,0.03279421
TGCCCCCCCCCCCCGGCT,0.015490916,0.0030241753,0.21061586,0.7517355,0.32043728,0.05649684,0.38352352,0.20820828,0.5415216,0.5667138,3.7011014e-05,0.015246094,0.42861918,0.45954502,0.5935582,0.033274513,0.45674288,0.094450995,0.2974041,0.5596074,0.0027838673,0.30412117,0.2866782,0.28335762,0.25409386,0.28509152,0.7517355,3.7011014e-05
AGGGGACAGCCGAACGCT,0.9846888,0.9688994,0.9604996,0.97710747,0.9736349,0.8563986,0.8972906,0.81508523,0.96695554,0.89667237,0.66419274,0.8696103,0.90693045,0.97850645,0.9714551,0.7998365,0.8237316,0.87924135,0.85355675,0.89039123,0.7400114,0.6433378,0.78926045,0.81122136,0.7854568,0.86815894,0.9846888,0.6433378
TGGAGCGCCACACCAGTT,0.7946841,0.52434504,0.7117234,0.9250355,0.57108134,0.5693511,0.55446583,0.19496728,0.798698,0.8018831,0.53028685,0.9390995,0.87873995,0.98255414,0.97769964,0.731039,0.85591716,0.6449145,0.54961807,0.90577394,0.3740388,0.29265267,0.60096705,0.54491997,0.45028168,0.66818947,0.98255414,0.19496728
GGCAGTCGGTCACGAACT,0.9552058,0.9203864,0.83721197,0.8595774,0.23428261,0.31112352,0.95667976,0.37668484,0.8430145,0.8487027,0.2001355,0.19480182,0.72630626,0.04731329,0.10415694,0.48149365,0.4239863,0.17059153,0.3245135,0.2179528,0.40004382,0.17702462,0.21336998,0.37550476,0.1984325,0.4559399,0.95667976,0.04731329
CGGTGACAACCCAACGCT,0.9604316,0.95249486,0.9331687,0.9830765,0.97122455,0.8121134,0.91147405,0.82045555,0.9887941,0.88074833,0.82829577,0.93695134,0.89186496,0.97284526,0.9749155,0.7901811,0.91376686,0.8866779,0.8812499,0.9613712,0.43836823,0.44718012,0.72586364,0.6378356,0.6330277,0.8453751,0.9887941,0.43836823
GGGAAACTAAGTCCAACG,0.9679519,0.98271155,0.83732367,0.99280334,0.9309398,0.64917874,0.9698226,0.82840765,0.9224185,0.9311921,0.83911234,0.9511795,0.85588807,0.9851687,0.937969,0.8316945,0.8013778,0.9405357,0.95623136,0.7425744,0.8016023,0.6226804,0.7859226,0.7124797,0.7577545,0.861397,0.99280334,0.6226804
TGGAGCACCACACATGAA,0.9607892,0.8491652,0.928295,0.9887632,0.934704,0.8357821,0.6619905,0.49129453,0.8765767,0.8995425,0.8318693,0.95167243,0.9165134,0.98623663,0.98383945,0.8482994,0.90242463,0.81494564,0.81835896,0.9362266,0.57661945,0.48584074,0.7530299,0.6350806,0.6766525,0.82178044,0.9887632,0.48584074
AGGAGAGAGCAGATCGCG,0.7909041,0.94531,0.87954134,0.84860504,0.9144823,0.7986656,0.8541085,0.85663474,0.91066194,0.90938044,0.7616943,0.54245055,0.8108912,0.9303411,0.8604566,0.8260398,0.60648453,0.9019175,0.92498416,0.6993356,0.84521043,0.75831825,0.8156596,0.8222845,0.8324012,0.8258705,0.94531,0.54245055
GGGTGACAACCCAACACT,0.98137784,0.9818123,0.9623411,0.98158294,0.9837061,0.84558284,0.9246291,0.8384454,0.9729893,0.8464469,0.9204186,0.9921392,0.96484226,0.9986769,0.9951588,0.87182754,0.92738163,0.92293257,0.9159297,0.9698524,0.7941321,0.5631186,0.8195219,0.7215207,0.7165539,0.89651686,0.9986769,0.5631186
GGCGGACGGACTCTAATG,0.8031142,0.987382,0.839399,0.93913317,0.9351465,0.4547775,0.91249627,0.84142303,0.96492106,0.9391069,0.48580027,0.6742668,0.86881065,0.75088197,0.88924605,0.6880769,0.39937827,0.6236523,0.5440708,0.70234466,0.58982986,0.26408762,0.272056,0.5491633,0.33138967,0.68999827,0.987382,0.26408762
CGCCCCCCGCCCCCGCCC,0.008258806,0.0022443945,0.15516385,0.7088359,0.3898115,0.026634375,0.50650537,0.49028188,0.70353836,0.48452115,2.5089581e-05,0.0042189485,0.4369668,0.39614502,0.45009208,0.01751681,0.28993702,0.061727863,0.193311,0.28195393,0.00264301,0.38134927,0.41925746,0.45503375,0.3990789,0.29060212,0.7088359,2.5089581e-05
GGGTGACAGCAGCAAAAT,0.9723696,0.9872099,0.9825948,0.9858067,0.98256385,0.9169901,0.92777926,0.8243538,0.98951584,0.8558401,0.9321213,0.98480844,0.9674538,0.999206,0.99546504,0.85066086,0.88549185,0.8767938,0.8189812,0.91304505,0.88641995,0.61564064,0.84088856,0.7580134,0.78031534,0.90121317,0.999206,0.61564064
GGGTAACAACAGCAAACA,0.9900402,0.9893986,0.9639521,0.9925311,0.97395885,0.88433707,0.95284104,0.84677756,0.98564005,0.9456062,0.9132816,0.9816163,0.9533832,0.99759865,0.99086684,0.8864149,0.9295371,0.9596511,0.94131,0.92941165,0.86156523,0.78127515,0.8765585,0.80561537,0.819657,0.9261129,0.99759865,0.78127515
GGGATACGGACATCTACG,0.9809979,0.93569285,0.7120852,0.96674466,0.8765873,0.7246586,0.91513723,0.49486428,0.8536957,0.9397933,0.86979973,0.9536957,0.8945438,0.9917698,0.9541376,0.7634452,0.6370922,0.7878806,0.7178872,0.6484147,0.7575258,0.33288106,0.47160676,0.49068037,0.41942027,0.7636416,0.9917698,0.33288106
GGGATCCTAACAACTCCG,0.98685324,0.9225218,0.9078319,0.98874307,0.8821459,0.7485426,0.94732994,0.4641269,0.7669673,0.90137297,0.8407504,0.9652739,0.8851991,0.9857612,0.9654045,0.7717952,0.82486504,0.86703724,0.8611002,0.8573475,0.5930091,0.30303746,0.5924727,0.3844803,0.40401366,0.7847194,0.98874307,0.30303746
GGCCCTCGGTCATGTCCT,0.17452748,0.15028904,0.19083425,0.13669354,0.011672837,0.18465835,0.71155214,0.16305386,0.102830306,0.49456313,0.0017748988,0.007793409,0.12288662,0.00016318596,0.0003026201,0.050959237,0.05971309,0.007903058,0.10201875,0.016153576,0.032894276,0.06814105,0.01588901,0.09572898,0.016193943,0.116767615,0.71155214,0.00016318596
GGGTAACAACCTCAATCT,0.99736345,0.9965384,0.9386168,0.9951475,0.95258933,0.9083693,0.94504106,0.875976,0.9736398,0.95797366,0.8850668,0.9776883,0.91455144,0.99490434,0.98362654,0.79870546,0.81715167,0.90073407,0.9174483,0.9003527,0.6913982,0.422041,0.731164,0.5164514,0.59605217,0.8635437,0.99736345,0.422041
GGGAAACAAAGTCAAAGG,0.95811456,0.9782542,0.5985735,0.97628117,0.9106029,0.8664466,0.9518572,0.7846872,0.9581061,0.9230745,0.87028253,0.9596362,0.8920529,0.9901914,0.9656457,0.8836222,0.9052893,0.9710078,0.9709909,0.85233074,0.88981205,0.86936516,0.88363105,0.8586431,0.8697361,0.9015294,0.9901914,0.5985735
ACGAGACCGCAGACAGAG,0.17362788,0.786808,0.82183224,0.8563569,0.88934875,0.6212005,0.8059746,0.7053601,0.885122,0.7153842,0.13828014,0.25357544,0.6597845,0.452902,0.76719445,0.6158353,0.7167937,0.86323935,0.71242356,0.5648989,0.45451242,0.6956482,0.77179927,0.81399184,0.783331,0.661009,0.88934875,0.13828014
GGGATCCCGTCATCTCCT,0.7915594,0.42412052,0.33576548,0.7855098,0.16129373,0.5295247,0.7028534,0.16129099,0.52743447,0.7908236,0.13642086,0.8588132,0.7036695,0.5552546,0.16478483,0.16866241,0.12072459,0.038494077,0.2838047,0.113244355,0.13561954,0.10440185,0.053009626,0.12882684,0.03522752,0.35244536,0.8588132,0.03522752
GGGTAACAAAAGCAAAAG,0.9736869,0.9850662,0.9485846,0.99314266,0.9840982,0.8889342,0.96684545,0.8700179,0.9910337,0.8628293,0.92576337,0.98237807,0.9570342,0.9984888,0.9923996,0.88243645,0.93735784,0.9721332,0.9550082,0.9296108,0.9135878,0.8717706,0.91073656,0.846096,0.87189555,0.93643737,0.9984888,0.846096
GGCACTCGGTCATGTCCT,0.42733666,0.2706866,0.1785843,0.23940802,0.01130078,0.27935088,0.7642448,0.1921268,0.1731732,0.7132118,0.013651942,0.024302347,0.14459392,0.0006304162,0.000721817,0.05857602,0.05827632,0.014670361,0.10121202,0.013214835,0.08026812,0.07501729,0.026371524,0.11676232,0.026558148,0.16017003,0.7642448,0.0006304162
GGGAAACGGACATCAACG,0.93576056,0.9257876,0.79861826,0.9390276,0.89177245,0.6832293,0.90240616,0.6414343,0.8602817,0.92275786,0.87474537,0.9613097,0.91238236,0.98825836,0.966799,0.84143335,0.8401202,0.9226173,0.8900834,0.7868674,0.85216016,0.7584739,0.83630735,0.82409984,0.81572217,0.8628982,0.98825836,0.6414343
AGGAAGGAACATCCAGAA,0.8219731,0.75974536,0.74240464,0.9336418,0.5773091,0.5781754,0.8070276,0.7595091,0.7775213,0.6555399,0.8089643,0.87362856,0.87364733,0.94359463,0.9322337,0.83714974,0.8497907,0.9120857,0.92674506,0.80479157,0.83505327,0.8270732,0.8551407,0.8387776,0.84343183,0.81499827,0.94359463,0.5773091
AGGAGAGAGCAGAACACT,0.97922224,0.9696463,0.9599592,0.9567182,0.9679147,0.84002775,0.91572356,0.8273062,0.96963614,0.889713,0.87465894,0.9156481,0.9302874,0.9764353,0.9510557,0.91183627,0.91648054,0.95668674,0.95519924,0.928095,0.8905685,0.87315685,0.89178395,0.87772655,0.87971497,0.92020816,0.97922224,0.8273062
ACGGGAGCGCAGACCGAG,0.0410755,0.5169546,0.61406565,0.35141593,0.86980313,0.4869725,0.7191403,0.70669687,0.7731325,0.5118123,0.04813915,0.08058788,0.7586319,0.64352745,0.859784,0.538313,0.4677403,0.64093757,0.49041417,0.5004529,0.5350977,0.56659824,0.73118097,0.79582494,0.7702612,0.56074244,0.86980313,0.0410755
TGGATCCGGTCAACTCCT,0.9478559,0.7184177,0.7621302,0.94687957,0.22660324,0.6129404,0.8608648,0.18632466,0.52105504,0.90404755,0.36728463,0.5624585,0.77571696,0.3570965,0.15561767,0.37184262,0.3775937,0.11772321,0.39214283,0.2557256,0.20497686,0.09272902,0.08407723,0.10875685,0.03679065,0.43790612,0.9478559,0.03679065
GGGGGACGGCCCAACGCT,0.88706607,0.93504286,0.9405585,0.91069037,0.9378748,0.7825167,0.8933915,0.69511706,0.92980057,0.80113333,0.5177114,0.58472824,0.95770985,0.98151296,0.9896553,0.6707115,0.8183684,0.76279104,0.68741965,0.87051183,0.68161684,0.42726183,0.6140835,0.76131797,0.61479783,0.7861356,0.9896553,0.42726183
GGCACACAGAGTCTAATG,0.5122039,0.89286005,0.18464075,0.87352383,0.7086129,0.57909006,0.80002064,0.7927902,0.89275986,0.9188212,0.6480912,0.6474772,0.5749448,0.7328486,0.7335926,0.6453233,0.43973938,0.82112646,0.7773199,0.46262223,0.48487186,0.43617743,0.62270147,0.6289578,0.65378433,0.6585961,0.9188212,0.18464075
TGGAGCGCAACAACAGTA,0.8918612,0.8267934,0.905276,0.94173497,0.7557947,0.74737394,0.7984254,0.2651543,0.75965166,0.84290844,0.88086563,0.96527475,0.9357027,0.99385834,0.9868269,0.88661075,0.9312718,0.92066044,0.8310725,0.95426923,0.77373064,0.58358556,0.81424004,0.7209803,0.7490897,0.82652056,0.99385834,0.2651543
AGGGGACCGCAGATCGAG,0.2966345,0.9724784,0.91720366,0.8897341,0.96155906,0.74187994,0.89038086,0.8432978,0.96360755,0.75168383,0.20661315,0.73395216,0.8722546,0.95292324,0.9617442,0.7427721,0.627581,0.7657759,0.7438937,0.76832485,0.65451926,0.51920384,0.6327108,0.75743634,0.7349264,0.75612366,0.9724784,0.20661315
GGGAGACAGAGGACAAAG,0.89567924,0.9485803,0.8915134,0.9744387,0.97947633,0.91130537,0.89482534,0.8228952,0.9614832,0.8705075,0.9110749,0.9588592,0.9460727,0.99769175,0.98523164,0.89272815,0.8922237,0.94298637,0.94100296,0.8949685,0.9215235,0.8703623,0.8987179,0.8814189,0.8863709,0.91887754,0.99769175,0.8228952
GGGACACAAAAACAAAAG,0.96944094,0.96894735,0.9217218,0.99121046,0.97672313,0.8896068,0.9780962,0.8777706,0.98546094,0.8815082,0.90933055,0.97356594,0.94988626,0.9911378,0.9865339,0.9113279,0.93890077,0.9774113,0.9603739,0.95312047,0.9010226,0.90794045,0.9255154,0.9020039,0.89722127,0.9410312,0.99121046,0.8777706
TGGATCCTAACAACTGCT,0.98810863,0.91518337,0.93714046,0.99470335,0.76352984,0.77464044,0.90280384,0.31609738,0.79295826,0.94323754,0.7974708,0.90005165,0.8302632,0.9763302,0.9478896,0.78259945,0.81774837,0.8134549,0.8325328,0.8298418,0.35622016,0.14624205,0.33623183,0.14367625,0.1382011,0.7190862,0.99470335,0.1382011
GGGTGACAACCCAACAGT,0.92339647,0.94980216,0.8988335,0.9430472,0.965222,0.8493165,0.854994,0.70372,0.95567393,0.77053165,0.90829957,0.9907124,0.9563442,0.99859273,0.9949748,0.8618726,0.9306268,0.918918,0.9138024,0.9650922,0.80084157,0.56343323,0.81621945,0.72056633,0.7219783,0.87507254,0.99859273,0.56343323
TGGAGCGCCACACCAGTA,0.81971604,0.543494,0.72575533,0.9337256,0.6413111,0.625896,0.6057121,0.24587202,0.8160624,0.825507,0.5677352,0.94678223,0.89536124,0.98526615,0.9812722,0.731039,0.85591716,0.6449145,0.54961807,0.90577394,0.4163753,0.33214313,0.66276556,0.59194094,0.5317343,0.6952676,0.98526615,0.24587202
CGCCCCCCCCCCCCGGCC,0.008407021,0.0019519681,0.1948331,0.79996485,0.39838067,0.031372663,0.4225019,0.35256556,0.69409394,0.6108076,1.9277308e-05,0.00550709,0.42861387,0.41525716,0.53984517,0.01919797,0.3607516,0.07825061,0.25543997,0.41339824,0.0021138398,0.40513834,0.44833472,0.446289,0.40528113,0.30953267,0.79996485,1.9277308e-05
TGCAGCGCCACAGCAGTA,0.22843383,0.23865527,0.34012058,0.53574616,0.04651488,0.20249265,0.48293045,0.11939208,0.712336,0.7441068,0.089138374,0.5599154,0.71350014,0.81267124,0.90433294,0.47892404,0.6767735,0.31279358,0.2762833,0.64138526,0.19834512,0.3106318,0.5486615,0.531227,0.51130396,0.44866458,0.90433294,0.04651488
GGGTAATTACATCATTCG,0.99637806,0.99754465,0.908204,0.9876674,0.94913787,0.8485209,0.9328394,0.8861847,0.9529646,0.91219515,0.8861719,0.9743518,0.8466786,0.99621946,0.9038527,0.74111414,0.46913305,0.7007316,0.77887166,0.52437633,0.72606796,0.08623864,0.130003,0.090197764,0.051694915,0.73109365,0.99754465,0.051694915
GGCACACAGAGACTAAAG,0.7036304,0.85700387,0.31492865,0.94751453,0.8916159,0.73705494,0.865223,0.8345851,0.9485458,0.90651697,0.78014797,0.7865115,0.7639111,0.85427403,0.89905304,0.79281193,0.7911592,0.91882306,0.8646889,0.7922682,0.6642984,0.7362702,0.79909647,0.8060389,0.79037064,0.8018539,0.9485458,0.31492865
AGGAGAGAGCAGACCGCG,0.87111455,0.81743485,0.8610625,0.8856905,0.9116096,0.8056784,0.85754967,0.8170996,0.8941239,0.85939777,0.73464555,0.59940827,0.84390116,0.94292116,0.8898836,0.80065316,0.7730382,0.91763335,0.9324074,0.8303777,0.8354213,0.79793227,0.8444429,0.8520129,0.84481066,0.84080994,0.94292116,0.59940827
GGGAAACGGACATGAACG,0.96388423,0.9559529,0.70677984,0.8978941,0.84456813,0.71511966,0.94383067,0.6776037,0.84661365,0.9024634,0.8682313,0.9531755,0.8971465,0.98696756,0.9567392,0.83274084,0.8025127,0.9216358,0.89490896,0.6591547,0.8686503,0.7697994,0.8376004,0.82967514,0.8346407,0.8547317,0.98696756,0.6591547
GGGGGACAACAGAACACA,0.9866013,0.99008584,0.9891537,0.98705024,0.9912859,0.92166305,0.946109,0.8803165,0.98602366,0.92650616,0.95051146,0.9959802,0.98102236,0.99957603,0.9970043,0.91310894,0.9523769,0.95880556,0.9467688,0.9656762,0.92299414,0.8376263,0.9062144,0.8783697,0.86472213,0.9470221,0.99957603,0.8376263
GGGGGGTAACGTCCATTG,0.90190816,0.90762997,0.31282043,0.58676565,0.86163,0.6552472,0.7188475,0.74566674,0.68682593,0.44889382,0.84810036,0.70156467,0.9285704,0.773779,0.88858235,0.6974399,0.5312393,0.53489035,0.66520107,0.6824934,0.7848589,0.17583455,0.14727813,0.35686702,0.10469524,0.6259052,0.9285704,0.10469524
AGGAACGACGATCGTGAA,0.90060055,0.58595586,0.73661846,0.89793897,0.518024,0.79255617,0.83669513,0.6345285,0.74265504,0.53970796,0.3745248,0.3590752,0.4800024,0.6326552,0.67658293,0.59260386,0.29564855,0.8077023,0.7660535,0.26749477,0.6411476,0.5417466,0.69559824,0.7333111,0.7526464,0.63208294,0.90060055,0.26749477
AGGAGCAACGAACGTGAA,0.95947653,0.49782348,0.8101392,0.91443914,0.821395,0.7664723,0.8172143,0.6592451,0.7908504,0.56290954,0.7378481,0.7937171,0.804292,0.8887331,0.91288596,0.8348182,0.82545215,0.9330012,0.89493877,0.83476067,0.76811916,0.76304394,0.81861293,0.8289542,0.82407147,0.8025286,0.95947653,0.49782348
CCGGGACCGCCGAACGCG,0.617666,0.88921255,0.8576391,0.8754238,0.9627105,0.5843288,0.7541497,0.81413996,0.9508591,0.86268586,0.00927893,0.22174887,0.7172202,0.6235017,0.8685993,0.3509125,0.6560433,0.61961967,0.5000122,0.66533446,0.12207428,0.3670966,0.5282229,0.6945688,0.60275143,0.628632,0.9627105,0.00927893
AGGGGAGGGCACAACGGT,0.21173498,0.6034733,0.7712945,0.4117611,0.71826804,0.6458042,0.8328303,0.5725239,0.7871976,0.5397458,0.729356,0.118307225,0.92711216,0.9136743,0.96871114,0.8152441,0.8609458,0.82407176,0.78978336,0.90631557,0.8585068,0.690528,0.80491924,0.8311808,0.8252133,0.7183401,0.96871114,0.118307225
GGGGGGTAACGACCATTG,0.9325661,0.8388062,0.29776087,0.5710603,0.9195601,0.6722386,0.68916595,0.66899204,0.70311016,0.3735054,0.92553335,0.9256032,0.9618914,0.9931867,0.99254096,0.8154647,0.83660287,0.8395402,0.79117674,0.91014993,0.86733365,0.37164727,0.4940628,0.60382056,0.37667793,0.73488,0.9931867,0.29776087
GGGTAAGGACCCAACAGT,0.8550146,0.9273819,0.7469093,0.8633439,0.9164411,0.7417071,0.8443807,0.52543825,0.84262514,0.6721131,0.91000825,0.9802932,0.94595367,0.99810475,0.9902472,0.8487505,0.9031048,0.90352505,0.9420728,0.9370507,0.8510189,0.59275043,0.826154,0.7393768,0.7517545,0.8422208,0.99810475,0.52543825
GGGGAATTACGACCTTTG,0.9558638,0.9506064,0.21343721,0.87396306,0.9329036,0.7394445,0.87137157,0.74675316,0.7492753,0.53708667,0.8867106,0.9714066,0.8464213,0.9954236,0.9319225,0.68255377,0.5317651,0.82087773,0.8237519,0.6677751,0.7512429,0.17442049,0.20199828,0.27250412,0.14084393,0.690813,0.9954236,0.14084393
TGGAGCAACACACAAGTA,0.96726686,0.8146168,0.8594596,0.97981864,0.9102173,0.8269469,0.754368,0.473135,0.9025249,0.8693496,0.8747312,0.9563385,0.9317373,0.9911431,0.984594,0.91568434,0.9469058,0.9492044,0.9202589,0.96381885,0.7454939,0.68361515,0.83654076,0.7485194,0.77036905,0.86306643,0.9911431,0.473135
TGCAGCACCACAGCAGAA,0.24982734,0.2833635,0.44061294,0.8251834,0.22315285,0.2852923,0.4179819,0.16893202,0.73471683,0.6766519,0.44555998,0.67740476,0.7735972,0.83448404,0.92373776,0.6937954,0.864519,0.67488056,0.63577586,0.8689105,0.30754757,0.51600116,0.7225683,0.65262055,0.67823964,0.5830143,0.92373776,0.16893202
GGGGGCGAAACAACATTG,0.9720455,0.9170582,0.90139747,0.89555025,0.96001005,0.80567,0.84674037,0.60718215,0.74784195,0.68283516,0.9534772,0.9940652,0.9735625,0.9995336,0.9969209,0.88841283,0.93777025,0.9366368,0.8974859,0.96579236,0.92296356,0.7337769,0.8722329,0.8319796,0.82219183,0.8825252,0.9995336,0.60718215
GGGAATCGGACATGTACT,0.9791801,0.9446547,0.71465397,0.86573917,0.4753987,0.6341078,0.9317562,0.34116465,0.66617495,0.86684775,0.8577614,0.89524543,0.8446845,0.928214,0.6529373,0.6459408,0.44960713,0.5651201,0.6259867,0.17757232,0.7658283,0.30609456,0.34948415,0.46934462,0.37407497,0.65310293,0.9791801,0.17757232
TGCATCCCGACACCTCCT,0.9191962,0.49086744,0.32094014,0.9839531,0.34883943,0.44150633,0.72674453,0.24875998,0.8469347,0.9070375,0.11897183,0.2964778,0.6155054,0.6931877,0.7760818,0.3092582,0.59190065,0.21345875,0.3386775,0.5896878,0.04508466,0.2009439,0.27927393,0.18301168,0.16149068,0.4659117,0.9839531,0.04508466
GGCAAACGGACATTAACG,0.82266515,0.9250688,0.59777296,0.9175211,0.7792833,0.5579508,0.82686865,0.70977736,0.86625284,0.94573337,0.79811364,0.8251958,0.7881646,0.8675785,0.86494815,0.7387318,0.7737159,0.91613257,0.8347844,0.62439126,0.6956485,0.6292396,0.7587661,0.75177515,0.7568472,0.7829172,0.94573337,0.5579508
ACGAGAGCGCAGACAGCG,0.2052232,0.59638697,0.70623636,0.5985307,0.763341,0.47914967,0.74572825,0.67573774,0.7828668,0.7975164,0.15326291,0.11700513,0.6503057,0.4240242,0.69647825,0.5369962,0.51772934,0.7952138,0.5792532,0.3513902,0.5663279,0.6841596,0.77723664,0.81676173,0.7941328,0.59243983,0.81676173,0.11700513
TGCATCCCCCCAGCGGCT,0.38762414,0.087568395,0.21131401,0.84437627,0.050205525,0.16611698,0.45102477,0.11596056,0.54405814,0.80553335,0.0014750023,0.07656323,0.38503358,0.4848304,0.3693561,0.079924434,0.33922437,0.07675312,0.23113807,0.19297735,0.017225971,0.20189585,0.18360503,0.1818439,0.1430005,0.26514518,0.84437627,0.0014750023
GGGTGACAACAGAACACA,0.99031687,0.9928876,0.98633575,0.9880734,0.9883258,0.9385358,0.932733,0.8762276,0.98844343,0.945269,0.93628174,0.9922875,0.973069,0.99931246,0.99552697,0.9149999,0.9502429,0.9563312,0.92483205,0.96558106,0.89249736,0.7403985,0.87769496,0.79917634,0.8149324,0.93441254,0.99931246,0.7403985
GGGAAACAAACTCCAACG,0.9869896,0.98935884,0.92925656,0.99669856,0.96798235,0.75670964,0.95865315,0.8715573,0.96952856,0.95526415,0.84880054,0.96175176,0.8998294,0.9862945,0.9660682,0.88024503,0.8589408,0.9588799,0.96440715,0.9003626,0.7940428,0.7966073,0.8542377,0.8279316,0.81029135,0.90762764,0.99669856,0.75670964
GGGCCTCGGTCATGTCCT,0.3947789,0.3512925,0.32157633,0.17816487,0.025550995,0.32591704,0.85013974,0.16278562,0.098780446,0.55321,0.008637031,0.02800717,0.2773277,0.00015573211,0.00062781153,0.082604684,0.06155767,0.009147757,0.10914064,0.020772593,0.10276566,0.061163653,0.012678975,0.10024228,0.012244684,0.1659708,0.85013974,0.00015573211
GGGTAACAACATCAAAGT,0.9731524,0.98910004,0.90119505,0.98094517,0.91304374,0.8525322,0.93259,0.741555,0.97694695,0.8989051,0.89798963,0.9792253,0.9303033,0.9969802,0.9885381,0.8942437,0.9189159,0.9524716,0.9429102,0.92703843,0.8390127,0.67052656,0.83032185,0.6956633,0.7714671,0.895823,0.9969802,0.67052656
AGGAGCAACGAACATGAA,0.97461814,0.61100733,0.88469434,0.96830076,0.91256315,0.84637624,0.7990644,0.6797817,0.8905392,0.8068031,0.8144976,0.876091,0.87614477,0.9261413,0.95096236,0.8823745,0.89414704,0.94701517,0.9279994,0.91577935,0.79918396,0.81716174,0.8499679,0.8463633,0.841485,0.8615625,0.97461814,0.61100733
TGCAGCACCACACATGAA,0.86688006,0.6557675,0.8262787,0.98450077,0.84054774,0.7018488,0.56513953,0.47489008,0.88618064,0.8799206,0.6665428,0.7480496,0.810132,0.86555636,0.94418806,0.73293394,0.87862116,0.67679054,0.6278068,0.9014987,0.28641993,0.45398477,0.69748884,0.57157713,0.62790895,0.72685814,0.98450077,0.28641993
GGGTAATGACATCATTGG,0.982283,0.99022704,0.5715756,0.94259137,0.8748183,0.8913425,0.8977345,0.724933,0.9252738,0.85648596,0.88521874,0.9690526,0.8392628,0.99597734,0.9494117,0.7177385,0.38103572,0.5835555,0.80290675,0.3512083,0.7875898,0.15683018,0.21910237,0.19222958,0.13673954,0.70500505,0.99597734,0.13673954
TTGAGCGTAACAACAGTT,0.84145635,0.63323134,0.84723985,0.90691924,0.57495373,0.5510177,0.69686186,0.2247356,0.54211575,0.69937956,0.84610885,0.89416003,0.881442,0.9899871,0.96045595,0.8822536,0.90705955,0.913401,0.7878514,0.92547256,0.65065414,0.20324098,0.5450727,0.21314698,0.23482436,0.6941217,0.9899871,0.20324098
GGGTAATTACGTCCTTTG,0.968927,0.98164755,0.20028786,0.91290534,0.83195823,0.75386345,0.8289502,0.758682,0.7865561,0.71738994,0.75248814,0.9206389,0.36049932,0.76763815,0.091714725,0.3566094,0.14733736,0.28593385,0.6060668,0.15281238,0.3993444,0.04003457,0.018554037,0.052430913,0.008308482,0.50806314,0.98164755,0.008308482
CCCCCTCGGCCCCGGCCC,0.0036744692,0.0020863563,0.12206856,0.10545402,0.05716309,0.013685949,0.65031403,0.37531403,0.24888016,0.29953724,8.261159e-06,0.0002456312,0.14586169,0.06819127,0.010408994,0.016649934,0.13937886,0.018215433,0.10725293,0.031682868,0.0019831026,0.24397635,0.14635943,0.28597903,0.2138666,0.13232952,0.65031403,8.261159e-06
GGGTGACGGCCCAACGGT,0.7292435,0.87595105,0.78340745,0.76115733,0.7508366,0.8467815,0.8014517,0.49782124,0.91312015,0.747315,0.35827357,0.5954284,0.923202,0.9311234,0.9591201,0.55889374,0.7497077,0.5818546,0.51649,0.76752716,0.5434621,0.2508503,0.3739277,0.55174315,0.30437887,0.66692275,0.9591201,0.2508503
TGGATCCTGACAACAGCT,0.9732225,0.8338227,0.8943546,0.9867706,0.4333651,0.7741112,0.86213845,0.33893782,0.8228822,0.89644206,0.7891055,0.89864933,0.8543287,0.97597563,0.91433144,0.6973272,0.6988062,0.4919149,0.62844735,0.5453536,0.39798808,0.16401199,0.3714604,0.1952564,0.16740742,0.6642565,0.9867706,0.16401199
TGCCCCGCCACCGCGGCT,0.0037456318,0.003375736,0.08475745,0.16261944,0.018848442,0.01913509,0.25493276,0.063526265,0.21978627,0.32409132,0.0001287504,0.010728156,0.32951668,0.34968376,0.23000807,0.056766164,0.37561944,0.06627729,0.16534097,0.30149913,0.011131267,0.24404791,0.19311231,0.3006919,0.2209928,0.1604145,0.37561944,0.0001287504
GGGAAACAAAGACTAAGG,0.9344366,0.9679139,0.44063318,0.95795876,0.922382,0.77455086,0.90261465,0.7069993,0.91071004,0.9122526,0.87201166,0.9589708,0.8965503,0.9903364,0.96947956,0.90549487,0.91337454,0.97921336,0.97559154,0.89890015,0.8931456,0.88158005,0.8900256,0.87007433,0.8764146,0.8880648,0.9903364,0.44063318
GGGTAACAACCGCAAACT,0.99454963,0.98930293,0.9471738,0.9942832,0.9735457,0.86737347,0.95511234,0.801257,0.9827073,0.94344413,0.89215106,0.9783377,0.93526435,0.99606234,0.98765844,0.84002346,0.89114386,0.93624806,0.9264581,0.9201336,0.77753615,0.6493714,0.82391745,0.74708253,0.75492233,0.9002024,0.99606234,0.6493714
AGGGGACAGCAGACAGAG,0.83412814,0.9355836,0.96136373,0.9699926,0.97673154,0.8844196,0.8972506,0.8514183,0.95438695,0.77635956,0.8260489,0.9254112,0.92421013,0.9878649,0.9811184,0.8787842,0.8983402,0.9066418,0.89308035,0.9193174,0.8622324,0.793984,0.8565125,0.856502,0.8507401,0.8960969,0.9878649,0.77635956
TGGATCCCGACACCTCCT,0.97431153,0.7518832,0.54608536,0.9867868,0.620493,0.5649487,0.78985626,0.26474798,0.8271441,0.9096034,0.42200968,0.8597786,0.8087361,0.9581953,0.9358614,0.5442875,0.67186886,0.38780496,0.5519291,0.7128023,0.12633482,0.17981893,0.27646106,0.19902691,0.13341412,0.60016763,0.9867868,0.12633482
TGGATCCCGTCAACTCCT,0.90587366,0.7234586,0.6521686,0.9530313,0.3419577,0.5080291,0.7646207,0.18027584,0.64082086,0.8845028,0.29211637,0.81664664,0.78657466,0.8852628,0.50984687,0.33782613,0.42523053,0.140282,0.47205412,0.41197804,0.11698616,0.11027346,0.105186,0.10651317,0.046208315,0.48470896,0.9530313,0.046208315
ACGGGACCGCAGACAAAG,0.14043386,0.8673971,0.92369664,0.81570655,0.9709444,0.6095302,0.8335836,0.75754064,0.9232506,0.7643026,0.31164593,0.7625436,0.84933144,0.81752175,0.94089484,0.7048293,0.7773417,0.8409806,0.6558015,0.7585402,0.594183,0.67673,0.79191095,0.8187605,0.78684163,0.7477697,0.9709444,0.14043386
GGGATACGGACATGGACG,0.97184557,0.90701956,0.5708407,0.91127706,0.8129821,0.61066127,0.9372019,0.6877976,0.7589207,0.90402836,0.78199357,0.81616807,0.806408,0.9374005,0.7684179,0.6868773,0.6462626,0.7336983,0.6705071,0.3518967,0.7745095,0.4033097,0.47573724,0.5870063,0.5318243,0.7217836,0.97184557,0.3518967
GGGGGCGTAACGACAGTG,0.86294407,0.88113564,0.93822473,0.8896253,0.8926539,0.7354205,0.8912666,0.5079853,0.78391117,0.6387798,0.8369275,0.7827493,0.9446647,0.94221264,0.9757857,0.8248353,0.84943575,0.848974,0.7447824,0.90670305,0.8252004,0.39025915,0.470608,0.642466,0.4449495,0.7781001,0.9757857,0.39025915
CGGATCCGGTCATCTCCT,0.8531988,0.33666292,0.41776183,0.81203085,0.10454514,0.4942745,0.8087353,0.1352859,0.5703841,0.8123422,0.04920709,0.09003365,0.37972006,0.011907171,0.009995943,0.13354391,0.084592104,0.02002385,0.17755449,0.055609997,0.06996756,0.08975634,0.03920002,0.11800822,0.033413544,0.26831022,0.8531988,0.009995943
GGGAAACAGACTCTAACG,0.9835963,0.99479324,0.9029076,0.99255043,0.9652534,0.6939077,0.9497787,0.9285589,0.969103,0.96721786,0.8524055,0.95816565,0.8807901,0.98512816,0.9577167,0.8648581,0.69313127,0.9279215,0.9449632,0.81644624,0.7966215,0.6829732,0.7959762,0.77127856,0.7708756,0.88187677,0.99479324,0.6829732
GGGTAATAACATCACTGG,0.9666431,0.98207605,0.3719655,0.8862493,0.88195986,0.88055646,0.82660615,0.78922,0.95720327,0.71771514,0.87282044,0.972295,0.8727642,0.99707276,0.97716045,0.8276659,0.80463254,0.8906424,0.88509405,0.75826466,0.80584735,0.3214688,0.60791916,0.33024767,0.42335936,0.784298,0.99707276,0.3214688
ACGAGAGAGCAGACCGCG,0.36904722,0.5060275,0.63349,0.54282993,0.8132767,0.5984247,0.73044986,0.76598245,0.7938117,0.75111204,0.38231325,0.11572673,0.6348039,0.48354346,0.62741184,0.6176016,0.602129,0.8851301,0.86748403,0.5430766,0.64750725,0.73941237,0.79817194,0.8296396,0.80949044,0.64351577,0.8851301,0.11572673
ACGGGAGCGCAGATCGAG,0.025314072,0.8093552,0.6601591,0.27980587,0.8699052,0.5400114,0.7449702,0.7696677,0.79260725,0.586158,0.053770166,0.06655961,0.66502875,0.27656844,0.6584779,0.5749201,0.27296436,0.5140945,0.4402489,0.31487125,0.54529124,0.48727125,0.57147026,0.7449932,0.73143107,0.51983654,0.8699052,0.025314072
TGGAGCGAAACACCAGTA,0.97406155,0.7277371,0.8530666,0.97663873,0.78925526,0.7758147,0.82803065,0.39193016,0.8543527,0.8363075,0.88523924,0.95899236,0.9266885,0.9952613,0.98523283,0.8822804,0.9295105,0.93561053,0.9057096,0.95347166,0.79780906,0.6257217,0.82962835,0.73908895,0.764264,0.844868,0.9952613,0.39193016
CGGGGACCGCCGAACGCG,0.94771767,0.97395885,0.9427791,0.9730271,0.98180234,0.73383737,0.87993723,0.85533404,0.9839557,0.90967935,0.05830399,0.63307494,0.8774076,0.93688565,0.9641684,0.58560896,0.76480407,0.7523925,0.65117,0.8513021,0.3108897,0.3876616,0.554306,0.73209304,0.6394303,0.7552612,0.9839557,0.05830399
AGGAACGACGATCCAGAA,0.72444147,0.38684672,0.64969504,0.93989223,0.48333496,0.6526177,0.6923643,0.59095776,0.7746593,0.5530303,0.65343463,0.63956076,0.7399576,0.7926389,0.84838593,0.7121415,0.6193392,0.8827892,0.8718813,0.6785524,0.67451984,0.702308,0.78920096,0.79621327,0.7881128,0.7054751,0.93989223,0.38684672
TGGAGCGTAACAAAAGTA,0.9797293,0.94975007,0.96443224,0.9772728,0.87392473,0.8656878,0.93965614,0.5516837,0.8490658,0.8655414,0.91994715,0.9711473,0.9528063,0.9970413,0.9873702,0.8984675,0.93772304,0.9501328,0.89679956,0.9557308,0.86736304,0.566748,0.83347875,0.60831654,0.7340926,0.8757563,0.9970413,0.5516837
GGGGGAGGGCACAACGCT,0.6643477,0.88145983,0.9361767,0.72355026,0.9252521,0.73683804,0.8744898,0.7213176,0.86958957,0.64765805,0.88069123,0.31857544,0.973403,0.9686474,0.98998684,0.82906073,0.8870019,0.8248283,0.8067508,0.93402255,0.88675207,0.62644476,0.76771134,0.81910837,0.74868363,0.80969393,0.98998684,0.31857544
CGGCCCCGGCCCCGTCCC,0.29606283,0.048790414,0.47932968,0.6839106,0.29052633,0.12676531,0.9073296,0.42908952,0.6315322,0.64977914,8.30025e-05,0.0088753635,0.44126755,0.22731932,0.17509815,0.042445157,0.22025286,0.049959425,0.154655,0.1791863,0.010022321,0.25262555,0.16067286,0.41486424,0.25177798,0.2852888,0.9073296,8.30025e-05
GGGTAACAACCTCAAACT,0.99566823,0.99603194,0.9560291,0.99561644,0.9735799,0.8606821,0.96369106,0.8634817,0.98291695,0.9523029,0.89399713,0.98038554,0.9337895,0.9959852,0.98725015,0.84758735,0.86036736,0.92599744,0.93051803,0.9262586,0.7408887,0.5493011,0.78578854,0.6306274,0.69949615,0.8891294,0.99603194,0.5493011
GGGTAACAAAATCCAAGG,0.9360593,0.9647815,0.7080647,0.98045766,0.89229447,0.7495864,0.8935738,0.70833856,0.9451121,0.8598854,0.8808466,0.9742776,0.9108601,0.9971876,0.9854854,0.8695318,0.90675753,0.9530876,0.9517619,0.91456103,0.8604422,0.72314924,0.84705186,0.72888476,0.7932611,0.87741196,0.9971876,0.7080647
TGGATCCCAACAACTGCT,0.97468364,0.9146019,0.8965996,0.99228066,0.789726,0.74591833,0.84841335,0.2345511,0.80248773,0.94930136,0.76534754,0.90007526,0.8427645,0.96994364,0.9627174,0.75915426,0.8735439,0.8205704,0.8339414,0.89605623,0.31820038,0.24701583,0.5834682,0.27779955,0.33329833,0.7412984,0.99228066,0.2345511
GGGATTCTAACAACTGCG,0.99066955,0.975739,0.93409294,0.9895018,0.8087769,0.7669452,0.9459582,0.5183111,0.7367669,0.8994877,0.85686266,0.96826917,0.87931013,0.9944432,0.9621215,0.7768471,0.7500409,0.8440588,0.8181043,0.726919,0.6874245,0.16449758,0.3228079,0.18787979,0.15172052,0.7463021,0.9944432,0.15172052
GGGTGACAACAGCAAACT,0.98926413,0.98912644,0.97827333,0.99100935,0.9847037,0.9023952,0.9611564,0.8187239,0.9893895,0.93779135,0.9332241,0.9917781,0.96661144,0.99917,0.9954029,0.88861847,0.9407781,0.9432768,0.90278584,0.95341516,0.87676567,0.6769641,0.85572875,0.7713684,0.78866017,0.9210553,0.99917,0.6769641
GGGAAACAGACACTAACG,0.9891479,0.99171865,0.90433294,0.99179447,0.9730495,0.72114736,0.9592924,0.8921791,0.96533316,0.961181,0.87816197,0.96550417,0.91852194,0.9890387,0.9743481,0.9063709,0.8841702,0.96088254,0.960568,0.91133785,0.8491874,0.81854695,0.8625627,0.84619176,0.8333354,0.9163162,0.99179447,0.72114736
GGCCTTCGGTCATGTCCT,0.55935967,0.41160226,0.20420834,0.2698636,0.010427958,0.3370904,0.77208596,0.1542744,0.15066737,0.53882027,0.005982615,0.0112247495,0.096376,1.927784e-05,6.340533e-05,0.045778424,0.046513043,0.008588538,0.09213538,0.008757786,0.044660278,0.03561891,0.0063925055,0.04801668,0.0042068814,0.15450941,0.77208596,1.927784e-05
AGGTAAGGACAGAACACT,0.97522753,0.9841813,0.94255215,0.9677107,0.96910065,0.8187378,0.91095185,0.7789739,0.9524287,0.87933666,0.8737661,0.9202782,0.92113084,0.9826584,0.95577264,0.9030204,0.92252237,0.9535269,0.95148724,0.9299037,0.86360246,0.785098,0.8697624,0.80744475,0.8394464,0.90634483,0.9841813,0.7789739
GGGTGACAGAAGACAAAG,0.9146624,0.966383,0.96173024,0.978035,0.98773354,0.8980955,0.8945437,0.8541719,0.98079306,0.8121766,0.9388151,0.98738736,0.9699151,0.9995113,0.9955061,0.8993074,0.9397244,0.9441445,0.9180129,0.9545926,0.92535806,0.7893554,0.89565533,0.8184804,0.8484192,0.9229004,0.9995113,0.7893554
CGCACCCCCCCCCCGCCT,0.019522803,0.0021868101,0.1584061,0.7880626,0.46289062,0.0378972,0.5058433,0.31805456,0.70841163,0.74567723,0.00021373386,0.013698333,0.44919083,0.4184109,0.55175745,0.022051543,0.39329904,0.14692025,0.28671905,0.43120825,0.0043589785,0.42252985,0.50545245,0.4728178,0.44324425,0.332353,0.7880626,0.00021373386
TGCACCGCCACCGCGGTT,0.00508034,0.007056491,0.07026699,0.14274766,0.009491978,0.026889125,0.2925145,0.059748527,0.27855027,0.5021311,0.00083286554,0.024116812,0.29864597,0.357026,0.29413277,0.07798262,0.37383097,0.14331366,0.17028771,0.2376838,0.025389217,0.22584714,0.23536651,0.31498015,0.24850976,0.17689693,0.5021311,0.00083286554
GGGATCCGGACAACTGCG,0.9774339,0.8498714,0.8412728,0.9763863,0.6878629,0.8134882,0.9068939,0.37862384,0.7739875,0.9197612,0.7398893,0.9141221,0.8677226,0.97769636,0.950061,0.5989315,0.7085292,0.5783357,0.5993761,0.5584422,0.592881,0.33084974,0.47783062,0.55989164,0.45365107,0.7213516,0.97769636,0.33084974
GGGAATCGGACATGAACG,0.942764,0.9361369,0.64438856,0.7926407,0.6414676,0.62874424,0.9302494,0.5025543,0.77931356,0.83244014,0.8663963,0.9349674,0.8889136,0.98256606,0.9128145,0.7637734,0.6180476,0.75476164,0.7461635,0.35004953,0.8380882,0.50535077,0.65464544,0.66070396,0.6837577,0.75166786,0.98256606,0.35004953
GGGAAACGGACATGTACG,0.9867235,0.97026104,0.7524369,0.9352299,0.8432327,0.70551485,0.9393483,0.6443557,0.8105679,0.9216305,0.8517599,0.93605125,0.86081153,0.9815165,0.93054515,0.74574167,0.69467026,0.8917182,0.84926546,0.46398073,0.8389514,0.6340392,0.7628634,0.7735876,0.78097224,0.820231,0.9867235,0.46398073
CGGGGACAGCCCAACGCA,0.9323595,0.92523676,0.9488951,0.96766174,0.97415733,0.8315778,0.8717199,0.87100947,0.97599787,0.89024544,0.74873006,0.9549652,0.92310584,0.98267066,0.98299557,0.7636588,0.86880773,0.8139179,0.83890307,0.9367561,0.54453236,0.5437844,0.75359976,0.78032124,0.7253297,0.85403764,0.98299557,0.5437844
GGCAATCGGTCATGTCCT,0.6873397,0.59265953,0.2386183,0.39395115,0.023971202,0.40312555,0.7581942,0.23745334,0.2380282,0.74032176,0.10759249,0.07915323,0.19093786,0.0044780355,0.0021215626,0.106067345,0.075324476,0.035514683,0.20481092,0.012771249,0.18811746,0.08641767,0.04738786,0.14695273,0.048424818,0.22598942,0.7581942,0.0021215626
GGGGGGGAACGTCATTTG,0.98555714,0.9626537,0.6465312,0.62784344,0.8925757,0.8240806,0.8139949,0.8033632,0.69259137,0.71004623,0.86851174,0.4235412,0.93747574,0.64232856,0.9110207,0.7090191,0.6096363,0.62714076,0.74656975,0.7635544,0.8414405,0.27654064,0.18649869,0.52623075,0.19090517,0.68878603,0.98555714,0.18649869
CGCACCCCCCCACCGCCT,0.16017975,0.011124316,0.26630002,0.90415704,0.5584895,0.06741155,0.5670949,0.39195395,0.7603551,0.8250023,0.001244694,0.025370391,0.46452188,0.4240801,0.58237445,0.051764008,0.5284439,0.26349053,0.33366793,0.5616882,0.009606082,0.43672484,0.52836275,0.5173319,0.48534685,0.38904345,0.90415704,0.001244694
GGGGGACAGCCCAACGCT,0.93780255,0.9404348,0.9414154,0.9461642,0.9695054,0.8016762,0.86389637,0.79703385,0.9443659,0.7827946,0.85802406,0.9805166,0.9585438,0.9985169,0.9942469,0.8020354,0.880919,0.84988225,0.87031436,0.9370787,0.7679455,0.5600206,0.7848658,0.79382056,0.73515946,0.86787915,0.9985169,0.5600206
GGGTGACAAAAACAAAAG,0.98808366,0.991741,0.97751033,0.99321127,0.9922696,0.92784554,0.9749701,0.8991203,0.9940614,0.8827875,0.9562406,0.9947852,0.98115176,0.9996538,0.99775434,0.92626584,0.96336305,0.97722805,0.955874,0.97763246,0.94018114,0.8756207,0.93007773,0.85598844,0.8785505,0.95327866,0.9996538,0.85598844
GGGTAACAACATCACTGT,0.9740591,0.9856706,0.7580768,0.95390207,0.8342554,0.88769937,0.8772087,0.7531287,0.96165216,0.8487807,0.86343217,0.9710246,0.8845005,0.99486,0.980759,0.82920307,0.863358,0.9060512,0.91028535,0.86590844,0.74596584,0.45565477,0.7478374,0.53901994,0.6381368,0.8412171,0.99486,0.45565477
CGGCCCCCGCCATGTCCC,0.27253994,0.083207,0.2720417,0.53964573,0.2573921,0.15603523,0.6500689,0.37371632,0.41259232,0.5835537,0.00058914896,0.06750914,0.47005457,0.36109844,0.21751964,0.04930335,0.18594402,0.038457777,0.19086081,0.17872661,0.012901438,0.24296342,0.16976966,0.34011665,0.22880234,0.2542164,0.6500689,0.00058914896
CGGCCCCCGCCACCGCCC,0.18370618,0.03271753,0.42204195,0.888934,0.683477,0.09996156,0.7201721,0.5881685,0.7204705,0.6477924,0.00048629876,0.089358516,0.5396776,0.48267382,0.740174,0.071435824,0.5294256,0.12628295,0.2766748,0.60349447,0.013282385,0.36781782,0.43940368,0.53392875,0.44443232,0.40983963,0.888934,0.00048629876
TGCACCGCCCCCGCGGCT,0.008412942,0.0025678056,0.075925216,0.2140536,0.016422383,0.037180137,0.275033,0.08756823,0.288756,0.56138486,9.536479e-05,0.010715602,0.2913127,0.35615364,0.20889056,0.025893286,0.22105847,0.075052746,0.14545491,0.1347937,0.01058592,0.23611136,0.20548403,0.30948895,0.23229058,0.16122743,0.56138486,9.536479e-05
CGGCCCCCGCCACCTCCC,0.4702369,0.118821606,0.44739836,0.92424893,0.6353394,0.17022303,0.77666676,0.4478404,0.74753106,0.7528807,0.0012112876,0.14341061,0.56547135,0.4908019,0.7631057,0.07917944,0.46072495,0.09879679,0.27686685,0.63487333,0.0123775,0.34423527,0.3898987,0.45978892,0.38833907,0.42401072,0.92424893,0.0012112876
GGGACACAAAAGCTAAAG,0.8615093,0.95200163,0.87575895,0.9861392,0.9640996,0.80890876,0.95767164,0.87008053,0.9630769,0.893627,0.8731048,0.9594166,0.9043431,0.98607934,0.9744987,0.8187502,0.86987966,0.9578514,0.9319284,0.8526655,0.84964484,0.8313754,0.8670389,0.8493193,0.8438969,0.90010667,0.9861392,0.80890876
ACGAGAGAGCAGACCACG,0.54624075,0.69432724,0.7627088,0.66466373,0.9172719,0.53451264,0.75028783,0.7937706,0.8686357,0.8211173,0.6379978,0.31848612,0.7574588,0.62456644,0.737388,0.7336057,0.7061864,0.9064112,0.89130735,0.7042721,0.6902147,0.7813355,0.82706344,0.8444634,0.8236935,0.73351943,0.9172719,0.31848612
ACGGGAGCGCAGACCGCG,0.07696158,0.46287295,0.588848,0.31346646,0.83329374,0.3965542,0.6725922,0.68422073,0.7505941,0.63106185,0.03363611,0.05147168,0.71293485,0.5117672,0.7674129,0.4134075,0.41609234,0.54389566,0.4337772,0.41470343,0.44838116,0.5126346,0.6845164,0.7782521,0.7424039,0.5150301,0.83329374,0.03363611
GGCGGACAGAGTCTAAAG,0.8047817,0.9771649,0.69702053,0.95846605,0.96759737,0.71601117,0.85819626,0.91377604,0.97103745,0.8657565,0.8317118,0.9082716,0.8840587,0.9809509,0.96800137,0.78576475,0.58299637,0.8320596,0.8410625,0.75932235,0.79382735,0.48920855,0.59415454,0.6976711,0.6549826,0.8133542,0.9809509,0.48920855
GGGAAACGGACATTAACG,0.93551546,0.9731833,0.81073314,0.9341355,0.90907705,0.66317147,0.92607707,0.74987555,0.87999105,0.94156235,0.88436955,0.9624747,0.90892726,0.98880553,0.9624437,0.83684707,0.8090377,0.93373686,0.8988108,0.74850327,0.86056006,0.7006669,0.8104626,0.78988564,0.80023825,0.8647636,0.98880553,0.66317147
CGGTAACAACCGAACGCA,0.99133104,0.98269624,0.93731505,0.9931543,0.96611035,0.9145881,0.9263706,0.8011279,0.9821193,0.9484009,0.78469974,0.85466886,0.84366846,0.9380428,0.94350725,0.79217243,0.8944507,0.9353492,0.9226912,0.9221269,0.5012772,0.6015824,0.76718354,0.71102566,0.7209581,0.8630647,0.9931543,0.5012772
GGGTAATAACACCACTGT,0.8327008,0.8103119,0.2998689,0.7455758,0.8365676,0.7775247,0.6740365,0.5676503,0.90147287,0.5462407,0.88587034,0.974498,0.89538395,0.9972228,0.9851272,0.82114923,0.87568617,0.9117705,0.9015257,0.8786123,0.7834532,0.42391133,0.7637719,0.4742306,0.5901457,0.76617223,0.9972228,0.2998689
GGGGGACAGCAGACCAAG,0.85249877,0.9655433,0.97531176,0.9555855,0.98799294,0.8427466,0.8953281,0.8840899,0.970015,0.74186563,0.90900046,0.9752664,0.96926725,0.9993031,0.9952332,0.8635032,0.8989744,0.8918925,0.89772767,0.9403651,0.89179635,0.72988665,0.8600148,0.8448358,0.82782584,0.9026348,0.9993031,0.72988665
TGCACCGCCACCGCAGTT,0.009279488,0.017429348,0.11195568,0.19823755,0.008903452,0.059553325,0.2839963,0.04376927,0.43180808,0.4868859,0.004519427,0.086439624,0.4542467,0.45637017,0.6654752,0.1695044,0.5610599,0.24436545,0.23474547,0.45028228,0.04154557,0.26894054,0.376968,0.37426844,0.3504819,0.25564125,0.6654752,0.004519427
TGGAGCGCCACAGCAGTT,0.47530708,0.44846302,0.53068227,0.5776448,0.101444975,0.258113,0.44325492,0.09131889,0.6499968,0.7076197,0.32883137,0.87714267,0.8506785,0.97606874,0.9650453,0.69715035,0.7460174,0.5306201,0.49346143,0.7711428,0.4045296,0.2893769,0.50085545,0.53514194,0.42290834,0.54691267,0.97606874,0.09131889
TGGAGCGAAACACAAGTA,0.9871081,0.8858805,0.9203467,0.9801815,0.8865318,0.9071113,0.9061564,0.57511574,0.93138677,0.8710093,0.91309816,0.9690891,0.9462342,0.99660397,0.98912394,0.90682757,0.9487235,0.95670044,0.9201503,0.9636208,0.85180926,0.7221375,0.8623245,0.7763544,0.807923,0.895262,0.99660397,0.57511574
GGGTAAGGACACCATTGT,0.929208,0.8893215,0.6744026,0.8434478,0.78291386,0.768151,0.8528025,0.43353322,0.79615796,0.7974283,0.9089452,0.9730716,0.9148405,0.9977906,0.9869297,0.79790294,0.8180127,0.8517846,0.9048117,0.8638003,0.8304838,0.40808457,0.63430977,0.5633184,0.49606296,0.7887007,0.9977906,0.40808457
GGCAGTCGGACATGAACT,0.8797686,0.8126825,0.6295885,0.7117131,0.27077562,0.4491753,0.86879516,0.31766742,0.7613802,0.7989899,0.671875,0.60928196,0.82756025,0.433647,0.530802,0.6538797,0.5129501,0.3897169,0.48162025,0.32164845,0.6243221,0.30746567,0.40107685,0.5218052,0.42889196,0.56868315,0.8797686,0.27077562
GGGGGAGAACGTCATTTG,0.9924768,0.9864906,0.7836596,0.92369807,0.9693255,0.91851723,0.86347705,0.8671023,0.8768103,0.810369,0.92988473,0.9300357,0.93812335,0.9950523,0.9840575,0.78114754,0.67420655,0.8090294,0.8750031,0.8168621,0.8700315,0.39171696,0.36722255,0.60169417,0.35704398,0.8125216,0.9950523,0.35704398
GGCAAACGGACACTAACG,0.957711,0.97921896,0.79803497,0.9825528,0.88941056,0.6056551,0.94108754,0.79680955,0.95055526,0.9628186,0.79667884,0.8349282,0.811076,0.88050103,0.9105355,0.80345476,0.8308932,0.93063855,0.87920874,0.7799031,0.6713136,0.7020821,0.7916523,0.8010582,0.77560335,0.8425354,0.9825528,0.6056551
AGGAGCAACAAACGTGAA,0.9628599,0.58841354,0.84222955,0.9656749,0.8668213,0.8182073,0.78655744,0.62475187,0.85071063,0.67192465,0.77861196,0.85781527,0.85016036,0.9134351,0.93924165,0.8731465,0.90175945,0.95266473,0.9346338,0.90658814,0.78220415,0.821125,0.85140675,0.84649783,0.84107983,0.8411408,0.9656749,0.58841354
AGGTAAGGACACAACACT,0.9040235,0.9570886,0.9045004,0.9335287,0.9611806,0.73287225,0.91156894,0.7161267,0.9263341,0.78123695,0.8750214,0.92964584,0.9271844,0.98102486,0.9689121,0.9081434,0.9240044,0.9499181,0.94820935,0.9536154,0.82834435,0.7616651,0.8642502,0.79612386,0.81545246,0.88639903,0.98102486,0.7161267
TGCATCCCCCCCCCGGCT,0.2105508,0.025871791,0.22953711,0.95051044,0.2907265,0.20663348,0.5369326,0.19362587,0.7498077,0.8321094,0.0005990472,0.0669062,0.43889076,0.53943324,0.6171834,0.04668662,0.36264843,0.06720831,0.23308644,0.28959793,0.0071677784,0.21681532,0.19464873,0.17278185,0.13331205,0.3045309,0.95051044,0.0005990472
GGGTAAGGACACAATAGG,0.88221055,0.9613725,0.8327218,0.8776897,0.93926954,0.76991636,0.90959543,0.6521267,0.8587787,0.80787444,0.92708695,0.9831974,0.95046127,0.99874264,0.9917563,0.8969542,0.9285895,0.9482571,0.94256675,0.93703985,0.901585,0.6850621,0.85203403,0.752848,0.8029679,0.8796281,0.99874264,0.6521267
CCCCCCGCCCCCCCGGCC,0.001443037,0.00041394206,0.122159176,0.24122168,0.09963466,0.015108291,0.26756895,0.24701592,0.39514148,0.3388095,6.259808e-06,0.000822281,0.34096617,0.3261711,0.30780327,0.013561997,0.27967358,0.059534915,0.20541276,0.16701269,0.0014849146,0.3972868,0.42694762,0.43597123,0.4049392,0.20384447,0.43597123,6.259808e-06
TGGAGCAAAACACAAGTA,0.9863259,0.88799024,0.9175596,0.9873458,0.9319404,0.858131,0.84966993,0.5456384,0.9293761,0.89577115,0.9025098,0.9611174,0.94295186,0.9946961,0.98639065,0.91738987,0.9562921,0.9662268,0.9465106,0.96670234,0.83999914,0.79256356,0.87798977,0.7963985,0.82338136,0.8984347,0.9946961,0.5456384
GGGATCCTGACAACTGCT,0.98256785,0.83970267,0.8708922,0.98337287,0.5017485,0.8193005,0.88499075,0.3552018,0.79485506,0.8881592,0.78707916,0.9450326,0.84817517,0.975244,0.8784869,0.4976597,0.43326494,0.25807127,0.5831959,0.31571078,0.48818332,0.18390943,0.2722534,0.29169977,0.18816829,0.63467693,0.98337287,0.18390943
CGGCCCCCGCCCCGGCCC,0.031161968,0.008613772,0.22762635,0.56671774,0.48815042,0.04932413,0.7462386,0.5269652,0.65926707,0.4477558,3.5137633e-05,0.017966127,0.45090172,0.4374014,0.39478186,0.028747685,0.27496716,0.06329422,0.18989885,0.2607298,0.0064753485,0.31634685,0.28052437,0.48119396,0.3808925,0.2934391,0.7462386,3.5137633e-05
AGGGGAGAGCACAACGCT,0.7439887,0.8207132,0.90269566,0.78909,0.9423767,0.72444063,0.8753166,0.7891496,0.8912095,0.6626738,0.89095294,0.928992,0.9450574,0.99414456,0.9851236,0.8877876,0.91450924,0.9215827,0.9195123,0.95553887,0.8840469,0.7810059,0.8658405,0.85068214,0.8404855,0.86827666,0.99414456,0.6626738
GGCGCACAGAGTCTAAAG,0.4931642,0.923329,0.32350087,0.90226704,0.9125883,0.61316633,0.8545582,0.8777249,0.9289151,0.8589336,0.67773193,0.8775127,0.7730387,0.9409561,0.9298209,0.6450986,0.43895632,0.6707689,0.6482385,0.6169884,0.5986172,0.436969,0.58414406,0.663449,0.64471775,0.71340615,0.9409561,0.32350087
TGGAGCGCCACAACAGTA,0.6548802,0.5722869,0.8139623,0.87705517,0.666002,0.6545894,0.58549064,0.24252462,0.7053245,0.85248566,0.80524373,0.95859313,0.9230961,0.98905766,0.9845372,0.80545694,0.9028573,0.8319525,0.65092003,0.92902374,0.60199326,0.4348792,0.7483942,0.651819,0.6520016,0.73977715,0.98905766,0.24252462
GGGAAACAGACTCCAACG,0.982881,0.9853067,0.8844207,0.99406683,0.9561638,0.72761154,0.9393961,0.8881084,0.9666718,0.9504731,0.83853835,0.95604044,0.8855785,0.9844637,0.9597538,0.85366684,0.79330873,0.9190644,0.9438871,0.8485096,0.78431493,0.7407005,0.8234222,0.80747235,0.78718764,0.88804024,0.99406683,0.72761154
CGCATCCCCCCCCCGCCT,0.09460523,0.009589169,0.17641085,0.91635686,0.4254485,0.07470655,0.53454936,0.28189996,0.7634161,0.764098,0.00055240816,0.028501824,0.44893137,0.43665472,0.5695862,0.028620567,0.31702456,0.063188665,0.21359894,0.25037515,0.0049098367,0.33243725,0.38411477,0.3344448,0.33494288,0.31155857,0.91635686,0.00055240816
TGGATCCCGACAGCTCCT,0.90811396,0.66684306,0.33400178,0.9165767,0.13663627,0.31348905,0.7092061,0.12838665,0.66545755,0.8359249,0.24693199,0.79662454,0.7666696,0.9312132,0.7579656,0.48025343,0.44286123,0.23552082,0.5169067,0.41511226,0.14200109,0.15736426,0.19967405,0.18814076,0.11141733,0.48013175,0.9312132,0.11141733
CGGACCCCGCCACCGCCT,0.6288726,0.08163923,0.45868543,0.93370605,0.7410084,0.20622368,0.7325696,0.54067534,0.77504575,0.77112156,0.0043068244,0.17868517,0.574206,0.50412965,0.7591817,0.11381416,0.576615,0.38772023,0.4305556,0.59581876,0.030408565,0.3748321,0.50532085,0.59165174,0.49184847,0.47954568,0.93370605,0.0043068244
CGGCCCCGGTCATGTCCC,0.28038138,0.09399925,0.32797205,0.34294143,0.05368761,0.17291534,0.853232,0.254488,0.2829174,0.6387654,0.0007919111,0.006879713,0.20773639,0.0033198805,0.0032785735,0.05542658,0.08803836,0.017149568,0.14005019,0.046995953,0.023793446,0.13183212,0.04686771,0.19951066,0.06946023,0.17369728,0.853232,0.0007919111
GGGAGGGAAAATCAAGTG,0.9488781,0.93002015,0.830262,0.81099117,0.78852737,0.8425278,0.9349204,0.80175626,0.878221,0.71207994,0.94330704,0.98340124,0.95967716,0.9992571,0.9917672,0.8581273,0.92283094,0.9339346,0.9363609,0.9153117,0.9460857,0.83945614,0.893562,0.84271216,0.8678246,0.892472,0.9992571,0.71207994
GGGGTGGGACATCATTTG,0.98393035,0.98278844,0.7821741,0.78102064,0.8458699,0.7160127,0.91624546,0.72933906,0.72801185,0.7636597,0.8897348,0.5842758,0.9422558,0.30974296,0.746121,0.7405558,0.44616756,0.2831833,0.59509814,0.584211,0.80351585,0.12300402,0.09181724,0.2642397,0.058826666,0.6276721,0.98393035,0.058826666
GGGGGACAGCCGACCAAA,0.9534712,0.9602558,0.97885126,0.9765673,0.98617834,0.8672503,0.8714744,0.83395195,0.9669727,0.86774504,0.85489976,0.9652303,0.96982974,0.9990458,0.9950933,0.7931784,0.8348519,0.85175586,0.8562453,0.9166444,0.8331721,0.62622553,0.82167447,0.8220446,0.78937644,0.88767946,0.9990458,0.62622553
GGGTAACAACAGCACACA,0.989704,0.9860854,0.9493861,0.9901855,0.96948344,0.8718974,0.9258676,0.84444267,0.98603237,0.9226392,0.89200294,0.9772546,0.9402161,0.9969419,0.987819,0.85687983,0.9105618,0.9437142,0.9220049,0.9118555,0.8185287,0.71697396,0.8522633,0.7792112,0.7845576,0.90906036,0.9969419,0.71697396
TGGAGCACCACACCTGTA,0.7786677,0.5147146,0.6866356,0.9496389,0.79674697,0.57544017,0.463808,0.20568793,0.7161682,0.88662976,0.686445,0.9257048,0.85694295,0.9762671,0.9714293,0.71428055,0.84206146,0.656246,0.7379678,0.8983487,0.34033853,0.30556476,0.64387137,0.499777,0.47441518,0.6841519,0.9762671,0.20568793
GGCAATCGGACATGTACT,0.93661594,0.85920006,0.46278924,0.82538056,0.20920935,0.45525083,0.84695965,0.32822955,0.6067901,0.8392666,0.66001153,0.59712255,0.61756945,0.48577243,0.28811407,0.44186947,0.3926554,0.38758677,0.43611446,0.0998604,0.48191297,0.24922027,0.3142504,0.41280752,0.36415812,0.5039486,0.93661594,0.0998604
GGCAGTCGGACACGAACT,0.9729089,0.9283167,0.8452318,0.93141174,0.54184675,0.46958956,0.9573749,0.46909216,0.89853805,0.8486141,0.68183225,0.72536707,0.85744244,0.87396806,0.88614136,0.7447924,0.79537886,0.6863697,0.555211,0.6883691,0.60956484,0.40613428,0.62097263,0.6644502,0.62078965,0.73118836,0.9729089,0.40613428
CGGACCCCGCCATCTCCT,0.4890431,0.08125319,0.29320186,0.73231226,0.4507048,0.30878252,0.58915377,0.27838933,0.5769955,0.74447036,0.010553166,0.21967489,0.56944335,0.47226238,0.64814687,0.09798033,0.2572464,0.16890849,0.3390386,0.43126157,0.02709757,0.2745608,0.30271384,0.405321,0.32599363,0.3637804,0.74447036,0.010553166
AGGAGCAAAAAAAAAGTA,0.9551829,0.7893185,0.89078987,0.95651907,0.92257375,0.8719101,0.8590348,0.55852276,0.8931623,0.8425518,0.8874067,0.9294972,0.9400933,0.96792984,0.9684576,0.89212227,0.9471105,0.9698371,0.9543487,0.94512564,0.92243034,0.94448256,0.9356355,0.9120086,0.92227805,0.9031331,0.9698371,0.55852276
GGGTAACAACACAACTGT,0.84729,0.9297404,0.70391953,0.84108454,0.8635404,0.8596314,0.80294156,0.66554296,0.91092277,0.6893915,0.88698786,0.9762664,0.9228416,0.99601275,0.9876,0.89371765,0.9278096,0.95476305,0.9385356,0.94143474,0.80605376,0.67037785,0.8325976,0.7271148,0.75664943,0.8533107,0.99601275,0.66554296
GGGTCACAAAGACAAAGG,0.9368979,0.9420827,0.38973662,0.9314411,0.93348575,0.89971066,0.92023337,0.6293874,0.9520887,0.8841839,0.8966383,0.9755024,0.9156469,0.99639326,0.9891718,0.9054963,0.94173914,0.9620098,0.93216425,0.94205797,0.8566385,0.7759662,0.86507344,0.79314804,0.81721216,0.8793644,0.99639326,0.38973662
TGCACCCCCCCCCCGCCT,0.022173833,0.00284603,0.16205162,0.783299,0.38827786,0.046151493,0.45151517,0.2291554,0.541368,0.757135,0.0003675831,0.0396588,0.47279683,0.48128137,0.65952075,0.03896498,0.5103868,0.20228992,0.33614412,0.59026146,0.005852396,0.33627814,0.44129595,0.33902973,0.34043428,0.32714146,0.783299,0.0003675831
GGCAGACGGACATTAACG,0.8750937,0.93865305,0.78454924,0.9237615,0.8571281,0.5897854,0.86856467,0.76667976,0.9284083,0.95481765,0.834289,0.89680475,0.8566864,0.94502944,0.9318103,0.76156086,0.7469627,0.8766219,0.7305844,0.7332489,0.7446756,0.5366967,0.70511866,0.72528994,0.72848403,0.80965215,0.95481765,0.5366967
GGGATTCGGACATCTACG,0.9773313,0.9196361,0.66194826,0.9234273,0.56632304,0.6882129,0.9152519,0.3444936,0.7417923,0.90130335,0.83071935,0.9027103,0.8704733,0.77308244,0.52600527,0.6551955,0.3520156,0.35284644,0.41502163,0.33013323,0.6152853,0.119825065,0.13735639,0.19363555,0.081359744,0.59181535,0.9773313,0.081359744
TGCACCGCCACCGCGGCT,0.011083171,0.0066633523,0.08122721,0.25989163,0.018375471,0.032559697,0.3019197,0.067127384,0.3164597,0.6187766,0.0008652976,0.024572574,0.35186118,0.39688623,0.36273214,0.065975666,0.3789062,0.14585719,0.17358202,0.24744911,0.025687661,0.2549663,0.29715168,0.36825618,0.31543347,0.20497069,0.6187766,0.0008652976
CCCCCCGCCCCCCCGGCT,0.002210969,0.00045041993,0.13000077,0.19233602,0.09677171,0.021920573,0.2577149,0.18575476,0.37332827,0.2880149,6.8046616e-06,0.00081686693,0.33376172,0.3207204,0.27842146,0.013561997,0.27967358,0.059534915,0.20541276,0.16701269,0.0014717801,0.38432354,0.40120023,0.42011458,0.39193022,0.19225869,0.42011458,6.8046616e-06
TGCATCCCCCCCCCGCCT,0.10465497,0.012028621,0.18278523,0.91476613,0.347803,0.10017676,0.48603785,0.2039346,0.61412185,0.8005797,0.0009819939,0.09220921,0.48616672,0.5523479,0.67419267,0.050893594,0.42273885,0.080046274,0.25135204,0.37332287,0.0068763588,0.2351907,0.24570172,0.18305072,0.15279007,0.30299005,0.91476613,0.0009819939
GGGGGACGGCACAACGGT,0.3441552,0.8003217,0.87813526,0.5918372,0.7887797,0.7942871,0.8496679,0.57953894,0.8762244,0.63031363,0.7897258,0.70706666,0.9556121,0.9925896,0.99307,0.8055522,0.8931736,0.84806234,0.69499767,0.90831006,0.82440805,0.57480377,0.73851794,0.80451643,0.7450368,0.7763482,0.99307,0.3441552
GGGTAATGACATCACTGT,0.93785095,0.9805867,0.50425535,0.8808084,0.80306023,0.80578846,0.8305793,0.6424281,0.9230088,0.72324455,0.8866868,0.97063935,0.8813445,0.99714494,0.9664616,0.73873377,0.48446998,0.6218436,0.821677,0.41656816,0.788726,0.20243403,0.3433759,0.24785165,0.1992399,0.7039523,0.99714494,0.1992399
GGGTGACAGAAGAAAAAT,0.9629218,0.9862,0.98160964,0.98458177,0.9892429,0.93148816,0.9309375,0.817757,0.98628765,0.8524735,0.95733494,0.9914646,0.9795324,0.99964774,0.99682784,0.9050645,0.948509,0.9551297,0.9299541,0.95786124,0.94576067,0.8550616,0.9189362,0.8393149,0.8770405,0.9392376,0.99964774,0.817757
GGGTTACTACGACCATCG,0.99204177,0.9778438,0.7115622,0.98505056,0.9106783,0.85135794,0.9400962,0.7457905,0.93971294,0.87485397,0.8556248,0.9722373,0.8841453,0.9949768,0.94830805,0.77374715,0.7093609,0.7501064,0.7735179,0.8422821,0.523652,0.11879649,0.19760203,0.14773814,0.068608426,0.7395877,0.9949768,0.068608426
CGGACCCGGTCATGTCCT,0.75716984,0.21815716,0.3799082,0.47412458,0.07373598,0.32388878,0.8557854,0.20243134,0.330796,0.79011786,0.0071151135,0.019696206,0.21998717,0.0071341037,0.0062209098,0.08622865,0.103564896,0.052361913,0.23183136,0.048375145,0.055765238,0.12995152,0.065495364,0.23319714,0.091488406,0.23058113,0.8557854,0.0062209098
AGGGAGGAAAATCAATTG,0.95402163,0.9590373,0.59145945,0.76358044,0.8923287,0.68615466,0.8656198,0.7929786,0.8079818,0.7220156,0.9186435,0.96964306,0.93321586,0.9944736,0.9789991,0.87174225,0.91826344,0.94004476,0.943382,0.92546,0.9215583,0.844038,0.8785209,0.832866,0.8617071,0.8707095,0.9944736,0.59145945
AGGAACAACGATCGTGAA,0.8850087,0.5779341,0.72929585,0.93442446,0.7003042,0.7009436,0.8106298,0.68612134,0.73217785,0.6256545,0.56552035,0.51524746,0.5722096,0.6741662,0.71757877,0.6855896,0.5038457,0.89254516,0.8687571,0.40051296,0.63680136,0.6504854,0.7644628,0.7652739,0.7786812,0.6949669,0.93442446,0.40051296
CGGCCTCGGTCATGTCCC,0.22260156,0.23254272,0.2804362,0.25539303,0.028694814,0.21151675,0.8626755,0.24127205,0.23971671,0.5834555,0.0021571934,0.006246671,0.13637763,0.00017215182,0.00043261828,0.05607757,0.05249174,0.0056382613,0.09244385,0.018872168,0.029152773,0.07180165,0.017814646,0.10176221,0.019190427,0.15075746,0.8626755,0.00017215182
TGGAGCGTAAAAAAAGTA,0.95885974,0.9021696,0.94460934,0.9576099,0.822046,0.85805565,0.9355495,0.563864,0.82609874,0.7957233,0.9323629,0.9739885,0.9609836,0.998067,0.9892699,0.87936646,0.93622607,0.9496204,0.8915863,0.94309103,0.91068083,0.7216326,0.8823132,0.69672453,0.8188193,0.8819727,0.998067,0.563864
CCCCCCGCCCCCGCGGTT,0.00036255587,0.00037250842,0.05494916,0.019846367,0.0060926345,0.007485316,0.1603422,0.0872859,0.12146958,0.14876689,2.6645823e-06,0.00043801533,0.17080633,0.24852729,0.066914134,0.013479823,0.20055,0.040364463,0.15303233,0.07608982,0.0015616697,0.3247741,0.2605345,0.38596156,0.35358614,0.11614384,0.38596156,2.6645823e-06
TGCATCGCCCCCGCGGCT,0.03953086,0.009348517,0.08360807,0.4606437,0.013310492,0.085750304,0.30828738,0.08782083,0.37252295,0.57174724,0.00025685556,0.020123884,0.2326039,0.20951612,0.09326422,0.049434565,0.16575706,0.040863745,0.10618984,0.07651794,0.013020378,0.14958654,0.08926357,0.1593294,0.07820993,0.14066032,0.57174724,0.00025685556
ACGAGAGCGCAGATCGCG,0.078053966,0.7797521,0.59338874,0.36803296,0.7346632,0.4320135,0.7035388,0.7054504,0.81169814,0.78582805,0.055620465,0.046832763,0.4442324,0.23875743,0.37599647,0.39970386,0.21039407,0.5713011,0.4998543,0.17535448,0.4269215,0.52985334,0.671058,0.7480114,0.7374013,0.48494855,0.81169814,0.046832763
CGGTGACAACCGCACGCA,0.9916774,0.96791935,0.95357984,0.9935257,0.9713165,0.9147456,0.93404216,0.8346541,0.99383914,0.96047276,0.7276192,0.9150952,0.8632018,0.96999246,0.96637976,0.60530466,0.8285422,0.77261555,0.7226217,0.8964256,0.35824415,0.3837931,0.68658406,0.62908226,0.60760707,0.81795526,0.99383914,0.35824415
GGCAGTCGGTCATGTACT,0.9152978,0.85771364,0.648177,0.61529,0.0806961,0.36149994,0.8776152,0.24128982,0.58793277,0.8357117,0.08311842,0.047685426,0.31520662,0.0007150358,0.0017051924,0.19367956,0.079159915,0.02862274,0.1790498,0.023922063,0.28631628,0.07517277,0.030465357,0.14050613,0.031365156,0.30151656,0.9152978,0.0007150358
GGGTAATAACGTCATTCG,0.9972562,0.9935207,0.57967407,0.980928,0.9584217,0.91883194,0.8726963,0.90049195,0.9421406,0.9071015,0.88000137,0.9685597,0.8141629,0.9960784,0.94384414,0.6838243,0.52935565,0.81922156,0.85069084,0.54924417,0.7561044,0.1557958,0.24414526,0.18976194,0.14267328,0.742981,0.9972562,0.14267328
TGCATCCCGCCACCGGCT,0.8625032,0.272109,0.38061383,0.9810088,0.2991372,0.4232889,0.6643305,0.33915243,0.82863617,0.8535794,0.0035412293,0.07740558,0.45438576,0.5248173,0.4805865,0.09003208,0.3783748,0.07297766,0.18035586,0.2110142,0.021878438,0.19240682,0.18295269,0.18963699,0.13758838,0.36409253,0.9810088,0.0035412293
CGCCCCCCGCCCCGGCCC,0.011835367,0.0031577072,0.132449,0.49619773,0.3028587,0.026007798,0.60401267,0.5198108,0.6280074,0.3931011,1.2612838e-05,0.0027159823,0.37995124,0.3690095,0.21996501,0.016133182,0.23058331,0.05142251,0.15941168,0.15868264,0.0028265803,0.35201862,0.3448888,0.45367774,0.39249706,0.2500494,0.6280074,1.2612838e-05
TGCCCCGCCCCCCCGGCT,0.01039856,0.0017867915,0.16310054,0.5070607,0.14190336,0.06476558,0.2927711,0.15412079,0.41098616,0.4688609,3.4722718e-05,0.011462824,0.40584522,0.43758658,0.4415195,0.027767463,0.3381454,0.05875644,0.19366841,0.36733416,0.00429616,0.25752422,0.19875774,0.27675208,0.19837308,0.21734314,0.5070607,3.4722718e-05
CGGGGACAGCCGACCGAA,0.916813,0.9045664,0.9562081,0.97893804,0.9735404,0.8698667,0.82847273,0.82938004,0.9722983,0.84507763,0.4131988,0.79983574,0.9045757,0.98063195,0.97598404,0.6969222,0.75604117,0.7893164,0.7872549,0.88194275,0.51031446,0.507369,0.7131269,0.77706033,0.7242882,0.8117209,0.98063195,0.4131988
GGCGGACGGACACTAACG,0.9544855,0.983388,0.9109146,0.97385305,0.96569806,0.5601936,0.92374474,0.8309871,0.96927613,0.9526685,0.82226866,0.9216283,0.92350286,0.9892782,0.9853887,0.81450826,0.8552221,0.8743961,0.7355518,0.9199179,0.74828553,0.5292772,0.73028135,0.76697844,0.7319541,0.85494596,0.9892782,0.5292772
TGCAGCACCACACCTGTA,0.49226046,0.26726663,0.4265555,0.9325502,0.56204844,0.43171427,0.42654878,0.22628467,0.76259387,0.87877107,0.32691866,0.59337,0.6968887,0.7967761,0.90387255,0.5160571,0.8022024,0.44689617,0.5092316,0.8372051,0.13485542,0.29529196,0.58770496,0.43777812,0.45972207,0.5500546,0.9325502,0.13485542
AGGTGAGGGCACAACGCT,0.75515187,0.88863426,0.88912565,0.777958,0.8827545,0.74031025,0.9024793,0.6732278,0.90182215,0.70986384,0.7842168,0.33020627,0.91912496,0.9081088,0.9304223,0.8021637,0.7973134,0.6988982,0.6920637,0.8835605,0.798936,0.473977,0.7151567,0.7054144,0.66333956,0.7689691,0.9304223,0.33020627
TGCACCCCCCCCGCGGCT,0.012500131,0.0043409923,0.10009671,0.42665097,0.045321267,0.04313736,0.35045096,0.103134766,0.38419488,0.6745314,9.4861505e-05,0.016197369,0.3549069,0.4259957,0.3966271,0.03097438,0.3268649,0.12138256,0.23560748,0.27015063,0.0067461655,0.27976242,0.29517508,0.31302232,0.28934908,0.22028863,0.6745314,9.4861505e-05
TGGAGCAAAAAAAATGTA,0.97508854,0.8363185,0.9231125,0.9738078,0.9250219,0.8699977,0.7929732,0.53963417,0.7943144,0.86961037,0.92116666,0.96424633,0.9527488,0.996455,0.9867197,0.9066175,0.953699,0.96856934,0.94692135,0.9516723,0.9074675,0.8654221,0.90175277,0.8068975,0.86389315,0.89576507,0.996455,0.53963417
TGGAGCAAAAAACAAGTA,0.9738214,0.7902767,0.8753083,0.9774166,0.9037797,0.8449048,0.8177558,0.57409775,0.9175058,0.8417659,0.91574585,0.96410304,0.95190704,0.9962809,0.98812044,0.91677445,0.9622564,0.9739533,0.9548331,0.96814775,0.8946007,0.8652138,0.90757763,0.8322616,0.865032,0.8989376,0.9962809,0.57409775
CGCCCCCCCCCCCCGGCT,0.013744666,0.0023474165,0.20594107,0.7582566,0.38884568,0.048484787,0.43807575,0.270074,0.72930586,0.54184866,2.1001995e-05,0.0054775756,0.42369726,0.4116889,0.5397654,0.01919797,0.3607516,0.07825061,0.25543997,0.41339824,0.0020988777,0.3922144,0.4293105,0.4319938,0.39229056,0.30210084,0.7582566,2.1001995e-05
GGCAAACGGACATGAACG,0.90089965,0.8760323,0.45689234,0.8710527,0.6492946,0.6041853,0.8645122,0.64843696,0.79924977,0.89976484,0.77023745,0.79191905,0.76372385,0.8461543,0.8476148,0.72988945,0.7657237,0.900957,0.8291299,0.51139796,0.72224563,0.70778686,0.7909684,0.8020292,0.79520005,0.7658119,0.900957,0.45689234
ACGGGACCGCCGATCGCG,0.17890076,0.88440454,0.69624573,0.6203201,0.9111158,0.4921884,0.736645,0.7429381,0.85380816,0.82603395,0.0027862778,0.088741995,0.51128393,0.3127372,0.506774,0.19640397,0.237885,0.40762043,0.361176,0.2576279,0.13710004,0.29079366,0.37253666,0.6391629,0.5431842,0.47233653,0.9111158,0.0027862778
GGCGGACAGAGTCTAATG,0.72012806,0.9700888,0.49814492,0.8930759,0.9457163,0.6676495,0.84991086,0.8690361,0.94751674,0.88035953,0.8017752,0.8716918,0.8397087,0.9528953,0.9252846,0.7855948,0.5317502,0.8202321,0.8311924,0.7312722,0.7426617,0.39071333,0.42915455,0.62013876,0.50578445,0.7608591,0.9700888,0.39071333
GGCCCTCGGTCATGTCCC,0.10686703,0.123000205,0.17908786,0.1550522,0.011769798,0.14671071,0.735441,0.20755798,0.15188147,0.5055051,0.001638272,0.008004308,0.13396935,0.00020428182,0.0003719882,0.050959237,0.05971309,0.007903058,0.10201875,0.016153576,0.03336036,0.07529646,0.019279143,0.104104035,0.019551847,0.11821604,0.735441,0.00020428182
TGCCCCCCCCCCCCGCCT,0.0072372197,0.0014176841,0.1725729,0.636787,0.38825294,0.034913357,0.3562739,0.23422638,0.41039994,0.4905273,6.0238635e-05,0.020647222,0.45782244,0.46909937,0.6211068,0.03594558,0.5184792,0.11179655,0.32080653,0.64077884,0.002686374,0.32351285,0.3425372,0.29516956,0.27581447,0.2867549,0.64077884,6.0238635e-05
CCCCCTCGGTCCCGTCCC,0.009327689,0.011323497,0.1697075,0.12210572,0.013989227,0.03165942,0.74772,0.20819266,0.2059001,0.310577,2.3051949e-05,0.00023904305,0.07325256,0.007751472,0.0011298861,0.01929129,0.09005902,0.008212834,0.10217656,0.019614574,0.0018597416,0.13815027,0.05048841,0.13066763,0.057267092,0.10122745,0.74772,2.3051949e-05
TCCCCCGCCCCCCCGGCT,0.0029509582,0.0005779782,0.11152346,0.14066091,0.082540646,0.027444473,0.21894562,0.1281494,0.22708459,0.25901926,1.1447197e-05,0.0017180821,0.32701907,0.3354257,0.21523379,0.013480674,0.26589033,0.04007227,0.17794742,0.14569557,0.0018573453,0.29667634,0.24376026,0.26748776,0.25145313,0.15130506,0.3354257,1.1447197e-05
AGGAACTACGATCGAGAA,0.85180324,0.6209779,0.5961077,0.89122194,0.66627926,0.6784038,0.7538484,0.7307227,0.840246,0.40983224,0.5785495,0.5756205,0.5686994,0.6950127,0.742424,0.68846935,0.51966035,0.87616247,0.8599555,0.44805115,0.6277893,0.53766716,0.73592323,0.672322,0.7517099,0.6766984,0.89122194,0.40983224
CGCCCTCGGTCCCGTCCC,0.048758112,0.051986195,0.2108962,0.36931595,0.02753433,0.05411429,0.86840594,0.28755337,0.3547409,0.46346027,7.6316865e-05,0.00083483406,0.11030397,0.0034973626,0.0011627411,0.023152454,0.076094784,0.0066488557,0.08212643,0.023710743,0.0046754098,0.1168627,0.035518564,0.13191514,0.04077181,0.13576469,0.86840594,7.6316865e-05
GGCAGACGGACTCTAACG,0.95794564,0.9902698,0.8945385,0.98446184,0.911246,0.5947012,0.94682115,0.887019,0.96949536,0.9744627,0.62511057,0.7989523,0.81165266,0.9129064,0.8933001,0.6945003,0.42622408,0.748509,0.67538184,0.6263118,0.57017696,0.39639047,0.5335462,0.65383756,0.59689313,0.7629861,0.9902698,0.39639047
AGGGGACCGCCGAACGCG,0.9502435,0.9725788,0.93073,0.9645991,0.97760415,0.7731389,0.9008178,0.81671005,0.9754284,0.8809252,0.07810207,0.7053231,0.87940043,0.9555646,0.96437293,0.6329894,0.74545,0.81346965,0.7128654,0.8330112,0.51059127,0.5126113,0.6986524,0.7793938,0.73214173,0.7878687,0.97760415,0.07810207
GGGGTATTACCAACATTG,0.966941,0.97619796,0.74550956,0.9377825,0.9591246,0.79255486,0.90677124,0.7470038,0.79003996,0.66376495,0.9259638,0.99067307,0.9478856,0.99889266,0.9870094,0.8201867,0.8166157,0.8166409,0.78218806,0.8737991,0.81172633,0.14698035,0.28594884,0.18255875,0.10314856,0.75903624,0.99889266,0.10314856
CCCCCTCCGCCCCGGCCC,0.0020397904,0.0020070863,0.09205331,0.12380379,0.09917085,0.013503167,0.5371429,0.38192806,0.30823576,0.23931095,9.335388e-06,0.0006509052,0.22060017,0.23615178,0.037388176,0.013553949,0.17640413,0.022246033,0.13270488,0.05350834,0.0013593672,0.29042363,0.2113065,0.2894055,0.26703656,0.1500778,0.5371429,9.335388e-06
GGGATAGTAACAACAGTG,0.96055174,0.96398526,0.8876803,0.9733958,0.85578173,0.75348854,0.93920517,0.58248436,0.8056473,0.82785875,0.9073568,0.97639364,0.9286931,0.9976839,0.980368,0.9071979,0.93174,0.9581582,0.94056255,0.90887254,0.88906807,0.5931579,0.8273064,0.62778205,0.7456402,0.86680245,0.9976839,0.58248436
GGGAGCGAAAAACAAGAG,0.97953856,0.8735629,0.9080342,0.9786522,0.9342471,0.92145383,0.9485796,0.7920648,0.95741737,0.68243486,0.938363,0.98948354,0.9650317,0.9985635,0.9935214,0.90125734,0.95081806,0.9674624,0.9440494,0.95988417,0.9373306,0.90467536,0.9269337,0.8984606,0.90042585,0.92608976,0.9985635,0.68243486
CCCCCTCGGTCCCGGCCC,0.0024083548,0.0023878147,0.10247387,0.06371444,0.018541247,0.015562353,0.67123973,0.30351868,0.15925485,0.310188,1.0088871e-05,0.0001268097,0.058839932,0.004950097,0.0009676938,0.016472772,0.09077682,0.008896959,0.10093531,0.017340764,0.0019924801,0.16133739,0.063657306,0.16996743,0.084862426,0.09721695,0.67123973,1.0088871e-05
GCCCCTCGGTCCCGGCCC,0.0024897805,0.0032216483,0.085784845,0.039399546,0.01535226,0.021464344,0.7061141,0.24123342,0.0772815,0.2332205,2.2353213e-05,0.00037025,0.085726276,0.0018471861,0.0006776629,0.014953365,0.08623251,0.008225058,0.08679033,0.017819664,0.0052384688,0.14047344,0.047033828,0.1738397,0.061705284,0.0862607,0.7061141,2.2353213e-05
GGGACACAGAGGACAAAG,0.66371435,0.82836384,0.64228225,0.9464449,0.9431481,0.85230786,0.8735255,0.71760345,0.911763,0.8694406,0.8587713,0.93934387,0.8891882,0.98464113,0.9626947,0.8457747,0.84767723,0.92641747,0.90066105,0.81338125,0.8634687,0.8305735,0.8680439,0.86691886,0.85875607,0.86019623,0.98464113,0.64228225
TGCCCCCCCCCCCCGGCC,0.009495521,0.0025768443,0.1992433,0.7913003,0.3308785,0.034446027,0.4037905,0.27757373,0.5137125,0.6223566,3.393942e-05,0.0153016895,0.4339131,0.4652857,0.6070143,0.033274513,0.45674288,0.094450995,0.2974041,0.5596074,0.002803877,0.31865263,0.31919608,0.30219707,0.28012955,0.29485527,0.7913003,3.393942e-05
AGGGGACGGCACAACGCT,0.7072323,0.8961144,0.9433629,0.86448365,0.92391264,0.70295733,0.92509097,0.6902845,0.9162383,0.79605544,0.7337896,0.7884781,0.9282728,0.9845304,0.9801972,0.80898976,0.8747785,0.8535076,0.7107214,0.9143855,0.78319436,0.63910764,0.8060645,0.8151816,0.7891402,0.83104277,0.9845304,0.63910764
GGGTGACAGAAGAAAAAA,0.9743447,0.9884533,0.98326844,0.986957,0.9909718,0.94698775,0.921668,0.8426552,0.98981607,0.9136322,0.9592346,0.9923036,0.9823686,0.99969566,0.9972255,0.9050645,0.948509,0.9551297,0.9299541,0.95786124,0.9494452,0.8753409,0.9284122,0.8544265,0.8874976,0.946449,0.99969566,0.8426552
GGGGGACGGCACAACGCT,0.7559575,0.928983,0.95740914,0.8570858,0.93265116,0.7700362,0.9108354,0.70289063,0.9205099,0.76895094,0.84600407,0.83255583,0.96522856,0.9959232,0.99392146,0.8194006,0.8919906,0.85087687,0.7150868,0.92416376,0.82846946,0.57107663,0.7704854,0.8061972,0.75159365,0.8427314,0.9959232,0.57107663
CGGACCCCGTCATGTCCT,0.61081105,0.21643123,0.2710968,0.51394266,0.12785102,0.28469616,0.7548031,0.20486526,0.40668887,0.76854354,0.006004378,0.07830861,0.30055732,0.09703494,0.03344026,0.07472022,0.12819958,0.062136766,0.2995128,0.089046,0.03100206,0.15444434,0.0990382,0.22898997,0.118699975,0.2384346,0.76854354,0.006004378
GGGGGACGACCCAACGCT,0.91967493,0.952211,0.960024,0.96278673,0.9741604,0.81629324,0.92188555,0.7158771,0.93328273,0.79502517,0.8732027,0.98260975,0.96358347,0.99866617,0.9950654,0.8048415,0.8966624,0.8862166,0.89324677,0.952645,0.7822631,0.56259334,0.79263437,0.7963294,0.7386366,0.87481666,0.99866617,0.56259334
CGGTAACAACCACACGCT,0.99451774,0.97763515,0.8967047,0.9941583,0.950663,0.81800866,0.91840684,0.7190935,0.9850348,0.8904781,0.78104454,0.8509423,0.8329707,0.9310662,0.9475355,0.7808964,0.89569634,0.9192269,0.91286856,0.9340015,0.40535897,0.55955803,0.749213,0.6685507,0.673842,0.8394989,0.99451774,0.40535897
GGGTAATAACATCACTCG,0.9929209,0.9943683,0.7594334,0.97714055,0.96403134,0.86636573,0.8725707,0.9093154,0.968495,0.824352,0.8888417,0.9763615,0.9018031,0.99736726,0.97955304,0.84682256,0.8151072,0.9014948,0.8950547,0.8356972,0.795582,0.33169252,0.6527211,0.33512518,0.43521377,0.82869714,0.99736726,0.33169252
GGGGTATGACATCATTTG,0.99310434,0.9950058,0.7845275,0.97397035,0.9737127,0.8758055,0.9375209,0.80067956,0.9134679,0.8348519,0.92861015,0.97827613,0.9146561,0.9841898,0.9098233,0.75716966,0.38325545,0.34815088,0.6899429,0.422505,0.7913869,0.093514964,0.09551105,0.13869047,0.043528304,0.70247436,0.9950058,0.043528304
GGGTAATGACACCATTTG,0.9629544,0.9743005,0.5737625,0.9225196,0.9514469,0.81769484,0.8764443,0.70268077,0.86566395,0.7426614,0.903293,0.97670007,0.8972857,0.99726963,0.98329014,0.74585116,0.69436306,0.7477117,0.8454741,0.70242405,0.77672535,0.21535616,0.40157261,0.27662408,0.22353536,0.7511042,0.99726963,0.21535616
GGGATACGGACATGTACG,0.99271464,0.97422224,0.7390821,0.9563402,0.81717616,0.72342926,0.9486797,0.59701854,0.81657463,0.92354256,0.85377645,0.91641825,0.8561409,0.9649703,0.82186824,0.7290618,0.6028055,0.7576851,0.67658794,0.343337,0.7710639,0.32444528,0.38816938,0.4845507,0.39816356,0.7351131,0.99271464,0.32444528
GGGTAACAACCACAATCT,0.9981406,0.9943186,0.9414974,0.99457264,0.96382666,0.9196004,0.9435491,0.7967696,0.9711156,0.93962693,0.9049582,0.98128575,0.9411973,0.9961625,0.9894103,0.87173384,0.91551787,0.949527,0.9426961,0.94794244,0.7693192,0.6436455,0.8218661,0.7104377,0.73507965,0.90335196,0.9981406,0.6436455
GGGTGACAACAGCACACA,0.990684,0.98632693,0.97647625,0.989356,0.9828262,0.915058,0.9413011,0.8417249,0.9912343,0.93542635,0.9199339,0.9903127,0.9629894,0.9990705,0.99460644,0.8592742,0.9241728,0.91795367,0.863524,0.9410519,0.850155,0.63143015,0.8424384,0.76084405,0.76698536,0.9110061,0.9990705,0.63143015
AGGAAGGGACATCCAAAA,0.80272,0.899602,0.895934,0.94835824,0.83952475,0.41055968,0.88617074,0.7509931,0.85530853,0.79369503,0.8528254,0.901018,0.9149224,0.9629529,0.9512098,0.8316668,0.7687013,0.8687605,0.9015581,0.7826025,0.85902184,0.79934514,0.85620147,0.834246,0.8391867,0.84028345,0.9629529,0.41055968
GGGATACTACGACCATTG,0.983002,0.9652547,0.59777766,0.9800175,0.8967222,0.8107887,0.9442836,0.7011132,0.9025361,0.83657926,0.84215873,0.9613888,0.84930116,0.9897073,0.9607697,0.79596204,0.77811813,0.8659462,0.8515805,0.7580565,0.66129845,0.26170087,0.4470856,0.36227393,0.33350194,0.773477,0.9897073,0.26170087
AGGAAGGGACATCAAGAA,0.89691323,0.9430165,0.9038184,0.94137025,0.8038159,0.6945483,0.93780994,0.7647959,0.86938983,0.77986544,0.85626364,0.8812222,0.9060366,0.96163553,0.9484461,0.8526894,0.8209591,0.9016615,0.91085166,0.7748599,0.877649,0.82482153,0.8637201,0.8443123,0.8588635,0.8647735,0.96163553,0.6945483
GGGACACAAAGACAAAAG,0.96147215,0.9650297,0.8149748,0.98683923,0.9762764,0.9141817,0.9720341,0.8338987,0.9814658,0.9046374,0.89968586,0.96801996,0.9318627,0.98951703,0.9819402,0.9046438,0.9269904,0.973921,0.9581582,0.9336763,0.8847182,0.8875481,0.90633845,0.89096516,0.8837715,0.9293026,0.98951703,0.8149748
CGGATCCCGCCACCGCCT,0.9064364,0.30272847,0.52886873,0.9755676,0.7093124,0.34987855,0.78489614,0.4397978,0.8252412,0.80551416,0.0143664805,0.365351,0.64514315,0.65968907,0.79862577,0.13825992,0.47918808,0.14988118,0.3070871,0.36289695,0.03914323,0.27785274,0.33770487,0.4077151,0.33503786,0.4778474,0.9755676,0.0143664805
GGCAATCGGACATGAACG,0.8425663,0.83102417,0.3972153,0.737127,0.3500117,0.48869103,0.87155,0.47421426,0.73396945,0.82076067,0.72699445,0.7533287,0.7325963,0.7876173,0.6953071,0.6161065,0.56145054,0.61210376,0.58359134,0.21165977,0.6305911,0.43562227,0.61636925,0.6132888,0.6715939,0.631814,0.87155,0.21165977
AGGGGGGGAAATCAATTG,0.9514206,0.9705024,0.85660416,0.76244134,0.9321532,0.6707472,0.9295347,0.7682331,0.8521952,0.75496197,0.9335572,0.7451662,0.95767057,0.969483,0.98450667,0.8281272,0.79805773,0.8440016,0.8766187,0.89243066,0.9332075,0.67947686,0.7575888,0.7801661,0.76970714,0.8479424,0.98450667,0.6707472
GGGACACAGAGACTAAAG,0.884576,0.94546354,0.5563545,0.9598851,0.9544446,0.7944373,0.92771244,0.86519957,0.9460475,0.9096654,0.8727036,0.9543362,0.89089894,0.98553,0.9714164,0.87142307,0.84407735,0.94271106,0.9231545,0.86687464,0.8442431,0.78466725,0.8410941,0.83337396,0.8284495,0.8799496,0.98553,0.5563545
